u,v,unweighted_hops,weighted_cost,path_length_sum,euclidean,tortuosity
0,1,inf,inf,inf,837.8174025406729,inf
0,2,inf,inf,inf,585.9701357577876,inf
0,3,inf,inf,inf,795.6965501998861,inf
0,4,inf,inf,inf,707.7584333655093,inf
0,5,inf,inf,inf,763.4821543428503,inf
0,6,inf,inf,inf,466.460073318178,inf
0,7,inf,inf,inf,761.3212199853621,inf
0,8,inf,inf,inf,519.6431467844063,inf
0,9,inf,inf,inf,627.6941930590086,inf
0,10,inf,inf,inf,1143.7875676890355,inf
0,11,inf,inf,inf,395.4099138868422,inf
0,12,inf,inf,inf,336.48774123287166,inf
0,13,inf,inf,inf,320.0562450570212,inf
0,14,inf,inf,inf,811.1405550211381,inf
0,15,inf,inf,inf,522.396401212719,inf
0,16,inf,inf,inf,850.3599237969767,inf
0,17,inf,inf,inf,700.162838202657,inf
0,18,inf,inf,inf,737.7513131130299,inf
0,19,inf,inf,inf,147.96283317103658,inf
0,20,inf,inf,inf,829.6872904896157,inf
0,21,inf,inf,inf,346.87894141904894,inf
0,22,inf,inf,inf,659.6620346813966,inf
0,23,inf,inf,inf,1053.5297812591725,inf
0,24,inf,inf,inf,1037.8289839853192,inf
0,25,inf,inf,inf,354.0127116361784,inf
0,26,inf,inf,inf,357.1456285606755,inf
0,27,inf,inf,inf,1076.3280169167763,inf
0,28,inf,inf,inf,712.4043795485819,inf
0,29,inf,inf,inf,971.4072266562566,inf
0,30,inf,inf,inf,480.6672445673826,inf
0,31,inf,inf,inf,899.7710819980824,inf
0,32,inf,inf,inf,236.1778990506944,inf
0,33,inf,inf,inf,678.8725948217383,inf
0,34,inf,inf,inf,594.4451194181007,inf
0,35,inf,inf,inf,805.4495639082561,inf
0,36,inf,inf,inf,355.613554297358,inf
0,37,inf,inf,inf,813.1820214441536,inf
0,38,inf,inf,inf,1018.132604330104,inf
0,39,inf,inf,inf,890.3510543600204,inf
0,40,inf,inf,inf,427.87030745308795,inf
0,41,inf,inf,inf,309.69016774834813,inf
0,42,inf,inf,inf,1067.5916822456047,inf
0,43,inf,inf,inf,882.8006570002086,inf
0,44,inf,inf,inf,525.480732282355,inf
0,45,inf,inf,inf,1102.33071262666,inf
0,46,inf,inf,inf,429.22837744026197,inf
0,47,inf,inf,inf,545.3668490108287,inf
0,48,inf,inf,inf,1056.3526873161254,inf
0,49,inf,inf,inf,1108.5846832786387,inf
0,50,inf,inf,inf,276.1593742750733,inf
0,51,inf,inf,inf,920.5460336126597,inf
0,52,inf,inf,inf,870.0005747124538,inf
0,53,inf,inf,inf,385.75251133336775,inf
0,54,inf,inf,inf,799.0018773444779,inf
0,55,inf,inf,inf,836.8094167730188,inf
0,56,inf,inf,inf,1099.6294830532693,inf
0,57,inf,inf,inf,1024.0825162065798,inf
0,58,inf,inf,inf,877.542591558951,inf
0,59,inf,inf,inf,150.57224179774968,inf
0,60,inf,inf,inf,451.2936959453345,inf
0,61,inf,inf,inf,687.5885397532452,inf
0,62,inf,inf,inf,622.3391358415442,inf
0,63,inf,inf,inf,1147.9311826063442,inf
0,64,inf,inf,inf,729.6033168784254,inf
0,65,inf,inf,inf,331.3608305156178,inf
0,66,inf,inf,inf,926.3109629060858,inf
0,67,inf,inf,inf,561.1434754142651,inf
0,68,3.0,205.0488,205.048773235279,129.71121771072848,1.580809870219261
0,69,inf,inf,inf,1033.2569864269005,inf
0,70,inf,inf,inf,554.6548476304881,inf
0,71,inf,inf,inf,868.9056335414106,inf
0,72,inf,inf,inf,1079.0597759160519,inf
0,73,inf,inf,inf,933.1162842861547,inf
0,74,inf,inf,inf,847.8519918004557,inf
0,75,inf,inf,inf,574.3448441485307,inf
0,76,inf,inf,inf,1015.2162331247467,inf
0,77,inf,inf,inf,169.5228598154243,inf
0,78,inf,inf,inf,976.1357487562885,inf
0,79,inf,inf,inf,514.1867365072732,inf
0,80,inf,inf,inf,593.9023488756379,inf
0,81,inf,inf,inf,632.3962365479415,inf
0,82,inf,inf,inf,741.946763588871,inf
0,83,inf,inf,inf,459.26027478979717,inf
0,84,inf,inf,inf,1130.862502694293,inf
0,85,inf,inf,inf,846.1264680885477,inf
0,86,inf,inf,inf,361.55359215474544,inf
0,87,inf,inf,inf,992.9859012090756,inf
0,88,inf,inf,inf,611.6510443054929,inf
0,89,inf,inf,inf,235.30618351416098,inf
0,90,inf,inf,inf,999.0500487963553,inf
0,91,inf,inf,inf,728.7173663362223,inf
0,92,inf,inf,inf,284.9719284420836,inf
0,93,inf,inf,inf,844.3044474595642,inf
0,94,inf,inf,inf,1139.1861129771553,inf
0,95,inf,inf,inf,828.0585728075038,inf
0,96,inf,inf,inf,736.4299016199709,inf
0,97,inf,inf,inf,248.69660230891776,inf
0,98,inf,inf,inf,438.79949863234805,inf
0,99,inf,inf,inf,487.25865820937446,inf
0,100,inf,inf,inf,612.3348757011967,inf
0,101,inf,inf,inf,1019.5459773840511,inf
0,102,inf,inf,inf,728.135289626866,inf
0,103,inf,inf,inf,930.5503747782814,inf
0,104,inf,inf,inf,798.3263743607623,inf
0,105,inf,inf,inf,512.275316602313,inf
0,106,inf,inf,inf,171.04970037974343,inf
0,107,inf,inf,inf,476.7242389474234,inf
0,108,inf,inf,inf,921.1758789720886,inf
0,109,inf,inf,inf,818.6971356979332,inf
0,110,inf,inf,inf,765.3456735358213,inf
0,111,inf,inf,inf,665.438952872463,inf
0,112,inf,inf,inf,622.0297420541883,inf
0,113,inf,inf,inf,200.81085628023203,inf
0,114,inf,inf,inf,238.949785519887,inf
0,115,inf,inf,inf,192.92485583770693,inf
0,116,inf,inf,inf,883.5298523536146,inf
0,117,inf,inf,inf,1036.8264078427014,inf
0,118,inf,inf,inf,544.0036764581652,inf
0,119,inf,inf,inf,1132.258804337595,inf
0,120,inf,inf,inf,447.3935627610214,inf
0,121,inf,inf,inf,503.2573894142042,inf
0,122,inf,inf,inf,757.2423654286652,inf
0,123,inf,inf,inf,311.58947350640716,inf
0,124,inf,inf,inf,378.2089369647417,inf
0,125,inf,inf,inf,472.92494119045995,inf
0,126,inf,inf,inf,334.2409310661996,inf
0,127,inf,inf,inf,800.5123359449248,inf
0,128,inf,inf,inf,794.6930224935916,inf
0,129,inf,inf,inf,732.9345127635893,inf
0,130,inf,inf,inf,340.5950674921761,inf
0,131,inf,inf,inf,339.365584583941,inf
0,132,inf,inf,inf,542.8848865091015,inf
0,133,inf,inf,inf,635.0590523722971,inf
0,134,inf,inf,inf,366.43143969916116,inf
0,135,inf,inf,inf,457.4407065402029,inf
0,136,inf,inf,inf,453.3486517019765,inf
0,137,inf,inf,inf,424.34891304208617,inf
0,138,inf,inf,inf,711.6319273332247,inf
0,139,inf,inf,inf,962.8291644938888,inf
0,140,inf,inf,inf,654.6151541172875,inf
0,141,inf,inf,inf,512.0908122589195,inf
0,142,inf,inf,inf,293.00170647967224,inf
0,143,inf,inf,inf,827.1958655602674,inf
1,2,inf,inf,inf,530.6345258273344,inf
1,3,inf,inf,inf,588.2388970477896,inf
1,4,inf,inf,inf,465.12363947664494,inf
1,5,inf,inf,inf,1128.8582727694386,inf
1,6,inf,inf,inf,420.8336963694804,inf
1,7,inf,inf,inf,110.65260954898443,inf
1,8,inf,inf,inf,494.2924235713107,inf
1,9,inf,inf,inf,226.0486673263083,inf
1,10,inf,inf,inf,380.3261758017715,inf
1,11,inf,inf,inf,559.5578611725512,inf
1,12,inf,inf,inf,1162.288260286578,inf
1,13,inf,inf,inf,609.4341637945809,inf
1,14,inf,inf,inf,126.60568707605516,inf
1,15,inf,inf,inf,350.051424793558,inf
1,16,inf,inf,inf,299.5496619927988,inf
1,17,inf,inf,inf,465.55987799637546,inf
1,18,inf,inf,inf,1150.3064808997644,inf
1,19,inf,inf,inf,756.0429881957772,inf
1,20,inf,inf,inf,41.86884283091664,inf
1,21,inf,inf,inf,511.77045635714455,inf
1,22,inf,inf,inf,477.33007447677124,inf
1,23,inf,inf,inf,263.2736219221364,inf
1,24,inf,inf,inf,874.625062526795,inf
1,25,inf,inf,inf,598.3886696788301,inf
1,26,inf,inf,inf,531.6587251235514,inf
1,27,inf,inf,inf,792.8303727784399,inf
1,28,inf,inf,inf,396.8904130865345,inf
1,29,inf,inf,inf,420.9251714972627,inf
1,30,inf,inf,inf,1213.2786159823308,inf
1,31,inf,inf,inf,449.3840228579561,inf
1,32,inf,inf,inf,691.3826726205973,inf
1,33,inf,inf,inf,276.5248632582611,inf
1,34,inf,inf,inf,245.44856895080892,inf
1,35,inf,inf,inf,150.88074761214565,inf
1,36,inf,inf,inf,505.0,inf
1,37,inf,inf,inf,423.30249231489296,inf
1,38,inf,inf,inf,200.25983121934362,inf
1,39,inf,inf,inf,221.06333933965624,inf
1,40,inf,inf,inf,456.31677593531447,inf
1,41,inf,inf,inf,742.5967950375224,inf
1,42,inf,inf,inf,387.73444520702566,inf
1,43,inf,inf,inf,164.93938280471406,inf
1,44,inf,inf,inf,809.8913507378628,inf
1,45,inf,inf,inf,647.7846864506755,inf
1,46,inf,inf,inf,547.4422343955571,inf
1,47,inf,inf,inf,293.8996427354072,inf
1,48,inf,inf,inf,298.4845054605012,inf
1,49,inf,inf,inf,699.5212648661941,inf
1,50,inf,inf,inf,599.3413051008582,inf
1,51,inf,inf,inf,120.20399327809372,inf
1,52,inf,inf,inf,545.2017975025394,inf
1,53,inf,inf,inf,1202.863666422758,inf
1,54,inf,inf,inf,485.02577251111103,inf
1,55,inf,inf,inf,176.82759965570986,inf
1,56,inf,inf,inf,268.6428856307198,inf
1,57,inf,inf,inf,187.1069213043708,inf
1,58,inf,inf,inf,116.81181447096864,inf
1,59,inf,inf,inf,698.4969577600177,inf
1,60,inf,inf,inf,805.2626900583437,inf
1,61,inf,inf,inf,1165.9039411546732,inf
1,62,inf,inf,inf,1195.1518731943652,inf
1,63,inf,inf,inf,479.8541445064323,inf
1,64,inf,inf,inf,464.1691502028113,inf
1,65,inf,inf,inf,1105.232102320594,inf
1,66,inf,inf,inf,863.7650143412849,inf
1,67,inf,inf,inf,378.89312477267254,inf
1,68,inf,inf,inf,873.3252544155586,inf
1,69,inf,inf,inf,235.01914815605983,inf
1,70,inf,inf,inf,747.1813702174326,inf
1,71,inf,inf,inf,752.909689139408,inf
1,72,inf,inf,inf,275.7970268150112,inf
1,73,inf,inf,inf,1009.6435014399884,inf
1,74,inf,inf,inf,386.46733367776375,inf
1,75,inf,inf,inf,285.87060009731675,inf
1,76,inf,inf,inf,910.1175748220666,inf
1,77,inf,inf,inf,691.4853577625487,inf
1,78,inf,inf,inf,678.870385272476,inf
1,79,inf,inf,inf,539.0751339099216,inf
1,80,inf,inf,inf,564.2783001321245,inf
1,81,inf,inf,inf,322.8203834952186,inf
1,82,inf,inf,inf,374.1724201487865,inf
1,83,inf,inf,inf,1154.0857853729938,inf
1,84,inf,inf,inf,311.4161203277698,inf
1,85,inf,inf,inf,1087.1504035780881,inf
1,86,inf,inf,inf,558.1621628165062,inf
1,87,inf,inf,inf,390.4932777910524,inf
1,88,inf,inf,inf,245.08161905781512,inf
1,89,inf,inf,inf,609.7253480051489,inf
1,90,inf,inf,inf,290.69743720920553,inf
1,91,inf,inf,inf,749.9926666308145,inf
1,92,inf,inf,inf,596.560977604134,inf
1,93,inf,inf,inf,565.2397721321457,inf
1,94,inf,inf,inf,582.6396828229261,inf
1,95,inf,inf,inf,1101.4413284419647,inf
1,96,inf,inf,inf,257.38881094561975,inf
1,97,inf,inf,inf,599.9533315183774,inf
1,98,inf,inf,inf,1214.562060991533,inf
1,99,inf,inf,inf,1216.0810005916546,inf
1,100,inf,inf,inf,874.8051211555634,inf
1,101,inf,inf,inf,910.7359661284933,inf
1,102,inf,inf,inf,174.10628937519746,inf
1,103,inf,inf,inf,542.9493530707998,inf
1,104,inf,inf,inf,57.55866572463264,inf
1,105,inf,inf,inf,904.4335243676011,inf
1,106,inf,inf,inf,686.2215385719105,inf
1,107,inf,inf,inf,713.4199324381118,inf
1,108,inf,inf,inf,290.73871431235295,inf
1,109,inf,inf,inf,420.42954225410944,inf
1,110,inf,inf,inf,693.7578828380979,inf
1,111,inf,inf,inf,262.8402556687236,inf
1,112,inf,inf,inf,870.8691061233026,inf
1,113,inf,inf,inf,851.2819744362029,inf
1,114,inf,inf,inf,606.1328237276051,inf
1,115,inf,inf,inf,1001.5517959646421,inf
1,116,inf,inf,inf,187.3846311734236,inf
1,117,inf,inf,inf,518.3676301622238,inf
1,118,inf,inf,inf,670.0223876856653,inf
1,119,inf,inf,inf,311.004823113726,inf
1,120,inf,inf,inf,669.9440275127467,inf
1,121,inf,inf,inf,981.0739013958123,inf
1,122,inf,inf,inf,445.5760316713636,inf
1,123,inf,inf,inf,527.8503575825255,inf
1,124,inf,inf,inf,484.0247927534291,inf
1,125,inf,inf,inf,367.96738985948195,inf
1,126,inf,inf,inf,550.8475288135547,inf
1,127,inf,inf,inf,156.85024705112835,inf
1,128,inf,inf,inf,326.4429506054618,inf
1,129,inf,inf,inf,474.4733922992943,inf
1,130,inf,inf,inf,498.07730323715816,inf
1,131,inf,inf,inf,1143.3394071753146,inf
1,132,inf,inf,inf,355.37304343464206,inf
1,133,inf,inf,inf,224.66419385384935,inf
1,134,inf,inf,inf,1193.5233554480617,inf
1,135,inf,inf,inf,601.9451802282331,inf
1,136,inf,inf,inf,1002.237995687651,inf
1,137,inf,inf,inf,1056.8680144653824,inf
1,138,inf,inf,inf,130.26895255585654,inf
1,139,inf,inf,inf,979.8622352147265,inf
1,140,inf,inf,inf,832.0606949015198,inf
1,141,inf,inf,inf,1153.5965499254928,inf
1,142,inf,inf,inf,646.578688173373,inf
1,143,inf,inf,inf,626.6234914204861,inf
2,3,inf,inf,inf,213.11499243366245,inf
2,4,inf,inf,inf,135.20724832641184,inf
2,5,inf,inf,inf,1217.726570294005,inf
2,6,inf,inf,inf,514.2859126983744,inf
2,7,inf,inf,inf,419.98690455774926,inf
2,8,inf,inf,inf,85.61541917201598,inf
2,9,inf,inf,inf,471.1698207652948,inf
2,10,inf,inf,inf,910.9560911481958,inf
2,11,inf,inf,inf,607.1457815055624,inf
2,12,inf,inf,inf,819.0268615863585,inf
2,13,inf,inf,inf,591.0744453958401,inf
2,14,inf,inf,inf,425.19877704433725,inf
2,15,inf,inf,inf,490.20913904169515,inf
2,16,inf,inf,inf,747.3988225840337,inf
2,17,inf,inf,inf,128.03515142334936,inf
2,18,inf,inf,inf,1213.1982525539674,inf
2,19,inf,inf,inf,607.0074134637896,inf
2,20,inf,inf,inf,496.2358310319802,inf
2,21,inf,inf,inf,476.1554368060917,inf
2,22,inf,inf,inf,87.11486669908874,inf
2,23,inf,inf,inf,793.4582534702125,inf
2,24,inf,inf,inf,1220.5654427354561,inf
2,25,inf,inf,inf,610.7208855115404,inf
2,26,inf,inf,inf,257.9922479455536,inf
2,27,inf,inf,inf,1187.7461850075545,inf
2,28,inf,inf,inf,174.86280336309378,inf
2,29,inf,inf,inf,423.60476862282843,inf
2,30,inf,inf,inf,1063.345663460382,inf
2,31,inf,inf,inf,876.8722826044851,inf
2,32,inf,inf,inf,608.3066660821662,inf
2,33,inf,inf,inf,601.3094045497709,inf
2,34,inf,inf,inf,418.5235955116509,inf
2,35,inf,inf,inf,612.9437168288782,inf
2,36,inf,inf,inf,478.750456918842,inf
2,37,inf,inf,inf,253.144227664784,inf
2,38,inf,inf,inf,725.7058632807097,inf
2,39,inf,inf,inf,433.3358974283114,inf
2,40,inf,inf,inf,512.1113160241629,inf
2,41,inf,inf,inf,711.3177911454204,inf
2,42,inf,inf,inf,905.0419879762485,inf
2,43,inf,inf,inf,671.662117437034,inf
2,44,inf,inf,inf,896.9085795107549,inf
2,45,inf,inf,inf,1104.1775219592182,inf
2,46,inf,inf,inf,625.7363662118416,inf
2,47,inf,inf,inf,401.78103489338565,inf
2,48,inf,inf,inf,592.9856659313107,inf
2,49,inf,inf,inf,1141.511716978849,inf
2,50,inf,inf,inf,527.2769670675934,inf
2,51,inf,inf,inf,537.1405775027614,inf
2,52,inf,inf,inf,924.9454037941915,inf
2,53,inf,inf,inf,962.44376459095,inf
2,54,inf,inf,inf,844.2777978840851,inf
2,55,inf,inf,inf,410.3425398371463,inf
2,56,inf,inf,inf,708.0706179471084,inf
2,57,inf,inf,inf,687.8909797344344,inf
2,58,inf,inf,inf,487.2719979641761,inf
2,59,inf,inf,inf,525.0152378741021,inf
2,60,inf,inf,inf,848.3613616849839,inf
2,61,inf,inf,inf,1190.1533514635835,inf
2,62,inf,inf,inf,1161.3031473306185,inf
2,63,inf,inf,inf,998.8938882584075,inf
2,64,inf,inf,inf,156.20499351813308,inf
2,65,inf,inf,inf,715.1370498023439,inf
2,66,inf,inf,inf,1157.4044236998577,inf
2,67,inf,inf,inf,173.04623659588788,inf
2,68,inf,inf,inf,691.1237226430591,inf
2,69,inf,inf,inf,764.7672848651412,inf
2,70,inf,inf,inf,219.91134577370036,inf
2,71,inf,inf,inf,1058.596240310724,inf
2,72,inf,inf,inf,649.8961455494255,inf
2,73,inf,inf,inf,1247.3560037134546,inf
2,74,inf,inf,inf,805.710866254142,inf
2,75,inf,inf,inf,298.23648334836565,inf
2,76,inf,inf,inf,1231.0276195114388,inf
2,77,inf,inf,inf,421.36089044903065,inf
2,78,inf,inf,inf,1066.8280086311945,inf
2,79,inf,inf,inf,72.00694410957877,inf
2,80,inf,inf,inf,35.34119409414458,inf
2,81,inf,inf,inf,208.67678356731494,inf
2,82,inf,inf,inf,729.8506696578418,inf
2,83,inf,inf,inf,1032.455810192378,inf
2,84,inf,inf,inf,829.1182062890671,inf
2,85,inf,inf,inf,1243.1544554076938,inf
2,86,inf,inf,inf,234.03418553707064,inf
2,87,inf,inf,inf,880.796230691299,inf
2,88,inf,inf,inf,324.7768464653846,inf
2,89,inf,inf,inf,474.6472374300729,inf
2,90,inf,inf,inf,809.5875493113762,inf
2,91,inf,inf,inf,247.1113109511582,inf
2,92,inf,inf,inf,534.6550289672772,inf
2,93,inf,inf,inf,258.36601943754135,inf
2,94,inf,inf,inf,1073.3172876647427,inf
2,95,inf,inf,inf,1240.6449935416658,inf
2,96,inf,inf,inf,288.6693610343848,inf
2,97,inf,inf,inf,480.3176032585106,inf
2,98,inf,inf,inf,1024.7233773072614,inf
2,99,inf,inf,inf,1069.4157283301943,inf
2,100,inf,inf,inf,345.09274115808347,inf
2,101,inf,inf,inf,1233.5724542968685,inf
2,102,inf,inf,inf,356.72117963473937,inf
2,103,inf,inf,inf,955.2324324477263,inf
2,104,inf,inf,inf,473.0919572345317,inf
2,105,inf,inf,inf,947.60170958056,inf
2,106,inf,inf,inf,532.6847097486467,inf
2,107,inf,inf,inf,800.3905296791061,inf
2,108,inf,inf,inf,426.64270766063726,inf
2,109,inf,inf,inf,811.8435809932847,inf
2,110,inf,inf,inf,228.26519664635694,inf
2,111,inf,inf,inf,268.15294143454776,inf
2,112,inf,inf,inf,340.58772731852804,inf
2,113,inf,inf,inf,475.83400466969573,inf
2,114,inf,inf,inf,388.329756778952,inf
2,115,inf,inf,inf,778.596814789272,inf
2,116,inf,inf,inf,687.9215071503435,inf
2,117,inf,inf,inf,988.3825170448939,inf
2,118,inf,inf,inf,144.183910336764,inf
2,119,inf,inf,inf,827.2418026187989,inf
2,120,inf,inf,inf,747.9318150740747,inf
2,121,inf,inf,inf,479.525807438974,inf
2,122,inf,inf,inf,791.199721941306,inf
2,123,inf,inf,inf,372.5385886052611,inf
2,124,inf,inf,inf,282.39157211220027,inf
2,125,inf,inf,inf,404.2190000482412,inf
2,126,inf,inf,inf,275.6555822035897,inf
2,127,inf,inf,inf,613.4305176627586,inf
2,128,inf,inf,inf,282.72955275315667,inf
2,129,inf,inf,inf,795.9195939289345,inf
2,130,inf,inf,inf,403.7920256765851,inf
2,131,inf,inf,inf,773.5696478016702,inf
2,132,inf,inf,inf,219.82947936980608,inf
2,133,inf,inf,inf,484.5296688542405,inf
2,134,inf,inf,inf,935.3935000843228,inf
2,135,inf,inf,inf,699.4433501006354,inf
2,136,inf,inf,inf,965.8364250741427,inf
2,137,inf,inf,inf,596.876034030518,inf
2,138,inf,inf,inf,423.89739324511066,inf
2,139,inf,inf,inf,1245.7483694550838,inf
2,140,inf,inf,inf,302.51280964613716,inf
2,141,inf,inf,inf,1070.5400506286535,inf
2,142,inf,inf,inf,293.4024539774676,inf
2,143,inf,inf,inf,249.57964660604839,inf
3,4,inf,inf,inf,140.80127840328723,inf
3,5,inf,inf,inf,1422.4612472752992,inf
3,6,inf,inf,inf,695.2237050043676,inf
3,7,inf,inf,inf,487.1026585844097,inf
3,8,inf,inf,inf,293.1552489722809,inf
3,9,inf,inf,inf,606.5418369741695,inf
3,10,inf,inf,inf,952.3092984949795,inf
3,11,inf,inf,inf,803.2434251209281,inf
3,12,inf,inf,inf,1005.9269357165063,inf
3,13,inf,inf,inf,795.0503128733426,inf
3,14,inf,inf,inf,463.38321074462766,inf
3,15,inf,inf,inf,657.7697165421953,inf
3,16,inf,inf,inf,855.6780936777568,inf
3,17,inf,inf,inf,144.77914214416384,inf
3,18,inf,inf,inf,1420.3731903975097,inf
3,19,inf,inf,inf,820.0097560395242,inf
3,20,inf,inf,inf,547.4011326257921,inf
3,21,inf,inf,inf,676.0428980471579,inf
3,22,inf,inf,inf,165.4962235218677,inf
3,23,inf,inf,inf,833.941244932759,inf
3,24,inf,inf,inf,1376.8057234047221,inf
3,25,inf,inf,inf,811.8337268184908,inf
3,26,inf,inf,inf,469.6658386555275,inf
3,27,inf,inf,inf,1327.6916057579035,inf
3,28,inf,inf,inf,200.39211561336438,inf
3,29,inf,inf,inf,308.11199262605794,inf
3,30,inf,inf,inf,1274.7901788137528,inf
3,31,inf,inf,inf,997.9584159673187,inf
3,32,inf,inf,inf,818.6360607742613,inf
3,33,inf,inf,inf,737.2794585501484,inf
3,34,inf,inf,inf,560.4462507680821,inf
3,35,inf,inf,inf,707.0572819793316,inf
3,36,inf,inf,inf,677.4658662988121,inf
3,37,inf,inf,inf,175.32826355154492,inf
3,38,inf,inf,inf,758.6494579184777,inf
3,39,inf,inf,inf,415.7811924558397,inf
3,40,inf,inf,inf,700.0714249274855,inf
3,41,inf,inf,inf,919.9592382274336,inf
3,42,inf,inf,inf,975.906245496974,inf
3,43,inf,inf,inf,749.1061340023855,inf
3,44,inf,inf,inf,1097.3736829357629,inf
3,45,inf,inf,inf,1217.3947593118676,inf
3,46,inf,inf,inf,818.1369078583364,inf
3,47,inf,inf,inf,558.9651151905636,inf
3,48,inf,inf,inf,537.4923255266069,inf
3,49,inf,inf,inf,1262.0003961964512,inf
3,50,inf,inf,inf,734.3738829778739,inf
3,51,inf,inf,inf,549.3213995467498,inf
3,52,inf,inf,inf,1064.2790987330345,inf
3,53,inf,inf,inf,1166.64304737996,inf
3,54,inf,inf,inf,987.0992857863894,inf
3,55,inf,inf,inf,424.27938908224144,inf
3,56,inf,inf,inf,687.8909797344344,inf
3,57,inf,inf,inf,702.9110896834677,inf
3,58,inf,inf,inf,506.0039525537325,inf
3,59,inf,inf,inf,738.0060975357859,inf
3,60,inf,inf,inf,1052.8784355280527,inf
3,61,inf,inf,inf,1400.1060674106088,inf
3,62,inf,inf,inf,1373.838782390423,inf
3,63,inf,inf,inf,1067.522833479453,inf
3,64,inf,inf,inf,131.52186130069785,inf
3,65,inf,inf,inf,890.524003045398,inf
3,66,inf,inf,inf,1326.4784204803334,inf
3,67,inf,inf,inf,332.8137617346975,inf
3,68,inf,inf,inf,903.5939353492806,inf
3,69,inf,inf,inf,804.5551565927597,inf
3,70,inf,inf,inf,324.59975354272837,inf
3,71,inf,inf,inf,1222.6724827197183,inf
3,72,inf,inf,inf,612.1837959306013,inf
3,73,inf,inf,inf,1430.1975388036437,inf
3,74,inf,inf,inf,927.3467528384407,inf
3,75,inf,inf,inf,442.6703062099377,inf
3,76,inf,inf,inf,1394.4206682346614,inf
3,77,inf,inf,inf,633.3379824390765,inf
3,78,inf,inf,inf,1207.0211265756702,inf
3,79,inf,inf,inf,284.63485380395707,inf
3,80,inf,inf,inf,201.80436070610565,inf
3,81,inf,inf,inf,320.4808886657674,inf
3,82,inf,inf,inf,868.0207370794778,inf
3,83,inf,inf,inf,1245.1381449461742,inf
3,84,inf,inf,inf,845.7452335071124,inf
3,85,inf,inf,inf,1439.8683967640932,inf
3,86,inf,inf,inf,447.1353262715886,inf
3,87,inf,inf,inf,972.4299460629542,inf
3,88,inf,inf,inf,453.3982796614914,inf
3,89,inf,inf,inf,685.1861061054872,inf
3,90,inf,inf,inf,878.914102742697,inf
3,91,inf,inf,inf,204.53361581901396,inf
3,92,inf,inf,inf,741.033062690188,inf
3,93,inf,inf,inf,63.41135544995076,inf
3,94,inf,inf,inf,1166.715046615925,inf
3,95,inf,inf,inf,1439.6589873994467,inf
3,96,inf,inf,inf,333.95209237254375,inf
3,97,inf,inf,inf,689.8905710328269,inf
3,98,inf,inf,inf,1233.7082313091698,inf
3,99,inf,inf,inf,1280.9949258291385,inf
3,100,inf,inf,inf,407.3438351073942,inf
3,101,inf,inf,inf,1396.4902434317255,inf
3,102,inf,inf,inf,427.3265730094491,inf
3,103,inf,inf,inf,1084.245820835847,inf
3,104,inf,inf,inf,534.4698307669012,inf
3,105,inf,inf,inf,1153.7525731282249,inf
3,106,inf,inf,inf,745.2684080249209,inf
3,107,inf,inf,inf,998.5053830601015,inf
3,108,inf,inf,inf,375.7046712512369,inf
3,109,inf,inf,inf,943.2899872255615,inf
3,110,inf,inf,inf,125.15989773086265,inf
3,111,inf,inf,inf,362.04972034238614,inf
3,112,inf,inf,inf,397.06170805052454,inf
3,113,inf,inf,inf,668.6224644745344,inf
3,114,inf,inf,inf,601.0673839096578,inf
3,115,inf,inf,inf,987.5125315660556,inf
3,116,inf,inf,inf,769.4530524989813,inf
3,117,inf,inf,inf,1093.0553508400203,inf
3,118,inf,inf,inf,280.79351844371337,inf
3,119,inf,inf,inf,842.4066713885877,inf
3,120,inf,inf,inf,945.653213392732,inf
3,121,inf,inf,inf,595.3830699642039,inf
3,122,inf,inf,inf,935.6243904473632,inf
3,123,inf,inf,inf,580.2594247403483,inf
3,124,inf,inf,inf,487.93954543570254,inf
3,125,inf,inf,inf,581.4851674806504,inf
3,126,inf,inf,inf,488.1475186867183,inf
3,127,inf,inf,inf,709.6034103638455,inf
3,128,inf,inf,inf,265.80067720004024,inf
3,129,inf,inf,inf,947.2328119316813,inf
3,130,inf,inf,inf,606.2227313455014,inf
3,131,inf,inf,inf,953.9077523534443,inf
3,132,inf,inf,inf,382.36762415246403,inf
3,133,inf,inf,inf,618.909524890351,inf
3,134,inf,inf,inf,1137.476593165767,inf
3,135,inf,inf,inf,892.464565122896,inf
3,136,inf,inf,inf,1177.6527501772327,inf
3,137,inf,inf,inf,742.4991582486812,inf
3,138,inf,inf,inf,518.0588769628409,inf
3,139,inf,inf,inf,1422.689354708188,inf
3,140,inf,inf,inf,335.4400095397089,inf
3,141,inf,inf,inf,1283.6549380577321,inf
3,142,inf,inf,inf,502.7613748091633,inf
3,143,inf,inf,inf,43.266615305567875,inf
4,5,inf,inf,inf,1294.691082845634,inf
4,6,inf,inf,inf,558.0224009840465,inf
4,7,inf,inf,inf,358.85373064801763,inf
4,8,inf,inf,inf,188.16216410320115,inf
4,9,inf,inf,inf,466.1351735280229,inf
4,10,inf,inf,inf,839.1734028197033,inf
4,11,inf,inf,inf,671.339705365324,inf
4,12,inf,inf,inf,953.0173135887931,inf
4,13,inf,inf,inf,668.9469336202984,inf
4,14,inf,inf,inf,345.14489710844634,inf
4,15,inf,inf,inf,518.1235373923868,inf
4,16,inf,inf,inf,720.2902192866428,inf
4,17,inf,inf,inf,7.615773105863909,inf
4,18,inf,inf,inf,1295.2887708924216,inf
4,19,inf,inf,inf,712.4556126524656,inf
4,20,inf,inf,inf,425.9589182069088,inf
4,21,inf,inf,inf,547.6139150898194,inf
4,22,inf,inf,inf,49.39635614091387,inf
4,23,inf,inf,inf,720.331173836035,inf
4,24,inf,inf,inf,1236.0408569298993,inf
4,25,inf,inf,inf,683.1639627497926,inf
4,26,inf,inf,inf,360.855926929294,inf
4,27,inf,inf,inf,1188.0235687897778,inf
4,28,inf,inf,inf,68.30812543175226,inf
4,29,inf,inf,inf,288.7801932266131,inf
4,30,inf,inf,inf,1179.5528813919282,inf
4,31,inf,inf,inf,860.5358795541299,inf
4,32,inf,inf,inf,701.0064193714634,inf
4,33,inf,inf,inf,597.1750162222127,inf
4,34,inf,inf,inf,419.6724913548659,inf
4,35,inf,inf,inf,574.0949398836398,inf
4,36,inf,inf,inf,548.1979569462112,inf
4,37,inf,inf,inf,118.25819210524064,inf
4,38,inf,inf,inf,647.5955527951069,inf
4,39,inf,inf,inf,324.211350819184,inf
4,40,inf,inf,inf,565.1061847122185,inf
4,41,inf,inf,inf,798.6300770694778,inf
4,42,inf,inf,inf,851.6536854848924,inf
4,43,inf,inf,inf,621.2028654151557,inf
4,44,inf,inf,inf,966.8960647349849,inf
4,45,inf,inf,inf,1082.0374300365029,inf
4,46,inf,inf,inf,684.2726064953938,inf
4,47,inf,inf,inf,418.63229689072006,inf
4,48,inf,inf,inf,472.974629340729,inf
4,49,inf,inf,inf,1125.2350865485844,inf
4,50,inf,inf,inf,612.2434156444641,inf
4,51,inf,inf,inf,444.9865166496621,inf
4,52,inf,inf,inf,924.4160318817496,inf
4,53,inf,inf,inf,1088.9375556017894,inf
4,54,inf,inf,inf,846.8352850466258,inf
4,55,inf,inf,inf,315.8354001691387,inf
4,56,inf,inf,inf,603.0762804156701,inf
4,57,inf,inf,inf,599.5339856922208,inf
4,58,inf,inf,inf,397.54873915030845,inf
4,59,inf,inf,inf,631.026148428098,inf
4,60,inf,inf,inf,925.9049627256569,inf
4,61,inf,inf,inf,1279.3123152694184,inf
4,62,inf,inf,inf,1260.514180800835,inf
4,63,inf,inf,inf,944.4786921895062,inf
4,64,1.0,24.5563,24.55634918610405,21.93171219946131,1.1196731455698752
4,65,inf,inf,inf,850.3187637586271,inf
4,66,inf,inf,inf,1186.0430009067968,inf
4,67,inf,inf,inf,196.74348782107123,inf
4,68,inf,inf,inf,805.245925168206,inf
4,69,inf,inf,inf,690.989146079734,inf
4,70,inf,inf,inf,332.41540277189324,inf
4,71,inf,inf,inf,1081.9838261268048,inf
4,72,inf,inf,inf,537.0176905838391,inf
4,73,inf,inf,inf,1291.7027521841082,inf
4,74,inf,inf,inf,789.6359920874935,inf
4,75,inf,inf,inf,302.04966479041155,inf
4,76,inf,inf,inf,1253.6706106469912,inf
4,77,inf,inf,inf,539.6480334440217,inf
4,78,inf,inf,inf,1067.2211579611792,inf
4,79,inf,inf,inf,199.6246477767713,inf
4,80,inf,inf,inf,149.5125412799876,inf
4,81,inf,inf,inf,179.76929659983654,inf
4,82,inf,inf,inf,727.9869504324923,inf
4,83,inf,inf,inf,1144.0882833068433,inf
4,84,inf,inf,inf,742.9939434477242,inf
4,85,inf,inf,inf,1306.330739131557,inf
4,86,inf,inf,inf,347.2477501726973,inf
4,87,inf,inf,inf,841.7012534147731,inf
4,88,inf,inf,inf,312.8146416010606,inf
4,89,inf,inf,inf,569.2846388231462,inf
4,90,inf,inf,inf,754.6263976299796,inf
4,91,inf,inf,inf,286.9233347080715,inf
4,92,inf,inf,inf,617.9457905026945,inf
4,93,inf,inf,inf,155.7562197795003,inf
4,94,inf,inf,inf,1036.191584601998,inf
4,95,inf,inf,inf,1307.4406296272118,inf
4,96,inf,inf,inf,207.79076014106113,inf
4,97,inf,inf,inf,572.0034964928099,inf
4,98,inf,inf,inf,1145.8555755416999,inf
4,99,inf,inf,inf,1185.2345759384511,inf
4,100,inf,inf,inf,445.6007181322759,inf
4,101,inf,inf,inf,1255.7276774842546,inf
4,102,inf,inf,inf,296.5147551134682,inf
4,103,inf,inf,inf,945.7113724599066,inf
4,104,inf,inf,inf,409.0928989850594,inf
4,105,inf,inf,inf,1028.134232481343,inf
4,106,inf,inf,inf,635.2322409953701,inf
4,107,inf,inf,inf,866.8310100590542,inf
4,108,inf,inf,inf,304.59973736035954,inf
4,109,inf,inf,inf,804.1448874425554,inf
4,110,inf,inf,inf,229.08513701242165,inf
4,111,inf,inf,inf,223.9575852700685,inf
4,112,inf,inf,inf,438.3617227815403,inf
4,113,inf,inf,inf,609.3808333054134,inf
4,114,inf,inf,inf,493.7296831263034,inf
4,115,inf,inf,inf,900.6275589831793,inf
4,116,inf,inf,inf,640.4662364246846,inf
4,117,inf,inf,inf,959.3565551972843,inf
4,118,inf,inf,inf,264.41255643406953,inf
4,119,inf,inf,inf,740.3350592805936,inf
4,120,inf,inf,inf,813.9539299002125,inf
4,121,inf,inf,inf,603.2926321446334,inf
4,122,inf,inf,inf,795.1918007625582,inf
4,123,inf,inf,inf,461.0010845974226,inf
4,124,inf,inf,inf,368.0054347424777,inf
4,125,inf,inf,inf,444.1846462902562,inf
4,126,inf,inf,inf,381.849446771892,inf
4,127,inf,inf,inf,576.147550545865,inf
4,128,inf,inf,inf,166.20770138594662,inf
4,129,inf,inf,inf,806.4893055707558,inf
4,130,inf,inf,inf,480.71301209765477,inf
4,131,inf,inf,inf,908.4629876885464,inf
4,132,inf,inf,inf,244.9693858423946,inf
4,133,inf,inf,inf,478.6083994248325,inf
4,134,inf,inf,inf,1063.5008227547357,inf
4,135,inf,inf,inf,758.5209291773036,inf
4,136,inf,inf,inf,1062.0117701795964,inf
4,137,inf,inf,inf,729.006172813372,inf
4,138,inf,inf,inf,383.03263568526376,inf
4,139,inf,inf,inf,1283.0876821168536,inf
4,140,inf,inf,inf,387.40805360756247,inf
4,141,inf,inf,inf,1176.6584041258534,inf
4,142,inf,inf,inf,418.9367494025799,inf
4,143,inf,inf,inf,184.0244548966251,inf
5,6,inf,inf,inf,756.4469578232171,inf
5,7,inf,inf,inf,1126.6006390908892,inf
5,8,inf,inf,inf,1132.8159603395425,inf
5,9,inf,inf,inf,926.8791722765163,inf
5,10,inf,inf,inf,1215.2551172490491,inf
5,11,inf,inf,inf,626.1533358531279,inf
5,12,inf,inf,inf,927.5025606433655,inf
5,13,inf,inf,inf,627.4623494680776,inf
5,14,inf,inf,inf,1190.0420160649792,inf
5,15,inf,inf,inf,817.0611972184213,inf
5,16,inf,inf,inf,918.1007569978362,inf
5,17,inf,inf,inf,1288.3621385309334,inf
5,18,inf,inf,inf,58.855755878248644,inf
5,19,inf,inf,inf,652.1748231877707,inf
5,20,inf,inf,inf,1150.3338645801923,inf
5,21,inf,inf,inf,747.2041220443045,inf
5,22,inf,inf,inf,1258.5726041830085,inf
5,23,inf,inf,inf,1192.5476929666168,inf
5,24,inf,inf,inf,604.173816049653,inf
5,25,inf,inf,inf,611.5308659421861,inf
5,26,inf,inf,inf,963.282928323761,inf
5,27,inf,inf,inf,729.2221883623673,inf
5,28,inf,inf,inf,1263.6237572948683,inf
5,29,inf,inf,inf,1468.1801660559238,inf
5,30,inf,inf,inf,522.181960622923,inf
5,31,inf,inf,inf,837.8000954881779,inf
5,32,inf,inf,inf,617.6350054846308,inf
5,33,inf,inf,inf,853.3094397696535,inf
5,34,inf,inf,inf,942.256865191228,inf
5,35,inf,inf,inf,1000.98051929096,inf
5,36,inf,inf,inf,746.4931345966954,inf
5,37,inf,inf,inf,1360.0764684384478,inf
5,38,inf,inf,inf,1208.4225254438118,inf
5,39,inf,inf,inf,1303.9056714348626,inf
5,40,inf,inf,inf,738.4416022949953,inf
5,41,inf,inf,inf,510.68679246677215,inf
5,42,inf,inf,inf,1085.8420695478694,inf
5,43,inf,inf,inf,1050.5636582330458,inf
5,44,inf,inf,inf,331.48906467634794,inf
5,45,inf,inf,inf,895.2016532603143,inf
5,46,inf,inf,inf,619.1671825928761,inf
5,47,inf,inf,inf,915.1972464993544,inf
5,48,inf,inf,inf,1425.6121492187137,inf
5,49,inf,inf,inf,856.4490644515878,inf
5,50,inf,inf,inf,690.6902344756295,inf
5,51,inf,inf,inf,1248.2828205178505,inf
5,52,inf,inf,inf,726.9346600623745,inf
5,53,inf,inf,inf,713.0918594402827,inf
5,54,inf,inf,inf,724.0835587140479,inf
5,55,inf,inf,inf,1241.4527779984223,inf
5,56,inf,inf,inf,1372.4263186051191,inf
5,57,inf,inf,inf,1260.5014875040806,inf
5,58,inf,inf,inf,1230.1886034263202,inf
5,59,inf,inf,inf,724.0393635707937,inf
5,60,inf,inf,inf,369.6281915655244,inf
5,61,inf,inf,inf,144.03124660989366,inf
5,62,inf,inf,inf,272.31048455760936,inf
5,63,inf,inf,inf,1115.468063191412,inf
5,64,inf,inf,inf,1312.7749235874367,inf
5,65,inf,inf,inf,1018.4129810641654,inf
5,66,inf,inf,inf,480.1135282409776,inf
5,67,inf,inf,inf,1099.5039790742005,inf
5,68,inf,inf,inf,637.2519125118417,inf
5,69,inf,inf,inf,1190.3314664411757,inf
5,70,inf,inf,inf,1275.7448804522007,inf
5,71,inf,inf,inf,530.3470561811388,inf
5,72,inf,inf,inf,1401.75069110024,inf
5,73,inf,inf,inf,341.84353145847297,inf
5,74,inf,inf,inf,845.3401682163222,inf
5,75,inf,inf,inf,1022.4680924116899,inf
5,76,inf,inf,inf,542.0378215586068,inf
5,77,inf,inf,inf,853.3961565416146,inf
5,78,inf,inf,inf,712.7636354360399,inf
5,79,inf,inf,inf,1152.9635727116447,inf
5,80,inf,inf,inf,1241.0580163715151,inf
5,81,inf,inf,inf,1140.5437299814505,inf
5,82,inf,inf,inf,786.897706185499,inf
5,83,inf,inf,inf,456.9518574204508,inf
5,84,inf,inf,inf,1288.7874145878366,inf
5,85,inf,inf,inf,152.0690632574555,inf
5,86,inf,inf,inf,995.6314579200479,inf
5,87,inf,inf,inf,986.5860327411898,inf
5,88,inf,inf,inf,1035.5259533203405,inf
5,89,inf,inf,inf,748.4196683679552,inf
5,90,inf,inf,inf,1081.259450825749,inf
5,91,inf,inf,inf,1427.8830484321886,inf
5,92,inf,inf,inf,683.0944297825887,inf
5,93,inf,inf,inf,1450.3534052085374,inf
5,94,inf,inf,inf,1004.8781020601454,inf
5,95,inf,inf,inf,113.7453295744489,inf
5,96,inf,inf,inf,1204.664268582745,inf
5,97,inf,inf,inf,740.3006146154412,inf
5,98,inf,inf,inf,607.289058027559,inf
5,99,inf,inf,inf,515.6820725989998,inf
5,100,inf,inf,inf,1358.802781863505,inf
5,101,inf,inf,inf,546.9488093048562,inf
5,102,inf,inf,inf,1138.3444118543387,inf
5,103,inf,inf,inf,786.6797315299283,inf
5,104,inf,inf,inf,1128.100172857003,inf
5,105,inf,inf,inf,271.0885464197999,inf
5,106,inf,inf,inf,707.7294680879128,inf
5,107,inf,inf,inf,433.5585312273304,inf
5,108,inf,inf,inf,1364.1092331627992,inf
5,109,inf,inf,inf,794.3500487820215,inf
5,110,inf,inf,inf,1439.2001250694775,inf
5,111,inf,inf,inf,1133.6966084451342,inf
5,112,inf,inf,inf,1366.7984489309315,inf
5,113,inf,inf,inf,964.0020746865641,inf
5,114,inf,inf,inf,844.3612970760798,inf
5,115,inf,inf,inf,672.3280449304491,inf
5,116,inf,inf,inf,1034.0841358419536,inf
5,117,inf,inf,inf,927.8157144605818,inf
5,118,inf,inf,inf,1240.1068502350915,inf
5,119,inf,inf,inf,1293.5412633542078,inf
5,120,inf,inf,inf,485.33699632317337,inf
5,121,inf,inf,inf,1266.739515449013,inf
5,122,inf,inf,inf,732.5605776998923,inf
5,123,inf,inf,inf,845.3218322035697,inf
5,124,inf,inf,inf,935.7718739094481,inf
5,125,inf,inf,inf,863.8408418221495,inf
5,126,inf,inf,inf,949.3513575067979,inf
5,127,inf,inf,inf,993.702671828953,inf
5,128,inf,inf,inf,1294.9478753988517,inf
5,129,inf,inf,inf,693.6180505148349,inf
5,130,inf,inf,inf,816.2413858657254,inf
5,131,inf,inf,inf,982.0957183492859,inf
5,132,inf,inf,inf,1054.5790629440735,inf
5,133,inf,inf,inf,921.9267866810249,inf
5,134,inf,inf,inf,749.234943125319,inf
5,135,inf,inf,inf,548.1541753922887,inf
5,136,inf,inf,inf,320.31546949843056,inf
5,137,inf,inf,inf,1173.1517378412734,inf
5,138,inf,inf,inf,1061.0961313660512,inf
5,139,inf,inf,inf,408.7358560244012,inf
5,140,inf,inf,inf,1387.257726595891,inf
5,141,inf,inf,inf,375.40644640176333,inf
5,142,inf,inf,inf,979.9719383737475,inf
5,143,inf,inf,inf,1463.017429834655,inf
6,7,inf,inf,inf,384.8960898736177,inf
6,8,inf,inf,inf,431.35600146514713,inf
6,9,inf,inf,inf,195.0,inf
6,10,inf,inf,inf,680.2830293341148,inf
6,11,inf,inf,inf,141.6756859873987,inf
6,12,inf,inf,inf,802.9476944359452,inf
6,13,inf,inf,inf,189.62331080328704,inf
6,14,inf,inf,inf,447.52206649505007,inf
6,15,inf,inf,inf,70.83078426785913,inf
6,16,inf,inf,inf,384.6621894597908,inf
6,17,inf,inf,inf,552.6925004014438,inf
6,18,inf,inf,inf,766.6681159406592,inf
6,19,inf,inf,inf,353.4176000144871,inf
6,20,inf,inf,inf,428.43902716722715,inf
6,21,inf,inf,inf,121.2023102090055,inf
6,22,inf,inf,inf,530.3970211077735,inf
6,23,inf,inf,inf,597.3022685374634,inf
6,24,inf,inf,inf,715.8561307972434,inf
6,25,inf,inf,inf,177.74701122663075,inf
6,26,inf,inf,inf,313.4996012756635,inf
6,27,inf,inf,inf,703.7677173613464,inf
6,28,inf,inf,inf,516.7600990788666,inf
6,29,inf,inf,inf,712.006320196668,inf
6,30,inf,inf,inf,793.4242244852371,inf
6,31,inf,inf,inf,452.2797806667904,inf
6,32,inf,inf,inf,276.9566753122228,inf
6,33,inf,inf,inf,212.6240814207083,inf
6,34,inf,inf,inf,192.09372712298546,inf
6,35,inf,inf,inf,349.4252423623685,inf
6,36,inf,inf,inf,112.17842929904127,inf
6,37,inf,inf,inf,608.3584469702053,inf
6,38,inf,inf,inf,572.7137155682584,inf
6,39,inf,inf,inf,556.5914120789145,inf
6,40,inf,inf,inf,39.44616584663204,inf
6,41,inf,inf,inf,321.99534158120986,inf
6,42,inf,inf,inf,601.2096140282522,inf
6,43,inf,inf,inf,425.0176466924638,inf
6,44,inf,inf,inf,425.07528744917647,inf
6,45,inf,inf,inf,672.715393015501,inf
6,46,inf,inf,inf,138.52075656738234,inf
6,47,inf,inf,inf,159.15401345866212,inf
6,48,inf,inf,inf,696.7481611027043,inf
6,49,inf,inf,inf,692.9884558923042,inf
6,50,inf,inf,inf,195.13328778042973,inf
6,51,inf,inf,inf,529.0689936104742,inf
6,52,inf,inf,inf,454.79885663884426,inf
6,53,inf,inf,inf,798.8441650284491,inf
6,54,inf,inf,inf,374.15638441699747,inf
6,55,inf,inf,inf,494.06983312078466,inf
6,56,inf,inf,inf,688.7452359181876,inf
6,57,inf,inf,inf,594.3904440685432,inf
6,58,inf,inf,inf,499.1512796738079,inf
6,59,inf,inf,inf,316.0268975894299,inf
6,60,inf,inf,inf,401.81214516238805,inf
6,61,inf,inf,inf,768.1178295027398,inf
6,62,inf,inf,inf,782.6653179999737,inf
6,63,inf,inf,inf,682.7715576970089,inf
6,64,inf,inf,inf,573.384687622542,inf
6,65,inf,inf,inf,780.5927235120757,inf
6,66,inf,inf,inf,644.3019478474359,inf
6,67,inf,inf,inf,362.41550739448223,inf
6,68,inf,inf,inf,469.6658386555275,inf
6,69,inf,inf,inf,580.0215513237417,inf
6,70,inf,inf,inf,654.2239677663912,inf
6,71,inf,inf,inf,548.8970759623338,inf
6,72,inf,inf,inf,692.3503448399517,inf
6,73,inf,inf,inf,735.6011147354251,inf
6,74,inf,inf,inf,392.04591567825315,inf
6,75,inf,inf,inf,267.8077668776617,inf
6,76,inf,inf,inf,720.5421569901375,inf
6,77,inf,inf,inf,368.00135869314397,inf
6,78,inf,inf,inf,586.859438025836,inf
6,79,inf,inf,inf,466.56725131539184,inf
6,80,inf,inf,inf,545.4475226820633,inf
6,81,inf,inf,inf,390.0,inf
6,82,inf,inf,inf,288.3400769924292,inf
6,83,inf,inf,inf,733.3137118587106,inf
6,84,inf,inf,inf,681.5753810107874,inf
6,85,inf,inf,inf,751.8889545670957,inf
6,86,inf,inf,inf,355.6880655855633,inf
6,87,inf,inf,inf,529.1540418441496,inf
6,88,inf,inf,inf,279.0877998050076,inf
6,89,inf,inf,inf,233.85465571589546,inf
6,90,inf,inf,inf,533.8108279156578,inf
6,91,inf,inf,inf,756.1124255029804,inf
6,92,inf,inf,inf,189.0026454841307,inf
6,93,inf,inf,inf,712.1074357145837,inf
6,94,inf,inf,inf,688.0,inf
6,95,inf,inf,inf,755.8902036671728,inf
6,96,inf,inf,inf,448.2186966202994,inf
6,97,inf,inf,inf,219.01826407859232,inf
6,98,inf,inf,inf,799.1820818812193,inf
6,99,inf,inf,inf,796.0025125588486,inf
6,100,inf,inf,inf,773.2664482570028,inf
6,101,inf,inf,inf,723.3788772144235,inf
6,102,inf,inf,inf,385.7978745405423,inf
6,103,inf,inf,inf,503.50868910079396,inf
6,104,inf,inf,inf,400.4122875237472,inf
6,105,inf,inf,inf,505.3286059585386,inf
6,106,inf,inf,inf,297.1548417912789,inf
6,107,inf,inf,inf,323.02476685232665,inf
6,108,inf,inf,inf,612.3806006071715,inf
6,109,inf,inf,inf,372.1558813185679,inf
6,110,inf,inf,inf,741.9521547916685,inf
6,111,inf,inf,inf,377.71947262485685,inf
6,112,inf,inf,inf,775.7899200170108,inf
6,113,inf,inf,inf,554.1768670740416,inf
6,114,inf,inf,inf,286.4716390849188,inf
6,115,inf,inf,inf,601.5787562738565,inf
6,116,inf,inf,inf,422.62276322980995,inf
6,117,inf,inf,inf,587.2461153553934,inf
6,118,inf,inf,inf,591.5344453199662,inf
6,119,inf,inf,inf,683.8457428397138,inf
6,120,inf,inf,inf,272.18376145538144,inf
6,121,inf,inf,inf,788.3634948423221,inf
6,122,inf,inf,inf,323.56297686849155,inf
6,123,inf,inf,inf,216.37236422426963,inf
6,124,inf,inf,inf,259.12352266824405,inf
6,125,inf,inf,inf,113.84638773364749,inf
6,126,inf,inf,inf,315.7340653144668,inf
6,127,inf,inf,inf,343.6000582072128,inf
6,128,inf,inf,inf,538.8821763614009,inf
6,129,inf,inf,inf,312.8993448379207,inf
6,130,inf,inf,inf,163.71316379570703,inf
6,131,inf,inf,inf,801.3413754449473,inf
6,132,inf,inf,inf,313.16609011832685,inf
6,133,inf,inf,inf,196.3797341886377,inf
6,134,inf,inf,inf,795.2062625507925,inf
6,135,inf,inf,inf,208.40585404445815,inf
6,136,inf,inf,inf,585.8754133772811,inf
6,137,inf,inf,inf,799.2177425457971,inf
6,138,inf,inf,inf,320.39506862621965,inf
6,139,inf,inf,inf,731.6508730261995,inf
6,140,inf,inf,inf,767.7707991321369,inf
6,141,inf,inf,inf,733.9168890276337,inf
6,142,inf,inf,inf,405.1530574980275,inf
6,143,inf,inf,inf,738.0243898408778,inf
7,8,inf,inf,inf,385.09349514111506,inf
7,9,inf,inf,inf,199.7248106770914,inf
7,10,inf,inf,inf,490.9786146055651,inf
7,11,inf,inf,inf,526.5405967254567,inf
7,12,inf,inf,inf,1077.6205269017476,inf
7,13,inf,inf,inf,565.0999911520084,inf
7,14,inf,inf,inf,63.50590523722971,inf
7,15,inf,inf,inf,316.28468189275304,inf
7,16,inf,inf,inf,374.93732809631,inf
7,17,inf,inf,inf,358.73388465546435,inf
7,18,inf,inf,inf,1142.6254854500664,inf
7,19,inf,inf,inf,694.006484119565,inf
7,20,inf,inf,inf,79.42921376924235,inf
7,21,inf,inf,inf,455.3295509847785,inf
7,22,inf,inf,inf,368.19560019098543,inf
7,23,inf,inf,inf,373.77132046212427,inf
7,24,inf,inf,inf,931.7730410352083,inf
7,25,inf,inf,inf,560.083029559011,inf
7,26,inf,inf,inf,436.64745504812004,inf
7,27,inf,inf,inf,862.5636208419643,inf
7,28,inf,inf,inf,291.1391419922783,inf
7,29,inf,inf,inf,363.03443362854716,inf
7,30,inf,inf,inf,1162.9329301382775,inf
7,31,inf,inf,inf,522.518899179733,inf
7,32,inf,inf,inf,638.6939799309213,inf
7,33,inf,inf,inf,298.2113344593059,inf
7,34,inf,inf,inf,193.35201059208046,inf
7,35,inf,inf,inf,222.79362647975367,inf
7,36,inf,inf,inf,449.8855409990412,inf
7,37,inf,inf,inf,330.28018408617856,inf
7,38,inf,inf,inf,308.52552568628744,inf
7,39,inf,inf,inf,178.02527910383964,inf
7,40,inf,inf,inf,415.053008662749,inf
7,41,inf,inf,inf,703.0177807139731,inf
7,42,inf,inf,inf,493.02535431760504,inf
7,43,inf,inf,inf,262.58903252040056,inf
7,44,inf,inf,inf,799.3297192022826,inf
7,45,inf,inf,inf,734.2268041960876,inf
7,46,inf,inf,inf,520.9692889221014,inf
7,47,inf,inf,inf,234.8297255459794,inf
7,48,inf,inf,inf,312.92970456637704,inf
7,49,inf,inf,inf,782.0652146720247,inf
7,50,inf,inf,inf,543.037751910491,inf
7,51,inf,inf,inf,159.2262541165872,inf
7,52,inf,inf,inf,605.221447075366,inf
7,53,inf,inf,inf,1135.8296527208647,inf
7,54,inf,inf,inf,536.2107794515139,inf
7,55,inf,inf,inf,116.61903789690601,inf
7,56,inf,inf,inf,340.03676271838606,inf
7,57,inf,inf,inf,283.0635970943632,inf
7,58,inf,inf,inf,118.46096403457132,inf
7,59,inf,inf,inf,629.439433146669,inf
7,60,inf,inf,inf,784.4615988051933,inf
7,61,inf,inf,inf,1150.057389872349,inf
7,62,inf,inf,inf,1167.537579694975,inf
7,63,inf,inf,inf,586.1467393068053,inf
7,64,inf,inf,inf,359.70682506730395,inf
7,65,inf,inf,inf,1012.8622808654688,inf
7,66,inf,inf,inf,906.5638422085893,inf
7,67,inf,inf,inf,270.6806236138819,inf
7,68,inf,inf,inf,809.6276922141436,inf
7,69,inf,inf,inf,345.3259329966401,inf
7,70,inf,inf,inf,636.707154035511,inf
7,71,inf,inf,inf,796.5858396933754,inf
7,72,inf,inf,inf,319.85621769789,inf
7,73,inf,inf,inf,1040.649797001854,inf
7,74,inf,inf,inf,454.41940979672074,inf
7,75,inf,inf,inf,191.12822920751398,inf
7,76,inf,inf,inf,961.0296561501107,inf
7,77,inf,inf,inf,606.8047461910627,inf
7,78,inf,inf,inf,744.685839800919,inf
7,79,inf,inf,inf,429.51367847834604,inf
7,80,inf,inf,inf,453.6805043199454,inf
7,81,inf,inf,inf,212.2851855405836,inf
7,82,inf,inf,inf,418.0251188624913,inf
7,83,inf,inf,inf,1108.1777835708492,inf
7,84,inf,inf,inf,416.94124286282835,inf
7,85,inf,inf,inf,1099.638122292966,inf
7,86,inf,inf,inf,459.4529355657661,inf
7,87,inf,inf,inf,485.3627509399542,inf
7,88,inf,inf,inf,151.23822268196622,inf
7,89,inf,inf,inf,542.1226798428562,inf
7,90,inf,inf,inf,396.10225952397695,inf
7,91,inf,inf,inf,641.6486577559405,inf
7,92,inf,inf,inf,542.1116121242931,inf
7,93,inf,inf,inf,469.89786124220655,inf
7,94,inf,inf,inf,679.6123895280309,inf
7,95,inf,inf,inf,1110.2382627166116,inf
7,96,inf,inf,inf,153.16984037335808,inf
7,97,inf,inf,inf,534.4791857500159,inf
7,98,inf,inf,inf,1156.7839037607673,inf
7,99,inf,inf,inf,1166.4000171467762,inf
7,100,inf,inf,inf,764.2041612030125,inf
7,101,inf,inf,inf,962.1746203262691,inf
7,102,inf,inf,inf,63.788713735268246,inf
7,103,inf,inf,inf,613.4313327504555,inf
7,104,1.0,54.6569,54.65685424949238,53.150729063673246,1.0283368678539637
7,105,inf,inf,inf,886.8754140238639,inf
7,106,inf,inf,inf,620.0193545366144,inf
7,107,inf,inf,inf,699.0307575493371,inf
7,108,inf,inf,inf,242.53865671269807,inf
7,109,inf,inf,inf,479.75514588172996,inf
7,110,inf,inf,inf,587.9387723224247,inf
7,111,inf,inf,inf,152.26621424334422,inf
7,112,inf,inf,inf,760.2295705903579,inf
7,113,inf,inf,inf,757.3037699628861,inf
7,114,inf,inf,inf,524.4473281464975,inf
7,115,inf,inf,inf,934.0417549553125,inf
7,116,inf,inf,inf,282.46238687655386,inf
7,117,inf,inf,inf,607.6981158437139,inf
7,118,inf,inf,inf,559.5587547344783,inf
7,119,inf,inf,inf,415.9326868617084,inf
7,120,inf,inf,inf,651.3040764497025,inf
7,121,inf,inf,inf,873.4220056765229,inf
7,122,inf,inf,inf,490.3162244919089,inf
7,123,inf,inf,inf,449.8288563442768,inf
7,124,inf,inf,inf,393.83752995365995,inf
7,125,inf,inf,inf,306.9918565695188,inf
7,126,inf,inf,inf,457.19689412768327,inf
7,127,inf,inf,inf,226.2785893539201,inf
7,128,inf,inf,inf,234.138847695123,inf
7,129,inf,inf,inf,512.7855302170684,inf
7,130,inf,inf,inf,428.02920461108727,inf
7,131,inf,inf,inf,1054.379912555242,inf
7,132,inf,inf,inf,251.7180962902747,inf
7,133,inf,inf,inf,205.0609665440988,inf
7,134,inf,inf,inf,1123.2782380158533,inf
7,135,inf,inf,inf,584.1523773811076,inf
7,136,inf,inf,inf,970.2087404265126,inf
7,137,inf,inf,inf,954.5396796362108,inf
7,138,inf,inf,inf,65.62011886609167,inf
7,139,inf,inf,inf,1017.4998771498697,inf
7,140,inf,inf,inf,721.5490281332239,inf
7,141,inf,inf,inf,1115.2582660532044,inf
7,142,inf,inf,inf,549.3887512499687,inf
7,143,inf,inf,inf,527.0265647953621,inf
8,9,inf,inf,inf,404.46137021970344,inf
8,10,inf,inf,inf,872.358297948727,inf
8,11,inf,inf,inf,521.6013803662717,inf
8,12,inf,inf,inf,775.2941377309646,inf
8,13,inf,inf,inf,505.83099944546694,inf
8,14,inf,inf,inf,402.65121383152444,inf
8,15,inf,inf,inf,411.2724158024703,inf
8,16,inf,inf,inf,685.8695211189953,inf
8,17,inf,inf,inf,180.5796223276591,inf
8,18,inf,inf,inf,1128.9428683507417,inf
8,19,inf,inf,inf,528.8515859860875,inf
8,20,inf,inf,inf,464.0905084140377,inf
8,21,inf,inf,inf,390.54065089309205,inf
8,22,inf,inf,inf,140.68759717899798,inf
8,23,inf,inf,inf,757.0165123694462,inf
8,24,inf,inf,inf,1141.3965130488177,inf
8,25,inf,inf,inf,525.1761609212665,inf
8,26,inf,inf,inf,177.00282483621552,inf
8,27,inf,inf,inf,1113.0071877575633,inf
8,28,inf,inf,inf,200.23236501624805,inf
8,29,inf,inf,inf,461.8625336612616,inf
8,30,inf,inf,inf,992.1340635216593,inf
8,31,inf,inf,inf,809.5338164647602,inf
8,32,inf,inf,inf,525.552090662762,inf
8,33,inf,inf,inf,531.7790894723108,inf
8,34,inf,inf,inf,350.65652710308984,inf
8,35,inf,inf,inf,559.1511423577707,inf
8,36,inf,inf,inf,393.14628320766303,inf
8,37,inf,inf,inf,296.44561052577586,inf
8,38,inf,inf,inf,693.5942617986398,inf
8,39,inf,inf,inf,433.60119926033417,inf
8,40,inf,inf,inf,427.69147758635546,inf
8,41,inf,inf,inf,627.5388434192739,inf
8,42,inf,inf,inf,855.3461287689329,inf
8,43,inf,inf,inf,623.1308048877057,inf
8,44,inf,inf,inf,811.38461903095,inf
8,45,inf,inf,inf,1037.9836222214683,inf
8,46,inf,inf,inf,540.4738661582076,inf
8,47,inf,inf,inf,328.1249761904753,inf
8,48,inf,inf,inf,600.2882640865137,inf
8,49,inf,inf,inf,1072.8005406411762,inf
8,50,inf,inf,inf,442.75614055594986,inf
8,51,inf,inf,inf,519.3938775149356,inf
8,52,inf,inf,inf,851.4282118887064,inf
8,53,inf,inf,inf,901.6274175068103,inf
8,54,inf,inf,inf,770.1460900374682,inf
8,55,inf,inf,inf,399.2605665477121,inf
8,56,inf,inf,inf,697.6546423553706,inf
8,57,inf,inf,inf,663.8614313243389,inf
8,58,inf,inf,inf,469.23341739479724,inf
8,59,inf,inf,inf,446.94183066703437,inf
8,60,inf,inf,inf,763.3223434434499,inf
8,61,inf,inf,inf,1107.2077492503383,inf
8,62,inf,inf,inf,1081.223843614263,inf
8,63,inf,inf,inf,949.0337191059125,inf
8,64,inf,inf,inf,209.97618912629116,inf
8,65,inf,inf,inf,681.6223294464464,inf
8,66,inf,inf,inf,1075.3869071176198,inf
8,67,inf,inf,inf,116.3486140871476,inf
8,68,inf,inf,inf,618.1731149119962,inf
8,69,inf,inf,inf,729.1344183345071,inf
8,70,inf,inf,inf,258.81460546112925,inf
8,71,inf,inf,inf,977.8609308076482,inf
8,72,inf,inf,inf,648.1705022600149,inf
8,73,inf,inf,inf,1162.8194184825088,inf
8,74,inf,inf,inf,738.7990254460275,inf
8,75,inf,inf,inf,234.95744295510198,inf
8,76,inf,inf,inf,1150.1447734959281,inf
8,77,inf,inf,inf,351.52382565055245,inf
8,78,inf,inf,inf,992.4232967841898,inf
8,79,inf,inf,inf,45.70557952810576,inf
8,80,inf,inf,inf,114.28473213863697,inf
8,81,inf,inf,inf,176.58992043715293,inf
8,82,inf,inf,inf,658.0577482257921,inf
8,83,inf,inf,inf,958.1362116108544,inf
8,84,inf,inf,inf,801.4143747151033,inf
8,85,inf,inf,inf,1157.5392002001488,inf
8,86,inf,inf,inf,159.3549497191725,inf
8,87,inf,inf,inf,823.7378223682581,inf
8,88,inf,inf,inf,267.58550035455954,inf
8,89,inf,inf,inf,392.04591567825315,inf
8,90,inf,inf,inf,761.7309236206706,inf
8,91,inf,inf,inf,325.41972896553153,inf
8,92,inf,inf,inf,449.90887966342694,inf
8,93,inf,inf,inf,331.86895003901765,inf
8,94,inf,inf,inf,1013.9921104229559,inf
8,95,inf,inf,inf,1155.0800838037162,inf
8,96,inf,inf,inf,276.7959537276512,inf
8,97,inf,inf,inf,396.9697721489635,inf
8,98,inf,inf,inf,957.7014148470284,inf
8,99,inf,inf,inf,997.9178322888113,inf
8,100,inf,inf,inf,387.88271423202144,inf
8,101,inf,inf,inf,1152.7935634796024,inf
8,102,inf,inf,inf,324.99230760127233,inf
8,103,inf,inf,inf,884.7672010195677,inf
8,104,inf,inf,inf,437.71451883619306,inf
8,105,inf,inf,inf,862.9745071553389,inf
8,106,inf,inf,inf,453.0397333567995,inf
8,107,inf,inf,inf,714.776188747219,inf
8,108,inf,inf,inf,440.6381735619373,inf
8,109,inf,inf,inf,741.5713047307049,inf
8,110,inf,inf,inf,313.2491021535417,inf
8,111,inf,inf,inf,235.0914715594762,inf
8,112,inf,inf,inf,385.91449830240896,inf
8,113,inf,inf,inf,432.1712623486203,inf
8,114,inf,inf,inf,309.46728421595714,inf
8,115,inf,inf,inf,712.4864911000068,inf
8,116,inf,inf,inf,637.4590182905879,inf
8,117,inf,inf,inf,925.7699498255492,inf
8,118,inf,inf,inf,183.14202139323461,inf
8,119,inf,inf,inf,800.1481112894037,inf
8,120,inf,inf,inf,662.3171445765239,inf
8,121,inf,inf,inf,489.71930735881756,inf
8,122,inf,inf,inf,716.910733634251,inf
8,123,inf,inf,inf,288.1058833137567,inf
8,124,inf,inf,inf,197.12178976460214,inf
8,125,inf,inf,inf,323.21045775160184,inf
8,126,inf,inf,inf,196.4993638666548,inf
8,127,inf,inf,inf,558.8139225180417,inf
8,128,inf,inf,inf,298.8812473207377,inf
8,129,inf,inf,inf,719.5067755066661,inf
8,130,inf,inf,inf,318.2483307104689,inf
8,131,inf,inf,inf,735.5270219373317,inf
8,132,inf,inf,inf,153.37861650177967,inf
8,133,inf,inf,inf,417.8719899682198,inf
8,134,inf,inf,inf,876.9931584681833,inf
8,135,inf,inf,inf,614.0659573694018,inf
8,136,inf,inf,inf,884.5891701801464,inf
8,137,inf,inf,inf,585.8882145938762,inf
8,138,inf,inf,inf,376.7240369288904,inf
8,139,inf,inf,inf,1162.1277898751066,inf
8,140,inf,inf,inf,359.02646142032484,inf
8,141,inf,inf,inf,993.2623017108824,inf
8,142,inf,inf,inf,232.81967270830015,inf
8,143,inf,inf,inf,331.78908963376114,inf
9,10,inf,inf,inf,525.4046059942756,inf
9,11,inf,inf,inf,335.00597009605667,inf
9,12,inf,inf,inf,959.7207927308858,inf
9,13,inf,inf,inf,383.4005738128205,inf
9,14,inf,inf,inf,263.1900454044567,inf
9,15,inf,inf,inf,124.16923934694937,inf
9,16,inf,inf,inf,283.81684234731387,inf
9,17,inf,inf,inf,462.93412058304796,inf
9,18,inf,inf,inf,943.1420889770534,inf
9,19,inf,inf,inf,534.5774031887244,inf
9,20,inf,inf,inf,234.138847695123,inf
9,21,inf,inf,inf,289.836160614924,inf
9,22,inf,inf,inf,454.3941020743997,inf
9,23,inf,inf,inf,427.46344872983,inf
9,24,inf,inf,inf,771.3164071896824,inf
9,25,inf,inf,inf,372.7264412407577,inf
9,26,inf,inf,inf,368.06657006579667,inf
9,27,inf,inf,inf,722.8014941877195,inf
9,28,inf,inf,inf,408.8031311034689,inf
9,29,inf,inf,inf,552.4056480522262,inf
9,30,inf,inf,inf,987.3201101972957,inf
9,31,inf,inf,inf,405.8423339179884,inf
9,32,inf,inf,inf,466.4118351843143,inf
9,33,inf,inf,inf,131.71180660821565,inf
9,34,inf,inf,inf,54.08326913195984,inf
9,35,inf,inf,inf,183.60010893242955,inf
9,36,inf,inf,inf,282.4553061990516,inf
9,37,inf,inf,inf,481.6897341650536,inf
9,38,inf,inf,inf,390.7863866615622,inf
9,39,inf,inf,inf,377.25985739275256,inf
9,40,inf,inf,inf,230.28894893155424,inf
9,41,inf,inf,inf,516.9796901233161,inf
9,42,inf,inf,inf,474.20670598379354,inf
9,43,inf,inf,inf,260.3401620956705,inf
9,44,inf,inf,inf,599.9416638307428,inf
9,45,inf,inf,inf,633.792552812038,inf
9,46,inf,inf,inf,325.5103684984551,inf
9,47,inf,inf,inf,92.43916918709297,inf
9,48,inf,inf,inf,505.92588390000367,inf
9,49,inf,inf,inf,670.3431956841212,inf
9,50,inf,inf,inf,376.2233379257592,inf
9,51,inf,inf,inf,334.970147923662,inf
9,52,inf,inf,inf,458.9782129905514,inf
9,53,inf,inf,inf,982.3466801491213,inf
9,54,inf,inf,inf,380.741382042982,inf
9,55,inf,inf,inf,315.03968004046726,inf
9,56,inf,inf,inf,494.43401986513834,inf
9,57,inf,inf,inf,403.7635446644484,inf
9,58,inf,inf,inf,307.9626600742369,inf
9,59,inf,inf,inf,482.6924486668504,inf
9,60,inf,inf,inf,587.4912765309797,inf
9,61,inf,inf,inf,952.0598720668779,inf
9,62,inf,inf,inf,974.1385938356,inf
9,63,inf,inf,inf,565.0716768694039,inf
9,64,inf,inf,inf,475.5638758358334,inf
9,65,inf,inf,inf,917.0605214488301,inf
9,66,inf,inf,inf,729.8575203421556,inf
9,67,inf,inf,inf,298.197920851236,inf
9,68,inf,inf,inf,652.0927848090331,inf
9,69,inf,inf,inf,406.07881008493905,inf
9,70,inf,inf,inf,660.001515149776,inf
9,71,inf,inf,inf,622.5086344782698,inf
9,72,inf,inf,inf,497.76500479644005,inf
9,73,inf,inf,inf,852.775468690323,inf
9,74,inf,inf,inf,334.8029271078734,inf
9,75,inf,inf,inf,173.0664612222715,inf
9,76,inf,inf,inf,792.3282148200959,inf
9,77,inf,inf,inf,495.9616920690549,inf
9,78,inf,inf,inf,601.7981389137059,inf
9,79,inf,inf,inf,448.8073083183918,inf
9,80,inf,inf,inf,506.2805546334957,inf
9,81,inf,inf,inf,286.574597618142,inf
9,82,inf,inf,inf,262.3833073958784,inf
9,83,inf,inf,inf,928.0732729693276,inf
9,84,inf,inf,inf,503.1997615261756,inf
9,85,inf,inf,inf,902.2915271684645,inf
9,86,inf,inf,inf,404.27836944362974,inf
9,87,inf,inf,inf,426.7798027086099,inf
9,88,inf,inf,inf,153.48289807011074,inf
9,89,inf,inf,inf,394.11800263372896,inf
9,90,inf,inf,inf,389.8987047939503,inf
9,91,inf,inf,inf,716.7628617611267,inf
9,92,inf,inf,inf,372.6781453211336,inf
9,93,inf,inf,inf,607.1655457945551,inf
9,94,inf,inf,inf,612.4908162576808,inf
9,95,inf,inf,inf,911.8777330322306,inf
9,96,inf,inf,inf,301.9420474196994,inf
9,97,inf,inf,inf,382.6878623630491,inf
9,98,inf,inf,inf,989.9217140764213,inf
9,99,inf,inf,inf,990.0813097922817,inf
9,100,inf,inf,inf,788.0824829927385,inf
9,101,inf,inf,inf,794.0743038280485,inf
9,102,inf,inf,inf,218.68013169924697,inf
9,103,inf,inf,inf,484.81336615237825,inf
9,104,inf,inf,inf,207.18349355100662,inf
9,105,inf,inf,inf,689.0471681967788,inf
9,106,inf,inf,inf,468.2072190814661,inf
9,107,inf,inf,inf,500.1059887663814,inf
9,108,inf,inf,inf,439.3688655332783,inf
9,109,inf,inf,inf,341.62113517755307,inf
9,110,inf,inf,inf,682.139281965201,inf
9,111,inf,inf,inf,247.9697562203907,inf
9,112,inf,inf,inf,787.3760219869538,inf
9,113,inf,inf,inf,670.9135562797937,inf
9,114,inf,inf,inf,408.3833982913605,inf
9,115,inf,inf,inf,782.0613786653832,inf
9,116,inf,inf,inf,265.75364531836624,inf
9,117,inf,inf,inf,521.8898351184855,inf
9,118,inf,inf,inf,586.463980138593,inf
9,119,inf,inf,inf,504.6682078356036,inf
9,120,inf,inf,inf,453.3001213324347,inf
9,121,inf,inf,inf,851.5797085417196,inf
9,122,inf,inf,inf,329.0835760107149,inf
9,123,inf,inf,inf,327.7315975001495,inf
9,124,inf,inf,inf,311.57984530453825,inf
9,125,inf,inf,inf,156.26259949200897,inf
9,126,inf,inf,inf,381.88610867639585,inf
9,127,inf,inf,inf,180.05554698481245,inf
9,128,inf,inf,inf,396.10225952397695,inf
9,129,inf,inf,inf,341.9839177505281,inf
9,130,inf,inf,inf,288.45276909747287,inf
9,131,inf,inf,inf,948.0131855623106,inf
9,132,inf,inf,inf,252.3568901377571,inf
9,133,inf,inf,inf,13.416407864998739,inf
9,134,inf,inf,inf,975.1881869670079,inf
9,135,inf,inf,inf,385.70973542289545,inf
9,136,inf,inf,inf,779.0795851516069,inf
9,137,inf,inf,inf,898.1269398030548,inf
9,138,inf,inf,inf,134.23859355639868,inf
9,139,inf,inf,inf,834.8892142074899,inf
9,140,inf,inf,inf,763.4664367213531,inf
9,141,inf,inf,inf,928.6533260587613,inf
9,142,inf,inf,inf,482.1306876771069,inf
9,143,inf,inf,inf,649.532909096991,inf
10,11,inf,inf,inf,788.8656412850036,inf
10,12,inf,inf,inf,1479.3221420637224,inf
10,13,inf,inf,inf,858.0827465926582,inf
10,14,inf,inf,inf,494.0536408124122,inf
10,15,inf,inf,inf,621.3919857867496,inf
10,16,inf,inf,inf,318.3111685128249,inf
10,17,inf,inf,inf,840.4153734909899,inf
10,18,inf,inf,inf,1252.492315345687,inf
10,19,inf,inf,inf,1032.76957739856,inf
10,20,inf,inf,inf,415.76555893916947,inf
10,21,inf,inf,inf,797.2609359550987,inf
10,22,inf,inf,inf,855.4788132969746,inf
10,23,inf,inf,inf,118.84864324004712,inf
10,24,inf,inf,inf,771.8218706411474,inf
10,25,inf,inf,inf,834.5687509127094,inf
10,26,inf,inf,inf,886.1337370848714,inf
10,27,inf,inf,inf,646.1981120368582,inf
10,28,inf,inf,inf,771.0317762582811,inf
10,29,inf,inf,inf,721.3889380909579,inf
10,30,inf,inf,inf,1438.179752325835,inf
10,31,inf,inf,inf,379.23343734433547,inf
10,32,inf,inf,inf,951.17296008665,inf
10,33,inf,inf,inf,468.97547910311897,inf
10,34,inf,inf,inf,570.3200855659916,inf
10,35,inf,inf,inf,341.9488265808204,inf
10,36,inf,inf,inf,788.683079569988,inf
10,37,inf,inf,inf,779.2079311711349,inf
10,38,inf,inf,inf,193.86593305684215,inf
10,39,inf,inf,inf,543.051562929341,inf
10,40,inf,inf,inf,719.6756213739632,inf
10,41,inf,inf,inf,966.3425893543139,inf
10,42,inf,inf,inf,134.61797799699713,inf
10,43,inf,inf,inf,265.13581425375185,inf
10,44,inf,inf,inf,948.6095087020792,inf
10,45,inf,inf,inf,441.6933325283505,inf
10,46,inf,inf,inf,763.4507187762679,inf
10,47,inf,inf,inf,616.5427803486145,inf
10,48,inf,inf,inf,495.9042246240699,inf
10,49,inf,inf,inf,504.9455416181036,inf
10,50,inf,inf,inf,875.3707785847092,inf
10,51,inf,inf,inf,404.82712359722143,inf
10,52,inf,inf,inf,495.9042246240699,inf
10,53,inf,inf,inf,1473.4466396853331,inf
10,54,inf,inf,inf,491.5628138905546,inf
10,55,inf,inf,inf,528.1098370604358,inf
10,56,inf,inf,inf,331.48906467634794,inf
10,57,inf,inf,inf,258.54400012377005,inf
10,58,inf,inf,inf,446.31939236380936,inf
10,59,inf,inf,inf,994.505907473656,inf
10,60,inf,inf,inf,973.4762452160812,inf
10,61,inf,inf,inf,1292.4658602841314,inf
10,62,inf,inf,inf,1355.5943346001413,inf
10,63,inf,inf,inf,165.27552752903256,inf
10,64,inf,inf,inf,835.5842267539521,inf
10,65,inf,inf,inf,1442.1685061046092,inf
10,66,inf,inf,inf,819.2447741670373,inf
10,67,inf,inf,inf,756.1692932141585,inf
10,68,inf,inf,inf,1147.5386703723757,inf
10,69,inf,inf,inf,148.22280526288793,inf
10,70,inf,inf,inf,1127.1344196678585,inf
10,71,inf,inf,inf,721.052702650784,inf
10,72,inf,inf,inf,415.9326868617084,inf
10,73,inf,inf,inf,993.0337355800154,inf
10,74,inf,inf,inf,373.08578102093355,inf
10,75,inf,inf,inf,650.8471402718153,inf
10,76,inf,inf,inf,828.464845361588,inf
10,77,inf,inf,inf,1020.8467073953856,inf
10,78,inf,inf,inf,569.8254118587552,inf
10,79,inf,inf,inf,917.5935919567006,inf
10,80,inf,inf,inf,944.526336318898,inf
10,81,inf,inf,inf,703.0113797087498,inf
10,82,inf,inf,inf,454.7361872558638,inf
10,83,inf,inf,inf,1368.959458859173,inf
10,84,inf,inf,inf,140.356688476182,inf
10,85,inf,inf,inf,1128.3261939705203,inf
10,86,inf,inf,inf,918.2488769391445,inf
10,87,inf,inf,inf,230.82677487674604,inf
10,88,inf,inf,inf,611.9452589897237,inf
10,89,inf,inf,inf,908.5422389740611,inf
10,90,inf,inf,inf,149.20120642943877,inf
10,91,inf,inf,inf,1125.9080779530805,inf
10,92,inf,inf,inf,868.8895211705571,inf
10,93,inf,inf,inf,919.6956018161661,inf
10,94,inf,inf,inf,324.07560846197606,inf
10,95,inf,inf,inf,1153.8461769230767,inf
10,96,inf,inf,inf,632.573315908915,inf
10,97,inf,inf,inf,895.1424467647594,inf
10,98,inf,inf,inf,1459.892119301971,inf
10,99,inf,inf,inf,1439.0277968128344,inf
10,100,inf,inf,inf,1255.0075696982867,inf
10,101,inf,inf,inf,826.912329089366,inf
10,102,inf,inf,inf,554.3112843881134,inf
10,103,inf,inf,inf,448.01116057526957,inf
10,104,inf,inf,inf,437.86413417862855,inf
10,105,inf,inf,inf,1054.2751064119839,inf
10,106,inf,inf,inf,976.7640452023201,inf
10,107,inf,inf,inf,874.3546191334498,inf
10,108,inf,inf,inf,599.9708326243868,inf
10,109,inf,inf,inf,423.51505286117043,inf
10,110,inf,inf,inf,1065.1215893033059,inf
10,111,inf,inf,inf,643.0933058273893,inf
10,112,inf,inf,inf,1251.15986188816,inf
10,113,inf,inf,inf,1195.9786787397172,inf
10,114,inf,inf,inf,933.2614853298084,inf
10,115,inf,inf,inf,1279.7695104978866,inf
10,116,inf,inf,inf,261.00766272276377,inf
10,117,inf,inf,inf,330.4375886608544,inf
10,118,inf,inf,inf,1049.976190206235,inf
10,119,inf,inf,inf,146.4923206178399,inf
10,120,inf,inf,inf,848.0689830432427,inf
10,121,inf,inf,inf,1354.6578903915188,inf
10,122,inf,inf,inf,490.6179776567508,inf
10,123,inf,inf,inf,852.6535052411384,inf
10,124,inf,inf,inf,832.3172472080582,inf
10,125,inf,inf,inf,680.5644715969237,inf
10,126,inf,inf,inf,902.3508186952566,inf
10,127,inf,inf,inf,345.96242570545144,inf
10,128,inf,inf,inf,686.5690060001252,inf
10,129,inf,inf,inf,530.2386255262813,inf
10,130,inf,inf,inf,810.7064820266334,inf
10,131,inf,inf,inf,1471.3765663486693,inf
10,132,inf,inf,inf,727.429721691381,inf
10,133,inf,inf,inf,515.6064390598706,inf
10,134,inf,inf,inf,1472.8346818295663,inf
10,135,inf,inf,inf,787.8591244632507,inf
10,136,inf,inf,inf,1186.138693408153,inf
10,137,inf,inf,inf,1417.9428761413487,inf
10,138,inf,inf,inf,497.1217154782116,inf
10,139,inf,inf,inf,941.8333185866807,inf
10,140,inf,inf,inf,1212.1225185599021,inf
10,141,inf,inf,inf,1347.1737081757497,inf
10,142,inf,inf,inf,1001.938121841863,inf
10,143,inf,inf,inf,987.2654151746632,inf
11,12,inf,inf,inf,724.3983710638781,inf
11,13,inf,inf,inf,75.95393340703298,inf
11,14,inf,inf,inf,589.0636637919538,inf
11,15,inf,inf,inf,211.53959440256097,inf
11,16,inf,inf,inf,477.0167711936342,inf
11,17,inf,inf,inf,665.3006839016476,inf
11,18,inf,inf,inf,632.1550442731593,inf
11,19,inf,inf,inf,258.14724480420085,inf
11,20,inf,inf,inf,569.08347366621,inf
11,21,inf,inf,inf,132.85330255586422,inf
11,22,inf,inf,inf,637.9506250486788,inf
11,23,inf,inf,inf,716.766349656567,inf
11,24,inf,inf,inf,678.7768410899123,inf
11,25,inf,inf,inf,46.06517122512408,inf
11,26,inf,inf,inf,369.80265007162944,inf
11,27,inf,inf,inf,695.0949575417736,inf
11,28,inf,inf,inf,637.7311345700475,inf
11,29,inf,inf,inf,847.4178426254665,inf
11,30,inf,inf,inf,660.4801283914604,inf
11,31,inf,inf,inf,506.96055073348657,inf
11,32,inf,inf,inf,168.5852899869974,inf
11,33,inf,inf,inf,323.79777639755343,inf
11,34,inf,inf,inf,333.52061405556327,inf
11,35,inf,inf,inf,474.0653963326157,inf
11,36,inf,inf,inf,128.9961239727768,inf
11,37,inf,inf,inf,733.9455020640156,inf
11,38,inf,inf,inf,700.1864037526008,inf
11,39,inf,inf,inf,697.367908639335,inf
11,40,inf,inf,inf,114.6298390472568,inf
11,41,inf,inf,inf,184.6212338816963,inf
11,42,inf,inf,inf,694.9942445804858,inf
11,43,inf,inf,inf,546.0036629913759,inf
11,44,inf,inf,inf,295.96790366524544,inf
11,45,inf,inf,inf,707.0572819793316,inf
11,46,1.0,35.6569,35.65685424949238,34.23448553724738,1.0415478337098847
11,47,inf,inf,inf,297.75493278869453,inf
11,48,inf,inf,inf,838.3853529254909,inf
11,49,inf,inf,inf,715.0419568109273,inf
11,50,inf,inf,inf,131.24404748406687,inf
11,51,inf,inf,inf,669.8671510083175,inf
11,52,inf,inf,inf,475.30411317387103,inf
11,53,inf,inf,inf,685.3086895698901,inf
11,54,inf,inf,inf,403.6000495540108,inf
11,55,inf,inf,inf,634.9716529105847,inf
11,56,inf,inf,inf,826.0568987666649,inf
11,57,inf,inf,inf,728.0247248548637,inf
11,58,inf,inf,inf,640.7058607504695,inf
11,59,inf,inf,inf,252.3430205097815,inf
11,60,inf,inf,inf,263.48624252510797,inf
11,61,inf,inf,inf,629.1335311362764,inf
11,62,inf,inf,inf,641.0,inf
11,63,inf,inf,inf,768.0813758971116,inf
11,64,inf,inf,inf,688.6697321648455,inf
11,65,inf,inf,inf,725.0993035440042,inf
11,66,inf,inf,inf,586.400034106411,inf
11,67,inf,inf,inf,474.97894690186007,inf
11,68,inf,inf,inf,364.89176477415873,inf
11,69,inf,inf,inf,702.314032324572,inf
11,70,inf,inf,inf,711.7843774627257,inf
11,71,inf,inf,inf,506.62806870523866,inf
11,72,inf,inf,inf,832.7646726416773,inf
11,73,inf,inf,inf,648.0624969862089,inf
11,74,inf,inf,inf,459.83040351851463,inf
11,75,inf,inf,inf,398.0012562794243,inf
11,76,inf,inf,inf,670.3737763367538,inf
11,77,inf,inf,inf,349.15469350991117,inf
11,78,inf,inf,inf,587.962583843564,inf
11,79,inf,inf,inf,549.2622324536796,inf
11,80,inf,inf,inf,634.606177089382,inf
11,81,inf,inf,inf,514.4356130751447,inf
11,82,inf,inf,inf,354.902803595576,inf
11,83,inf,inf,inf,597.4085704105692,inf
11,84,inf,inf,inf,805.4197663330594,inf
11,85,inf,inf,inf,636.9403425753467,inf
11,86,inf,inf,inf,409.35314827175813,inf
11,87,inf,inf,inf,611.7025420905164,inf
11,88,inf,inf,inf,414.8373175113348,inf
11,89,inf,inf,inf,199.61963831246663,inf
11,90,inf,inf,inf,639.8515452821849,inf
11,91,inf,inf,inf,837.0818359037544,inf
11,92,inf,inf,inf,120.20815280171308,inf
11,93,inf,inf,inf,827.0507844141132,inf
11,94,inf,inf,inf,746.1313557276627,inf
11,95,inf,inf,inf,636.4793790846644,inf
11,96,inf,inf,inf,582.8790612125298,inf
11,97,inf,inf,inf,183.8396040030548,inf
11,98,inf,inf,inf,673.3706260299747,inf
11,99,inf,inf,inf,662.5073584497005,inf
11,100,inf,inf,inf,820.0493887565553,inf
11,101,inf,inf,inf,673.9621651101788,inf
11,102,inf,inf,inf,525.6006088276534,inf
11,103,inf,inf,inf,535.1831462219266,inf
11,104,inf,inf,inf,541.5108493834634,inf
11,105,inf,inf,inf,367.5445551222328,inf
11,106,inf,inf,inf,228.79029699705362,inf
11,107,inf,inf,inf,195.5019181491578,inf
11,108,inf,inf,inf,751.80449586312,inf
11,109,inf,inf,inf,426.487983418056,inf
11,110,inf,inf,inf,834.5016476916028,inf
11,111,inf,inf,inf,510.09802979427394,inf
11,112,inf,inf,inf,824.6611425306761,inf
11,113,inf,inf,inf,529.1200241911092,inf
11,114,inf,inf,inf,289.29223978530774,inf
11,115,inf,inf,inf,495.99697579723204,inf
11,116,inf,inf,inf,539.8833207277291,inf
11,117,inf,inf,inf,643.7219896818813,inf
11,118,inf,inf,inf,659.0030348943774,inf
11,119,inf,inf,inf,808.2233602167163,inf
11,120,inf,inf,inf,142.61837188805654,inf
11,121,inf,inf,inf,799.1301521028975,inf
11,122,inf,inf,inf,362.7464679359401,inf
11,123,inf,inf,inf,250.3377718203947,inf
11,124,inf,inf,inf,328.09297462761987,inf
11,125,inf,inf,inf,239.0083680543424,inf
11,126,inf,inf,inf,363.14184556451215,inf
11,127,inf,inf,inf,467.5906329258532,inf
11,128,inf,inf,inf,671.0007451560691,inf
11,129,inf,inf,inf,337.53518335130633,inf
11,130,inf,inf,inf,206.63494380186523,inf
11,131,inf,inf,inf,734.2942189613099,inf
11,132,inf,inf,inf,428.967364726036,inf
11,133,inf,inf,inf,335.05969617368186,inf
11,134,inf,inf,inf,686.9621532515456,inf
11,135,inf,inf,inf,94.64142856064674,inf
11,136,inf,inf,inf,444.3894688221133,inf
11,137,inf,inf,inf,779.5235724466579,inf
11,138,inf,inf,inf,462.0660125999314,inf
11,139,inf,inf,inf,655.6561598887026,inf
11,140,inf,inf,inf,827.2992203550056,inf
11,141,inf,inf,inf,594.0387192767824,inf
11,142,inf,inf,inf,430.41491609840847,inf
11,143,inf,inf,inf,844.9757392966972,inf
12,13,inf,inf,inf,648.459713474939,inf
12,14,inf,inf,inf,1121.8524858465128,inf
12,15,inf,inf,inf,858.1107154674156,inf
12,16,inf,inf,inf,1186.6591760063206,inf
12,17,inf,inf,inf,945.5686120002081,inf
12,18,inf,inf,inf,884.6157357858834,inf
12,19,inf,inf,inf,466.5886839605093,inf
12,20,inf,inf,inf,1150.1934619880258,inf
12,21,inf,inf,inf,683.1698178344825,inf
12,22,inf,inf,inf,903.7134501599497,inf
12,23,inf,inf,inf,1386.9134796374285,inf
12,24,inf,inf,inf,1324.433841307296,inf
12,25,inf,inf,inf,680.4652819946069,inf
12,26,inf,inf,inf,647.3244935888029,inf
12,27,inf,inf,inf,1380.8265640550228,inf
12,28,inf,inf,inf,975.4793693359178,inf
12,29,inf,inf,inf,1236.6567834286116,inf
12,30,inf,inf,inf,462.00108224981466,inf
12,31,inf,inf,inf,1231.2936286686454,inf
12,32,inf,inf,inf,557.4836320467176,inf
12,33,inf,inf,inf,1015.3324578678651,inf
12,34,inf,inf,inf,923.0130009918604,inf
12,35,inf,inf,inf,1139.7021540735982,inf
12,36,inf,inf,inf,691.9544782715117,inf
12,37,inf,inf,inf,1068.6126519932282,inf
12,38,inf,inf,inf,1348.3686439546123,inf
12,39,inf,inf,inf,1188.121626770593,inf
12,40,inf,inf,inf,764.3225758801058,inf
12,41,inf,inf,inf,600.2699392773221,inf
12,42,inf,inf,inf,1404.0512811147605,inf
12,43,inf,inf,inf,1217.1626842784822,inf
12,44,inf,inf,inf,784.128815947992,inf
12,45,inf,inf,inf,1426.5934950083013,inf
12,46,inf,inf,inf,757.2218961440564,inf
12,47,inf,inf,inf,874.0692192269443,inf
12,48,inf,inf,inf,1356.918936414405,inf
12,49,inf,inf,inf,1427.918765196396,inf
12,50,inf,inf,inf,611.5292306995635,inf
12,51,inf,inf,inf,1235.8126880721043,inf
12,52,inf,inf,inf,1193.1743376388883,inf
12,53,inf,inf,inf,256.51705596314645,inf
12,54,inf,inf,inf,1126.0355234183335,inf
12,55,inf,inf,inf,1140.0850845441316,inf
12,56,inf,inf,inf,1417.653342675846,inf
12,57,inf,inf,inf,1349.378004860017,inf
12,58,inf,inf,inf,1190.094534060215,inf
12,59,inf,inf,inf,486.9907596659304,inf
12,60,inf,inf,inf,709.953519605333,inf
12,61,inf,inf,inf,811.1041856629763,inf
12,62,inf,inf,inf,703.2282701939677,inf
12,63,inf,inf,inf,1483.9710239758726,inf
12,64,inf,inf,inf,974.5588745683865,inf
12,65,inf,inf,inf,140.51334456200237,inf
12,66,inf,inf,inf,1203.0378215168466,inf
12,67,inf,inf,inf,847.189471133819,inf
12,68,inf,inf,inf,374.0655022853618,inf
12,69,inf,inf,inf,1365.7950065804166,inf
12,70,inf,inf,inf,701.0007132663989,inf
12,71,inf,inf,inf,1162.8004987959027,inf
12,72,inf,inf,inf,1388.9053243471997,inf
12,73,inf,inf,inf,1173.927595723007,inf
12,74,inf,inf,inf,1181.7888982385982,inf
12,75,inf,inf,inf,886.8325659333897,inf
12,76,inf,inf,inf,1292.0247675644612,inf
12,77,inf,inf,inf,471.2218161333365,inf
12,78,inf,inf,inf,1289.0387891758728,inf
12,79,inf,inf,inf,754.0424391239527,inf
12,80,inf,inf,inf,814.3168916337178,inf
12,81,inf,inf,inf,921.5036624995041,inf
12,82,inf,inf,inf,1075.9707245088036,inf
12,83,inf,inf,inf,494.9828279849716,inf
12,84,inf,inf,inf,1461.7174829631067,inf
12,85,inf,inf,inf,1046.0334602678827,inf
12,86,inf,inf,inf,635.7208506884134,inf
12,87,inf,inf,inf,1328.6989877319843,inf
12,88,inf,inf,inf,926.3827502711824,inf
12,89,inf,inf,inf,571.0175128662868,inf
12,90,inf,inf,inf,1335.2007339722368,inf
12,91,inf,inf,inf,878.8589192811324,inf
12,92,inf,inf,inf,619.816908449584,inf
12,93,inf,inf,inf,1063.9483070149602,inf
12,94,inf,inf,inf,1470.5281364190214,inf
12,95,inf,inf,inf,1018.707514451523,inf
12,96,inf,inf,inf,1029.1379888042225,inf
12,97,inf,inf,inf,584.8572475399445,inf
12,98,inf,inf,inf,374.9946666287402,inf
12,99,inf,inf,inf,470.6006799825092,inf
12,100,inf,inf,inf,696.231283410908,inf
12,101,inf,inf,inf,1296.7413003371182,inf
12,102,inf,inf,inf,1037.1619931331845,inf
12,103,inf,inf,inf,1256.0525466715158,inf
12,104,inf,inf,inf,1118.8427056561616,inf
12,105,inf,inf,inf,733.0552503051867,inf
12,106,inf,inf,inf,506.7879240865946,inf
12,107,inf,inf,inf,765.4345171208312,inf
12,108,inf,inf,inf,1208.6194603761764,inf
12,109,inf,inf,inf,1150.619398411134,inf
12,110,inf,inf,inf,939.0985038855083,inf
12,111,inf,inf,inf,964.2473748992008,inf
12,112,inf,inf,inf,708.8899773589693,inf
12,113,inf,inf,inf,343.80372307466365,inf
12,114,inf,inf,inf,556.1987055001117,inf
12,115,inf,inf,inf,270.325729445053,inf
12,116,inf,inf,inf,1218.6668946024586,inf
12,117,inf,inf,inf,1368.1158576670325,inf
12,118,inf,inf,inf,726.3415174695716,inf
12,119,inf,inf,inf,1462.8144106481861,inf
12,120,inf,inf,inf,749.0667526996509,inf
12,121,inf,inf,inf,508.09841566373734,inf
12,122,inf,inf,inf,1087.0068997021133,inf
12,123,inf,inf,inf,635.314095546447,inf
12,124,inf,inf,inf,684.2002630809199,inf
12,125,inf,inf,inf,803.6877503110272,inf
12,126,inf,inf,inf,625.0959926283323,inf
12,127,inf,inf,inf,1134.9801760383307,inf
12,128,inf,inf,inf,1071.5395466337209,inf
12,129,inf,inf,inf,1060.2400671546043,inf
12,130,inf,inf,inf,671.268202732708,inf
12,131,inf,inf,inf,72.53275122315436,inf
12,132,inf,inf,inf,840.8305417859177,inf
12,133,inf,inf,inf,967.8202312413189,inf
12,134,inf,inf,inf,212.13203435596427,inf
12,135,inf,inf,inf,773.8862965578342,inf
12,136,inf,inf,inf,613.2087735836792,inf
12,137,inf,inf,inf,345.878591416121,inf
12,138,inf,inf,inf,1033.4660129873648,inf
12,139,inf,inf,inf,1216.2532630994253,inf
12,140,inf,inf,inf,763.6000261917229,inf
12,141,inf,inf,inf,576.7642499323272,inf
12,142,inf,inf,inf,547.4833330796473,inf
12,143,inf,inf,inf,1027.455595147547,inf
13,14,inf,inf,inf,625.9400929801509,inf
13,15,inf,inf,inf,259.8037721050255,inf
13,16,inf,inf,inf,549.2139837986648,inf
13,17,inf,inf,inf,662.4198064671677,inf
13,18,inf,inf,inf,626.3553304634678,inf
13,19,inf,inf,inf,182.3869512876401,inf
13,20,inf,inf,inf,614.8243651645565,inf
13,21,inf,inf,inf,123.01625908797584,inf
13,22,inf,inf,inf,631.5583900163151,inf
13,23,inf,inf,inf,781.8062419807097,inf
13,24,inf,inf,inf,740.4761981319858,inf
13,25,1.0,37.7279,37.72792206135785,35.17101079013795,1.0726993968548912
13,26,inf,inf,inf,340.812265037513,inf
13,27,inf,inf,inf,764.23164027669,inf
13,28,inf,inf,inf,642.4484415110679,inf
13,29,inf,inf,inf,866.9140672523431,inf
13,30,inf,inf,inf,604.0074502851766,inf
13,31,inf,inf,inf,582.8619047424527,inf
13,32,inf,inf,inf,94.02127418834527,inf
13,33,inf,inf,inf,390.1281840626232,inf
13,34,inf,inf,inf,372.5385886052611,inf
13,35,inf,inf,inf,535.9897387077481,inf
13,36,inf,inf,inf,124.4869471069156,inf
13,37,inf,inf,inf,742.0006738541415,inf
13,38,inf,inf,inf,760.9112957500369,inf
13,39,inf,inf,inf,729.5457490795214,inf
13,40,inf,inf,inf,153.11760186209813,inf
13,41,inf,inf,inf,139.2838827718412,inf
13,42,inf,inf,inf,767.6066701117181,inf
13,43,inf,inf,inf,609.9680319492162,inf
13,44,inf,inf,inf,307.37924458232374,inf
13,45,inf,inf,inf,782.2819184923042,inf
13,46,inf,inf,inf,109.29318368498559,inf
13,47,inf,inf,inf,330.77031305726337,inf
13,48,inf,inf,inf,878.0074031578549,inf
13,49,inf,inf,inf,789.1184955379008,inf
13,50,inf,inf,inf,72.13875518748573,inf
13,51,inf,inf,inf,714.8125628442746,inf
13,52,inf,inf,inf,550.0227268031749,inf
13,53,inf,inf,inf,615.4421175057813,inf
13,54,inf,inf,inf,479.20767940424327,inf
13,55,inf,inf,inf,668.0314363860431,inf
13,56,inf,inf,inf,877.7886989475314,inf
13,57,inf,inf,inf,783.9980867323593,inf
13,58,inf,inf,inf,682.0007331374359,inf
13,59,inf,inf,inf,180.05554698481245,inf
13,60,inf,inf,inf,257.8410362994999,inf
13,61,inf,inf,inf,613.0073409022114,inf
13,62,inf,inf,inf,609.9458992402523,inf
13,63,inf,inf,inf,842.1698166047036,inf
13,64,inf,inf,inf,687.6692518936702,inf
13,65,inf,inf,inf,650.4429260127287,inf
13,66,inf,inf,inf,641.510716979849,inf
13,67,inf,inf,inf,476.0105040857817,inf
13,68,inf,inf,inf,291.247317584214,inf
13,69,inf,inf,inf,765.9817230195509,inf
13,70,inf,inf,inf,673.8323233564861,inf
13,71,inf,inf,inf,568.4936235350402,inf
13,72,inf,inf,inf,878.5453886965659,inf
13,73,inf,inf,inf,687.6350776392956,inf
13,74,inf,inf,inf,535.0448579324915,inf
13,75,inf,inf,inf,416.9844121786808,inf
13,76,inf,inf,inf,727.5960417704318,inf
13,77,inf,inf,inf,287.43347056318964,inf
13,78,inf,inf,inf,659.5733469448262,inf
13,79,inf,inf,inf,528.1363460319693,inf
13,80,inf,inf,inf,615.6524993858143,inf
13,81,inf,inf,inf,524.5960350593588,inf
13,82,inf,inf,inf,429.7731959999367,inf
13,83,inf,inf,inf,545.0614644239675,inf
13,84,inf,inf,inf,868.4065868013669,inf
13,85,inf,inf,inf,656.0746908698734,inf
13,86,inf,inf,inf,376.95755729259497,inf
13,87,inf,inf,inf,685.8695211189953,inf
13,88,inf,inf,inf,440.0238629892702,inf
13,89,inf,inf,inf,142.42541907960108,inf
13,90,inf,inf,inf,709.5047568550897,inf
13,91,inf,inf,inf,810.39558241639,inf
13,92,inf,inf,inf,61.71709649683789,inf
13,93,inf,inf,inf,824.2293370173134,inf
13,94,inf,inf,inf,822.0687319196613,inf
13,95,inf,inf,inf,651.1597346273801,inf
13,96,inf,inf,inf,603.5602703955919,inf
13,97,inf,inf,inf,128.69343417595164,inf
13,98,inf,inf,inf,610.2368392681648,inf
13,99,inf,inf,inf,606.7033871670736,inf
13,100,inf,inf,inf,775.6713221461781,inf
13,101,inf,inf,inf,731.4328403893279,inf
13,102,inf,inf,inf,556.2454494195886,inf
13,103,inf,inf,inf,610.5538469291631,inf
13,104,inf,inf,inf,585.8165241780058,inf
13,105,inf,inf,inf,359.23529893372114,inf
13,106,inf,inf,inf,156.1089363233252,inf
13,107,inf,inf,inf,216.6887168266959,inf
13,108,inf,inf,inf,779.6236271432517,inf
13,109,inf,inf,inf,502.31165624540307,inf
13,110,inf,inf,inf,815.0398763250789,inf
13,111,inf,inf,inf,528.8752215787765,inf
13,112,inf,inf,inf,781.2099589738984,inf
13,113,inf,inf,inf,461.6156409828419,inf
13,114,inf,inf,inf,239.83536019528063,inf
13,115,inf,inf,inf,423.0650068251923,inf
13,116,inf,inf,inf,605.4428131541409,inf
13,117,inf,inf,inf,719.6561679024227,inf
13,118,inf,inf,inf,626.999202551327,inf
13,119,inf,inf,inf,870.9179065790299,inf
13,120,inf,inf,inf,167.91962362987834,inf
13,121,inf,inf,inf,740.3026408165784,inf
13,122,inf,inf,inf,438.693514882543,inf
13,123,inf,inf,inf,220.33610689126738,inf
13,124,inf,inf,inf,308.71669860893496,inf
13,125,inf,inf,inf,262.54523419784255,inf
13,126,inf,inf,inf,329.946965435356,inf
13,127,inf,inf,inf,529.830161466861,inf
13,128,inf,inf,inf,687.2153956366228,inf
13,129,inf,inf,inf,413.1646161035574,inf
13,130,inf,inf,inf,188.86238376129853,inf
13,131,inf,inf,inf,658.6083813617922,inf
13,132,inf,inf,inf,434.00460827046527,inf
13,133,inf,inf,inf,385.6008298746257,inf
13,134,inf,inf,inf,615.223536610881,inf
13,135,inf,inf,inf,147.648230602334,inf
13,136,inf,inf,inf,409.923163531899,inf
13,137,inf,inf,inf,711.5195007868723,inf
13,138,inf,inf,inf,502.68081324037024,inf
13,139,inf,inf,inf,701.5896236404868,inf
13,140,inf,inf,inf,789.002534850174,inf
13,141,inf,inf,inf,550.3135469893505,inf
13,142,inf,inf,inf,383.51271165373385,inf
13,143,inf,inf,inf,835.555503841606,inf
14,15,inf,inf,inf,379.3481250777444,inf
14,16,inf,inf,inf,418.2068866004002,inf
14,17,inf,inf,inf,346.36541397778154,inf
14,18,inf,inf,inf,1206.131004493293,inf
14,19,inf,inf,inf,749.9893332574804,inf
14,20,inf,inf,inf,84.87638069569178,inf
14,21,inf,inf,inf,514.0603077460854,inf
14,22,inf,inf,inf,362.80159867343474,inf
14,23,inf,inf,inf,375.22526567383494,inf
14,24,inf,inf,inf,984.427752554752,inf
14,25,inf,inf,inf,621.8890576300568,inf
14,26,inf,inf,inf,476.24573488903815,inf
14,27,inf,inf,inf,910.0467020983044,inf
14,28,inf,inf,inf,276.97833850321217,inf
14,29,inf,inf,inf,306.86316168611705,inf
14,30,inf,inf,inf,1221.3705416457367,inf
14,31,inf,inf,inf,567.6486589431883,inf
14,32,inf,inf,inf,697.5363789796199,inf
14,33,inf,inf,inf,357.53181676600474,inf
14,34,inf,inf,inf,255.5621255194126,inf
14,35,inf,inf,inf,265.51459470243816,inf
14,36,inf,inf,inf,508.97937089827127,inf
14,37,inf,inf,inf,296.76927064640637,inf
14,38,inf,inf,inf,303.35622624235026,inf
14,39,inf,inf,inf,115.52488909321661,inf
14,40,inf,inf,inf,476.9318609612908,inf
14,41,inf,inf,inf,764.3225758801058,inf
14,42,inf,inf,inf,512.937618039465,inf
14,43,inf,inf,inf,291.15631540462937,inf
14,44,inf,inf,inf,862.8331240744064,inf
14,45,inf,inf,inf,772.2654983876982,inf
14,46,inf,inf,inf,584.0547919502073,inf
14,47,inf,inf,inf,295.1779124528121,inf
14,48,inf,inf,inf,252.76471272707352,inf
14,49,inf,inf,inf,822.6621420729168,inf
14,50,inf,inf,inf,601.332686621973,inf
14,51,inf,inf,inf,117.92370414806346,inf
14,52,inf,inf,inf,656.1905211141045,inf
14,53,inf,inf,inf,1188.9575265752767,inf
14,54,inf,inf,inf,589.9601681469691,inf
14,55,inf,inf,inf,56.64803615307419,inf
14,56,inf,inf,inf,300.0966510976089,inf
14,57,inf,inf,inf,262.9220416777566,inf
14,58,inf,inf,inf,68.96375859826666,inf
14,59,inf,inf,inf,683.1434695581888,inf
14,60,inf,inf,inf,847.6585397434512,inf
14,61,inf,inf,inf,1213.3775175105231,inf
14,62,inf,inf,inf,1229.9711378727552,inf
14,63,inf,inf,inf,604.1862295683343,inf
14,64,inf,inf,inf,342.1607809203153,inf
14,65,inf,inf,inf,1051.536494849323,inf
14,66,inf,inf,inf,963.5647357598762,inf
14,67,inf,inf,inf,293.8996427354072,inf
14,68,inf,inf,inf,864.6860702012032,inf
14,69,inf,inf,inf,345.9089475570125,inf
14,70,inf,inf,inf,644.8449426024833,inf
14,71,inf,inf,inf,853.1939990412498,inf
14,72,inf,inf,inf,268.0690209628856,inf
14,73,inf,inf,inf,1100.4567233653488,inf
14,74,inf,inf,inf,501.5974481593781,inf
14,75,inf,inf,inf,236.8902699563661,inf
14,76,inf,inf,inf,1015.7878715558677,inf
14,77,inf,inf,inf,652.7671866753108,inf
14,78,inf,inf,inf,793.7001952878682,inf
14,79,inf,inf,inf,445.0,inf
14,80,inf,inf,inf,457.00437634666037,inf
14,81,inf,inf,inf,226.06193841511666,inf
14,82,inf,inf,inf,473.3201876108814,inf
14,83,inf,inf,inf,1167.7161470151896,inf
14,84,inf,inf,inf,404.0012376218667,inf
14,85,inf,inf,inf,1162.163929916946,inf
14,86,inf,inf,inf,495.025251881154,inf
14,87,inf,inf,inf,516.7591315109971,inf
14,88,inf,inf,inf,199.90497742677644,inf
14,89,inf,inf,inf,596.8483894591658,inf
14,90,inf,inf,inf,416.13699667297067,inf
14,91,inf,inf,inf,631.8623267769649,inf
14,92,inf,inf,inf,600.8876766917424,inf
14,93,inf,inf,inf,438.79949863234805,inf
14,94,inf,inf,inf,709.2221090744422,inf
14,95,inf,inf,inf,1173.0959040078521,inf
14,96,inf,inf,inf,139.16896205691842,inf
14,97,inf,inf,inf,590.0177963417714,inf
14,98,inf,inf,inf,1213.1446739775104,inf
14,99,inf,inf,inf,1224.9995918366667,inf
14,100,inf,inf,inf,770.0162335951106,inf
14,101,inf,inf,inf,1016.7698854706506,inf
14,102,inf,inf,inf,84.87638069569178,inf
14,103,inf,inf,inf,660.0946901770988,inf
14,104,inf,inf,inf,80.7093550959243,inf
14,105,inf,inf,inf,950.1899810037991,inf
14,106,inf,inf,inf,674.8547991975755,inf
14,107,inf,inf,inf,762.5018032765562,inf
14,108,inf,inf,inf,182.14829123546562,inf
14,109,inf,inf,inf,530.4865691042517,inf
14,110,inf,inf,inf,572.0603115057013,inf
14,111,inf,inf,inf,168.86681142249356,inf
14,112,inf,inf,inf,765.0320254734438,inf
14,113,inf,inf,inf,795.4495584259256,inf
14,114,inf,inf,inf,572.7844271626107,inf
14,115,inf,inf,inf,987.3626486757538,inf
14,116,inf,inf,inf,313.16768671112925,inf
14,117,inf,inf,inf,643.5666243676718,inf
14,118,inf,inf,inf,568.2719419432918,inf
14,119,inf,inf,inf,402.06094065452316,inf
14,120,inf,inf,inf,714.6747511980537,inf
14,121,inf,inf,inf,892.1799145912219,inf
14,122,inf,inf,inf,545.7700981182461,inf
14,123,inf,inf,inf,500.76441566868544,inf
14,124,inf,inf,inf,438.01483993125163,inf
14,125,inf,inf,inf,365.85379593493354,inf
14,126,inf,inf,inf,497.7750495956984,inf
14,127,inf,inf,inf,270.142554959414,inf
14,128,inf,inf,inf,200.02499843769527,inf
14,129,inf,inf,inf,570.0122805694629,inf
14,130,inf,inf,inf,482.66965929090674,inf
14,131,inf,inf,inf,1095.6678328763694,inf
14,132,inf,inf,inf,284.9087573241651,inf
14,133,inf,inf,inf,268.31511325305553,inf
14,134,inf,inf,inf,1175.0936132921495,inf
14,135,inf,inf,inf,647.5839713890392,inf
14,136,inf,inf,inf,1032.2528759950249,inf
14,137,inf,inf,inf,982.6825530149601,inf
14,138,inf,inf,inf,129.1239714383042,inf
14,139,inf,inf,inf,1075.8870758588002,inf
14,140,inf,inf,inf,722.0221603247369,inf
14,141,inf,inf,inf,1176.2525239080255,inf
14,142,inf,inf,inf,585.7140940766237,inf
14,143,inf,inf,inf,501.05887877573826,inf
15,16,inf,inf,inf,338.61187220769443,inf
15,17,inf,inf,inf,513.4218538395108,inf
15,18,inf,inf,inf,829.7909375258324,inf
15,19,inf,inf,inf,417.80019147913276,inf
15,20,inf,inf,inf,357.777864044158,inf
15,21,inf,inf,inf,176.2980430974774,inf
15,22,inf,inf,inf,495.35845606994536,inf
15,23,inf,inf,inf,533.6037855937681,inf
15,24,inf,inf,inf,730.444385288846,inf
15,25,inf,inf,inf,248.5658866377283,inf
15,26,inf,inf,inf,320.97507691408066,inf
15,27,inf,inf,inf,704.479950034066,inf
15,28,inf,inf,inf,471.1539026687564,inf
15,29,inf,inf,inf,651.835868911799,inf
15,30,inf,inf,inf,863.8014818232253,inf
15,31,inf,inf,inf,425.73465914816,inf
15,32,inf,inf,inf,345.0710071854777,inf
15,33,inf,inf,inf,162.1172415260018,inf
15,34,inf,inf,inf,125.57467897629681,inf
15,35,inf,inf,inf,284.92981591964013,inf
15,36,inf,inf,inf,167.94344286098223,inf
15,37,inf,inf,inf,557.8431679244625,inf
15,38,inf,inf,inf,505.48986142157196,inf
15,39,inf,inf,inf,490.0867270188002,inf
15,40,inf,inf,inf,107.05606008068857,inf
15,41,inf,inf,inf,392.8180240263932,inf
15,42,inf,inf,inf,550.4634411112149,inf
15,43,inf,inf,inf,361.7084461275407,inf
15,44,inf,inf,inf,486.805916151396,inf
15,45,inf,inf,inf,652.0897177536232,inf
15,46,inf,inf,inf,204.70710783946902,inf
15,47,inf,inf,inf,102.20078277586722,inf
15,48,inf,inf,inf,627.1467132976143,inf
15,49,inf,inf,inf,678.3524157840083,inf
15,50,inf,inf,inf,258.6000773395089,inf
15,51,inf,inf,inf,458.48118827275783,inf
15,52,inf,inf,inf,446.5344331627741,inf
15,53,inf,inf,inf,864.9329453778483,inf
15,54,inf,inf,inf,364.6505176192679,inf
15,55,inf,inf,inf,427.4435635262274,inf
15,56,inf,inf,inf,618.1108314857457,inf
15,57,inf,inf,inf,524.767567595407,inf
15,58,inf,inf,inf,429.31689927138905,inf
15,59,inf,inf,inf,373.4300469967568,inf
15,60,inf,inf,inf,468.36737717309046,inf
15,61,inf,inf,inf,834.3356638667677,inf
15,62,inf,inf,inf,852.0211264986333,inf
15,63,inf,inf,inf,635.600503461097,inf
15,64,inf,inf,inf,531.7377173005503,inf
15,65,inf,inf,inf,827.488972736193,inf
15,66,inf,inf,inf,670.0582064268746,inf
15,67,inf,inf,inf,327.365239449762,inf
15,68,inf,inf,inf,534.9214895664596,inf
15,69,inf,inf,inf,515.0786347733713,inf
15,70,inf,inf,inf,649.6399002524398,inf
15,71,inf,inf,inf,569.0035149276321,inf
15,72,inf,inf,inf,621.6429843567769,inf
15,73,inf,inf,inf,774.5062943578961,inf
15,74,inf,inf,inf,360.22354170709053,inf
15,75,inf,inf,inf,218.56349191939628,inf
15,76,inf,inf,inf,741.464766526367,inf
15,77,inf,inf,inf,408.431144747802,inf
15,78,inf,inf,inf,584.8119355827137,inf
15,79,inf,inf,inf,450.58406540844294,inf
15,80,inf,inf,inf,523.2609291739639,inf
15,81,inf,inf,inf,343.3846240005513,inf
15,82,inf,inf,inf,262.9239433752658,inf
15,83,inf,inf,inf,804.0460185835136,inf
15,84,inf,inf,inf,615.6005198178442,inf
15,85,inf,inf,inf,804.2785587096052,inf
15,86,inf,inf,inf,362.1670885102621,inf
15,87,inf,inf,inf,485.41219597368996,inf
15,88,inf,inf,inf,222.20036003571192,inf
15,89,inf,inf,inf,287.1671986839723,inf
15,90,inf,inf,inf,477.3311219688069,inf
15,91,inf,inf,inf,736.1555542139175,inf
15,92,inf,inf,inf,253.78928267363852,inf
15,93,inf,inf,inf,669.3758286642864,inf
15,94,inf,inf,inf,654.8473104472523,inf
15,95,inf,inf,inf,810.570786544889,inf
15,96,inf,inf,inf,390.2166065148945,inf
15,97,inf,inf,inf,273.7882393383616,inf
15,98,inf,inf,inf,868.2562985662702,inf
15,99,inf,inf,inf,866.4554229733922,inf
15,100,inf,inf,inf,773.0588593373728,inf
15,101,inf,inf,inf,743.8978424488137,inf
15,102,inf,inf,inf,321.50427679892533,inf
15,103,inf,inf,inf,487.8216887347261,inf
15,104,inf,inf,inf,329.9893937689513,inf
15,105,inf,inf,inf,571.1812321846718,inf
15,106,inf,inf,inf,356.4772082475961,inf
15,107,inf,inf,inf,385.33102652135346,inf
15,108,inf,inf,inf,547.8512571857437,inf
15,109,inf,inf,inf,348.93695705671536,inf
15,110,inf,inf,inf,714.7167271024234,inf
15,111,inf,inf,inf,323.12381527829234,inf
15,112,inf,inf,inf,774.4062241485408,inf
15,113,inf,inf,inf,591.8690733599789,inf
15,114,inf,inf,inf,322.59107241211746,inf
15,115,inf,inf,inf,666.2086760167567,inf
15,116,inf,inf,inf,361.3488619049464,inf
15,117,inf,inf,inf,556.493486035551,inf
15,118,inf,inf,inf,582.2387826313187,inf
15,119,inf,inf,inf,617.6374340986789,inf
15,120,inf,inf,inf,336.1621632486321,inf
15,121,inf,inf,inf,806.5048046974053,inf
15,122,inf,inf,inf,311.7338608492828,inf
15,123,inf,inf,inf,245.05101509685693,inf
15,124,inf,inf,inf,263.1501472543764,inf
15,125,inf,inf,inf,91.30169768410661,inf
15,126,inf,inf,inf,328.1539272963223,inf
15,127,inf,inf,inf,279.5460606054036,inf
15,128,inf,inf,inf,482.84262446474213,inf
15,129,inf,inf,inf,309.84028143545186,inf
15,130,inf,inf,inf,196.23710148695125,inf
15,131,inf,inf,inf,852.4112857066124,inf
15,132,inf,inf,inf,277.1461708196597,inf
15,133,inf,inf,inf,125.80143083447024,inf
15,134,inf,inf,inf,859.8430089266296,inf
15,135,inf,inf,inf,269.9814808463721,inf
15,136,inf,inf,inf,655.9245383426359,inf
15,137,inf,inf,inf,831.2653006110625,inf
15,138,inf,inf,inf,251.24092023394596,inf
15,139,inf,inf,inf,764.9849671725582,inf
15,140,inf,inf,inf,760.4952333841416,inf
15,141,inf,inf,inf,804.6346997240424,inf
15,142,inf,inf,inf,424.4997055358225,inf
15,143,inf,inf,inf,700.9572026878674,inf
16,17,inf,inf,inf,718.6459489901825,inf
16,18,inf,inf,inf,950.5919208577359,inf
16,19,inf,inf,inf,728.6267906136859,inf
16,20,inf,inf,inf,339.09438214160963,inf
16,21,inf,inf,inf,505.7202784148565,inf
16,22,inf,inf,inf,718.3606336652921,inf
16,23,inf,inf,inf,274.69437562498433,inf
16,24,inf,inf,inf,579.0379952990995,inf
16,25,inf,inf,inf,523.0688291228985,inf
16,26,inf,inf,inf,645.4866381266153,inf
16,27,inf,inf,inf,493.2930163705949,inf
16,28,inf,inf,inf,655.6889506465699,inf
16,29,inf,inf,inf,720.2943842624347,inf
16,30,inf,inf,inf,1120.2414918221875,inf
16,31,inf,inf,inf,149.89329538041386,inf
16,32,inf,inf,inf,643.1827112104305,inf
16,33,inf,inf,inf,176.555940143627,inf
16,34,inf,inf,inf,337.7706322343611,inf
16,35,inf,inf,inf,152.8953890737062,inf
16,36,inf,inf,inf,496.73433543494855,inf
16,37,inf,inf,inf,705.002836873725,inf
16,38,inf,inf,inf,295.4352720986443,inf
16,39,inf,inf,inf,520.5775638653668,inf
16,40,inf,inf,inf,422.6641692881004,inf
16,41,inf,inf,inf,650.3076195155644,inf
16,42,inf,inf,inf,218.5040045399626,inf
16,43,inf,inf,inf,152.0690632574555,inf
16,44,inf,inf,inf,634.4966508973865,inf
16,45,inf,inf,inf,361.80796011143815,inf
16,46,inf,inf,inf,449.49860956403415,inf
16,47,inf,inf,inf,371.7270504012319,inf
16,48,inf,inf,inf,573.917241420747,inf
16,49,inf,inf,inf,407.3818847224309,inf
16,50,inf,inf,inf,575.5692834055689,inf
16,51,inf,inf,inf,405.90762495917716,inf
16,52,inf,inf,inf,251.31852299422738,inf
16,53,inf,inf,inf,1162.0882066349352,inf
16,54,inf,inf,inf,206.6204249342257,inf
16,55,inf,inf,inf,472.9503145151719,inf
16,56,inf,inf,inf,473.34237080574144,inf
16,57,inf,inf,inf,358.235955761004,inf
16,58,inf,inf,inf,415.4768344926104,inf
16,59,inf,inf,inf,699.7885394888945,inf
16,60,inf,inf,inf,655.977133747816,inf
16,61,inf,inf,inf,984.2205037490329,inf
16,62,inf,inf,inf,1041.0235347964042,inf
16,63,inf,inf,inf,298.1710918248112,inf
16,64,inf,inf,inf,725.0689622373861,inf
16,65,inf,inf,inf,1164.2130389237186,inf
16,66,inf,inf,inf,582.1511831131154,inf
16,67,inf,inf,inf,575.1956188984752,inf
16,68,inf,inf,inf,840.4361962695324,inf
16,69,inf,inf,inf,272.5949375905576,inf
16,70,inf,inf,inf,943.0047719921675,inf
16,71,inf,inf,inf,472.66161257288496,inf
16,72,inf,inf,inf,523.8950276534413,inf
16,73,inf,inf,inf,741.3568641349455,inf
16,74,inf,inf,inf,90.02777349240623,inf
16,75,inf,inf,inf,451.2471606558871,inf
16,76,inf,inf,inf,619.1219589063209,inf
16,77,inf,inf,inf,746.8132296632137,inf
16,78,inf,inf,inf,379.95394457749745,inf
16,79,inf,inf,inf,730.8214556237385,inf
16,80,inf,inf,inf,782.738781459051,inf
16,81,inf,inf,inf,548.285509565956,inf
16,82,inf,inf,inf,137.43725841270262,inf
16,83,inf,inf,inf,1050.7216567673859,inf
16,84,inf,inf,inf,370.93665227367325,inf
16,85,inf,inf,inf,848.1945531539329,inf
16,86,inf,inf,inf,683.8164958525058,inf
16,87,inf,inf,inf,147.05441169852742,inf
16,88,inf,inf,inf,422.6405091800832,inf
16,89,inf,inf,inf,618.4795873753636,inf
16,90,inf,inf,inf,170.83617883809038,inf
16,91,inf,inf,inf,988.8665228431995,inf
16,92,inf,inf,inf,567.8071855832752,inf
16,93,inf,inf,inf,843.3943324447941,inf
16,94,inf,inf,inf,328.72632994635524,inf
16,95,inf,inf,inf,869.0943562122585,inf
16,96,inf,inf,inf,524.4854621436136,inf
16,97,inf,inf,inf,603.6770659880993,inf
16,98,inf,inf,inf,1143.7783876258547,inf
16,99,inf,inf,inf,1120.9928634920027,inf
16,100,inf,inf,inf,1071.411218907101,inf
16,101,inf,inf,inf,619.2656941894973,inf
16,102,inf,inf,inf,429.7731959999367,inf
16,103,inf,inf,inf,243.41733709824368,inf
16,104,inf,inf,inf,337.6047985440965,inf
16,105,inf,inf,inf,739.4227478242741,inf
16,106,inf,inf,inf,679.9191128362255,inf
16,107,inf,inf,inf,556.8213357981176,inf
16,108,inf,inf,inf,590.2821359316238,inf
16,109,inf,inf,inf,134.03357788255897,inf
16,110,inf,inf,inf,946.0665938505598,inf
16,111,inf,inf,inf,496.7947262199952,inf
16,112,inf,inf,inf,1070.4414977008319,inf
16,113,inf,inf,inf,930.4455921761357,inf
16,114,inf,inf,inf,661.2026920695348,inf
16,115,inf,inf,inf,972.2571676259322,inf
16,116,inf,inf,inf,129.75746606650424,inf
16,117,inf,inf,inf,241.07467722678797,inf
16,118,inf,inf,inf,868.7116898027791,inf
16,119,inf,inf,inf,375.5768895978558,inf
16,120,inf,inf,inf,529.7593793412251,inf
16,121,inf,inf,inf,1132.2490892025482,inf
16,122,inf,inf,inf,185.94622878671134,inf
16,123,inf,inf,inf,583.2392305049447,inf
16,124,inf,inf,inf,587.5797818169036,inf
16,125,inf,inf,inf,417.1450587026053,inf
16,126,inf,inf,inf,656.7564236457836,inf
16,127,inf,inf,inf,148.8220413782851,inf
16,128,inf,inf,inf,609.0755289781391,inf
16,129,inf,inf,inf,224.51057881534223,inf
16,130,inf,inf,inf,534.8354887252715,inf
16,131,inf,inf,inf,1186.0004215850852,inf
16,132,inf,inf,inf,532.5898985147953,inf
16,133,inf,inf,inf,270.6806236138819,inf
16,134,inf,inf,inf,1163.9003393761857,inf
16,135,inf,inf,inf,469.89786124220655,inf
16,136,inf,inf,inf,868.3691611290673,inf
16,137,inf,inf,inf,1168.061642209006,inf
16,138,inf,inf,inf,337.6684764676738,inf
16,139,inf,inf,inf,702.822879536516,inf
16,140,inf,inf,inf,1044.538654143541,inf
16,141,inf,inf,inf,1029.2098911300843,inf
16,142,inf,inf,inf,756.1124255029804,inf
16,143,inf,inf,inf,897.0312146185327,inf
17,18,inf,inf,inf,1288.7734478953234,inf
17,19,inf,inf,inf,705.141829705202,inf
17,20,inf,inf,inf,426.6532549975448,inf
17,21,inf,inf,inf,541.2254613375095,inf
17,22,inf,inf,inf,41.88078318274385,inf
17,23,inf,inf,inf,721.5906041516894,inf
17,24,inf,inf,inf,1232.3899545192667,inf
17,25,inf,inf,inf,676.8315890973174,inf
17,26,inf,inf,inf,353.46428390998716,inf
17,27,inf,inf,inf,1185.1320601519478,inf
17,28,inf,inf,inf,69.42621983083913,inf
17,29,inf,inf,inf,295.7363690857112,inf
17,30,inf,inf,inf,1172.0516200236234,inf
17,31,inf,inf,inf,858.3891891211119,inf
17,32,inf,inf,inf,694.0259361147824,inf
17,33,inf,inf,inf,594.1380311005179,inf
17,34,inf,inf,inf,416.0492759277439,inf
17,35,inf,inf,inf,572.982547727241,inf
17,36,inf,inf,inf,541.8791378158048,inf
17,37,inf,inf,inf,125.2078272313676,inf
17,38,inf,inf,inf,649.1486732636831,inf
17,39,inf,inf,inf,327.8734511972569,inf
17,40,inf,inf,inf,559.411297705007,inf
17,41,inf,inf,inf,791.8434188651188,inf
17,42,inf,inf,inf,851.6924327478788,inf
17,43,inf,inf,inf,620.8679408698762,inf
17,44,inf,inf,inf,960.7632382642458,inf
17,45,inf,inf,inf,1080.3244882904396,inf
17,46,inf,inf,inf,678.4578100368511,inf
17,47,inf,inf,inf,414.2475105537751,inf
17,48,inf,inf,inf,477.8964322946971,inf
17,49,inf,inf,inf,1123.211467177931,inf
17,50,inf,inf,inf,605.4585039455635,inf
17,51,inf,inf,inf,447.37121051761926,inf
17,52,inf,inf,inf,921.4580836912768,inf
17,53,inf,inf,inf,1081.3218762237263,inf
17,54,inf,inf,inf,843.6729224053596,inf
17,55,inf,inf,inf,318.14776441144454,inf
17,56,inf,inf,inf,606.6836078220673,inf
17,57,inf,inf,inf,601.8014622780506,inf
17,58,inf,inf,inf,399.6561021678513,inf
17,59,inf,inf,inf,623.6826115902222,inf
17,60,inf,inf,inf,919.4835506957153,inf
17,61,inf,inf,inf,1272.5509812970167,inf
17,62,inf,inf,inf,1253.4344817340873,inf
17,63,inf,inf,inf,944.6322035586126,inf
17,64,inf,inf,inf,29.546573405388315,inf
17,65,inf,inf,inf,843.082439622603,inf
17,66,inf,inf,inf,1181.7410883945772,inf
17,67,inf,inf,inf,191.0026177831079,inf
17,68,inf,inf,inf,797.7624959848639,inf
17,69,inf,inf,inf,692.2716229920161,inf
17,70,inf,inf,inf,327.1360573217205,inf
17,71,inf,inf,inf,1077.8984182194536,inf
17,72,inf,inf,inf,541.2818119981495,inf
17,73,inf,inf,inf,1286.7082031292098,inf
17,74,inf,inf,inf,787.4268219968126,inf
17,75,inf,inf,inf,297.89259809535383,inf
17,76,inf,inf,inf,1249.6735573740848,inf
17,77,inf,inf,inf,532.0770620878145,inf
17,78,inf,inf,inf,1064.2805081368351,inf
17,79,inf,inf,inf,192.0833152566875,inf
17,80,inf,inf,inf,143.12232530251876,inf
17,81,inf,inf,inf,176.3887751530692,inf
17,82,inf,inf,inf,724.9668957959391,inf
17,83,inf,inf,inf,1136.6776148055349,inf
17,84,inf,inf,inf,745.1993022004248,inf
17,85,inf,inf,inf,1300.5391189810477,inf
17,86,inf,inf,inf,339.69545183884935,inf
17,87,inf,inf,inf,840.8525435532678,inf
17,88,inf,inf,inf,309.5109044928789,inf
17,89,inf,inf,inf,562.2001422980966,inf
17,90,inf,inf,inf,754.7006028883242,inf
17,91,inf,inf,inf,285.49781084975064,inf
17,92,inf,inf,inf,611.2160010994477,inf
17,93,inf,inf,inf,161.99382704288456,inf
17,94,inf,inf,inf,1035.3265185437876,inf
17,95,inf,inf,inf,1301.5041298436206,inf
17,96,inf,inf,inf,208.4346420343797,inf
17,97,inf,inf,inf,565.0008849550592,inf
17,98,inf,inf,inf,1138.278085530948,inf
17,99,inf,inf,inf,1177.74063358619,inf
17,100,inf,inf,inf,441.2640932593541,inf
17,101,inf,inf,inf,1251.7547683152638,inf
17,102,inf,inf,inf,296.096268129134,inf
17,103,inf,inf,inf,943.2412204733209,inf
17,104,inf,inf,inf,409.3079525247463,inf
17,105,inf,inf,inf,1021.6310488625529,inf
17,106,inf,inf,inf,627.9697444941118,inf
17,107,inf,inf,inf,860.8007899624628,inf
17,108,inf,inf,inf,309.58843647655834,inf
17,109,inf,inf,inf,801.4917342056623,inf
17,110,inf,inf,inf,229.42101037176172,inf
17,111,inf,inf,inf,222.00225224082752,inf
17,112,inf,inf,inf,434.18083790052276,inf
17,113,inf,inf,inf,601.9111230073755,inf
17,114,inf,inf,inf,486.3589209626981,inf
17,115,inf,inf,inf,893.0352736594451,inf
17,116,inf,inf,inf,639.9632801966063,inf
17,117,inf,inf,inf,957.9817326024541,inf
17,118,inf,inf,inf,258.5033848907979,inf
17,119,inf,inf,inf,742.5967950375224,inf
17,120,inf,inf,inf,807.9189315766774,inf
17,121,inf,inf,inf,597.4880751948109,inf
17,122,inf,inf,inf,791.9217133025209,inf
17,123,inf,inf,inf,454.0176208034221,inf
17,124,inf,inf,inf,361.0013850388943,inf
17,125,inf,inf,inf,438.84621452167045,inf
17,126,inf,inf,inf,374.41287371029324,inf
17,127,inf,inf,inf,574.9434754825904,inf
17,128,inf,inf,inf,170.1558109498468,inf
17,129,inf,inf,inf,802.8953854643829,inf
17,130,inf,inf,inf,474.08543533839975,inf
17,131,inf,inf,inf,901.126517199444,inf
17,132,inf,inf,inf,239.54957733212555,inf
17,133,inf,inf,inf,475.47870614781476,inf
17,134,inf,inf,inf,1055.8882516630251,inf
17,135,inf,inf,inf,752.7283706623525,inf
17,136,inf,inf,inf,1055.001895732894,inf
17,137,inf,inf,inf,722.4320037207654,inf
17,138,inf,inf,inf,381.65953414005,inf
17,139,inf,inf,inf,1278.406821008086,inf
17,140,inf,inf,inf,383.8814921300583,inf
17,141,inf,inf,inf,1169.381460431112,inf
17,142,inf,inf,inf,411.3222580896881,inf
17,143,inf,inf,inf,188.04520733057782,inf
18,19,inf,inf,inf,634.4540960542378,inf
18,20,inf,inf,inf,1170.0341875347062,inf
18,21,inf,inf,inf,748.0761993273145,inf
18,22,inf,inf,inf,1257.6553581963542,inf
18,23,inf,inf,inf,1225.284456769121,inf
18,24,inf,inf,inf,659.8257345693634,inf
18,25,inf,inf,inf,613.4704556863354,inf
18,26,inf,inf,inf,956.8165968460204,inf
18,27,inf,inf,inf,782.683205390278,inf
18,28,inf,inf,inf,1267.048933545978,inf
18,29,inf,inf,inf,1478.4143532853027,inf
18,30,inf,inf,inf,468.85605466923425,inf
18,31,inf,inf,inf,876.9908779457173,inf
18,32,inf,inf,inf,607.7408987389281,inf
18,33,inf,inf,inf,876.4456628907465,inf
18,34,inf,inf,inf,955.3554312401222,inf
18,35,inf,inf,inf,1026.607032900126,inf
18,36,inf,inf,inf,748.0775360883389,inf
18,37,inf,inf,inf,1364.970329347858,inf
18,38,inf,inf,inf,1238.0375600118116,inf
18,39,inf,inf,inf,1318.9943138618908,inf
18,40,inf,inf,inf,746.00268096033,inf
18,41,inf,inf,inf,502.3196193659969,inf
18,42,inf,inf,inf,1124.6017072724014,inf
18,43,inf,inf,inf,1079.1200118615168,inf
18,44,inf,inf,inf,343.3380258579,inf
18,45,inf,inf,inf,943.996822028549,inf
18,46,inf,inf,inf,628.3183906269178,inf
18,47,inf,inf,inf,925.8217971078451,inf
18,48,inf,inf,inf,1445.401674276047,inf
18,49,inf,inf,inf,907.0198454278716,inf
18,50,inf,inf,inf,686.2251817005844,inf
18,51,inf,inf,inf,1268.9783292081863,inf
18,52,inf,inf,inf,768.600026021337,inf
18,53,inf,inf,inf,663.9307192772451,inf
18,54,inf,inf,inf,760.9448074597789,inf
18,55,inf,inf,inf,1256.382505449674,inf
18,56,inf,inf,inf,1398.5056310219134,inf
18,57,inf,inf,inf,1287.729785319886,inf
18,58,inf,inf,inf,1248.8218447801112,inf
18,59,inf,inf,inf,709.3581605930815,inf
18,60,inf,inf,inf,370.2175036380641,inf
18,61,inf,inf,inf,86.28441342444185,inf
18,62,inf,inf,inf,215.23243250030885,inf
18,63,inf,inf,inf,1157.601399446286,inf
18,64,inf,inf,inf,1313.9140002298477,inf
18,65,inf,inf,inf,980.2331355346033,inf
18,66,inf,inf,inf,534.2518132865812,inf
18,67,inf,inf,inf,1101.5557180642293,inf
18,68,inf,inf,inf,609.6047900074277,inf
18,69,inf,inf,inf,1221.8727429646674,inf
18,70,inf,inf,inf,1261.2347124940702,inf
18,71,inf,inf,inf,579.1752757153916,inf
18,72,inf,inf,inf,1424.6617142325401,inf
18,73,inf,inf,inf,400.10623589241897,inf
18,74,inf,inf,inf,880.7723883047197,inf
18,75,inf,inf,inf,1030.0820355680416,inf
18,76,inf,inf,inf,598.5123223459982,inf
18,77,inf,inf,inf,837.3679000296106,inf
18,78,inf,inf,inf,761.6035714201976,inf
18,79,inf,inf,inf,1146.9546634457702,inf
18,80,inf,inf,inf,1235.2347954943627,inf
18,81,inf,inf,inf,1145.7888112562455,inf
18,82,inf,inf,inf,817.2539385038166,inf
18,83,inf,inf,inf,406.15391171328145,inf
18,84,inf,inf,inf,1321.517688114692,inf
18,85,inf,inf,inf,210.92415698539605,inf
18,86,inf,inf,inf,987.486708771313,inf
18,87,inf,inf,inf,1025.2804494381037,inf
18,88,inf,inf,inf,1045.2990002865208,inf
18,89,inf,inf,inf,740.4133980419317,inf
18,90,inf,inf,inf,1115.9793904907026,inf
18,91,inf,inf,inf,1417.3785662271036,inf
18,92,inf,inf,inf,679.3599929345265,inf
18,93,inf,inf,inf,1450.5754030728633,inf
18,94,inf,inf,inf,1051.2640010958237,inf
18,95,inf,inf,inf,172.53985046939155,inf
18,96,inf,inf,inf,1214.1334358298514,inf
18,97,inf,inf,inf,733.4309783476562,inf
18,98,inf,inf,inf,555.5033753272792,inf
18,99,inf,inf,inf,462.0822437618654,inf
18,100,inf,inf,inf,1339.9541036916153,inf
18,101,inf,inf,inf,603.4608520857007,inf
18,102,inf,inf,inf,1151.2167476196653,inf
18,103,inf,inf,inf,829.9138509508081,inf
18,104,inf,inf,inf,1146.7528068419977,inf
18,105,inf,inf,inf,267.1722290957651,inf
18,106,inf,inf,inf,694.5250175479642,inf
18,107,inf,inf,inf,444.4603469377218,inf
18,108,inf,inf,inf,1377.6421886687415,inf
18,109,inf,inf,inf,829.8674592969651,inf
18,110,inf,inf,inf,1432.0045390989512,inf
18,111,inf,inf,inf,1142.0070052324547,inf
18,112,inf,inf,inf,1348.3656774035744,inf
18,113,inf,inf,inf,938.5542072784076,inf
18,114,inf,inf,inf,834.2865215260282,inf
18,115,inf,inf,inf,634.814146030159,inf
18,116,inf,inf,inf,1063.4857779961142,inf
18,117,inf,inf,inf,971.6799884735715,inf
18,118,inf,inf,inf,1228.7737790171143,inf
18,119,inf,inf,inf,1326.111986221375,inf
18,120,inf,inf,inf,494.48963588734597,inf
18,121,inf,inf,inf,1240.2552156713552,inf
18,122,inf,inf,inf,766.0815883442181,inf
18,123,inf,inf,inf,840.8406507775418,inf
18,124,inf,inf,inf,932.5368625421731,inf
18,125,inf,inf,inf,871.0826596827651,inf
18,126,inf,inf,inf,941.7876618431567,inf
18,127,inf,inf,inf,1019.3296817026373,inf
18,128,inf,inf,inf,1303.0648487316355,inf
18,129,inf,inf,inf,726.7255327838702,inf
18,130,inf,inf,inf,814.9564405537268,inf
18,131,inf,inf,inf,941.271480498586,inf
18,132,inf,inf,inf,1057.9210745608577,inf
18,133,inf,inf,inf,938.9531404708118,inf
18,134,inf,inf,inf,701.2481729031456,inf
18,135,inf,inf,inf,559.8115754430235,inf
18,136,inf,inf,inf,286.93204770467867,inf
18,137,inf,inf,inf,1140.7335359320334,inf
18,138,inf,inf,inf,1077.007428015239,inf
18,139,inf,inf,inf,466.56725131539184,inf
18,140,inf,inf,inf,1371.3482416950117,inf
18,141,inf,inf,inf,323.3852192045889,inf
18,142,inf,inf,inf,966.5924684167574,inf
18,143,inf,inf,inf,1460.280794915827,inf
19,20,inf,inf,inf,754.4852549917725,inf
19,21,inf,inf,inf,244.80604567698077,inf
19,22,inf,inf,inf,667.8839719592019,inf
19,23,inf,inf,inf,950.5040767929404,inf
19,24,inf,inf,inf,889.9943820047405,inf
19,25,inf,inf,inf,213.88314566603887,inf
19,26,inf,inf,inf,352.1959681768092,inf
19,27,inf,inf,inf,929.0710414171782,inf
19,28,inf,inf,inf,702.8548925631804,inf
19,29,inf,inf,inf,950.8969449945668,inf
19,30,inf,inf,inf,477.4620403759863,inf
19,31,inf,inf,inf,765.0731991123464,inf
19,32,inf,inf,inf,91.19758768739445,inf
19,33,inf,inf,inf,563.848383876375,inf
19,34,inf,inf,inf,510.9716234782515,inf
19,35,inf,inf,inf,702.163798554155,inf
19,36,inf,inf,inf,252.1269521491108,inf
19,37,inf,inf,inf,805.4638415223864,inf
19,38,inf,inf,inf,922.9891657002264,inf
19,39,inf,inf,inf,842.1080690742726,inf
19,40,inf,inf,inf,314.0,inf
19,41,inf,inf,inf,165.59287424282482,inf
19,42,inf,inf,inf,947.1140374843992,inf
19,43,inf,inf,inf,778.249317378435,inf
19,44,inf,inf,inf,385.8250899047391,inf
19,45,inf,inf,inf,961.2002913024944,inf
19,46,inf,inf,inf,290.68883707497264,inf
19,47,inf,inf,inf,463.49325777189034,inf
19,48,inf,inf,inf,1001.6636161905852,inf
19,49,inf,inf,inf,965.0020725366345,inf
19,50,inf,inf,inf,159.20113064925135,inf
19,51,inf,inf,inf,850.9911867933769,inf
19,52,inf,inf,inf,728.0453282591682,inf
19,53,inf,inf,inf,447.78566301300896,inf
19,54,inf,inf,inf,659.6279254246291,inf
19,55,inf,inf,inf,783.9215521976673,inf
19,56,inf,inf,inf,1023.606369655836,inf
19,57,inf,inf,inf,938.093811939936,inf
19,58,inf,inf,inf,812.4284583887987,inf
19,59,inf,inf,inf,82.00609733428362,inf
19,60,inf,inf,inf,313.9187793044564,inf
19,61,inf,inf,inf,596.7922586629287,inf
19,62,inf,inf,inf,555.4394656485979,inf
19,63,inf,inf,inf,1023.3498912884097,inf
19,64,inf,inf,inf,733.4425676220327,inf
19,65,inf,inf,inf,477.8629510644239,inf
19,66,inf,inf,inf,779.3952784049952,inf
19,67,inf,inf,inf,539.1446930092144,inf
19,68,inf,inf,inf,117.51595636338071,inf
19,69,inf,inf,inf,932.6548128863111,inf
19,70,inf,inf,inf,627.5770868984941,inf
19,71,inf,inf,inf,720.9438258283374,inf
19,72,inf,inf,inf,1013.647374583489,inf
19,73,inf,inf,inf,792.9394680554121,inf
19,74,inf,inf,inf,717.2977066741536,inf
19,75,inf,inf,inf,519.7355096585185,inf
19,76,inf,inf,inf,868.1295986199295,inf
19,77,inf,inf,inf,203.42320418280704,inf
19,78,inf,inf,inf,830.3180113667293,inf
19,79,inf,inf,inf,536.2098469815712,inf
19,80,inf,inf,inf,622.98394842885,inf
19,81,inf,inf,inf,602.8498983992615,inf
19,82,inf,inf,inf,611.8594609875703,inf
19,83,inf,inf,inf,433.91358586704797,inf
19,84,inf,inf,inf,1033.4006967290084,inf
19,85,inf,inf,inf,719.2753297590568,inf
19,86,inf,inf,inf,373.06567786383135,inf
19,87,inf,inf,inf,867.2185422371917,inf
19,88,inf,inf,inf,551.9438377226437,inf
19,89,inf,inf,inf,154.7384890710776,inf
19,90,inf,inf,inf,885.2445989668618,inf
19,91,inf,inf,inf,788.9702149004105,inf
19,92,inf,inf,inf,164.46884203398528,inf
19,93,inf,inf,inf,860.6956488794399,inf
19,94,inf,inf,inf,1004.1394325490858,inf
19,95,inf,inf,inf,704.8248009257336,inf
19,96,inf,inf,inf,698.3552104767315,inf
19,97,inf,inf,inf,160.0656115472652,inf
19,98,inf,inf,inf,463.1759924693852,inf
19,99,inf,inf,inf,482.06638546988523,inf
19,100,inf,inf,inf,706.632153245237,inf
19,101,inf,inf,inf,872.4133194764968,inf
19,102,inf,inf,inf,671.6308509888449,inf
19,103,inf,inf,inf,790.1069547852367,inf
19,104,inf,inf,inf,723.807985587338,inf
19,105,inf,inf,inf,388.0012886576538,inf
19,106,inf,inf,inf,78.74642849044012,inf
19,107,inf,inf,inf,329.9893937689513,inf
19,108,inf,inf,inf,882.5247871873062,inf
19,109,inf,inf,inf,684.6342089028271,inf
19,110,inf,inf,inf,811.9168676656496,inf
19,111,inf,inf,inf,623.698645180507,inf
19,112,inf,inf,inf,714.6873442282297,inf
19,113,inf,inf,inf,327.34080100103625,inf
19,114,inf,inf,inf,219.3855054464629,inf
19,115,inf,inf,inf,248.42906432219237,inf
19,116,inf,inf,inf,776.0270613838154,inf
19,117,inf,inf,inf,901.7505198224173,inf
19,118,inf,inf,inf,599.7907968617058,inf
19,119,inf,inf,inf,1035.425033500736,inf
19,120,inf,inf,inf,299.4461554269816,inf
19,121,inf,inf,inf,627.2933922814747,inf
19,122,inf,inf,inf,620.4715948373463,inf
19,123,inf,inf,inf,261.6046635669938,inf
19,124,inf,inf,inf,349.73847372000694,inf
19,125,inf,inf,inf,389.2826736447437,inf
19,126,inf,inf,inf,332.38531856867564,inf
19,127,inf,inf,inf,696.5235100124044,inf
19,128,inf,inf,inf,769.7648991737672,inf
19,129,inf,inf,inf,593.7558420765222,inf
19,130,inf,inf,inf,267.88430338487547,inf
19,131,inf,inf,inf,480.0041666485823,inf
19,132,inf,inf,inf,509.02750416848795,inf
19,133,inf,inf,inf,539.6156039256092,inf
19,134,inf,inf,inf,442.0916194636582,inf
19,135,inf,inf,inf,311.52046481732145,inf
19,136,inf,inf,inf,364.5737236828787,inf
19,137,inf,inf,inf,566.562441395474,inf
19,138,inf,inf,inf,637.2511278922933,inf
19,139,inf,inf,inf,819.6029526545155,inf
19,140,inf,inf,inf,736.9396176078471,inf
19,141,inf,inf,inf,464.47604889811055,inf
19,142,inf,inf,inf,335.6799070543246,inf
19,143,inf,inf,inf,856.2336129818777,inf
20,21,inf,inf,inf,511.85349466424475,inf
20,22,inf,inf,inf,439.9420416373048,inf
20,23,inf,inf,inf,297.56679922330045,inf
20,24,inf,inf,inf,911.7949330852854,inf
20,25,inf,inf,inf,606.0775527933698,inf
20,26,inf,inf,inf,513.0399594573506,inf
20,27,inf,inf,inf,832.2866092879303,inf
20,28,inf,inf,inf,357.6548615634911,inf
20,29,inf,inf,inf,381.2886046028651,inf
20,30,inf,inf,inf,1217.2896122123116,inf
20,31,inf,inf,inf,488.9836398081228,inf
20,32,inf,inf,inf,693.6548132897227,inf
20,33,inf,inf,inf,302.0149002946709,inf
20,34,inf,inf,inf,244.40130932546168,inf
20,35,inf,inf,inf,188.2817038376273,inf
20,36,inf,inf,inf,505.60063291099624,inf
20,37,inf,inf,inf,381.6438129984554,inf
20,38,inf,inf,inf,230.0195643852931,inf
20,39,inf,inf,inf,182.0164827701052,inf
20,40,inf,inf,inf,462.1558178796411,inf
20,41,inf,inf,inf,750.2352964237286,inf
20,42,inf,inf,inf,428.53354594477196,inf
20,43,inf,inf,inf,206.7849124090053,inf
20,44,inf,inf,inf,828.1575936982043,inf
20,45,inf,inf,inf,689.3025460565194,inf
20,46,inf,inf,inf,559.3174411727208,inf
20,47,inf,inf,inf,291.02920815615744,inf
20,48,inf,inf,inf,275.3942628305826,inf
20,49,inf,inf,inf,740.6949439546621,inf
20,50,inf,inf,inf,599.8341437430851,inf
20,51,inf,inf,inf,100.84641788382967,inf
20,52,inf,inf,inf,582.5066523225292,inf
20,53,inf,inf,inf,1199.5865954569515,inf
20,54,inf,inf,inf,520.1970780386987,inf
20,55,inf,inf,inf,135.28118864054971,inf
20,56,inf,inf,inf,270.2480342204176,inf
20,57,inf,inf,inf,204.3624231604235,inf
20,58,inf,inf,inf,82.60750571225353,inf
20,59,inf,inf,inf,693.6721127449193,inf
20,60,inf,inf,inf,819.985975489825,inf
20,61,inf,inf,inf,1182.8884140103833,inf
20,62,inf,inf,inf,1207.983857508038,inf
20,63,inf,inf,inf,520.2201457075648,inf
20,64,inf,inf,inf,424.3229901855425,inf
20,65,inf,inf,inf,1088.6877421924066,inf
20,66,inf,inf,inf,897.699838476091,inf
20,67,inf,inf,inf,350.03571246374275,inf
20,68,inf,inf,inf,871.2301647670379,inf
20,69,inf,inf,inf,268.6801071906888,inf
20,70,inf,inf,inf,714.1575456438167,inf
20,71,inf,inf,inf,786.9027894219209,inf
20,72,inf,inf,inf,263.9412813487121,inf
20,73,inf,inf,inf,1040.7578969193555,inf
20,74,inf,inf,inf,424.9470555257443,inf
20,75,inf,inf,inf,266.54267950930483,inf
20,76,inf,inf,inf,945.985729279253,inf
20,77,inf,inf,inf,678.973489909584,inf
20,78,inf,inf,inf,717.5318808248174,inf
20,79,inf,inf,inf,508.2764995551142,inf
20,80,inf,inf,inf,529.3666026488637,inf
20,81,inf,inf,inf,290.02758489495443,inf
20,82,inf,inf,inf,407.003685486999,inf
20,83,inf,inf,inf,1159.8555944599311,inf
20,84,inf,inf,inf,337.57517681251386,inf
20,85,inf,inf,inf,1113.1455430445742,inf
20,86,inf,inf,inf,537.2169021912844,inf
20,87,inf,inf,inf,432.3563345204971,inf
20,88,inf,inf,inf,225.85393509965684,inf
20,89,inf,inf,inf,605.3428780451621,inf
20,90,inf,inf,inf,331.60518693168837,inf
20,91,inf,inf,inf,711.6698672839816,inf
20,92,inf,inf,inf,597.8176979648562,inf
20,93,inf,inf,inf,523.6535113985201,inf
20,94,inf,inf,inf,624.4677733878667,inf
20,95,inf,inf,inf,1126.3436420560113,inf
20,96,inf,inf,inf,218.22007240398395,inf
20,97,inf,inf,inf,596.49392285253,inf
20,98,inf,inf,inf,1215.4291423196994,inf
20,99,inf,inf,inf,1220.3687967167957,inf
20,100,inf,inf,inf,841.0998751634671,inf
20,101,inf,inf,inf,946.7211838762245,inf
20,102,inf,inf,inf,140.0,inf
20,103,inf,inf,inf,582.261968533065,inf
20,104,inf,inf,inf,31.400636936215164,inf
20,105,inf,inf,inf,920.4830253730918,inf
20,106,inf,inf,inf,682.6660970049707,inf
20,107,inf,inf,inf,730.1540933255117,inf
20,108,inf,inf,inf,251.78165143631892,inf
20,109,inf,inf,inf,457.23079511336505,inf
20,110,inf,inf,inf,654.1444794538894,inf
20,111,inf,inf,inf,230.07824755939012,inf
20,112,inf,inf,inf,836.8094167730188,inf
20,113,inf,inf,inf,833.6234161778326,inf
20,114,inf,inf,inf,595.0210080324896,inf
20,115,inf,inf,inf,997.8842618259895,inf
20,116,inf,inf,inf,229.14187744713973,inf
20,117,inf,inf,inf,560.0446410778341,inf
20,118,inf,inf,inf,637.0784881001712,inf
20,119,inf,inf,inf,336.5248876383439,inf
20,120,inf,inf,inf,685.0780977377689,inf
20,121,inf,inf,inf,952.756527135868,inf
20,122,inf,inf,inf,479.0167011702202,inf
20,123,inf,inf,inf,518.3483384751995,inf
20,124,inf,inf,inf,468.10789354592174,inf
20,125,inf,inf,inf,365.20268345125834,inf
20,126,inf,inf,inf,533.0816072610271,inf
20,127,inf,inf,inf,193.7446773462435,inf
20,128,inf,inf,inf,284.8613697923957,inf
20,129,inf,inf,inf,506.377329666327,inf
20,130,inf,inf,inf,492.19711498544973,inf
20,131,inf,inf,inf,1128.8312539968053,inf
20,132,inf,inf,inf,330.6433123473088,inf
20,133,inf,inf,inf,235.1361307838504,inf
20,134,inf,inf,inf,1188.7392481112079,inf
20,135,inf,inf,inf,617.1393683763822,inf
20,136,inf,inf,inf,1013.2176469051454,inf
20,137,inf,inf,inf,1033.4993952586524,inf
20,138,inf,inf,inf,118.1905241548577,inf
20,139,inf,inf,inf,1012.654432666939,inf
20,140,inf,inf,inf,796.5575936490719,inf
20,141,inf,inf,inf,1162.3536467013814,inf
20,142,inf,inf,inf,626.7256177945816,inf
20,143,inf,inf,inf,585.4912467321778,inf
21,22,inf,inf,inf,511.5593807174295,inf
21,23,inf,inf,inf,709.6618913257214,inf
21,24,inf,inf,inf,798.2831577830012,inf
21,25,inf,inf,inf,135.82341477079717,inf
21,26,inf,inf,inf,237.39418695494632,inf
21,27,inf,inf,inf,801.3869227782545,inf
21,28,inf,inf,inf,519.6508443176052,inf
21,29,inf,inf,inf,745.0563737060438,inf
21,30,inf,inf,inf,707.6072356894042,inf
21,31,inf,inf,inf,570.106130470459,inf
21,32,inf,inf,inf,183.48024416813925,inf
21,33,inf,inf,inf,332.3627536292236,inf
21,34,inf,inf,inf,267.5256997000475,inf
21,35,inf,inf,inf,460.9902385083658,inf
21,36,inf,inf,inf,9.055385138137417,inf
21,37,inf,inf,inf,619.0072697472947,inf
21,38,inf,inf,inf,679.2002650176162,inf
21,39,inf,inf,inf,613.5535836420484,inf
21,40,inf,inf,inf,85.05292469985967,inf
21,41,inf,inf,inf,260.09421369957465,inf
21,42,inf,inf,inf,721.726402454559,inf
21,43,inf,inf,inf,537.9386582129973,inf
21,44,inf,inf,inf,421.5839180993506,inf
21,45,inf,inf,inf,786.6409600319577,inf
21,46,inf,inf,inf,157.07959765672945,inf
21,47,inf,inf,inf,221.35943621178654,inf
21,48,inf,inf,inf,766.8246214096154,inf
21,49,inf,inf,inf,803.1319941329695,inf
21,50,inf,inf,inf,88.0056816347672,inf
21,51,inf,inf,inf,609.8426026443217,inf
21,52,inf,inf,inf,562.7503887159919,inf
21,53,inf,inf,inf,692.5272557813158,inf
21,54,inf,inf,inf,484.24890294145223,inf
21,55,inf,inf,inf,552.9602155670876,inf
21,56,inf,inf,inf,779.8717843338096,inf
21,57,inf,inf,inf,693.2892614197915,inf
21,58,inf,inf,inf,573.5660380461869,inf
21,59,inf,inf,inf,197.25364381932212,inf
21,60,inf,inf,inf,378.3186487605389,inf
21,61,inf,inf,inf,736.0006793475126,inf
21,62,inf,inf,inf,731.1149020502864,inf
21,63,inf,inf,inf,803.8737463059731,inf
21,64,inf,inf,inf,565.9717307427995,inf
21,65,inf,inf,inf,659.4732746669875,inf
21,66,inf,inf,inf,712.8344828920666,inf
21,67,inf,inf,inf,353.5434909597403,inf
21,68,inf,inf,inf,362.3147802671042,inf
21,69,inf,inf,inf,690.6699645995908,inf
21,70,inf,inf,inf,580.6901066834185,inf
21,71,inf,inf,inf,627.1475105587201,inf
21,72,inf,inf,inf,773.3130026063185,inf
21,73,inf,inf,inf,780.6004099409633,inf
21,74,inf,inf,inf,511.8222347651575,inf
21,75,inf,inf,inf,296.3865718955567,inf
21,76,inf,inf,inf,794.7030892100521,inf
21,77,inf,inf,inf,250.15395259719563,inf
21,78,inf,inf,inf,688.2165356920742,inf
21,79,inf,inf,inf,416.8896736547932,inf
21,80,inf,inf,inf,502.8130865440954,inf
21,81,inf,inf,inf,401.6590594023742,inf
21,82,inf,inf,inf,407.09949643791015,inf
21,83,inf,inf,inf,653.8447828039924,inf
21,84,inf,inf,inf,790.3954706347956,inf
21,85,inf,inf,inf,767.0,inf
21,86,inf,inf,inf,277.5463925184401,inf
21,87,inf,inf,inf,650.3552875159854,inf
21,88,inf,inf,inf,322.0993635510632,inf
21,89,inf,inf,inf,112.79184367674819,inf
21,90,inf,inf,inf,652.1748231877707,inf
21,91,inf,inf,inf,704.2641549873173,inf
21,92,inf,inf,inf,86.83317338436964,inf
21,93,inf,inf,inf,703.1991183157157,inf
21,94,inf,inf,inf,807.3276905940983,inf
21,95,inf,inf,inf,764.8293927406295,inf
21,96,inf,inf,inf,482.56191312618114,inf
21,97,inf,inf,inf,98.35141076771599,inf
21,98,inf,inf,inf,703.5865263064665,inf
21,99,inf,inf,inf,711.1075867968221,inf
21,100,inf,inf,inf,691.6885137111935,inf
21,101,inf,inf,inf,798.0507502659214,inf
21,102,inf,inf,inf,440.4020890050364,inf
21,103,inf,inf,inf,615.6890448919812,inf
21,104,inf,inf,inf,481.60149501429083,inf
21,105,inf,inf,inf,480.9293087346622,inf
21,106,inf,inf,inf,180.24705268048075,inf
21,107,inf,inf,inf,324.2360251421794,inf
21,108,inf,inf,inf,660.9841147864297,inf
21,109,inf,inf,inf,489.29541179128177,inf
21,110,inf,inf,inf,702.778058849307,inf
21,111,inf,inf,inf,407.54140893901814,inf
21,112,inf,inf,inf,695.761453373209,inf
21,113,inf,inf,inf,436.57072737415643,inf
21,114,inf,inf,inf,173.95401691251627,inf
21,115,inf,inf,inf,492.309861774066,inf
21,116,inf,inf,inf,537.5872022286245,inf
21,117,inf,inf,inf,706.0254952903613,inf
21,118,inf,inf,inf,526.4988129141414,inf
21,119,inf,inf,inf,792.2278712592735,inf
21,120,inf,inf,inf,271.8124353299532,inf
21,121,inf,inf,inf,685.0262768682672,inf
21,122,inf,inf,inf,436.0103209787585,inf
21,123,inf,inf,inf,119.75391434103521,inf
21,124,inf,inf,inf,195.5326059765992,inf
21,125,inf,inf,inf,148.35430563350698,inf
21,126,inf,inf,inf,231.93533581582605,inf
21,127,inf,inf,inf,455.7159202836785,inf
21,128,inf,inf,inf,564.8681262029218,inf
21,129,inf,inf,inf,420.1951927378513,inf
21,130,inf,inf,inf,73.78346698278686,inf
21,131,inf,inf,inf,680.3249223716562,inf
21,132,inf,inf,inf,311.02572240893517,inf
21,133,inf,inf,inf,295.16944286290885,inf
21,134,inf,inf,inf,685.6157816153301,inf
21,135,inf,inf,inf,227.26416347501865,inf
21,136,inf,inf,inf,530.7541803886239,inf
21,137,inf,inf,inf,684.1059859407751,inf
21,138,inf,inf,inf,395.8547713492917,inf
21,139,inf,inf,inf,786.7026121731134,inf
21,140,inf,inf,inf,696.116369581983,inf
21,141,inf,inf,inf,666.0,inf
21,142,inf,inf,inf,306.8110167513546,inf
21,143,inf,inf,inf,717.1624641599698,inf
22,23,inf,inf,inf,736.9185843768631,inf
22,24,inf,inf,inf,1219.8331853167465,inf
22,25,inf,inf,inf,647.3801047298256,inf
22,26,inf,inf,inf,315.729314445143,inf
22,27,inf,inf,inf,1177.115117564973,inf
22,28,inf,inf,inf,93.39164844888434,inf
22,29,inf,inf,inf,336.58579886857973,inf
22,30,inf,inf,inf,1132.811105171555,inf
22,31,inf,inf,inf,855.0146197580483,inf
22,32,inf,inf,inf,659.6377793910837,inf
22,33,inf,inf,inf,586.100673946038,inf
22,34,inf,inf,inf,405.18761086686743,inf
22,35,inf,inf,inf,576.0321171601458,inf
22,36,inf,inf,inf,512.7231221624396,inf
22,37,inf,inf,inf,166.24379687675568,inf
22,38,inf,inf,inf,666.1080993352356,inf
22,39,inf,inf,inf,355.95083930228344,inf
22,40,inf,inf,inf,534.6297784448599,inf
22,41,inf,inf,inf,758.916332674426,inf
22,42,inf,inf,inf,860.4243139288894,inf
22,43,inf,inf,inf,628.0262733357579,inf
22,44,inf,inf,inf,932.489142027938,inf
22,45,inf,inf,inf,1079.1705147936539,inf
22,46,inf,inf,inf,652.6446199885509,inf
22,47,inf,inf,inf,398.62890010635203,inf
22,48,inf,inf,inf,511.00391387933615,inf
22,49,inf,inf,inf,1120.258005996833,inf
22,50,inf,inf,inf,572.700619870452,inf
22,51,inf,inf,inf,469.0,inf
22,52,inf,inf,inf,913.29130073597,inf
22,53,inf,inf,inf,1040.156238264233,inf
22,54,inf,inf,inf,834.3967881050357,inf
22,55,inf,inf,inf,340.0941046239996,inf
22,56,inf,inf,inf,633.7136577351005,inf
22,57,inf,inf,inf,622.4250958950804,inf
22,58,inf,inf,inf,420.14402292547254,inf
22,59,inf,inf,inf,586.1825654179762,inf
22,60,inf,inf,inf,889.1906432256246,inf
22,61,inf,inf,inf,1239.628976750705,inf
22,62,inf,inf,inf,1218.041050211363,inf
22,63,inf,inf,inf,953.8637219225816,inf
22,64,inf,inf,inf,71.19691004531025,inf
22,65,inf,inf,inf,801.6445596397446,inf
22,66,inf,inf,inf,1165.2476131706942,inf
22,67,inf,inf,inf,168.43990026119107,inf
22,68,inf,inf,inf,758.7733521941846,inf
22,69,inf,inf,inf,707.7697365669148,inf
22,70,inf,inf,inf,294.5165530152762,inf
22,71,inf,inf,inf,1062.8099547896604,inf
22,72,inf,inf,inf,571.4157855712423,inf
22,73,inf,inf,inf,1265.8119923590548,inf
22,74,inf,inf,inf,783.8016330679593,inf
22,75,inf,inf,inf,284.60850303530987,inf
22,76,inf,inf,inf,1235.010121416015,inf
22,77,inf,inf,inf,492.03658400570174,inf
22,78,inf,inf,inf,1056.0705468859549,inf
22,79,inf,inf,inf,150.23315213360866,inf
22,80,inf,inf,inf,106.10372283760829,inf
22,81,inf,inf,inf,170.3202865192517,inf
22,82,inf,inf,inf,716.7265866423542,inf
22,83,inf,inf,inf,1098.3924617366963,inf
22,84,inf,inf,inf,765.265966837674,inf
22,85,inf,inf,inf,1274.4332073514092,inf
22,86,inf,inf,inf,300.04166377354994,inf
22,87,inf,inf,inf,844.7869553917129,inf
22,88,inf,inf,inf,301.42494919963076,inf
22,89,inf,inf,inf,527.0607175648742,inf
22,90,inf,inf,inf,763.7702534139438,inf
22,91,inf,inf,inf,273.9069184960467,inf
22,92,inf,inf,inf,578.8790892751266,inf
22,93,inf,inf,inf,194.164878389476,inf
22,94,inf,inf,inf,1038.9422505606362,inf
22,95,inf,inf,inf,1274.4210450239748,inf
22,96,inf,inf,inf,223.6358647444546,inf
22,97,inf,inf,inf,530.5431179461289,inf
22,98,inf,inf,inf,1098.0550987996915,inf
22,99,inf,inf,inf,1138.5820128563423,inf
22,100,inf,inf,inf,413.03752856126766,inf
22,101,inf,inf,inf,1237.2372448322108,inf
22,102,inf,inf,inf,304.54720487963766,inf
22,103,inf,inf,inf,937.8965827851171,inf
22,104,inf,inf,inf,420.2011423116315,inf
22,105,inf,inf,inf,990.6947057494554,inf
22,106,inf,inf,inf,591.2224623608274,inf
22,107,inf,inf,inf,833.3090663133337,inf
22,108,inf,inf,inf,343.3846240005513,inf
22,109,inf,inf,inf,795.2741665614444,inf
22,110,inf,inf,inf,228.40315234251912,inf
22,111,inf,inf,inf,223.16137658654108,inf
22,112,inf,inf,inf,406.77880967425034,inf
22,113,inf,inf,inf,560.040177130177,inf
22,114,inf,inf,inf,448.68363018946883,inf
22,115,inf,inf,inf,852.5784421389037,inf
22,116,inf,inf,inf,646.1648396500694,inf
22,117,inf,inf,inf,958.8498318297814,inf
22,118,inf,inf,inf,223.0201784592596,inf
22,119,inf,inf,inf,762.9469182059785,inf
22,120,inf,inf,inf,780.4389790367983,inf
22,121,inf,inf,inf,561.7917763727055,inf
22,122,inf,inf,inf,782.0805585104389,inf
22,123,inf,inf,inf,419.86902719776793,inf
22,124,inf,inf,inf,326.88224179358537,inf
22,125,inf,inf,inf,416.85009295908765,inf
22,126,inf,inf,inf,336.1621632486321,inf
22,127,inf,inf,inf,577.4790039473297,inf
22,128,inf,inf,inf,200.81085628023203,inf
22,129,inf,inf,inf,791.0935469336101,inf
22,130,inf,inf,inf,442.7471061452576,inf
22,131,inf,inf,inf,859.4492422476152,inf
22,132,inf,inf,inf,218.4902743830947,inf
22,133,inf,inf,inf,467.3093194020423,inf
22,134,inf,inf,inf,1014.4801624477435,inf
22,135,inf,inf,inf,726.9731769467152,inf
22,136,inf,inf,inf,1020.2161535674683,inf
22,137,inf,inf,inf,683.3227641459049,inf
22,138,inf,inf,inf,384.15882132263994,inf
22,139,inf,inf,inf,1259.4991067880915,inf
22,140,inf,inf,inf,360.11248242736605,inf
22,141,inf,inf,inf,1132.3360808523237,inf
22,142,inf,inf,inf,370.0216209899092,inf
22,143,inf,inf,inf,207.85812469085735,inf
23,24,inf,inf,inf,802.3989032893801,inf
23,25,inf,inf,inf,761.4328598110276,inf
23,26,inf,inf,inf,779.5434561331396,inf
23,27,inf,inf,inf,688.576066967187,inf
23,28,inf,inf,inf,652.2001226617487,inf
23,29,inf,inf,inf,610.2106193766215,inf
23,30,inf,inf,inf,1374.6184925280177,inf
23,31,inf,inf,inf,378.910279617748,inf
23,32,inf,inf,inf,873.0091637548829,inf
23,33,inf,inf,inf,392.9796432386797,inf
23,34,inf,inf,inf,468.11323416455554,inf
23,35,inf,inf,inf,248.68453912537467,inf
23,36,inf,inf,inf,701.4456500684853,inf
23,37,inf,inf,inf,661.3093073592719,inf
23,38,inf,inf,inf,77.38862965578342,inf
23,39,inf,inf,inf,426.82549127248717,inf
23,40,inf,inf,inf,636.6301909271975,inf
23,41,inf,inf,inf,898.90655799143,inf
23,42,inf,inf,inf,181.59570479501986,inf
23,43,inf,inf,inf,172.28464818433474,inf
23,44,inf,inf,inf,906.192584388109,inf
23,45,inf,inf,inf,498.60605692269723,inf
23,46,inf,inf,inf,694.5228577951916,inf
23,47,inf,inf,inf,515.9263513332111,inf
23,48,inf,inf,inf,395.7473941796711,inf
23,49,inf,inf,inf,560.040177130177,inf
23,50,inf,inf,inf,791.5611157706018,inf
23,51,inf,inf,inf,288.0277764383151,inf
23,52,inf,inf,inf,497.63038492439347,inf
23,53,inf,inf,inf,1395.8402487390883,inf
23,54,inf,inf,inf,473.76048801055583,inf
23,55,inf,inf,inf,409.6644968751869,inf
23,56,inf,inf,inf,244.49948875202173,inf
23,57,inf,inf,inf,149.96666296213968,inf
23,58,inf,inf,inf,328.1249761904753,inf
23,59,inf,inf,inf,906.1992054730571,inf
23,60,inf,inf,inf,922.6055495172354,inf
23,61,inf,inf,inf,1258.1148596213304,inf
23,62,inf,inf,inf,1311.3432045044501,inf
23,63,inf,inf,inf,253.9310930154084,inf
23,64,inf,inf,inf,716.7537931535486,inf
23,65,inf,inf,inf,1343.0655233457526,inf
23,66,inf,inf,inf,831.6231117519523,inf
23,67,inf,inf,inf,641.1528678872146,inf
23,68,inf,inf,inf,1066.967665864341,inf
23,69,inf,inf,inf,29.410882339705484,inf
23,70,inf,inf,inf,1010.4439618306401,inf
23,71,inf,inf,inf,726.720028621752,inf
23,72,inf,inf,inf,321.2864765283469,inf
23,73,inf,inf,inf,999.710458082739,inf
23,74,inf,inf,inf,350.6821923052267,inf
23,75,inf,inf,inf,539.8120043126125,inf
23,76,inf,inf,inf,853.2344343731095,inf
23,77,inf,inf,inf,922.7204343678534,inf
23,78,inf,inf,inf,596.4109321600334,inf
23,79,inf,inf,inf,802.0056109529409,inf
23,80,inf,inf,inf,826.804088040208,inf
23,81,inf,inf,inf,586.046073274107,inf
23,82,inf,inf,inf,409.69500851242987,inf
23,83,inf,inf,inf,1308.061542894676,inf
23,84,inf,inf,inf,96.25487000666512,inf
23,85,inf,inf,inf,1118.6800257446273,inf
23,86,inf,inf,inf,809.9604928636952,inf
23,87,inf,inf,inf,246.9534369066363,inf
23,88,inf,inf,inf,500.1119874588091,inf
23,89,inf,inf,inf,818.6049108086269,inf
23,90,inf,inf,inf,120.06664815842908,inf
23,91,inf,inf,inf,1007.0868880091728,inf
23,92,inf,inf,inf,786.0432558072107,inf
23,93,inf,inf,inf,802.2250307737849,inf
23,94,inf,inf,inf,396.547601177967,inf
23,95,inf,inf,inf,1141.0065731624861,inf
23,96,inf,inf,inf,513.8423882865251,inf
23,97,inf,inf,inf,806.1048318922298,inf
23,98,inf,inf,inf,1390.1115063188277,inf
23,99,inf,inf,inf,1376.0763060237612,inf
23,100,inf,inf,inf,1137.9582593399462,inf
23,101,inf,inf,inf,852.3667051216864,inf
23,102,inf,inf,inf,436.74477672892664,inf
23,103,inf,inf,inf,463.0,inf
23,104,inf,inf,inf,320.62439083762797,inf
23,105,inf,inf,inf,1010.1291996571528,inf
23,106,inf,inf,inf,889.9061748296839,inf
23,107,inf,inf,inf,823.8816662603921,inf
23,108,inf,inf,inf,485.9629615515981,inf
23,109,inf,inf,inf,401.06109260310956,inf
23,110,inf,inf,inf,946.3345074549485,inf
23,111,inf,inf,inf,526.0361204328083,inf
23,112,inf,inf,inf,1133.9029940872367,inf
23,113,inf,inf,inf,1093.658996214085,inf
23,114,inf,inf,inf,835.2676217835814,inf
23,115,inf,inf,inf,1198.8265095500683,inf
23,116,inf,inf,inf,176.91806012954132,inf
23,117,inf,inf,inf,373.1005226477176,inf
23,118,inf,inf,inf,933.2872012408614,inf
23,119,inf,inf,inf,101.01980003939822,inf
23,120,inf,inf,inf,791.9760097376687,inf
23,121,inf,inf,inf,1241.7942663742654,inf
23,122,inf,inf,inf,460.00108695523755,inf
23,123,inf,inf,inf,754.7006028883242,inf
23,124,inf,inf,inf,727.3492971055929,inf
23,125,inf,inf,inf,583.7233933979346,inf
23,126,inf,inf,inf,796.7697283406292,inf
23,127,inf,inf,inf,254.09643838511394,inf
23,128,inf,inf,inf,568.1478680766126,inf
23,129,inf,inf,inf,498.96693277210267,inf
23,130,inf,inf,inf,715.7653246700346,inf
23,131,inf,inf,inf,1375.3232347342932,inf
23,132,inf,inf,inf,614.4664352102562,inf
23,133,inf,inf,inf,419.10022667614965,inf
23,134,inf,inf,inf,1392.4787251516627,inf
23,135,inf,inf,inf,728.1325428793854,inf
23,136,inf,inf,inf,1133.2078361889314,inf
23,137,inf,inf,inf,1310.2583714672462,inf
23,138,inf,inf,inf,384.1939614309418,inf
23,139,inf,inf,inf,954.5286795062786,inf
23,140,inf,inf,inf,1094.1233934067948,inf
23,141,inf,inf,inf,1292.6685576743948,inf
23,142,inf,inf,inf,895.4914851633152,inf
23,143,inf,inf,inf,869.2398978417868,inf
24,25,inf,inf,inf,705.8668429668587,inf
24,26,inf,inf,inf,1026.8028048267106,inf
24,27,inf,inf,inf,141.90489773083945,inf
24,28,inf,inf,inf,1180.0953351318697,inf
24,29,inf,inf,inf,1291.0712606204197,inf
24,30,inf,inf,inf,1046.5658125507446,inf
24,31,inf,inf,inf,434.6596369574704,inf
24,32,inf,inf,inf,805.6630809463718,inf
24,33,inf,inf,inf,643.1834885940403,inf
24,34,inf,inf,inf,816.3687892123265,inf
24,35,inf,inf,inf,723.8618652754129,inf
24,36,inf,inf,inf,791.2938771404717,inf
24,37,inf,inf,inf,1249.69516282972,inf
24,38,inf,inf,inf,851.5239280255136,inf
24,39,inf,inf,inf,1093.548352840422,inf
24,40,inf,inf,inf,730.2013420968219,inf
24,41,inf,inf,inf,731.7301415139327,inf
24,42,inf,inf,inf,639.3786045841697,inf
24,43,inf,inf,inf,729.8013428324176,inf
24,44,inf,inf,inf,543.9420925061785,inf
24,45,inf,inf,inf,349.7484810546002,inf
24,46,inf,inf,inf,647.0935017445315,inf
24,47,inf,inf,inf,821.8223652347264,inf
24,48,inf,inf,inf,1151.9392345084875,inf
24,49,inf,inf,inf,292.9453874018159,inf
24,50,inf,inf,inf,808.1169469823041,inf
24,51,inf,inf,inf,984.7578382526335,inf
24,52,inf,inf,inf,329.4237392781522,inf
24,53,inf,inf,inf,1185.3547992057063,inf
24,54,inf,inf,inf,395.8042445452044,inf
24,55,inf,inf,inf,1040.8693481892913,inf
24,56,inf,inf,inf,1036.4246234049053,inf
24,57,inf,inf,inf,923.853884551015,inf
24,58,inf,inf,inf,991.4282626594826,inf
24,59,inf,inf,inf,917.0087240588281,inf
24,60,inf,inf,inf,615.929379068737,inf
24,61,inf,inf,inf,734.006130764587,inf
24,62,inf,inf,inf,846.7614776310977,inf
24,63,inf,inf,inf,626.2786919575022,inf
24,64,inf,inf,inf,1246.4108471928507,inf
24,65,inf,inf,inf,1363.784807071849,inf
24,66,inf,inf,inf,131.24404748406687,inf
24,67,inf,inf,inf,1054.516476874591,inf
24,68,inf,inf,inf,954.6936681470136,inf
24,69,inf,inf,inf,813.9907861886398,inf
24,70,inf,inf,inf,1369.8018104820858,inf
24,71,inf,inf,inf,172.19175357722565,inf
24,72,inf,inf,inf,1097.0291700770767,inf
24,73,inf,inf,inf,276.58814146669414,inf
24,74,inf,inf,inf,489.5406009719725,inf
24,75,inf,inf,inf,935.4448139788899,inf
24,76,inf,inf,inf,67.62396025078685,inf
24,77,inf,inf,inf,1026.8032917750118,inf
24,78,inf,inf,inf,206.0728026693479,inf
24,79,inf,inf,inf,1179.5359256928125,inf
24,80,inf,inf,inf,1253.7053082762313,inf
24,81,inf,inf,inf,1056.3304407239243,inf
24,82,inf,inf,inf,515.1873445650621,inf
24,83,inf,inf,inf,970.1407114434483,inf
24,84,inf,inf,inf,888.2978104217076,inf
24,85,inf,inf,inf,464.4362173646668,inf
24,86,inf,inf,inf,1068.8011976041194,inf
24,87,inf,inf,inf,555.865091546501,inf
24,88,inf,inf,inf,923.6124728477848,inf
24,89,inf,inf,inf,877.989749370686,inf
24,90,inf,inf,inf,683.1954332400064,inf
24,91,inf,inf,inf,1466.556511014833,inf
24,92,inf,inf,inf,796.9366348713052,inf
24,93,inf,inf,inf,1378.3689636668405,inf
24,94,inf,inf,inf,477.0932822834545,inf
24,95,inf,inf,inf,501.5376356765263,inf
24,96,inf,inf,inf,1066.887997870442,inf
24,97,inf,inf,inf,862.4227501637465,inf
24,98,inf,inf,inf,1111.3892207503184,inf
24,99,inf,inf,inf,1042.8278860866735,inf
24,100,inf,inf,inf,1486.8533888719492,inf
24,101,inf,inf,inf,63.8200595424354,inf
24,102,inf,inf,inf,975.1563977126951,inf
24,103,inf,inf,inf,342.6558039782779,inf
24,104,inf,inf,inf,904.61262427627,inf
24,105,inf,inf,inf,618.5668920981789,inf
24,106,inf,inf,inf,893.0783840178867,inf
24,107,inf,inf,inf,563.1740405949124,inf
24,108,inf,inf,inf,1163.1835624698278,inf
24,109,inf,inf,inf,454.58772530722825,inf
24,110,inf,inf,inf,1443.5584504965498,inf
24,111,inf,inf,inf,1019.0475945705382,inf
24,112,inf,inf,inf,1490.0,inf
24,113,inf,inf,inf,1201.1935730763798,inf
24,114,inf,inf,inf,967.0015511880009,inf
24,115,inf,inf,inf,1056.9489107804595,inf
24,116,inf,inf,inf,706.5861589360494,inf
24,117,inf,inf,inf,441.4702707997448,inf
24,118,inf,inf,inf,1307.2249232630168,inf
24,119,inf,inf,inf,894.3494842621648,inf
24,120,inf,inf,inf,590.7165140742215,inf
24,121,inf,inf,inf,1477.9069659488043,inf
24,122,inf,inf,inf,444.1497495214874,inf
24,123,inf,inf,inf,916.9345669130377,inf
24,124,inf,inf,inf,974.3741581138121,inf
24,125,inf,inf,inf,818.4552522893356,inf
24,126,inf,inf,inf,1026.0068225894017,inf
24,127,inf,inf,inf,718.1538832311637,inf
24,128,inf,inf,inf,1158.987489147316,inf
24,129,inf,inf,inf,429.6091246703217,inf
24,130,inf,inf,inf,866.0923738262564,inf
24,131,inf,inf,inf,1355.1627208567982,inf
24,132,inf,inf,inf,1004.6397364229628,inf
24,133,inf,inf,inf,759.4478257260337,inf
24,134,inf,inf,inf,1208.0335260248369,inf
24,135,inf,inf,inf,592.8279683010916,inf
24,136,inf,inf,inf,771.0382610480494,inf
24,137,inf,inf,inf,1449.9093075085766,inf
24,138,inf,inf,inf,879.3275840095089,inf
24,139,inf,inf,inf,208.65521800328887,inf
24,140,inf,inf,inf,1483.6070908431248,inf
24,141,inf,inf,inf,907.4205199354927,inf
24,142,inf,inf,inf,1104.9674203341924,inf
24,143,inf,inf,inf,1419.9612670773806,inf
25,26,inf,inf,inf,364.66422912043345,inf
25,27,inf,inf,inf,729.0630974065276,inf
25,28,inf,inf,inf,653.5786104211184,inf
25,29,inf,inf,inf,871.6587635078305,inf
25,30,inf,inf,inf,617.9093784690438,inf
25,31,inf,inf,inf,551.4390265478133,inf
25,32,inf,inf,inf,123.45444503945575,inf
25,33,inf,inf,inf,368.62040095469484,inf
25,34,inf,inf,inf,366.75059645486607,inf
25,35,inf,inf,inf,517.6098917138273,inf
25,36,inf,inf,inf,134.97407158413796,inf
25,37,inf,inf,inf,751.8151368521387,inf
25,38,inf,inf,inf,743.4520831903022,inf
25,39,inf,inf,inf,728.0109889280518,inf
25,40,inf,inf,inf,145.03103116229988,inf
25,41,inf,inf,inf,144.25324953012324,inf
25,42,inf,inf,inf,741.0593768383205,inf
25,43,inf,inf,inf,590.2762065338565,inf
25,44,inf,inf,inf,286.2254356272342,inf
25,45,inf,inf,inf,748.6013625421743,inf
25,46,inf,inf,inf,76.90253571892151,inf
25,47,inf,inf,inf,327.76821078316914,inf
25,48,inf,inf,inf,872.7909257090154,inf
25,49,inf,inf,inf,754.721803050634,inf
25,50,inf,inf,inf,103.81233067415451,inf
25,51,inf,inf,inf,706.6116330771805,inf
25,52,inf,inf,inf,516.0155036430591,inf
25,53,inf,inf,inf,639.3512336736358,inf
25,54,inf,inf,inf,446.07734755308974,inf
25,55,inf,inf,inf,665.976726320072,inf
25,56,inf,inf,inf,865.8914481619506,inf
25,57,inf,inf,inf,769.5310260151958,inf
25,58,inf,inf,inf,675.7233161583223,inf
25,59,inf,inf,inf,215.19526017085042,inf
25,60,inf,inf,inf,243.28789530101986,inf
25,61,inf,inf,inf,604.7950065931431,inf
25,62,inf,inf,inf,609.1182151274086,inf
25,63,inf,inf,inf,814.0006142503825,inf
25,64,inf,inf,inf,701.32731302866,inf
25,65,inf,inf,inf,684.7955899390709,inf
25,66,inf,inf,inf,607.9975328897314,inf
25,67,inf,inf,inf,488.3451648168537,inf
25,68,inf,inf,inf,319.06112267087633,inf
25,69,inf,inf,inf,746.5607811826175,inf
25,70,inf,inf,inf,701.5646798407115,inf
25,71,inf,inf,inf,533.8108279156578,inf
25,72,inf,inf,inf,870.0143676974536,inf
25,73,inf,inf,inf,658.0524295221468,inf
25,74,inf,inf,inf,505.33355321015443,inf
25,75,inf,inf,inf,421.0997506529777,inf
25,76,inf,inf,inf,693.715359495521,inf
25,77,inf,inf,inf,321.39850653044425,inf
25,78,inf,inf,inf,624.5782577067505,inf
25,79,inf,inf,inf,549.615320019375,inf
25,80,inf,inf,inf,636.4628818713626,inf
25,81,inf,inf,inf,533.0759795751446,inf
25,82,inf,inf,inf,400.6320007188642,inf
25,83,inf,inf,inf,556.2598313737924,inf
25,84,inf,inf,inf,849.4827838161289,inf
25,85,inf,inf,inf,633.2021794024402,inf
25,86,inf,inf,inf,402.20392837464925,inf
25,87,inf,inf,inf,657.6153891143364,inf
25,88,inf,inf,inf,441.3116812412742,inf
25,89,inf,inf,inf,174.61385970191483,inf
25,90,inf,inf,inf,685.6150523435144,inf
25,91,inf,inf,inf,834.3356638667677,inf
25,92,inf,inf,inf,92.80086206496145,inf
25,93,inf,inf,inf,838.8235809751654,inf
25,94,inf,inf,inf,790.3480246068816,inf
25,95,inf,inf,inf,629.9365047367869,inf
25,96,inf,inf,inf,607.4026670998408,inf
25,97,inf,inf,inf,160.0781059358212,inf
25,98,inf,inf,inf,628.7527335924672,inf
25,99,inf,inf,inf,620.1693317151373,inf
25,100,inf,inf,inf,805.531501556581,inf
25,101,inf,inf,inf,697.5077060506213,inf
25,102,inf,inf,inf,555.2026656996525,inf
25,103,inf,inf,inf,577.0623883082313,inf
25,104,inf,inf,inf,577.8061958823217,inf
25,105,inf,inf,inf,346.636697422532,inf
25,106,inf,inf,inf,191.23022773609824,inf
25,107,inf,inf,inf,191.06281689538653,inf
25,108,inf,inf,inf,780.299942329871,inf
25,109,inf,inf,inf,471.2472811592657,inf
25,110,inf,inf,inf,836.2924129752703,inf
25,111,inf,inf,inf,533.4435302822595,inf
25,112,inf,inf,inf,810.7897384649118,inf
25,113,inf,inf,inf,496.63870167356066,inf
25,114,inf,inf,inf,270.29613389761977,inf
25,115,inf,inf,inf,450.0055555212624,inf
25,116,inf,inf,inf,584.6366392897387,inf
25,117,inf,inf,inf,687.9825579184403,inf
25,118,inf,inf,inf,652.6446199885509,inf
25,119,inf,inf,inf,852.1930532455659,inf
25,120,inf,inf,inf,140.06427096158393,inf
25,121,inf,inf,inf,773.9799739011339,inf
25,122,inf,inf,inf,406.60668956621953,inf
25,123,inf,inf,inf,243.73140954747709,inf
25,124,inf,inf,inf,328.6959080974389,inf
25,125,inf,inf,inf,263.53178176455305,inf
25,126,inf,inf,inf,355.2942442539704,inf
25,127,inf,inf,inf,511.238691806479,inf
25,128,inf,inf,inf,693.273394845064,inf
25,129,inf,inf,inf,380.11051024669126,inf
25,130,inf,inf,inf,206.92993983471797,inf
25,131,inf,inf,inf,691.9898843191279,inf
25,132,inf,inf,inf,444.4603469377218,inf
25,133,inf,inf,inf,373.755267521409,inf
25,134,inf,inf,inf,640.8970276105202,inf
25,135,inf,inf,inf,113.17685275708986,inf
25,136,inf,inf,inf,410.4680255513211,inf
25,137,inf,inf,inf,746.6143582867932,inf
25,138,inf,inf,inf,496.47255714691823,inf
25,139,inf,inf,inf,670.2574132376307,inf
25,140,inf,inf,inf,816.946754690904,inf
25,141,inf,inf,inf,556.3344317944019,inf
25,142,inf,inf,inf,413.67257583746107,inf
25,143,inf,inf,inf,852.8786549093605,inf
26,27,inf,inf,inf,1017.0334311122717,inf
26,28,inf,inf,inf,357.21282171837004,inf
26,29,inf,inf,inf,614.47945449787,inf
26,30,inf,inf,inf,819.8829184706801,inf
26,31,inf,inf,inf,745.9390055493814,inf
26,32,inf,inf,inf,350.52674648306083,inf
26,33,inf,inf,inf,472.9873148404722,inf
26,34,inf,inf,inf,317.9842763408279,inf
26,35,inf,inf,inf,548.4706008529537,inf
26,36,inf,inf,inf,242.42524621004307,inf
26,37,inf,inf,inf,459.1666364186318,inf
26,38,inf,inf,inf,728.3028216339684,inf
26,39,inf,inf,inf,541.6456406175536,inf
26,40,inf,inf,inf,296.62434155004877,inf
26,41,inf,inf,inf,454.5118260287624,inf
26,42,inf,inf,inf,842.2618357731757,inf
26,43,inf,inf,inf,622.5576278546429,inf
26,44,inf,inf,inf,648.1705022600149,inf
26,45,inf,inf,inf,972.9830419899414,inf
26,46,inf,inf,inf,394.27148007432646,inf
26,47,inf,inf,inf,276.00724628168734,inf
26,48,inf,inf,inf,710.0760522648261,inf
26,49,inf,inf,inf,998.9479465918132,inf
26,50,inf,inf,inf,273.18308878845335,inf
26,51,inf,inf,inf,592.1148537234985,inf
26,52,inf,inf,inf,764.5573882973076,inf
26,53,inf,inf,inf,742.8553021955217,inf
26,54,inf,inf,inf,682.9385038200732,inf
26,55,inf,inf,inf,492.7605909567038,inf
26,56,inf,inf,inf,774.8780549221923,inf
26,57,inf,inf,inf,716.7328651596772,inf
26,58,inf,inf,inf,544.993577943814,inf
26,59,inf,inf,inf,270.4533231446787,inf
26,60,inf,inf,inf,595.1579622251559,inf
26,61,inf,inf,inf,932.3094979672791,inf
26,62,inf,inf,inf,904.2925411613213,inf
26,63,inf,inf,inf,933.0021436202599,inf
26,64,inf,inf,inf,382.099463490856,inf
26,65,inf,inf,inf,576.2751079128788,inf
26,66,inf,inf,inf,947.3505159126689,inf
26,67,inf,inf,inf,204.7266470198738,inf
26,68,inf,inf,inf,445.371754829603,inf
26,69,inf,inf,inf,754.573389406226,inf
26,70,inf,inf,inf,344.52430973735363,inf
26,71,inf,inf,inf,857.5604934930246,inf
26,72,inf,inf,inf,742.081531908725,inf
26,73,inf,inf,inf,1017.8531328241811,inf
26,74,inf,inf,inf,678.9300405785563,inf
26,75,inf,inf,inf,246.5461417260469,inf
26,76,inf,inf,inf,1027.3874634236101,inf
26,77,inf,inf,inf,188.1515346735179,inf
26,78,inf,inf,inf,899.427595751876,inf
26,79,inf,inf,inf,190.16045856065872,inf
26,80,inf,inf,inf,278.4546641735419,inf
26,81,inf,inf,inf,277.5211703636319,inf
26,82,inf,inf,inf,583.8441572885696,inf
26,83,inf,inf,inf,783.2528327430422,inf
26,84,inf,inf,inf,841.4921271170634,inf
26,85,inf,inf,inf,996.8395056376929,inf
26,86,inf,inf,inf,42.190046219457976,inf
26,87,inf,inf,inf,791.5112128075003,inf
26,88,inf,inf,inf,287.34648075102643,inf
26,89,inf,inf,inf,216.91011963483862,inf
26,90,inf,inf,inf,756.5447772604077,inf
26,91,inf,inf,inf,469.7658991455212,inf
26,92,inf,inf,inf,281.5386296762844,inf
26,93,inf,inf,inf,508.61478547128377,inf
26,94,inf,inf,inf,970.4483499908689,inf
26,95,inf,inf,inf,991.8064327276769,inf
26,96,inf,inf,inf,383.9192623456135,inf
26,97,inf,inf,inf,223.3942702935776,inf
26,98,inf,inf,inf,790.1860540404392,inf
26,99,inf,inf,inf,825.3787009609589,inf
26,100,inf,inf,inf,460.2445002387318,inf
26,101,inf,inf,inf,1030.5285051855674,inf
26,102,inf,inf,inf,391.3693907295255,inf
26,103,inf,inf,inf,808.4089311728316,inf
26,104,inf,inf,inf,482.33598248523816,inf
26,105,inf,inf,inf,692.4254472504604,inf
26,106,inf,inf,inf,276.04528613979267,inf
26,107,inf,inf,inf,555.6842628687625,inf
26,108,inf,inf,inf,566.935622447558,inf
26,109,inf,inf,inf,669.8671510083175,inf
26,110,inf,inf,inf,475.9254143245557,inf
26,111,inf,inf,inf,317.0394297244429,inf
26,112,inf,inf,inf,463.20621757485077,inf
26,113,inf,inf,inf,320.67740799750766,inf
26,114,inf,inf,inf,132.9661611087573,inf
26,115,inf,inf,inf,547.6394799500854,inf
26,116,inf,inf,inf,631.053088099567,inf
26,117,inf,inf,inf,874.3111574262334,inf
26,118,inf,inf,inf,289.2006224059692,inf
26,119,inf,inf,inf,841.546790143008,inf
26,120,inf,inf,inf,504.54930383462033,inf
26,121,inf,inf,inf,487.46794766425415,inf
26,122,inf,inf,inf,630.6924765684145,inf
26,123,inf,inf,inf,120.93386622447825,inf
26,124,inf,inf,inf,58.249463516842795,inf
26,125,inf,inf,inf,231.8641843838759,inf
26,126,1.0,25.5563,25.55634918610405,23.021728866442675,1.110096871280416
26,127,inf,inf,inf,545.8580401532985,inf
26,128,inf,inf,inf,437.6665397308778,inf
26,129,inf,inf,inf,624.3204305482882,inf
26,130,inf,inf,inf,164.26807358704855,inf
26,131,inf,inf,inf,619.4271547163556,inf
26,132,inf,inf,inf,193.5071058126807,inf
26,133,inf,inf,inf,380.00131578719567,inf
26,134,inf,inf,inf,722.0976388273265,inf
26,135,inf,inf,inf,464.4189918597214,inf
26,136,inf,inf,inf,708.0621441653268,inf
26,137,inf,inf,inf,531.8994265836353,inf
26,138,inf,inf,inf,401.56817602992396,inf
26,139,inf,inf,inf,1023.8832941307325,inf
26,140,inf,inf,inf,459.6281105415551,inf
26,141,inf,inf,inf,816.6712925039058,inf
26,142,inf,inf,inf,115.95257651298655,inf
26,143,inf,inf,inf,507.3716586487661,inf
27,28,inf,inf,inf,1128.0363469321367,inf
27,29,inf,inf,inf,1213.5542839115192,inf
27,30,inf,inf,inf,1140.6160616088132,inf
27,31,inf,inf,inf,343.45596515419555,inf
27,32,inf,inf,inf,840.3154169715084,inf
27,33,inf,inf,inf,591.1835586347104,inf
27,34,inf,inf,inf,772.3632565056419,inf
27,35,inf,inf,inf,644.7984181122035,inf
27,36,inf,inf,inf,793.4866098429135,inf
27,37,inf,inf,inf,1188.9512185115082,inf
27,38,inf,inf,inf,744.2714558546498,inf
27,39,inf,inf,inf,1013.87030728787,inf
27,40,inf,inf,inf,725.041378129552,inf
27,41,inf,inf,inf,780.8008709011536,inf
27,42,inf,inf,inf,517.1402130950561,inf
27,43,inf,inf,inf,637.8973271616679,inf
27,44,inf,inf,inf,618.876401230488,inf
27,45,inf,inf,inf,212.00235847744713,inf
27,46,inf,inf,inf,661.3992742663088,inf
27,47,inf,inf,inf,786.0235365432768,inf
27,48,inf,inf,inf,1055.6159339456751,inf
27,49,inf,inf,inf,152.42703172337903,inf
27,50,inf,inf,inf,826.3183405927766,inf
27,51,inf,inf,inf,895.8978736440889,inf
27,52,inf,inf,inf,263.8275952208184,inf
27,53,inf,inf,inf,1263.2992519589332,inf
27,54,inf,inf,inf,343.5258360007293,inf
27,55,inf,inf,inf,965.4594761045126,inf
27,56,inf,inf,inf,928.677015974876,inf
27,57,inf,inf,inf,819.1342991231658,inf
27,58,inf,inf,inf,908.4629876885464,inf
27,59,inf,inf,inf,944.2001906375575,inf
27,60,inf,inf,inf,684.9963503552409,inf
27,61,inf,inf,inf,852.1267511350644,inf
27,62,inf,inf,inf,958.1523887148641,inf
27,63,inf,inf,inf,493.9635614091388,inf
27,64,inf,inf,inf,1196.2194614701768,inf
27,65,inf,inf,inf,1406.9122218532327,inf
27,66,inf,inf,inf,249.43536236869062,inf
27,67,inf,inf,inf,1016.9700093906408,inf
27,68,inf,inf,inf,1007.0357491171801,inf
27,69,inf,inf,inf,703.2112058265284,inf
27,70,inf,inf,inf,1353.6986370680884,inf
27,71,inf,inf,inf,226.51490017215204,inf
27,72,inf,inf,inf,994.9412042929974,inf
27,73,inf,inf,inf,414.12075533592855,inf
27,74,inf,inf,inf,408.5400837127246,inf
27,75,inf,inf,inf,893.6632475379079,inf
27,76,inf,inf,inf,208.92582415776178,inf
27,77,inf,inf,inf,1042.928568982555,inf
27,78,inf,inf,inf,121.0826164236634,inf
27,79,inf,inf,inf,1153.919407931074,inf
27,80,inf,inf,inf,1222.061373254224,inf
27,81,inf,inf,inf,1009.0475707319254,inf
27,82,inf,inf,inf,460.41828808160955,inf
27,83,inf,inf,inf,1063.7001457177676,inf
27,84,inf,inf,inf,769.5193304914438,inf
27,85,inf,inf,inf,596.2717501274062,inf
27,86,inf,inf,inf,1059.188840575655,inf
27,87,inf,inf,inf,442.44886710217713,inf
27,88,inf,inf,inf,876.169504148598,inf
27,89,inf,inf,inf,893.344838234374,inf
27,90,inf,inf,inf,572.1546993602342,inf
27,91,inf,inf,inf,1434.8466817050523,inf
27,92,inf,inf,inf,815.3017846172054,inf
27,93,inf,inf,inf,1323.0646242719968,inf
27,94,inf,inf,inf,339.8720347424895,inf
27,95,inf,inf,inf,632.0292714740355,inf
27,96,inf,inf,inf,1005.9408531320319,inf
27,97,inf,inf,inf,877.2160509247423,inf
27,98,inf,inf,inf,1198.884898561993,inf
27,99,inf,inf,inf,1137.6471333414418,inf
27,100,inf,inf,inf,1475.57446440361,inf
27,101,inf,inf,inf,205.4555913086816,inf
27,102,inf,inf,inf,911.9106315862317,inf
27,103,inf,inf,inf,250.05999280172747,inf
27,104,inf,inf,inf,829.3473337510648,inf
27,105,inf,inf,inf,706.2719023152486,inf
27,106,inf,inf,inf,920.1956313741117,inf
27,107,inf,inf,inf,616.081163484163,inf
27,108,inf,inf,inf,1083.5686411113973,inf
27,109,inf,inf,inf,385.1610052951882,inf
27,110,inf,inf,inf,1404.4073483145835,inf
27,111,inf,inf,inf,965.9280511508091,inf
27,112,inf,inf,inf,1477.5049915313316,inf
27,113,inf,inf,inf,1224.2079071791686,inf
27,114,inf,inf,inf,974.7148300913452,inf
27,115,inf,inf,inf,1119.004021440495,inf
27,116,inf,inf,inf,614.2125039430572,inf
27,117,inf,inf,inf,317.71842880135233,inf
27,118,inf,inf,inf,1286.698876971609,inf
27,119,inf,inf,inf,775.7164430383051,inf
27,120,inf,inf,inf,632.9462852406988,inf
27,121,inf,inf,inf,1486.405731958808,inf
27,122,inf,inf,inf,396.547601177967,inf
27,123,inf,inf,inf,915.7303096436199,inf
27,124,inf,inf,inf,961.5341907597463,inf
27,125,inf,inf,inf,795.4495584259256,inf
27,126,inf,inf,inf,1019.4258187823183,inf
27,127,inf,inf,inf,639.9578111094512,inf
27,128,inf,inf,inf,1095.045661148429,inf
27,129,inf,inf,inf,394.6707488527621,inf
27,130,inf,inf,inf,863.2641542424891,inf
27,131,inf,inf,inf,1405.092523643906,inf
27,132,inf,inf,inf,968.3439471592725,inf
27,133,inf,inf,inf,710.0042253395397,inf
27,134,inf,inf,inf,1282.1676957403038,inf
27,135,inf,inf,inf,619.7370410101369,inf
27,136,inf,inf,inf,861.4923098902276,inf
27,137,inf,inf,inf,1474.6016411221033,inf
27,138,inf,inf,inf,816.3295903003884,inf
27,139,inf,inf,inf,347.84191811798644,inf
27,140,inf,inf,inf,1464.972695991294,inf
27,141,inf,inf,inf,1007.1866758451483,inf
27,142,inf,inf,inf,1105.9059634525895,inf
27,143,inf,inf,inf,1370.344847109661,inf
28,29,inf,inf,inf,261.83964558485025,inf
28,30,inf,inf,inf,1176.0208331488009,inf
28,31,inf,inf,inf,797.5688058092543,inf
28,32,inf,inf,inf,682.8206206610928,inf
28,33,inf,inf,inf,538.5350499271148,inf
28,34,inf,inf,inf,365.1698235068172,inf
28,35,inf,inf,inf,508.10727213847275,inf
28,36,inf,inf,inf,519.1810859420824,inf
28,37,inf,inf,inf,102.61091559868278,inf
28,38,inf,inf,inf,579.7257972524596,inf
28,39,inf,inf,inf,262.6118809193522,inf
28,40,inf,inf,inf,527.803940871987,inf
28,41,inf,inf,inf,776.1262783851607,inf
28,42,inf,inf,inf,783.6580887096106,inf
28,43,inf,inf,inf,553.6722857431099,inf
28,44,inf,inf,inf,933.6219791757261,inf
28,45,inf,inf,inf,1017.4856264341034,inf
28,46,inf,inf,inf,647.800123494894,inf
28,47,inf,inf,inf,369.69311597594026,inf
28,48,inf,inf,inf,418.56062882215764,inf
28,49,inf,inf,inf,1061.6967551989599,inf
28,50,inf,inf,inf,590.5726034959631,inf
28,51,inf,inf,inf,378.5828839237189,inf
28,52,inf,inf,inf,864.9190713587024,inf
28,53,inf,inf,inf,1097.0164082637962,inf
28,54,inf,inf,inf,788.4592570323466,inf
28,55,inf,inf,inf,249.33912649241395,inf
28,56,inf,inf,inf,540.6819767663798,inf
28,57,inf,inf,inf,532.8198569873311,inf
28,58,inf,inf,inf,330.55256768024054,inf
28,59,inf,inf,inf,622.8322406555396,inf
28,60,inf,inf,inf,896.8489281924799,inf
28,61,inf,inf,inf,1255.2904046474664,inf
28,62,inf,inf,inf,1243.1098101133302,inf
28,63,inf,inf,inf,876.3846187605075,inf
28,64,inf,inf,inf,69.40461079784254,inf
28,65,inf,inf,inf,879.6590248499699,inf
28,66,inf,inf,inf,1134.4373054514735,inf
28,67,inf,inf,inf,167.14664220378464,inf
28,68,inf,inf,inf,801.7636808935661,inf
28,69,inf,inf,inf,622.873984044927,inf
28,70,inf,inf,inf,387.8479083352133,inf
28,71,inf,inf,inf,1028.943633052851,inf
28,72,inf,inf,inf,478.0481147332348,inf
28,73,inf,inf,inf,1245.5817917744303,inf
28,74,inf,inf,inf,726.9587333542393,inf
28,75,inf,inf,inf,252.63412279421004,inf
28,76,inf,inf,inf,1199.8966622172095,inf
28,77,inf,inf,inf,542.9125159728775,inf
28,78,inf,inf,inf,1007.53610357148,inf
28,79,inf,inf,inf,225.21989254948153,inf
28,80,inf,inf,inf,198.59506539690256,inf
28,81,inf,inf,inf,127.76932339180638,inf
28,82,inf,inf,inf,669.0209264290617,inf
28,83,inf,inf,inf,1136.6089916941535,inf
28,84,inf,inf,inf,676.1316439865834,inf
28,85,inf,inf,inf,1268.2941299241277,inf
28,86,inf,inf,inf,351.52382565055245,inf
28,87,inf,inf,inf,775.0025806408647,inf
28,88,inf,inf,inf,257.1633721975196,inf
28,89,inf,inf,inf,554.2499436174983,inf
28,90,inf,inf,inf,686.6068744194163,inf
28,91,inf,inf,inf,354.9042124292131,inf
28,92,inf,inf,inf,595.215087174376,inf
28,93,inf,inf,inf,199.32385707686876,inf
28,94,inf,inf,inf,969.4869777361633,inf
28,95,inf,inf,inf,1271.1321725139364,inf
28,96,inf,inf,inf,139.51702405083043,inf
28,97,inf,inf,inf,555.0585554696008,inf
28,98,inf,inf,inf,1147.3730866636188,inf
28,99,inf,inf,inf,1181.3200243795075,inf
28,100,inf,inf,inf,506.0059288190209,inf
28,101,inf,inf,inf,1201.7928274041246,inf
28,102,inf,inf,inf,229.34035841953332,inf
28,103,inf,inf,inf,883.9751127718472,inf
28,104,inf,inf,inf,341.0058650522011,inf
28,105,inf,inf,inf,1000.1249921884764,inf
28,106,inf,inf,inf,624.4693747494748,inf
28,107,inf,inf,inf,832.4433914687532,inf
28,108,inf,inf,inf,251.7876089087785,inf
28,109,inf,inf,inf,743.3175633603715,inf
28,110,inf,inf,inf,297.0151511286924,inf
28,111,inf,inf,inf,162.1141573089778,inf
28,112,inf,inf,inf,499.49674673615243,inf
28,113,inf,inf,inf,632.1431799837756,inf
28,114,inf,inf,inf,487.53358858646857,inf
28,115,inf,inf,inf,904.1791857812256,inf
28,116,inf,inf,inf,573.1884506861596,inf
28,117,inf,inf,inf,893.8640836279305,inf
28,118,inf,inf,inf,315.6263613832026,inf
28,119,inf,inf,inf,673.5888953954036,inf
28,120,inf,inf,inf,779.7749675387124,inf
28,121,inf,inf,inf,653.6941180705238,inf
28,122,inf,inf,inf,737.4605074171769,inf
28,123,inf,inf,inf,444.6301834108881,inf
28,124,inf,inf,inf,353.40911137094355,inf
28,125,inf,inf,inf,403.8341243629617,inf
28,126,inf,inf,inf,379.5853000314949,inf
28,127,inf,inf,inf,510.3920062069938,inf
28,128,inf,inf,inf,108.07867504739313,inf
28,129,inf,inf,inf,750.6110843839172,inf
28,130,inf,inf,inf,457.21439172449504,inf
28,131,inf,inf,inf,934.8973205652052,inf
28,132,inf,inf,inf,209.16022566444127,inf
28,133,inf,inf,inf,420.82300317354327,inf
28,134,inf,inf,inf,1073.9087484511895,inf
28,135,inf,inf,inf,721.5123006574455,inf
28,136,inf,inf,inf,1043.3508518231056,inf
28,137,inf,inf,inf,770.6464818579269,inf
28,138,inf,inf,inf,318.0251562376788,inf
28,139,inf,inf,inf,1234.309523579884,inf
28,140,inf,inf,inf,451.159616987159,inf
28,141,inf,inf,inf,1164.603365957698,inf
28,142,inf,inf,inf,431.84487955746334,inf
28,143,inf,inf,inf,242.54690268069803,inf
29,30,inf,inf,inf,1427.5521006254028,inf
29,31,inf,inf,inf,870.1838886120565,inf
29,32,inf,inf,inf,920.2803920545085,inf
29,33,inf,inf,inf,661.1051353604811,inf
29,34,inf,inf,inf,527.9213956641652,inf
29,35,inf,inf,inf,569.2776124177026,inf
29,36,inf,inf,inf,742.6472917879657,inf
29,37,inf,inf,inf,170.53152201279386,inf
29,38,inf,inf,inf,533.0759795751446,inf
29,39,inf,inf,inf,199.972498109115,inf
29,40,inf,inf,inf,732.9345127635893,inf
29,41,inf,inf,inf,1005.1407861588345,inf
29,42,inf,inf,inf,778.3315488916019,inf
29,43,inf,inf,inf,581.4198139038607,inf
29,44,inf,inf,inf,1137.0109937902976,inf
29,45,inf,inf,inf,1064.6750678023789,inf
29,46,inf,inf,inf,850.1323426384859,inf
29,47,inf,inf,inf,553.0144663568938,inf
29,48,inf,inf,inf,247.14570601165622,inf
29,49,inf,inf,inf,1118.4346203511407,inf
29,50,inf,inf,inf,824.5677655596294,inf
29,51,inf,inf,inf,330.25596133908016,inf
29,52,inf,inf,inf,962.4162301208349,inf
29,53,inf,inf,inf,1356.8246017816746,inf
29,54,inf,inf,inf,896.8232824810025,inf
29,55,inf,inf,inf,250.28383887099062,inf
29,56,inf,inf,inf,414.2088845015278,inf
29,57,inf,inf,inf,462.91359884972053,inf
29,58,inf,inf,inf,307.02605752606735,inf
29,59,inf,inf,inf,873.155198117723,inf
29,60,inf,inf,inf,1110.9032361101483,inf
29,61,inf,inf,inf,1475.9681568380804,inf
29,62,inf,inf,inf,1476.1524311533683,inf
29,63,inf,inf,inf,861.8178461832872,inf
29,64,inf,inf,inf,268.7768591229535,inf
29,65,inf,inf,inf,1137.8189662683603,inf
29,66,inf,inf,inf,1269.4896612418709,inf
29,67,inf,inf,inf,413.1755075025624,inf
29,68,inf,inf,inf,1054.9431264290981,inf
29,69,inf,inf,inf,582.5495687063891,inf
29,70,inf,inf,inf,610.5358302343934,inf
29,71,inf,inf,inf,1159.3640498135173,inf
29,72,inf,inf,inf,329.59672328468315,inf
29,73,inf,inf,inf,1402.6011549973855,inf
29,74,inf,inf,inf,806.0750585398359,inf
29,75,inf,inf,inf,450.56409089051914,inf
29,76,inf,inf,inf,1322.6186147185438,inf
29,77,inf,inf,inf,801.9738150338825,inf
29,78,inf,inf,inf,1098.6468950486321,inf
29,79,inf,inf,inf,483.54110476773326,inf
29,80,inf,inf,inf,437.3739818507726,inf
29,81,inf,inf,inf,348.3633160939883,inf
29,82,inf,inf,inf,779.936535879683,inf
29,83,inf,inf,inf,1384.1184920374412,inf
29,84,inf,inf,inf,595.4712419588371,inf
29,85,inf,inf,inf,1453.3334097859306,inf
29,86,inf,inf,inf,612.1315218153693,inf
29,87,inf,inf,inf,802.6736572231581,inf
29,88,inf,inf,inf,433.11545804785123,inf
29,89,inf,inf,inf,798.1585055613954,inf
29,90,inf,inf,inf,686.6185258205608,inf
29,91,inf,inf,inf,512.6451014103227,inf
29,92,inf,inf,inf,827.4158567491924,inf
29,93,inf,inf,inf,250.7149776140229,inf
29,94,inf,inf,inf,988.012651740857,inf
29,95,inf,inf,inf,1461.3421912748568,inf
29,96,inf,inf,inf,264.5467822522134,inf
29,97,inf,inf,inf,796.5638706343641,inf
29,98,inf,inf,inf,1403.2793734677355,inf
29,99,inf,inf,inf,1432.459772559076,inf
29,100,inf,inf,inf,709.6266624077762,inf
29,101,inf,inf,inf,1323.6170140943339,inf
29,102,inf,inf,inf,333.91765451979325,inf
29,103,inf,inf,inf,963.5455360282668,inf
29,104,inf,inf,inf,386.46733367776375,inf
29,105,inf,inf,inf,1214.9609047208062,inf
29,106,inf,inf,inf,872.1570959408632,inf
29,107,inf,inf,inf,1035.0004830916746,inf
29,108,inf,inf,inf,130.80137613954986,inf
29,109,inf,inf,inf,836.775358145781,inf
29,110,inf,inf,inf,432.4835256978004,inf
29,111,inf,inf,inf,338.25582034903704,inf
29,112,inf,inf,inf,700.2578096672681,inf
29,113,inf,inf,inf,893.0022396388488,inf
29,114,inf,inf,inf,741.2374788149881,inf
29,115,inf,inf,inf,1162.0275384000158,inf
29,116,inf,inf,inf,604.8611410894239,inf
29,117,inf,inf,inf,934.0754787489071,inf
29,118,inf,inf,inf,548.9225810622114,inf
29,119,inf,inf,inf,590.8925452229026,inf
29,120,inf,inf,inf,984.0858702369422,inf
29,121,inf,inf,inf,884.680733372215,inf
29,122,inf,inf,inf,852.3708113256812,inf
29,123,inf,inf,inf,689.4055410279207,inf
29,124,inf,inf,inf,602.6557889873787,inf
29,125,inf,inf,inf,608.816885442577,inf
29,126,inf,inf,inf,637.2793735874401,inf
29,127,inf,inf,inf,574.4736721556524,inf
29,128,inf,inf,inf,181.46349495146399,inf
29,129,inf,inf,inf,875.7128524807661,inf
29,130,inf,inf,inf,692.2232298904739,inf
29,131,inf,inf,inf,1194.645135594667,inf
29,132,inf,inf,inf,442.32567187537285,inf
29,133,inf,inf,inf,560.5033452174929,inf
29,134,inf,inf,inf,1334.6160496562297,inf
29,135,inf,inf,inf,920.0543462209175,inf
29,136,inf,inf,inf,1275.763692852246,inf
29,137,inf,inf,inf,1016.7123487004571,inf
29,138,inf,inf,inf,422.9846332906197,inf
29,139,inf,inf,inf,1380.4405094027052,inf
29,140,inf,inf,inf,640.9251126301731,inf
29,141,inf,inf,inf,1406.2250886682402,inf
29,142,inf,inf,inf,693.6526508274873,inf
29,143,inf,inf,inf,324.27920068977596,inf
30,31,inf,inf,inf,1106.8120888389321,inf
30,32,inf,inf,inf,524.2947644216944,inf
30,33,inf,inf,inf,982.4484719312255,inf
30,34,inf,inf,inf,973.3087896448897,inf
30,35,inf,inf,inf,1134.416149391395,inf
30,36,inf,inf,inf,713.1072850560427,inf
30,37,inf,inf,inf,1278.4404561808892,inf
30,38,inf,inf,inf,1360.6178743497383,inf
30,39,inf,inf,inf,1317.5021821613807,inf
30,40,inf,inf,inf,757.0534987700671,inf
30,41,inf,inf,inf,476.32446924339297,inf
30,42,inf,inf,inf,1331.121707433246,inf
30,43,inf,inf,inf,1205.3489121412106,inf
30,44,inf,inf,inf,530.6194493231473,inf
30,45,inf,inf,inf,1249.0796611905903,inf
30,46,inf,inf,inf,680.4483815837907,inf
30,47,inf,inf,inf,928.5709450548192,inf
30,48,inf,inf,inf,1474.0529162821801,inf
30,49,inf,inf,inf,1230.5092441749473,inf
30,50,inf,inf,inf,620.0556426644306,inf
30,51,inf,inf,inf,1316.446732686135,inf
30,52,inf,inf,inf,1028.8342918079666,inf
30,53,inf,inf,inf,210.79373804740976,inf
30,54,inf,inf,inf,985.7002586993675,inf
30,55,inf,inf,inf,1258.2611016796156,inf
30,56,inf,inf,inf,1481.751666103332,inf
30,57,inf,inf,inf,1387.2916059718664,inf
30,58,inf,inf,inf,1281.1127975318957,inf
30,59,inf,inf,inf,554.4231236158896,inf
30,60,inf,inf,inf,479.9135338787603,inf
30,61,inf,inf,inf,384.90648214858635,inf
30,62,inf,inf,inf,260.3247971285102,inf
30,63,inf,inf,inf,1391.087703920928,inf
30,64,inf,inf,inf,1201.092835712544,inf
30,65,inf,inf,inf,585.8165241780058,inf
30,66,inf,inf,inf,915.5550229232539,inf
30,67,inf,inf,inf,1014.810819808303,inf
30,68,inf,inf,inf,374.5130171302461,inf
30,69,inf,inf,inf,1361.4892581287595,inf
30,70,inf,inf,inf,1028.739519995222,inf
30,71,inf,inf,inf,914.6857383823145,inf
30,72,inf,inf,inf,1480.174651857003,inf
30,73,inf,inf,inf,831.1540170148971,inf
30,74,inf,inf,inf,1080.6932959910503,inf
30,75,inf,inf,inf,995.5506014261656,inf
30,76,inf,inf,inf,997.3670337443483,inf
30,77,inf,inf,inf,642.0225852725121,inf
30,78,inf,inf,inf,1079.704589227998,inf
30,79,inf,inf,inf,991.3389934830567,inf
30,80,inf,inf,inf,1073.2534649373372,inf
30,81,inf,inf,inf,1079.9564806046585,inf
30,82,inf,inf,inf,985.925960709018,inf
30,83,inf,inf,inf,76.92203845452875,inf
30,84,inf,inf,inf,1464.8976073432573,inf
30,85,inf,inf,inf,664.566776178286,inf
30,86,inf,inf,inf,832.8097021528988,inf
30,87,inf,inf,inf,1238.32225208142,inf
30,88,inf,inf,inf,1026.0487317861662,inf
30,89,inf,inf,inf,631.8623267769649,inf
30,90,inf,inf,inf,1289.3688378427642,inf
30,91,inf,inf,inf,1206.0414586572056,inf
30,92,inf,inf,inf,620.8252572181644,inf
30,93,inf,inf,inf,1321.4268803077982,inf
30,94,inf,inf,inf,1328.4283947582571,inf
30,95,inf,inf,inf,630.0349196671563,inf
30,96,inf,inf,inf,1175.7253080545643,inf
30,97,inf,inf,inf,635.717704645702,inf
30,98,inf,inf,inf,91.40021881811882,inf
30,99,inf,inf,inf,8.602325267042627,inf
30,100,inf,inf,inf,1068.8128928863086,inf
30,101,inf,inf,inf,1002.4514950859218,inf
30,102,inf,inf,inf,1145.5976606121365,inf
30,103,inf,inf,inf,1096.367183018536,inf
30,104,inf,inf,inf,1187.659883973522,inf
30,105,inf,inf,inf,434.8850422812907,inf
30,106,inf,inf,inf,555.972121603233,inf
30,107,inf,inf,inf,574.5337239884183,inf
30,108,inf,inf,inf,1359.5911150048016,inf
30,109,inf,inf,inf,1036.089764450938,inf
30,110,inf,inf,inf,1245.5942356963603,inf
30,111,inf,inf,inf,1100.9423236482464,inf
30,112,inf,inf,inf,1079.9185154445681,inf
30,113,inf,inf,inf,649.117862949403,inf
30,114,inf,inf,inf,688.4881988821595,inf
30,115,inf,inf,inf,295.5486423585803,inf
30,116,inf,inf,inf,1197.879793635405,inf
30,117,inf,inf,inf,1231.917205010142,inf
30,118,inf,inf,inf,1023.7055240644157,inf
30,119,inf,inf,inf,1467.8804447229345,inf
30,120,inf,inf,inf,592.2178653164729,inf
30,121,inf,inf,inf,917.0348957373433,inf
30,122,inf,inf,inf,965.317046363525,inf
30,123,inf,inf,inf,738.8863241392413,inf
30,124,inf,inf,inf,825.0824201254078,inf
30,125,inf,inf,inf,855.9585270327062,inf
30,126,inf,inf,inf,798.204234516455,inf
30,127,inf,inf,inf,1127.8763230070929,inf
30,128,inf,inf,inf,1246.7237063599937,inf
30,129,inf,inf,inf,928.5687912050458,inf
30,130,inf,inf,inf,743.3599397331013,inf
30,131,inf,inf,inf,530.0283011311755,inf
30,132,inf,inf,inf,986.2682190966107,inf
30,133,inf,inf,inf,989.6024454294765,inf
30,134,inf,inf,inf,253.899586451022,inf
30,135,inf,inf,inf,650.3575939435166,inf
30,136,inf,inf,inf,279.55679208346913,inf
30,137,inf,inf,inf,779.0795851516069,inf
30,138,inf,inf,inf,1102.8295425857978,inf
30,139,inf,inf,inf,888.2978104217076,inf
30,140,inf,inf,inf,1120.9148049695837,inf
30,141,inf,inf,inf,147.648230602334,inf
30,142,inf,inf,inf,772.371024831978,inf
30,143,inf,inf,inf,1307.202356179027,inf
31,32,inf,inf,inf,674.880730203493,inf
31,33,inf,inf,inf,278.4097699435133,inf
31,34,inf,inf,inf,459.1394123792903,inf
31,35,inf,inf,inf,302.1340761979688,inf
31,36,inf,inf,inf,561.1283275686587,inf
31,37,inf,inf,inf,851.6037811095016,inf
31,38,inf,inf,inf,419.86902719776793,inf
31,39,inf,inf,inf,670.4364250247744,inf
31,40,inf,inf,inf,485.20201978145144,inf
31,41,inf,inf,inf,657.7355091524252,inf
31,42,inf,inf,inf,248.07257002740147,inf
31,43,inf,inf,inf,296.46753616542907,inf
31,44,inf,inf,inf,590.8722366129584,inf
31,45,inf,inf,inf,228.86895813980541,inf
31,46,inf,inf,inf,474.5366160793074,inf
31,47,inf,inf,inf,484.1332461213545,inf
31,48,inf,inf,inf,717.7973251552279,inf
31,49,inf,inf,inf,265.2772134956186,inf
31,50,inf,inf,inf,624.8871898190905,inf
31,51,inf,inf,inf,553.7192429381519,inf
31,52,inf,inf,inf,119.05040949110591,inf
31,53,inf,inf,inf,1175.3846179017319,inf
31,54,inf,inf,inf,122.14745187681976,inf
31,55,inf,inf,inf,622.6539970159993,inf
31,56,inf,inf,inf,603.9875826538158,inf
31,57,inf,inf,inf,490.32744161427473,inf
31,58,inf,inf,inf,565.0601737868278,inf
31,59,inf,inf,inf,751.6515149988059,inf
31,60,inf,inf,inf,628.4409280115356,inf
31,61,inf,inf,inf,921.6213973210474,inf
31,62,inf,inf,inf,994.2283439934712,inf
31,63,inf,inf,inf,287.43347056318964,inf
31,64,inf,inf,inf,866.6862177281926,inf
31,65,inf,inf,inf,1225.1644787537712,inf
31,66,inf,inf,inf,452.86642622300894,inf
31,67,inf,inf,inf,703.8309456112313,inf
31,68,inf,inf,inf,868.4014048814062,inf
31,69,inf,inf,inf,386.12951195162486,inf
31,70,inf,inf,inf,1062.3568138812873,inf
31,71,inf,inf,inf,348.05890306096177,inf
31,72,inf,inf,inf,662.487735735538,inf
31,73,inf,inf,inf,621.2648388569886,inf
31,74,inf,inf,inf,71.28113354878694,inf
31,75,inf,inf,inf,578.6363279297283,inf
31,76,inf,inf,inf,479.5205939268928,inf
31,77,inf,inf,inf,819.7475221066545,inf
31,78,inf,inf,inf,231.87280996270349,inf
31,79,inf,inf,inf,853.2854153212745,inf
31,80,inf,inf,inf,912.037279939806,inf
31,81,inf,inf,inf,684.801431073271,inf
31,82,inf,inf,inf,164.2224101637776,inf
31,83,inf,inf,inf,1033.4118249758903,inf
31,84,inf,inf,inf,471.33215464256205,inf
31,85,inf,inf,inf,749.2889963158408,inf
31,86,inf,inf,inf,786.5271768985481,inf
31,87,inf,inf,inf,148.94629904767692,inf
31,88,inf,inf,inf,554.7368745630671,inf
31,89,inf,inf,inf,679.2385442537842,inf
31,90,inf,inf,inf,259.2392717163046,inf
31,91,inf,inf,inf,1121.715204497113,inf
31,92,inf,inf,inf,615.4421175057813,inf
31,93,inf,inf,inf,988.5514655292359,inf
31,94,inf,inf,inf,239.42639787625757,inf
31,95,inf,inf,inf,774.6128065039978,inf
31,96,inf,inf,inf,669.7380084779421,inf
31,97,inf,inf,inf,663.3324958118666,inf
31,98,inf,inf,inf,1141.8358025565672,inf
31,99,inf,inf,inf,1106.4108640102916,inf
31,100,inf,inf,inf,1189.155162289598,inf
31,101,inf,inf,inf,479.1596811085006,inf
31,102,inf,inf,inf,575.0347815567333,inf
31,103,inf,inf,inf,94.02127418834527,inf
31,104,inf,inf,inf,486.96303761168565,inf
31,105,inf,inf,inf,696.6907491850311,inf
31,106,inf,inf,inf,729.5107949852421,inf
31,107,inf,inf,inf,532.2875162917124,inf
31,108,inf,inf,inf,740.1222871931368,inf
31,109,inf,inf,inf,81.2219182240853,inf
31,110,inf,inf,inf,1083.4066641847835,inf
31,111,inf,inf,inf,636.6074143457646,inf
31,112,inf,inf,inf,1189.2455591676598,inf
31,113,inf,inf,inf,1006.1456157038106,inf
31,114,inf,inf,inf,738.6914105362265,inf
31,115,inf,inf,inf,996.8470293881604,inf
31,116,inf,inf,inf,272.9706943977686,inf
31,117,inf,inf,inf,137.05838172107534,inf
31,118,inf,inf,inf,990.3090426730436,inf
31,119,inf,inf,inf,476.9339576922574,inf
31,120,inf,inf,inf,518.8111409752107,inf
31,121,inf,inf,inf,1232.233744059949,inf
31,122,inf,inf,inf,146.10954794263105,inf
31,123,inf,inf,inf,666.1080993352356,inf
31,124,inf,inf,inf,687.7921197571254,inf
31,125,inf,inf,inf,514.1458936916641,inf
31,126,inf,inf,inf,753.833536001152,inf
31,127,inf,inf,inf,297.6172038038124,inf
31,128,inf,inf,inf,756.3444982281553,inf
31,129,inf,inf,inf,179.3348822733603,inf
31,130,inf,inf,inf,614.3525046746371,inf
31,131,inf,inf,inf,1239.1146032550823,inf
31,132,inf,inf,inf,658.1489193184169,inf
31,133,inf,inf,inf,392.4487227651531,inf
31,134,inf,inf,inf,1182.8186674211731,inf
31,135,inf,inf,inf,471.2960852797315,inf
31,136,inf,inf,inf,839.4504154504898,inf
31,137,inf,inf,inf,1251.3880293498096,inf
31,138,inf,inf,inf,480.865885668759,inf
31,139,inf,inf,inf,575.6839410648868,inf
31,140,inf,inf,inf,1168.1322699078216,inf
31,141,inf,inf,inf,1000.4783855736215,inf
31,142,inf,inf,inf,849.9705877264224,inf
31,143,inf,inf,inf,1039.8850898055996,inf
32,33,inf,inf,inf,482.6095730505146,inf
32,34,inf,inf,inf,449.36065693382636,inf
32,35,inf,inf,inf,625.9912139958516,inf
32,36,inf,inf,inf,188.8200201249857,inf
32,37,inf,inf,inf,784.6177413237608,inf
32,38,inf,inf,inf,849.6599319727864,inf
32,39,inf,inf,inf,796.1413191136357,inf
32,40,inf,inf,inf,238.37994882120435,inf
32,41,1.0,119.9828,119.98275605729681,107.33126291998991,1.117873327799543
32,42,inf,inf,inf,861.6008356541909,inf
32,43,inf,inf,inf,700.863039402136,inf
32,44,inf,inf,inf,322.9643943223463,inf
32,45,inf,inf,inf,870.0028735584727,inf
32,46,inf,inf,inf,200.35218990567586,inf
32,47,inf,inf,inf,404.2833164997042,inf
32,48,inf,inf,inf,950.2994264967226,inf
32,49,inf,inf,inf,874.0091532701474,inf
32,50,inf,inf,inf,96.93296652842108,inf
32,51,inf,inf,inf,792.3894244624925,inf
32,52,inf,inf,inf,636.8555566217508,inf
32,53,inf,inf,inf,523.0038240777977,inf
32,54,inf,inf,inf,568.5771715431424,inf
32,55,inf,inf,inf,735.941573767918,inf
32,56,inf,inf,inf,960.0026041631345,inf
32,57,inf,inf,inf,869.5659836953146,inf
32,58,inf,inf,inf,756.8256073891791,inf
32,59,inf,inf,inf,117.79643458101778,inf
32,60,inf,inf,inf,257.6703320136022,inf
32,61,inf,inf,inf,581.8470589424682,inf
32,62,inf,inf,inf,560.3588136185599,inf
32,63,inf,inf,inf,936.1036267422534,inf
32,64,inf,inf,inf,721.0249648937269,inf
32,65,inf,inf,inf,567.3975678481536,inf
32,66,inf,inf,inf,698.6444016808551,inf
32,67,inf,inf,inf,515.9399189828212,inf
32,68,inf,inf,inf,197.25364381932212,inf
32,69,inf,inf,inf,856.4578214950226,inf
32,70,inf,inf,inf,659.946967566334,inf
32,71,inf,inf,inf,635.3432143337961,inf
32,72,inf,inf,inf,956.0470699709298,inf
32,73,inf,inf,inf,724.3051842973375,inf
32,74,inf,inf,inf,628.4114893921021,inf
32,75,inf,inf,inf,476.39059604488415,inf
32,76,inf,inf,inf,786.722314415957,inf
32,77,inf,inf,inf,245.246814454337,inf
32,78,inf,inf,inf,740.13039391718,inf
32,79,inf,inf,inf,540.4960684408352,inf
32,80,inf,inf,inf,628.7543240407973,inf
32,81,inf,inf,inf,572.8568756679106,inf
32,82,inf,inf,inf,523.3784481615573,inf
32,83,inf,inf,inf,470.61236702832196,inf
32,84,inf,inf,inf,958.3579706977972,inf
32,85,inf,inf,inf,667.755943440416,inf
32,86,inf,inf,inf,379.85918443549576,inf
32,87,inf,inf,inf,779.7775323770236,inf
32,88,inf,inf,inf,504.35007683155953,inf
32,89,inf,inf,inf,133.6600164596728,inf
32,90,inf,inf,inf,802.8156700015265,inf
32,91,inf,inf,inf,810.3931144821012,inf
32,92,inf,inf,inf,96.64884893261792,inf
32,93,inf,inf,inf,853.8020847948311,inf
32,94,inf,inf,inf,913.7182279017969,inf
32,95,inf,inf,inf,657.4169149025602,inf
32,96,inf,inf,inf,660.812378818678,inf
32,97,inf,inf,inf,129.0968628588627,inf
32,98,inf,inf,inf,523.5198181540027,inf
32,99,inf,inf,inf,527.7092002230016,inf
32,100,inf,inf,inf,750.7343071952953,inf
32,101,inf,inf,inf,790.864084403888,inf
32,102,inf,inf,inf,623.2792311636896,inf
32,103,inf,inf,inf,698.9363347258461,inf
32,104,inf,inf,inf,663.7657719406749,inf
32,105,inf,inf,inf,346.9437994834322,inf
32,106,inf,inf,inf,96.17692030835673,inf
32,107,inf,inf,inf,252.6697449240807,inf
32,108,inf,inf,inf,841.7986695166487,inf
32,109,inf,inf,inf,594.6974020457799,inf
32,110,inf,inf,inf,824.457397322627,inf
32,111,inf,inf,inf,585.5262590183296,inf
32,112,inf,inf,inf,757.6258971286554,inf
32,113,inf,inf,inf,399.51595712812275,inf
32,114,inf,inf,inf,226.83253734859116,inf
32,115,inf,inf,inf,329.19295253695816,inf
32,116,inf,inf,inf,697.1405884038026,inf
32,117,inf,inf,inf,811.3722943261004,inf
32,118,inf,inf,inf,622.4724893519392,inf
32,119,inf,inf,inf,960.6924585943204,inf
32,120,inf,inf,inf,215.7614423385235,inf
32,121,inf,inf,inf,691.8554762376316,inf
32,122,inf,inf,inf,529.9094262230103,inf
32,123,inf,inf,inf,240.00833318866242,inf
32,124,inf,inf,inf,333.0375354220602,inf
32,125,inf,inf,inf,331.79813139919884,inf
32,126,inf,inf,inf,334.51606837340415,inf
32,127,inf,inf,inf,620.0193545366144,inf
32,128,inf,inf,inf,738.9756423590699,inf
32,129,inf,inf,inf,502.7573967630909,inf
32,130,inf,inf,inf,228.1074308302998,inf
32,131,inf,inf,inf,571.0560392816103,inf
32,132,inf,inf,inf,479.4163117792301,inf
32,133,inf,inf,inf,469.9361658778775,inf
32,134,inf,inf,inf,521.724064999881,inf
32,135,inf,inf,inf,221.30521909796886,inf
32,136,inf,inf,inf,361.08863177895813,inf
32,137,inf,inf,inf,645.3681120105022,inf
32,138,inf,inf,inf,578.6121326069822,inf
32,139,inf,inf,inf,746.1715620418671,inf
32,140,inf,inf,inf,773.0103492192068,inf
32,141,inf,inf,inf,486.1532680132882,inf
32,142,inf,inf,inf,363.8488697247801,inf
32,143,inf,inf,inf,857.2170086973309,inf
33,34,inf,inf,inf,182.8578683021324,inf
33,35,inf,inf,inf,155.2063143045411,inf
33,36,inf,inf,inf,323.5011591942137,inf
33,37,inf,inf,inf,606.6440471973659,inf
33,38,inf,inf,inf,380.2025775820043,inf
33,39,inf,inf,inf,472.52618975036717,inf
33,40,inf,inf,inf,251.71610993339303,inf
33,41,inf,inf,inf,506.2963559023509,inf
33,42,inf,inf,inf,389.58952757999026,inf
33,43,inf,inf,inf,222.92823957498072,inf
33,44,inf,inf,inf,539.2086794553663,inf
33,45,inf,inf,inf,507.26817365176777,inf
33,46,inf,inf,inf,302.00165562460086,inf
33,47,inf,inf,inf,205.7692882818036,inf
33,48,inf,inf,inf,574.8434569515426,inf
33,49,inf,inf,inf,541.0397397603988,inf
33,50,inf,inf,inf,407.0626487409524,inf
33,51,inf,inf,inf,396.63711374504527,inf
33,52,inf,inf,inf,327.3912033027155,inf
33,53,inf,inf,inf,1005.4436831568439,inf
33,54,inf,inf,inf,249.92798962901293,inf
33,55,inf,inf,inf,413.59158598791635,inf
33,56,inf,inf,inf,524.218465909014,inf
33,57,inf,inf,inf,417.25891242728414,inf
33,58,inf,inf,inf,384.2199890687625,inf
33,59,inf,inf,inf,528.5640926131854,inf
33,60,inf,inf,inf,542.779881720021,inf
33,61,inf,inf,inf,896.1841328655624,inf
33,62,inf,inf,inf,934.6539466561942,inf
33,63,inf,inf,inf,473.6348804722895,inf
33,64,inf,inf,inf,606.0140262403173,inf
33,65,inf,inf,inf,988.8518594814898,inf
33,66,inf,inf,inf,609.4522130569385,inf
33,67,inf,inf,inf,428.7213547282197,inf
33,68,inf,inf,inf,678.6199230791858,inf
33,69,inf,inf,inf,379.0514476954283,inf
33,70,inf,inf,inf,783.9502535237807,inf
33,71,inf,inf,inf,500.16497278398055,inf
33,72,inf,inf,inf,548.5125340409278,inf
33,73,inf,inf,inf,742.9252990711785,inf
33,74,inf,inf,inf,208.568933448872,inf
33,75,inf,inf,inf,304.00657887618155,inf
33,76,inf,inf,inf,667.4159123065616,inf
33,77,inf,inf,inf,570.4962751850358,inf
33,78,inf,inf,inf,470.2265411479875,inf
33,79,inf,inf,inf,575.2008344917451,inf
33,80,inf,inf,inf,636.2420922887765,inf
33,81,inf,inf,inf,417.9150631408253,inf
33,82,inf,inf,inf,130.83195328359201,inf
33,83,inf,inf,inf,917.0147218011278,inf
33,84,inf,inf,inf,482.45414289857644,inf
33,85,inf,inf,inf,811.2718410002901,inf
33,86,inf,inf,inf,512.4578031409026,inf
33,87,inf,inf,inf,323.5011591942137,inf
33,88,inf,inf,inf,284.98596456667826,inf
33,89,inf,inf,inf,445.02696547512716,inf
33,90,inf,inf,inf,321.5478191498117,inf
33,91,inf,inf,inf,847.5665165637444,inf
33,92,inf,inf,inf,400.2561679724624,inf
33,93,inf,inf,inf,735.8002446316527,inf
33,94,inf,inf,inf,497.4746224683225,inf
33,95,inf,inf,inf,825.0412110919066,inf
33,96,inf,inf,inf,424.19924563817887,inf
33,97,inf,inf,inf,430.70407474274026,inf
33,98,inf,inf,inf,997.1644799129178,inf
33,99,inf,inf,inf,984.1000965349002,inf
33,100,inf,inf,inf,910.8644245989631,inf
33,101,inf,inf,inf,668.8871354720466,inf
33,102,inf,inf,inf,334.145178028952,inf
33,103,inf,inf,inf,353.9265460515783,inf
33,104,inf,inf,inf,284.3817856333278,inf
33,105,inf,inf,inf,637.7538710192201,inf
33,106,inf,inf,inf,509.77053661426925,inf
33,107,inf,inf,inf,446.83106427373644,inf
33,108,inf,inf,inf,539.6156039256092,inf
33,109,inf,inf,inf,210.54453210663058,inf
33,110,inf,inf,inf,813.8267628924475,inf
33,111,inf,inf,inf,376.70280062670093,inf
33,112,inf,inf,inf,910.8748541923858,inf
33,113,inf,inf,inf,753.8945549611033,inf
33,114,inf,inf,inf,484.69062297510976,inf
33,115,inf,inf,inf,810.8464712878758,inf
33,116,inf,inf,inf,216.08563117431015,inf
33,117,inf,inf,inf,401.8818234257429,inf
33,118,inf,inf,inf,712.0,inf
33,119,inf,inf,inf,485.47914476319164,inf
33,120,inf,inf,inf,408.35401308178666,inf
33,121,inf,inf,inf,960.454059286544,inf
33,122,inf,inf,inf,199.24858845171275,inf
33,123,inf,inf,inf,406.70874099286334,inf
33,124,inf,inf,inf,414.77945947213925,inf
33,125,inf,inf,inf,242.29321080046796,inf
33,126,inf,inf,inf,482.99585919550077,inf
33,127,inf,inf,inf,148.18906842274163,inf
33,128,inf,inf,inf,517.1199087252395,inf
33,129,inf,inf,inf,216.47401691658055,inf
33,130,inf,inf,inf,358.35317774508434,inf
33,131,inf,inf,inf,1012.2297170109165,inf
33,132,inf,inf,inf,381.65953414005,inf
33,133,inf,inf,inf,118.82760622010359,inf
33,134,inf,inf,inf,1004.0418317978589,inf
33,135,inf,inf,inf,341.76014981270123,inf
33,136,inf,inf,inf,748.577985249366,inf
33,137,inf,inf,inf,992.0020161269834,inf
33,138,inf,inf,inf,239.54957733212555,inf
33,139,inf,inf,inf,719.335804753246,inf
33,140,inf,inf,inf,889.9803368614388,inf
33,141,inf,inf,inf,905.7113226630216,inf
33,142,inf,inf,inf,581.6063961133852,inf
33,143,inf,inf,inf,780.1416538039742,inf
34,35,inf,inf,inf,230.58620947489467,inf
34,36,inf,inf,inf,261.20490041344937,inf
34,37,inf,inf,inf,443.8468204234429,inf
34,38,inf,inf,inf,425.41391608643926,inf
34,39,inf,inf,inf,364.83694988309503,inf
34,40,inf,inf,inf,221.72054483064937,inf
34,41,inf,inf,inf,509.90685423908553,inf
34,42,inf,inf,inf,525.0152378741021,inf
34,43,inf,inf,inf,305.5552323230614,inf
34,44,inf,inf,inf,612.3079290683733,inf
34,45,inf,inf,inf,687.3790802752146,inf
34,46,inf,inf,inf,329.50872522590356,inf
34,47,inf,inf,inf,49.09175083453431,inf
34,48,inf,inf,inf,506.0770692295789,inf
34,49,inf,inf,inf,723.21297001644,inf
34,50,inf,inf,inf,355.4729244260384,inf
34,51,inf,inf,inf,343.14137028344453,inf
34,52,inf,inf,inf,508.65508942701047,inf
34,53,inf,inf,inf,957.4486931423531,inf
34,54,inf,inf,inf,429.2842880889074,inf
34,55,inf,inf,inf,302.2333535531775,inf
34,56,inf,inf,inf,512.6499780552028,inf
34,57,inf,inf,inf,430.11626335213134,inf
34,58,inf,inf,inf,309.4834405909305,inf
34,59,inf,inf,inf,453.27806035589236,inf
34,60,inf,inf,inf,593.2866086471192,inf
34,61,inf,inf,inf,959.4691240472514,inf
34,62,inf,inf,inf,974.4111042060225,inf
34,63,inf,inf,inf,616.5914368526375,inf
34,64,inf,inf,inf,430.35101951778853,inf
34,65,inf,inf,inf,875.0,inf
34,66,inf,inf,inf,769.5511678894393,inf
34,67,inf,inf,inf,245.86378342488754,inf
34,68,inf,inf,inf,628.1034946567326,inf
34,69,inf,inf,inf,445.1123453691214,inf
34,70,inf,inf,inf,605.9249128398667,inf
34,71,inf,inf,inf,663.7740579444184,inf
34,72,inf,inf,inf,506.8934799343941,inf
34,73,inf,inf,inf,886.0547387153911,inf
34,74,inf,inf,inf,388.24734384152583,inf
34,75,inf,inf,inf,121.37956994486346,inf
34,76,inf,inf,inf,834.8275270976635,inf
34,77,inf,inf,inf,455.2812317677943,inf
34,78,inf,inf,inf,651.2818130425569,inf
34,79,inf,inf,inf,394.86833248565273,inf
34,80,inf,inf,inf,453.5162621119556,inf
34,81,inf,inf,inf,240.0,inf
34,82,inf,inf,inf,312.40998703626616,inf
34,83,inf,inf,inf,916.8647664732242,inf
34,84,inf,inf,inf,538.9109388386915,inf
34,85,inf,inf,inf,925.8903822807536,inf
34,86,inf,inf,inf,353.01274764518064,inf
34,87,inf,inf,inf,480.13331481995704,inf
34,88,inf,inf,inf,108.04628637764465,inf
34,89,inf,inf,inf,364.44478319767455,inf
34,90,inf,inf,inf,438.5635643780728,inf
34,91,inf,inf,inf,664.7119676972877,inf
34,92,inf,inf,inf,353.42042951702723,inf
34,93,inf,inf,inf,564.404996434298,inf
34,94,inf,inf,inf,666.4803072859693,inf
34,95,inf,inf,inf,933.4463026869837,inf
34,96,inf,inf,inf,269.23595599399425,inf
34,97,inf,inf,inf,354.5151618760473,inf
34,98,inf,inf,inf,971.1065852932932,inf
34,99,inf,inf,inf,976.4998719917991,inf
34,100,inf,inf,inf,734.000681198594,inf
34,101,inf,inf,inf,836.7681877318233,inf
34,102,inf,inf,inf,196.09181522949905,inf
34,103,inf,inf,inf,536.765311844944,inf
34,104,inf,inf,inf,214.40615662802222,inf
34,105,inf,inf,inf,696.3942848702882,inf
34,106,inf,inf,inf,440.7777217600726,inf
34,107,inf,inf,inf,510.8982286130967,inf
34,108,inf,inf,inf,422.2913686070318,inf
34,109,inf,inf,inf,393.3954753171419,inf
34,110,inf,inf,inf,632.0482576512651,inf
34,111,inf,inf,inf,207.74022239325728,inf
34,112,inf,inf,inf,733.2953020441356,inf
34,113,inf,inf,inf,626.0894504781246,inf
34,114,inf,inf,inf,368.1548587211637,inf
34,115,inf,inf,inf,756.103828848922,inf
34,116,inf,inf,inf,313.1932310890515,inf
34,117,inf,inf,inf,575.960068060278,inf
34,118,inf,inf,inf,532.4631442644645,inf
34,119,inf,inf,inf,539.8935080180164,inf
34,120,inf,inf,inf,461.65788198621715,inf
34,121,inf,inf,inf,799.2552783685572,inf
34,122,inf,inf,inf,376.89388426983,inf
34,123,inf,inf,inf,288.00868042473996,inf
34,124,inf,inf,inf,262.6194966105906,inf
34,125,inf,inf,inf,122.57650672131263,inf
34,126,inf,inf,inf,332.9204109092742,inf
34,127,inf,inf,inf,227.8793540450736,inf
34,128,inf,inf,inf,363.1115531073061,inf
34,129,inf,inf,inf,386.84622267769396,inf
34,130,inf,inf,inf,253.88580109962825,inf
34,131,inf,inf,inf,908.3831790604668,inf
34,132,inf,inf,inf,199.11052207254141,inf
34,133,inf,inf,inf,67.4166151627327,inf
34,134,inf,inf,inf,948.1460857905811,inf
34,135,inf,inf,inf,395.55151371218386,inf
34,136,inf,inf,inf,776.8719328177585,inf
34,137,inf,inf,inf,849.3909582753986,inf
34,138,inf,inf,inf,130.14222988715076,inf
34,139,inf,inf,inf,871.3879732931824,inf
34,140,inf,inf,inf,709.6055242175049,inf
34,141,inf,inf,inf,922.2852053459385,inf
34,142,inf,inf,inf,433.0138565912181,inf
34,143,inf,inf,inf,603.619085185351,inf
35,36,inf,inf,inf,452.7626309668235,inf
35,37,inf,inf,inf,553.0732320407488,inf
35,38,inf,inf,inf,226.25870149013053,inf
35,39,inf,inf,inf,370.29717795305976,inf
35,40,inf,inf,inf,388.6000514668005,inf
35,41,inf,inf,inf,658.1375236225329,inf
35,42,inf,inf,inf,297.61888380947875,inf
35,43,inf,inf,inf,77.47257579298626,inf
35,44,inf,inf,inf,692.3907856117094,inf
35,45,inf,inf,inf,511.5662224971465,inf
35,46,inf,inf,inf,454.6669110458776,inf
35,47,inf,inf,inf,275.3470537340104,inf
35,48,inf,inf,inf,441.3116812412742,inf
35,49,inf,inf,inf,559.3755446924722,inf
35,50,inf,inf,inf,543.0957558294854,inf
35,51,inf,inf,inf,265.6689669494727,inf
35,52,inf,inf,inf,394.4616584663204,inf
35,53,inf,inf,inf,1148.2691322159626,inf
35,54,inf,inf,inf,334.7013594235912,inf
35,55,inf,inf,inf,320.6696119060863,inf
35,56,inf,inf,inf,371.9032132154816,inf
35,57,inf,inf,inf,262.682317638626,inf
35,58,inf,inf,inf,267.67517628648346,inf
35,59,inf,inf,inf,657.6602466319521,inf
35,60,inf,inf,inf,697.8688988628165,inf
35,61,inf,inf,inf,1049.1944529018442,inf
35,62,inf,inf,inf,1089.7086766654654,inf
35,63,inf,inf,inf,390.7492802296634,inf
35,64,inf,inf,inf,577.459955321579,inf
35,65,inf,inf,inf,1100.2404282701123,inf
35,66,inf,inf,inf,714.08472886626,inf
35,67,inf,inf,inf,444.4063455892591,inf
35,68,inf,inf,inf,818.8821649053056,inf
35,69,inf,inf,inf,230.6013876801265,inf
35,70,inf,inf,inf,817.9639356353066,inf
35,71,inf,inf,inf,603.2594798260529,inf
35,72,inf,inf,inf,404.0853870161602,inf
35,73,inf,inf,inf,863.0926949059411,inf
35,74,inf,inf,inf,236.799493242701,inf
35,75,inf,inf,inf,326.01380338875225,inf
35,76,inf,inf,inf,759.3108717778246,inf
35,77,inf,inf,inf,678.9469787840579,inf
35,78,inf,inf,inf,529.371325252889,inf
35,79,inf,inf,inf,604.8049272286065,inf
35,80,inf,inf,inf,648.1211306538307,inf
35,81,inf,inf,inf,407.8651738013433,inf
35,82,inf,inf,inf,227.26636354727023,inf
35,83,inf,inf,inf,1070.1331692831504,inf
35,84,inf,inf,inf,332.4530041975858,inf
35,85,inf,inf,inf,949.3876974134434,inf
35,86,inf,inf,inf,582.7726829562278,inf
35,87,inf,inf,inf,268.8382413273826,inf
35,88,inf,inf,inf,291.5681738461864,inf
35,89,inf,inf,inf,570.3069349043548,inf
35,90,inf,inf,inf,208.24024587000469,inf
35,91,inf,inf,inf,849.0394572692131,inf
35,92,inf,inf,inf,537.7620291541604,inf
35,93,inf,inf,inf,692.3705655210944,inf
35,94,inf,inf,inf,462.91467896362934,inf
35,95,inf,inf,inf,965.9088983957027,inf
35,96,inf,inf,inf,374.0401048016108,inf
35,97,inf,inf,inf,557.624425576929,inf
35,98,inf,inf,inf,1145.8979012110983,inf
35,99,inf,inf,inf,1136.3142171072225,inf
35,100,inf,inf,inf,947.0337903158472,inf
35,101,inf,inf,inf,759.9032833196603,inf
35,102,inf,inf,inf,279.8035024798653,inf
35,103,inf,inf,inf,394.7568872103437,inf
35,104,inf,inf,inf,184.83506160899236,inf
35,105,inf,inf,inf,792.1142594348369,inf
35,106,inf,inf,inf,641.237085639937,inf
35,107,inf,inf,inf,601.5189107584233,inf
35,108,inf,inf,inf,440.0590869417424,inf
35,109,inf,inf,inf,269.5514793133215,inf
35,110,inf,inf,inf,801.8883962248113,inf
35,111,inf,inf,inf,352.8994190984168,inf
35,112,inf,inf,inf,944.9338601193207,inf
35,113,inf,inf,inf,854.4951726019287,inf
35,114,inf,inf,inf,591.3543776789007,inf
35,115,inf,inf,inf,950.5666730955804,inf
35,116,inf,inf,inf,82.60750571225353,inf
35,117,inf,inf,inf,386.00518131237567,inf
35,118,inf,inf,inf,741.9171112732204,inf
35,119,inf,inf,inf,334.9283505467998,inf
35,120,inf,inf,inf,563.5547888182657,inf
35,121,inf,inf,inf,1026.530564571752,inf
35,122,inf,inf,inf,297.18849237478895,inf
35,123,inf,inf,inf,510.72986989209863,inf
35,124,inf,inf,inf,493.1703559623186,inf
35,125,inf,inf,inf,338.6812660895196,inf
35,126,inf,inf,inf,563.4909049842774,inf
35,127,inf,inf,inf,7.280109889280518,inf
35,128,inf,inf,inf,456.7931698263449,inf
35,129,inf,inf,inf,328.29864452964165,inf
35,130,inf,inf,inf,469.43796182243295,inf
35,131,inf,inf,inf,1130.0663697323268,inf
35,132,inf,inf,inf,406.97051490249265,inf
35,133,inf,inf,inf,173.65770930194836,inf
35,134,inf,inf,inf,1144.2364266182055,inf
35,135,inf,inf,inf,496.9275601131416,inf
35,136,inf,inf,inf,903.6747202395339,inf
35,137,inf,inf,inf,1079.974536736862,inf
35,138,inf,inf,inf,191.8879881597595,inf
35,139,inf,inf,inf,831.2286087473169,inf
35,140,inf,inf,inf,914.0951810396989,inf
35,141,inf,inf,inf,1060.4244433244644,inf
35,142,inf,inf,inf,663.6000301386371,inf
35,143,inf,inf,inf,747.8194969375966,inf
36,37,inf,inf,inf,618.1164938747388,inf
36,38,inf,inf,inf,671.4201367251358,inf
36,39,inf,inf,inf,609.2766202637354,inf
36,40,inf,inf,inf,76.02631123499285,inf
36,41,inf,inf,inf,262.6118809193522,inf
36,42,inf,inf,inf,712.8148427186404,inf
36,43,inf,inf,inf,529.6413881108613,inf
36,44,inf,inf,inf,419.9202305200358,inf
36,45,inf,inf,inf,777.8495998584816,inf
36,46,inf,inf,inf,151.85519418182574,inf
36,47,inf,inf,inf,215.52262062252305,inf
36,48,inf,inf,inf,761.7309236206706,inf
36,49,inf,inf,inf,794.534454885375,inf
36,50,inf,inf,inf,94.36630754670864,inf
36,51,inf,inf,inf,603.8691911333116,inf
36,52,inf,inf,inf,554.2219771896456,inf
36,53,inf,inf,inf,699.908565456946,inf
36,54,inf,inf,inf,475.5933136619984,inf
36,55,inf,inf,inf,548.4715124780867,inf
36,56,inf,inf,inf,773.2541626140786,inf
36,57,inf,inf,inf,686.0699672773908,inf
36,58,inf,inf,inf,568.0070422098655,inf
36,59,inf,inf,inf,205.8275977608445,inf
36,60,inf,inf,inf,378.05951912364276,inf
36,61,inf,inf,inf,737.0434179883841,inf
36,62,inf,inf,inf,733.7145221405939,inf
36,63,inf,inf,inf,794.8817522122395,inf
36,64,inf,inf,inf,566.3585436805911,inf
36,65,inf,inf,inf,668.5215030199104,inf
36,66,inf,inf,inf,706.6717767110839,inf
36,67,inf,inf,inf,353.50388965328233,inf
36,68,inf,inf,inf,369.64036576110027,inf
36,69,inf,inf,inf,682.5811307090169,inf
36,70,inf,inf,inf,586.2260656095053,inf
36,71,inf,inf,inf,620.3224967708329,inf
36,72,inf,inf,inf,767.4327332085855,inf
36,73,inf,inf,inf,776.0315715227055,inf
36,74,inf,inf,inf,502.7802700981812,inf
36,75,inf,inf,inf,293.29336848964044,inf
36,76,inf,inf,inf,788.2290276309291,inf
36,77,inf,inf,inf,259.02316498722655,inf
36,78,inf,inf,inf,680.0735254367721,inf
36,79,inf,inf,inf,420.277289417356,inf
36,80,inf,inf,inf,505.811229610415,inf
36,81,inf,inf,inf,400.2449250146715,inf
36,82,inf,inf,inf,398.08039389048037,inf
36,83,inf,inf,inf,658.7510910806903,inf
36,84,inf,inf,inf,782.4659737010933,inf
36,85,inf,inf,inf,764.510954793978,inf
36,86,inf,inf,inf,282.93108701590216,inf
36,87,inf,inf,inf,641.3267497929585,inf
36,88,inf,inf,inf,318.1351913888182,inf
36,89,inf,inf,inf,121.75385004179539,inf
36,90,inf,inf,inf,643.4671708797582,inf
36,91,inf,inf,inf,708.2160687247925,inf
36,92,inf,inf,inf,92.35799911215054,inf
36,93,inf,inf,inf,703.872857837266,inf
36,94,inf,inf,inf,798.3032005447554,inf
36,95,inf,inf,inf,762.7856841865872,inf
36,96,inf,inf,inf,479.7040754465194,inf
36,97,inf,inf,inf,107.20541031123382,inf
36,98,inf,inf,inf,709.9661963783909,inf
36,99,inf,inf,inf,716.5277384721404,inf
36,100,inf,inf,inf,697.9290794916056,inf
36,101,inf,inf,inf,791.5459557094584,inf
36,102,inf,inf,inf,436.01834823777773,inf
36,103,inf,inf,inf,606.9637550958047,inf
36,104,inf,inf,inf,475.46398391465993,inf
36,105,inf,inf,inf,481.01663172909105,inf
36,106,inf,inf,inf,188.53381659532593,inf
36,107,inf,inf,inf,321.86487848163864,inf
36,108,inf,inf,inf,657.3598709991354,inf
36,109,inf,inf,inf,480.33738143101044,inf
36,110,inf,inf,inf,705.7542065053527,inf
36,111,inf,inf,inf,404.82094807457776,inf
36,112,inf,inf,inf,701.8846059004286,inf
36,113,inf,inf,inf,445.45706863849404,inf
36,114,inf,inf,inf,182.28000438885226,inf
36,115,inf,inf,inf,499.9169931098562,inf
36,116,inf,inf,inf,529.1370332909992,inf
36,117,inf,inf,inf,697.017933772152,inf
36,118,inf,inf,inf,531.304997153236,inf
36,119,inf,inf,inf,784.3322000275139,inf
36,120,inf,inf,inf,269.2582403567252,inf
36,121,inf,inf,inf,692.9249598621773,inf
36,122,inf,inf,inf,427.2341278502924,inf
36,123,inf,inf,inf,126.03570922560003,inf
36,124,inf,inf,inf,199.11052207254141,inf
36,125,inf,inf,inf,143.1258187749506,inf
36,126,inf,inf,inf,237.65521244020718,inf
36,127,inf,inf,inf,447.4472035894291,inf
36,128,inf,inf,inf,562.7663813697475,inf
36,129,inf,inf,inf,411.6430492550554,inf
36,130,inf,inf,inf,78.24321056807422,inf
36,131,inf,inf,inf,689.2923907892789,inf
36,132,inf,inf,inf,310.27246091137386,inf
36,133,inf,inf,inf,287.5708608325955,inf
36,134,inf,inf,inf,693.3145029494191,inf
36,135,inf,inf,inf,222.9910312097776,inf
36,136,inf,inf,inf,533.4360317788817,inf
36,137,inf,inf,inf,692.8499115970211,inf
36,138,inf,inf,inf,389.95512562344913,inf
36,139,inf,inf,inf,781.46337086264,inf
36,140,inf,inf,inf,701.5924743039936,inf
36,141,inf,inf,inf,669.9149199711856,inf
36,142,inf,inf,inf,314.058911671043,inf
36,143,inf,inf,inf,718.7544782469184,inf
37,38,inf,inf,inf,585.3520308327289,inf
37,39,inf,inf,inf,240.4703723954367,inf
37,40,inf,inf,inf,622.2539674441618,inf
37,41,inf,inf,inf,876.7810445031303,inf
37,42,inf,inf,inf,808.9629163317686,inf
37,43,inf,inf,inf,587.2001362397663,inf
37,44,inf,inf,inf,1029.2429256497223,inf
37,45,inf,inf,inf,1064.3918451397492,inf
37,46,inf,inf,inf,742.196739416174,inf
37,47,inf,inf,inf,455.642403645666,inf
37,48,inf,inf,inf,369.42387578498494,inf
37,49,inf,inf,inf,1112.284585886184,inf
37,50,inf,inf,inf,691.7376670385963,inf
37,51,inf,inf,inf,375.05466268265485,inf
37,52,inf,inf,inf,928.2294974843237,inf
37,53,inf,inf,inf,1197.0246446919964,inf
37,54,inf,inf,inf,854.8128450134567,inf
37,55,inf,inf,inf,252.67568145747623,inf
37,56,inf,inf,inf,513.819034291257,inf
37,57,inf,inf,inf,528.0151512977634,inf
37,58,inf,inf,inf,333.2566578479716,inf
37,59,inf,inf,inf,725.4247031911721,inf
37,60,inf,inf,inf,994.8110373332214,inf
37,61,inf,inf,inf,1355.0059040461779,inf
37,62,inf,inf,inf,1344.7293407968757,inf
37,63,inf,inf,inf,899.3136271624044,inf
37,64,inf,inf,inf,98.60020283954795,inf
37,65,inf,inf,inf,967.8455455288307,inf
37,66,inf,inf,inf,1211.5069128981477,inf
37,67,inf,inf,inf,268.6801071906888,inf
37,68,inf,inf,inf,904.0984459670308,inf
37,69,inf,inf,inf,632.0007911387453,inf
37,70,inf,inf,inf,444.97752752245816,inf
37,71,inf,inf,inf,1104.117747344005,inf
37,72,inf,inf,inf,440.41003621625157,inf
37,73,inf,inf,inf,1329.5988116721526,inf
37,74,inf,inf,inf,782.4934504518233,inf
37,75,inf,inf,inf,340.812265037513,inf
37,76,inf,inf,inf,1273.3408813039814,inf
37,77,inf,inf,inf,643.8485846843184,inf
37,78,inf,inf,inf,1069.6765866372882,inf
37,79,inf,inf,inf,314.61246002026047,inf
37,80,inf,inf,inf,267.23959287500793,inf
37,81,inf,inf,inf,219.5449840010015,inf
37,82,inf,inf,inf,734.9829930005184,inf
37,83,inf,inf,inf,1239.2178985150272,inf
37,84,inf,inf,inf,670.6153890271233,inf
37,85,inf,inf,inf,1360.0488961798396,inf
37,86,inf,inf,inf,451.7277941415604,inf
37,87,inf,inf,inf,812.5072307370563,inf
37,88,inf,inf,inf,337.2150649066557,inf
37,89,inf,inf,inf,656.6125189181212,inf
37,90,inf,inf,inf,712.4450856030941,inf
37,91,inf,inf,inf,369.59707791052676,inf
37,92,inf,inf,inf,696.0933845397469,inf
37,93,inf,inf,inf,142.1724305201258,inf
37,94,inf,inf,inf,1005.6420834471875,inf
37,95,inf,inf,inf,1364.2001319454562,inf
37,96,inf,inf,inf,183.21571984958058,inf
37,97,inf,inf,inf,657.1917528393064,inf
37,98,inf,inf,inf,1249.0828635442886,inf
37,99,inf,inf,inf,1283.7725655270874,inf
37,100,inf,inf,inf,551.1959724090879,inf
37,101,inf,inf,inf,1274.9592150339556,inf
37,102,inf,inf,inf,277.07760645710795,inf
37,103,inf,inf,inf,941.2635125192095,inf
37,104,inf,inf,inf,372.7868023414992,inf
37,105,inf,inf,inf,1098.4284227932196,inf
37,106,inf,inf,inf,727.0660217614353,inf
37,107,inf,inf,inf,927.5974342353476,inf
37,108,inf,inf,inf,203.29781110479277,inf
37,109,inf,inf,inf,804.0895472520458,inf
37,110,inf,inf,inf,296.4877737782791,inf
37,111,inf,inf,inf,236.21176939348302,inf
37,112,inf,inf,inf,542.8093587992013,inf
37,113,inf,inf,inf,724.8089403422118,inf
37,114,inf,inf,inf,589.9644057059713,inf
37,115,inf,inf,inf,1005.3621238141011,inf
37,116,inf,inf,inf,608.6788972849314,inf
37,117,inf,inf,inf,937.2566350792082,inf
37,118,inf,inf,inf,380.33800756695354,inf
37,119,inf,inf,inf,667.2218521601342,inf
37,120,inf,inf,inf,875.1959780529158,inf
37,121,inf,inf,inf,718.0731160543472,inf
37,122,inf,inf,inf,805.5488811984037,inf
37,123,inf,inf,inf,546.9634357066293,inf
37,124,inf,inf,inf,455.9703937757363,inf
37,125,inf,inf,inf,497.15691687836346,inf
37,126,inf,inf,inf,481.3688814204757,inf
37,127,inf,inf,inf,556.5150492125078,inf
37,128,inf,inf,inf,97.0051545022222,inf
37,129,inf,inf,inf,822.2469215509415,inf
37,130,inf,inf,inf,558.2275521684683,inf
37,131,inf,inf,inf,1025.319462411594,inf
37,132,inf,inf,inf,308.00162337234525,inf
37,133,inf,inf,inf,492.590093282437,inf
37,134,inf,inf,inf,1173.0988875623402,inf
37,135,inf,inf,inf,815.2551747765849,inf
37,136,inf,inf,inf,1144.783822387441,inf
37,137,inf,inf,inf,846.8323328735152,inf
37,138,inf,inf,inf,372.6620452903676,inf
37,139,inf,inf,inf,1315.0882099692021,inf
37,140,inf,inf,inf,487.05235858170323,inf
37,141,inf,inf,inf,1267.0319648690793,inf
37,142,inf,inf,inf,529.2645841164889,inf
37,143,inf,inf,inf,208.12496246245908,inf
38,39,inf,inf,inf,349.74419223197975,inf
38,40,inf,inf,inf,611.3828587718174,inf
38,41,inf,inf,inf,884.3720936348003,inf
38,42,inf,inf,inf,251.81342299408902,inf
38,43,inf,inf,inf,160.17802595861892,inf
38,44,inf,inf,inf,910.5800349227958,inf
38,45,inf,inf,inf,562.3779867669075,inf
38,46,inf,inf,inf,680.9001395212076,inf
38,47,inf,inf,inf,474.3047543510396,inf
38,48,inf,inf,inf,323.39604202896487,inf
38,49,inf,inf,inf,622.3969794271177,inf
38,50,inf,inf,inf,763.849461608765,inf
38,51,inf,inf,inf,211.14213222377006,inf
38,52,inf,inf,inf,536.0233203882085,inf
38,53,inf,inf,inf,1370.4032253318728,inf
38,54,inf,inf,inf,501.49576269396334,inf
38,55,inf,inf,inf,334.6699867033194,inf
38,56,inf,inf,inf,184.967564724197,inf
38,57,1.0,82.7401,82.74011537017756,77.02596964660685,1.0741846645980189
38,58,inf,inf,inf,252.66776604861965,inf
38,59,inf,inf,inf,873.4357446315098,inf
38,60,inf,inf,inf,920.717111820998,inf
38,61,inf,inf,inf,1265.8988901172163,inf
38,62,inf,inf,inf,1311.9771339470822,inf
38,63,inf,inf,inf,329.66043135323355,inf
38,64,inf,inf,inf,643.2176925427348,inf
38,65,inf,inf,inf,1298.1040019967584,inf
38,66,inf,inf,inf,871.0005740526237,inf
38,67,inf,inf,inf,578.7158197250184,inf
38,68,inf,inf,inf,1040.286979635908,inf
38,69,inf,inf,inf,49.57822102496216,inf
38,70,inf,inf,inf,944.0762681054958,inf
38,71,inf,inf,inf,763.4428596823733,inf
38,72,inf,inf,inf,253.25086376950424,inf
38,73,inf,inf,inf,1034.6496991735899,inf
38,74,inf,inf,inf,380.34852438257207,inf
38,75,inf,inf,inf,484.35730612844065,inf
38,76,inf,inf,inf,899.0272520897239,inf
38,77,inf,inf,inf,880.1817994028279,inf
38,78,inf,inf,inf,645.7592430619944,inf
38,79,inf,inf,inf,738.0311646536344,inf
38,80,inf,inf,inf,758.457645488527,inf
38,81,inf,inf,inf,520.0471132503285,inf
38,82,inf,inf,inf,421.5412198113015,inf
38,83,inf,inf,inf,1296.3741743802211,inf
38,84,inf,inf,inf,113.718951806636,inf
38,85,inf,inf,inf,1143.223512704318,inf
38,86,inf,inf,inf,756.4687700097077,inf
38,87,inf,inf,inf,302.63013729633735,inf
38,88,inf,inf,inf,443.8434408662586,inf
38,89,inf,inf,inf,784.9031787424485,inf
38,90,inf,inf,inf,173.1040149736568,inf
38,91,inf,inf,inf,934.5185926454326,inf
38,92,inf,inf,inf,759.2634588863078,inf
38,93,inf,inf,inf,725.8650012226791,inf
38,94,inf,inf,inf,466.8200938263048,inf
38,95,inf,inf,inf,1163.4470336031632,inf
38,96,inf,inf,inf,442.50762705291305,inf
38,97,inf,inf,inf,773.3666659483068,inf
38,98,inf,inf,inf,1371.1327433913902,inf
38,99,inf,inf,inf,1362.5450451269492,inf
38,100,inf,inf,inf,1070.7474025184465,inf
38,101,inf,inf,inf,898.5187811058821,inf
38,102,inf,inf,inf,370.01216196227927,inf
38,103,inf,inf,inf,509.1659847240387,inf
38,104,inf,inf,inf,255.9472601924076,inf
38,105,inf,inf,inf,1012.4702464764088,inf
38,106,inf,inf,inf,858.6058467073235,inf
38,107,inf,inf,inf,823.2034985348398,inf
38,108,inf,inf,inf,408.5743506389015,inf
38,109,inf,inf,inf,428.4168530765334,inf
38,110,inf,inf,inf,872.3233345497529,inf
38,111,inf,inf,inf,460.0880350541622,inf
38,112,inf,inf,inf,1066.2687278542871,inf
38,113,inf,inf,inf,1046.0043020944033,inf
38,114,inf,inf,inf,793.3580528361706,inf
38,115,inf,inf,inf,1171.225853539786,inf
38,116,inf,inf,inf,174.55371666051687,inf
38,117,inf,inf,inf,433.78911927340914,inf
38,118,inf,inf,inf,867.0282579016672,inf
38,119,inf,inf,inf,114.49017425089369,inf
38,120,inf,inf,inf,787.403962397955,inf
38,121,inf,inf,inf,1181.2070097997218,inf
38,122,inf,inf,inf,480.01041655364105,inf
38,123,inf,inf,inf,713.3932996601524,inf
38,124,inf,inf,inf,678.3745278236794,inf
38,125,inf,inf,inf,545.365932195989,inf
38,126,inf,inf,inf,746.6491813428847,inf
38,127,inf,inf,inf,232.89911979223967,inf
38,128,inf,inf,inf,493.0162269134759,inf
38,129,inf,inf,inf,517.3867025736166,inf
38,130,inf,inf,inf,677.941737909682,inf
38,131,inf,inf,inf,1333.3165415609303,inf
38,132,inf,inf,inf,555.533977358721,inf
38,133,inf,inf,inf,384.3149749879648,inf
38,134,inf,inf,inf,1364.7160876900368,inf
38,135,inf,inf,inf,721.5053707353812,inf
38,136,inf,inf,inf,1128.3709496437773,inf
38,137,inf,inf,inf,1256.0931494120966,inf
38,138,inf,inf,inf,327.6858251435359,inf
38,139,inf,inf,inf,993.1455079695019,inf
38,140,inf,inf,inf,1024.7931498600096,inf
38,141,inf,inf,inf,1285.8946302088675,inf
38,142,inf,inf,inf,843.8815082699704,inf
38,143,inf,inf,inf,793.4261150226907,inf
39,40,inf,inf,inf,583.8099005669568,inf
39,41,inf,inf,inf,868.682335494397,inf
39,42,inf,inf,inf,585.9769620044801,inf
39,43,inf,inf,inf,381.87170620510756,inf
39,44,inf,inf,inf,975.6664389021486,inf
39,45,inf,inf,inf,865.5657109659555,inf
39,46,inf,inf,inf,694.3442950006862,inf
39,47,inf,inf,inf,400.2898949511466,inf
39,48,inf,inf,inf,169.00887550658396,inf
39,49,inf,inf,inf,918.8062907925696,inf
39,50,inf,inf,inf,699.2689039275234,inf
39,51,inf,inf,inf,138.92443989449805,inf
39,52,inf,inf,inf,764.3768703983658,inf
39,53,inf,inf,inf,1273.173201100306,inf
39,54,inf,inf,inf,700.8459174454824,inf
39,55,inf,inf,inf,62.64982043070834,inf
39,56,inf,inf,inf,278.86914494077683,inf
39,57,inf,inf,inf,288.4059638773096,inf
39,58,inf,inf,inf,107.71258050942797,inf
39,59,inf,inf,inf,771.0440973122095,inf
39,60,inf,inf,inf,958.1174249537476,inf
39,61,inf,inf,inf,1324.302457900007,inf
39,62,inf,inf,inf,1337.0957332966102,inf
39,63,inf,inf,inf,672.753298022388,inf
39,64,inf,inf,inf,314.10189429546585,inf
39,65,inf,inf,inf,1107.4046234326458,inf
39,66,inf,inf,inf,1076.596953367415,inf
39,67,inf,inf,inf,341.8786334359022,inf
39,68,inf,inf,inf,954.2536350467835,inf
39,69,inf,inf,inf,397.93592449036316,inf
39,70,inf,inf,inf,650.0715345252397,inf
39,71,inf,inf,inf,965.998964802758,inf
39,72,inf,inf,inf,216.6217902243447,inf
39,73,inf,inf,inf,1215.3324648012988,inf
39,74,inf,inf,inf,606.928331848168,inf
39,75,inf,inf,inf,322.37400639629743,inf
39,76,inf,inf,inf,1126.8722199078297,inf
39,77,inf,inf,inf,726.1521879055382,inf
39,78,inf,inf,inf,899.4987493043001,inf
39,79,inf,inf,inf,470.1882601682011,inf
39,80,inf,inf,inf,460.09238202778363,inf
39,81,inf,inf,inf,267.5256997000475,inf
39,82,inf,inf,inf,585.7525074636898,inf
39,83,inf,inf,inf,1266.6589912048153,inf
39,84,inf,inf,inf,430.37309395453616,inf
39,85,inf,inf,inf,1277.554304129574,inf
39,86,inf,inf,inf,552.9629282329875,inf
39,87,inf,inf,inf,604.5312233458252,inf
39,88,inf,inf,inf,291.81500989496755,inf
39,89,inf,inf,inf,687.5245450163943,inf
39,90,inf,inf,inf,492.0040650238573,inf
39,91,inf,inf,inf,604.7445741798764,inf
39,92,inf,inf,inf,699.8657014027763,inf
39,93,inf,inf,inf,377.9219496139381,inf
39,94,inf,inf,inf,792.2436493907667,inf
39,95,inf,inf,inf,1288.2623956321943,inf
39,96,inf,inf,inf,159.80613254815975,inf
39,97,inf,inf,inf,682.367203197809,inf
39,98,inf,inf,inf,1304.427077302522,inf
39,99,inf,inf,inf,1321.5180664675001,inf
39,100,inf,inf,inf,768.4276153288611,inf
39,101,inf,inf,inf,1127.7043052148024,inf
39,102,inf,inf,inf,173.34935823359717,inf
39,103,inf,inf,inf,763.9378246951777,inf
39,104,inf,inf,inf,190.4205871222962,inf
39,105,inf,inf,inf,1061.2054466501763,inf
39,106,inf,inf,inf,765.0941118581426,inf
39,107,inf,inf,inf,874.8171237464434,inf
39,108,inf,inf,inf,69.77105417004964,inf
39,109,inf,inf,inf,638.9632227288203,inf
39,110,inf,inf,inf,535.3363428724039,inf
39,111,inf,inf,inf,225.30423875284725,inf
39,112,inf,inf,inf,761.6954772085758,inf
39,113,inf,inf,inf,852.5549835641101,inf
39,114,inf,inf,inf,651.6594202495656,inf
39,115,inf,inf,inf,1072.7091870586362,inf
39,116,inf,inf,inf,405.2159917870962,inf
39,117,inf,inf,inf,735.2006528832792,inf
39,118,inf,inf,inf,576.6671483620339,inf
39,119,inf,inf,inf,426.8875730212816,inf
39,120,inf,inf,inf,826.2069958551549,inf
39,121,inf,inf,inf,912.3842392325724,inf
39,122,inf,inf,inf,658.1253679960985,inf
39,123,inf,inf,inf,585.4955166352685,inf
39,124,inf,inf,inf,512.2899569579712,inf
39,125,inf,inf,inf,467.17127480186537,inf
39,126,inf,inf,inf,564.2995658336093,inf
39,127,inf,inf,inf,375.71931012392747,inf
39,128,inf,inf,inf,158.2024020045208,inf
39,129,inf,inf,inf,683.5817434659881,inf
39,130,inf,inf,inf,574.4736721556524,inf
39,131,inf,inf,inf,1156.308782289575,inf
39,132,inf,inf,inf,348.919761549844,inf
39,133,inf,inf,inf,383.00522189651673,inf
39,134,inf,inf,inf,1256.5623740984768,inf
39,135,inf,inf,inf,759.6110847005855,inf
39,136,inf,inf,inf,1138.281160346599,inf
39,137,inf,inf,inf,1019.2315732943127,inf
39,138,inf,inf,inf,243.0740627874558,inf
39,139,inf,inf,inf,1189.892852319065,inf
39,140,inf,inf,inf,711.6192802334687,inf
39,141,inf,inf,inf,1279.026192069576,inf
39,142,inf,inf,inf,642.7480066091221,inf
39,143,inf,inf,inf,447.66281954167243,inf
40,41,inf,inf,inf,288.4874347350331,inf
40,42,inf,inf,inf,639.7288488101815,inf
40,43,inf,inf,inf,464.3490066749363,inf
40,44,inf,inf,inf,407.1719538475115,inf
40,45,inf,inf,inf,702.8869041318098,inf
40,46,inf,inf,inf,120.03332870498926,inf
40,47,inf,inf,inf,183.63550854886427,inf
40,48,inf,inf,inf,727.7760644593913,inf
40,49,inf,inf,inf,720.850192481073,inf
40,50,inf,inf,inf,155.7080601638849,inf
40,51,inf,inf,inf,562.4179940222397,inf
40,52,inf,inf,inf,481.17564360636544,inf
40,53,inf,inf,inf,759.7078385800689,inf
40,54,inf,inf,inf,401.67773152117854,inf
40,55,inf,inf,inf,521.5870013717749,inf
40,56,inf,inf,inf,724.7026976629796,inf
40,57,inf,inf,inf,631.8100980516218,inf
40,58,inf,inf,inf,530.8295394945537,inf
40,59,inf,inf,inf,277.3319310861986,inf
40,60,inf,inf,inf,378.038357842164,inf
40,61,inf,inf,inf,743.7586974281377,inf
40,62,inf,inf,inf,753.4407740492944,inf
40,63,inf,inf,inf,720.5865666247186,inf
40,64,inf,inf,inf,581.496345646299,inf
40,65,inf,inf,inf,744.0248651758891,inf
40,66,inf,inf,inf,652.6905851933211,inf
40,67,inf,inf,inf,368.4087403957729,inf
40,68,inf,inf,inf,430.35101951778853,inf
40,69,inf,inf,inf,619.2002906976062,inf
40,70,inf,inf,inf,640.378794152336,inf
40,71,inf,inf,inf,561.0597116172218,inf
40,72,inf,inf,inf,726.0365004598598,inf
40,73,inf,inf,inf,735.2448571734453,inf
40,74,inf,inf,inf,426.7926897218367,inf
40,75,inf,inf,inf,284.2129483327598,inf
40,76,inf,inf,inf,731.4020782032275,inf
40,77,inf,inf,inf,334.6595284763307,inf
40,78,inf,inf,inf,609.8524411691733,inf
40,79,inf,inf,inf,460.21408061900934,inf
40,80,inf,inf,inf,541.9455692225927,inf
40,81,inf,inf,inf,402.8001986096829,inf
40,82,inf,inf,inf,322.0558957696629,inf
40,83,inf,inf,inf,698.0179080797283,inf
40,84,inf,inf,inf,720.5865666247186,inf
40,85,inf,inf,inf,741.3642829270912,inf
40,86,inf,inf,inf,338.60005906674024,inf
40,87,inf,inf,inf,566.4274004671737,inf
40,88,inf,inf,inf,300.2165884823822,inf
40,89,inf,inf,inf,196.6214637317096,inf
40,90,inf,inf,inf,573.0706762695156,inf
40,91,inf,inf,inf,750.2492919023649,inf
40,92,inf,inf,inf,149.56603892595405,inf
40,93,inf,inf,inf,720.2923017775491,inf
40,94,inf,inf,inf,722.2769551910126,inf
40,95,inf,inf,inf,743.4097120699998,inf
40,96,inf,inf,inf,468.42715548951685,inf
40,97,inf,inf,inf,181.4083790788066,inf
40,98,inf,inf,inf,761.2726187115887,inf
40,99,inf,inf,inf,759.794709115561,inf
40,100,inf,inf,inf,756.6828926307242,inf
40,101,inf,inf,inf,734.4555806854489,inf
40,102,inf,inf,inf,411.5191368575707,inf
40,103,inf,inf,inf,532.4744125307807,inf
40,104,inf,inf,inf,433.4720290860761,inf
40,105,inf,inf,inf,482.06327385520666,inf
40,106,inf,inf,inf,258.11818998280614,inf
40,107,inf,inf,inf,305.37354174846257,inf
40,108,inf,inf,inf,637.4590182905879,inf
40,109,inf,inf,inf,404.4947465666272,inf
40,110,inf,inf,inf,740.3681516651023,inf
40,111,inf,inf,inf,396.00505047284435,inf
40,112,inf,inf,inf,759.8012898120139,inf
40,113,inf,inf,inf,521.1103529963688,inf
40,114,inf,inf,inf,255.7381473304286,inf
40,115,inf,inf,inf,562.2108145526907,inf
40,116,inf,inf,inf,462.0584378625717,inf
40,117,inf,inf,inf,621.0072463345335,inf
40,118,inf,inf,inf,580.538543078752,inf
40,119,inf,inf,inf,722.8063364415118,inf
40,120,inf,inf,inf,253.14027731674784,inf
40,121,inf,inf,inf,762.8767921492959,inf
40,122,inf,inf,inf,352.4953900407777,inf
40,123,inf,inf,inf,190.79046097748179,inf
40,124,inf,inf,inf,245.44856895080892,inf
40,125,inf,inf,inf,125.39936203984452,inf
40,126,inf,inf,inf,296.2228890548467,inf
40,127,inf,inf,inf,382.8276374558138,inf
40,128,inf,inf,inf,557.1086070058512,inf
40,129,inf,inf,inf,338.60005906674024,inf
40,130,inf,inf,inf,138.2244551445221,inf
40,131,inf,inf,inf,763.6229436050229,inf
40,132,inf,inf,inf,320.6009981269553,inf
40,133,inf,inf,inf,232.69937687926884,inf
40,134,inf,inf,inf,755.8524988382323,inf
40,135,inf,inf,inf,193.78596440403004,inf
40,136,inf,inf,inf,555.3251299914313,inf
40,137,inf,inf,inf,767.8053138654356,inf
40,138,inf,inf,inf,351.51813608973293,inf
40,139,inf,inf,inf,735.0,inf
40,140,inf,inf,inf,754.8907205682158,inf
40,141,inf,inf,inf,700.9208229179669,inf
40,142,inf,inf,inf,380.9580029347067,inf
40,143,inf,inf,inf,742.4634671147127,inf
41,42,inf,inf,inf,865.6026802176619,inf
41,43,inf,inf,inf,729.1261893527073,inf
41,44,inf,inf,inf,221.16509670379727,inf
41,45,inf,inf,inf,834.5208205910743,inf
41,46,inf,inf,inf,204.38444167793205,inf
41,47,inf,inf,inf,469.3367660859311,inf
41,48,inf,inf,inf,1015.9197802976374,inf
41,49,inf,inf,inf,831.1076945859664,inf
41,50,inf,inf,inf,186.3866948041088,inf
41,51,inf,inf,inf,850.6991242501664,inf
41,52,inf,inf,inf,601.9842190622608,inf
41,53,inf,inf,inf,517.7460767596409,inf
41,54,inf,inf,inf,542.6601146205606,inf
41,55,inf,inf,inf,807.0551406192764,inf
41,56,inf,inf,inf,1009.9054411181277,inf
41,57,inf,inf,inf,912.6056103268268,inf
41,58,inf,inf,inf,819.2588113654928,inf
41,59,inf,inf,inf,220.51757299589528,inf
41,60,inf,inf,inf,151.9802618763371,inf
41,61,inf,inf,inf,480.7514950574777,inf
41,62,inf,inf,inf,471.1029611454379,inf
41,63,inf,inf,inf,932.7647077371656,inf
41,64,inf,inf,inf,818.0788470557102,inf
41,65,inf,inf,inf,632.0664522026145,inf
41,66,inf,inf,inf,617.3815675900926,inf
41,67,inf,inf,inf,609.0402285563738,inf
41,68,inf,inf,inf,226.2675407565124,inf
41,69,inf,inf,inf,885.3383533994221,inf
41,70,inf,inf,inf,767.2352963726318,inf
41,71,inf,inf,inf,565.5554791530182,inf
41,72,inf,inf,inf,1014.1765132362315,inf
41,73,inf,inf,inf,627.5109560796528,inf
41,74,inf,inf,inf,620.8035115880064,inf
41,75,inf,inf,inf,555.8165164872307,inf
41,76,inf,inf,inf,706.4870840999147,inf
41,77,inf,inf,inf,350.202798389733,inf
41,78,inf,inf,inf,689.5687057864502,inf
41,79,inf,inf,inf,644.6642537011029,inf
41,80,inf,inf,inf,732.9529316402247,inf
41,81,inf,inf,inf,661.0090770934995,inf
41,82,inf,inf,inf,520.1586296506096,inf
41,83,inf,inf,inf,412.8001937984041,inf
41,84,inf,inf,inf,988.680939433951,inf
41,85,inf,inf,inf,561.8060163437199,inf
41,86,inf,inf,inf,485.4739951840881,inf
41,87,inf,inf,inf,777.1261158911082,inf
41,88,inf,inf,inf,579.2969877359972,inf
41,89,inf,inf,inf,238.2120903732638,inf
41,90,inf,inf,inf,817.1566557276518,inf
41,91,inf,inf,inf,917.1962712527783,inf
41,92,inf,inf,inf,181.01104938649465,inf
41,93,inf,inf,inf,952.7990344243638,inf
41,94,inf,inf,inf,892.0812743242625,inf
41,95,inf,inf,inf,550.6114782675712,inf
41,96,inf,inf,inf,742.2998046611625,inf
41,97,inf,inf,inf,231.1579546543878,inf
41,98,inf,inf,inf,493.6000405186369,inf
41,99,inf,inf,inf,478.17674556590475,inf
41,100,inf,inf,inf,856.8512122883412,inf
41,101,inf,inf,inf,710.8938036021976,inf
41,102,inf,inf,inf,695.4228929219975,inf
41,103,inf,inf,inf,667.4608602757169,inf
41,104,inf,inf,inf,721.826156356224,inf
41,105,inf,inf,inf,239.77072381756702,inf
41,106,inf,inf,inf,201.12185361118767,inf
41,107,inf,inf,inf,168.57639217873896,inf
41,108,inf,inf,inf,918.8955326912848,inf
41,109,inf,inf,inf,580.8967205966995,inf
41,110,inf,inf,inf,929.801053989508,inf
41,111,inf,inf,inf,667.431644440088,inf
41,112,inf,inf,inf,863.951966257384,inf
41,113,inf,inf,inf,492.40328999713233,inf
41,114,inf,inf,inf,333.7019628351023,inf
41,115,inf,inf,inf,344.58090486850836,inf
41,116,inf,inf,inf,722.0339327206167,inf
41,117,inf,inf,inf,791.0025284409652,inf
41,118,inf,inf,inf,729.5478051505604,inf
41,119,inf,inf,inf,991.6219037516265,inf
41,120,inf,inf,inf,149.21461054467824,inf
41,121,inf,inf,inf,790.4277323070086,inf
41,122,inf,inf,inf,511.84763357858753,inf
41,123,inf,inf,inf,339.69986753014786,inf
41,124,inf,inf,inf,432.26149493101974,inf
41,125,inf,inf,inf,401.8084120572888,inf
41,126,inf,inf,inf,439.5600072800072,inf
41,127,inf,inf,inf,651.5765496087164,inf
41,128,inf,inf,inf,824.9151471515116,inf
41,129,inf,inf,inf,479.2963592601137,inf
41,130,inf,inf,inf,319.0,inf
41,131,inf,inf,inf,625.22395987358,inf
41,132,inf,inf,inf,569.1397016550505,inf
41,133,inf,inf,inf,517.9420817041226,inf
41,134,inf,inf,inf,525.5739719582773,inf
41,135,inf,inf,inf,186.46179233290664,inf
41,136,inf,inf,inf,270.85235830614437,inf
41,137,inf,inf,inf,731.8059852173935,inf
41,138,inf,inf,inf,639.9062431325389,inf
41,139,inf,inf,inf,654.1712314065791,inf
41,140,inf,inf,inf,880.1505553028982,inf
41,141,inf,inf,inf,412.43787410954394,inf
41,142,inf,inf,inf,471.1199422652367,inf
41,143,inf,inf,inf,959.2689925146127,inf
42,43,inf,inf,inf,233.3859464492239,inf
42,44,inf,inf,inf,829.2611168986522,inf
42,45,inf,inf,inf,319.363429340305,inf
42,46,inf,inf,inf,666.802069582871,inf
42,47,inf,inf,inf,566.467121729055,inf
42,48,inf,inf,inf,575.1008607192307,inf
42,49,inf,inf,inf,381.75384739384094,inf
42,50,inf,inf,inf,793.543949633541,inf
42,51,inf,inf,inf,448.830703049602,inf
42,52,inf,inf,inf,362.80159867343474,inf
42,53,inf,inf,inf,1379.5191191136134,inf
42,54,inf,inf,inf,364.81776272544624,inf
42,55,inf,inf,inf,557.280898649864,inf
42,56,inf,inf,inf,425.85091287914366,inf
42,57,inf,inf,inf,328.4341638745884,inf
42,58,inf,inf,inf,480.46331805872546,inf
42,59,inf,inf,inf,917.0605214488301,inf
42,60,inf,inf,inf,859.3404447598169,inf
42,61,inf,inf,inf,1167.4596352765263,inf
42,62,inf,inf,inf,1235.4699510712512,inf
42,63,inf,inf,inf,93.86160024205851,inf
42,64,inf,inf,inf,851.5286254730372,inf
42,65,inf,inf,inf,1377.9521036668873,inf
42,66,inf,inf,inf,684.6342089028271,inf
42,67,inf,inf,inf,739.7526613672978,inf
42,68,inf,inf,inf,1058.8507921326782,inf
42,69,inf,inf,inf,203.57799488156869,inf
42,70,inf,inf,inf,1113.9452410239921,inf
42,71,inf,inf,inf,586.7069114984074,inf
42,72,inf,inf,inf,502.5077113836165,inf
42,73,inf,inf,inf,858.4695684763672,inf
42,74,inf,inf,inf,252.46187831036985,inf
42,75,inf,inf,inf,623.4163937530036,inf
42,76,inf,inf,inf,694.953235836772,inf
42,77,inf,inf,inf,958.2494456038052,inf
42,78,inf,inf,inf,436.1249820865574,inf
42,79,inf,inf,inf,901.0504980299384,inf
42,80,inf,inf,inf,939.8595639775125,inf
42,81,inf,inf,inf,697.120506081983,inf
42,82,inf,inf,inf,345.8916015170071,inf
42,83,inf,inf,inf,1260.02539656945,inf
42,84,inf,inf,inf,253.03359460751452,inf
42,85,inf,inf,inf,995.5792283891825,inf
42,86,inf,inf,inf,878.0005694758974,inf
42,87,inf,inf,inf,99.32270636667126,inf
42,88,inf,inf,inf,588.0552695112934,inf
42,89,inf,inf,inf,834.4800776531456,inf
42,90,inf,inf,inf,97.082439194738,inf
42,91,inf,inf,inf,1134.2596704458817,inf
42,92,inf,inf,inf,785.9497439404125,inf
42,93,inf,inf,inf,951.1351113275127,inf
42,94,inf,inf,inf,215.2881789602021,inf
42,95,inf,inf,inf,1021.7538842598055,inf
42,96,inf,inf,inf,644.4571358903554,inf
42,97,inf,inf,inf,819.9963414552531,inf
42,98,inf,inf,inf,1358.194757757517,inf
42,99,inf,inf,inf,1331.465733693511,inf
42,100,inf,inf,inf,1242.9843120490298,inf
42,101,inf,inf,inf,693.5142392193544,inf
42,102,inf,inf,inf,556.2023013256957,inf
42,103,inf,inf,inf,313.4645115479582,inf
42,104,inf,inf,inf,442.6928958092732,inf
42,105,inf,inf,inf,935.3127819077423,inf
42,106,inf,inf,inf,897.5622541083153,inf
42,107,inf,inf,inf,760.7798630352935,inf
42,108,inf,inf,inf,650.1453683600307,inf
42,109,inf,inf,inf,300.8205445111753,inf
42,110,inf,inf,inf,1080.6673863867643,inf
42,111,inf,inf,inf,639.153346232342,inf
42,112,inf,inf,inf,1240.4922410075767,inf
42,113,inf,inf,inf,1139.452938914109,inf
42,114,inf,inf,inf,871.5348530035961,inf
42,115,inf,inf,inf,1190.59144965853,inf
42,116,inf,inf,inf,217.89217516927954,inf
42,117,inf,inf,inf,199.49185447030163,inf
42,118,inf,inf,inf,1037.475782849894,inf
42,119,inf,inf,inf,259.2951985671929,inf
42,120,inf,inf,inf,738.9215113934632,inf
42,121,inf,inf,inf,1323.548261303682,inf
42,122,inf,inf,inf,370.5347487078641,inf
42,123,inf,inf,inf,792.085853932514,inf
42,124,inf,inf,inf,785.6933243957212,inf
42,125,inf,inf,inf,621.7861368670099,inf
42,126,inf,inf,inf,855.9351610957456,inf
42,127,inf,inf,inf,298.9648808806814,inf
42,128,inf,inf,inf,712.7054089874722,inf
42,129,inf,inf,inf,409.552194475869,inf
42,130,inf,inf,inf,745.8371135844609,inf
42,131,inf,inf,inf,1401.8120416090026,inf
42,132,inf,inf,inf,704.0255677175368,inf
42,133,inf,inf,inf,462.4326978058537,inf
42,134,inf,inf,inf,1381.9551367537226,inf
42,135,inf,inf,inf,682.4221567329126,inf
42,136,inf,inf,inf,1072.1347863025433,inf
42,137,inf,inf,inf,1371.6501011555388,inf
42,138,inf,inf,inf,481.202660009273,inf
42,139,inf,inf,inf,807.2521291393415,inf
42,140,inf,inf,inf,1207.379393562769,inf
42,141,inf,inf,inf,1233.5675903654408,inf
42,142,inf,inf,inf,956.1558450378265,inf
42,143,inf,inf,inf,1013.9709068804686,inf
43,44,inf,inf,inf,750.4405372846006,inf
43,45,inf,inf,inf,483.86981720293323,inf
43,46,inf,inf,inf,524.9038007101873,inf
43,47,inf,inf,inf,351.4342043683284,inf
43,48,inf,inf,inf,422.26295125194207,inf
43,49,inf,inf,inf,537.014897372503,inf
43,50,inf,inf,inf,619.358539135451,inf
43,51,inf,inf,inf,258.0426321366297,inf
43,52,inf,inf,inf,403.21954317716296,inf
43,53,inf,inf,inf,1223.6110493126482,inf
43,54,inf,inf,inf,356.11374587342175,inf
43,55,inf,inf,inf,341.55087468779817,inf
43,56,inf,inf,inf,325.84965858505973,inf
43,57,inf,inf,inf,211.4426636230257,inf
43,58,inf,inf,inf,274.40116617827994,inf
43,59,inf,inf,inf,734.7986118658636,inf
43,60,inf,inf,inf,760.9080102088557,inf
43,61,inf,inf,inf,1105.967901885041,inf
43,62,inf,inf,inf,1151.9570304486188,inf
43,63,inf,inf,inf,327.23233336576016,inf
43,64,inf,inf,inf,622.294142668883,inf
43,65,inf,inf,inf,1177.334701773459,inf
43,66,inf,inf,inf,733.8426261808454,inf
43,67,inf,inf,inf,507.17354031928755,inf
43,68,inf,inf,inf,894.6831841495625,inf
43,69,inf,inf,inf,156.31058825300352,inf
43,70,inf,inf,inf,881.3813022750143,inf
43,71,inf,inf,inf,624.0064102234847,inf
43,72,inf,inf,inf,372.21096168705185,inf
43,73,inf,inf,inf,891.0022446660839,inf
43,74,inf,inf,inf,242.03305559365234,inf
43,75,inf,inf,inf,393.5085767807355,inf
43,76,inf,inf,inf,770.9974059619137,inf
43,77,inf,inf,inf,756.111764225369,inf
43,78,inf,inf,inf,528.3370136570028,inf
43,79,inf,inf,inf,668.823594081429,inf
43,80,inf,inf,inf,706.4736371585284,inf
43,81,inf,inf,inf,463.7801203156513,inf
43,82,inf,inf,inf,264.8848806557294,inf
43,83,inf,inf,inf,1139.8863978484874,inf
43,84,inf,inf,inf,259.55538907909425,inf
43,85,inf,inf,inf,990.0550489745507,inf
43,86,inf,inf,inf,655.8429690101129,inf
43,87,inf,inf,inf,225.61028345356956,inf
43,88,inf,inf,inf,356.72117963473937,inf
43,89,inf,inf,inf,647.6048177708378,inf
43,90,inf,inf,inf,138.6001443000692,inf
43,91,inf,inf,inf,901.9323699701657,inf
43,92,inf,inf,inf,613.7833493994441,inf
43,93,inf,inf,inf,728.7585333977229,inf
43,94,inf,inf,inf,418.4925327888181,inf
43,95,inf,inf,inf,1008.8855237339864,inf
43,96,inf,inf,inf,415.5237658666469,inf
43,97,inf,inf,inf,634.8235975450189,inf
43,98,inf,inf,inf,1219.0176372801175,inf
43,99,inf,inf,inf,1207.0211265756702,inf
43,100,inf,inf,inf,1010.3449905848992,inf
43,101,inf,inf,inf,771.0804108522016,inf
43,102,inf,inf,inf,324.7768464653846,inf
43,103,inf,inf,inf,390.3549666649574,inf
43,104,inf,inf,inf,214.94650497274898,inf
43,105,inf,inf,inf,852.3033497528917,inf
43,106,inf,inf,inf,718.167807688426,inf
43,107,inf,inf,inf,663.1930337390464,inf
43,108,inf,inf,inf,450.61957347634154,inf
43,109,inf,inf,inf,284.85083815920217,inf
43,110,inf,inf,inf,850.2452587342078,inf
43,111,inf,inf,inf,406.0541835765271,inf
43,112,inf,inf,inf,1007.6556951657644,inf
43,113,inf,inf,inf,930.8619661367629,inf
43,114,inf,inf,inf,668.516267565719,inf
43,115,inf,inf,inf,1026.5519957605654,inf
43,116,1.0,25.5563,25.55634918610405,23.706539182259394,1.0780295255086811
43,117,inf,inf,inf,353.8954647915116,inf
43,118,inf,inf,inf,804.7266616684202,inf
43,119,inf,inf,inf,262.5509474368737,inf
43,120,inf,inf,inf,628.0286617663241,inf
43,121,inf,inf,inf,1097.0018231525414,inf
43,122,inf,inf,inf,327.8734511972569,inf
43,123,inf,inf,inf,587.8715846169127,inf
43,124,inf,inf,inf,568.000880281008,inf
43,125,inf,inf,inf,415.9146547069483,inf
43,126,inf,inf,inf,638.2037292275876,inf
43,127,inf,inf,inf,82.29823813423954,inf
43,128,inf,inf,inf,490.2019991799299,inf
43,129,inf,inf,inf,363.4969050762331,inf
43,130,inf,inf,inf,546.8765857119868,inf
43,131,inf,inf,inf,1207.46511336767,inf
43,132,inf,inf,inf,473.05073723650406,inf
43,133,inf,inf,inf,250.78476827750126,inf
43,134,inf,inf,inf,1220.2003933780713,inf
43,135,inf,inf,inf,562.6091005307326,inf
43,136,inf,inf,inf,969.2729233812322,inf
43,137,inf,inf,inf,1154.4232326144515,inf
43,138,inf,inf,inf,247.88101984621574,inf
43,139,inf,inf,inf,854.0403971710003,inf
43,140,inf,inf,inf,974.0308003343631,inf
43,141,inf,inf,inf,1127.4298204322963,inf
43,142,inf,inf,inf,738.0928125920209,inf
43,143,inf,inf,inf,788.4415006834686,inf
44,45,inf,inf,inf,718.6160309929079,inf
44,46,inf,inf,inf,287.69602013236124,inf
44,47,inf,inf,inf,584.000856163756,inf
44,48,inf,inf,inf,1103.3172707793528,inf
44,49,inf,inf,inf,700.3213548079196,inf
44,50,inf,inf,inf,376.3004119051692,inf
44,51,inf,inf,inf,927.6987657639736,inf
44,52,inf,inf,inf,502.31165624540307,inf
44,53,inf,inf,inf,644.8914637363407,inf
44,54,inf,inf,inf,468.7963310436634,inf
44,55,inf,inf,inf,913.0607865854278,inf
44,56,inf,inf,inf,1063.3687036959475,inf
44,57,inf,inf,inf,954.9937172568204,inf
44,58,inf,inf,inf,906.2543792997637,inf
44,59,inf,inf,inf,439.90226187188443,inf
44,60,inf,inf,inf,75.39230729988306,inf
44,61,inf,inf,inf,356.97618968216915,inf
44,62,inf,inf,inf,406.9889433387595,inf
44,63,inf,inf,inf,878.2892462053717,inf
44,64,inf,inf,inf,984.4414660100416,inf
44,65,inf,inf,inf,835.8528578643492,inf
44,66,inf,inf,inf,419.4591756059223,inf
44,67,inf,inf,inf,770.7892059441414,inf
44,68,inf,inf,inf,422.8297529739363,inf
44,69,inf,inf,inf,899.40980648423,inf
44,70,inf,inf,inf,976.968781486901,inf
44,71,inf,inf,inf,392.82184256988563,inf
44,72,inf,inf,inf,1085.218871933215,inf
44,73,inf,inf,inf,407.73520819276814,inf
44,74,inf,inf,inf,577.249512775888,inf
44,75,inf,inf,inf,691.0354549514808,inf
44,76,inf,inf,inf,508.1594238031998,inf
44,77,inf,inf,inf,568.2006687782055,inf
44,78,inf,inf,inf,549.9209034033895,inf
44,79,inf,inf,inf,835.1538780368561,inf
44,80,inf,inf,inf,922.3502588496411,inf
44,81,inf,inf,inf,809.7067370350824,inf
44,82,inf,inf,inf,497.31378424491714,inf
44,83,inf,inf,inf,454.3676925134532,inf
44,84,inf,inf,inf,1001.5667726117915,inf
44,85,inf,inf,inf,349.08451698693256,inf
44,86,inf,inf,inf,683.836968874892,inf
44,87,inf,inf,inf,731.8968506558831,inf
44,88,inf,inf,inf,704.1597830038294,inf
44,89,inf,inf,inf,441.3898503590675,inf
44,90,inf,inf,inf,804.6322141202153,inf
44,91,inf,inf,inf,1117.5871330683797,inf
44,92,inf,inf,inf,367.2015795173,inf
44,93,inf,inf,inf,1122.6486538539116,inf
44,94,inf,inf,inf,801.8883962248113,inf
44,95,inf,inf,inf,343.92586410446074,inf
44,96,inf,inf,inf,873.2771610433883,inf
44,97,inf,inf,inf,430.4648650006177,inf
44,98,inf,inf,inf,581.9321266264649,inf
44,99,inf,inf,inf,528.7958017987662,inf
44,100,inf,inf,inf,1072.4812352670792,inf
44,101,inf,inf,inf,512.9249457766701,inf
44,102,inf,inf,inf,808.3099652979666,inf
44,103,inf,inf,inf,569.5489443410461,inf
44,104,inf,inf,inf,804.279180384523,inf
44,105,inf,inf,inf,106.07544484940895,inf
44,106,inf,inf,inf,419.07517225433435,inf
44,107,inf,inf,inf,102.07840124139877,inf
44,108,inf,inf,inf,1034.5786581985924,inf
44,109,inf,inf,inf,528.4590807243263,inf
44,110,inf,inf,inf,1122.0160426660575,inf
44,111,inf,inf,inf,802.207579121514,inf
44,112,inf,inf,inf,1079.0018535665265,inf
44,113,inf,inf,inf,713.1374341597838,inf
44,114,inf,inf,inf,540.3378572708006,inf
44,115,inf,inf,inf,514.7523676487559,inf
44,116,inf,inf,inf,736.9565794536337,inf
44,117,inf,inf,inf,708.3113722085789,inf
44,118,inf,inf,inf,933.2148734348376,inf
44,119,inf,inf,inf,1005.6679372437007,inf
44,120,inf,inf,inf,154.05518491761322,inf
44,121,inf,inf,inf,1011.5779752446175,inf
44,122,inf,inf,inf,458.99237466432925,inf
44,123,inf,inf,inf,527.683617331446,inf
44,124,inf,inf,inf,614.7161946784873,inf
44,125,inf,inf,inf,532.5448337933624,inf
44,126,inf,inf,inf,636.8586970435435,inf
44,127,inf,inf,inf,685.1642138932826,inf
44,128,inf,inf,inf,963.4588730194974,inf
44,129,inf,inf,inf,419.7487343637858,inf
44,130,inf,inf,inf,493.1379117447775,inf
44,131,inf,inf,inf,819.8079043288129,inf
44,132,inf,inf,inf,724.9344797980021,inf
44,133,inf,inf,inf,595.9681199527371,inf
44,134,inf,inf,inf,665.3976254841912,inf
44,135,inf,inf,inf,217.05759604307792,inf
44,136,inf,inf,inf,253.23704310388715,inf
44,137,inf,inf,inf,949.6620451507999,inf
44,138,inf,inf,inf,733.7097518774028,inf
44,139,inf,inf,inf,438.96469106296007,inf
44,140,inf,inf,inf,1091.3739047640822,inf
44,141,inf,inf,inf,411.8652692325489,inf
44,142,inf,inf,inf,682.4221567329126,inf
44,143,inf,inf,inf,1138.6645686943982,inf
45,46,inf,inf,inf,673.1255454965292,inf
45,47,inf,inf,inf,713.0021037837125,inf
45,48,inf,inf,inf,883.1806157293082,inf
45,49,inf,inf,inf,63.28506932918696,inf
45,50,inf,inf,inf,832.5773237363602,inf
45,51,inf,inf,inf,737.0101763205173,inf
45,52,inf,inf,inf,233.45235059857504,inf
45,53,inf,inf,inf,1344.3756915386414,inf
45,54,inf,inf,inf,304.27783356662707,inf
45,55,inf,inf,inf,824.5683719377066,inf
45,56,inf,inf,inf,742.8081851999209,inf
45,57,inf,inf,inf,639.1822901176158,inf
45,58,inf,inf,inf,757.9247983804198,inf
45,59,inf,inf,inf,958.1508232006065,inf
45,60,inf,inf,inf,772.4720059652648,inf
45,61,inf,inf,inf,1004.3888689148242,inf
45,62,inf,inf,inf,1097.5304096014834,inf
45,63,inf,inf,inf,284.01584462842914,inf
45,64,inf,inf,inf,1086.8707374844537,inf
45,65,inf,inf,inf,1432.0031424546526,inf
45,66,inf,inf,inf,432.3944958021552,inf
45,67,inf,inf,inf,931.1739901865816,inf
45,68,inf,inf,inf,1055.8655217403398,inf
45,69,inf,inf,inf,517.2320562378168,inf
45,70,inf,inf,inf,1291.218416845113,inf
45,71,inf,inf,inf,364.9356107589392,inf
45,72,inf,inf,inf,815.6279789217631,inf
45,73,inf,inf,inf,607.6224156497191,inf
45,74,inf,inf,inf,299.202272718641,inf
45,75,inf,inf,inf,806.0750585398359,inf
45,76,inf,inf,inf,413.9190742162047,inf
45,77,inf,inf,inf,1036.6855839645887,inf
45,78,inf,inf,inf,182.45547402037573,inf
45,79,inf,inf,inf,1081.904339579059,inf
45,80,inf,inf,inf,1139.4230996429728,inf
45,81,inf,inf,inf,908.8773294565115,inf
45,82,inf,inf,inf,389.16577444580093,inf
45,83,inf,inf,inf,1172.9658989075513,inf
45,84,inf,inf,inf,571.6861026822324,inf
45,85,inf,inf,inf,776.183612298018,inf
45,86,inf,inf,inf,1013.9132112759947,inf
45,87,inf,inf,inf,263.8370709358334,inf
45,88,inf,inf,inf,780.6663820096264,inf
45,89,inf,inf,inf,891.9921524318473,inf
45,90,inf,inf,inf,389.9743581314033,inf
45,91,inf,inf,inf,1348.0,inf
45,92,inf,inf,inf,822.4110894193974,inf
45,93,inf,inf,inf,1203.9356295084883,inf
45,94,inf,inf,inf,127.88275880665071,inf
45,95,inf,inf,inf,808.9548813129197,inf
45,96,inf,inf,inf,885.4117686139032,inf
45,97,inf,inf,inf,875.8019182440742,inf
45,98,inf,inf,inf,1296.003858018949,inf
45,99,inf,inf,inf,1247.372438367948,inf
45,100,inf,inf,inf,1418.0088152053215,inf
45,101,inf,inf,inf,411.17514516322603,inf
45,102,inf,inf,inf,790.8843151814303,inf
45,103,inf,inf,inf,172.07265907168403,inf
45,104,inf,inf,inf,692.9704178390301,inf
45,105,inf,inf,inf,818.4772446439791,inf
45,106,inf,inf,inf,935.053474406678,inf
45,107,inf,inf,inf,686.1872922169282,inf
45,108,inf,inf,inf,933.929333515122,inf
45,109,inf,inf,inf,303.1600237498341,inf
45,110,inf,inf,inf,1307.2432826371685,inf
45,111,inf,inf,inf,858.3763743253888,inf
45,112,inf,inf,inf,1418.1142408141877,inf
45,113,inf,inf,inf,1222.9251816852902,inf
45,114,inf,inf,inf,958.4529200748465,inf
45,115,inf,inf,inf,1179.033926568697,inf
45,116,inf,inf,inf,460.76892256314335,inf
45,117,inf,inf,inf,130.91982279242512,inf
45,118,inf,inf,inf,1219.0590633763402,inf
45,119,inf,inf,inf,577.9870240758005,inf
45,120,inf,inf,inf,686.9133860975487,inf
45,121,inf,inf,inf,1457.992112461518,inf
45,122,inf,inf,inf,350.64654568382673,inf
45,123,inf,inf,inf,888.6287188696975,inf
45,124,inf,inf,inf,914.9890709729816,inf
45,125,inf,inf,inf,741.5692819959576,inf
45,126,inf,inf,inf,980.0704056342075,inf
45,127,inf,inf,inf,508.4850046953204,inf
45,128,inf,inf,inf,967.822297738588,inf
45,129,inf,inf,inf,370.1351104664349,inf
45,130,inf,inf,inf,836.2392002292167,inf
45,131,inf,inf,inf,1440.5589193087521,inf
45,132,inf,inf,inf,886.1292230820513,inf
45,133,inf,inf,inf,620.378110510034,inf
45,134,inf,inf,inf,1357.0014738385512,inf
45,135,inf,inf,inf,653.2939613986953,inf
45,136,inf,inf,inf,971.4813431044365,inf
45,137,inf,inf,inf,1470.6410166998608,inf
45,138,inf,inf,inf,699.4605063904609,inf
45,139,inf,inf,inf,545.7151271496879,inf
45,140,inf,inf,inf,1396.756958099726,inf
45,141,inf,inf,inf,1127.2976536833562,inf
45,142,inf,inf,inf,1074.918136417839,inf
45,143,inf,inf,inf,1258.61908455259,inf
46,47,inf,inf,inf,297.6071235706565,inf
46,48,inf,inf,inf,831.0872397047135,inf
46,49,inf,inf,inf,680.8384536731162,inf
46,50,inf,inf,inf,164.97575579460153,inf
46,51,inf,inf,inf,660.1469533369067,inf
46,52,inf,inf,inf,441.1915683691156,inf
46,53,inf,inf,inf,712.7327689955051,inf
46,54,inf,inf,inf,369.9148550680278,inf
46,55,inf,inf,inf,631.7412444980936,inf
46,56,inf,inf,inf,812.0554168281867,inf
46,57,inf,inf,inf,711.690944160455,inf
46,58,inf,inf,inf,633.1034670573207,inf
46,59,inf,inf,inf,286.574597618142,inf
46,60,inf,inf,inf,263.78210705049725,inf
46,61,inf,inf,inf,629.9817457672881,inf
46,62,inf,inf,inf,648.6763445663793,inf
46,63,inf,inf,inf,738.3664401907769,inf
46,64,inf,inf,inf,700.9607692303472,inf
46,65,inf,inf,inf,759.1686242199423,inf
46,66,inf,inf,inf,557.0718086566578,inf
46,67,inf,inf,inf,487.53358858646857,inf
46,68,inf,inf,inf,395.3353007258522,inf
46,69,inf,inf,inf,681.0499247485459,inf
46,70,inf,inf,inf,737.7594458900543,inf
46,71,inf,inf,inf,475.0789408087881,inf
46,72,inf,inf,inf,822.1368499222012,inf
46,73,inf,inf,inf,624.5998719180144,inf
46,74,inf,inf,inf,428.896257852642,inf
46,75,inf,inf,inf,403.35220341532784,inf
46,76,inf,inf,inf,640.1757571167468,inf
46,77,inf,inf,inf,382.1740441212616,inf
46,78,inf,inf,inf,553.8591878808187,inf
46,79,inf,inf,inf,569.9622794536494,inf
46,80,inf,inf,inf,654.1719957320093,inf
46,81,inf,inf,inf,522.7925018590072,inf
46,82,inf,inf,inf,324.6166970443757,inf
46,83,inf,inf,inf,615.4746136113171,inf
46,84,inf,inf,inf,784.4494884949572,inf
46,85,inf,inf,inf,622.0876144081315,inf
46,86,inf,inf,inf,434.6147719532782,inf
46,87,inf,inf,inf,581.9965635637379,inf
46,88,inf,inf,inf,417.02997494184996,inf
46,89,inf,inf,inf,232.4908600354001,inf
46,90,inf,inf,inf,614.2719267555697,inf
46,91,inf,inf,inf,858.9586718812495,inf
46,92,inf,inf,inf,154.0194792875239,inf
46,93,inf,inf,inf,839.6862509294766,inf
46,94,inf,inf,inf,713.4731950115576,inf
46,95,inf,inf,inf,623.5591391359765,inf
46,96,inf,inf,inf,586.0034129593445,inf
46,97,inf,inf,inf,216.5386801474508,inf
46,98,inf,inf,inf,696.855795699512,inf
46,99,inf,inf,inf,682.1260880511754,inf
46,100,inf,inf,inf,847.8944509784222,inf
46,101,inf,inf,inf,643.6746072356747,inf
46,102,inf,inf,inf,524.1717275855309,inf
46,103,inf,inf,inf,501.3232490120521,inf
46,104,inf,inf,inf,532.6931574555844,inf
46,105,inf,inf,inf,366.9945503682582,inf
46,106,inf,inf,inf,263.00760445279906,inf
46,107,inf,inf,inf,185.6906028855526,inf
46,108,inf,inf,inf,750.7822587142027,inf
46,109,inf,inf,inf,394.37038428360717,inf
46,110,inf,inf,inf,853.7195089723556,inf
46,111,inf,inf,inf,514.5600062189054,inf
46,112,inf,inf,inf,852.2124148356442,inf
46,113,inf,inf,inf,562.9102948072632,inf
46,114,inf,inf,inf,320.0281237641467,inf
46,115,inf,inf,inf,525.7118982865045,inf
46,116,inf,inf,inf,517.6504612187649,inf
46,117,inf,inf,inf,611.0990099811977,inf
46,118,inf,inf,inf,683.1259034760723,inf
46,119,inf,inf,inf,787.4446012260164,inf
46,120,inf,inf,inf,134.01492454200763,inf
46,121,inf,inf,inf,831.0385069297331,inf
46,122,inf,inf,inf,329.78932669205653,inf
46,123,inf,inf,inf,276.4868893817571,inf
46,124,inf,inf,inf,349.81280708401744,inf
46,125,inf,inf,inf,245.0979396078229,inf
46,126,inf,inf,inf,388.9730067755345,inf
46,127,inf,inf,inf,448.0011160700384,inf
46,128,inf,inf,inf,675.8061852336067,inf
46,129,inf,inf,inf,303.87168344549644,inf
46,130,inf,inf,inf,230.08259386576813,inf
46,131,inf,inf,inf,767.9010352903556,inf
46,132,inf,inf,inf,440.2238067165382,inf
46,133,inf,inf,inf,324.2360251421794,inf
46,134,inf,inf,inf,715.6290938747529,inf
46,135,inf,inf,inf,74.33034373659252,inf
46,136,inf,inf,inf,454.81644649242844,inf
46,137,inf,inf,inf,813.3197403235704,inf
46,138,inf,inf,inf,455.80807364503755,inf
46,139,inf,inf,inf,629.651490905882,inf
46,140,inf,inf,inf,853.1939990412498,inf
46,141,inf,inf,inf,607.9095327431542,inf
46,142,inf,inf,inf,459.8140928679764,inf
46,143,inf,inf,inf,860.2627505593858,inf
47,48,inf,inf,inf,547.4778534333603,inf
47,49,inf,inf,inf,745.6601102379019,inf
47,50,inf,inf,inf,309.3428518650463,inf
47,51,inf,inf,inf,388.499678249545,inf
47,52,inf,inf,inf,523.6258206009326,inf
47,53,inf,inf,inf,909.3437193932776,inf
47,54,inf,inf,inf,442.6522337004525,inf
47,55,inf,inf,inf,338.20851556399344,inf
47,56,inf,inf,inf,560.2856414365801,inf
47,57,inf,inf,inf,479.0511454949252,inf
47,58,inf,inf,inf,352.63862522418043,inf
47,59,inf,inf,inf,404.6047453997543,inf
47,60,inf,inf,inf,560.2651158157181,inf
47,61,inf,inf,inf,926.47126237137,inf
47,62,inf,inf,inf,936.810012756055,inf
47,63,inf,inf,inf,657.0,inf
47,64,inf,inf,inf,431.4487223297805,inf
47,65,inf,inf,inf,827.1910299320224,inf
47,66,inf,inf,inf,767.5161236091395,inf
47,67,inf,inf,inf,232.76812496559748,inf
47,68,inf,inf,inf,580.3860783995426,inf
47,69,inf,inf,inf,493.32038271289787,inf
47,70,inf,inf,inf,578.2499459576283,inf
47,71,inf,inf,inf,664.2665127793211,inf
47,72,inf,inf,inf,551.9574258944253,inf
47,73,inf,inf,inf,875.948057820782,inf
47,74,inf,inf,inf,414.28733989828845,inf
47,75,inf,inf,inf,117.17081547894082,inf
47,76,inf,inf,inf,836.4000239120035,inf
47,77,inf,inf,inf,406.9262832504187,inf
47,78,inf,inf,inf,665.1691514193965,inf
47,79,inf,inf,inf,370.63324189824095,inf
47,80,inf,inf,inf,436.0378423944417,inf
47,81,inf,inf,inf,242.01239637671455,inf
47,82,inf,inf,inf,329.98484813700156,inf
47,83,inf,inf,inf,873.3596052028054,inf
47,84,inf,inf,inf,587.7286788986904,inf
47,85,inf,inf,inf,905.9034164854442,inf
47,86,inf,inf,inf,312.9217154497271,inf
47,87,inf,inf,inf,516.6139758078559,inf
47,88,inf,inf,inf,120.81390648431164,inf
47,89,inf,inf,inf,315.8259014077218,inf
47,90,inf,inf,inf,482.26548705044195,inf
47,91,inf,inf,inf,648.8913622479498,inf
47,92,inf,inf,inf,307.87659865601995,inf
47,93,inf,inf,inf,568.4197392772352,inf
47,94,inf,inf,inf,699.3153794962614,inf
47,95,inf,inf,inf,911.6073716244291,inf
47,96,inf,inf,inf,289.76197127987655,inf
47,97,inf,inf,inf,306.1976485866604,inf
47,98,inf,inf,inf,924.632900128478,inf
47,99,inf,inf,inf,931.9324009819596,inf
47,100,inf,inf,inf,705.0992837891697,inf
47,101,inf,inf,inf,838.6137370685028,inf
47,102,inf,inf,inf,227.89910048089263,inf
47,103,inf,inf,inf,556.9245909456683,inf
47,104,inf,inf,inf,260.4995201531089,inf
47,105,inf,inf,inf,664.0248489326284,inf
47,106,inf,inf,inf,392.4754769409167,inf
47,107,inf,inf,inf,482.00933600916903,inf
47,108,inf,inf,inf,454.0704791108975,inf
47,109,inf,inf,inf,413.9685978428799,inf
47,110,inf,inf,inf,621.8850376074344,inf
47,111,inf,inf,inf,221.21934815924217,inf
47,112,inf,inf,inf,705.1155933604078,inf
47,113,inf,inf,inf,579.4359326103275,inf
47,114,inf,inf,inf,319.631037291437,inf
47,115,inf,inf,inf,707.8566239006315,inf
47,116,inf,inf,inf,357.77087639996637,inf
47,117,inf,inf,inf,606.1155005442445,inf
47,118,inf,inf,inf,506.7435248722967,inf
47,119,inf,inf,inf,588.7656579658837,inf
47,120,inf,inf,inf,431.335136523794,inf
47,121,inf,inf,inf,760.9894874438148,inf
47,122,inf,inf,inf,389.5086648586909,inf
47,123,inf,inf,inf,239.30106560565082,inf
47,124,inf,inf,inf,219.22819161777528,inf
47,125,inf,inf,inf,74.27651041883968,inf
47,126,inf,inf,inf,289.4995682207488,inf
47,127,inf,inf,inf,272.0900586203031,inf
47,128,inf,inf,inf,381.55995597022496,inf
47,129,inf,inf,inf,394.6289396382379,inf
47,130,inf,inf,inf,204.83163818121457,inf
47,131,inf,inf,inf,859.8988312586545,inf
47,132,inf,inf,inf,183.14202139323461,inf
47,133,inf,inf,inf,104.04326023342406,inf
47,134,inf,inf,inf,899.6360375173952,inf
47,135,inf,inf,inf,367.0490430446591,inf
47,136,inf,inf,inf,738.1734213584231,inf
47,137,inf,inf,inf,805.6879048366061,inf
47,138,inf,inf,inf,174.49641830135081,inf
47,139,inf,inf,inf,865.0369934286048,inf
47,140,inf,inf,inf,685.006569311565,inf
47,141,inf,inf,inf,881.0834239730084,inf
47,142,inf,inf,inf,389.7396566940552,inf
47,143,inf,inf,inf,602.2242107388245,inf
48,49,inf,inf,inf,941.83703473584,inf
48,50,inf,inf,inf,854.0521061387296,inf
48,51,inf,inf,inf,178.2806775845324,inf
48,52,inf,inf,inf,825.234512123675,inf
48,53,inf,inf,inf,1437.5152173107595,inf
48,54,inf,inf,inf,773.4474772083752,inf
48,55,inf,inf,inf,219.59280498231266,inf
48,56,inf,inf,inf,171.1724276862369,inf
48,57,inf,inf,inf,246.6779276708802,inf
48,58,inf,inf,inf,197.99494943053472,inf
48,59,inf,inf,inf,933.1243218349847,inf
48,60,inf,inf,inf,1093.4006584962349,inf
48,61,inf,inf,inf,1457.4172360720866,inf
48,62,inf,inf,inf,1479.1676713611612,inf
48,63,inf,inf,inf,649.0585489769009,inf
48,64,inf,inf,inf,458.90303986790065,inf
48,65,inf,inf,inf,1276.2527179207102,inf
48,66,inf,inf,inf,1153.13529128199,inf
48,67,inf,inf,inf,510.88256967722043,inf
48,68,inf,inf,inf,1115.557259848189,inf
48,69,inf,inf,inf,371.6517186829626,inf
48,70,inf,inf,inf,804.8012176929158,inf
48,71,inf,inf,inf,1042.5862074667975,inf
48,72,inf,inf,inf,84.07734534343957,inf
48,73,inf,inf,inf,1304.3960288194687,inf
48,74,inf,inf,inf,663.9352378056161,inf
48,75,inf,inf,inf,484.00929743136135,inf
48,76,inf,inf,inf,1193.0318520475469,inf
48,77,inf,inf,inf,893.5463054593198,inf
48,78,inf,inf,inf,949.4177162871988,inf
48,79,inf,inf,inf,635.1259717567847,inf
48,80,inf,inf,inf,616.9416504013974,inf
48,81,inf,inf,inf,436.5157500022193,inf
48,82,inf,inf,inf,668.516267565719,inf
48,83,inf,inf,inf,1420.4467607059407,inf
48,84,inf,inf,inf,361.26029397098154,inf
48,85,inf,inf,inf,1385.620799497467,inf
48,86,inf,inf,inf,721.9445962122024,inf
48,87,inf,inf,inf,620.285418174569,inf
48,88,inf,inf,inf,449.86220112385524,inf
48,89,inf,inf,inf,847.8596581982185,inf
48,90,inf,inf,inf,493.42071298233924,inf
48,91,inf,inf,inf,738.1327793832218,inf
48,92,inf,inf,inf,853.6509825449743,inf
48,93,inf,inf,inf,487.2627627882106,inf
48,94,inf,inf,inf,790.2113641298763,inf
48,95,inf,inf,inf,1399.868565258896,inf
48,96,inf,inf,inf,328.7461026384952,inf
48,97,inf,inf,inf,841.5990731934061,inf
48,98,inf,inf,inf,1464.8037411202909,inf
48,99,inf,inf,inf,1477.7151281623937,inf
48,100,inf,inf,inf,917.7717581185423,inf
48,101,inf,inf,inf,1193.182718614379,inf
48,102,inf,inf,inf,330.39673121869714,inf
48,103,inf,inf,inf,811.1997287967988,inf
48,104,inf,inf,inf,299.2924990707251,inf
48,105,inf,inf,inf,1194.6535062519174,inf
48,106,inf,inf,inf,925.8039749320587,inf
48,107,inf,inf,inf,1004.8368026699659,inf
48,108,inf,inf,inf,168.40427548016706,inf
48,109,inf,inf,inf,704.5409853230683,inf
48,110,inf,inf,inf,662.2091814525076,inf
48,111,inf,inf,inf,393.15391388106514,inf
48,112,inf,inf,inf,910.0065933827074,inf
48,113,inf,inf,inf,1021.5331614783731,inf
48,114,inf,inf,inf,817.4105455644673,inf
48,115,inf,inf,inf,1236.4000161759948,inf
48,116,inf,inf,inf,445.371754829603,inf
48,117,inf,inf,inf,753.150715328612,inf
48,118,inf,inf,inf,733.9734327617042,inf
48,119,inf,inf,inf,356.0126402250347,inf
48,120,inf,inf,inf,958.975494994528,inf
48,121,inf,inf,inf,1072.246706686479,inf
48,122,inf,inf,inf,738.3258088405146,inf
48,123,inf,inf,inf,748.8077189773086,inf
48,124,inf,inf,inf,679.0,inf
48,125,inf,inf,inf,618.6056902421768,inf
48,126,inf,inf,inf,732.6295107351327,inf
48,127,inf,inf,inf,448.1439500874691,inf
48,128,inf,inf,inf,310.4834939252005,inf
48,129,inf,inf,inf,769.4985380103071,inf
48,130,inf,inf,inf,733.8937252763509,inf
48,131,inf,inf,inf,1325.3173204934733,inf
48,132,inf,inf,inf,516.895540704309,inf
48,133,inf,inf,inf,508.43386983952985,inf
48,134,inf,inf,inf,1422.0411386454332,inf
48,135,inf,inf,inf,891.1907764334189,inf
48,136,inf,inf,inf,1282.5630588785878,inf
48,137,inf,inf,inf,1184.6877225665842,inf
48,138,inf,inf,inf,376.42661967507024,inf
48,139,inf,inf,inf,1271.6198331262374,inf
48,140,inf,inf,inf,855.851622654301,inf
48,141,inf,inf,inf,1428.1876627390393,inf
48,142,inf,inf,inf,811.7567369600329,inf
48,143,inf,inf,inf,561.1506036707079,inf
49,50,inf,inf,inf,843.2555958901191,inf
49,51,inf,inf,inf,792.4171881023278,inf
49,52,inf,inf,inf,240.85887984460942,inf
49,53,inf,inf,inf,1334.6928485610463,inf
49,54,inf,inf,inf,319.1801998871484,inf
49,55,inf,inf,inf,875.9052460169422,inf
49,56,inf,inf,inf,803.8662824126908,inf
49,57,inf,inf,inf,698.9713871110891,inf
49,58,inf,inf,inf,811.4141975588053,inf
49,59,inf,inf,inf,967.3138063730921,inf
49,60,inf,inf,inf,758.3679845563103,inf
49,61,inf,inf,inf,970.7038683347255,inf
49,62,inf,inf,inf,1068.4540233440089,inf
49,63,inf,inf,inf,347.0129680573912,inf
49,64,inf,inf,inf,1130.9504852114437,inf
49,65,inf,inf,inf,1439.5138068111746,inf
49,66,inf,inf,inf,385.14932169224966,inf
49,67,inf,inf,inf,968.5298136867032,inf
49,68,inf,inf,inf,1055.113737944872,inf
49,69,inf,inf,inf,577.9584760170924,inf
49,70,inf,inf,inf,1323.3268681622087,inf
49,71,inf,inf,inf,329.3341767870441,inf
49,72,inf,inf,inf,875.5626762259799,inf
49,73,inf,inf,inf,557.826137788469,inf
49,74,inf,inf,inf,336.5427164566186,inf
49,75,inf,inf,inf,843.355203932483,inf
49,76,inf,inf,inf,358.6753406633916,inf
49,77,inf,inf,inf,1052.1150127243693,inf
49,78,inf,inf,inf,151.21177202850313,inf
49,79,inf,inf,inf,1116.044801968093,inf
49,80,inf,inf,inf,1176.6052864066182,inf
49,81,inf,inf,inf,950.013157803617,inf
49,82,inf,inf,inf,417.0335717900898,inf
49,83,inf,inf,inf,1153.9324070325783,inf
49,84,inf,inf,inf,634.4146908765591,inf
49,85,inf,inf,inf,732.0724007910693,inf
49,86,inf,inf,inf,1040.396559010073,inf
49,87,inf,inf,inf,321.56647835245514,inf
49,88,inf,inf,inf,819.9786582588598,inf
49,89,inf,inf,inf,905.2739916732393,inf
49,90,inf,inf,inf,449.4941601400401,inf
49,91,inf,inf,inf,1386.770709237832,inf
49,92,inf,inf,inf,832.7694759055473,inf
49,93,inf,inf,inf,1250.7477763322229,inf
49,94,inf,inf,inf,189.16923639957952,inf
49,95,inf,inf,inf,766.0345945190726,inf
49,96,inf,inf,inf,931.8030907868894,inf
49,97,inf,inf,inf,889.0050618528559,inf
49,98,inf,inf,inf,1281.165485017451,inf
49,99,inf,inf,inf,1228.392852470251,inf
49,100,inf,inf,inf,1449.047273210919,inf
49,101,inf,inf,inf,355.59808773389096,inf
49,102,inf,inf,inf,837.0597350249265,inf
49,103,inf,inf,inf,190.5465822312224,inf
49,104,inf,inf,inf,742.7011512041704,inf
49,105,inf,inf,inf,797.030739683232,inf
49,106,inf,inf,inf,943.8273147138729,inf
49,107,inf,inf,inf,676.6047590728283,inf
49,108,inf,inf,inf,987.6340415356287,inf
49,109,inf,inf,inf,331.8327892177022,inf
49,110,inf,inf,inf,1348.6385727836796,inf
49,111,inf,inf,inf,901.2796458369622,inf
49,112,inf,inf,inf,1449.6513373911673,inf
49,113,inf,inf,inf,1237.5964608869888,inf
49,114,inf,inf,inf,976.418455376587,inf
49,115,inf,inf,inf,1175.3552654410496,inf
49,116,inf,inf,inf,513.6000389408085,inf
49,117,inf,inf,inf,188.7882411592417,inf
49,118,inf,inf,inf,1252.3977004130916,inf
49,119,inf,inf,inf,640.7074215271741,inf
49,120,inf,inf,inf,682.1913221377123,inf
49,121,inf,inf,inf,1481.0172179957935,inf
49,122,inf,inf,inf,369.52943049234926,inf
49,123,inf,inf,inf,909.3470184698468,inf
49,124,inf,inf,inf,941.3872741863468,inf
49,125,inf,inf,inf,769.0058517332621,inf
49,126,inf,inf,inf,1004.7392696615376,inf
49,127,inf,inf,inf,555.7877292636101,inf
49,128,inf,inf,inf,1016.1540237582096,inf
49,129,inf,inf,inf,383.020887158912,inf
49,130,inf,inf,inf,856.6241883113038,inf
49,131,inf,inf,inf,1445.005536321574,inf
49,132,inf,inf,inf,922.3209853407868,inf
49,133,inf,inf,inf,656.9901064704095,inf
49,134,inf,inf,inf,1349.2872192383652,inf
49,135,inf,inf,inf,654.3057389324963,inf
49,136,inf,inf,inf,951.5109037735721,inf
49,137,inf,inf,inf,1486.7225699504263,inf
49,138,inf,inf,inf,744.1102068914255,inf
49,139,inf,inf,inf,493.9635614091388,inf
49,140,inf,inf,inf,1430.6477553891455,inf
49,141,inf,inf,inf,1104.6397602838674,inf
49,142,inf,inf,inf,1097.601931485181,inf
49,143,inf,inf,inf,1303.6644506927387,inf
50,51,inf,inf,inf,697.8373736050542,inf
50,52,inf,inf,inf,602.7014186145574,inf
50,53,inf,inf,inf,606.6572343589088,inf
50,54,inf,inf,inf,528.3067290883205,inf
50,55,inf,inf,inf,639.1822901176158,inf
50,56,inf,inf,inf,867.6203086604186,inf
50,57,inf,inf,inf,779.9775637798821,inf
50,58,inf,inf,inf,661.3539143302926,inf
50,59,inf,inf,inf,126.77539193392383,inf
50,60,inf,inf,inf,322.0093166354042,inf
50,61,inf,inf,inf,667.1086867969866,inf
50,62,inf,inf,inf,653.3192175345831,inf
50,63,inf,inf,inf,872.4872491904968,inf
50,64,inf,inf,inf,631.7127511773052,inf
50,65,inf,inf,inf,600.6529780164251,inf
50,66,inf,inf,inf,711.6881339463234,inf
50,67,inf,inf,inf,423.42649893458486,inf
50,68,inf,inf,inf,276.4434842784326,inf
50,69,inf,inf,inf,773.5244016836185,inf
50,70,inf,inf,inf,602.3968791419823,inf
50,71,inf,inf,inf,635.9378900490204,inf
50,72,inf,inf,inf,861.2792810697352,inf
50,73,inf,inf,inf,759.7697019492157,inf
50,74,inf,inf,inf,571.8120320524919,inf
50,75,inf,inf,inf,379.52602018833966,inf
50,76,inf,inf,inf,797.1549410246417,inf
50,77,inf,inf,inf,218.7098534588691,inf
50,78,inf,inf,inf,718.585415938843,inf
50,79,inf,inf,inf,462.3461906407362,inf
50,80,inf,inf,inf,550.3816857418132,inf
50,81,inf,inf,inf,477.9215416781294,inf
50,82,inf,inf,inf,465.9195209475559,inf
50,83,inf,inf,inf,567.4081423455253,inf
50,84,inf,inf,inf,874.2002059025152,inf
50,85,inf,inf,inf,725.3812790526097,inf
50,86,inf,inf,inf,307.7092783781471,inf
50,87,inf,inf,inf,717.1784993988596,inf
50,88,inf,inf,inf,407.4616546375867,inf
50,89,inf,inf,inf,70.80254232723568,inf
50,90,inf,inf,inf,728.5773809280658,inf
50,91,inf,inf,inf,741.5935544487965,inf
50,92,inf,inf,inf,11.180339887498949,inf
50,93,inf,inf,inf,766.4841811805381,inf
50,94,inf,inf,inf,864.1278840542064,inf
50,95,inf,inf,inf,719.2364006361191,inf
50,96,inf,inf,inf,564.2809583886382,inf
50,97,inf,inf,inf,56.586217403180434,inf
50,98,inf,inf,inf,615.640317068335,inf
50,99,inf,inf,inf,623.6673792976509,inf
50,100,inf,inf,inf,703.5524145364011,inf
50,101,inf,inf,inf,800.9057372749929,inf
50,102,inf,inf,inf,526.4988129141414,inf
50,103,inf,inf,inf,660.5119226781603,inf
50,104,inf,inf,inf,569.6042485796607,inf
50,105,inf,inf,inf,420.3260639075336,inf
50,106,inf,inf,inf,105.11898020814318,inf
50,107,inf,inf,inf,288.2117277280715,inf
50,108,inf,inf,inf,744.9194587336272,inf
50,109,inf,inf,inf,543.6883298361296,inf
50,110,inf,inf,inf,748.9045333018088,inf
50,111,inf,inf,inf,489.004089962446,inf
50,112,inf,inf,inf,709.126927989623,inf
50,113,inf,inf,inf,397.93592449036316,inf
50,114,inf,inf,inf,167.70509831248424,inf
50,115,inf,inf,inf,407.6125611410914,inf
50,116,inf,inf,inf,617.5670004137203,inf
50,117,inf,inf,inf,761.9009121926551,inf
50,118,inf,inf,inf,556.9380575970724,inf
50,119,inf,inf,inf,876.2248569859223,inf
50,120,inf,inf,inf,240.01041644062033,inf
50,121,inf,inf,inf,670.5848193927446,inf
50,122,inf,inf,inf,484.1487374764082,inf
50,123,inf,inf,inf,154.7384890710776,inf
50,124,inf,inf,inf,246.43457549621561,inf
50,125,inf,inf,inf,236.07202290826416,inf
50,126,inf,inf,inf,260.8006901831358,inf
50,127,inf,inf,inf,537.5090696909216,inf
50,128,inf,inf,inf,643.4570692750217,inf
50,129,inf,inf,inf,462.47702645645006,inf
50,130,inf,inf,inf,133.5402561027947,inf
50,131,inf,inf,inf,614.8601467000443,inf
50,132,inf,inf,inf,385.0038960841825,inf
50,133,inf,inf,inf,380.8674310045426,inf
50,134,inf,inf,inf,601.2586797710284,inf
50,135,inf,inf,inf,216.453228204155,inf
50,136,inf,inf,inf,453.1412583290116,inf
50,137,inf,inf,inf,648.345586859354,inf
50,138,inf,inf,inf,483.83881613611777,inf
50,139,inf,inf,inf,773.4856171901324,inf
50,140,inf,inf,inf,717.4322267643125,inf
50,141,inf,inf,inf,582.5607264483249,inf
50,142,inf,inf,inf,311.3872187486185,inf
50,143,inf,inf,inf,774.085912544596,inf
51,52,inf,inf,inf,655.9664625573475,inf
51,53,inf,inf,inf,1294.29903808973,inf
51,54,inf,inf,inf,599.9541649159543,inf
51,55,inf,inf,inf,129.24782396620841,inf
51,56,inf,inf,inf,182.8332573685652,inf
51,57,inf,inf,inf,154.719100307622,inf
51,58,1.0,53.5563,53.55634918610403,50.21951811795888,1.066444904156734
51,59,inf,inf,inf,787.9016436078808,inf
51,60,inf,inf,inf,920.5482062336552,inf
51,61,inf,inf,inf,1282.948557035706,inf
51,62,inf,inf,inf,1308.8028881386226,inf
51,63,inf,inf,inf,534.4314736240747,inf
51,64,inf,inf,inf,438.4062043356595,inf
51,65,inf,inf,inf,1168.0860413514067,inf
51,66,inf,inf,inf,979.6024703929651,inf
51,67,inf,inf,inf,411.7535670762307,inf
51,68,inf,inf,inf,967.1918113797284,inf
51,69,inf,inf,inf,259.0617686961934,inf
51,70,inf,inf,inf,757.0290615293444,inf
51,71,inf,inf,inf,868.8118323319497,inf
51,72,inf,inf,inf,163.783393541592,inf
51,73,inf,inf,inf,1128.0837734849306,inf
51,74,inf,inf,inf,495.21914341026843,inf
51,75,inf,inf,inf,349.0057306119772,inf
51,76,inf,inf,inf,1022.9374369921163,inf
51,77,inf,inf,inf,765.4260251650711,inf
51,78,inf,inf,inf,785.3266836164426,inf
51,79,inf,inf,inf,561.0320846440068,inf
51,80,inf,inf,inf,567.6310421391698,inf
51,81,inf,inf,inf,343.0014577228499,inf
51,82,inf,inf,inf,492.0833262771662,inf
51,83,inf,inf,inf,1259.6924227762902,inf
51,84,inf,inf,inf,298.2633064927699,inf
51,85,inf,inf,inf,1207.3462635052133,inf
51,86,inf,inf,inf,612.1339722642422,inf
51,87,inf,inf,inf,473.81219908313886,inf
51,88,inf,inf,inf,309.864486509829,inf
51,89,inf,inf,inf,700.1785486574121,inf
51,90,inf,inf,inf,356.38181771801993,inf
51,91,inf,inf,inf,730.8734500582163,inf
51,92,inf,inf,inf,696.2126112043647,inf
51,93,inf,inf,inf,514.9417442779329,inf
51,94,inf,inf,inf,657.7613549000883,inf
51,95,inf,inf,inf,1221.6218727576877,inf
51,96,inf,inf,inf,248.47132631352054,inf
51,97,inf,inf,inf,692.0440737409721,inf
51,98,inf,inf,inf,1313.0003808072563,inf
51,99,inf,inf,inf,1319.64010245218,inf
51,100,inf,inf,inf,880.4209220594431,inf
51,101,inf,inf,inf,1023.336210636563,inf
51,102,inf,inf,inf,201.71762441591463,inf
51,103,inf,inf,inf,647.7352854368828,inf
51,104,inf,inf,inf,128.9961239727768,inf
51,105,inf,inf,inf,1020.7727465013944,inf
51,106,inf,inf,inf,777.9132342363125,inf
51,107,inf,inf,inf,830.2078053114172,inf
51,108,inf,inf,inf,201.3156725145859,inf
51,109,inf,inf,inf,532.9108743495483,inf
51,110,inf,inf,inf,665.4660021368485,inf
51,111,inf,inf,inf,286.6391459657944,inf
51,112,inf,inf,inf,874.8256969248217,inf
51,113,inf,inf,inf,912.0800403473371,inf
51,114,inf,inf,inf,683.5495592859379,inf
51,115,inf,inf,inf,1092.4948512464487,inf
51,116,inf,inf,inf,281.7445651649735,inf
51,117,inf,inf,inf,606.1188002363893,inf
51,118,inf,inf,inf,681.0763540161998,inf
51,119,inf,inf,inf,295.45388811115686,inf
51,120,inf,inf,inf,785.5303940650546,inf
51,121,inf,inf,inf,1008.3476583004494,inf
51,122,inf,inf,inf,562.7157364069358,inf
51,123,inf,inf,inf,609.0361237233798,inf
51,124,inf,inf,inf,551.6348429894543,inf
51,125,inf,inf,inf,462.2001730852121,inf
51,126,inf,inf,inf,613.2813383757898,inf
51,127,inf,inf,inf,272.2590678012396,inf
51,128,inf,inf,inf,284.829773724588,inf
51,129,inf,inf,inf,592.8439929694827,inf
51,130,inf,inf,inf,586.3104979445618,inf
51,131,inf,inf,inf,1211.2018824291845,inf
51,132,inf,inf,inf,402.1256022687439,inf
51,133,inf,inf,inf,335.93600581063055,inf
51,134,inf,inf,inf,1282.1969427509957,inf
51,135,inf,inf,inf,717.5576631881231,inf
51,136,inf,inf,inf,1114.0484729130956,inf
51,137,inf,inf,inf,1100.5603118412002,inf
51,138,inf,inf,inf,214.02102700435768,inf
51,139,inf,inf,inf,1096.8887819646986,inf
51,140,inf,inf,inf,829.0488526015822,inf
51,141,inf,inf,inf,1262.9362612578673,inf
51,142,inf,inf,inf,702.7268317063182,inf
51,143,inf,inf,inf,583.1654996654038,inf
52,53,inf,inf,inf,1114.5375722693245,inf
52,54,inf,inf,inf,81.88406438373708,inf
52,55,inf,inf,inf,712.447191025412,inf
52,56,inf,inf,inf,719.0048678555661,inf
52,57,inf,inf,inf,604.5312233458252,inf
52,58,inf,inf,inf,662.0045317065435,inf
52,59,inf,inf,inf,727.2723011362388,inf
52,60,inf,inf,inf,549.1784773641443,inf
52,61,inf,inf,inf,817.8465626265113,inf
52,62,inf,inf,inf,897.824593113822,inf
52,63,inf,inf,inf,389.00514135419854,inf
52,64,inf,inf,inf,932.8686938685422,inf
52,65,inf,inf,inf,1200.350365518335,inf
52,66,inf,inf,inf,335.0537270349339,inf
52,67,inf,inf,inf,753.6318729990127,inf
52,68,inf,inf,inf,822.508358620142,inf
52,69,inf,inf,inf,504.016864797201,inf
52,70,inf,inf,inf,1095.8581112534596,inf
52,71,inf,inf,inf,229.10696191953662,inf
52,72,inf,inf,inf,774.0006459945624,inf
52,73,inf,inf,inf,502.25192881660496,inf
52,74,inf,inf,inf,161.3009609394811,inf
52,75,inf,inf,inf,630.0007936502938,inf
52,76,inf,inf,inf,367.80565520394055,inf
52,77,inf,inf,inf,811.3648994133281,inf
52,78,inf,inf,inf,142.8355697996826,inf
52,79,inf,inf,inf,893.0694261926113,inf
52,80,inf,inf,inf,959.4441098886375,inf
52,81,inf,inf,inf,745.2959143856888,inf
52,82,inf,inf,inf,196.596032513375,inf
52,83,inf,inf,inf,953.7174634030772,inf
52,84,inf,inf,inf,590.3600596246328,inf
52,85,inf,inf,inf,632.7787923121318,inf
52,86,inf,inf,inf,806.4192458020827,inf
52,87,inf,inf,inf,265.10752535527917,inf
52,88,inf,inf,inf,612.3691697007615,inf
52,89,inf,inf,inf,664.417037710503,inf
52,90,inf,inf,inf,378.1692742674899,inf
52,91,inf,inf,inf,1171.9539240089603,inf
52,92,inf,inf,inf,592.2870925488753,inf
52,93,inf,inf,inf,1060.8152525298644,inf
52,94,inf,inf,inf,299.8032688280767,inf
52,95,inf,inf,inf,659.214684302466,inf
52,96,inf,inf,inf,745.0167783345554,inf
52,97,inf,inf,inf,648.1489026450635,inf
52,98,inf,inf,inf,1070.9407079759364,inf
52,99,inf,inf,inf,1027.7129949553037,inf
52,100,inf,inf,inf,1219.5905050466733,inf
52,101,inf,inf,inf,367.9524425792007,inf
52,102,inf,inf,inf,651.7008516182866,inf
52,103,inf,inf,inf,67.53517601961218,inf
52,104,inf,inf,inf,576.0173608494799,inf
52,105,inf,inf,inf,606.2384019509157,inf
52,106,inf,inf,inf,703.9211603581754,inf
52,107,inf,inf,inf,458.48555048114656,inf
52,108,inf,inf,inf,834.0671435801796,inf
52,109,inf,inf,inf,125.70600622086441,inf
52,110,inf,inf,inf,1140.659896726452,inf
52,111,inf,inf,inf,702.8186110227873,inf
52,112,inf,inf,inf,1220.919325754163,inf
52,113,inf,inf,inf,996.7517243526595,inf
52,114,inf,inf,inf,736.3395955671541,inf
52,115,inf,inf,inf,946.2605349479603,inf
52,116,inf,inf,inf,380.4944152021157,inf
52,117,inf,inf,inf,207.17142660125697,inf
52,118,inf,inf,inf,1027.2453455723223,inf
52,119,inf,inf,inf,595.947145307367,inf
52,120,inf,inf,inf,455.3701790851043,inf
52,121,inf,inf,inf,1243.0981457632379,inf
52,122,inf,inf,inf,134.97036711811967,inf
52,123,inf,inf,inf,670.7406354172975,inf
52,124,inf,inf,inf,707.7294680879128,inf
52,125,inf,inf,inf,537.8336173948222,inf
52,126,inf,inf,inf,769.0058517332621,inf
52,127,inf,inf,inf,388.7994341559668,inf
52,128,inf,inf,inf,835.4759122799412,inf
52,129,inf,inf,inf,142.61837188805654,inf
52,130,inf,inf,inf,617.9352716911376,inf
52,131,inf,inf,inf,1207.6961538400294,inf
52,132,inf,inf,inf,705.2836308890204,inf
52,133,inf,inf,inf,446.19838637090567,inf
52,134,inf,inf,inf,1125.8796560911828,inf
52,135,inf,inf,inf,419.88688953097835,inf
52,136,inf,inf,inf,754.9648998463439,inf
52,137,inf,inf,inf,1245.9795343423582,inf
52,138,inf,inf,inf,555.7814318596835,inf
52,139,inf,inf,inf,457.5292340386568,inf
52,140,inf,inf,inf,1205.757023616284,inf
52,141,inf,inf,inf,914.166286842826,inf
52,142,inf,inf,inf,859.9517428321196,inf
52,143,inf,inf,inf,1107.022131666752,inf
53,54,inf,inf,inf,1059.2247164789915,inf
53,55,inf,inf,inf,1218.0332507776625,inf
53,56,inf,inf,inf,1469.5012759436447,inf
53,57,inf,inf,inf,1385.728689174039,inf
53,58,inf,inf,inf,1253.6442876669603,inf
53,59,inf,inf,inf,506.4118876961717,inf
53,60,inf,inf,inf,578.8825442177368,inf
53,61,inf,inf,inf,583.7679333433791,inf
53,62,inf,inf,inf,465.39553070479735,inf
53,63,inf,inf,inf,1449.42367857021,inf
53,64,inf,inf,inf,1110.8636279940035,inf
53,65,inf,inf,inf,388.92801390488705,inf
53,66,inf,inf,inf,1057.0,inf
53,67,inf,inf,inf,946.8627144417505,inf
53,68,inf,inf,inf,330.2877533303347,inf
53,69,inf,inf,inf,1378.8651130549356,inf
53,70,inf,inf,inf,890.3285910269309,inf
53,71,inf,inf,inf,1037.635774248363,inf
53,72,inf,inf,inf,1455.508502208077,inf
53,73,inf,inf,inf,997.0842491986322,inf
53,74,inf,inf,inf,1137.8664244980603,inf
53,75,inf,inf,inf,953.6356746682666,inf
53,76,inf,inf,inf,1143.2519407374737,inf
53,77,inf,inf,inf,554.9099025968089,inf
53,78,inf,inf,inf,1187.2876652269238,inf
53,79,inf,inf,inf,891.7763172455299,inf
53,80,inf,inf,inf,966.087470159923,inf
53,81,inf,inf,inf,1017.8113774172501,inf
53,82,inf,inf,inf,1035.7934156963927,inf
53,83,inf,inf,inf,258.6600085053737,inf
53,84,inf,inf,inf,1480.247614421317,inf
53,85,inf,inf,inf,846.2416912442923,inf
53,86,inf,inf,inf,745.5212941291483,inf
53,87,inf,inf,inf,1293.3568726380201,inf
53,88,inf,inf,inf,989.1177887390359,inf
53,89,inf,inf,inf,594.2995877501514,inf
53,90,inf,inf,inf,1324.704495349812,inf
53,91,inf,inf,inf,1070.5932934592856,inf
53,92,inf,inf,inf,611.1448273527315,inf
53,93,inf,inf,inf,1219.0672663967316,inf
53,94,inf,inf,inf,1408.5027511510227,inf
53,95,inf,inf,inf,814.6029707777894,inf
53,96,inf,inf,inf,1121.0512923144954,inf
53,97,inf,inf,inf,603.1956564830353,inf
53,98,inf,inf,inf,120.41594578792295,inf
53,99,inf,inf,inf,219.24415613648634,inf
53,100,inf,inf,inf,911.0790306005292,inf
53,101,inf,inf,inf,1148.2303775810844,inf
53,102,inf,inf,inf,1107.595594068521,inf
53,103,inf,inf,inf,1181.1371639229712,inf
53,104,inf,inf,inf,1168.593171296153,inf
53,105,inf,inf,inf,568.1980288596574,inf
53,106,inf,inf,inf,516.9535762522588,inf
53,107,inf,inf,inf,658.4929764241984,inf
53,108,inf,inf,inf,1306.0911147389374,inf
53,109,inf,inf,inf,1098.604569442527,inf
53,110,inf,inf,inf,1120.0254461395061,inf
53,111,inf,inf,inf,1049.1177245666952,inf
53,112,inf,inf,inf,923.0265434969896,inf
53,113,inf,inf,inf,506.3595560468865,inf
53,114,inf,inf,inf,622.1141374378177,inf
53,115,inf,inf,inf,201.80436070610565,inf
53,116,inf,inf,inf,1220.1352384059728,inf
53,117,inf,inf,inf,1307.976299479467,inf
53,118,inf,inf,inf,898.5349186314353,inf
53,119,inf,inf,inf,1482.4064894623202,inf
53,120,inf,inf,inf,659.6756778902796,inf
53,121,inf,inf,inf,740.9784072427482,inf
53,122,inf,inf,inf,1029.5751551003939,inf
53,123,inf,inf,inf,688.759028978931,inf
53,124,inf,inf,inf,762.4362268413012,inf
53,125,inf,inf,inf,835.0934079490748,inf
53,126,inf,inf,inf,719.9222180208081,inf
53,127,inf,inf,inf,1142.429428892656,inf
53,128,inf,inf,inf,1180.4448314089059,inf
53,129,inf,inf,inf,996.6273124894782,inf
53,130,inf,inf,inf,707.9901129253147,inf
53,131,inf,inf,inf,327.37134877688976,inf
53,132,inf,inf,inf,927.4680587491948,inf
53,133,inf,inf,inf,987.3849300045043,inf
53,134,inf,inf,inf,44.41846462902562,inf
53,135,inf,inf,inf,704.1967054736908,inf
53,136,inf,inf,inf,423.1335486581039,inf
53,137,inf,inf,inf,590.3769981969149,inf
53,138,inf,inf,inf,1081.6769388315533,inf
53,139,inf,inf,inf,1048.124515503764,inf
53,140,inf,inf,inf,970.7440445349124,inf
53,141,inf,inf,inf,342.47627655065395,inf
53,142,inf,inf,inf,670.1828108807327,inf
53,143,inf,inf,inf,1194.5543101927178,inf
54,55,inf,inf,inf,646.5554887246724,inf
54,56,inf,inf,inf,679.8507189082027,inf
54,57,inf,inf,inf,564.7450752330648,inf
54,58,inf,inf,inf,601.4191549992402,inf
54,59,inf,inf,inf,654.0122323015067,inf
54,60,inf,inf,inf,506.7405647863609,inf
54,61,inf,inf,inf,802.6418877681378,inf
54,62,inf,inf,inf,872.7943629515488,inf
54,63,inf,inf,inf,409.49969474958095,inf
54,64,inf,inf,inf,855.9001109942678,inf
54,65,inf,inf,inf,1128.0443253702401,inf
54,66,inf,inf,inf,379.7788830359055,inf
54,67,inf,inf,inf,673.4701181195792,inf
54,68,inf,inf,inf,758.4279794416871,inf
54,69,inf,inf,inf,475.5123552548346,inf
54,70,inf,inf,inf,1014.0069033295582,inf
54,71,inf,inf,inf,269.14122686797725,inf
54,72,inf,inf,inf,728.0453282591682,inf
54,73,inf,inf,inf,535.0457924327599,inf
54,74,inf,inf,inf,123.08127396155761,inf
54,75,inf,inf,inf,550.4361906706354,inf
54,76,inf,inf,inf,426.0375570298938,inf
54,77,inf,inf,inf,733.7533645578737,inf
54,78,inf,inf,inf,222.55111772354684,inf
54,79,inf,inf,inf,811.5811727732477,inf
54,80,inf,inf,inf,878.6557915361396,inf
54,81,inf,inf,inf,667.3147683065316,inf
54,82,inf,inf,inf,119.85407794480753,inf
54,83,inf,inf,inf,911.9758768739445,inf
54,84,inf,inf,inf,569.2890302825094,inf
54,85,inf,inf,inf,644.9201500961185,inf
54,86,inf,inf,inf,724.7544411730086,inf
54,87,inf,inf,inf,265.8364158650955,inf
54,88,inf,inf,inf,534.2068887612738,inf
54,89,inf,inf,inf,588.0688735173798,inf
54,90,inf,inf,inf,358.62096982747676,inf
54,91,inf,inf,inf,1091.362909393571,inf
54,92,inf,inf,inf,518.1631017353512,inf
54,93,inf,inf,inf,985.4755197365381,inf
54,94,inf,inf,inf,349.4352586674676,inf
54,95,inf,inf,inf,667.5964349814939,inf
54,96,inf,inf,inf,671.74474318747,inf
54,97,inf,inf,inf,571.8478818706947,inf
54,98,inf,inf,inf,1022.3585476729776,inf
54,99,inf,inf,inf,985.1725737148797,inf
54,100,inf,inf,inf,1137.7073437400322,inf
54,101,inf,inf,inf,426.91685373149653,inf
54,102,inf,inf,inf,579.5213542226032,inf
54,103,inf,inf,inf,132.24220203853233,inf
54,104,inf,inf,inf,510.8512503655051,inf
54,105,inf,inf,inf,574.6738205277843,inf
54,106,inf,inf,inf,631.0071314969427,inf
54,107,inf,inf,inf,411.254179310071,inf
54,108,inf,inf,inf,770.1538807277414,inf
54,109,1.0,85.5269,85.52691193458116,73.16419889536138,1.168972164335467
54,110,inf,inf,inf,1061.2492638395563,inf
54,111,inf,inf,inf,626.5724219912651,inf
54,112,inf,inf,inf,1139.0368738543982,inf
54,113,inf,inf,inf,919.672224219042,inf
54,114,inf,inf,inf,657.3013007746143,inf
54,115,inf,inf,inf,884.8231461710301,inf
54,116,inf,inf,inf,335.00597009605667,inf
54,117,inf,inf,inf,248.84734276258607,inf
54,118,inf,inf,inf,945.5241932388616,inf
54,119,inf,inf,inf,574.4231889469644,inf
54,120,inf,inf,inf,400.3610870202048,inf
54,121,inf,inf,inf,1162.497311824849,inf
54,122,inf,inf,inf,53.25410782277739,inf
54,123,inf,inf,inf,590.4066395290622,inf
54,124,inf,inf,inf,626.0047923139247,inf
54,125,inf,inf,inf,455.94955861366947,inf
54,126,inf,inf,inf,687.6314419803679,inf
54,127,inf,inf,inf,328.40219244091537,inf
54,128,inf,inf,inf,763.4166621184005,inf
54,129,inf,inf,inf,66.06814663663572,inf
54,130,inf,inf,inf,537.6402142697289,inf
54,131,inf,inf,inf,1137.8158902036832,inf
54,132,inf,inf,inf,624.8199740725323,inf
54,133,inf,inf,inf,368.2281901212888,inf
54,134,inf,inf,inf,1068.2190786538124,inf
54,135,inf,inf,inf,357.1442285687954,inf
54,136,inf,inf,inf,717.4071368476899,inf
54,137,inf,inf,inf,1168.2208695276763,inf
54,138,inf,inf,inf,483.62795618119515,inf
54,139,inf,inf,inf,498.5137911833533,inf
54,140,inf,inf,inf,1124.0217969416785,inf
54,141,inf,inf,inf,878.3763430329849,inf
54,142,inf,inf,inf,779.185472143828,inf
54,143,inf,inf,inf,1030.004368922773,inf
55,56,inf,inf,inf,299.0401310861136,inf
55,57,inf,inf,inf,283.6987839240768,inf
55,58,inf,inf,inf,82.22530024268686,inf
55,59,inf,inf,inf,714.2002520301992,inf
55,60,inf,inf,inf,895.5199606932276,inf
55,61,inf,inf,inf,1261.6845881598142,inf
55,62,inf,inf,inf,1274.9807841689224,inf
55,63,inf,inf,inf,646.9744971789846,inf
55,64,inf,inf,inf,309.7434422227531,inf
55,65,inf,inf,inf,1063.7903928876215,inf
55,66,inf,inf,inf,1020.1578309261758,inf
55,67,inf,inf,inf,298.75073221667594,inf
55,68,inf,inf,inf,897.008918573277,inf
55,69,inf,inf,inf,380.27621540138426,inf
55,70,inf,inf,inf,629.8984045066316,inf
55,71,inf,inf,inf,909.8115189422477,inf
55,72,inf,inf,inf,251.4358765172544,inf
55,73,inf,inf,inf,1156.4670336849208,inf
55,74,inf,inf,inf,557.2010409179078,inf
55,75,inf,inf,inf,264.8811054039151,inf
55,76,inf,inf,inf,1072.4150315992406,inf
55,77,inf,inf,inf,674.6169283378531,inf
55,78,inf,inf,inf,849.529869986924,inf
55,79,inf,inf,inf,438.9282401486603,inf
55,80,inf,inf,inf,439.9659077701362,inf
55,81,inf,inf,inf,225.88713996153035,inf
55,82,inf,inf,inf,529.9669801034778,inf
55,83,inf,inf,inf,1206.5529412338276,inf
55,84,inf,inf,inf,427.1767783950808,inf
55,85,inf,inf,inf,1216.1332163870863,inf
55,86,inf,inf,inf,507.22874524222306,inf
55,87,inf,inf,inf,566.816548805696,inf
55,88,inf,inf,inf,232.24340679554285,inf
55,89,inf,inf,inf,629.6419617528679,inf
55,90,inf,inf,inf,461.26023023885335,inf
55,91,inf,inf,inf,602.0705938675297,inf
55,92,inf,inf,inf,639.4912040051842,inf
55,93,inf,inf,inf,394.58839313897715,inf
55,94,inf,inf,inf,757.8555271290169,inf
55,95,inf,inf,inf,1226.4994904197881,inf
55,96,inf,inf,inf,123.08127396155761,inf
55,97,inf,inf,inf,623.9390995922599,inf
55,98,inf,inf,inf,1246.7738367482693,inf
55,99,inf,inf,inf,1262.1572802151086,inf
55,100,inf,inf,inf,752.2393236198171,inf
55,101,inf,inf,inf,1073.3890254702626,inf
55,102,inf,inf,inf,112.69871339105873,inf
55,103,inf,inf,inf,715.4257473700537,inf
55,104,inf,inf,inf,136.4734406395618,inf
55,105,inf,inf,inf,998.5769875177376,inf
55,106,inf,inf,inf,707.4517651402108,inf
55,107,inf,inf,inf,812.1797830529888,inf
55,108,inf,inf,inf,126.11502686040232,inf
55,109,inf,inf,inf,586.7580421263947,inf
55,110,inf,inf,inf,537.94423502813,inf
55,111,inf,inf,inf,176.207264322445,inf
55,112,inf,inf,inf,746.4187832577634,inf
55,113,inf,inf,inf,808.0377466430637,inf
55,114,inf,inf,inf,597.8603515872247,inf
55,115,inf,inf,inf,1017.0398222291986,inf
55,116,inf,inf,inf,364.17715469260287,inf
55,117,inf,inf,inf,695.1899021130845,inf
55,118,inf,inf,inf,554.5178085508165,inf
55,119,inf,inf,inf,424.4997055358225,inf
55,120,inf,inf,inf,763.5581182857006,inf
55,121,inf,inf,inf,885.3123742499029,inf
55,122,inf,inf,inf,602.4167992345499,inf
55,123,inf,inf,inf,529.4317708638196,inf
55,124,inf,inf,inf,459.795606764571,inf
55,125,inf,inf,inf,405.94088239545425,inf
55,126,inf,inf,inf,515.0504829625927,inf
55,127,inf,inf,inf,325.53033652794943,inf
55,128,inf,inf,inf,158.48343762046557,inf
55,129,inf,inf,inf,626.556461940981,inf
55,130,inf,inf,inf,516.0474784358508,inf
55,131,inf,inf,inf,1110.6525109141924,inf
55,132,inf,inf,inf,299.2557434703635,inf
55,133,inf,inf,inf,321.0763149159402,inf
55,134,inf,inf,inf,1202.4483356884818,inf
55,135,inf,inf,inf,696.9662832590972,inf
55,136,inf,inf,inf,1076.3572826900927,inf
55,137,inf,inf,inf,984.3789920553974,inf
55,138,inf,inf,inf,181.02486017119307,inf
55,139,inf,inf,inf,1132.294131398728,inf
55,140,inf,inf,inf,700.0007142853499,inf
55,141,inf,inf,inf,1217.8739672067877,inf
55,142,inf,inf,inf,597.7457653551382,inf
55,143,inf,inf,inf,459.9706512376632,inf
56,57,inf,inf,inf,115.10864433221339,inf
56,58,inf,inf,inf,231.2098613813866,inf
56,59,inf,inf,inf,963.8303792680535,inf
56,60,inf,inf,inf,1065.131447287141,inf
56,61,inf,inf,inf,1420.3369318580715,inf
56,62,inf,inf,inf,1456.6636536963501,inf
56,63,inf,inf,inf,490.9103787861894,inf
56,64,inf,inf,inf,592.7596477494061,inf
56,65,inf,inf,inf,1350.912654467342,inf
56,66,inf,inf,inf,1053.4861176114282,inf
56,67,inf,inf,inf,592.8684508388012,inf
56,68,inf,inf,inf,1140.6454313238623,inf
56,69,inf,inf,inf,226.10838109190027,inf
56,70,inf,inf,inf,926.7259573358243,inf
56,71,inf,inf,inf,945.0259255702988,inf
56,72,inf,inf,inf,87.36704184073076,inf
56,73,inf,inf,inf,1214.692142067281,inf
56,74,inf,inf,inf,561.0008912648892,inf
56,75,inf,inf,inf,530.9472666847433,inf
56,76,inf,inf,inf,1083.4449686070816,inf
56,77,inf,inf,inf,946.8035699129995,inf
56,78,inf,inf,inf,830.7117430252205,inf
56,79,inf,inf,inf,737.8732953563234,inf
56,80,inf,inf,inf,736.4787844873741,inf
56,81,inf,inf,inf,522.3887441360122,inf
56,82,inf,inf,inf,590.0593190519069,inf
56,83,inf,inf,inf,1422.0172291501956,inf
56,84,inf,inf,inf,193.04144632694815,inf
56,85,inf,inf,inf,1315.6857527540533,inf
56,86,inf,inf,inf,794.9037677606013,inf
56,87,inf,inf,inf,486.4175161319748,inf
56,88,inf,inf,inf,491.2718188538805,inf
56,89,inf,inf,inf,875.3981951089459,inf
56,90,inf,inf,inf,356.6118337913087,inf
56,91,inf,inf,inf,882.0362804329536,inf
56,92,inf,inf,inf,865.0202309772876,inf
56,93,inf,inf,inf,643.1399536648303,inf
56,94,inf,inf,inf,640.0765579210037,inf
56,95,inf,inf,inf,1334.0179908831815,inf
56,96,inf,inf,inf,422.120835780467,inf
56,97,inf,inf,inf,866.3099907077143,inf
56,98,inf,inf,inf,1483.0623722554624,inf
56,99,inf,inf,inf,1484.4911586129438,inf
56,100,inf,inf,inf,1046.6771230900197,inf
56,101,inf,inf,inf,1083.0073868630814,inf
56,102,inf,inf,inf,384.4398522525988,inf
56,103,inf,inf,inf,693.9546094666423,inf
56,104,inf,inf,inf,301.4962686336267,inf
56,105,inf,inf,inf,1161.6681970339034,inf
56,106,inf,inf,inf,952.5486864197546,inf
56,107,inf,inf,inf,970.4993560018471,inf
56,108,inf,inf,inf,312.5699921617557,inf
56,109,inf,inf,inf,607.3631533110977,inf
56,110,inf,inf,inf,810.3067320465751,inf
56,111,inf,inf,inf,467.7713116470483,inf
56,112,inf,inf,inf,1040.1557575671059,inf
56,113,inf,inf,inf,1094.9127819146145,inf
56,114,inf,inf,inf,863.9560173990341,inf
56,115,inf,inf,inf,1267.875782559159,inf
56,116,inf,inf,inf,345.48516610702694,inf
56,117,inf,inf,inf,616.0129868760885,inf
56,118,inf,inf,inf,852.1625431805836,inf
56,119,inf,inf,inf,187.41664813991312,inf
56,120,inf,inf,inf,929.9042961509534,inf
56,121,inf,inf,inf,1184.3314569832214,inf
56,122,inf,inf,inf,653.670406244615,inf
56,123,inf,inf,inf,788.1123016423485,inf
56,124,inf,inf,inf,733.7117962797109,inf
56,125,inf,inf,inf,634.562053703182,inf
56,126,inf,inf,inf,795.9610543236396,inf
56,127,inf,inf,inf,379.17937707633837,inf
56,128,inf,inf,inf,437.0308913566637,inf
56,129,inf,inf,inf,689.2923907892789,inf
56,130,inf,inf,inf,762.419831851192,inf
56,131,inf,inf,inf,1393.7869277619159,inf
56,132,inf,inf,inf,584.8392941654998,inf
56,133,inf,inf,inf,492.36673323854853,inf
56,134,inf,inf,inf,1458.9479085971507,inf
56,135,inf,inf,inf,862.269679392706,inf
56,136,inf,inf,inf,1266.4043588048803,inf
56,137,inf,inf,inf,1281.3356312847934,inf
56,138,inf,inf,inf,388.4340355839071,inf
56,139,inf,inf,inf,1175.1089311208557,inf
56,140,inf,inf,inf,990.4837202094742,inf
56,141,inf,inf,inf,1419.6746106062474,inf
56,142,inf,inf,inf,885.524138575567,inf
56,143,inf,inf,inf,715.8784813081058,inf
57,58,inf,inf,inf,202.35612172603032,inf
57,59,inf,inf,inf,883.2264715235838,inf
57,60,inf,inf,inf,959.9505195581697,inf
57,61,inf,inf,inf,1311.6924182139653,inf
57,62,inf,inf,inf,1351.831720296576,inf
57,63,inf,inf,inf,403.8972641650349,inf
57,64,inf,inf,inf,593.1222470958243,inf
57,65,inf,inf,inf,1291.559135308949,inf
57,66,inf,inf,inf,938.7294604943429,inf
57,67,inf,inf,inf,551.881327823292,inf
57,68,inf,inf,inf,1055.5955664931528,inf
57,69,inf,inf,inf,125.0,inf
57,70,inf,inf,inf,907.6678908058828,inf
57,71,inf,inf,inf,830.0867424552689,inf
57,72,inf,inf,inf,176.61540136692497,inf
57,73,inf,inf,inf,1099.5894688473513,inf
57,74,inf,inf,inf,446.0403569185192,inf
57,75,inf,inf,inf,470.2180345329175,inf
57,76,inf,inf,inf,969.831428651392,inf
57,77,inf,inf,inf,878.5880718516499,inf
57,78,inf,inf,inf,718.5763703323398,inf
57,79,inf,inf,inf,706.9915133861226,inf
57,80,inf,inf,inf,719.2781103300725,inf
57,81,inf,inf,inf,487.64741360946437,inf
57,82,inf,inf,inf,476.1932380872286,inf
57,83,inf,inf,inf,1325.4029575944064,inf
57,84,inf,inf,inf,143.54441821262157,inf
57,85,inf,inf,inf,1201.4944860464404,inf
57,86,inf,inf,inf,741.5133174798683,inf
57,87,inf,inf,inf,378.5128795695069,inf
57,88,inf,inf,inf,429.3925942537901,inf
57,89,inf,inf,inf,794.3626375906662,inf
57,90,inf,inf,inf,249.48346638605133,inf
57,91,inf,inf,inf,885.5834235124323,inf
57,92,inf,inf,inf,776.4083976877117,inf
57,93,inf,inf,inf,666.3249957790867,inf
57,94,inf,inf,inf,543.606475310955,inf
57,95,inf,inf,inf,1220.2598084014733,inf
57,96,inf,inf,inf,400.019999500025,inf
57,97,inf,inf,inf,783.9980867323593,inf
57,98,inf,inf,inf,1392.976668864199,inf
57,99,inf,inf,inf,1389.6560725589623,inf
57,100,inf,inf,inf,1032.3531372548834,inf
57,101,inf,inf,inf,969.4869777361633,inf
57,102,inf,inf,inf,339.29927792437167,inf
57,103,inf,inf,inf,581.1996214726915,inf
57,104,inf,inf,inf,234.54210709380095,inf
57,105,inf,inf,inf,1054.7573180594673,inf
57,106,inf,inf,inf,870.1086139097808,inf
57,107,inf,inf,inf,864.0306707519126,inf
57,108,inf,inf,inf,342.12570789112004,inf
57,109,inf,inf,inf,492.26009385283305,inf
57,110,inf,inf,inf,819.9615844660041,inf
57,111,inf,inf,inf,428.78899239602686,inf
57,112,inf,inf,inf,1027.1095365149718,inf
57,113,inf,inf,inf,1037.0361613752916,inf
57,114,inf,inf,inf,793.202370142702,inf
57,115,inf,inf,inf,1184.9763710724362,inf
57,116,inf,inf,inf,230.58620947489467,inf
57,117,inf,inf,inf,510.25679809288187,inf
57,118,inf,inf,inf,831.1684546468304,inf
57,119,inf,inf,inf,140.80127840328723,inf
57,120,inf,inf,inf,825.2223942671454,inf
57,121,inf,inf,inf,1153.5428037138456,inf
57,122,inf,inf,inf,538.9666037891402,inf
57,123,inf,inf,inf,714.7314180865425,inf
57,124,inf,inf,inf,670.3827265077763,inf
57,125,inf,inf,inf,552.5477354944096,inf
57,126,inf,inf,inf,736.4265068559116,inf
57,127,inf,inf,inf,269.88330811667475,inf
57,128,inf,inf,inf,439.3017186399343,inf
57,129,inf,inf,inf,574.9034701582518,inf
57,130,inf,inf,inf,683.8084527117225,inf
57,131,inf,inf,inf,1330.2751595064835,inf
57,132,inf,inf,inf,534.7681740717187,inf
57,133,inf,inf,inf,399.6561021678513,inf
57,134,inf,inf,inf,1377.6244045457383,inf
57,135,inf,inf,inf,758.1088312373099,inf
57,136,inf,inf,inf,1164.1348719113262,inf
57,137,inf,inf,inf,1237.6029250127037,inf
57,138,inf,inf,inf,316.76647549890754,inf
57,139,inf,inf,inf,1060.2079984606794,inf
57,140,inf,inf,inf,982.5212465896094,inf
57,141,inf,inf,inf,1319.4188114469189,inf
57,142,inf,inf,inf,830.8507687906415,inf
57,143,inf,inf,inf,735.8070399228319,inf
58,59,inf,inf,inf,747.3586822938502,inf
58,60,inf,inf,inf,895.4535163815037,inf
58,61,inf,inf,inf,1259.73528965414,inf
58,62,inf,inf,inf,1281.3075352935375,inf
58,63,inf,inf,inf,568.7046685231272,inf
58,64,inf,inf,inf,391.8596687591108,inf
58,65,inf,inf,inf,1120.4557108605409,inf
58,66,inf,inf,inf,979.6024703929651,inf
58,67,inf,inf,inf,362.10633797270106,inf
58,68,inf,inf,inf,927.9277989154114,inf
58,69,inf,inf,inf,298.7858765069059,inf
58,70,inf,inf,inf,707.1810235010552,inf
58,71,inf,inf,inf,868.7692443911674,inf
58,72,inf,inf,inf,201.8836298465034,inf
58,73,inf,inf,inf,1123.3329871413907,inf
58,74,inf,inf,inf,503.0188863253546,inf
58,75,inf,inf,inf,304.04111564063174,inf
58,76,inf,inf,inf,1026.7916049520468,inf
58,77,inf,inf,inf,720.4672095244863,inf
58,78,inf,inf,inf,795.2182090470515,inf
58,79,inf,inf,inf,510.8160138445153,inf
58,80,inf,inf,inf,517.9893821305607,inf
58,81,inf,inf,inf,292.9095423505352,inf
58,82,inf,inf,inf,489.18299234540035,inf
58,83,inf,inf,inf,1225.8698952172697,inf
58,84,inf,inf,inf,345.5792239125495,inf
58,85,inf,inf,inf,1195.0267779426536,inf
58,86,inf,inf,inf,563.9875885159177,inf
58,87,inf,inf,inf,496.842027207844,inf
58,88,inf,inf,inf,265.9059984280159,inf
58,89,inf,inf,inf,660.3029607687671,inf
58,90,inf,inf,inf,385.5930497298933,inf
58,91,inf,inf,inf,684.0657863100595,inf
58,92,inf,inf,inf,660.2984173841401,inf
58,93,inf,inf,inf,474.5619032328659,inf
58,94,inf,inf,inf,685.0635007063214,inf
58,95,inf,inf,inf,1207.838565372045,inf
58,96,inf,inf,inf,198.6454127333425,inf
58,97,inf,inf,inf,652.8223341767651,inf
58,98,inf,inf,inf,1275.242721994523,inf
58,99,inf,inf,inf,1284.5248148634576,inf
58,100,inf,inf,inf,830.9157598697957,inf
58,101,inf,inf,inf,1027.4380759929038,inf
58,102,inf,inf,inf,153.7010084547268,inf
58,103,inf,inf,inf,658.8482374568516,inf
58,104,inf,inf,inf,102.1077861869505,inf
58,105,inf,inf,inf,996.8575625434157,inf
58,106,inf,inf,inf,738.2445394312105,inf
58,107,inf,inf,inf,807.3221166300351,inf
58,108,inf,inf,inf,176.23280057923384,inf
58,109,inf,inf,inf,537.226209338301,inf
58,110,inf,inf,inf,620.1653005449434,inf
58,111,inf,inf,inf,236.9472515139182,inf
58,112,inf,inf,inf,825.4416999400987,inf
58,113,inf,inf,inf,864.3749186550938,inf
58,114,inf,inf,inf,639.6764807306894,inf
58,115,inf,inf,inf,1051.8978087247829,inf
58,116,inf,inf,inf,297.8355250805384,inf
58,117,inf,inf,inf,627.5109560796528,inf
58,118,inf,inf,inf,631.1204322472851,inf
58,119,inf,inf,inf,343.06413394582654,inf
58,120,inf,inf,inf,761.1386207518312,inf
58,121,inf,inf,inf,958.1299494327478,inf
58,122,inf,inf,inf,561.0320846440068,inf
58,123,inf,inf,inf,566.4918357752387,inf
58,124,inf,inf,inf,506.0049406873415,inf
58,125,inf,inf,inf,425.28225921145594,inf
58,126,inf,inf,inf,566.4274004671737,inf
58,127,inf,inf,inf,273.57814240176424,inf
58,128,inf,inf,inf,240.35390573069537,inf
58,129,inf,inf,inf,588.8038722698756,inf
58,130,inf,inf,inf,546.1446694787014,inf
58,131,inf,inf,inf,1164.3796631683326,inf
58,132,inf,inf,inf,353.8714455844099,inf
58,133,inf,inf,inf,310.6976021793538,inf
58,134,inf,inf,inf,1240.5744637062298,inf
58,135,inf,inf,inf,693.4154598795732,inf
58,136,inf,inf,inf,1085.0262669631552,inf
58,137,inf,inf,inf,1050.887719977734,inf
58,138,inf,inf,inf,179.36833611315015,inf
58,139,inf,inf,inf,1094.9488572531595,inf
58,140,inf,inf,inf,780.2563681252464,inf
58,141,inf,inf,inf,1231.6858365671012,inf
58,142,inf,inf,inf,654.673200917832,inf
58,143,inf,inf,inf,541.1173625009643,inf
59,60,inf,inf,inf,372.4862413566439,inf
59,61,inf,inf,inf,675.1607216063446,inf
59,62,inf,inf,inf,637.0447394021867,inf
59,63,inf,inf,inf,997.4016242216572,inf
59,64,inf,inf,inf,652.1050528864196,inf
59,65,inf,inf,inf,474.20670598379354,inf
59,66,inf,inf,inf,813.1937038615092,inf
59,67,inf,inf,inf,460.42806169911063,inf
59,68,inf,inf,inf,183.48024416813925,inf
59,69,inf,inf,inf,886.6588972090676,inf
59,70,inf,inf,inf,552.0452879972802,inf
59,71,inf,inf,inf,745.6037821792484,inf
59,72,inf,inf,inf,949.1859670264831,inf
59,73,inf,inf,inf,842.0985690523408,inf
59,74,inf,inf,inf,698.3673818270724,inf
59,75,inf,inf,inf,449.31948544437734,inf
59,76,inf,inf,inf,900.6886254416672,inf
59,77,inf,inf,inf,130.08458786497346,inf
59,78,inf,inf,inf,839.4432678865202,inf
59,79,inf,inf,inf,454.2818508371207,inf
59,80,inf,inf,inf,541.1986696214246,inf
59,81,inf,inf,inf,525.9248995816798,inf
59,82,inf,inf,inf,592.5040084252595,inf
59,83,inf,inf,inf,513.9104980441633,inf
59,84,inf,inf,inf,985.4674017947017,inf
59,85,inf,inf,inf,782.2135258354972,inf
59,86,inf,inf,inf,291.10994486619654,inf
59,87,inf,inf,inf,842.5704718301016,inf
59,88,inf,inf,inf,483.6000413564912,inf
59,89,inf,inf,inf,88.86506625215557,inf
59,90,inf,inf,inf,849.1672391231306,inf
59,91,inf,inf,inf,710.0176054155277,inf
59,92,inf,inf,inf,136.2974687952788,inf
59,93,inf,inf,inf,778.8054956149192,inf
59,94,inf,inf,inf,990.903123418228,inf
59,95,inf,inf,inf,770.2733281115218,inf
59,96,inf,inf,inf,623.8789946776538,inf
59,97,inf,inf,inf,100.16985574512923,inf
59,98,inf,inf,inf,533.9222789882438,inf
59,99,inf,inf,inf,559.411297705007,inf
59,100,inf,inf,inf,637.0949693726988,inf
59,101,inf,inf,inf,904.7220567666072,inf
59,102,inf,inf,inf,602.7445561761632,inf
59,103,inf,inf,inf,786.0915977161949,inf
59,104,inf,inf,inf,662.5684870260583,inf
59,105,inf,inf,inf,455.8618211695294,inf
59,106,inf,inf,inf,24.041630560342615,inf
59,107,inf,inf,inf,369.89998648283296,inf
59,108,inf,inf,inf,808.7700538471983,inf
59,109,inf,inf,inf,670.457306619892,inf
59,110,inf,inf,inf,731.0827586532184,inf
59,111,inf,inf,inf,549.8881704492287,inf
59,112,inf,inf,inf,644.4850657695646,inf
59,113,inf,inf,inf,284.48725806264156,inf
59,114,inf,inf,inf,137.5245432641025,inf
59,115,inf,inf,inf,304.6112276328632,inf
59,116,inf,inf,inf,734.7768368695355,inf
59,117,inf,inf,inf,888.6714803570552,inf
59,118,inf,inf,inf,520.8800245737976,inf
59,119,inf,inf,inf,987.0937138894159,inf
59,120,inf,inf,inf,330.55256768024054,inf
59,121,inf,inf,inf,574.1254218374239,inf
59,122,inf,inf,inf,610.5538469291631,inf
59,123,inf,inf,inf,186.11824198610947,inf
59,124,inf,inf,inf,270.69170655932555,inf
59,125,inf,inf,inf,330.7234494256493,inf
59,126,inf,inf,inf,250.44959572736389,inf
59,127,inf,inf,inf,652.5181989799212,inf
59,128,inf,inf,inf,692.4803246302381,inf
59,129,inf,inf,inf,588.0416651904864,inf
59,130,inf,inf,inf,201.62589119455865,inf
59,131,inf,inf,inf,488.27963299732255,inf
59,132,inf,inf,inf,432.5413275052454,inf
59,133,inf,inf,inf,489.24840316550853,inf
59,134,inf,inf,inf,495.17673612559787,inf
59,135,inf,inf,inf,325.7299494980466,inf
59,136,inf,inf,inf,444.6268098079557,inf
59,137,inf,inf,inf,533.0140711088217,inf
59,138,inf,inf,inf,575.6005559413577,inf
59,139,inf,inf,inf,863.4905905683049,inf
59,140,inf,inf,inf,663.2231901856268,inf
59,141,inf,inf,inf,546.3231644365815,inf
59,142,inf,inf,inf,257.4373710244882,inf
59,143,inf,inf,inf,774.2848313120954,inf
60,61,inf,inf,inf,366.30588310863914,inf
60,62,inf,inf,inf,391.8826354918013,inf
60,63,inf,inf,inf,914.4462805435867,inf
60,64,inf,inf,inf,944.2865031334505,inf
60,65,inf,inf,inf,760.4643318394361,inf
60,66,inf,inf,inf,493.09836746839875,inf
60,67,inf,inf,inf,731.5572431464267,inf
60,68,inf,inf,inf,347.4377642110886,inf
60,69,inf,inf,inf,913.5261353677846,inf
60,70,inf,inf,inf,916.6242414424789,inf
60,71,inf,inf,inf,460.392224087245,inf
60,72,inf,inf,inf,1080.9921368816704,inf
60,73,inf,inf,inf,481.91700530278035,inf
60,74,inf,inf,inf,607.062599737457,inf
60,75,inf,inf,inf,661.2185720319719,inf
60,76,inf,inf,inf,582.0738784724839,inf
60,77,inf,inf,inf,502.03585529322504,inf
60,78,inf,inf,inf,609.4989745684566,inf
60,79,inf,inf,inf,784.2512352556417,inf
60,80,inf,inf,inf,872.1708548214622,inf
60,81,inf,inf,inf,775.7454479402377,inf
60,82,inf,inf,inf,518.8342702636363,inf
60,83,inf,inf,inf,405.4552996324009,inf
60,84,inf,inf,inf,1016.7025130292539,inf
60,85,inf,inf,inf,410.1219330881976,inf
60,86,inf,inf,inf,628.8473582674893,inf
60,87,inf,inf,inf,764.034685076535,inf
60,88,inf,inf,inf,678.233735521907,inf
60,89,inf,inf,inf,382.8589818719159,inf
60,90,inf,inf,inf,826.8065069893922,inf
60,91,inf,inf,inf,1062.461764017887,inf
60,92,inf,inf,inf,314.0143308831621,inf
60,93,inf,inf,inf,1081.4249858404419,inf
60,94,inf,inf,inf,848.5923638591146,inf
60,95,inf,inf,inf,400.1462232734429,inf
60,96,inf,inf,inf,846.3622156027525,inf
60,97,inf,inf,inf,373.44879167029046,inf
60,98,inf,inf,inf,523.550379619765,inf
60,99,inf,inf,inf,479.0375768141785,inf
60,100,inf,inf,inf,1008.335261706145,inf
60,101,inf,inf,inf,586.787866268552,inf
60,102,inf,inf,inf,787.5893600093897,inf
60,103,inf,inf,inf,616.7090075554272,inf
60,104,inf,inf,inf,794.3305357343378,inf
60,105,inf,inf,inf,104.0768946500615,inf
60,106,inf,inf,inf,352.80022675729674,inf
60,107,inf,inf,inf,99.15644204992432,inf
60,108,inf,inf,inf,1014.1326343235386,inf
60,109,inf,inf,inf,560.4221623026698,inf
60,110,inf,inf,inf,1070.9042907748571,inf
60,111,inf,inf,inf,773.4371338382972,inf
60,112,inf,inf,inf,1015.2817342984163,inf
60,113,inf,inf,inf,641.081118112209,inf
60,114,inf,inf,inf,480.8378104933097,inf
60,115,inf,inf,inf,441.23689782247357,inf
60,116,inf,inf,inf,749.4271145348292,inf
60,117,inf,inf,inf,752.0644919154208,inf
60,118,inf,inf,inf,876.1746401260425,inf
60,119,inf,inf,inf,1020.4410811016969,inf
60,120,inf,inf,inf,135.38463723776047,inf
60,121,inf,inf,inf,940.966524377993,inf
60,122,inf,inf,inf,489.74483151943525,inf
60,123,inf,inf,inf,476.2541338403269,inf
60,124,inf,inf,inf,566.2296353953933,inf
60,125,inf,inf,inf,502.3226055036743,inf
60,126,inf,inf,inf,582.1692193855666,inf
60,127,inf,inf,inf,690.7807177389942,inf
60,128,inf,inf,inf,934.1546981094726,inf
60,129,inf,inf,inf,451.8108011103763,inf
60,130,inf,inf,inf,446.6598258182618,inf
60,131,inf,inf,inf,744.7690917324644,inf
60,132,inf,inf,inf,687.7106949873616,inf
60,133,inf,inf,inf,585.1580982948112,inf
60,134,inf,inf,inf,597.18171438851,inf
60,135,inf,inf,inf,203.33715843396652,inf
60,136,inf,inf,inf,212.8685040112792,inf
60,137,inf,inf,inf,875.6312009059521,inf
60,138,inf,inf,inf,719.1397638846013,inf
60,139,inf,inf,inf,514.278134864783,inf
60,140,inf,inf,inf,1030.2024072967408,inf
60,141,inf,inf,inf,374.25258850140233,inf
60,142,inf,inf,inf,620.8252572181644,inf
60,143,inf,inf,inf,1093.3915126796987,inf
61,62,inf,inf,inf,128.9961239727768,inf
61,63,inf,inf,inf,1205.9220538658376,inf
61,64,inf,inf,inf,1298.655073527994,inf
61,65,inf,inf,inf,912.2379075657841,inf
61,66,inf,inf,inf,605.9785474750736,inf
61,67,inf,inf,inf,1088.5311203635843,inf
61,68,inf,inf,inf,558.0224009840465,inf
61,69,inf,inf,inf,1252.821615394626,inf
61,70,inf,inf,inf,1223.9035909743873,inf
61,71,inf,inf,inf,641.4179604594807,inf
61,72,inf,inf,inf,1441.5172562269242,inf
61,73,inf,inf,inf,481.21512860673863,inf
61,74,inf,inf,inf,919.4155752433172,inf
61,75,inf,inf,inf,1025.6012870506745,inf
61,76,inf,inf,inf,674.6332336907218,inf
61,77,inf,inf,inf,800.0624975587845,inf
61,78,inf,inf,inf,822.7715357254406,inf
61,79,inf,inf,inf,1122.0739726060845,inf
61,80,inf,inf,inf,1210.250387316608,inf
61,81,inf,inf,inf,1137.2128208914987,inf
61,82,inf,inf,inf,848.4462269348601,inf
61,83,inf,inf,inf,325.1491965236882,inf
61,84,inf,inf,inf,1354.0369271183117,inf
61,85,inf,inf,inf,295.3303235362058,inf
61,86,inf,inf,inf,960.381694952585,inf
61,87,inf,inf,inf,1068.4067577472542,inf
61,88,inf,inf,inf,1043.9181002358375,inf
61,89,inf,inf,inf,715.5061145790439,inf
61,90,inf,inf,inf,1152.359752854984,inf
61,91,inf,inf,inf,1385.1660550273386,inf
61,92,inf,inf,inf,661.3992742663088,inf
61,93,inf,inf,inf,1433.548045933585,inf
61,94,inf,inf,inf,1107.121041259717,inf
61,95,inf,inf,inf,257.4975728040946,inf
61,96,inf,inf,inf,1211.4722448327077,inf
61,97,inf,inf,inf,710.2478440657177,inf
61,98,inf,inf,inf,472.84775562542325,inf
61,99,inf,inf,inf,377.89548819746443,inf
61,100,inf,inf,inf,1296.3950015330975,inf
61,101,inf,inf,inf,679.6499098800793,inf
61,102,inf,inf,inf,1153.8912427087746,inf
61,103,inf,inf,inf,881.3455621945344,inf
61,104,inf,inf,inf,1158.124777387998,inf
61,105,inf,inf,inf,263.18814562969965,inf
61,106,inf,inf,inf,662.6250825315926,inf
61,107,inf,inf,inf,452.74717006293923,inf
61,108,inf,inf,inf,1380.419139247207,inf
61,109,inf,inf,inf,868.9677784590174,inf
61,110,inf,inf,inf,1404.4158928180782,inf
61,111,inf,inf,inf,1137.9582593399462,inf
61,112,inf,inf,inf,1305.3524428291387,inf
61,113,inf,inf,inf,887.4823941915693,inf
61,114,inf,inf,inf,805.501707012468,inf
61,115,inf,inf,inf,569.2890302825094,inf
61,116,inf,inf,inf,1091.7202022496424,inf
61,117,inf,inf,inf,1023.5179529446467,inf
61,118,inf,inf,inf,1196.0041805947,inf
61,119,inf,inf,inf,1358.3637215414728,inf
61,120,inf,inf,inf,498.831634923047,inf
61,121,inf,inf,inf,1186.6701310810852,inf
61,122,inf,inf,inf,802.552178989005,inf
61,123,inf,inf,inf,820.0646315992417,inf
61,124,inf,inf,inf,912.8526715741156,inf
61,125,inf,inf,inf,867.1631911007294,inf
61,126,inf,inf,inf,915.804018335801,inf
61,127,inf,inf,inf,1041.956812924605,inf
61,128,inf,inf,inf,1298.0543131934041,inf
61,129,inf,inf,inf,762.9003866822982,inf
61,130,inf,inf,inf,799.0525639781152,inf
61,131,inf,inf,inf,870.1086139097808,inf
61,132,inf,inf,inf,1047.011938804902,inf
61,133,inf,inf,inf,949.0426755420433,inf
61,134,inf,inf,inf,622.2877148072264,inf
61,135,inf,inf,inf,566.3585436805911,inf
61,136,inf,inf,inf,234.95744295510198,inf
61,137,inf,inf,inf,1079.6341973094407,inf
61,138,inf,inf,inf,1084.5948552339717,inf
61,139,inf,inf,inf,546.2838090223798,inf
61,140,inf,inf,inf,1331.740590355344,inf
61,141,inf,inf,inf,241.50569351466643,inf
61,142,inf,inf,inf,932.1652214065916,inf
61,143,inf,inf,inf,1438.966643115816,inf
62,63,inf,inf,inf,1281.2899749861465,inf
62,64,inf,inf,inf,1280.7907713596317,inf
62,65,inf,inf,inf,813.1826363124093,inf
62,66,inf,inf,inf,716.665891472449,inf
62,67,inf,inf,inf,1076.1133769264277,inf
62,68,inf,inf,inf,493.9605247385665,inf
62,69,inf,inf,inf,1303.408608226906,inf
62,70,inf,inf,inf,1172.4657777521695,inf
62,71,inf,inf,inf,740.2438787318677,inf
62,72,inf,inf,inf,1470.4625122729242,inf
62,73,inf,inf,inf,603.6820355120732,inf
62,74,inf,inf,inf,983.8927787111764,inf
62,75,inf,inf,inf,1026.8641584941993,inf
62,76,inf,inf,inf,790.1354314293214,inf
62,77,inf,inf,inf,753.9363368348816,inf
62,78,inf,inf,inf,918.2902591228984,inf
62,79,inf,inf,inf,1091.0591184715886,inf
62,80,inf,inf,inf,1178.2164487054151,inf
62,81,inf,inf,inf,1130.9911582324594,inf
62,82,inf,inf,inf,903.6575678873054,inf
62,83,inf,inf,inf,208.83007446246816,inf
62,84,inf,inf,inf,1406.1834873159335,inf
62,85,inf,inf,inf,422.1705816373282,inf
62,86,inf,inf,inf,927.8776859047748,inf
62,87,inf,inf,inf,1137.5574710756375,inf
62,88,inf,inf,inf,1049.573722994245,inf
62,89,inf,inf,inf,691.2344030790134,inf
62,90,inf,inf,inf,1211.41116058917,inf
62,91,inf,inf,inf,1340.577860476593,inf
62,92,inf,inf,inf,649.5852522956475,inf
62,93,inf,inf,inf,1412.0014164298846,inf
62,94,inf,inf,inf,1193.4843945355967,inf
62,95,inf,inf,inf,385.0,inf
62,96,inf,inf,inf,1213.3857589406593,inf
62,97,inf,inf,inf,688.8396039717809,inf
62,98,inf,inf,inf,350.36124214872854,inf
62,99,inf,inf,inf,252.83393759541065,inf
62,100,inf,inf,inf,1234.5946703270672,inf
62,101,inf,inf,inf,795.2081488516072,inf
62,102,inf,inf,inf,1164.3131022195018,inf
62,103,inf,inf,inf,963.5112869084617,inf
62,104,inf,inf,inf,1181.2963218430843,inf
62,105,inf,inf,inf,301.6023872584566,inf
62,106,inf,inf,inf,628.6238939143182,inf
62,107,inf,inf,inf,488.7739763939975,inf
62,108,inf,inf,inf,1389.038876345799,inf
62,109,inf,inf,inf,934.7004867870777,inf
62,110,inf,inf,inf,1366.8650262553358,inf
62,111,inf,inf,inf,1138.5345844549474,inf
62,112,inf,inf,inf,1244.357263811322,inf
62,113,inf,inf,inf,817.2594447297627,inf
62,114,inf,inf,inf,772.984475911386,inf
62,115,inf,inf,inf,479.22646003742324,inf
62,116,inf,inf,inf,1139.8162132554528,inf
62,117,inf,inf,inf,1104.972850345202,inf
62,118,inf,inf,inf,1151.9696176549103,inf
62,119,inf,inf,inf,1410.100705623538,inf
62,120,inf,inf,inf,526.8178053179296,inf
62,121,inf,inf,inf,1109.5629770319483,inf
62,122,inf,inf,inf,865.680079475091,inf
62,123,inf,inf,inf,799.8562370826397,inf
62,124,inf,inf,inf,892.647746874432,inf
62,125,inf,inf,inf,871.7270214923935,inf
62,126,inf,inf,inf,885.7319007464956,inf
62,127,inf,inf,inf,1082.6088859786807,inf
62,128,inf,inf,inf,1295.6855328358035,inf
62,129,inf,inf,inf,826.2886904708305,inf
62,130,inf,inf,inf,786.8246310328624,inf
62,131,inf,inf,inf,765.9144860883622,inf
62,132,inf,inf,inf,1038.311128708539,inf
62,133,inf,inf,inf,972.8689531483673,inf
62,134,inf,inf,inf,505.9110593770411,inf
62,135,inf,inf,inf,594.395491234582,inf
62,136,inf,inf,inf,200.4120754844877,inf
62,137,inf,inf,inf,990.9722498637386,inf
62,138,inf,inf,inf,1103.0113326707028,inf
62,139,inf,inf,inf,666.8088181780442,inf
62,140,inf,inf,inf,1275.942396818916,inf
62,141,inf,inf,inf,126.57408897558773,inf
62,142,inf,inf,inf,888.4705960244266,inf
62,143,inf,inf,inf,1410.8384032198726,inf
63,64,inf,inf,inf,943.9856990442175,inf
63,65,inf,inf,inf,1462.253739950765,inf
63,66,inf,inf,inf,688.5535563774251,inf
63,67,inf,inf,inf,833.5202457049259,inf
63,68,inf,inf,inf,1132.9541032186607,inf
63,69,inf,inf,inf,280.10355228022365,inf
63,70,inf,inf,inf,1207.683733433551,inf
63,71,inf,inf,inf,599.2703897240377,inf
63,72,inf,inf,inf,572.4089447239622,inf
63,73,inf,inf,inf,865.004046233311,inf
63,74,inf,inf,inf,312.07851576165893,inf
63,75,inf,inf,inf,716.7328651596772,inf
63,76,inf,inf,inf,686.721195245931,inf
63,77,inf,inf,inf,1044.0249039175262,inf
63,78,inf,inf,inf,432.29272489830316,inf
63,79,inf,inf,inf,994.7351406278959,inf
63,80,inf,inf,inf,1033.701117344854,inf
63,81,inf,inf,inf,790.9241430124637,inf
63,82,inf,inf,inf,413.8900820266173,inf
63,83,inf,inf,inf,1318.4847363545775,inf
63,84,inf,inf,inf,304.1052449399714,inf
63,85,inf,inf,inf,1015.0093595627579,inf
63,86,inf,inf,inf,969.2971680552873,inf
63,87,inf,inf,inf,156.3873396410336,inf
63,88,inf,inf,inf,681.6458024516838,inf
63,89,inf,inf,inf,916.6160592090889,inf
63,90,inf,inf,inf,190.0973434848578,inf
63,91,inf,inf,inf,1227.6322739322227,inf
63,92,inf,inf,inf,864.4009486343707,inf
63,93,inf,inf,inf,1041.4240250733608,inf
63,94,inf,inf,inf,160.80111939908875,inf
63,95,inf,inf,inf,1043.6613435401352,inf
63,96,inf,inf,inf,737.0244229331888,inf
63,97,inf,inf,inf,901.7605003547228,inf
63,98,inf,inf,inf,1422.5853225729556,inf
63,99,inf,inf,inf,1390.9741190978357,inf
63,100,inf,inf,inf,1336.733331670906,inf
63,101,inf,inf,inf,684.6342089028271,inf
63,102,inf,inf,inf,649.4836410564934,inf
63,103,inf,inf,inf,329.34176777323586,inf
63,104,inf,inf,inf,535.3886438840481,inf
63,105,inf,inf,inf,984.1239759298622,inf
63,106,inf,inf,inf,977.2000818665541,inf
63,107,inf,inf,inf,817.2661745110953,inf
63,108,inf,inf,inf,735.2502975177908,inf
63,109,inf,inf,inf,355.0169010061352,inf
63,110,inf,inf,inf,1173.3882562903038,inf
63,111,inf,inf,inf,732.8635616538729,inf
63,112,inf,inf,inf,1334.2822040333147,inf
63,113,inf,inf,inf,1226.6005869882829,inf
63,114,inf,inf,inf,957.8627250290095,inf
63,115,inf,inf,inf,1263.9596512547384,inf
63,116,inf,inf,inf,311.64242329952447,inf
63,117,inf,inf,inf,192.1067411623028,inf
63,118,inf,inf,inf,1131.2550552373236,inf
63,119,inf,inf,inf,310.36752407428196,inf
63,120,inf,inf,inf,800.0231246657811,inf
63,121,inf,inf,inf,1415.6758103464224,inf
63,122,inf,inf,inf,425.7722395835595,inf
63,123,inf,inf,inf,879.0551746050984,inf
63,124,inf,inf,inf,876.0570757661854,inf
63,125,inf,inf,inf,710.0563357931538,inf
63,126,inf,inf,inf,946.152736084402,inf
63,127,inf,inf,inf,391.8290443548053,inf
63,128,inf,inf,inf,803.4705968484473,inf
63,129,inf,inf,inf,462.8228602824195,inf
63,130,inf,inf,inf,831.7024708391817,inf
63,131,inf,inf,inf,1484.1041068604318,inf
63,132,inf,inf,inf,797.5023510937131,inf
63,133,inf,inf,inf,553.0081373723175,inf
63,134,inf,inf,inf,1453.7847158365644,inf
63,135,inf,inf,inf,747.3218851338424,inf
63,136,inf,inf,inf,1126.1691702404216,inf
63,137,inf,inf,inf,1461.0304582725166,inf
63,138,inf,inf,inf,575.0634747573523,inf
63,139,inf,inf,inf,808.9116144548798,inf
63,140,inf,inf,inf,1301.239793427791,inf
63,141,inf,inf,inf,1287.3791205390896,inf
63,142,inf,inf,inf,1046.2752983799244,inf
63,143,inf,inf,inf,1105.157454845236,inf
64,65,inf,inf,inf,871.3099333761782,inf
64,66,inf,inf,inf,1198.292535235032,inf
64,67,inf,inf,inf,213.693706037403,inf
64,68,inf,inf,inf,826.7357498015917,inf
64,69,inf,inf,inf,687.3638046915185,inf
64,70,inf,inf,inf,348.3690571793081,inf
64,71,inf,inf,inf,1093.6297362453163,inf
64,72,inf,inf,inf,524.8285434310905,inf
64,73,inf,inf,inf,1305.931468339744,inf
64,74,inf,inf,inf,795.9962311468566,inf
64,75,inf,inf,inf,314.42805218364344,inf
64,76,inf,inf,inf,1265.0332011453297,inf
64,77,inf,inf,inf,561.4133949239188,inf
64,78,inf,inf,inf,1075.5844922645547,inf
64,79,inf,inf,inf,221.41589825484527,inf
64,80,inf,inf,inf,168.66831356244717,inf
64,81,inf,inf,inf,190.541334098405,inf
64,82,inf,inf,inf,736.6966811381737,inf
64,83,inf,inf,inf,1165.3518781895878,inf
64,84,inf,inf,inf,736.6661387630085,inf
64,85,inf,inf,inf,1322.8578910827875,inf
64,86,inf,inf,inf,368.96070251450897,inf
64,87,inf,inf,inf,844.1338756382189,inf
64,88,inf,inf,inf,322.80024783137947,inf
64,89,inf,inf,inf,589.6185207403173,inf
64,90,inf,inf,inf,754.4481426844393,inf
64,91,inf,inf,inf,292.4790590794493,inf
64,92,inf,inf,inf,637.2566202088449,inf
64,93,inf,inf,inf,138.82723075823418,inf
64,94,inf,inf,inf,1038.6000192566914,inf
64,95,inf,inf,inf,1324.3866504914643,inf
64,96,inf,inf,inf,207.09901013766338,inf
64,97,inf,inf,inf,592.1021871265128,inf
64,98,inf,inf,inf,1167.6377863018993,inf
64,99,inf,inf,inf,1206.751838614717,inf
64,100,inf,inf,inf,458.87797942372436,inf
64,101,inf,inf,inf,1267.0205207493682,inf
64,102,inf,inf,inf,298.41246622753545,inf
64,103,inf,inf,inf,952.7586263057397,inf
64,104,inf,inf,inf,408.87161799273866,inf
64,105,inf,inf,inf,1046.7420885776974,inf
64,106,inf,inf,inf,656.073928761081,inf
64,107,inf,inf,inf,884.0955830678038,inf
64,108,inf,inf,inf,290.5580836941213,inf
64,109,inf,inf,inf,811.7696717665671,inf
64,110,inf,inf,inf,229.92390045404153,inf
64,111,inf,inf,inf,230.53416232740864,inf
64,112,inf,inf,inf,451.22056690713913,inf
64,113,inf,inf,inf,630.9817746971778,inf
64,114,inf,inf,inf,514.8980481609927,inf
64,115,inf,inf,inf,922.4602972486133,inf
64,116,inf,inf,inf,642.0249216346667,inf
64,117,inf,inf,inf,963.2548987677145,inf
64,118,inf,inf,inf,282.11522468665174,inf
64,119,inf,inf,inf,733.845351555762,inf
64,120,inf,inf,inf,831.2412405553516,inf
64,121,inf,inf,inf,620.4715948373463,inf
64,122,inf,inf,inf,804.5849861885318,inf
64,123,inf,inf,inf,481.06652346634974,inf
64,124,inf,inf,inf,388.15589651582,inf
64,125,inf,inf,inf,459.64442779174425,inf
64,126,inf,inf,inf,403.21954317716296,inf
64,127,inf,inf,inf,579.7732315310875,inf
64,128,inf,inf,inf,156.0,inf
64,129,inf,inf,inf,816.8035259473357,inf
64,130,inf,inf,inf,499.7679461510112,inf
64,131,inf,inf,inf,929.7150100971803,inf
64,132,inf,inf,inf,260.93102536877444,inf
64,133,inf,inf,inf,487.82066376897154,inf
64,134,inf,inf,inf,1085.431250701766,inf
64,135,inf,inf,inf,775.1264412984503,inf
64,136,inf,inf,inf,1082.0905692223735,inf
64,137,inf,inf,inf,748.2385983093895,inf
64,138,inf,inf,inf,387.4132160884551,inf
64,139,inf,inf,inf,1296.4138999563372,inf
64,140,inf,inf,inf,398.5398348973412,inf
64,141,inf,inf,inf,1197.5207722624273,inf
64,142,inf,inf,inf,440.8684611082993,inf
64,143,inf,inf,inf,174.1551032843999,inf
65,66,inf,inf,inf,1248.251577207095,inf
65,67,inf,inf,inf,765.8733576773643,inf
65,68,inf,inf,inf,413.0435812356851,inf
65,69,inf,inf,inf,1320.0378782444086,inf
65,70,inf,inf,inf,576.5084561391966,inf
65,71,inf,inf,inf,1196.702552850958,inf
65,72,inf,inf,inf,1314.9486681996373,inf
65,73,inf,inf,inf,1237.8473249960998,inf
65,74,inf,inf,inf,1170.0226493534217,inf
65,75,inf,inf,inf,822.2359758609447,inf
65,76,inf,inf,inf,1337.5141120750839,inf
65,77,inf,inf,inf,421.35258394840776,inf
65,78,inf,inf,inf,1307.4788717222164,inf
65,79,inf,inf,inf,654.8190589773636,inf
65,80,inf,inf,inf,706.2294244790428,inf
65,81,inf,inf,inf,840.0148808205721,inf
65,82,inf,inf,inf,1064.492836988582,inf
65,83,inf,inf,inf,608.8021024930844,inf
65,84,inf,inf,inf,1411.8108938522894,inf
65,85,inf,inf,inf,1125.917403720184,inf
65,86,inf,inf,inf,556.9389553622551,inf
65,87,inf,inf,inf,1309.6110109494346,inf
65,88,inf,inf,inf,862.8423958058621,inf
65,89,inf,inf,inf,547.4933789553988,inf
65,90,inf,inf,inf,1302.5210171049064,inf
65,91,inf,inf,inf,751.1384692584983,inf
65,92,inf,inf,inf,610.4334525564601,inf
65,93,inf,inf,inf,950.4788266973652,inf
65,94,inf,inf,inf,1464.091868702234,inf
65,95,inf,inf,inf,1101.6991422343942,inf
65,96,inf,inf,inf,947.60170958056,inf
65,97,inf,inf,inf,563.0008880987667,inf
65,98,inf,inf,inf,503.1947932957971,inf
65,99,inf,inf,inf,594.3744610933414,inf
65,100,inf,inf,inf,561.1007039738945,inf
65,101,inf,inf,inf,1342.0111773006959,inf
65,102,inf,inf,inf,966.7683279876312,inf
65,103,inf,inf,inf,1260.0015873005875,inf
65,104,inf,inf,inf,1057.745243430572,inf
65,105,inf,inf,inf,800.416141766269,inf
65,106,inf,inf,inf,497.0492933301485,inf
65,107,inf,inf,inf,800.6409932048197,inf
65,108,inf,inf,inf,1121.3139613863727,inf
65,109,inf,inf,inf,1143.9427433224096,inf
65,110,inf,inf,inf,815.3735340321024,inf
65,111,inf,inf,inf,887.8226174185922,inf
65,112,inf,inf,inf,573.917241420747,inf
65,113,inf,inf,inf,256.09568524284043,inf
65,114,inf,inf,inf,508.91747857584926,inf
65,115,inf,inf,inf,346.09247319177575,inf
65,116,inf,inf,inf,1181.4926999351287,inf
65,117,inf,inf,inf,1362.0532295031644,inf
65,118,inf,inf,inf,609.7376485013862,inf
65,119,inf,inf,inf,1412.334946108748,inf
65,120,inf,inf,inf,775.6423144723346,inf
65,121,inf,inf,inf,368.65702217643974,inf
65,122,inf,inf,inf,1084.7377563263851,inf
65,123,inf,inf,inf,589.5150549392272,inf
65,124,inf,inf,inf,621.2262067878335,inf
65,125,inf,inf,inf,761.6153884999961,inf
65,126,inf,inf,inf,555.7130554521821,inf
65,127,inf,inf,inf,1096.2207806824317,inf
65,128,inf,inf,inf,980.4881437324982,inf
65,129,inf,inf,inf,1062.023069429285,inf
65,130,inf,inf,inf,632.8230400356802,inf
65,131,inf,inf,inf,70.34912934784623,inf
65,132,inf,inf,inf,766.8141887054517,inf
65,133,inf,inf,inf,926.5959205608451,inf
65,134,inf,inf,inf,345.35778549208936,inf
65,135,inf,inf,inf,788.7027323396312,inf
65,136,inf,inf,inf,698.6164899284871,inf
65,137,inf,inf,inf,205.40691322348428,inf
65,138,inf,inf,inf,975.0179485527433,inf
65,139,inf,inf,inf,1274.3155025345961,inf
65,140,inf,inf,inf,630.7622372970659,inf
65,141,inf,inf,inf,687.0640435941907,inf
65,142,inf,inf,inf,466.2295571925915,inf
65,143,inf,inf,inf,908.9295902323788,inf
66,67,inf,inf,inf,997.4216761229926,inf
66,68,inf,inf,inf,836.6319381902654,inf
66,69,inf,inf,inf,838.8611327269848,inf
66,70,inf,inf,inf,1291.873832849013,inf
66,71,inf,inf,inf,110.85576214162258,inf
66,72,inf,inf,inf,1105.9954791951004,inf
66,73,inf,inf,inf,176.7766952966369,inf
66,74,inf,inf,inf,492.97565862829373,inf
66,75,inf,inf,inf,884.0384607017954,inf
66,76,inf,inf,inf,89.28605714219886,inf
66,77,inf,inf,inf,928.8971956034748,inf
66,78,inf,inf,inf,257.30332294783915,inf
66,79,inf,inf,inf,1110.819517293426,inf
66,80,inf,inf,inf,1189.226639459443,inf
66,81,inf,inf,inf,1007.897316198431,inf
66,82,inf,inf,inf,490.92667476925715,inf
66,83,inf,inf,inf,839.2115347157712,inf
66,84,inf,inf,inf,922.9918742870925,inf
66,85,inf,inf,inf,347.89941074971654,inf
66,86,inf,inf,inf,988.7087538805348,inf
66,87,inf,inf,inf,592.0008445939922,inf
66,88,inf,inf,inf,877.5676612090945,inf
66,89,inf,inf,inf,782.4046267756856,inf
66,90,inf,inf,inf,711.7056976025975,inf
66,91,inf,inf,inf,1400.3988717504737,inf
66,92,inf,inf,inf,700.5890378816956,inf
66,93,inf,inf,inf,1333.7593486082862,inf
66,94,inf,inf,inf,553.5530688199642,inf
66,95,inf,inf,inf,383.020887158912,inf
66,96,inf,inf,inf,1031.1765125331356,inf
66,97,inf,inf,inf,767.4542331631249,inf
66,98,inf,inf,inf,981.136585802405,inf
66,99,inf,inf,inf,911.7592884089528,inf
66,100,inf,inf,inf,1404.5219827400354,inf
66,101,inf,inf,inf,93.86160024205851,inf
66,102,inf,inf,inf,943.1781379993919,inf
66,103,inf,inf,inf,371.9032132154816,inf
66,104,inf,inf,inf,886.1811327262616,inf
66,105,inf,inf,inf,489.23000725630067,inf
66,106,inf,inf,inf,789.5885004228469,inf
66,107,inf,inf,inf,449.5887009256349,inf
66,108,inf,inf,inf,1145.2567397749729,inf
66,109,inf,inf,inf,449.13806340589747,inf
66,110,inf,inf,inf,1383.8648777969618,inf
66,111,inf,inf,inf,976.5884496552271,inf
66,112,inf,inf,inf,1408.5542233084248,inf
66,113,inf,inf,inf,1097.5103644157534,inf
66,114,inf,inf,inf,875.493575076368,inf
66,115,inf,inf,inf,934.1220477004063,inf
66,116,inf,inf,inf,711.8827150591592,inf
66,117,inf,inf,inf,496.84705896281605,inf
66,118,inf,inf,inf,1233.2234185256134,inf
66,119,inf,inf,inf,928.7292393372785,inf
66,120,inf,inf,inf,482.99585919550077,inf
66,121,inf,inf,inf,1381.8133014267883,inf
66,122,inf,inf,inf,418.70753516028344,inf
66,123,inf,inf,inf,832.5791253688744,inf
66,124,inf,inf,inf,898.0256121069153,inf
66,125,inf,inf,inf,753.239669693518,inf
66,126,inf,inf,inf,944.1445863849456,inf
66,127,inf,inf,inf,707.6496308202245,inf
66,128,inf,inf,inf,1124.967999544876,inf
66,129,inf,inf,inf,393.7829351305107,inf
66,130,inf,inf,inf,783.8041847298342,inf
66,131,inf,inf,inf,1236.4614834276076,inf
66,132,inf,inf,inf,947.2021959434005,inf
66,133,inf,inf,inf,719.1995550610415,inf
66,134,inf,inf,inf,1080.6683117404712,inf
66,135,inf,inf,inf,495.3624935337757,inf
66,136,inf,inf,inf,640.7222487162437,inf
66,137,inf,inf,inf,1343.930057703897,inf
66,138,inf,inf,inf,848.999411071645,inf
66,139,inf,inf,inf,123.0447073221762,inf
66,140,inf,inf,inf,1406.862111224835,inf
66,141,inf,inf,inf,776.1784588611049,inf
66,142,inf,inf,inf,1016.6936608438158,inf
66,143,inf,inf,inf,1369.73902623821,inf
67,68,inf,inf,inf,641.7889061054266,inf
67,69,inf,inf,inf,613.4313327504555,inf
67,70,inf,inf,inf,374.2298758784499,inf
67,71,inf,inf,inf,895.7393594121004,inf
67,72,inf,inf,inf,550.1781529650192,inf
67,73,inf,inf,inf,1097.5335985745494,inf
67,74,inf,inf,inf,632.6649982415654,inf
67,75,inf,inf,inf,125.19584657647394,inf
67,76,inf,inf,inf,1068.1020550490482,inf
67,77,inf,inf,inf,392.7340066762745,inf
67,78,inf,inf,inf,895.9268943390415,inf
67,79,inf,inf,inf,161.89502771858065,inf
67,80,inf,inf,inf,208.25465180878913,inf
67,81,inf,inf,inf,74.41102068914255,inf
67,82,inf,inf,inf,557.8969438883852,inf
67,83,inf,inf,inf,973.0087358292319,inf
67,84,inf,inf,inf,687.6074461493273,inf
67,85,inf,inf,inf,1109.5873106700526,inf
67,86,inf,inf,inf,211.482859825566,inf
67,87,inf,inf,inf,710.5948212589225,inf
67,88,inf,inf,inf,153.37861650177967,inf
67,89,inf,inf,inf,388.5061132080163,inf
67,90,inf,inf,inf,645.7592430619944,inf
67,91,inf,inf,inf,418.8520025020771,inf
67,92,inf,inf,inf,428.0946157101255,inf
67,93,inf,inf,inf,352.22719940402106,inf
67,94,inf,inf,inf,902.131365156982,inf
67,95,inf,inf,inf,1110.7947605205923,inf
67,96,inf,inf,inf,182.22239159883728,inf
67,97,inf,inf,inf,388.6592337768395,inf
67,98,inf,inf,inf,990.2671356760255,inf
67,99,inf,inf,inf,1019.8357710925814,inf
67,100,inf,inf,inf,503.24149272491434,inf
67,101,inf,inf,inf,1070.420478129973,inf
67,102,inf,inf,inf,212.70872102478543,inf
67,103,inf,inf,inf,782.612292262267,inf
67,104,inf,inf,inf,322.7956009613514,inf
67,105,inf,inf,inf,834.4435271484823,inf
67,106,inf,inf,inf,460.4562954287844,inf
67,107,inf,inf,inf,670.4028639556964,inf
67,108,inf,inf,inf,362.72992708074145,inf
67,109,inf,inf,inf,639.2534708548715,inf
67,110,inf,inf,inf,389.1169490011968,inf
67,111,inf,inf,inf,125.15989773086265,inf
67,112,inf,inf,inf,500.78438474057873,inf
67,113,inf,inf,inf,510.71420579419953,inf
67,114,inf,inf,inf,328.16002194051606,inf
67,115,inf,inf,inf,750.0893280136706,inf
67,116,inf,inf,inf,521.8783383126761,inf
67,117,inf,inf,inf,815.9883577600847,inf
67,118,inf,inf,inf,297.7414986191881,inf
67,119,inf,inf,inf,686.5478861667261,inf
67,120,inf,inf,inf,617.5475690179665,inf
67,121,inf,inf,inf,602.742067554605,inf
67,122,inf,inf,inf,620.6013213005592,inf
67,123,inf,inf,inf,278.88707392061036,inf
67,124,inf,inf,inf,189.73665961010275,inf
67,125,inf,inf,inf,248.67649667791284,inf
67,126,inf,inf,inf,227.74766738651792,inf
67,127,inf,inf,inf,444.3624646614518,inf
67,128,inf,inf,inf,233.90810161257775,inf
67,129,inf,inf,inf,627.2041135069189,inf
67,130,inf,inf,inf,290.0844704564517,inf
67,131,inf,inf,inf,814.4427542804958,inf
67,132,inf,inf,inf,50.21951811795888,inf
67,133,inf,inf,inf,311.5413295214617,inf
67,134,inf,inf,inf,926.6898078645303,inf
67,135,inf,inf,inf,561.7775360407356,inf
67,136,inf,inf,inf,876.2676531745309,inf
67,137,inf,inf,inf,688.809117245119,inf
67,138,inf,inf,inf,260.4035330021465,inf
67,139,inf,inf,inf,1091.0774491299874,inf
67,140,inf,inf,inf,470.2775776070979,inf
67,141,inf,inf,inf,998.9059014742079,inf
67,142,inf,inf,inf,300.892007205243,inf
67,143,inf,inf,inf,375.6660751252367,inf
68,69,inf,inf,inf,1049.4555731425698,inf
68,70,inf,inf,inf,679.5447005164561,inf
68,71,inf,inf,inf,790.5504411484444,inf
68,72,inf,inf,inf,1129.4534076268928,inf
68,73,inf,inf,inf,826.5040834744859,inf
68,74,inf,inf,inf,824.2293370173134,inf
68,75,inf,inf,inf,632.2096171365949,inf
68,76,inf,inf,inf,925.9141428879893,inf
68,77,inf,inf,inf,270.5346558206545,inf
68,78,inf,inf,inf,915.1579098712965,inf
68,79,inf,inf,inf,619.2002906976062,inf
68,80,inf,inf,inf,702.9260274025994,inf
68,81,inf,inf,inf,708.6113180016249,inf
68,82,inf,inf,inf,719.69021113254,inf
68,83,inf,inf,inf,341.7089404741995,inf
68,84,inf,inf,inf,1150.464688723648,inf
68,85,inf,inf,inf,726.749613002993,inf
68,86,inf,inf,inf,459.0250537824706,inf
68,87,inf,inf,inf,976.58281778864,inf
68,88,inf,inf,inf,665.7236663962008,inf
68,89,inf,inf,inf,267.83950418114205,inf
68,90,inf,inf,inf,999.4818657684591,inf
68,91,inf,inf,inf,850.6303545018835,inf
68,92,inf,inf,inf,281.2045518834999,inf
68,93,inf,inf,inf,948.538349251099,inf
68,94,inf,inf,inf,1106.2052250825793,inf
68,95,inf,inf,inf,706.57766735158,inf
68,96,inf,inf,inf,807.297962341043,inf
68,97,inf,inf,inf,275.1817581163403,inf
68,98,inf,inf,inf,350.44257732187737,inf
68,99,inf,inf,inf,380.0552591400361,inf
68,100,inf,inf,inf,741.4560000431584,inf
68,101,inf,inf,inf,930.4842825109944,inf
68,102,inf,inf,inf,785.18914918636,inf
68,103,inf,inf,inf,886.6098352714118,inf
68,104,inf,inf,inf,840.4403607633323,inf
68,105,inf,inf,inf,394.44264475332784,inf
68,106,inf,inf,inf,189.8341381311591,inf
68,107,inf,inf,inf,392.7301872787474,inf
68,108,inf,inf,inf,992.2358590577142,inf
68,109,inf,inf,inf,788.9651449842382,inf
68,110,inf,inf,inf,882.6171310370086,inf
68,111,inf,inf,inf,733.3662113841897,inf
68,112,inf,inf,inf,750.9806921619223,inf
68,113,inf,inf,inf,329.6209944769902,inf
68,114,inf,inf,inf,314.33103569326397,inf
68,115,inf,inf,inf,132.23085872821065,inf
68,116,inf,inf,inf,891.9641248391104,inf
68,117,inf,inf,inf,1004.1354490306575,inf
68,118,inf,inf,inf,663.5397501280537,inf
68,119,inf,inf,inf,1152.5437084987277,inf
68,120,inf,inf,inf,375.0119998080061,inf
68,121,inf,inf,inf,630.6512506924885,inf
68,122,inf,inf,inf,722.615388709651,inf
68,123,inf,inf,inf,369.59572508350254,inf
68,124,inf,inf,inf,452.3858972160825,inf
68,125,inf,inf,inf,506.119551094403,inf
68,126,inf,inf,inf,423.70980635335786,inf
68,127,inf,inf,inf,813.1574263326875,inf
68,128,inf,inf,inf,874.777686043717,inf
68,129,inf,inf,inf,693.319551145069,inf
68,130,inf,inf,inf,382.02094183434497,inf
68,131,inf,inf,inf,400.4722212588534,inf
68,132,inf,inf,inf,615.5428498488144,inf
68,133,inf,inf,inf,657.0974052604378,inf
68,134,inf,inf,inf,325.61480310329875,inf
68,135,inf,inf,inf,402.6474885057648,inf
68,136,inf,inf,inf,324.154284253656,inf
68,137,inf,inf,inf,539.7230771423434,inf
68,138,inf,inf,inf,753.7274043047659,inf
68,139,inf,inf,inf,861.5015960519167,inf
68,140,inf,inf,inf,782.0038363077256,inf
68,141,inf,inf,inf,387.2415266987775,inf
68,142,inf,inf,inf,404.01113846031524,inf
68,143,inf,inf,inf,937.397461059075,inf
69,70,inf,inf,inf,982.0315677207124,inf
69,71,inf,inf,inf,732.7134501290392,inf
69,72,inf,inf,inf,299.36265632172626,inf
69,73,inf,inf,inf,1005.1477503332533,inf
69,74,inf,inf,inf,352.8129816205747,inf
69,75,inf,inf,inf,513.595171316865,inf
69,76,inf,inf,inf,863.3353925329368,inf
69,77,inf,inf,inf,900.2455220660639,inf
69,78,inf,inf,inf,607.9284497373026,inf
69,79,inf,inf,inf,774.0232554645887,inf
69,80,inf,inf,inf,798.0200498734351,inf
69,81,inf,inf,inf,557.6064920712455,inf
69,82,inf,inf,inf,404.82712359722143,inf
69,83,inf,inf,inf,1295.7113876168567,inf
69,84,inf,inf,inf,103.58571330062848,inf
69,85,inf,inf,inf,1119.8723141501446,inf
69,86,inf,inf,inf,784.421442848167,inf
69,87,inf,inf,inf,260.7623439072444,inf
69,88,inf,inf,inf,473.65916015633013,inf
69,89,inf,inf,inf,798.7095842670226,inf
69,90,inf,inf,inf,131.21356637177422,inf
69,91,inf,inf,inf,977.769400216636,inf
69,92,inf,inf,inf,768.3000715866165,inf
69,93,inf,inf,inf,772.9902974811521,inf
69,94,inf,inf,inf,418.8472275185787,inf
69,95,inf,inf,inf,1141.3627819409567,inf
69,96,inf,inf,inf,484.60396201434423,inf
69,97,inf,inf,inf,786.4972981517483,inf
69,98,inf,inf,inf,1375.2850613600076,inf
69,99,inf,inf,inf,1363.110046914775,inf
69,100,inf,inf,inf,1109.4043446823164,inf
69,101,inf,inf,inf,862.6297003929322,inf
69,102,inf,inf,inf,408.1041533726409,inf
69,103,inf,inf,inf,472.8297790960294,inf
69,104,inf,inf,inf,292.2071183253413,inf
69,105,inf,inf,inf,1002.6654476942945,inf
69,106,inf,inf,inf,870.8122644979227,inf
69,107,inf,inf,inf,815.1527464224113,inf
69,108,inf,inf,inf,457.62976301809744,inf
69,109,inf,inf,inf,402.42390585053465,inf
69,110,inf,inf,inf,916.9307498388305,inf
69,111,inf,inf,inf,497.5791394341206,inf
69,112,inf,inf,inf,1105.2732693773066,inf
69,113,inf,inf,inf,1069.7985791727338,inf
69,114,inf,inf,inf,812.9237356603631,inf
69,115,inf,inf,inf,1181.077474173477,inf
69,116,inf,inf,inf,164.45364088398895,inf
69,117,inf,inf,inf,389.91922240382047,inf
69,118,inf,inf,inf,904.884523019374,inf
69,119,inf,inf,inf,107.00467279516349,inf
69,120,inf,inf,inf,781.8036837979213,inf
69,121,inf,inf,inf,1214.6341012831806,inf
69,122,inf,inf,inf,458.5411650004828,inf
69,123,inf,inf,inf,732.4725250819993,inf
69,124,inf,inf,inf,702.9495003199021,inf
69,125,inf,inf,inf,562.1690137316357,inf
69,126,inf,inf,inf,772.1068578895022,inf
69,127,inf,inf,inf,236.4571842850202,inf
69,128,inf,inf,inf,538.7587586295001,inf
69,129,inf,inf,inf,496.97987886835017,inf
69,130,inf,inf,inf,694.5278972078803,inf
69,131,inf,inf,inf,1353.165547891314,inf
69,132,inf,inf,inf,587.496382967589,inf
69,133,inf,inf,inf,398.24615503479754,inf
69,134,inf,inf,inf,1374.7450672761113,inf
69,135,inf,inf,inf,717.149914592479,inf
69,136,inf,inf,inf,1123.2030092552282,inf
69,137,inf,inf,inf,1284.6929594264927,inf
69,138,inf,inf,inf,357.5136361035758,inf
69,139,inf,inf,inf,961.5175505418505,inf
69,140,inf,inf,inf,1065.2103078735204,inf
69,141,inf,inf,inf,1282.0456310131867,inf
69,142,inf,inf,inf,870.4814759660311,inf
69,143,inf,inf,inf,839.9029705864839,inf
70,71,inf,inf,inf,1201.394606280551,inf
70,72,inf,inf,inf,865.8914481619506,inf
70,73,inf,inf,inf,1358.9834436077579,inf
70,74,inf,inf,inf,992.2827218086587,inf
70,75,inf,inf,inf,493.26868945839243,inf
70,76,inf,inf,inf,1371.6741595583114,inf
70,77,inf,inf,inf,424.16977732978575,inf
70,78,inf,inf,inf,1234.3828417472434,inf
70,79,inf,inf,inf,213.19005605327843,inf
70,80,inf,inf,inf,190.24720760105785,inf
70,81,inf,inf,inf,424.42549405048703,inf
70,82,inf,inf,inf,906.5235793954838,inf
70,83,inf,inf,inf,1013.32028500371,inf
70,84,inf,inf,inf,1048.5513816690147,inf
70,85,inf,inf,inf,1325.4433220624712,inf
70,86,inf,inf,inf,303.349633261687,inf
70,87,inf,inf,inf,1082.1279961261514,inf
70,88,inf,inf,inf,526.396238588385,inf
70,89,inf,inf,inf,535.5977968587996,inf
70,90,inf,inf,inf,1019.9514694337178,inf
70,91,inf,inf,inf,180.34688796871433,inf
70,92,inf,inf,inf,612.2883307723577,inf
70,93,inf,inf,inf,387.50483867946735,inf
70,94,inf,inf,inf,1271.5632111696218,inf
70,95,inf,inf,inf,1316.7691521295599,inf
70,96,inf,inf,inf,508.56366366463897,inf
70,97,inf,inf,inf,546.9625215679773,inf
70,98,inf,inf,inf,973.5938578277905,inf
70,99,inf,inf,inf,1035.9348435109227,inf
70,100,inf,inf,inf,129.07362240210043,inf
70,101,inf,inf,inf,1374.7697989118033,inf
70,102,inf,inf,inf,574.1959595817442,inf
70,103,inf,inf,inf,1133.741593133109,inf
70,104,inf,inf,inf,689.8383868704321,inf
70,105,inf,inf,inf,1006.2405279057289,inf
70,106,inf,inf,inf,568.0316892568583,inf
70,107,inf,inf,inf,890.4919988410901,inf
70,108,inf,inf,inf,636.6325470787682,inf
70,109,inf,inf,inf,991.4983610677327,inf
70,110,inf,inf,inf,238.8723508487326,inf
70,111,inf,inf,inf,484.4553643009849,inf
70,112,inf,inf,inf,127.4401820463232,inf
70,113,inf,inf,inf,384.50617680344226,inf
70,114,inf,inf,inf,436.6337137693332,inf
70,115,inf,inf,inf,733.3007568521937,inf
70,116,inf,inf,inf,896.0563598345809,inf
70,117,inf,inf,inf,1181.881973802799,inf
70,118,inf,inf,inf,77.1621668954417,inf
70,119,inf,inf,inf,1046.7645389484685,inf
70,120,inf,inf,inf,841.2258911850015,inf
70,121,inf,inf,inf,274.3027524469997,inf
70,122,inf,inf,inf,960.9006192109567,inf
70,123,inf,inf,inf,461.52139712043686,inf
70,124,inf,inf,inf,395.43393885704853,inf
70,125,inf,inf,inf,558.4263604093202,inf
70,126,inf,inf,inf,348.81083698761427,inf
70,127,inf,inf,inf,817.6221621262476,inf
70,128,inf,inf,inf,495.20197899443014,inf
70,129,inf,inf,inf,959.0959284659695,inf
70,130,inf,inf,inf,508.4142012178653,inf
70,131,inf,inf,inf,643.0279931698153,inf
70,132,inf,inf,inf,411.6916321714591,inf
70,133,inf,inf,inf,673.3394389162127,inf
70,134,inf,inf,inf,856.0338778342829,inf
70,135,inf,inf,inf,806.2964715289284,inf
70,136,inf,inf,inf,990.1459488378468,inf
70,137,inf,inf,inf,418.1506905411015,inf
70,138,inf,inf,inf,634.1561321945882,inf
70,139,inf,inf,inf,1367.2432117220403,inf
70,140,inf,inf,inf,115.52056094046635,inf
70,141,inf,inf,inf,1066.1730628748787,inf
70,142,inf,inf,inf,296.1215966457023,inf
70,143,inf,inf,inf,336.40005945302687,inf
71,72,inf,inf,inf,996.2173457634634,inf
71,73,inf,inf,inf,273.2489707208428,inf
71,74,inf,inf,inf,384.04687213932624,inf
71,75,inf,inf,inf,780.0083332888181,inf
71,76,inf,inf,inf,172.46738822165773,inf
71,77,inf,inf,inf,854.6326696306431,inf
71,78,inf,inf,inf,182.4828759089466,inf
71,79,inf,inf,inf,1014.7398681435553,inf
71,80,inf,inf,inf,1091.0824900070572,inf
71,81,inf,inf,inf,903.0902501965128,inf
71,82,inf,inf,inf,380.2578072834271,inf
71,83,inf,inf,inf,837.7642866582461,inf
71,84,inf,inf,inf,819.3784229524231,inf
71,85,inf,inf,inf,417.0047961354881,inf
71,86,inf,inf,inf,899.4053591123416,inf
71,87,inf,inf,inf,491.38579548049614,inf
71,88,inf,inf,inf,771.7991966826604,inf
71,89,inf,inf,inf,705.7988381968336,inf
71,90,inf,inf,inf,607.2643575906625,inf
71,91,inf,inf,inf,1303.2766398581691,inf
71,92,inf,inf,inf,624.7575529755522,inf
71,93,inf,inf,inf,1228.1583774090375,inf
71,94,inf,inf,inf,476.42837866776995,inf
71,95,inf,inf,inf,447.55558314023966,inf
71,96,inf,inf,inf,923.0492944583187,inf
71,97,inf,inf,inf,690.2383646248592,inf
71,98,inf,inf,inf,972.3723566617883,inf
71,99,inf,inf,inf,911.8530583378003,inf
71,100,inf,inf,inf,1317.0971869987422,inf
71,101,inf,inf,inf,174.9771413642365,inf
71,102,inf,inf,inf,834.2277866386374,inf
71,103,inf,inf,inf,273.57814240176424,inf
71,104,inf,inf,inf,775.57849377094,inf
71,105,inf,inf,inf,480.02604096027954,inf
71,106,inf,inf,inf,721.6321777747996,inf
71,107,inf,inf,inf,397.8203111958966,inf
71,108,inf,inf,inf,1034.753110650072,inf
71,109,inf,inf,inf,339.1577803913689,inf
71,110,inf,inf,inf,1283.7199850434674,inf
71,111,inf,inf,inf,869.9839078971519,inf
71,112,inf,inf,inf,1320.5097500586658,inf
71,113,inf,inf,inf,1029.547473407613,inf
71,114,inf,inf,inf,795.0710660060521,inf
71,115,inf,inf,inf,897.9827392550483,inf
71,116,inf,inf,inf,602.2640616872303,inf
71,117,inf,inf,inf,407.4825149622987,inf
71,118,inf,inf,inf,1140.2547960872605,inf
71,119,inf,inf,inf,824.9903029733138,inf
71,120,inf,inf,inf,421.54477816715985,inf
71,121,inf,inf,inf,1305.7507419105684,inf
71,122,inf,inf,inf,307.9626600742369,inf
71,123,inf,inf,inf,746.1936745912552,inf
71,124,inf,inf,inf,806.1197181560565,inf
71,125,inf,inf,inf,654.7159689514225,inf
71,126,inf,inf,inf,856.0373823613079,inf
71,127,inf,inf,inf,596.8123658236314,inf
71,128,inf,inf,inf,1016.5992327362834,inf
71,129,inf,inf,inf,283.9330907097656,inf
71,130,inf,inf,inf,695.8002586949792,inf
71,131,inf,inf,inf,1190.6183267529523,inf
71,132,inf,inf,inf,845.5749523253394,inf
71,133,inf,inf,inf,611.5300483214214,inf
71,134,inf,inf,inf,1057.319724586655,inf
71,135,inf,inf,inf,420.86221023037933,inf
71,136,inf,inf,inf,635.3408534007552,inf
71,137,inf,inf,inf,1278.6121382186234,inf
71,138,inf,inf,inf,739.6492411947706,inf
71,139,inf,inf,inf,230.17601960239037,inf
71,140,inf,inf,inf,1315.705134139105,inf
71,141,inf,inf,inf,782.888242343695,inf
71,142,inf,inf,inf,933.5785987264276,inf
71,143,inf,inf,inf,1265.9352274109447,inf
72,73,inf,inf,inf,1262.405640038098,inf
72,74,inf,inf,inf,613.4794210077466,inf
72,75,inf,inf,inf,504.9455416181036,inf
72,76,inf,inf,inf,1141.0985934615817,inf
72,77,inf,inf,inf,920.6475981612074,inf
72,78,inf,inf,inf,892.5429961632101,inf
72,79,inf,inf,inf,685.9460620194565,inf
72,80,inf,inf,inf,676.2322086384232,inf
72,81,inf,inf,inf,477.0377343565182,inf
72,82,inf,inf,inf,629.7150149075374,inf
72,83,inf,inf,inf,1423.4640845486758,inf
72,84,inf,inf,inf,279.2060171271386,inf
72,85,inf,inf,inf,1353.4696154698117,inf
72,86,inf,inf,inf,758.1246599339715,inf
72,87,inf,inf,inf,555.0612578806055,inf
72,88,inf,inf,inf,467.4622979449787,inf
72,89,inf,inf,inf,861.9773778934108,inf
72,90,inf,inf,inf,426.09036600233054,inf
72,91,inf,inf,inf,809.9882715200264,inf
72,92,inf,inf,inf,859.7889275863001,inf
72,93,inf,inf,inf,564.5883456112073,inf
72,94,inf,inf,inf,717.7220910631078,inf
72,95,inf,inf,inf,1369.746326879543,inf
72,96,inf,inf,inf,371.63557418524937,inf
72,97,inf,inf,inf,854.2833253669418,inf
72,98,inf,inf,inf,1476.0978964824792,inf
72,99,inf,inf,inf,1483.3896993035917,inf
72,100,inf,inf,inf,982.5456732386541,inf
72,101,inf,inf,inf,1140.9609984570025,inf
72,102,inf,inf,inf,352.115038020247,inf
72,103,inf,inf,inf,754.629710520332,inf
72,104,inf,inf,inf,292.7541630788536,inf
72,105,inf,inf,inf,1180.2169292125918,inf
72,106,inf,inf,inf,939.8744597019328,inf
72,107,inf,inf,inf,989.1612608670034,inf
72,108,inf,inf,inf,237.1349826575573,inf
72,109,inf,inf,inf,657.0608799799301,inf
72,110,inf,inf,inf,736.0027173862879,inf
72,111,inf,inf,inf,427.12644497853324,inf
72,112,inf,inf,inf,975.3794133566691,inf
72,113,inf,inf,inf,1059.0491017889585,inf
72,114,inf,inf,inf,840.8358936201522,inf
72,115,inf,inf,inf,1253.7503738783091,inf
72,116,inf,inf,inf,394.13830060018273,inf
72,117,inf,inf,inf,686.8660713705402,inf
72,118,inf,inf,inf,793.0006305167733,inf
72,119,inf,inf,inf,273.76632371422164,inf
72,120,inf,inf,inf,945.7023844741008,inf
72,121,inf,inf,inf,1129.0039858211308,inf
72,122,inf,inf,inf,697.017933772152,inf
72,123,inf,inf,inf,768.2512609817181,inf
72,124,inf,inf,inf,705.730826873816,inf
72,125,inf,inf,inf,625.4150621787103,inf
72,126,inf,inf,inf,764.0215965533959,inf
72,127,inf,inf,inf,411.254179310071,inf
72,128,inf,inf,inf,371.28560435330644,inf
72,129,inf,inf,inf,730.499144421128,inf
72,130,inf,inf,inf,747.8669667795202,inf
72,131,inf,inf,inf,1361.0529012496172,inf
72,132,inf,inf,inf,549.0081966601227,inf
72,133,inf,inf,inf,498.0542139165173,inf
72,134,inf,inf,inf,1442.4264279331546,inf
72,135,inf,inf,inf,877.6981257812962,inf
72,136,inf,inf,inf,1276.5927306702008,inf
72,137,inf,inf,inf,1234.0413283192747,inf
72,138,inf,inf,inf,377.4784762075846,inf
72,139,inf,inf,inf,1226.234072271685,inf
72,140,inf,inf,inf,923.3401323456053,inf
72,141,inf,inf,inf,1426.2654030719527,inf
72,142,inf,inf,inf,848.7638069569177,inf
72,143,inf,inf,inf,638.0415346981731,inf
73,74,inf,inf,inf,654.34929510163,inf
73,75,inf,inf,inf,992.9481356042721,inf
73,76,inf,inf,inf,209.88091861815357,inf
73,77,inf,inf,inf,967.1752685010096,inf
73,78,inf,inf,inf,434.0794858087629,inf
73,79,inf,inf,inf,1193.992462287765,inf
73,80,inf,inf,inf,1277.0003915426182,inf
73,81,inf,inf,inf,1117.8286988622183,inf
73,82,inf,inf,inf,636.0290873851604,inf
73,83,inf,inf,inf,757.9036878126402,inf
73,84,inf,inf,inf,1092.5969064572716,inf
73,85,inf,inf,inf,193.21490625725542,inf
73,86,inf,inf,inf,1057.319724586655,inf
73,87,inf,inf,inf,764.1498544133866,inf
73,88,inf,inf,inf,992.4338768905463,inf
73,89,inf,inf,inf,829.523357115398,inf
73,90,inf,inf,inf,880.4118354497514,inf
73,91,inf,inf,inf,1483.4301466533568,inf
73,92,inf,inf,inf,749.2829905983452,inf
73,93,inf,inf,inf,1443.8462522027753,inf
73,94,inf,inf,inf,729.9678075093449,inf
73,95,inf,inf,inf,231.81242417092315,inf
73,96,inf,inf,inf,1153.9155081720671,inf
73,97,inf,inf,inf,816.2769137982526,inf
73,98,inf,inf,inf,906.7838772276446,inf
73,99,inf,inf,inf,826.0490300218263,inf
73,100,inf,inf,inf,1463.2839779072276,inf
73,101,inf,inf,inf,214.3361845326169,inf
73,102,inf,inf,inf,1070.7273228978515,inf
73,103,inf,inf,inf,545.0229352972221,inf
73,104,inf,inf,inf,1026.0901519847075,inf
73,105,inf,inf,inf,440.8763999127193,inf
73,106,inf,inf,inf,820.0,inf
73,107,inf,inf,inf,474.01687733666193,inf
73,108,inf,inf,inf,1282.5275825493968,inf
73,109,inf,inf,inf,607.3293999140828,inf
73,110,inf,inf,inf,1475.6097044950607,inf
73,111,inf,inf,inf,1093.4006584962349,inf
73,112,inf,inf,inf,1468.7195103218314,inf
73,113,inf,inf,inf,1119.882583130928,inf
73,114,inf,inf,inf,927.4702151551822,inf
73,115,inf,inf,inf,904.1692319472057,inf
73,116,inf,inf,inf,870.046550478766,inf
73,117,inf,inf,inf,673.1040038508165,inf
73,118,inf,inf,inf,1307.0462883922664,inf
73,119,inf,inf,inf,1098.1948825231339,inf
73,120,inf,inf,inf,519.8317035349037,inf
73,121,inf,inf,inf,1416.0685011679343,inf
73,122,inf,inf,inf,566.2102083148978,inf
73,123,inf,inf,inf,898.159228644899,inf
73,124,inf,inf,inf,974.402380949472,inf
73,125,inf,inf,inf,848.9640746227134,inf
73,126,inf,inf,inf,1010.9129537205466,inf
73,127,inf,inf,inf,856.2908384421733,inf
73,128,inf,inf,inf,1248.1510325277145,inf
73,129,inf,inf,inf,535.261618276521,inf
73,130,inf,inf,inf,854.2113321655245,inf
73,131,inf,inf,inf,1216.3095823021374,inf
73,132,inf,inf,inf,1047.8330019616676,inf
73,133,inf,inf,inf,843.565053804388,inf
73,134,inf,inf,inf,1026.4745491243316,inf
73,135,inf,inf,inf,553.4347296655677,inf
73,136,inf,inf,inf,574.1332597925328,inf
73,137,inf,inf,inf,1357.3746719310775,inf
73,138,inf,inf,inf,979.6172722037928,inf
73,139,inf,inf,inf,69.06518659932803,inf
73,140,inf,inf,inf,1474.4751608623321,inf
73,141,inf,inf,inf,685.0262768682672,inf
73,142,inf,inf,inf,1071.143314407554,inf
73,143,inf,inf,inf,1473.1574932776196,inf
74,75,inf,inf,inf,507.47709307908667,inf
74,76,inf,inf,inf,529.0982895455248,inf
74,77,inf,inf,inf,760.0164471904538,inf
74,78,inf,inf,inf,292.5884481656786,inf
74,79,inf,inf,inf,782.7036476214992,inf
74,80,inf,inf,inf,840.8929777326007,inf
74,81,inf,inf,inf,613.6187741586791,inf
74,82,inf,inf,inf,105.90561835898981,inf
74,83,inf,inf,inf,1008.8889929025888,inf
74,84,inf,inf,inf,446.22976144582736,inf
74,85,inf,inf,inf,768.0006510413907,inf
74,86,inf,inf,inf,719.1230770876429,inf
74,87,inf,inf,inf,157.63248396190426,inf
74,88,inf,inf,inf,483.4563061952962,inf
74,89,inf,inf,inf,622.7069936976781,inf
74,90,inf,inf,inf,236.08896628178115,inf
74,91,inf,inf,inf,1050.4522835426653,inf
74,92,inf,inf,inf,562.8800938032895,inf
74,93,inf,inf,inf,918.7301018253402,inf
74,94,inf,inf,inf,296.06080456554866,inf
74,95,inf,inf,inf,790.5757395721172,inf
74,96,inf,inf,inf,600.1666435249464,inf
74,97,inf,inf,inf,607.0724833164488,inf
74,98,inf,inf,inf,1110.6934770673681,inf
74,99,inf,inf,inf,1080.8145076746518,inf
74,100,inf,inf,inf,1119.3770589037458,inf
74,101,inf,inf,inf,529.2532475101121,inf
74,102,inf,inf,inf,505.58876569797314,inf
74,103,inf,inf,inf,159.0125781188394,inf
74,104,inf,inf,inf,420.9251714972627,inf
74,105,inf,inf,inf,683.2371477020259,inf
74,106,inf,inf,inf,676.9025040580069,inf
74,107,inf,inf,inf,508.70915069418595,inf
74,108,inf,inf,inf,676.6993423966068,inf
74,109,inf,inf,inf,50.99019513592785,inf
74,110,inf,inf,inf,1012.2000790357606,inf
74,111,inf,inf,inf,565.7596662894944,inf
74,112,inf,inf,inf,1119.3078218256137,inf
74,113,inf,inf,inf,946.0338260337206,inf
74,114,inf,inf,inf,677.3905815701899,inf
74,115,inf,inf,inf,954.3819989920179,inf
74,116,inf,inf,inf,219.49487465542333,inf
74,117,inf,inf,inf,196.3517252279694,inf
74,118,inf,inf,inf,919.9027122473333,inf
74,119,inf,inf,inf,451.3501966322824,inf
74,120,inf,inf,inf,488.7617006272075,inf
74,121,inf,inf,inf,1165.967838321452,inf
74,122,inf,inf,inf,118.25819210524064,inf
74,123,inf,inf,inf,603.0762804156701,inf
74,124,inf,inf,inf,620.6971886516001,inf
74,125,inf,inf,inf,447.0984231687694,inf
74,126,inf,inf,inf,687.5841766649376,inf
74,127,inf,inf,inf,231.70886905770354,inf
74,128,inf,inf,inf,687.6990620903885,inf
74,129,inf,inf,inf,157.61345120261785,inf
74,130,inf,inf,inf,551.9873186949135,inf
74,131,inf,inf,inf,1186.6355801171646,inf
74,132,inf,inf,inf,587.1533019578447,inf
74,133,inf,inf,inf,321.39850653044425,inf
74,134,inf,inf,inf,1143.0297458946552,inf
74,135,inf,inf,inf,435.2436099473489,inf
74,136,inf,inf,inf,819.7865575867904,inf
74,137,inf,inf,inf,1189.4305360129274,inf
74,138,inf,inf,inf,410.90266487332497,inf
74,139,inf,inf,inf,614.183197425654,inf
74,140,inf,inf,inf,1097.555465568825,inf
74,141,inf,inf,inf,981.2288214274996,inf
74,142,inf,inf,inf,784.6763664084704,inf
74,143,inf,inf,inf,969.3812459502195,inf
75,76,inf,inf,inf,951.8361203484558,inf
75,77,inf,inf,inf,416.5309112178831,inf
75,78,inf,inf,inf,772.5807401171737,inf
75,79,inf,inf,inf,280.26416110519733,inf
75,80,inf,inf,inf,333.4186557467953,inf
75,81,inf,inf,inf,124.88794977899188,inf
75,82,inf,inf,inf,433.78911927340914,inf
75,83,inf,inf,inf,946.0021141625424,inf
75,84,inf,inf,inf,596.8400120635345,inf
75,85,inf,inf,inf,1019.247761832225,inf
75,86,inf,inf,inf,272.32517327636094,inf
75,87,inf,inf,inf,588.8811425067031,inf
75,88,inf,inf,inf,40.85339643163099,inf
75,89,inf,inf,inf,365.1643465619282,inf
75,90,inf,inf,inf,531.583483565846,inf
75,91,inf,inf,inf,543.7251143730626,inf
75,92,inf,inf,inf,381.08398024582453,inf
75,93,inf,inf,inf,451.2493767308715,inf
75,94,inf,inf,inf,779.092420705015,inf
75,95,inf,inf,inf,1023.6723108495218,inf
75,96,inf,inf,inf,186.59314028120113,inf
75,97,inf,inf,inf,360.06943774777665,inf
75,98,inf,inf,inf,982.1817550738764,inf
75,99,inf,inf,inf,999.6824495808656,inf
75,100,inf,inf,inf,622.1912889136266,inf
75,101,inf,inf,inf,953.9444428267299,inf
75,102,inf,inf,inf,154.02921800749363,inf
75,103,inf,inf,inf,657.732468409459,inf
75,104,inf,inf,inf,235.79016094824652,inf
75,105,inf,inf,inf,765.288181014185,inf
75,106,inf,inf,inf,442.8114722994426,inf
75,107,inf,inf,inf,589.0415944566224,inf
75,108,inf,inf,inf,365.41072781186926,inf
75,109,inf,inf,inf,514.4326972500874,inf
75,110,inf,inf,inf,510.8130773580489,inf
75,111,inf,inf,inf,112.36102527122117,inf
75,112,inf,inf,inf,620.6005156298212,inf
75,113,inf,inf,inf,567.0811229445043,inf
75,114,inf,inf,inf,335.8943286213687,inf
75,115,inf,inf,inf,752.4068048602431,inf
75,116,inf,inf,inf,406.0751162038866,inf
75,117,inf,inf,inf,691.6538151416502,inf
75,118,inf,inf,inf,418.07654801483426,inf
75,119,inf,inf,inf,596.6322150202753,inf
75,120,inf,inf,inf,537.1415083569692,inf
75,121,inf,inf,inf,704.230076040494,inf
75,122,inf,inf,inf,497.87548644214246,inf
75,123,inf,inf,inf,264.8773300982929,inf
75,124,inf,inf,inf,202.76587484091104,inf
75,125,inf,inf,inf,159.00314462299164,inf
75,126,inf,inf,inf,266.5576860643865,inf
75,127,inf,inf,inf,325.21377584598105,inf
75,128,inf,inf,inf,273.0,inf
75,129,inf,inf,inf,506.49481734762105,inf
75,130,inf,inf,inf,252.2320360303187,inf
75,131,inf,inf,inf,863.2641542424891,inf
75,132,inf,inf,inf,81.60882305241266,inf
75,133,inf,inf,inf,186.3866948041088,inf
75,134,inf,inf,inf,938.8759236448659,inf
75,135,inf,inf,inf,475.5502076542497,inf
75,136,inf,inf,inf,826.6686155891005,inf
75,137,inf,inf,inf,771.7668041578363,inf
75,138,inf,inf,inf,156.6780137734711,inf
75,139,inf,inf,inf,982.1853185626427,inf
75,140,inf,inf,inf,593.2967217168825,inf
75,141,inf,inf,inf,961.7634844388718,inf
75,142,inf,inf,inf,360.84622763720284,inf
75,143,inf,inf,inf,485.93518086263316,inf
76,77,inf,inf,inf,1015.0123151962246,inf
76,78,inf,inf,inf,258.8532402733255,inf
76,79,inf,inf,inf,1186.7687222032775,inf
76,80,inf,inf,inf,1263.4587448745606,inf
76,81,inf,inf,inf,1074.5087249529433,inf
76,82,inf,inf,inf,543.0073664325374,inf
76,83,inf,inf,inf,921.4423476268062,inf
76,84,inf,inf,inf,941.1917976693167,inf
76,85,inf,inf,inf,399.66235749692515,inf
76,86,inf,inf,inf,1069.039288333221,inf
76,87,inf,inf,inf,608.0994984375501,inf
76,88,inf,inf,inf,942.7497016705972,inf
76,89,inf,inf,inf,867.717119803453,inf
76,90,inf,inf,inf,733.3928006191497,inf
76,91,inf,inf,inf,1475.5422731999242,inf
76,92,inf,inf,inf,786.0159031470038,inf
76,93,inf,inf,inf,1398.9460318396846,inf
76,94,inf,inf,inf,540.5006938015898,inf
76,95,inf,inf,inf,437.2516437933653,inf
76,96,inf,inf,inf,1091.4636961438525,inf
76,97,inf,inf,inf,852.564367071484,inf
76,98,inf,inf,inf,1065.0469473220417,inf
76,99,inf,inf,inf,993.2819337932207,inf
76,100,inf,inf,inf,1486.0181694716925,inf
76,101,inf,inf,inf,5.0990195135927845,inf
76,102,inf,inf,inf,1001.3435973730495,inf
76,103,inf,inf,inf,390.51248379533274,inf
76,104,inf,inf,inf,936.8719229435793,inf
76,105,inf,inf,inf,575.0704304691731,inf
76,106,inf,inf,inf,876.9914480768897,inf
76,107,inf,inf,inf,538.51090982449,inf
76,108,inf,inf,inf,1196.1910382543417,inf
76,109,inf,inf,inf,490.1234538358678,inf
76,110,inf,inf,inf,1456.179247208255,inf
76,111,inf,inf,inf,1040.2023841541607,inf
76,112,inf,inf,inf,1489.7345401110897,inf
76,113,inf,inf,inf,1185.1350134056456,inf
76,114,inf,inf,inf,959.6650457321033,inf
76,115,inf,inf,inf,1022.9076204623759,inf
76,116,inf,inf,inf,748.1904837673358,inf
76,117,inf,inf,inf,499.1322470047392,inf
76,118,inf,inf,inf,1311.4526297201894,inf
76,119,inf,inf,inf,947.1525748262526,inf
76,120,inf,inf,inf,570.9684754870448,inf
76,121,inf,inf,inf,1467.6852523616908,inf
76,122,inf,inf,inf,470.7440918375928,inf
76,123,inf,inf,inf,914.2647319020897,inf
76,124,inf,inf,inf,976.7916871063144,inf
76,125,inf,inf,inf,827.0634800304025,inf
76,126,inf,inf,inf,1025.0780458091958,inf
76,127,inf,inf,inf,753.2675487501104,inf
76,128,inf,inf,inf,1184.5357740482134,inf
76,129,inf,inf,inf,451.164049986255,inf
76,130,inf,inf,inf,864.6531096341469,inf
76,131,inf,inf,inf,1325.704718253654,inf
76,132,inf,inf,inf,1017.9528476309696,inf
76,133,inf,inf,inf,781.0172853400877,inf
76,134,inf,inf,inf,1167.6472069936192,inf
76,135,inf,inf,inf,580.706466297733,inf
76,136,inf,inf,inf,724.845500779304,inf
76,137,inf,inf,inf,1432.0893826853128,inf
76,138,inf,inf,inf,906.0618080462282,inf
76,139,inf,inf,inf,141.4496376806954,inf
76,140,inf,inf,inf,1486.2910213010102,inf
76,141,inf,inf,inf,856.0286210168442,inf
76,142,inf,inf,inf,1099.9572718974132,inf
76,143,inf,inf,inf,1437.6734677944085,inf
77,78,inf,inf,inf,932.9592702792551,inf
77,79,inf,inf,inf,349.35655139126845,inf
77,80,inf,inf,inf,432.4187785006567,inf
77,81,inf,inf,inf,464.8795542933675,inf
77,82,inf,inf,inf,656.1714714920179,inf
77,83,inf,inf,inf,612.2434156444641,inf
77,84,inf,inf,inf,993.8390211699277,inf
77,85,inf,inf,inf,912.0087718876392,inf
77,86,inf,inf,inf,192.59543089076647,inf
77,87,inf,inf,inf,893.2821502750405,inf
77,88,inf,inf,inf,455.6369168537598,inf
77,89,inf,inf,inf,149.6963593411677,inf
77,90,inf,inf,inf,881.4153390995643,inf
77,91,inf,inf,inf,587.0306635943305,inf
77,92,inf,inf,inf,229.88910370002316,inf
77,93,inf,inf,inf,679.4115100585211,inf
77,94,inf,inf,inf,1056.0004734847423,inf
77,95,inf,inf,inf,900.3249413406251,inf
77,96,inf,inf,inf,570.1973342624464,inf
77,97,inf,inf,inf,165.74679484080528,inf
77,98,inf,inf,inf,606.2384019509157,inf
77,99,inf,inf,inf,648.0624969862089,inf
77,100,inf,inf,inf,507.01084801017817,inf
77,101,inf,inf,inf,1018.8346283867662,inf
77,102,inf,inf,inf,568.5463921264474,inf
77,103,inf,inf,inf,865.4998555748002,inf
77,104,inf,inf,inf,647.6210311594274,inf
77,105,inf,inf,inf,585.8395684827033,inf
77,106,inf,inf,inf,149.30505684671232,inf
77,107,inf,inf,inf,493.3153149862672,inf
77,108,inf,inf,inf,754.2128346826246,inf
77,109,inf,inf,inf,739.1380114701178,inf
77,110,inf,inf,inf,614.0390867037701,inf
77,111,inf,inf,inf,500.8482804203285,inf
77,112,inf,inf,inf,514.4171459039833,inf
77,113,inf,inf,inf,186.45374761586316,inf
77,114,inf,inf,inf,87.5956619930462,inf
77,115,inf,inf,inf,361.56603822815,inf
77,116,inf,inf,inf,760.1401186623424,inf
77,117,inf,inf,inf,955.169618444808,inf
77,118,inf,inf,inf,398.12812008196556,inf
77,119,inf,inf,inf,994.6516978319597,inf
77,120,inf,inf,inf,450.21439337275746,inf
77,121,inf,inf,inf,452.9746129751644,inf
77,122,inf,inf,inf,686.0393574715666,inf
77,123,inf,inf,inf,168.24387061643583,inf
77,124,inf,inf,inf,215.0348808914498,inf
77,125,inf,inf,inf,340.28223579846184,inf
77,126,inf,inf,inf,165.1575005865613,inf
77,127,inf,inf,inf,674.8881388793257,inf
77,128,inf,inf,inf,625.7994886543133,inf
77,129,inf,inf,inf,669.1315266821614,inf
77,130,inf,inf,inf,212.42645786248002,inf
77,131,inf,inf,inf,453.15449903978663,inf
77,132,inf,inf,inf,377.3512952144195,inf
77,133,inf,inf,inf,505.33355321015443,inf
77,134,inf,inf,inf,533.9681638449993,inf
77,135,inf,inf,inf,434.5595471278936,inf
77,136,inf,inf,inf,567.031745143074,inf
77,137,inf,inf,inf,434.6147719532782,inf
77,138,inf,inf,inf,562.3397549524665,inf
77,139,inf,inf,inf,985.6500393141574,inf
77,140,inf,inf,inf,534.1095393269062,inf
77,141,inf,inf,inf,654.8320395338029,inf
77,142,inf,inf,inf,134.72935834479432,inf
77,143,inf,inf,inf,666.8770501374297,inf
78,79,inf,inf,inf,1033.5632539907754,inf
78,80,inf,inf,inf,1101.1925353906101,inf
78,81,inf,inf,inf,888.130621023732,inf
78,82,inf,inf,inf,339.423039877967,inf
78,83,inf,inf,inf,1003.0618126516431,inf
78,84,inf,inf,inf,683.0029282514095,inf
78,85,inf,inf,inf,595.6148084122825,inf
78,86,inf,inf,inf,941.5147370062775,inf
78,87,inf,inf,inf,350.14282800023193,inf
78,88,inf,inf,inf,755.20195974322,inf
78,89,inf,inf,inf,783.9413243349275,inf
78,90,inf,inf,inf,477.12681752339176,inf
78,91,inf,inf,inf,1313.9140002298477,inf
78,92,inf,inf,inf,707.7358264211301,inf
78,93,inf,inf,inf,1203.0448869431266,inf
78,94,inf,inf,inf,297.43570733857763,inf
78,95,inf,inf,inf,627.6639228122006,inf
78,96,inf,inf,inf,886.5303153305024,inf
78,97,inf,inf,inf,767.7063240588813,inf
78,98,inf,inf,inf,1131.3849919457125,inf
78,99,inf,inf,inf,1077.511948889663,inf
78,100,inf,inf,inf,1356.9469407460263,inf
78,101,inf,inf,inf,257.4975728040946,inf
78,102,inf,inf,inf,792.8001009081671,inf
78,103,inf,inf,inf,138.2208377922808,inf
78,104,inf,inf,inf,713.1241126199562,inf
78,105,inf,inf,inf,645.9233700679981,inf
78,106,inf,inf,inf,815.5887444049238,inf
78,107,inf,inf,inf,530.7701950938844,inf
78,108,inf,inf,inf,969.2687965678045,inf
78,109,inf,inf,inf,265.60120481654445,inf
78,110,inf,inf,inf,1283.3273160032088,inf
78,111,inf,inf,inf,845.4229710624144,inf
78,112,inf,inf,inf,1358.6618416662773,inf
78,113,inf,inf,inf,1116.1594868118086,inf
78,114,inf,inf,inf,862.0823626545204,inf
78,115,inf,inf,inf,1032.4228784756758,inf
78,116,inf,inf,inf,504.84254971228404,inf
78,117,inf,inf,inf,241.81397809059757,inf
78,118,inf,inf,inf,1166.8183234762814,inf
78,119,inf,inf,inf,689.011610932646,inf
78,120,inf,inf,inf,540.3702434442519,inf
78,121,inf,inf,inf,1372.5323311310376,inf
78,122,inf,inf,inf,275.6610237229776,inf
78,123,inf,inf,inf,800.6153883107669,inf
78,124,inf,inf,inf,843.4245668700906,inf
78,125,inf,inf,inf,675.9622770539788,inf
78,126,inf,inf,inf,902.5408578009086,inf
78,127,inf,inf,inf,524.2032048738351,inf
78,128,inf,inf,inf,976.2919645270056,inf
78,129,inf,inf,inf,275.4813968310746,inf
78,130,inf,inf,inf,747.9318150740747,inf
78,131,inf,inf,inf,1309.3754236276163,inf
78,132,inf,inf,inf,847.3541172378877,inf
78,133,inf,inf,inf,589.030559478878,inf
78,134,inf,inf,inf,1203.0731482333067,inf
78,135,inf,inf,inf,518.8689622631132,inf
78,136,inf,inf,inf,800.5460636340672,inf
78,137,inf,inf,inf,1366.448315890506,inf
78,138,inf,inf,inf,697.0258244857216,inf
78,139,inf,inf,inf,376.64970463283254,inf
78,140,inf,inf,inf,1345.2033303556752,inf
78,141,inf,inf,inf,953.4285500235453,inf
78,142,inf,inf,inf,990.7133793383432,inf
78,143,inf,inf,inf,1249.7311710924073,inf
79,80,inf,inf,inf,88.29496021857646,inf
79,81,inf,inf,inf,219.3467574412715,inf
79,82,inf,inf,inf,700.5719092284531,inf
79,83,inf,inf,inf,960.6102227230356,inf
79,84,inf,inf,inf,845.284567468258,inf
79,85,inf,inf,inf,1182.8144402229793,inf
79,86,inf,inf,inf,163.19620093617377,inf
79,87,inf,inf,inf,869.1334765155465,inf
79,88,inf,inf,inf,313.2491021535417,inf
79,89,inf,inf,inf,406.9754292337561,inf
79,90,inf,inf,inf,807.4236806039318,inf
79,91,inf,inf,inf,290.0431002454635,inf
79,92,inf,inf,inf,470.2435539164785,inf
79,93,inf,inf,inf,330.2877533303347,inf
79,94,inf,inf,inf,1059.1114200120778,inf
79,95,inf,inf,inf,1179.0780296485896,inf
79,96,inf,inf,inf,315.9192934912333,inf
79,97,inf,inf,inf,413.5238808098028,inf
79,98,inf,inf,inf,952.9769147256401,inf
79,99,inf,inf,inf,997.409143731899,inf
79,100,inf,inf,inf,342.24260401066374,inf
79,101,inf,inf,inf,1189.5183899377091,inf
79,102,inf,inf,inf,368.76144050049487,inf
79,103,inf,inf,inf,927.5559282329018,inf
79,104,inf,inf,inf,482.2996993571528,inf
79,105,inf,inf,inf,882.2800009067416,inf
79,106,inf,inf,inf,462.6467334803089,inf
79,107,inf,inf,inf,740.3039916142557,inf
79,108,inf,inf,inf,472.60660173129196,inf
79,109,inf,inf,inf,784.5285208327356,inf
79,110,inf,inf,inf,286.90416518412553,inf
79,111,inf,inf,inf,278.6198126479881,inf
79,112,inf,inf,inf,340.3894827987492,inf
79,113,inf,inf,inf,410.2499238269277,inf
79,114,inf,inf,inf,318.2341904949875,inf
79,115,inf,inf,inf,706.9087635614655,inf
79,116,inf,inf,inf,683.1639627497926,inf
79,117,inf,inf,inf,970.4478347649605,inf
79,118,inf,inf,inf,137.8985134075056,inf
79,119,inf,inf,inf,843.9206123800982,inf
79,120,inf,inf,inf,688.2826454299135,inf
79,121,inf,inf,inf,447.3209138862166,inf
79,122,inf,inf,inf,758.3271062015389,inf
79,123,inf,inf,inf,308.084404019418,inf
79,124,inf,inf,inf,221.38202275704322,inf
79,125,inf,inf,inf,361.1675511448945,inf
79,126,inf,inf,inf,206.34194920083507,inf
79,127,inf,inf,inf,604.4369280578413,inf
79,128,inf,inf,inf,329.09725006447565,inf
79,129,inf,inf,inf,759.8269539836027,inf
79,130,inf,inf,inf,343.4603324985289,inf
79,131,inf,inf,inf,711.1040711457078,inf
79,132,inf,inf,inf,198.65548066942426,inf
79,133,inf,inf,inf,462.2034184209373,inf
79,134,inf,inf,inf,865.3161272043876,inf
79,135,inf,inf,inf,642.800124455495,inf
79,136,inf,inf,inf,896.3732481505681,inf
79,137,inf,inf,inf,549.563463123232,inf
79,138,inf,inf,inf,422.298472647013,inf
79,139,inf,inf,inf,1195.20542167445,inf
79,140,inf,inf,inf,314.8539343886304,inf
79,141,inf,inf,inf,999.2422128793398,inf
79,142,inf,inf,inf,221.9954954497951,inf
79,143,inf,inf,inf,320.0390601161052,inf
80,81,inf,inf,inf,243.0740627874558,inf
80,82,inf,inf,inf,764.5632740329606,inf
80,83,inf,inf,inf,1044.6243343901194,inf
80,84,inf,inf,inf,861.0005807198971,inf
80,85,inf,inf,inf,1269.507778629182,inf
80,86,inf,inf,inf,250.56935167733502,inf
80,87,inf,inf,inf,916.0594958844104,inf
80,88,inf,inf,inf,360.1180362047977,inf
80,89,inf,inf,inf,495.25851835177957,inf
80,90,inf,inf,inf,844.2777978840851,inf
80,91,inf,inf,inf,213.10326135467753,inf
80,92,inf,inf,inf,558.1621628165062,inf
80,93,inf,inf,inf,253.16002844051033,inf
80,94,inf,inf,inf,1108.632039948332,inf
80,95,inf,inf,inf,1266.2578726310055,inf
80,96,inf,inf,inf,319.4010018769509,inf
80,97,inf,inf,inf,501.8067357060883,inf
80,98,inf,inf,inf,1031.9423433506352,inf
80,99,inf,inf,inf,1079.5133162680302,inf
80,100,inf,inf,inf,313.0782649753892,inf
80,101,inf,inf,inf,1266.0529214847222,inf
80,102,inf,inf,inf,390.2166065148945,inf
80,103,inf,inf,inf,990.1454438616581,inf
80,104,inf,inf,inf,506.719843700639,inf
80,105,inf,inf,inf,970.452471788289,inf
80,106,inf,inf,inf,550.1727001587774,inf
80,107,inf,inf,inf,826.7974358934599,inf
80,108,inf,inf,inf,449.4674626711037,inf
80,109,inf,inf,inf,846.7543917807571,inf
80,110,inf,inf,inf,199.96499693696396,inf
80,111,inf,inf,inf,302.2333535531775,inf
80,112,inf,inf,inf,308.0405817420815,inf
80,113,inf,inf,inf,472.826606696366,inf
80,114,inf,inf,inf,405.84849389889325,inf
80,115,inf,inf,inf,785.7353243936535,inf
80,116,inf,inf,inf,722.872741220749,inf
80,117,inf,inf,inf,1023.7191997808774,inf
80,118,inf,inf,inf,117.04699910719626,inf
80,119,inf,inf,inf,859.0145516811691,inf
80,120,inf,inf,inf,774.5611660805104,inf
80,121,inf,inf,inf,455.688490089447,inf
80,122,inf,inf,inf,825.5374007275503,inf
80,123,inf,inf,inf,395.9191836726278,inf
80,124,inf,inf,inf,307.7823906593748,inf
80,125,inf,inf,inf,436.4057744805859,inf
80,126,inf,inf,inf,294.45033537083975,inf
80,127,inf,inf,inf,648.6447409792205,inf
80,128,inf,inf,inf,306.54363474063524,inf
80,129,inf,inf,inf,829.8102192670322,inf
80,130,inf,inf,inf,429.7964634568321,inf
80,131,inf,inf,inf,766.4209026377087,inf
80,132,inf,inf,inf,254.62914208707534,inf
80,133,inf,inf,inf,519.649882132191,inf
80,134,inf,inf,inf,937.7504998665689,inf
80,135,inf,inf,inf,727.5410641331525,inf
80,136,inf,inf,inf,984.1000965349002,inf
80,137,inf,inf,inf,579.6067632455646,inf
80,138,inf,inf,inf,458.8027898781785,inf
80,139,inf,inf,inf,1276.401190848708,inf
80,140,inf,inf,inf,268.09140232390894,inf
80,141,inf,inf,inf,1085.0018433164066,inf
80,142,inf,inf,inf,301.01494979485653,inf
80,143,inf,inf,inf,234.48027635602958,inf
81,82,inf,inf,inf,548.7440204685605,inf
81,83,inf,inf,inf,1035.79196753016,inf
81,84,inf,inf,inf,626.2467564786264,inf
81,85,inf,inf,inf,1141.869081812797,inf
81,86,inf,inf,inf,285.84261403786525,inf
81,87,inf,inf,inf,676.650574521296,inf
81,88,inf,inf,inf,133.12400234367956,inf
81,89,inf,inf,inf,449.80440193488545,inf
81,90,inf,inf,inf,601.3202141953985,inf
81,91,inf,inf,inf,441.40004531037374,inf
81,92,inf,inf,inf,481.40835057152884,inf
81,93,inf,inf,inf,326.47358239220523,inf
81,94,inf,inf,inf,870.3677383726949,inf
81,95,inf,inf,inf,1145.3671900312145,inf
81,96,inf,inf,inf,107.81465577554843,inf
81,97,inf,inf,inf,448.2688925187649,inf
81,98,inf,inf,inf,1058.2438282361961,inf
81,99,inf,inf,inf,1084.7377563263851,inf
81,100,inf,inf,inf,552.004528966928,inf
81,101,inf,inf,inf,1076.5077798139687,inf
81,102,inf,inf,inf,150.05332385522155,inf
81,103,inf,inf,inf,768.2636266282558,inf
81,104,inf,inf,inf,265.42418879973997,inf
81,105,inf,inf,inf,879.5117963961598,inf
81,106,inf,inf,inf,524.1497877515549,inf
81,107,inf,inf,inf,708.0967448025729,inf
81,108,inf,inf,inf,289.4304752440558,inf
81,109,inf,inf,inf,626.0031948800262,inf
81,110,inf,inf,inf,398.63391727247694,inf
81,111,inf,inf,inf,60.03332407921454,inf
81,112,inf,inf,inf,548.1842755862302,inf
81,113,inf,inf,inf,585.0299137650998,inf
81,114,inf,inf,inf,396.8904130865345,inf
81,115,inf,inf,inf,819.8810889391217,inf
81,116,inf,inf,inf,480.67660646218263,inf
81,117,inf,inf,inf,788.9955639925994,inf
81,118,inf,inf,inf,347.28230591263934,inf
81,119,inf,inf,inf,624.7919653772766,inf
81,120,inf,inf,inf,655.6645483782085,inf
81,121,inf,inf,inf,666.2079255007403,inf
81,122,inf,inf,inf,615.5331022780172,inf
81,123,inf,inf,inf,341.2521062206064,inf
81,124,inf,inf,inf,256.7041098229633,inf
81,125,inf,inf,inf,277.90825824361536,inf
81,126,inf,inf,inf,300.4862725649876,inf
81,127,inf,inf,inf,408.93153461184676,inf
81,128,inf,inf,inf,166.97904060090895,inf
81,129,inf,inf,inf,626.7519445522287,inf
81,130,inf,inf,inf,344.80429231667057,inf
81,131,inf,inf,inf,888.8329426838319,inf
81,132,inf,inf,inf,93.96275858019496,inf
81,133,inf,inf,inf,299.1738624947039,inf
81,134,inf,inf,inf,998.497371053124,inf
81,135,inf,inf,inf,596.0511722998286,inf
81,136,inf,inf,inf,930.6395650304149,inf
81,137,inf,inf,inf,759.0895862808289,inf
81,138,inf,inf,inf,216.76023620581336,inf
81,139,inf,inf,inf,1106.8897867448231,inf
81,140,inf,inf,inf,511.11251207537464,inf
81,141,inf,inf,inf,1058.3392650752405,inf
81,142,inf,inf,inf,375.2932186970609,inf
81,143,inf,inf,inf,363.6316817880422,inf
82,83,inf,inf,inf,915.5550229232539,inf
82,84,inf,inf,inf,505.5937104039171,inf
82,85,inf,inf,inf,725.694839446995,inf
82,86,inf,inf,inf,624.8663857177788,inf
82,87,inf,inf,inf,257.6198750096739,inf
82,88,inf,inf,inf,415.7811924558397,inf
82,89,inf,inf,inf,517.3973328110611,inf
82,90,inf,inf,inf,308.18500936937215,inf
82,91,inf,inf,inf,976.6073929681262,inf
82,92,inf,inf,inf,456.9748351933616,inf
82,93,inf,inf,inf,865.7441885453231,inf
82,94,inf,inf,inf,400.2449250146715,inf
82,95,inf,inf,inf,744.071233149085,inf
82,96,inf,inf,inf,551.9492730314988,inf
82,97,inf,inf,inf,501.6781836994708,inf
82,98,inf,inf,inf,1012.3280100836882,inf
82,99,inf,inf,inf,986.4441190457775,inf
82,100,inf,inf,inf,1032.025677975117,inf
82,101,inf,inf,inf,544.1516332788132,inf
82,102,inf,inf,inf,459.96956421050294,inf
82,103,inf,inf,inf,227.2377609465469,inf
82,104,inf,inf,inf,395.3353007258522,inf
82,105,inf,inf,inf,602.0672719887704,inf
82,106,inf,inf,inf,571.0035026162274,inf
82,107,inf,inf,inf,419.68678797407955,inf
82,108,inf,inf,inf,654.5914756548545,inf
82,109,inf,inf,inf,86.02325267042627,inf
82,110,inf,inf,inf,944.2271972359194,inf
82,111,inf,inf,inf,507.0266265197519,inf
82,112,inf,inf,inf,1032.6867869785108,inf
82,113,inf,inf,inf,842.465429557795,inf
82,114,inf,inf,inf,574.6111728812798,inf
82,115,inf,inf,inf,850.3252318965962,inf
82,116,inf,inf,inf,247.40654801358835,inf
82,117,inf,inf,inf,299.015049788468,inf
82,118,inf,inf,inf,836.1800045444761,inf
82,119,inf,inf,inf,509.94607558054605,inf
82,120,inf,inf,inf,394.1674770957137,inf
82,121,inf,inf,inf,1069.097282757748,inf
82,122,inf,inf,inf,72.44998274671983,inf
82,123,inf,inf,inf,501.9053695668139,inf
82,124,inf,inf,inf,525.8982791377055,inf
82,125,inf,inf,inf,352.6825768307814,inf
82,126,inf,inf,inf,590.9619277076993,inf
82,127,inf,inf,inf,220.38375620721234,inf
82,128,inf,inf,inf,643.8089778808618,inf
82,129,inf,inf,inf,101.04454463255303,inf
82,130,inf,inf,inf,450.1310920165369,inf
82,131,inf,inf,inf,1080.758992560321,inf
82,132,inf,inf,inf,510.02450921499843,inf
82,133,inf,inf,inf,249.6096953245206,inf
82,134,inf,inf,inf,1039.8947062082775,inf
82,135,inf,inf,inf,336.5427164566186,inf
82,136,inf,inf,inf,731.4164340510814,inf
82,137,inf,inf,inf,1087.2465221834466,inf
82,138,inf,inf,inf,364.16617086159994,inf
82,139,inf,inf,inf,605.8027731861254,inf
82,140,inf,inf,inf,1014.6230827257972,inf
82,141,inf,inf,inf,892.4404742054229,inf
82,142,inf,inf,inf,686.3679771084895,inf
82,143,inf,inf,inf,910.8435650538461,inf
83,84,inf,inf,inf,1399.2519430038324,inf
83,85,inf,inf,inf,595.4242185198717,inf
83,86,inf,inf,inf,799.5329886877714,inf
83,87,inf,inf,inf,1166.44459791282,inf
83,88,inf,inf,inf,974.8440900985141,inf
83,89,inf,inf,inf,586.0076791305725,inf
83,90,inf,inf,inf,1220.472449504699,inf
83,91,inf,inf,inf,1187.9734845525804,inf
83,92,inf,inf,inf,567.1304964468054,inf
83,93,inf,inf,inf,1289.3447948473674,inf
83,94,inf,inf,inf,1253.4452520952002,inf
83,95,inf,inf,inf,561.9653014199364,inf
83,96,inf,inf,inf,1128.6332442383575,inf
83,97,inf,inf,inf,588.2601465338273,inf
83,98,inf,inf,inf,150.88074761214565,inf
83,99,inf,inf,inf,74.46475676452586,inf
83,100,inf,inf,inf,1062.2363202225765,inf
83,101,inf,inf,inf,926.521451451611,inf
83,102,inf,inf,inf,1093.8852773485892,inf
83,103,inf,inf,inf,1021.2325885908655,inf
83,104,inf,inf,inf,1130.7099539669755,inf
83,105,inf,inf,inf,357.9972066930132,inf
83,106,inf,inf,inf,512.556338366818,inf
83,107,inf,inf,inf,501.28834017958167,inf
83,108,inf,inf,inf,1311.1952562452323,inf
83,109,inf,inf,inf,963.6539835438859,inf
83,110,inf,inf,inf,1223.0494675196094,inf
83,111,inf,inf,inf,1053.4880160685266,inf
83,112,inf,inf,inf,1072.83036869768,inf
83,113,inf,inf,inf,641.081118112209,inf
83,114,inf,inf,inf,650.5420816519097,inf
83,115,inf,inf,inf,289.03287010303865,inf
83,116,inf,inf,inf,1131.6558664187626,inf
83,117,inf,inf,inf,1157.4476230050325,inf
83,118,inf,inf,inf,1002.6464980241042,inf
83,119,inf,inf,inf,1402.390102646193,inf
83,120,inf,inf,inf,521.3952435532951,inf
83,121,inf,inf,inf,921.7917335276987,inf
83,122,inf,inf,inf,892.8516114114371,inf
83,123,inf,inf,inf,694.8093263622761,inf
83,124,inf,inf,inf,783.6491561917234,inf
83,125,inf,inf,inf,801.8690666187342,inf
83,126,inf,inf,inf,762.3181750424162,inf
83,127,inf,inf,inf,1063.4754346011007,inf
83,128,inf,inf,inf,1202.7688888560428,inf
83,129,inf,inf,inf,855.7038038947823,inf
83,130,inf,inf,inf,694.7697460310142,inf
83,131,inf,inf,inf,558.8962336605964,inf
83,132,inf,inf,inf,941.8386273667055,inf
83,133,inf,inf,inf,929.6816659480814,inf
83,134,inf,inf,inf,297.89931184881914,inf
83,135,inf,inf,inf,581.3811142443483,inf
83,136,inf,inf,inf,202.70421801235415,inf
83,137,inf,inf,inf,793.3523807237235,inf
83,138,inf,inf,inf,1046.871529844995,inf
83,139,inf,inf,inf,814.0024569987488,inf
83,140,inf,inf,inf,1110.2058367708216,inf
83,141,1.0,93.3259,93.32590180780447,83.86298349093002,1.1128378448150236
83,142,inf,inf,inf,745.4193450669227,inf
83,143,inf,inf,inf,1279.1000742709696,inf
84,85,inf,inf,inf,1214.1449666328976,inf
84,86,inf,inf,inf,869.1334765155465,inf
84,87,inf,inf,inf,333.09608223454086,inf
84,88,inf,inf,inf,556.1735340700778,inf
84,89,inf,inf,inf,897.1203932583408,inf
84,90,inf,inf,inf,212.3982109152523,inf
84,91,inf,inf,inf,1029.124385096379,inf
84,92,inf,inf,inf,869.2646317434064,inf
84,93,inf,inf,inf,807.8539471959025,inf
84,94,inf,inf,inf,459.7401439944091,inf
84,95,inf,inf,inf,1236.7687738619536,inf
84,96,inf,inf,inf,542.2665396278845,inf
84,97,inf,inf,inf,885.3225400948515,inf
84,98,inf,inf,inf,1478.0977640196875,inf
84,99,inf,inf,inf,1466.5527607283686,inf
84,100,inf,inf,inf,1174.0153320974987,inf
84,101,inf,inf,inf,940.1042495383158,inf
84,102,inf,inf,inf,476.5259699113995,inf
84,103,inf,inf,inf,552.3784934263824,inf
84,104,inf,inf,inf,365.3833603217311,inf
84,105,inf,inf,inf,1105.1968150515092,inf
84,106,inf,inf,inf,970.2164706909484,inf
84,107,inf,inf,inf,918.2004138530978,inf
84,108,inf,inf,inf,480.4008742706449,inf
84,109,inf,inf,inf,496.7947262199952,inf
84,110,inf,inf,inf,963.3483274496302,inf
84,111,inf,inf,inf,566.6753920896865,inf
84,112,inf,inf,inf,1169.0153976744703,inf
84,113,inf,inf,inf,1159.574490923287,inf
84,114,inf,inf,inf,906.9581026706802,inf
84,115,inf,inf,inf,1281.8026369141235,inf
84,116,inf,inf,inf,268.00186566514793,inf
84,117,inf,inf,inf,451.8683436577517,inf
84,118,inf,inf,inf,971.7828975650889,inf
84,119,inf,inf,inf,6.324555320336759,inf
84,120,inf,inf,inf,885.2417748841274,inf
84,121,inf,inf,inf,1290.3309652953385,inf
84,122,inf,inf,inf,556.2319659997976,inf
84,123,inf,inf,inf,826.9183756574769,inf
84,124,inf,inf,inf,791.9116112294352,inf
84,125,inf,inf,inf,658.3767918145353,inf
84,126,inf,inf,inf,860.0122092156599,inf
84,127,inf,inf,inf,338.5764315483285,inf
84,128,inf,inf,inf,582.722060677301,inf
84,129,inf,inf,inf,595.2184472947727,inf
84,130,inf,inf,inf,790.9696580779821,inf
84,131,inf,inf,inf,1446.9847960500483,inf
84,132,inf,inf,inf,666.5208173793224,inf
84,133,inf,inf,inf,496.2358310319802,inf
84,134,inf,inf,inf,1475.420617993391,inf
84,135,inf,inf,inf,820.698483000913,inf
84,136,inf,inf,inf,1226.6315665268035,inf
84,137,inf,inf,inf,1368.2580166035937,inf
84,138,inf,inf,inf,440.3203379359168,inf
84,139,inf,inf,inf,1046.0219882966132,inf
84,140,inf,inf,inf,1125.2488613635653,inf
84,141,inf,inf,inf,1385.5774969304316,inf
84,142,inf,inf,inf,956.9305094937667,inf
84,143,inf,inf,inf,878.032459536662,inf
85,86,inf,inf,inf,1032.839290499737,inf
85,87,inf,inf,inf,897.5394141763358,inf
85,88,inf,inf,inf,1026.4448353418707,inf
85,89,inf,inf,inf,790.0993608401415,inf
85,90,inf,inf,inf,1002.7945951190603,inf
85,91,inf,inf,inf,1466.466842448202,inf
85,92,inf,inf,inf,716.2352965331994,inf
85,93,inf,inf,inf,1461.642911247477,inf
85,94,inf,inf,inf,892.4712880535709,inf
85,95,inf,inf,inf,38.897300677553446,inf
85,96,inf,inf,inf,1194.2114553126678,inf
85,97,inf,inf,inf,779.4356933063817,inf
85,98,inf,inf,inf,746.274078338515,inf
85,99,inf,inf,inf,658.5992711808904,inf
85,100,inf,inf,inf,1418.456908051845,inf
85,101,inf,inf,inf,404.38595425657405,inf
85,102,inf,inf,inf,1119.6664681948816,inf
85,103,inf,inf,inf,686.5056445507204,inf
85,104,inf,inf,inf,1094.022394651956,inf
85,105,inf,inf,inf,333.8622470420997,inf
85,106,inf,inf,inf,762.8604066275822,inf
85,107,inf,inf,inf,442.77307957914513,inf
85,108,inf,inf,inf,1341.368331220027,inf
85,109,inf,inf,inf,717.7165178536718,inf
85,110,inf,inf,inf,1469.4121273488931,inf
85,111,inf,inf,inf,1127.1171190253478,inf
85,112,inf,inf,inf,1425.3817032640766,inf
85,113,inf,inf,inf,1043.036432728982,inf
85,114,inf,inf,inf,888.8875069433702,inf
85,115,inf,inf,inf,782.0805585104389,inf
85,116,inf,inf,inf,971.3933291926603,inf
85,117,inf,inf,inf,823.8428248155105,inf
85,118,inf,inf,inf,1282.2987171482314,inf
85,119,inf,inf,inf,1219.3129212798492,inf
85,120,inf,inf,inf,495.2544800403122,inf
85,121,inf,inf,inf,1345.419637139283,inf
85,122,inf,inf,inf,663.3023443347687,inf
85,123,inf,inf,inf,876.1244203878807,inf
85,124,inf,inf,inf,961.7400896292096,inf
85,125,inf,inf,inf,864.462838993094,inf
85,126,inf,inf,inf,985.8463369105756,inf
85,127,inf,inf,inf,942.2154742944949,inf
85,128,inf,inf,inf,1287.1149909778846,inf
85,129,inf,inf,inf,626.6426413834283,inf
85,130,inf,inf,inf,839.7172143049111,inf
85,131,inf,inf,inf,1095.7358258266452,inf
85,132,inf,inf,inf,1061.9613928952408,inf
85,133,inf,inf,inf,895.3624964225384,inf
85,134,inf,inf,inf,879.7601945985053,inf
85,135,inf,inf,inf,547.812011551408,inf
85,136,inf,inf,inf,432.9861429653379,inf
85,137,inf,inf,inf,1266.4162033075856,inf
85,138,inf,inf,inf,1035.3018883398213,inf
85,139,inf,inf,inf,261.70594185077266,inf
85,140,inf,inf,inf,1439.5169328632435,inf
85,141,inf,inf,inf,516.9187557053816,inf
85,142,inf,inf,inf,1030.2038633202653,inf
85,143,inf,inf,inf,1481.7708999707074,inf
86,87,inf,inf,inf,829.36722867497,inf
86,88,inf,inf,inf,313.0814590485997,inf
86,89,inf,inf,inf,247.29334807066687,inf
86,90,inf,inf,inf,791.0120100226039,inf
86,91,inf,inf,inf,433.8893868257208,inf
86,92,inf,inf,inf,316.6385952470103,inf
86,93,inf,inf,inf,489.8132297110808,inf
86,94,inf,inf,inf,1009.7217438482743,inf
86,95,inf,inf,inf,1026.9430363949111,inf
86,96,inf,inf,inf,393.58099547615353,inf
86,97,inf,inf,inf,255.5249498581303,inf
86,98,inf,inf,inf,798.8003505257118,inf
86,99,inf,inf,inf,838.6191030497696,inf
86,100,inf,inf,inf,418.14471179246067,inf
86,101,inf,inf,inf,1072.2056705688512,inf
86,102,inf,inf,inf,410.4655893007354,inf
86,103,inf,inf,inf,849.8499867623698,inf
86,104,inf,inf,inf,507.0266265197519,inf
86,105,inf,inf,inf,724.5529656277724,inf
86,106,inf,inf,inf,299.60807732769825,inf
86,107,inf,inf,inf,592.8886910710982,inf
86,108,inf,inf,inf,573.3864316497209,inf
86,109,inf,inf,inf,710.8825500742017,inf
86,110,inf,inf,inf,444.59982006294155,inf
86,111,inf,inf,inf,331.074009852782,inf
86,112,inf,inf,inf,421.2030389254095,inf
86,113,inf,inf,inf,300.93520897362606,inf
86,114,inf,inf,inf,155.2932709424333,inf
86,115,inf,inf,inf,554.0730998704051,inf
86,116,inf,inf,inf,665.203728191597,inf
86,117,inf,inf,inf,914.1465965587795,inf
86,118,inf,inf,inf,250.44959572736389,inf
86,119,inf,inf,inf,868.9516672404743,inf
86,120,inf,inf,inf,542.2637734534735,inf
86,121,inf,inf,inf,448.44732132102206,inf
86,122,inf,inf,inf,672.420255495029,inf
86,123,inf,inf,inf,159.20113064925135,inf
86,124,inf,inf,inf,99.02019995940222,inf
86,125,inf,inf,inf,272.40594707164524,inf
86,126,inf,inf,inf,47.01063709417264,inf
86,127,inf,inf,inf,580.4558553412999,inf
86,128,inf,inf,inf,439.22203951987655,inf
86,129,inf,inf,inf,666.3482572949373,inf
86,130,inf,inf,inf,205.06584308460538,inf
86,131,inf,inf,inf,603.617428509151,inf
86,132,inf,inf,inf,210.11663427725088,inf
86,133,inf,inf,inf,416.52971082505024,inf
86,134,inf,inf,inf,722.5406562955471,inf
86,135,inf,inf,inf,503.9890871834429,inf
86,136,inf,inf,inf,733.5420914985043,inf
86,137,inf,inf,inf,500.3009094535008,inf
86,138,inf,inf,inf,428.84146254764124,inf
86,139,inf,inf,inf,1064.248561192356,inf
86,140,inf,inf,inf,418.6669320593639,inf
86,141,inf,inf,inf,836.5381043323729,inf
86,142,inf,inf,inf,90.7358804442873,inf
86,143,inf,inf,inf,483.17491656748905,inf
87,88,inf,inf,inf,557.2162955262526,inf
87,89,inf,inf,inf,762.891866518447,inf
87,90,inf,inf,inf,129.80754985747168,inf
87,91,inf,inf,inf,1117.8774530332025,inf
87,92,inf,inf,inf,708.9217164116219,inf
87,93,inf,inf,inf,953.8013419994753,inf
87,94,inf,inf,inf,194.49421585229726,inf
87,95,inf,inf,inf,923.2778563357837,inf
87,96,inf,inf,inf,638.4794436784946,inf
87,97,inf,inf,inf,747.8188283267546,inf
87,98,inf,inf,inf,1267.9716085149541,inf
87,99,inf,inf,inf,1238.431265755189,inf
87,100,inf,inf,inf,1210.9851361598126,inf
87,101,inf,inf,inf,607.0296533119284,inf
87,102,inf,inf,inf,545.7215407146762,inf
87,103,inf,inf,inf,220.19309707617992,inf
87,104,inf,inf,inf,439.80222827993947,inf
87,105,inf,inf,inf,837.9719565713401,inf
87,106,inf,inf,inf,822.073597678456,inf
87,107,inf,inf,inf,665.9557042326464,inf
87,108,inf,inf,inf,672.1621828100715,inf
87,109,inf,inf,inf,203.82345301755635,inf
87,110,inf,inf,inf,1070.0789690485465,inf
87,111,inf,inf,inf,621.6268977449415,inf
87,112,inf,inf,inf,1209.4800535767426,inf
87,113,inf,inf,inf,1077.2799079162296,inf
87,114,inf,inf,inf,807.9517312315136,inf
87,115,inf,inf,inf,1107.572570985757,inf
87,116,inf,inf,inf,203.82835916525454,inf
87,117,inf,inf,inf,133.09395177843356,inf
87,118,inf,inf,inf,1006.8788407747975,inf
87,119,inf,inf,inf,339.05309318748294,inf
87,120,inf,inf,inf,646.3745044476925,inf
87,121,inf,inf,inf,1277.6012680018755,inf
87,122,inf,inf,inf,274.3155117743071,inf
87,123,inf,inf,inf,730.208874227094,inf
87,124,inf,inf,inf,733.7744885181005,inf
87,125,inf,inf,inf,564.0434380435606,inf
87,126,inf,inf,inf,803.2060756742319,inf
87,127,inf,inf,inf,267.7480158656643,inf
87,128,inf,inf,inf,715.5040181578298,inf
87,129,inf,inf,inf,312.7459032505462,inf
87,130,inf,inf,inf,681.5585081267785,inf
87,131,inf,inf,inf,1330.0015037585483,inf
87,132,inf,inf,inf,670.4841534294453,inf
87,133,inf,inf,inf,413.9770525041213,inf
87,134,inf,inf,inf,1297.4763967024603,inf
87,135,inf,inf,inf,592.186625988801,inf
87,136,inf,inf,inf,976.5623379999865,inf
87,137,inf,inf,inf,1315.0973348007362,inf
87,138,inf,inf,inf,460.63543068244326,inf
87,139,inf,inf,inf,714.9860138492221,inf
87,140,inf,inf,inf,1180.8691714156992,inf
87,141,inf,inf,inf,1137.9920913609199,inf
87,142,inf,inf,inf,902.7585502225942,inf
87,143,inf,inf,inf,1012.3576443135104,inf
88,89,inf,inf,inf,397.997487429255,inf
88,90,inf,inf,inf,495.17673612559787,inf
88,91,inf,inf,inf,567.3376419734548,inf
88,92,inf,inf,inf,408.16663263917104,inf
88,93,inf,inf,inf,456.36498551050124,inf
88,94,inf,inf,inf,748.9098744174762,inf
88,95,inf,inf,inf,1032.3759005323593,inf
88,96,inf,inf,inf,169.14490828872147,inf
88,97,inf,inf,inf,391.89411835341446,inf
88,98,inf,inf,inf,1015.0044334878543,inf
88,99,inf,inf,inf,1029.9757278693512,inf
88,100,inf,inf,inf,655.4670090858883,inf
88,101,inf,inf,inf,944.6613149695503,inf
88,102,inf,inf,inf,119.70797801316336,inf
88,103,inf,inf,inf,636.5665715382798,inf
88,104,inf,inf,inf,195.0179478919825,inf
88,105,inf,inf,inf,782.2282275653315,inf
88,106,inf,inf,inf,475.94642555649057,inf
88,107,inf,inf,inf,602.100489951636,inf
88,108,inf,inf,inf,339.599764428658,inf
88,109,inf,inf,inf,493.85220461186566,inf
88,110,inf,inf,inf,529.6007930507658,inf
88,111,inf,inf,inf,101.24228365658294,inf
88,112,inf,inf,inf,653.3911539039996,inf
88,113,inf,inf,inf,607.8108258331699,inf
88,114,inf,inf,inf,373.8769851167627,inf
88,115,inf,inf,inf,787.5842812042404,inf
88,116,inf,inf,inf,370.25936855129,inf
88,117,inf,inf,inf,663.6655784354044,inf
88,118,inf,inf,inf,450.40537296972826,inf
88,119,inf,inf,inf,555.9253547015103,inf
88,120,inf,inf,inf,551.0081669086221,inf
88,121,inf,inf,inf,742.7334649791943,inf
88,122,inf,inf,inf,482.4116499422459,inf
88,123,inf,inf,inf,300.8870219866586,inf
88,124,inf,inf,inf,242.7447218787671,inf
88,125,inf,inf,inf,177.89041570584965,inf
88,126,inf,inf,inf,307.23606559126483,inf
88,127,inf,inf,inf,291.2953827303138,inf
88,128,inf,inf,inf,260.78343505675355,inf
88,129,inf,inf,inf,494.00404856640597,inf
88,130,inf,inf,inf,284.08449447303525,inf
88,131,inf,inf,inf,903.483259391119,inf
88,132,inf,inf,inf,116.3486140871476,inf
88,133,inf,inf,inf,166.1715980545412,inf
88,134,inf,inf,inf,975.2071574798864,inf
88,135,inf,inf,inf,487.41050460571734,inf
88,136,inf,inf,inf,849.8470450616393,inf
88,137,inf,inf,inf,812.2518082466792,inf
88,138,inf,inf,inf,116.29703349613007,inf
88,139,inf,inf,inf,978.8590296871148,inf
88,140,inf,inf,inf,623.6553535407196,inf
88,141,inf,inf,inf,988.0323881331017,inf
88,142,inf,inf,inf,401.69764749124437,inf
88,143,inf,inf,inf,496.47759264643554,inf
89,90,inf,inf,inf,764.1950012922094,inf
89,91,inf,inf,inf,679.9249958635144,inf
89,92,inf,inf,inf,81.8413098624405,inf
89,93,inf,inf,inf,721.1775093553598,inf
89,94,inf,inf,inf,917.4747952941269,inf
89,95,inf,inf,inf,782.4129344534125,inf
89,96,inf,inf,inf,543.8713083073973,inf
89,97,1.0,17.2426,17.242640687119287,16.278820596099706,1.0592069975419782
89,98,inf,inf,inf,617.1320766254173,inf
89,99,inf,inf,inf,636.3175307973213,inf
89,100,inf,inf,inf,634.2341838784788,inf
89,101,inf,inf,inf,871.4430560857089,inf
89,102,inf,inf,inf,517.5712511336,inf
89,103,inf,inf,inf,720.2173283113924,inf
89,104,inf,inf,inf,574.3117620247734,inf
89,105,inf,inf,inf,477.3311219688069,inf
89,106,inf,inf,inf,78.00640999302557,inf
89,107,inf,inf,inf,356.74220383913087,inf
89,108,inf,inf,inf,727.8475115022377,inf
89,109,inf,inf,inf,598.1203892194279,inf
89,110,inf,inf,inf,691.6104394816492,inf
89,111,inf,inf,inf,469.0927413635815,inf
89,112,inf,inf,inf,640.0703086380433,inf
89,113,inf,inf,inf,332.61389026918283,inf
89,114,inf,inf,inf,99.04544411531506,inf
89,115,inf,inf,inf,392.5519073956972,inf
89,116,inf,inf,inf,648.2237268104277,inf
89,117,inf,inf,inf,815.7511875565981,inf
89,118,inf,inf,inf,493.3163285357581,inf
89,119,inf,inf,inf,898.6862633867283,inf
89,120,inf,inf,inf,309.7159989409653,inf
89,121,inf,inf,inf,600.204131941792,inf
89,122,inf,inf,inf,541.8311545121783,inf
89,123,inf,inf,inf,109.65856099730654,inf
89,124,inf,inf,inf,201.63581031156147,inf
89,125,inf,inf,inf,241.8780684559888,inf
89,126,inf,inf,inf,201.37527157027003,inf
89,127,inf,inf,inf,565.3078807163403,inf
89,128,inf,inf,inf,616.7738645565325,inf
89,129,inf,inf,inf,522.8097168186529,inf
89,130,inf,inf,inf,114.20157617125956,inf
89,131,inf,inf,inf,567.5385449465084,inf
89,132,inf,inf,inf,355.8440669731617,inf
89,133,inf,inf,inf,400.8952481634074,inf
89,134,inf,inf,inf,583.8295984274864,inf
89,135,inf,inf,inf,287.0836115141371,inf
89,136,inf,inf,inf,493.17136980972447,inf
89,137,inf,inf,inf,582.6190865393959,inf
89,138,inf,inf,inf,487.3817805375987,inf
89,139,inf,inf,inf,844.0148102965966,inf
89,140,inf,inf,inf,650.1692087449236,inf
89,141,inf,inf,inf,610.4506532063014,inf
89,142,inf,inf,inf,242.24987100099764,inf
89,143,inf,inf,inf,723.618684114776,inf
90,91,inf,inf,inf,1037.5355415599024,inf
90,92,inf,inf,inf,721.8032973047435,inf
90,93,inf,inf,inf,854.6092674433153,inf
90,94,inf,inf,inf,301.5592810709032,inf
90,95,inf,inf,inf,1026.095512123506,inf
90,96,inf,inf,inf,547.3810373039972,inf
90,97,inf,inf,inf,750.3952291959218,inf
90,98,inf,inf,inf,1310.6952353617526,inf
90,99,inf,inf,inf,1290.2875648474646,inf
90,100,inf,inf,inf,1148.8972974117398,inf
90,101,inf,inf,inf,732.5742283209258,inf
90,102,inf,inf,inf,459.3930778755814,inf
90,103,inf,inf,inf,343.02332282222443,inf
90,104,inf,inf,inf,345.6240732356472,inf
90,105,inf,inf,inf,909.8225101633834,inf
90,106,inf,inf,inf,830.8579902727059,inf
90,107,inf,inf,inf,727.6517023961395,inf
90,108,inf,inf,inf,557.3795834079322,inf
90,109,inf,inf,inf,287.0435507026765,inf
90,110,inf,inf,inf,983.6203535917707,inf
90,111,inf,inf,inf,543.0009208095323,inf
90,112,inf,inf,inf,1146.1553123377303,inf
90,113,inf,inf,inf,1059.8122475231166,inf
90,114,inf,inf,inf,794.0629697952172,inf
90,115,inf,inf,inf,1131.6965140884724,inf
90,116,inf,inf,inf,126.0,inf
90,117,inf,inf,inf,260.7757657452088,inf
90,118,inf,inf,inf,943.2629537939036,inf
90,119,inf,inf,inf,217.89217516927954,inf
90,120,inf,inf,inf,700.035713374682,inf
90,121,inf,inf,inf,1234.2143249857377,inf
90,122,inf,inf,inf,350.15567966263234,inf
90,123,inf,inf,inf,713.8101988624147,inf
90,124,inf,inf,inf,700.9172561722246,inf
90,125,inf,inf,inf,542.00092250844,inf
90,126,inf,inf,inf,771.2651943397939,inf
90,127,inf,inf,inf,210.68697159530296,inf
90,128,inf,inf,inf,616.0324666768789,inf
90,129,inf,inf,inf,389.71784665319086,inf
90,130,inf,inf,inf,669.7701098138077,inf
90,131,inf,inf,inf,1329.4337140301504,inf
90,132,inf,inf,inf,611.4646351180091,inf
90,133,inf,inf,inf,378.9419480606495,inf
90,134,inf,inf,inf,1324.5395426335901,inf
90,135,inf,inf,inf,639.1752498337213,inf
90,136,inf,inf,inf,1039.145803051718,inf
90,137,inf,inf,inf,1287.7425985032878,inf
90,138,inf,inf,inf,386.16706229299257,inf
90,139,inf,inf,inf,834.6526223525569,inf
90,140,inf,inf,inf,1112.0620486285825,inf
90,141,inf,inf,inf,1199.9066630367547,inf
90,142,inf,inf,inf,871.4545312292547,inf
90,143,inf,inf,inf,917.0921436802302,inf
91,92,inf,inf,inf,750.4505313476699,inf
91,93,inf,inf,inf,264.2820463065927,inf
91,94,inf,inf,inf,1311.7415904056713,inf
91,95,inf,inf,inf,1460.8299011178542,inf
91,96,inf,inf,inf,493.6172606382398,inf
91,97,inf,inf,inf,689.0145136352354,inf
91,98,inf,inf,inf,1152.7228634845412,inf
91,99,inf,inf,inf,1213.0927417143341,inf
91,100,inf,inf,inf,215.6965461012299,inf
91,101,inf,inf,inf,1478.2019483142349,inf
91,102,inf,inf,inf,578.1643364995804,inf
91,103,inf,inf,inf,1201.4262357714683,inf
91,104,inf,inf,inf,693.2128100374372,inf
91,105,inf,inf,inf,1156.8928213106,inf
91,106,inf,inf,inf,723.3180489936636,inf
91,107,inf,inf,inf,1025.3921201179576,inf
91,108,inf,inf,inf,572.8944056281227,inf
91,109,inf,inf,inf,1058.086007846243,inf
91,110,inf,inf,inf,82.29823813423954,inf
91,111,inf,inf,inf,496.6145386514575,inf
91,112,inf,inf,inf,203.82345301755635,inf
91,113,inf,inf,inf,564.5263501378832,inf
91,114,inf,inf,inf,583.5683336165525,inf
91,115,inf,inf,inf,911.0351255577361,inf
91,116,inf,inf,inf,920.0021739104751,inf
91,117,inf,inf,inf,1229.8569022451352,inf
91,118,inf,inf,inf,189.19038030513073,inf
91,119,inf,inf,inf,1026.3201254969133,inf
91,120,inf,inf,inf,974.0482534248496,inf
91,121,inf,inf,inf,418.09687872549347,inf
91,122,inf,inf,inf,1038.2990898580235,inf
91,123,inf,inf,inf,590.664879606025,inf
91,124,inf,inf,inf,509.23177434248936,inf
91,125,inf,inf,inf,648.6208445617517,inf
91,126,inf,inf,inf,480.80141430740406,inf
91,127,inf,inf,inf,850.2452587342078,inf
91,128,inf,inf,inf,447.6159067772279,inf
91,129,inf,inf,inf,1042.8921324854264,inf
91,130,inf,inf,inf,630.4918714781342,inf
91,131,inf,inf,inf,818.9371160229581,inf
91,132,inf,inf,inf,466.68297590548553,inf
91,133,inf,inf,inf,730.0499982877885,inf
91,134,inf,inf,inf,1036.3807215497595,inf
91,135,inf,inf,inf,931.1847292562309,inf
91,136,inf,inf,inf,1153.5059601059718,inf
91,137,inf,inf,inf,579.193404658582,inf
91,138,inf,inf,inf,657.3682377480676,inf
91,139,inf,inf,inf,1485.224898794792,inf
91,140,inf,inf,inf,138.94603268895446,inf
91,141,inf,inf,inf,1237.8691368638285,inf
91,142,inf,inf,inf,453.3001213324347,inf
91,143,inf,inf,inf,195.47378340841516,inf
92,93,inf,inf,inf,772.4720059652648,inf
92,94,inf,inf,inf,854.7525957843006,inf
92,95,inf,inf,inf,710.4477461432333,inf
92,96,inf,inf,inf,566.4079801697712,inf
92,97,inf,inf,inf,67.35725647619564,inf
92,98,inf,inf,inf,618.043687776196,inf
92,99,inf,inf,inf,624.2964039620923,inf
92,100,inf,inf,inf,714.003501391975,inf
92,101,inf,inf,inf,789.7626225645273,inf
92,102,inf,inf,inf,526.8643089069519,inf
92,103,inf,inf,inf,650.3391422942341,inf
92,104,inf,inf,inf,567.7534676248133,inf
92,105,inf,inf,inf,413.0726328383424,inf
92,106,inf,inf,inf,114.12712210513327,inf
92,107,inf,inf,inf,278.2103520719529,inf
92,108,inf,inf,inf,746.3243262818116,inf
92,109,inf,inf,inf,534.2677231501076,inf
92,110,inf,inf,inf,756.9630109853454,inf
92,111,inf,inf,inf,491.1720676097125,inf
92,112,inf,inf,inf,719.5109450175167,inf
92,113,inf,inf,inf,408.92297563233103,inf
92,114,inf,inf,inf,178.2133552795637,inf
92,115,inf,inf,inf,412.81109481214287,inf
92,116,inf,inf,inf,611.6240675447623,inf
92,117,inf,inf,inf,752.4812290017605,inf
92,118,inf,inf,inf,566.2199219384638,inf
92,119,inf,inf,inf,871.3581353266865,inf
92,120,inf,inf,inf,229.63013739489858,inf
92,121,inf,inf,inf,681.739686390634,inf
92,122,inf,inf,inf,474.3047543510396,inf
92,123,inf,inf,inf,162.2621335986927,inf
92,124,inf,inf,inf,253.1896522372113,inf
92,125,inf,inf,inf,235.17015116719213,inf
92,126,inf,inf,inf,269.67016891009655,inf
92,127,inf,inf,inf,532.0911576036573,inf
92,128,inf,inf,inf,646.4920726505469,inf
92,129,inf,inf,inf,452.2830971858223,inf
92,130,inf,inf,inf,138.01449199268893,inf
92,131,inf,inf,inf,623.9695505391269,inf
92,132,inf,inf,inf,388.8611577414232,inf
92,133,inf,inf,inf,376.9681684174408,inf
92,134,inf,inf,inf,606.4791834844788,inf
92,135,inf,inf,inf,205.32169880458324,inf
92,136,inf,inf,inf,449.25716466184485,inf
92,137,inf,inf,inf,659.3307212620992,inf
92,138,inf,inf,inf,482.3121395942673,inf
92,139,inf,inf,inf,762.6958764802653,inf
92,140,inf,inf,inf,727.4022271068463,inf
92,141,inf,inf,inf,580.6823572315591,inf
92,142,inf,inf,inf,321.86487848163864,inf
92,143,inf,inf,inf,780.9443001904809,inf
93,94,inf,inf,inf,1147.2510623224543,inf
93,95,inf,inf,inf,1463.0218727004733,inf
93,96,inf,inf,inf,318.9686504971923,inf
93,97,inf,inf,inf,724.7068372797376,inf
93,98,inf,inf,inf,1283.0140295413764,inf
93,99,inf,inf,inf,1327.4309774899787,inf
93,100,inf,inf,inf,470.2552498377876,inf
93,101,inf,inf,inf,1400.8026270677822,inf
93,102,inf,inf,inf,413.7305886685199,inf
93,103,inf,inf,inf,1076.9447525291166,inf
93,104,inf,inf,inf,514.0087547892546,inf
93,105,inf,inf,inf,1183.462715931516,inf
93,106,inf,inf,inf,784.5737696354627,inf
93,107,inf,inf,inf,1022.5301951531798,inf
93,108,inf,inf,inf,330.8609980036934,inf
93,109,inf,inf,inf,937.9109765857312,inf
93,110,inf,inf,inf,182.78949641595932,inf
93,111,inf,inf,inf,359.3229744950913,inf
93,112,inf,inf,inf,459.8184424313579,inf
93,113,inf,inf,inf,724.6550903705845,inf
93,114,inf,inf,inf,641.3119365800078,inf
93,115,inf,inf,inf,1036.8461795271273,inf
93,116,inf,inf,inf,750.0166664814856,inf
93,117,inf,inf,inf,1077.5699513256668,inf
93,118,inf,inf,inf,341.07183993991646,inf
93,119,inf,inf,inf,804.1915194777921,inf
93,120,inf,inf,inf,969.6581871979424,inf
93,121,inf,inf,inf,658.7518500922787,inf
93,122,inf,inf,inf,935.0133688883811,inf
93,123,inf,inf,inf,613.9983713333448,inf
93,124,inf,inf,inf,520.9836849652779,inf
93,125,inf,inf,inf,598.4112298411519,inf
93,126,inf,inf,inf,528.3682428004166,inf
93,127,inf,inf,inf,695.5070093104741,inf
93,128,inf,inf,inf,238.79907872519107,inf
93,129,inf,inf,inf,949.1475122445404,inf
93,130,inf,inf,inf,635.7082664241515,inf
93,131,inf,inf,inf,1013.1520122864091,inf
93,132,inf,inf,inf,399.7524233822729,inf
93,133,inf,inf,inf,618.9297213739214,inf
93,134,inf,inf,inf,1190.906377512523,inf
93,135,inf,inf,inf,913.880736201393,inf
93,136,inf,inf,inf,1214.3463262183486,inf
93,137,inf,inf,inf,805.0900570743623,inf
93,138,inf,inf,inf,507.8287112796991,inf
93,139,inf,inf,inf,1433.3631779838631,inf
93,140,inf,inf,inf,397.6543725397723,inf
93,141,inf,inf,inf,1325.1282956755547,inf
93,142,inf,inf,inf,551.5432893255071,inf
93,143,inf,inf,inf,74.06078584514209,inf
94,95,inf,inf,inf,923.8235762308732,inf
94,96,inf,inf,inf,832.7712771223561,inf
94,97,inf,inf,inf,901.6789894413644,inf
94,98,inf,inf,inf,1369.0653746260623,inf
94,99,inf,inf,inf,1327.3808797779182,inf
94,100,inf,inf,inf,1400.0646413648192,inf
94,101,inf,inf,inf,537.9191389047243,inf
94,102,inf,inf,inf,740.1891650112152,inf
94,103,inf,inf,inf,232.38115241989829,inf
94,104,inf,inf,inf,633.3482454384791,inf
94,105,inf,inf,inf,905.2717823946574,inf
94,106,inf,inf,inf,968.849317489567,inf
94,107,inf,inf,inf,756.4291110209865,inf
94,108,inf,inf,inf,858.4276323604687,inf
94,109,inf,inf,inf,320.50585018061685,inf
94,110,inf,inf,inf,1264.5176946172007,inf
94,111,inf,inf,inf,815.8137042241935,inf
94,112,inf,inf,inf,1399.003216579576,inf
94,113,inf,inf,inf,1242.0789024856674,inf
94,114,inf,inf,inf,973.4320726172937,inf
94,115,inf,inf,inf,1233.638926104393,inf
94,116,inf,inf,inf,397.4543999001647,inf
94,117,inf,inf,inf,102.42070103255493,inf
94,118,inf,inf,inf,1197.0066833564465,inf
94,119,inf,inf,inf,466.0611547855067,inf
94,120,inf,inf,inf,749.1248227098072,inf
94,121,inf,inf,inf,1457.904317848054,inf
94,122,inf,inf,inf,383.86065179958206,inf
94,123,inf,inf,inf,898.7463490885513,inf
94,124,inf,inf,inf,912.2505138392634,inf
94,125,inf,inf,inf,739.4923934700072,inf
94,126,inf,inf,inf,980.3387169749035,inf
94,127,inf,inf,inf,461.52464722915937,inf
94,128,inf,inf,inf,908.6572511128714,inf
94,129,inf,inf,inf,413.3206987316266,inf
94,130,inf,inf,inf,847.8973994534952,inf
94,131,inf,inf,inf,1478.5195297999956,inf
94,132,inf,inf,inf,860.6189633048996,inf
94,133,inf,inf,inf,599.3104370858229,inf
94,134,inf,inf,inf,1417.6491103231433,inf
94,135,inf,inf,inf,706.3207486687617,inf
94,136,inf,inf,inf,1054.7198680218364,inf
94,137,inf,inf,inf,1485.2652961676577,inf
94,138,inf,inf,inf,654.8014966384851,inf
94,139,inf,inf,inf,669.7947446792936,inf
94,140,inf,inf,inf,1372.1924063337474,inf
94,141,inf,inf,inf,1213.6465712883632,inf
94,142,inf,inf,inf,1078.4827305061497,inf
94,143,inf,inf,inf,1206.4791751207313,inf
95,96,inf,inf,inf,1200.7872417709975,inf
95,97,inf,inf,inf,772.3632565056419,inf
95,98,inf,inf,inf,712.8379900089501,inf
95,99,inf,inf,inf,623.8990302925627,inf
95,100,inf,inf,inf,1407.28426410587,inf
95,101,inf,inf,inf,442.0192303508977,inf
95,102,inf,inf,inf,1128.2065413744062,inf
95,103,inf,inf,inf,714.5830952380555,inf
95,104,inf,inf,inf,1106.4067967976337,inf
95,105,inf,inf,inf,317.15768948584554,inf
95,106,inf,inf,inf,751.6335543334931,inf
95,107,inf,inf,inf,441.16323509558225,inf
95,108,inf,inf,inf,1351.2453515183688,inf
95,109,inf,inf,inf,739.9797294520979,inf
95,110,inf,inf,inf,1465.9416768753115,inf
95,111,inf,inf,inf,1132.6014303363738,inf
95,112,inf,inf,inf,1414.4963768069538,inf
95,113,inf,inf,inf,1026.3030741452546,inf
95,114,inf,inf,inf,880.7723883047197,inf
95,115,inf,inf,inf,756.7648247639421,inf
95,116,inf,inf,inf,990.7350806345761,inf
95,117,inf,inf,inf,853.1002285780962,inf
95,118,inf,inf,inf,1275.5191100097247,inf
95,119,inf,inf,inf,1241.8409721055268,inf
95,120,inf,inf,inf,494.00607283716664,inf
95,121,inf,inf,inf,1329.1595088626495,inf
95,122,inf,inf,inf,683.5181051003697,inf
95,123,inf,inf,inf,871.4958404949504,inf
95,124,inf,inf,inf,958.5744624180221,inf
95,125,inf,inf,inf,867.5211812976096,inf
95,126,inf,inf,inf,980.0336728908859,inf
95,127,inf,inf,inf,958.6954678102948,inf
95,128,inf,inf,inf,1293.157376346746,inf
95,129,inf,inf,inf,646.133113220488,inf
95,130,inf,inf,inf,836.8560210693354,inf
95,131,inf,inf,inf,1069.8083940594222,inf
95,132,inf,inf,inf,1063.7692418941244,inf
95,133,inf,inf,inf,905.4330455643862,inf
95,134,inf,inf,inf,848.9057662661976,inf
95,135,inf,inf,inf,549.6371530382567,inf
95,136,inf,inf,inf,405.6106507477337,inf
95,137,inf,inf,inf,1246.186583140743,inf
95,138,inf,inf,inf,1045.4898373489816,inf
95,139,inf,inf,inf,300.08165555395084,inf
95,140,inf,inf,inf,1430.298570229307,inf
95,141,inf,inf,inf,482.468651831391,inf
95,142,inf,inf,inf,1020.9431913676686,inf
95,143,inf,inf,inf,1481.259599125015,inf
96,97,inf,inf,inf,540.5672946081736,inf
96,98,inf,inf,inf,1157.6597082044448,inf
96,99,inf,inf,inf,1180.1864259514257,inf
96,100,inf,inf,inf,632.4183741796248,inf
96,101,inf,inf,inf,1092.9926806708268,inf
96,102,inf,inf,inf,94.76286192385707,inf
96,103,inf,inf,inf,758.7048174356084,inf
96,104,inf,inf,inf,201.77710474679728,inf
96,105,inf,inf,inf,950.4235897745805,inf
96,106,inf,inf,inf,620.136275345992,inf
96,107,inf,inf,inf,771.2100881082923,inf
96,108,inf,inf,inf,185.21878954360974,inf
96,109,inf,inf,inf,620.966987850401,inf
96,110,inf,inf,inf,436.3954628545077,inf
96,111,inf,inf,inf,75.28612089887484,inf
96,112,inf,inf,inf,627.0964838045259,inf
96,113,inf,inf,inf,692.7885680350103,inf
96,114,inf,inf,inf,499.001002003002,inf
96,115,inf,inf,inf,921.8899066591412,inf
96,116,inf,inf,inf,435.6076216045812,inf
96,117,inf,inf,inf,759.8855176932905,inf
96,118,inf,inf,inf,432.6395728548187,inf
96,119,inf,inf,inf,540.1120254169499,inf
96,120,inf,inf,inf,720.0111110253786,inf
96,121,inf,inf,inf,762.2525828096616,inf
96,122,inf,inf,inf,622.7591829913068,inf
96,123,inf,inf,inf,437.823023606571,inf
96,124,inf,inf,inf,358.6153928653928,inf
96,125,inf,inf,inf,344.3094538347735,inf
96,126,inf,inf,inf,406.7677470006687,inf
96,127,inf,inf,inf,376.9416400452463,inf
96,128,inf,inf,inf,94.2443632266673,inf
96,129,inf,inf,inf,640.3077385132871,inf
96,130,inf,inf,inf,433.9423924900631,inf
96,131,inf,inf,inf,996.6423631373493,inf
96,132,inf,inf,inf,193.60010330575756,inf
96,133,inf,inf,inf,312.1233730434169,inf
96,134,inf,inf,inf,1102.8440506254726,inf
96,135,inf,inf,inf,656.5554051258736,inf
96,136,inf,inf,inf,1013.1386874460969,inf
96,137,inf,inf,inf,862.5062318615443,inf
96,138,inf,inf,inf,189.62331080328704,inf
96,139,inf,inf,inf,1136.827603465011,inf
96,140,inf,inf,inf,583.112339090848,inf
96,141,inf,inf,inf,1146.8400062781207,inf
96,142,inf,inf,inf,483.1076484594298,inf
96,143,inf,inf,inf,374.08555171243916,inf
97,98,inf,inf,inf,623.2214694633041,inf
97,99,inf,inf,inf,639.9882811427096,inf
97,100,inf,inf,inf,647.1135912650885,inf
97,101,inf,inf,inf,856.2663137132046,inf
97,102,inf,inf,inf,511.5906566777779,inf
97,103,inf,inf,inf,704.0071022369021,inf
97,104,inf,inf,inf,565.5837692154894,inf
97,105,inf,inf,inf,469.28882364701593,inf
97,106,inf,inf,inf,86.27861844049197,inf
97,107,inf,inf,inf,344.20923869065456,inf
97,108,inf,inf,inf,723.9426772887477,inf
97,109,inf,inf,inf,582.1932668796505,inf
97,110,inf,inf,inf,699.042201873392,inf
97,111,inf,inf,inf,465.5502121146547,inf
97,112,inf,inf,inf,652.7671866753108,inf
97,113,inf,inf,inf,348.89110048839024,inf
97,114,inf,inf,inf,111.28791488746656,inf
97,115,inf,inf,inf,401.6590594023742,inf
97,116,inf,inf,inf,635.0787352761861,inf
97,117,inf,inf,inf,799.9031191338111,inf
97,118,inf,inf,inf,503.16001430956334,inf
97,119,inf,inf,inf,886.9656137641414,inf
97,120,inf,inf,inf,296.46753616542907,inf
97,121,inf,inf,inf,615.6053930887871,inf
97,122,inf,inf,inf,525.693827241675,inf
97,123,inf,inf,inf,111.04053313993049,inf
97,124,inf,inf,inf,204.0,inf
97,125,inf,inf,inf,232.0,inf
97,126,inf,inf,inf,209.06697491473875,inf
97,127,inf,inf,inf,552.5305421422421,inf
97,128,inf,inf,inf,615.1040562376418,inf
97,129,inf,inf,inf,506.5658891003223,inf
97,130,inf,inf,inf,107.91200118615167,inf
97,131,inf,inf,inf,582.3443998185267,inf
97,132,inf,inf,inf,354.3585754571208,inf
97,133,inf,inf,inf,389.1246586892175,inf
97,134,inf,inf,inf,593.6952079981781,inf
97,135,inf,inf,inf,272.0918962409575,inf
97,136,inf,inf,inf,490.0091835874099,inf
97,137,inf,inf,inf,598.880622495001,inf
97,138,inf,inf,inf,478.75881192934713,inf
97,139,inf,inf,inf,830.0421676035502,inf
97,140,inf,inf,inf,661.7983076436506,inf
97,141,inf,inf,inf,610.5186319843154,inf
97,142,inf,inf,inf,254.95097567963924,inf
97,143,inf,inf,inf,728.7503001714648,inf
98,99,inf,inf,inf,99.6393496566492,inf
98,100,inf,inf,inf,1005.2188816372283,inf
98,101,inf,inf,inf,1070.0995280813836,inf
98,102,inf,inf,inf,1134.6488443567023,inf
98,103,inf,inf,inf,1138.3255246193858,inf
98,104,inf,inf,inf,1185.0949329062207,inf
98,105,inf,inf,inf,493.7296831263034,inf
98,106,inf,inf,inf,539.3709298803561,inf
98,107,inf,inf,inf,612.6769132258861,inf
98,108,inf,inf,inf,1342.6518536091178,inf
98,109,inf,inf,inf,1068.20971723721,inf
98,110,inf,inf,inf,1196.7526895729125,inf
98,111,inf,inf,inf,1083.8025650458667,inf
98,112,inf,inf,inf,1016.7290691231367,inf
98,113,inf,inf,inf,590.0,inf
98,114,inf,inf,inf,662.1072420688358,inf
98,115,inf,inf,inf,246.22144504490262,inf
98,116,inf,inf,inf,1213.2477076013786,inf
98,117,inf,inf,inf,1270.5754601754277,inf
98,118,inf,inf,inf,974.3433686334607,inf
98,119,inf,inf,inf,1480.7325889572364,inf
98,120,inf,inf,inf,623.1789470128143,inf
98,121,inf,inf,inf,844.8129970591125,inf
98,122,inf,inf,inf,997.8602106507705,inf
98,123,inf,inf,inf,720.0340269737258,inf
98,124,inf,inf,inf,801.6164918463193,inf
98,125,inf,inf,inf,850.800211565559,inf
98,126,inf,inf,inf,767.794243270943,inf
98,127,inf,inf,inf,1139.633713085042,inf
98,128,inf,inf,inf,1223.8668228201955,inf
98,129,inf,inf,inf,962.5725946649427,inf
98,130,inf,inf,inf,730.9240726641858,inf
98,131,inf,inf,inf,444.5582076623937,inf
98,132,inf,inf,inf,965.5345669627784,inf
98,133,inf,inf,inf,993.4128044272431,inf
98,134,inf,inf,inf,164.2954655491137,inf
98,135,inf,inf,inf,675.953400760733,inf
98,136,inf,inf,inf,340.414453277178,inf
98,137,inf,inf,inf,700.7460310269335,inf
98,138,inf,inf,inf,1099.001819834708,inf
98,139,inf,inf,inf,961.5326307515518,inf
98,140,inf,inf,inf,1060.831749147809,inf
98,141,inf,inf,inf,232.14219780126146,inf
98,142,inf,inf,inf,731.5087149173276,inf
98,143,inf,inf,inf,1264.2230815801458,inf
99,100,inf,inf,inf,1076.5077798139687,inf
99,101,inf,inf,inf,998.369170197077,inf
99,102,inf,inf,inf,1149.4781424629177,inf
99,103,inf,inf,inf,1095.23924327062,inf
99,104,inf,inf,inf,1190.8089687267222,inf
99,105,inf,inf,inf,432.2834718098762,inf
99,106,inf,inf,inf,560.6540823003076,inf
99,107,inf,inf,inf,574.1297762701391,inf
99,108,inf,inf,inf,1363.9186192731588,inf
99,109,inf,inf,inf,1036.0115829468318,inf
99,110,inf,inf,inf,1252.343802635682,inf
99,111,inf,inf,inf,1105.348813723523,inf
99,112,inf,inf,inf,1087.5890768116421,inf
99,113,inf,inf,inf,656.6490691381508,inf
99,114,inf,inf,inf,693.808330881087,inf
99,115,inf,inf,inf,302.87456149369825,inf
99,116,inf,inf,inf,1199.394013658564,inf
99,117,inf,inf,inf,1231.101133132449,inf
99,118,inf,inf,inf,1030.5285051855674,inf
99,119,inf,inf,inf,1469.5676234865819,inf
99,120,inf,inf,inf,592.5470445458318,inf
99,121,inf,inf,inf,925.1945741302204,inf
99,122,inf,inf,inf,965.223808243456,inf
99,123,inf,inf,inf,743.5892683464441,inf
99,124,inf,inf,inf,830.0993916393386,inf
99,125,inf,inf,inf,859.460877527302,inf
99,126,inf,inf,inf,803.7636468514858,inf
99,127,inf,inf,inf,1129.75085749027,inf
99,128,inf,inf,inf,1251.5534347362081,inf
99,129,inf,inf,inf,928.341531980553,inf
99,130,inf,inf,inf,747.5413032067191,inf
99,131,inf,inf,inf,538.6278863928231,inf
99,132,inf,inf,inf,991.0020181614162,inf
99,133,inf,inf,inf,992.2545036430926,inf
99,134,inf,inf,inf,262.4137953690697,inf
99,135,inf,inf,inf,651.1689488911461,inf
99,136,inf,inf,inf,277.0739973364516,inf
99,137,inf,inf,inf,787.503015867241,inf
99,138,inf,inf,inf,1106.1143702167512,inf
99,139,inf,inf,inf,883.5094792926673,inf
99,140,inf,inf,inf,1128.3988656499084,inf
99,141,inf,inf,inf,141.7956275771577,inf
99,142,inf,inf,inf,778.6944201675007,inf
99,143,inf,inf,inf,1313.5372092179193,inf
100,101,inf,inf,inf,1489.2803631284473,inf
100,102,inf,inf,inf,701.3194707121712,inf
100,103,inf,inf,inf,1259.0671149704451,inf
100,104,inf,inf,inf,817.3548800857557,inf
100,105,inf,inf,inf,1092.646328873163,inf
100,106,inf,inf,inf,655.7316524310841,inf
100,107,inf,inf,inf,990.9611495916478,inf
100,108,inf,inf,inf,749.4351206075146,inf
100,109,inf,inf,inf,1117.354464796199,inf
100,110,inf,inf,inf,295.51311307622206,inf
100,111,inf,inf,inf,611.9648682726812,inf
100,112,inf,inf,inf,13.0,inf
100,113,inf,inf,inf,421.17098665506387,inf
100,114,inf,inf,inf,535.8516585772596,inf
100,115,inf,inf,inf,775.067738975117,inf
100,116,inf,inf,inf,1025.0995073650167,inf
100,117,inf,inf,inf,1309.8293782016037,inf
100,118,inf,inf,inf,205.6647757881743,inf
100,119,inf,inf,inf,1172.0614318370858,inf
100,120,inf,inf,inf,943.5597490355341,inf
100,121,inf,inf,inf,206.51876428063383,inf
100,122,inf,inf,inf,1084.7718654168718,inf
100,123,inf,inf,inf,571.952795254993,inf
100,124,inf,inf,inf,514.3267443950392,inf
100,125,inf,inf,inf,681.7653555293052,inf
100,126,inf,inf,inf,461.06940909151626,inf
100,127,inf,inf,inf,946.6794600074516,inf
100,128,inf,inf,inf,611.346873714097,inf
100,129,inf,inf,inf,1081.4661344674646,inf
100,130,inf,inf,inf,621.4217569412903,inf
100,131,inf,inf,inf,630.9619639883216,inf
100,132,inf,inf,inf,540.6459100002514,inf
100,133,inf,inf,inf,801.3850510210432,inf
100,134,inf,inf,inf,873.0692985095742,inf
100,135,inf,inf,inf,913.7669287077531,inf
100,136,inf,inf,inf,1061.4428858869421,inf
100,137,inf,inf,inf,373.9652390263031,inf
100,138,inf,inf,inf,762.9796851817223,inf
100,139,inf,inf,inf,1475.0925394699818,inf
100,140,inf,inf,inf,77.33692520394123,inf
100,141,inf,inf,inf,1121.9647944565818,inf
100,142,inf,inf,inf,392.1683312048539,inf
100,143,inf,inf,inf,407.0196555450363,inf
101,102,inf,inf,inf,1002.7367550858002,inf
101,103,inf,inf,inf,389.8025141016923,inf
101,104,inf,inf,inf,937.7680950000379,inf
101,105,inf,inf,inf,580.0551697899089,inf
101,106,inf,inf,inf,881.0107831349171,inf
101,107,inf,inf,inf,542.859097740841,inf
101,108,inf,inf,inf,1197.0568073404036,inf
101,109,inf,inf,inf,490.60880546520974,inf
101,110,inf,inf,inf,1458.597956943585,inf
101,111,inf,inf,inf,1041.9812858204316,inf
101,112,inf,inf,inf,1492.9638307742086,inf
101,113,inf,inf,inf,1189.1816513888868,inf
101,114,inf,inf,inf,963.2471126351742,inf
101,115,inf,inf,inf,1027.6662882473083,inf
101,116,inf,inf,inf,748.2305794339069,inf
101,117,inf,inf,inf,497.3861678816571,inf
101,118,inf,inf,inf,1314.4010042601155,inf
101,119,inf,inf,inf,946.0761068751287,inf
101,120,inf,inf,inf,575.1043383595711,inf
101,121,inf,inf,inf,1471.4598193630704,inf
101,122,inf,inf,inf,471.94279314340633,inf
101,123,inf,inf,inf,917.5805141784562,inf
101,124,inf,inf,inf,979.8163093151695,inf
101,125,inf,inf,inf,829.6746350226696,inf
101,126,inf,inf,inf,1028.3078332872894,inf
101,127,inf,inf,inf,753.887259475845,inf
101,128,inf,inf,inf,1186.0004215850852,inf
101,129,inf,inf,inf,452.73060422286454,inf
101,130,inf,inf,inf,867.889969984675,inf
101,131,inf,inf,inf,1330.320638041822,inf
101,132,inf,inf,inf,1020.2832939924087,inf
101,133,inf,inf,inf,782.7196177431609,inf
101,134,inf,inf,inf,1172.587736589463,inf
101,135,inf,inf,inf,584.467278810371,inf
101,136,inf,inf,inf,729.8883476258543,inf
101,137,inf,inf,inf,1436.231875429591,inf
101,138,inf,inf,inf,907.3973771176551,inf
101,139,inf,inf,inf,145.7737973711325,inf
101,140,inf,inf,inf,1489.3451581148004,inf
101,141,inf,inf,inf,861.1254264043073,inf
101,142,inf,inf,inf,1103.4273877333296,inf
101,143,inf,inf,inf,1439.7392124964854,inf
102,103,inf,inf,inf,664.2507056827264,inf
102,104,inf,inf,inf,116.55899793666725,inf
102,105,inf,inf,inf,891.1167151389317,inf
102,106,inf,inf,inf,595.4771196276142,inf
102,107,inf,inf,inf,706.7708256570867,inf
102,108,inf,inf,inf,226.6142096162551,inf
102,109,inf,inf,inf,527.2001517450465,inf
102,110,inf,inf,inf,525.4950047336321,inf
102,111,inf,inf,inf,90.19977827023745,inf
102,112,inf,inf,inf,697.1728623519421,inf
102,113,inf,inf,inf,710.6954340644099,inf
102,114,inf,inf,inf,489.41802173602065,inf
102,115,inf,inf,inf,906.2742410551014,inf
102,116,inf,inf,inf,343.95639258487404,inf
102,117,inf,inf,inf,665.800270351402,inf
102,118,inf,inf,inf,497.10059344160913,inf
102,119,inf,inf,inf,475.19364473864755,inf
102,120,inf,inf,inf,657.1240369975824,inf
102,121,inf,inf,inf,814.4353872468951,inf
102,122,inf,inf,inf,531.3915693723415,inf
102,123,inf,inf,inf,418.86155230577083,inf
102,124,inf,inf,inf,353.61702447704636,inf
102,125,inf,inf,inf,293.82477771624366,inf
102,126,inf,inf,inf,412.9116128180461,inf
102,127,inf,inf,inf,282.51902590799085,inf
102,128,inf,inf,inf,183.91846019364124,inf
102,129,inf,inf,inf,550.6160186554692,inf
102,130,inf,inf,inf,403.7548761315459,inf
102,131,inf,inf,inf,1010.7917688624102,inf
102,132,inf,inf,inf,200.4120754844877,inf
102,133,inf,inf,inf,227.26416347501865,inf
102,134,inf,inf,inf,1092.8956949315887,inf
102,135,inf,inf,inf,591.4228605659406,inf
102,136,inf,inf,inf,965.2409025730312,inf
102,137,inf,inf,inf,900.4448900404733,inf
102,138,inf,inf,inf,95.96353474106714,inf
102,139,inf,inf,inf,1051.0513783826175,inf
102,140,inf,inf,inf,657.954405715168,inf
102,141,inf,inf,inf,1105.6880210981758,inf
102,142,inf,inf,inf,501.10378166603374,inf
102,143,inf,inf,inf,468.0170937049201,inf
103,104,inf,inf,inf,579.3867447569024,inf
103,105,inf,inf,inf,673.1909090295263,inf
103,106,inf,inf,inf,763.0163825239928,inf
103,107,inf,inf,inf,525.7699116533771,inf
103,108,inf,inf,inf,833.6624016950747,inf
103,109,inf,inf,inf,143.39107364128355,inf
103,110,inf,inf,inf,1166.1637963853964,inf
103,111,inf,inf,inf,722.2471876026933,inf
103,112,inf,inf,inf,1259.821019034053,inf
103,113,inf,inf,inf,1051.5726318234038,inf
103,114,inf,inf,inf,788.2112660955818,inf
103,115,inf,inf,inf,1011.3357503816426,inf
103,116,inf,inf,inf,366.8092147152249,inf
103,117,inf,inf,inf,142.1724305201258,inf
103,118,inf,inf,inf,1063.3757567294826,inf
103,119,inf,inf,inf,558.2275521684683,inf
103,120,inf,inf,inf,521.6368468580416,inf
103,121,inf,inf,inf,1290.9686285886269,inf
103,122,inf,inf,inf,180.05554698481245,inf
103,123,inf,inf,inf,719.8472060097198,inf
103,124,inf,inf,inf,750.8408619674345,inf
103,125,inf,inf,inf,578.5447260151975,inf
103,126,inf,inf,inf,814.3003131523407,inf
103,127,inf,inf,inf,389.964100911866,inf
103,128,inf,inf,inf,846.643372382965,inf
103,129,inf,inf,inf,198.0631212517868,inf
103,130,inf,inf,inf,667.2218521601342,inf
103,131,inf,inf,inf,1269.0441284683523,inf
103,132,inf,inf,inf,735.5324601946538,inf
103,133,inf,inf,inf,471.60152671508604,inf
103,134,inf,inf,inf,1192.015100575492,inf
103,135,inf,inf,inf,484.06611118730467,inf
103,136,inf,inf,inf,822.3387379906167,inf
103,137,inf,inf,inf,1299.792291098851,inf
103,138,inf,inf,inf,569.2170060706197,inf
103,139,inf,inf,inf,494.84138872976257,inf
103,140,inf,inf,inf,1241.7894346466312,inf
103,141,inf,inf,inf,981.3587519352951,inf
103,142,inf,inf,inf,907.5604663051382,inf
103,143,inf,inf,inf,1126.5189745405978,inf
104,105,inf,inf,inf,895.3887423907004,inf
104,106,inf,inf,inf,651.7154286956846,inf
104,107,inf,inf,inf,705.5643131564974,inf
104,108,inf,inf,inf,259.3838853899756,inf
104,109,inf,inf,inf,450.3443127208336,inf
104,110,inf,inf,inf,638.0195921756635,inf
104,111,inf,inf,inf,205.41178155110774,inf
104,112,inf,inf,inf,813.3732230655248,inf
104,113,inf,inf,inf,802.8262576672489,inf
104,114,inf,inf,inf,563.6239881339332,inf
104,115,inf,inf,inf,966.8634857103665,inf
104,116,inf,inf,inf,236.00847442411893,inf
104,117,inf,inf,inf,564.9106123981032,inf
104,118,inf,inf,inf,612.6867062373722,inf
104,119,inf,inf,inf,364.58880948268285,inf
104,120,inf,inf,inf,659.7469211750821,inf
104,121,inf,inf,inf,925.4258479208369,inf
104,122,inf,inf,inf,467.7189326935569,inf
104,123,inf,inf,inf,486.96303761168565,inf
104,124,inf,inf,inf,436.9862698071874,inf
104,125,inf,inf,inf,334.5638952427473,inf
104,126,inf,inf,inf,502.236995849569,inf
104,127,inf,inf,inf,189.4333655932872,inf
104,128,inf,inf,inf,275.81152985326776,inf
104,129,inf,inf,inf,493.323423323888,inf
104,130,inf,inf,inf,461.0422974088169,inf
104,131,inf,inf,inf,1097.6493064727003,inf
104,132,inf,inf,inf,301.4780257332199,inf
104,133,inf,inf,inf,209.2008604188807,inf
104,134,inf,inf,inf,1157.582394475659,inf
104,135,inf,inf,inf,591.9265157095093,inf
104,136,inf,inf,inf,985.8600306331523,inf
104,137,inf,inf,inf,1004.1200127474802,inf
104,138,inf,inf,inf,86.97700845625813,inf
104,139,inf,inf,inf,999.7424668383353,inf
104,140,inf,inf,inf,774.5101677834837,inf
104,141,inf,inf,inf,1134.1393212476146,inf
104,142,inf,inf,inf,596.3094834060582,inf
104,143,inf,inf,inf,573.5660380461869,inf
105,106,inf,inf,inf,438.47462868448844,inf
105,107,inf,inf,inf,191.2694434560837,inf
105,108,inf,inf,inf,1117.7088171791436,inf
105,109,inf,inf,inf,634.5210792400833,inf
105,110,inf,inf,inf,1168.2893477217021,inf
105,111,inf,inf,inf,877.512962867216,inf
105,112,inf,inf,inf,1100.2131611646898,inf
105,113,inf,inf,inf,709.4850245072125,inf
105,114,inf,inf,inf,573.464035489585,inf
105,115,inf,inf,inf,463.3724204136453,inf
105,116,inf,inf,inf,839.524270048222,inf
105,117,inf,inf,inf,812.8130166280557,inf
105,118,inf,inf,inf,969.3183171693394,inf
105,119,inf,inf,inf,1109.192499073087,inf
105,120,inf,inf,inf,235.74774654278247,inf
105,121,inf,inf,inf,1012.1748860745361,inf
105,122,inf,inf,inf,564.9796456510624,inf
105,123,inf,inf,inf,575.0634747573523,inf
105,124,inf,inf,inf,666.195166599098,inf
105,125,inf,inf,inf,606.3992084427551,inf
105,126,inf,inf,inf,678.3104009227634,inf
105,127,inf,inf,inf,784.9394881135743,inf
105,128,inf,inf,inf,1038.212406013336,inf
105,129,inf,inf,inf,525.7803723989704,inf
105,130,inf,inf,inf,547.9498152203357,inf
105,131,inf,inf,inf,776.16042156245,inf
105,132,inf,inf,inf,791.0562559009314,inf
105,133,inf,inf,inf,686.2200813150254,inf
105,134,inf,inf,inf,593.3717216045942,inf
105,135,inf,inf,inf,303.4633421024688,inf
105,136,inf,inf,inf,155.36087023443193,inf
105,137,inf,inf,inf,933.4505878727593,inf
105,138,inf,inf,inf,821.4243726600763,inf
105,139,inf,inf,inf,484.9515439711477,inf
105,140,inf,inf,inf,1118.5369908948028,inf
105,141,inf,inf,inf,308.97410894765926,inf
105,142,inf,inf,inf,710.1774426155762,inf
105,143,inf,inf,inf,1193.8982368694578,inf
106,107,inf,inf,inf,347.2002304146701,inf
106,108,inf,inf,inf,804.5551565927597,inf
106,109,inf,inf,inf,648.3525275650585,inf
106,110,inf,inf,inf,742.1051138484358,inf
106,111,inf,inf,inf,545.6418239101545,inf
106,112,inf,inf,inf,662.8672566962408,inf
106,113,inf,inf,inf,308.28720375649715,inf
106,114,inf,inf,inf,144.4195277654653,inf
106,115,inf,inf,inf,315.38230768386484,inf
106,116,inf,inf,inf,717.5883220900407,inf
106,117,inf,inf,inf,866.5592882197963,inf
106,118,inf,inf,inf,534.4249245684562,inf
106,119,inf,inf,inf,971.9588468654422,inf
106,120,inf,inf,inf,307.15631199765375,inf
106,121,inf,inf,inf,596.6121017880881,inf
106,122,inf,inf,inf,587.9268662002103,inf
106,123,inf,inf,inf,182.9371476764629,inf
106,124,inf,inf,inf,271.1825953117198,inf
106,125,inf,inf,inf,318.27660925679095,inf
106,126,inf,inf,inf,257.12448347055556,inf
106,127,inf,inf,inf,635.9575457528592,inf
106,128,inf,inf,inf,691.0463081443963,inf
106,129,inf,inf,inf,565.0,inf
106,130,inf,inf,inf,192.20041623263984,inf
106,131,inf,inf,inf,509.848016569644,inf
106,132,inf,inf,inf,430.360314155476,inf
106,133,inf,inf,inf,474.2931582892589,inf
106,134,inf,inf,inf,507.52142811905,inf
106,135,inf,inf,inf,301.69189581425616,inf
106,136,inf,inf,inf,434.028800887683,inf
106,137,inf,inf,inf,557.0008976653448,inf
106,138,inf,inf,inf,564.8451115128819,inf
106,139,inf,inf,inf,840.719929584163,inf
106,140,inf,inf,inf,680.0624971280213,inf
106,141,inf,inf,inf,541.4471350002694,inf
106,142,inf,inf,inf,272.3306813416366,inf
106,143,inf,inf,inf,782.2384546926851,inf
107,108,inf,inf,inf,933.1821901429538,inf
107,109,inf,inf,inf,462.6499756835614,inf
107,110,inf,inf,inf,1026.7326818602785,inf
107,111,inf,inf,inf,700.143556708194,inf
107,112,inf,inf,inf,996.8074036643187,inf
107,113,inf,inf,inf,651.8688518406137,inf
107,114,inf,inf,inf,455.4393483220351,inf
107,115,inf,inf,inf,503.16796400406895,inf
107,116,inf,inf,inf,651.2610843586465,inf
107,117,inf,inf,inf,658.4261537940303,inf
107,118,inf,inf,inf,843.2283202075224,inf
107,119,inf,inf,inf,922.0,inf
107,120,inf,inf,inf,52.88667128870941,inf
107,121,inf,inf,inf,943.8061241589821,inf
107,122,inf,inf,inf,391.86987636203935,inf
107,123,inf,inf,inf,434.752803326212,inf
107,124,inf,inf,inf,519.0761023202667,inf
107,125,inf,inf,inf,430.6831782180493,inf
107,126,inf,inf,inf,545.9129967311641,inf
107,127,inf,inf,inf,594.3753023132775,inf
107,128,inf,inf,inf,861.3947991484508,inf
107,129,inf,inf,inf,354.44745731913497,inf
107,130,inf,inf,inf,397.0050377514119,inf
107,131,inf,inf,inf,792.8965884653559,inf
107,132,inf,inf,inf,624.0592920548495,inf
107,133,inf,inf,inf,496.6628635201146,inf
107,134,inf,inf,inf,672.715393015501,inf
107,135,inf,inf,inf,115.35163631262454,inf
107,136,inf,inf,inf,311.8413057951111,inf
107,137,inf,inf,inf,895.782339633909,inf
107,138,inf,inf,inf,633.4303434474859,inf
107,139,inf,inf,inf,493.592949706537,inf
107,140,inf,inf,inf,1005.6087708448052,inf
107,141,inf,inf,inf,473.09724158992935,inf
107,142,inf,inf,inf,598.965775316086,inf
107,143,inf,inf,inf,1040.0985530227413,inf
108,109,inf,inf,inf,708.6113180016249,inf
108,110,inf,inf,inf,499.03607084057563,inf
108,111,inf,inf,inf,258.940147524481,inf
108,112,inf,inf,inf,741.7438911106717,inf
108,113,inf,inf,inf,868.8348519713053,inf
108,114,inf,inf,inf,684.1344897021345,inf
108,115,inf,inf,inf,1107.0903305512156,inf
108,116,inf,inf,inf,474.06750574153466,inf
108,117,inf,inf,inf,803.375379259285,inf
108,118,inf,inf,inf,566.3929731202534,inf
108,119,inf,inf,inf,476.366455578056,inf
108,120,inf,inf,inf,883.6979121849276,inf
108,121,inf,inf,inf,905.1082808150636,inf
108,122,inf,inf,inf,727.0110040432676,inf
108,123,inf,inf,inf,622.6564060539328,inf
108,124,inf,inf,inf,543.7030439495442,inf
108,125,inf,inf,inf,517.3287156151299,inf
108,126,inf,inf,inf,589.9101626519075,inf
108,127,inf,inf,inf,445.46268081624976,inf
108,128,inf,inf,inf,144.138821973818,inf
108,129,inf,inf,inf,751.9202085327937,inf
108,130,inf,inf,inf,616.6230615213804,inf
108,131,inf,inf,inf,1173.1504592335973,inf
108,132,inf,inf,inf,378.6515548627788,inf
108,133,inf,inf,inf,446.0100895719737,inf
108,134,inf,inf,inf,1287.5049514467896,inf
108,135,inf,inf,inf,817.8318898159939,inf
108,136,inf,inf,inf,1189.4200267357196,inf
108,137,inf,inf,inf,1021.2742041195401,inf
108,138,inf,inf,inf,306.1061907247222,inf
108,139,inf,inf,inf,1257.9749600051664,inf
108,140,inf,inf,inf,688.0828438494888,inf
108,141,inf,inf,inf,1326.8971324107983,inf
108,142,inf,inf,inf,661.1754683894435,inf
108,143,inf,inf,inf,403.33856745915085,inf
109,110,inf,inf,inf,1023.4026578038578,inf
109,111,inf,inf,inf,581.2847839054451,inf
109,112,inf,inf,inf,1117.8774530332025,inf
109,113,inf,inf,inf,925.5765770588623,inf
109,114,inf,inf,inf,658.6243238751512,inf
109,115,inf,inf,inf,918.0288666485385,inf
109,116,inf,inf,inf,263.2299375071156,inf
109,117,inf,inf,inf,218.21548982599745,inf
109,118,inf,inf,inf,920.6481412570168,inf
109,119,inf,inf,inf,501.8615346886031,inf
109,120,inf,inf,inf,445.2235393597243,inf
109,121,inf,inf,inf,1154.970562395423,inf
109,122,inf,inf,inf,70.80254232723568,inf
109,123,inf,inf,inf,586.9045919057032,inf
109,124,inf,inf,inf,611.9191123016178,inf
109,125,inf,inf,inf,438.65818127558043,inf
109,126,inf,inf,inf,676.9254020939087,inf
109,127,inf,inf,inf,263.7062759966095,inf
109,128,inf,inf,inf,710.7418659400894,inf
109,129,inf,inf,inf,108.93117092916977,inf
109,130,inf,inf,inf,534.8663384435405,inf
109,131,inf,inf,inf,1158.0189981170429,inf
109,132,inf,inf,inf,592.1427192831134,inf
109,133,inf,inf,inf,328.4585209733491,inf
109,134,inf,inf,inf,1105.0760154849077,inf
109,135,inf,inf,inf,394.55417878917467,inf
109,136,inf,inf,inf,772.8195132112025,inf
109,137,inf,inf,inf,1171.370564765907,inf
109,138,inf,inf,inf,431.4313386855433,inf
109,139,inf,inf,inf,569.2038299238683,inf
109,140,inf,inf,inf,1098.968607376935,inf
109,141,inf,inf,inf,934.2344459502657,inf
109,142,inf,inf,inf,772.0939062057154,inf
109,143,inf,inf,inf,985.7890240817251,inf
110,111,inf,inf,inf,449.5475503214315,inf
110,112,inf,inf,inf,284.0862545073239,inf
110,113,inf,inf,inf,614.2450651002416,inf
110,114,inf,inf,inf,598.9532536016479,inf
110,115,inf,inf,inf,952.4505236493915,inf
110,116,inf,inf,inf,869.3842648679581,inf
110,117,inf,inf,inf,1186.138693408153,inf
110,118,inf,inf,inf,222.40953216982405,inf
110,119,inf,inf,inf,960.2666296399141,inf
110,120,inf,inf,inf,974.51988178795,inf
110,121,inf,inf,inf,494.2165517260627,inf
110,122,inf,inf,inf,1008.655540806672,inf
110,123,inf,inf,inf,594.9201627109305,inf
110,124,inf,inf,inf,507.6731231806545,inf
110,125,inf,inf,inf,630.8248568342881,inf
110,126,inf,inf,inf,490.2417770855519,inf
110,127,inf,inf,inf,803.6777961347445,inf
110,128,inf,inf,inf,380.66389374354907,inf
110,129,inf,inf,inf,1016.2012595937873,inf
110,130,inf,inf,inf,629.7277189389077,inf
110,131,inf,inf,inf,881.8304825758747,inf
110,132,inf,inf,inf,438.91912694709487,inf
110,133,inf,inf,inf,695.1560975780907,inf
110,134,inf,inf,inf,1087.5853989457564,inf
110,135,inf,inf,inf,927.2550889588042,inf
110,136,inf,inf,inf,1175.658538862369,inf
110,137,inf,inf,inf,651.2219283777229,inf
110,138,inf,inf,inf,610.201606028696,inf
110,139,inf,inf,inf,1473.589495076563,inf
110,140,inf,inf,inf,219.82947936980608,inf
110,141,inf,inf,inf,1268.7178567356889,inf
110,142,inf,inf,inf,479.3537316012049,inf
110,143,inf,inf,inf,113.17685275708986,inf
111,112,inf,inf,inf,608.0674304713252,inf
111,113,inf,inf,inf,631.9556946495537,inf
111,114,inf,inf,inf,427.09483724343943,inf
111,115,inf,inf,inf,849.3014776862218,inf
111,116,inf,inf,inf,423.59650612345706,inf
111,117,inf,inf,inf,736.5989410798796,inf
111,118,inf,inf,inf,407.3143748997818,inf
111,119,inf,inf,inf,565.3008048817903,inf
111,120,inf,inf,inf,648.5213951752094,inf
111,121,inf,inf,inf,724.7544411730086,inf
111,122,inf,inf,inf,575.8168111474342,inf
111,123,inf,inf,inf,363.77053206657627,inf
111,124,inf,inf,inf,287.2368360778262,inf
111,125,inf,inf,inf,271.1180554666177,inf
111,126,inf,inf,inf,339.5173044190826,inf
111,127,inf,inf,inf,354.4305291591005,inf
111,128,inf,inf,inf,161.25135658344087,inf
111,129,inf,inf,inf,589.9237238830118,inf
111,130,inf,inf,inf,358.74503480884584,inf
111,131,inf,inf,inf,934.4452899982963,inf
111,132,inf,inf,inf,123.7457069962429,inf
111,133,inf,inf,inf,259.6247291765559,inf
111,134,inf,inf,inf,1031.8027912348366,inf
111,135,inf,inf,inf,586.052045470366,inf
111,136,inf,inf,inf,938.233446430045,inf
111,137,inf,inf,inf,813.9514727549794,inf
111,138,inf,inf,inf,161.01242188104618,inf
111,139,inf,inf,inf,1079.1223285615029,inf
111,140,inf,inf,inf,570.3192088646498,inf
111,141,inf,inf,inf,1071.5605442531,inf
111,142,inf,inf,inf,421.65981549111365,inf
111,143,inf,inf,inf,404.50463532572775,inf
112,113,inf,inf,inf,431.8541420433524,inf
112,114,inf,inf,inf,541.4794548272354,inf
112,115,inf,inf,inf,785.9344756403043,inf
112,116,inf,inf,inf,1022.6416772261924,inf
112,117,inf,inf,inf,1309.2364186807515,inf
112,118,inf,inf,inf,203.0492551082126,inf
112,119,inf,inf,inf,1167.0,inf
112,120,inf,inf,inf,949.126967270449,inf
112,121,inf,inf,inf,219.4196891803468,inf
112,122,inf,inf,inf,1086.037292177391,inf
112,123,inf,inf,inf,576.0078124470189,inf
112,124,inf,inf,inf,516.7059124879452,inf
112,125,inf,inf,inf,683.1054091426886,inf
112,126,inf,inf,inf,464.6568626416702,inf
112,127,inf,inf,inf,944.6782521049164,inf
112,128,inf,inf,inf,604.3310351123795,inf
112,129,inf,inf,inf,1083.202658785511,inf
112,130,inf,inf,inf,625.0823945689081,inf
112,131,inf,inf,inf,643.7468446524612,inf
112,132,inf,inf,inf,539.0037105623671,inf
112,133,inf,inf,inf,800.7053140825282,inf
112,134,inf,inf,inf,885.1446209518533,inf
112,135,inf,inf,inf,918.5537545511422,inf
112,136,inf,inf,inf,1070.420478129973,inf
112,137,inf,inf,inf,386.9638225984439,inf
112,138,inf,inf,inf,760.0848636829969,inf
112,139,inf,inf,inf,1479.9760133191348,inf
112,140,inf,inf,inf,65.06919393998976,inf
112,141,inf,inf,inf,1132.1378007998849,inf
112,142,inf,inf,inf,397.85047442475167,inf
112,143,inf,inf,inf,395.9419149319759,inf
113,114,inf,inf,inf,269.41789101691074,inf
113,115,inf,inf,inf,354.29507476113747,inf
113,116,inf,inf,inf,936.6162501259521,inf
113,117,inf,inf,inf,1141.421044137526,inf
113,118,inf,inf,inf,393.96065793426635,inf
113,119,inf,inf,inf,1159.8831837732625,inf
113,120,inf,inf,inf,614.5990562960538,inf
113,121,inf,inf,inf,303.0659994126692,inf
113,122,inf,inf,inf,872.298687377208,inf
113,123,inf,inf,inf,347.5471191076111,inf
113,124,inf,inf,inf,367.68056788467896,inf
113,125,inf,inf,inf,518.0550163833954,inf
113,126,inf,inf,inf,300.61270764889497,inf
113,127,inf,inf,inf,850.9435939003242,inf
113,128,inf,inf,inf,729.8013428324176,inf
113,129,inf,inf,inf,854.7900326980889,inf
113,130,inf,inf,inf,395.790348543266,inf
113,131,inf,inf,inf,304.32219767871027,inf
113,132,inf,inf,inf,510.7220379032023,inf
113,133,inf,inf,inf,681.2701373170557,inf
113,134,inf,inf,inf,473.34237080574144,inf
113,135,inf,inf,inf,608.9113235931814,inf
113,136,inf,inf,inf,653.7598947625955,inf
113,137,inf,inf,inf,250.4096643502403,inf
113,138,inf,inf,inf,721.0166433585289,inf
113,139,inf,inf,inf,1144.7292256249948,inf
113,140,inf,inf,inf,471.8728642335772,inf
113,141,inf,inf,inf,702.0327627682343,inf
113,142,inf,inf,inf,210.2974084481309,inf
113,143,inf,inf,inf,693.3974329343887,inf
114,115,inf,inf,inf,423.1087330698812,inf
114,116,inf,inf,inf,672.5860539737647,inf
114,117,inf,inf,inf,873.212459828649,inf
114,118,inf,inf,inf,395.8951881495909,inf
114,119,inf,inf,inf,907.8463526390354,inf
114,120,inf,inf,inf,407.70822900697016,inf
114,121,inf,inf,inf,512.2352974952039,inf
114,122,inf,inf,inf,608.2146002851297,inf
114,123,1.0,88.0122,88.01219330881969,80.65358020571685,1.0912372778038346
114,124,inf,inf,inf,140.45995870709916,inf
114,125,inf,inf,inf,252.69942619642015,inf
114,126,inf,inf,inf,113.03981599418853,inf
114,127,inf,inf,inf,587.3065638999789,inf
114,128,inf,inf,inf,561.8398348283966,inf
114,129,inf,inf,inf,593.7272100889431,inf
114,130,inf,inf,inf,126.39620247459969,inf
114,131,inf,inf,inf,540.2684517904039,inf
114,132,inf,inf,inf,305.49140740780257,inf
114,133,inf,inf,inf,417.7379561399706,inf
114,134,inf,inf,inf,604.9074309346844,inf
114,135,inf,inf,inf,380.7532009057836,inf
114,136,inf,inf,inf,578.2525399857748,inf
114,137,inf,inf,inf,512.7465260730686,inf
114,138,inf,inf,inf,477.69550971303886,inf
114,139,inf,inf,inf,940.5493075857321,inf
114,140,inf,inf,inf,551.131563240575,inf
114,141,inf,inf,inf,683.830388327398,inf
114,142,inf,inf,inf,143.68368035375485,inf
114,143,inf,inf,inf,637.8542153188297,inf
115,116,inf,inf,inf,1024.0336908520148,inf
115,117,inf,inf,inf,1131.882060993989,inf
115,118,inf,inf,inf,730.1506693826966,inf
115,119,inf,inf,inf,1283.8045022510241,inf
115,120,inf,inf,inf,493.1703559623186,inf
115,121,inf,inf,inf,633.4224498705426,inf
115,122,inf,inf,inf,850.7996238833207,inf
115,123,inf,inf,inf,487.61050029711214,inf
115,124,inf,inf,inf,563.5547888182657,inf
115,125,inf,inf,inf,633.645011027468,inf
115,126,inf,inf,inf,524.950473854439,inf
115,127,inf,inf,inf,944.902111332174,inf
115,128,inf,inf,inf,983.9944105532308,inf
115,129,inf,inf,inf,820.3298117220902,inf
115,130,inf,inf,inf,506.1867244406949,inf
115,131,inf,inf,inf,313.9697437652233,inf
115,132,inf,inf,inf,728.5272815756456,inf
115,133,inf,inf,inf,787.4668246980314,inf
115,134,inf,inf,inf,193.66982212001952,inf
115,135,inf,inf,inf,527.7575200790606,inf
115,136,inf,inf,inf,352.6145204043645,inf
115,137,inf,inf,inf,512.1913704856809,inf
115,138,inf,inf,inf,879.9318155402724,inf
115,139,inf,inf,inf,945.949258681458,inf
115,140,inf,inf,inf,825.7172639590382,inf
115,141,inf,inf,inf,356.91035288990986,inf
115,142,inf,inf,inf,485.3143311298359,inf
115,143,inf,inf,inf,1018.2165781404268,inf
116,117,inf,inf,inf,331.0347413792093,inf
116,118,inf,inf,inf,819.6127134201861,inf
116,119,inf,inf,inf,271.4498111990502,inf
116,120,inf,inf,inf,617.4026239011298,inf
116,121,inf,inf,inf,1108.2386927011707,inf
116,122,inf,inf,inf,308.4493475434824,inf
116,123,inf,inf,inf,592.0413836886743,inf
116,124,inf,inf,inf,575.7751297164544,inf
116,125,inf,inf,inf,419.9202305200358,inf
116,126,inf,inf,inf,646.0975158596417,inf
116,127,inf,inf,inf,85.70297544426332,inf
116,128,inf,inf,inf,511.6756785308444,inf
116,129,inf,inf,inf,344.77238868563705,inf
116,130,inf,inf,inf,549.7090139337357,inf
116,131,inf,inf,inf,1210.3693651113283,inf
116,132,inf,inf,inf,486.3630331347151,inf
116,133,inf,inf,inf,255.3918557824427,inf
116,134,inf,inf,inf,1217.5783342356253,inf
116,135,inf,inf,inf,552.6997376514666,inf
116,136,inf,inf,inf,958.8013350011565,inf
116,137,inf,inf,inf,1162.5820401158794,inf
116,138,inf,inf,inf,264.09278672466615,inf
116,139,inf,inf,inf,832.385127209755,inf
116,140,inf,inf,inf,990.0232320506424,inf
116,141,inf,inf,inf,1117.5920543740458,inf
116,142,inf,inf,inf,746.2070758174302,inf
116,143,inf,inf,inf,809.0599483351033,inf
117,118,inf,inf,inf,1108.2332786918105,inf
117,119,inf,inf,inf,458.0796873907421,inf
117,120,inf,inf,inf,649.1794821156935,inf
117,121,inf,inf,inf,1361.6405546251917,inf
117,122,inf,inf,inf,281.6043323530375,inf
117,123,inf,inf,inf,799.3403530411811,inf
117,124,inf,inf,inf,816.0618849082464,inf
117,125,inf,inf,inf,642.6857708087211,inf
117,126,inf,inf,inf,883.4262844176643,inf
117,127,inf,inf,inf,383.500977834477,inf
117,128,inf,inf,inf,840.4403607633323,inf
117,129,inf,inf,inf,311.8012187275733,inf
117,130,inf,inf,inf,748.0989239398757,inf
117,131,inf,inf,inf,1376.172227593625,inf
117,132,inf,inf,inf,772.7386362800814,inf
117,133,inf,inf,inf,508.54400006292474,inf
117,134,inf,inf,inf,1316.5473785625795,inf
117,135,inf,inf,inf,604.9437990425226,inf
117,136,inf,inf,inf,960.2020620681878,inf
117,137,inf,inf,inf,1385.5414104240983,inf
117,138,inf,inf,inf,576.3341044914833,inf
117,139,inf,inf,inf,617.8033667761936,inf
117,140,inf,inf,inf,1284.7139759495108,inf
117,141,inf,inf,inf,1120.080354260354,inf
117,142,inf,inf,inf,980.8491219346633,inf
117,143,inf,inf,inf,1133.8050978894037,inf
118,119,inf,inf,inf,970.0443288839949,inf
118,120,inf,inf,inf,792.7073861141954,inf
118,121,inf,inf,inf,339.0457196308486,inf
118,122,inf,inf,inf,892.3071220157328,inf
118,123,inf,inf,inf,409.4532940397476,inf
118,124,inf,inf,inf,335.2760057027642,inf
118,125,inf,inf,inf,491.4977110831748,inf
118,126,inf,inf,inf,297.3566881709574,inf
118,127,inf,inf,inf,741.7007482805986,inf
118,128,inf,inf,inf,423.59060423951803,inf
118,129,inf,inf,inf,892.0790323732533,inf
118,130,inf,inf,inf,453.0618059382185,inf
118,131,inf,inf,inf,673.261464811406,inf
118,132,inf,inf,inf,336.47585351700945,inf
118,133,inf,inf,inf,599.8466470690655,inf
118,134,inf,inf,inf,866.8310100590542,inf
118,135,inf,inf,inf,753.615286469164,inf
118,136,inf,inf,inf,964.3407074265817,inf
118,137,inf,inf,inf,469.0458399772884,inf
118,138,inf,inf,inf,557.3149917237109,inf
118,139,inf,inf,inf,1312.4404748406687,inf
118,140,inf,inf,inf,178.53010950537168,inf
118,141,inf,inf,inf,1050.5660379052808,inf
118,142,inf,inf,inf,264.14011433328335,inf
118,143,inf,inf,inf,301.16606714568627,inf
119,120,inf,inf,inf,888.8065031265241,inf
119,121,inf,inf,inf,1289.2269001227053,inf
119,122,inf,inf,inf,561.0080213330288,inf
119,123,inf,inf,inf,827.8804261486075,inf
119,124,inf,inf,inf,792.2045190479539,inf
119,125,inf,inf,inf,659.6392953728575,inf
119,126,inf,inf,inf,860.1680068451744,inf
119,127,inf,inf,inf,341.11874765248535,inf
119,128,inf,inf,inf,579.6904346286905,inf
119,129,inf,inf,inf,599.9408304158003,inf
119,130,inf,inf,inf,792.2303957814293,inf
119,131,inf,inf,inf,1447.7765711600669,inf
119,132,inf,inf,inf,665.8843743473788,inf
119,133,inf,inf,inf,497.84535751576516,inf
119,134,inf,inf,inf,1477.4010965205082,inf
119,135,inf,inf,inf,824.1322709371354,inf
119,136,inf,inf,inf,1230.2052674249123,inf
119,137,inf,inf,inf,1367.8691457884413,inf
119,138,inf,inf,inf,440.21131289415996,inf
119,139,inf,inf,inf,1051.7537734660143,inf
119,140,inf,inf,inf,1122.9839713905092,inf
119,141,inf,inf,inf,1389.0359966537944,inf
119,142,inf,inf,inf,956.9054289740444,inf
119,143,inf,inf,inf,874.5152943202309,inf
120,121,inf,inf,inf,902.4660658440293,inf
120,122,inf,inf,inf,374.7385755430044,inf
120,123,inf,inf,inf,383.6469731406726,inf
120,124,inf,inf,inf,466.95288841595146,inf
120,125,inf,inf,inf,378.53005164715785,inf
120,126,inf,inf,inf,495.35845606994536,inf
120,127,inf,inf,inf,556.5150492125078,inf
120,128,inf,inf,inf,809.7567535994991,inf
120,129,inf,inf,inf,339.4849039353591,inf
120,130,inf,inf,inf,344.85069232930357,inf
120,131,inf,inf,inf,772.1554247688739,inf
120,132,inf,inf,inf,571.2871432125879,inf
120,133,inf,inf,inf,450.5518838047401,inf
120,134,inf,inf,inf,670.5109991640704,inf
120,135,1.0,74.1127,74.11269837220807,68.00735254367721,1.0897747905215065
120,136,inf,inf,inf,341.40005858230313,inf
120,137,inf,inf,inf,861.1277489432099,inf
120,138,inf,inf,inf,585.8028678659741,inf
120,139,inf,inf,inf,535.5231087450849,inf
120,140,inf,inf,inf,956.5207786556442,inf
120,141,inf,inf,inf,500.78538317327116,inf
120,142,inf,inf,inf,551.3918751668363,inf
120,143,inf,inf,inf,987.273011886783,inf
121,122,inf,inf,inf,1111.4980881674967,inf
121,123,inf,inf,inf,572.4508712544684,inf
121,124,inf,inf,inf,545.6903884071993,inf
121,125,inf,inf,inf,718.9617514165826,inf
121,126,inf,inf,inf,478.44017389847187,inf
121,127,inf,inf,inf,1024.780952203933,inf
121,128,inf,inf,inf,761.7722756834879,inf
121,129,inf,inf,inf,1100.872835526429,inf
121,130,inf,inf,inf,625.2591462745667,inf
121,131,inf,inf,inf,438.95899580712546,inf
121,132,inf,inf,inf,627.4073636800895,inf
121,133,inf,inf,inf,864.0925876316727,inf
121,134,inf,inf,inf,700.0714249274855,inf
121,135,inf,inf,inf,886.9949267047698,inf
121,136,inf,inf,inf,954.377807788928,inf
121,137,inf,inf,inf,170.32909322837364,inf
121,138,inf,inf,inf,857.8298199526524,inf
121,139,inf,inf,inf,1437.237628229932,inf
121,140,inf,inf,inf,282.936388610585,inf
121,141,inf,inf,inf,989.7459269933876,inf
121,142,inf,inf,inf,383.4188310451118,inf
121,143,inf,inf,inf,601.7981389137059,inf
122,123,inf,inf,inf,539.9333292175988,inf
122,124,inf,inf,inf,573.5730119174018,inf
122,125,inf,inf,inf,403.0111660984097,inf
122,126,inf,inf,inf,635.7680394609342,inf
122,127,inf,inf,inf,290.4961273407961,inf
122,128,inf,inf,inf,715.069926650534,inf
122,129,1.0,42.1127,42.11269837220809,39.66106403010388,1.0618146386653506
122,130,inf,inf,inf,487.2627627882106,inf
122,131,inf,inf,inf,1096.5313493010585,inf
122,132,inf,inf,inf,571.8356407220522,inf
122,133,inf,inf,inf,316.76489704511135,inf
122,134,inf,inf,inf,1036.752622374306,inf
122,135,inf,inf,inf,325.38592471094995,inf
122,136,inf,inf,inf,702.2485315043385,inf
122,137,inf,inf,inf,1120.071426293877,inf
122,138,inf,inf,inf,435.7659922481331,inf
122,139,inf,inf,inf,534.3332293616036,inf
122,140,inf,inf,inf,1070.811374612728,inf
122,141,inf,inf,inf,863.6810753976262,inf
122,142,inf,inf,inf,728.0892802397244,inf
122,143,inf,inf,inf,978.6035969686602,inf
123,124,inf,inf,inf,93.04837451562494,inf
123,125,inf,inf,inf,172.12204972053988,inf
123,126,inf,inf,inf,112.80514172678478,inf
123,127,inf,inf,inf,506.7109629759356,inf
123,128,inf,inf,inf,508.1899251264236,inf
123,129,inf,inf,inf,528.4325879428709,inf
123,130,inf,inf,inf,52.81098370604357,inf
123,131,inf,inf,inf,620.6971886516001,inf
123,132,inf,inf,inf,247.42675683927152,inf
123,133,inf,inf,inf,337.0993918712996,inf
123,134,inf,inf,inf,674.3292964123685,inf
123,135,inf,inf,inf,344.93477644331546,inf
123,136,inf,inf,inf,601.0299493369694,inf
123,137,inf,inf,inf,586.5765082237781,inf
123,138,inf,inf,inf,400.4647300324961,inf
123,139,inf,inf,inf,905.7328524460179,inf
123,140,inf,inf,inf,577.0207968522452,inf
123,141,inf,inf,inf,720.1090195241273,inf
123,142,inf,inf,inf,190.18412131405714,inf
123,143,inf,inf,inf,619.6620046444674,inf
124,125,inf,inf,inf,173.6663467687393,inf
124,126,inf,inf,inf,70.34912934784623,inf
124,127,inf,inf,inf,490.3243824245333,inf
124,128,inf,inf,inf,422.4133047147071,inf
124,129,inf,inf,inf,568.0712983420303,inf
124,130,inf,inf,inf,122.10241602851272,inf
124,131,inf,inf,inf,660.7851390580754,inf
124,132,inf,inf,inf,165.05150711217394,inf
124,133,inf,inf,inf,323.2615040489665,inf
124,134,inf,inf,inf,744.6032500600571,inf
124,135,inf,inf,inf,421.98815149243234,inf
124,136,inf,inf,inf,694.006484119565,inf
124,137,inf,inf,inf,586.8372857956454,inf
124,138,inf,inf,inf,353.79372521287036,inf
124,139,inf,inf,inf,977.859908166809,inf
124,140,inf,inf,inf,509.5890501178376,inf
124,141,inf,inf,inf,811.3772242305055,inf
124,142,inf,inf,inf,170.57549648176317,inf
124,143,inf,inf,inf,527.7546778570513,inf
125,126,inf,inf,inf,240.85887984460942,inf
125,127,inf,inf,inf,334.6072324382723,inf
125,128,inf,inf,inf,432.001157405857,inf
125,129,inf,inf,inf,400.7804885470349,inf
125,130,inf,inf,inf,132.59336333316233,inf
125,131,inf,inf,inf,791.8112148738486,inf
125,132,inf,inf,inf,199.32385707686876,inf
125,133,inf,inf,inf,165.14841809717706,inf
125,134,inf,inf,inf,825.5773737209614,inf
125,135,inf,inf,inf,318.14776441144454,inf
125,136,inf,inf,inf,672.1168053247887,inf
125,137,inf,inf,inf,751.3521145242089,inf
125,138,inf,inf,inf,248.21361767638777,inf
125,139,inf,inf,inf,843.6646253103185,inf
125,140,inf,inf,inf,669.5856927981661,inf
125,141,inf,inf,inf,811.9390371203986,inf
125,142,inf,inf,inf,339.3287491504367,inf
125,143,inf,inf,inf,624.3372486084744,inf
126,127,inf,inf,inf,560.6647839841557,inf
126,128,inf,inf,inf,460.64519969277876,inf
126,129,inf,inf,inf,627.9952229117671,inf
126,130,inf,inf,inf,160.4306703844374,inf
126,131,inf,inf,inf,597.9732435485722,inf
126,132,inf,inf,inf,215.8633827215723,inf
126,133,inf,inf,inf,393.5085767807355,inf
126,134,inf,inf,inf,699.0886925133319,inf
126,135,inf,inf,inf,457.73900860643283,inf
126,136,inf,inf,inf,690.2593715408723,inf
126,137,inf,inf,inf,516.4968538142318,inf
126,138,inf,inf,inf,420.61978079971465,inf
126,139,inf,inf,inf,1018.4404744510108,inf
126,140,inf,inf,inf,464.2843956025229,inf
126,141,inf,inf,inf,796.7647080537641,inf
126,142,inf,inf,inf,100.24470060806208,inf
126,143,inf,inf,inf,525.235185416971,inf
127,128,inf,inf,inf,460.392224087245,inf
127,129,inf,inf,inf,321.39850653044425,inf
127,130,inf,inf,inf,465.02150487907545,inf
127,131,inf,inf,inf,1125.705556528882,inf
127,132,inf,inf,inf,406.3594467955679,inf
127,133,inf,inf,inf,169.799882214329,inf
127,134,inf,inf,inf,1138.5692776462924,inf
127,135,inf,inf,inf,489.9387716847892,inf
127,136,inf,inf,inf,896.7167891815119,inf
127,137,inf,inf,inf,1077.1610835896365,inf
127,138,inf,inf,inf,193.49418595916518,inf
127,139,inf,inf,inf,824.6332518156178,inf
127,140,inf,inf,inf,914.289341510662,inf
127,141,inf,inf,inf,1053.5563582457276,inf
127,142,inf,inf,inf,660.8252416486525,inf
127,143,inf,inf,inf,750.49916722139,inf
128,129,inf,inf,inf,733.48483283569,inf
128,130,inf,inf,inf,510.88159097779203,inf
128,131,inf,inf,inf,1033.7939833448443,inf
128,132,inf,inf,inf,260.93102536877444,inf
128,133,inf,inf,inf,406.15391171328145,inf
128,134,inf,inf,inf,1159.6417550260942,inf
128,135,inf,inf,inf,747.2543074482743,inf
128,136,inf,inf,inf,1095.2734818299948,inf
128,137,inf,inf,inf,877.2257406164049,inf
128,138,inf,inf,inf,279.8731855680354,inf
128,139,inf,inf,inf,1230.9870023684248,inf
128,140,inf,inf,inf,553.5431329173906,inf
128,141,inf,inf,inf,1224.826518328208,inf
128,142,inf,inf,inf,524.5693471791885,inf
128,143,inf,inf,inf,301.94370336206714,inf
129,130,inf,inf,inf,475.6216984116683,inf
129,131,inf,inf,inf,1071.7695647852668,inf
129,132,inf,inf,inf,577.7586001090767,inf
129,133,inf,inf,inf,330.34678748248785,inf
129,134,inf,inf,inf,1004.7850516403994,inf
129,135,inf,inf,inf,293.1433096626972,inf
129,136,inf,inf,inf,664.0301197987935,inf
129,137,inf,inf,inf,1103.7232442963227,inf
129,138,inf,inf,inf,455.7905220602991,inf
129,139,inf,inf,inf,506.4632267006164,inf
129,140,inf,inf,inf,1070.3130383210325,inf
129,141,inf,inf,inf,825.4211046490149,inf
129,142,inf,inf,inf,717.9338409630793,inf
129,143,inf,inf,inf,990.374676574477,inf
130,131,inf,inf,inf,660.6981156322455,inf
130,132,inf,inf,inf,251.58895047279003,inf
130,133,inf,inf,inf,296.69681494751507,inf
130,134,inf,inf,inf,696.5436095464519,inf
130,135,inf,inf,inf,300.9867106700892,inf
130,136,inf,inf,inf,586.6787877535713,inf
130,137,inf,inf,inf,637.4519589741645,inf
130,138,inf,inf,inf,374.0655022853618,inf
130,139,inf,inf,inf,859.6307346762329,inf
130,140,inf,inf,inf,623.6938351467008,inf
130,141,inf,inf,inf,714.0308116601132,inf
130,142,inf,inf,inf,242.78591392418136,inf
130,143,inf,inf,inf,646.8461950108388,inf
131,132,inf,inf,inf,812.0498753155498,inf
131,133,inf,inf,inf,956.8892307890187,inf
131,134,inf,inf,inf,283.15543434657934,inf
131,135,inf,inf,inf,791.1618039314083,inf
131,136,inf,inf,inf,664.513355772478,inf
131,137,inf,inf,inf,274.5268657162719,inf
131,138,inf,inf,inf,1013.5388497734066,inf
131,139,inf,inf,inf,1255.8984831585713,inf
131,140,inf,inf,inf,700.0714249274855,inf
131,141,inf,inf,inf,639.3512336736358,inf
131,142,inf,inf,inf,513.5610966574474,inf
131,143,inf,inf,inf,973.5317149430726,inf
132,133,inf,inf,inf,265.7668150842012,inf
132,134,inf,inf,inf,909.3140271655332,inf
132,135,inf,inf,inf,514.3073011342537,inf
132,136,inf,inf,inf,838.0650332760579,inf
132,137,inf,inf,inf,702.865563248051,inf
132,138,inf,inf,inf,230.4256930118688,inf
132,139,inf,inf,inf,1041.0168106231522,inf
132,140,inf,inf,inf,512.0009765615687,inf
132,141,inf,inf,inf,964.5854031655258,inf
132,142,inf,inf,inf,300.81555810828667,inf
132,143,inf,inf,inf,425.33398641538156,inf
133,134,inf,inf,inf,980.7772428028701,inf
133,135,inf,inf,inf,382.7584094438684,inf
133,136,inf,inf,inf,778.5403008194245,inf
133,137,inf,inf,inf,909.5251508342142,inf
133,138,inf,inf,inf,140.05713120009278,inf
133,139,inf,inf,inf,824.9339367488769,inf
133,140,inf,inf,inf,776.8738636355325,inf
133,141,inf,inf,inf,929.0538197542702,inf
133,142,inf,inf,inf,493.73879734126626,inf
133,143,inf,inf,inf,661.858746259351,inf
134,135,inf,inf,inf,711.6881339463234,inf
134,136,inf,inf,inf,452.5185079087926,inf
134,137,inf,inf,inf,547.6714343472736,inf
134,138,inf,inf,inf,1070.605436190196,inf
134,139,inf,inf,inf,1075.9628246366135,inf
134,140,inf,inf,inf,933.9941113304731,inf
134,141,inf,inf,inf,381.7184826544295,inf
134,142,inf,inf,inf,644.6037542552789,inf
134,143,inf,inf,inf,1164.438491290974,inf
135,136,inf,inf,inf,406.88204678997573,inf
135,137,inf,inf,inf,858.4660738782867,inf
135,138,inf,inf,inf,518.5903971343859,inf
135,139,inf,inf,inf,561.4588141618226,inf
135,140,inf,inf,inf,921.8161421888857,inf
135,141,inf,inf,inf,564.9150378596768,inf
135,142,inf,inf,inf,523.1386049604828,inf
135,143,inf,inf,inf,934.5785146257108,inf
136,137,inf,inf,inf,854.1246981559543,inf
136,138,inf,inf,inf,906.1418211295625,inf
136,139,inf,inf,inf,625.1823733919567,inf
136,140,inf,inf,inf,1097.2702493005086,inf
136,141,inf,inf,inf,161.44348856488452,inf
136,142,inf,inf,inf,700.2063981427191,inf
136,143,inf,inf,inf,1215.3723709217682,inf
137,138,inf,inf,inf,928.4417052244045,inf
137,139,inf,inf,inf,1385.9668105694307,inf
137,140,inf,inf,inf,448.5588032800159,inf
137,141,inf,inf,inf,867.0784278253035,inf
137,142,inf,inf,inf,416.38683936935377,inf
137,143,inf,inf,inf,754.0457545799194,inf
138,139,inf,inf,inf,958.1753492967766,inf
138,140,inf,inf,inf,726.1769756746629,inf
138,141,inf,inf,inf,1052.3255199794405,inf
138,142,inf,inf,inf,516.7301036324476,inf
138,143,inf,inf,inf,559.5721579921575,inf
139,140,inf,inf,inf,1482.7248564720294,inf
139,141,inf,inf,inf,743.3633028338162,inf
139,142,inf,inf,inf,1083.7758070745074,inf
139,143,inf,inf,inf,1465.8448076109557,inf
140,141,inf,inf,inf,1166.5719009130985,inf
140,142,inf,inf,inf,409.38612580301253,inf
140,143,inf,inf,inf,332.27699288394916,inf
141,142,inf,inf,inf,789.4004053710639,inf
141,143,inf,inf,inf,1319.1095481422308,inf
142,143,inf,inf,inf,534.8429676082504,inf
