u,v,unweighted_hops,weighted_cost,path_length_sum,euclidean,tortuosity
0,1,inf,inf,inf,1142.791319533011,inf
0,2,inf,inf,inf,815.3882510804285,inf
0,3,inf,inf,inf,619.0387709990384,inf
0,4,inf,inf,inf,1393.0990632399405,inf
0,5,inf,inf,inf,781.232359800847,inf
0,6,inf,inf,inf,791.5459557094584,inf
0,7,inf,inf,inf,806.1364648742792,inf
0,8,inf,inf,inf,967.7752838340107,inf
0,9,inf,inf,inf,998.2003806851608,inf
0,10,inf,inf,inf,595.5980188012717,inf
0,11,inf,inf,inf,711.4618752962101,inf
0,12,inf,inf,inf,876.6413177577247,inf
0,13,inf,inf,inf,897.4658767886386,inf
0,14,inf,inf,inf,938.718275096421,inf
0,15,inf,inf,inf,189.06612599828665,inf
0,16,inf,inf,inf,887.9239832327991,inf
0,17,inf,inf,inf,396.5059898664836,inf
0,18,inf,inf,inf,678.3818983434036,inf
0,19,inf,inf,inf,977.5996112928851,inf
0,20,inf,inf,inf,962.5320773875538,inf
0,21,inf,inf,inf,1273.2215046880099,inf
0,22,inf,inf,inf,910.0065933827074,inf
0,23,inf,inf,inf,1072.9664486832755,inf
0,24,inf,inf,inf,535.0084111488342,inf
0,25,inf,inf,inf,972.5224933131367,inf
0,26,inf,inf,inf,1441.0624552738857,inf
0,27,inf,inf,inf,1130.4795442642915,inf
0,28,inf,inf,inf,306.42617381679395,inf
0,29,inf,inf,inf,268.83452159274486,inf
0,30,inf,inf,inf,1031.4455875129818,inf
0,31,inf,inf,inf,688.3865193334337,inf
0,32,inf,inf,inf,1430.6002236823535,inf
0,33,inf,inf,inf,1384.4305688621587,inf
0,34,inf,inf,inf,525.8897222802515,inf
0,35,inf,inf,inf,723.9426772887477,inf
0,36,inf,inf,inf,1428.2023666133591,inf
0,37,inf,inf,inf,771.6229649252282,inf
0,38,inf,inf,inf,372.2391704267567,inf
0,39,inf,inf,inf,1399.235505552943,inf
0,40,inf,inf,inf,635.1511631100111,inf
0,41,inf,inf,inf,995.5300095928801,inf
0,42,inf,inf,inf,1038.6924472624223,inf
0,43,inf,inf,inf,1345.5500733900615,inf
0,44,inf,inf,inf,1179.5817055210716,inf
0,45,inf,inf,inf,788.9651449842382,inf
0,46,inf,inf,inf,1153.0845589114442,inf
0,47,inf,inf,inf,1239.1581819929206,inf
0,48,inf,inf,inf,536.7317765886421,inf
0,49,inf,inf,inf,1440.4266728993878,inf
0,50,inf,inf,inf,909.0929545431534,inf
0,51,inf,inf,inf,776.8970330745252,inf
0,52,inf,inf,inf,1469.944896926412,inf
0,53,inf,inf,inf,1092.4948512464487,inf
0,54,inf,inf,inf,1259.0798227276935,inf
0,55,inf,inf,inf,615.9512967759707,inf
0,56,inf,inf,inf,291.7276126800478,inf
0,57,inf,inf,inf,838.9523228408156,inf
0,58,inf,inf,inf,453.5570526405691,inf
0,59,inf,inf,inf,662.1819991512907,inf
0,60,inf,inf,inf,1480.5623931466043,inf
0,61,inf,inf,inf,843.1654641883763,inf
0,62,inf,inf,inf,953.2601953296906,inf
0,63,inf,inf,inf,1478.9743067409927,inf
0,64,inf,inf,inf,512.4451190127583,inf
0,65,inf,inf,inf,1464.0741101460676,inf
0,66,inf,inf,inf,1070.3181769922437,inf
0,67,inf,inf,inf,999.7924784674068,inf
0,68,inf,inf,inf,843.8921732069803,inf
0,69,inf,inf,inf,709.3299655308522,inf
0,70,inf,inf,inf,1301.918968292574,inf
0,71,inf,inf,inf,1334.9456917792575,inf
0,72,inf,inf,inf,1149.379397762114,inf
0,73,inf,inf,inf,745.6782147816845,inf
0,74,inf,inf,inf,587.0059624910125,inf
0,75,inf,inf,inf,1466.465478625392,inf
0,76,inf,inf,inf,843.2822777694312,inf
0,77,inf,inf,inf,580.9044671888829,inf
0,78,inf,inf,inf,929.7967519840022,inf
0,79,inf,inf,inf,952.6032752410628,inf
0,80,inf,inf,inf,480.98336769580715,inf
0,81,inf,inf,inf,896.7719888578144,inf
0,82,inf,inf,inf,309.6142761566398,inf
0,83,inf,inf,inf,799.9762496474505,inf
1,2,inf,inf,inf,879.5737604089835,inf
1,3,inf,inf,inf,596.6615456018596,inf
1,4,inf,inf,inf,392.577380907255,inf
1,5,inf,inf,inf,512.4451190127583,inf
1,6,inf,inf,inf,547.8549077995012,inf
1,7,inf,inf,inf,1047.9790074233358,inf
1,8,inf,inf,inf,980.8246530343739,inf
1,9,inf,inf,inf,305.7973184970725,inf
1,10,inf,inf,inf,690.8639518747523,inf
1,11,inf,inf,inf,809.0994994436717,inf
1,12,inf,inf,inf,267.04306768759227,inf
1,13,inf,inf,inf,1019.1727037161072,inf
1,14,inf,inf,inf,502.3982484045899,inf
1,15,inf,inf,inf,1112.4612352796837,inf
1,16,inf,inf,inf,814.3936394643563,inf
1,17,inf,inf,inf,1129.0496003276385,inf
1,18,inf,inf,inf,464.837606051834,inf
1,19,inf,inf,inf,346.5616828213991,inf
1,20,inf,inf,inf,263.6512848442048,inf
1,21,inf,inf,inf,520.3777474104749,inf
1,22,inf,inf,inf,855.1514485750463,inf
1,23,inf,inf,inf,104.5609869884557,inf
1,24,inf,inf,inf,622.4869476543263,inf
1,25,inf,inf,inf,228.67444107289296,inf
1,26,inf,inf,inf,521.8055193268849,inf
1,27,inf,inf,inf,891.5447268645584,inf
1,28,inf,inf,inf,1152.7224297288572,inf
1,29,inf,inf,inf,1015.5294185792945,inf
1,30,inf,inf,inf,751.6515149988059,inf
1,31,inf,inf,inf,828.0338157345991,inf
1,32,inf,inf,inf,565.1097238590042,inf
1,33,inf,inf,inf,312.49319992601437,inf
1,34,inf,inf,inf,1014.4180597761457,inf
1,35,inf,inf,inf,456.4263357870578,inf
1,36,inf,inf,inf,552.3712519673702,inf
1,37,inf,inf,inf,768.8653978428214,inf
1,38,inf,inf,inf,898.6845942821096,inf
1,39,inf,inf,inf,595.9060328608865,inf
1,40,inf,inf,inf,1106.6277603602757,inf
1,41,inf,inf,inf,453.50633953672576,inf
1,42,inf,inf,inf,865.4212846931835,inf
1,43,inf,inf,inf,689.0725651192333,inf
1,44,inf,inf,inf,178.7316424139833,inf
1,45,inf,inf,inf,370.74249823833253,inf
1,46,inf,inf,inf,298.18115299260614,inf
1,47,inf,inf,inf,161.94134740701648,inf
1,48,inf,inf,inf,972.6155458350437,inf
1,49,inf,inf,inf,523.6000381970956,inf
1,50,1.0,267.6396,267.63961030678956,247.8911051248108,1.0796660500264244
1,51,inf,inf,inf,901.6412812199761,inf
1,52,inf,inf,inf,382.89685295128766,inf
1,53,inf,inf,inf,683.1405419092033,inf
1,54,inf,inf,inf,426.27925119573905,inf
1,55,inf,inf,inf,896.6158597749652,inf
1,56,inf,inf,inf,953.9879454165026,inf
1,57,inf,inf,inf,334.75513438930255,inf
1,58,inf,inf,inf,703.8252624053786,inf
1,59,inf,inf,inf,515.9932170096812,inf
1,60,inf,inf,inf,363.46801785026423,inf
1,61,inf,inf,inf,688.433003276281,inf
1,62,inf,inf,inf,798.7997245868329,inf
1,63,inf,inf,inf,341.09382873338535,inf
1,64,inf,inf,inf,946.1014744730081,inf
1,65,inf,inf,inf,327.8673512260713,inf
1,66,inf,inf,inf,775.9903349913579,inf
1,67,inf,inf,inf,148.94629904767692,inf
1,68,inf,inf,inf,384.03385267447453,inf
1,69,inf,inf,inf,618.7382322113286,inf
1,70,inf,inf,inf,739.6194967684397,inf
1,71,inf,inf,inf,442.8859898438875,inf
1,72,inf,inf,inf,616.3318911106255,inf
1,73,inf,inf,inf,629.9841267841596,inf
1,74,inf,inf,inf,560.3891505016849,inf
1,75,inf,inf,inf,480.27596233832065,inf
1,76,inf,inf,inf,807.5995294698976,inf
1,77,inf,inf,inf,669.8970070092864,inf
1,78,inf,inf,inf,275.77164466275354,inf
1,79,inf,inf,inf,541.8643741749406,inf
1,80,inf,inf,inf,720.5060721465156,inf
1,81,inf,inf,inf,421.6776019662415,inf
1,82,inf,inf,inf,1023.1739832501606,inf
1,83,inf,inf,inf,368.66515973170016,inf
2,3,inf,inf,inf,421.81631073252726,inf
2,4,inf,inf,inf,879.6550460265661,inf
2,5,inf,inf,inf,940.9962805452527,inf
2,6,inf,inf,inf,341.62113517755307,inf
2,7,inf,inf,inf,1346.6142729081703,inf
2,8,inf,inf,inf,1414.4712793125211,inf
2,9,inf,inf,inf,580.1810062385704,inf
2,10,inf,inf,inf,919.2741702016868,inf
2,11,inf,inf,inf,126.39620247459969,inf
2,12,inf,inf,inf,734.2329330668845,inf
2,13,inf,inf,inf,1390.9266695264707,inf
2,14,inf,inf,inf,1079.9712959148499,inf
2,15,inf,inf,inf,650.7995082972943,inf
2,16,inf,inf,inf,1258.613920151847,inf
2,17,inf,inf,inf,1104.7284734268417,inf
2,18,inf,inf,inf,628.782951422826,inf
2,19,inf,inf,inf,538.9666037891402,inf
2,20,inf,inf,inf,905.3761649171023,inf
2,21,inf,inf,inf,646.9474476338862,inf
2,22,inf,inf,inf,1299.883840964261,inf
2,23,inf,inf,inf,775.0258060219672,inf
2,24,inf,inf,inf,533.2204047108474,inf
2,25,inf,inf,inf,882.0759604478517,inf
2,26,inf,inf,inf,1381.4358472256322,inf
2,27,inf,inf,inf,1463.6153866368036,inf
2,28,inf,inf,inf,1052.21528215475,inf
2,29,inf,inf,inf,924.883776482213,inf
2,30,inf,inf,inf,1315.5873213131845,inf
2,31,inf,inf,inf,1120.4543721187401,inf
2,32,inf,inf,inf,1410.2613233014654,inf
2,33,inf,inf,inf,1192.0176173194757,inf
2,34,inf,inf,inf,322.9643943223463,inf
2,35,inf,inf,inf,515.8730463980455,inf
2,36,inf,inf,inf,1400.1042818304643,inf
2,37,inf,inf,inf,1142.4762579590001,inf
2,38,inf,inf,inf,450.6084775056945,inf
2,39,inf,inf,inf,1419.9894365804275,inf
2,40,inf,inf,inf,1262.665830693141,inf
2,41,inf,inf,inf,1089.7164768874516,inf
2,42,inf,inf,inf,1390.924872162404,inf
2,43,inf,inf,inf,1457.9468440241571,inf
2,44,inf,inf,inf,1027.63077026722,inf
2,45,inf,inf,inf,762.3647421018367,inf
2,46,inf,inf,inf,1094.602210851047,inf
2,47,inf,inf,inf,1038.8094146666174,inf
2,48,inf,inf,inf,1107.0018066832592,inf
2,49,inf,inf,inf,1382.6152754833863,inf
2,50,inf,inf,inf,670.820393249937,inf
2,51,inf,inf,inf,46.14108798023731,inf
2,52,inf,inf,inf,1258.967831201417,inf
2,53,inf,inf,inf,365.7444463009657,inf
2,54,inf,inf,inf,1240.2854510152088,inf
2,55,inf,inf,inf,1113.7728673297802,inf
2,56,inf,inf,inf,884.312727489546,inf
2,57,inf,inf,inf,590.5869961318147,inf
2,58,inf,inf,inf,541.335385874598,inf
2,59,inf,inf,inf,498.1977519017925,inf
2,60,inf,inf,inf,1226.727761159745,inf
2,61,inf,inf,inf,1140.1412193232907,inf
2,62,inf,inf,inf,169.26015479137433,inf
2,63,inf,inf,inf,1177.4383211022139,inf
2,64,inf,inf,inf,1069.0004677267452,inf
2,65,inf,inf,inf,1088.1732398841648,inf
2,66,inf,inf,inf,1355.8705690441104,inf
2,67,inf,inf,inf,816.4343206896682,inf
2,68,inf,inf,inf,512.4451190127583,inf
2,69,inf,inf,inf,967.3412014382516,inf
2,70,inf,inf,inf,1468.1352117567374,inf
2,71,inf,inf,inf,767.7981505578142,inf
2,72,inf,inf,inf,460.3531253288067,inf
2,73,inf,inf,inf,270.66215102965543,inf
2,74,inf,inf,inf,576.7997919555797,inf
2,75,inf,inf,inf,1354.4124187262903,inf
2,76,inf,inf,inf,79.07591289387686,inf
2,77,inf,inf,inf,878.3552811932083,inf
2,78,inf,inf,inf,610.4424624811088,inf
2,79,inf,inf,inf,1119.8040007072666,inf
2,80,inf,inf,inf,450.4009325034752,inf
2,81,inf,inf,inf,978.293412019114,inf
2,82,inf,inf,inf,513.1013545100033,inf
2,83,inf,inf,inf,577.7092694426843,inf
3,4,inf,inf,inf,779.7397001564048,inf
3,5,inf,inf,inf,521.1765535785354,inf
3,6,inf,inf,inf,187.3018953454556,inf
3,7,inf,inf,inf,944.0132414325553,inf
3,8,inf,inf,inf,996.6684503885933,inf
3,9,inf,inf,inf,385.48800240733823,inf
3,10,inf,inf,inf,505.9169892383532,inf
3,11,inf,inf,inf,302.33259830855155,inf
3,12,inf,inf,inf,370.3903346471125,inf
3,13,inf,inf,inf,978.9177697845719,inf
3,14,inf,inf,inf,667.1469103578312,inf
3,15,inf,inf,inf,538.2573733819166,inf
3,16,inf,inf,inf,837.9427188060052,inf
3,17,inf,inf,inf,777.8444574592017,inf
3,18,inf,inf,inf,214.11445537375565,inf
3,19,inf,inf,inf,360.85454133209964,inf
3,20,inf,inf,inf,527.8115193892608,inf
3,21,inf,inf,inf,657.954405715168,inf
3,22,inf,inf,inf,879.6959702078894,inf
3,23,inf,inf,inf,504.5711049990873,inf
3,24,inf,inf,inf,128.5496013218244,inf
3,25,inf,inf,inf,514.3821536562092,inf
3,26,inf,inf,inf,1033.8471840654208,inf
3,27,inf,inf,inf,1042.1904816299177,inf
3,28,inf,inf,inf,753.128143146968,inf
3,29,inf,inf,inf,608.5926387987288,inf
3,30,inf,inf,inf,894.9620103669206,inf
3,31,inf,inf,inf,709.6935958566908,inf
3,32,inf,inf,inf,1050.2818669290639,inf
3,33,inf,inf,inf,891.6080977649317,inf
3,34,inf,inf,inf,428.6268773653841,inf
3,35,inf,inf,inf,141.40014144264495,inf
3,36,inf,inf,inf,1042.3036985447188,inf
3,37,inf,inf,inf,723.8763706600735,inf
3,38,inf,inf,inf,307.18886698576824,inf
3,39,inf,inf,inf,1047.6320919101324,inf
3,40,inf,inf,inf,887.36125676074,inf
3,41,inf,inf,inf,685.1313742633598,inf
3,42,inf,inf,inf,969.1114486992711,inf
3,43,inf,inf,inf,1063.4885989045674,inf
3,44,inf,inf,inf,698.2864741637203,inf
3,45,inf,inf,inf,360.0013888862097,inf
3,46,inf,inf,inf,732.1290869785191,inf
3,47,inf,inf,inf,733.3989364595507,inf
3,48,inf,inf,inf,727.6290263588994,inf
3,49,inf,inf,inf,1034.4206107768734,inf
3,50,inf,inf,inf,349.3665696657309,inf
3,51,inf,inf,inf,416.8069097315926,inf
3,52,inf,inf,inf,970.8702281973632,inf
3,53,inf,inf,inf,525.4883443046097,inf
3,54,inf,inf,inf,872.5508581165914,inf
3,55,inf,inf,inf,715.4166618132401,inf
3,56,inf,inf,inf,553.6930557628477,inf
3,57,inf,inf,inf,261.96182928052707,inf
3,58,inf,inf,inf,182.00274723201295,inf
3,59,inf,inf,inf,90.97252332435328,inf
3,60,inf,inf,inf,959.4352505510728,inf
3,61,inf,inf,inf,718.3488010709003,inf
3,62,inf,inf,inf,463.05291274324145,inf
3,63,inf,inf,inf,934.9331526906082,inf
3,64,inf,inf,inf,689.8441853056385,inf
3,65,inf,inf,inf,888.9600665946699,inf
3,66,inf,inf,inf,935.5746896961247,inf
3,67,inf,inf,inf,483.1997516555653,inf
3,68,inf,inf,inf,235.16164653276266,inf
3,69,inf,inf,inf,546.0567736050896,inf
3,70,inf,inf,inf,1063.4754346011007,inf
3,71,inf,inf,inf,716.0733202682529,inf
3,72,inf,inf,inf,557.2019382593711,inf
3,73,inf,inf,inf,182.98907071188705,inf
3,74,inf,inf,inf,155.97756248896826,inf
3,75,inf,inf,inf,1025.8118735908647,inf
3,76,inf,inf,inf,388.36065712170176,inf
3,77,inf,inf,inf,464.72464965826805,inf
3,78,inf,inf,inf,336.7862823809782,inf
3,79,inf,inf,inf,705.0248222580535,inf
3,80,inf,inf,inf,140.2355161861645,inf
3,81,inf,inf,inf,570.1482263411858,inf
3,82,inf,inf,inf,432.26149493101974,inf
3,83,inf,inf,inf,228.87769659798658,inf
4,5,inf,inf,inf,887.9239832327991,inf
4,6,inf,inf,inf,638.9522673877916,inf
4,7,inf,inf,inf,1431.1746923419237,inf
4,8,inf,inf,inf,1372.7031725759214,inf
4,9,inf,inf,inf,395.1822364428847,inf
4,10,inf,inf,inf,1043.7633831477324,inf
4,11,inf,inf,inf,863.1876968539345,inf
4,12,inf,inf,inf,591.7136131609615,inf
4,13,inf,inf,inf,1408.279091657616,inf
4,14,inf,inf,inf,894.5037730496166,inf
4,15,inf,inf,inf,1315.865114667913,inf
4,16,inf,inf,inf,1205.0037344340474,inf
4,17,inf,inf,inf,1460.1273917025185,inf
4,18,inf,inf,inf,745.2496226097669,inf
4,19,inf,inf,inf,419.4114924510295,inf
4,20,inf,inf,inf,650.256103393117,inf
4,21,inf,inf,inf,268.28715958837836,inf
4,22,inf,inf,inf,1246.3374342448355,inf
4,23,inf,inf,inf,381.5258837877189,inf
4,24,inf,inf,inf,860.0982502016848,inf
4,25,inf,inf,inf,612.7193484785673,inf
4,26,inf,inf,inf,805.5966732801222,inf
4,27,inf,inf,inf,1281.0733780701244,inf
4,28,inf,inf,inf,1467.1577965576846,inf
4,29,inf,inf,inf,1322.617480604275,inf
4,30,inf,inf,inf,1143.4793395597492,inf
4,31,inf,inf,inf,1202.9135463531866,inf
4,32,inf,inf,inf,866.0958376530856,inf
4,33,inf,inf,inf,549.1019941686608,inf
4,34,inf,inf,inf,1119.1268918223707,inf
4,35,inf,inf,inf,670.3939140535213,inf
4,36,inf,inf,inf,851.3618502141143,inf
4,37,inf,inf,inf,1152.066404336139,inf
4,38,inf,inf,inf,1077.7555381439709,inf
4,39,inf,inf,inf,916.6269688373783,inf
4,40,inf,inf,inf,1472.1114088274705,inf
4,41,inf,inf,inf,845.9225732890689,inf
4,42,inf,inf,inf,1257.6712607036864,inf
4,43,inf,inf,inf,1039.3507588874893,inf
4,44,inf,inf,inf,541.9391109709651,inf
4,45,inf,inf,inf,709.5921363713102,inf
4,46,inf,inf,inf,672.1822669484818,inf
4,47,inf,inf,inf,482.33598248523816,inf
4,48,inf,inf,inf,1328.0158131588644,inf
4,49,inf,inf,inf,808.2969751273353,inf
4,50,inf,inf,inf,516.0087208565375,inf
4,51,inf,inf,inf,916.9481991912083,inf
4,52,inf,inf,inf,565.3078807163403,inf
4,53,inf,inf,inf,553.8411324558696,inf
4,54,inf,inf,inf,774.0006459945624,inf
4,55,inf,inf,inf,1262.8938989479677,inf
4,56,inf,inf,inf,1261.0670085288887,inf
4,57,inf,inf,inf,563.9024738374536,inf
4,58,inf,inf,inf,940.1324374788906,inf
4,59,inf,inf,inf,731.2797002515522,inf
4,60,inf,inf,inf,498.6481725625794,inf
4,61,inf,inf,inf,1076.8904308238605,inf
4,62,inf,inf,inf,739.2563831310488,inf
4,63,inf,inf,inf,416.13699667297067,inf
4,64,inf,inf,inf,1297.6536517884886,inf
4,65,inf,inf,inf,279.69268849936,inf
4,66,inf,inf,inf,1166.6644761884197,inf
4,67,inf,inf,inf,512.4451190127583,inf
4,68,inf,inf,inf,549.2440259119802,inf
4,69,inf,inf,inf,989.3048064171123,inf
4,70,inf,inf,inf,1103.8378504110103,inf
4,71,inf,inf,inf,128.70508925446578,inf
4,72,inf,inf,inf,454.3214720877718,inf
4,73,inf,inf,inf,713.7653676103934,inf
4,74,inf,inf,inf,817.8147712043358,inf
4,75,inf,inf,inf,731.9808740670757,inf
4,76,inf,inf,inf,800.6559810555342,inf
4,77,inf,inf,inf,1015.73864748763,inf
4,78,inf,inf,inf,470.12445160829486,inf
4,79,inf,inf,inf,934.3543225136812,inf
4,80,inf,inf,inf,919.9347802969513,inf
4,81,inf,inf,inf,809.4596963407134,inf
4,82,inf,inf,inf,1199.4732177085073,inf
4,83,inf,inf,inf,602.1270630024862,inf
5,6,inf,inf,inf,635.9850627176711,inf
5,7,inf,inf,inf,544.7531551078893,inf
5,8,inf,inf,inf,520.7043306906521,inf
5,9,inf,inf,inf,596.2013082843747,inf
5,10,inf,inf,inf,205.75956842878534,inf
5,11,inf,inf,inf,823.4864904781377,inf
5,12,inf,inf,inf,315.12537187602015,inf
5,13,inf,inf,inf,534.6073325348241,inf
5,14,inf,inf,inf,165.71059109181888,inf
5,15,inf,inf,inf,829.6179843759415,inf
5,16,inf,inf,inf,348.75922926856,inf
5,17,inf,inf,inf,647.8248220005158,inf
5,18,inf,inf,inf,313.3209217399949,inf
5,19,inf,inf,inf,611.9321857853205,inf
5,20,inf,inf,inf,252.50742563338608,inf
5,21,inf,inf,inf,925.2615846343131,inf
5,22,inf,inf,inf,392.8612986793176,inf
5,23,inf,inf,inf,507.12621703082954,inf
5,24,inf,inf,inf,433.4166586553867,inf
5,25,inf,inf,inf,284.26044395940846,inf
5,26,inf,inf,inf,662.091383420748,inf
5,27,inf,inf,inf,524.3243271106157,inf
5,28,inf,inf,inf,692.5005415160338,inf
5,29,inf,inf,inf,576.3505877501991,inf
5,30,inf,inf,inf,374.7692623468472,inf
5,31,inf,inf,inf,316.10124960208555,inf
5,32,inf,inf,inf,649.3820139178479,inf
5,33,inf,inf,inf,648.3363324694984,inf
5,34,inf,inf,inf,900.8640296959359,inf
5,35,inf,inf,inf,438.5076966257263,inf
5,36,inf,inf,inf,647.1491327352607,inf
5,37,inf,inf,inf,267.9589520803513,inf
5,38,inf,inf,inf,700.7781389284344,inf
5,39,inf,inf,inf,619.5546787814616,inf
5,40,inf,inf,inf,594.9831930399379,inf
5,41,inf,inf,inf,214.89532335534898,inf
5,42,inf,inf,inf,458.1288028491551,inf
5,43,inf,inf,inf,585.0752088407096,inf
5,44,inf,inf,inf,457.98362416138855,inf
5,45,inf,inf,inf,211.53250341259616,inf
5,46,inf,inf,inf,390.7019324241947,inf
5,47,inf,inf,inf,532.6058580226095,inf
5,48,inf,inf,inf,468.53921927625225,inf
5,49,inf,inf,inf,661.272258604578,inf
5,50,inf,inf,inf,411.0985283359696,inf
5,51,inf,inf,inf,937.9301679762732,inf
5,52,inf,inf,inf,732.4165481472958,inf
5,53,inf,inf,inf,943.7653310013035,inf
5,54,inf,inf,inf,479.7603568449565,inf
5,55,inf,inf,inf,385.507457774814,inf
5,56,inf,inf,inf,521.3837358414626,inf
5,57,inf,inf,inf,428.2627698037736,inf
5,58,inf,inf,inf,474.60509900337144,inf
5,59,inf,inf,inf,443.46476748440796,inf
5,60,inf,inf,inf,762.4965573692775,inf
5,61,inf,inf,inf,216.0092590608097,inf
5,62,inf,inf,inf,953.1909567342736,inf
5,63,inf,inf,inf,788.0133247604383,inf
5,64,inf,inf,inf,446.6094490715574,inf
5,65,inf,inf,inf,825.5452743490208,inf
5,66,inf,inf,inf,414.87950057817994,inf
5,67,inf,inf,inf,375.8683280086259,inf
5,68,inf,inf,inf,509.22097364503753,inf
5,69,inf,inf,inf,108.2266141020775,inf
5,70,inf,inf,inf,563.6532622100221,inf
5,71,inf,inf,inf,901.2635574569739,inf
5,72,inf,inf,inf,927.0755093302811,inf
5,73,inf,inf,inf,680.6173668075184,inf
5,74,inf,inf,inf,372.7787547594417,inf
5,75,inf,inf,inf,695.5896778992627,inf
5,76,inf,inf,inf,898.9933258929123,inf
5,77,inf,inf,inf,205.0219500443794,inf
5,78,inf,inf,inf,491.4977110831748,inf
5,79,inf,inf,inf,193.61043360315063,inf
5,80,inf,inf,inf,551.2721650872643,inf
5,81,inf,inf,inf,122.0,inf
5,82,inf,inf,inf,799.565507009901,inf
5,83,inf,inf,inf,413.533553656774,inf
6,7,inf,inf,inf,1107.892142764809,inf
6,8,inf,inf,inf,1140.7970897578587,inf
6,9,inf,inf,inf,268.2927505543152,inf
6,10,inf,inf,inf,665.2773857572494,inf
6,11,inf,inf,inf,261.283371074395,inf
6,12,inf,inf,inf,395.2024797493052,inf
6,13,inf,inf,inf,1133.0004413061806,inf
6,14,inf,inf,inf,758.6178220948939,inf
6,15,inf,inf,inf,686.9970887856804,inf
6,16,inf,inf,inf,974.7912597064051,inf
6,17,inf,inf,inf,964.7300140453805,inf
6,18,inf,inf,inf,327.8734511972569,inf
6,19,inf,inf,inf,231.36551169091732,inf
6,20,inf,inf,inf,566.8059632713827,inf
6,21,inf,inf,inf,482.3297627142658,inf
6,22,inf,inf,inf,1018.0967537518229,inf
6,23,inf,inf,inf,444.42547181726655,inf
6,24,inf,inf,inf,311.9246703933499,inf
6,25,inf,inf,inf,541.8533011803103,inf
6,26,inf,inf,inf,1040.6238513507174,inf
6,27,inf,inf,inf,1158.913715511211,inf
6,28,inf,inf,inf,940.2489032165897,inf
6,29,inf,inf,inf,795.8800160828264,inf
6,30,inf,inf,inf,1007.6333658628023,inf
6,31,inf,inf,inf,868.4405563998033,inf
6,32,inf,inf,inf,1068.6898521086462,inf
6,33,inf,inf,inf,859.4120082940428,inf
6,34,inf,inf,inf,488.4516352721117,inf
6,35,inf,inf,inf,197.6866206904251,inf
6,36,inf,inf,inf,1058.5995465708456,inf
6,37,inf,inf,inf,869.2715341019743,inf
6,38,inf,inf,inf,445.66915980354753,inf
6,39,inf,inf,inf,1078.655181232631,inf
6,40,inf,inf,inf,1065.6547283243292,inf
6,41,inf,inf,inf,760.4242237067413,inf
6,42,inf,inf,inf,1093.9803471726536,inf
6,43,inf,inf,inf,1120.8612759837856,inf
6,44,inf,inf,inf,687.8153822065918,inf
6,45,inf,inf,inf,438.6171451277298,inf
6,46,inf,inf,inf,753.0956114597933,inf
6,47,inf,inf,inf,703.5481504488516,inf
6,48,inf,inf,inf,905.8929296555967,inf
6,49,inf,inf,inf,1041.7466102656633,inf
6,50,inf,inf,inf,329.2795165205391,inf
6,51,inf,inf,inf,357.4045327076868,inf
6,52,inf,inf,inf,930.5294192017789,inf
6,53,inf,inf,inf,341.525987298185,inf
6,54,inf,inf,inf,898.8553832513883,inf
6,55,inf,inf,inf,884.7965867926932,inf
6,56,inf,inf,inf,740.908901282742,inf
6,57,inf,inf,inf,249.8039231077046,inf
6,58,inf,inf,inf,368.9132689400044,inf
6,59,inf,inf,inf,210.261741645978,inf
6,60,inf,inf,inf,905.0801069518653,inf
6,61,inf,inf,inf,847.325793305031,inf
6,62,inf,inf,inf,317.6161204976851,inf
6,63,inf,inf,inf,864.9728319432929,inf
6,64,inf,inf,inf,868.5649083401885,inf
6,65,inf,inf,inf,794.3198348272565,inf
6,66,inf,inf,inf,1046.1825844469024,inf
6,67,inf,inf,inf,475.0789408087881,inf
6,68,inf,inf,inf,171.05846953600397,inf
6,69,inf,inf,inf,684.4618323909668,inf
6,70,inf,inf,inf,1136.0079225075854,inf
6,71,inf,inf,inf,557.4952914599369,inf
6,72,inf,inf,inf,370.0,inf
6,73,inf,inf,inf,83.24061508662703,inf
6,74,inf,inf,inf,317.5169286825507,inf
6,75,inf,inf,inf,1016.2598093007516,inf
6,76,inf,inf,inf,279.8035024798653,inf
6,77,inf,inf,inf,624.7919653772766,inf
6,78,inf,inf,inf,273.2489707208428,inf
6,79,inf,inf,inf,800.5460636340672,inf
6,80,inf,inf,inf,312.697937313312,inf
6,81,inf,inf,inf,653.5786104211184,inf
6,82,inf,inf,inf,563.7055969209459,inf
6,83,inf,inf,inf,240.95850265139018,inf
7,8,inf,inf,inf,199.9124808509964,inf
7,9,inf,inf,inf,1130.2760724707923,inf
7,10,inf,inf,inf,442.7200018070112,inf
7,11,inf,inf,inf,1220.2696423332018,inf
7,12,inf,inf,inf,856.3854272464006,inf
7,13,inf,inf,inf,107.28000745712129,inf
7,14,inf,inf,inf,562.8854235099715,inf
7,15,inf,inf,inf,955.6411460375699,inf
7,16,inf,inf,inf,264.62237244798484,inf
7,17,inf,inf,inf,437.90524089122295,inf
7,18,inf,inf,inf,789.335163286167,inf
7,19,inf,inf,inf,1140.317938120768,inf
7,20,inf,inf,inf,784.3902090158954,inf
7,21,inf,inf,inf,1463.1763393384954,inf
7,22,inf,inf,inf,242.15697388264496,inf
7,23,inf,inf,inf,1051.41856555798,inf
7,24,inf,inf,inf,819.3814740400225,inf
7,25,inf,inf,inf,820.4242804793139,inf
7,26,inf,inf,inf,1014.316025704021,inf
7,27,inf,inf,inf,420.1713936002783,inf
7,28,inf,inf,inf,534.2293514961528,inf
7,29,inf,inf,inf,540.0,inf
7,30,inf,inf,inf,417.4685616905781,inf
7,31,inf,inf,inf,242.099153240981,inf
7,32,inf,inf,inf,968.649059257273,inf
7,33,inf,inf,inf,1109.1654520404068,inf
7,34,inf,inf,inf,1187.7844922375439,inf
7,35,inf,inf,inf,920.0244561966817,inf
7,36,inf,inf,inf,974.6312123054545,inf
7,37,inf,inf,inf,279.3313444638822,inf
7,38,inf,inf,inf,965.1372959325528,inf
7,39,inf,inf,inf,907.0766230038122,inf
7,40,inf,inf,inf,199.46177578674065,inf
7,41,inf,inf,inf,628.2228903820682,inf
7,42,inf,inf,inf,342.79148180781857,inf
7,43,inf,inf,inf,780.9692695618695,inf
7,44,inf,inf,inf,955.6594581753482,inf
7,45,inf,inf,inf,743.8077708655644,inf
7,46,inf,inf,inf,848.3984912763577,inf
7,47,inf,inf,inf,1033.414244144138,inf
7,48,inf,inf,inf,273.5854528296415,inf
7,49,inf,inf,inf,1012.1012795170254,inf
7,50,inf,inf,inf,949.4682722450498,inf
7,51,inf,inf,inf,1328.6628616771072,inf
7,52,inf,inf,inf,1183.0004226541932,inf
7,53,inf,inf,inf,1442.6617760237498,inf
7,54,inf,inf,inf,860.4010692694425,inf
7,55,inf,inf,inf,233.45235059857504,inf
7,56,inf,inf,inf,537.3425350742299,inf
7,57,inf,inf,inf,949.7204851955127,inf
7,58,inf,inf,inf,805.8697165175026,inf
7,59,inf,inf,inf,897.661963101924,inf
7,60,inf,inf,inf,1232.5003042595974,inf
7,61,inf,inf,inf,365.1410686296462,inf
7,62,inf,inf,inf,1407.0511717773452,inf
7,63,inf,inf,inf,1278.6199591747345,inf
7,64,inf,inf,inf,305.0639277266324,inf
7,65,inf,inf,inf,1342.2641319799916,inf
7,66,inf,inf,inf,434.1393785410395,inf
7,67,inf,inf,inf,918.7736391516682,inf
7,68,inf,inf,inf,1020.4283414331454,inf
7,69,inf,inf,inf,451.0931167730228,inf
7,70,inf,inf,inf,698.8225812035555,inf
7,71,inf,inf,inf,1445.6112893859124,inf
7,72,inf,inf,inf,1443.130278249334,inf
7,73,inf,inf,inf,1126.2557436035565,inf
7,74,inf,inf,inf,793.0094576989609,inf
7,75,inf,inf,inf,1083.0960252904633,inf
7,76,inf,inf,inf,1327.5921813569105,inf
7,77,inf,inf,inf,483.1004036429694,inf
7,78,inf,inf,inf,1025.363350232492,inf
7,79,inf,inf,inf,534.5774031887244,inf
7,80,inf,inf,inf,897.6062611189831,inf
7,81,inf,inf,inf,626.8460736097818,inf
7,82,inf,inf,inf,1005.6823554184492,inf
7,83,inf,inf,inf,925.7699498255492,inf
8,9,inf,inf,inf,1115.4967503314388,inf
8,10,inf,inf,inf,496.56822290597694,inf
8,11,inf,inf,inf,1289.9259668678665,inf
8,12,inf,inf,inf,832.3755162184914,inf
8,13,inf,inf,inf,94.08506789071261,inf
8,14,inf,inf,inf,478.44017389847187,inf
8,15,inf,inf,inf,1100.3931115742228,inf
8,16,inf,inf,inf,172.6267650163207,inf
8,17,inf,inf,inf,623.9631399369678,inf
8,18,inf,inf,inf,813.0713375836095,inf
8,19,inf,inf,inf,1132.4398438769276,inf
8,20,inf,inf,inf,724.6716497835416,inf
8,21,inf,inf,inf,1440.867794074113,inf
8,22,inf,inf,inf,128.86038956948718,inf
8,23,inf,inf,inf,1003.7230693772062,inf
8,24,inf,inf,inf,881.4153390995643,inf
8,25,inf,inf,inf,763.1572577129828,inf
8,26,inf,inf,inf,860.3464418477013,inf
8,27,inf,inf,inf,224.08257406590099,inf
8,28,inf,inf,inf,717.3018890258131,inf
8,29,inf,inf,inf,698.997138763815,inf
8,30,inf,inf,inf,261.5205536855564,inf
8,31,inf,inf,inf,305.5306858565928,inf
8,32,inf,inf,inf,808.1039537089272,inf
8,33,inf,inf,inf,988.9635989256632,inf
8,34,inf,inf,inf,1295.5790211330223,inf
8,35,inf,inf,inf,944.6025619275018,inf
8,36,inf,inf,inf,815.8903112551343,inf
8,37,inf,inf,inf,272.90474528670256,inf
8,38,inf,inf,inf,1073.5012808562456,inf
8,39,inf,inf,inf,741.9818057068516,inf
8,40,inf,inf,inf,396.8400181433319,inf
8,41,inf,inf,inf,532.3692327698888,inf
8,42,inf,inf,inf,159.67780058605516,inf
8,43,inf,inf,inf,603.8840948393988,inf
8,44,inf,inf,inf,861.1527158408084,inf
8,45,inf,inf,inf,732.1645989803112,inf
8,46,inf,inf,inf,741.0971596221375,inf
8,47,inf,inf,inf,937.1840801037969,inf
8,48,inf,inf,inf,433.2666615376724,inf
8,49,inf,inf,inf,857.8449743397696,inf
8,50,inf,inf,inf,929.5122376816779,inf
8,51,inf,inf,inf,1402.4621207005914,inf
8,52,inf,inf,inf,1055.7220278084567,inf
8,53,inf,inf,inf,1461.0770000242971,inf
8,54,inf,inf,inf,723.9509651903228,inf
8,55,inf,inf,inf,354.7745763157219,inf
8,56,inf,inf,inf,683.3944688099253,inf
8,57,inf,inf,inf,948.440825776706,inf
8,58,inf,inf,inf,886.0547387153911,inf
8,59,inf,inf,inf,935.2218988026318,inf
8,60,inf,inf,inf,1112.4926966052406,inf
8,61,inf,inf,inf,306.27601930285044,inf
8,62,inf,inf,inf,1452.8268995307046,inf
8,63,inf,inf,inf,1168.2533971703228,inf
8,64,inf,inf,inf,455.34272806315903,inf
8,65,inf,inf,inf,1248.3565195888552,inf
8,66,inf,inf,inf,264.1514716975849,inf
8,67,inf,inf,inf,869.0327956987584,inf
8,68,inf,inf,inf,1027.7027780443138,inf
8,69,inf,inf,inf,456.3441683641854,inf
8,70,inf,inf,inf,516.0852642732594,inf
8,71,inf,inf,inf,1404.483178966555,inf
8,72,inf,inf,inf,1447.5752139353588,inf
8,73,inf,inf,inf,1172.8294846225515,inf
8,74,inf,inf,inf,840.7883205658842,inf
8,75,inf,inf,inf,936.6077087019944,inf
8,76,inf,inf,inf,1385.0068591887912,inf
8,77,inf,inf,inf,536.9627547605141,inf
8,78,inf,inf,inf,1011.30460297578,inf
8,79,inf,inf,inf,440.07272126320214,inf
8,80,inf,inf,inf,977.2256648287539,inf
8,81,inf,inf,inf,567.0352722714875,inf
8,82,inf,inf,inf,1131.8807357668034,inf
8,83,inf,inf,inf,931.5497839621885,inf
9,10,inf,inf,inf,705.2836308890204,inf
9,11,inf,inf,inf,523.4825689552614,inf
9,12,inf,inf,inf,283.5912551543154,inf
9,13,inf,inf,inf,1129.9969026506224,inf
9,14,inf,inf,inf,666.4322921347674,inf
9,15,inf,inf,inf,923.2518616282341,inf
9,16,inf,inf,inf,942.9066761880521,inf
9,17,inf,inf,inf,1089.9747703502132,inf
9,18,inf,inf,inf,371.5400382193015,inf
9,19,1.0,44.6985,44.698484809834994,41.340053217188775,1.0812391695531205
9,20,inf,inf,inf,426.1267417095529,inf
9,21,inf,inf,inf,333.65401241405743,inf
9,22,inf,inf,inf,986.8596658086701,inf
9,23,inf,inf,inf,203.03940504246953,inf
9,24,inf,inf,inf,466.93254330791723,inf
9,25,inf,inf,inf,390.287073831558,inf
9,26,inf,inf,inf,824.357325436003,inf
9,27,inf,inf,inf,1081.1567878897122,inf
9,28,inf,inf,inf,1087.421261517357,inf
9,29,inf,inf,inf,941.3458450537719,inf
9,30,inf,inf,inf,930.3096258773205,inf
9,31,inf,inf,inf,889.9887639740178,inf
9,32,inf,inf,inf,863.0092699386258,inf
9,33,inf,inf,inf,615.6005198178442,inf
9,34,inf,inf,inf,756.076715684328,inf
9,35,inf,inf,inf,277.96582523756405,inf
9,36,inf,inf,inf,851.099289154914,inf
9,37,inf,inf,inf,861.307146144742,inf
9,38,inf,inf,inf,687.7804882373446,inf
9,39,inf,inf,inf,886.0022573334675,inf
9,40,inf,inf,inf,1135.3400371694815,inf
9,41,inf,inf,inf,644.0403714053957,inf
9,42,inf,inf,inf,1033.4069866224052,inf
9,43,inf,inf,inf,957.6768766134014,inf
9,44,inf,inf,inf,471.42867965366725,inf
9,45,inf,inf,inf,387.4970967633177,inf
9,46,inf,inf,inf,566.2578917772361,inf
9,47,inf,inf,inf,467.68044645890427,inf
9,48,inf,inf,inf,981.8966340710207,inf
9,49,inf,inf,inf,825.9691277523634,inf
9,50,inf,inf,inf,186.18807695446023,inf
9,51,inf,inf,inf,606.0635280232593,inf
9,52,inf,inf,inf,679.5660379977799,inf
9,53,inf,inf,inf,392.23079940259663,inf
9,54,inf,inf,inf,708.6621197721803,inf
9,55,inf,inf,inf,932.9222904400988,inf
9,56,inf,inf,inf,880.7366235146577,inf
9,57,inf,inf,inf,188.04520733057782,inf
9,58,inf,inf,inf,545.8809393997925,inf
9,59,inf,inf,inf,337.33810932060436,inf
9,60,inf,inf,inf,646.6969924160774,inf
9,61,inf,inf,inf,809.2490345993624,inf
9,62,inf,inf,inf,493.0365098042943,inf
9,63,inf,inf,inf,600.5772223453034,inf
9,64,inf,inf,inf,948.1286832492729,inf
9,65,inf,inf,inf,526.0313678859845,inf
9,66,inf,inf,inf,963.3509225614516,inf
9,67,inf,inf,inf,290.6217472936256,inf
9,68,inf,inf,inf,154.434452114805,inf
9,69,inf,inf,inf,679.6123895280309,inf
9,70,inf,inf,inf,992.0126007264222,inf
9,71,inf,inf,inf,346.71602212761957,inf
9,72,inf,inf,inf,345.8973836269942,inf
9,73,inf,inf,inf,350.8275929855005,inf
9,74,inf,inf,inf,430.20460248584044,inf
9,75,inf,inf,inf,786.0311698654195,inf
9,76,inf,inf,inf,505.75586996099213,inf
9,77,inf,inf,inf,670.9649767312746,inf
9,78,inf,inf,inf,105.08092119885512,inf
9,79,inf,inf,inf,710.5131948106242,inf
9,80,inf,inf,inf,525.4302998495614,inf
9,81,inf,inf,inf,562.0,inf
9,82,inf,inf,inf,811.33531908823,inf
9,83,inf,inf,inf,221.63483480716653,inf
10,11,inf,inf,inf,794.1366381171441,inf
10,12,inf,inf,inf,452.10286440145455,inf
10,13,inf,inf,inf,473.0919572345317,inf
10,14,inf,inf,inf,347.0864445638867,inf
10,15,inf,inf,inf,671.8042869764973,inf
10,16,inf,inf,inf,352.27829907617075,inf
10,17,inf,inf,inf,445.25273721786374,inf
10,18,inf,inf,inf,348.81083698761427,inf
10,19,inf,inf,inf,710.1380147548784,inf
10,20,inf,inf,inf,444.6493000106938,inf
10,21,inf,inf,inf,1038.495064985867,inf
10,22,inf,inf,inf,389.52406857599954,inf
10,23,inf,inf,inf,664.8308055437865,inf
10,24,inf,inf,inf,386.15670394284234,inf
10,25,inf,inf,inf,470.4434078611369,inf
10,26,inf,inf,inf,862.020881417614,inf
10,27,inf,inf,inf,584.7606347899967,inf
10,28,inf,inf,inf,486.7792107311075,inf
10,29,inf,inf,inf,373.08578102093355,inf
10,30,inf,inf,inf,458.5073609005639,inf
10,31,inf,inf,inf,204.0612653102004,inf
10,32,inf,inf,inf,844.1350602836018,inf
10,33,inf,inf,inf,852.9554501848265,inf
10,34,inf,inf,inf,809.5338164647602,inf
10,35,inf,inf,inf,478.13178099766594,inf
10,36,inf,inf,inf,843.2016366208026,inf
10,37,inf,inf,inf,228.97379762758882,inf
10,38,inf,inf,inf,591.6324872756735,inf
10,39,inf,inf,inf,807.66639152561,inf
10,40,inf,inf,inf,431.3444099556641,inf
10,41,inf,inf,inf,409.12223112414705,inf
10,42,inf,inf,inf,499.2884937588688,inf
10,43,inf,inf,inf,750.1786453905496,inf
10,44,inf,inf,inf,658.9233642844971,inf
10,45,inf,inf,inf,334.1870733586205,inf
10,46,inf,inf,inf,596.4603926498389,inf
10,47,inf,inf,inf,731.4711204141965,inf
10,48,inf,inf,inf,284.42925306655786,inf
10,49,inf,inf,inf,861.0052264649734,inf
10,50,inf,inf,inf,535.0224294363742,inf
10,51,inf,inf,inf,906.2008607367353,inf
10,52,inf,inf,inf,937.4246636396975,inf
10,53,inf,inf,inf,1000.3689319446102,inf
10,54,inf,inf,inf,680.2124668072469,inf
10,55,inf,inf,inf,228.08112591795052,inf
10,56,inf,inf,inf,320.8987379221053,inf
10,57,inf,inf,inf,519.0761023202667,inf
10,58,inf,inf,inf,390.636659825982,inf
10,59,inf,inf,inf,455.12635608147326,inf
10,60,inf,inf,inf,965.3703952369784,inf
10,61,inf,inf,inf,263.0304164920856,inf
10,62,inf,inf,inf,967.7076004661739,inf
10,63,inf,inf,inf,986.6326570715162,inf
10,64,inf,inf,inf,255.69708641280997,inf
10,65,inf,inf,inf,1013.7149500722577,inf
10,66,inf,inf,inf,499.9399963995679,inf
10,67,inf,inf,inf,544.8247424631154,inf
10,68,inf,inf,inf,583.4423707616717,inf
10,69,inf,inf,inf,114.58621208504974,inf
10,70,inf,inf,inf,710.202787941585,inf
10,71,inf,inf,inf,1037.844400669002,inf
10,72,inf,inf,inf,1004.0567713032964,inf
10,73,inf,inf,inf,686.4553882081486,inf
10,74,inf,inf,inf,352.115038020247,inf
10,75,inf,inf,inf,899.6143618239985,inf
10,76,inf,inf,inf,893.3039796172409,inf
10,77,1.0,42.6569,42.65685424949238,41.19465984809196,1.0354947560385828
10,78,inf,inf,inf,602.4890040490366,inf
10,79,inf,inf,inf,357.5304182863327,inf
10,80,inf,inf,inf,481.17564360636544,inf
10,81,inf,inf,inf,327.7148150450327,inf
10,82,inf,inf,inf,668.9289947371096,inf
10,83,inf,inf,inf,491.1710496354605,inf
11,12,inf,inf,inf,637.2268042071049,inf
11,13,inf,inf,inf,1265.2055169022935,inf
11,14,inf,inf,inf,967.1866417605239,inf
11,15,inf,inf,inf,558.9168095521909,inf
11,16,inf,inf,inf,1135.574304041792,inf
11,17,inf,inf,inf,983.6122203388894,inf
11,18,inf,inf,inf,513.8871471441954,inf
11,19,inf,inf,inf,483.8935833424535,inf
11,20,inf,inf,inf,806.1327434114062,inf
11,21,inf,inf,inf,656.0617349000016,inf
11,22,inf,inf,inf,1176.4735441139337,inf
11,23,inf,inf,inf,705.7003613432545,inf
11,24,inf,inf,inf,408.53396431630995,inf
11,25,inf,inf,inf,785.886760290565,inf
11,26,inf,inf,inf,1295.4632376103923,inf
11,27,inf,inf,inf,1344.036457838849,inf
11,28,inf,inf,inf,934.4650876303513,inf
11,29,inf,inf,inf,804.0161689916441,inf
11,30,inf,inf,inf,1197.2276308204719,inf
11,31,inf,inf,inf,994.7351406278959,inf
11,32,inf,inf,inf,1320.0246209825027,inf
11,33,inf,inf,inf,1120.3794000248308,inf
11,34,inf,inf,inf,266.31184727683444,inf
11,35,inf,inf,inf,409.92804246599184,inf
11,36,inf,inf,inf,1310.6105447462262,inf
11,37,inf,inf,inf,1018.4007069911136,inf
11,38,inf,inf,inf,340.3527581789224,inf
11,39,inf,inf,inf,1325.2328097357083,inf
11,40,inf,inf,inf,1137.1442300781375,inf
11,41,inf,inf,inf,981.0045871452386,inf
11,42,inf,inf,inf,1269.7873837773,inf
11,43,inf,inf,inf,1354.452287827076,inf
11,44,inf,inf,inf,945.2306596804824,inf
11,45,inf,inf,inf,653.2442116084918,inf
11,46,inf,inf,inf,1001.9151660694632,inf
11,47,inf,inf,inf,964.0129667177719,inf
11,48,inf,inf,inf,981.073391750077,inf
11,49,inf,inf,inf,1296.4370405075597,inf
11,50,inf,inf,inf,584.1438179078847,inf
11,51,inf,inf,inf,114.49454135459908,inf
11,52,inf,inf,inf,1191.812065721773,inf
11,53,inf,inf,inf,405.98152667332045,inf
11,54,inf,inf,inf,1146.5513507907092,inf
11,55,inf,inf,inf,987.3894874870807,inf
11,56,inf,inf,inf,761.6068539607558,inf
11,57,inf,inf,inf,499.0040079999358,inf
11,58,inf,inf,inf,414.9457795905388,inf
11,59,inf,inf,inf,384.1314879048579,inf
11,60,inf,inf,inf,1165.8031566263662,inf
11,61,inf,inf,inf,1018.9141278832088,inf
11,62,inf,inf,inf,242.20033030530738,inf
11,63,inf,inf,inf,1123.6320572144602,inf
11,64,inf,inf,inf,943.0429470602068,inf
11,65,inf,inf,inf,1046.29106848907,inf
11,66,inf,inf,inf,1237.8873131266837,inf
11,67,inf,inf,inf,729.937668571776,inf
11,68,inf,inf,inf,428.74701165139334,inf
11,69,inf,inf,inf,845.156198581067,inf
11,70,inf,inf,inf,1360.0091911454128,inf
11,71,inf,inf,inf,762.4499983605482,inf
11,72,inf,inf,inf,486.25199228383633,inf
11,73,inf,inf,inf,179.49373248110922,inf
11,74,inf,inf,inf,455.1593127686173,inf
11,75,inf,inf,inf,1274.7756665390189,inf
11,76,inf,inf,inf,131.88252348207476,inf
11,77,inf,inf,inf,753.3312684337482,inf
11,78,inf,inf,inf,534.0337068013591,inf
11,79,inf,inf,inf,1005.9448295011014,inf
11,80,inf,inf,inf,324.1249758966439,inf
11,81,inf,inf,inf,867.6739018778887,inf
11,82,inf,inf,inf,420.7766628509713,inf
11,83,inf,inf,inf,480.52055106935853,inf
12,13,inf,inf,inf,849.7205422961127,inf
12,14,inf,inf,inf,387.7782871693566,inf
12,15,inf,inf,inf,855.2110850544443,inf
12,16,inf,inf,inf,659.7491947702551,inf
12,17,inf,inf,inf,875.4296088207207,inf
12,18,inf,inf,inf,201.20139164528658,inf
12,19,inf,inf,inf,304.04111564063174,inf
12,20,inf,inf,inf,171.6041957529011,inf
12,21,inf,inf,inf,610.1745651860622,inf
12,22,inf,inf,inf,703.6277424888817,inf
12,23,inf,inf,inf,215.67800073257357,inf
12,24,inf,inf,inf,366.4887447112121,inf
12,25,inf,inf,inf,148.66068747318505,inf
12,26,inf,inf,inf,664.5607571922976,inf
12,27,inf,inf,inf,802.0,inf
12,28,inf,inf,inf,892.3099237372629,inf
12,29,inf,inf,inf,752.4705974322186,inf
12,30,inf,inf,inf,650.246107254784,inf
12,31,inf,inf,inf,619.9161233586364,inf
12,32,inf,inf,inf,684.424575829945,inf
12,33,inf,inf,inf,529.365658123003,inf
12,34,inf,inf,inf,799.0118897738631,inf
12,35,inf,inf,inf,233.09440147716975,inf
12,36,inf,inf,inf,675.6345165842255,inf
12,37,inf,inf,inf,582.5135191564227,inf
12,38,inf,inf,inf,654.2491880010245,inf
12,39,inf,inf,inf,688.0116278087166,inf
12,40,inf,inf,inf,881.62180100086,inf
12,41,inf,inf,inf,375.04666376332426,inf
12,42,inf,inf,inf,751.0006657786663,inf
12,43,inf,inf,inf,725.7582242041767,inf
12,44,inf,inf,inf,330.0802932621092,inf
12,45,inf,inf,inf,117.92370414806346,inf
12,46,inf,inf,inf,365.60087527247526,inf
12,47,inf,inf,inf,373.8355253316624,inf
12,48,inf,inf,inf,736.3022477216812,inf
12,49,inf,inf,inf,665.2435644183264,inf
12,50,inf,inf,inf,97.41663102366043,inf
12,51,inf,inf,inf,744.5998925597559,inf
12,52,inf,inf,inf,611.864364054649,inf
12,53,inf,inf,inf,653.655107835929,inf
12,54,inf,inf,inf,509.47227598761447,inf
12,55,inf,inf,inf,673.4508148335705,inf
12,56,inf,inf,inf,690.6554857524843,inf
12,57,inf,inf,inf,146.63219291819925,inf
12,58,inf,inf,inf,445.18984714388984,inf
12,59,inf,inf,inf,280.6153951585693,inf
12,60,inf,inf,inf,611.0032733136542,inf
12,61,inf,inf,inf,526.106453106213,inf
12,62,inf,inf,inf,702.2997935354957,inf
12,63,inf,inf,inf,602.8805851907988,inf
12,64,inf,inf,inf,706.1019756380801,inf
12,65,inf,inf,inf,593.1214040986887,inf
12,66,inf,inf,inf,684.8072721576488,inf
12,67,inf,inf,inf,124.19742348374221,inf
12,68,inf,inf,inf,232.1077336066164,inf
12,69,inf,inf,inf,406.0898915264944,inf
12,70,inf,inf,inf,743.8904489237646,inf
12,71,inf,inf,inf,590.7452919829324,inf
12,72,inf,inf,inf,623.6288960591868,inf
12,73,inf,inf,inf,464.1723817721171,inf
12,74,inf,inf,inf,300.0599940011997,inf
12,75,inf,inf,inf,655.6226048573981,inf
12,76,inf,inf,inf,675.0,inf
12,77,inf,inf,inf,424.3229901855425,inf
12,78,inf,inf,inf,181.00276240985937,inf
12,79,inf,inf,inf,431.7788785941248,inf
12,80,inf,inf,inf,475.29464545689973,inf
12,81,inf,inf,inf,281.60255680657446,inf
12,82,inf,inf,inf,776.1320763890641,inf
12,83,inf,inf,inf,156.97770542341354,inf
13,14,inf,inf,inf,520.8694654133606,inf
13,15,inf,inf,inf,1038.8209662882243,inf
13,16,inf,inf,inf,207.20038610002638,inf
13,17,inf,inf,inf,540.283259041033,inf
13,18,inf,inf,inf,807.8025748906722,inf
13,19,inf,inf,inf,1143.776201885666,inf
13,20,inf,inf,inf,758.0270443724287,inf
13,21,inf,inf,inf,1459.868487227531,inf
13,22,inf,inf,inf,171.82840277439584,inf
13,23,inf,inf,inf,1033.1195477775068,inf
13,24,inf,inf,inf,858.5947821877326,inf
13,25,inf,inf,inf,795.6538191952578,inf
13,26,inf,inf,inf,937.7846234610589,inf
13,27,inf,inf,inf,317.5106297433206,inf
13,28,inf,inf,inf,635.4163989070474,inf
13,29,inf,inf,inf,629.1049197073569,inf
13,30,inf,inf,inf,336.0133925902359,inf
13,31,inf,inf,inf,270.4755072090632,inf
13,32,inf,inf,inf,888.2814869172947,inf
13,33,inf,inf,inf,1051.696248923614,inf
13,34,inf,inf,inf,1252.5513961510721,inf
13,35,inf,inf,inf,939.809555175941,inf
13,36,inf,inf,inf,895.3038590333451,inf
13,37,inf,inf,inf,269.3120866207085,inf
13,38,inf,inf,inf,1029.5751551003939,inf
13,39,inf,inf,inf,823.9714800889652,inf
13,40,inf,inf,inf,306.2972412543084,inf
13,41,inf,inf,inf,581.0550748423078,inf
13,42,inf,inf,inf,246.71643642043796,inf
13,43,inf,inf,inf,690.6518659932802,inf
13,44,inf,inf,inf,911.6424737801547,inf
13,45,inf,inf,inf,742.8788595726762,inf
13,46,inf,inf,inf,796.9046367037903,inf
13,47,inf,inf,inf,988.7982605162694,inf
13,48,inf,inf,inf,360.76030823803217,inf
13,49,inf,inf,inf,935.4025871249235,inf
13,50,inf,inf,inf,945.5606802315756,inf
13,51,inf,inf,inf,1376.0494177172563,inf
13,52,inf,inf,inf,1121.8096986565947,inf
13,53,inf,inf,inf,1461.0715246010375,inf
13,54,inf,inf,inf,793.1235717087218,inf
13,55,inf,inf,inf,296.73051747334654,inf
13,56,inf,inf,inf,619.6063266300628,inf
13,57,inf,inf,inf,955.8284364884736,inf
13,58,inf,inf,inf,854.6958523357885,inf
13,59,inf,inf,inf,924.2618676544002,inf
13,60,inf,inf,inf,1175.4573577973808,inf
13,61,inf,inf,inf,331.4045865705543,inf
13,62,inf,inf,inf,1439.878467093664,inf
13,63,inf,inf,inf,1227.011002395659,inf
13,64,inf,inf,inf,387.3306081372863,inf
13,65,inf,inf,inf,1299.849991345155,inf
13,66,inf,inf,inf,345.8612438536587,inf
13,67,inf,inf,inf,898.6934961375875,inf
13,68,inf,inf,inf,1031.4809741337938,inf
13,69,inf,inf,inf,454.84282999735194,inf
13,70,inf,inf,inf,604.9958677544831,inf
13,71,inf,inf,inf,1432.1302315082942,inf
13,72,inf,inf,inf,1454.098346055039,inf
13,73,inf,inf,inf,1158.6962501018115,inf
13,74,inf,inf,inf,824.4106986205359,inf
13,75,inf,inf,inf,1010.9411456657604,inf
13,76,inf,inf,inf,1366.3674469190196,inf
13,77,inf,inf,inf,514.2810515661646,inf
13,78,inf,inf,inf,1025.0136584455838,inf
13,79,inf,inf,inf,486.805916151396,inf
13,80,inf,inf,inf,946.620304029023,inf
13,81,inf,inf,inf,598.8196723555432,inf
13,82,inf,inf,inf,1079.5008105601403,inf
13,83,inf,inf,inf,935.5239173853333,inf
14,15,inf,inf,inf,994.328919422542,inf
14,16,inf,inf,inf,314.0780157858872,inf
14,17,inf,inf,inf,764.2702401637787,inf
14,18,inf,inf,inf,453.48649373492924,inf
14,19,inf,inf,inf,690.5251624669444,inf
14,20,inf,inf,inf,250.63918289046507,inf
14,21,inf,inf,inf,978.0925314099889,inf
14,22,inf,inf,inf,353.5533905932738,inf
14,23,inf,inf,inf,530.6119109104129,inf
14,24,inf,inf,inf,591.1429607125505,inf
14,25,inf,inf,inf,289.46847842209,inf
14,26,inf,inf,inf,518.8689622631132,inf
14,27,inf,inf,inf,414.81562169233695,inf
14,28,inf,inf,inf,821.6160903974557,inf
14,29,inf,inf,inf,718.6264676450486,inf
14,30,inf,inf,inf,264.0,inf
14,31,inf,inf,inf,378.35961729550365,inf
14,32,inf,inf,inf,497.4866832388582,inf
14,33,inf,inf,inf,553.7508465004817,inf
14,34,inf,inf,inf,1061.399076690761,inf
14,35,inf,inf,inf,566.1740015225001,inf
14,36,inf,inf,inf,497.0492933301485,inf
14,37,inf,inf,inf,294.8525055006316,inf
14,38,inf,inf,inf,865.0144507463444,inf
14,39,inf,inf,inf,460.9945769746104,inf
14,40,inf,inf,inf,663.1055722884554,inf
14,41,inf,inf,inf,69.85699678629192,inf
14,42,inf,inf,inf,370.8072275455267,inf
14,43,inf,inf,inf,419.36738070574825,inf
14,44,inf,inf,inf,392.9796432386797,inf
14,45,inf,inf,inf,320.14059411452337,inf
14,46,inf,inf,inf,289.03287010303865,inf
14,47,inf,inf,inf,470.67292252688594,inf
14,48,inf,inf,inf,565.173424711389,inf
14,49,inf,inf,inf,517.6263130869604,inf
14,50,inf,inf,inf,483.1004036429694,inf
14,51,inf,inf,inf,1080.8908363012429,inf
14,52,inf,inf,inf,632.5013833976966,inf
14,53,inf,inf,inf,1041.0326603906335,inf
14,54,inf,inf,inf,339.4849039353591,inf
14,55,inf,inf,inf,466.84044383493597,inf
14,56,inf,inf,inf,667.8839719592019,inf
14,57,inf,inf,inf,526.061783443732,inf
14,58,inf,inf,inf,637.6597838973381,inf
14,59,inf,inf,inf,583.123486064487,inf
14,60,inf,inf,inf,675.4058039430813,inf
14,61,inf,inf,inf,198.17164277464119,inf
14,62,inf,inf,inf,1075.1506871132065,inf
14,63,inf,inf,inf,716.849356559661,inf
14,64,inf,inf,inf,552.0144925633747,inf
14,65,inf,inf,inf,780.5158550599725,inf
14,66,inf,inf,inf,297.22886804615734,inf
14,67,inf,inf,inf,397.2165656162895,inf
14,68,inf,inf,inf,612.0147057056718,inf
14,69,inf,inf,inf,232.7767170487633,inf
14,70,inf,inf,inf,401.15458367068425,inf
14,71,inf,inf,inf,930.8619661367629,inf
14,72,inf,inf,inf,1010.3331133838977,inf
14,73,inf,inf,inf,813.0658029950589,inf
14,74,inf,inf,inf,526.7029523365138,inf
14,75,inf,inf,inf,564.9256588260088,inf
14,76,inf,inf,inf,1031.7252541253413,inf
14,77,inf,inf,inf,357.8295683701949,inf
14,78,inf,inf,inf,567.4803961371705,inf
14,79,inf,inf,inf,44.10215414239989,inf
14,80,inf,inf,inf,710.9803091506825,inf
14,81,inf,inf,inf,106.73331251301067,inf
14,82,inf,inf,inf,965.132633372222,inf
14,83,inf,inf,inf,521.7758139277826,inf
15,16,inf,inf,inf,999.0620601344043,inf
15,17,inf,inf,inf,572.5216153124701,inf
15,18,inf,inf,inf,654.5991139621257,inf
15,19,inf,inf,inf,896.5071109589705,inf
15,20,inf,inf,inf,969.7927613670871,inf
15,21,inf,inf,inf,1166.2268218489917,inf
15,22,inf,inf,inf,1026.8836350823788,inf
15,23,inf,inf,inf,1030.4372858160752,inf
15,24,inf,inf,inf,490.1999592003247,inf
15,25,inf,inf,inf,972.3096214683881,inf
15,26,inf,inf,inf,1470.4954947227823,inf
15,27,inf,inf,inf,1241.6577628316106,inf
15,28,inf,inf,inf,488.54989509772696,inf
15,29,inf,inf,inf,419.0584684742691,inf
15,30,inf,inf,inf,1127.4617510141975,inf
15,31,inf,inf,inf,804.6875169902911,inf
15,32,inf,inf,inf,1468.8298063424502,inf
15,33,inf,inf,inf,1381.1509693006046,inf
15,34,inf,inf,inf,344.85069232930357,inf
15,35,inf,inf,inf,665.1804266512959,inf
15,36,inf,inf,inf,1464.5600021849566,inf
15,37,inf,inf,inf,876.616221615822,inf
15,38,inf,inf,inf,241.5367466867102,inf
15,39,inf,inf,inf,1446.0491001345702,inf
15,40,inf,inf,inf,799.7155744388126,inf
15,41,inf,inf,inf,1042.7626767390555,inf
15,42,inf,inf,inf,1151.3626709251955,inf
15,43,inf,inf,inf,1412.0031869652419,inf
15,44,inf,inf,inf,1177.2446644601962,inf
15,45,inf,inf,inf,787.7182237323192,inf
15,46,inf,inf,inf,1171.635608881874,inf
15,47,inf,inf,inf,1228.2772488326893,inf
15,48,inf,inf,inf,682.0769751281742,inf
15,49,inf,inf,inf,1470.2615413592237,inf
15,50,inf,inf,inf,867.5136886528073,inf
15,51,inf,inf,inf,609.3808333054134,inf
15,52,inf,inf,inf,1465.1484566418517,inf
15,53,inf,inf,inf,956.7721776891299,inf
15,54,inf,inf,inf,1291.7584913597434,inf
15,55,inf,inf,inf,745.8216945088149,inf
15,56,inf,inf,inf,419.30537797648145,inf
15,57,inf,inf,inf,787.3048964664198,inf
15,58,inf,inf,inf,410.0439000887588,inf
15,59,inf,inf,inf,602.6084964552026,inf
15,60,inf,inf,inf,1466.1504015618589,inf
15,61,inf,inf,inf,933.0262590088234,inf
15,62,inf,inf,inf,800.0831206818451,inf
15,63,inf,inf,inf,1453.4541616439096,inf
15,64,inf,inf,inf,652.1916896128009,inf
15,65,inf,inf,inf,1420.8634698661233,inf
15,66,inf,inf,inf,1168.2024653286776,inf
15,67,inf,inf,inf,979.0735416709002,inf
15,68,inf,inf,inf,773.2037247711628,inf
15,69,inf,inf,inf,778.3219128355568,inf
15,70,inf,inf,inf,1379.5408656505974,inf
15,71,inf,inf,inf,1243.5119621459216,inf
15,72,inf,inf,inf,1024.0825162065798,inf
15,73,inf,inf,inf,627.3452000294575,inf
15,74,inf,inf,inf,555.1522313744222,inf
15,75,inf,inf,inf,1484.5056416194584,inf
15,76,inf,inf,inf,688.4337295629841,inf
15,77,inf,inf,inf,646.9744971789846,inf
15,78,inf,inf,inf,871.1945821686451,inf
15,79,inf,inf,inf,1015.6539765097166,inf
15,80,inf,inf,inf,399.9212422465203,inf
15,81,inf,inf,inf,934.1445284322978,inf
15,82,inf,inf,inf,138.4088147481944,inf
15,83,inf,inf,inf,749.6665925596525,inf
16,17,inf,inf,inf,595.0210080324896,inf
16,18,inf,inf,inf,647.0123646422841,inf
16,19,inf,inf,inf,960.0937454228102,inf
16,20,inf,inf,inf,555.3098234319289,inf
16,21,inf,inf,inf,1268.3926836748942,inf
16,22,1.0,47.7279,47.72792206135786,44.10215414239989,1.0822129437770966
16,23,inf,inf,inf,833.1746515587233,inf
16,24,inf,inf,inf,728.0061812924394,inf
16,25,inf,inf,inf,593.4888373002478,inf
16,26,inf,inf,inf,750.9700393491074,inf
16,27,inf,inf,inf,243.21389762922678,inf
16,28,inf,inf,inf,677.8805204458969,inf
16,29,inf,inf,inf,625.4734206982739,inf
16,30,inf,inf,inf,167.01197561851666,inf
16,31,inf,inf,inf,199.82242116439286,inf
16,32,inf,inf,inf,707.4121853629608,inf
16,33,inf,inf,inf,847.9793629564342,inf
16,34,inf,inf,inf,1161.6647537047854,inf
16,35,inf,inf,inf,777.6593084378275,inf
16,36,inf,inf,inf,712.7250521765037,inf
16,37,inf,inf,inf,124.80785231707178,inf
16,38,inf,inf,inf,942.7327298868964,inf
16,39,inf,inf,inf,648.2568935229305,inf
16,40,inf,inf,inf,415.2131982488033,inf
16,41,inf,inf,inf,373.89437011006197,inf
16,42,inf,inf,inf,152.3056138164316,inf
16,43,inf,inf,inf,532.9502791067849,inf
16,44,inf,inf,inf,704.46007693836,inf
16,45,inf,inf,inf,560.290103428572,inf
16,46,inf,inf,inf,590.6987387831465,inf
16,47,inf,inf,inf,781.661051863274,inf
16,48,inf,inf,inf,384.1874542459709,inf
16,49,inf,inf,inf,748.8244119952287,inf
16,50,inf,inf,inf,756.8969546774515,inf
16,51,inf,inf,inf,1249.1997438360288,inf
16,52,inf,inf,inf,920.1787869756616,inf
16,53,inf,inf,inf,1291.0871388097707,inf
16,54,inf,inf,inf,595.8565263551285,inf
16,55,inf,inf,inf,283.0635970943632,inf
16,56,inf,inf,inf,596.3119988730732,inf
16,57,inf,inf,inf,776.9298552636525,inf
16,58,inf,inf,inf,741.4802762042966,inf
16,59,inf,inf,inf,771.9326395482964,inf
16,60,inf,inf,inf,971.6377925955742,inf
16,61,inf,inf,inf,133.6600164596728,inf
16,62,inf,inf,inf,1289.056243924213,inf
16,63,inf,inf,inf,1021.2032119025087,inf
16,64,inf,inf,inf,392.577380907255,inf
16,65,inf,inf,inf,1092.6637177100738,inf
16,66,inf,inf,inf,196.30588376307014,inf
16,67,inf,inf,inf,698.4396895938833,inf
16,68,inf,inf,inf,857.0373387431845,inf
16,69,inf,inf,inf,292.31831964486935,inf
16,70,inf,inf,inf,460.0695599580568,inf
16,71,inf,inf,inf,1233.6259562768612,inf
16,72,inf,inf,inf,1275.8346287822728,inf
16,73,inf,inf,inf,1010.5983376198478,inf
16,74,inf,inf,inf,682.1326850400881,inf
16,75,inf,inf,inf,818.6049108086269,inf
16,76,inf,inf,inf,1225.301595526587,inf
16,77,inf,inf,inf,390.06281545412656,inf
16,78,inf,inf,inf,838.7830470389825,inf
16,79,inf,inf,inf,279.6140196771256,inf
16,80,inf,inf,inf,830.788781821228,inf
16,81,inf,inf,inf,396.6724089220222,inf
16,82,inf,inf,inf,1013.4268597190426,inf
16,83,inf,inf,inf,761.0026281163555,inf
17,18,inf,inf,inf,719.3809839021324,inf
17,19,inf,inf,inf,1083.8385488623294,inf
17,20,inf,inf,inf,889.5240300295434,inf
17,21,inf,inf,inf,1410.6884843933476,inf
17,22,inf,inf,inf,602.4690863438555,inf
17,23,inf,inf,inf,1091.0774491299874,inf
17,24,inf,inf,inf,653.9548914107149,inf
17,25,inf,inf,inf,914.0005470457882,inf
17,26,inf,inf,inf,1281.3157300212933,inf
17,27,inf,inf,inf,820.6491333085047,inf
17,28,inf,inf,inf,97.59098319004681,inf
17,29,inf,inf,inf,179.86939706353607,inf
17,30,inf,inf,inf,759.0711429108605,inf
17,31,inf,inf,inf,410.440007796511,inf
17,32,inf,inf,inf,1253.249376620631,inf
17,33,inf,inf,inf,1296.060569572271,inf
17,34,inf,inf,inf,869.4509761912974,inf
17,35,inf,inf,inf,822.0218975185516,inf
17,36,inf,inf,inf,1254.8342520030285,inf
17,37,inf,inf,inf,507.3943239729826,inf
17,38,inf,inf,inf,664.2808141140312,inf
17,39,inf,inf,inf,1205.862761677298,inf
17,40,inf,inf,inf,247.52373623553763,inf
17,41,inf,inf,inf,832.5989430692307,inf
17,42,inf,inf,inf,730.8960254372711,inf
17,43,inf,inf,inf,1114.7815929589078,inf
17,44,inf,inf,inf,1104.0335139840638,inf
17,45,inf,inf,inf,761.0788395429215,inf
17,46,inf,inf,inf,1035.79196753016,inf
17,47,inf,inf,inf,1176.7157685694538,inf
17,48,inf,inf,inf,212.24985276791125,inf
17,49,inf,inf,inf,1279.8828071350908,inf
17,50,inf,inf,inf,944.1445863849456,inf
17,51,inf,inf,inf,1075.0116278440898,inf
17,52,inf,inf,inf,1379.8278878178974,inf
17,53,inf,inf,inf,1302.3855036048274,inf
17,54,inf,inf,inf,1103.6435112843278,inf
17,55,inf,inf,inf,316.98738145232215,inf
17,56,inf,inf,inf,225.62358032794356,inf
17,57,inf,inf,inf,904.0409282770332,inf
17,58,inf,inf,inf,599.1135117821998,inf
17,59,inf,inf,inf,774.1382305505911,inf
17,60,inf,inf,inf,1409.9964538962502,inf
17,61,inf,inf,inf,604.139884463855,inf
17,62,inf,inf,inf,1209.350238764602,inf
17,63,inf,inf,inf,1431.8079480153754,inf
17,64,inf,inf,inf,214.5250568115529,inf
17,65,inf,inf,inf,1454.9941580638736,inf
17,66,inf,inf,inf,791.1573800452095,inf
17,67,inf,inf,inf,980.7364579743123,inf
17,68,inf,inf,inf,945.4760705591655,inf
17,69,inf,inf,inf,543.9485269765881,inf
17,70,inf,inf,inf,1050.7035738018596,inf
17,71,inf,inf,inf,1435.5490238929494,inf
17,72,inf,inf,inf,1333.3941652789695,inf
17,73,inf,inf,inf,950.2846941838009,inf
17,74,inf,inf,inf,667.2218521601342,inf
17,75,inf,inf,inf,1328.9755452979562,inf
17,76,inf,inf,inf,1109.8297166682823,inf
17,77,inf,inf,inf,460.3009884847088,inf
17,78,inf,inf,inf,996.3699112277528,inf
17,79,inf,inf,inf,760.0118420130044,inf
17,80,inf,inf,inf,675.1148050517038,inf
17,81,inf,inf,inf,768.1646958823349,inf
17,82,inf,inf,inf,659.7241847924024,inf
17,83,inf,inf,inf,868.5556976958933,inf
18,19,inf,inf,inf,369.3033983055125,inf
18,20,inf,inf,inf,329.31747600150226,inf
18,21,inf,inf,inf,699.217419691472,inf
18,22,inf,inf,inf,690.253576593414,inf
18,23,inf,inf,inf,396.6724089220222,inf
18,24,inf,inf,inf,169.29264603047588,inf
18,25,inf,inf,inf,324.04012097269685,inf
18,26,inf,inf,inf,839.9672612667711,inf
18,27,inf,inf,inf,837.5452226596484,inf
18,28,inf,inf,inf,721.9923822312809,inf
18,29,inf,inf,inf,577.4028056738207,inf
18,30,inf,inf,inf,688.0014534868368,inf
18,31,inf,inf,inf,547.6367409149974,inf
18,32,inf,inf,inf,850.3605117830907,inf
18,33,inf,inf,inf,727.303237996367,inf
18,34,inf,inf,inf,627.6448040094015,inf
18,35,inf,inf,inf,132.03408650799233,inf
18,36,inf,inf,inf,843.4619137815293,inf
18,37,inf,inf,inf,542.1328250530491,inf
18,38,inf,inf,inf,461.7358552246078,inf
18,39,inf,inf,inf,842.440502350166,inf
18,40,inf,inf,inf,770.9273636342142,inf
18,41,inf,inf,inf,471.34912750529196,inf
18,42,inf,inf,inf,769.0045513519409,inf
18,43,inf,inf,inf,850.9694471601199,inf
18,44,inf,inf,inf,524.6074723066762,inf
18,45,inf,inf,inf,150.33296378372907,inf
18,46,inf,inf,inf,536.2555361019595,inf
18,47,inf,inf,inf,573.6837107675274,inf
18,48,inf,inf,inf,614.5575644315185,inf
18,49,inf,inf,inf,840.2362762937578,inf
18,50,inf,inf,inf,235.23605165875404,inf
18,51,inf,inf,inf,627.8574679017523,inf
18,52,inf,inf,inf,810.8563374605886,inf
18,53,inf,inf,inf,654.0863857320377,inf
18,54,inf,inf,inf,671.1929677819934,inf
18,55,inf,inf,inf,575.5432216610669,inf
18,56,inf,inf,inf,515.8187666225416,inf
18,57,inf,inf,inf,184.66456075814872,inf
18,58,inf,inf,inf,244.989795705862,inf
18,59,inf,inf,inf,130.58713566044705,inf
18,60,inf,inf,inf,812.0301718532385,inf
18,61,inf,inf,inf,520.5401041226314,inf
18,62,inf,inf,inf,642.673322925419,inf
18,63,inf,inf,inf,803.4008961906876,inf
18,64,inf,inf,inf,579.6636956028901,inf
18,65,inf,inf,inf,786.1838207442328,inf
18,66,inf,inf,inf,727.8495723705552,inf
18,67,inf,inf,inf,325.3936078044558,inf
18,68,inf,inf,inf,236.37258724310652,inf
18,69,inf,inf,inf,356.74220383913087,inf
18,70,inf,inf,inf,849.4145042321799,inf
18,71,inf,inf,inf,716.2080703259354,inf
18,72,inf,inf,inf,655.25033384196,inf
18,73,inf,inf,inf,367.458841232593,inf
18,74,inf,inf,inf,100.12991560967181,inf
18,75,inf,inf,inf,841.7487748728834,inf
18,76,inf,inf,inf,585.6765318842816,inf
18,77,inf,inf,inf,310.56722299689,inf
18,78,inf,inf,inf,277.3157045679166,inf
18,79,inf,inf,inf,492.0619879649311,inf
18,80,inf,inf,inf,285.8548582760139,inf
18,81,inf,inf,inf,356.092684564005,inf
18,82,inf,inf,inf,580.6728855388376,inf
18,83,inf,inf,inf,150.0,inf
19,20,inf,inf,inf,454.7669732951152,inf
19,21,inf,inf,inf,329.9696955782455,inf
19,22,inf,inf,inf,1004.1538726709169,inf
19,23,inf,inf,inf,243.26117651610582,inf
19,24,inf,inf,inf,450.60071016366584,inf
19,25,inf,inf,inf,420.0488066879848,inf
19,26,inf,inf,inf,864.0092592096453,inf
19,27,inf,inf,inf,1105.2732693773066,inf
19,28,inf,inf,inf,1077.6390861508319,inf
19,29,inf,inf,inf,931.2598992762439,inf
19,30,inf,inf,inf,953.8265041400349,inf
19,31,inf,inf,inf,899.0422681943269,inf
19,32,inf,inf,inf,901.7959857972312,inf
19,33,inf,inf,inf,656.8051461430551,inf
19,34,inf,inf,inf,719.8034453932546,inf
19,35,inf,inf,inf,264.59402865522117,inf
19,36,inf,inf,inf,890.034269003166,inf
19,37,inf,inf,inf,874.5747538089582,inf
19,38,inf,inf,inf,659.1092473937837,inf
19,39,inf,inf,inf,923.5762015123603,inf
19,40,inf,inf,inf,1138.2135124834883,inf
19,41,inf,inf,inf,671.3635378839098,inf
19,42,inf,inf,inf,1055.0170614734152,inf
19,43,inf,inf,inf,992.2136866623036,inf
19,44,inf,inf,inf,510.3920062069938,inf
19,45,inf,inf,inf,401.15458367068425,inf
19,46,inf,inf,inf,602.3163620556892,inf
19,47,inf,inf,inf,508.3404371088336,inf
19,48,inf,inf,inf,983.1398679740335,inf
19,49,inf,inf,inf,865.5830404992926,inf
19,50,inf,inf,inf,207.4728897952694,inf
19,51,inf,inf,inf,565.1548460377917,inf
19,52,inf,inf,inf,720.9056803771211,inf
19,53,inf,inf,inf,358.74503480884584,inf
19,54,inf,inf,inf,745.6037821792484,inf
19,55,inf,inf,inf,938.2030697029295,inf
19,56,inf,inf,inf,871.2703369218993,inf
19,57,inf,inf,inf,191.2694434560837,inf
19,58,inf,inf,inf,527.5234591939964,inf
19,59,inf,inf,inf,320.8301731446093,inf
19,60,inf,inf,inf,687.8168360835608,inf
19,61,inf,inf,inf,826.5911927912128,inf
19,62,inf,inf,inf,452.56822690065195,inf
19,63,inf,inf,inf,640.9399347832838,inf
19,64,inf,inf,inf,948.6458770268282,inf
19,65,inf,inf,inf,563.7534922286513,inf
19,66,inf,inf,inf,987.7509807638766,inf
19,67,inf,inf,inf,323.80549717384355,inf
19,68,inf,inf,inf,139.31618714277246,inf
19,69,inf,inf,inf,691.0065122703259,inf
19,70,inf,inf,inf,1024.3768837688597,inf
19,71,inf,inf,inf,359.60672963669634,inf
19,72,inf,inf,inf,319.8280788173546,inf
19,73,inf,inf,inf,313.07666792656397,inf
19,74,inf,inf,inf,419.31968711235106,inf
19,75,inf,inf,inf,826.6571236008313,inf
19,76,inf,inf,inf,464.4308344630016,inf
19,77,inf,inf,inf,674.5227942775545,inf
19,78,inf,inf,inf,123.14625451064275,inf
19,79,inf,inf,inf,734.6209907156207,inf
19,80,inf,inf,inf,501.08083180261445,inf
19,81,inf,inf,inf,585.0478612899974,inf
19,82,inf,inf,inf,781.7685079356932,inf
19,83,inf,inf,inf,220.19309707617992,inf
20,21,inf,inf,inf,728.5581651453781,inf
20,22,inf,inf,inf,597.2101807571603,inf
20,23,inf,inf,inf,280.1303268123607,inf
20,24,inf,inf,inf,497.3228327756529,inf
20,25,inf,inf,inf,38.8329756778952,inf
20,26,inf,inf,inf,510.65154459768354,inf
20,27,inf,inf,inf,660.36656487136,inf
20,28,inf,inf,inf,924.2753918611054,inf
20,29,inf,inf,inf,795.8718489807263,inf
20,30,inf,inf,inf,512.2538433237959,inf
20,31,inf,inf,inf,565.9399261405755,inf
20,32,inf,inf,inf,522.9005641611031,inf
20,33,inf,inf,inf,422.965719651132,inf
20,34,inf,inf,inf,953.3372960290602,inf
20,35,inf,inf,inf,397.6443134259561,inf
20,36,inf,inf,inf,515.3736508592576,inf
20,37,inf,inf,inf,505.22272316276513,inf
20,38,inf,inf,inf,790.1961781734964,inf
20,39,inf,inf,inf,520.6841653056102,inf
20,40,inf,inf,inf,847.2998288681522,inf
20,41,inf,inf,inf,218.58636736997119,inf
20,42,inf,inf,inf,621.2648388569886,inf
20,43,inf,inf,inf,554.221075023316,inf
20,44,inf,inf,inf,219.86586820150143,inf
20,45,inf,inf,inf,183.13383084509536,inf
20,46,inf,inf,inf,206.93960471596537,inf
20,47,inf,inf,inf,288.2724405835563,inf
20,48,inf,inf,inf,719.461604256961,inf
20,49,inf,inf,inf,510.929545045107,inf
20,50,inf,inf,inf,252.73306075778848,inf
20,51,inf,inf,inf,914.7945124452814,inf
20,52,inf,inf,inf,508.6708169337022,inf
20,53,inf,inf,inf,812.244421341261,inf
20,54,inf,inf,inf,344.74628351876396,inf
20,55,inf,inf,inf,638.003134788537,inf
20,56,inf,inf,inf,736.3592873047776,inf
20,57,inf,inf,inf,317.8443015062564,inf
20,58,inf,inf,inf,567.459249638245,inf
20,59,inf,inf,inf,436.84894414431176,inf
20,60,inf,inf,inf,526.8557677391412,inf
20,61,inf,inf,inf,426.65677071857186,inf
20,62,inf,inf,inf,872.3422493494168,inf
20,63,inf,inf,inf,542.5025345562913,inf
20,64,inf,inf,inf,695.6579619324427,inf
20,65,inf,inf,inf,573.1710041514661,inf
20,66,inf,inf,inf,542.4066740002376,inf
20,67,inf,inf,inf,146.6594695203825,inf
20,68,inf,inf,inf,402.3356807443257,inf
20,69,inf,inf,inf,360.45665481441733,inf
20,70,inf,inf,inf,574.8260606479146,inf
20,71,inf,inf,inf,680.7789655974984,inf
20,72,inf,inf,inf,772.0239633586511,inf
20,73,inf,inf,inf,634.9866140321385,inf
20,74,inf,inf,inf,427.0128803677941,inf
20,75,inf,inf,inf,515.4541686706976,inf
20,76,inf,inf,inf,846.600850460239,inf
20,77,inf,inf,inf,430.69478752360124,inf
20,78,inf,inf,inf,334.6072324382723,inf
20,79,inf,inf,inf,293.47061181658376,inf
20,80,inf,inf,inf,615.1723335781609,inf
20,81,inf,inf,inf,159.21055241409096,inf
20,82,inf,inf,inf,906.9691284713058,inf
20,83,inf,inf,inf,327.67361810191557,inf
21,22,inf,inf,inf,1312.0080030243719,inf
21,23,inf,inf,inf,454.03964584604284,inf
21,24,inf,inf,inf,766.0345945190726,inf
21,25,inf,inf,inf,690.0384047283166,inf
21,26,inf,inf,inf,1013.7297470233376,inf
21,27,inf,inf,inf,1388.482985131615,inf
21,28,inf,inf,inf,1399.9035681074608,inf
21,29,inf,inf,inf,1253.512265596153,inf
21,30,inf,inf,inf,1240.796921337251,inf
21,31,inf,inf,inf,1223.3744316438856,inf
21,32,inf,inf,inf,1067.0426420720028,inf
21,33,inf,inf,inf,765.4129604337778,inf
21,34,inf,inf,inf,921.557920046266,inf
21,35,inf,inf,inf,588.6815777650936,inf
21,36,inf,inf,inf,1053.083567434228,inf
21,37,inf,inf,inf,1192.1514165574774,inf
21,38,inf,inf,inf,924.8053849324192,inf
21,39,inf,inf,inf,1107.12646070808,inf
21,40,inf,inf,inf,1467.7118245759282,inf
21,41,inf,inf,inf,945.0719549325331,inf
21,42,inf,inf,inf,1348.764249229642,inf
21,43,inf,inf,inf,1208.9830437189762,inf
21,44,inf,inf,inf,697.2201947735019,inf
21,45,inf,inf,inf,719.5033008958333,inf
21,46,inf,inf,inf,818.2328519437483,inf
21,47,inf,inf,inf,659.0189678605617,inf
21,48,inf,inf,inf,1313.0376993826187,inf
21,49,inf,inf,inf,1016.0757845751467,inf
21,50,inf,inf,inf,514.5842982447093,inf
21,51,inf,inf,inf,688.447528864764,inf
21,52,inf,inf,inf,799.6005252624587,inf
21,53,inf,inf,inf,295.78708558691335,inf
21,54,inf,inf,inf,944.4389869123362,inf
21,55,inf,inf,inf,1266.3273668368697,inf
21,56,inf,inf,inf,1194.6447170602648,inf
21,57,inf,inf,inf,519.6999134115764,inf
21,58,inf,inf,inf,836.8327192456088,inf
21,59,inf,inf,inf,639.1275303098748,inf
21,60,inf,inf,inf,740.8130668394018,inf
21,61,inf,inf,inf,1135.0158589200416,inf
21,62,inf,inf,inf,492.1077117867591,inf
21,63,inf,inf,inf,665.1105171323034,inf
21,64,inf,inf,inf,1278.609009822784,inf
21,65,inf,inf,inf,537.5518579634899,inf
21,66,inf,inf,inf,1270.6486532476238,inf
21,67,inf,inf,inf,582.3074789147054,inf
21,68,inf,inf,inf,465.8164874711929,inf
21,69,inf,inf,inf,1012.170934180586,inf
21,70,inf,inf,inf,1259.5126041449525,inf
21,71,inf,inf,inf,139.7891269019161,inf
21,72,inf,inf,inf,194.18032856085088,inf
21,73,inf,inf,inf,539.3931775616003,inf
21,74,inf,inf,inf,743.7022253563586,inf
21,75,inf,inf,inf,951.3832035515447,inf
21,76,inf,inf,inf,570.0245608743539,inf
21,77,inf,inf,inf,1003.6000199282581,inf
21,78,inf,inf,inf,438.0559325017754,inf
21,79,inf,inf,inf,1021.5145618149552,inf
21,80,inf,inf,inf,792.6878326302227,inf
21,81,inf,inf,inf,878.1304003392662,inf
21,82,inf,inf,inf,1037.9836222214683,inf
21,83,inf,inf,inf,550.0954462636462,inf
22,23,inf,inf,inf,875.6763100598303,inf
22,24,inf,inf,inf,768.4594979567888,inf
22,25,inf,inf,inf,635.5407146674397,inf
22,26,inf,inf,inf,772.8421572352274,inf
22,27,inf,inf,inf,221.8828519737386,inf
22,28,inf,inf,inf,688.6167293930638,inf
22,29,inf,inf,inf,644.9061947291249,inf
22,30,inf,inf,inf,176.11359970201053,inf
22,31,inf,inf,inf,222.79138223908032,inf
22,32,inf,inf,inf,726.5211628025711,inf
22,33,inf,inf,inf,879.9318155402724,inf
22,34,inf,inf,inf,1197.7846217079264,inf
22,35,inf,inf,inf,821.1047436228828,inf
22,36,inf,inf,inf,732.5967512895481,inf
22,37,inf,inf,inf,160.55528642807124,inf
22,38,inf,inf,inf,977.8803607803973,inf
22,39,inf,inf,inf,665.0383447591574,inf
22,40,inf,inf,inf,408.2756421830722,inf
22,41,inf,inf,inf,411.0960958218893,inf
22,42,inf,inf,inf,130.14607178090316,inf
22,43,inf,inf,inf,542.299732620255,inf
22,44,inf,inf,inf,741.547705815344,inf
22,45,inf,inf,inf,604.3922567339856,inf
22,46,inf,inf,inf,625.4118642942425,inf
22,47,inf,inf,inf,818.4088220443374,inf
22,48,inf,inf,inf,394.66568130507625,inf
22,49,inf,inf,inf,770.5822473947866,inf
22,50,inf,inf,inf,800.8158340092933,inf
22,51,inf,inf,inf,1289.8934064487655,inf
22,52,inf,inf,inf,950.4830350932099,inf
22,53,inf,inf,inf,1335.053931494904,inf
22,54,inf,inf,inf,623.0971031869752,inf
22,55,inf,inf,inf,297.89259809535383,inf
22,56,inf,inf,inf,619.2002906976062,inf
22,57,inf,inf,inf,821.0243601745323,inf
22,58,inf,inf,inf,779.8012567314828,inf
22,59,inf,inf,inf,814.6490041729628,inf
22,60,inf,inf,inf,1003.6896930824786,inf
22,61,inf,inf,inf,177.62882648939615,inf
22,62,inf,inf,inf,1331.979354194351,inf
22,63,inf,inf,inf,1055.297588360743,inf
22,64,inf,inf,inf,406.9889433387595,inf
22,65,inf,inf,inf,1129.6658798069454,inf
22,66,inf,inf,inf,197.4968354176846,inf
22,67,inf,inf,inf,740.9460169270093,inf
22,68,inf,inf,inf,901.0671451118391,inf
22,69,inf,inf,inf,334.79097956784915,inf
22,70,inf,inf,inf,464.3974590800428,inf
22,71,inf,inf,inf,1276.3009049593281,inf
22,72,inf,inf,inf,1319.936740908442,inf
22,73,inf,inf,inf,1053.1647544425325,inf
22,74,inf,inf,inf,723.7789717862768,inf
22,75,inf,inf,inf,843.2799060810117,inf
22,76,inf,inf,inf,1267.3898374217777,inf
22,77,inf,inf,inf,428.20789343495295,inf
22,78,inf,inf,inf,882.7876301806681,inf
22,79,inf,inf,inf,317.3089976663126,inf
22,80,inf,inf,inf,869.662578245149,inf
22,81,inf,inf,inf,438.98974931084666,inf
22,82,inf,inf,inf,1045.5912203150904,inf
22,83,inf,inf,inf,805.0155278005512,inf
23,24,inf,inf,inf,543.467570329638,inf
23,25,inf,inf,inf,241.32343441945292,inf
23,26,inf,inf,inf,621.5142798037709,inf
23,27,inf,inf,inf,936.2398197043319,inf
23,28,inf,inf,inf,1106.5776068581904,inf
23,29,inf,inf,inf,965.4185620755383,inf
23,30,inf,inf,inf,790.4106527622208,inf
23,31,inf,inf,inf,821.5114119718605,inf
23,32,inf,inf,inf,661.4559698120503,inf
23,33,inf,inf,inf,417.0047961354881,inf
23,34,inf,inf,inf,916.0049126505818,inf
23,35,inf,inf,inf,367.16481312892716,inf
23,36,inf,inf,inf,649.2680494218085,inf
23,37,inf,inf,inf,772.9094384208282,inf
23,38,inf,inf,inf,810.0055555365037,inf
23,39,inf,inf,inf,687.4045388270287,inf
23,40,inf,inf,inf,1091.2827314678814,inf
23,41,inf,inf,inf,492.6469323968231,inf
23,42,inf,inf,inf,900.804640307764,inf
23,43,inf,inf,inf,769.0825703394922,inf
23,44,inf,inf,inf,270.1481075262235,inf
23,45,inf,inf,inf,331.90510692063776,inf
23,46,inf,inf,inf,374.7599231508086,inf
23,47,inf,inf,inf,265.42418879973997,inf
23,48,inf,inf,inf,949.2418027036103,inf
23,49,inf,inf,inf,623.1612953321154,inf
23,50,inf,inf,inf,164.2224101637776,inf
23,51,inf,inf,inf,797.295428307475,inf
23,52,inf,inf,inf,486.17383722286,inf
23,53,inf,inf,inf,587.5865893636443,inf
23,54,inf,inf,inf,512.609988197655,inf
23,55,inf,inf,inf,881.7601714752146,inf
23,56,inf,inf,inf,903.5131432358912,inf
23,57,inf,inf,inf,244.13111231467406,inf
23,58,inf,inf,inf,625.8090763164114,inf
23,59,inf,inf,inf,428.78899239602686,inf
23,60,inf,inf,inf,462.4499972970051,inf
23,61,inf,inf,inf,702.2997935354957,inf
23,62,inf,inf,inf,695.8290019825273,inf
23,63,inf,inf,inf,430.9106635951355,inf
23,64,inf,inf,inf,919.9461940787625,inf
23,65,inf,inf,inf,391.89029077026134,inf
23,66,inf,inf,inf,818.7429389008494,inf
23,67,inf,inf,inf,134.73678042761748,inf
23,68,inf,inf,inf,283.5577542582816,inf
23,69,inf,inf,inf,607.7910825275409,inf
23,70,inf,inf,inf,811.7561210117236,inf
23,71,inf,inf,inf,400.85034613930424,inf
23,72,inf,inf,inf,527.1906675957001,inf
23,73,inf,inf,inf,526.9354799214036,inf
23,74,inf,inf,inf,486.1532680132882,inf
23,75,inf,inf,inf,583.5631928077712,inf
23,76,inf,inf,inf,703.0732536514242,inf
23,77,inf,inf,inf,638.7620840344235,inf
23,78,inf,inf,inf,174.4505660638566,inf
23,79,inf,inf,inf,573.0514811079368,inf
23,80,inf,inf,inf,633.7586291325745,inf
23,81,inf,inf,inf,436.7115752988464,inf
23,82,inf,inf,inf,935.0433145047346,inf
23,83,inf,inf,inf,280.94305472817797,inf
24,25,inf,inf,inf,493.26868945839243,inf
24,26,inf,inf,inf,1007.5837434178858,inf
24,27,inf,inf,inf,942.648396805511,inf
24,28,inf,inf,inf,635.0094487485993,inf
24,29,inf,inf,inf,489.0500996830488,inf
24,30,inf,inf,inf,799.576137712976,inf
24,31,inf,inf,inf,588.3281397315617,inf
24,32,inf,inf,inf,1015.7642443008122,inf
24,33,inf,inf,inf,895.2150579609349,inf
24,34,inf,inf,inf,471.0689970694314,inf
24,35,inf,inf,inf,189.70766985021982,inf
24,36,inf,inf,inf,1009.372082039126,inf
24,37,inf,inf,inf,609.9442597483807,inf
24,38,inf,inf,inf,292.88222889072665,inf
24,39,inf,inf,inf,1004.558609539533,inf
24,40,inf,inf,inf,758.8445163536467,inf
24,41,inf,inf,inf,620.1693317151373,inf
24,42,inf,inf,inf,865.2236705037606,inf
24,43,inf,inf,inf,1002.3237999768338,inf
24,44,inf,inf,inf,693.3606565129002,inf
24,45,inf,inf,inf,315.39816105995294,inf
24,46,inf,inf,inf,704.0298289135199,inf
24,47,inf,inf,inf,740.3168240692629,inf
24,48,inf,inf,inf,599.1402173114403,inf
24,49,inf,inf,inf,1007.7703111324524,inf
24,50,inf,inf,inf,379.43642418724113,inf
24,51,inf,inf,inf,521.510306705438,inf
24,52,inf,inf,inf,978.2044776016925,inf
24,53,inf,inf,inf,652.558809610291,inf
24,54,inf,inf,inf,836.3970349062698,inf
24,55,inf,inf,inf,589.1909707386901,inf
24,56,inf,inf,inf,431.90392450173454,inf
24,57,inf,inf,inf,304.54720487963766,inf
24,58,inf,inf,inf,82.46211251235322,inf
24,59,inf,inf,inf,129.84991336154215,inf
24,60,inf,inf,inf,976.6273598461186,inf
24,61,inf,inf,inf,614.9227593771433,inf
24,62,inf,inf,inf,589.1629655706475,inf
24,63,inf,inf,inf,963.3509225614516,inf
24,64,inf,inf,inf,561.3287806624563,inf
24,65,inf,inf,inf,935.2780335279986,inf
24,66,inf,inf,inf,841.0023781179218,inf
24,67,inf,inf,inf,489.6907187194791,inf
24,68,inf,inf,inf,312.85140242613585,inf
24,69,inf,inf,inf,439.7419697959248,inf
24,70,inf,inf,inf,992.1819389607937,inf
24,71,inf,inf,inf,810.2012095769791,inf
24,72,inf,inf,inf,679.4622874008535,inf
24,73,inf,inf,inf,310.8858311341963,inf
24,74,2.0,109.2548,109.25483399593902,70.3846574190711,1.5522535450507973
24,75,inf,inf,inf,1010.8931694298859,inf
24,76,inf,inf,inf,508.5754614607354,inf
24,77,inf,inf,inf,345.17242068276545,inf
24,78,inf,inf,inf,394.79108399253397,inf
24,79,inf,inf,inf,624.9839997951948,inf
24,80,inf,inf,inf,121.24768039018313,inf
24,81,inf,inf,inf,503.97817413058675,inf
24,82,inf,inf,inf,411.41827864109297,inf
24,83,inf,inf,inf,265.70660511172844,inf
25,26,inf,inf,inf,519.7316615331415,inf
25,27,inf,inf,inf,698.6444016808551,inf
25,28,inf,inf,inf,945.6199024978271,inf
25,29,inf,inf,inf,814.6115638756916,inf
25,30,inf,inf,inf,550.8538826222431,inf
25,31,inf,inf,inf,599.4297289924816,inf
25,32,inf,inf,inf,536.765311844944,inf
25,33,inf,inf,inf,412.1747202340289,inf
25,34,inf,inf,inf,942.0191080864549,inf
25,35,inf,inf,inf,380.2538625707831,inf
25,36,inf,inf,inf,528.3578332910378,inf
25,37,inf,inf,inf,541.1118183887689,inf
25,38,inf,inf,inf,785.7238700714138,inf
25,39,inf,inf,inf,539.351462406472,inf
25,40,inf,inf,inf,879.1114832602291,inf
25,41,inf,inf,inf,256.12496949731394,inf
25,42,inf,inf,inf,660.0621182888774,inf
25,43,inf,inf,inf,581.6227299547362,inf
25,44,inf,inf,inf,207.15453169071634,inf
25,45,inf,inf,inf,185.21878954360974,inf
25,46,inf,inf,inf,218.0,inf
25,47,inf,inf,inf,269.4679943889441,inf
25,48,inf,inf,inf,748.4256810131518,inf
25,49,inf,inf,inf,520.2393679836234,inf
25,50,inf,inf,inf,221.38202275704322,inf
25,51,inf,inf,inf,893.0783840178867,inf
25,52,inf,inf,inf,497.5319085244684,inf
25,53,inf,inf,inf,778.2833674183202,inf
25,54,inf,inf,inf,360.94597933762884,inf
25,55,inf,inf,inf,669.3549133307382,inf
25,56,inf,inf,inf,754.4037380607283,inf
25,57,inf,inf,inf,292.0633492925807,inf
25,58,inf,inf,inf,566.3867936313487,inf
25,59,inf,inf,inf,423.5858826731599,inf
25,60,inf,inf,inf,510.4948579564734,inf
25,61,inf,inf,inf,464.2499326871249,inf
25,62,inf,inf,inf,843.6142483386586,inf
25,63,inf,inf,inf,520.6006146750117,inf
25,64,inf,inf,inf,723.5468194940809,inf
25,65,inf,inf,inf,543.9237078855821,inf
25,66,inf,inf,inf,580.7245474405228,inf
25,67,inf,inf,inf,107.91200118615167,inf
25,68,inf,inf,inf,374.79861259081525,inf
25,69,inf,inf,inf,391.3681131620204,inf
25,70,inf,inf,inf,606.2449999793813,inf
25,71,inf,inf,inf,642.0280367709809,inf
25,72,inf,inf,inf,736.0523079238322,inf
25,73,inf,inf,inf,612.4344862922075,inf
25,74,inf,inf,inf,423.4808142053191,inf
25,75,inf,inf,inf,517.7460767596409,inf
25,76,inf,inf,inf,821.4773277455683,inf
25,77,inf,inf,inf,453.9273069556402,inf
25,78,inf,inf,inf,301.40006635699336,inf
25,79,inf,inf,inf,332.2544205875973,inf
25,80,inf,inf,inf,608.839059193807,inf
25,81,inf,inf,inf,196.9771560359221,inf
25,82,inf,inf,inf,904.4340771996597,inf
25,83,inf,inf,inf,305.55195957479964,inf
26,27,inf,inf,inf,671.4499236726444,inf
26,28,inf,inf,inf,1340.4723048239377,inf
26,29,inf,inf,inf,1235.0793496775825,inf
26,30,inf,inf,inf,601.791492129957,inf
26,31,inf,inf,inf,882.35423725395,inf
26,32,inf,inf,inf,68.96375859826666,inf
26,33,inf,inf,inf,256.71969149249145,inf
26,34,inf,inf,inf,1461.7486103978345,inf
26,35,inf,inf,inf,897.6246431554785,inf
26,36,inf,inf,inf,54.78138369920935,inf
26,37,inf,inf,inf,788.7464738431481,inf
26,38,inf,inf,inf,1300.3018880244695,inf
26,39,inf,inf,inf,139.08630414242805,inf
26,40,inf,inf,inf,1155.5024880977107,inf
26,41,inf,inf,inf,453.28247263709636,inf
26,42,inf,inf,inf,702.723985644435,inf
26,43,inf,inf,inf,297.03871801500895,inf
26,44,inf,inf,inf,354.9929576766277,inf
26,45,inf,inf,inf,692.3272347669129,inf
26,46,inf,inf,inf,303.71203466441693,inf
26,47,inf,inf,inf,362.5051723768917,inf
26,48,inf,inf,inf,1077.4655446927293,inf
26,49,inf,inf,inf,3.1622776601683795,inf
26,50,inf,inf,inf,711.9079996741152,inf
26,51,inf,inf,inf,1397.7610668494096,inf
26,52,inf,inf,inf,265.452443951831,inf
26,53,inf,inf,inf,1204.5588404058974,inf
26,54,inf,inf,inf,182.33211456021672,inf
26,55,inf,inf,inf,975.221513298389,inf
26,56,inf,inf,inf,1182.137047892502,inf
26,57,inf,inf,inf,796.5375069637337,inf
26,58,inf,inf,inf,1075.5765895555742,inf
26,59,inf,inf,inf,943.1882102740683,inf
26,60,inf,inf,inf,340.3586343843799,inf
26,61,inf,inf,inf,686.4786959549436,inf
26,62,inf,inf,inf,1315.9490871610496,inf
26,63,inf,inf,inf,424.7964218305046,inf
26,64,inf,inf,inf,1067.6071374808243,inf
26,65,inf,inf,inf,557.3239632386176,inf
26,66,inf,inf,inf,596.4059020499378,inf
26,67,inf,inf,inf,565.8780787413486,inf
26,68,inf,inf,inf,869.5889833708796,inf
26,69,inf,inf,inf,749.4171068236967,inf
26,70,inf,inf,inf,388.9730067755345,inf
26,71,inf,inf,inf,904.7281359612953,inf
26,72,inf,inf,inf,1134.0943523358187,inf
26,73,inf,inf,inf,1117.6622924658413,inf
26,74,inf,inf,inf,937.207020887061,inf
26,75,inf,inf,inf,91.18113840043894,inf
26,76,inf,inf,inf,1314.1445886963884,inf
26,77,inf,inf,inf,866.7069862416017,inf
26,78,inf,inf,inf,772.2311830015673,inf
26,79,inf,inf,inf,521.4786668695086,inf
26,80,inf,inf,inf,1125.8214778551705,inf
26,81,inf,inf,inf,544.3170032251427,inf
26,82,inf,inf,inf,1415.5543083894734,inf
26,83,inf,inf,inf,817.6337811025178,inf
27,28,inf,inf,inf,908.793155784087,inf
27,29,inf,inf,inf,866.4132962968655,inf
27,30,inf,inf,inf,152.2366578718805,inf
27,31,inf,inf,inf,442.10858394742803,inf
27,32,inf,inf,inf,612.7846277445282,inf
27,33,inf,inf,inf,836.3396439246438,inf
27,34,inf,inf,inf,1391.72985884474,inf
27,35,inf,inf,inf,962.0420988709382,inf
27,36,inf,inf,inf,622.4869476543263,inf
27,37,inf,inf,inf,365.1985761198967,inf
27,38,inf,inf,inf,1175.9600333344667,inf
27,39,inf,inf,inf,542.8996223981004,inf
27,40,inf,inf,inf,610.5219078788247,inf
27,41,inf,inf,inf,443.6304768610921,inf
27,42,inf,inf,inf,91.92388155425118,inf
27,43,inf,inf,inf,393.93527387122873,inf
27,44,inf,inf,inf,744.7180674590888,inf
27,45,inf,inf,inf,723.7914064148592,inf
27,46,inf,inf,inf,615.6524993858143,inf
27,47,inf,inf,inf,815.0981535986939,inf
27,48,inf,inf,inf,615.4356180787719,inf
27,49,inf,inf,inf,668.674061108998,inf
27,50,inf,inf,inf,897.8117842844346,inf
27,51,inf,inf,inf,1458.4899725400926,inf
27,52,inf,inf,inf,893.0677465903692,inf
27,53,inf,inf,inf,1453.954951159079,inf
27,54,inf,inf,inf,561.6422348791087,inf
27,55,inf,inf,inf,519.7730273879167,inf
27,56,inf,inf,inf,839.0810449533466,inf
27,57,inf,inf,inf,936.9103478988798,inf
27,58,inf,inf,inf,966.0983386798675,inf
27,59,inf,inf,inf,967.3453364750357,inf
27,60,inf,inf,inf,956.8578786841858,inf
27,61,inf,inf,inf,328.60919037665394,inf
27,62,inf,inf,inf,1476.4907720673366,inf
27,63,inf,inf,inf,1022.3565914102574,inf
27,64,inf,inf,inf,628.782951422826,inf
27,65,inf,inf,inf,1119.378845610368,inf
27,66,inf,inf,inf,118.00423721205946,inf
27,67,inf,inf,inf,806.2015876937976,inf
27,68,inf,inf,inf,1021.8855121783457,inf
27,69,inf,inf,inf,504.03670501264094,inf
27,70,inf,inf,inf,301.4780257332199,inf
27,71,inf,inf,inf,1331.7176878002335,inf
27,72,inf,inf,inf,1425.0982422275315,inf
27,73,inf,inf,inf,1204.9315333246118,inf
27,74,inf,inf,inf,889.2783591204725,inf
27,75,inf,inf,inf,754.6025443900915,inf
27,76,inf,inf,inf,1423.1897273378556,inf
27,77,inf,inf,inf,619.4142394230213,inf
27,78,inf,inf,inf,982.1822641444917,inf
27,79,inf,inf,inf,370.71417561242515,inf
27,80,inf,inf,inf,1052.4908550671591,inf
27,81,inf,inf,inf,520.4075326126631,inf
27,82,inf,inf,inf,1252.0563086379143,inf
27,83,inf,inf,inf,928.8498263982182,inf
28,29,inf,inf,inf,146.4547711752676,inf
28,30,inf,inf,inf,839.1024967189646,inf
28,31,inf,inf,inf,486.2149730314771,inf
28,32,inf,inf,inf,1316.149687535578,inf
28,33,inf,inf,inf,1339.0014936511461,inf
28,34,inf,inf,inf,800.0006249997558,inf
28,35,inf,inf,inf,813.2724020892385,inf
28,36,inf,inf,inf,1316.8617998863815,inf
28,37,inf,inf,inf,582.0008591058952,inf
28,38,inf,inf,inf,604.6428698000168,inf
28,39,inf,inf,inf,1272.0035377309293,inf
28,40,inf,inf,inf,345.1144737619679,inf
28,41,inf,inf,inf,888.2280112673773,inf
28,42,inf,inf,inf,818.1228514104712,inf
28,43,inf,inf,inf,1188.4653970562206,inf
28,44,inf,inf,inf,1142.2442821043142,inf
28,45,inf,inf,inf,782.0620180011301,inf
28,46,inf,inf,inf,1083.1514206240972,inf
28,47,inf,inf,inf,1212.5477310192782,inf
28,48,inf,inf,inf,294.0918223956593,inf
28,49,inf,inf,inf,1339.2087215964507,inf
28,50,inf,inf,inf,953.3587991936719,inf
28,51,inf,inf,inf,1019.8833266604568,inf
28,52,inf,inf,inf,1423.7615671171911,inf
28,53,inf,inf,inf,1272.3600119463044,inf
28,54,inf,inf,inf,1160.531343824888,inf
28,55,inf,inf,inf,395.5767940615324,inf
28,56,inf,inf,inf,206.71236053995418,inf
28,57,inf,inf,inf,905.1463969988502,inf
28,58,inf,inf,inf,571.3466548427496,inf
28,59,inf,inf,inf,760.7798630352935,inf
28,60,inf,inf,inf,1449.588217391408,inf
28,61,inf,inf,inf,674.4130781650072,inf
28,62,inf,inf,inf,1166.5418980902487,inf
28,63,inf,inf,inf,1466.0648007506354,inf
28,64,inf,inf,inf,287.31341771661135,inf
28,65,inf,inf,inf,1480.3850850369981,inf
28,66,inf,inf,inf,872.9180946686809,inf
28,67,inf,inf,inf,1003.7768676354323,inf
28,68,inf,inf,inf,938.3522792640299,inf
28,69,inf,inf,inf,593.8114178760795,inf
28,70,inf,inf,inf,1128.3306253044805,inf
28,71,inf,inf,inf,1434.1356281746855,inf
28,72,inf,inf,inf,1310.2488313293777,inf
28,73,inf,inf,inf,917.7717581185423,inf
28,74,inf,inf,inf,658.3198310851649,inf
28,75,inf,inf,inf,1383.4232902477825,inf
28,76,inf,inf,inf,1063.4293582556388,inf
28,77,inf,inf,inf,494.2640994448211,inf
28,78,inf,inf,inf,998.6936467205546,inf
28,79,inf,inf,inf,821.6629479293806,inf
28,80,inf,inf,inf,638.8239194018959,inf
28,81,inf,inf,inf,814.3690809454887,inf
28,82,inf,inf,inf,586.0034129593445,inf
28,83,inf,inf,inf,868.0973447718867,inf
29,30,inf,inf,inf,775.8608122595186,inf
29,31,inf,inf,inf,425.7933771208754,inf
29,32,inf,inf,inf,1216.1122481087016,inf
29,33,inf,inf,inf,1215.4636975245292,inf
29,34,inf,inf,inf,694.5962856220871,inf
29,35,inf,inf,inf,666.8470589273076,inf
29,36,inf,inf,inf,1215.5632439326223,inf
29,37,inf,inf,inf,514.2314653927742,inf
29,38,inf,inf,inf,485.5450545520982,inf
29,39,inf,inf,inf,1177.1507974766869,inf
29,40,inf,inf,inf,381.6084380618437,inf
29,41,inf,inf,inf,782.0025575405748,inf
29,42,inf,inf,inf,774.4895092898289,inf
29,43,inf,inf,inf,1107.3215431842732,inf
29,44,inf,inf,inf,1015.3841637528133,inf
29,45,inf,inf,inf,645.0503856289057,inf
29,46,inf,inf,inf,965.3455339928807,inf
29,47,inf,inf,inf,1083.4135867709986,inf
29,48,inf,inf,inf,268.40454541605664,inf
29,49,inf,inf,inf,1234.049026578766,inf
29,50,inf,inf,inf,810.1419628682371,inf
29,51,inf,inf,inf,895.1742847066151,inf
29,52,inf,inf,inf,1300.834347640006,inf
29,53,inf,inf,inf,1130.1862678337584,inf
29,54,inf,inf,inf,1053.2967293217994,inf
29,55,inf,inf,inf,348.51111890440455,inf
29,56,inf,inf,inf,61.91122676865643,inf
29,57,inf,inf,inf,759.8164251975604,inf
29,58,inf,inf,inf,427.375712927162,inf
29,59,inf,inf,inf,614.3850584120678,inf
29,60,inf,inf,inf,1322.6976222856076,inf
29,61,inf,inf,inf,595.0462166924516,inf
29,62,inf,inf,inf,1031.2715452294804,inf
29,63,inf,inf,inf,1334.9026181710785,inf
29,64,inf,inf,inf,243.6554944999189,inf
29,65,inf,inf,inf,1343.3901145981386,inf
29,66,inf,inf,inf,813.2041564084631,inf
29,67,inf,inf,inf,866.755444170961,inf
29,68,inf,inf,inf,791.9608576186073,inf
29,69,inf,inf,inf,486.12446965772045,inf
29,70,inf,inf,inf,1055.7163444789514,inf
29,71,inf,inf,inf,1288.0558994080964,inf
29,72,inf,inf,inf,1165.7722762186447,inf
29,73,inf,inf,inf,776.3633170107923,inf
29,74,inf,inf,inf,511.95312285403634,inf
29,75,inf,inf,inf,1271.8588758191688,inf
29,76,inf,inf,inf,930.7615161790909,inf
29,77,inf,inf,inf,372.2391704267567,inf
29,78,inf,inf,inf,853.4928236370824,inf
29,79,inf,inf,inf,724.7875550807975,inf
29,80,inf,inf,inf,498.84767214050424,inf
29,81,inf,inf,inf,697.9340943097708,inf
29,82,inf,inf,inf,489.73972679373276,inf
29,83,inf,inf,inf,722.5192038970314,inf
30,31,inf,inf,inf,353.84177254812636,inf
30,32,inf,inf,inf,552.7865772610619,inf
30,33,inf,inf,inf,729.8109344206895,inf
30,34,inf,inf,inf,1255.9777068085245,inf
30,35,inf,inf,inf,811.1380893534713,inf
30,36,inf,inf,inf,559.5158621522718,inf
30,37,inf,inf,inf,261.6447973876033,inf
30,38,inf,inf,inf,1043.9664745574926,inf
30,39,inf,inf,inf,489.8693703427476,inf
30,40,inf,inf,inf,581.2099448564176,inf
30,41,inf,inf,inf,298.9314302645341,inf
30,42,inf,inf,inf,115.83609109426992,inf
30,43,inf,inf,inf,366.9945503682582,inf
30,44,inf,inf,inf,615.0650372115131,inf
30,45,inf,inf,inf,571.7429492350561,inf
30,46,inf,inf,inf,489.72237032833203,inf
30,47,inf,inf,inf,688.7996806038749,inf
30,48,inf,inf,inf,547.1352666388815,inf
30,49,inf,inf,inf,599.4005338669627,inf
30,50,inf,inf,inf,746.3578230312858,inf
30,51,inf,inf,inf,1311.7213881003847,inf
30,52,inf,inf,inf,794.8899294870957,inf
30,53,inf,inf,inf,1301.7853125611764,inf
30,54,inf,inf,inf,462.58620818178315,inf
30,55,inf,inf,inf,443.64400142456566,inf
30,56,inf,inf,inf,740.608533572224,inf
30,57,inf,inf,inf,784.6763664084704,inf
30,58,inf,inf,inf,828.204081129766,inf
30,59,inf,inf,inf,818.2328519437483,inf
30,60,inf,inf,inf,852.9742082853385,inf
30,61,inf,inf,inf,195.48913013259843,inf
30,62,inf,inf,inf,1325.2490332009302,inf
30,63,inf,inf,inf,911.4126398070196,inf
30,64,inf,inf,inf,552.0144925633747,inf
30,65,inf,inf,inf,998.1127190853747,inf
30,66,1.0,44.9411,44.94112549695427,41.86884283091664,1.0733787336431713
30,67,inf,inf,inf,658.729838401146,inf
30,68,inf,inf,inf,869.6585536864454,inf
30,69,inf,inf,inf,365.9412521156914,inf
30,70,inf,inf,inf,293.17059879871994,inf
30,71,inf,inf,inf,1188.467921317189,inf
30,72,inf,inf,inf,1273.6424144947434,inf
30,73,inf,inf,inf,1055.0090047009078,inf
30,74,inf,inf,inf,743.6612131878333,inf
30,75,inf,inf,inf,675.9800292908068,inf
30,76,inf,inf,inf,1273.5874528276415,inf
30,77,inf,inf,inf,489.33628518637363,inf
30,78,inf,inf,inf,830.6924822098729,inf
30,79,inf,inf,inf,220.02045359466015,inf
30,80,inf,inf,inf,912.318475095183,inf
30,81,inf,inf,inf,368.7817782917155,inf
30,82,inf,inf,inf,1126.911265362096,inf
30,83,inf,inf,inf,776.7277515320282,inf
31,32,inf,inf,inf,849.2967679203778,inf
31,33,inf,inf,inf,930.7566814157178,inf
31,34,inf,inf,inf,990.1454438616581,inf
31,35,inf,inf,inf,678.7289591582195,inf
31,36,inf,inf,inf,851.9683092697755,inf
31,37,inf,inf,inf,97.0051545022222,inf
31,38,inf,inf,inf,767.9752600181857,inf
31,39,inf,inf,inf,798.6438505366457,inf
31,40,inf,inf,inf,286.2254356272342,inf
31,41,inf,inf,inf,448.16514813180197,inf
31,42,inf,inf,inf,350.3855019831728,inf
31,43,inf,inf,inf,704.3756100263552,inf
31,44,inf,inf,inf,757.2139724014606,inf
31,45,inf,inf,inf,505.1752171276814,inf
31,46,inf,inf,inf,665.5704320355585,inf
31,47,inf,inf,inf,834.3458515507823,inf
31,48,inf,inf,inf,199.04019694524018,inf
31,49,inf,inf,inf,880.6730380793998,inf
31,50,inf,inf,inf,711.079461101219,inf
31,51,inf,inf,inf,1105.698421813109,inf
31,52,inf,inf,inf,1010.5335224523727,inf
31,53,inf,inf,inf,1201.4345591833123,inf
31,54,inf,inf,inf,710.2576997118722,inf
31,55,inf,inf,inf,94.19129471453293,inf
31,56,inf,inf,inf,397.0,inf
31,57,inf,inf,inf,708.1645289055361,inf
31,58,inf,inf,inf,585.0213671311502,inf
31,59,inf,inf,inf,658.5537183859796,inf
31,60,inf,inf,inf,1051.148419586882,inf
31,61,inf,inf,inf,196.6214637317096,inf
31,62,inf,inf,inf,1171.7529603120277,inf
31,63,inf,inf,inf,1087.0349580395286,inf
31,64,inf,inf,inf,198.92712233378333,inf
31,65,inf,inf,inf,1136.0162850945403,inf
31,66,inf,inf,inf,389.34432062122085,inf
31,67,inf,inf,inf,691.6277900720878,inf
31,68,inf,inf,inf,778.337972862689,inf
31,69,inf,inf,inf,214.21717951648975,inf
31,70,inf,inf,inf,642.1471793911423,inf
31,71,inf,inf,inf,1210.5882867432676,inf
31,72,inf,inf,inf,1201.038300804766,inf
31,73,inf,inf,inf,890.5054744357275,inf
31,74,inf,inf,inf,556.1762310635003,inf
31,75,inf,inf,inf,937.6166594083106,inf
31,76,inf,inf,inf,1096.4766299379116,inf
31,77,inf,inf,inf,245.16525039246488,inf
31,78,inf,inf,inf,785.3215901781894,inf
31,79,inf,inf,inf,364.05082062810953,inf
31,80,inf,inf,inf,676.8256791818703,inf
31,81,inf,inf,inf,415.63926667243555,inf
31,82,inf,inf,inf,828.2662615367113,inf
31,83,inf,inf,inf,683.7733542629458,inf
32,33,inf,inf,inf,319.3195891266303,inf
32,34,inf,inf,inf,1476.1981574300924,inf
32,35,inf,inf,inf,916.9743725971845,inf
32,36,inf,inf,inf,15.0,inf
32,37,inf,inf,inf,754.0722777028737,inf
32,38,inf,inf,inf,1307.376380389366,inf
32,39,inf,inf,inf,72.20110802473879,inf
32,40,inf,inf,inf,1116.8858491358908,inf
32,41,inf,inf,inf,435.8772763060722,inf
32,42,inf,inf,inf,649.2495668077107,inf
32,43,inf,inf,inf,230.8679276123039,inf
32,44,inf,inf,inf,391.60183860651114,inf
32,45,inf,inf,inf,700.7859873028284,inf
32,46,inf,inf,inf,318.8683113763423,inf
32,47,inf,inf,inf,410.1243713801949,inf
32,48,inf,inf,inf,1046.5180361560904,inf
32,49,inf,inf,inf,65.80273550544841,inf
32,50,inf,inf,inf,739.4410050842461,inf
32,51,inf,inf,inf,1424.6304784048389,inf
32,52,inf,inf,inf,333.7319283496861,inf
32,53,inf,inf,inf,1247.898233030242,inf
32,54,inf,inf,inf,179.36833611315015,inf
32,55,inf,inf,inf,943.0063626508572,inf
32,56,inf,inf,inf,1165.0321883965266,inf
32,57,inf,inf,inf,821.5229759416349,inf
32,58,inf,inf,inf,1080.5447700118677,inf
32,59,inf,inf,inf,959.3205929198018,inf
32,60,inf,inf,inf,408.431144747802,inf
32,61,inf,inf,inf,652.6813924113358,inf
32,62,inf,inf,inf,1351.8025003675648,inf
32,63,inf,inf,inf,492.15444730287663,inf
32,64,inf,inf,inf,1038.8402187054562,inf
32,65,inf,inf,inf,623.0008025677014,inf
32,66,inf,inf,inf,544.0367634636468,inf
32,67,inf,inf,inf,594.0521862597595,inf
32,68,inf,inf,inf,897.8335034960546,inf
32,69,inf,inf,inf,730.1520389617494,inf
32,70,inf,inf,inf,324.2221460665511,inf
32,71,inf,inf,inf,961.8029943808659,inf
32,72,inf,inf,inf,1180.712496757784,inf
32,73,inf,inf,inf,1143.7678960348555,inf
32,74,inf,inf,inf,945.4866471822857,inf
32,75,inf,inf,inf,160.0312469488381,inf
32,76,inf,inf,inf,1344.935686194697,inf
32,77,inf,inf,inf,852.0076290738247,inf
32,78,inf,inf,inf,804.4059920214419,inf
32,79,inf,inf,inf,494.48963588734597,inf
32,80,inf,inf,inf,1135.4761115937226,inf
32,81,inf,inf,inf,536.0195891942756,inf
32,82,inf,inf,inf,1420.0176055246638,inf
32,83,inf,inf,inf,839.9601181008536,inf
33,34,inf,inf,inf,1316.8113000730211,inf
33,35,inf,inf,inf,750.2806141704582,inf
33,36,inf,inf,inf,304.38462510448846,inf
33,37,inf,inf,inf,848.463316826367,inf
33,38,inf,inf,inf,1183.439901304667,inf
33,39,inf,inf,inf,376.26054802490256,inf
33,40,inf,inf,inf,1216.452629575028,inf
33,41,inf,inf,inf,484.809240836022,inf
33,42,inf,inf,inf,843.2140890663533,inf
33,43,inf,inf,inf,516.7794500558241,inf
33,44,inf,inf,inf,205.03902067655318,inf
33,45,inf,inf,inf,597.0075376408575,inf
33,46,inf,inf,inf,265.18672666632466,inf
33,47,inf,inf,inf,158.43295111813072,inf
33,48,inf,inf,inf,1109.5967736074217,inf
33,49,inf,inf,inf,259.47832279402456,inf
33,50,inf,inf,inf,545.3384270340758,inf
33,51,inf,inf,inf,1214.0630131916548,inf
33,52,1.0,90.3848,90.38477631085021,85.70880934886448,1.054556433551106
33,53,inf,inf,inf,976.699032455751,inf
33,54,inf,inf,inf,275.26351011349107,inf
33,55,inf,inf,inf,1016.1830543755392,inf
33,56,inf,inf,inf,1156.911837609072,inf
33,57,inf,inf,inf,634.1963418374471,inf
33,58,inf,inf,inf,972.2602532244132,inf
33,59,inf,inf,inf,805.2186038586043,inf
33,60,inf,inf,inf,123.76186811776881,inf
33,61,inf,inf,inf,749.5972251816305,inf
33,62,inf,inf,inf,1106.8789455039787,inf
33,63,inf,inf,inf,187.6406139405859,inf
33,64,inf,inf,inf,1091.4210919713803,inf
33,65,inf,inf,inf,306.4718584144391,inf
33,66,inf,inf,inf,738.20390137143,inf
33,67,inf,inf,inf,409.18088909429775,inf
33,68,inf,inf,inf,692.9314540414514,inf
33,69,inf,inf,inf,752.814054066474,inf
33,70,inf,inf,inf,596.2591718372138,inf
33,71,inf,inf,inf,651.0606730558989,inf
33,72,inf,inf,inf,898.8998831905586,inf
33,73,inf,inf,inf,940.9718380483021,inf
33,74,inf,inf,inf,827.3572384405662,inf
33,75,inf,inf,inf,186.04569331215382,inf
33,76,inf,inf,inf,1119.6932615676492,inf
33,77,inf,inf,inf,845.3271556030836,inf
33,78,inf,inf,inf,586.3463140499819,inf
33,79,inf,inf,inf,576.0425331518499,inf
33,80,inf,inf,inf,1004.3291293196668,inf
33,81,inf,inf,inf,528.1363460319693,inf
33,82,inf,inf,inf,1305.4933933191696,inf
33,83,inf,inf,inf,663.54351778915,inf
34,35,inf,inf,inf,568.2437857117313,inf
34,36,inf,inf,inf,1468.6953394084153,inf
34,37,inf,inf,inf,1037.5673472117364,inf
34,38,inf,inf,inf,223.0201784592596,inf
34,39,inf,inf,inf,1470.043536770255,inf
34,40,inf,inf,inf,1065.9310484266794,inf
34,41,inf,inf,inf,1091.146186356347,inf
34,42,inf,inf,inf,1308.2606773881114,inf
34,43,inf,inf,inf,1473.2633844632128,inf
34,44,inf,inf,inf,1126.3130115558463,inf
34,45,inf,inf,inf,777.9730072438247,inf
34,46,inf,inf,inf,1159.1462375386463,inf
34,47,inf,inf,inf,1158.378608227897,inf
34,48,inf,inf,inf,923.4635888869685,inf
34,49,inf,inf,inf,1462.25750126303,inf
34,50,inf,inf,inf,771.6022291310466,inf
34,51,inf,inf,inf,277.96582523756405,inf
34,52,inf,inf,inf,1394.1972600747715,inf
34,53,inf,inf,inf,668.5992820815769,inf
34,54,inf,inf,inf,1297.5584765242759,inf
34,55,inf,inf,inf,957.899785990163,inf
34,56,inf,inf,inf,669.6036140882156,inf
34,57,inf,inf,inf,682.7481233954437,inf
34,58,inf,inf,inf,428.32931256219206,inf
34,59,inf,inf,inf,518.7725898695883,inf
34,60,inf,inf,inf,1377.6156938711174,inf
34,61,inf,inf,inf,1064.030074762927,inf
34,62,inf,inf,inf,486.72887730234373,inf
34,63,inf,inf,inf,1345.1977549787987,inf
34,64,inf,inf,inf,887.6260473870739,inf
34,65,inf,inf,inf,1281.7242293098777,inf
34,66,inf,inf,inf,1297.8247185194155,inf
34,67,inf,inf,inf,910.3103866264518,inf
34,68,inf,inf,inf,632.7100441750549,inf
34,69,inf,inf,inf,890.1263955191981,inf
34,70,inf,inf,inf,1462.5515375534635,inf
34,71,inf,inf,inf,1023.9453110396082,inf
34,72,inf,inf,inf,752.0910849092681,inf
34,73,inf,inf,inf,408.0049019313371,inf
34,74,inf,inf,inf,538.5164807134504,inf
34,75,inf,inf,inf,1454.3840620688884,inf
34,76,inf,inf,inf,377.5778065511796,inf
34,77,inf,inf,inf,772.9747731976769,inf
34,78,inf,inf,inf,741.8045564702336,inf
34,79,inf,inf,inf,1093.945611079454,inf
34,80,inf,inf,inf,350.46397817750113,inf
34,81,inf,inf,inf,974.9051235889573,inf
34,82,inf,inf,inf,217.1013588165675,inf
34,83,inf,inf,inf,653.6803500182639,inf
35,36,inf,inf,inf,908.4035446870515,inf
35,37,inf,inf,inf,674.0600863424565,inf
35,38,inf,inf,inf,443.0722288747062,inf
35,39,inf,inf,inf,918.1530373527063,inf
35,40,inf,inf,inf,893.5882720806043,inf
35,41,inf,inf,inf,573.8440554715191,inf
35,42,inf,inf,inf,896.3687857126664,inf
35,43,inf,inf,inf,944.623734616064,inf
35,44,inf,inf,inf,558.0770556114988,inf
35,45,inf,inf,inf,246.82990094394967,inf
35,46,inf,inf,inf,598.1212251709514,inf
35,47,inf,inf,inf,592.0304046246274,inf
35,48,inf,inf,inf,735.3216983062583,inf
35,49,inf,inf,inf,898.3206554454817,inf
35,50,inf,inf,inf,208.62646045025065,inf
35,51,inf,inf,inf,520.8397066276725,inf
35,52,inf,inf,inf,829.4727240844029,inf
35,53,inf,inf,inf,522.7083316726452,inf
35,54,inf,inf,inf,740.8596358285421,inf
35,55,inf,inf,inf,702.9687048510766,inf
35,56,inf,inf,inf,607.1194281193775,inf
35,57,inf,inf,inf,123.03657992645927,inf
35,58,inf,inf,inf,270.38676003088614,inf
35,59,inf,inf,inf,62.81719509815764,inf
35,60,inf,inf,inf,818.6000244319566,inf
35,61,inf,inf,inf,649.7053178172393,inf
35,62,inf,inf,inf,514.6882551603446,inf
35,63,inf,inf,inf,795.9560289362723,inf
35,64,inf,inf,inf,699.2689039275234,inf
35,65,inf,inf,inf,755.8677132938012,inf
35,66,inf,inf,inf,850.0882307149064,inf
35,67,inf,inf,inf,342.257213218363,inf
35,68,inf,inf,inf,125.31959144523253,inf
35,69,inf,inf,inf,488.4096641140509,inf
35,70,inf,inf,inf,952.3581259169263,inf
35,71,inf,inf,inf,623.1765399948878,inf
35,72,inf,inf,inf,528.1098370604358,inf
35,73,inf,inf,inf,247.00809703327542,inf
35,74,inf,inf,inf,155.21919984331836,inf
35,75,inf,inf,inf,886.6160386548396,inf
35,76,inf,inf,inf,465.55128611142294,inf
35,77,inf,inf,inf,438.85418990821995,inf
35,78,inf,inf,inf,207.28000385951367,inf
35,79,inf,inf,inf,607.1457815055624,inf
35,80,inf,inf,inf,266.7508200549719,inf
35,81,inf,inf,inf,463.0259172011865,inf
35,82,inf,inf,inf,568.0035211158466,inf
35,83,inf,inf,inf,87.82368700982668,inf
36,37,inf,inf,inf,757.099729229908,inf
36,38,inf,inf,inf,1301.2870551880549,inf
36,39,inf,inf,inf,84.72307831990054,inf
36,40,inf,inf,inf,1121.0481702406905,inf
36,41,inf,inf,inf,434.41224660453577,inf
36,42,inf,inf,inf,657.3431371817918,inf
36,43,inf,inf,inf,243.2385660210979,inf
36,44,inf,inf,inf,379.6801285292661,inf
36,45,inf,inf,inf,694.1728891277734,inf
36,46,inf,inf,inf,310.35785796399614,inf
36,47,inf,inf,inf,396.6824926814895,inf
36,48,inf,inf,inf,1048.7444874706136,inf
36,49,inf,inf,inf,51.62363799656123,inf
36,50,inf,inf,inf,729.3202314484358,inf
36,51,inf,inf,inf,1414.8204833122822,inf
36,52,inf,inf,inf,318.9545422156581,inf
36,53,inf,inf,inf,1235.3400341606355,inf
36,54,inf,inf,inf,173.4589288563722,inf
36,55,inf,inf,inf,945.5083288898094,inf
36,56,inf,inf,inf,1164.0468203641983,inf
36,57,inf,inf,inf,811.8897708433085,inf
36,58,inf,inf,inf,1074.8171937590132,inf
36,59,inf,inf,inf,951.3679624624743,inf
36,60,inf,inf,inf,393.6000508130048,inf
36,61,inf,inf,inf,655.4220014616537,inf
36,62,inf,inf,inf,1340.442091251987,inf
36,63,inf,inf,inf,477.22217048247035,inf
36,64,inf,inf,inf,1040.5354390889336,inf
36,65,inf,inf,inf,608.0008223678649,inf
36,66,inf,inf,inf,551.7435998722596,inf
36,67,inf,inf,inf,583.7233933979346,inf
36,68,inf,inf,inf,887.6598447603676,inf
36,69,inf,inf,inf,729.4635014858522,inf
36,70,inf,inf,inf,336.0133925902359,inf
36,71,inf,inf,inf,947.4017099414588,inf
36,72,inf,inf,inf,1167.663050712833,inf
36,73,inf,inf,inf,1134.0414454507384,inf
36,74,inf,inf,inf,939.0473896454854,inf
36,75,inf,inf,inf,145.96232390586277,inf
36,76,inf,inf,inf,1334.42759264038,inf
36,77,inf,inf,inf,850.3599237969767,inf
36,78,inf,inf,inf,793.5263070623431,inf
36,79,inf,inf,inf,495.3836896790204,inf
36,80,inf,inf,inf,1128.8316969327182,inf
36,81,inf,inf,inf,532.6931574555844,inf
36,82,inf,inf,inf,1414.476935124783,inf
36,83,inf,inf,inf,830.8116513386171,inf
37,38,inf,inf,inf,818.1857979701188,inf
37,39,inf,inf,inf,702.4087129300149,inf
37,40,inf,inf,inf,370.3903346471125,inf
37,41,inf,inf,inf,363.69492710237245,inf
37,42,inf,inf,inf,275.86228448267445,inf
37,43,inf,inf,inf,607.5236620906218,inf
37,44,inf,inf,inf,683.1668902984102,inf
37,45,inf,inf,inf,473.91560430101896,inf
37,46,inf,inf,inf,583.8852627015003,inf
37,47,inf,inf,inf,760.8659540286975,inf
37,48,inf,inf,inf,296.0152023123137,inf
37,49,inf,inf,inf,786.9847520759217,inf
37,50,inf,inf,inf,677.5750880898736,inf
37,51,inf,inf,inf,1131.4225559003144,inf
37,52,inf,inf,inf,926.4404999782771,inf
37,53,inf,inf,inf,1193.559801601914,inf
37,54,inf,inf,inf,619.1671825928761,inf
37,55,inf,inf,inf,191.06543381784158,inf
37,56,inf,inf,inf,480.13019067748695,inf
37,57,inf,inf,inf,686.5311354920474,inf
37,58,inf,inf,inf,619.3803354966963,inf
37,59,inf,inf,inf,662.7073260497427,inf
37,60,inf,inf,inf,970.2582130546486,inf
37,61,1.0,112.4264,112.42640687119281,102.45974819410792,1.0972738939217697
37,62,inf,inf,inf,1180.213963652354,inf
37,63,inf,inf,inf,1010.4558377286955,inf
37,64,inf,inf,inf,295.0830391601659,inf
37,65,inf,inf,inf,1067.1949212772706,inf
37,66,inf,inf,inf,299.23402212983734,inf
37,67,inf,inf,inf,639.7913722456719,inf
37,68,inf,inf,inf,762.6401510542177,inf
37,69,inf,inf,inf,186.3249849054066,inf
37,70,inf,inf,inf,546.5757038142109,inf
37,71,inf,inf,inf,1168.9696317697906,inf
37,72,inf,inf,inf,1184.988185595114,inf
37,73,inf,inf,inf,900.0055555384089,inf
37,74,inf,inf,inf,567.9524627994847,inf
37,75,inf,inf,inf,846.4425556409602,inf
37,76,inf,inf,inf,1112.1766945948832,inf
37,77,inf,inf,inf,267.8656379605268,inf
37,78,inf,inf,inf,756.2565702193932,inf
37,79,inf,inf,inf,275.0363612324741,inf
37,80,inf,inf,inf,709.4652916105199,inf
37,81,inf,inf,inf,348.427897849756,inf
37,82,inf,inf,inf,888.7659984495357,inf
37,83,inf,inf,inf,666.5793276122505,inf
38,39,inf,inf,inf,1293.9188537153325,inf
38,40,inf,inf,inf,848.1090731739639,inf
38,41,inf,inf,inf,901.8037480516479,inf
38,42,inf,inf,inf,1090.9115454517841,inf
38,43,inf,inf,inf,1282.5712455844314,inf
38,44,inf,inf,inf,983.6122203388894,inf
38,45,inf,inf,inf,607.9802628375365,inf
38,46,inf,inf,inf,996.840007222824,inf
38,47,inf,inf,inf,1026.836403717749,inf
38,48,inf,inf,inf,702.5389668908052,inf
38,49,inf,inf,inf,1300.460303123475,inf
38,50,inf,inf,inf,650.8886233450389,inf
38,51,inf,inf,inf,416.08292442733097,inf
38,52,inf,inf,inf,1265.2146063020298,inf
38,53,inf,inf,inf,723.3733475875373,inf
38,54,inf,inf,inf,1128.0514172678477,inf
38,55,inf,inf,inf,734.9081575271838,inf
38,56,inf,inf,inf,453.99229068344323,inf
38,57,inf,inf,inf,566.022084374806,inf
38,58,inf,inf,inf,228.77936969928035,inf
38,59,inf,inf,inf,382.69178198649627,inf
38,60,inf,inf,inf,1259.0444789601358,inf
38,61,inf,inf,inf,850.0599978825024,inf
38,62,inf,inf,inf,581.4370129257338,inf
38,63,inf,inf,inf,1238.89184354406,inf
38,64,inf,inf,inf,666.2507035643565,inf
38,65,inf,inf,inf,1196.0957319545957,inf
38,66,inf,inf,inf,1085.8199666611404,inf
38,67,inf,inf,inf,774.9845159743516,inf
38,68,inf,inf,inf,541.3612472277638,inf
38,69,inf,inf,inf,678.516764715508,inf
38,70,inf,inf,inf,1264.3832488608823,inf
38,71,inf,inf,inf,1002.6933728712881,inf
38,72,inf,inf,inf,786.0235365432768,inf
38,73,inf,inf,inf,386.4013457533501,inf
38,74,inf,inf,inf,363.1886562105155,inf
38,75,inf,inf,inf,1303.4649976121339,inf
38,76,inf,inf,inf,472.204404892627,inf
38,77,inf,inf,inf,556.6075816946801,inf
38,78,inf,inf,inf,643.9440969525227,inf
38,79,inf,inf,inf,894.2510833093802,inf
38,80,inf,inf,inf,179.20100446147057,inf
38,81,inf,inf,inf,786.8684769388084,inf
38,82,inf,inf,inf,125.14391715141412,inf
38,83,inf,inf,inf,530.3772242470448,inf
39,40,inf,inf,inf,1060.683270349825,inf
39,41,inf,inf,inf,404.67764949401396,inf
39,42,inf,inf,inf,582.5959148500785,inf
39,43,inf,inf,inf,158.68522300453813,inf
39,44,inf,inf,inf,418.1686262741384,inf
39,45,inf,inf,inf,692.1112627316506,inf
39,46,inf,inf,inf,325.8711401766042,inf
39,47,inf,inf,inf,448.13502429513363,inf
39,48,inf,inf,inf,997.0702081598868,inf
39,49,inf,inf,inf,135.95955280891445,inf
39,50,inf,inf,inf,750.8142246921005,inf
39,51,inf,inf,inf,1432.1302315082942,inf
39,52,inf,inf,inf,399.46213838109867,inf
39,53,inf,inf,inf,1274.9592150339556,inf
39,54,inf,inf,inf,179.96110690924303,inf
39,55,inf,inf,inf,892.7530453602496,inf
39,56,inf,inf,inf,1127.9738472145532,inf
39,57,inf,inf,inf,829.4510232677997,inf
39,58,inf,inf,inf,1065.7100919105533,inf
39,59,inf,inf,inf,956.8035326021743,inf
39,60,inf,inf,inf,473.34237080574144,inf
39,61,inf,inf,inf,602.4250990787153,inf
39,62,inf,inf,inf,1369.715663924451,inf
39,63,inf,inf,inf,555.1801509420163,inf
39,64,inf,inf,inf,991.3647159345545,inf
39,65,inf,inf,inf,682.4199586764737,inf
39,66,inf,inf,inf,478.5237716143264,inf
39,67,inf,inf,inf,607.6981158437139,inf
39,68,inf,inf,inf,908.8509228690918,inf
39,69,inf,inf,inf,693.1067738811964,inf
39,70,inf,inf,inf,252.10513679812237,inf
39,71,inf,inf,inf,1007.2239075796404,inf
39,72,inf,inf,inf,1211.9674088027284,inf
39,73,inf,inf,inf,1151.256704649315,inf
39,74,inf,inf,inf,934.7534434277309,inf
39,75,inf,inf,inf,229.99347816840373,inf
39,76,inf,inf,inf,1357.0501096127587,inf
39,77,inf,inf,inf,818.590251591112,inf
39,78,inf,inf,inf,820.4108726729553,inf
39,79,inf,inf,inf,452.4345256498447,inf
39,80,inf,inf,inf,1125.287963145434,inf
39,81,inf,inf,inf,512.1913704856809,inf
39,82,inf,inf,inf,1403.5658160556632,inf
39,83,inf,inf,inf,844.8585680455635,inf
40,41,inf,inf,inf,732.6479372795641,inf
40,42,inf,inf,inf,526.677320567347,inf
40,43,inf,inf,inf,948.0010548517338,inf
40,44,inf,inf,inf,1043.0580041397507,inf
40,45,inf,inf,inf,763.8880808076534,inf
40,46,inf,inf,inf,951.3027909135976,inf
40,47,inf,inf,inf,1120.0,inf
40,48,inf,inf,inf,159.8311609167624,inf
40,49,inf,inf,inf,1153.5995839111595,inf
40,50,inf,inf,inf,966.2944685757028,inf
40,51,inf,inf,inf,1239.0004035511854,inf
40,52,inf,inf,inf,1295.602176595887,inf
40,53,inf,inf,inf,1406.8816581361775,inf
40,54,inf,inf,inf,988.9231517160472,inf
40,55,inf,inf,inf,210.10711553871752,inf
40,56,inf,inf,inf,396.65854333418815,inf
40,57,inf,inf,inf,948.0643438079506,inf
40,58,inf,inf,inf,726.3091628225545,inf
40,59,inf,inf,inf,858.9027884458171,inf
40,60,inf,inf,inf,1337.188842310614,inf
40,61,inf,inf,inf,472.3399199728941,inf
40,62,inf,inf,inf,1344.3645338969636,inf
40,63,inf,inf,inf,1373.1314576543646,inf
40,64,inf,inf,inf,197.51708786836647,inf
40,65,inf,inf,inf,1419.5957170969486,inf
40,66,inf,inf,inf,605.694642538631,inf
40,67,inf,inf,inf,965.6914621140646,inf
40,68,inf,inf,inf,1007.2819863374903,inf
40,69,inf,inf,inf,487.90572859928585,inf
40,70,inf,inf,inf,872.4918337726721,inf
40,71,inf,inf,inf,1469.1470314437558,inf
40,72,inf,inf,inf,1421.3514695528338,inf
40,73,inf,inf,inf,1069.4227414825252,inf
40,74,inf,inf,inf,749.2669751163467,inf
40,75,inf,inf,inf,1215.9358535712317,inf
40,76,inf,inf,inf,1254.6561281881184,inf
40,77,inf,inf,inf,464.3888456886104,inf
40,78,inf,inf,inf,1033.3077953833504,inf
40,79,inf,inf,inf,645.3851563214016,inf
40,80,inf,inf,inf,814.213731154173,inf
40,81,inf,inf,inf,700.6832379898923,inf
40,82,inf,inf,inf,868.4008291106129,inf
40,83,inf,inf,inf,918.1334325684911,inf
41,42,inf,inf,inf,411.9635906242201,inf
41,43,inf,inf,inf,382.1583441454602,inf
41,44,inf,inf,inf,330.60096793566714,inf
41,45,inf,inf,inf,327.8322741891042,inf
41,46,inf,inf,inf,220.8438362282271,inf
41,47,inf,inf,inf,407.7707689376471,inf
41,48,inf,inf,inf,634.6755076415034,inf
41,49,inf,inf,inf,452.18690825807863,inf
41,50,inf,inf,inf,465.9291791678216,inf
41,51,inf,inf,inf,1093.5616123474708,inf
41,52,inf,inf,inf,562.993783269407,inf
41,53,inf,inf,inf,1026.900676794012,inf
41,54,inf,inf,inf,272.3416971379888,inf
41,55,inf,inf,inf,536.6600413669719,inf
41,56,inf,inf,inf,729.7924362447175,inf
41,57,inf,inf,inf,519.2041987503568,inf
41,58,inf,inf,inf,673.1493147883314,inf
41,59,inf,inf,inf,597.8503157145608,inf
41,60,inf,inf,inf,606.9308033046271,inf
41,61,inf,inf,inf,265.2244332636041,inf
41,62,inf,inf,inf,1073.9855678732372,inf
41,63,inf,inf,inf,650.4160207128973,inf
41,64,inf,inf,inf,620.966987850401,inf
41,65,inf,inf,inf,718.8080411347664,inf
41,66,inf,inf,inf,326.1058110491133,inf
41,67,inf,inf,inf,363.0495833904785,inf
41,68,inf,inf,inf,605.5559429152686,inf
41,69,inf,inf,inf,296.13679271579883,inf
41,70,inf,inf,inf,379.0052770081177,inf
41,71,inf,inf,inf,889.6246399465339,inf
41,72,inf,inf,inf,989.8267525178333,inf
41,73,inf,inf,inf,820.2267979040919,inf
41,74,inf,inf,inf,552.9629282329875,inf
41,75,inf,inf,inf,496.38392399432115,inf
41,76,inf,inf,inf,1037.4704815077873,inf
41,77,inf,inf,inf,416.13699667297067,inf
41,78,inf,inf,inf,549.5980349309848,inf
41,79,inf,inf,inf,94.36630754670864,inf
41,80,inf,inf,inf,741.218591240128,inf
41,81,inf,inf,inf,116.27553482998907,inf
41,82,inf,inf,inf,1006.388096114019,inf
41,83,inf,inf,inf,520.124984979572,inf
42,43,inf,inf,inf,444.6403040661069,inf
42,44,inf,inf,inf,730.8467691657397,inf
42,45,inf,inf,inf,664.3613474608528,inf
42,46,inf,inf,inf,605.5097026472821,inf
42,47,inf,inf,inf,804.6346997240424,inf
42,48,inf,inf,inf,524.4091913763526,inf
42,49,inf,inf,inf,700.1606958406048,inf
42,50,inf,inf,inf,848.0377350094747,inf
42,51,inf,inf,inf,1384.0292626964215,inf
42,52,inf,inf,inf,906.3729916540982,inf
42,53,inf,inf,inf,1397.9645918262736,inf
42,54,inf,inf,inf,573.2608481311104,inf
42,55,inf,inf,inf,428.00233644222084,inf
42,56,inf,inf,inf,747.3854427268436,inf
42,57,inf,inf,inf,880.2868850550939,inf
42,58,inf,inf,inf,884.6536045255227,inf
42,59,inf,inf,inf,897.4859330373931,inf
42,60,inf,inf,inf,965.971531671612,inf
42,61,inf,inf,inf,250.87447060233131,inf
42,62,inf,inf,inf,1410.8951059522462,inf
42,63,inf,inf,inf,1025.8854711906197,inf
42,64,inf,inf,inf,537.1349923436379,inf
42,65,inf,inf,inf,1113.8334704972733,inf
42,66,inf,inf,inf,106.96261028976434,inf
42,67,inf,inf,inf,767.9147088056069,inf
42,68,inf,inf,inf,963.8464608017192,inf
42,69,inf,inf,inf,425.48442979737814,inf
42,70,inf,inf,inf,358.28061627724156,inf
42,71,inf,inf,inf,1300.1730654032178,inf
42,72,inf,inf,inf,1374.3060066811904,inf
42,73,inf,inf,inf,1136.1205921908113,inf
42,74,inf,inf,inf,814.6471628870993,inf
42,75,inf,inf,inf,780.7848615335726,inf
42,76,inf,inf,inf,1353.33550902945,inf
42,77,inf,inf,inf,535.286838993824,inf
42,78,inf,inf,inf,932.0,inf
42,79,inf,inf,inf,327.81854737034024,inf
42,80,inf,inf,inf,972.3893253219104,inf
42,81,inf,inf,inf,471.8919367821408,inf
42,82,inf,inf,inf,1164.330279602828,inf
42,83,inf,inf,inf,869.2456499747353,inf
43,44,inf,inf,inf,511.86326299120157,inf
43,45,inf,inf,inf,703.6142409019305,inf
43,46,inf,inf,inf,394.33615101839194,inf
43,47,inf,inf,inf,558.8148172695495,inf
43,48,inf,inf,inf,902.8864823442646,inf
43,49,inf,inf,inf,293.9557789872484,inf
43,50,inf,inf,inf,802.4618370988118,inf
43,51,inf,inf,inf,1465.2562915749586,inf
43,52,inf,inf,inf,550.8075889092306,inf
43,53,inf,inf,inf,1349.9074042318607,inf
43,54,inf,inf,inf,266.47513955339247,inf
43,55,inf,inf,inf,797.905382861903,inf
43,56,inf,inf,inf,1063.3757567294826,inf
43,57,inf,inf,inf,872.0458703531598,inf
43,58,inf,inf,inf,1054.2736836324807,inf
43,59,inf,inf,inf,974.5665703275482,inf
43,60,inf,inf,inf,622.9767250869008,inf
43,61,inf,inf,inf,514.6425944284052,inf
43,62,inf,inf,inf,1425.2192813739225,inf
43,63,inf,inf,inf,701.4869920390541,inf
43,64,inf,inf,inf,902.377415497529,inf
43,65,inf,inf,inf,822.159351950703,inf
43,66,inf,inf,inf,346.8313711301214,inf
43,67,inf,inf,inf,668.6179776224985,inf
43,68,inf,inf,inf,956.0779256943442,inf
43,69,inf,inf,inf,637.54686102278,inf
43,70,inf,inf,inf,94.847245611035,inf
43,71,inf,inf,inf,1119.9254439470512,inf
43,72,inf,inf,inf,1295.806312687201,inf
43,73,inf,inf,inf,1187.2847173277353,inf
43,74,inf,inf,inf,934.9272698985734,inf
43,75,inf,inf,inf,387.15629918677547,inf
43,76,inf,inf,inf,1400.5855918150808,inf
43,77,inf,inf,inf,768.4172043883452,inf
43,78,inf,inf,inf,879.5913824043525,inf
43,79,inf,inf,inf,396.4290604887588,inf
43,80,inf,inf,inf,1123.3743810502356,inf
43,81,inf,inf,inf,498.3623179976592,inf
43,82,inf,inf,inf,1384.3590574702794,inf
43,83,inf,inf,inf,880.8002043596493,inf
44,45,inf,inf,inf,392.0012755081289,inf
44,46,inf,inf,inf,130.41855696180662,inf
44,47,inf,inf,inf,77.78174593052023,inf
44,48,inf,inf,inf,925.5528077857039,inf
44,49,inf,inf,inf,356.384623686264,inf
44,50,inf,inf,inf,361.3654659759286,inf
44,51,inf,inf,inf,1045.2195941523485,inf
44,52,inf,inf,inf,290.38767191463205,inf
44,53,inf,inf,inf,857.5045189385302,inf
44,54,inf,inf,inf,247.69537742961614,inf
44,55,inf,inf,inf,837.3201299383647,inf
44,56,inf,inf,inf,956.0774027242774,inf
44,57,inf,inf,inf,448.5398533017997,inf
44,58,inf,inf,inf,769.2002340093247,inf
44,59,inf,inf,inf,609.7343683933193,inf
44,60,inf,inf,inf,307.46707140765494,inf
44,61,inf,inf,inf,590.5565171937399,inf
44,62,inf,inf,inf,961.454107069079,inf
44,63,inf,inf,inf,330.7204257375102,inf
44,64,inf,inf,inf,904.5313703791594,inf
44,65,inf,inf,inf,388.2087067544982,inf
44,66,inf,inf,inf,633.5929292534759,inf
44,67,inf,inf,inf,216.91011963483862,inf
44,68,inf,inf,inf,517.189520388803,inf
44,69,inf,inf,inf,565.2910754646672,inf
44,70,inf,inf,inf,566.7944953861144,inf
44,71,inf,inf,inf,610.891970809897,inf
44,72,inf,inf,inf,793.8828628960321,inf
44,73,inf,inf,inf,766.3634907796692,inf
44,74,inf,inf,inf,624.7343435413168,inf
44,75,inf,inf,inf,330.0575707357733,inf
44,76,inf,inf,inf,959.5353041967763,inf
44,77,inf,inf,inf,648.006944407234,inf
44,78,inf,inf,inf,417.5943007273926,inf
44,79,inf,inf,inf,424.8482081873478,inf
44,80,inf,inf,inf,804.9757760330431,inf
44,81,inf,inf,inf,343.09328177625395,inf
44,82,inf,inf,inf,1104.5261427417643,inf
44,83,inf,inf,inf,473.70138272966864,inf
45,46,inf,inf,inf,389.0115679513914,inf
45,47,inf,inf,inf,450.24993059410906,inf
45,48,inf,inf,inf,618.440781320249,inf
45,49,inf,inf,inf,692.4803246302381,inf
45,50,inf,inf,inf,205.91260281974002,inf
45,51,inf,inf,inf,765.7316762417498,inf
45,52,inf,inf,inf,682.1436798798329,inf
45,53,inf,inf,inf,733.9162077512664,inf
45,54,inf,inf,inf,521.4786668695086,inf
45,55,inf,inf,inf,556.1025085359713,inf
45,56,inf,inf,inf,583.6582904405625,inf
45,57,inf,inf,inf,217.0,inf
45,58,inf,inf,inf,384.33839256571804,inf
45,59,inf,inf,inf,271.02951868754076,inf
45,60,inf,inf,inf,691.7492320198122,inf
45,61,inf,inf,inf,427.3382735023859,inf
45,62,inf,inf,inf,755.6143196102096,inf
45,63,inf,inf,inf,694.4127014967396,inf
45,64,inf,inf,inf,588.4505076894743,inf
45,65,inf,inf,inf,698.5649576095268,inf
45,66,inf,inf,inf,609.308624590199,inf
45,67,inf,inf,inf,221.82200071228283,inf
45,68,inf,inf,inf,299.50626036862735,inf
45,69,inf,inf,inf,292.72000273298715,inf
45,70,inf,inf,inf,706.8047821004043,inf
45,71,inf,inf,inf,706.9384697411791,inf
45,72,inf,inf,inf,715.5452466476177,inf
45,73,inf,inf,inf,493.8036046851015,inf
45,74,inf,inf,inf,245.01836665850175,inf
45,75,inf,inf,inf,698.5248742886685,inf
45,76,inf,inf,inf,712.0821581812031,inf
45,77,inf,inf,inf,306.91366864315444,inf
45,78,inf,inf,inf,282.41812972966164,inf
45,79,inf,inf,inf,361.9295511560226,inf
45,80,inf,inf,inf,434.6918448740441,inf
45,81,inf,inf,inf,216.208232960727,inf
45,82,inf,inf,inf,723.9730657973403,inf
45,83,inf,inf,inf,205.1828452868319,inf
46,47,inf,inf,inf,199.7223072167954,inf
46,48,inf,inf,inf,845.7452335071124,inf
46,49,inf,inf,inf,303.99506574942956,inf
46,50,inf,inf,inf,424.9447022848973,inf
46,51,inf,inf,inf,1107.5761824813678,inf
46,52,inf,inf,inf,345.9393010341554,inf
46,53,inf,inf,inf,957.9775571483916,inf
46,54,inf,inf,inf,145.91093173576817,inf
46,55,inf,inf,inf,751.3188404399293,inf
46,56,inf,inf,inf,908.742537796047,inf
46,57,inf,inf,inf,504.38576506479643,inf
46,58,inf,inf,inf,772.9540736680285,inf
46,59,inf,inf,inf,641.237085639937,inf
46,60,inf,inf,inf,386.3741709793759,inf
46,61,inf,inf,inf,486.0658391617333,inf
46,62,inf,inf,inf,1044.8353937343431,inf
46,63,inf,inf,inf,430.6286102896555,inf
46,64,inf,inf,inf,828.6688120111677,inf
46,65,inf,inf,inf,508.49680431640866,inf
46,66,inf,inf,inf,506.0839851249988,inf
46,67,inf,inf,inf,282.4057364856458,inf
46,68,inf,inf,inf,583.0420224992363,inf
46,69,inf,inf,inf,491.85871955267805,inf
46,70,inf,inf,inf,441.4396901050018,inf
46,71,inf,inf,inf,738.0433591598803,inf
46,72,inf,inf,inf,901.6922978488838,inf
46,73,inf,inf,inf,826.5978465977273,inf
46,74,inf,inf,inf,633.6718393616684,inf
46,75,inf,inf,inf,313.95700342562833,inf
46,76,inf,inf,inf,1031.217241903955,inf
46,77,inf,inf,inf,593.1222470958243,inf
46,78,inf,inf,inf,495.46140112020834,inf
46,79,inf,inf,inf,313.8295715830489,inf
46,80,inf,inf,inf,822.1100899514614,inf
46,81,inf,inf,inf,268.7824399026097,inf
46,82,inf,inf,inf,1112.829277113071,inf
46,83,inf,inf,inf,521.5074304360389,inf
47,48,inf,inf,inf,1000.8686227472615,inf
47,49,inf,inf,inf,364.4722211636986,inf
47,50,inf,inf,inf,386.9431482789171,inf
47,51,inf,inf,inf,1059.4876120087483,inf
47,52,inf,inf,inf,238.37994882120435,inf
47,53,inf,inf,inf,842.4274449470411,inf
47,54,inf,inf,inf,292.4944443916841,inf
47,55,inf,inf,inf,913.7094724254532,inf
47,56,inf,inf,inf,1023.4813139476461,inf
47,57,inf,inf,inf,475.79197134882384,inf
47,58,inf,inf,inf,818.5285578402259,inf
47,59,inf,inf,inf,647.4457506231699,inf
47,60,inf,inf,inf,241.54916683772686,inf
47,61,inf,inf,inf,668.3240232102988,inf
47,62,inf,inf,inf,960.7101540006746,inf
47,63,inf,inf,inf,255.47211198093618,inf
47,64,inf,inf,inf,979.1613758722308,inf
47,65,inf,inf,inf,311.3133469673281,inf
47,66,inf,inf,inf,705.7832528475013,inf
47,67,inf,inf,inf,251.87298386289865,inf
47,68,inf,inf,inf,535.7844715928225,inf
47,69,inf,inf,inf,640.3780133639817,inf
47,70,inf,inf,inf,621.5030168872876,inf
47,71,inf,inf,inf,561.9332700597109,inf
47,72,inf,inf,inf,771.7512552629895,inf
47,73,inf,inf,inf,784.5208728899443,inf
47,74,inf,inf,inf,673.3743386854002,inf
47,75,inf,inf,inf,318.35200643313055,inf
47,76,inf,inf,inf,967.8109319490042,inf
47,77,inf,inf,inf,718.8275175589761,inf
47,78,inf,inf,inf,430.3080292069856,inf
47,79,inf,inf,inf,502.1015833474338,inf
47,80,inf,inf,inf,847.641433626271,inf
47,81,inf,inf,inf,419.5390327490399,inf
47,82,inf,inf,inf,1149.4729226910915,inf
47,83,inf,inf,inf,505.1663092487463,inf
48,49,inf,inf,inf,1075.8931173680776,inf
48,50,inf,inf,inf,817.2129465445344,inf
48,51,inf,inf,inf,1084.6658471621572,inf
48,52,inf,inf,inf,1191.6345916429248,inf
48,53,inf,inf,inf,1247.1864335375044,inf
48,54,inf,inf,inf,902.4970914080554,inf
48,55,inf,inf,inf,105.01904589168576,inf
48,56,inf,inf,inf,264.0075756488817,inf
48,57,inf,inf,inf,794.0403012442126,inf
48,58,inf,inf,inf,568.40918359928,inf
48,59,inf,inf,inf,699.5141170841372,inf
48,60,inf,inf,inf,1227.1593213597002,inf
48,61,inf,inf,inf,394.64541046362115,inf
48,62,inf,inf,inf,1185.4425334026107,inf
48,63,inf,inf,inf,1256.0923532925435,inf
48,64,inf,inf,inf,38.118237105091836,inf
48,65,inf,inf,inf,1292.2112830338544,inf
48,66,inf,inf,inf,579.8551543273544,inf
48,67,inf,inf,inf,828.0108694938732,inf
48,68,inf,inf,inf,850.6003762049486,inf
48,69,inf,inf,inf,360.51352263126,inf
48,70,inf,inf,inf,838.4748058230491,inf
48,71,inf,inf,inf,1319.297161370402,inf
48,72,inf,inf,inf,1262.6076191754903,inf
48,73,inf,inf,inf,909.83350125174,inf
48,74,inf,inf,inf,589.7669031066426,inf
48,75,inf,inf,inf,1129.301554058968,inf
48,76,inf,inf,inf,1096.9211457529661,inf
48,77,inf,inf,inf,313.2107916403903,inf
48,78,inf,inf,inf,881.1475472359894,inf
48,79,inf,inf,inf,556.4530528265615,inf
48,80,inf,inf,inf,657.3355307603568,inf
48,81,inf,inf,inf,583.3532377556501,inf
48,82,inf,inf,inf,734.8482836613283,inf
48,83,inf,inf,inf,762.9554377550501,inf
49,50,inf,inf,inf,712.9663386163473,inf
49,51,inf,inf,inf,1398.8488124168387,inf
49,52,inf,inf,inf,268.5609800399157,inf
49,53,inf,inf,inf,1206.424469247868,inf
49,54,inf,inf,inf,181.54062906137568,inf
49,55,inf,inf,inf,973.5856408144073,inf
49,56,inf,inf,inf,1181.1866914251955,inf
49,57,inf,inf,inf,797.4873039741761,inf
49,58,inf,inf,inf,1075.621215856214,inf
49,59,inf,inf,inf,943.7383111858923,inf
49,60,inf,inf,inf,343.45596515419555,inf
49,61,inf,inf,inf,684.7400966790246,inf
49,62,inf,inf,inf,1317.459676802292,inf
49,63,inf,inf,inf,427.8527784179974,inf
49,64,inf,inf,inf,1066.1299170363807,inf
49,65,inf,inf,inf,560.2892110330164,inf
49,66,inf,inf,inf,593.8770916612292,inf
49,67,inf,inf,inf,566.935622447558,inf
49,68,inf,inf,inf,870.7037383633999,inf
49,69,inf,inf,inf,748.3234594745777,inf
49,70,inf,inf,inf,385.94559202042973,inf
49,71,inf,inf,inf,907.2579567025026,inf
49,72,inf,inf,inf,1136.1161912410191,inf
49,73,inf,inf,inf,1118.6979038149666,inf
49,74,inf,inf,inf,937.3905269416797,inf
49,75,inf,inf,inf,94.33981132056604,inf
49,76,inf,inf,inf,1315.4140032704533,inf
49,77,inf,inf,inf,865.8342797556586,inf
49,78,inf,inf,inf,773.5224625051299,inf
49,79,inf,inf,inf,519.9942307372265,inf
49,80,inf,inf,inf,1126.0870303844192,inf
49,81,inf,inf,inf,543.6625791794024,inf
49,82,inf,inf,inf,1415.598813223577,inf
49,83,inf,inf,inf,818.4601395303256,inf
50,51,inf,inf,inf,685.9395017055076,inf
50,52,inf,inf,inf,622.8001284521383,inf
50,53,inf,inf,inf,560.985739569198,inf
50,54,inf,inf,inf,570.8554983531296,inf
50,55,inf,inf,inf,760.085521503995,inf
50,56,inf,inf,inf,748.3054189299982,inf
50,57,inf,inf,inf,88.86506625215557,inf
50,58,inf,inf,inf,461.70553386330556,inf
50,59,inf,inf,inf,268.2256512714621,inf
50,60,inf,inf,inf,610.0860595030836,inf
50,61,inf,inf,inf,623.2383171789103,inf
50,62,inf,inf,inf,623.0128409591571,inf
50,63,inf,inf,inf,588.1436899261948,inf
50,64,inf,inf,inf,785.3979882836472,inf
50,65,inf,inf,inf,556.1016094204367,inf
50,66,inf,inf,inf,780.328776862676,inf
50,67,inf,inf,inf,146.03081866510234,inf
50,68,inf,inf,inf,158.41717078650282,inf
50,69,inf,inf,inf,498.4104734052044,inf
50,70,inf,inf,inf,827.2055367319539,inf
50,71,inf,inf,inf,502.8578327917345,inf
50,72,inf,inf,inf,527.2997250141517,inf
50,73,inf,inf,inf,405.8004435680178,inf
50,74,inf,inf,inf,322.12109524214645,inf
50,75,inf,inf,inf,691.3240918700866,inf
50,76,inf,inf,inf,606.3373648390804,inf
50,77,inf,inf,inf,504.0039682383463,inf
50,78,inf,inf,inf,84.38009243891595,inf
50,79,inf,inf,inf,527.1897191713814,inf
50,80,inf,inf,inf,473.0380534375644,inf
50,81,inf,inf,inf,377.58442764499705,inf
50,82,inf,inf,inf,775.5056415010789,inf
50,83,inf,inf,inf,120.81390648431164,inf
51,52,inf,inf,inf,1282.7115809877137,inf
51,53,inf,inf,inf,410.2998903241384,inf
51,54,inf,inf,inf,1252.8467583866752,inf
51,55,inf,inf,inf,1095.374365228619,inf
51,56,inf,inf,inf,856.5325446239623,inf
51,57,inf,inf,inf,603.257822162299,inf
51,58,inf,inf,inf,522.8508391501347,inf
51,59,inf,inf,inf,497.7750495956984,inf
51,60,inf,inf,inf,1252.5893181725605,inf
51,61,inf,inf,inf,1133.1659190074506,inf
51,62,inf,inf,inf,215.18828964420902,inf
51,63,inf,inf,inf,1205.5355656304794,inf
51,64,inf,inf,inf,1046.80322888306,inf
51,65,inf,inf,inf,1119.6401207530928,inf
51,66,inf,inf,inf,1352.374208568028,inf
51,67,inf,inf,inf,831.9483157023639,inf
51,68,inf,inf,inf,528.254673429398,inf
51,69,inf,inf,inf,959.1923686101761,inf
51,70,inf,inf,inf,1472.4958404015952,inf
51,71,inf,inf,inf,807.0892143994987,inf
51,72,inf,inf,inf,503.6606000075845,inf
51,73,inf,inf,inf,280.9786468755233,inf
51,74,inf,inf,inf,569.4778309995921,inf
51,75,inf,inf,inf,1373.446030974643,inf
51,76,inf,inf,inf,118.4229707446997,inf
51,77,inf,inf,inf,865.5685992456057,inf
51,78,inf,inf,inf,629.584783805962,inf
51,79,inf,inf,inf,1119.8946379012625,inf
51,80,inf,inf,inf,431.05684079944723,inf
51,81,inf,inf,inf,980.7695957767044,inf
51,82,inf,inf,inf,472.30710348246936,inf
51,83,inf,inf,inf,587.6265821080596,inf
52,53,inf,inf,inf,1027.496472013408,inf
52,54,inf,inf,inf,333.208643345277,inf
52,55,inf,inf,inf,1097.091609666212,inf
52,56,inf,inf,inf,1242.3964745603555,inf
52,57,inf,inf,inf,711.5707976020376,inf
52,58,inf,inf,inf,1055.8427913283303,inf
52,59,inf,inf,inf,885.5399482801439,inf
52,60,inf,inf,inf,75.1065909225016,inf
52,61,inf,inf,inf,826.4877494554895,inf
52,62,inf,inf,inf,1166.802896808197,inf
52,63,inf,inf,inf,161.31026005806325,inf
52,64,inf,inf,inf,1174.1558669955195,inf
52,65,inf,inf,inf,299.1003176193566,inf
52,66,inf,inf,inf,800.1781051740918,inf
52,67,inf,inf,inf,490.24993625700756,inf
52,68,inf,inf,inf,766.550715869472,inf
52,69,inf,inf,inf,836.1632615703707,inf
52,70,inf,inf,inf,636.522584045531,inf
52,71,inf,inf,inf,677.0184635591559,inf
52,72,inf,inf,inf,945.1058141816715,inf
52,73,inf,inf,inf,1012.8267374037871,inf
52,74,inf,inf,inf,910.7897671801105,inf
52,75,inf,inf,inf,178.02527910383964,inf
52,76,inf,inf,inf,1185.256512321278,inf
52,77,inf,inf,inf,930.3698189429836,inf
52,78,inf,inf,inf,658.6349520030045,inf
52,79,inf,inf,inf,652.4576614616461,inf
52,80,inf,inf,inf,1086.0207180344214,inf
52,81,inf,inf,inf,611.6682107155807,inf
52,82,inf,inf,inf,1387.7798816815296,inf
52,83,inf,inf,inf,742.2048234820359,inf
53,54,inf,inf,inf,1099.1765099382355,inf
53,55,inf,inf,inf,1223.2387338536987,inf
53,56,inf,inf,inf,1077.3383869518434,inf
53,57,inf,inf,inf,517.7200015452368,inf
53,58,inf,inf,inf,703.4721032137664,inf
53,59,inf,inf,inf,548.8624600025037,inf
53,60,inf,inf,inf,979.5764390796667,inf
53,61,inf,inf,inf,1159.5589678839106,inf
53,62,inf,inf,inf,200.9975124224178,inf
53,63,inf,inf,inf,914.2614505708966,inf
53,64,inf,inf,inf,1209.9442135900315,inf
53,65,inf,inf,inf,801.3588459610338,inf
53,66,inf,inf,inf,1337.431119721685,inf
53,67,inf,inf,inf,682.2462898396736,inf
53,68,inf,inf,inf,434.60901969471365,inf
53,69,inf,inf,inf,1007.2417783233577,inf
53,70,inf,inf,inf,1383.1218312209521,inf
53,71,inf,inf,inf,429.9686035049536,inf
53,72,inf,inf,inf,101.6070863670443,inf
53,73,inf,inf,inf,354.8873060564438,inf
53,74,inf,inf,inf,657.8822083017598,inf
53,75,inf,inf,inf,1156.9961106244048,inf
53,76,inf,inf,inf,294.838939083697,inf
53,77,inf,inf,inf,960.6273991512005,inf
53,78,inf,inf,inf,477.74574828040073,inf
53,79,inf,inf,inf,1084.8898561605229,inf
53,80,inf,inf,inf,634.3027668235414,inf
53,81,inf,inf,inf,934.4543862597039,inf
53,82,inf,inf,inf,820.5485969764375,inf
53,83,inf,inf,inf,530.2725714196426,inf
54,55,inf,inf,inf,801.8042155040094,inf
54,56,inf,inf,inf,1000.0244996998823,inf
54,57,inf,inf,inf,649.8622931052394,inf
54,58,inf,inf,inf,901.3989128016518,inf
54,59,inf,inf,inf,781.5836487542456,inf
54,60,inf,inf,inf,395.2379030406876,inf
54,61,inf,inf,inf,516.7997678018054,inf
54,62,inf,inf,inf,1190.205444450663,inf
54,63,inf,inf,inf,462.4208040302685,inf
54,64,inf,inf,inf,890.8479107008109,inf
54,65,inf,inf,inf,569.811372297886,inf
54,66,inf,inf,inf,466.97430336154474,inf
54,67,inf,inf,inf,427.9263955401676,inf
54,68,inf,inf,inf,728.9252362211093,inf
54,69,inf,inf,inf,568.1417076751187,inf
54,70,inf,inf,inf,331.6700167334997,inf
54,71,inf,inf,inf,853.4834503374977,inf
54,72,inf,inf,inf,1039.3233375615116,inf
54,73,inf,inf,inf,971.8981428112721,inf
54,74,inf,inf,inf,766.1240108494186,inf
54,75,inf,inf,inf,227.37853900489378,inf
54,76,inf,inf,inf,1177.1138432624093,inf
54,77,inf,inf,inf,684.4209231167615,inf
54,78,inf,inf,inf,640.815105939303,inf
54,79,inf,inf,inf,346.44624402640017,inf
54,80,inf,inf,inf,956.1553221103776,inf
54,81,inf,inf,inf,362.3285801589491,inf
54,82,inf,inf,inf,1241.0241738177383,inf
54,83,inf,inf,inf,666.0330322138685,inf
55,56,inf,inf,inf,328.81149614938954,inf
55,57,inf,inf,inf,747.093702289077,inf
55,58,inf,inf,inf,572.700619870452,inf
55,59,inf,inf,inf,674.9348116670232,inf
55,60,inf,inf,inf,1135.3400371694815,inf
55,61,inf,inf,inf,290.4961273407961,inf
55,62,inf,inf,inf,1178.1481231152559,inf
55,63,inf,inf,inf,1167.9593314837637,inf
55,64,inf,inf,inf,109.5627673984187,inf
55,65,inf,inf,inf,1210.848049922037,inf
55,66,inf,inf,inf,477.38558838741665,inf
55,67,inf,inf,inf,755.6354941372196,inf
55,68,inf,inf,inf,811.0450049164966,inf
55,69,inf,inf,inf,278.0017985553331,inf
55,70,inf,inf,inf,734.1205623056746,inf
55,71,inf,inf,inf,1262.684441972736,inf
55,72,inf,inf,inf,1230.4247234187064,inf
55,73,inf,inf,inf,898.2828062475647,inf
55,74,inf,inf,inf,567.6653944006099,inf
55,75,inf,inf,inf,1029.007774509017,inf
55,76,inf,inf,inf,1096.2850906584472,inf
55,77,inf,inf,inf,265.0018867857359,inf
55,78,inf,inf,inf,829.6565554493015,inf
55,79,inf,inf,inf,455.3602969078442,inf
55,80,inf,inf,inf,664.3319953155952,inf
55,81,inf,inf,inf,494.2428552847274,inf
55,82,inf,inf,inf,782.7879661824139,inf
55,83,inf,inf,inf,719.200945494373,inf
56,57,inf,inf,inf,698.5699678629193,inf
56,58,inf,inf,inf,373.8729730804301,inf
56,59,inf,inf,inf,555.701358645091,inf
56,60,inf,inf,inf,1263.2038631986525,inf
56,61,inf,inf,inf,554.7765315872689,inf
56,62,inf,inf,inf,984.5496432379629,inf
56,63,inf,inf,inf,1274.401820463232,inf
56,64,inf,inf,inf,232.97424750388186,inf
56,65,inf,inf,inf,1281.8307220534232,inf
56,66,inf,inf,inf,779.1200164287912,inf
56,67,inf,inf,inf,805.2738664578653,inf
56,68,inf,inf,inf,732.0362012906193,inf
56,69,inf,inf,inf,435.12986567230706,inf
56,70,inf,inf,inf,1015.2142630991746,inf
56,71,inf,inf,inf,1227.4465365139126,inf
56,72,inf,inf,inf,1110.3666061261029,inf
56,73,inf,inf,inf,724.7544411730086,inf
56,74,inf,inf,inf,452.0011061933367,inf
56,75,inf,inf,inf,1216.845922867805,inf
56,76,inf,inf,inf,886.2730956087971,inf
56,77,inf,inf,inf,316.45694809878955,inf
56,78,inf,inf,inf,792.1824284847524,inf
56,79,inf,inf,inf,676.357893426254,inf
56,80,inf,inf,inf,449.7043473216598,inf
56,81,inf,inf,inf,642.3745013619392,inf
56,82,inf,inf,inf,473.1109806377358,inf
56,83,inf,inf,inf,661.4295124954737,inf
57,58,inf,inf,inf,386.87077946001557,inf
57,59,inf,inf,inf,184.87833837418594,inf
57,60,inf,inf,inf,697.839523099688,inf
57,61,inf,inf,inf,644.2243398071823,inf
57,62,inf,inf,inf,555.9082658137042,inf
57,63,inf,inf,inf,673.3112207590187,inf
57,64,inf,inf,inf,760.1401186623424,inf
57,65,inf,inf,inf,633.5692543045315,inf
57,66,inf,inf,inf,820.9579770000411,inf
57,67,inf,inf,inf,231.86634080866503,inf
57,68,inf,inf,inf,86.37708029332781,inf
57,69,inf,inf,inf,501.6871535130235,inf
57,70,inf,inf,inf,890.3594779638166,inf
57,71,inf,inf,inf,531.5496213901389,inf
57,72,inf,inf,inf,499.21738751770255,inf
57,73,inf,inf,inf,322.29955010828047,inf
57,74,inf,inf,inf,255.0,inf
57,75,inf,inf,inf,778.589750767373,inf
57,76,inf,inf,inf,529.4298820429387,inf
57,77,inf,inf,inf,483.9018495521587,inf
57,78,inf,inf,inf,93.81364506296512,inf
57,79,inf,inf,inf,569.5085600761414,inf
57,80,inf,inf,inf,389.6793553679743,inf
57,81,inf,inf,inf,419.3578424210045,inf
57,82,inf,inf,inf,691.0007235886226,inf
57,83,inf,inf,inf,39.0,inf
58,59,inf,inf,inf,208.85641000457707,inf
58,60,inf,inf,inf,1056.1065287176289,inf
58,61,inf,inf,inf,637.6284184381998,inf
58,62,inf,inf,inf,619.1550694292989,inf
58,63,inf,inf,inf,1044.4161048164663,inf
58,64,inf,inf,inf,530.292372187268,inf
58,65,inf,inf,inf,1017.656621852381,inf
58,66,inf,inf,inf,870.0143676974536,inf
58,67,inf,inf,inf,569.0316335670627,inf
58,68,inf,inf,inf,391.4537009660274,inf
58,69,inf,inf,inf,462.78828852943116,inf
58,70,inf,inf,inf,1038.029383013795,inf
58,71,inf,inf,inf,886.8291831012328,inf
58,72,inf,inf,inf,738.9106847244801,inf
58,73,inf,inf,inf,351.5252480263687,inf
58,74,inf,inf,inf,145.16886718577092,inf
58,75,inf,inf,inf,1082.693400737254,inf
58,76,inf,inf,inf,528.5158464984754,inf
58,77,inf,inf,inf,351.60204777560665,inf
58,78,inf,inf,inf,476.59206875482096,inf
58,79,inf,inf,inf,668.1953307229855,inf
58,80,inf,inf,inf,91.98369420718001,inf
58,81,inf,inf,inf,558.0985576042998,inf
58,82,inf,inf,inf,339.9779404608481,inf
58,83,inf,inf,inf,348.08045047086455,inf
59,60,inf,inf,inf,876.9264507357501,inf
59,61,inf,inf,inf,647.892738036166,inf
59,62,inf,inf,inf,517.6195514081747,inf
59,63,inf,inf,inf,856.3363825039784,inf
59,64,inf,inf,inf,662.6499830227116,inf
59,65,inf,inf,inf,818.2921238775307,inf
59,66,inf,inf,inf,858.2214166519034,inf
59,67,inf,inf,inf,396.0934233233367,inf
59,68,inf,inf,inf,183.07648674802562,inf
59,69,inf,inf,inf,479.8854029870048,inf
59,70,inf,inf,inf,976.725140456618,inf
59,71,inf,inf,inf,680.4035567220383,inf
59,72,inf,inf,inf,564.4342300038154,inf
59,73,inf,inf,inf,238.89956048515452,inf
59,74,inf,inf,inf,109.9317970379817,inf
59,75,inf,inf,inf,936.2360813384624,inf
59,76,inf,inf,inf,456.0043859438196,inf
59,77,inf,inf,inf,414.566038165212,inf
59,78,inf,inf,inf,270.05369836386245,inf
59,79,inf,inf,inf,622.2153967879613,inf
59,80,inf,inf,inf,205.0609665440988,inf
59,81,inf,inf,inf,483.8026457141383,inf
59,82,inf,inf,inf,507.28492979784056,inf
59,83,inf,inf,inf,148.03040228277433,inf
60,61,inf,inf,inf,872.0464437173057,inf
60,62,inf,inf,inf,1126.8762132550319,inf
60,63,inf,inf,inf,87.13208364316786,inf
60,64,inf,inf,inf,1207.8265603968146,inf
60,65,inf,inf,inf,226.80828909014767,inf
60,66,inf,inf,inf,860.5719028646008,inf
60,67,inf,inf,inf,487.08315511830216,inf
60,68,inf,inf,inf,745.8800171609372,inf
60,69,inf,inf,inf,868.4987046622465,inf
60,70,inf,inf,inf,707.1294082415184,inf
60,71,inf,inf,inf,614.2711127832725,inf
60,72,inf,inf,inf,893.8377928908578,inf
60,73,inf,inf,inf,988.0754019810431,inf
60,74,inf,inf,inf,911.0351255577361,inf
60,75,inf,inf,inf,253.09681941897256,inf
60,76,inf,inf,inf,1151.5294177744656,inf
60,77,inf,inf,inf,955.3245521810899,inf
60,78,inf,inf,inf,636.8586970435435,inf
60,79,inf,inf,inf,698.850484724737,inf
60,80,inf,inf,inf,1080.115734539591,inf
60,81,inf,inf,inf,644.0846217695312,inf
60,82,inf,inf,inf,1382.8441705412797,inf
60,83,inf,inf,inf,730.7892993195782,inf
61,62,inf,inf,inf,1163.192589384922,inf
61,63,inf,inf,inf,914.9453535594353,inf
61,64,inf,inf,inf,390.00512817141265,inf
61,65,inf,inf,inf,977.221059944985,inf
61,66,inf,inf,inf,237.00843866833097,inf
61,67,inf,inf,inf,567.6979830860772,inf
61,68,inf,inf,inf,725.1165423571579,inf
61,69,inf,inf,inf,175.5135322418189,inf
61,70,inf,inf,inf,460.7830292013802,inf
61,71,inf,inf,inf,1102.1215903882837,inf
61,72,inf,inf,inf,1142.793507156914,inf
61,73,inf,inf,inf,886.7581406448999,inf
61,74,inf,inf,inf,563.7730039652484,inf
61,75,inf,inf,inf,744.0329293788011,inf
61,76,inf,inf,inf,1103.328147017015,inf
61,77,inf,inf,inf,294.24139749532185,inf
61,78,inf,inf,inf,705.1595564125895,inf
61,79,inf,inf,inf,174.07182425654074,inf
61,80,inf,inf,inf,723.8957107208192,inf
61,81,inf,inf,inf,267.4471910489994,inf
61,82,inf,inf,inf,931.5175790075032,inf
61,83,inf,inf,inf,629.2868980043999,inf
62,63,inf,inf,inf,1069.5765517250272,inf
62,64,inf,inf,inf,1147.3818021914065,inf
62,65,inf,inf,inf,968.3057368414172,inf
62,66,inf,inf,inf,1363.7749081135053,inf
62,67,inf,inf,inf,762.4303246854757,inf
62,68,inf,inf,inf,470.2393007820593,inf
62,69,inf,inf,inf,997.3444740910735,inf
62,70,inf,inf,inf,1446.190167301659,inf
62,71,inf,inf,inf,620.6069609664397,inf
62,72,inf,inf,inf,300.00666659259423,inf
62,73,inf,inf,inf,281.2561110447202,inf
62,74,inf,inf,inf,615.6370684096272,inf
62,75,inf,inf,inf,1279.0621564255584,inf
62,76,inf,inf,inf,111.75866856758807,inf
62,77,inf,inf,inf,926.5878263823673,inf
62,78,inf,inf,inf,549.400582453277,inf
62,79,inf,inf,inf,1117.4193483200477,inf
62,80,inf,inf,inf,535.5557860764834,inf
62,81,inf,inf,inf,969.5179214434357,inf
62,82,inf,inf,inf,661.7099062277971,inf
62,83,inf,inf,inf,554.2463351254567,inf
63,64,inf,inf,inf,1234.6015551585863,inf
63,65,inf,inf,inf,140.40655255364686,inf
63,66,inf,inf,inf,921.9284137068344,inf
63,67,inf,inf,inf,479.22646003742324,inf
63,68,inf,inf,inf,712.6941840649466,inf
63,69,inf,inf,inf,895.6706984154389,inf
63,70,inf,inf,inf,782.9840355971506,inf
63,71,inf,inf,inf,535.0934497823721,inf
63,72,inf,inf,inf,825.3156971729061,inf
63,73,inf,inf,inf,948.2114743030692,inf
63,74,inf,inf,inf,900.3849176879853,inf
63,75,inf,inf,inf,339.0722636843067,inf
63,76,inf,inf,inf,1100.8814650088354,inf
63,77,inf,inf,inf,973.1315430094742,inf
63,78,inf,inf,inf,603.8418667167755,inf
63,79,inf,inf,inf,744.1397718170962,inf
63,80,inf,inf,inf,1061.1701088892394,inf
63,81,inf,inf,inf,673.7840900466558,inf
63,82,inf,inf,inf,1363.6165150070601,inf
63,83,inf,inf,inf,708.5146434619401,inf
64,65,inf,inf,inf,1267.4561136386537,inf
64,66,inf,inf,inf,586.400034106411,inf
64,67,inf,inf,inf,800.4779822081305,inf
64,68,inf,inf,inf,815.3882510804285,inf
64,69,inf,inf,inf,339.43629741086914,inf
64,70,inf,inf,inf,841.0737185288814,inf
64,71,inf,inf,inf,1286.8224430744126,inf
64,72,inf,inf,inf,1226.1472179147167,inf
64,73,inf,inf,inf,871.9472461106807,inf
64,74,inf,inf,inf,552.8182341421093,inf
64,75,inf,inf,inf,1116.923005403685,inf
64,76,inf,inf,inf,1058.8035700733162,inf
64,77,inf,inf,inf,281.93970986719836,inf
64,78,inf,inf,inf,847.9964622567715,inf
64,79,inf,inf,inf,546.136429841482,inf
64,80,inf,inf,inf,619.2616571369489,inf
64,81,inf,inf,inf,563.7730039652484,inf
64,82,inf,inf,inf,701.09699756881,inf
64,83,inf,inf,inf,728.5396351606411,inf
65,66,inf,inf,inf,1013.1386874460969,inf
65,67,inf,inf,inf,476.743117412302,inf
65,68,inf,inf,inf,657.0760990935524,inf
65,69,inf,inf,inf,933.6080548067267,inf
65,70,inf,inf,inf,898.6934961375875,inf
65,71,inf,inf,inf,403.01985062773275,inf
65,72,inf,inf,inf,707.9802257125548,inf
65,73,inf,inf,inf,876.6715462475099,inf
65,74,inf,inf,inf,877.7385715576136,inf
65,75,inf,inf,inf,474.8557675757977,inf
65,76,inf,inf,inf,1010.0386131232806,inf
65,77,inf,inf,inf,994.9336661305617,inf
65,78,inf,inf,inf,552.1747911667102,inf
65,79,inf,inf,inf,813.0498139720592,inf
65,80,inf,inf,inf,1022.3756648121081,inf
65,81,inf,inf,inf,720.7586281134621,inf
65,82,inf,inf,inf,1321.20702389898,inf
65,83,inf,inf,inf,671.4201367251358,inf
66,67,inf,inf,inf,688.3443905488008,inf
66,68,inf,inf,inf,906.2918955833159,inf
66,69,inf,inf,inf,407.80632658162625,inf
66,70,inf,inf,inf,266.9082239272518,inf
66,71,inf,inf,inf,1215.0773637921168,inf
66,72,inf,inf,inf,1307.5511462271754,inf
66,73,inf,inf,inf,1094.535974739981,inf
66,74,inf,inf,inf,784.70185420961,inf
66,75,inf,inf,inf,673.9094894716945,inf
66,76,inf,inf,inf,1313.238744478703,inf
66,77,inf,inf,inf,531.0376634477069,inf
66,78,inf,inf,inf,864.7086214442412,inf
66,79,inf,inf,inf,253.14027731674784,inf
66,80,inf,inf,inf,953.9989517813948,inf
66,81,inf,inf,inf,403.2381430370892,inf
66,82,inf,inf,inf,1168.517864647349,inf
66,83,inf,inf,inf,813.9686726158446,inf
67,68,inf,inf,inf,304.04111564063174,inf
67,69,inf,inf,inf,479.15342010675454,inf
67,70,inf,inf,inf,701.3943256114923,inf
67,71,inf,inf,inf,535.4633507533453,inf
67,72,inf,inf,inf,634.4761618847473,inf
67,73,inf,inf,inf,551.8052192576653,inf
67,74,inf,inf,inf,424.00117924364315,inf
67,75,inf,inf,inf,546.8491565322196,inf
67,76,inf,inf,inf,750.952728205977,inf
67,77,inf,inf,inf,522.4031010627713,inf
67,78,inf,inf,inf,213.08449028495716,inf
67,79,inf,inf,inf,440.12952638967545,inf
67,80,inf,inf,inf,595.7851961907077,inf
67,81,inf,inf,inf,302.00165562460086,inf
67,82,inf,inf,inf,897.7883937766181,inf
67,83,inf,inf,inf,256.9844353263442,inf
68,69,inf,inf,inf,576.6394020529641,inf
68,70,inf,inf,inf,975.9759218341403,inf
68,71,inf,inf,inf,498.03815114908616,inf
68,72,inf,inf,inf,423.066188675011,inf
68,73,inf,inf,inf,249.41932563456265,inf
68,74,inf,inf,inf,280.0464247227591,inf
68,75,inf,inf,inf,846.2416912442923,inf
68,76,inf,inf,inf,448.20642565675024,inf
68,77,inf,inf,inf,546.1172035378487,inf
68,78,inf,inf,inf,109.14210919713803,inf
68,79,inf,inf,inf,655.3388436526558,inf
68,80,inf,inf,inf,373.7606185782552,inf
68,81,inf,inf,inf,505.3652144736517,inf
68,82,inf,inf,inf,666.0668134654361,inf
68,83,inf,inf,inf,96.18731725128839,inf
69,70,inf,inf,inf,601.2270785651624,inf
69,71,inf,inf,inf,996.5605852129613,inf
69,72,inf,inf,inf,999.3217700020349,inf
69,73,inf,inf,inf,718.379426208741,inf
69,74,inf,inf,inf,390.5444917035702,inf
69,75,inf,inf,inf,789.698676711567,inf
69,76,inf,inf,inf,933.0348332189961,inf
69,77,inf,inf,inf,131.48764200486676,inf
69,78,inf,inf,inf,574.5928993644109,inf
69,79,inf,inf,inf,243.29817097545143,inf
69,80,inf,inf,inf,548.4706008529537,inf
69,81,inf,inf,inf,224.69757453074567,inf
69,82,inf,inf,inf,765.4044682388521,inf
69,83,inf,inf,inf,480.6922092150028,inf
70,71,inf,inf,inf,1177.686290996036,inf
70,72,inf,inf,inf,1334.7606527014498,inf
70,73,inf,inf,inf,1198.1539967800466,inf
70,74,inf,inf,inf,927.0949250211653,inf
70,75,inf,inf,inf,477.97280257353555,inf
70,76,inf,inf,inf,1414.463856024607,inf
70,77,inf,inf,inf,732.6479372795641,inf
70,78,inf,inf,inf,907.5444892676061,inf
70,79,inf,inf,inf,370.1351104664349,inf
70,80,inf,inf,inf,1112.1339847338538,inf
70,81,inf,inf,inf,493.3284909672256,inf
70,82,inf,inf,inf,1360.8298938515422,inf
70,83,inf,inf,inf,895.0558641783205,inf
71,72,inf,inf,inf,329.19447139950574,inf
71,73,inf,inf,inf,625.8466265787489,inf
71,74,inf,inf,inf,776.659513557904,inf
71,75,inf,inf,inf,836.6175948424705,inf
71,76,inf,inf,inf,689.3511441928562,inf
71,77,inf,inf,inf,1006.2653725533836,inf
71,78,inf,inf,inf,440.06590415527535,inf
71,79,inf,inf,inf,972.8540486630047,inf
71,80,inf,inf,inf,855.4115968351142,inf
71,81,inf,inf,inf,837.4485058796153,inf
71,82,inf,inf,inf,1121.137368924968,inf
71,83,inf,inf,inf,567.1631158670317,inf
72,73,inf,inf,inf,403.77345133131274,inf
72,74,inf,inf,inf,674.2944460693711,inf
72,75,inf,inf,inf,1081.807746320944,inf
72,76,inf,inf,inf,386.02849635745804,inf
72,77,inf,inf,inf,965.6464156201275,inf
72,78,inf,inf,inf,442.9503358165563,inf
72,79,inf,inf,inf,1054.4316004369368,inf
72,80,inf,inf,inf,678.5985558487433,inf
72,81,inf,inf,inf,904.8607627696098,inf
72,82,inf,inf,inf,890.3078119392192,inf
72,83,inf,inf,inf,518.683911452823,inf
73,74,inf,inf,inf,334.38301392265726,inf
73,75,inf,inf,inf,1095.6390829100612,inf
73,76,inf,inf,inf,218.908656749796,inf
73,77,inf,inf,inf,645.3417699173051,inf
73,78,inf,inf,inf,354.6406632071399,inf
73,79,inf,inf,inf,853.7874442740418,inf
73,80,inf,inf,inf,279.4154612758571,inf
73,81,inf,inf,inf,710.0112675162276,inf
73,82,inf,inf,inf,498.7233702163956,inf
73,83,inf,inf,inf,307.3532169995948,inf
74,75,inf,inf,inf,940.9234825425498,inf
74,76,inf,inf,inf,544.2251372364199,inf
74,77,inf,inf,inf,311.0401903291599,inf
74,78,inf,inf,inf,348.1752432324849,inf
74,79,inf,inf,inf,561.9653014199364,inf
74,80,inf,inf,inf,190.53870997778904,inf
74,81,inf,inf,inf,436.6875313081426,inf
74,82,inf,inf,inf,480.9542597794514,inf
74,83,inf,inf,inf,216.208232960727,inf
75,76,inf,inf,inf,1284.564517647907,inf
75,77,inf,inf,inf,900.3893602214545,inf
75,78,inf,inf,inf,744.1135666012278,inf
75,79,inf,inf,inf,573.7054993635672,inf
75,80,inf,inf,inf,1126.4049005575216,inf
75,81,inf,inf,inf,574.5441671447027,inf
75,82,inf,inf,inf,1421.7243052012582,inf
75,83,inf,inf,inf,803.2315979840434,inf
76,77,inf,inf,inf,852.1296849658507,inf
76,78,inf,inf,inf,541.9566403320472,inf
76,79,inf,inf,inf,1072.5987134059037,inf
76,80,inf,inf,inf,440.9648512069868,inf
76,81,inf,inf,inf,928.2375773475237,inf
76,82,inf,inf,inf,550.0418165921569,inf
76,83,inf,inf,inf,520.0740331914294,inf
77,78,inf,inf,inf,569.044813700995,inf
77,79,inf,inf,inf,372.87129146664,inf
77,80,inf,inf,inf,441.61634933503086,inf
77,81,inf,inf,inf,325.96012026013244,inf
77,82,inf,inf,inf,637.7624949775583,inf
77,83,inf,inf,inf,454.875807226544,inf
78,79,inf,inf,inf,611.5692928851154,inf
78,80,inf,inf,inf,471.49655353989596,inf
78,81,inf,inf,inf,461.911246886239,inf
78,82,inf,inf,inf,769.041611357929,inf
78,83,inf,inf,inf,132.07573584879245,inf
79,80,inf,inf,inf,743.9099407858454,inf
79,81,inf,inf,inf,150.44268011438774,inf
79,82,inf,inf,inf,991.5331562786995,inf
79,83,inf,inf,inf,564.5750614400179,inf
80,81,inf,inf,inf,625.0799948806552,inf
80,82,inf,inf,inf,302.80026420067736,inf
80,83,inf,inf,inf,353.09063992125306,inf
81,82,inf,inf,inf,893.1074963295292,inf
81,83,inf,inf,inf,415.6464844071221,inf
82,83,inf,inf,inf,655.1496012362368,inf
