u,v,unweighted_hops,weighted_cost,path_length_sum,euclidean,tortuosity
0,1,inf,inf,inf,1474.016621344549,inf
0,2,inf,inf,inf,651.660187521073,inf
0,3,inf,inf,inf,985.5602467632306,inf
0,4,inf,inf,inf,861.8868835293875,inf
0,5,inf,inf,inf,880.2272433866154,inf
0,6,inf,inf,inf,737.6455788520664,inf
0,7,inf,inf,inf,1313.9729829794828,inf
0,8,inf,inf,inf,123.4382436686459,inf
0,9,inf,inf,inf,1025.2692329334768,inf
0,10,inf,inf,inf,837.2335397008412,inf
0,11,inf,inf,inf,1053.5297812591725,inf
0,12,inf,inf,inf,776.2944029168316,inf
0,13,inf,inf,inf,677.5322870535396,inf
0,14,inf,inf,inf,819.4296797163256,inf
0,15,inf,inf,inf,759.3734259242946,inf
0,16,inf,inf,inf,322.7398333023056,inf
0,17,inf,inf,inf,178.53010950537168,inf
0,18,inf,inf,inf,660.3544502765162,inf
0,19,inf,inf,inf,551.3927819621871,inf
0,20,inf,inf,inf,977.1898484941398,inf
0,21,inf,inf,inf,331.7303121513016,inf
0,22,inf,inf,inf,1232.688119517666,inf
0,23,inf,inf,inf,1046.772659176767,inf
0,24,inf,inf,inf,899.0400436020634,inf
0,25,inf,inf,inf,1469.0357381629624,inf
0,26,inf,inf,inf,1130.979221736633,inf
0,27,inf,inf,inf,1259.1814801687642,inf
0,28,inf,inf,inf,993.3282438348363,inf
0,29,inf,inf,inf,1198.4811220874528,inf
0,30,inf,inf,inf,1086.8900588375993,inf
0,31,inf,inf,inf,1159.559399082255,inf
0,32,inf,inf,inf,410.8454697328425,inf
0,33,inf,inf,inf,659.7764773012145,inf
0,34,inf,inf,inf,826.9667466107691,inf
0,35,inf,inf,inf,364.17715469260287,inf
0,36,inf,inf,inf,1239.4071163261892,inf
0,37,inf,inf,inf,474.19194425886235,inf
0,38,inf,inf,inf,1406.0953026022098,inf
0,39,inf,inf,inf,1287.0470076885304,inf
0,40,inf,inf,inf,674.2403132415029,inf
0,41,inf,inf,inf,709.907740484635,inf
0,42,inf,inf,inf,217.91053209975877,inf
0,43,inf,inf,inf,547.4897259309986,inf
0,44,inf,inf,inf,608.4151543148806,inf
0,45,inf,inf,inf,1197.131989381288,inf
0,46,inf,inf,inf,899.1774018512698,inf
0,47,inf,inf,inf,501.27038611910837,inf
0,48,inf,inf,inf,1249.2077489353003,inf
0,49,inf,inf,inf,1276.4278279636494,inf
0,50,inf,inf,inf,1479.8986451781082,inf
0,51,inf,inf,inf,1389.2390003163603,inf
0,52,inf,inf,inf,1315.3957579375115,inf
0,53,inf,inf,inf,1293.943198135065,inf
0,54,inf,inf,inf,592.0211144883264,inf
0,55,inf,inf,inf,138.0507153186828,inf
0,56,inf,inf,inf,420.7291290129553,inf
0,57,inf,inf,inf,964.564668645913,inf
0,58,inf,inf,inf,1298.1040019967584,inf
0,59,inf,inf,inf,821.2606163697368,inf
0,60,inf,inf,inf,943.2422806469184,inf
0,61,inf,inf,inf,1011.598734676947,inf
0,62,inf,inf,inf,1255.7682907288272,inf
0,63,inf,inf,inf,803.5085562705602,inf
0,64,inf,inf,inf,1187.8930928328525,inf
0,65,inf,inf,inf,759.1686242199423,inf
0,66,inf,inf,inf,1442.2957394376508,inf
0,67,inf,inf,inf,373.1728821873315,inf
0,68,inf,inf,inf,609.8016070821723,inf
0,69,inf,inf,inf,1071.0004668533063,inf
0,70,inf,inf,inf,689.6441111181912,inf
0,71,inf,inf,inf,1070.2345537310969,inf
0,72,inf,inf,inf,1311.8250645570088,inf
0,73,inf,inf,inf,1426.91310176899,inf
0,74,inf,inf,inf,970.2710961375692,inf
0,75,inf,inf,inf,1228.9743691387546,inf
0,76,inf,inf,inf,530.4045625746445,inf
0,77,inf,inf,inf,813.2976085050293,inf
0,78,inf,inf,inf,1108.8971999243213,inf
0,79,inf,inf,inf,940.1659427994613,inf
0,80,inf,inf,inf,424.05777908204914,inf
0,81,inf,inf,inf,849.4916126719557,inf
0,82,inf,inf,inf,1274.086339303581,inf
0,83,inf,inf,inf,638.2883360989765,inf
0,84,inf,inf,inf,1384.9223804964668,inf
0,85,inf,inf,inf,697.664675900966,inf
0,86,inf,inf,inf,779.6050282033846,inf
0,87,inf,inf,inf,1027.7402395547233,inf
0,88,inf,inf,inf,213.80598681982693,inf
0,89,inf,inf,inf,662.4447146743644,inf
0,90,inf,inf,inf,210.00238093888365,inf
0,91,inf,inf,inf,1079.1204752019119,inf
0,92,inf,inf,inf,693.3520029537666,inf
0,93,inf,inf,inf,1319.9310588057242,inf
0,94,inf,inf,inf,921.0874008474983,inf
0,95,inf,inf,inf,1254.7645197406564,inf
0,96,inf,inf,inf,1121.4142856232927,inf
0,97,inf,inf,inf,482.2955525401411,inf
0,98,inf,inf,inf,1161.2290902315528,inf
0,99,inf,inf,inf,1291.6845590158612,inf
0,100,inf,inf,inf,1224.2957159118052,inf
0,101,inf,inf,inf,419.3292262649957,inf
0,102,inf,inf,inf,1173.4095619177474,inf
0,103,inf,inf,inf,293.5166094107793,inf
0,104,inf,inf,inf,691.4448640347255,inf
0,105,inf,inf,inf,1151.1385668111377,inf
0,106,inf,inf,inf,810.246875958186,inf
0,107,inf,inf,inf,804.1175287232583,inf
0,108,inf,inf,inf,906.3801630662489,inf
0,109,inf,inf,inf,98.2700361249552,inf
0,110,inf,inf,inf,1165.0587967995434,inf
0,111,inf,inf,inf,940.4387274033328,inf
0,112,inf,inf,inf,596.0914359391519,inf
0,113,inf,inf,inf,870.366589432292,inf
0,114,inf,inf,inf,592.0312491752442,inf
0,115,inf,inf,inf,583.4320868790129,inf
0,116,inf,inf,inf,731.7492740003231,inf
0,117,inf,inf,inf,738.0108400287899,inf
0,118,inf,inf,inf,1465.0276447903636,inf
0,119,inf,inf,inf,1143.7101905640257,inf
0,120,inf,inf,inf,1230.4637337199338,inf
0,121,inf,inf,inf,24.08318915758459,inf
0,122,inf,inf,inf,754.7085530189784,inf
0,123,inf,inf,inf,994.6883934177578,inf
0,124,inf,inf,inf,1214.0247114453643,inf
0,125,inf,inf,inf,813.8034160655753,inf
0,126,inf,inf,inf,373.80476187443094,inf
0,127,inf,inf,inf,1325.6639845752768,inf
0,128,inf,inf,inf,1297.533814588275,inf
0,129,inf,inf,inf,1350.4432605629902,inf
0,130,inf,inf,inf,673.5317364460267,inf
0,131,inf,inf,inf,1003.1973883538573,inf
0,132,inf,inf,inf,395.1822364428847,inf
0,133,inf,inf,inf,869.685575366178,inf
0,134,inf,inf,inf,1168.4883396936402,inf
0,135,inf,inf,inf,763.8095312314451,inf
0,136,inf,inf,inf,1395.4658720298394,inf
0,137,inf,inf,inf,1058.4370552848195,inf
0,138,inf,inf,inf,1141.0775609046038,inf
0,139,inf,inf,inf,874.0125857217389,inf
0,140,inf,inf,inf,429.93022689734204,inf
0,141,inf,inf,inf,827.8176127626182,inf
0,142,inf,inf,inf,1354.4740676735012,inf
0,143,inf,inf,inf,1132.7532829349911,inf
0,144,inf,inf,inf,689.2967430649879,inf
0,145,inf,inf,inf,612.2752648931688,inf
0,146,inf,inf,inf,949.3181763771302,inf
0,147,inf,inf,inf,1025.6437003170254,inf
0,148,inf,inf,inf,632.0166137056841,inf
0,149,inf,inf,inf,1292.0015479866888,inf
0,150,inf,inf,inf,787.2693312964757,inf
0,151,inf,inf,inf,1111.120605514991,inf
0,152,inf,inf,inf,1087.1034909335908,inf
0,153,inf,inf,inf,1422.3378642221405,inf
0,154,inf,inf,inf,1188.8889771547215,inf
0,155,inf,inf,inf,905.7030418409778,inf
0,156,inf,inf,inf,749.4477967143542,inf
0,157,inf,inf,inf,1092.9231445989237,inf
0,158,inf,inf,inf,1338.8061846286787,inf
0,159,inf,inf,inf,1475.7930071659778,inf
0,160,inf,inf,inf,1124.9822220817537,inf
0,161,inf,inf,inf,1168.2486892781005,inf
1,2,inf,inf,inf,923.195537250912,inf
1,3,inf,inf,inf,492.27837653100306,inf
1,4,inf,inf,inf,724.3051842973375,inf
1,5,inf,inf,inf,671.5094936037763,inf
1,6,inf,inf,inf,878.9926052021143,inf
1,7,inf,inf,inf,850.0,inf
1,8,inf,inf,inf,1384.6429142562351,inf
1,9,inf,inf,inf,529.5979607211493,inf
1,10,inf,inf,inf,974.1278150222382,inf
1,11,inf,inf,inf,448.23208274285764,inf
1,12,inf,inf,inf,1346.2280638881364,inf
1,13,inf,inf,inf,1079.2891178919576,inf
1,14,inf,inf,inf,655.3319769399324,inf
1,15,inf,inf,inf,741.7661356519318,inf
1,16,inf,inf,inf,1477.5791010974674,inf
1,17,inf,inf,inf,1438.0910958628456,inf
1,18,inf,inf,inf,1118.9285053121134,inf
1,19,inf,inf,inf,1224.859583789097,inf
1,20,inf,inf,inf,857.6741805604271,inf
1,21,inf,inf,inf,1397.014674225006,inf
1,22,inf,inf,inf,873.8861481909414,inf
1,23,inf,inf,inf,508.3404371088336,inf
1,24,inf,inf,inf,860.1627752931419,inf
1,25,inf,inf,inf,25.942243542145693,inf
1,26,inf,inf,inf,760.5294208641767,inf
1,27,inf,inf,inf,623.8469363553852,inf
1,28,inf,inf,inf,898.4397586928129,inf
1,29,inf,inf,inf,691.1280633862294,inf
1,30,inf,inf,inf,912.318475095183,inf
1,31,inf,inf,inf,419.33399575994315,inf
1,32,inf,inf,inf,1093.4537027236224,inf
1,33,inf,inf,inf,1351.8180350920015,inf
1,34,inf,inf,inf,687.2153956366228,inf
1,35,inf,inf,inf,1166.8118957226995,inf
1,36,inf,inf,inf,234.61670869739862,inf
1,37,inf,inf,inf,1018.795857863586,inf
1,38,inf,inf,inf,286.32324390450736,inf
1,39,inf,inf,inf,196.0025510038071,inf
1,40,inf,inf,inf,1176.9898045437776,inf
1,41,inf,inf,inf,764.7234794355408,inf
1,42,inf,inf,inf,1286.0482106048746,inf
1,43,inf,inf,inf,966.5040093036345,inf
1,44,inf,inf,inf,1269.9645664348277,inf
1,45,inf,inf,inf,720.0694410957876,inf
1,46,inf,inf,inf,850.5909710313177,inf
1,47,inf,inf,inf,1123.0,inf
1,48,inf,inf,inf,414.0929847268606,inf
1,49,inf,inf,inf,308.97410894765926,inf
1,50,inf,inf,inf,125.0,inf
1,51,inf,inf,inf,341.40005858230313,inf
1,52,inf,inf,inf,284.6910606253733,inf
1,53,inf,inf,inf,561.4588141618226,inf
1,54,inf,inf,inf,1425.0740331645932,inf
1,55,inf,inf,inf,1481.526577554382,inf
1,56,inf,inf,inf,1125.19509419478,inf
1,57,inf,inf,inf,799.801225305388,inf
1,58,inf,inf,inf,535.5529852404895,inf
1,59,inf,inf,inf,1007.0004965242073,inf
1,60,inf,inf,inf,1015.3979515441224,inf
1,61,inf,inf,inf,739.3950229748642,inf
1,62,inf,inf,inf,632.4752959602454,inf
1,63,inf,inf,inf,696.3942848702882,inf
1,64,inf,inf,inf,286.89545134072796,inf
1,65,inf,inf,inf,719.69021113254,inf
1,66,inf,inf,inf,151.6047492659778,inf
1,67,inf,inf,inf,1474.4154774011292,inf
1,68,inf,inf,inf,930.8173827341215,inf
1,69,inf,inf,inf,544.2288121737033,inf
1,70,inf,inf,inf,798.2242792599083,inf
1,71,inf,inf,inf,887.608584906658,inf
1,72,inf,inf,inf,200.0099997500125,inf
1,73,inf,inf,inf,590.0033898207704,inf
1,74,inf,inf,inf,545.2788277569559,inf
1,75,inf,inf,inf,422.4227740072734,inf
1,76,inf,inf,inf,945.1613618848371,inf
1,77,inf,inf,inf,1134.8797293105556,inf
1,78,inf,inf,inf,402.41272345690066,inf
1,79,inf,inf,inf,552.4499977373517,inf
1,80,inf,inf,inf,1133.3084310989661,inf
1,81,inf,inf,inf,898.1608987258352,inf
1,82,inf,inf,inf,289.69811873741946,inf
1,83,inf,inf,inf,906.400022065313,inf
1,84,inf,inf,inf,232.81967270830015,inf
1,85,inf,inf,inf,1117.1987289645474,inf
1,86,inf,inf,inf,706.5868665634821,inf
1,87,inf,inf,inf,456.4263357870578,inf
1,88,inf,inf,inf,1311.0514864031848,inf
1,89,inf,inf,inf,821.5412345098692,inf
1,90,inf,inf,inf,1429.5006121020026,inf
1,91,inf,inf,inf,456.3441683641854,inf
1,92,inf,inf,inf,1197.9056724133166,inf
1,93,inf,inf,inf,510.0401944945124,inf
1,94,inf,inf,inf,553.180802269927,inf
1,95,inf,inf,inf,278.5982770944573,inf
1,96,inf,inf,inf,376.16086984161444,inf
1,97,inf,inf,inf,1450.6143526106448,inf
1,98,inf,inf,inf,376.19144062564743,inf
1,99,inf,inf,inf,891.098198853527,inf
1,100,inf,inf,inf,345.14489710844634,inf
1,101,inf,inf,inf,1123.5960128088743,inf
1,102,inf,inf,inf,447.3935627610214,inf
1,103,inf,inf,inf,1356.3189152997904,inf
1,104,inf,inf,inf,853.021101731956,inf
1,105,inf,inf,inf,330.3649497147057,inf
1,106,inf,inf,inf,1137.156541554416,inf
1,107,inf,inf,inf,690.9486232709347,inf
1,108,inf,inf,inf,623.6024374551466,inf
1,109,inf,inf,inf,1483.5160936100424,inf
1,110,inf,inf,inf,1065.3924159669994,inf
1,111,inf,inf,inf,594.8108943185221,inf
1,112,inf,inf,inf,1137.0356194948336,inf
1,113,inf,inf,inf,626.709661645646,inf
1,114,inf,inf,inf,1283.0463748438713,inf
1,115,inf,inf,inf,1424.5090382303651,inf
1,116,inf,inf,inf,745.9396758451718,inf
1,117,inf,inf,inf,987.9094088022443,inf
1,118,inf,inf,inf,417.76668129471506,inf
1,119,inf,inf,inf,791.6009095497553,inf
1,120,inf,inf,inf,393.77658640401665,inf
1,121,inf,inf,inf,1463.7544192930725,inf
1,122,inf,inf,inf,1195.4923671860058,inf
1,123,inf,inf,inf,1216.4538626680421,inf
1,124,inf,inf,inf,310.4400103079498,inf
1,125,inf,inf,inf,1217.8493338668786,inf
1,126,inf,inf,inf,1102.809593719605,inf
1,127,inf,inf,inf,335.4400095397089,inf
1,128,inf,inf,inf,273.82658746002005,inf
1,129,inf,inf,inf,134.01492454200763,inf
1,130,inf,inf,inf,890.9320961779298,inf
1,131,inf,inf,inf,954.8036447353979,inf
1,132,inf,inf,inf,1469.4461541682974,inf
1,133,inf,inf,inf,607.5606965563194,inf
1,134,inf,inf,inf,826.7163963536709,inf
1,135,inf,inf,inf,1067.1607189172585,inf
1,136,inf,inf,inf,697.9398254864096,inf
1,137,inf,inf,inf,1164.8081387078303,inf
1,138,inf,inf,inf,853.6328250483342,inf
1,139,inf,inf,inf,820.5394566990669,inf
1,140,inf,inf,inf,1359.1471590670378,inf
1,141,inf,inf,inf,646.734103012977,inf
1,142,inf,inf,inf,520.331625023888,inf
1,143,inf,inf,inf,344.41980198589044,inf
1,144,inf,inf,inf,1341.6650103509444,inf
1,145,inf,inf,inf,861.8538159107959,inf
1,146,inf,inf,inf,525.5739719582773,inf
1,147,inf,inf,inf,453.97136473570663,inf
1,148,inf,inf,inf,869.7677851012878,inf
1,149,inf,inf,inf,422.89596829480416,inf
1,150,inf,inf,inf,687.1346301853807,inf
1,151,inf,inf,inf,817.8997493580738,inf
1,152,inf,inf,inf,1112.6783003186501,inf
1,153,inf,inf,inf,295.0016949103852,inf
1,154,inf,inf,inf,709.7746121128876,inf
1,155,inf,inf,inf,571.2871432125879,inf
1,156,inf,inf,inf,1085.4275655242961,inf
1,157,inf,inf,inf,418.4662471454538,inf
1,158,inf,inf,inf,225.7631502260721,inf
1,159,inf,inf,inf,188.73261509341728,inf
1,160,inf,inf,inf,1100.2372471426334,inf
1,161,inf,inf,inf,523.545604508337,inf
2,3,inf,inf,inf,507.8976274801842,inf
2,4,inf,inf,inf,605.2107071095157,inf
2,5,inf,inf,inf,256.9766526359934,inf
2,6,inf,inf,inf,606.6976182580578,inf
2,7,inf,inf,inf,1133.667499754668,inf
2,8,inf,inf,inf,613.2943828211702,inf
2,9,inf,inf,inf,648.6724905528213,inf
2,10,inf,inf,inf,798.9274059637709,inf
2,11,inf,inf,inf,606.9415128329912,inf
2,12,inf,inf,inf,1012.096833311912,inf
2,13,inf,inf,inf,738.3908179277421,inf
2,14,inf,inf,inf,337.19134033957636,inf
2,15,inf,inf,inf,201.8539075668341,inf
2,16,inf,inf,inf,816.2413858657254,inf
2,17,inf,inf,inf,704.0511345065783,inf
2,18,inf,inf,inf,240.36014644695155,inf
2,19,inf,inf,inf,310.3369136922,inf
2,20,inf,inf,inf,846.0029550775813,inf
2,21,inf,inf,inf,481.26915546292804,inf
2,22,inf,inf,inf,1079.7467295620766,inf
2,23,inf,inf,inf,431.1148338899973,inf
2,24,inf,inf,inf,771.0317762582811,inf
2,25,inf,inf,inf,911.0087815164023,inf
2,26,inf,inf,inf,928.689937492595,inf
2,27,inf,inf,inf,607.5236620906218,inf
2,28,inf,inf,inf,888.3535332287479,inf
2,29,inf,inf,inf,951.817209342214,inf
2,30,inf,inf,inf,979.1450352220553,inf
2,31,inf,inf,inf,748.7810093745701,inf
2,32,inf,inf,inf,246.4731222669117,inf
2,33,inf,inf,inf,935.8514839439001,inf
2,34,inf,inf,inf,494.9595943104851,inf
2,35,inf,inf,inf,289.2334697091607,inf
2,36,inf,inf,inf,701.8069535135713,inf
2,37,inf,inf,inf,208.38665984174708,inf
2,38,inf,inf,inf,787.9016436078808,inf
2,39,inf,inf,inf,727.2227994225703,inf
2,40,inf,inf,inf,816.9216608708573,inf
2,41,inf,inf,inf,316.44272783554374,inf
2,42,inf,inf,inf,548.4541913414465,inf
2,43,inf,inf,inf,127.7810627597063,inf
2,44,inf,inf,inf,371.2142238654117,inf
2,45,inf,inf,inf,549.4087731370878,inf
2,46,inf,inf,inf,763.7231173664969,inf
2,47,inf,inf,inf,200.90047287151916,inf
2,48,inf,inf,inf,617.8745827431325,inf
2,49,inf,inf,inf,667.3866945032693,inf
2,50,inf,inf,inf,968.0315077516847,inf
2,51,inf,inf,inf,761.6035714201976,inf
2,52,inf,inf,inf,706.2556194466703,inf
2,53,inf,inf,inf,643.5479780094099,inf
2,54,inf,inf,inf,941.7823527758417,inf
2,55,inf,inf,inf,721.2579288992254,inf
2,56,inf,inf,inf,234.3885662740399,inf
2,57,inf,inf,inf,792.6714325620673,inf
2,58,inf,inf,inf,964.3655945750035,inf
2,59,inf,inf,inf,265.6689669494727,inf
2,60,inf,inf,inf,384.1054542700481,inf
2,61,inf,inf,inf,361.83559802761255,inf
2,62,inf,inf,inf,604.1564366950004,inf
2,63,inf,inf,inf,456.75485766437123,inf
2,64,inf,inf,inf,663.2231901856268,inf
2,65,inf,inf,inf,370.912388577141,inf
2,66,inf,inf,inf,852.2593501980485,inf
2,67,inf,inf,inf,842.7532260395092,inf
2,68,inf,inf,inf,58.42088667591412,inf
2,69,inf,inf,inf,435.16088978675464,inf
2,70,inf,inf,inf,193.7937047481161,inf
2,71,inf,inf,inf,453.322181235377,inf
2,72,inf,inf,inf,811.2274650182894,inf
2,73,inf,inf,inf,1104.1385782590878,inf
2,74,inf,inf,inf,571.6791057927516,inf
2,75,inf,inf,inf,598.1412876570217,inf
2,76,inf,inf,inf,248.07257002740147,inf
2,77,inf,inf,inf,355.5418400132395,inf
2,78,inf,inf,inf,657.858647431194,inf
2,79,inf,inf,inf,376.64970463283254,inf
2,80,inf,inf,inf,543.6855708955314,inf
2,81,inf,inf,inf,750.7442973476388,inf
2,82,inf,inf,inf,814.3248737451165,inf
2,83,inf,inf,inf,499.6048438516184,inf
2,84,inf,inf,inf,779.9544858515784,inf
2,85,inf,inf,inf,788.1605166461969,inf
2,86,inf,inf,inf,409.8597321035576,inf
2,87,inf,inf,inf,473.6211566220411,inf
2,88,inf,inf,inf,445.7555383839891,inf
2,89,inf,inf,inf,198.09088823063013,inf
2,90,inf,inf,inf,537.841984229569,inf
2,91,inf,inf,inf,662.4198064671677,inf
2,92,inf,inf,inf,335.6724594005293,inf
2,93,inf,inf,inf,672.4827135324743,inf
2,94,inf,inf,inf,435.7533706123224,inf
2,95,inf,inf,inf,662.7073260497427,inf
2,96,inf,inf,inf,547.0584977861142,inf
2,97,inf,inf,inf,890.6492014255668,inf
2,98,inf,inf,inf,718.7836948623695,inf
2,99,inf,inf,inf,1136.4831718947712,inf
2,100,inf,inf,inf,784.0771645699166,inf
2,101,inf,inf,inf,234.9170066214875,inf
2,102,inf,inf,inf,785.0331203204104,inf
2,103,inf,inf,inf,450.0055555212624,inf
2,104,1.0,85.9117,85.91168824543138,74.33034373659252,1.1558091073798897
2,105,inf,inf,inf,596.0176171892908,inf
2,106,inf,inf,inf,355.1351855279902,inf
2,107,inf,inf,inf,445.7488081868531,inf
2,108,inf,inf,inf,556.3685828657115,inf
2,109,inf,inf,inf,703.6831673416666,inf
2,110,inf,inf,inf,1129.2940272577378,inf
2,111,inf,inf,inf,580.6496361834734,inf
2,112,inf,inf,inf,229.93042425916585,inf
2,113,inf,inf,inf,483.2235507505817,inf
2,114,inf,inf,inf,379.47595444243893,inf
2,115,inf,inf,inf,935.8675119908801,inf
2,116,inf,inf,inf,352.6471324142591,inf
2,117,inf,inf,inf,169.92056967889437,inf
2,118,inf,inf,inf,1063.5774536910794,inf
2,119,inf,inf,inf,504.6682078356036,inf
2,120,inf,inf,inf,820.6399941509065,inf
2,121,inf,inf,inf,651.7154286956846,inf
2,122,inf,inf,inf,893.8389116613798,inf
2,123,inf,inf,inf,1087.4014897911443,inf
2,124,inf,inf,inf,746.0006702409858,inf
2,125,inf,inf,inf,954.174512340379,inf
2,126,inf,inf,inf,321.56647835245514,inf
2,127,inf,inf,inf,896.3938866368958,inf
2,128,inf,inf,inf,834.5351999766098,inf
2,129,inf,inf,inf,823.2192903473533,inf
2,130,inf,inf,inf,532.5729996911222,inf
2,131,inf,inf,inf,411.655195521689,inf
2,132,inf,inf,inf,851.9307483592784,inf
2,133,inf,inf,inf,423.24933549859236,inf
2,134,inf,inf,inf,1000.0289995795122,inf
2,135,inf,inf,inf,262.56046922566236,inf
2,136,inf,inf,inf,1126.8833125040055,inf
2,137,inf,inf,inf,1104.4093444008884,inf
2,138,inf,inf,inf,991.5104638883041,inf
2,139,inf,inf,inf,228.0021929719098,inf
2,140,inf,inf,inf,436.00114678748264,inf
2,141,inf,inf,inf,375.37314768107746,inf
2,142,inf,inf,inf,1009.4359811300566,inf
2,143,inf,inf,inf,587.6776327205248,inf
2,144,inf,inf,inf,949.0674370138299,inf
2,145,inf,inf,inf,282.19496806286253,inf
2,146,inf,inf,inf,464.32100964742057,inf
2,147,inf,inf,inf,481.7385182855944,inf
2,148,inf,inf,inf,132.82319074619463,inf
2,149,inf,inf,inf,903.1793841757018,inf
2,150,inf,inf,inf,321.6022387981775,inf
2,151,inf,inf,inf,476.7074574621211,inf
2,152,inf,inf,inf,1096.0770958285736,inf
2,153,inf,inf,inf,975.8954862074114,inf
2,154,inf,inf,inf,953.2313465261201,inf
2,155,inf,inf,inf,386.25509705374765,inf
2,156,inf,inf,inf,807.019826274423,inf
2,157,inf,inf,inf,506.2529012262547,inf
2,158,inf,inf,inf,742.6042014424643,inf
2,159,inf,inf,inf,986.1206822696703,inf
2,160,inf,inf,inf,1117.930230381127,inf
2,161,inf,inf,inf,826.0568987666649,inf
3,4,inf,inf,inf,297.3213749463701,inf
3,5,inf,inf,inf,320.97507691408066,inf
3,6,inf,inf,inf,429.0757508878823,inf
3,7,inf,inf,inf,708.0183613438285,inf
3,8,inf,inf,inf,893.0453515919559,inf
3,9,inf,inf,inf,183.52111595127138,inf
3,10,inf,inf,inf,578.4055670548132,inf
3,11,inf,inf,inf,101.40019723846694,inf
3,12,inf,inf,inf,927.5796461760036,inf
3,13,inf,inf,inf,636.2460215985637,inf
3,14,inf,inf,inf,180.7373785358192,inf
3,15,inf,inf,inf,306.08005488760614,inf
3,16,inf,inf,inf,990.3585209407753,inf
3,17,inf,inf,inf,945.9386872308373,inf
3,18,inf,inf,inf,740.8002429805217,inf
3,19,inf,inf,inf,816.9657275553241,inf
3,20,inf,inf,inf,523.8597140456594,inf
3,21,inf,inf,inf,944.1970133399067,inf
3,22,inf,inf,inf,679.8654278605436,inf
3,23,inf,inf,inf,283.13247782619356,inf
3,24,inf,inf,inf,484.80305279566875,inf
3,25,inf,inf,inf,490.36822898715616,inf
3,26,inf,inf,inf,523.6993412254783,inf
3,27,inf,inf,inf,600.0408319439603,inf
3,28,inf,inf,inf,572.7861730174708,inf
3,29,inf,inf,inf,510.9716234782515,inf
3,30,inf,inf,inf,633.7452169444753,inf
3,31,inf,inf,inf,245.20399670478457,inf
3,32,inf,inf,inf,623.1155591060136,inf
3,33,inf,inf,inf,908.230147044239,inf
3,34,inf,inf,inf,213.96495040076073,inf
3,35,inf,inf,inf,700.7310468360881,inf
3,36,inf,inf,inf,260.30943125442076,inf
3,37,inf,inf,inf,547.0914000420771,inf
3,38,inf,inf,inf,509.070722002356,inf
3,39,inf,inf,inf,319.33837852660304,inf
3,40,inf,inf,inf,737.4747453303062,inf
3,41,inf,inf,inf,276.2028240261131,inf
3,42,inf,inf,inf,793.9584371993285,inf
3,43,inf,inf,inf,510.30970988214597,inf
3,44,inf,inf,inf,878.9175160389057,inf
3,45,inf,inf,inf,633.1650653660545,inf
3,46,inf,inf,inf,474.40594431351724,inf
3,47,inf,inf,inf,690.6844431431766,inf
3,48,inf,inf,inf,430.37309395453616,inf
3,49,inf,inf,inf,384.14710723888055,inf
3,50,inf,inf,inf,496.01713680073595,inf
3,51,inf,inf,inf,520.9990403062178,inf
3,52,inf,inf,inf,414.40197875975446,inf
3,53,inf,inf,inf,579.8085891050597,inf
3,54,inf,inf,inf,967.5629178508239,inf
3,55,inf,inf,inf,989.2749870485961,inf
3,56,inf,inf,inf,667.2285965094721,inf
3,57,inf,inf,inf,456.63114217057074,inf
3,58,inf,inf,inf,474.48182262337514,inf
3,59,inf,inf,inf,689.4896663475096,inf
3,60,inf,inf,inf,754.3348063028777,inf
3,61,inf,inf,inf,521.5524901675765,inf
3,62,inf,inf,inf,604.1862295683343,inf
3,63,inf,inf,inf,212.04952251773642,inf
3,64,inf,inf,inf,205.8275977608445,inf
3,65,inf,inf,inf,227.68399153212331,inf
3,66,inf,inf,inf,491.5384013482568,inf
3,67,inf,inf,inf,990.6184936694852,inf
3,68,inf,inf,inf,494.43401986513834,inf
3,69,inf,inf,inf,360.855926929294,inf
3,70,inf,inf,inf,337.739544619815,inf
3,71,inf,inf,inf,700.788841235361,inf
3,72,inf,inf,inf,328.4661321963042,inf
3,73,inf,inf,inf,610.4703104983894,inf
3,74,inf,inf,inf,122.10241602851272,inf
3,75,inf,inf,inf,415.4816482108446,inf
3,76,inf,inf,inf,462.29427857156094,inf
3,77,inf,inf,inf,813.9348868306358,inf
3,78,inf,inf,inf,149.96666296213968,inf
3,79,inf,inf,inf,171.1286066091815,inf
3,80,inf,inf,inf,644.8457179822162,inf
3,81,inf,inf,inf,501.93724707377515,inf
3,82,inf,inf,inf,310.4593371119638,inf
3,83,inf,inf,inf,426.26869460470584,inf
3,84,inf,inf,inf,463.3756575393231,inf
3,85,inf,inf,inf,681.7924904250559,inf
3,86,inf,inf,inf,215.17667159801502,inf
3,87,inf,inf,inf,136.03308421115798,inf
3,88,inf,inf,inf,834.5597641870833,inf
3,89,inf,inf,inf,354.2654372077525,inf
3,90,inf,inf,inf,959.0881085698019,inf
3,91,inf,inf,inf,164.07315441594946,inf
3,92,inf,inf,inf,833.145845575671,inf
3,93,inf,inf,inf,564.2384247815811,inf
3,94,inf,inf,inf,73.24616030891995,inf
3,95,inf,inf,inf,333.51611655210905,inf
3,96,inf,inf,inf,210.23082552280482,inf
3,97,inf,inf,inf,977.6134205298125,inf
3,98,inf,inf,inf,210.8885961829136,inf
3,99,inf,inf,inf,726.2905754586108,inf
3,100,inf,inf,inf,276.34217919094436,inf
3,101,inf,inf,inf,664.8022262297262,inf
3,102,inf,inf,inf,286.76296832052776,inf
3,103,inf,inf,inf,896.2170496034987,inf
3,104,inf,inf,inf,433.75684432640367,inf
3,105,inf,inf,inf,199.4818287463798,inf
3,106,inf,inf,inf,814.9779138111658,inf
3,107,inf,inf,inf,204.00980368599937,inf
3,108,inf,inf,inf,181.53236626012455,inf
3,109,inf,inf,inf,991.7066098398255,inf
3,110,inf,inf,inf,803.6199350439236,inf
3,111,inf,inf,inf,172.28464818433474,inf
3,112,inf,inf,inf,737.7506353775644,inf
3,113,inf,inf,inf,146.6594695203825,inf
3,114,inf,inf,inf,887.3702722088452,inf
3,115,inf,inf,inf,965.6914621140646,inf
3,116,inf,inf,inf,254.40125785852553,inf
3,117,inf,inf,inf,630.4133564574913,inf
3,118,inf,inf,inf,555.7418465438786,inf
3,119,inf,inf,inf,659.128212110512,inf
3,120,inf,inf,inf,314.5313974788527,inf
3,121,inf,inf,inf,974.2776811566608,inf
3,122,inf,inf,inf,776.5899819080852,inf
3,123,inf,inf,inf,869.3503321446424,inf
3,124,inf,inf,inf,243.14810301542556,inf
3,125,inf,inf,inf,814.6195430997221,inf
3,126,inf,inf,inf,618.7285349812145,inf
3,127,inf,inf,inf,388.7029714319148,inf
3,128,inf,inf,inf,332.10389940499044,inf
3,129,inf,inf,inf,365.2423852731224,inf
3,130,inf,inf,inf,418.6669320593639,inf
3,131,inf,inf,inf,726.6828744369858,inf
3,132,inf,inf,inf,987.4705058886569,inf
3,133,inf,inf,inf,115.94826432508596,inf
3,134,inf,inf,inf,604.173816049653,inf
3,135,inf,inf,inf,726.6099366234954,inf
3,136,inf,inf,inf,653.600795593151,inf
3,137,inf,inf,inf,845.931439302264,inf
3,138,inf,inf,inf,611.3010714860559,inf
3,139,inf,inf,inf,515.4308877046466,inf
3,140,inf,inf,inf,924.5609768966025,inf
3,141,inf,inf,inf,159.6151621870554,inf
3,142,inf,inf,inf,512.8245313945112,inf
3,143,inf,inf,inf,173.4156855650607,inf
3,144,inf,inf,inf,904.2328240005447,inf
3,145,inf,inf,inf,374.33941817553756,inf
3,146,inf,inf,inf,43.657759905886145,inf
3,147,inf,inf,inf,116.27553482998907,inf
3,148,inf,inf,inf,415.3769372509745,inf
3,149,inf,inf,inf,398.82953752198443,inf
3,150,inf,inf,inf,208.24024587000469,inf
3,151,inf,inf,inf,662.1072420688358,inf
3,152,inf,inf,inf,811.2490369793976,inf
3,153,inf,inf,inf,471.49549308556493,inf
3,154,inf,inf,inf,519.4631844510253,inf
3,155,inf,inf,inf,124.53513560437472,inf
3,156,inf,inf,inf,663.7446798280195,inf
3,157,inf,inf,inf,221.63934668736056,inf
3,158,inf,inf,inf,408.93153461184676,inf
3,159,inf,inf,inf,499.001002003002,inf
3,160,inf,inf,inf,816.0098038626742,inf
3,161,inf,inf,inf,345.8005205317077,inf
4,5,inf,inf,inf,532.9024300939151,inf
4,6,inf,inf,inf,156.41611170208776,inf
4,7,inf,inf,inf,531.8364410229897,inf
4,8,inf,inf,inf,749.0060079865848,inf
4,9,inf,inf,inf,196.36700333813724,inf
4,10,inf,inf,inf,281.12808468738945,inf
4,11,inf,inf,inf,284.1161734220704,inf
4,12,inf,inf,inf,636.2420922887765,inf
4,13,inf,inf,inf,355.7091508522096,inf
4,14,inf,inf,inf,315.0650726437318,inf
4,15,inf,inf,inf,438.54874301495835,inf
4,16,inf,inf,inf,779.8269038703397,inf
4,17,inf,inf,inf,773.9767438366607,inf
4,18,inf,inf,inf,841.7986695166487,inf
4,19,inf,inf,inf,875.6443341905434,inf
4,20,inf,inf,inf,252.8813951242756,inf
4,21,inf,inf,inf,923.465213205132,inf
4,22,inf,inf,inf,474.6124734981161,inf
4,23,inf,inf,inf,562.9955594851526,inf
4,24,inf,inf,inf,195.0230755577401,inf
4,25,inf,inf,inf,730.2198299142526,inf
4,26,inf,inf,inf,326.03834130359576,inf
4,27,inf,inf,inf,884.9005593850644,inf
4,28,inf,inf,inf,300.273208928136,inf
4,29,inf,inf,inf,363.93955542095176,inf
4,30,inf,inf,inf,381.4616625560162,inf
4,31,inf,inf,inf,325.8297101247828,inf
4,32,inf,inf,inf,598.9933221664495,inf
4,33,inf,inf,inf,629.3822368004995,inf
4,34,inf,inf,inf,119.25183436744275,inf
4,35,inf,inf,inf,676.2721345730578,inf
4,36,inf,inf,inf,519.1926424748332,inf
4,37,inf,inf,inf,532.8311177099175,inf
4,38,inf,inf,inf,799.6705571671374,inf
4,39,inf,inf,inf,587.8919968837814,inf
4,40,inf,inf,inf,454.9604378404786,inf
4,41,inf,inf,inf,288.80443209895515,inf
4,42,inf,inf,inf,647.0935017445315,inf
4,43,inf,inf,inf,541.1247545621989,inf
4,44,inf,inf,inf,951.1761140819297,inf
4,45,inf,inf,inf,903.0935721175298,inf
4,46,inf,inf,inf,185.09727172489605,inf
4,47,inf,inf,inf,731.2489316231512,inf
4,48,inf,inf,inf,727.2007975793206,inf
4,49,inf,inf,inf,679.0942497179607,inf
4,50,inf,inf,inf,684.1878397048577,inf
4,51,inf,inf,inf,815.8431221748456,inf
4,52,inf,inf,inf,707.1131451189407,inf
4,53,inf,inf,inf,871.2623026391076,inf
4,54,inf,inf,inf,700.7838468458017,inf
4,55,inf,inf,inf,826.5016636401889,inf
4,56,inf,inf,inf,665.5779443461149,inf
4,57,inf,inf,inf,191.70811146114815,inf
4,58,inf,inf,inf,436.86725672680024,inf
4,59,inf,inf,inf,849.4916126719557,inf
4,60,inf,inf,inf,943.7059923514314,inf
4,61,inf,inf,inf,761.1681811531536,inf
4,62,inf,inf,inf,888.0771362894104,inf
4,63,inf,inf,inf,154.5477272560163,inf
4,64,inf,inf,inf,465.1075144523038,inf
4,65,inf,inf,inf,238.15961034566715,inf
4,66,inf,inf,inf,762.2925947429898,inf
4,67,inf,inf,inf,768.2219731301624,inf
4,68,inf,inf,inf,564.7167431553628,inf
4,69,inf,inf,inf,637.3201707148456,inf
4,70,inf,inf,inf,413.2650481228724,inf
4,71,inf,inf,inf,932.1936494098209,inf
4,72,inf,inf,inf,528.2518338822877,inf
4,73,inf,inf,inf,569.3452379707763,inf
4,74,inf,inf,inf,189.70766985021982,inf
4,75,inf,inf,inf,711.8040460688602,inf
4,76,inf,inf,inf,429.36697590755625,inf
4,77,inf,inf,inf,957.1468016976288,inf
4,78,inf,inf,inf,322.69180342859653,inf
4,79,inf,inf,inf,423.0425510513097,inf
4,80,inf,inf,inf,454.34128141739444,inf
4,81,inf,inf,inf,205.1852821232556,inf
4,82,inf,inf,inf,458.590231034199,inf
4,83,inf,inf,inf,224.0200883849482,inf
4,84,inf,inf,inf,749.1041316132224,inf
4,85,inf,inf,inf,396.2335170073324,inf
4,86,inf,inf,inf,200.35218990567586,inf
4,87,inf,inf,inf,428.5615475051396,inf
4,88,inf,inf,inf,767.9387996448676,inf
4,89,inf,inf,inf,407.3131473448899,inf
4,90,inf,inf,inf,899.5387707041871,inf
4,91,inf,inf,inf,268.4026825499328,inf
4,92,inf,inf,inf,936.9589105184923,inf
4,93,inf,inf,inf,859.3049516906091,inf
4,94,inf,inf,inf,299.4077487307234,inf
4,95,inf,inf,inf,624.9423973455473,inf
4,96,inf,inf,inf,507.38249871275616,inf
4,97,inf,inf,inf,731.3330294742608,inf
4,98,inf,inf,inf,351.9573837838894,inf
4,99,inf,inf,inf,531.8063557348671,inf
4,100,inf,inf,inf,401.15458367068425,inf
4,101,inf,inf,inf,661.7567528933876,inf
4,102,inf,inf,inf,325.13535642867265,inf
4,103,inf,inf,inf,864.9190713587024,inf
4,104,inf,inf,inf,544.4859961468247,inf
4,105,inf,inf,inf,489.3597858426865,inf
4,106,inf,inf,inf,957.1358315307185,inf
4,107,inf,inf,inf,167.86899654194636,inf
4,108,inf,inf,inf,116.0775602776006,inf
4,109,inf,inf,inf,839.9059471155089,inf
4,110,inf,inf,inf,543.4013249891833,inf
4,111,inf,inf,inf,134.61797799699713,inf
4,112,inf,inf,inf,816.0122548099386,inf
4,113,inf,inf,inf,170.02646852769718,inf
4,114,inf,inf,inf,953.6173236681473,inf
4,115,inf,inf,inf,700.2856560004639,inf
4,116,inf,inf,inf,252.98221281347034,inf
4,117,inf,inf,inf,766.43395018749,inf
4,118,inf,inf,inf,606.9011451628676,inf
4,119,inf,inf,inf,914.1608173620219,inf
4,120,inf,inf,inf,387.1046370169182,inf
4,121,inf,inf,inf,844.9005858679469,inf
4,122,inf,inf,inf,484.2850400332432,inf
4,123,inf,inf,inf,575.6127170242158,inf
4,124,inf,inf,inf,416.75052489469044,inf
4,125,inf,inf,inf,518.7725898695883,inf
4,126,inf,inf,inf,549.1675518455182,inf
4,127,inf,inf,inf,483.9938016132025,inf
4,128,inf,inf,inf,481.26188297017666,inf
4,129,inf,inf,inf,590.391395601257,inf
4,130,inf,inf,inf,192.15098230297966,inf
4,131,inf,inf,inf,936.6685646481363,inf
4,132,inf,inf,inf,760.0118420130044,inf
4,133,inf,inf,inf,250.28783430282823,inf
4,134,inf,inf,inf,395.0012658207566,inf
4,135,inf,inf,inf,863.945600139268,inf
4,136,inf,inf,inf,556.1600489067872,inf
4,137,inf,inf,inf,560.0,inf
4,138,inf,inf,inf,386.63807365545364,inf
4,139,inf,inf,inf,710.6820667499638,inf
4,140,inf,inf,inf,936.2120486300099,inf
4,141,inf,inf,inf,272.4646766096479,inf
4,142,inf,inf,inf,492.8579917176955,inf
4,143,inf,inf,inf,462.1179503113897,inf
4,144,inf,inf,inf,621.3509475328738,inf
4,145,inf,inf,inf,345.61539317570913,inf
4,146,inf,inf,inf,300.8421513019743,inf
4,147,inf,inf,inf,410.4631530356897,inf
4,148,inf,inf,inf,475.41350422553205,inf
4,149,inf,inf,inf,436.0103209787585,inf
4,150,inf,inf,inf,309.45758998609165,inf
4,151,inf,inf,inf,909.0797544770205,inf
4,152,inf,inf,inf,532.8461316365166,inf
4,153,inf,inf,inf,582.7417953090373,inf
4,154,inf,inf,inf,360.83514241270905,inf
4,155,inf,inf,inf,350.0128569067142,inf
4,156,inf,inf,inf,371.3717813727909,inf
4,157,inf,inf,inf,517.3045524640199,inf
4,158,inf,inf,inf,694.1937769816149,inf
4,159,inf,inf,inf,660.7889224253082,inf
4,160,inf,inf,inf,544.5291544077323,inf
4,161,inf,inf,inf,307.01465763054375,inf
5,6,inf,inf,inf,600.4406715071856,inf
5,7,inf,inf,inf,1018.3933424762753,inf
5,8,inf,inf,inf,821.0316680859515,inf
5,9,inf,inf,inf,496.73433543494855,inf
5,10,inf,inf,inf,788.3653975156444,inf
5,11,inf,inf,inf,420.7766628509713,inf
5,12,inf,inf,inf,1078.0542657955582,inf
5,13,inf,inf,inf,782.182843074431,inf
5,14,inf,inf,inf,218.50629281556172,inf
5,15,inf,inf,inf,140.65560778013793,inf
5,16,inf,inf,inf,989.6145714367791,inf
5,17,inf,inf,inf,900.5692644100175,inf
5,18,inf,inf,inf,451.68573145495753,inf
5,19,inf,inf,inf,553.3552204506614,inf
5,20,inf,inf,inf,785.3788894540011,inf
5,21,inf,inf,inf,738.0819737671419,inf
5,22,inf,inf,inf,980.8812364399678,inf
5,23,inf,inf,inf,174.4161689752415,inf
5,24,inf,inf,inf,725.1765302324669,inf
5,25,inf,inf,inf,657.9316073878804,inf
5,26,inf,inf,inf,823.6613381724311,inf
5,27,inf,inf,inf,413.4077889929023,inf
5,28,inf,inf,inf,833.122439981063,inf
5,29,inf,inf,inf,823.7117214171473,inf
5,30,inf,inf,inf,910.6096858698572,inf
5,31,inf,inf,inf,563.0719314616916,inf
5,32,inf,inf,inf,470.4912326494512,inf
5,33,inf,inf,inf,1025.530594375419,inf
5,34,inf,inf,inf,414.2197484427801,inf
5,35,inf,inf,inf,530.8719242905958,inf
5,36,inf,inf,inf,459.22761241022954,inf
5,37,inf,inf,inf,406.92259706238974,inf
5,38,inf,inf,inf,533.8464198624919,inf
5,39,inf,inf,inf,476.4220817720354,inf
5,40,inf,inf,inf,876.6527248574546,inf
5,41,inf,inf,inf,295.16266701600324,inf
5,42,inf,inf,inf,739.1380114701178,inf
5,43,inf,inf,inf,333.44414824674914,inf
5,44,inf,inf,inf,600.7270594870852,inf
5,45,inf,inf,inf,394.62007044751283,inf
5,46,inf,inf,inf,715.7932662438227,inf
5,47,inf,inf,inf,457.6898513185539,inf
5,48,inf,inf,inf,369.52943049234926,inf
5,49,inf,inf,inf,410.8965806623365,inf
5,50,inf,inf,inf,726.1542535852833,inf
5,51,inf,inf,inf,511.39123965903053,inf
5,52,inf,inf,inf,449.90887966342694,inf
5,53,inf,inf,inf,430.41491609840847,inf
5,54,inf,inf,inf,1055.9625940344667,inf
5,55,inf,inf,inf,928.4018526478715,inf
5,56,inf,inf,inf,480.57985808812253,inf
5,57,inf,inf,inf,721.9092740781213,inf
5,58,inf,inf,inf,795.1515578806345,inf
5,59,inf,inf,inf,372.2002149381432,inf
5,60,inf,inf,inf,433.8133239078763,inf
5,61,inf,inf,inf,230.31283073246266,inf
5,62,inf,inf,inf,413.01089574005186,inf
5,63,inf,inf,inf,382.41600384921134,inf
5,64,inf,inf,inf,428.04906260848185,inf
5,65,inf,inf,inf,313.0255580619576,inf
5,66,inf,inf,inf,595.3696330851952,inf
5,67,inf,inf,inf,1006.205744368417,inf
5,68,inf,inf,inf,278.44209451877066,inf
5,69,inf,inf,inf,191.4001044931794,inf
5,70,inf,inf,inf,215.5017401321855,inf
5,71,inf,inf,inf,399.46213838109867,inf
5,72,inf,inf,inf,578.4643463516139,inf
5,73,inf,inf,inf,929.9424713389533,inf
5,74,inf,inf,inf,422.91606732305644,inf
5,75,inf,inf,inf,349.35655139126845,inf
5,76,inf,inf,inf,379.30594511554915,inf
5,77,inf,inf,inf,499.50875868196744,inf
5,78,inf,inf,inf,461.52464722915937,inf
5,79,inf,inf,inf,153.3883959105121,inf
5,80,inf,inf,inf,668.3539481442449,inf
5,81,inf,inf,inf,722.6645141419357,inf
5,82,inf,inf,inf,598.8923108539632,inf
5,83,inf,inf,inf,529.9698104609356,inf
5,84,inf,inf,inf,523.345010485435,inf
5,85,inf,inf,inf,833.2490624057132,inf
5,86,inf,inf,inf,342.70687183072357,inf
5,87,inf,inf,inf,239.26972228010797,inf
5,88,inf,inf,inf,686.2251817005844,inf
5,89,inf,inf,inf,244.95101551126504,inf
5,90,inf,inf,inf,789.002534850174,inf
5,91,inf,inf,inf,484.92989184004733,inf
5,92,inf,inf,inf,536.8808061385693,inf
5,93,inf,inf,inf,446.9116243733206,inf
5,94,inf,inf,inf,263.8370709358334,inf
5,95,inf,inf,inf,406.184687057501,inf
5,96,inf,inf,inf,296.7456823611761,inf
5,97,inf,inf,inf,1029.9131031305506,inf
5,98,inf,inf,inf,519.904798977659,inf
5,99,inf,inf,inf,1031.7252541253413,inf
5,100,inf,inf,inf,580.086200490927,inf
5,101,inf,inf,inf,480.1051968058667,inf
5,102,inf,inf,inf,606.7239899657834,inf
5,103,inf,inf,inf,704.8460824889361,inf
5,104,inf,inf,inf,194.81273059017474,inf
5,105,inf,inf,inf,351.2036446280135,inf
5,106,inf,inf,inf,500.89919145472777,inf
5,107,inf,inf,inf,368.4087403957729,inf
5,108,inf,inf,inf,442.76969182634895,inf
5,109,inf,inf,inf,917.6758687031058,inf
5,110,inf,inf,inf,1075.647711846216,inf
5,111,inf,inf,inf,454.1200281863816,inf
5,112,inf,inf,inf,465.7520799738848,inf
5,113,inf,inf,inf,369.3589040486232,inf
5,114,inf,inf,inf,612.9510584051552,inf
5,115,inf,inf,inf,1051.6391966829688,inf
5,116,inf,inf,inf,314.63153052419904,inf
5,117,inf,inf,inf,326.4659247149693,inf
5,118,inf,inf,inf,858.9633286700894,inf
5,119,inf,inf,inf,388.28984019672725,inf
5,120,inf,inf,inf,628.1536436255067,inf
5,121,inf,inf,inf,876.4405285015065,inf
5,122,inf,inf,inf,939.3790502241361,inf
5,123,inf,inf,inf,1090.286659553349,inf
5,124,inf,inf,inf,531.6991630612183,inf
5,125,inf,inf,inf,991.53416481733,inf
5,126,inf,inf,inf,516.1647023964347,inf
5,127,inf,inf,inf,689.2205742721267,inf
5,128,inf,inf,inf,616.3781306957605,inf
5,129,inf,inf,inf,580.1456713619434,inf
5,130,inf,inf,inf,547.727121840794,inf
5,131,inf,inf,inf,411.44258408677143,inf
5,132,inf,inf,inf,1010.5449025154696,inf
5,133,inf,inf,inf,288.8615585362649,inf
5,134,inf,inf,inf,902.2444236458323,inf
5,135,inf,inf,inf,417.0047961354881,inf
5,136,inf,inf,inf,974.2715227286487,inf
5,137,inf,inf,inf,1086.7865475796063,inf
5,138,inf,inf,inf,903.0625670461599,inf
5,139,inf,inf,inf,194.48907424325924,inf
5,140,inf,inf,inf,691.0455846035051,inf
5,141,inf,inf,inf,260.4496112494699,inf
5,142,inf,inf,inf,831.7932435407251,inf
5,143,inf,inf,inf,347.86491631091513,inf
5,144,inf,inf,inf,1031.2953020352609,inf
5,145,inf,inf,inf,342.14762895568924,inf
5,146,inf,inf,inf,283.4025405672998,inf
5,147,inf,inf,inf,253.03161857759991,inf
5,148,inf,inf,inf,250.9760944791356,inf
5,149,inf,inf,inf,713.7086240196345,inf
5,150,inf,inf,inf,231.03462943896528,inf
5,151,inf,inf,inf,378.6990889875496,inf
5,152,inf,inf,inf,1064.185134269409,inf
5,153,inf,inf,inf,757.3037699628861,inf
5,154,inf,inf,inf,830.0415652242965,inf
5,155,inf,inf,inf,202.7856010667424,inf
5,156,inf,inf,inf,835.3059319794155,inf
5,157,inf,inf,inf,253.04742638485774,inf
5,158,inf,inf,inf,485.64390246352315,inf
5,159,inf,inf,inf,751.0559233505851,inf
5,160,inf,inf,inf,1077.2710893735152,inf
5,161,inf,inf,inf,666.2469512125365,inf
6,7,inf,inf,inf,593.6530973556863,inf
6,8,inf,inf,inf,619.4513701655684,inf
6,9,inf,inf,inf,352.66131060835124,inf
6,10,inf,inf,inf,193.78596440403004,inf
6,11,inf,inf,inf,434.35008921375857,inf
6,12,inf,inf,inf,500.48976013501016,inf
6,13,inf,inf,inf,207.27035485085656,inf
6,14,inf,inf,inf,388.0618507403169,inf
6,15,inf,inf,inf,480.3051113615178,inf
6,16,inf,inf,inf,627.7993309967763,inf
6,17,inf,inf,inf,633.2282368940918,inf
6,18,inf,inf,inf,828.3073101210686,inf
6,19,inf,inf,inf,838.2034359271024,inf
6,20,inf,inf,inf,262.5280937347468,inf
6,21,inf,inf,inf,843.9774878514237,inf
6,22,inf,inf,inf,520.6006146750117,inf
6,23,inf,inf,inf,667.510299546007,inf
6,24,inf,inf,inf,180.27756377319946,inf
6,25,inf,inf,inf,884.0955830678038,inf
6,26,inf,inf,inf,398.1318876955223,inf
6,27,inf,inf,inf,985.7306934452229,inf
6,28,inf,inf,inf,295.6247621563525,inf
6,29,inf,inf,inf,461.11386880032137,inf
6,30,inf,inf,inf,392.495859850776,inf
6,31,inf,inf,inf,481.65651661739196,inf
6,32,inf,inf,inf,536.8286505021877,inf
6,33,inf,inf,inf,480.41648597857255,inf
6,34,inf,inf,inf,217.36835096213983,inf
6,35,inf,inf,inf,607.5409451222197,inf
6,36,inf,inf,inf,668.2791332968583,inf
6,37,inf,inf,inf,483.2235507505817,inf
6,38,inf,inf,inf,938.0325154279035,inf
6,39,inf,inf,inf,735.4352452799634,inf
6,40,inf,inf,inf,308.4493475434824,inf
6,41,inf,inf,inf,313.1932310890515,inf
6,42,inf,inf,inf,519.8499783591416,inf
6,43,inf,inf,inf,514.8611463297653,inf
6,44,inf,inf,inf,917.5805141784562,inf
6,45,inf,inf,inf,989.5493924003996,inf
6,46,inf,inf,inf,176.40011337864837,inf
6,47,inf,inf,inf,692.4774364555137,inf
6,48,inf,inf,inf,849.0447573597048,inf
6,49,inf,inf,inf,812.7514995372202,inf
6,50,inf,inf,inf,840.6027599288501,inf
6,51,inf,inf,inf,949.4177162871988,inf
6,52,inf,inf,inf,843.4743623845362,inf
6,53,inf,inf,inf,980.4896735815222,inf
6,54,inf,inf,inf,546.7723475085403,inf
6,55,inf,inf,inf,688.0065406665841,inf
6,56,inf,inf,inf,609.5408107747995,inf
6,57,inf,inf,inf,232.22833591101667,inf
6,58,inf,inf,inf,568.3880716552732,inf
6,59,inf,inf,inf,867.7292204368827,inf
6,60,inf,inf,inf,975.0,inf
6,61,inf,inf,inf,830.0728883658351,inf
6,62,inf,inf,inf,987.8102044421287,inf
6,63,inf,inf,inf,233.0600780914655,inf
6,64,inf,inf,inf,613.2772619297083,inf
6,65,inf,inf,inf,287.62823227214676,inf
6,66,inf,inf,inf,910.2636980567773,inf
6,67,inf,inf,inf,613.9486949249098,inf
6,68,inf,inf,inf,556.4647338331514,inf
6,69,inf,inf,inf,736.3429907319007,inf
6,70,inf,inf,inf,432.03009154455896,inf
6,71,inf,inf,inf,989.9217140764213,inf
6,72,inf,inf,inf,684.0643244607922,inf
6,73,inf,inf,inf,691.6675502002389,inf
6,74,inf,inf,inf,337.2966053787082,inf
6,75,inf,inf,inf,832.1015563018735,inf
6,76,inf,inf,inf,385.478922899813,inf
6,77,inf,inf,inf,961.5341907597463,inf
6,78,inf,inf,inf,476.64242362592944,inf
6,79,inf,inf,inf,521.4259295432095,inf
6,80,inf,inf,inf,316.9100818844361,inf
6,81,inf,inf,inf,147.05441169852742,inf
6,82,inf,inf,inf,614.9284511225676,inf
6,83,inf,inf,inf,121.01652779682617,inf
6,84,inf,inf,inf,890.8002020655362,inf
6,85,inf,inf,inf,253.03161857759991,inf
6,86,inf,inf,inf,261.895017134729,inf
6,87,inf,inf,inf,549.2440259119802,inf
6,88,inf,inf,inf,672.6574165204752,inf
6,89,inf,inf,inf,415.80043290020757,inf
6,90,inf,inf,inf,802.4288130420043,inf
6,91,inf,inf,inf,424.12498157972254,inf
6,92,inf,inf,inf,920.6443395796229,inf
6,93,inf,inf,inf,974.9528193712761,inf
6,94,inf,inf,inf,411.1265012134343,inf
6,95,inf,inf,inf,762.4598350077202,inf
6,96,inf,inf,inf,636.9183621155854,inf
6,97,inf,inf,inf,574.9173853694111,inf
6,98,inf,inf,inf,508.1928767702279,inf
6,99,inf,inf,inf,580.7753438292641,inf
6,100,inf,inf,inf,557.3589507669183,inf
6,101,inf,inf,inf,605.2900131342,inf
6,102,inf,inf,inf,478.1140031415102,inf
6,103,inf,inf,inf,782.5375390356683,inf
6,104,inf,inf,inf,559.657931240146,inf
6,105,inf,inf,inf,627.6248879705138,inf
6,106,inf,inf,inf,960.937563008128,inf
6,107,inf,inf,inf,246.07722365143832,inf
6,108,inf,inf,inf,258.8358553214759,inf
6,109,inf,inf,inf,705.1354479814498,inf
6,110,inf,inf,inf,527.2997250141517,inf
6,111,inf,inf,inf,284.85083815920217,inf
6,112,inf,inf,inf,791.8345786842098,inf
6,113,inf,inf,inf,284.6840353795766,inf
6,114,inf,inf,inf,916.7878707749138,inf
6,115,inf,inf,inf,545.9102490336667,inf
6,116,inf,inf,inf,287.14108030722457,inf
6,117,inf,inf,inf,775.8975447828147,inf
6,118,inf,inf,inf,750.8188862835032,inf
6,119,inf,inf,inf,988.7304991755842,inf
6,120,inf,inf,inf,540.769821643183,inf
6,121,inf,inf,inf,718.7523913003698,inf
6,122,inf,inf,inf,351.5252480263687,inf
6,123,inf,inf,inf,492.34540720920717,inf
6,124,inf,inf,inf,572.734668061922,inf
6,125,inf,inf,inf,396.55642725846724,inf
6,126,inf,inf,inf,467.44946250905025,inf
6,127,inf,inf,inf,637.1844316993314,inf
6,128,inf,inf,inf,637.5303914324398,inf
6,129,inf,inf,inf,744.980536658509,inf
6,130,inf,inf,inf,80.62257748298549,inf
6,131,inf,inf,inf,980.6416266914229,inf
6,132,inf,inf,inf,604.9958677544831,inf
6,133,inf,inf,inf,351.2406582387637,inf
6,134,inf,inf,inf,447.29408670359146,inf
6,135,inf,inf,inf,868.987917062142,inf
6,136,inf,inf,inf,658.2674228609525,inf
6,137,inf,inf,inf,499.58582846193707,inf
6,138,inf,inf,inf,426.5969995206249,inf
6,139,inf,inf,inf,755.913354823157,inf
6,140,inf,inf,inf,872.2000917220772,inf
6,141,inf,inf,inf,353.27184999657135,inf
6,142,inf,inf,inf,625.5405662305203,inf
6,143,inf,inf,inf,600.8935013794041,inf
6,144,inf,inf,inf,475.3367227555641,inf
6,145,inf,inf,inf,324.91845130740114,inf
6,146,inf,inf,inf,421.321729798025,inf
6,147,inf,inf,inf,533.5484982642159,inf
6,148,inf,inf,inf,474.2868330451521,inf
6,149,inf,inf,inf,583.552054233382,inf
6,150,inf,inf,inf,369.98648623970035,inf
6,151,inf,inf,inf,978.0,inf
6,152,inf,inf,inf,489.3883938141566,inf
6,153,inf,inf,inf,735.7023854793458,inf
6,154,inf,inf,inf,452.21233950435277,inf
6,155,inf,inf,inf,448.8485267882696,inf
6,156,inf,inf,inf,240.7093683262037,inf
6,157,inf,inf,inf,639.1822901176158,inf
6,158,inf,inf,inf,836.0053827577906,inf
6,159,inf,inf,inf,816.6517005431385,inf
6,160,inf,inf,inf,512.0644490686694,inf
6,161,inf,inf,inf,449.541989140058,inf
7,8,inf,inf,inf,1191.5569646475153,inf
7,9,inf,inf,inf,524.8714128241317,inf
7,10,inf,inf,inf,481.918042824711,inf
7,11,inf,inf,inf,621.7298448683318,inf
7,12,inf,inf,inf,752.4267406199756,inf
7,13,inf,inf,inf,649.3727742983995,inf
7,14,inf,inf,inf,817.1413586399847,inf
7,15,inf,inf,inf,953.4406116796158,inf
7,16,inf,inf,inf,1131.0402291695907,inf
7,17,inf,inf,inf,1182.9327960623968,inf
7,18,inf,inf,inf,1372.160704873886,inf
7,19,inf,inf,inf,1406.9815208452455,inf
7,20,inf,inf,inf,337.40924705763473,inf
7,21,inf,inf,inf,1436.6245160096635,inf
7,22,inf,inf,inf,87.02298546935747,inf
7,23,inf,inf,inf,984.2083112837445,inf
7,24,inf,inf,inf,417.942579788181,inf
7,25,inf,inf,inf,870.2120431251225,inf
7,26,inf,inf,inf,205.7984450864486,inf
7,27,inf,inf,inf,1282.225019253641,inf
7,28,inf,inf,inf,322.33212685055145,inf
7,29,inf,inf,inf,197.44872752185566,inf
7,30,inf,inf,inf,236.61149591682988,inf
7,31,inf,inf,inf,510.29893199966625,inf
7,32,inf,inf,inf,1121.49765938231,inf
7,33,inf,inf,inf,826.0798992833562,inf
7,34,inf,inf,inf,638.758952970524,inf
7,35,inf,inf,inf,1195.846980177648,inf
7,36,inf,inf,inf,770.7561222591748,inf
7,37,inf,inf,inf,1059.8023400615796,inf
7,38,inf,inf,inf,1066.0379918183028,inf
7,39,inf,inf,inf,833.2904655640792,inf
7,40,inf,inf,inf,693.9344349432445,inf
7,41,inf,inf,inf,818.0623448124232,inf
7,42,inf,inf,inf,1097.8615577567145,inf
7,43,inf,inf,inf,1072.7581274453248,inf
7,44,inf,inf,inf,1482.9221152845487,inf
7,45,inf,inf,inf,1332.2161986704712,inf
7,46,inf,inf,inf,419.505661463585,inf
7,47,inf,inf,inf,1262.071709531594,inf
7,48,inf,inf,inf,1077.3379228450096,inf
7,49,inf,inf,inf,988.5752373997641,inf
7,50,inf,inf,inf,742.0411039827915,inf
7,51,inf,inf,inf,1105.4347561027741,inf
7,52,inf,inf,inf,998.6856362239321,inf
7,53,inf,inf,inf,1246.6563279428697,inf
7,54,inf,inf,inf,928.9520977962211,inf
7,55,inf,inf,inf,1241.0821890592097,inf
7,56,inf,inf,inf,1191.256479520678,inf
7,57,inf,inf,inf,362.62652964172383,inf
7,58,inf,inf,inf,314.9936507296615,inf
7,59,inf,inf,inf,1366.608210131931,inf
7,60,inf,inf,inf,1449.0648708736267,inf
7,61,inf,inf,inf,1229.4100211076857,inf
7,62,inf,inf,inf,1287.9491449587597,inf
7,63,inf,inf,inf,676.9468221359784,inf
7,64,inf,inf,inf,741.242875176551,inf
7,65,inf,inf,inf,762.8433653116477,inf
7,66,inf,inf,inf,966.7781544904705,inf
7,67,inf,inf,inf,1099.1382988505131,inf
7,68,inf,inf,inf,1095.6208285716368,inf
7,69,inf,inf,inf,1061.5973813079986,inf
7,70,inf,inf,inf,940.0776563667494,inf
7,71,inf,inf,inf,1408.3909258440997,inf
7,72,inf,inf,inf,681.4220424964253,inf
7,73,inf,inf,inf,296.8972886369965,inf
7,74,inf,inf,inf,595.8296736484346,inf
7,75,inf,inf,inf,1069.3011736643705,inf
7,76,inf,inf,inf,956.9002037830277,inf
7,77,inf,inf,inf,1480.6498573261674,inf
7,78,inf,inf,inf,605.8547680756503,inf
7,79,inf,inf,inf,877.1505001993671,inf
7,80,inf,inf,inf,891.1520633427272,inf
7,81,inf,inf,inf,465.1763106608074,inf
7,82,inf,inf,inf,586.3761591333672,inf
7,83,inf,inf,inf,711.922046294396,inf
7,84,inf,inf,inf,1003.127609030875,inf
7,85,inf,inf,inf,646.7990414340454,inf
7,86,inf,inf,inf,723.9012363575573,inf
7,87,inf,inf,inf,833.4416596259152,inf
7,88,inf,inf,inf,1266.120057498498,inf
7,89,inf,inf,inf,936.9877267072392,inf
7,90,inf,inf,inf,1395.3709184299348,inf
7,91,inf,inf,inf,557.2450089502821,inf
7,92,inf,inf,inf,1467.5237647138802,inf
7,93,inf,inf,inf,1215.806316812016,inf
7,94,inf,inf,inf,755.1191958889669,inf
7,95,inf,inf,inf,925.3869460933627,inf
7,96,inf,inf,inf,866.8638878163054,inf
7,97,inf,inf,inf,1015.0004926107179,inf
7,98,inf,inf,inf,571.1357106677887,inf
7,99,inf,inf,inf,49.51767361255979,inf
7,100,inf,inf,inf,550.567888638631,inf
7,101,inf,inf,inf,1187.2388133817055,inf
7,102,inf,inf,inf,462.3299687452675,inf
7,103,inf,inf,inf,1375.5991421922304,inf
7,104,inf,inf,inf,1069.260024502927,inf
7,105,inf,inf,inf,816.8408657749684,inf
7,106,inf,inf,inf,1480.9203219619885,inf
7,107,inf,inf,inf,688.2223477917584,inf
7,108,inf,inf,inf,583.7979102394937,inf
7,109,inf,inf,inf,1265.7740714677323,inf
7,110,inf,inf,inf,277.90825824361536,inf
7,111,inf,inf,inf,566.4803615307419,inf
7,112,inf,inf,inf,1347.7573965666077,inf
7,113,inf,inf,inf,659.4854054488242,inf
7,114,inf,inf,inf,1485.1276039451964,inf
7,115,inf,inf,inf,933.4077351297235,inf
7,116,inf,inf,inf,781.4460953898227,inf
7,117,inf,inf,inf,1289.7305920230008,inf
7,118,inf,inf,inf,472.4118965479172,inf
7,119,inf,inf,inf,1365.1681215147094,inf
7,120,inf,inf,inf,486.2016042754281,inf
7,121,inf,inf,inf,1293.0556832557522,inf
7,122,inf,inf,inf,648.0570962500141,inf
7,123,inf,inf,inf,510.7837115648854,inf
7,124,inf,inf,inf,611.5136956765564,inf
7,125,inf,inf,inf,624.1193796061776,inf
7,126,inf,inf,inf,1059.2643673795508,inf
7,127,inf,inf,inf,516.2363799656123,inf
7,128,inf,inf,inf,592.6356384828708,inf
7,129,inf,inf,inf,753.0763573503021,inf
7,130,inf,inf,inf,671.2525605165316,inf
7,131,inf,inf,inf,1429.6188303180677,inf
7,132,inf,inf,inf,1082.014787329637,inf
7,133,inf,inf,inf,734.292857108116,inf
7,134,inf,inf,inf,146.696966567138,inf
7,135,inf,inf,inf,1388.0878934707268,inf
7,136,inf,inf,inf,182.70194306574848,inf
7,137,inf,inf,inf,427.9836445473121,inf
7,138,inf,inf,inf,173.08090593707902,inf
7,139,inf,inf,inf,1209.9260307969244,inf
7,140,inf,inf,inf,1459.496145935302,inf
7,141,inf,inf,inf,773.6853365548554,inf
7,142,inf,inf,inf,333.6240399012038,inf
7,143,inf,inf,inf,794.534454885375,inf
7,144,inf,inf,inf,799.9031191338111,inf
7,145,inf,inf,inf,876.6413177577247,inf
7,146,inf,inf,inf,738.8315098857114,inf
7,147,inf,inf,inf,812.9268109737801,inf
7,148,inf,inf,inf,1005.9443324558273,inf
7,149,inf,inf,inf,430.7957752810489,inf
7,150,inf,inf,inf,821.8041129125602,inf
7,151,inf,inf,inf,1369.7255199491613,inf
7,152,inf,inf,inf,365.3833603217311,inf
7,153,inf,inf,inf,564.7955382260026,inf
7,154,inf,inf,inf,188.74321179846442,inf
7,155,inf,inf,inf,816.0618849082464,inf
7,156,inf,inf,inf,592.0481399345833,inf
7,157,inf,inf,inf,900.4099066536307,inf
7,158,inf,inf,inf,957.1023978655576,inf
7,159,inf,inf,inf,683.05197459637,inf
7,160,inf,inf,inf,332.05120087119093,inf
7,161,inf,inf,inf,379.68407920269715,inf
8,9,inf,inf,inf,919.0179541227691,inf
8,10,inf,inf,inf,714.0175067881739,inf
8,11,inf,inf,inf,954.7544186857687,inf
8,12,inf,inf,inf,664.6036412780177,inf
8,13,inf,inf,inf,554.1091950148455,inf
8,14,inf,inf,inf,734.917682465186,inf
8,15,inf,inf,inf,691.5959803237726,inf
8,16,inf,inf,inf,246.13004692641653,inf
8,17,inf,inf,inf,100.80674580602232,inf
8,18,inf,inf,inf,667.0059969745399,inf
8,19,inf,inf,inf,575.4624227523461,inf
8,20,inf,inf,inf,855.1473557229772,inf
8,21,inf,inf,inf,395.15313487305144,inf
8,22,inf,inf,inf,1109.9103567405793,inf
8,23,inf,inf,inf,980.5600440564565,inf
8,24,inf,inf,inf,777.6297319418799,inf
8,25,inf,inf,inf,1381.2041847605299,inf
8,26,inf,inf,inf,1010.2955013262209,inf
8,27,inf,inf,inf,1215.7684812496168,inf
8,28,inf,inf,inf,870.5090464779789,inf
8,29,inf,inf,inf,1079.3229359186248,inf
8,30,inf,inf,inf,963.7639752553526,inf
8,31,inf,inf,inf,1054.1712384617597,inf
8,32,inf,inf,inf,366.87463798959993,inf
8,33,inf,inf,inf,549.7417575553088,inf
8,34,inf,inf,inf,722.5766395338283,inf
8,35,inf,inf,inf,343.04810158343685,inf
8,36,inf,inf,inf,1150.655899911003,inf
8,37,inf,inf,inf,416.62093082321246,inf
8,38,inf,inf,inf,1335.4838074645459,inf
8,39,inf,inf,inf,1201.923874461274,inf
8,40,inf,inf,inf,552.826374189944,inf
8,41,inf,inf,inf,620.7817651961115,inf
8,42,inf,inf,inf,102.3132444994293,inf
8,43,inf,inf,inf,496.4614788681998,inf
8,44,inf,inf,inf,642.870126853006,inf
8,45,inf,inf,inf,1162.6246169766061,inf
8,46,inf,inf,inf,778.0546253316666,inf
8,47,inf,inf,inf,495.0646422438185,inf
8,48,inf,inf,inf,1185.8469547121163,inf
8,49,inf,inf,inf,1204.1233325536052,inf
8,50,inf,inf,inf,1383.4308800948459,inf
8,51,inf,inf,inf,1322.682879604934,inf
8,52,inf,inf,inf,1242.6186060091004,inf
8,53,inf,inf,inf,1245.0510029713641,inf
8,54,inf,inf,inf,491.2758899030157,inf
8,55,inf,inf,inf,108.2450922675019,inf
8,56,inf,inf,inf,398.1205847478877,inf
8,57,inf,inf,inf,844.1954749937955,inf
8,58,inf,inf,inf,1183.57298042833,inf
8,59,inf,inf,inf,814.8631786993446,inf
8,60,inf,inf,inf,940.5556868149806,inf
8,61,inf,inf,inf,974.7456078382708,inf
8,62,inf,inf,inf,1213.1434375208894,inf
8,63,inf,inf,inf,701.9009901688414,inf
8,64,inf,inf,inf,1097.7545262944718,inf
8,65,inf,inf,inf,665.3675675895241,inf
8,66,inf,inf,inf,1362.3817379868244,inf
8,67,inf,inf,inf,291.23358322830836,inf
8,68,inf,inf,inf,564.4616904626921,inf
8,69,inf,inf,inf,1012.3186257300613,inf
8,70,inf,inf,inf,618.2313482831488,inf
8,71,inf,inf,inf,1052.838544127256,inf
8,72,inf,inf,inf,1215.6644273811748,inf
8,73,inf,inf,inf,1310.4640399492082,inf
8,74,inf,inf,inf,867.9521876232584,inf
8,75,inf,inf,inf,1165.6230093816782,inf
8,76,inf,inf,inf,452.41794836191013,inf
8,77,inf,inf,inf,826.3776376451628,inf
8,78,inf,inf,inf,1009.3819891398895,inf
8,79,inf,inf,inf,863.958911060011,inf
8,80,inf,inf,inf,303.59183124715327,inf
8,81,inf,inf,inf,727.6022264946693,inf
8,82,inf,inf,inf,1172.6913489917115,inf
8,83,inf,inf,inf,525.0,inf
8,84,inf,inf,inf,1309.98664115326,inf
8,85,inf,inf,inf,574.7390712314589,inf
8,86,inf,inf,inf,682.0975003619351,inf
8,87,inf,inf,inf,946.8225810572961,inf
8,88,inf,inf,inf,226.56566377101365,inf
8,89,inf,inf,inf,589.4896097472796,inf
8,90,inf,inf,inf,286.0,inf
8,91,inf,inf,inf,976.0379090998464,inf
8,92,inf,inf,inf,715.4704745829838,inf
8,93,inf,inf,inf,1266.6874121108176,inf
8,94,inf,inf,inf,832.0510801627506,inf
8,95,inf,inf,inf,1177.7796907741279,inf
8,96,inf,inf,inf,1042.468704566233,inf
8,97,inf,inf,inf,389.0115679513914,inf
8,98,inf,inf,inf,1059.5414102336915,inf
8,99,inf,inf,inf,1168.7822722817111,inf
8,100,inf,inf,inf,1121.2194254471335,inf
8,101,inf,inf,inf,395.53508061864756,inf
8,102,inf,inf,inf,1065.3961704455296,inf
8,103,inf,inf,inf,342.96501279285036,inf
8,104,inf,inf,inf,641.346240341362,inf
8,105,inf,inf,inf,1067.440396462491,inf
8,106,inf,inf,inf,823.6485901159547,inf
8,107,inf,inf,inf,703.8309456112313,inf
8,108,inf,inf,inf,800.7821176824567,inf
8,109,inf,inf,inf,99.31767214348109,inf
8,110,inf,inf,inf,1041.9332992087354,inf
8,111,inf,inf,inf,834.7574498020368,inf
8,112,inf,inf,inf,602.9543929684897,inf
8,113,inf,inf,inf,770.3200633502934,inf
8,114,inf,inf,inf,628.9197087069223,inf
8,115,inf,inf,inf,482.8270912034659,inf
8,116,inf,inf,inf,638.7879147260066,inf
8,117,inf,inf,inf,724.1470845070081,inf
8,118,inf,inf,inf,1354.7475779642493,inf
8,119,inf,inf,inf,1116.216824814964,inf
8,120,inf,inf,inf,1123.797134717828,inf
8,121,inf,inf,inf,101.59232254457027,inf
8,122,inf,inf,inf,634.4336056672912,inf
8,123,inf,inf,inf,874.8874213291674,inf
8,124,inf,inf,inf,1114.7039965838464,inf
8,125,inf,inf,inf,694.5365361159916,inf
8,126,inf,inf,inf,304.8688242506931,inf
8,127,inf,inf,inf,1219.8311358544674,inf
8,128,inf,inf,inf,1196.2177895349994,inf
8,129,inf,inf,inf,1258.1271795808243,inf
8,130,inf,inf,inf,558.5158905528114,inf
8,131,inf,inf,inf,993.290491246141,inf
8,132,inf,inf,inf,310.3868553917836,inf
8,133,inf,inf,inf,777.2888780884492,inf
8,134,inf,inf,inf,1046.3574914913163,inf
8,135,inf,inf,inf,765.2163092877726,inf
8,136,inf,inf,inf,1276.0141065050966,inf
8,137,inf,inf,inf,937.0005336177776,inf
8,138,inf,inf,inf,1018.5700761361488,inf
8,139,inf,inf,inf,840.8525435532678,inf
8,140,inf,inf,inf,482.9171771639522,inf
8,141,inf,inf,inf,738.4233203251371,inf
8,142,inf,inf,inf,1240.2648910615828,inf
8,143,inf,inf,inf,1047.4640805297336,inf
8,144,inf,inf,inf,578.1046618044176,inf
8,145,inf,inf,inf,525.543528168695,inf
8,146,inf,inf,inf,859.1437597980911,inf
8,147,inf,inf,inf,942.8138734660198,inf
8,148,inf,inf,inf,570.0561375864661,inf
8,149,inf,inf,inf,1182.3269429392194,inf
8,150,inf,inf,inf,702.3175919767352,inf
8,151,inf,inf,inf,1086.1915116589707,inf
8,152,inf,inf,inf,964.6268708676946,inf
8,153,inf,inf,inf,1317.3739028840673,inf
8,154,inf,inf,inf,1069.253945515283,inf
8,155,inf,inf,inf,822.7545198903498,inf
8,156,inf,inf,inf,626.2531437046844,inf
8,157,inf,inf,inf,1017.5195329820455,inf
8,158,inf,inf,inf,1261.803867484959,inf
8,159,inf,inf,inf,1375.9651158368806,inf
8,160,inf,inf,inf,1002.27042259063,inf
8,161,inf,inf,inf,1056.0,inf
9,10,inf,inf,inf,451.80637445702337,inf
9,11,inf,inf,inf,112.29425630903836,inf
9,12,inf,inf,inf,820.5485969764375,inf
9,13,inf,inf,inf,549.81542357413,inf
9,14,inf,inf,inf,312.8226334522488,inf
9,15,inf,inf,inf,452.10286440145455,inf
9,16,inf,inf,inf,970.6832645101078,inf
9,17,inf,inf,inf,954.0649873043241,inf
9,18,inf,inf,inf,888.2032425070289,inf
9,19,inf,inf,inf,948.274749215648,inf
9,20,inf,inf,inf,363.3689584981084,inf
9,21,inf,inf,inf,1040.3864666555405,inf
9,22,inf,inf,inf,496.85510966477943,inf
9,23,inf,inf,inf,464.2628565801921,inf
9,24,inf,inf,inf,343.1180554852805,inf
9,25,inf,inf,inf,536.6982392369105,inf
9,26,inf,inf,inf,341.4630287454265,inf
9,27,inf,inf,inf,775.2580215644338,inf
9,28,inf,inf,inf,410.8965806623365,inf
9,29,inf,inf,inf,328.27427556846425,inf
9,30,inf,inf,inf,460.3140232493466,inf
9,31,inf,inf,inf,135.51752654177244,inf
9,32,inf,inf,inf,711.2137512731317,inf
9,33,inf,inf,inf,822.2469215509415,inf
9,34,inf,inf,inf,199.090431713832,inf
9,35,inf,inf,inf,790.7667165479336,inf
9,36,inf,inf,inf,336.38222307369335,inf
9,37,inf,inf,inf,637.5303914324398,inf
9,38,inf,inf,inf,631.5892652665972,inf
9,39,inf,inf,inf,406.8722158122867,inf
9,40,inf,inf,inf,647.4233545370448,inf
9,41,inf,inf,inf,358.150806225534,inf
9,42,inf,inf,inf,816.7802642081896,inf
9,43,inf,inf,inf,621.3919857867496,inf
9,44,inf,inf,inf,1016.7556245234151,inf
9,45,inf,inf,inf,814.465468881278,inf
9,46,inf,inf,inf,332.8858663265835,inf
9,47,inf,inf,inf,811.7419540716126,inf
9,48,inf,inf,inf,589.1256232757153,inf
9,49,inf,inf,inf,521.9434835305448,inf
9,50,inf,inf,inf,488.2714409014723,inf
9,51,inf,inf,inf,655.5364215663383,inf
9,52,inf,inf,inf,544.3537452796664,inf
9,53,inf,inf,inf,749.0327095661444,inf
9,54,inf,inf,inf,896.3537248207317,inf
9,55,inf,inf,inf,1004.0044820617087,inf
9,56,inf,inf,inf,767.8137795064634,inf
9,57,inf,inf,inf,297.3213749463701,inf
9,58,inf,inf,inf,316.09650425147066,inf
9,59,inf,inf,inf,856.7216584165478,inf
9,60,inf,inf,inf,930.0994570474708,inf
9,61,inf,inf,inf,704.5516304714652,inf
9,62,inf,inf,inf,780.010897359774,inf
9,63,inf,inf,inf,227.55438910291315,inf
9,64,inf,inf,inf,285.8198733468336,inf
9,65,inf,inf,inf,297.3213749463701,inf
9,66,inf,inf,inf,578.3165223301164,inf
9,67,inf,inf,inf,961.4390256277306,inf
9,68,inf,inf,inf,623.0770417853638,inf
9,69,inf,inf,inf,542.1374364494671,inf
9,70,inf,inf,inf,459.96956421050294,inf
9,71,inf,inf,inf,883.5298523536146,inf
9,72,inf,inf,inf,332.2318467576521,inf
9,73,inf,inf,inf,456.1863654253599,inf
9,74,inf,inf,inf,77.33692520394123,inf
9,75,inf,inf,inf,576.9445380623687,inf
9,76,inf,inf,inf,538.9359887778882,inf
9,77,inf,inf,inf,977.2215715998087,inf
9,78,inf,inf,inf,132.85330255586422,inf
9,79,inf,inf,inf,352.40459701882435,inf
9,80,inf,inf,inf,636.2342335964012,inf
9,81,inf,inf,inf,374.22586762542215,inf
9,82,inf,inf,inf,263.592488512097,inf
9,83,inf,inf,inf,401.9564653043909,inf
9,84,inf,inf,inf,576.1084967260941,inf
9,85,inf,inf,inf,587.7286788986904,inf
9,86,inf,inf,inf,263.7366110345699,inf
9,87,inf,inf,inf,313.9824835878588,inf
9,88,inf,inf,inf,905.1243008559653,inf
9,89,inf,inf,inf,466.9047011971501,inf
9,90,inf,inf,inf,1035.282570122766,inf
9,91,inf,inf,inf,73.59347797189639,inf
9,92,inf,inf,inf,982.8550249146616,inf
9,93,inf,inf,inf,727.2723011362388,inf
9,94,inf,inf,inf,233.0772404161333,inf
9,95,inf,inf,inf,462.3602491564343,inf
9,96,inf,inf,inf,366.3945960300179,inf
9,97,inf,inf,inf,927.4653632346601,inf
9,98,inf,inf,inf,155.59562975867928,inf
9,99,inf,inf,inf,542.779881720021,inf
9,100,inf,inf,inf,207.28000385951367,inf
9,101,inf,inf,inf,764.6397844737089,inf
9,102,inf,inf,inf,150.3362896974646,inf
9,103,inf,inf,inf,986.4020478486448,inf
9,104,inf,inf,inf,577.4088672682469,inf
9,105,inf,inf,inf,331.2416036671722,inf
9,106,inf,inf,inf,977.935069419233,inf
9,107,inf,inf,inf,231.0411218809327,inf
9,108,inf,inf,inf,119.00420160649792,inf
9,109,inf,inf,inf,1013.7149500722577,inf
9,110,inf,inf,inf,630.1341127093501,inf
9,111,inf,inf,inf,85.00588214941364,inf
9,112,inf,inf,inf,876.0296798625033,inf
9,113,inf,inf,inf,172.52536045462998,inf
9,114,inf,inf,inf,1022.8245206290276,inf
9,115,inf,inf,inf,896.0357135739624,inf
9,116,inf,inf,inf,323.82711436814554,inf
9,117,inf,inf,inf,788.9569063009716,inf
9,118,inf,inf,inf,445.0629169005209,inf
9,119,inf,inf,inf,842.4499985162324,inf
9,120,inf,inf,inf,205.19746587129188,inf
9,121,inf,inf,inf,1010.3588471429347,inf
9,122,inf,inf,inf,668.8647097881603,inf
9,123,inf,inf,inf,722.0318552529383,inf
9,124,inf,inf,inf,220.60145058453264,inf
9,125,inf,inf,inf,696.0208330215411,inf
9,126,inf,inf,inf,682.6953932758006,inf
9,127,inf,inf,inf,300.81555810828667,inf
9,128,inf,inf,inf,286.6443789785524,inf
9,129,inf,inf,inf,396.103521822263,inf
9,130,inf,inf,inf,377.7115301390732,inf
9,131,inf,inf,inf,906.5561207117847,inf
9,132,inf,inf,inf,954.066035450377,inf
9,133,inf,inf,inf,226.14154859291116,inf
9,134,inf,inf,inf,422.0639761931833,inf
9,135,inf,inf,inf,887.0005636976788,inf
9,136,inf,inf,inf,482.2468247692254,inf
9,137,inf,inf,inf,687.8371900384567,inf
9,138,inf,inf,inf,431.2690575499244,inf
9,139,inf,inf,inf,690.3948145807585,inf
9,140,inf,inf,inf,1036.2340469218332,inf
9,141,inf,inf,inf,273.30020124398004,inf
9,142,inf,inf,inf,363.5890537406207,inf
9,143,inf,inf,inf,304.6456958501137,inf
9,144,inf,inf,inf,812.4659992885856,inf
9,145,inf,inf,inf,446.5086785270808,inf
9,146,inf,inf,inf,214.46211786700232,inf
9,147,inf,inf,inf,293.393933134276,inf
9,148,inf,inf,inf,535.5987303943131,inf
9,149,inf,inf,inf,272.44265451650557,inf
9,150,inf,inf,inf,327.27358585745964,inf
9,151,inf,inf,inf,845.6252124907346,inf
9,152,inf,inf,inf,647.2441579496875,inf
9,153,inf,inf,inf,398.5423440489103,inf
9,154,inf,inf,inf,336.18149859859926,inf
9,155,inf,inf,inf,294.02891014320346,inf
9,156,inf,inf,inf,557.4845289333149,inf
9,157,inf,inf,inf,390.7377637239585,inf
9,158,inf,inf,inf,521.9434835305448,inf
9,159,inf,inf,inf,467.40346596917743,inf
9,160,inf,inf,inf,647.5801108743226,inf
9,161,inf,inf,inf,177.40913167027227,inf
10,11,inf,inf,inf,555.4790725130875,inf
10,12,inf,inf,inf,372.6459445640057,inf
10,13,inf,inf,inf,168.0773631397161,inf
10,14,inf,inf,inf,572.0707998141489,inf
10,15,inf,inf,inf,672.6009217953838,inf
10,16,inf,inf,inf,653.4408925067362,inf
10,17,inf,inf,inf,701.1711631263796,inf
10,18,inf,inf,inf,1016.0885788158432,inf
10,19,inf,inf,inf,1017.1263441677244,inf
10,20,inf,inf,inf,159.81239000778382,inf
10,21,inf,inf,inf,995.7534835490158,inf
10,22,inf,inf,inf,397.8341362930034,inf
10,23,inf,inf,inf,839.7886638911007,inf
10,24,inf,inf,inf,116.03878661895772,inf
10,25,inf,inf,inf,983.7164225527599,inf
10,26,inf,inf,inf,325.59176893772974,inf
10,27,inf,inf,inf,1161.1933516861006,inf
10,28,inf,inf,inf,159.9656213065795,inf
10,29,inf,inf,inf,410.47898850002053,inf
10,30,inf,inf,inf,249.899979991996,inf
10,31,inf,inf,inf,555.901070335361,inf
10,32,inf,inf,inf,708.3120781124659,inf
10,33,inf,inf,inf,396.30417610719167,inf
10,34,inf,inf,inf,384.66868861398115,inf
10,35,inf,inf,inf,772.9068507912192,inf
10,36,inf,inf,inf,787.6864858558893,inf
10,37,inf,inf,inf,662.6688464082192,inf
10,38,inf,inf,inf,1076.8918237223272,inf
10,39,inf,inf,inf,857.8822763060209,inf
10,40,inf,inf,inf,231.60310878742538,inf
10,41,inf,inf,inf,506.0207505626622,inf
10,42,inf,inf,inf,624.3116209073798,inf
10,43,inf,inf,inf,702.1289055437043,inf
10,44,inf,inf,inf,1097.4812071283955,inf
10,45,inf,inf,inf,1172.4013817801479,inf
10,46,inf,inf,inf,124.73972903610141,inf
10,47,inf,inf,inf,872.5732060979182,inf
10,48,inf,inf,inf,1008.2896409266535,inf
10,49,inf,inf,inf,958.8013350011565,inf
10,50,inf,inf,inf,913.5097153287425,inf
10,51,inf,inf,inf,1095.2666342037448,inf
10,52,inf,inf,inf,985.6946788940276,inf
10,53,inf,inf,inf,1150.3916724316114,inf
10,54,inf,inf,inf,487.8534616050193,inf
10,55,inf,inf,inf,759.4116143436312,inf
10,56,inf,inf,inf,782.6295419928895,inf
10,57,inf,inf,inf,187.55532517100121,inf
10,58,inf,inf,inf,561.3572837329182,inf
10,59,inf,inf,inf,1061.039584558465,inf
10,60,inf,inf,inf,1168.784839052937,inf
10,61,inf,inf,inf,1018.6363433532106,inf
10,62,inf,inf,inf,1163.9286919738684,inf
10,63,inf,inf,inf,409.89022920777217,inf
10,64,inf,inf,inf,735.740443363011,inf
10,65,inf,inf,inf,475.8245474962384,inf
10,66,inf,inf,inf,1030.0917434869575,inf
10,67,inf,inf,inf,625.2887333064622,inf
10,68,inf,inf,inf,747.4663872041338,inf
10,69,inf,inf,inf,912.1677477306463,inf
10,70,inf,inf,inf,625.7930967979752,inf
10,71,inf,inf,inf,1181.4203316347657,inf
10,72,inf,inf,inf,774.1505021635005,inf
10,73,inf,inf,inf,658.0645864958849,inf
10,74,inf,inf,inf,466.7697505194611,inf
10,75,inf,inf,inf,992.7869862160765,inf
10,76,inf,inf,inf,570.0745565274774,inf
10,77,inf,inf,inf,1152.856018763835,inf
10,78,inf,inf,inf,584.6545988872405,inf
10,79,inf,inf,inf,696.3734630211005,inf
10,80,inf,inf,inf,420.3724539024887,inf
10,81,inf,inf,inf,77.89736837660179,inf
10,82,inf,inf,inf,690.1594018775662,inf
10,83,inf,inf,inf,302.3177136722227,inf
10,84,inf,inf,inf,1024.1923647440456,inf
10,85,inf,inf,inf,174.9514218290323,inf
10,86,inf,inf,inf,446.0044842823892,inf
10,87,inf,inf,inf,709.2037788957416,inf
10,88,inf,inf,inf,813.6590194915804,inf
10,89,inf,inf,inf,609.4792859482593,inf
10,90,inf,inf,inf,937.8683276451977,inf
10,91,inf,inf,inf,524.6379704138845,inf
10,92,inf,inf,inf,1107.0289065783243,inf
10,93,inf,inf,inf,1139.8359531090427,inf
10,94,inf,inf,inf,576.9870015866909,inf
10,95,inf,inf,inf,903.2840084934527,inf
10,96,inf,inf,inf,788.3159265167741,inf
10,97,inf,inf,inf,553.2964847168288,inf
10,98,inf,inf,inf,598.8363716408682,inf
10,99,inf,inf,inf,455.76419341584966,inf
10,100,inf,inf,inf,632.1550442731593,inf
10,101,inf,inf,inf,778.237110397596,inf
10,102,inf,inf,inf,535.5613877045282,inf
10,103,inf,inf,inf,933.0251872270115,inf
10,104,inf,inf,inf,753.2861342146157,inf
10,105,inf,inf,inf,768.0208330507709,inf
10,106,inf,inf,inf,1152.1545035280642,inf
10,107,inf,inf,inf,423.79830108201236,inf
10,108,inf,inf,inf,396.94458051471116,inf
10,109,inf,inf,inf,784.8471188709302,inf
10,110,inf,inf,inf,349.4939198326632,inf
10,111,inf,inf,inf,411.41827864109297,inf
10,112,inf,inf,inf,976.527009355092,inf
10,113,inf,inf,inf,446.37428241331287,inf
10,114,inf,inf,inf,1095.231938906093,inf
10,115,inf,inf,inf,490.06224094496406,inf
10,116,inf,inf,inf,478.2896611886985,inf
10,117,inf,inf,inf,968.5143261717918,inf
10,118,inf,inf,inf,761.231896336458,inf
10,119,inf,inf,inf,1176.0344382712608,inf
10,120,inf,inf,inf,596.9128914674234,inf
10,121,inf,inf,inf,815.5807746630618,inf
10,122,inf,inf,inf,224.26992665089986,inf
10,123,inf,inf,inf,302.00165562460086,inf
10,124,inf,inf,inf,664.2650073577563,inf
10,125,inf,inf,inf,244.40130932546168,inf
10,126,inf,inf,inf,628.485481136995,inf
10,127,inf,inf,inf,685.6128645234131,inf
10,128,inf,inf,inf,710.1732183066325,inf
10,129,inf,inf,inf,842.8671306914275,inf
10,130,inf,inf,inf,266.6927070618917,inf
10,131,inf,inf,inf,1173.9356881873896,inf
10,132,inf,inf,inf,610.063111489295,inf
10,133,inf,inf,inf,522.5562170714267,inf
10,134,inf,inf,inf,341.1231449198368,inf
10,135,inf,inf,inf,1060.696469306842,inf
10,136,inf,inf,inf,593.9739051507229,inf
10,137,inf,inf,inf,305.92973049378514,inf
10,138,inf,inf,inf,309.57067044537666,inf
10,139,inf,inf,inf,948.7728916869411,inf
10,140,inf,inf,inf,1035.5172620482963,inf
10,141,inf,inf,inf,533.7883475685845,inf
10,142,inf,inf,inf,616.344059758833,inf
10,143,inf,inf,inf,740.7091196954443,inf
10,144,inf,inf,inf,379.38107491017524,inf
10,145,inf,inf,inf,516.7368769499618,inf
10,146,inf,inf,inf,580.9070493633211,inf
10,147,inf,inf,inf,691.3645926716235,inf
10,148,inf,inf,inf,666.9790101644878,inf
10,149,inf,inf,inf,613.7393583598823,inf
10,150,inf,inf,inf,557.3589507669183,inf
10,151,inf,inf,inf,1166.9468711128197,inf
10,152,inf,inf,inf,299.36265632172626,inf
10,153,inf,inf,inf,778.8074216390082,inf
10,154,inf,inf,inf,394.89872119316874,inf
10,155,inf,inf,inf,622.8274239305781,inf
10,156,inf,inf,inf,125.25174649480941,inf
10,157,inf,inf,inf,798.2537190643085,inf
10,158,inf,inf,inf,969.4709897670997,inf
10,159,inf,inf,inf,877.5448706476495,inf
10,160,inf,inf,inf,325.909496639788,inf
10,161,inf,inf,inf,478.4610746967824,inf
11,12,inf,inf,inf,919.2877677854742,inf
11,13,inf,inf,inf,638.8935748620422,inf
11,14,inf,inf,inf,273.85397568777415,inf
11,15,inf,inf,inf,405.1777387764535,inf
11,16,inf,inf,inf,1031.2749390923839,inf
11,17,inf,inf,inf,999.9129962151707,inf
11,18,inf,inf,inf,841.3328711039406,inf
11,19,inf,inf,inf,914.8469817406625,inf
11,20,inf,inf,inf,475.14734556766706,inf
11,21,inf,inf,inf,1032.9191643105476,inf
11,22,inf,inf,inf,601.1031525453847,inf
11,23,inf,inf,inf,362.5051723768917,inf
11,24,inf,inf,inf,450.64398365006497,inf
11,25,inf,inf,inf,451.42551988118703,inf
11,26,inf,inf,inf,448.26443088873333,inf
11,27,inf,inf,inf,666.8320628164186,inf
11,28,inf,inf,inf,522.9168193890879,inf
11,29,inf,inf,inf,424.3795471037689,inf
11,30,inf,inf,inf,572.0113635234881,inf
11,31,inf,inf,inf,143.80890097626084,inf
11,32,inf,inf,inf,707.774681660767,inf
11,33,inf,inf,inf,912.8526715741156,inf
11,34,inf,inf,inf,240.16869071550522,inf
11,35,inf,inf,inf,786.5176412516123,inf
11,36,inf,inf,inf,235.07658326596462,inf
11,37,inf,inf,inf,632.0007911387453,inf
11,38,inf,inf,inf,522.498803826382,inf
11,39,inf,inf,inf,304.0148022712052,inf
11,40,inf,inf,inf,738.7726307870372,inf
11,41,inf,inf,inf,353.2392956623031,inf
11,42,inf,inf,inf,853.7259513450438,inf
11,43,inf,inf,inf,601.7524407927233,inf
11,44,inf,inf,inf,978.1543845426447,inf
11,45,inf,inf,inf,710.9796058959779,inf
11,46,inf,inf,inf,440.2737784606301,inf
11,47,inf,inf,inf,785.840314567788,inf
11,48,inf,inf,inf,477.1425363557519,inf
11,49,inf,inf,inf,410.20117015922807,inf
11,50,inf,inf,inf,429.29826461331055,inf
11,51,inf,inf,inf,544.5456821975545,inf
11,52,inf,inf,inf,433.60927111859587,inf
11,53,inf,inf,inf,638.4512510756009,inf
11,54,inf,inf,inf,981.0300708948732,inf
11,55,inf,inf,inf,1046.4420671972243,inf
11,56,inf,inf,inf,756.3279711871035,inf
11,57,inf,inf,inf,408.71750635371615,inf
11,58,inf,inf,inf,374.4769685841841,inf
11,59,inf,inf,inf,790.5099619865647,inf
11,60,inf,inf,inf,853.0797149153178,inf
11,61,inf,inf,inf,613.2283424630665,inf
11,62,inf,inf,inf,671.8935927659975,inf
11,63,inf,inf,inf,253.95472037353431,inf
11,64,inf,inf,inf,181.23189564753773,inf
11,65,inf,inf,inf,297.2036338943385,inf
11,66,inf,inf,inf,478.20497697117287,inf
11,67,inf,inf,inf,1026.7721266181704,inf
11,68,inf,inf,inf,590.7122819105762,inf
11,69,inf,inf,inf,439.87384555119894,inf
11,70,inf,inf,inf,430.92690795539795,inf
11,71,inf,inf,inf,792.7073861141954,inf
11,72,inf,inf,inf,262.6404386228442,inf
11,73,inf,inf,inf,509.5017173670762,inf
11,74,inf,inf,inf,97.45255255764212,inf
11,75,inf,inf,inf,465.2751873891407,inf
11,76,inf,inf,inf,541.2079082940307,inf
11,77,inf,inf,inf,915.2398592718741,inf
11,78,inf,inf,inf,56.0,inf
11,79,inf,inf,inf,268.7768591229535,inf
11,80,inf,inf,inf,688.8396039717809,inf
11,81,inf,inf,inf,477.582453614033,inf
11,82,inf,inf,inf,223.00896842952304,inf
11,83,inf,inf,inf,459.0,inf
11,84,inf,inf,inf,468.7739327223731,inf
11,85,inf,inf,inf,680.2977289393226,inf
11,86,inf,inf,inf,273.93612394133055,inf
11,87,inf,inf,inf,211.87968283910564,inf
11,88,inf,inf,inf,914.0547029581983,inf
11,89,inf,inf,inf,444.6234361794259,inf
11,90,inf,inf,inf,1041.1071030398361,inf
11,91,inf,inf,inf,65.86349520030045,inf
11,92,inf,inf,inf,934.011777227675,inf
11,93,inf,inf,inf,615.5493481435911,inf
11,94,inf,inf,inf,171.30382365843442,inf
11,95,inf,inf,inf,351.33032889290956,inf
11,96,inf,inf,inf,255.0,inf
11,97,inf,inf,inf,1002.7651768983604,inf
11,98,inf,inf,inf,114.54256850621083,inf
11,99,inf,inf,inf,643.7701453158572,inf
11,100,inf,inf,inf,181.0331461362808,inf
11,101,inf,inf,inf,753.6497860412354,inf
11,102,inf,inf,inf,185.9704277566732,inf
11,103,inf,inf,inf,982.8534987473972,inf
11,104,inf,inf,inf,533.0787934255122,inf
11,105,inf,inf,inf,219.10043359153812,inf
11,106,inf,inf,inf,916.2996234856806,inf
11,107,inf,inf,inf,251.03386225766437,inf
11,108,inf,inf,inf,176.1817243643619,inf
11,109,inf,inf,inf,1052.123566887464,inf
11,110,inf,inf,inf,741.6070388015476,inf
11,111,inf,inf,inf,150.0133327407934,inf
11,112,inf,inf,inf,836.8667755383768,inf
11,113,inf,inf,inf,184.6212338816963,inf
11,114,inf,inf,inf,986.1845669041876,inf
11,115,inf,inf,inf,980.0336728908859,inf
11,116,inf,inf,inf,325.1861005639694,inf
11,117,inf,inf,inf,731.7793383254271,inf
11,118,inf,inf,inf,457.18377049059825,inf
11,119,inf,inf,inf,743.8978424488137,inf
11,120,inf,inf,inf,213.88782106515555,inf
11,121,inf,inf,inf,1040.6848706500925,inf
11,122,inf,inf,inf,767.2352963726318,inf
11,123,inf,inf,inf,832.3268588721621,inf
11,124,inf,inf,inf,160.51479682571323,inf
11,125,inf,inf,inf,798.341405665521,inf
11,126,inf,inf,inf,694.3810193258454,inf
11,127,inf,inf,inf,292.5884481656786,inf
11,128,inf,inf,inf,246.01829200285087,inf
11,129,inf,inf,inf,314.8714023216462,inf
11,130,inf,inf,inf,442.7008018967212,inf
11,131,inf,inf,inf,822.8013125901052,inf
11,132,inf,inf,inf,1021.4538658206743,inf
11,133,inf,inf,inf,195.47378340841516,inf
11,134,inf,inf,inf,528.6548968845366,inf
11,135,inf,inf,inf,828.009661779378,inf
11,136,inf,inf,inf,556.1294813260668,inf
11,137,inf,inf,inf,799.7512113151189,inf
11,138,inf,inf,inf,540.2008885590619,inf
11,139,inf,inf,inf,614.9186938124421,inf
11,140,inf,inf,inf,1017.8334834342993,inf
11,141,inf,inf,inf,244.55878638887626,inf
11,142,inf,inf,inf,411.66126852061274,inf
11,143,inf,inf,inf,192.39802493788756,inf
11,144,inf,inf,inf,905.3667765055221,inf
11,145,inf,inf,inf,450.00444442249676,inf
11,146,inf,inf,inf,143.7358688706476,inf
11,147,inf,inf,inf,191.4627901186024,inf
11,148,inf,inf,inf,508.80251571705105,inf
11,149,inf,inf,inf,297.65920110085625,inf
11,150,inf,inf,inf,297.59368272864936,inf
11,151,inf,inf,inf,749.83731568921,inf
11,152,inf,inf,inf,759.5241931630618,inf
11,153,inf,inf,inf,380.4339627320358,inf
11,154,inf,inf,inf,434.8838925506439,inf
11,155,inf,inf,inf,225.86943130932968,inf
11,156,inf,inf,inf,654.6395955027468,inf
11,157,inf,inf,inf,281.99645387841315,inf
11,158,inf,inf,inf,414.13162158907886,inf
11,159,inf,inf,inf,422.2842644475401,inf
11,160,inf,inf,inf,759.7697019492157,inf
11,161,inf,inf,inf,250.06399181009647,inf
12,13,inf,inf,inf,298.21636440678435,inf
12,14,inf,inf,inf,878.495304483752,inf
12,15,inf,inf,inf,944.4262808710905,inf
12,16,inf,inf,inf,483.41493564018066,inf
12,17,inf,inf,inf,601.1755151368026,inf
12,18,inf,inf,inf,1185.3172571088298,inf
12,19,inf,inf,inf,1145.043667289593,inf
12,20,inf,inf,inf,510.34596108914195,inf
12,21,inf,inf,inf,1038.7107393302526,inf
12,22,inf,inf,inf,667.2218521601342,inf
12,23,inf,inf,inf,1164.560002747819,inf
12,24,inf,inf,inf,488.1085944746312,inf
12,25,inf,inf,inf,1355.3099276549258,inf
12,26,inf,inf,inf,661.0484097250367,inf
12,27,inf,inf,inf,1478.5550378663622,inf
12,28,inf,inf,inf,484.48735793620045,inf
12,29,inf,inf,inf,750.5144901998895,inf
12,30,inf,inf,inf,529.7971309850592,inf
12,31,inf,inf,inf,928.4917877935162,inf
12,32,inf,inf,inf,839.5981181493918,inf
12,33,inf,inf,inf,117.51595636338071,inf
12,34,inf,inf,inf,717.7917525299382,inf
12,35,inf,inf,inf,877.7630659807919,inf
12,36,inf,inf,inf,1153.8583101923737,inf
12,37,inf,inf,inf,825.4847060969694,inf
12,38,inf,inf,inf,1434.9442497881232,inf
12,39,inf,inf,inf,1223.2763383634951,inf
12,40,inf,inf,inf,201.42740627829173,inf
12,41,inf,inf,inf,782.9712638405065,inf
12,42,inf,inf,inf,616.2028886657381,inf
12,43,inf,inf,inf,891.5178068889034,inf
12,44,inf,inf,inf,1224.4917312909874,inf
12,45,inf,inf,inf,1472.5522062052673,inf
12,46,inf,inf,inf,497.1810535408605,inf
12,47,inf,inf,inf,1015.7977160832761,inf
12,48,inf,inf,inf,1349.4372901324464,inf
12,49,inf,inf,inf,1311.7259622344905,inf
12,50,inf,inf,inf,1285.793529303986,inf
12,51,inf,inf,inf,1448.5758523460206,inf
12,52,inf,inf,inf,1341.3772772788423,inf
12,53,inf,inf,inf,1477.4471225732582,inf
12,54,inf,inf,inf,209.88091861815357,inf
12,55,inf,inf,inf,654.1842248174439,inf
12,56,inf,inf,inf,909.8054737140242,inf
12,57,inf,inf,inf,555.4277630799527,inf
12,58,inf,inf,inf,915.9743446188872,inf
12,59,inf,inf,inf,1275.3195677946762,inf
12,60,inf,inf,inf,1396.1894570580312,inf
12,61,inf,inf,inf,1301.1321992787666,inf
12,62,inf,inf,inf,1479.9881756284406,inf
12,63,inf,inf,inf,732.3011675533503,inf
12,64,inf,inf,inf,1100.5166968292667,inf
12,65,inf,inf,inf,774.8161072151249,inf
12,66,inf,inf,inf,1397.0289903935422,inf
12,67,inf,inf,inf,435.72583122876705,inf
12,68,inf,inf,inf,954.2311040832824,inf
12,69,inf,inf,inf,1230.4491050019094,inf
12,70,inf,inf,inf,880.2181547775529,inf
12,71,inf,inf,inf,1444.896190042731,inf
12,72,inf,inf,inf,1146.3516040028906,inf
12,73,inf,inf,inf,992.5008816116991,inf
12,74,inf,inf,inf,825.9497563411469,inf
12,75,inf,inf,inf,1332.3651901787287,inf
12,76,inf,inf,inf,764.0418836686899,inf
12,77,inf,inf,inf,1340.4723048239377,inf
12,78,inf,inf,inf,952.8494109774115,inf
12,79,inf,inf,inf,1018.0240665131645,inf
12,80,inf,inf,inf,485.2071722470722,inf
12,81,inf,inf,inf,448.06807518501023,inf
12,82,inf,inf,inf,1062.800545728125,inf
12,83,inf,inf,inf,548.1541753922887,inf
12,84,inf,inf,inf,1385.24257803462,inf
12,85,inf,inf,inf,248.64633518312712,inf
12,86,inf,inf,inf,755.8604368532593,inf
12,87,inf,inf,inf,1049.7337757736482,inf
12,88,inf,inf,inf,849.2596776016155,inf
12,89,inf,inf,inf,855.8621384311845,inf
12,90,inf,inf,inf,944.5940927191955,inf
12,91,inf,inf,inf,893.9910514093527,inf
12,92,inf,inf,inf,1263.8797411146363,inf
12,93,inf,inf,inf,1474.102099584693,inf
12,94,inf,inf,inf,911.4521380741833,inf
12,95,inf,inf,inf,1259.662256321114,inf
12,96,inf,inf,inf,1136.7079660141385,inf
12,97,inf,inf,inf,323.4872485894923,inf
12,98,inf,inf,inf,970.3865209286453,inf
12,99,inf,inf,inf,710.4435234415189,inf
12,100,inf,inf,inf,1004.7989848720987,inf
12,101,inf,inf,inf,905.4512687052794,inf
12,102,inf,inf,inf,907.8265252789213,inf
12,103,inf,inf,inf,978.5157126995969,inf
12,104,inf,inf,inf,988.5873760067949,inf
12,105,inf,inf,inf,1124.1748084706398,inf
12,106,inf,inf,inf,1338.884983857837,inf
12,107,inf,inf,inf,744.7791618996869,inf
12,108,inf,inf,inf,750.5851051013469,inf
12,109,inf,inf,inf,691.5562160808042,inf
12,110,inf,inf,inf,503.06361426761924,inf
12,111,inf,inf,inf,770.7671503119474,inf
12,112,inf,inf,inf,1131.9823320175983,inf
12,113,inf,inf,inf,784.8726011270874,inf
12,114,inf,inf,inf,1216.4250901720172,inf
12,115,inf,inf,inf,217.375251581223,inf
12,116,inf,inf,inf,766.7515894994937,inf
12,117,inf,inf,inf,1176.6346076841357,inf
12,118,inf,inf,inf,1118.0040250374773,inf
12,119,inf,inf,inf,1461.4191732695997,inf
12,120,inf,inf,inf,968.7362902255701,inf
12,121,inf,inf,inf,752.2134005719388,inf
12,122,inf,inf,inf,152.0526224699857,inf
12,123,inf,inf,inf,267.8544380815819,inf
12,124,inf,inf,inf,1036.004343620238,inf
12,125,inf,inf,inf,135.69450983735487,inf
12,126,inf,inf,inf,743.6376805945218,inf
12,127,inf,inf,inf,1055.682717486651,inf
12,128,inf,inf,inf,1082.7488166698683,inf
12,129,inf,inf,inf,1214.3846178208944,inf
12,130,inf,inf,inf,533.8557857699025,inf
12,131,inf,inf,inf,1419.0278362315519,inf
12,132,inf,inf,inf,412.9818397944394,inf
12,133,inf,inf,inf,850.8818954473059,inf
12,134,inf,inf,inf,643.6101304361205,inf
12,135,inf,inf,inf,1255.440161855594,inf
12,136,inf,inf,inf,907.0049613976762,inf
12,137,inf,inf,inf,353.2760959929217,inf
12,138,inf,inf,inf,606.515457346307,inf
12,139,inf,inf,inf,1205.497822478332,inf
12,140,inf,inf,inf,1108.4534270775655,inf
12,141,inf,inf,inf,848.212827066415,inf
12,142,inf,inf,inf,967.7256842721495,inf
12,143,inf,inf,inf,1097.0893309115718,inf
12,144,inf,inf,inf,87.04596486914255,inf
12,145,inf,inf,inf,751.5969664654056,inf
12,146,inf,inf,inf,921.7081967737946,inf
12,147,inf,inf,inf,1033.9613145567876,inf
12,148,inf,inf,inf,894.1330997116704,inf
12,149,inf,inf,inf,980.6003263307636,inf
12,150,inf,inf,inf,855.5325826641555,inf
12,151,inf,inf,inf,1445.3823023684772,inf
12,152,inf,inf,inf,407.0,inf
12,153,inf,inf,inf,1146.867036757095,inf
12,154,inf,inf,inf,732.0997199835552,inf
12,155,inf,inf,inf,946.6789318454278,inf
12,156,inf,inf,inf,264.87166703896435,inf
12,157,inf,inf,inf,1139.670127712401,inf
12,158,inf,inf,inf,1330.3251482250496,inf
12,159,inf,inf,inf,1248.5519612735386,inf
12,160,inf,inf,inf,448.0401767698964,inf
12,161,inf,inf,inf,847.56710648774,inf
13,14,inf,inf,inf,580.331801644542,inf
13,15,inf,inf,inf,651.1052142319243,inf
13,16,inf,inf,inf,486.0257194840619,inf
13,17,inf,inf,inf,535.0448579324915,inf
13,18,inf,inf,inf,934.1402464298388,inf
13,19,inf,inf,inf,915.8951905103553,inf
13,20,inf,inf,inf,325.0384592629002,inf
13,21,inf,inf,inf,862.7774915932845,inf
13,22,inf,inf,inf,564.5617769562513,inf
13,23,inf,inf,inf,866.5062030937805,inf
13,24,inf,inf,inf,263.38754716197195,inf
13,25,inf,inf,inf,1085.7053007147013,inf
13,26,inf,inf,inf,490.493628908674,inf
13,27,inf,inf,inf,1180.4609269264274,inf
13,28,inf,inf,inf,327.96493715029965,inf
13,29,inf,inf,inf,572.5879845054383,inf
13,30,inf,inf,inf,415.234873294621,inf
13,31,inf,inf,inf,671.2883136179267,inf
13,32,inf,inf,inf,602.846580814721,inf
13,33,inf,inf,inf,273.97992627198073,inf
13,34,inf,inf,inf,423.60830964465276,inf
13,35,inf,inf,inf,657.7423507727019,inf
13,36,inf,inf,inf,873.6704184073077,inf
13,37,inf,inf,inf,571.233752504174,inf
13,38,inf,inf,inf,1145.2659079881842,inf
13,39,inf,inf,inf,941.4881836751856,inf
13,40,inf,inf,inf,101.24228365658294,inf
13,41,inf,inf,inf,487.1231877051225,inf
13,42,inf,inf,inf,469.83507744739535,inf
13,43,inf,inf,inf,625.9912139958516,inf
13,44,inf,inf,inf,996.8395056376929,inf
13,45,inf,inf,inf,1176.1653795278962,inf
13,46,inf,inf,inf,268.49581002317336,inf
13,47,inf,inf,inf,776.0425246080268,inf
13,48,inf,inf,inf,1053.190391144925,inf
13,49,inf,inf,inf,1019.6165946079929,inf
13,50,inf,inf,inf,1032.8068551282954,inf
13,51,inf,inf,inf,1156.1595910599885,inf
13,52,inf,inf,inf,1050.6074433393283,inf
13,53,inf,inf,inf,1179.308695804453,inf
13,54,inf,inf,inf,347.80598039711737,inf
13,55,inf,inf,inf,593.4711450441378,inf
13,56,inf,inf,inf,677.1063431987623,inf
13,57,inf,inf,inf,338.74031351464504,inf
13,58,inf,inf,inf,713.7534588357523,inf
13,59,inf,inf,inf,1004.0363539235021,inf
13,60,inf,inf,inf,1120.4445546299914,inf
13,61,inf,inf,inf,1007.552480022753,inf
13,62,inf,inf,inf,1181.9576980586064,inf
13,63,inf,inf,inf,435.5869603190619,inf
13,64,inf,inf,inf,818.9993894991619,inf
13,65,inf,inf,inf,476.7147994346305,inf
13,66,inf,inf,inf,1116.2602743088191,inf
13,67,inf,inf,inf,459.5737155234185,inf
13,68,inf,inf,inf,682.2814668448792,inf
13,69,inf,inf,inf,932.240312365862,inf
13,70,inf,inf,inf,590.4481348941666,inf
13,71,inf,inf,inf,1156.8370671792982,inf
13,72,inf,inf,inf,881.8191424549594,inf
13,73,inf,inf,inf,818.9877898967725,inf
13,74,inf,inf,inf,542.619572076054,inf
13,75,inf,inf,inf,1035.8223785958671,inf
13,76,inf,inf,inf,493.3041658044254,inf
13,77,inf,inf,inf,1081.7545932419239,inf
13,78,inf,inf,inf,678.3457820315535,inf
13,79,inf,inf,inf,719.9736106275008,inf
13,80,inf,inf,inf,275.0727176584403,inf
13,81,inf,inf,inf,210.77476129745705,inf
13,82,inf,inf,inf,806.5395216602842,inf
13,83,inf,inf,inf,252.90709756746645,inf
13,84,inf,inf,inf,1098.0163933202455,inf
13,85,1.0,56.3848,56.38477631085023,51.24451190127583,1.1003085836679893
13,86,inf,inf,inf,457.77068495044546,inf
13,87,inf,inf,inf,754.3606564502155,inf
13,88,inf,inf,inf,675.2873462460259,inf
13,89,inf,inf,inf,568.0079224799598,inf
13,90,inf,inf,inf,793.7512204715026,inf
13,91,inf,inf,inf,622.9454229705841,inf
13,92,inf,inf,inf,1020.0181370936499,inf
13,93,inf,inf,inf,1176.5066935636194,inf
13,94,inf,inf,inf,615.4445547732143,inf
13,95,inf,inf,inf,969.6927348392376,inf
13,96,inf,inf,inf,843.4334591418578,inf
13,97,inf,inf,inf,395.63746030930895,inf
13,98,inf,inf,inf,704.665168714901,inf
13,99,inf,inf,inf,621.6341367717831,inf
13,100,inf,inf,inf,748.2045174950496,inf
13,101,inf,inf,inf,672.63437319245,inf
13,102,inf,inf,inf,659.939391156491,inf
13,103,inf,inf,inf,799.8762404272301,inf
13,104,inf,inf,inf,706.1911922418744,inf
13,105,inf,inf,inf,834.8952030045448,inf
13,106,inf,inf,inf,1080.5785487413675,inf
13,107,inf,inf,inf,447.73317947188144,inf
13,108,inf,inf,inf,464.7848964843845,inf
13,109,inf,inf,inf,620.2717146541506,inf
13,110,inf,inf,inf,489.80812569821666,inf
13,111,inf,inf,inf,488.8813762049031,inf
13,112,inf,inf,inf,887.3246305608787,inf
13,113,inf,inf,inf,491.2107490680553,inf
13,114,inf,inf,inf,992.0892096984021,inf
13,115,inf,inf,inf,348.1278500780999,inf
13,116,inf,inf,inf,469.3154589399331,inf
13,117,inf,inf,inf,907.0446516021138,inf
13,118,inf,inf,inf,909.5141560195751,inf
13,119,inf,inf,inf,1167.7384124880025,inf
13,120,inf,inf,inf,722.9114745250624,inf
13,121,inf,inf,inf,655.2022588483651,inf
13,122,inf,inf,inf,158.25612152457168,inf
13,123,inf,inf,inf,362.30512003006527,inf
13,124,inf,inf,inf,770.1597236937283,inf
13,125,inf,inf,inf,216.02314690791817,inf
13,126,inf,inf,inf,513.5172830587107,inf
13,127,inf,inf,inf,816.6057800432226,inf
13,128,inf,inf,inf,828.2656578658806,inf
13,129,inf,inf,inf,945.556449927766,inf
13,130,inf,inf,inf,235.8495283014151,inf
13,131,inf,inf,inf,1136.81352912428,inf
13,132,inf,inf,inf,445.4088009907303,inf
13,133,inf,inf,inf,554.1236324142835,inf
13,134,inf,inf,inf,509.2003534955568,inf
13,135,inf,inf,inf,992.6051581570589,inf
13,136,inf,inf,inf,760.1480119029451,inf
13,137,inf,inf,inf,402.95036915233123,inf
13,138,inf,inf,inf,477.45994596405677,inf
13,139,inf,inf,inf,918.1764536296931,inf
13,140,inf,inf,inf,913.0005476449617,inf
13,141,inf,inf,inf,550.1018087590696,inf
13,142,inf,inf,inf,770.0973964376194,inf
13,143,inf,inf,inf,808.1584003151858,inf
13,144,inf,inf,inf,268.06715576511795,inf
13,145,inf,inf,inf,465.21070494991835,inf
13,146,inf,inf,inf,627.251943002172,inf
13,147,inf,inf,inf,739.2597648999978,inf
13,148,inf,inf,inf,613.2087735836792,inf
13,149,inf,inf,inf,752.4745842883997,inf
13,150,inf,inf,inf,557.7212565430871,inf
13,151,inf,inf,inf,1153.2601614553414,inf
13,152,inf,inf,inf,419.07517225433435,inf
13,153,inf,inf,inf,913.2496920338928,inf
13,154,inf,inf,inf,558.1549963943708,inf
13,155,inf,inf,inf,648.928347354313,inf
13,156,inf,inf,inf,78.24321056807422,inf
13,157,inf,inf,inf,844.1214367613229,inf
13,158,inf,inf,inf,1043.2027607325433,inf
13,159,inf,inf,inf,1003.5163177547239,inf
13,160,inf,inf,inf,454.0319372026598,inf
13,161,inf,inf,inf,615.5038586394077,inf
14,15,inf,inf,inf,139.44532978913278,inf
14,16,inf,inf,inf,859.3881544447771,inf
14,17,inf,inf,inf,797.1963371717158,inf
14,18,inf,inf,inf,575.7751297164544,inf
14,19,inf,inf,inf,642.1409502593648,inf
14,20,inf,inf,inf,567.8952368174961,inf
14,21,inf,inf,inf,763.5247212762662,inf
14,22,inf,inf,inf,773.0465703953417,inf
14,23,inf,inf,inf,289.471933009057,inf
14,24,inf,inf,inf,506.6793858052644,inf
14,25,inf,inf,inf,649.7207092282036,inf
14,26,inf,inf,inf,616.8930215199391,inf
14,27,inf,inf,inf,600.1741413956453,inf
14,28,inf,inf,inf,615.3129285168645,inf
14,29,inf,inf,inf,627.3515760719821,inf
14,30,inf,inf,inf,694.7841391396323,inf
14,31,inf,inf,inf,413.05810729242444,inf
14,32,inf,inf,inf,444.190274544592,inf
14,33,inf,inf,inf,837.3386411721365,inf
14,34,inf,inf,inf,196.0025510038071,inf
14,35,inf,inf,inf,521.0470228299937,inf
14,36,inf,inf,inf,420.86221023037933,inf
14,37,inf,inf,inf,368.3055796482046,inf
14,38,inf,inf,inf,612.7846277445282,inf
14,39,inf,inf,inf,467.8471972770597,inf
14,40,inf,inf,inf,678.53150258481,inf
14,41,inf,inf,inf,118.2285921425101,inf
14,42,inf,inf,inf,639.577985862553,inf
14,43,inf,inf,inf,329.6209944769902,inf
14,44,inf,inf,inf,707.5040635925704,inf
14,45,inf,inf,inf,601.6311162165733,inf
14,46,inf,inf,inf,497.31780583445834,inf
14,47,inf,inf,inf,511.9892576998076,inf
14,48,inf,inf,inf,487.8001640016125,inf
14,49,inf,inf,inf,480.40503744236486,inf
14,50,inf,inf,inf,672.0751446081011,inf
14,51,inf,inf,inf,609.526045382804,inf
14,52,inf,inf,inf,517.2475229520196,inf
14,53,inf,inf,inf,600.3332407921454,inf
14,54,inf,inf,inf,880.2272433866154,inf
14,55,inf,inf,inf,835.8809723878155,inf
14,56,inf,inf,inf,486.5757906020397,inf
14,57,inf,inf,inf,505.35729934374154,inf
14,58,inf,inf,inf,627.6248879705138,inf
14,59,inf,inf,inf,549.801782463462,inf
14,60,inf,inf,inf,634.3004020178452,inf
14,61,inf,inf,inf,448.26443088873333,inf
14,62,inf,inf,inf,601.7781983422132,inf
14,63,inf,inf,inf,163.99085340347492,inf
14,64,inf,inf,inf,371.0485143481914,inf
14,65,inf,inf,inf,103.81714694596457,inf
14,66,inf,inf,inf,627.9394875304466,inf
14,67,inf,inf,inf,866.7392918288637,inf
14,68,inf,inf,inf,317.1703012578574,inf
14,69,inf,inf,inf,352.08095659947304,inf
14,70,inf,inf,inf,157.4102919125684,inf
14,71,inf,inf,inf,617.2787052863561,inf
14,72,inf,inf,inf,506.0355718721758,inf
14,73,inf,inf,inf,767.1896766771565,inf
14,74,inf,inf,inf,235.51008470976353,inf
14,75,inf,inf,inf,468.8464567425033,inf
14,76,inf,inf,inf,289.8309852310481,inf
14,77,inf,inf,inf,666.8882964934983,inf
14,78,inf,inf,inf,327.49351138610365,inf
14,79,inf,inf,inf,145.4269576110289,inf
14,80,inf,inf,inf,517.6717106429518,inf
14,81,inf,inf,inf,504.8336359633736,inf
14,82,inf,inf,inf,490.9511177296575,inf
14,83,inf,inf,inf,335.00597009605667,inf
14,84,inf,inf,inf,580.2801047769948,inf
14,85,inf,inf,inf,630.5370726610768,inf
14,86,inf,inf,inf,126.4792473095883,inf
14,87,inf,inf,inf,213.17832910500073,inf
14,88,inf,inf,inf,658.4010935592377,inf
14,89,inf,inf,inf,173.64907140552177,inf
14,90,inf,inf,inf,780.9250924384489,inf
14,91,inf,inf,inf,326.0337405852345,inf
14,92,inf,inf,inf,670.2014622484794,inf
14,93,inf,inf,inf,601.3626193903309,inf
14,94,inf,inf,inf,108.2266141020775,inf
14,95,inf,inf,inf,446.5344331627741,inf
14,96,inf,inf,inf,310.09837148879063,inf
14,97,inf,inf,inf,871.0556813430471,inf
14,98,inf,inf,inf,387.9226727068167,inf
14,99,inf,inf,inf,826.2808239333647,inf
14,100,inf,inf,inf,454.25213263120736,inf
14,101,inf,inf,inf,484.19004533344133,inf
14,102,inf,inf,inf,448.0546841625473,inf
14,103,inf,inf,inf,716.0090781547397,inf
14,104,inf,inf,inf,264.9396157617807,inf
14,105,inf,inf,inf,332.6153935102824,inf
14,106,inf,inf,inf,667.431644440088,inf
14,107,inf,inf,inf,149.96666296213968,inf
14,108,inf,inf,inf,233.62362894193728,inf
14,109,inf,inf,inf,834.2277866386374,inf
14,110,inf,inf,inf,858.3874416602331,inf
14,111,inf,inf,inf,251.75384803414624,inf
14,112,inf,inf,inf,566.2596577542851,inf
14,113,inf,inf,inf,157.95252451290546,inf
14,114,inf,inf,inf,714.6831465761593,inf
14,115,inf,inf,inf,876.9503976850687,inf
14,116,inf,inf,inf,116.76472069936193,inf
14,117,inf,inf,inf,477.31017169132275,inf
14,118,inf,inf,inf,730.6880319260745,inf
14,119,inf,inf,inf,604.2681523959376,inf
14,120,inf,inf,inf,485.8477127660477,inf
14,121,inf,inf,inf,809.926539878772,inf
14,122,inf,inf,inf,734.6740773975899,inf
14,123,inf,inf,inf,874.0366125054487,inf
14,124,inf,inf,inf,423.8596465812711,inf
14,125,inf,inf,inf,783.4851625908432,inf
14,126,inf,inf,inf,447.47849110320374,inf
14,127,inf,inf,inf,566.2684875569186,inf
14,128,inf,inf,inf,512.7621280866987,inf
14,129,inf,inf,inf,535.4213294219796,inf
14,130,inf,inf,inf,344.70277051396033,inf
14,131,inf,inf,inf,622.7760432129676,inf
14,132,inf,inf,inf,866.9417512151551,inf
14,133,inf,inf,inf,86.68333173107735,inf
14,134,inf,inf,inf,693.5416353759881,inf
14,135,inf,inf,inf,575.670044383065,inf
14,136,inf,inf,inf,794.0403012442126,inf
14,137,inf,inf,inf,868.600023025558,inf
14,138,inf,inf,inf,691.5497089869968,inf
14,139,inf,inf,inf,397.72980778412875,inf
14,140,inf,inf,inf,744.5891484570535,inf
14,141,1.0,48.4558,48.455844122715696,43.829214001622255,1.1055604173262654
14,142,inf,inf,inf,672.2536723588797,inf
14,143,inf,inf,inf,313.40867888429636,inf
14,144,inf,inf,inf,839.4432678865202,inf
14,145,inf,inf,inf,209.3895890439637,inf
14,146,inf,inf,inf,138.36184445142382,inf
14,147,inf,inf,inf,207.9663434308542,inf
14,148,inf,inf,inf,235.26155657055403,inf
14,149,inf,inf,inf,567.1304964468054,inf
14,150,inf,inf,inf,32.64965543462902,inf
14,151,inf,inf,inf,596.6338910923515,inf
14,152,inf,inf,inf,845.6837470354978,inf
14,153,inf,inf,inf,651.5658063465271,inf
14,154,inf,inf,inf,631.2020278801392,inf
14,155,inf,inf,inf,88.32326986700618,inf
14,156,inf,inf,inf,626.9968101992226,inf
14,157,inf,inf,inf,291.9075196016711,inf
14,158,inf,inf,inf,529.8990469891411,inf
14,159,inf,inf,inf,678.4983419287037,inf
14,160,inf,inf,inf,859.0145516811691,inf
14,161,inf,inf,inf,490.10203019371386,inf
15,16,inf,inf,inf,851.2608295933744,inf
15,17,inf,inf,inf,767.0860447172794,inf
15,18,inf,inf,inf,437.6711093960852,inf
15,19,inf,inf,inf,511.1653352879086,inf
15,20,inf,inf,inf,689.6868854777507,inf
15,21,inf,inf,inf,656.0922191277687,inf
15,22,inf,inf,inf,906.3023777967263,inf
15,23,inf,inf,inf,289.0,inf
15,24,inf,inf,inf,622.1422666882552,inf
15,25,inf,inf,inf,732.1871345496314,inf
15,26,inf,inf,inf,751.3414669775653,inf
15,27,inf,inf,inf,554.0631732934431,inf
15,28,inf,inf,inf,735.5168250964759,inf
15,29,inf,inf,inf,765.4443154142566,inf
15,30,inf,inf,inf,819.9036528763609,inf
15,31,inf,inf,inf,547.4175737040235,inf
15,32,inf,inf,inf,357.39334073258834,inf
15,33,inf,inf,inf,888.0028153108525,inf
15,34,inf,inf,inf,320.67740799750766,inf
15,35,inf,inf,inf,426.95784335224477,inf
15,36,inf,inf,inf,513.0009746579435,inf
15,37,inf,inf,inf,286.54144551879403,inf
15,38,inf,inf,inf,646.7456996378097,inf
15,39,inf,inf,inf,546.8765857119868,inf
15,40,inf,inf,inf,743.106990950832,inf
15,41,inf,inf,inf,167.29913329123974,inf
15,42,inf,inf,inf,605.6145638935708,inf
15,43,inf,inf,inf,225.39964507514205,inf
15,44,inf,inf,inf,573.0174517412188,inf
15,45,inf,inf,inf,531.5797212083997,inf
15,46,inf,inf,inf,613.5144660071187,inf
15,47,inf,inf,inf,389.29680193908604,inf
15,48,inf,inf,inf,494.40064724876726,inf
15,49,inf,inf,inf,517.2581560497621,inf
15,50,inf,inf,inf,776.0231955296182,inf
15,51,inf,inf,inf,631.4467515159137,inf
15,52,inf,inf,inf,556.3182542394236,inf
15,53,inf,inf,inf,569.811372297886,inf
15,54,inf,inf,inf,916.1249914722335,inf
15,55,inf,inf,inf,797.8132613588219,inf
15,56,inf,inf,inf,383.5322672214165,inf
15,57,inf,inf,inf,630.2293233419086,inf
15,58,inf,inf,inf,766.2075436851297,inf
15,59,inf,inf,inf,413.53234456327596,inf
15,60,inf,inf,inf,505.3098059606601,inf
15,61,inf,inf,inf,356.7464085313264,inf
15,62,inf,inf,inf,553.6370652331724,inf
15,63,inf,inf,inf,284.05985284795173,inf
15,64,inf,inf,inf,470.1595473879053,inf
15,65,inf,inf,inf,202.08166665979377,inf
15,66,inf,inf,inf,688.880976657071,inf
15,67,inf,inf,inf,866.7098707179929,inf
15,68,inf,inf,inf,192.62917743685665,inf
15,69,inf,inf,inf,325.41972896553153,inf
15,70,inf,inf,inf,75.82216034906945,inf
15,71,inf,inf,inf,509.825460329317,inf
15,72,inf,inf,inf,615.3251173160413,inf
15,73,inf,inf,inf,905.452925336265,inf
15,74,inf,inf,inf,374.7665940288702,inf
15,75,inf,inf,inf,474.20037958652034,inf
15,76,inf,inf,inf,242.71176320895532,inf
15,77,inf,inf,inf,528.2281703960894,inf
15,78,inf,inf,inf,456.0274114568114,inf
15,79,inf,inf,inf,189.52572384771415,inf
15,80,inf,inf,inf,527.7092002230016,inf
15,81,inf,inf,inf,612.3952971733208,inf
15,82,inf,inf,inf,613.6122554186805,inf
15,83,inf,inf,inf,398.22104414508283,inf
15,84,inf,inf,inf,626.7264155913647,inf
15,85,inf,inf,inf,702.3446447435903,inf
15,86,inf,inf,inf,238.46173697262208,inf
15,87,inf,inf,inf,285.50656735003486,inf
15,88,inf,inf,inf,576.6289968428573,inf
15,89,inf,inf,inf,105.55093557141026,inf
15,90,inf,inf,inf,689.7485048914568,inf
15,91,inf,inf,inf,461.50297940533386,inf
15,92,inf,inf,inf,531.6060571513459,inf
15,93,inf,inf,inf,583.5631928077712,inf
15,94,inf,inf,inf,233.92733914615454,inf
15,95,inf,inf,inf,499.0330650367769,inf
15,96,inf,inf,inf,370.6669664267373,inf
15,97,inf,inf,inf,889.263178142444,inf
15,98,inf,inf,inf,516.9535762522588,inf
15,99,inf,inf,inf,960.7523093909273,inf
15,100,inf,inf,inf,582.343541219442,inf
15,101,inf,inf,inf,382.0274859221519,inf
15,102,inf,inf,inf,584.5904549340504,inf
15,103,inf,inf,inf,614.5567508375447,inf
15,104,inf,inf,inf,127.90621564255585,inf
15,105,inf,inf,inf,411.40734072206345,inf
15,106,inf,inf,inf,528.6851615091916,inf
15,107,inf,inf,inf,271.01475974566404,inf
15,108,inf,inf,inf,369.8553771408495,inf
15,109,inf,inf,inf,789.6157293266136,inf
15,110,inf,inf,inf,979.3518264648308,inf
15,111,inf,inf,inf,390.1550973651376,inf
15,112,inf,inf,inf,431.76961449365564,inf
15,113,inf,inf,inf,294.3908965983833,inf
15,114,inf,inf,inf,581.3028470599469,inf
15,115,inf,inf,inf,911.6912854689355,inf
15,116,inf,inf,inf,194.74342094150447,inf
15,117,inf,inf,inf,338.1419820134731,inf
15,118,inf,inf,inf,861.725014143143,inf
15,119,inf,inf,inf,517.0348150753487,inf
15,120,inf,inf,inf,618.9709201569974,inf
15,121,inf,inf,inf,753.5542448954819,inf
15,122,inf,inf,inf,809.1656196354365,inf
15,123,inf,inf,inf,972.6505024930589,inf
15,124,inf,inf,inf,545.3879353267727,inf
15,125,inf,inf,inf,863.5670211396449,inf
15,126,inf,inf,inf,388.29112789246165,inf
15,127,inf,inf,inf,694.686260120351,inf
15,128,inf,inf,inf,634.2002838220747,inf
15,129,inf,inf,inf,633.2558724559923,inf
15,130,inf,inf,inf,420.09641750436293,inf
15,131,inf,inf,inf,502.5703930794173,inf
15,132,inf,inf,inf,870.648608796913,inf
15,133,inf,inf,inf,226.05530296810116,inf
15,134,inf,inf,inf,826.5016636401889,inf
15,135,inf,inf,inf,436.5879063831246,inf
15,136,inf,inf,inf,933.484333023324,inf
15,137,inf,inf,inf,976.1173085239294,inf
15,138,inf,inf,inf,822.2907028539238,inf
15,139,inf,inf,inf,276.5248632582611,inf
15,140,inf,inf,inf,625.664446808351,inf
15,141,inf,inf,inf,181.1573901335521,inf
15,142,inf,inf,inf,809.8691252295027,inf
15,143,inf,inf,inf,399.1014908516379,inf
15,144,inf,inf,inf,894.799418864362,inf
15,145,inf,inf,inf,201.72506041639943,inf
15,146,inf,inf,inf,262.4823803610444,inf
15,147,inf,inf,inf,290.01551682625535,inf
15,148,inf,inf,inf,130.080744155313,inf
15,149,inf,inf,inf,701.8518362161632,inf
15,150,inf,inf,inf,131.7459676802292,inf
15,151,inf,inf,inf,502.20414175910577,inf
15,152,inf,inf,inf,958.7544002506586,inf
15,153,inf,inf,inf,775.2167438852182,inf
15,154,inf,inf,inf,768.6956484851465,inf
15,155,inf,inf,inf,185.58555978308226,inf
15,156,inf,inf,inf,708.4066628709812,inf
15,157,inf,inf,inf,336.8753478662397,inf
15,158,inf,inf,inf,582.5135191564227,inf
15,159,inf,inf,inf,790.1651726063355,inf
15,160,inf,inf,inf,975.4532279919935,inf
15,161,inf,inf,inf,629.2352501251023,inf
16,17,inf,inf,inf,149.4590244849738,inf
16,18,inf,inf,inf,902.869315017406,inf
16,19,inf,inf,inf,818.7240072209927,inf
16,20,inf,inf,inf,811.0,inf
16,21,inf,inf,inf,638.4120926173,inf
16,22,inf,inf,inf,1044.8698483543296,inf
16,23,inf,inf,inf,1132.7885945753515,inf
16,24,inf,inf,inf,745.5467792164352,inf
16,25,inf,inf,inf,1478.254714181558,inf
16,26,inf,inf,inf,976.1480420509996,inf
16,27,inf,inf,inf,1398.8155704023316,inf
16,28,inf,inf,inf,812.4789228035396,inf
16,29,inf,inf,inf,1056.648475132577,inf
16,30,inf,inf,inf,894.6647416770151,inf
16,31,inf,inf,inf,1104.3427909847558,inf
16,32,inf,inf,inf,577.710134929274,inf
16,33,inf,inf,inf,366.69878647194895,inf
16,34,inf,inf,inf,791.1289401861115,inf
16,35,inf,inf,inf,572.6307710907614,inf
16,36,inf,inf,inf,1250.0531988679522,inf
16,37,inf,inf,inf,608.7076473973364,inf
16,38,inf,inf,inf,1472.1715253325613,inf
16,39,inf,inf,inf,1309.2948483821358,inf
16,40,inf,inf,inf,440.2964910148615,inf
16,41,inf,inf,inf,741.2057743973667,inf
16,42,inf,inf,inf,270.83574357901875,inf
16,43,inf,inf,inf,690.7807177389942,inf
16,44,inf,inf,inf,887.9470704946326,inf
16,45,inf,inf,inf,1357.6818478568534,inf
16,46,inf,inf,inf,749.2482899546718,inf
16,47,inf,inf,inf,727.3657951814891,inf
16,48,inf,inf,inf,1338.6071118890711,inf
16,49,inf,inf,inf,1339.7779666795539,inf
16,50,inf,inf,inf,1456.1198439688953,inf
16,51,inf,inf,inf,1467.3411327976871,inf
16,52,inf,inf,inf,1376.5889001441208,inf
16,53,inf,inf,inf,1420.0014084500058,inf
16,54,inf,inf,inf,281.4320521902223,inf
16,55,inf,inf,inf,186.04569331215382,inf
16,56,inf,inf,inf,623.9294831950162,inf
16,57,inf,inf,inf,819.7426425409379,inf
16,58,inf,inf,inf,1188.4868531035588,inf
16,59,inf,inf,inf,1041.0235347964042,inf
16,60,inf,inf,inf,1167.8343204410462,inf
16,61,inf,inf,inf,1169.9252112848924,inf
16,62,inf,inf,inf,1397.2848671620259,inf
16,63,inf,inf,inf,781.4249804043892,inf
16,64,inf,inf,inf,1194.8493628905696,inf
16,65,inf,inf,inf,770.7308220124585,inf
16,66,inf,inf,inf,1478.950979579783,inf
16,67,inf,inf,inf,51.31276644267,inf
16,68,inf,inf,inf,761.7827774372429,inf
16,69,inf,inf,inf,1176.5054186020564,inf
16,70,inf,inf,inf,775.4392303720518,inf
16,71,inf,inf,inf,1267.162578361593,inf
16,72,inf,inf,inf,1292.7258023262318,inf
16,73,inf,inf,inf,1301.181002013171,inf
16,74,inf,inf,inf,936.2248661512896,inf
16,75,inf,inf,inf,1318.777085029915,inf
16,76,inf,inf,inf,610.4834150081392,inf
16,77,inf,inf,inf,1063.7480904800723,inf
16,78,inf,inf,inf,1081.6321001153765,inf
16,79,inf,inf,inf,1000.7821940862058,inf
16,80,inf,inf,inf,345.60671289776764,inf
16,81,inf,inf,inf,692.399451184069,inf
16,82,inf,inf,inf,1233.9469194418373,inf
16,83,inf,inf,inf,572.5425748361426,inf
16,84,inf,inf,inf,1438.307686136732,inf
16,85,inf,inf,inf,484.24890294145223,inf
16,86,inf,inf,inf,775.8124773423021,inf
16,87,inf,inf,inf,1070.8020358591032,inf
16,88,inf,inf,inf,472.06779174182174,inf
16,89,inf,inf,inf,745.7144225506169,inf
16,90,inf,inf,inf,523.4730174517116,inf
16,91,inf,inf,inf,1037.3282990451962,inf
16,92,inf,inf,inf,957.1969494309935,inf
16,93,inf,inf,inf,1434.793713395762,inf
16,94,inf,inf,inf,941.0531334627179,inf
16,95,inf,inf,inf,1304.2932952369263,inf
16,96,inf,inf,inf,1167.9781676041723,inf
16,97,inf,inf,inf,165.8493292117879,inf
16,98,inf,inf,inf,1122.9425630903836,inf
16,99,inf,inf,inf,1099.7017777561332,inf
16,100,inf,inf,inf,1177.9545831652424,inf
16,101,inf,inf,inf,620.6738273844,inf
16,102,inf,inf,inf,1104.7520083711095,inf
16,103,inf,inf,inf,588.3918762185624,inf
16,104,inf,inf,inf,829.4727240844029,inf
16,105,inf,inf,inf,1181.497778245901,inf
16,106,inf,inf,inf,1061.1884846717853,inf
16,107,inf,inf,inf,787.5544425625444,inf
16,108,inf,inf,inf,860.4045560083931,inf
16,109,inf,inf,inf,226.3183598385248,inf
16,110,inf,inf,inf,934.614893953654,inf
16,111,inf,inf,inf,892.3586722837404,inf
16,112,inf,inf,inf,839.7725882642277,inf
16,113,inf,inf,inf,850.9435939003242,inf
16,114,inf,inf,inf,874.3866421669535,inf
16,115,inf,inf,inf,272.94321753800733,inf
16,116,inf,inf,inf,748.2045174950496,inf
16,117,inf,inf,inf,946.2943516686549,inf
16,118,inf,inf,inf,1377.0973095609475,inf
16,119,inf,inf,inf,1319.787861741424,inf
16,120,inf,inf,inf,1166.9190203266035,inf
16,121,inf,inf,inf,300.22158483360255,inf
16,122,inf,inf,inf,504.0813426422367,inf
16,123,inf,inf,inf,730.7475624317881,inf
16,124,inf,inf,inf,1184.4057581758036,inf
16,125,inf,inf,inf,552.6744068617616,inf
16,126,inf,inf,inf,494.67666207331837,inf
16,127,inf,inf,inf,1263.753140451093,inf
16,128,inf,inf,inf,1257.1590989210554,inf
16,129,inf,inf,inf,1345.4515970483665,inf
16,130,inf,inf,inf,593.1138170705518,inf
16,131,inf,inf,inf,1214.664562749733,inf
16,132,inf,inf,inf,74.4043009509531,inf
16,133,inf,inf,inf,880.0511348779684,inf
16,134,inf,inf,inf,993.9356115966466,inf
16,135,inf,inf,inf,997.0396180694125,inf
16,136,inf,inf,inf,1246.0401277647522,inf
16,137,inf,inf,inf,805.9590560320047,inf
16,138,inf,inf,inf,961.0894859481087,inf
16,139,inf,inf,inf,1042.873434315018,inf
16,140,inf,inf,inf,728.5581651453781,inf
16,141,inf,inf,inf,851.002350173018,inf
16,142,inf,inf,inf,1245.5765733185576,inf
16,143,inf,inf,inf,1158.2594700670486,inf
16,144,inf,inf,inf,398.2825630127435,inf
16,145,inf,inf,inf,659.0781440770131,inf
16,146,inf,inf,inf,964.0767604293758,inf
16,147,inf,inf,inf,1062.6015245613005,inf
16,148,inf,inf,inf,745.3804397755551,inf
16,149,inf,inf,inf,1211.252657375826,inf
16,150,inf,inf,inf,827.5131418896017,inf
16,151,inf,inf,inf,1292.8263611173777,inf
16,152,inf,inf,inf,846.1589685159639,inf
16,153,inf,inf,inf,1362.469082218015,inf
16,154,inf,inf,inf,1042.928568982555,inf
16,155,inf,inf,inf,946.7275215182033,inf
16,156,inf,inf,inf,539.0556557536522,inf
16,157,inf,inf,inf,1151.1915566055893,inf
16,158,inf,inf,inf,1386.6005192556363,inf
16,159,inf,inf,inf,1438.083446813849,inf
16,160,inf,inf,inf,886.8021199794237,inf
16,161,inf,inf,inf,1076.4850207968525,inf
17,18,inf,inf,inf,767.2190039356428,inf
17,19,inf,inf,inf,676.201892928436,inf
17,20,inf,inf,inf,850.7955100962863,inf
17,21,inf,inf,inf,489.03578601161695,inf
17,22,inf,inf,inf,1098.963602672991,inf
17,23,inf,inf,inf,1054.8042472421128,inf
17,24,inf,inf,inf,777.3300457334709,inf
17,25,inf,inf,inf,1436.207854037848,inf
17,26,inf,inf,inf,1011.3896380722911,inf
17,27,inf,inf,inf,1301.4979830948644,inf
17,28,inf,inf,inf,860.6160584139712,inf
17,29,inf,inf,inf,1085.5726599357595,inf
17,30,inf,inf,inf,950.1373584908658,inf
17,31,inf,inf,inf,1089.5526604987938,inf
17,32,inf,inf,inf,458.87797942372436,inf
17,33,inf,inf,inf,484.0103304682659,inf
17,34,inf,inf,inf,762.4886884406876,inf
17,35,inf,inf,inf,441.23463146040564,inf
17,36,inf,inf,inf,1205.743339189564,inf
17,37,inf,inf,inf,502.032867449931,inf
17,38,inf,inf,inf,1405.1508815782026,inf
17,39,inf,inf,inf,1260.2543394093116,inf
17,40,inf,inf,inf,515.6869205244593,inf
17,41,inf,inf,inf,680.2940540677979,inf
17,42,inf,inf,inf,161.5239920259526,inf
17,43,inf,inf,inf,583.4655088349267,inf
17,44,inf,inf,inf,743.1177564827798,inf
17,45,inf,inf,inf,1252.2084491010273,inf
17,46,inf,inf,inf,779.1001219355571,inf
17,47,inf,inf,inf,594.3778259659423,inf
17,48,inf,inf,inf,1260.9540039192548,inf
17,49,inf,inf,inf,1273.0502739483622,inf
17,50,inf,inf,inf,1429.097967250671,inf
17,51,inf,inf,inf,1395.214678821865,inf
17,52,inf,inf,inf,1311.0396637783313,inf
17,53,inf,inf,inf,1328.0941231704928,inf
17,54,inf,inf,inf,413.5625708402539,inf
17,55,inf,inf,inf,58.52349955359813,inf
17,56,inf,inf,inf,495.40488491737744,inf
17,57,inf,inf,inf,847.7829911009067,inf
17,58,inf,inf,inf,1201.601015312487,inf
17,59,inf,inf,inf,913.1067845547967,inf
17,60,inf,inf,inf,1039.1790028671674,inf
17,61,inf,inf,inf,1064.0230260666356,inf
17,62,inf,inf,inf,1299.2340050968494,inf
17,63,inf,inf,inf,745.9845842911233,inf
17,64,inf,inf,inf,1151.7243593846576,inf
17,65,inf,inf,inf,719.3886293235389,inf
17,66,inf,inf,inf,1424.6859303018332,inf
17,67,inf,inf,inf,197.80040444852483,inf
17,68,inf,inf,inf,653.0122510336234,inf
17,69,inf,inf,inf,1091.010999027966,inf
17,70,inf,inf,inf,692.1993932386823,inf
17,71,inf,inf,inf,1148.157219199531,inf
17,72,inf,inf,inf,1262.4080164510997,inf
17,73,inf,inf,inf,1323.3631398826249,inf
17,74,inf,inf,inf,909.2001979762213,inf
17,75,inf,inf,inf,1240.816263594252,inf
17,76,inf,inf,inf,524.7513696980695,inf
17,77,inf,inf,inf,926.8797117209978,inf
17,78,inf,inf,inf,1053.2093808925174,inf
17,79,inf,inf,inf,931.8996727116069,inf
17,80,inf,inf,inf,319.64042297556796,inf
17,81,inf,inf,inf,725.3502602191578,inf
17,82,inf,inf,inf,1213.0758426413413,inf
17,83,inf,inf,inf,552.9348967102727,inf
17,84,inf,inf,inf,1376.5133490090097,inf
17,85,inf,inf,inf,547.0584977861142,inf
17,86,inf,inf,inf,731.6481394768937,inf
17,87,inf,inf,inf,1010.3390520018515,inf
17,88,inf,inf,inf,326.87918257362304,inf
17,89,inf,inf,inf,662.8061556744929,inf
17,90,inf,inf,inf,374.2325480232846,inf
17,91,inf,inf,inf,1015.3265484562097,inf
17,92,inf,inf,inf,816.2769137982526,inf
17,93,inf,inf,inf,1347.4141902176925,inf
17,94,inf,inf,inf,889.0697385469826,inf
17,95,inf,inf,inf,1243.2316759156356,inf
17,96,inf,inf,inf,1107.0234866523836,inf
17,97,inf,inf,inf,304.1052449399714,inf
17,98,inf,inf,inf,1100.1827120983132,inf
17,99,inf,inf,inf,1156.4921097871788,inf
17,100,inf,inf,inf,1159.5710413769395,inf
17,101,inf,inf,inf,492.603288661373,inf
17,102,inf,inf,inf,1096.54776457754,inf
17,103,inf,inf,inf,439.76925767952446,inf
17,104,inf,inf,inf,727.044015173772,inf
17,105,inf,inf,inf,1127.7663765159875,inf
17,106,inf,inf,inf,924.1715208769419,inf
17,107,inf,inf,inf,749.6265737018666,inf
17,108,inf,inf,inf,837.9606195997518,inf
17,109,inf,inf,inf,91.0494371207203,inf
17,110,inf,inf,inf,1012.9348448937868,inf
17,111,inf,inf,inf,871.4551049824655,inf
17,112,inf,inf,inf,703.2865703253547,inf
17,113,inf,inf,inf,815.5961010205971,inf
17,114,inf,inf,inf,728.929351857915,inf
17,115,inf,inf,inf,404.96913462633177,inf
17,116,inf,inf,inf,694.1123828314836,inf
17,117,inf,inf,inf,821.2167801500406,inf
17,118,inf,inf,inf,1380.530695058969,inf
17,119,inf,inf,inf,1208.4146639295636,inf
17,120,inf,inf,inf,1156.77914918968,inf
17,121,inf,inf,inf,154.92256130079957,inf
17,122,inf,inf,inf,591.7060080817162,inf
17,123,inf,inf,inf,829.1501673400302,inf
17,124,inf,inf,inf,1158.1161427076302,inf
17,125,inf,inf,inf,647.9544737093803,inf
17,126,inf,inf,inf,387.6712524807585,inf
17,127,inf,inf,inf,1253.6067964078688,inf
17,128,inf,inf,inf,1236.587643477,inf
17,129,inf,inf,inf,1309.0034377342176,inf
17,130,inf,inf,inf,581.8539335606489,inf
17,131,inf,inf,inf,1090.4842960813328,inf
17,132,inf,inf,inf,218.83783950679097,inf
17,133,inf,inf,inf,831.4156601844832,inf
17,134,inf,inf,inf,1040.2124782946992,inf
17,135,inf,inf,inf,864.7230770599336,inf
17,136,inf,inf,inf,1280.3507331977437,inf
17,137,inf,inf,inf,897.284793139837,inf
17,138,inf,inf,inf,1010.1489989105568,inf
17,139,inf,inf,inf,932.0498913684825,inf
17,140,inf,inf,inf,579.9974137873375,inf
17,141,inf,inf,inf,796.0684643923536,inf
17,142,inf,inf,inf,1258.7346821312265,inf
17,143,inf,inf,inf,1106.4542466817143,inf
17,144,inf,inf,inf,514.1488111432332,inf
17,145,inf,inf,inf,589.0415944566224,inf
17,146,inf,inf,inf,914.7731959343803,inf
17,147,inf,inf,inf,1004.7089130688549,inf
17,148,inf,inf,inf,650.5397758784624,inf
17,149,inf,inf,inf,1209.969007867557,inf
17,150,inf,inf,inf,764.5887783638993,inf
17,151,inf,inf,inf,1179.2853768278483,inf
17,152,inf,inf,inf,930.4219472905828,inf
17,153,inf,inf,inf,1352.025147695116,inf
17,154,inf,inf,inf,1073.9506506353073,inf
17,155,inf,inf,inf,885.5173629014848,inf
17,156,inf,inf,inf,601.0099832781482,inf
17,157,inf,inf,inf,1085.0345616615168,inf
17,158,inf,inf,inf,1326.88545097156,inf
17,159,inf,inf,inf,1417.502733683431,inf
17,160,inf,inf,inf,969.5854784391111,inf
17,161,inf,inf,inf,1079.54897989855,inf
18,19,inf,inf,inf,133.09395177843356,inf
18,20,inf,inf,inf,1076.9623948866554,inf
18,21,inf,inf,inf,383.5374818710682,inf
18,22,inf,inf,inf,1316.2203462946468,inf
18,23,inf,inf,inf,611.127646240947,inf
18,24,inf,inf,inf,999.578411131413,inf
18,25,inf,inf,inf,1103.6566495065392,inf
18,26,inf,inf,inf,1166.7536158075534,inf
18,27,inf,inf,inf,684.8080022896929,inf
18,28,inf,inf,inf,1117.4457481238182,inf
18,29,inf,inf,inf,1191.7940258282888,inf
18,30,inf,inf,inf,1210.4156310953688,inf
18,31,inf,inf,inf,984.4033726069816,inf
18,32,inf,inf,inf,347.89941074971654,inf
18,33,inf,inf,inf,1095.4364427021771,inf
18,34,inf,inf,inf,734.0258851021536,inf
18,35,inf,inf,inf,331.1087434665536,inf
18,36,inf,inf,inf,910.9127290800145,inf
18,37,inf,inf,inf,363.3207948906861,inf
18,38,inf,inf,inf,941.7876618431567,inf
18,39,inf,inf,inf,925.692173457246,inf
18,40,inf,inf,inf,1000.7137452838349,inf
18,41,inf,inf,inf,554.0983667184014,inf
18,42,inf,inf,inf,635.7554561307359,inf
18,43,inf,inf,inf,313.9697437652233,inf
18,44,inf,inf,inf,152.08221460775746,inf
18,45,inf,inf,inf,596.5911497835012,inf
18,46,inf,inf,inf,992.920943479389,inf
18,47,inf,inf,inf,176.91806012954132,inf
18,48,inf,inf,inf,764.0549718443039,inf
18,49,inf,inf,inf,836.3444266568648,inf
18,50,inf,inf,inf,1177.801341483359,inf
18,51,inf,inf,inf,905.2121298347697,inf
18,52,inf,inf,inf,873.0692985095742,inf
18,53,inf,inf,inf,737.9356340494745,inf
18,54,inf,inf,inf,1082.0115526185475,inf
18,55,inf,inf,inf,766.0613552451266,inf
18,56,inf,inf,inf,284.3958508839396,inf
18,57,inf,inf,inf,1026.450680744087,inf
18,58,inf,inf,inf,1203.3993518362888,inf
18,59,inf,inf,inf,173.4041521994211,inf
18,60,inf,inf,inf,285.40847920130193,inf
18,61,inf,inf,inf,438.5430423573039,inf
18,62,inf,inf,inf,678.7591620007792,inf
18,63,inf,inf,inf,695.8290019825273,inf
18,64,inf,inf,inf,878.495304483752,inf
18,65,inf,inf,inf,610.2335618433323,inf
18,66,inf,inf,inf,1028.0296688325682,inf
18,67,inf,inf,inf,939.6009791395494,inf
18,68,inf,inf,inf,277.2183255125822,inf
18,69,inf,inf,inf,589.0076400183617,inf
18,70,inf,inf,inf,433.66461695646785,inf
18,71,inf,inf,inf,431.1960111132755,inf
18,72,inf,inf,inf,1028.6928598955083,inf
18,73,inf,inf,inf,1342.8942624048998,inf
18,74,inf,inf,inf,811.0302090551252,inf
18,75,inf,inf,inf,746.3578230312858,inf
18,76,inf,inf,inf,446.5075587266133,inf
18,77,inf,inf,inf,161.37224048763778,inf
18,78,inf,inf,inf,890.2948949645842,inf
18,79,inf,inf,inf,594.6192058788549,inf
18,80,inf,inf,inf,700.7460310269335,inf
18,81,inf,inf,inf,974.8066474947738,inf
18,82,inf,inf,inf,1041.3395219619777,inf
18,83,inf,inf,inf,713.7730731822264,inf
18,84,inf,inf,inf,947.0131994856249,inf
18,85,inf,inf,inf,981.2176109304195,inf
18,86,inf,inf,inf,649.1255656650723,inf
18,87,inf,inf,inf,688.1351611420536,inf
18,88,inf,inf,inf,449.8055135277913,inf
18,89,inf,inf,inf,435.1746775721216,inf
18,90,inf,inf,inf,484.87627287793737,inf
18,91,inf,inf,inf,898.9844270063859,inf
18,92,inf,inf,inf,95.46203433826454,inf
18,93,inf,inf,inf,779.7756087490811,inf
18,94,inf,inf,inf,670.2313033572813,inf
18,95,inf,inf,inf,845.4880247525685,inf
18,96,inf,inf,inf,747.4396296691793,inf
18,97,inf,inf,inf,1010.4974022727619,inf
18,98,inf,inf,inf,951.0084121604814,inf
18,99,inf,inf,inf,1373.6043826371551,inf
18,100,inf,inf,inf,1015.1847122568386,inf
18,101,inf,inf,inf,288.29325347638644,inf
18,102,inf,inf,inf,1022.2142632540401,inf
18,103,inf,inf,inf,384.8792018283139,inf
18,104,inf,inf,inf,310.85044635644323,inf
18,105,inf,inf,inf,802.877325623286,inf
18,106,inf,inf,inf,159.02201105507376,inf
18,107,inf,inf,inf,685.1897547395174,inf
18,108,inf,inf,inf,796.6636680557235,inf
18,109,inf,inf,inf,737.8109513960876,inf
18,110,inf,inf,inf,1355.1833824246812,inf
18,111,inf,inf,inf,820.9926918066933,inf
18,112,inf,inf,inf,64.47480127925948,inf
18,113,inf,inf,inf,723.5758426039388,inf
18,114,inf,inf,inf,167.19150696132863,inf
18,115,inf,inf,inf,1075.0,inf
18,116,inf,inf,inf,590.7427528120849,inf
18,117,inf,inf,inf,134.13426109685773,inf
18,118,inf,inf,inf,1295.6426976601226,inf
18,119,inf,inf,inf,525.6434152541055,inf
18,120,inf,inf,inf,1055.1649160202398,inf
18,121,inf,inf,inf,669.0411048657623,inf
18,122,inf,inf,inf,1082.9039661946022,inf
18,123,inf,inf,inf,1292.9752511165866,inf
18,124,inf,inf,inf,973.1125320331662,inf
18,125,inf,inf,inf,1145.8621208504974,inf
18,126,inf,inf,inf,444.38046761755857,inf
18,127,inf,inf,inf,1126.9982253757103,inf
18,128,inf,inf,inf,1060.4310444342905,inf
18,129,inf,inf,inf,1031.7775923133822,inf
18,130,inf,inf,inf,750.3659107395538,inf
18,131,inf,inf,inf,352.8469923352047,inf
18,132,inf,inf,inf,953.7111722109582,inf
18,133,inf,inf,inf,662.2816621347748,inf
18,134,inf,inf,inf,1236.7445168667618,inf
18,135,inf,inf,inf,105.64563407921787,inf
18,136,inf,inf,inf,1367.1843328534744,inf
18,137,inf,inf,inf,1318.2962489516535,inf
18,138,inf,inf,inf,1226.7461025004318,inf
18,139,inf,inf,inf,312.54119728445403,inf
18,140,inf,inf,inf,298.0805260328155,inf
18,141,inf,inf,inf,615.0203248673981,inf
18,142,inf,inf,inf,1247.5207413105402,inf
18,143,inf,inf,inf,799.1157613262299,inf
18,144,inf,inf,inf,1113.4603719935433,inf
18,145,inf,inf,inf,505.8903043150758,inf
18,146,inf,inf,inf,697.699792174256,inf
18,147,inf,inf,inf,699.5605763620474,inf
18,148,inf,inf,inf,366.4109714514564,inf
18,149,inf,inf,inf,1138.7712676389408,inf
18,150,inf,inf,inf,561.6057335889654,inf
18,151,inf,inf,inf,488.02561408188404,inf
18,152,inf,inf,inf,1315.3592665123851,inf
18,153,inf,inf,inf,1202.1135553682107,inf
18,154,inf,inf,inf,1192.9144981933953,inf
18,155,inf,inf,inf,616.8841058091868,inf
18,156,inf,inf,inf,1007.803552285861,inf
18,157,inf,inf,inf,702.2997935354957,inf
18,158,inf,inf,inf,918.4171165652348,inf
18,159,inf,inf,inf,1202.168457413519,inf
18,160,inf,inf,inf,1339.91081792782,inf
18,161,inf,inf,inf,1065.6082769948814,inf
19,20,inf,inf,inf,1096.135940474538,inf
19,21,inf,inf,inf,253.9310930154084,inf
19,22,inf,inf,inf,1344.9646835512076,inf
19,23,inf,inf,inf,721.099854389113,inf
19,24,inf,inf,inf,1015.7977160832761,inf
19,25,inf,inf,inf,1211.057389226456,inf
19,26,inf,inf,inf,1201.3359230456733,inf
19,27,inf,inf,inf,816.3332652783421,inf
19,28,inf,inf,inf,1133.0423646095498,inf
19,29,inf,inf,inf,1235.3400341606355,inf
19,30,inf,inf,inf,1228.7701168241356,inf
19,31,inf,inf,inf,1055.1985595138008,inf
19,32,inf,inf,inf,313.04951684997053,inf
19,33,inf,inf,inf,1047.2368404520537,inf
19,34,inf,inf,inf,777.2695800042608,inf
19,35,1.0,289.7523,289.7523086789977,267.52383071420013,1.083089711692057
19,36,inf,inf,inf,1008.7715301295929,inf
19,37,inf,inf,inf,355.2182427747764,inf
19,38,inf,inf,inf,1062.3794049208598,inf
19,39,inf,inf,inf,1029.6795618055162,inf
19,40,inf,inf,inf,971.4082560900952,inf
19,41,inf,inf,inf,597.2277622482063,inf
19,42,inf,inf,inf,561.2281176135066,inf
19,43,inf,inf,inf,334.7013594235912,inf
19,44,inf,inf,inf,80.95060222135473,inf
19,45,inf,inf,inf,729.4251161017147,inf
19,46,inf,inf,inf,1010.2524436990984,inf
19,47,inf,inf,inf,145.91093173576817,inf
19,48,inf,inf,inf,885.5834235124323,inf
19,49,inf,inf,inf,951.9716382329885,inf
19,50,inf,inf,inf,1275.721756497082,inf
19,51,inf,inf,inf,1028.163897440481,inf
19,52,inf,inf,inf,989.5857719268199,inf
19,53,inf,inf,inf,868.1157756889343,inf
19,54,inf,inf,inf,1022.0689800595652,inf
19,55,inf,inf,inf,667.4608602757169,inf
19,56,inf,inf,inf,238.933045014707,inf
19,57,inf,inf,inf,1051.4870422406545,inf
19,58,inf,inf,inf,1264.1661283233307,inf
19,59,inf,inf,inf,305.92973049378514,inf
19,60,inf,inf,inf,411.5580153514204,inf
19,61,inf,inf,inf,567.9454199128645,inf
19,62,inf,inf,inf,810.4615968693396,inf
19,63,inf,inf,inf,739.7999729656659,inf
19,64,inf,inf,inf,972.0781861558256,inf
19,65,inf,inf,inf,657.0426165782551,inf
19,66,inf,inf,inf,1142.19306599191,inf
19,67,inf,inf,inf,859.4556416709358,inf
19,68,inf,inf,inf,325.5825548152112,inf
19,69,inf,inf,inf,706.9031050999847,inf
19,70,inf,inf,inf,488.5294259305165,inf
19,71,inf,inf,inf,563.2051136131489,inf
19,72,inf,inf,inf,1120.8126516059676,inf
19,73,inf,inf,inf,1404.3236806377652,inf
19,74,inf,inf,inf,872.4792261137225,inf
19,75,inf,inf,inf,867.2623593815196,inf
19,76,inf,inf,inf,453.9306114374751,inf
19,77,inf,inf,inf,264.62237244798484,inf
19,78,inf,inf,inf,966.7517778623425,inf
19,79,inf,inf,inf,685.3918587202506,inf
19,80,inf,inf,inf,661.8708333202181,inf
19,81,inf,inf,inf,984.9923857573723,inf
19,82,inf,inf,inf,1124.506113811748,inf
19,83,inf,inf,inf,718.6668212739474,inf
19,84,inf,inf,inf,1063.8082533990794,inf
19,85,inf,inf,inf,959.713498915171,inf
19,86,inf,inf,inf,694.8222794355403,inf
19,87,inf,inf,inf,781.7237363672667,inf
19,88,inf,inf,inf,350.06999300139967,inf
19,89,inf,inf,inf,482.1047603996459,inf
19,90,inf,inf,inf,362.5479278660961,inf
19,91,inf,inf,inf,968.1058826388775,inf
19,92,inf,inf,inf,142.00352108310554,inf
19,93,inf,inf,inf,908.5945190237502,inf
19,94,inf,inf,inf,744.2714558546498,inf
19,95,inf,inf,inf,956.2091821353736,inf
19,96,inf,inf,inf,849.6705243798916,inf
19,97,inf,inf,inf,940.5110313016004,inf
19,98,inf,inf,inf,1027.6502323261548,inf
19,99,inf,inf,inf,1403.8251315601954,inf
19,100,inf,inf,inf,1093.307824905685,inf
19,101,inf,inf,inf,243.402958075698,inf
19,102,inf,inf,inf,1089.4181933490922,inf
19,103,inf,inf,inf,263.8219096284461,inf
19,104,inf,inf,inf,384.5958918137322,inf
19,105,inf,inf,inf,901.7771343297633,inf
19,106,inf,inf,inf,261.36947029062134,inf
19,107,inf,inf,inf,730.9288611075636,inf
19,108,inf,inf,inf,847.0472241852871,inf
19,109,inf,inf,inf,635.8435342126237,inf
19,110,inf,inf,inf,1363.6099148950186,inf
19,111,inf,inf,inf,874.6044820374522,inf
19,112,inf,inf,inf,89.35882720806042,inf
19,113,inf,inf,inf,777.9203044014213,inf
19,114,inf,inf,inf,78.64477096412705,inf
19,115,inf,inf,inf,1014.5388114803692,inf
19,116,inf,inf,inf,633.9219194822025,inf
19,117,inf,inf,inf,259.4802497301095,inf
19,118,inf,inf,inf,1372.0058308913997,inf
19,119,inf,inf,inf,658.729838401146,inf
19,120,inf,inf,inf,1127.851497316912,inf
19,121,inf,inf,inf,562.8943062422998,inf
19,122,inf,inf,inf,1056.2599111961033,inf
19,123,inf,inf,inf,1278.1459228116325,inf
19,124,inf,inf,inf,1056.2054724342229,inf
19,125,inf,inf,inf,1120.3865404403964,inf
19,126,inf,inf,inf,404.8160075886328,inf
19,127,inf,inf,inf,1205.6686941278685,inf
19,128,inf,inf,inf,1144.8143954370944,inf
19,129,inf,inf,inf,1130.2552808989658,inf
19,130,inf,inf,inf,757.9135834645002,inf
19,131,inf,inf,inf,482.78463107269687,inf
19,132,inf,inf,inf,875.6603222711418,inf
19,133,inf,inf,inf,726.2816258174236,inf
19,134,inf,inf,inf,1266.698464513161,inf
19,135,inf,inf,inf,235.51008470976353,inf
19,136,inf,inf,inf,1418.5376272767671,inf
19,137,inf,inf,inf,1311.86622793637,inf
19,138,inf,inf,inf,1253.0219471342073,inf
19,139,inf,inf,inf,437.12698383879257,inf
19,140,inf,inf,inf,165.05150711217394,inf
19,141,inf,inf,inf,677.0908358558695,inf
19,142,inf,inf,inf,1311.5006671748208,inf
19,143,inf,inf,inf,895.1513838452131,inf
19,144,inf,inf,inf,1068.1516746230377,inf
19,145,inf,inf,inf,530.3404566879657,inf
19,146,inf,inf,inf,773.3130026063185,inf
19,147,inf,inf,inf,790.8331050227981,inf
19,148,inf,inf,inf,412.8159396147392,inf
19,149,inf,inf,inf,1209.212140197079,inf
19,150,inf,inf,inf,622.5343364024188,inf
19,151,inf,inf,inf,621.0579683089172,inf
19,152,inf,inf,inf,1315.2672732186413,inf
19,153,inf,inf,inf,1286.1014734460107,inf
19,154,inf,inf,inf,1234.3974238469555,inf
19,155,inf,inf,inf,696.3361257323937,inf
19,156,inf,inf,inf,992.4766999783924,inf
19,157,inf,inf,inf,806.4025049564268,inf
19,158,inf,inf,inf,1032.124023555309,inf
19,159,inf,inf,inf,1295.5666713836074,inf
19,160,inf,inf,inf,1343.0357404030617,inf
19,161,inf,inf,inf,1124.571473940185,inf
20,21,inf,inf,inf,1105.7237448838657,inf
20,22,inf,inf,inf,259.7306296916095,inf
20,23,inf,inf,inf,803.0896587554842,inf
20,24,inf,inf,inf,82.41965784932621,inf
20,25,inf,inf,inf,870.0953970686203,inf
20,26,inf,inf,inf,165.873445734994,inf
20,27,inf,inf,inf,1123.2355051368347,inf
20,28,inf,inf,inf,49.0,inf
20,29,inf,inf,inf,251.03187048659777,inf
20,30,inf,inf,inf,133.4541119636259,inf
20,31,inf,inf,inf,440.06590415527535,inf
20,32,inf,inf,inf,798.6701446780141,inf
20,33,inf,inf,inf,549.8590728541269,inf
20,34,inf,inf,inf,372.12094808005634,inf
20,35,inf,inf,inf,870.0143676974536,inf
20,36,inf,inf,inf,693.9524479386178,inf
20,37,inf,inf,inf,742.5483149263757,inf
20,38,inf,inf,inf,993.6216583790834,inf
20,39,inf,inf,inf,764.5456166900703,inf
20,40,inf,inf,inf,390.51248379533274,inf
20,41,inf,inf,inf,533.0938003766316,inf
20,42,inf,inf,inf,760.6608968522045,inf
20,43,inf,inf,inf,766.997392433638,inf
20,44,inf,inf,inf,1174.5931210423464,inf
20,45,inf,inf,inf,1149.0017406427198,inf
20,46,inf,inf,inf,86.37129152675674,inf
20,47,inf,inf,inf,950.2273412189317,inf
20,48,inf,inf,inf,948.9889356573132,inf
20,49,inf,inf,inf,885.2615432740768,inf
20,50,inf,inf,inf,784.780224011793,inf
20,51,inf,inf,inf,1018.8056733253894,inf
20,52,inf,inf,inf,907.5604663051382,inf
20,53,inf,inf,inf,1103.4350909772627,inf
20,54,inf,inf,inf,644.8015198493255,inf
20,55,inf,inf,inf,908.4811500521075,inf
20,56,inf,inf,inf,870.8002067064523,inf
20,57,inf,inf,inf,67.26812023536856,inf
20,58,inf,inf,inf,407.4236124723259,inf
20,59,inf,inf,inf,1097.528587327,inf
20,60,inf,inf,inf,1194.9502081676876,inf
20,61,inf,inf,inf,1012.754659332654,inf
20,62,inf,inf,inf,1127.0998181172774,inf
20,63,inf,inf,inf,406.6767758306343,inf
20,64,inf,inf,inf,646.5059937850538,inf
20,65,inf,inf,inf,487.84936199609814,inf
20,66,inf,inf,inf,930.686305905486,inf
20,67,inf,inf,inf,784.1798263153676,inf
20,68,inf,inf,inf,800.7109341079339,inf
20,69,inf,inf,inf,879.4782544213359,inf
20,70,inf,inf,inf,658.3532486439176,inf
20,71,inf,inf,inf,1184.8046252441793,inf
20,72,inf,inf,inf,659.0637298471219,inf
20,73,inf,inf,inf,498.6792556343205,inf
20,74,inf,inf,inf,402.5245334138032,inf
20,75,inf,inf,inf,935.6591259641515,inf
20,76,inf,inf,inf,642.206353129584,inf
20,77,inf,inf,inf,1200.9050753494216,inf
20,78,inf,inf,inf,491.25655211915495,inf
20,79,inf,inf,inf,669.068008501378,inf
20,80,inf,inf,inf,553.8817563343281,inf
20,81,inf,inf,inf,127.81236246936366,inf
20,82,inf,inf,inf,568.4681169599576,inf
20,83,inf,inf,inf,383.3431882791189,inf
20,84,inf,inf,inf,936.6803083229624,inf
20,85,inf,inf,inf,334.7177915797127,inf
20,86,inf,inf,inf,451.313638171948,inf
20,87,inf,inf,inf,659.8257345693634,inf
20,88,inf,inf,inf,931.4467241877014,inf
20,89,inf,inf,inf,648.5776746080611,inf
20,90,inf,inf,inf,1059.7834684500415,inf
20,91,inf,inf,inf,429.8383417053439,inf
20,92,inf,inf,inf,1170.981212488057,inf
20,93,inf,inf,inf,1085.6785896387566,inf
20,94,inf,inf,inf,542.5513800553824,inf
20,95,inf,inf,inf,825.6839589092185,inf
20,96,inf,inf,inf,725.5411773290335,inf
20,97,inf,inf,inf,713.0420744949066,inf
20,98,inf,inf,inf,491.5007629699063,inf
20,99,inf,inf,inf,319.8890432634416,inf
20,100,inf,inf,inf,512.5621913485231,inf
20,101,inf,inf,inf,866.6008308327428,inf
20,102,inf,inf,inf,410.62148019800424,inf
20,103,inf,inf,inf,1043.9789269903872,inf
20,104,inf,inf,inf,789.9088555016965,inf
20,105,inf,inf,inf,694.2189856234127,inf
20,106,inf,inf,inf,1200.6664815842908,inf
20,107,inf,inf,inf,420.267771783657,inf
20,108,inf,inf,inf,350.891721190455,inf
20,109,inf,inf,inf,931.6098968989112,inf
20,110,inf,inf,inf,290.5202230482415,inf
20,111,inf,inf,inf,352.115038020247,inf
20,112,inf,inf,inf,1045.0191385807248,inf
20,113,inf,inf,inf,418.3993307834036,inf
20,114,inf,inf,inf,1174.777000115341,inf
20,115,inf,inf,inf,647.4357110941595,inf
20,116,inf,inf,inf,499.1963541533532,inf
20,117,inf,inf,inf,1011.3357503816426,inf
20,118,inf,inf,inf,609.0205251056815,inf
20,119,inf,inf,inf,1164.041665920941,inf
20,120,inf,inf,inf,467.97542670529185,inf
20,121,inf,inf,inf,956.5145059015049,inf
20,122,inf,inf,inf,371.6517186829626,inf
20,123,inf,inf,inf,361.83559802761255,inf
20,124,inf,inf,inf,554.2165641696394,inf
20,125,inf,inf,inf,375.2545802518605,inf
20,126,inf,inf,inf,729.8013428324176,inf
20,127,inf,inf,inf,549.4588246629587,inf
20,128,inf,inf,inf,586.2371533773683,inf
20,129,inf,inf,inf,731.1203731260674,inf
20,130,inf,inf,inf,342.64413025761877,inf
20,131,inf,inf,inf,1189.3632750341671,inf
20,132,inf,inf,inf,769.3432263950856,inf
20,133,inf,inf,inf,499.77294844759257,inf
20,134,inf,inf,inf,191.3243319601561,inf
20,135,inf,inf,inf,1107.630353502467,inf
20,136,inf,inf,inf,435.1149273467873,inf
20,137,inf,inf,inf,324.63672004257313,inf
20,138,inf,inf,inf,165.94577427581578,inf
20,139,inf,inf,inf,963.2330974379981,inf
20,140,inf,inf,inf,1134.6629455481482,inf
20,141,inf,inf,inf,525.0923728259629,inf
20,142,inf,inf,inf,460.9772228646444,inf
20,143,inf,inf,inf,667.3904404469696,inf
20,144,inf,inf,inf,530.1792149830093,inf
20,145,inf,inf,inf,571.4201606523872,inf
20,146,inf,inf,inf,538.1124417814552,inf
20,147,inf,inf,inf,640.1288932707224,inf
20,148,inf,inf,inf,713.6981154521848,inf
20,149,inf,inf,inf,471.4318614603811,inf
20,150,inf,inf,inf,561.936829189901,inf
20,151,inf,inf,inf,1160.2538515342235,inf
20,152,inf,inf,inf,287.39171873942365,inf
20,153,inf,inf,inf,638.0164574679873,inf
20,154,inf,inf,inf,235.15314159075146,inf
20,155,inf,inf,inf,597.4763593649543,inf
20,156,inf,inf,inf,283.78160616925123,inf
20,157,inf,inf,inf,744.298999058846,inf
20,158,inf,inf,inf,883.1545731071091,inf
20,159,inf,inf,inf,743.1857103039589,inf
20,160,inf,inf,inf,294.15132160165456,inf
20,161,inf,inf,inf,341.5918617297549,inf
21,22,inf,inf,inf,1364.5647657769857,inf
21,23,inf,inf,inf,912.3595782365635,inf
21,24,inf,inf,inf,1023.313246274082,inf
21,25,inf,inf,inf,1386.4678142676087,inf
21,26,inf,inf,inf,1236.2544236523484,inf
21,27,inf,inf,inf,1053.0075973135235,inf
21,28,inf,inf,inf,1134.400282087412,inf
21,29,inf,inf,inf,1286.1912765992467,inf
21,30,inf,inf,inf,1232.000405844089,inf
21,31,inf,inf,inf,1163.07394433888,inf
21,32,inf,inf,inf,329.3038110924318,inf
21,33,inf,inf,inf,929.0435942408731,inf
21,34,inf,inf,inf,848.4603703179071,inf
21,35,inf,inf,inf,249.83994876720575,inf
21,36,inf,inf,inf,1169.0615894810676,inf
21,37,inf,inf,inf,403.0942817753683,inf
21,38,inf,inf,inf,1268.2196182049859,inf
21,39,inf,inf,inf,1201.4062593477695,inf
21,40,inf,inf,inf,893.6582120699165,inf
21,41,inf,inf,inf,684.0263152832645,inf
21,42,inf,inf,inf,422.62276322980995,inf
21,43,inf,inf,inf,434.90228787625387,inf
21,44,inf,inf,inf,290.82640870457413,inf
21,45,inf,inf,inf,972.5481993197046,inf
21,46,inf,inf,inf,1020.1298936900143,inf
21,47,inf,inf,inf,282.15066896961275,inf
21,48,inf,inf,inf,1095.880011680111,inf
21,49,inf,inf,inf,1148.6535596079439,inf
21,50,inf,inf,inf,1430.7078667568721,inf
21,51,inf,inf,inf,1239.8403122983218,inf
21,52,inf,inf,inf,1187.505368408918,inf
21,53,inf,inf,inf,1099.993636345229,inf
21,54,inf,inf,inf,881.8083692050104,inf
21,55,inf,inf,inf,464.2423935833521,inf
21,56,inf,inf,inf,276.9729228643118,inf
21,57,inf,inf,inf,1074.0074487637412,inf
21,58,inf,inf,inf,1346.9806977087683,inf
21,59,inf,inf,inf,556.7045895266178,inf
21,60,inf,inf,inf,665.4720129351797,inf
21,61,inf,inf,inf,800.9775277746561,inf
21,62,inf,inf,inf,1047.8287073753993,inf
21,63,inf,inf,inf,815.0122698462889,inf
21,64,inf,inf,inf,1125.2150905493581,inf
21,65,inf,inf,inf,744.0994557181184,inf
21,66,inf,inf,inf,1332.8593324128394,inf
21,67,inf,inf,inf,685.4932530667243,inf
21,68,inf,inf,inf,466.39146647424843,inf
21,69,inf,inf,inf,913.3153891181294,inf
21,70,inf,inf,inf,607.7433668909929,inf
21,71,inf,inf,inf,814.57289422126,inf
21,72,inf,inf,inf,1267.3413115652784,inf
21,73,inf,inf,inf,1485.151170756701,inf
21,74,inf,inf,inf,970.6436009164229,inf
21,75,inf,inf,inf,1076.494774720249,inf
21,76,inf,inf,inf,502.19518117958876,inf
21,77,inf,inf,inf,515.4046953608397,inf
21,78,inf,inf,inf,1088.2031060422498,inf
21,79,inf,inf,inf,844.7253991682741,inf
21,80,inf,inf,inf,588.2329470541412,inf
21,81,inf,inf,inf,982.6052106517652,inf
21,82,inf,inf,inf,1253.716475125058,inf
21,83,inf,inf,inf,724.7213257521818,inf
21,84,inf,inf,inf,1261.2236122115696,inf
21,85,inf,inf,inf,897.8045444304679,inf
21,86,inf,inf,inf,776.6498567565695,inf
21,87,inf,inf,inf,941.4164859402027,inf
21,88,inf,inf,inf,190.541334098405,inf
21,89,inf,inf,inf,589.9321994941453,inf
21,90,inf,inf,inf,122.8087944733601,inf
21,91,inf,inf,inf,1076.0018587344541,inf
21,92,inf,inf,inf,387.8247026686155,inf
21,93,inf,inf,inf,1136.1958457942012,inf
21,94,inf,inf,inf,871.6587635078305,inf
21,95,inf,inf,inf,1142.8285085698553,inf
21,96,inf,inf,inf,1022.622608785861,inf
21,97,inf,inf,inf,783.5636540830617,inf
21,98,inf,inf,inf,1147.349118620832,inf
21,99,inf,inf,inf,1424.7476969625184,inf
21,100,inf,inf,inf,1213.781281780206,inf
21,101,inf,inf,inf,279.46019394539894,inf
21,102,inf,inf,inf,1189.4540764569265,inf
21,103,inf,inf,inf,62.93647591023825,inf
21,104,inf,inf,inf,546.3744137493995,inf
21,105,inf,inf,inf,1066.9493896150839,inf
21,106,inf,inf,inf,512.0009765615687,inf
21,107,inf,inf,inf,809.9382692526635,inf
21,108,inf,inf,inf,926.6336924588918,inf
21,109,inf,inf,inf,427.0011709585818,inf
21,110,inf,inf,inf,1343.9572165809445,inf
21,111,inf,inf,inf,958.5040427666437,inf
21,112,inf,inf,inf,326.43529220965064,inf
21,113,inf,inf,inf,868.7951427120205,inf
21,114,inf,inf,inf,272.35638417338413,inf
21,115,inf,inf,inf,873.5422142060451,inf
21,116,inf,inf,inf,716.9630394936687,inf
21,117,inf,inf,inf,495.8074222921638,inf
21,118,inf,inf,inf,1482.5144181423666,inf
21,119,inf,inf,inf,905.8266942412329,inf
21,120,inf,inf,inf,1237.0489076831198,inf
21,121,inf,inf,inf,349.05157212079706,inf
21,122,inf,inf,inf,979.7509887721471,inf
21,123,inf,inf,inf,1216.490854877257,inf
21,124,inf,inf,inf,1187.1364706721802,inf
21,125,inf,inf,inf,1043.559773084417,inf
21,126,inf,inf,inf,377.47715162642623,inf
21,127,inf,inf,inf,1324.2394043374484,inf
21,128,inf,inf,inf,1275.8452100470495,inf
21,129,inf,inf,inf,1289.0190068420247,inf
21,130,inf,inf,inf,765.4345171208312,inf
21,131,inf,inf,inf,735.9347797189639,inf
21,132,inf,inf,inf,705.2389665921758,inf
21,133,inf,inf,inf,837.4485058796153,inf
21,134,inf,inf,inf,1290.8020762301244,inf
21,135,inf,inf,inf,488.3052324110402,inf
21,136,inf,inf,inf,1479.6249524795126,inf
21,137,inf,inf,inf,1265.2857384796528,inf
21,138,inf,inf,inf,1270.546732709978,inf
21,139,inf,inf,inf,663.8712224520656,inf
21,140,inf,inf,inf,101.59232254457027,inf
21,141,inf,inf,inf,788.4954026498823,inf
21,142,inf,inf,inf,1399.3087579229968,inf
21,143,inf,inf,inf,1055.1895564305023,inf
21,144,inf,inf,inf,954.8010263924102,inf
21,145,inf,inf,inf,594.1397142087036,inf
21,146,inf,inf,inf,901.8081835956026,inf
21,147,inf,inf,inf,946.0338260337206,inf
21,148,inf,inf,inf,531.5881864752075,inf
21,149,inf,inf,inf,1311.9226349141172,inf
21,150,inf,inf,inf,736.5487085047397,inf
21,151,inf,inf,inf,869.0972327651263,inf
21,152,inf,inf,inf,1280.692390857383,inf
21,153,inf,inf,inf,1413.2289269612336,inf
21,154,inf,inf,inf,1281.3625560316643,inf
21,155,inf,inf,inf,835.8642234238764,inf
21,156,inf,inf,inf,940.8682160642903,inf
21,157,inf,inf,inf,984.1666525543324,inf
21,158,inf,inf,inf,1223.4578047484924,inf
21,159,inf,inf,inf,1441.12803039841,inf
21,160,inf,inf,inf,1313.8234280145869,inf
21,161,inf,inf,inf,1207.9942052841147,inf
22,23,inf,inf,inf,960.9396443065506,inf
22,24,inf,inf,inf,341.796723214252,inf
22,25,inf,inf,inf,892.4404742054229,inf
22,26,inf,inf,inf,157.30861387730806,inf
22,27,inf,inf,inf,1267.3634048685483,inf
22,28,inf,inf,inf,239.40969069776602,inf
22,29,inf,inf,inf,187.8643127366132,inf
22,30,inf,inf,inf,150.20652449211386,inf
22,31,inf,inf,inf,505.0009900980393,inf
22,32,inf,inf,inf,1053.721974716291,inf
22,33,inf,inf,inf,739.340922714278,inf
22,34,inf,inf,inf,587.1848090678096,inf
22,35,inf,inf,inf,1126.6343683733423,inf
22,36,inf,inf,inf,771.7940139700489,inf
22,37,inf,inf,inf,994.469707934837,inf
22,38,inf,inf,inf,1072.305926496725,inf
22,39,inf,inf,inf,837.5261189957004,inf
22,40,inf,inf,inf,607.1902502511055,inf
22,41,inf,inf,inf,763.3040023476884,inf
22,42,inf,inf,inf,1017.4345187774985,inf
22,43,inf,inf,inf,1012.1072077601266,inf
22,44,inf,inf,inf,1422.0552028666116,inf
22,45,inf,inf,inf,1310.9374508343255,inf
22,46,inf,inf,inf,344.5228584578968,inf
22,47,inf,inf,inf,1199.4165248152954,inf
22,48,inf,inf,inf,1069.1491944532345,inf
22,49,inf,inf,inf,986.0324538269518,inf
22,50,inf,inf,inf,772.9243171229639,inf
22,51,inf,inf,inf,1108.4155357987365,inf
22,52,inf,inf,inf,999.4208322823774,inf
22,53,inf,inf,inf,1235.8418183570259,inf
22,54,inf,inf,inf,842.0837250535127,inf
22,55,inf,inf,inf,1157.2320424184597,inf
22,56,inf,inf,inf,1124.7030719260972,inf
22,57,inf,inf,inf,293.981291921782,inf
22,58,inf,inf,inf,341.6694308831272,inf
22,59,inf,inf,inf,1319.7200460703777,inf
22,60,inf,inf,inf,1407.2704075621004,inf
22,61,inf,inf,inf,1198.0333885163634,inf
22,62,inf,inf,inf,1272.6138455949629,inf
22,63,inf,inf,inf,624.9943999749117,inf
22,64,inf,inf,inf,737.0549504616328,inf
22,65,inf,inf,inf,710.6229661360517,inf
22,66,inf,inf,inf,981.2160822163485,inf
22,67,inf,inf,inf,1012.5739479168916,inf
22,68,inf,inf,inf,1039.0312796061532,inf
22,69,inf,inf,inf,1038.7848670441826,inf
22,70,inf,inf,inf,887.2164335718766,inf
22,71,inf,inf,inf,1375.8233898287963,inf
22,72,inf,inf,inf,694.4674218420904,inf
22,73,inf,inf,inf,355.8328259168904,inf
22,74,inf,inf,inf,562.4251061252511,inf
22,75,inf,inf,inf,1059.634842764242,inf
22,76,inf,inf,inf,892.3906095427046,inf
22,77,inf,inf,inf,1430.464609838356,inf
22,78,inf,inf,inf,592.9426616461325,inf
22,79,inf,inf,inf,845.3023127851952,inf
22,80,inf,inf,inf,811.0887744260797,inf
22,81,inf,inf,inf,386.39358172723314,inf
22,82,inf,inf,inf,597.8360979398952,inf
22,83,inf,inf,inf,640.5279072764902,inf
22,84,inf,inf,inf,1010.2643218484952,inf
22,85,inf,inf,inf,560.6424885789517,inf
22,86,inf,inf,inf,671.934520619383,inf
22,87,inf,inf,inf,810.3196899989534,inf
22,88,inf,inf,inf,1191.1511239133345,inf
22,89,inf,inf,inf,881.9211982938158,inf
22,90,inf,inf,inf,1319.4957370147129,inf
22,91,inf,inf,inf,539.2708039566021,inf
22,92,inf,inf,inf,1411.2664525170292,inf
22,93,inf,inf,inf,1208.282251793843,inf
22,94,inf,inf,inf,720.3124322125782,inf
22,95,inf,inf,inf,923.0048753934077,inf
22,96,inf,inf,inf,852.789540273566,inf
22,97,inf,inf,inf,928.0048491252619,inf
22,98,inf,inf,inf,566.007950474196,inf
22,99,inf,inf,inf,60.207972893961475,inf
22,100,inf,inf,inf,555.4709713387371,inf
22,101,inf,inf,inf,1120.594931275347,inf
22,102,inf,inf,inf,459.31470692761405,inf
22,103,inf,inf,inf,1303.0333840696485,inf
22,104,inf,inf,inf,1017.8644310516013,inf
22,105,inf,inf,inf,806.8704976636585,inf
22,106,inf,inf,inf,1430.5593311708535,inf
22,107,inf,inf,inf,637.0973238053979,inf
22,108,inf,inf,inf,539.8935080180164,inf
22,109,inf,inf,inf,1182.5603578676228,inf
22,110,inf,inf,inf,209.34660255184463,inf
22,111,inf,inf,inf,526.7722468012148,inf
22,112,inf,inf,inf,1288.9146597040474,inf
22,113,inf,inf,inf,615.2479175096817,inf
22,114,inf,inf,inf,1423.4201768978828,inf
22,115,inf,inf,inf,846.4992616653602,inf
22,116,inf,inf,inf,727.2145488093593,inf
22,117,inf,inf,inf,1239.4982855978462,inf
22,118,inf,inf,inf,520.6169417143473,inf
22,119,inf,inf,inf,1338.9731139944522,inf
22,120,inf,inf,inf,493.42983290433506,inf
22,121,inf,inf,inf,1211.486689980538,inf
22,122,inf,inf,inf,561.0926839658489,inf
22,123,inf,inf,inf,431.1531050566608,inf
22,124,inf,inf,inf,613.5796606798501,inf
22,125,inf,inf,inf,537.9256454195133,inf
22,126,inf,inf,inf,987.9119393954098,inf
22,127,inf,inf,inf,538.5471195726517,inf
22,128,inf,inf,inf,607.2972912832726,inf
22,129,inf,inf,inf,767.807918688001,inf
22,130,inf,inf,inf,599.7241032341454,inf
22,131,inf,inf,inf,1392.0908734705504,inf
22,132,inf,inf,inf,995.3255748748747,inf
22,133,inf,inf,inf,693.1846795768066,inf
22,134,inf,inf,inf,79.88116173416608,inf
22,135,inf,inf,inf,1337.432241274301,inf
22,136,inf,inf,inf,250.44959572736389,inf
22,137,inf,inf,inf,351.1936787586018,inf
22,138,inf,inf,inf,94.03190947758107,inf
22,139,inf,inf,inf,1169.5169943185947,inf
22,140,inf,inf,inf,1391.0140186209483,inf
22,141,inf,inf,inf,729.2420722914991,inf
22,142,inf,inf,inf,372.50503352303843,inf
22,143,inf,inf,inf,782.9955300000122,inf
22,144,inf,inf,inf,713.3540495434228,inf
22,145,inf,inf,inf,815.4563139739614,inf
22,146,inf,inf,inf,706.9123000768907,inf
22,147,inf,inf,inf,789.7043750670247,inf
22,148,inf,inf,inf,949.9289447111295,inf
22,149,inf,inf,inf,450.9944567286831,inf
22,150,inf,inf,inf,774.6850973137408,inf
22,151,inf,inf,inf,1341.1416778252774,inf
22,152,inf,inf,inf,288.7247824486149,inf
22,153,inf,inf,inf,599.3037627113649,inf
22,154,inf,inf,inf,172.07265907168403,inf
22,155,inf,inf,inf,780.5395569732517,inf
22,156,inf,inf,inf,505.8141951349329,inf
22,157,inf,inf,inf,882.8912730342281,inf
22,158,inf,inf,inf,961.7744018219657,inf
22,159,inf,inf,inf,717.1534006054771,inf
22,160,inf,inf,inf,259.2778432492835,inf
22,161,inf,inf,inf,374.16172973728885,inf
23,24,inf,inf,inf,757.0006605016933,inf
23,25,inf,inf,inf,492.590093282437,inf
23,26,inf,inf,inf,805.6829401197471,inf
23,27,inf,inf,inf,321.90837205639747,inf
23,28,inf,inf,inf,852.0845028516832,inf
23,29,inf,inf,inf,786.8112861417279,inf
23,30,inf,inf,inf,916.3323632831049,inf
23,31,inf,inf,inf,488.4639188312684,inf
23,32,inf,inf,inf,639.8320092024155,inf
23,33,inf,inf,inf,1126.5567007479028,inf
23,34,inf,inf,inf,455.5930201396856,inf
23,35,inf,inf,inf,703.1841863978456,inf
23,36,inf,inf,inf,316.4316671889841,inf
23,37,inf,inf,inf,572.647360947381,inf
23,38,inf,inf,inf,361.00554012369395,inf
23,39,inf,inf,inf,317.8443015062564,inf
23,40,inf,inf,inf,965.8535085612103,inf
23,41,inf,inf,inf,400.60454315946043,inf
23,42,inf,inf,inf,893.5468650272352,inf
23,43,inf,inf,inf,503.43221986678606,inf
23,44,inf,inf,inf,762.6401510542177,inf
23,45,inf,inf,inf,350.27132340515686,inf
23,46,inf,inf,inf,746.8125601514747,inf
23,47,inf,inf,inf,631.4942596730393,inf
23,48,inf,inf,inf,206.30317496345035,inf
23,49,inf,inf,inf,236.48467180770933,inf
23,50,inf,inf,inf,576.4069742811931,inf
23,51,inf,inf,inf,342.65434478494507,inf
23,52,inf,inf,inf,275.52313877422347,inf
23,53,inf,inf,inf,313.06548835666956,inf
23,54,inf,inf,inf,1169.2775547319807,inf
23,55,inf,inf,inf,1086.5804157999535,inf
23,56,inf,inf,inf,653.9617725830769,inf
23,57,inf,inf,inf,736.2200757925581,inf
23,58,inf,inf,inf,722.8755079541705,inf
23,59,inf,inf,inf,502.8717530345088,inf
23,60,inf,inf,inf,530.2122216622322,inf
23,61,inf,inf,inf,263.8275952208184,inf
23,62,inf,inf,inf,325.123053627392,inf
23,63,inf,inf,inf,434.60901969471365,inf
23,64,inf,inf,inf,300.1283058959951,inf
23,65,inf,inf,inf,392.65761166695853,inf
23,66,inf,inf,inf,422.2913686070318,inf
23,67,inf,inf,inf,1144.6208979395753,inf
23,68,inf,inf,inf,451.9480058590811,inf
23,69,inf,inf,inf,77.87810988975015,inf
23,70,inf,inf,inf,362.8002205070995,inf
23,71,inf,inf,inf,439.8465641561839,inf
23,72,inf,inf,inf,445.1539059696096,inf
23,73,inf,inf,inf,847.92570429254,inf
23,74,inf,inf,inf,404.7381869801761,inf
23,75,inf,inf,inf,186.27130750601393,inf
23,76,inf,inf,inf,530.0943312279429,inf
23,77,inf,inf,inf,631.9382881263011,inf
23,78,inf,inf,inf,385.12595342303274,inf
23,79,inf,inf,inf,146.53668482670133,inf
23,80,inf,inf,inf,798.3144743771091,inf
23,81,inf,inf,inf,766.6452895570415,inf
23,82,inf,inf,inf,487.201190474736,inf
23,83,inf,inf,inf,624.318027931278,inf
23,84,inf,inf,inf,348.93695705671536,inf
23,85,inf,inf,inf,915.9721611490165,inf
23,86,inf,inf,inf,408.7358560244012,inf
23,87,inf,inf,inf,150.86749152816188,inf
23,88,inf,inf,inf,857.462535624735,inf
23,89,inf,inf,inf,392.04591567825315,inf
23,90,inf,inf,inf,962.672322236388,inf
23,91,inf,inf,inf,427.48099372954584,inf
23,92,inf,inf,inf,689.6317858103699,inf
23,93,inf,inf,inf,311.8926097232828,inf
23,94,inf,inf,inf,263.60007587252323,inf
23,95,inf,inf,inf,235.1361307838504,inf
23,96,inf,inf,inf,150.08331019803634,inf
23,97,inf,inf,inf,1156.4099619079732,inf
23,98,inf,inf,inf,434.1082814229648,inf
23,99,inf,inf,inf,1005.4302561590237,inf
23,100,inf,inf,inf,483.3642518846424,inf
23,101,inf,inf,inf,653.3314625823557,inf
23,102,inf,inf,inf,536.478331342469,inf
23,103,inf,inf,inf,879.2002047315503,inf
23,104,inf,inf,inf,368.6800781165155,inf
23,105,inf,inf,inf,212.20037700249262,inf
23,106,inf,inf,inf,633.966087421086,inf
23,107,inf,inf,inf,421.4451328464952,inf
23,108,inf,inf,inf,453.1864958270491,inf
23,109,inf,inf,inf,1078.614852484426,inf
23,110,inf,inf,inf,1085.9894106297722,inf
23,111,inf,inf,inf,451.48864880526065,inf
23,112,inf,inf,inf,632.3163765078365,inf
23,113,inf,inf,inf,393.8591118661596,inf
23,114,inf,inf,inf,776.2538244672293,inf
23,115,inf,inf,inf,1165.8696325061392,inf
23,116,inf,inf,inf,405.8423339179884,inf
23,117,inf,inf,inf,479.59253538811464,inf
23,118,inf,inf,inf,749.234943125319,inf
23,119,inf,inf,inf,381.87170620510756,inf
23,120,inf,inf,inf,541.2670320645808,inf
23,121,inf,inf,inf,1041.6549332672505,inf
23,122,inf,inf,inf,1018.2534065742182,inf
23,123,inf,inf,inf,1138.2732536610004,inf
23,124,inf,inf,inf,425.77576257931827,inf
23,125,inf,inf,inf,1063.8576032533676,inf
23,126,inf,inf,inf,677.153601481968,inf
23,127,inf,inf,inf,582.7400792806343,inf
23,128,inf,inf,inf,500.4048361077259,inf
23,129,inf,inf,inf,431.84487955746334,inf
23,130,inf,inf,inf,632.1091677867043,inf
23,131,inf,inf,inf,484.06611118730467,inf
23,132,inf,inf,inf,1146.6446703316594,inf
23,133,inf,inf,inf,317.80497164141406,inf
23,134,inf,inf,inf,886.2697106411795,inf
23,135,inf,inf,inf,560.0446410778341,inf
23,136,inf,inf,inf,910.3065417759009,inf
23,137,inf,inf,inf,1121.500780204811,inf
23,138,inf,inf,inf,894.24884679825,inf
23,139,inf,inf,inf,314.8412298286233,inf
23,140,inf,inf,inf,863.4402121745316,inf
23,141,inf,inf,inf,316.4253466459348,inf
23,142,inf,inf,inf,749.9286632740477,inf
23,143,inf,inf,inf,219.9659064491586,inf
23,144,inf,inf,inf,1128.1121398158962,inf
23,145,inf,inf,inf,473.8966131974357,inf
23,146,inf,inf,inf,265.0018867857359,inf
23,147,inf,inf,inf,171.45261736118232,inf
23,148,inf,inf,inf,414.76981568093885,inf
23,149,inf,inf,inf,625.2015674964355,inf
23,150,inf,inf,inf,316.9479452528443,inf
23,151,inf,inf,inf,390.0897332665909,inf
23,152,inf,inf,inf,1090.0041284325487,inf
23,153,inf,inf,inf,635.3455752580638,inf
23,154,inf,inf,inf,796.9504376057522,inf
23,155,inf,inf,inf,218.68013169924697,inf
23,156,inf,inf,inf,908.2163839085925,inf
23,157,inf,inf,inf,102.80077820717118,inf
23,158,inf,inf,inf,312.2579062249665,inf
23,159,inf,inf,inf,609.6244745743071,inf
23,160,inf,inf,inf,1096.658561266906,inf
23,161,inf,inf,inf,610.1229384312641,inf
24,25,inf,inf,inf,870.3591212827037,inf
24,26,inf,inf,inf,234.06195760951843,inf
24,27,inf,inf,inf,1078.7608632129736,inf
24,28,inf,inf,inf,117.88977903109328,inf
24,29,inf,inf,inf,311.1944729586308,inf
24,30,inf,inf,inf,213.03755537463343,inf
24,31,inf,inf,inf,441.2221662609439,inf
24,32,inf,inf,inf,716.8298263883835,inf
24,33,inf,inf,inf,510.7837115648854,inf
24,34,inf,inf,inf,311.3278015211619,inf
24,35,inf,inf,inf,787.8185070179552,inf
24,36,inf,inf,inf,679.4181334053427,inf
24,37,inf,inf,inf,661.6078899166787,inf
24,38,inf,inf,inf,973.1315430094742,inf
24,39,inf,inf,inf,749.9633324369933,inf
24,40,inf,inf,inf,342.0716299256634,inf
24,41,inf,inf,inf,461.46939226778625,inf
24,42,inf,inf,inf,681.8621561576797,inf
24,43,inf,inf,inf,688.2397837963161,inf
24,44,inf,inf,inf,1094.591247909465,inf
24,45,inf,inf,inf,1098.1165694041777,inf
24,46,inf,inf,inf,10.44030650891055,inf
24,47,inf,inf,inf,869.899419473309,inf
24,48,inf,inf,inf,914.6698858058027,inf
24,49,inf,inf,inf,858.6763068817027,inf
24,50,inf,inf,inf,797.7248899213312,inf
24,51,inf,inf,inf,994.2645523199548,inf
24,52,inf,inf,inf,883.7493988682538,inf
24,53,inf,inf,inf,1063.2121143026918,inf
24,54,inf,inf,inf,599.6832497243857,inf
24,55,inf,inf,inf,834.5280103148126,inf
24,56,inf,inf,inf,789.2122654900899,inf
24,57,inf,inf,inf,75.43208866258443,inf
24,58,inf,inf,inf,451.29701971096597,inf
24,59,inf,inf,inf,1025.8118735908647,inf
24,60,inf,inf,inf,1126.3236657373404,inf
24,61,inf,inf,inf,954.4867730880297,inf
24,62,inf,inf,inf,1082.111362106507,inf
24,63,inf,inf,inf,343.02332282222443,inf
24,64,inf,inf,inf,628.7901080646864,inf
24,65,inf,inf,inf,420.2023322162789,inf
24,66,inf,inf,inf,920.6084944209455,inf
24,67,inf,inf,inf,721.7596552869937,inf
24,68,inf,inf,inf,724.2492664821967,inf
24,69,inf,inf,inf,831.8683790119685,inf
24,70,inf,inf,inf,586.1689176338166,inf
24,71,inf,inf,inf,1123.5679774717682,inf
24,72,inf,inf,inf,660.1605865242184,inf
24,73,inf,inf,inf,556.1726350693641,inf
24,74,inf,inf,inf,367.441151750862,inf
24,75,inf,inf,inf,900.1538757345879,inf
24,76,inf,inf,inf,561.9697500755713,inf
24,77,inf,inf,inf,1126.4705943787437,inf
24,78,inf,inf,inf,475.55441329042463,inf
24,79,inf,inf,inf,618.0072815105013,inf
24,80,inf,inf,inf,475.09577981708065,inf
24,81,inf,inf,inf,53.150729063673246,inf
24,82,inf,inf,inf,574.9304305739956,inf
24,83,inf,inf,inf,301.21918929576844,inf
24,84,inf,inf,inf,918.7257479792323,inf
24,85,inf,inf,inf,282.81619472724685,inf
24,86,inf,inf,inf,385.3894134508627,inf
24,87,inf,inf,inf,619.1292272215874,inf
24,88,inf,inf,inf,849.3950788649531,inf
24,89,inf,inf,inf,574.6738205277843,inf
24,90,inf,inf,inf,978.0020449876371,inf
24,91,inf,inf,inf,414.69265727765185,inf
24,92,inf,inf,inf,1093.1431745201542,inf
24,93,inf,inf,inf,1049.0266917481176,inf
24,94,inf,inf,inf,493.6851223198852,inf
24,95,inf,inf,inf,801.3170408770801,inf
24,96,inf,inf,inf,692.275234281857,inf
24,97,inf,inf,inf,658.1443610637411,inf
24,98,inf,inf,inf,486.00411520891464,inf
24,99,inf,inf,inf,401.9950248448356,inf
24,100,inf,inf,inf,517.10830587025,inf
24,101,inf,inf,inf,784.991719701552,inf
24,102,inf,inf,inf,419.7487343637858,inf
24,103,inf,inf,inf,961.5887894521234,inf
24,104,inf,inf,inf,717.2900389661075,inf
24,105,inf,inf,inf,667.0899489574101,inf
24,106,inf,inf,inf,1126.1229950587103,inf
24,107,inf,inf,inf,356.9677856613955,inf
24,108,inf,inf,inf,304.9065430586887,inf
24,109,inf,inf,inf,856.3293758829018,inf
24,110,inf,inf,inf,358.93314140658566,inf
24,111,inf,inf,inf,313.3560275469422,inf
24,112,inf,inf,inf,966.2059821797834,inf
24,113,inf,inf,inf,365.0,inf
24,114,inf,inf,inf,1094.4404963267762,inf
24,115,inf,inf,inf,601.4000332557357,inf
24,116,inf,inf,inf,428.9731926356238,inf
24,117,inf,inf,inf,937.8107484988642,inf
24,118,inf,inf,inf,649.1941158082072,inf
24,119,inf,inf,inf,1108.519733698954,inf
24,120,inf,inf,inf,480.9365862564419,inf
24,121,inf,inf,inf,878.7291960553035,inf
24,122,inf,inf,inf,340.3086834037592,inf
24,123,inf,inf,inf,384.67648745406836,inf
24,124,inf,inf,inf,551.0580731647074,inf
24,125,inf,inf,inf,357.76109346881196,inf
24,126,inf,inf,inf,647.4079085090018,inf
24,127,inf,inf,inf,569.6455038003899,inf
24,128,inf,inf,inf,594.6974020457799,inf
24,129,inf,inf,inf,729.7122720634483,inf
24,130,inf,inf,inf,260.5993092853471,inf
24,131,inf,inf,inf,1124.0507105998377,inf
24,132,inf,inf,inf,708.2824295434696,inf
24,133,inf,inf,inf,445.25273721786374,inf
24,134,inf,inf,inf,271.3005713226568,inf
24,135,inf,inf,inf,1033.3053759658856,inf
24,136,inf,inf,inf,503.4361925805494,inf
24,137,inf,inf,inf,365.0123285589132,inf
24,138,inf,inf,inf,247.83260479605988,inf
24,139,inf,inf,inf,897.6775590377649,inf
24,140,inf,inf,inf,1052.4775532048177,inf
24,141,inf,inf,inf,465.15051327500436,inf
24,142,inf,inf,inf,507.2800015770383,inf
24,143,inf,inf,inf,639.8476381139498,inf
24,144,inf,inf,inf,494.8100645702349,inf
24,145,inf,inf,inf,493.6881606844547,inf
24,146,inf,inf,inf,493.18961870663907,inf
24,147,inf,inf,inf,600.2549458355174,inf
24,148,inf,inf,inf,638.329068741194,inf
24,149,inf,inf,inf,498.5549117198626,inf
24,150,inf,inf,inf,497.5399481448701,inf
24,151,inf,inf,inf,1102.6694881060234,inf
24,152,inf,inf,inf,339.01179920468843,inf
24,153,inf,inf,inf,663.1696615497425,inf
24,154,inf,inf,inf,298.0268444284843,inf
24,155,inf,inf,inf,545.0330265222466,inf
24,156,inf,inf,inf,238.0693176366917,inf
24,157,inf,inf,inf,706.4120610521878,inf
24,158,inf,inf,inf,864.3176499412701,inf
24,159,inf,inf,inf,761.5064018115672,inf
24,160,inf,inf,inf,353.4543817807328,inf
24,161,inf,inf,inf,362.7947077894053,inf
25,26,inf,inf,inf,776.5590769542263,inf
25,27,inf,inf,inf,599.6165441346661,inf
25,28,inf,inf,inf,911.5420999602816,inf
25,29,inf,inf,inf,708.7037462861333,inf
25,30,inf,inf,inf,927.7111619464325,inf
25,31,inf,inf,inf,430.59029250553243,inf
25,32,inf,inf,inf,1085.4768537375635,inf
25,33,inf,inf,inf,1358.7586246276414,inf
25,34,inf,inf,inf,689.0457169157936,inf
25,35,inf,inf,inf,1158.1455003582234,inf
25,36,inf,inf,inf,230.63390904201404,inf
25,37,inf,inf,inf,1011.1775313959463,inf
25,38,inf,inf,inf,260.6338427756457,inf
25,39,inf,inf,inf,185.31055015837603,inf
25,40,inf,inf,inf,1183.970438820159,inf
25,41,inf,inf,inf,760.6608968522045,inf
25,42,inf,inf,inf,1283.155875176512,inf
25,43,inf,inf,inf,957.3280524459732,inf
25,44,inf,inf,inf,1254.9856572885603,inf
25,45,inf,inf,inf,696.6010335909644,inf
25,46,inf,inf,inf,860.6753162488163,inf
25,47,inf,inf,inf,1111.2380483046825,inf
25,48,inf,inf,inf,391.4613646325778,inf
25,49,inf,inf,inf,287.5586896617802,inf
25,50,inf,inf,inf,150.5257453062432,inf
25,51,inf,inf,inf,315.83065082414026,inf
25,52,inf,inf,inf,261.8472837361503,inf
25,53,inf,inf,inf,536.8286505021877,inf
25,54,inf,inf,inf,1430.6589390906556,inf
25,55,inf,inf,inf,1478.9415133804312,inf
25,56,inf,inf,inf,1115.7172580900592,inf
25,57,inf,inf,inf,811.2983421651988,inf
25,58,inf,inf,inf,555.409758646713,inf
25,59,inf,inf,inf,989.2365743339659,inf
25,60,inf,inf,inf,995.3893710503443,inf
25,61,inf,inf,inf,719.573484781089,inf
25,62,inf,inf,inf,608.2795410006817,inf
25,63,inf,inf,inf,696.8299649125316,inf
25,64,inf,inf,inf,284.541736833105,inf
25,65,inf,inf,inf,717.0808880454143,inf
25,66,inf,inf,inf,125.7179382586272,inf
25,67,inf,inf,inf,1475.9905148746723,inf
25,68,inf,inf,inf,920.0912998175779,inf
25,69,inf,inf,inf,525.8478867505316,inf
25,70,inf,inf,inf,790.230978891615,inf
25,71,inf,inf,inf,865.8059828853113,inf
25,72,inf,inf,inf,211.06634028191232,inf
25,73,inf,inf,inf,613.0815606426277,inf
25,74,inf,inf,inf,548.8023323565599,inf
25,75,inf,inf,inf,400.38481489686893,inf
25,76,inf,inf,inf,939.4301464185615,inf
25,77,inf,inf,inf,1116.7600458469133,inf
25,78,inf,inf,inf,407.6186943701184,inf
25,79,inf,inf,inf,542.6693284128006,inf
25,80,inf,inf,inf,1133.4447494253966,inf
25,81,inf,inf,inf,907.331251528349,inf
25,82,inf,inf,inf,303.71368095625854,inf
25,83,inf,inf,inf,908.1024171314599,inf
25,84,inf,inf,inf,207.8942038634074,inf
25,85,inf,inf,inf,1124.3887228178696,inf
25,86,inf,inf,inf,705.3183678311518,inf
25,87,inf,inf,inf,447.5086591340999,inf
25,88,inf,inf,inf,1303.5846731225402,inf
25,89,inf,inf,inf,814.1038017353807,inf
25,90,inf,inf,inf,1420.9774804689905,inf
25,91,inf,inf,inf,463.1813899543029,inf
25,92,inf,inf,inf,1181.6602726672331,inf
25,93,inf,inf,inf,485.1267875514606,inf
25,94,inf,inf,inf,549.1812087098392,inf
25,95,inf,inf,inf,260.4995201531089,inf
25,96,inf,inf,inf,364.1977484828812,inf
25,97,inf,inf,inf,1454.1819005887812,inf
25,98,inf,inf,inf,384.94804844290354,inf
25,99,inf,inf,inf,910.7826304887462,inf
25,100,inf,inf,inf,357.76249104678374,inf
25,101,inf,inf,inf,1114.208687813912,inf
25,102,inf,inf,inf,460.6821029734062,inf
25,103,inf,inf,inf,1346.6142729081703,inf
25,104,inf,inf,inf,841.4998514557207,inf
25,105,inf,inf,inf,321.4000622277475,inf
25,106,inf,inf,inf,1119.082660039016,inf
25,107,inf,inf,inf,690.9044796496836,inf
25,108,inf,inf,inf,627.4081606099812,inf
25,109,inf,inf,inf,1480.2300496882233,inf
25,110,inf,inf,inf,1082.266141020775,inf
25,111,inf,inf,inf,599.4038705247073,inf
25,112,inf,inf,inf,1122.9412273133444,inf
25,113,inf,inf,inf,627.3914248696742,inf
25,114,inf,inf,inf,1268.315812406358,inf
25,115,inf,inf,inf,1429.941607199399,inf
25,116,inf,inf,inf,742.9703897195366,inf
25,117,inf,inf,inf,972.0915594736948,inf
25,118,inf,inf,inf,442.0904884749275,inf
25,119,inf,inf,inf,768.8257279774136,inf
25,120,inf,inf,inf,408.8239229790742,inf
25,121,inf,inf,inf,1459.1538644022432,inf
25,122,inf,inf,inf,1204.2196643469995,inf
25,123,inf,inf,inf,1229.8166530015765,inf
25,124,inf,inf,inf,319.4526568992658,inf
25,125,inf,inf,inf,1227.7792961277692,inf
25,126,inf,inf,inf,1097.0250680818556,inf
25,127,inf,inf,inf,354.6110545372211,inf
25,128,inf,inf,inf,289.1712295509358,inf
25,129,inf,inf,inf,140.92906016858268,inf
25,130,inf,inf,inf,893.725349310402,inf
25,131,inf,inf,inf,933.9448591860228,inf
25,132,inf,inf,inf,1471.4227808485227,inf
25,133,inf,inf,inf,604.9338806844927,inf
25,134,inf,inf,inf,843.8702506902349,inf
25,135,inf,inf,inf,1050.1737951405948,inf
25,136,inf,inf,inf,720.1117968760128,inf
25,137,inf,inf,inf,1179.466404778025,inf
25,138,inf,inf,inf,870.1838886120565,inf
25,139,inf,inf,inf,803.3554630423571,inf
25,140,inf,inf,inf,1347.0033407530955,inf
25,141,inf,inf,inf,642.8187925068775,inf
25,142,inf,inf,inf,541.798855665089,inf
25,143,inf,inf,inf,337.146852276571,inf
25,144,inf,inf,inf,1349.162703308982,inf
25,145,inf,inf,inf,857.2963314980416,inf
25,146,inf,inf,inf,522.1848331769125,inf
25,147,inf,inf,inf,446.1714916934967,inf
25,148,inf,inf,inf,860.8327363663628,inf
25,149,inf,inf,inf,441.69899252771677,inf
25,150,inf,inf,inf,681.7807565486137,inf
25,151,inf,inf,inf,795.5934891639072,inf
25,152,inf,inf,inf,1127.9875885842007,inf
25,153,inf,inf,inf,318.2656123428983,inf
25,154,inf,inf,inf,727.1595423289169,inf
25,155,inf,inf,inf,564.6237685397242,inf
25,156,inf,inf,inf,1093.6297362453163,inf
25,157,inf,inf,inf,405.1777387764535,inf
25,158,inf,inf,inf,203.42074623793906,inf
25,159,inf,inf,inf,213.92755783208483,inf
25,160,inf,inf,inf,1116.2817744637775,inf
25,161,inf,inf,inf,538.4542691817013,inf
26,27,inf,inf,inf,1115.0784725749124,inf
26,28,inf,inf,inf,177.71043863543863,inf
26,29,inf,inf,inf,89.47066558375433,inf
26,30,inf,inf,inf,153.68799562750502,inf
26,31,inf,inf,inf,365.2998768135571,inf
26,32,inf,inf,inf,918.0893202733599,inf
26,33,inf,inf,inf,710.5638606064905,inf
26,34,inf,inf,inf,434.1658669218482,inf
26,35,inf,inf,inf,993.3121362391582,inf
26,36,inf,inf,inf,633.3182454343156,inf
26,37,inf,inf,inf,855.2075771413628,inf
26,38,inf,inf,inf,936.2574432280899,inf
26,39,inf,inf,inf,701.410008482913,inf
26,40,inf,inf,inf,555.4043572029301,inf
26,41,inf,inf,inf,612.7095559888062,inf
26,42,inf,inf,inf,913.2869209618628,inf
26,43,inf,inf,inf,867.016147485155,inf
26,44,inf,inf,inf,1277.1550414886988,inf
26,45,inf,inf,inf,1155.9173845911307,inf
26,46,inf,inf,inf,232.6413548791358,inf
26,47,inf,inf,inf,1056.561403800082,inf
26,48,inf,inf,inf,921.23938257111,inf
26,49,inf,inf,inf,842.6683807999443,inf
26,50,inf,inf,inf,671.7216685503007,inf
26,51,inf,inf,inf,969.08874722597,inf
26,52,inf,inf,inf,858.7292937823887,inf
26,53,inf,inf,inf,1085.8052311533593,inf
26,54,inf,inf,inf,807.6961062181741,inf
26,55,inf,inf,inf,1068.58036665475,inf
26,56,inf,inf,inf,987.0992857863894,inf
26,57,inf,inf,inf,166.67633305301626,inf
26,58,inf,inf,inf,259.6690201005888,inf
26,59,inf,inf,inf,1164.8712375194093,inf
26,60,inf,inf,inf,1250.8253275337847,inf
26,61,inf,inf,inf,1040.8698285568662,inf
26,62,inf,inf,inf,1120.0892821556681,inf
26,63,inf,inf,inf,472.27110858065413,inf
26,64,inf,inf,inf,594.2793955708039,inf
26,65,inf,inf,inf,558.1729122771903,inf
26,66,inf,inf,inf,854.5741629607111,inf
26,67,inf,inf,inf,949.8968365038385,inf
26,68,inf,inf,inf,890.0359543299361,inf
26,69,inf,inf,inf,883.5609769563163,inf
26,70,inf,inf,inf,735.3318978529355,inf
26,71,inf,inf,inf,1218.5532405274707,inf
26,72,inf,inf,inf,570.2920304545734,inf
26,73,inf,inf,inf,334.96417718914364,inf
26,74,inf,inf,inf,405.4084360247083,inf
26,75,inf,inf,inf,910.7930610188024,inf
26,76,inf,inf,inf,752.0804478245661,inf
26,77,inf,inf,inf,1277.2114155456018,inf
26,78,inf,inf,inf,445.00449435932666,inf
26,79,inf,inf,inf,688.2165356920742,inf
26,80,inf,inf,inf,706.9915133861226,inf
26,81,inf,inf,inf,286.27609051403505,inf
26,82,inf,inf,inf,474.14132914142806,inf
26,83,inf,inf,inf,512.9541889876717,inf
26,84,inf,inf,inf,875.4975728121694,inf
26,85,inf,inf,inf,500.35387477264527,inf
26,86,inf,inf,inf,519.2783453986889,inf
26,87,inf,inf,inf,655.4296300900654,inf
26,88,inf,inf,inf,1069.6022625256549,inf
26,89,inf,inf,inf,731.6317379665811,inf
26,90,inf,inf,inf,1199.9520823766256,inf
26,91,inf,inf,inf,388.5678833871889,inf
26,92,inf,inf,inf,1262.071709531594,inf
26,93,inf,inf,inf,1060.3697468336222,inf
26,94,inf,inf,inf,563.0381869820199,inf
26,95,inf,inf,inf,780.1589581617326,inf
26,96,inf,inf,inf,702.0797675478193,inf
26,97,inf,inf,inf,878.5516490224123,inf
26,98,inf,inf,inf,424.976469936866,inf
26,99,inf,inf,inf,209.45882650296693,inf
26,100,inf,inf,inf,425.17996189848833,inf
26,101,inf,inf,inf,983.1302050084719,inf
26,102,inf,inf,inf,323.5428874198906,inf
26,103,inf,inf,inf,1175.84097564254,inf
26,104,inf,inf,inf,865.1300480274627,inf
26,105,inf,inf,inf,659.0371764931019,inf
26,106,inf,inf,inf,1277.4012682004038,inf
26,107,inf,inf,inf,483.872917200374,inf
26,108,inf,inf,inf,383.3914448706439,inf
26,109,inf,inf,inf,1090.1582453937594,inf
26,110,inf,inf,inf,307.688153818115,inf
26,111,inf,inf,inf,369.5416079415145,inf
26,112,inf,inf,inf,1141.9794218811476,inf
26,113,inf,inf,inf,458.9553355175207,inf
26,114,inf,inf,inf,1279.4330775777216,inf
26,115,inf,inf,inf,810.6719435135276,inf
26,116,inf,inf,inf,576.191808341632,inf
26,117,inf,inf,inf,1086.2053212905928,inf
26,118,inf,inf,inf,460.40851425663277,inf
26,119,inf,inf,inf,1182.5603578676228,inf
26,120,inf,inf,inf,368.2458417959394,inf
26,121,inf,inf,inf,1111.0652546092872,inf
26,122,inf,inf,inf,530.4724309518828,inf
26,123,inf,inf,inf,470.4604127873035,inf
26,124,inf,inf,inf,478.6585421780332,inf
26,125,inf,inf,inf,525.480732282355,inf
26,126,inf,inf,inf,858.8294359184482,inf
26,127,inf,inf,inf,432.0567092408125,inf
26,128,inf,inf,inf,487.40947877529015,inf
26,129,inf,inf,inf,644.2864269872523,inf
26,130,inf,inf,inf,472.75892376559113,inf
26,131,inf,inf,inf,1234.9433185373327,inf
26,132,inf,inf,inf,935.1753846204465,inf
26,133,inf,inf,inf,536.269521789184,inf
26,134,inf,inf,inf,80.60397012554654,inf
26,135,inf,inf,inf,1184.4074467851003,inf
26,136,inf,inf,inf,270.09072549793336,inf
26,137,inf,inf,inf,408.3882956207242,inf
26,138,inf,inf,inf,95.70788891204319,inf
26,139,inf,inf,inf,1012.719112093773,inf
26,140,inf,inf,inf,1256.2046011697298,inf
26,141,inf,inf,inf,573.149195236284,inf
26,142,inf,inf,inf,308.14606925936926,inf
26,143,inf,inf,inf,634.2554690343632,inf
26,144,inf,inf,inf,689.141494905074,inf
26,145,inf,inf,inf,671.0178835172726,inf
26,146,inf,inf,inf,549.9245402780276,inf
26,147,inf,inf,inf,634.8330489191627,inf
26,148,inf,inf,inf,800.42801050438,inf
26,149,inf,inf,inf,346.4592328110192,inf
26,150,inf,inf,inf,619.6006778563109,inf
26,151,inf,inf,inf,1184.2824831939379,inf
26,152,inf,inf,inf,353.2930794680247,inf
26,153,inf,inf,inf,509.4752202021213,inf
26,154,inf,inf,inf,71.30918594402827,inf
26,155,inf,inf,inf,623.2335035923534,inf
26,156,inf,inf,inf,448.7426879627121,inf
26,157,inf,inf,inf,730.2061352796209,inf
26,158,inf,inf,inf,824.9557563893957,inf
26,159,inf,inf,inf,622.511847276821,inf
26,160,inf,inf,inf,339.73666272570586,inf
26,161,inf,inf,inf,240.05207768315609,inf
27,28,inf,inf,inf,1172.2256608691007,inf
27,29,inf,inf,inf,1086.7092527442655,inf
27,30,inf,inf,inf,1233.182873705275,inf
27,31,inf,inf,inf,773.389940456947,inf
27,32,inf,inf,inf,851.5867542417508,inf
27,33,inf,inf,inf,1433.3823635024955,inf
27,34,inf,inf,inf,776.6208856321082,inf
27,35,inf,inf,inf,896.0318074711411,inf
27,36,inf,inf,inf,535.7648738019319,inf
27,37,inf,inf,inf,799.8124780221924,inf
27,38,inf,inf,inf,350.5567001213926,inf
27,39,inf,inf,inf,494.85351367854304,inf
27,40,inf,inf,inf,1278.1932561236583,inf
27,41,inf,inf,inf,700.0921367934367,inf
27,42,inf,inf,inf,1141.3855614997065,inf
27,43,inf,inf,inf,719.3114763438715,inf
27,44,inf,inf,inf,827.3723466493185,inf
27,45,inf,inf,inf,108.4665847162157,inf
27,46,inf,inf,inf,1068.547612416031,inf
27,47,inf,inf,inf,779.8525501657349,inf
27,48,inf,inf,inf,221.05655384991417,inf
27,49,inf,inf,inf,329.013677527242,inf
27,50,inf,inf,inf,733.0552503051867,inf
27,51,inf,inf,inf,296.33933252270106,inf
27,52,inf,inf,inf,342.5317503531607,inf
27,53,inf,inf,inf,68.00735254367721,inf
27,54,inf,inf,inf,1467.9322191436497,inf
27,55,inf,inf,inf,1324.006042282285,inf
27,56,inf,inf,inf,840.2148534749906,inf
27,57,inf,inf,inf,1056.136828256642,inf
27,58,inf,inf,inf,997.7193994305212,inf
27,59,inf,inf,inf,521.0614167255143,inf
27,60,inf,inf,inf,468.20935488304804,inf
27,61,inf,inf,inf,252.4480144505003,inf
27,62,inf,inf,inf,8.94427190999916,inf
27,63,inf,inf,inf,753.8965446266484,inf
27,64,inf,inf,inf,549.3923916473543,inf
27,65,inf,inf,inf,703.7506660742852,inf
27,66,inf,inf,inf,481.0041579861862,inf
27,67,inf,inf,inf,1417.4596996034843,inf
27,68,inf,inf,inf,651.9907974810687,inf
27,69,inf,inf,inf,249.47945807220282,inf
27,70,inf,inf,inf,628.5451455543985,inf
27,71,inf,inf,inf,305.28675044947494,inf
27,72,inf,inf,inf,659.7855712275011,inf
27,73,inf,inf,inf,1107.9228312477362,inf
27,74,inf,inf,inf,722.0997161057467,inf
27,75,inf,inf,inf,221.8828519737386,inf
27,76,inf,inf,inf,789.002534850174,inf
27,77,inf,inf,inf,625.2687422220945,inf
27,78,inf,inf,inf,676.503510707816,inf
27,79,inf,inf,inf,465.207480593337,inf
27,80,inf,inf,inf,1081.7398023554463,inf
27,81,inf,inf,inf,1088.434655824593,inf
27,82,inf,inf,inf,732.3182368342332,inf
27,83,inf,inf,inf,932.5331093317814,inf
27,84,inf,inf,inf,392.62195557558925,inf
27,85,inf,inf,inf,1230.7111765154325,inf
27,86,inf,inf,inf,724.4929261214356,inf
27,87,inf,inf,inf,464.1077461107496,inf
27,88,inf,inf,inf,1051.7019539774565,inf
27,89,inf,inf,inf,657.7423507727019,inf
27,90,inf,inf,inf,1132.28662449046,inf
27,91,inf,inf,inf,728.1243025747733,inf
27,92,inf,inf,inf,730.0390400519688,inf
27,93,inf,inf,inf,122.93087488503447,inf
27,94,inf,inf,inf,585.5083261577072,inf
27,95,inf,inf,inf,384.166630513375,inf
27,96,inf,inf,inf,415.4274906647368,inf
27,97,inf,inf,inf,1443.304888095374,inf
27,98,inf,inf,inf,713.6000280269053,inf
27,99,inf,inf,inf,1307.900990136486,inf
27,100,inf,inf,inf,747.5466540624739,inf
27,101,inf,inf,inf,841.1640743636167,inf
27,102,inf,inf,inf,821.9878344598538,inf
27,103,inf,inf,inf,1036.8886150402077,inf
27,104,inf,inf,inf,574.6738205277843,inf
27,105,inf,inf,inf,466.9411097772395,inf
27,106,inf,inf,inf,628.504574366806,inf
27,107,inf,inf,inf,740.4059697220167,inf
27,108,inf,inf,inf,774.4888637030232,inf
27,109,inf,inf,inf,1308.8869317095346,inf
27,110,inf,inf,inf,1403.1992018241745,inf
27,111,inf,inf,inf,771.1270971765938,inf
27,112,inf,inf,inf,731.3610599423516,inf
27,113,inf,inf,inf,715.6814934033156,inf
27,114,inf,inf,inf,845.496895322508,inf
27,115,inf,inf,inf,1463.8090722495199,inf
27,116,inf,inf,inf,712.5678915022764,inf
27,117,inf,inf,inf,558.8148172695495,inf
27,118,inf,inf,inf,976.9176014383198,inf
27,119,inf,inf,inf,192.20041623263984,inf
27,120,inf,inf,inf,811.38461903095,inf
27,121,inf,inf,inf,1259.0671149704451,inf
27,122,inf,inf,inf,1334.6329083309763,inf
27,123,inf,inf,inf,1460.1373223091039,inf
27,124,inf,inf,inf,685.0766380486201,inf
27,125,inf,inf,inf,1382.2365933515146,inf
27,126,inf,inf,inf,913.8336828985896,inf
27,127,inf,inf,inf,826.4508454832628,inf
27,128,inf,inf,inf,737.9159843776255,inf
27,129,inf,inf,inf,614.1376067299575,inf
27,130,inf,inf,inf,944.6994230971034,inf
27,131,inf,inf,inf,391.0818328687744,inf
27,132,inf,inf,inf,1422.5290858186345,inf
27,133,inf,inf,inf,638.6900656813131,inf
27,134,inf,inf,inf,1195.486930083303,inf
27,135,inf,inf,inf,594.226387835478,inf
27,136,inf,inf,inf,1186.8079035800192,inf
27,137,inf,inf,inf,1443.0,inf
27,138,inf,inf,inf,1206.3896551280602,inf
27,139,inf,inf,inf,391.1521443121589,inf
27,140,inf,inf,inf,979.0985650076299,inf
27,141,inf,inf,inf,632.5345840347387,inf
27,142,inf,inf,inf,1013.9516753770862,inf
27,143,inf,inf,inf,488.01639316727875,inf
27,144,inf,inf,inf,1437.265459127158,inf
27,145,inf,inf,inf,755.3893036044394,inf
27,146,inf,inf,inf,585.9872012254193,inf
27,147,inf,inf,inf,484.2323822298546,inf
27,148,inf,inf,inf,653.6734658833874,inf
27,149,inf,inf,inf,888.2353291780281,inf
27,150,inf,inf,inf,623.2984838742992,inf
27,151,inf,inf,inf,228.79029699705362,inf
27,152,inf,inf,inf,1410.5119637918708,inf
27,153,inf,inf,inf,850.3934383566233,inf
27,154,inf,inf,inf,1098.8653238682164,inf
27,155,inf,inf,inf,538.624173241417,inf
27,156,inf,inf,inf,1226.018760052227,inf
27,157,inf,inf,inf,384.88050093503045,inf
27,158,inf,inf,inf,401.7959681231259,inf
27,159,inf,inf,inf,785.6443215603356,inf
27,160,inf,inf,inf,1416.0031779625356,inf
27,161,inf,inf,inf,902.7319646495298,inf
28,29,inf,inf,inf,266.8332812825267,inf
28,30,2.0,151.669,151.66904755831212,97.6165969494942,1.5537219314947446
28,31,inf,inf,inf,482.70591461054215,inf
28,32,inf,inf,inf,832.2890123028178,inf
28,33,inf,inf,inf,533.2560360652283,inf
28,34,inf,inf,inf,419.3578424210045,inf
28,35,inf,inf,inf,902.0620821207374,inf
28,36,inf,inf,inf,739.5843427223159,inf
28,37,inf,inf,inf,778.4683680150401,inf
28,38,inf,inf,inf,1040.0985530227413,inf
28,39,inf,inf,inf,810.0722190027257,inf
28,40,inf,inf,inf,382.2054421381255,inf
28,41,inf,inf,inf,577.1828133269389,inf
28,42,inf,inf,inf,778.3945015222038,inf
28,43,inf,inf,inf,806.0893250750812,inf
28,44,inf,inf,inf,1212.0214519553685,inf
28,45,inf,inf,inf,1197.878958826809,inf
28,46,inf,inf,inf,124.67958934805648,inf
28,47,inf,inf,inf,987.1783020305907,inf
28,48,inf,inf,inf,997.4492468291306,inf
28,49,inf,inf,inf,932.8306384333654,inf
28,50,inf,inf,inf,822.0152066719934,inf
28,51,inf,inf,inf,1065.9774856909503,inf
28,52,inf,inf,inf,954.6858121916341,inf
28,53,inf,inf,inf,1152.2890262429821,inf
28,54,inf,inf,inf,631.3240055629122,inf
28,55,inf,inf,inf,918.7518707463947,inf
28,56,inf,inf,inf,905.1508161626989,inf
28,57,inf,inf,inf,116.15506876585283,inf
28,58,inf,inf,inf,431.88540146663905,inf
28,59,inf,inf,inf,1141.7950779364921,inf
28,60,inf,inf,inf,1240.559954214225,inf
28,61,inf,inf,inf,1060.8887783363532,inf
28,62,inf,inf,inf,1176.0956593746955,inf
28,63,inf,inf,inf,453.3398283848442,inf
28,64,inf,inf,inf,692.8585714270987,inf
28,65,inf,inf,inf,533.475397745763,inf
28,66,inf,inf,inf,974.9389724490452,inf
28,67,inf,inf,inf,783.0229881682912,inf
28,68,inf,inf,inf,841.9649636415995,inf
28,69,inf,inf,inf,928.453014427763,inf
28,70,inf,inf,inf,702.2535154771388,inf
28,71,inf,inf,inf,1232.46135842062,inf
28,72,inf,inf,inf,700.7553067940335,inf
28,73,inf,inf,inf,512.2987409705396,inf
28,74,inf,inf,inf,451.3590588434002,inf
28,75,inf,inf,inf,984.228123963139,inf
28,76,inf,inf,inf,679.3938474846531,inf
28,77,inf,inf,inf,1243.6599213611412,inf
28,78,inf,inf,inf,537.5965029648165,inf
28,79,inf,inf,inf,717.858621178293,inf
28,80,inf,inf,inf,572.3722564904766,inf
28,81,inf,inf,inf,151.81897114655993,inf
28,82,inf,inf,inf,608.7996386332699,inf
28,83,inf,inf,inf,416.4864943788694,inf
28,84,inf,inf,inf,982.7090108470564,inf
28,85,inf,inf,inf,330.07423407470026,inf
28,86,inf,inf,inf,497.43441778791305,inf
28,87,inf,inf,inf,708.768650548259,inf
28,88,inf,inf,inf,957.2094859538323,inf
28,89,inf,inf,inf,691.5403097434017,inf
28,90,inf,inf,inf,1084.2149233431535,inf
28,91,inf,inf,inf,476.28982773097306,inf
28,92,inf,inf,inf,1211.0326172320877,inf
28,93,inf,inf,inf,1134.3037512059987,inf
28,94,inf,inf,inf,591.4228605659406,inf
28,95,inf,inf,inf,872.9633440185218,inf
28,96,inf,inf,inf,774.0006459945624,inf
28,97,inf,inf,inf,706.1019756380801,inf
28,98,inf,inf,inf,535.6286026716647,inf
28,99,inf,inf,inf,298.41246622753545,inf
28,100,inf,inf,inf,553.7806424930362,inf
28,101,inf,inf,inf,900.8940004240233,inf
28,102,inf,inf,inf,451.05321193845856,inf
28,103,inf,inf,inf,1072.2504371647512,inf
28,104,inf,inf,inf,833.6408099415479,inf
28,105,inf,inf,inf,742.0168461699506,inf
28,106,inf,inf,inf,1243.350714802545,inf
28,107,inf,inf,inf,467.04175402205743,inf
28,108,inf,inf,inf,399.78244083501215,inf
28,109,inf,inf,inf,943.5518003798202,inf
28,110,inf,inf,inf,243.8462630429263,inf
28,111,inf,inf,inf,401.10098479061355,inf
28,112,inf,inf,inf,1084.0295198932545,inf
28,113,inf,inf,inf,466.83294656654215,inf
28,114,inf,inf,inf,1211.6740485790722,inf
28,115,inf,inf,inf,634.5549621585194,inf
28,116,inf,inf,inf,543.8713083073973,inf
28,117,inf,inf,inf,1054.6207849269804,inf
28,118,inf,inf,inf,633.8966792782559,inf
28,119,inf,inf,inf,1212.5551533847852,inf
28,120,inf,inf,inf,506.63793778200227,inf
28,121,inf,inf,inf,972.0889876960854,inf
28,122,inf,inf,inf,352.919254221132,inf
28,123,inf,inf,inf,318.39912060180063,inf
28,124,inf,inf,inf,597.4855646791812,inf
28,125,inf,inf,inf,348.7936352630306,inf
28,126,inf,inf,inf,760.2848150528853,inf
28,127,inf,inf,inf,584.7546494043463,inf
28,128,inf,inf,inf,625.8154680095404,inf
28,129,inf,inf,inf,773.3627867954341,inf
28,130,inf,inf,inf,376.2472591262294,inf
28,131,inf,inf,inf,1236.0517788507082,inf
28,132,inf,inf,inf,767.078874692818,inf
28,133,inf,inf,inf,548.1678575035205,inf
28,134,inf,inf,inf,181.46625030566977,inf
28,135,inf,inf,inf,1150.4442620135928,inf
28,136,inf,inf,inf,438.9829153850979,inf
28,137,inf,inf,inf,276.99097458220547,inf
28,138,inf,inf,inf,149.64290828502365,inf
28,139,inf,inf,inf,1009.798494750314,inf
28,140,inf,inf,inf,1166.622903941115,inf
28,141,inf,inf,inf,572.7172077037671,inf
28,142,inf,inf,inf,483.24010595148246,inf
28,143,inf,inf,inf,715.2684810614822,inf
28,144,inf,inf,inf,511.50464318518164,inf
28,145,inf,inf,inf,611.5570292294906,inf
28,146,inf,inf,inf,587.1030573928226,inf
28,147,inf,inf,inf,689.0486194747073,inf
28,148,inf,inf,inf,755.7473122677976,inf
28,149,inf,inf,inf,504.2271313604614,inf
28,150,inf,inf,inf,608.6115345604288,inf
28,151,inf,inf,inf,1208.5139635105586,inf
28,152,inf,inf,inf,238.47222060441337,inf
28,153,inf,inf,inf,670.6295549705516,inf
28,154,inf,inf,inf,249.0180716333656,inf
28,155,inf,inf,inf,646.1369823806714,inf
28,156,inf,inf,inf,276.52305509667724,inf
28,157,inf,inf,inf,793.095202355934,inf
28,158,inf,inf,inf,929.4089519689381,inf
28,159,inf,inf,inf,778.384223889462,inf
28,160,inf,inf,inf,245.381335883559,inf
28,161,inf,inf,inf,378.4098307391075,inf
29,30,inf,inf,inf,236.8818270783979,inf
29,31,inf,inf,inf,318.45407832213425,inf
29,32,inf,inf,inf,962.8836897569716,inf
29,33,inf,inf,inf,798.9355418305033,inf
29,34,inf,inf,inf,458.9172038614373,inf
29,35,inf,inf,inf,1039.909611456688,inf
29,36,inf,inf,inf,584.2473791126495,inf
29,37,inf,inf,inf,896.5472659040347,inf
29,38,inf,inf,inf,884.4461543813733,inf
29,39,inf,inf,inf,649.7022394912918,inf
29,40,inf,inf,inf,641.5426720024163,inf
29,41,inf,inf,inf,639.7280672285686,inf
29,42,inf,inf,inf,980.5845195596349,inf
29,43,inf,inf,inf,900.8107459394565,inf
29,44,inf,inf,inf,1309.1142043381853,inf
29,45,inf,inf,inf,1135.1202579462672,inf
29,46,inf,inf,inf,308.00162337234525,inf
29,47,inf,inf,inf,1092.2495136185687,inf
29,48,inf,inf,inf,884.6699949698758,inf
29,49,inf,inf,inf,799.4229168594055,inf
29,50,inf,inf,inf,595.8296736484346,inf
29,51,inf,inf,inf,920.78444817449,inf
29,52,inf,inf,inf,812.0745039711566,inf
29,53,inf,inf,inf,1052.7725300367597,inf
29,54,inf,inf,inf,895.2820784534895,inf
29,55,inf,inf,inf,1142.1177697593187,inf
29,56,inf,inf,inf,1029.3930250395133,inf
29,57,inf,inf,inf,238.1344158243407,inf
29,58,inf,inf,inf,173.31185764395926,inf
29,59,inf,inf,inf,1177.0131690002454,inf
29,60,inf,inf,inf,1255.8745956503778,inf
29,61,inf,inf,inf,1032.5061743156793,inf
29,62,inf,inf,inf,1092.2751484859482,inf
29,63,inf,inf,inf,496.89133620943727,inf
29,64,inf,inf,inf,550.66232847363,inf
29,65,inf,inf,inf,581.8625267191555,inf
29,66,inf,inf,inf,794.3261294959394,inf
29,67,inf,inf,inf,1032.0528087263751,inf
29,68,inf,inf,inf,917.4055809727778,inf
29,69,inf,inf,inf,864.250542377614,inf
29,70,inf,inf,inf,758.1503808612115,inf
29,71,inf,inf,inf,1211.6472258871393,inf
29,72,inf,inf,inf,507.7341824222592,inf
29,73,inf,inf,inf,247.64894508154077,inf
29,74,inf,inf,inf,400.8054390848507,inf
29,75,inf,inf,inf,875.849872980524,inf
29,76,inf,inf,inf,793.095202355934,inf
29,77,inf,inf,inf,1293.6653353939728,inf
29,78,inf,inf,inf,410.29014124153656,inf
29,79,inf,inf,inf,680.6709924772761,inf
29,80,inf,inf,inf,775.8002320185268,inf
29,81,inf,inf,inf,364.3089348341597,inf
29,82,inf,inf,inf,410.97566837952826,inf
29,83,inf,inf,inf,569.5726468151363,inf
29,84,inf,inf,inf,822.4044017391931,inf
29,85,inf,inf,inf,585.4066962377523,inf
29,86,inf,inf,inf,543.1252157652045,inf
29,87,inf,inf,inf,636.019653784378,inf
29,88,inf,inf,inf,1125.5123277867729,inf
29,89,inf,inf,inf,757.8733403412473,inf
29,90,inf,inf,inf,1256.7139690478498,inf
29,91,inf,inf,inf,360.1610750761387,inf
29,92,inf,inf,inf,1287.245120402482,inf
29,93,inf,inf,inf,1023.6078350618463,inf
29,94,inf,inf,inf,559.9544624342233,inf
29,95,inf,inf,inf,736.2995314408396,inf
29,96,inf,inf,inf,671.3069342707552,inf
29,97,inf,inf,inf,963.7281774442419,inf
29,98,inf,inf,inf,379.5813483299726,inf
29,99,inf,inf,inf,221.472345903501,inf
29,100,inf,inf,inf,367.6424893833682,inf
29,101,inf,inf,inf,1025.597386892147,inf
29,102,inf,inf,inf,272.0018382290826,inf
29,103,inf,inf,inf,1226.944579025475,inf
29,104,inf,inf,inf,884.8621361545537,inf
29,105,inf,inf,inf,622.964685997529,inf
29,106,inf,inf,inf,1294.1008461476254,inf
29,107,inf,inf,inf,506.92800277751473,inf
29,108,inf,inf,inf,396.2852507979574,inf
29,109,inf,inf,inf,1162.0817527179402,inf
29,110,inf,inf,inf,375.2505829442507,inf
29,111,inf,inf,inf,375.598189559002,inf
29,112,inf,inf,inf,1171.4264808343714,inf
29,113,inf,inf,inf,471.2080220030215,inf
29,114,inf,inf,inf,1312.6560859570186,inf
29,115,inf,inf,inf,898.080174594674,inf
29,116,inf,inf,inf,602.8498983992615,inf
29,117,inf,inf,inf,1103.2792031031854,inf
29,118,inf,inf,inf,372.16259887312697,inf
29,119,inf,inf,inf,1167.7200006850958,inf
29,120,inf,inf,inf,305.9836596944353,inf
29,121,inf,inf,inf,1179.276473096958,inf
29,122,inf,inf,inf,619.1671825928761,inf
29,123,inf,inf,inf,555.901070335361,inf
29,124,inf,inf,inf,425.7945513977369,inf
29,125,inf,inf,inf,614.9349559099727,inf
29,126,inf,inf,inf,910.1258154782777,inf
29,127,inf,inf,inf,357.5276213105779,inf
29,128,inf,inf,inf,421.4320823098308,inf
29,129,inf,inf,inf,581.3725139701738,inf
29,130,inf,inf,inf,530.6543130890392,inf
29,131,inf,inf,inf,1234.3937783381768,inf
29,132,inf,inf,inf,1017.9793711072931,inf
29,133,inf,inf,inf,542.8001473839151,inf
29,134,inf,inf,inf,136.41847382227965,inf
29,135,inf,inf,inf,1201.7728570740812,inf
29,136,inf,inf,inf,197.18519214180358,inf
29,137,inf,inf,inf,489.8693703427476,inf
29,138,inf,inf,inf,167.0478973228936,inf
29,139,inf,inf,inf,1016.3252432169537,inf
29,140,inf,inf,inf,1300.1326855363648,inf
29,141,inf,inf,inf,584.4903763108508,inf
29,142,inf,inf,inf,219.40145851839728,inf
29,143,inf,inf,inf,599.8941573311079,inf
29,144,inf,inf,inf,777.9132342363125,inf
29,145,inf,inf,inf,707.5945166548423,inf
29,146,inf,inf,inf,542.6472150485986,inf
29,147,inf,inf,inf,615.4965475126567,inf
29,148,inf,inf,inf,827.5566445869431,inf
29,149,inf,inf,inf,270.135151359463,inf
29,150,inf,inf,inf,634.6337526479348,inf
29,151,inf,inf,inf,1172.3864550565227,inf
29,152,inf,inf,inf,432.20018509945135,inf
29,153,inf,inf,inf,428.2989610073786,inf
29,154,1.0,20.9706,20.970562748477146,19.849433241279208,1.0564816885988673
29,155,inf,inf,inf,621.003220603565,inf
29,156,inf,inf,inf,534.8130514488217,inf
29,157,inf,inf,inf,703.846574190711,inf
29,158,inf,inf,inf,773.9567171360425,inf
29,159,inf,inf,inf,543.6855708955314,inf
29,160,inf,inf,inf,414.03864553927815,inf
29,161,inf,inf,inf,187.13097017864254,inf
30,31,inf,inf,inf,508.62166686054576,inf
30,32,inf,inf,inf,929.3201816381693,inf
30,33,inf,inf,inf,594.30379436783,inf
30,34,inf,inf,inf,500.2799216438733,inf
30,35,inf,inf,inf,999.4523500397605,inf
30,36,inf,inf,inf,774.1834407942345,inf
30,37,inf,inf,inf,874.642784226795,inf
30,38,inf,inf,inf,1077.2307088084706,inf
30,39,inf,inf,inf,843.5946894095529,inf
30,40,inf,inf,inf,457.39479664727276,inf
30,41,inf,inf,inf,665.4449639151235,inf
30,42,inf,inf,inf,873.043526979039,inf
30,43,inf,inf,inf,900.3027268646919,inf
30,44,inf,inf,inf,1307.4498078320253,inf
30,45,inf,inf,inf,1265.1580928879996,inf
30,46,inf,inf,inf,218.56349191939628,inf
30,47,inf,inf,inf,1082.863795682541,inf
30,48,inf,inf,inf,1049.1415538429503,inf
30,49,inf,inf,inf,977.2256648287539,inf
30,50,inf,inf,inf,825.2575355608697,inf
30,51,inf,inf,inf,1107.1445253443653,inf
30,52,inf,inf,inf,996.0341359612129,inf
30,53,inf,inf,inf,1209.0413557856489,inf
30,54,inf,inf,inf,695.9748558676528,inf
30,55,inf,inf,inf,1008.5018591951132,inf
30,56,inf,inf,inf,1001.972554514344,inf
30,57,inf,inf,inf,189.7814532561072,inf
30,58,inf,inf,inf,410.16094402075873,inf
30,59,inf,inf,inf,1229.416528276727,inf
30,60,inf,inf,inf,1325.14452042032,inf
30,61,inf,inf,inf,1135.8036802194295,inf
30,62,inf,inf,inf,1237.5540392241464,inf
30,63,inf,inf,inf,536.0037313302959,inf
30,64,inf,inf,inf,731.521701660313,inf
30,65,inf,inf,inf,618.683279230981,inf
30,66,inf,inf,inf,1001.6231826390601,inf
30,67,inf,inf,inf,862.5288400975355,inf
30,68,inf,inf,inf,934.1177655948954,inf
30,69,inf,inf,inf,993.6699653305417,inf
30,70,inf,inf,inf,790.7445858176962,inf
30,71,inf,inf,inf,1309.8717494472503,inf
30,72,inf,inf,inf,719.7006322075868,inf
30,73,inf,inf,inf,465.9281060421232,inf
30,74,inf,inf,inf,511.72648944528953,inf
30,75,inf,inf,inf,1037.2058619194167,inf
30,76,inf,inf,inf,774.8838622658237,inf
30,77,inf,inf,inf,1333.8204526846932,inf
30,78,inf,inf,inf,578.049305855478,inf
30,79,inf,inf,inf,787.7220321915593,inf
30,80,inf,inf,inf,667.6922943991491,inf
30,81,inf,inf,inf,249.43536236869062,inf
30,82,inf,inf,inf,624.347659561562,inf
30,83,inf,inf,inf,513.4841769714038,inf
30,84,inf,inf,inf,1017.6934705499491,inf
30,85,inf,inf,inf,410.43635316574967,inf
30,86,inf,inf,inf,581.4894668005604,inf
30,87,inf,inf,inf,769.2593840831582,inf
30,88,inf,inf,inf,1054.4956140259665,inf
30,89,inf,inf,inf,781.5273507689926,inf
30,90,inf,inf,inf,1181.184574907749,inf
30,91,inf,inf,inf,518.3483384751995,inf
30,92,inf,inf,inf,1304.4282272321464,inf
30,93,inf,inf,inf,1187.5167367241609,inf
30,94,inf,inf,inf,660.623947492066,inf
30,95,inf,inf,inf,915.7139291285243,inf
30,96,inf,inf,inf,826.6994617150782,inf
30,97,inf,inf,inf,779.1642958965715,inf
30,98,inf,inf,inf,566.1492736019362,inf
30,99,inf,inf,inf,206.40009689920205,inf
30,100,inf,inf,inf,573.2451482568343,inf
30,101,inf,inf,inf,997.7339324689724,inf
30,102,inf,inf,inf,470.2722615677008,inf
30,103,inf,inf,inf,1169.8316118142816,inf
30,104,inf,inf,inf,922.3502588496411,inf
30,105,inf,inf,inf,789.1679162256914,inf
30,106,inf,inf,inf,1333.6153868338502,inf
30,107,inf,inf,inf,549.3132075601314,inf
30,108,inf,inf,inf,470.1967673219373,inf
30,109,inf,inf,inf,1034.487795964747,inf
30,110,inf,inf,inf,170.0470523119998,inf
30,111,inf,inf,inf,465.98819727542457,inf
30,112,inf,inf,inf,1178.3314474289482,inf
30,113,inf,inf,inf,541.4979224336877,inf
30,114,inf,inf,inf,1307.4146243636715,inf
30,115,inf,inf,inf,700.0578547520198,inf
30,116,inf,inf,inf,631.0950799998365,inf
30,117,inf,inf,inf,1143.997377619372,inf
30,118,inf,inf,inf,608.0822312812635,inf
30,119,inf,inf,inf,1284.3897383582603,inf
30,120,inf,inf,inf,518.8882345939248,inf
30,121,inf,inf,inf,1065.34595320018,inf
30,122,inf,inf,inf,414.53226653663523,inf
30,123,inf,inf,inf,319.13163428278307,inf
30,124,inf,inf,inf,623.6168695601491,inf
30,125,inf,inf,inf,396.8400181433319,inf
30,126,inf,inf,inf,857.8484714680093,inf
30,127,inf,inf,inf,585.5809081587274,inf
30,128,inf,inf,inf,638.6517047655944,inf
30,129,inf,inf,inf,793.5395390275144,inf
30,130,inf,inf,inf,473.08033144488263,inf
30,131,inf,inf,inf,1317.4312126255397,inf
30,132,inf,inf,inf,845.4211968007427,inf
30,133,inf,inf,inf,622.643557743915,inf
30,134,inf,inf,inf,114.12712210513327,inf
30,135,inf,inf,inf,1240.5309347210975,inf
30,136,inf,inf,inf,377.25985739275256,inf
30,137,inf,inf,inf,254.70178640912593,inf
30,138,inf,inf,inf,76.96752561957543,inf
30,139,inf,inf,inf,1091.7600468967528,inf
30,140,inf,inf,inf,1264.051423004618,inf
30,141,inf,inf,inf,651.4291979946861,inf
30,142,inf,inf,inf,455.02747169813824,inf
30,143,inf,inf,inf,763.2168761236874,inf
30,144,inf,inf,inf,569.5261188040457,inf
30,145,inf,inf,inf,704.8524668325989,inf
30,146,inf,inf,inf,652.9571195721815,inf
30,147,inf,inf,inf,749.0160211904682,inf
30,148,inf,inf,inf,846.959857372237,inf
30,149,inf,inf,inf,500.145978690222,inf
30,150,inf,inf,inf,690.7886796987918,inf
30,151,inf,inf,inf,1282.39034618949,inf
30,152,inf,inf,inf,200.3696583817021,inf
30,153,inf,inf,inf,662.8129449550604,inf
30,154,inf,inf,inf,217.0829334609241,inf
30,155,inf,inf,inf,717.8467803090016,inf
30,156,inf,inf,inf,355.60933621039817,inf
30,157,inf,inf,inf,850.0288230407249,inf
30,158,inf,inf,inf,965.8592029897526,inf
30,159,inf,inf,inf,776.1861890036437,inf
30,160,inf,inf,inf,190.93716243832682,inf
30,161,inf,inf,inf,389.39054944875073,inf
31,32,inf,inf,inf,835.0832293849518,inf
31,33,inf,inf,inf,940.1707291763555,inf
31,34,inf,inf,inf,332.6018640957985,inf
31,35,inf,inf,inf,914.4905685680963,inf
31,36,inf,inf,inf,268.16412884649577,inf
31,37,inf,inf,inf,760.178926306169,inf
31,38,inf,inf,inf,570.9588426498008,inf
31,39,inf,inf,inf,336.1487765856065,inf
31,40,inf,inf,inf,765.8576891302979,inf
31,41,inf,inf,inf,479.1294188421329,inf
31,42,inf,inf,inf,951.9795165863602,inf
31,43,inf,inf,inf,736.5303795499544,inf
31,44,inf,inf,inf,1119.8700817505573,inf
31,45,inf,inf,inf,829.132679370437,inf
31,46,inf,inf,inf,431.7893004695693,inf
31,47,inf,inf,inf,923.5854048218822,inf
31,48,inf,inf,inf,567.1066919019736,inf
31,49,inf,inf,inf,481.084192215874,inf
31,50,inf,inf,inf,361.53284774692327,inf
31,51,inf,inf,inf,604.5072373429452,inf
31,52,inf,inf,inf,494.79288596340996,inf
31,53,inf,inf,inf,736.4299016199709,inf
31,54,inf,inf,inf,1019.0824304245461,inf
31,55,inf,inf,inf,1139.5174417269795,inf
31,56,inf,inf,inf,887.9420026105308,inf
31,57,inf,inf,inf,380.71117661555456,inf
31,58,inf,inf,inf,235.28705871764387,inf
31,59,inf,inf,inf,933.7820944952842,inf
31,60,inf,inf,inf,993.684054415688,inf
31,61,inf,inf,inf,746.9471199489292,inf
31,62,inf,inf,inf,779.3869385613285,inf
31,63,inf,inf,inf,358.0893743187586,inf
31,64,inf,inf,inf,232.2154172315008,inf
31,65,inf,inf,inf,419.57716811094474,inf
31,66,inf,inf,inf,493.7661389767427,inf
31,67,inf,inf,inf,1093.8464243210744,inf
31,68,inf,inf,inf,730.0684899377592,inf
31,69,inf,inf,inf,563.5068766217498,inf
31,70,inf,inf,inf,568.4232577929936,inf
31,71,inf,inf,inf,925.818556737766,inf
31,72,inf,inf,inf,219.61101975993827,inf
31,73,inf,inf,inf,366.9945503682582,inf
31,74,inf,inf,inf,193.49418595916518,inf
31,75,inf,inf,inf,559.0169943749474,inf
31,76,inf,inf,inf,664.566776178286,inf
31,77,inf,inf,inf,1058.8677915585117,inf
31,78,inf,inf,inf,104.04326023342406,inf
31,79,inf,inf,inf,410.1243713801949,inf
31,80,inf,inf,inf,771.5082630795343,inf
31,81,inf,inf,inf,480.93450697574195,inf
31,82,inf,inf,inf,135.41787178950938,inf
31,83,inf,inf,inf,537.2169021912844,inf
31,84,inf,inf,inf,510.2979521808803,inf
31,85,inf,inf,inf,705.5054925370886,inf
31,86,inf,inf,inf,389.6074947944405,inf
31,87,inf,inf,inf,342.28642976314444,inf
31,88,inf,inf,inf,1034.3717900252307,inf
31,89,inf,inf,inf,579.6524820959538,inf
31,90,inf,inf,inf,1163.6257989577234,inf
31,91,inf,inf,inf,87.5956619930462,inf
31,92,inf,inf,inf,1077.3824761893986,inf
31,93,inf,inf,inf,705.7619995437556,inf
31,94,inf,inf,inf,314.1973901864877,inf
31,95,inf,inf,inf,418.0191383178526,inf
31,96,inf,inf,inf,359.2436499090833,inf
31,97,inf,inf,inf,1055.9569119997275,inf
31,98,inf,inf,inf,61.1310068623117,inf
31,99,inf,inf,inf,539.3227234226275,inf
31,100,inf,inf,inf,77.00649323271382,inf
31,101,inf,inf,inf,885.0158190676593,inf
31,102,inf,inf,inf,48.703182647543684,inf
31,103,inf,inf,inf,1110.8384220938706,inf
31,104,inf,inf,inf,675.2614308547468,inf
31,105,inf,inf,inf,306.8582734749057,inf
31,106,inf,inf,inf,1059.9518857004784,inf
31,107,inf,inf,inf,359.67346301888887,inf
31,108,inf,inf,inf,253.44230112591703,inf
31,109,inf,inf,inf,1149.0974719317765,inf
31,110,inf,inf,inf,672.0505933335675,inf
31,111,inf,inf,inf,219.4288039433292,inf
31,112,inf,inf,inf,978.5484147450243,inf
31,113,inf,inf,inf,296.1958811327396,inf
31,114,inf,inf,inf,1127.4542119305777,inf
31,115,inf,inf,inf,1019.2767043349907,inf
31,116,inf,inf,inf,447.1655174541078,inf
31,117,inf,inf,inf,875.5809499983425,inf
31,118,inf,inf,inf,319.7811751807789,inf
31,119,inf,inf,inf,869.4026685029211,inf
31,120,inf,inf,inf,73.97972695272672,inf
31,121,inf,inf,inf,1144.9480337552443,inf
31,122,inf,inf,inf,778.6661672372827,inf
31,123,inf,inf,inf,801.0399490662123,inf
31,124,inf,inf,inf,115.31695452100702,inf
31,125,inf,inf,inf,798.9806005154318,inf
31,126,inf,inf,inf,812.369374115002,inf
31,127,inf,inf,inf,166.14752480852673,inf
31,128,inf,inf,inf,156.98407562552325,inf
31,129,inf,inf,inf,291.0755915565577,inf
31,130,inf,inf,inf,512.0244134804511,inf
31,131,inf,inf,inf,960.4899791252379,inf
31,132,inf,inf,inf,1085.8199666611404,inf
31,133,inf,inf,inf,330.056055845064,inf
31,134,inf,inf,inf,441.4034435751493,inf
31,135,inf,inf,inf,971.8029635682328,inf
31,136,inf,inf,inf,421.8447581753269,inf
31,137,inf,inf,inf,754.8807852899688,inf
31,138,inf,inf,inf,460.9945769746104,inf
31,139,inf,inf,inf,756.6055775633696,inf
31,140,inf,inf,inf,1153.0836916720311,inf
31,141,inf,inf,inf,379.68407920269715,inf
31,142,inf,inf,inf,268.73406929527937,inf
31,143,inf,inf,inf,285.4400112107621,inf
31,144,inf,inf,inf,928.0431024472947,inf
31,145,inf,inf,inf,572.0533191932375,inf
31,146,inf,inf,inf,287.3412605248331,inf
31,147,inf,inf,inf,323.05572274763995,inf
31,148,inf,inf,inf,645.9543327511628,inf
31,149,inf,inf,inf,154.434452114805,inf
31,150,inf,inf,inf,434.00576033043615,inf
31,151,inf,inf,inf,878.5493725454478,inf
31,152,inf,inf,inf,706.7248403728286,inf
31,153,inf,inf,inf,263.20524310887123,inf
31,154,inf,inf,inf,333.02402315748935,inf
31,155,inf,inf,inf,369.6701232179847,inf
31,156,inf,inf,inf,670.267110934141,inf
31,157,inf,inf,inf,396.41518638921997,inf
31,158,inf,inf,inf,459.67379738244813,inf
31,159,inf,inf,inf,335.00597009605667,inf
31,160,inf,inf,inf,699.5005360970068,inf
31,161,inf,inf,inf,131.38112497615478,inf
32,33,inf,inf,inf,747.7332412030376,inf
32,34,inf,inf,inf,519.449708826562,inf
32,35,inf,inf,inf,79.55501241279521,inf
32,36,inf,inf,inf,860.8019516706499,inf
32,37,inf,inf,inf,76.02631123499285,inf
32,38,inf,inf,inf,1000.624804809475,inf
32,39,inf,inf,inf,900.5775924372092,inf
32,40,inf,inf,inf,660.2984173841401,inf
32,41,inf,inf,inf,356.09128043241947,inf
32,42,inf,inf,inf,307.1432890362412,inf
32,43,inf,inf,inf,137.05838172107534,inf
32,44,inf,inf,inf,393.99619287500735,inf
32,45,inf,inf,inf,795.8775031372604,inf
32,46,inf,inf,inf,712.2990944820863,inf
32,47,inf,inf,inf,176.32356620712955,inf
32,48,inf,inf,inf,839.9869046598286,inf
32,49,inf,inf,inf,872.954752550211,inf
32,50,inf,inf,inf,1116.1657582993666,inf
32,51,inf,inf,inf,981.2038524180385,inf
32,52,inf,inf,inf,912.1403400793104,inf
32,53,inf,inf,inf,884.0955830678038,inf
32,54,inf,inf,inf,735.2720584926371,inf
32,55,inf,inf,inf,474.78837390989264,inf
32,56,inf,inf,inf,74.62573282722254,inf
32,57,inf,inf,inf,760.1480119029451,inf
32,58,inf,inf,inf,1018.0550083369759,inf
32,59,inf,inf,inf,465.9109356947956,inf
32,60,inf,inf,inf,592.7731437911134,inf
32,61,inf,inf,inf,608.1792498926611,inf
32,62,inf,inf,inf,848.6035587952716,inf
32,63,inf,inf,inf,485.74067155221826,inf
32,64,inf,inf,inf,813.3732230655248,inf
32,65,inf,inf,inf,415.5779108663019,inf
32,66,inf,inf,inf,1046.2337214982128,inf
32,67,inf,inf,inf,608.4274812991274,inf
32,68,inf,inf,inf,199.80990966416056,inf
32,69,inf,inf,inf,660.6300023462452,inf
32,70,inf,inf,inf,295.26428839261956,inf
32,71,inf,inf,inf,690.5070600652828,inf
32,72,inf,inf,inf,950.1899810037991,inf
32,73,inf,inf,inf,1156.5660378897524,inf
32,74,inf,inf,inf,642.1370570213185,inf
32,75,inf,inf,inf,819.7950963503014,inf
32,76,inf,inf,inf,173.0115603073968,inf
32,77,inf,inf,inf,507.0157788471676,inf
32,78,inf,inf,inf,763.4978716407794,inf
32,79,inf,inf,inf,544.978898674068,inf
32,80,inf,inf,inf,354.39102697444247,inf
32,81,inf,inf,inf,681.7697558560368,inf
32,82,inf,inf,inf,930.0290318049217,inf
32,83,inf,inf,inf,415.8389111182358,inf
32,84,inf,inf,inf,983.3859872908502,inf
32,85,inf,inf,inf,646.8771135231173,inf
32,86,inf,inf,inf,447.50195530299084,inf
32,87,inf,inf,inf,638.1629885852046,inf
32,88,inf,inf,inf,219.24643668712156,inf
32,89,inf,inf,inf,272.44265451650557,inf
32,90,inf,inf,inf,336.92877585626314,inf
32,91,inf,inf,inf,748.3775784989821,inf
32,92,inf,inf,inf,424.3170984063687,inf
32,93,inf,inf,inf,909.2106466600576,inf
32,94,inf,inf,inf,552.0326077325506,inf
32,95,inf,inf,inf,856.4204574856908,inf
32,96,inf,inf,inf,727.145102438296,inf
32,97,inf,inf,inf,668.9402065954774,inf
32,98,inf,inf,inf,821.7450942962787,inf
32,99,inf,inf,inf,1113.5191960626453,inf
32,100,inf,inf,inf,887.9650894038572,inf
32,101,inf,inf,inf,70.178344238091,inf
32,102,inf,inf,inf,860.5300692015358,inf
32,103,inf,inf,inf,275.7571395267945,inf
32,104,inf,inf,inf,280.6314308839977,inf
32,105,inf,inf,inf,764.1217180528243,inf
32,106,inf,inf,inf,505.04851252132204,inf
32,107,inf,inf,inf,480.64227862309406,inf
32,108,inf,inf,inf,597.3683955483417,inf
32,109,inf,inf,inf,457.62102224438945,inf
32,110,inf,inf,inf,1056.821650043185,inf
32,111,inf,inf,inf,629.2002860774937,inf
32,112,inf,inf,inf,292.48076859855246,inf
32,113,inf,inf,inf,539.9629616927442,inf
32,114,inf,inf,inf,389.5959445374143,inf
32,115,inf,inf,inf,728.4291317623149,inf
32,116,inf,inf,inf,388.1971148785112,inf
32,117,inf,inf,inf,369.4455304913026,inf
32,118,inf,inf,inf,1154.0883848302087,inf
32,119,inf,inf,inf,749.7766334049095,inf
32,120,inf,inf,inf,909.0044004293928,inf
32,121,inf,inf,inf,408.71750635371615,inf
32,122,inf,inf,inf,744.5031900536088,inf
32,123,inf,inf,inf,965.09947673802,inf
32,124,inf,inf,inf,864.5056390793527,inf
32,125,inf,inf,inf,808.4219195444913,inf
32,126,inf,inf,inf,96.51942809610924,inf
32,127,inf,inf,inf,997.4953633977453,inf
32,128,inf,inf,inf,952.5754563287887,inf
32,129,inf,inf,inf,978.0577692549658,inf
32,130,inf,inf,inf,456.2817112267376,inf
32,131,inf,inf,inf,637.0565124068664,inf
32,132,inf,inf,inf,619.9201561491609,inf
32,133,inf,inf,inf,512.7231221624396,inf
32,134,inf,inf,inf,977.4891303743484,inf
32,135,inf,inf,inf,429.26099287030496,inf
32,136,inf,inf,inf,1154.3002209130864,inf
32,137,inf,inf,inf,999.7164598024782,inf
32,138,inf,inf,inf,960.2832915343264,inf
32,139,inf,inf,inf,474.0042193905029,inf
32,140,inf,inf,inf,338.11536492741646,inf
32,141,inf,inf,inf,464.72787736480797,inf
32,142,inf,inf,inf,1070.1373743590118,inf
32,143,inf,inf,inf,749.0367147209809,inf
32,144,inf,inf,inf,766.2297305638825,inf
32,145,inf,inf,inf,264.841462010766,inf
32,146,inf,inf,inf,582.0077319074035,inf
32,147,inf,inf,inf,639.513096034788,inf
32,148,inf,inf,inf,227.36974292988063,inf
32,149,inf,inf,inf,983.0127160927268,inf
32,150,inf,inf,inf,415.0048192491263,inf
32,151,inf,inf,inf,720.4116878563257,inf
32,152,inf,inf,inf,1004.8721311689363,inf
32,153,inf,inf,inf,1088.0886912379892,inf
32,154,inf,inf,inf,959.1960175063281,inf
32,155,inf,inf,inf,523.2246171578704,inf
32,156,inf,inf,inf,679.4777406214275,inf
32,157,inf,inf,inf,694.2657992440647,inf
32,158,inf,inf,inf,939.8297718204079,inf
32,159,inf,inf,inf,1122.075309415549,inf
32,160,inf,inf,inf,1033.8012381497713,inf
32,161,inf,inf,inf,878.8748488835029,inf
33,34,inf,inf,inf,694.5797290448376,inf
33,35,inf,inf,inf,779.8012567314828,inf
33,36,inf,inf,inf,1147.6502080337893,inf
33,37,inf,inf,inf,741.0431836269732,inf
33,38,inf,inf,inf,1417.2032317208425,inf
33,39,inf,inf,inf,1215.4114529656201,inf
33,40,inf,inf,inf,174.82848738120455,inf
33,41,inf,inf,inf,733.3334848484692,inf
33,42,inf,inf,inf,506.66359648192605,inf
33,43,inf,inf,inf,811.7548891137028,inf
33,44,inf,inf,inf,1125.6757970215049,inf
33,45,inf,inf,inf,1419.4336898918525,inf
33,46,inf,inf,inf,518.440932026012,inf
33,47,inf,inf,inf,922.7811224770477,inf
33,48,inf,inf,inf,1318.9863532273562,inf
33,49,inf,inf,inf,1290.3042276920587,inf
33,50,inf,inf,inf,1301.3058825656633,inf
33,51,inf,inf,inf,1426.4115815570203,inf
33,52,inf,inf,inf,1322.0956848882006,inf
33,53,inf,inf,inf,1437.3865172597104,inf
33,54,inf,inf,inf,104.30723848324239,inf
33,55,inf,inf,inf,536.7317765886421,inf
33,56,inf,inf,inf,815.4826791538861,inf
33,57,inf,inf,inf,583.8236034968096,inf
33,58,inf,inf,inf,956.4690272037041,inf
33,59,inf,inf,inf,1195.3518310522638,inf
33,60,inf,inf,inf,1318.5541323737907,inf
33,61,inf,inf,inf,1242.5896345938188,inf
33,62,inf,inf,inf,1434.155151997161,inf
33,63,inf,inf,inf,703.2304032107827,inf
33,64,inf,inf,inf,1092.9615729750062,inf
33,65,inf,inf,inf,733.9005382202687,inf
33,66,inf,inf,inf,1390.2014242547732,inf
33,67,inf,inf,inf,319.845275094068,inf
33,68,inf,inf,inf,877.4856124176624,inf
33,69,inf,inf,inf,1188.263018022525,inf
33,70,inf,inf,inf,819.57183943813,inf
33,71,inf,inf,inf,1377.9931059334078,inf
33,72,inf,inf,inf,1153.5163631262453,inf
33,73,inf,inf,inf,1045.4721421443996,inf
33,74,inf,inf,inf,816.5886357279288,inf
33,75,inf,inf,inf,1301.046117553102,inf
33,76,inf,inf,inf,689.5404266611205,inf
33,77,inf,inf,inf,1253.0937714313322,inf
33,78,inf,inf,inf,951.7751835386338,inf
33,79,inf,inf,inf,980.7655173383697,inf
33,80,inf,inf,inf,396.18177646126026,inf
33,81,inf,inf,inf,463.49217900629134,inf
33,82,inf,inf,inf,1075.5803084846802,inf
33,83,inf,inf,inf,502.33554522848567,inf
33,84,inf,inf,inf,1370.9372706291124,inf
33,85,inf,inf,inf,234.8297255459794,inf
33,86,inf,inf,inf,720.2089974444918,inf
33,87,inf,inf,inf,1022.4739605486293,inf
33,88,inf,inf,inf,740.8346644157521,inf
33,89,inf,inf,inf,793.3536411966608,inf
33,90,inf,inf,inf,831.8196920006162,inf
33,91,inf,inf,inf,895.6439024523083,inf
33,92,inf,inf,inf,1170.4605930999983,inf
33,93,inf,inf,inf,1438.2423300681983,inf
33,94,inf,inf,inf,883.1902399823042,inf
33,95,inf,inf,inf,1241.705681713666,inf
33,96,inf,inf,inf,1113.5640978408023,inf
33,97,inf,inf,inf,210.09045670853305,inf
33,98,inf,inf,inf,976.2888916709029,inf
33,99,inf,inf,inf,787.4642849044012,inf
33,100,inf,inf,inf,1017.1691108168789,inf
33,101,inf,inf,inf,811.2262323174714,inf
33,102,inf,inf,inf,925.2161909521471,inf
33,103,inf,inf,inf,869.7476645556457,inf
33,104,inf,inf,inf,919.1914925628936,inf
33,105,inf,inf,inf,1107.4046234326458,inf
33,106,inf,inf,inf,1251.3133100866464,inf
33,107,inf,inf,inf,714.547409203896,inf
33,108,inf,inf,inf,738.660950639737,inf
33,109,inf,inf,inf,574.2334020239506,inf
33,110,inf,inf,inf,594.2566785489247,inf
33,111,inf,inf,inf,762.8394326462155,inf
33,112,inf,inf,inf,1039.800942488513,inf
33,113,inf,inf,inf,762.2368398339194,inf
33,114,inf,inf,inf,1116.6467659918244,inf
33,115,inf,inf,inf,110.0272693471941,inf
33,116,inf,inf,inf,722.0152352963198,inf
33,117,inf,inf,inf,1096.2850906584472,inf
33,118,inf,inf,inf,1157.1244531164311,inf
33,119,inf,inf,inf,1402.3423262527592,inf
33,120,inf,inf,inf,987.6679603996477,inf
33,121,inf,inf,inf,635.7082664241515,inf
33,122,inf,inf,inf,180.6931099959265,inf
33,123,inf,inf,inf,371.25193602188796,inf
33,124,inf,inf,inf,1041.971688674889,inf
33,125,inf,inf,inf,205.35091916034852,inf
33,126,inf,inf,inf,651.2180894293401,inf
33,127,inf,inf,inf,1078.9198302005575,inf
33,128,inf,inf,inf,1096.7611408141702,inf
33,129,inf,inf,inf,1218.3283629629575,inf
33,130,inf,inf,inf,496.3909749381026,inf
33,131,inf,inf,inf,1346.4033570962306,inf
33,132,inf,inf,inf,297.43570733857763,inf
33,133,inf,inf,inf,820.8105749806102,inf
33,134,inf,inf,inf,705.2772504483609,inf
33,135,inf,inf,inf,1170.6835610018618,inf
33,136,inf,inf,inf,968.8446727933224,inf
33,137,inf,inf,inf,452.3295258989844,inf
33,138,inf,inf,inf,668.9521657039463,inf
33,139,inf,inf,inf,1139.054432413131,inf
33,140,inf,inf,inf,1002.0603774224386,inf
33,141,inf,inf,inf,811.4733513800684,inf
33,142,inf,inf,inf,1010.6656222509995,inf
33,143,inf,inf,inf,1080.840876355072,inf
33,144,1.0,34.799,34.798989873223334,31.76476034853718,1.0955218768028856
33,145,inf,inf,inf,689.2923907892789,inf
33,146,inf,inf,inf,896.9503888175756,inf
33,147,inf,inf,inf,1008.2747641392201,inf
33,148,inf,inf,inf,824.6332518156178,inf
33,149,inf,inf,inf,1009.3270035028291,inf
33,150,inf,inf,inf,811.567618871034,inf
33,151,inf,inf,inf,1383.8048995432846,inf
33,152,inf,inf,inf,500.27692331347845,inf
33,153,inf,inf,inf,1173.5288662832286,inf
33,154,inf,inf,inf,781.7314116753912,inf
33,155,inf,inf,inf,911.9742320921134,inf
33,156,inf,inf,inf,272.8607703573381,inf
33,157,inf,inf,inf,1111.6843077061042,inf
33,158,inf,inf,inf,1316.2009724962218,inf
33,159,inf,inf,inf,1268.993301794773,inf
33,160,inf,inf,inf,541.7102546564907,inf
33,161,inf,inf,inf,873.2880395379293,inf
34,35,inf,inf,inf,598.6894019439462,inf
34,36,inf,inf,inf,464.49111939842294,inf
34,37,inf,inf,inf,448.0178567869812,inf
34,38,inf,inf,inf,722.646524934563,inf
34,39,inf,inf,inf,528.5035477648187,inf
34,40,inf,inf,inf,524.8180637135121,inf
34,41,inf,inf,inf,180.8120571200936,inf
34,42,inf,inf,inf,620.6069609664397,inf
34,43,inf,inf,inf,443.4828068820707,inf
34,44,inf,inf,inf,850.3675675847475,inf
34,45,inf,inf,inf,789.3066577699697,inf
34,46,inf,inf,inf,301.7979456523851,inf
34,47,inf,inf,inf,635.4226939604848,inf
34,48,inf,inf,inf,632.1091677867043,inf
34,49,inf,inf,inf,596.0956299118455,inf
34,50,inf,inf,inf,667.510299546007,inf
34,51,inf,inf,inf,732.5660379788296,inf
34,52,inf,inf,inf,627.531672507452,inf
34,53,inf,inf,inf,767.4066718500693,inf
34,54,inf,inf,inf,753.8653725964604,inf
34,55,inf,inf,inf,810.5825065963365,inf
34,56,inf,inf,inf,580.4007236384186,inf
34,57,inf,inf,inf,310.517310306527,inf
34,58,inf,inf,inf,498.60605692269723,inf
34,59,inf,inf,inf,733.1609645909962,inf
34,60,inf,inf,inf,825.2902519719956,inf
34,61,inf,inf,inf,643.187375497996,inf
34,62,inf,inf,inf,779.2945527847606,inf
34,63,inf,inf,inf,38.2099463490856,inf
34,64,inf,inf,inf,408.88629226228653,inf
34,65,inf,inf,inf,124.08464852672147,inf
34,66,inf,inf,inf,702.5930543351535,inf
34,67,inf,inf,inf,787.2001016260097,inf
34,68,inf,inf,inf,458.63275068403044,inf
34,69,inf,inf,inf,527.503554490394,inf
34,70,inf,inf,inf,301.3187680845652,inf
34,71,inf,inf,inf,813.2724020892385,inf
34,72,inf,inf,inf,502.24794673547444,inf
34,73,inf,inf,inf,637.3233088472443,inf
34,74,inf,inf,inf,146.75149062275312,inf
34,75,inf,inf,inf,615.4055573359734,inf
34,76,inf,inf,inf,346.44624402640017,inf
34,77,inf,inf,inf,843.3795112522001,inf
34,78,inf,inf,inf,291.5630292063793,inf
34,79,inf,inf,inf,311.7081968765018,inf
34,80,inf,inf,inf,449.01781701843413,inf
34,81,inf,inf,inf,313.35921878891645,inf
34,82,inf,inf,inf,450.9212791607866,inf
34,83,inf,inf,inf,219.18485349129398,inf
34,84,inf,inf,inf,677.3152884735439,inf
34,85,inf,inf,inf,470.312661960105,inf
34,86,inf,inf,inf,85.14693182963201,inf
34,87,inf,inf,inf,332.03614261101154,inf
34,88,inf,inf,inf,707.4100649552563,inf
34,89,inf,inf,inf,299.2072860075436,inf
34,90,inf,inf,inf,838.0841246557532,inf
34,91,inf,inf,inf,253.58430550804994,inf
34,92,inf,inf,inf,829.4727240844029,inf
34,93,inf,inf,inf,759.5814637022154,inf
34,94,inf,inf,inf,194.81273059017474,inf
34,95,inf,inf,inf,547.2001461988109,inf
34,96,inf,inf,inf,419.82853642886164,inf
34,97,inf,inf,inf,767.2893847825604,inf
34,98,inf,inf,inf,337.85351855500926,inf
34,99,inf,inf,inf,642.8164590301029,inf
34,100,inf,inf,inf,398.67028983860837,inf
34,101,inf,inf,inf,576.9272051134354,inf
34,102,inf,inf,inf,348.9699127432048,inf
34,103,inf,inf,inf,792.7937941230367,inf
34,104,inf,inf,inf,431.010440708807,inf
34,105,inf,inf,inf,413.43681500321185,inf
34,106,inf,inf,inf,843.5128926104212,inf
34,107,inf,inf,inf,49.92995093127971,inf
34,108,inf,inf,inf,80.30566605165541,inf
34,109,inf,inf,inf,818.4283719422244,inf
34,110,inf,inf,inf,662.6401738500315,inf
34,111,inf,inf,inf,114.10959644131601,inf
34,112,inf,inf,inf,712.5145612547157,inf
34,113,inf,inf,inf,67.67569726275453,inf
34,114,inf,inf,inf,854.2183561595946,inf
34,115,inf,inf,inf,752.1096994454998,inf
34,116,inf,inf,inf,143.93401265857906,inf
34,117,inf,inf,inf,652.3817900585515,inf
34,118,inf,inf,inf,643.3941249343205,inf
34,119,inf,inf,inf,797.4139452003583,inf
34,120,inf,inf,inf,404.01113846031524,inf
34,121,inf,inf,inf,812.4690763346011,inf
34,122,inf,inf,inf,568.1909890168973,inf
34,123,inf,inf,inf,684.9766419375189,inf
34,124,inf,inf,inf,395.9217094325594,inf
34,125,inf,inf,inf,610.3523572494826,inf
34,126,inf,inf,inf,484.9824739101404,inf
34,127,inf,inf,inf,498.731390630267,inf
34,128,inf,inf,inf,474.45547736326114,inf
34,129,inf,inf,inf,554.5133001110073,inf
34,130,inf,inf,inf,206.30317496345035,inf
34,131,inf,inf,inf,817.4625373679212,inf
34,132,inf,inf,inf,782.3892892927407,inf
34,133,inf,inf,inf,137.93114224133723,inf
34,134,inf,inf,inf,507.3036566002654,inf
34,135,inf,inf,inf,750.4405372846006,inf
34,136,inf,inf,inf,641.8792721376817,inf
34,137,inf,inf,inf,674.9081418978437,inf
34,138,inf,inf,inf,501.85655321017776,inf
34,139,inf,inf,inf,591.5572668812378,inf
34,140,inf,inf,inf,851.1462858991985,inf
34,141,inf,inf,inf,153.88307249337075,inf
34,142,inf,inf,inf,550.9210469749727,inf
34,143,inf,inf,inf,387.22086720630125,inf
34,144,inf,inf,inf,691.2134257955353,inf
34,145,inf,inf,inf,255.66579747787932,inf
34,146,inf,inf,inf,203.9534260560484,inf
34,147,inf,inf,inf,316.18507238641104,inf
34,148,inf,inf,inf,368.76144050049487,inf
34,149,inf,inf,inf,470.227604464051,inf
34,150,inf,inf,inf,190.53870997778904,inf
34,151,inf,inf,inf,791.3437938089867,inf
34,152,inf,inf,inf,650.2584101724483,inf
34,153,inf,inf,inf,595.4536086043984,inf
34,154,inf,inf,inf,459.2003919858954,inf
34,155,inf,inf,inf,238.15961034566715,inf
34,156,inf,inf,inf,456.2565068029167,inf
34,157,inf,inf,inf,421.9964454826604,inf
34,158,inf,inf,inf,622.8097622870084,inf
34,159,inf,inf,inf,655.1190731462488,inf
34,160,inf,inf,inf,663.0693779688518,inf
34,161,inf,inf,inf,359.5622338344226,inf
35,36,inf,inf,inf,935.1497206330118,inf
35,37,inf,inf,inf,154.5736070614903,inf
35,38,inf,inf,inf,1064.090691623604,inf
35,39,inf,inf,inf,972.9465555722986,inf
35,40,inf,inf,inf,707.1951640106146,inf
35,41,inf,inf,inf,435.4124481454337,inf
35,42,inf,inf,inf,304.64733709651887,inf
35,43,inf,inf,inf,201.79197209007103,inf
35,44,inf,inf,inf,346.7333269243094,inf
35,45,inf,inf,inf,832.9765903073147,inf
35,46,inf,inf,inf,783.7378388211201,inf
35,47,inf,inf,inf,154.7804897265802,inf
35,48,inf,inf,inf,899.6026900804599,inf
35,49,inf,inf,inf,938.2712827322383,inf
35,50,inf,inf,inf,1192.4030358901305,inf
35,51,inf,inf,inf,1042.1516204468523,inf
35,52,inf,inf,inf,977.4870843136497,inf
35,53,inf,inf,inf,932.777572629188,inf
35,54,inf,inf,inf,757.1485983609822,inf
35,55,inf,inf,inf,447.5187146924696,inf
35,56,inf,inf,inf,56.72741841473134,inf
35,57,inf,inf,inf,833.7385681375188,inf
35,58,inf,inf,inf,1097.2643254931786,inf
35,59,inf,inf,inf,471.9364363979539,inf
35,60,inf,inf,inf,597.9473220945137,inf
35,61,inf,inf,inf,647.5314664168839,inf
35,62,inf,inf,inf,892.4175031900708,inf
35,63,inf,inf,inf,565.173424711389,inf
35,64,inf,inf,inf,888.6422227195825,inf
35,65,inf,inf,inf,495.04747247107525,inf
35,66,inf,inf,inf,1114.9896860509518,inf
35,67,inf,inf,inf,608.5827799075488,inf
35,68,inf,inf,inf,253.12645061312736,inf
35,69,inf,inf,inf,718.2318567148077,inf
35,70,inf,inf,inf,369.22080114749764,inf
35,71,inf,inf,inf,711.7141280036528,inf
35,72,inf,inf,inf,1027.000486854802,inf
35,73,inf,inf,inf,1235.615636029263,inf
35,74,inf,inf,inf,721.6238632417861,inf
35,75,inf,inf,inf,879.5413577541423,inf
35,76,inf,inf,inf,252.3568901377571,inf
35,77,inf,inf,inf,492.44085939328795,inf
35,78,inf,inf,inf,842.1508178467798,inf
35,79,inf,inf,inf,616.0819750650071,inf
35,80,inf,inf,inf,396.0934233233367,inf
35,81,inf,inf,inf,750.746961365812,inf
35,82,inf,inf,inf,1008.484506574097,inf
35,83,inf,inf,inf,486.6795660390931,inf
35,84,inf,inf,inf,1049.6118330125666,inf
35,85,inf,inf,inf,699.2288609604154,inf
35,86,inf,inf,inf,527.0569229219933,inf
35,87,inf,inf,inf,710.6511098985212,inf
35,88,inf,inf,inf,156.77372228788855,inf
35,89,inf,inf,inf,348.09194187742986,inf
35,90,inf,inf,inf,262.8802008520231,inf
35,91,inf,inf,inf,827.7052615514776,inf
35,92,inf,inf,inf,394.3247392695518,inf
35,93,inf,inf,inf,961.1102954396025,inf
35,94,inf,inf,inf,629.1557835703333,inf
35,95,inf,inf,inf,924.6885962311853,inf
35,96,inf,inf,inf,797.6245984170749,inf
35,97,inf,inf,inf,680.7525247841538,inf
35,98,inf,inf,inf,900.6320003197754,inf
35,99,inf,inf,inf,1186.6060845958948,inf
35,100,inf,inf,inf,966.9151979361995,inf
35,101,inf,inf,inf,55.154328932550705,inf
35,102,inf,inf,inf,940.0771244956447,inf
35,103,inf,inf,inf,196.46119209655632,inf
35,104,inf,inf,inf,336.8100354799423,inf
35,105,inf,inf,inf,836.7944789492818,inf
35,106,inf,inf,inf,490.02550954006466,inf
35,107,inf,inf,inf,560.1606912306504,inf
35,108,inf,inf,inf,676.7939125021737,inf
35,109,inf,inf,inf,424.6433797906191,inf
35,110,inf,inf,inf,1122.2998708010261,inf
35,111,inf,inf,inf,708.6959855960805,inf
35,112,inf,inf,inf,269.2582403567252,inf
35,113,inf,inf,inf,619.4941484792249,inf
35,114,inf,inf,inf,339.09585665413255,inf
35,115,inf,inf,inf,749.8053080633665,inf
35,116,inf,inf,inf,467.7093114317909,inf
35,117,inf,inf,inf,381.4249598544909,inf
35,118,inf,inf,inf,1233.58056080663,inf
35,119,inf,inf,inf,780.6522913564015,inf
35,120,inf,inf,inf,988.4260215109678,inf
35,121,inf,inf,inf,366.1488768247146,inf
35,122,inf,inf,inf,792.7294620486865,inf
35,123,inf,inf,inf,1019.4753552685813,inf
35,124,inf,inf,inf,942.677569479618,inf
35,125,inf,inf,inf,857.0770093754703,inf
35,126,inf,inf,inf,145.0,inf
35,127,inf,inf,inf,1076.666150670671,inf
35,128,inf,inf,inf,1030.9359824935784,inf
35,129,inf,inf,inf,1053.2625503643428,inf
35,130,inf,inf,inf,527.4182401093083,inf
35,131,inf,inf,inf,650.3691259584822,inf
35,132,inf,inf,inf,622.6026019862107,inf
35,133,inf,inf,inf,591.2596722253261,inf
35,134,inf,inf,inf,1051.1374791148871,inf
35,135,inf,inf,inf,424.6056994436132,inf
35,136,inf,inf,inf,1232.0917173652292,inf
35,137,inf,inf,inf,1058.4819318250077,inf
35,138,inf,inf,inf,1032.9148077164932,inf
35,139,inf,inf,inf,509.8362482209361,inf
35,140,inf,inf,inf,264.66015944981217,inf
35,141,inf,inf,inf,542.9521157523931,inf
35,142,inf,inf,inf,1149.4890169114274,inf
35,143,inf,inf,inf,822.6208117960547,inf
35,144,inf,inf,inf,800.6278786052857,inf
35,145,inf,inf,inf,344.363180377926,inf
35,146,inf,inf,inf,659.2192351562567,inf
35,147,inf,inf,inf,712.9656373206215,inf
35,148,inf,inf,inf,297.40544715926103,inf
35,149,inf,inf,inf,1062.559645384672,inf
35,150,inf,inf,inf,492.4916242942615,inf
35,151,inf,inf,inf,748.8618030050671,inf
35,152,inf,inf,inf,1066.7656724885742,inf
35,153,inf,inf,inf,1166.9190203266035,inf
35,154,inf,inf,inf,1035.8194823423626,inf
35,155,inf,inf,inf,598.2081577511293,inf
35,156,inf,inf,inf,735.4434036688343,inf
35,157,inf,inf,inf,763.0176931107168,inf
35,158,inf,inf,inf,1007.5400736447161,inf
35,159,inf,inf,inf,1199.4540424709903,inf
35,160,inf,inf,inf,1097.0505913584843,inf
35,161,inf,inf,inf,958.1910039235393,inf
36,37,inf,inf,inf,785.7378697759196,inf
36,38,inf,inf,inf,303.19960422137757,inf
36,39,1.0,76.4264,76.42640687119281,70.68238818828917,1.0812652038242154
36,40,inf,inf,inf,973.7402117608166,inf
36,41,inf,inf,inf,530.3140578939992,inf
36,42,inf,inf,inf,1052.5231588901024,inf
36,43,inf,inf,inf,736.087630652764,inf
36,44,inf,inf,inf,1059.479589232374,inf
36,45,inf,inf,inf,609.3808333054134,inf
36,46,inf,inf,inf,669.215959164155,inf
36,47,inf,inf,inf,899.2096529730984,inf
36,48,inf,inf,inf,317.35469115801646,inf
36,49,inf,inf,inf,219.25783908448975,inf
36,50,inf,inf,inf,267.15164233071823,inf
36,51,inf,inf,inf,336.65561037950937,inf
36,52,inf,inf,inf,228.07893370497854,inf
36,53,inf,inf,inf,489.004089962446,inf
36,54,inf,inf,inf,1214.3002099975113,inf
36,55,inf,inf,inf,1248.3156652065213,inf
36,56,inf,inf,inf,895.1318338658278,inf
36,57,inf,inf,inf,629.9214236712386,inf
36,58,inf,inf,inf,469.22063040748753,inf
36,59,inf,inf,inf,816.9559351641923,inf
36,60,inf,inf,inf,845.926710773457,inf
36,61,inf,inf,inf,574.652938737809,inf
36,62,inf,inf,inf,542.9290929762376,inf
36,63,inf,inf,inf,469.2845618598592,inf
36,64,inf,inf,inf,55.60575509783138,inf
36,65,inf,inf,inf,486.49049322674335,inf
36,66,inf,inf,inf,243.21389762922678,inf
36,67,inf,inf,inf,1249.2125519702402,inf
36,68,inf,inf,inf,704.4089721177605,inf
36,69,inf,inf,inf,373.8930328315841,inf
36,70,inf,inf,inf,565.9796816141018,inf
36,71,inf,inf,inf,742.8512637129993,inf
36,72,inf,inf,inf,130.9083648969767,inf
36,73,inf,inf,inf,572.6298979270991,inf
36,74,inf,inf,inf,331.1193138432127,inf
36,75,inf,inf,inf,314.02547667346994,inf
36,76,inf,inf,inf,710.6595528099232,inf
36,77,inf,inf,inf,946.237285251432,inf
36,78,inf,inf,inf,203.9534260560484,inf
36,79,inf,inf,inf,325.8128297044179,inf
36,80,inf,inf,inf,904.7369783533776,inf
36,81,inf,inf,inf,709.902810249403,inf
36,82,inf,inf,inf,197.02284131541703,inf
36,83,inf,inf,inf,682.3737978556915,inf
36,84,inf,inf,inf,243.6801181877586,inf
36,85,inf,inf,inf,915.3589459878567,inf
36,86,inf,inf,inf,475.4808092867682,inf
36,87,inf,inf,inf,228.56071403458645,inf
36,88,inf,inf,inf,1077.6534693490296,inf
36,89,inf,inf,inf,588.4632528884025,inf
36,90,inf,inf,inf,1197.4092867520278,inf
36,91,inf,inf,inf,265.2036952985384,inf
36,92,inf,inf,inf,995.2110328970434,inf
36,93,inf,inf,inf,451.36681313539214,inf
36,94,inf,inf,inf,318.76009787926716,inf
36,95,inf,inf,inf,156.6780137734711,inf
36,96,inf,inf,inf,167.2602762164406,inf
36,97,inf,inf,inf,1231.7438857165073,inf
36,98,inf,inf,inf,208.4922060893404,inf
36,99,inf,inf,inf,803.1593864233923,inf
36,100,inf,inf,inf,220.6581065811995,inf
36,101,inf,inf,inf,893.344838234374,inf
36,102,inf,inf,inf,312.51879943453,inf
36,103,inf,inf,inf,1126.4430744604895,inf
36,104,inf,inf,inf,629.5855779796739,inf
36,105,inf,inf,inf,108.15729286552988,inf
36,106,inf,inf,inf,948.1191908193822,inf
36,107,inf,inf,inf,462.585127300911,inf
36,108,inf,inf,inf,409.444745967023,inf
36,109,inf,inf,inf,1249.648350537062,inf
36,110,inf,inf,inf,939.4061954234706,inf
36,111,inf,inf,inf,384.94804844290354,inf
36,112,inf,inf,inf,922.7269368561861,inf
36,113,inf,inf,inf,400.60454315946043,inf
36,114,inf,inf,inf,1071.2035287469885,inf
36,115,inf,inf,inf,1213.0692478172875,inf
36,116,inf,inf,inf,512.3368032847143,inf
36,117,inf,inf,inf,784.2512352556417,inf
36,118,inf,inf,inf,446.07174310866185,inf
36,119,inf,inf,inf,665.0300745079128,inf
36,120,inf,inf,inf,285.53983960211224,inf
36,121,inf,inf,inf,1229.2054344168837,inf
36,122,inf,inf,inf,1001.8288276946316,inf
36,123,inf,inf,inf,1055.31274985191,inf
36,124,inf,inf,inf,159.25451327984396,inf
36,125,inf,inf,inf,1031.5008482788562,inf
36,126,inf,inf,inf,868.3040941974189,inf
36,127,inf,inf,inf,290.69743720920553,inf
36,128,inf,inf,inf,202.23748416156684,inf
36,129,inf,inf,inf,121.49485585818027,inf
36,130,inf,inf,inf,670.6153890271233,inf
36,131,inf,inf,inf,796.1061487012897,inf
36,132,inf,inf,inf,1245.388694344059,inf
36,133,inf,inf,inf,374.36479535340925,inf
36,134,inf,inf,inf,709.5244886541972,inf
36,135,inf,inf,inf,870.5521236548676,inf
36,136,inf,inf,inf,656.4792456734638,inf
36,137,inf,inf,inf,1015.4609790632036,inf
36,138,inf,inf,inf,728.9691351490816,inf
36,139,inf,inf,inf,628.9069883536039,inf
36,140,inf,inf,inf,1136.0360909759866,inf
36,141,inf,inf,inf,412.378466945111,inf
36,142,inf,inf,inf,480.09374084651427,inf
36,143,inf,inf,inf,114.28035701729323,inf
36,144,inf,inf,inf,1140.403437385209,inf
36,145,inf,inf,inf,627.2870156475423,inf
36,146,inf,inf,inf,291.5630292063793,inf
36,147,inf,inf,inf,223.03587155433092,inf
36,148,inf,inf,inf,639.0719834259675,inf
36,149,inf,inf,inf,355.64307950528155,inf
36,150,inf,inf,inf,452.57154130590226,inf
36,151,inf,inf,inf,682.7569113527888,inf
36,152,inf,inf,inf,970.090717407398,inf
36,153,inf,inf,inf,324.5812687140156,inf
36,154,inf,inf,inf,599.7507815751472,inf
36,155,inf,inf,inf,337.7217789838257,inf
36,156,inf,inf,inf,889.4099167425558,inf
36,157,inf,inf,inf,214.67417171145672,inf
36,158,inf,inf,inf,191.80198122021577,inf
36,159,inf,inf,inf,294.0493155917898,inf
36,160,inf,inf,inf,965.0497396507602,inf
36,161,inf,inf,inf,397.7247792129628,inf
37,38,inf,inf,inf,932.5073726250104,inf
37,39,inf,inf,inf,826.5228369500749,inf
37,40,inf,inf,inf,637.8855696753141,inf
37,41,inf,inf,inf,281.04981764804614,inf
37,42,inf,inf,inf,343.2797692844715,inf
37,43,inf,inf,inf,82.15229759416349,inf
37,44,inf,inf,inf,435.1149273467873,inf
37,45,inf,inf,inf,751.0825520540335,inf
37,46,inf,inf,inf,656.3794634203603,inf
37,47,inf,inf,inf,209.97618912629116,inf
37,48,inf,inf,inf,775.207069111215,inf
37,49,inf,inf,inf,803.6479328661277,inf
37,50,inf,inf,inf,1040.350902340167,inf
37,51,inf,inf,inf,915.0502718430283,inf
37,52,inf,inf,inf,842.7502595668541,inf
37,53,inf,inf,inf,828.4352720641486,inf
37,54,inf,inf,inf,739.2597648999978,inf
37,55,inf,inf,inf,524.7208781819149,inf
37,56,inf,inf,inf,132.9699214108213,inf
37,57,inf,inf,inf,700.4891148333427,inf
37,58,inf,inf,inf,946.3107312083066,inf
37,59,inf,inf,inf,455.50521402065203,inf
37,60,inf,inf,inf,580.4825578774955,inf
37,61,inf,inf,inf,562.8943062422998,inf
37,62,inf,inf,inf,797.4083019382228,inf
37,63,inf,inf,inf,413.40053217188773,inf
37,64,inf,inf,inf,737.924115339782,inf
37,65,inf,inf,inf,341.0058650522011,inf
37,66,inf,inf,inf,974.3125781801239,inf
37,67,inf,inf,inf,634.4540960542378,inf
37,68,1.0,193.0366,193.03657992645947,153.07514494521962,1.261057632808649
37,69,inf,inf,inf,598.2140085287205,inf
37,70,inf,inf,inf,221.19900542271884,inf
37,71,inf,inf,inf,661.5285330203075,inf
37,72,inf,inf,inf,874.2522519273256,inf
37,73,inf,inf,inf,1085.3077904447198,inf
37,74,inf,inf,inf,567.5632123385025,inf
37,75,inf,inf,inf,754.9648998463439,inf
37,76,inf,inf,inf,103.46496991735899,inf
37,77,inf,inf,inf,515.2484837435235,inf
37,78,inf,inf,inf,687.6750686188935,inf
37,79,inf,inf,inf,472.1207472670524,inf
37,80,inf,inf,inf,345.023187626571,inf
37,81,inf,inf,inf,629.8650649147006,inf
37,82,inf,inf,inf,854.12528355037,inf
37,83,inf,inf,inf,363.4528855298854,inf
37,84,inf,inf,inf,913.2644742898959,inf
37,85,inf,inf,inf,617.972491297145,inf
37,86,inf,inf,inf,373.8582619121851,inf
37,87,inf,inf,inf,564.2481723497206,inf
37,88,inf,inf,inf,292.43289828608545,inf
37,89,inf,inf,inf,197.29419656948858,inf
37,90,inf,inf,inf,412.6414908852477,inf
37,91,inf,inf,inf,673.2792882600801,inf
37,92,inf,inf,inf,449.01781701843413,inf
37,93,inf,inf,inf,850.6773771530544,inf
37,94,inf,inf,inf,476.0672221441001,inf
37,95,inf,inf,inf,785.0121018175453,inf
37,96,inf,inf,inf,654.4004889973723,inf
37,97,inf,inf,inf,683.5122529991689,inf
37,98,inf,inf,inf,746.0730527233911,inf
37,99,inf,inf,inf,1053.8904117601603,inf
37,100,inf,inf,inf,812.3459854027716,inf
37,101,inf,inf,inf,129.29423807734048,inf
37,102,inf,inf,inf,786.3866733357071,inf
37,103,inf,inf,inf,351.02421568888946,inf
37,104,inf,inf,inf,225.1443981093023,inf
37,105,inf,inf,inf,689.98115916306,inf
37,106,inf,inf,inf,513.748965935699,inf
37,107,inf,inf,inf,407.65303874741323,inf
37,108,inf,inf,inf,524.9314240927094,inf
37,109,inf,inf,inf,511.7665483401587,inf
37,110,inf,inf,inf,1008.438396730311,inf
37,111,inf,inf,inf,556.270617595429,inf
37,112,inf,inf,inf,316.58963975468305,inf
37,113,inf,inf,inf,465.72524088780074,inf
37,114,inf,inf,inf,433.7107330929222,inf
37,115,inf,inf,inf,732.9918144154135,inf
37,116,inf,inf,inf,313.8996654983882,inf
37,117,inf,inf,inf,356.5305036038291,inf
37,118,inf,inf,inf,1079.4757987097255,inf
37,119,inf,inf,inf,711.098446067772,inf
37,120,inf,inf,inf,834.1372788696115,inf
37,121,inf,inf,inf,469.6913880411264,inf
37,122,inf,inf,inf,719.6561679024227,inf
37,123,inf,inf,inf,931.3866007195937,inf
37,124,inf,inf,inf,788.5239374933395,inf
37,125,inf,inf,inf,782.5458453023695,inf
37,126,inf,inf,inf,114.85643212288984,inf
37,127,inf,inf,inf,922.1176714497993,inf
37,128,inf,inf,inf,876.6413177577247,inf
37,129,inf,inf,inf,902.5990250382503,inf
37,130,inf,inf,inf,402.81137024667015,inf
37,131,inf,inf,inf,616.283214115069,inf
37,132,inf,inf,inf,643.5440932834362,inf
37,133,inf,inf,inf,436.83520920365385,inf
37,134,inf,inf,inf,917.1853683961601,inf
37,135,inf,inf,inf,430.1918176813687,inf
37,136,inf,inf,inf,1086.2011784195413,inf
37,137,inf,inf,inf,960.3691998393118,inf
37,138,inf,inf,inf,901.6629081868678,inf
37,139,inf,inf,inf,434.1658669218482,inf
37,140,inf,inf,inf,404.07177580227005,inf
37,141,inf,inf,inf,388.7415593938986,inf
37,142,inf,inf,inf,997.8065944861258,inf
37,143,inf,inf,inf,674.4034400861253,inf
37,144,inf,inf,inf,756.856657498631,inf
37,145,inf,inf,inf,192.38762953994728,inf
37,146,inf,inf,inf,506.0247029543123,inf
37,147,inf,inf,inf,565.0318575089373,inf
37,148,inf,inf,inf,157.88920165736477,inf
37,149,inf,inf,inf,908.8465216965953,inf
37,150,inf,inf,inf,339.0,inf
37,151,inf,inf,inf,684.2696836774226,inf
37,152,inf,inf,inf,961.4593075112435,inf
37,153,inf,inf,inf,1012.377893871651,inf
37,154,inf,inf,inf,893.6582120699165,inf
37,155,inf,inf,inf,448.03571286226725,inf
37,156,inf,inf,inf,645.6639993061407,inf
37,157,inf,inf,inf,622.7623944972914,inf
37,158,inf,inf,inf,868.7116898027791,inf
37,159,inf,inf,inf,1046.0578377890965,inf
37,160,inf,inf,inf,988.4963328207141,inf
37,161,inf,inf,inf,806.7744418361306,inf
38,39,inf,inf,inf,235.05318547086316,inf
38,40,inf,inf,inf,1246.4766343578206,inf
38,41,inf,inf,inf,730.9726397068498,inf
38,42,inf,inf,inf,1245.0369472429322,inf
38,43,inf,inf,inf,864.3986348901761,inf
38,44,inf,inf,inf,1093.2854156166175,inf
38,45,inf,inf,inf,454.3797970860941,inf
38,46,inf,inf,inf,962.766846126309,inf
38,47,inf,inf,inf,986.1642865161971,inf
38,48,inf,inf,inf,178.01123560045303,inf
38,49,inf,inf,inf,132.43866504914644,inf
38,50,inf,inf,inf,406.5907032877166,inf
38,51,inf,inf,inf,55.86591089385369,inf
38,52,inf,inf,inf,96.17692030835673,inf
38,53,inf,inf,inf,284.29737951659,inf
38,54,inf,inf,inf,1474.3897042505419,inf
38,55,inf,inf,inf,1440.053471229454,inf
38,56,inf,inf,inf,1014.39095027509,inf
38,57,inf,inf,inf,928.4314729693301,inf
38,58,inf,inf,inf,756.1124255029804,inf
38,59,inf,inf,inf,803.3760016331083,inf
38,60,inf,inf,inf,785.3979882836472,inf
38,61,inf,inf,inf,518.8178871241815,inf
38,62,inf,inf,inf,359.4690529099828,inf
38,63,inf,inf,inf,716.4035175793039,inf
38,64,inf,inf,inf,347.25494956875707,inf
38,65,inf,inf,inf,705.1134660464229,inf
38,66,inf,inf,inf,135.5912976558599,inf
38,67,inf,inf,inf,1478.9570649616574,inf
38,68,inf,inf,inf,812.2524238190982,inf
38,69,inf,inf,inf,356.2611401766968,inf
38,70,inf,inf,inf,717.9143402941608,inf
38,71,inf,inf,inf,638.8505302494473,inf
38,72,inf,inf,inf,387.5835393821569,inf
38,73,inf,inf,inf,839.9672612667711,inf
38,74,inf,inf,inf,610.6471976518029,inf
38,75,inf,inf,inf,195.4328529188478,inf
38,76,inf,inf,inf,883.1041841141961,inf
38,77,inf,inf,inf,924.6431744191918,inf
38,78,inf,inf,inf,502.5027363109578,inf
38,79,inf,inf,inf,473.36244041960066,inf
38,80,inf,inf,inf,1129.669420671375,inf
38,81,inf,inf,inf,999.0895855727854,inf
38,82,inf,inf,inf,480.1499765698214,inf
38,83,inf,inf,inf,927.9504297105531,inf
38,84,inf,inf,inf,63.387695966961914,inf
38,85,inf,inf,inf,1190.428494282626,inf
38,86,inf,inf,inf,707.5648380183967,inf
38,87,inf,inf,inf,403.09056054440174,inf
38,88,inf,inf,inf,1218.4617351398442,inf
38,89,inf,inf,inf,746.2338775477833,inf
38,90,inf,inf,inf,1322.838236520248,inf
38,91,inf,inf,inf,563.8341954865809,inf
38,92,inf,inf,inf,1008.0401777707077,inf
38,93,inf,inf,inf,230.20425712831639,inf
38,94,inf,inf,inf,539.4163512538344,inf
38,95,inf,inf,inf,175.5733464965568,inf
38,96,inf,inf,inf,307.001628660175,inf
38,97,inf,inf,inf,1477.430539822431,inf
38,98,inf,inf,inf,511.66883821471873,inf
38,99,inf,inf,inf,1100.920069759835,inf
38,100,inf,inf,inf,517.1189418306005,inf
38,101,inf,inf,inf,1013.8663620024091,inf
38,102,inf,inf,inf,614.1025972913646,inf
38,103,inf,inf,inf,1237.704326565921,inf
38,104,inf,inf,inf,728.6590423510848,inf
38,105,inf,inf,inf,310.792535302893,inf
38,106,inf,inf,inf,927.407138208457,inf
38,107,inf,inf,inf,706.2556194466703,inf
38,108,inf,inf,inf,684.477172738434,inf
38,109,inf,inf,inf,1434.2444003725445,inf
38,110,inf,inf,inf,1242.5948655937702,inf
38,111,inf,inf,inf,666.1178574396575,inf
38,112,inf,inf,inf,973.0596076294607,inf
38,113,inf,inf,inf,655.0190836914601,inf
38,114,inf,inf,inf,1108.965734366937,inf
38,115,inf,inf,inf,1472.1715253325613,inf
38,116,inf,inf,inf,725.5460012983326,inf
38,117,inf,inf,inf,807.6756774844715,inf
38,118,inf,inf,inf,683.0592946443229,inf
38,119,inf,inf,inf,532.977485453185,inf
38,120,inf,inf,inf,580.4558553412999,inf
38,121,inf,inf,inf,1400.2356944457601,inf
38,122,inf,inf,inf,1283.3335497835315,inf
38,123,inf,inf,inf,1353.586716837898,inf
38,124,inf,inf,inf,458.9553355175207,inf
38,125,inf,inf,inf,1318.1335288960674,inf
38,126,inf,inf,inf,1034.4206107768734,inf
38,127,inf,inf,inf,560.5149418168975,inf
38,128,inf,inf,inf,476.28772816439437,inf
38,129,inf,inf,inf,321.4607285501605,inf
38,130,inf,inf,inf,924.8853983061902,inf
38,131,inf,inf,inf,715.947623782634,inf
38,132,inf,inf,inf,1478.4860499849162,inf
38,133,inf,inf,inf,602.5155599650518,inf
38,134,inf,inf,inf,1011.8720274817365,inf
38,135,inf,inf,inf,871.2777972610113,inf
38,136,inf,inf,inf,936.8399009435924,inf
38,137,inf,inf,inf,1316.7053580812983,inf
38,138,inf,inf,inf,1031.9467040501656,inf
38,139,inf,inf,inf,629.5792245619291,inf
38,140,inf,inf,inf,1213.0259683947413,inf
38,141,inf,inf,inf,623.8285020740876,inf
38,142,inf,inf,inf,756.375568087706,inf
38,143,inf,inf,inf,337.85499848307705,inf
38,144,inf,inf,inf,1413.286241353817,inf
38,145,inf,inf,inf,816.8971783523309,inf
38,146,inf,inf,inf,522.0086206184722,inf
38,147,inf,inf,inf,413.83209155405046,inf
38,148,inf,inf,inf,774.6980056770509,inf
38,149,inf,inf,inf,639.2526886920383,inf
38,150,inf,inf,inf,644.7084612443053,inf
38,151,inf,inf,inf,564.3872783824951,inf
38,152,inf,inf,inf,1272.4378177341318,inf
38,153,inf,inf,inf,554.4339455697135,inf
38,154,inf,inf,inf,900.6092382382051,inf
38,155,inf,inf,inf,525.7699116533771,inf
38,156,inf,inf,inf,1170.3161965896225,inf
38,157,inf,inf,inf,321.0996729988992,inf
38,158,inf,inf,inf,111.40017953306898,inf
38,159,inf,inf,inf,466.44721030358835,inf
38,160,inf,inf,inf,1268.0319396608272,inf
38,161,inf,inf,inf,699.1859552365164,inf
39,40,inf,inf,inf,1041.8493173199279,inf
39,41,inf,inf,inf,581.3028470599469,inf
39,42,inf,inf,inf,1105.112211497095,inf
39,43,inf,inf,inf,772.0369162157986,inf
39,44,inf,inf,inf,1076.1603040439654,inf
39,45,inf,inf,inf,576.7122332671642,inf
39,46,inf,inf,inf,739.747254134816,inf
39,47,inf,inf,inf,927.0005393741689,inf
39,48,inf,inf,inf,273.80650101851126,inf
39,49,inf,inf,inf,167.72000476985446,inf
39,50,inf,inf,inf,260.77193100485334,inf
39,51,inf,inf,inf,272.1488563268271,inf
39,52,inf,inf,inf,167.90473489452285,inf
39,53,inf,inf,inf,442.7922763554035,inf
39,54,inf,inf,inf,1280.5721377571824,inf
39,55,inf,inf,inf,1301.3285519037843,inf
39,56,inf,inf,inf,930.4069002323661,inf
39,57,inf,inf,inf,700.5890378816956,inf
39,58,inf,inf,inf,526.9421220589601,inf
39,59,inf,inf,inf,820.268858362915,inf
39,60,inf,inf,inf,838.6298349093001,inf
39,61,inf,inf,inf,563.5547888182657,inf
39,62,inf,inf,inf,502.5693981929262,inf
39,63,inf,inf,inf,530.818236310698,inf
39,64,inf,inf,inf,122.80065146407001,inf
39,65,inf,inf,inf,541.3547820052945,inf
39,66,inf,inf,inf,174.82848738120455,inf
39,67,inf,inf,inf,1309.9526709007466,inf
39,68,inf,inf,inf,735.0891102444656,inf
39,69,inf,inf,inf,363.29602254910526,inf
39,70,inf,inf,inf,605.4196891413427,inf
39,71,inf,inf,inf,724.0994406847723,inf
39,72,inf,inf,inf,166.6283289239858,inf
39,73,inf,inf,inf,622.0265267655392,inf
39,74,inf,inf,inf,398.9636574927596,inf
39,75,inf,inf,inf,274.40116617827994,inf
39,76,inf,inf,inf,756.79653804705,inf
39,77,inf,inf,inf,949.0885100979782,inf
39,78,inf,inf,inf,274.592425241484,inf
39,79,inf,inf,inf,357.359762704197,inf
39,80,inf,inf,inf,963.6934159783391,inf
39,81,inf,inf,inf,780.0576901742588,inf
39,82,inf,inf,inf,250.7149776140229,inf
39,83,inf,inf,inf,744.8127281404367,inf
39,84,inf,inf,inf,174.1952927033334,inf
39,85,inf,inf,inf,983.7733478804963,inf
39,86,inf,inf,inf,533.5035145151342,inf
39,87,inf,inf,inf,262.42713274354844,inf
39,88,inf,inf,inf,1118.955316355394,inf
39,89,inf,inf,inf,629.6864298998352,inf
39,90,inf,inf,inf,1235.8029778245398,inf
39,91,inf,inf,inf,335.8764653857129,inf
39,92,inf,inf,inf,1006.5252108119299,inf
39,93,inf,inf,inf,400.76926029824193,inf
39,94,inf,inf,inf,371.1872842649651,inf
39,95,inf,inf,inf,111.21151019566275,inf
39,96,inf,inf,inf,180.27756377319946,inf
39,97,inf,inf,inf,1295.481763669408,inf
39,98,inf,inf,inf,277.46170906991836,inf
39,99,inf,inf,inf,867.1130260813754,inf
39,100,inf,inf,inf,283.01590061337544,inf
39,101,inf,inf,inf,928.8988104201662,inf
39,102,inf,inf,inf,379.0514476954283,inf
39,103,inf,inf,inf,1161.3207997792858,inf
39,104,inf,inf,inf,657.0372896571396,inf
39,105,inf,inf,inf,136.56500283747664,inf
39,106,inf,inf,inf,951.1939865243052,inf
39,107,inf,inf,inf,523.2523291873625,inf
39,108,inf,inf,inf,476.7651413431985,inf
39,109,inf,inf,inf,1301.156793011511,inf
39,110,inf,inf,inf,1008.1150727967517,inf
39,111,inf,inf,inf,453.37512062308843,inf
39,112,inf,inf,inf,942.1682439989155,inf
39,113,inf,inf,inf,463.24939287601876,inf
39,114,inf,inf,inf,1088.882454629516,inf
39,115,inf,inf,inf,1279.171997817338,inf
39,116,inf,inf,inf,566.1810664442958,inf
39,117,inf,inf,inf,795.8555145250926,inf
39,118,inf,inf,inf,482.2779281700542,inf
39,119,inf,inf,inf,638.5835888902877,inf
39,120,inf,inf,inf,347.09220676932523,inf
39,121,inf,inf,inf,1277.751932105759,inf
39,122,inf,inf,inf,1071.2259332185718,inf
39,123,inf,inf,inf,1125.9631432689082,inf
39,124,inf,inf,inf,223.98660674245681,inf
39,125,inf,inf,inf,1101.5234904440304,inf
39,126,inf,inf,inf,914.166286842826,inf
39,127,inf,inf,inf,338.7226003679117,inf
39,128,inf,inf,inf,250.83859352181037,inf
39,129,inf,inf,inf,122.42957159118053,inf
39,130,inf,inf,inf,734.7986118658636,inf
39,131,inf,inf,inf,783.6178915772662,inf
39,132,inf,inf,inf,1306.7719770487888,inf
39,133,inf,inf,inf,430.0290687848904,inf
39,134,inf,inf,inf,776.8275226844116,inf
39,135,inf,inf,inf,877.8524933039719,inf
39,136,inf,inf,inf,711.7197482155459,inf
39,137,inf,inf,inf,1085.7702335208862,inf
39,138,inf,inf,inf,797.1147972531936,inf
39,139,inf,inf,inf,632.4871540197477,inf
39,140,inf,inf,inf,1163.1551917091717,inf
39,141,inf,inf,inf,464.3317779347005,inf
39,142,inf,inf,inf,532.8508234018223,inf
39,143,inf,inf,inf,154.50566332662373,inf
39,144,inf,inf,inf,1208.6703438076074,inf
39,145,inf,inf,inf,676.6897368809431,inf
39,146,inf,inf,inf,346.07080200444534,inf
39,147,inf,inf,inf,261.9790067925291,inf
39,148,inf,inf,inf,675.5923326977594,inf
39,149,inf,inf,inf,411.1763611882376,inf
39,150,inf,inf,inf,500.23694385760837,inf
39,151,inf,inf,inf,659.7279742439304,inf
39,152,inf,inf,inf,1040.0346148085648,inf
39,153,inf,inf,inf,355.5629339512205,inf
39,154,inf,inf,inf,665.7093960580697,inf
39,155,inf,inf,inf,381.4341358609635,inf
39,156,inf,inf,inf,958.6542651029098,inf
39,157,inf,inf,inf,223.6000894454204,inf
39,158,inf,inf,inf,124.25779653607253,inf
39,159,inf,inf,inf,301.4448539948891,inf
39,160,inf,inf,inf,1034.5167954170681,inf
39,161,inf,inf,inf,464.15191478652764,inf
40,41,inf,inf,inf,581.6089751714635,inf
40,42,inf,inf,inf,481.56515654685813,inf
40,43,inf,inf,inf,699.3461231750699,inf
40,44,inf,inf,inf,1051.9643530082187,inf
40,45,inf,inf,inf,1271.1825203329379,inf
40,46,inf,inf,inf,348.9412558010302,inf
40,47,inf,inf,inf,836.1530960296685,inf
40,48,inf,inf,inf,1153.8457435896707,inf
40,49,inf,inf,inf,1120.8514620590902,inf
40,50,inf,inf,inf,1127.2000709723186,inf
40,51,inf,inf,inf,1257.380212982533,inf
40,52,inf,inf,inf,1151.844607575171,inf
40,53,inf,inf,inf,1278.3540198239298,inf
40,54,inf,inf,inf,257.6606295109907,inf
40,55,inf,inf,inf,573.7752173107514,inf
40,56,inf,inf,inf,733.0436549074004,inf
40,57,inf,inf,inf,416.70733134899365,inf
40,58,inf,inf,inf,792.258796101375,inf
40,59,inf,inf,inf,1081.6325623796652,inf
40,60,inf,inf,inf,1200.7605922914026,inf
40,61,inf,inf,inf,1099.841806806779,inf
40,62,inf,inf,inf,1279.497557637372,inf
40,63,inf,inf,inf,536.3077474734073,inf
40,64,inf,inf,inf,919.2442548093516,inf
40,65,inf,inf,inf,574.7321115093536,inf
40,66,inf,inf,inf,1216.5512730666144,inf
40,67,inf,inf,inf,405.73143826920784,inf
40,68,inf,inf,inf,759.6170087616522,inf
40,69,inf,inf,inf,1030.6124392806444,inf
40,70,inf,inf,inf,679.4917218038789,inf
40,71,inf,inf,inf,1244.9425689564962,inf
40,72,inf,inf,inf,978.7262129931945,inf
40,73,inf,inf,inf,889.1912055345576,inf
40,74,inf,inf,inf,642.8887928716755,inf
40,75,inf,inf,inf,1136.3705381608588,inf
40,76,inf,inf,inf,569.2003162332221,inf
40,77,inf,inf,inf,1152.6113829040557,inf
40,78,inf,inf,inf,777.1183950981987,inf
40,79,inf,inf,inf,819.385135330145,inf
40,80,inf,inf,inf,311.7130090323469,inf
40,81,inf,inf,inf,292.4995726492605,inf
40,82,inf,inf,inf,901.2746529221822,inf
40,83,inf,inf,inf,346.8313711301214,inf
40,84,inf,inf,inf,1199.0704733250668,inf
40,85,inf,inf,inf,60.4648658313239,inf
40,86,inf,inf,inf,557.2647485710899,inf
40,87,inf,inf,inf,855.318654069932,inf
40,88,inf,inf,inf,703.401023598914,inf
40,89,inf,inf,inf,655.5707437035304,inf
40,90,inf,inf,inf,813.2656392593997,inf
40,91,inf,inf,inf,720.8335452793523,inf
40,92,inf,inf,inf,1083.123723311423,inf
40,93,inf,inf,inf,1276.3925728395634,inf
40,94,inf,inf,inf,716.2974242589456,inf
40,95,inf,inf,inf,1070.9033569841865,inf
40,96,inf,inf,inf,944.6322035586126,inf
40,97,inf,inf,inf,323.8965884352597,inf
40,98,inf,inf,inf,801.4942295487847,inf
40,99,inf,inf,inf,660.7185482487986,inf
40,100,inf,inf,inf,842.8641646196616,inf
40,101,inf,inf,inf,728.599341202008,inf
40,102,inf,inf,inf,751.9108989767338,inf
40,103,inf,inf,inf,831.4036324192961,inf
40,104,inf,inf,inf,790.1240408948458,inf
40,105,inf,inf,inf,936.055553906925,inf
40,106,inf,inf,inf,1151.2167476196653,inf
40,107,inf,inf,inf,548.2928049865327,inf
40,108,inf,inf,inf,565.3538714822779,inf
40,109,inf,inf,inf,605.2082286287919,inf
40,110,inf,inf,inf,498.2388985215827,inf
40,111,inf,inf,inf,588.7996263585771,inf
40,112,inf,inf,inf,950.4025462928853,inf
40,113,inf,inf,inf,592.4339625646052,inf
40,114,inf,inf,inf,1045.619911822647,inf
40,115,inf,inf,inf,259.33183375744676,inf
40,116,inf,inf,inf,565.8948665609187,inf
40,117,inf,inf,inf,983.5141076771598,inf
40,118,inf,inf,inf,991.1538730187154,inf
40,119,inf,inf,inf,1260.1321359286096,inf
40,120,inf,inf,inf,814.5802600112527,inf
40,121,inf,inf,inf,650.7995082972943,inf
40,122,1.0,95.5685,95.56854249492375,86.28441342444185,1.1075991445269764
40,123,inf,inf,inf,324.6921619010844,inf
40,124,inf,inf,inf,867.1654974686205,inf
40,125,inf,inf,inf,150.58552387264854,inf
40,126,inf,inf,inf,566.6127425323225,inf
40,127,inf,inf,inf,906.755204010432,inf
40,128,inf,inf,inf,922.6017559055477,inf
40,129,inf,inf,inf,1043.5118590605475,inf
40,130,inf,inf,inf,333.92364396670087,inf
40,131,inf,inf,inf,1221.0589666351088,inf
40,132,inf,inf,inf,388.16104905051975,inf
40,133,inf,inf,inf,654.7465158364724,inf
40,134,inf,inf,inf,561.6983176047441,inf
40,135,inf,inf,inf,1065.488151036885,inf
40,136,inf,inf,inf,821.112050818888,inf
40,137,inf,inf,inf,384.2251943847514,inf
40,138,inf,inf,inf,527.1603171711619,inf
40,139,inf,inf,inf,1005.6530216729824,inf
40,140,inf,inf,inf,952.8483614930552,inf
40,141,inf,inf,inf,649.462854980945,inf
40,142,inf,inf,inf,847.5848040166836,inf
40,143,inf,inf,inf,909.2909325402953,inf
40,144,inf,inf,inf,167.0029939851379,inf
40,145,inf,inf,inf,551.5260646605924,inf
40,146,inf,inf,inf,728.385200288968,inf
40,147,inf,inf,inf,840.3362422268839,inf
40,148,inf,inf,inf,696.0064654872108,inf
40,149,inf,inf,inf,839.1829359561597,inf
40,150,inf,inf,inf,654.9297672269905,inf
40,151,inf,inf,inf,1244.3669073066833,inf
40,152,inf,inf,inf,414.76981568093885,inf
40,153,inf,inf,inf,1002.2100578222113,inf
40,154,inf,inf,inf,625.5213825282074,inf
40,155,inf,inf,inf,748.8244119952287,inf
40,156,inf,inf,inf,106.73331251301067,inf
40,157,inf,inf,inf,945.0190474270876,inf
40,158,inf,inf,inf,1144.2386114792666,inf
40,159,inf,inf,inf,1095.8216095697328,inf
40,160,inf,inf,inf,453.9217994324573,inf
40,161,inf,inf,inf,702.5560475862407,inf
41,42,inf,inf,inf,523.8950276534413,inf
41,43,inf,inf,inf,264.96792258686713,inf
41,44,inf,inf,inf,669.7223305221352,inf
41,45,inf,inf,inf,689.5810322217397,inf
41,46,inf,inf,inf,453.40158799898353,inf
41,47,inf,inf,inf,456.72420562085387,inf
41,48,inf,inf,inf,602.7976443218736,inf
41,49,inf,inf,inf,598.572468461422,inf
41,50,inf,inf,inf,772.0213727611432,inf
41,51,inf,inf,inf,727.0433274571743,inf
41,52,inf,inf,inf,635.4722653271344,inf
41,53,inf,inf,inf,706.3044669262683,inf
41,54,inf,inf,inf,770.2376256714547,inf
41,55,inf,inf,inf,720.1840042655766,inf
41,56,inf,inf,inf,409.89022920777217,inf
41,57,inf,inf,inf,477.45994596405677,inf
41,58,inf,inf,inf,670.9135562797937,inf
41,59,inf,inf,inf,564.6131418945188,inf
41,60,inf,inf,inf,665.7063917373785,inf
41,61,inf,inf,inf,521.2149268775789,inf
41,62,inf,inf,inf,700.8230875192397,inf
41,63,inf,inf,inf,142.90206436577463,inf
41,64,inf,inf,inf,478.160015057721,inf
41,65,inf,inf,inf,60.92618484691127,inf
41,66,inf,inf,inf,744.3937130309471,inf
41,67,inf,inf,inf,749.0026702222095,inf
41,68,inf,inf,inf,277.96582523756405,inf
41,69,inf,inf,inf,456.71106840101874,inf
41,70,inf,inf,inf,125.29964086141668,inf
41,71,inf,inf,inf,677.1240654414817,inf
41,72,inf,inf,inf,604.1870571271782,inf
41,73,inf,inf,inf,810.8082387346591,inf
41,74,inf,inf,inf,286.7141433553636,inf
41,75,inf,inf,inf,583.4937874562162,inf
41,76,inf,inf,inf,188.01063799689632,inf
41,77,inf,inf,inf,668.9648720224403,inf
41,78,inf,inf,inf,409.20654931220247,inf
41,79,inf,inf,inf,261.0842775810141,inf
41,80,inf,inf,inf,400.26241392366586,inf
41,81,inf,inf,inf,447.9341469457313,inf
41,82,inf,inf,inf,576.195279397532,inf
41,83,inf,inf,inf,234.8297255459794,inf
41,84,inf,inf,inf,698.3158311251435,inf
41,85,inf,inf,inf,538.2425103984262,inf
41,86,inf,inf,inf,97.63708311906906,inf
41,87,inf,inf,inf,330.87913201046695,inf
41,88,inf,inf,inf,561.0080213330288,inf
41,89,inf,inf,inf,118.92854997854805,inf
41,90,inf,inf,inf,687.8909797344344,inf
41,91,inf,inf,inf,392.2958067581146,inf
41,92,inf,inf,inf,649.4705536050114,inf
41,93,inf,inf,inf,711.3683996355194,inf
41,94,inf,inf,inf,211.5585025471678,inf
41,95,inf,inf,inf,564.468776815866,inf
41,96,inf,inf,inf,427.98714933979034,inf
41,97,inf,inf,inf,756.0423268574319,inf
41,98,inf,inf,inf,466.46972034634786,inf
41,99,inf,inf,inf,820.1134067920119,inf
41,100,inf,inf,inf,532.4481195384204,inf
41,101,inf,inf,inf,406.79478856052225,inf
41,102,inf,inf,inf,505.92588390000367,inf
41,103,inf,inf,inf,631.8267167507244,inf
41,104,inf,inf,inf,256.9065978132909,inf
41,105,inf,inf,inf,447.6617026282235,inf
41,106,inf,inf,inf,668.8714375722736,inf
41,107,inf,inf,inf,133.70115930686615,inf
41,108,inf,inf,inf,250.42763425788297,inf
41,109,inf,inf,inf,719.951387247778,inf
41,110,inf,inf,inf,820.271296584246,inf
41,111,inf,inf,inf,279.5174413162799,inf
41,112,inf,inf,inf,531.7029245734877,inf
41,113,inf,inf,inf,185.6582882609877,inf
41,114,inf,inf,inf,673.8323233564861,inf
41,115,inf,inf,inf,766.550715869472,inf
41,116,inf,inf,inf,36.87817782917155,inf
41,117,inf,inf,inf,478.67838890010484,inf
41,118,inf,inf,inf,798.489198424124,inf
41,119,inf,inf,inf,681.1416886375404,inf
41,120,inf,inf,inf,553.0876964822124,inf
41,121,inf,inf,inf,699.1659316642938,inf
41,122,inf,inf,inf,644.5991002165609,inf
41,123,inf,inf,inf,805.4973618827066,inf
41,124,inf,inf,inf,512.0790954530364,inf
41,125,inf,inf,inf,697.7599873882136,inf
41,126,inf,inf,inf,342.8950276688188,inf
41,127,inf,inf,inf,641.4873342475282,inf
41,128,inf,inf,inf,599.0834666388315,inf
41,129,inf,inf,inf,640.5700586196642,inf
41,130,inf,inf,inf,253.71243564319033,inf
41,131,inf,inf,inf,667.9910179036841,inf
41,132,inf,inf,inf,749.5665414091,inf
41,133,inf,inf,inf,161.00931650062986,inf
41,134,inf,inf,inf,683.5919835691464,inf
41,135,inf,inf,inf,575.6891522340854,inf
41,136,inf,inf,inf,821.3123644509438,inf
41,137,inf,inf,inf,810.4615968693396,inf
41,138,inf,inf,inf,675.2962312940892,inf
41,139,inf,inf,inf,442.7967931229855,inf
41,140,inf,inf,inf,678.1600106169635,inf
41,141,inf,inf,inf,118.00423721205946,inf
41,142,inf,inf,inf,720.7419787968507,inf
41,143,inf,inf,inf,426.9625276297675,inf
41,144,inf,inf,inf,737.7838436832295,inf
41,145,inf,inf,inf,98.15294188153507,inf
41,146,inf,inf,inf,239.43683927081898,inf
41,147,inf,inf,inf,324.4934513977131,inf
41,148,inf,inf,inf,188.1116689628796,inf
41,149,inf,inf,inf,628.2873546395789,inf
41,150,inf,inf,inf,86.37129152675674,inf
41,151,inf,inf,inf,668.0254486170419,inf
41,152,inf,inf,inf,795.0930763124529,inf
41,153,inf,inf,inf,732.8001091702976,inf
41,154,inf,inf,inf,639.9140567294955,inf
41,155,inf,inf,inf,206.11889772653063,inf
41,156,inf,inf,inf,542.0673389902771,inf
41,157,inf,inf,inf,410.0,inf
41,158,inf,inf,inf,647.6241193778997,inf
41,159,inf,inf,inf,772.4312267121261,inf
41,160,inf,inf,inf,813.4174819857267,inf
41,161,inf,inf,inf,530.9256068414859,inf
42,43,inf,inf,inf,425.26462349929835,inf
42,44,inf,inf,inf,635.2149242579239,inf
42,45,inf,inf,inf,1094.358259437923,inf
42,46,inf,inf,inf,681.7807565486137,inf
42,47,inf,inf,inf,459.2003919858954,inf
42,48,inf,inf,inf,1099.625845458354,inf
42,49,inf,inf,inf,1113.1221855663466,inf
42,50,inf,inf,inf,1282.7100217898042,inf
42,51,inf,inf,inf,1234.3524618195565,inf
42,52,inf,inf,inf,1151.2918830600693,inf
42,53,inf,inf,inf,1167.104108466764,inf
42,54,inf,inf,inf,465.7595946408404,inf
42,55,inf,inf,inf,196.32880583347927,inf
42,56,inf,inf,inf,354.1073283624613,inf
42,57,inf,inf,inf,746.7918049898512,inf
42,58,inf,inf,inf,1082.2019220090122,inf
42,59,inf,inf,inf,770.3622524501054,inf
42,60,inf,inf,inf,897.2229377362128,inf
42,61,inf,inf,inf,906.1616853520127,inf
42,62,inf,inf,inf,1139.2774025670833,inf
42,63,inf,inf,inf,600.463987263183,inf
42,64,inf,inf,inf,999.1901720893776,inf
42,65,inf,inf,inf,566.3656063003826,inf
42,66,inf,inf,inf,1267.517258265149,inf
42,67,inf,inf,inf,304.2449670906653,inf
42,68,inf,inf,inf,495.62586696014966,inf
42,69,inf,inf,inf,929.4993275952382,inf
42,70,inf,inf,inf,530.8351909962263,inf
42,71,inf,inf,inf,997.3489860625517,inf
42,72,inf,inf,inf,1115.1125503732796,inf
42,73,inf,inf,inf,1209.8958632874153,inf
42,74,inf,inf,inf,766.2329932859848,inf
42,75,inf,inf,inf,1079.4744091454877,inf
42,76,inf,inf,inf,363.4528855298854,inf
42,77,inf,inf,inf,797.0846880978206,inf
42,78,inf,inf,inf,908.140958221795,inf
42,79,inf,inf,inf,772.1094482001888,inf
42,80,inf,inf,inf,206.81392603013947,inf
42,81,inf,inf,inf,632.8578039338695,inf
42,82,inf,inf,inf,1070.9981325847398,inf
42,83,inf,inf,inf,423.0756433547079,inf
42,84,inf,inf,inf,1217.4748457360422,inf
42,85,inf,inf,inf,495.85179237348734,inf
42,86,inf,inf,inf,581.7843242989621,inf
42,87,inf,inf,inf,852.3643587105223,inf
42,88,inf,inf,inf,234.35016535091245,inf
42,89,inf,inf,inf,501.50373876971247,inf
42,90,inf,inf,inf,332.38531856867564,inf
42,91,inf,inf,inf,874.1407209368524,inf
42,92,inf,inf,inf,695.6910233717264,inf
42,93,inf,inf,inf,1186.020657492946,inf
42,94,inf,inf,inf,734.4011165568854,inf
42,95,inf,inf,inf,1084.5648897138428,inf
42,96,inf,inf,inf,948.6585265520993,inf
42,97,inf,inf,inf,379.2967176235513,inf
42,98,inf,inf,inf,957.839234944988,inf
42,99,inf,inf,inf,1076.7692417598118,inf
42,100,inf,inf,inf,1019.2767043349907,inf
42,101,inf,inf,inf,350.70785562915466,inf
42,102,inf,inf,inf,963.083070145042,inf
42,103,inf,inf,inf,363.0881435684729,inf
42,104,inf,inf,inf,567.5535217052221,inf
42,105,inf,inf,inf,971.4468590715603,inf
42,106,inf,inf,inf,794.6603047843777,inf
42,107,inf,inf,inf,602.7022482121665,inf
42,108,inf,inf,inf,698.6272253498284,inf
42,109,inf,inf,inf,198.40362899906847,inf
42,110,inf,inf,inf,959.6317001850241,inf
42,111,inf,inf,inf,732.5844661197779,inf
42,112,inf,inf,inf,573.663664528267,inf
42,113,inf,inf,inf,669.1644043133197,inf
42,114,inf,inf,inf,623.7178849447881,inf
42,115,inf,inf,inf,457.83184686083166,inf
42,116,inf,inf,inf,540.2018141398638,inf
42,117,inf,inf,inf,675.4591031291236,inf
42,118,inf,inf,inf,1252.5466059193168,inf
42,119,inf,inf,inf,1053.045108245606,inf
42,120,inf,inf,inf,1021.5145618149552,inf
42,121,inf,inf,inf,198.97989848223364,inf
42,122,inf,inf,inf,566.1960791104085,inf
42,123,inf,inf,inf,806.2257748298549,inf
42,124,inf,inf,inf,1013.4441277149915,inf
42,125,inf,inf,inf,628.6851358191952,inf
42,126,inf,inf,inf,228.43160902116853,inf
42,127,inf,inf,inf,1117.5866856758807,inf
42,128,inf,inf,inf,1094.5304929512015,inf
42,129,inf,inf,inf,1158.664748751769,inf
42,130,inf,inf,inf,457.1214280691729,inf
42,131,inf,inf,inf,943.8908835241498,inf
42,132,inf,inf,inf,317.95597179483826,inf
42,133,inf,inf,inf,678.4880249495933,inf
42,134,inf,inf,inf,951.976890475814,inf
42,135,inf,inf,inf,727.6592609181855,inf
42,136,inf,inf,inf,1177.5567926856013,inf
42,137,inf,inf,inf,862.9310517069136,inf
42,138,inf,inf,inf,925.2334840460542,inf
42,139,inf,inf,inf,776.1320763890641,inf
42,140,inf,inf,inf,496.79875201131495,inf
42,141,inf,inf,inf,640.9126305511539,inf
42,142,inf,inf,inf,1138.799806814174,inf
42,143,inf,inf,inf,950.8443616070929,inf
42,144,inf,inf,inf,532.1888762460185,inf
42,145,inf,inf,inf,430.4880950734875,inf
42,146,inf,inf,inf,760.9809458849808,inf
42,147,inf,inf,inf,847.4963126763444,inf
42,148,inf,inf,inf,489.39145885476995,inf
42,149,inf,inf,inf,1080.067127543469,inf
42,150,inf,inf,inf,606.928331848168,inf
42,151,inf,inf,inf,1025.0307312466296,inf
42,152,inf,inf,inf,886.2759164052694,inf
42,153,inf,inf,inf,1215.1847596147675,inf
42,154,inf,inf,inf,970.9809472899043,inf
42,155,inf,inf,inf,727.7753774345488,inf
42,156,inf,inf,inf,544.8678738923777,inf
42,157,inf,inf,inf,925.4933819320373,inf
42,158,inf,inf,inf,1168.4113145634974,inf
42,159,inf,inf,inf,1274.495978808878,inf
42,160,inf,inf,inf,922.6364397746275,inf
42,161,inf,inf,inf,954.0335423872684,inf
43,44,inf,inf,inf,410.20970246935894,inf
43,45,inf,inf,inf,669.1262960009866,inf
43,46,inf,inf,inf,682.0007331374359,inf
43,47,inf,inf,inf,191.9713520294109,inf
43,48,inf,inf,inf,702.9573244514919,inf
43,49,inf,inf,inf,737.4883049920181,inf
43,50,inf,inf,inf,996.1450697564085,inf
43,51,inf,inf,inf,844.3411632746564,inf
43,52,inf,inf,inf,776.7013583096144,inf
43,53,inf,inf,inf,749.4864908722504,inf
43,54,inf,inf,inf,814.9417157073259,inf
43,55,inf,inf,inf,604.6957912868255,inf
43,56,inf,inf,inf,159.07859692617356,inf
43,57,inf,inf,inf,719.5109450175167,inf
43,58,inf,inf,inf,935.5709486725206,inf
43,59,inf,inf,inf,384.04687213932624,inf
43,60,inf,inf,inf,506.8303463684865,inf
43,61,inf,inf,inf,480.916832726824,inf
43,62,inf,inf,inf,716.7265866423542,inf
43,63,inf,inf,inf,406.4148127221743,inf
43,64,inf,inf,inf,691.0260487130713,inf
43,65,inf,inf,inf,325.6501189927619,inf
43,66,inf,inf,inf,913.2239593878382,inf
43,67,inf,inf,inf,716.0984569177621,inf
43,68,inf,inf,inf,71.11258679024411,inf
43,69,inf,inf,inf,523.6420533150484,inf
43,70,inf,inf,inf,172.9392957080605,inf
43,71,inf,inf,inf,580.9931152776253,inf
43,72,inf,inf,inf,832.4433914687532,inf
43,73,inf,inf,inf,1075.5696165288418,inf
43,74,inf,inf,inf,547.6175672857838,inf
43,75,inf,inf,inf,682.7715576970089,inf
43,76,inf,inf,inf,133.46160496562297,inf
43,77,inf,inf,inf,455.90569200219466,inf
43,78,inf,inf,inf,656.3246148058139,inf
43,79,inf,inf,inf,414.8120056121809,inf
43,80,inf,inf,inf,417.65296598970775,inf
43,81,inf,inf,inf,661.6623005733363,inf
43,82,inf,inf,inf,820.5565184678019,inf
43,83,inf,inf,inf,399.8112054457704,inf
43,84,inf,inf,inf,848.4603703179071,inf
43,85,inf,inf,inf,674.5494792822836,inf
43,86,inf,inf,inf,362.43206259932356,inf
43,87,inf,inf,inf,510.08332652616673,inf
43,88,inf,inf,inf,354.12144809372955,inf
43,89,inf,inf,inf,157.175061635108,inf
43,90,inf,inf,inf,464.4071489544492,inf
43,91,inf,inf,inf,648.9437571931793,inf
43,92,inf,inf,inf,405.7831933434405,inf
43,93,inf,inf,inf,773.302657437565,inf
43,94,inf,inf,inf,437.41627770351664,inf
43,95,inf,inf,inf,722.961271438519,inf
43,96,inf,inf,inf,596.0041946161117,inf
43,97,inf,inf,inf,762.868271721927,inf
43,98,inf,inf,inf,716.2639178403447,inf
43,99,inf,inf,inf,1070.5932934592856,inf
43,100,inf,inf,inf,782.7419753660845,inf
43,101,inf,inf,inf,157.25775020646836,inf
43,102,inf,inf,inf,766.8591787284025,inf
43,103,inf,inf,inf,390.3703369878403,inf
43,104,inf,inf,inf,145.16542288024377,inf
43,105,inf,inf,inf,636.2020119427476,inf
43,106,inf,inf,inf,454.80215478821117,inf
43,107,inf,inf,inf,398.22104414508283,inf
43,108,inf,inf,inf,515.3736508592576,inf
43,109,inf,inf,inf,590.2762065338565,inf
43,110,inf,inf,inf,1042.0887678120323,inf
43,111,inf,inf,inf,544.3252704036438,inf
43,112,inf,inf,inf,278.0287754891569,inf
43,113,inf,inf,inf,449.16478045367717,inf
43,114,inf,inf,inf,412.50696963808986,inf
43,115,inf,inf,inf,808.9202680116255,inf
43,116,inf,inf,inf,301.1710477452971,inf
43,117,inf,inf,inf,285.17538463198395,inf
43,118,inf,inf,inf,1056.136828256642,inf
43,119,inf,inf,inf,629.0071541723512,inf
43,120,inf,inf,inf,810.2950080063433,inf
43,121,inf,inf,inf,544.6475924852693,inf
43,122,inf,inf,inf,778.6886412424417,inf
43,123,inf,inf,inf,981.5956397621171,inf
43,124,inf,inf,inf,753.456700812993,inf
43,125,inf,inf,inf,840.3743213592381,inf
43,126,inf,inf,inf,196.91876497682998,inf
43,127,inf,inf,inf,894.2315136473328,inf
43,128,inf,inf,inf,842.3805553311402,inf
43,129,inf,inf,inf,855.2578558540108,inf
43,130,inf,inf,inf,436.4974226728034,inf
43,131,inf,inf,inf,538.5350499271148,inf
43,132,inf,inf,inf,724.8572273213532,inf
43,133,inf,inf,inf,407.1412531296724,inf
43,134,inf,inf,inf,933.4077351297235,inf
43,135,inf,inf,inf,366.75059645486607,inf
43,136,inf,inf,inf,1085.3248361665737,inf
43,137,inf,inf,inf,1004.7964968091798,inf
43,138,inf,inf,inf,920.8914159660736,inf
43,139,inf,inf,inf,352.120717936335,inf
43,140,inf,inf,inf,416.5729227878355,inf
43,141,inf,inf,inf,357.57656522764466,inf
43,142,inf,inf,inf,984.7867789526828,inf
43,143,inf,inf,inf,622.8523099419316,inf
43,144,inf,inf,inf,826.0296604844162,inf
43,145,inf,inf,inf,196.65706191235543,inf
43,146,inf,inf,inf,467.54037258829317,inf
43,147,inf,inf,inf,513.264064590538,inf
43,148,1.0,107.3553,107.35533905932732,97.04638066409278,1.1062271289736914
43,149,inf,inf,inf,888.5364370694091,inf
43,150,inf,inf,inf,304.16442921551493,inf
43,151,inf,inf,inf,602.3968791419823,inf
43,152,inf,inf,inf,1001.3895345968022,inf
43,153,inf,inf,inf,980.9729863762814,inf
43,154,inf,inf,inf,899.7255136984835,inf
43,155,inf,inf,inf,401.1246688998322,inf
43,156,inf,inf,inf,697.6854592149674,inf
43,157,inf,inf,inf,561.2307903171386,inf
43,158,inf,inf,inf,805.9236936584009,inf
43,159,inf,inf,inf,1006.2653725533836,inf
43,160,inf,inf,inf,1026.0682238525858,inf
43,161,inf,inf,inf,795.5941176253127,inf
44,45,inf,inf,inf,734.2002451647643,inf
44,46,inf,inf,inf,1088.8879648522156,inf
44,47,inf,inf,inf,225.20435164534453,inf
44,48,inf,inf,inf,915.4217607201612,inf
44,49,inf,inf,inf,988.4255156560863,inf
44,50,inf,inf,inf,1326.5990351270425,inf
44,51,inf,inf,inf,1056.015151406456,inf
44,52,inf,inf,inf,1025.1248704426207,inf
44,53,inf,inf,inf,883.0730434114723,inf
44,54,inf,inf,inf,1098.279563681306,inf
44,55,inf,inf,inf,730.4306948643382,inf
44,56,inf,inf,inf,319.8280788173546,inf
44,57,inf,inf,inf,1128.9712130962419,inf
44,58,inf,inf,inf,1332.851454588995,inf
44,59,inf,inf,inf,306.75723300355935,inf
44,60,inf,inf,inf,393.58480661732864,inf
44,61,inf,inf,inf,585.8540773947042,inf
44,62,inf,inf,inf,820.868442565555,inf
44,63,inf,inf,inf,812.603839518372,inf
44,64,inf,inf,inf,1025.4038228912548,inf
44,65,inf,inf,inf,728.8017563096291,inf
44,66,inf,inf,inf,1180.102537917786,inf
44,67,inf,inf,inf,930.0908557770042,inf
44,68,inf,inf,inf,394.11800263372896,inf
44,69,inf,inf,inf,741.0431836269732,inf
44,70,inf,inf,inf,556.9811486935622,inf
44,71,inf,inf,inf,555.7130554521821,inf
44,72,inf,inf,inf,1175.1672221433,inf
44,73,inf,inf,inf,1472.9107237032392,inf
44,74,inf,inf,inf,940.3302611316941,inf
44,75,inf,inf,inf,897.8914188252386,inf
44,76,inf,inf,inf,532.634959423431,inf
44,77,inf,inf,inf,232.28000344411913,inf
44,78,inf,inf,inf,1028.8799735634861,inf
44,79,inf,inf,inf,739.781724564753,inf
44,80,inf,inf,inf,742.0256060271774,inf
44,81,inf,inf,inf,1064.4947158159123,inf
44,82,inf,inf,inf,1183.6997085409796,inf
44,83,inf,inf,inf,798.4090430349596,inf
44,84,inf,inf,inf,1099.045494963698,inf
44,85,inf,inf,inf,1040.6003075148499,inf
44,86,inf,inf,inf,767.0234676983489,inf
44,87,inf,inf,inf,834.7412772829675,inf
44,88,inf,inf,inf,416.30998066344745,inf
44,89,inf,inf,inf,552.8833511691232,inf
44,90,inf,inf,inf,409.1576713199937,inf
44,91,inf,inf,inf,1033.3053759658856,inf
44,92,inf,inf,inf,104.4030650891055,inf
44,93,inf,inf,inf,926.687110086247,inf
44,94,inf,inf,inf,806.9429967476018,inf
44,95,inf,inf,inf,997.2527262434533,inf
44,96,inf,inf,inf,897.2519155733244,inf
44,97,inf,inf,inf,1014.2820120656779,inf
44,98,inf,inf,inf,1089.7935584320546,inf
44,99,inf,inf,inf,1480.6815998046304,inf
44,100,inf,inf,inf,1154.873586155645,inf
44,101,inf,inf,inf,324.29924452579286,inf
44,102,inf,inf,inf,1155.5539796997803,inf
44,103,inf,inf,inf,315.3363283860583,inf
44,104,inf,inf,inf,445.1797389819083,inf
44,105,inf,inf,inf,951.6853471604993,inf
44,106,inf,inf,inf,228.7116088002531,inf
44,107,inf,inf,inf,803.235955370525,inf
44,108,inf,inf,inf,918.3648512437744,inf
44,109,inf,inf,inf,697.0007173597456,inf
44,110,inf,inf,inf,1443.5224279518486,inf
44,111,inf,inf,inf,945.0216928727086,inf
44,112,inf,inf,inf,141.3223266154361,inf
44,113,inf,inf,inf,847.870862808718,inf
44,114,inf,inf,inf,19.849433241279208,inf
44,115,inf,inf,inf,1090.6438465420322,inf
44,116,inf,inf,inf,706.563514484013,inf
44,117,inf,inf,inf,286.00174824640493,inf
44,118,inf,inf,inf,1434.6571018888103,inf
44,119,inf,inf,inf,658.6607624566686,inf
44,120,inf,inf,inf,1191.84311048057,inf
44,121,inf,inf,inf,621.9011175420093,inf
44,122,inf,inf,inf,1136.9239200579782,inf
44,123,inf,inf,inf,1359.0945515305402,inf
44,124,inf,inf,inf,1115.3515140976856,inf
44,125,inf,inf,inf,1201.0849262229544,inf
44,126,inf,inf,inf,485.4616359713711,inf
44,127,inf,inf,inf,1267.1140438018988,inf
44,128,inf,inf,inf,1203.4172177594935,inf
44,129,inf,inf,inf,1180.6650668161567,inf
44,130,inf,inf,inf,837.4401471150043,inf
44,131,inf,inf,inf,470.2552498377876,inf
44,132,inf,inf,inf,947.0047518360191,inf
44,133,inf,inf,inf,792.8303727784399,inf
44,134,inf,inf,inf,1343.5036285771616,inf
44,135,inf,inf,inf,233.37951923851415,inf
44,136,inf,inf,inf,1490.3536493060967,inf
44,137,inf,inf,inf,1392.7009729299396,inf
44,138,inf,inf,inf,1330.4829950059489,inf
44,139,inf,inf,inf,463.72944698390677,inf
44,140,inf,inf,inf,190.59118552545917,inf
44,141,inf,inf,inf,744.153881935719,inf
44,142,inf,inf,inf,1379.0971684402807,inf
44,143,inf,inf,inf,946.881724398565,inf
44,144,inf,inf,inf,1147.0052310255608,inf
44,145,inf,inf,inf,606.704211292455,inf
44,146,inf,inf,inf,835.3933205382959,inf
44,147,inf,inf,inf,845.2029342116602,inf
44,148,inf,inf,inf,483.125242561388,inf
44,149,inf,inf,inf,1274.2248624163633,inf
44,150,inf,inf,inf,689.7680769650042,inf
44,151,inf,inf,inf,619.8790204547981,inf
44,152,inf,inf,inf,1395.8155322247994,inf
44,153,inf,inf,inf,1345.0427502499688,inf
44,154,inf,inf,inf,1308.682543629279,inf
44,155,inf,inf,inf,756.4687700097077,inf
44,156,inf,inf,inf,1073.4267557686458,inf
44,157,inf,inf,inf,852.5936898663982,inf
44,158,inf,inf,inf,1070.4657864686756,inf
44,159,inf,inf,inf,1349.3057474123498,inf
44,160,inf,inf,inf,1423.38188832091,inf
44,161,inf,inf,inf,1193.7043184976756,inf
45,46,inf,inf,inf,1088.16588808876,inf
45,47,inf,inf,inf,706.6887575163482,inf
45,48,inf,inf,inf,307.88471868541967,inf
45,49,inf,inf,inf,416.58732577936166,inf
45,50,inf,inf,inf,824.3937166184613,inf
45,51,inf,inf,inf,401.39008458107185,inf
45,52,inf,inf,inf,435.7396011381109,inf
45,53,inf,inf,inf,176.11359970201053,inf
45,54,inf,inf,inf,1446.5877090588044,inf
45,55,inf,inf,inf,1270.6458987459882,inf
45,56,inf,inf,inf,776.4045337322548,inf
45,57,inf,inf,inf,1082.6643062371643,inf
45,58,inf,inf,inf,1059.4512730654487,inf
45,59,inf,inf,inf,427.6564041377143,inf
45,60,inf,inf,inf,363.88597115030416,inf
45,61,inf,inf,inf,188.2153022471871,inf
45,62,inf,inf,inf,99.82484660644363,inf
45,63,inf,inf,inf,762.5122949828416,inf
45,64,inf,inf,inf,615.1170620296596,inf
45,65,inf,inf,inf,702.590919383392,inf
45,66,inf,inf,inf,581.5187013329838,inf
45,67,inf,inf,inf,1379.7539635746657,inf
45,68,inf,inf,inf,599.2003004004588,inf
45,69,inf,inf,inf,272.40594707164524,inf
45,70,inf,inf,inf,602.2308527466855,inf
45,71,inf,inf,inf,198.0631212517868,inf
45,72,inf,inf,inf,737.6069413990083,inf
45,73,inf,inf,inf,1176.2329701211406,inf
45,74,inf,inf,inf,754.2870806264681,inf
45,75,inf,inf,inf,303.41555662160766,inf
45,76,inf,inf,inf,753.6378440603949,inf
45,77,inf,inf,inf,524.4158655113325,inf
45,78,inf,inf,inf,728.2554496878139,inf
45,79,inf,inf,inf,480.3758944826437,inf
45,80,inf,inf,inf,1053.3793238904968,inf
45,81,inf,inf,inf,1102.6209684202454,inf
45,82,inf,inf,inf,802.7982311888835,inf
45,83,inf,inf,inf,924.4030506224003,inf
45,84,inf,inf,inf,492.04166490247553,inf
45,85,inf,inf,inf,1227.1157239641257,inf
45,86,inf,inf,inf,728.08309965278,inf
45,87,inf,inf,inf,500.62460986251966,inf
45,88,inf,inf,inf,986.2433776710493,inf
45,89,inf,inf,inf,630.0872955392769,inf
45,90,inf,inf,inf,1058.4006802718902,inf
45,91,inf,inf,inf,774.9903225202235,inf
45,92,inf,inf,inf,634.3642486773667,inf
45,93,inf,inf,inf,230.5666931714119,inf
45,94,inf,inf,inf,606.456098988212,inf
45,95,inf,inf,inf,465.65759952995506,inf
45,96,inf,inf,inf,470.82587014734014,inf
45,97,inf,inf,inf,1413.719208329575,inf
45,98,inf,inf,inf,771.2976079309465,inf
45,99,inf,inf,inf,1354.7088248033228,inf
45,100,inf,inf,inf,811.7419540716126,inf
45,101,inf,inf,inf,777.8226018829744,inf
45,102,inf,inf,inf,877.7818635629242,inf
45,103,inf,inf,inf,961.0208114291802,inf
45,104,inf,inf,inf,528.2092388438506,inf
45,105,inf,inf,inf,528.1865200854713,inf
45,106,inf,inf,inf,527.7546778570513,inf
45,107,inf,inf,inf,748.6053700047843,inf
45,108,inf,inf,inf,798.1102680707722,inf
45,109,inf,inf,inf,1252.8527447389818,inf
45,110,inf,inf,inf,1434.406148899258,inf
45,111,inf,inf,inf,799.3122043357026,inf
45,112,inf,inf,inf,647.3407139984322,inf
45,113,inf,inf,inf,733.1746040337185,inf
45,114,inf,inf,inf,752.8532393501405,inf
45,115,inf,inf,inf,1441.9244085596165,inf
45,116,inf,inf,inf,707.2382908185897,inf
45,117,inf,inf,inf,476.82806125478817,inf
45,118,inf,inf,inf,1054.9639804277679,inf
45,119,inf,inf,inf,84.2140130857092,inf
45,120,inf,inf,inf,873.9107505918439,inf
45,121,inf,inf,inf,1198.773122821829,inf
45,122,inf,inf,inf,1332.847328091256,inf
45,123,inf,inf,inf,1473.8588806259575,inf
45,124,inf,inf,inf,750.2352964237286,inf
45,125,inf,inf,inf,1383.7619014845004,inf
45,126,inf,inf,inf,865.9382195052947,inf
45,127,inf,inf,inf,898.4542281051383,inf
45,128,inf,inf,inf,810.7780214090661,inf
45,129,inf,inf,inf,698.4124855699531,inf
45,130,inf,inf,inf,940.9888415916524,inf
45,131,inf,inf,inf,285.3944638566067,inf
45,132,inf,inf,inf,1386.4674536389234,inf
45,133,inf,inf,inf,653.0007656963352,inf
45,134,inf,inf,inf,1236.511221137924,inf
45,135,inf,inf,inf,501.01097792363794,inf
45,136,inf,inf,inf,1248.5271322642532,inf
45,137,inf,inf,inf,1463.0577568913675,inf
45,138,inf,inf,inf,1244.4392311398738,inf
45,139,inf,inf,inf,323.21045775160184,inf
45,140,inf,inf,inf,893.8238081411795,inf
45,141,inf,inf,inf,638.658750820812,inf
45,142,inf,inf,inf,1080.252285348196,inf
45,143,inf,inf,inf,545.8250635505849,inf
45,144,inf,inf,inf,1425.680539251343,inf
45,145,inf,inf,inf,732.210352289559,inf
45,146,inf,inf,inf,612.2483156367194,inf
45,147,inf,inf,inf,521.238908754901,inf
45,148,inf,inf,inf,614.8463222627261,inf
45,149,inf,inf,inf,954.1283980681006,inf
45,150,inf,inf,inf,620.317660557879,inf
45,151,inf,inf,inf,122.06555615733703,inf
45,152,inf,inf,inf,1434.6124912323885,inf
45,153,inf,inf,inf,930.7341188545738,inf
45,154,inf,inf,inf,1145.8621208504974,inf
45,155,inf,inf,inf,553.0904085228743,inf
45,156,inf,inf,inf,1227.2705488196154,inf
45,157,inf,inf,inf,432.936484949005,inf
45,158,inf,inf,inf,495.12523668259934,inf
45,159,inf,inf,inf,874.0251712622469,inf
45,160,inf,inf,inf,1443.1223094388085,inf
45,161,inf,inf,inf,955.1963149007643,inf
46,47,inf,inf,inf,864.3425246972406,inf
46,48,inf,inf,inf,904.2477536604666,inf
46,49,inf,inf,inf,848.2476053606046,inf
46,50,inf,inf,inf,788.7838740745148,inf
46,51,inf,inf,inf,983.8480573747147,inf
46,52,inf,inf,inf,873.3441475157431,inf
46,53,inf,inf,inf,1052.884134176216,inf
46,54,inf,inf,inf,606.601186942459,inf
46,55,inf,inf,inf,836.1351565387022,inf
46,56,inf,inf,inf,784.4494884949572,inf
46,57,inf,inf,inf,70.57619995437555,inf
46,58,inf,inf,inf,445.4862511907635,inf
46,59,inf,inf,inf,1017.8885007700991,inf
46,60,inf,inf,inf,1117.9275468472902,inf
46,61,inf,inf,inf,944.9846559600849,inf
46,62,inf,inf,inf,1071.915108579033,inf
46,63,inf,inf,inf,333.79334924470857,inf
46,64,inf,inf,inf,618.515965840818,inf
46,65,inf,inf,inf,411.50091129911243,inf
46,66,inf,inf,inf,910.5015101580008,inf
46,67,inf,inf,inf,726.0592262343341,inf
46,68,inf,inf,inf,717.3018890258131,inf
46,69,inf,inf,inf,821.7457027572459,inf
46,70,inf,inf,inf,578.2499459576283,inf
46,71,inf,inf,inf,1114.3329843453437,inf
46,72,inf,inf,inf,650.5820470932164,inf
46,73,inf,inf,inf,552.0552508581003,inf
46,74,inf,inf,inf,357.0014005574768,inf
46,75,inf,inf,inf,889.7426594246226,inf
46,76,inf,inf,inf,556.3425203954844,inf
46,77,inf,inf,inf,1119.0822132444068,inf
46,78,inf,inf,inf,465.3783407078589,inf
46,79,inf,inf,inf,608.0,inf
46,80,inf,inf,inf,475.1305083869063,inf
46,81,inf,inf,inf,57.723478758647246,inf
46,82,inf,inf,inf,565.6924959728562,inf
46,83,inf,inf,inf,297.05891671518634,inf
46,84,inf,inf,inf,908.4107000690822,inf
46,85,inf,inf,inf,289.3993780228285,inf
46,86,inf,inf,inf,376.4465433497829,inf
46,87,inf,inf,inf,608.7774634462087,inf
46,88,inf,inf,inf,847.0637520281457,inf
46,89,inf,inf,inf,567.0881765651617,inf
46,90,inf,inf,inf,975.9759218341403,inf
46,91,inf,inf,inf,404.5651987010252,inf
46,92,inf,inf,inf,1086.6301118595968,inf
46,93,inf,inf,inf,1038.6346807227264,inf
46,94,inf,inf,inf,483.54730895745865,inf
46,95,inf,inf,inf,790.9096029256441,inf
46,96,inf,inf,inf,681.8401572216175,inf
46,97,inf,inf,inf,663.7266003408331,inf
46,98,inf,inf,inf,476.20268793865495,inf
46,99,inf,inf,inf,404.7283039274619,inf
46,100,inf,inf,inf,507.799172902044,inf
46,101,inf,inf,inf,780.2467558407404,inf
46,102,inf,inf,inf,410.8259972299708,inf
46,103,inf,inf,inf,958.5322112480102,inf
46,104,inf,inf,inf,709.4843197703526,inf
46,105,inf,inf,inf,656.6642977960656,inf
46,106,inf,inf,inf,1118.758240193117,inf
46,107,inf,inf,inf,347.71396290629457,inf
46,108,inf,inf,inf,294.5929394944828,inf
46,109,inf,inf,inf,857.52026215128,inf
46,110,inf,inf,inf,366.87054937675225,inf
46,111,inf,inf,inf,302.92738403782516,inf
46,112,inf,inf,inf,960.0130207450313,inf
46,113,inf,inf,inf,355.0126758300329,inf
46,114,inf,inf,inf,1088.897148494751,inf
46,115,inf,inf,inf,608.2080236234967,inf
46,116,inf,inf,inf,420.65306369976673,inf
46,117,inf,inf,inf,930.2150289046076,inf
46,118,inf,inf,inf,642.7207791879767,inf
46,119,inf,inf,inf,1098.8380226402799,inf
46,120,inf,inf,inf,472.200169419707,inf
46,121,inf,inf,inf,879.0199087620257,inf
46,122,inf,inf,inf,348.91402952589914,inf
46,123,inf,inf,inf,395.1012528453941,inf
46,124,inf,inf,inf,541.3243020593109,inf
46,125,inf,inf,inf,367.2655714874456,inf
46,126,inf,inf,inf,643.833829493294,inf
46,127,inf,inf,inf,561.3599558215744,inf
46,128,inf,inf,inf,585.5681002240474,inf
46,129,inf,inf,inf,719.9868054346551,inf
46,130,inf,inf,inf,256.3298656028985,inf
46,131,inf,inf,inf,1115.2331594783218,inf
46,132,inf,inf,inf,712.8344828920666,inf
46,133,inf,inf,inf,435.37225451330727,inf
46,134,inf,inf,inf,272.8094573140748,inf
46,135,inf,inf,inf,1025.8854711906197,inf
46,136,inf,inf,inf,501.3033014054466,inf
46,137,inf,inf,inf,375.04799692839316,inf
46,138,inf,inf,inf,250.49151682242655,inf
46,139,inf,inf,inf,888.8610690091,inf
46,140,inf,inf,inf,1048.3739790742616,inf
46,141,inf,inf,inf,455.6599609357838,inf
46,142,inf,inf,inf,501.67718704362073,inf
46,143,inf,inf,inf,629.4203682754476,inf
46,144,inf,inf,inf,502.8419234709851,inf
46,145,inf,inf,inf,487.06159774714325,inf
46,146,inf,inf,inf,482.9171771639522,inf
46,147,inf,inf,inf,589.8855821258899,inf
46,148,inf,inf,inf,631.0887417788405,inf
46,149,inf,inf,inf,490.9297302058615,inf
46,150,inf,inf,inf,488.48848502293276,inf
46,151,inf,inf,inf,1093.13173954469,inf
46,152,inf,inf,inf,348.4623365587736,inf
46,153,inf,inf,inf,655.2198104453191,inf
46,154,inf,inf,inf,295.33201655086435,inf
46,155,inf,inf,inf,535.0756955796068,inf
46,156,inf,inf,inf,245.60130292814003,inf
46,157,inf,inf,inf,696.0208330215411,inf
46,158,inf,inf,inf,853.9894612932878,inf
46,159,inf,inf,inf,752.9575021208036,inf
46,160,inf,inf,inf,362.3547985055531,inf
46,161,inf,inf,inf,354.8873060564438,inf
47,48,inf,inf,inf,813.7714666907411,inf
47,49,inf,inf,inf,867.4214661858445,inf
47,50,inf,inf,inf,1164.20101357111,inf
47,51,inf,inf,inf,957.7332614042388,inf
47,52,inf,inf,inf,906.1489943712347,inf
47,53,inf,inf,inf,823.3863005904336,inf
47,54,inf,inf,inf,906.2918955833159,inf
47,55,inf,inf,inf,597.1348256466039,inf
47,56,1.0,126.1543,126.15432893255065,108.04165863221463,1.1676452447105934
47,57,inf,inf,inf,905.8062706782284,inf
47,58,inf,inf,inf,1126.695167292378,inf
47,59,inf,inf,inf,321.39850653044425,inf
47,60,inf,inf,inf,445.97085106540317,inf
47,61,inf,inf,inf,527.5490498522389,inf
47,62,inf,inf,inf,775.2689855785538,inf
47,63,inf,inf,inf,598.3861629416242,inf
47,64,inf,inf,inf,858.4975247489069,inf
47,65,inf,inf,inf,517.228189487,inf
47,66,inf,inf,inf,1053.0550792812312,inf
47,67,inf,inf,inf,763.2889361179028,inf
47,68,inf,inf,inf,196.9009903479411,inf
47,69,inf,inf,inf,631.1719258648945,inf
47,70,inf,inf,inf,355.24217092006404,inf
47,71,inf,inf,inf,569.2538976590323,inf
47,72,inf,inf,inf,1004.5660754773675,inf
47,73,inf,inf,inf,1266.7837226614495,inf
47,74,inf,inf,inf,737.0658043892689,inf
47,75,inf,inf,inf,794.3613787187794,inf
47,76,inf,inf,inf,308.021103173143,inf
47,77,inf,inf,inf,338.25582034903704,inf
47,78,inf,inf,inf,839.2526437253564,inf
47,79,inf,inf,inf,573.3968957013981,inf
47,80,inf,inf,inf,530.6119109104129,inf
47,81,inf,inf,inf,839.3449827097318,inf
47,82,inf,inf,inf,1000.7077495452905,inf
47,83,inf,inf,inf,573.2050244022639,inf
47,84,inf,inf,inf,980.0336728908859,inf
47,85,inf,inf,inf,821.1455413019058,inf
47,86,inf,inf,inf,554.2851251837812,inf
47,87,inf,inf,inf,670.6489394608777,inf
47,88,inf,inf,inf,287.4804341168282,inf
47,89,inf,inf,inf,345.028984289726,inf
47,90,inf,inf,inf,352.51241112902676,inf
47,91,inf,inf,inf,836.0627966845552,inf
47,92,inf,inf,inf,248.09070921741508,inf
47,93,inf,inf,inf,857.4205502552409,inf
47,94,inf,inf,inf,617.4544517614235,inf
47,95,inf,inf,inf,863.5982862419309,inf
47,96,inf,inf,inf,747.0809862391092,inf
47,97,inf,inf,inf,833.6168184483804,inf
47,98,inf,inf,inf,899.836096186411,inf
47,99,inf,inf,inf,1258.3818975176018,inf
47,100,inf,inf,inf,966.0745312862771,inf
47,101,inf,inf,inf,112.11155159036913,inf
47,102,inf,inf,inf,955.6495173440941,inf
47,103,inf,inf,inf,257.65092664300664,inf
47,104,inf,inf,inf,270.06665843824555,inf
47,105,inf,inf,inf,794.5665485030187,inf
47,106,inf,inf,inf,335.9345174286203,inf
47,107,inf,inf,inf,590.139813942425,inf
47,108,inf,inf,inf,707.1470851244457,inf
47,109,inf,inf,inf,571.4306607104662,inf
47,110,inf,inf,inf,1218.3242589721342,inf
47,111,inf,inf,inf,735.7587919963988,inf
47,112,inf,inf,inf,117.27318534089538,inf
47,113,inf,inf,inf,640.0078124523169,inf
47,114,inf,inf,inf,224.5551157288562,inf
47,115,inf,inf,inf,899.180182165955,inf
47,116,inf,inf,inf,493.0608481719067,inf
47,117,inf,inf,inf,237.12443990445186,inf
47,118,inf,inf,inf,1242.3630709257259,inf
47,119,inf,inf,inf,647.207076599136,inf
47,120,inf,inf,inf,996.965897109826,inf
47,121,inf,inf,inf,507.01084801017817,inf
47,122,inf,inf,inf,919.9809780642206,inf
47,123,inf,inf,inf,1137.7455778863743,inf
47,124,inf,inf,inf,932.8022298429609,inf
47,125,inf,inf,inf,983.7174391053561,inf
47,126,inf,inf,inf,272.20947815974375,inf
47,127,inf,inf,inf,1078.2045260524553,inf
47,128,inf,inf,inf,1021.8267954991198,inf
47,129,inf,inf,inf,1020.300445947173,inf
47,130,inf,inf,inf,612.2752648931688,inf
47,131,inf,inf,inf,502.4430315966179,inf
47,132,inf,inf,inf,777.1209687043581,inf
47,133,inf,inf,inf,593.5360140715978,inf
47,134,inf,inf,inf,1121.2996923213705,inf
47,135,inf,inf,inf,270.37936311782374,inf
47,136,inf,inf,inf,1277.2850112641265,inf
47,137,inf,inf,inf,1169.1385717698308,inf
47,138,inf,inf,inf,1107.3292193381335,inf
47,139,inf,inf,inf,388.7029714319148,inf
47,140,inf,inf,inf,236.8459414893994,inf
47,141,inf,inf,inf,543.9283040989869,inf
47,142,inf,inf,inf,1175.3263376611621,inf
47,143,inf,inf,inf,784.9292961789616,inf
47,144,inf,inf,inf,941.8418126203571,inf
47,145,inf,inf,inf,385.64880396547323,inf
47,146,inf,inf,inf,647.1854448301507,inf
47,147,inf,inf,inf,677.321932318746,inf
47,148,inf,inf,inf,277.6346520159182,inf
47,149,inf,inf,inf,1076.6707946257295,inf
47,150,inf,inf,inf,489.5845177290638,inf
47,151,inf,inf,inf,613.071773938419,inf
47,152,inf,inf,inf,1171.1917007902678,inf
47,153,inf,inf,inf,1162.0675539743806,inf
47,154,inf,inf,inf,1090.8405016316547,inf
47,155,inf,inf,inf,574.228177643696,inf
47,156,inf,inf,inf,851.8121858719796,inf
47,157,inf,inf,inf,706.8670313432365,inf
47,158,inf,inf,inf,943.3186100146652,inf
47,159,inf,inf,inf,1179.4409692731554,inf
47,160,inf,inf,inf,1198.4343953675561,inf
47,161,inf,inf,inf,986.7770771557272,inf
48,49,inf,inf,inf,108.97706180660222,inf
48,50,inf,inf,inf,516.5152466287902,inf
48,51,inf,inf,inf,143.96180048887967,inf
48,52,inf,inf,inf,129.65338406690356,inf
48,53,inf,inf,inf,171.73526137634053,inf
48,54,inf,inf,inf,1366.7819870045112,inf
48,55,inf,inf,inf,1292.2112830338544,inf
48,56,inf,inf,inf,848.1326547185882,inf
48,57,inf,inf,inf,881.8645020636674,inf
48,58,inf,inf,inf,784.2002295332487,inf
48,59,inf,inf,inf,625.920921522839,inf
48,60,inf,inf,inf,613.320470879621,inf
48,61,inf,inf,inf,342.60764731686885,inf
48,62,inf,inf,inf,228.82744590629858,inf
48,63,inf,inf,inf,617.6034326329477,inf
48,64,inf,inf,inf,337.0014836762592,inf
48,65,inf,inf,inf,588.2762956298682,inf
48,66,inf,inf,inf,283.95246080990387,inf
48,67,inf,inf,inf,1349.6999666592571,inf
48,68,inf,inf,inf,646.5369285663426,inf
48,69,inf,inf,inf,182.7840255602223,inf
48,70,inf,inf,inf,568.792580823625,inf
48,71,inf,inf,inf,475.3882623708751,inf
48,72,inf,inf,inf,439.11843504913344,inf
48,73,inf,inf,inf,889.9241540715703,inf
48,74,inf,inf,inf,547.9507277118993,inf
48,75,1.0,21.5563,21.55634918610405,20.248456731316587,1.064592204341413
48,76,inf,inf,inf,736.2044552975756,inf
48,77,inf,inf,inf,748.2626544202243,inf
48,78,inf,inf,inf,476.5553483069936,inf
48,79,inf,inf,inf,342.4149529445231,inf
48,80,inf,inf,inf,1002.3597158705053,inf
48,81,inf,inf,inf,932.1652214065916,inf
48,82,inf,inf,inf,514.3772934335262,inf
48,83,inf,inf,inf,818.9676428284575,inf
48,84,inf,inf,inf,194.79733057719247,inf
48,85,inf,inf,inf,1101.2320373109385,inf
48,86,inf,inf,inf,598.8923108539632,inf
48,87,inf,inf,inf,300.26987860922713,inf
48,88,inf,inf,inf,1055.445403609301,inf
48,89,inf,inf,inf,598.1479750028416,inf
48,90,inf,inf,inf,1155.2112360949404,inf
48,91,inf,inf,inf,533.0,inf
48,92,inf,inf,inf,830.0728883658351,inf
48,93,inf,inf,inf,139.17614738165446,inf
48,94,inf,inf,inf,437.98858432612144,inf
48,95,inf,inf,inf,163.37074401495514,inf
48,96,inf,inf,inf,223.45021816950637,inf
48,97,inf,inf,inf,1358.5598993051428,inf
48,98,inf,inf,inf,506.20252863848873,inf
48,99,inf,inf,inf,1106.0257682350805,inf
48,100,inf,inf,inf,533.7902209670012,inf
48,101,inf,inf,inf,847.9156797701055,inf
48,102,inf,inf,inf,615.0203248673981,inf
48,103,inf,inf,inf,1067.6928397249837,inf
48,104,inf,inf,inf,562.8001421463929,inf
48,105,inf,inf,inf,262.37377917772193,inf
48,106,inf,inf,inf,750.959386385176,inf
48,107,inf,inf,inf,605.5551172271604,inf
48,108,inf,inf,inf,611.8047074026156,inf
48,109,inf,inf,inf,1283.5750854546843,inf
48,110,inf,inf,inf,1218.6295581512866,inf
48,111,inf,inf,inf,601.3493161216699,inf
48,112,inf,inf,inf,796.347286050502,inf
48,113,inf,inf,inf,565.8144572207394,inf
48,114,inf,inf,inf,931.2019115100655,inf
48,115,inf,inf,inf,1363.7466773561723,inf
48,116,inf,inf,inf,604.4278286114894,inf
48,117,inf,inf,inf,629.987301459323,inf
48,118,inf,inf,inf,755.9695761073987,inf
48,119,inf,inf,inf,377.5142381420865,inf
48,120,inf,inf,inf,598.4220918381941,inf
48,121,inf,inf,inf,1244.869471069156,inf
48,122,inf,inf,inf,1200.2853827319568,inf
48,123,inf,inf,inf,1299.3448349071928,inf
48,124,inf,inf,inf,471.1602699719067,inf
48,125,inf,inf,inf,1241.639239070673,inf
48,126,inf,inf,inf,881.7766157026393,inf
48,127,inf,inf,inf,607.3853801335689,inf
48,128,inf,inf,inf,518.7465662536958,inf
48,129,inf,inf,inf,393.4018301940142,inf
48,130,inf,inf,inf,822.6062241437272,inf
48,131,inf,inf,inf,547.1681642785882,inf
48,132,inf,inf,inf,1351.2679231003747,inf
48,133,inf,inf,inf,499.1001903425804,inf
48,134,inf,inf,inf,1000.6842658900958,inf
48,135,inf,inf,inf,693.4154598795732,inf
48,136,inf,inf,inf,972.5559109891832,inf
48,137,inf,inf,inf,1273.1146845433839,inf
48,138,inf,inf,inf,1015.0044334878543,inf
48,139,inf,inf,inf,451.69237319219815,inf
48,140,inf,inf,inf,1037.8824596263298,inf
48,141,inf,inf,inf,508.4977876058066,inf
48,142,inf,inf,inf,797.295428307475,inf
48,143,inf,inf,inf,287.01567901423084,inf
48,144,inf,inf,inf,1318.5393433644672,inf
48,145,inf,inf,inf,679.5388141968051,inf
48,146,inf,inf,inf,428.981351576033,inf
48,147,inf,inf,inf,317.2333525971063,inf
48,148,inf,inf,inf,617.7904175365624,inf
48,149,inf,inf,inf,672.3243264972642,inf
48,150,inf,inf,inf,517.4060301156143,inf
48,151,inf,inf,inf,404.2486858358355,inf
48,152,inf,inf,inf,1235.275677733517,inf
48,153,inf,inf,inf,629.3369526732083,inf
48,154,inf,inf,inf,898.2232461921702,inf
48,155,inf,inf,inf,407.5708527360611,inf
48,156,inf,inf,inf,1088.3087797128167,inf
48,157,inf,inf,inf,210.440015206234,inf
48,158,inf,inf,inf,188.3454273402994,inf
48,159,inf,inf,inf,566.816548805696,inf
48,160,inf,inf,inf,1236.6426322911564,inf
48,161,inf,inf,inf,698.2213116197471,inf
49,50,inf,inf,inf,407.9215610874228,inf
49,51,inf,inf,inf,136.88316185711082,inf
49,52,inf,inf,inf,39.21734310225516,inf
49,53,inf,inf,inf,275.1817581163403,inf
49,54,inf,inf,inf,1345.3345308881355,inf
49,55,inf,inf,inf,1308.358513558115,inf
49,56,inf,inf,inf,889.8320066169794,inf
49,57,inf,inf,inf,818.91696770796,inf
49,58,inf,inf,inf,688.4431712203993,inf
49,59,inf,inf,inf,709.82039981956,inf
49,60,inf,inf,inf,708.9217164116219,inf
49,61,inf,inf,inf,433.8663388648628,inf
49,62,inf,inf,inf,337.0014836762592,inf
49,63,inf,inf,inf,587.8179990439218,inf
49,64,inf,inf,inf,249.0020080240318,inf
49,65,inf,inf,inf,573.467523056014,inf
49,66,inf,inf,inf,192.26284092356485,inf
49,67,inf,inf,inf,1346.7746656363863,inf
49,68,inf,inf,inf,688.0421498716485,inf
49,69,inf,inf,inf,247.8911051248108,inf
49,70,inf,inf,inf,587.3065638999789,inf
49,71,inf,inf,inf,578.6622503671723,inf
49,72,inf,inf,inf,334.2708482652952,inf
49,73,inf,inf,inf,788.5765657182567,inf
49,74,inf,inf,inf,492.27837653100306,inf
49,75,inf,inf,inf,114.20157617125956,inf
49,76,inf,inf,inf,751.7080550320051,inf
49,77,inf,inf,inf,835.5124176216652,inf
49,78,inf,inf,inf,399.2705849420916,inf
49,79,inf,inf,inf,341.15685541990797,inf
49,80,inf,inf,inf,997.5073934563092,inf
49,81,inf,inf,inf,881.3852733056073,inf
49,82,inf,inf,inf,414.56000771902734,inf
49,83,inf,inf,inf,797.9273149855192,inf
49,84,inf,inf,inf,112.61438629233834,inf
49,85,inf,inf,inf,1065.6922632730332,inf
49,86,inf,inf,inf,577.0441924151044,inf
49,87,inf,inf,inf,271.7094035914105,inf
49,88,inf,inf,inf,1091.5296606139477,inf
49,89,inf,inf,inf,615.3251173160413,inf
49,90,inf,inf,inf,1198.629634207331,inf
49,91,inf,inf,inf,459.0043572777932,inf
49,92,inf,inf,inf,908.5686545330518,inf
49,93,inf,inf,inf,233.49946466748057,inf
49,94,inf,inf,inf,409.35314827175813,inf
49,95,inf,inf,inf,63.198101237299845,inf
49,96,inf,inf,inf,177.00282483621552,inf
49,97,inf,inf,inf,1346.3613927916977,inf
49,98,inf,inf,inf,420.0297608503474,inf
49,99,inf,inf,inf,1019.7082916206967,inf
49,100,inf,inf,inf,439.6089171070123,inf
49,101,inf,inf,inf,889.0989821161646,inf
49,102,inf,inf,inf,527.5926458926432,inf
49,103,inf,inf,inf,1115.6648242191739,inf
49,104,inf,inf,inf,604.9958677544831,inf
49,105,inf,inf,inf,191.63506985935533,inf
49,106,inf,inf,inf,838.0023866314463,inf
49,107,inf,inf,inf,577.2183295772926,inf
49,108,inf,inf,inf,563.1278718017783,inf
49,109,inf,inf,inf,1303.0138142015226,inf
49,110,inf,inf,inf,1145.223995557201,inf
49,111,inf,inf,inf,547.4641540776894,inf
49,112,inf,inf,inf,862.7102642254814,inf
49,113,inf,inf,inf,528.441103624614,inf
49,114,inf,inf,inf,1003.127609030875,inf
49,115,inf,inf,inf,1342.9434090831974,inf
49,116,inf,inf,inf,593.5259050791296,inf
49,117,inf,inf,inf,702.6407332342753,inf
49,118,inf,inf,inf,649.5983374362961,inf
49,119,inf,inf,inf,484.4182077502868,inf
49,120,inf,inf,inf,504.54434889313745,inf
49,121,inf,inf,inf,1270.1181047445941,inf
49,122,inf,inf,inf,1160.6657572272907,inf
49,123,inf,inf,inf,1241.9665857018858,inf
49,124,inf,inf,inf,377.59766948433355,inf
49,125,inf,inf,inf,1197.734528182268,inf
49,126,inf,inf,inf,903.9701322499544,inf
49,127,inf,inf,inf,505.27319343103886,inf
49,128,inf,inf,inf,416.8572897287512,inf
49,129,inf,inf,inf,285.17538463198395,inf
49,130,inf,inf,inf,796.2016076346492,inf
49,131,inf,inf,inf,646.4711903867023,inf
49,132,inf,inf,inf,1346.4579458713147,inf
49,133,inf,inf,inf,472.46693005966034,inf
49,134,inf,inf,inf,920.7437211298267,inf
49,135,inf,inf,inf,774.0187336234181,inf
49,136,inf,inf,inf,875.3245112528267,inf
49,137,inf,inf,inf,1209.7805586138338,inf
49,138,inf,inf,inf,937.691847037181,inf
49,139,inf,inf,inf,527.8730908087663,inf
49,140,inf,inf,inf,1097.9635695231423,inf
49,141,inf,inf,inf,492.1483516176804,inf
49,142,inf,inf,inf,697.8739141134307,inf
49,143,inf,inf,inf,218.83783950679097,inf
49,144,inf,inf,inf,1287.308043942863,inf
49,145,inf,inf,inf,684.5823544322479,inf
49,146,inf,inf,inf,393.49841168675636,inf
49,147,inf,inf,inf,283.4801580357962,inf
49,148,inf,inf,inf,646.1648396500694,inf
49,149,inf,inf,inf,574.3448441485307,inf
49,150,inf,inf,inf,512.2899569579712,inf
49,151,inf,inf,inf,509.4948478640388,inf
49,152,inf,inf,inf,1168.4665164222722,inf
49,153,inf,inf,inf,522.2154727696221,inf
49,154,inf,inf,inf,814.1038017353807,inf
49,155,inf,inf,inf,393.58099547615353,inf
49,156,inf,inf,inf,1047.765240881754,inf
49,157,inf,inf,inf,188.66107176627614,inf
49,158,inf,inf,inf,85.38149682454625,inf
49,159,inf,inf,inf,457.8394915251414,inf
49,160,inf,inf,inf,1166.9040234740817,inf
49,161,inf,inf,inf,612.2948636073962,inf
50,51,inf,inf,inf,460.4877848542782,inf
50,52,inf,inf,inf,390.53040854714504,inf
50,53,inf,inf,inf,673.3654282779893,inf
50,54,inf,inf,inf,1380.5871939142417,inf
50,55,inf,inf,inf,1475.7323605586482,inf
50,56,inf,inf,inf,1155.0623359801843,inf
50,57,inf,inf,inf,731.8585928989288,inf
50,58,inf,inf,inf,431.3722290551398,inf
50,59,inf,inf,inf,1079.261321460192,inf
50,60,inf,inf,inf,1099.3716387100405,inf
50,61,inf,inf,inf,824.0873740083632,inf
50,62,inf,inf,inf,741.4377924006841,inf
50,63,inf,inf,inf,683.2349522675197,inf
50,64,inf,inf,inf,305.8659837248987,inf
50,65,inf,inf,inf,720.7558532540683,inf
50,66,inf,inf,inf,274.3519637254306,inf
50,67,inf,inf,inf,1448.677327771785,inf
50,68,inf,inf,inf,968.3935150547013,inf
50,69,inf,inf,inf,624.0592920548495,inf
50,70,inf,inf,inf,824.0006067958931,inf
50,71,inf,inf,inf,981.8523310559485,inf
50,72,inf,inf,inf,168.07438829280326,inf
50,73,inf,inf,inf,471.4541335061132,inf
50,74,inf,inf,inf,520.9548924811053,inf
50,75,inf,inf,inf,521.8294740621691,inf
50,76,inf,inf,inf,958.2197034083572,inf
50,77,inf,inf,inf,1208.3447355783862,inf
50,78,inf,inf,inf,376.03324321128844,inf
50,79,inf,inf,inf,591.435541711859,inf
50,80,inf,inf,inf,1116.3570217452839,inf
50,81,inf,inf,inf,840.1952154112757,inf
50,82,inf,inf,inf,226.3183598385248,inf
50,83,inf,inf,inf,884.0,inf
50,84,inf,inf,inf,349.1847648452034,inf
50,85,inf,inf,inf,1066.8026996591263,inf
50,86,inf,inf,inf,701.4413731738384,inf
50,87,inf,inf,inf,494.41885077330943,inf
50,88,inf,inf,inf,1329.895108645791,inf
50,89,inf,inf,inf,844.3133304644668,inf
50,90,inf,inf,inf,1452.9889882583418,inf
50,91,inf,inf,inf,419.10022667614965,inf
50,92,inf,inf,inf,1261.3615659278666,inf
50,93,inf,inf,inf,623.9439077353028,inf
50,94,inf,inf,inf,564.7955382260026,inf
50,95,inf,inf,inf,364.80405699498465,inf
50,96,inf,inf,inf,431.3722290551398,inf
50,97,inf,inf,inf,1415.5200457782291,inf
50,98,inf,inf,inf,333.6240399012038,inf
50,99,inf,inf,inf,785.2012480886667,inf
50,100,inf,inf,inf,284.60498941515414,inf
50,101,inf,inf,inf,1153.027753352017,inf
50,102,inf,inf,inf,377.9761897262842,inf
50,103,inf,inf,inf,1386.0,inf
50,104,inf,inf,inf,895.2876632680694,inf
50,105,inf,inf,inf,374.9613313396463,inf
50,106,inf,inf,inf,1210.3718436910203,inf
50,107,inf,inf,inf,680.2095265431086,inf
50,108,inf,inf,inf,595.7390368273678,inf
50,109,inf,inf,inf,1481.1093815110348,inf
50,110,inf,inf,inf,970.930481548499,inf
50,111,inf,inf,inf,563.848383876375,inf
50,112,inf,inf,inf,1189.8424265422711,inf
50,113,inf,inf,inf,613.881095978692,inf
50,114,inf,inf,inf,1338.3545867967875,inf
50,115,inf,inf,inf,1380.7392947258363,inf
50,116,inf,inf,inf,748.2786913977973,inf
50,117,inf,inf,inf,1050.352321842533,inf
50,118,inf,inf,inf,295.28630174798155,inf
50,119,inf,inf,inf,891.6709034167259,inf
50,120,inf,inf,inf,317.49803148996057,inf
50,121,inf,inf,inf,1467.8256027198872,inf
50,122,inf,inf,inf,1137.4256019626075,inf
50,123,inf,inf,inf,1137.0070360380362,inf
50,124,inf,inf,inf,271.8602582210206,inf
50,125,inf,inf,inf,1154.0849188859545,inf
50,126,inf,inf,inf,1114.7349460746264,inf
50,127,inf,inf,inf,239.67686580060246,inf
50,128,inf,inf,inf,204.61182761512103,inf
50,129,inf,inf,inf,146.03081866510234,inf
50,130,inf,inf,inf,863.4726399834566,inf
50,131,inf,inf,inf,1043.6115177593624,inf
50,132,inf,inf,inf,1441.817256104254,inf
50,133,inf,inf,inf,611.117828245912,inf
50,134,inf,inf,inf,732.2465431806421,inf
50,135,inf,inf,inf,1135.0845783464772,inf
50,136,inf,inf,inf,582.5332608529748,inf
50,137,inf,inf,inf,1079.7559909535116,inf
50,138,inf,inf,inf,761.7046671775091,inf
50,139,inf,inf,inf,891.1621625719979,inf
50,140,inf,inf,inf,1401.012491022118,inf
50,141,inf,inf,inf,655.5379470328168,inf
50,142,inf,inf,inf,408.9254210733297,inf
50,143,inf,inf,inf,380.5916446797013,inf
50,144,inf,inf,inf,1288.60001552072,inf
50,145,inf,inf,inf,870.1706729142278,inf
50,146,inf,inf,inf,535.156986313362,inf
50,147,inf,inf,inf,486.89321211123905,inf
50,148,inf,inf,inf,899.2224418907705,inf
50,149,inf,inf,inf,325.9693237100694,inf
50,150,inf,inf,inf,702.0035612445282,inf
50,151,inf,inf,inf,915.2404055765895,inf
50,152,inf,inf,inf,1024.938046908202,inf
50,153,inf,inf,inf,178.27226368675525,inf
50,154,inf,inf,inf,615.1788357867979,inf
50,155,inf,inf,inf,595.0411750458954,inf
50,156,inf,inf,inf,1030.4892042132221,inf
50,157,inf,inf,inf,477.8378386021768,inf
50,158,inf,inf,inf,331.291412505667,inf
50,159,inf,inf,inf,64.38167441127949,inf
50,160,inf,inf,inf,1009.2853907592242,inf
50,161,inf,inf,inf,443.64963653766245,inf
51,52,inf,inf,inf,111.32385189167684,inf
51,53,inf,inf,inf,229.49074055394914,inf
51,54,inf,inf,inf,1480.224982899559,inf
51,55,inf,inf,inf,1428.274833496691,inf
51,56,inf,inf,inf,991.1538730187154,inf
51,57,inf,inf,inf,952.8483614930552,inf
51,58,inf,inf,inf,798.1209181571425,inf
51,59,inf,inf,inf,762.0419935935289,inf
51,60,inf,inf,inf,738.531651319021,inf
51,61,inf,inf,inf,476.2362858917829,inf
51,62,inf,inf,inf,305.2752856030111,inf
51,63,inf,inf,inf,723.4673454966713,inf
51,64,inf,inf,inf,375.6660751252367,inf
51,65,inf,inf,inf,705.5551006122768,inf
51,66,inf,inf,inf,191.25375813301028,inf
51,67,inf,inf,inf,1476.045053512934,inf
51,68,inf,inf,inf,789.2838526157748,inf
51,69,inf,inf,inf,326.6818023704412,inf
51,70,inf,inf,inf,704.479950034066,inf
51,71,inf,inf,inf,588.6875232243333,inf
51,72,inf,inf,inf,431.5669125408017,inf
51,73,inf,inf,inf,886.5540028672816,inf
51,74,inf,inf,inf,628.5642369718469,inf
51,75,inf,inf,inf,163.4900608599801,inf
51,76,inf,inf,inf,871.176216387936,inf
51,77,inf,inf,inf,881.2547872210397,inf
51,78,inf,inf,inf,529.6357238706619,inf
51,79,inf,inf,inf,466.56725131539184,inf
51,80,inf,inf,inf,1127.1601483374047,inf
51,81,inf,inf,inf,1017.7568471889541,inf
51,82,inf,inf,inf,521.5985045990834,inf
51,83,inf,inf,inf,932.2365579615508,inf
51,84,inf,inf,inf,112.30761327710601,inf
51,85,inf,inf,inf,1202.4013473046343,inf
51,86,inf,inf,inf,711.0646946656823,inf
51,87,inf,inf,inf,405.4639318114498,inf
51,88,inf,inf,inf,1197.6117901891246,inf
51,89,inf,inf,inf,733.3975729438979,inf
51,90,inf,inf,inf,1298.6462181826118,inf
51,91,inf,inf,inf,590.3558249056242,inf
51,92,inf,inf,inf,968.4647644597092,inf
51,93,inf,inf,inf,175.0114281982751,inf
51,94,inf,inf,inf,544.2177872874057,inf
51,95,inf,inf,inf,193.22784478433744,inf
51,96,inf,inf,inf,312.86578592105593,inf
51,97,inf,inf,inf,1478.875248288374,inf
51,98,inf,inf,inf,544.2076809454273,inf
51,99,inf,inf,inf,1139.0109744861986,inf
51,100,inf,inf,inf,555.0324314848638,inf
51,101,inf,inf,inf,990.855186190192,inf
51,102,inf,inf,inf,649.1725502514721,inf
51,103,inf,inf,inf,1211.5135162267072,inf
51,104,inf,inf,inf,705.5104535015764,inf
51,105,inf,inf,inf,327.3912033027155,inf
51,106,inf,inf,inf,884.1068939896352,inf
51,107,inf,inf,inf,712.5980634270627,inf
51,108,inf,inf,inf,699.9214241613125,inf
51,109,inf,inf,inf,1420.9524974466951,inf
51,110,inf,inf,inf,1273.9564356758829,inf
51,111,inf,inf,inf,683.8552478412372,inf
51,112,inf,inf,inf,939.0484545538638,inf
51,113,inf,inf,inf,664.9488702148459,inf
51,114,inf,inf,inf,1072.1539068622565,inf
51,115,inf,inf,inf,1477.6955031399398,inf
51,116,inf,inf,inf,724.4308110509934,inf
51,117,inf,inf,inf,771.3864141920053,inf
51,118,inf,inf,inf,733.0436549074004,inf
51,119,inf,inf,inf,481.17564360636544,inf
51,120,inf,inf,inf,619.2333970321691,inf
51,121,inf,inf,inf,1384.277790040713,inf
51,122,inf,inf,inf,1297.543833556308,inf
51,123,inf,inf,inf,1376.8609225335724,inf
51,124,inf,inf,inf,495.1454331809999,inf
51,125,inf,inf,inf,1334.5399956539331,inf
51,126,inf,inf,inf,1019.7180982997213,inf
51,127,inf,inf,inf,605.2652311177308,inf
51,128,inf,inf,inf,519.4429708832337,inf
51,129,inf,inf,inf,368.5457909134223,inf
51,130,inf,inf,inf,931.6104336040897,inf
51,131,inf,inf,inf,667.5357668320103,inf
51,132,inf,inf,inf,1476.455891654065,inf
51,133,inf,inf,inf,607.2001317522913,inf
51,134,inf,inf,inf,1045.8881393342215,inf
51,135,inf,inf,inf,831.17386869415,inf
51,136,inf,inf,inf,981.0045871452386,inf
51,137,inf,inf,inf,1342.9519723355709,inf
51,138,inf,inf,inf,1064.5942889194926,inf
51,139,inf,inf,inf,592.6862576439579,inf
51,140,inf,inf,inf,1181.4080582085091,inf
51,141,inf,inf,inf,624.3564686939666,inf
51,142,inf,inf,inf,800.9775277746561,inf
51,143,inf,inf,inf,354.6956441796262,inf
51,144,inf,inf,inf,1423.7180198339838,inf
51,145,inf,inf,inf,809.3219384151155,inf
51,146,inf,inf,inf,529.4619910815129,inf
51,147,inf,inf,inf,418.4925327888181,inf
51,148,inf,inf,inf,757.2384036748268,inf
51,149,inf,inf,inf,681.7103490486264,inf
51,150,inf,inf,inf,640.7152253536668,inf
51,151,inf,inf,inf,513.5542814542588,inf
51,152,inf,inf,inf,1300.3711008785147,inf
51,153,inf,inf,inf,604.2019529925404,inf
51,154,inf,inf,inf,936.3898760665879,inf
51,155,inf,inf,inf,524.4244464172127,inf
51,156,inf,inf,inf,1184.6472048673395,inf
51,157,inf,inf,inf,318.7287247801804,inf
51,158,inf,inf,inf,148.9731519435633,inf
51,159,inf,inf,inf,519.4785847366569,inf
51,160,inf,inf,inf,1297.5052986404332,inf
51,161,inf,inf,inf,734.3800106212042,inf
52,53,inf,inf,inf,284.01584462842914,inf
52,54,inf,inf,inf,1378.5735381182972,inf
52,55,inf,inf,inf,1346.6699669926556,inf
52,56,inf,inf,inf,929.017222660592,inf
52,57,inf,inf,inf,841.6751154691458,inf
52,58,inf,inf,inf,694.449422204382,inf
52,59,inf,inf,inf,744.0974398558296,inf
52,60,inf,inf,inf,739.3537718846101,inf
52,61,inf,inf,inf,465.5426940679018,inf
52,62,inf,inf,inf,350.90739519138094,inf
52,63,inf,inf,inf,620.6383810239261,inf
52,64,inf,inf,inf,264.7413832403238,inf
52,65,inf,inf,inf,609.0,inf
52,66,inf,inf,inf,157.9271984174987,inf
52,67,inf,inf,inf,1383.0545903904156,inf
52,68,inf,inf,inf,727.2001100109928,inf
52,69,inf,inf,inf,284.1126537132762,inf
52,70,inf,inf,inf,626.1349694754318,inf
52,71,inf,inf,inf,604.7280380468562,inf
52,72,inf,inf,inf,333.00600595184466,inf
52,73,inf,inf,inf,789.255978754675,inf
52,74,inf,inf,inf,518.9412298131649,inf
52,75,inf,inf,inf,139.71399357258383,inf
52,76,inf,inf,inf,790.2284479819743,inf
52,77,inf,inf,inf,868.9907939673469,inf
52,78,inf,inf,inf,418.35989291517893,inf
52,79,inf,inf,inf,379.19124462466164,inf
52,80,inf,inf,inf,1033.7625452684963,inf
52,81,inf,inf,inf,908.0495581189388,inf
52,82,inf,inf,inf,418.5235955116509,inf
52,83,inf,inf,inf,831.8810011053264,inf
52,84,inf,inf,inf,74.24284477308234,inf
52,85,inf,inf,inf,1096.1541862347651,inf
52,86,inf,inf,inf,611.4131172946816,inf
52,87,inf,inf,inf,306.96579614022147,inf
52,88,inf,inf,inf,1130.736485658794,inf
52,89,inf,inf,inf,654.0588658523023,inf
52,90,inf,inf,inf,1237.811374967931,inf
52,91,inf,inf,inf,479.0375768141785,inf
52,92,inf,inf,inf,944.2271972359194,inf
52,93,inf,inf,inf,237.40261161158273,inf
52,94,inf,inf,inf,443.3012519720647,inf
52,95,1.0,89.2548,89.25483399593898,82.46211251235322,1.08237384753596
52,96,inf,inf,inf,210.83642948978243,inf
52,97,inf,inf,inf,1381.2548642448287,inf
52,98,inf,inf,inf,434.18083790052276,inf
52,99,inf,inf,inf,1031.2346968561521,inf
52,100,inf,inf,inf,448.21646556100546,inf
52,101,inf,inf,inf,928.2914413049384,inf
52,102,inf,inf,inf,540.1333168764911,inf
52,103,inf,inf,inf,1154.7233434896864,inf
52,104,inf,inf,inf,644.113344062984,inf
52,105,inf,inf,inf,217.79348015953096,inf
52,106,inf,inf,inf,871.5423110784697,inf
52,107,inf,inf,inf,610.3711985341379,inf
52,108,inf,inf,inf,591.4735835183174,inf
52,109,inf,inf,inf,1341.5606583378926,inf
52,110,inf,inf,inf,1163.0889905763875,inf
52,111,inf,inf,inf,574.3491969176939,inf
52,112,inf,inf,inf,900.2805118406152,inf
52,113,inf,inf,inf,559.8642692653283,inf
52,114,inf,inf,inf,1040.0043269140758,inf
52,115,inf,inf,inf,1376.308468331137,inf
52,116,inf,inf,inf,629.5720768903271,inf
52,117,inf,inf,inf,739.1955086443639,inf
52,118,inf,inf,inf,644.0496875241847,inf
52,119,inf,inf,inf,506.99605521147794,inf
52,120,inf,inf,inf,512.8908265898309,inf
52,121,inf,inf,inf,1309.0003819709145,inf
52,122,inf,inf,inf,1189.990336095214,inf
52,123,inf,inf,inf,1265.9198236855286,inf
52,124,inf,inf,inf,387.29058857658805,inf
52,125,inf,inf,inf,1225.871934583707,inf
52,126,inf,inf,inf,942.7979635107407,inf
52,127,inf,inf,inf,506.1748709685221,inf
52,128,inf,inf,inf,418.6167698504206,inf
52,129,inf,inf,inf,277.2814454665151,inf
52,130,inf,inf,inf,829.130267207753,inf
52,131,inf,inf,inf,675.0770326414608,inf
52,132,inf,inf,inf,1382.4778479237923,inf
52,133,inf,inf,inf,506.4118876961717,inf
52,134,inf,inf,inf,935.9300187514021,inf
52,135,inf,inf,inf,809.1334871329947,inf
52,136,inf,inf,inf,879.6141199412388,inf
52,137,inf,inf,inf,1231.6529543666106,inf
52,138,inf,inf,inf,954.1320663304425,inf
52,139,inf,inf,inf,563.5672098339293,inf
52,140,inf,inf,inf,1136.2895757684305,inf
52,141,inf,inf,inf,527.7309920783505,inf
52,142,inf,inf,inf,700.7039317714722,inf
52,143,inf,inf,inf,245.07957891264624,inf
52,144,inf,inf,inf,1318.5340344488648,inf
52,145,inf,inf,inf,722.3274880551065,inf
52,146,inf,inf,inf,426.1983106489278,inf
52,147,inf,inf,inf,317.6680657541768,inf
52,148,inf,inf,inf,685.3094191677217,inf
52,149,inf,inf,inf,578.9732290874941,inf
52,150,inf,inf,inf,549.3022847212635,inf
52,151,inf,inf,inf,533.8923112388865,inf
52,152,inf,inf,inf,1189.0601330462644,inf
52,153,inf,inf,inf,515.6442572161548,inf
52,154,inf,inf,inf,827.3481733828872,inf
52,155,inf,inf,inf,429.96278908761394,inf
52,156,inf,inf,inf,1077.0004642524534,inf
52,157,inf,inf,inf,226.10838109190027,inf
52,158,inf,inf,inf,59.464274989274024,inf
52,159,inf,inf,inf,443.7082374714267,inf
52,160,inf,inf,inf,1186.3123534718839,inf
52,161,inf,inf,inf,625.2591462745667,inf
53,54,inf,inf,inf,1476.48230602334,inf
53,55,inf,inf,inf,1353.103469805617,inf
53,56,inf,inf,inf,877.7266089164666,inf
53,57,inf,inf,inf,1036.1708353355639,inf
53,58,inf,inf,inf,955.7201473234725,inf
53,59,inf,inf,inf,578.1504994376464,inf
53,60,inf,inf,inf,532.0761223734814,inf
53,61,inf,inf,inf,300.3281538584087,inf
53,62,inf,inf,inf,76.89603370785778,inf
53,63,inf,inf,inf,747.4951504859413,inf
53,64,inf,inf,inf,507.9183005169237,inf
53,65,inf,inf,inf,704.0809612537468,inf
53,66,inf,inf,inf,416.3892409753163,inf
53,67,inf,inf,inf,1436.4362150823126,inf
53,68,inf,inf,inf,684.3895089786225,inf
53,69,inf,inf,inf,249.59366979152335,inf
53,70,inf,inf,inf,645.4037496017512,inf
53,71,inf,inf,inf,371.51715976519847,inf
53,72,inf,inf,inf,609.1108273541031,inf
53,73,inf,inf,inf,1061.442414829933,inf
53,74,inf,inf,inf,700.9315230462959,inf
53,75,inf,inf,inf,177.56407294269863,inf
53,76,inf,inf,inf,809.5789028871739,inf
53,77,inf,inf,inf,686.4546598283094,inf
53,78,inf,inf,inf,642.9961119633617,inf
53,79,inf,inf,inf,459.51822597150596,inf
53,80,inf,inf,inf,1096.0875877410529,inf
53,81,inf,inf,inf,1076.097114576561,inf
53,82,inf,inf,inf,686.0094751532226,inf
53,83,inf,inf,inf,935.1347496484129,inf
53,84,inf,inf,inf,329.07901786653,inf
53,85,inf,inf,inf,1228.9121205358827,inf
53,86,inf,inf,inf,721.5906041516894,inf
53,87,inf,inf,inf,444.2938216991094,inf
53,88,inf,inf,inf,1089.2584633593626,inf
53,89,inf,inf,inf,675.0185182644992,inf
53,90,inf,inf,inf,1174.8855263386301,inf
53,91,inf,inf,inf,697.3334926704725,inf
53,92,inf,inf,inf,787.6103097344524,inf
53,93,inf,inf,inf,55.036351623268054,inf
53,94,inf,inf,inf,573.467523056014,inf
53,95,inf,inf,inf,333.9476006801067,inf
53,96,inf,inf,inf,383.7512214964273,inf
53,97,inf,inf,inf,1457.1019181924098,inf
53,98,inf,inf,inf,675.8254212442737,inf
53,99,inf,inf,inf,1274.2448744256342,inf
53,100,inf,inf,inf,705.2496012051336,inf
53,101,inf,inf,inf,878.3848814728086,inf
53,102,inf,inf,inf,784.6636221974356,inf
53,103,inf,inf,inf,1081.0166511206014,inf
53,104,inf,inf,inf,604.3252435568119,inf
53,105,inf,inf,inf,429.9034775388541,inf
53,106,inf,inf,inf,689.6151100432762,inf
53,107,inf,inf,inf,734.4126905221614,inf
53,108,inf,inf,inf,758.3165565909793,inf
53,109,inf,inf,inf,1339.713402187199,inf
53,110,inf,inf,inf,1379.0130528751351,inf
53,111,inf,inf,inf,752.0558489899537,inf
53,112,inf,inf,inf,781.7224571419193,inf
53,113,inf,inf,inf,704.0490039762857,inf
53,114,inf,inf,inf,900.8107459394565,inf
53,115,inf,inf,inf,1472.709747370472,inf
53,116,inf,inf,inf,715.4033827149548,inf
53,117,inf,inf,inf,609.0853798934925,inf
53,118,inf,inf,inf,924.762131577629,inf
53,119,inf,inf,inf,259.268200904006,inf
53,120,inf,inf,inf,769.7687964577416,inf
53,121,inf,inf,inf,1292.7200006188502,inf
53,122,inf,inf,inf,1331.3188949308876,inf
53,123,inf,inf,inf,1446.7245764139075,inf
53,124,inf,inf,inf,642.6079675821021,inf
53,125,inf,inf,inf,1376.6920498063464,inf
53,126,inf,inf,inf,941.1806415348756,inf
53,127,inf,inf,inf,778.6475454273262,inf
53,128,inf,inf,inf,690.0181157042183,inf
53,129,inf,inf,inf,559.4747536752664,inf
53,130,inf,inf,inf,944.451163374793,inf
53,131,inf,inf,inf,456.05482126604034,inf
53,132,inf,inf,inf,1440.4568719680572,inf
53,133,inf,inf,inf,630.0872955392769,inf
53,134,inf,inf,inf,1165.7958654927543,inf
53,135,inf,inf,inf,650.7995082972943,inf
53,136,inf,inf,inf,1144.2045271716067,inf
53,137,inf,inf,inf,1425.6710700578867,inf
53,138,inf,inf,inf,1178.5283195579136,inf
53,139,inf,inf,inf,436.1249820865574,inf
53,140,inf,inf,inf,1029.347851797438,inf
53,141,inf,inf,inf,629.2352501251023,inf
53,142,inf,inf,inf,969.0144477767088,inf
53,143,inf,inf,inf,452.99116989186444,inf
53,144,inf,inf,inf,1439.7753296955743,inf
53,145,inf,inf,inf,768.8146720764374,inf
53,146,inf,inf,inf,570.4804992285012,inf
53,147,inf,inf,inf,463.59680758176063,inf
53,148,inf,inf,inf,677.7403632660519,inf
53,149,inf,inf,inf,844.0550929886034,inf
53,150,inf,inf,inf,625.8705936533526,inf
53,151,inf,inf,inf,295.00508470194205,inf
53,152,inf,inf,inf,1390.7454835447068,inf
53,153,inf,inf,inf,797.1963371717158,inf
53,154,inf,inf,inf,1065.7729589363769,inf
53,155,inf,inf,inf,531.6474395687428,inf
53,156,inf,inf,inf,1221.1981821145985,inf
53,157,inf,inf,inf,359.4022815731698,inf
53,158,inf,inf,inf,342.49817517762045,inf
53,159,inf,inf,inf,727.6317750071116,inf
53,160,inf,inf,inf,1394.3349669286788,inf
53,161,inf,inf,inf,867.0732379678201,inf
54,55,inf,inf,inf,461.6156409828419,inf
54,56,inf,inf,inf,798.2505872218322,inf
54,57,inf,inf,inf,674.1290677607664,inf
54,58,inf,inf,inf,1049.190640446244,inf
54,59,inf,inf,inf,1194.4278965261988,inf
54,60,inf,inf,inf,1319.7367161672817,inf
54,61,inf,inf,inf,1265.384131400422,inf
54,62,inf,inf,inf,1468.0984299426248,inf
54,63,inf,inf,inf,757.9901054763183,inf
54,64,inf,inf,inf,1159.0431398356145,inf
54,65,inf,inf,inf,778.5435119503597,inf
54,66,inf,inf,inf,1455.259427043852,inf
54,67,inf,inf,inf,231.40656861895687,inf
54,68,inf,inf,inf,883.5094792926673,inf
54,69,inf,inf,inf,1226.9054568303134,inf
54,70,inf,inf,inf,844.3612970760798,inf
54,71,inf,inf,inf,1391.1955290324936,inf
54,72,inf,inf,inf,1228.5829235342644,inf
54,73,inf,inf,inf,1142.5672846707978,inf
54,74,inf,inf,inf,883.801448290282,inf
54,75,inf,inf,inf,1348.231804994972,inf
54,76,inf,inf,inf,701.297369166604,inf
54,77,inf,inf,inf,1242.1030553057988,inf
54,78,inf,inf,inf,1023.0562056895994,inf
54,79,inf,inf,inf,1025.3570109966577,inf
54,80,inf,inf,inf,398.7580720186113,inf
54,81,inf,inf,inf,550.0772672997858,inf
54,82,inf,inf,inf,1154.3002209130864,inf
54,83,inf,inf,inf,548.3402228543881,inf
54,84,inf,inf,inf,1430.8364686434295,inf
54,85,inf,inf,inf,317.52952618614853,inf
54,86,inf,inf,inf,769.4757955907385,inf
54,87,inf,inf,inf,1074.800911797157,inf
54,88,inf,inf,inf,698.343754894393,inf
54,89,inf,inf,inf,816.6088414902205,inf
54,90,inf,inf,inf,777.1460609177659,inf
54,91,inf,inf,inf,969.0583057793788,inf
54,92,inf,inf,inf,1151.3166375936726,inf
54,93,inf,inf,inf,1480.9554348460322,inf
54,94,inf,inf,inf,936.090273424524,inf
54,95,inf,inf,inf,1299.584933738461,inf
54,96,inf,inf,inf,1168.3599616556535,inf
54,97,inf,inf,inf,116.3872845288522,inf
54,98,inf,inf,inf,1051.6368194391066,inf
54,99,inf,inf,inf,890.8984229416955,inf
54,100,inf,inf,inf,1095.9822078847812,inf
54,101,inf,inf,inf,794.2040040191185,inf
54,102,inf,inf,inf,1007.3216963810519,inf
54,103,inf,inf,inf,825.1042358393272,inf
54,104,inf,inf,inf,933.2786293492421,inf
54,105,inf,inf,inf,1166.96915126322,inf
54,106,inf,inf,inf,1240.0681432889082,inf
54,107,inf,inf,inf,768.2200205670248,inf
54,108,inf,inf,inf,805.1360133542655,inf
54,109,inf,inf,inf,500.8313089254704,inf
54,110,inf,inf,inf,698.4819253209062,inf
54,111,inf,inf,inf,831.6177006293216,inf
54,112,inf,inf,inf,1023.4695891915891,inf
54,113,inf,inf,inf,820.9049884121791,inf
54,114,inf,inf,inf,1087.685616343252,inf
54,115,inf,inf,inf,8.602325267042627,inf
54,116,inf,inf,inf,763.5456764333094,inf
54,117,inf,inf,inf,1095.6208285716368,inf
54,118,inf,inf,inf,1248.5932083749294,inf
54,119,inf,inf,inf,1423.6642862697652,inf
54,120,inf,inf,inf,1070.2074565242012,inf
54,121,inf,inf,inf,568.2649030161901,inf
54,122,inf,inf,inf,281.44271175498574,inf
54,123,inf,inf,inf,473.08772970771497,inf
54,124,inf,inf,inf,1116.9355397694176,inf
54,125,inf,inf,inf,309.64657272445305,inf
54,126,inf,inf,inf,639.7038377249272,inf
54,127,inf,inf,inf,1163.2248277955557,inf
54,128,inf,inf,inf,1176.0633486339075,inf
54,129,inf,inf,inf,1291.1281888333165,inf
54,130,inf,inf,inf,549.5343483350244,inf
54,131,inf,inf,inf,1353.3610013592086,inf
54,132,inf,inf,inf,208.12496246245908,inf
54,133,inf,inf,inf,873.0463905199998,inf
54,134,inf,inf,inf,805.903219996049,inf
54,135,inf,inf,inf,1163.7611438779008,inf
54,136,inf,inf,inf,1068.8330084723245,inf
54,137,inf,inf,inf,555.4619698953295,inf
54,138,inf,inf,inf,769.8889530315395,inf
54,139,inf,inf,inf,1154.2984882602939,inf
54,140,inf,inf,inf,961.5388707691437,inf
54,141,inf,inf,inf,858.4503480108795,inf
54,142,inf,inf,inf,1104.1689182366981,inf
54,143,inf,inf,inf,1140.9649424938525,inf
54,144,inf,inf,inf,133.98880550254935,inf
54,145,inf,inf,inf,714.6159807896826,inf
54,146,inf,inf,inf,952.3906761408366,inf
54,147,inf,inf,inf,1061.9425596518863,inf
54,148,inf,inf,inf,839.8404610400715,inf
54,149,inf,inf,inf,1096.6444273327613,inf
54,150,inf,inf,inf,852.3579060465152,inf
54,151,inf,inf,inf,1402.6503484475381,inf
54,152,inf,inf,inf,604.2954575371223,inf
54,153,inf,inf,inf,1259.175126819141,inf
54,154,inf,inf,inf,878.5624622074404,inf
54,155,inf,inf,inf,959.400333541739,inf
54,156,inf,inf,inf,362.6637561157718,inf
54,157,inf,inf,inf,1162.742447836149,inf
54,158,inf,inf,inf,1376.4828367981927,inf
54,159,inf,inf,inf,1351.0914106750884,inf
54,160,inf,inf,inf,645.7321426102312,inf
54,161,inf,inf,inf,959.9041618828413,inf
55,56,inf,inf,inf,503.34977898077994,inf
55,57,inf,inf,inf,904.5446368200963,inf
55,58,inf,inf,inf,1256.1289742697602,inf
55,59,inf,inf,inf,918.1334325684911,inf
55,60,inf,inf,inf,1043.104980335153,inf
55,61,inf,inf,inf,1082.834244009673,inf
55,62,inf,inf,inf,1321.3871499299514,inf
55,63,inf,inf,inf,792.5705015959148,inf
55,64,inf,inf,inf,1194.7652489087552,inf
55,65,inf,inf,inf,761.9087871917478,inf
55,66,inf,inf,inf,1463.8186363071075,inf
55,67,inf,inf,inf,237.06539182259397,inf
55,68,inf,inf,inf,672.6812023536855,inf
55,69,inf,inf,inf,1119.5713465429526,inf
55,70,inf,inf,inf,723.8818964444407,inf
55,71,inf,inf,inf,1158.7924749496779,inf
55,72,inf,inf,inf,1308.5369692905126,inf
55,73,inf,inf,inf,1378.9434361133165,inf
55,74,inf,inf,inf,957.0475432286528,inf
55,75,inf,inf,inf,1272.0062892926276,inf
55,76,inf,inf,inf,557.1974515376035,inf
55,77,inf,inf,inf,923.7104524687377,inf
55,78,inf,inf,inf,1100.2840542332694,inf
55,79,inf,inf,inf,967.5959900702359,inf
55,80,inf,inf,inf,372.5922704512266,inf
55,81,inf,inf,inf,782.7247281132749,inf
55,82,inf,inf,inf,1261.498315496299,inf
55,83,inf,inf,inf,604.1870571271782,inf
55,84,inf,inf,inf,1413.288364064461,inf
55,85,inf,inf,inf,605.5559429152686,inf
55,86,inf,inf,inf,776.0889124320744,inf
55,87,inf,inf,inf,1048.5895288433887,inf
55,88,inf,inf,inf,318.0015723231569,inf
55,89,inf,inf,inf,694.8791261795104,inf
55,90,inf,inf,inf,344.8840384825021,inf
55,91,inf,inf,inf,1063.960995525682,inf
55,92,inf,inf,inf,808.9332481731728,inf
55,93,inf,inf,inf,1374.4089638822936,inf
55,94,inf,inf,inf,930.4729979961804,inf
55,95,inf,inf,inf,1280.5623764580935,inf
55,96,inf,inf,inf,1144.7777076795303,inf
55,97,inf,inf,inf,348.919761549844,inf
55,98,inf,inf,inf,1148.4324098526652,inf
55,99,inf,inf,inf,1214.8370261067944,inf
55,100,inf,inf,inf,1208.6397312681725,inf
55,101,inf,inf,inf,500.97205510886533,inf
55,102,inf,inf,inf,1147.7769818218171,inf
55,103,inf,inf,inf,420.00238094563224,inf
55,104,inf,inf,inf,749.5451954352052,inf
55,105,inf,inf,inf,1167.7679564022983,inf
55,106,inf,inf,inf,920.857209343555,inf
55,107,inf,inf,inf,795.5784059412372,inf
55,108,inf,inf,inf,887.0811687776942,inf
55,109,inf,inf,inf,40.311288741492746,inf
55,110,inf,inf,inf,1071.2572053433294,inf
55,111,inf,inf,inf,920.7763029096698,inf
55,112,inf,inf,inf,701.6673000788907,inf
55,113,inf,inf,inf,861.8538159107959,inf
55,114,inf,inf,inf,715.2013702447724,inf
55,115,inf,inf,inf,453.01765969992823,inf
55,116,inf,inf,inf,736.0006793475126,inf
55,117,inf,inf,inf,828.9282236719896,inf
55,118,inf,inf,inf,1433.3736428440423,inf
55,119,inf,inf,inf,1223.6425131548838,inf
55,120,inf,inf,inf,1207.523498736153,inf
55,121,inf,inf,inf,116.90166808048549,inf
55,122,inf,inf,inf,649.1386600719449,inf
55,123,inf,inf,inf,885.858340819795,inf
55,124,inf,inf,inf,1205.4285544983577,inf
55,125,inf,inf,inf,704.7623712997168,inf
55,126,inf,inf,inf,412.4124149440703,inf
55,127,inf,inf,inf,1304.179818890018,inf
55,128,inf,inf,inf,1285.0307389319526,inf
55,129,inf,inf,inf,1353.486239309436,inf
55,130,inf,inf,inf,634.3886821184627,inf
55,131,inf,inf,inf,1097.6889359012416,inf
55,132,inf,inf,inf,259.6247291765559,inf
55,133,inf,inf,inf,874.0692192269443,inf
55,134,inf,inf,inf,1098.1425226262754,inf
55,135,inf,inf,inf,866.2338021573621,inf
55,136,inf,inf,inf,1337.2482940725706,inf
55,137,inf,inf,inf,954.7696057164786,inf
55,138,inf,inf,inf,1068.2396734815648,inf
55,139,inf,inf,inf,948.6369168443741,inf
55,140,inf,inf,inf,559.3943153089778,inf
55,141,inf,inf,inf,837.0543590472485,inf
55,142,inf,inf,inf,1313.2014316166428,inf
55,143,inf,inf,inf,1147.1076671350427,inf
55,144,inf,inf,inf,567.3129647734132,inf
55,145,inf,inf,inf,626.709661645646,inf
55,146,inf,inf,inf,956.8516081399456,inf
55,147,inf,inf,inf,1043.8127226662837,inf
55,148,inf,inf,inf,677.4784129402206,inf
55,149,inf,inf,inf,1262.2400722525015,inf
55,150,inf,inf,inf,803.2315979840434,inf
55,151,inf,inf,inf,1193.3017221139003,inf
55,152,inf,inf,inf,988.4331034521254,inf
55,153,inf,inf,inf,1402.3897461119716,inf
55,154,inf,inf,inf,1130.7099539669755,inf
55,155,inf,inf,inf,924.0541109696986,inf
55,156,inf,inf,inf,659.5286195458086,inf
55,157,inf,inf,inf,1121.090986494852,inf
55,158,inf,inf,inf,1364.4632644377054,inf
55,159,inf,inf,inf,1465.6428623644983,inf
55,160,inf,inf,inf,1027.6969397638586,inf
55,161,inf,inf,inf,1132.7581383508132,inf
56,57,inf,inf,inf,830.8321130047875,inf
56,58,inf,inf,inf,1078.2323497280167,inf
56,59,inf,inf,inf,418.0071769718793,inf
56,60,inf,inf,inf,544.4859961468247,inf
56,61,inf,inf,inf,591.2165423937324,inf
56,62,inf,inf,inf,836.5076210053319,inf
56,63,inf,inf,inf,545.3191725952793,inf
56,64,inf,inf,inf,850.0711734907849,inf
56,65,inf,inf,inf,470.55074115338505,inf
56,66,inf,inf,inf,1068.834879670382,inf
56,67,inf,inf,inf,658.3167930411619,inf
56,68,inf,inf,inf,202.1410398706804,inf
56,69,inf,inf,inf,666.1658952543278,inf
56,70,inf,inf,inf,331.25518863860833,inf
56,71,inf,inf,inf,655.5249804545972,inf
56,72,inf,inf,inf,990.9772954008583,inf
56,73,inf,inf,inf,1217.476077793728,inf
56,74,inf,inf,inf,696.4431060754353,inf
56,75,inf,inf,inf,828.155178695394,inf
56,76,inf,inf,inf,236.32604596192948,inf
56,77,inf,inf,inf,445.45706863849404,inf
56,78,inf,inf,inf,811.4776645108601,inf
56,79,inf,inf,inf,573.0488635360863,inf
56,80,inf,inf,inf,425.0223523533792,inf
56,81,inf,inf,inf,755.0397340537781,inf
56,82,inf,inf,inf,976.7973177686351,inf
56,83,inf,inf,inf,488.6972477925367,inf
56,84,inf,inf,inf,1001.6411533079099,inf
56,85,inf,inf,inf,720.7808266040378,inf
56,86,inf,inf,inf,504.68306886599635,inf
56,87,inf,inf,inf,668.7877092172074,inf
56,88,inf,inf,inf,211.60340261914504,inf
56,89,inf,inf,inf,312.9632566292727,inf
56,90,inf,inf,inf,308.8041450499005,inf
56,91,inf,inf,inf,800.6110166616495,inf
56,92,inf,inf,inf,354.9788726107513,inf
56,93,inf,inf,inf,906.8301935864289,inf
56,94,inf,inf,inf,594.7377573351132,inf
56,95,inf,inf,inf,878.3763430329849,inf
56,96,inf,inf,inf,753.456700812993,inf
56,97,inf,inf,inf,726.285068000162,inf
56,98,inf,inf,inf,870.8248962908674,inf
56,99,inf,inf,inf,1184.341167062937,inf
56,100,inf,inf,inf,937.2923770094367,inf
56,101,inf,inf,inf,4.47213595499958,inf
56,102,inf,inf,inf,915.7865471822569,inf
56,103,inf,inf,inf,231.3114783144148,inf
56,104,inf,inf,inf,285.8198733468336,inf
56,105,inf,inf,inf,794.8364611666981,inf
56,106,inf,inf,inf,443.23018850254323,inf
56,107,inf,inf,inf,539.0751339099216,inf
56,108,inf,inf,inf,656.6338401270528,inf
56,109,inf,inf,inf,481.0530116317743,inf
56,110,inf,inf,inf,1130.8956627381679,inf
56,111,inf,inf,inf,687.5172725102984,inf
56,112,inf,inf,inf,225.26872841120226,inf
56,113,inf,inf,inf,595.467043588476,inf
56,114,inf,inf,inf,315.08728949292765,inf
56,115,inf,inf,inf,791.1422122475832,inf
56,116,inf,inf,inf,444.0382866375376,inf
56,117,inf,inf,inf,326.03834130359576,inf
56,118,inf,inf,inf,1207.6725549585037,inf
56,119,inf,inf,inf,723.9281732326765,inf
56,120,inf,inf,inf,961.9085195589028,inf
56,121,inf,inf,inf,422.8675915697489,inf
56,122,inf,inf,inf,817.6319465382942,inf
56,123,inf,inf,inf,1039.3998268231528,inf
56,124,inf,inf,inf,910.1675669897274,inf
56,125,inf,inf,inf,881.6830496272456,inf
56,126,inf,inf,inf,166.67633305301626,inf
56,127,inf,inf,inf,1048.0801496068896,inf
56,128,inf,inf,inf,998.8938882584075,inf
56,129,inf,inf,inf,1014.3332785628203,inf
56,130,inf,inf,inf,528.9234349128426,inf
56,131,inf,inf,inf,595.2428076003943,inf
56,132,inf,inf,inf,671.5057706379,inf
56,133,inf,inf,inf,560.9153233777804,inf
56,134,inf,inf,inf,1047.9484720156806,inf
56,135,inf,inf,inf,373.56659379553736,inf
56,136,inf,inf,inf,1219.1669286853216,inf
56,137,inf,inf,inf,1074.3342124311223,inf
56,138,inf,inf,inf,1031.5158748172516,inf
56,139,inf,inf,inf,453.322181235377,inf
56,140,inf,inf,inf,271.1180554666177,inf
56,141,inf,inf,inf,511.7978116404954,inf
56,142,inf,inf,inf,1129.2798590252107,inf
56,143,inf,inf,inf,781.7985674072319,inf
56,144,inf,inf,inf,834.9520944341657,inf
56,145,inf,inf,inf,324.7768464653846,inf
56,146,inf,inf,inf,624.8871898190905,inf
56,147,inf,inf,inf,672.2514410546102,inf
56,148,inf,inf,inf,256.12496949731394,inf
56,149,inf,inf,inf,1038.0948896897623,inf
56,150,inf,inf,inf,459.6194077712559,inf
56,151,inf,inf,inf,692.1849463835515,inf
56,152,inf,inf,inf,1079.4206779564674,inf
56,153,inf,inf,inf,1136.4902111325025,inf
56,154,inf,inf,inf,1026.358611792194,inf
56,155,inf,inf,inf,560.0223209837266,inf
56,156,inf,inf,inf,753.8865962464116,inf
56,157,inf,inf,inf,717.3966824567841,inf
56,158,inf,inf,inf,960.683610768915,inf
56,159,inf,inf,inf,1164.4827177764382,inf
56,160,inf,inf,inf,1108.2247064562314,inf
56,161,inf,inf,inf,938.5115875683156,inf
57,58,inf,inf,inf,375.99601061713406,inf
57,59,inf,inf,inf,1040.4787359672468,inf
57,60,inf,inf,inf,1135.4140214036463,inf
57,61,inf,inf,inf,948.3295840582007,inf
57,62,inf,inf,inf,1060.0382068586018,inf
57,63,inf,inf,inf,346.2556858738929,inf
57,64,inf,inf,inf,581.6227299547362,inf
57,65,inf,inf,inf,429.32505167995964,inf
57,66,inf,inf,inf,868.1992858785361,inf
57,67,inf,inf,inf,796.631031281107,inf
57,68,inf,inf,inf,749.4004270081516,inf
57,69,inf,inf,inf,812.7539603102529,inf
57,70,inf,inf,inf,602.6508110008648,inf
57,71,inf,inf,inf,1121.3496332544992,inf
57,72,inf,inf,inf,600.3082541494828,inf
57,73,inf,inf,inf,481.49974039453025,inf
57,74,inf,inf,inf,335.25661813005274,inf
57,75,inf,inf,inf,868.4704946053147,inf
57,76,inf,inf,inf,598.4947785904235,inf
57,77,inf,inf,inf,1146.4004535937693,inf
57,78,inf,inf,inf,426.5512864826456,inf
57,79,inf,inf,inf,603.0762804156701,inf
57,80,inf,inf,inf,540.7124929202209,inf
57,81,inf,inf,inf,128.08200498118384,inf
57,82,inf,inf,inf,511.8915900852445,inf
57,83,inf,inf,inf,349.3436703305214,inf
57,84,inf,inf,inf,872.0258023705492,inf
57,85,inf,inf,inf,357.80581325629686,inf
57,86,inf,inf,inf,391.89411835341446,inf
57,87,inf,inf,inf,592.6153896077961,inf
57,88,inf,inf,inf,904.7132142286858,inf
57,89,inf,inf,inf,594.6427498927402,inf
57,90,inf,inf,inf,1034.63713445826,inf
57,91,inf,inf,inf,365.0862911696357,inf
57,92,inf,inf,inf,1121.0655645411646,inf
57,93,inf,inf,inf,1018.4601121300726,inf
57,94,inf,inf,inf,476.32446924339297,inf
57,95,inf,inf,inf,759.6532103532506,inf
57,96,inf,inf,inf,658.4261537940303,inf
57,97,inf,inf,inf,733.5720823477404,inf
57,98,inf,inf,inf,429.80228012424504,inf
57,99,inf,inf,inf,353.5109616405126,inf
57,100,inf,inf,inf,454.9428535541579,inf
57,101,inf,inf,inf,826.7393785226394,inf
57,102,inf,inf,inf,354.7745763157219,inf
57,103,inf,inf,inf,1013.0454086564926,inf
57,104,inf,inf,inf,734.2159082994593,inf
57,105,inf,inf,inf,627.6822444517608,inf
57,106,inf,inf,inf,1146.2831238398305,inf
57,107,inf,inf,inf,359.5385931996731,inf
57,108,inf,inf,inf,284.6928169097352,inf
57,109,inf,inf,inf,925.1994379591894,inf
57,110,inf,inf,inf,354.0353089735542,inf
57,111,inf,inf,inf,285.0157890363269,inf
57,112,inf,inf,inf,997.0135405299168,inf
57,113,inf,inf,inf,353.61702447704636,inf
57,114,inf,inf,inf,1130.013274258316,inf
57,115,inf,inf,inf,676.0,inf
57,116,inf,inf,inf,442.55621111899444,inf
57,117,inf,inf,inf,956.1072115615486,inf
57,118,inf,inf,inf,574.4710610640017,inf
57,119,inf,inf,inf,1098.705602060898,inf
57,120,inf,inf,inf,414.36457377531684,inf
57,121,inf,inf,inf,944.7883360838024,inf
57,122,inf,inf,inf,410.48751503547584,inf
57,123,inf,inf,inf,425.4621017200004,inf
57,124,inf,inf,inf,493.54331116934407,inf
57,125,inf,inf,inf,422.4559148597638,inf
57,126,inf,inf,inf,696.6383566815712,inf
57,127,inf,inf,inf,500.2579334703249,inf
57,128,inf,inf,inf,530.664677550711,inf
57,129,inf,inf,inf,671.4715183833191,inf
57,130,inf,inf,inf,308.72965520014435,inf
57,131,inf,inf,inf,1127.817361100635,inf
57,132,inf,inf,inf,783.3632618396142,inf
57,133,inf,inf,inf,434.9942528355978,inf
57,134,inf,inf,inf,217.40745157422734,inf
57,135,inf,inf,inf,1053.1144287303255,inf
57,136,inf,inf,inf,432.7701468447194,inf
57,137,inf,inf,inf,391.44859177163994,inf
57,138,inf,inf,inf,201.5365971728212,inf
57,139,inf,inf,inf,902.044899104252,inf
57,140,inf,inf,inf,1097.8000728730162,inf
57,141,inf,inf,inf,462.1568997645713,inf
57,142,inf,inf,inf,431.88540146663905,inf
57,143,inf,inf,inf,600.7803259095624,inf
57,144,inf,inf,inf,566.8059632713827,inf
57,145,inf,inf,inf,522.9474160945821,inf
57,146,inf,inf,inf,471.30669420240577,inf
57,147,inf,inf,inf,572.8944056281227,inf
57,148,inf,inf,inf,661.2185720319719,inf
57,149,inf,inf,inf,426.5688690000713,inf
57,150,inf,inf,inf,501.01097792363794,inf
57,151,inf,inf,inf,1095.5117525613316,inf
57,152,inf,inf,inf,354.6223343220221,inf
57,153,inf,inf,inf,592.1655174020183,inf
57,154,inf,inf,inf,226.1725005388586,inf
57,155,inf,inf,inf,531.8994265836353,inf
57,156,inf,inf,inf,311.78999342506165,inf
57,157,inf,inf,inf,677.0317570099647,inf
57,158,inf,inf,inf,818.257294498497,inf
57,159,inf,inf,inf,693.2200227921868,inf
57,160,inf,inf,inf,360.5551275463989,inf
57,161,inf,inf,inf,292.2362058335688,inf
58,59,inf,inf,inf,1163.5518896894973,inf
58,60,inf,inf,inf,1227.4526467444682,inf
58,61,inf,inf,inf,982.2066992237428,inf
58,62,inf,inf,inf,1004.2250743732702,inf
58,63,inf,inf,inf,532.9502791067849,inf
58,64,inf,inf,inf,448.4328266307006,inf
58,65,inf,inf,inf,610.0467195223657,inf
58,66,inf,inf,inf,652.623168451749,inf
58,67,inf,inf,inf,1168.4605256490267,inf
58,68,inf,inf,inf,939.1272544229563,inf
58,69,inf,inf,inf,797.057087039567,inf
58,70,inf,inf,inf,776.0315715227055,inf
58,71,inf,inf,inf,1160.9875106994045,inf
58,72,inf,inf,inf,369.04877726392755,inf
58,73,inf,inf,inf,140.1606221447379,inf
58,74,inf,inf,inf,392.7340066762745,inf
58,75,inf,inf,inf,778.6269967063819,inf
58,76,inf,inf,inf,845.0520694016434,inf
58,77,inf,inf,inf,1286.8756738706347,inf
58,78,inf,inf,inf,339.3302226445502,inf
58,79,inf,inf,inf,643.187375497996,inf
58,80,inf,inf,inf,884.0050904830808,inf
58,81,inf,inf,inf,503.16001430956334,inf
58,82,inf,inf,inf,276.5248632582611,inf
58,83,inf,inf,inf,659.8257345693634,inf
58,84,inf,inf,inf,692.8347566339321,inf
58,85,inf,inf,inf,733.7097518774028,inf
58,86,inf,inf,inf,574.193347227221,inf
58,87,inf,inf,inf,577.5603864532262,inf
58,88,inf,inf,inf,1200.80181545499,inf
58,89,inf,inf,inf,782.3739515091233,inf
58,90,inf,inf,inf,1332.2496012384465,inf
58,91,inf,inf,inf,310.42068230064825,inf
58,92,inf,inf,inf,1297.7276293583334,inf
58,93,inf,inf,inf,920.1847640555673,inf
58,94,inf,inf,inf,538.4719119879885,inf
58,95,inf,inf,inf,625.8594091327541,inf
58,96,inf,inf,inf,588.6662891656018,inf
58,97,inf,inf,inf,1109.2001622791083,inf
58,98,inf,inf,inf,289.1522090526026,inf
58,99,inf,inf,inf,355.557309023454,inf
58,100,inf,inf,inf,250.49151682242655,inf
58,101,inf,inf,inf,1074.8567346395519,inf
58,102,inf,inf,inf,188.98677202386415,inf
58,103,inf,inf,inf,1290.864051711101,inf
58,104,inf,inf,inf,892.5614824761374,inf
58,105,inf,inf,inf,532.0770620878145,inf
58,106,inf,inf,inf,1287.7864729837784,inf
58,107,inf,inf,inf,539.2782213292134,inf
58,108,inf,inf,inf,421.6266120633279,inf
58,109,inf,inf,inf,1272.1418946013844,inf
58,110,inf,inf,inf,542.97329584428,inf
58,111,inf,inf,inf,391.41410296513334,inf
58,112,inf,inf,inf,1192.0960531769242,inf
58,113,inf,inf,inf,486.70730423941654,inf
58,114,inf,inf,inf,1338.8894651912083,inf
58,115,inf,inf,inf,1051.306330238718,inf
58,116,inf,inf,inf,635.3621014822965,inf
58,117,inf,inf,inf,1100.7352088490675,inf
58,118,inf,inf,inf,202.03960007879644,inf
58,119,inf,inf,inf,1102.7189125067187,inf
58,120,inf,inf,inf,186.33571852975479,inf
58,121,inf,inf,inf,1280.678726301019,inf
58,122,inf,inf,inf,779.0462117230273,inf
58,123,inf,inf,inf,729.0548676197149,inf
58,124,inf,inf,inf,313.12936623702353,inf
58,125,inf,inf,inf,780.3294176179699,inf
58,126,inf,inf,inf,979.5059979397778,inf
58,127,inf,inf,inf,201.2486024796197,inf
58,128,inf,inf,inf,280.06427833624196,inf
58,129,inf,inf,inf,439.3688655332783,inf
58,130,inf,inf,inf,625.0959926283323,inf
58,131,inf,inf,inf,1195.5237346033746,inf
58,132,inf,inf,inf,1156.254729720056,inf
58,133,inf,inf,inf,541.1922024567612,inf
58,134,inf,inf,inf,306.8110167513546,inf
58,135,inf,inf,inf,1198.112265190537,inf
58,136,inf,inf,inf,189.2326610286924,inf
58,137,inf,inf,inf,662.9426822885972,inf
58,138,inf,inf,inf,339.5585369269929,inf
58,139,inf,inf,inf,989.3856679778619,inf
58,140,inf,inf,inf,1348.2974449282324,inf
58,141,inf,inf,inf,589.1010100144117,inf
58,142,inf,inf,inf,57.21887800367987,inf
58,143,inf,inf,inf,513.6263233129704,inf
58,144,inf,inf,inf,937.4433316206372,inf
58,145,inf,inf,inf,753.9423054849755,inf
58,146,inf,inf,inf,514.2810515661646,inf
58,147,inf,inf,inf,558.337711425621,inf
58,148,inf,inf,inf,851.3759451617129,inf
58,149,inf,inf,inf,117.00427342623003,inf
58,150,inf,inf,inf,643.2612222106973,inf
58,151,inf,inf,inf,1112.8670181113284,inf
58,152,inf,inf,inf,604.7048867009428,inf
58,153,inf,inf,inf,258.26536740337446,inf
58,154,inf,inf,inf,193.14502323383846,inf
58,155,inf,inf,inf,597.126452269534,inf
58,156,inf,inf,inf,686.528950591306,inf
58,157,inf,inf,inf,628.4783210262706,inf
58,158,inf,inf,inf,649.1625374280312,inf
58,159,inf,inf,inf,375.6660751252367,inf
58,160,inf,inf,inf,584.8529729769697,inf
58,161,inf,inf,inf,139.98928530426892,inf
59,60,inf,inf,inf,126.92123541787639,inf
59,61,inf,inf,inf,286.08565151017274,inf
59,62,inf,inf,inf,514.4171459039833,inf
59,63,inf,inf,inf,695.8484030304302,inf
59,64,inf,inf,inf,792.9016332433677,inf
59,65,inf,inf,inf,611.3362413598592,inf
59,66,inf,inf,inf,901.7327763811184,inf
59,67,inf,inf,inf,1073.6428642709827,inf
59,68,inf,inf,inf,322.1319605379137,inf
59,69,inf,inf,inf,463.75101078056963,inf
59,70,inf,inf,inf,439.6453115865106,inf
59,71,inf,inf,inf,257.87012234844116,inf
59,72,inf,inf,inf,942.3682931847824,inf
59,73,inf,inf,inf,1299.9484605168007,inf
59,74,inf,inf,inf,780.1416538039742,inf
59,75,inf,inf,inf,609.9581952888246,inf
59,76,inf,inf,inf,512.4451190127583,inf
59,77,inf,inf,inf,129.28263611173776,inf
59,78,inf,inf,inf,833.2070570992543,inf
59,79,inf,inf,inf,525.449331524934,inf
59,80,inf,inf,inf,800.0512483585036,inf
59,81,inf,inf,inf,1009.3805030809739,inf
59,82,inf,inf,inf,969.7035629510701,inf
59,83,inf,inf,inf,763.9875653438346,inf
59,84,inf,inf,inf,816.4441193370187,inf
59,85,inf,inf,inf,1053.7309903386158,inf
59,86,inf,inf,inf,649.3265742290239,inf
59,87,inf,inf,inf,608.8949006191463,inf
59,88,inf,inf,inf,607.9095327431542,inf
59,89,inf,inf,inf,452.48204384262584,inf
59,90,inf,inf,inf,655.0801477681948,inf
59,91,inf,inf,inf,853.2877591996735,inf
59,92,inf,inf,inf,209.4755355644186,inf
59,93,inf,inf,inf,623.5294700332936,inf
59,94,inf,inf,inf,625.8090763164114,inf
59,95,inf,inf,inf,728.7475557420415,inf
59,96,inf,inf,inf,649.7545690489602,inf
59,97,inf,inf,inf,1133.9435612057596,inf
59,98,inf,inf,inf,891.9697304281127,inf
59,99,inf,inf,inf,1374.2845411340404,inf
59,100,inf,inf,inf,952.2567930973241,inf
59,101,inf,inf,inf,421.0106887004177,inf
59,102,inf,inf,inf,976.250480153531,inf
59,103,inf,inf,inf,555.2089696681782,inf
59,104,inf,inf,inf,308.8122406900348,inf
59,105,inf,inf,inf,709.7640452995629,inf
59,106,inf,inf,inf,131.18307817702708,inf
59,107,inf,inf,inf,683.2627605833644,inf
59,108,inf,inf,inf,782.811599300879,inf
59,109,inf,inf,inf,892.8213707119695,inf
59,110,inf,inf,inf,1384.7299375690554,inf
59,111,inf,inf,inf,801.4649087764229,inf
59,112,inf,inf,inf,231.93102422918759,inf
59,113,inf,inf,inf,707.1386002757876,inf
59,114,inf,inf,inf,325.25989608311687,inf
59,115,inf,inf,inf,1188.0420867965915,inf
59,116,inf,inf,inf,598.3744646958123,inf
59,117,inf,inf,inf,99.08077512817509,inf
59,118,inf,inf,inf,1230.7075200875308,inf
59,119,inf,inf,inf,353.82764165621654,inf
59,120,inf,inf,inf,999.9849998874984,inf
59,121,inf,inf,inf,827.8774063833364,inf
59,122,inf,inf,inf,1159.2307794395385,inf
59,123,inf,inf,inf,1352.1457022081606,inf
59,124,inf,inf,inf,903.055369288063,inf
59,125,inf,inf,inf,1219.7643214982147,inf
59,126,inf,inf,inf,557.5957316909805,inf
59,127,inf,inf,inf,1061.0080112798396,inf
59,128,inf,inf,inf,986.4344884481685,inf
59,129,inf,inf,inf,934.3928510000492,inf
59,130,inf,inf,inf,795.7298536563775,inf
59,131,inf,inf,inf,182.42806801586207,inf
59,132,inf,inf,inf,1085.6233232571967,inf
59,133,inf,inf,inf,634.3815886357359,inf
59,134,inf,inf,inf,1239.8878981585392,inf
59,135,inf,inf,inf,73.38937252763509,inf
59,136,inf,inf,inf,1338.5641561016043,inf
59,137,inf,inf,inf,1366.9367212859563,inf
59,138,inf,inf,inf,1235.0,inf
59,139,inf,inf,inf,188.16216410320115,inf
59,140,inf,inf,inf,470.9405482648526,inf
59,141,inf,inf,inf,593.0303533546997,inf
59,142,inf,inf,inf,1202.168457413519,inf
59,143,inf,inf,inf,711.3543420827626,inf
59,144,inf,inf,inf,1210.00041322307,inf
59,145,inf,inf,inf,545.5364332471297,inf
59,146,inf,inf,inf,649.2780606180992,inf
59,147,inf,inf,inf,624.0416652756448,inf
59,148,inf,inf,inf,394.6770831958704,inf
59,149,inf,inf,inf,1085.4441487243828,inf
59,150,inf,inf,inf,545.2705750359173,inf
59,151,inf,inf,inf,315.67388235329196,inf
59,152,inf,inf,inf,1356.2083173318176,inf
59,153,inf,inf,inf,1126.4102272262978,inf
59,154,inf,inf,inf,1181.003810324082,inf
59,155,inf,inf,inf,566.467121729055,inf
59,156,inf,inf,inf,1072.5786684434854,inf
59,157,inf,inf,inf,602.5080912319768,inf
59,158,inf,inf,inf,794.4664876506749,inf
59,159,inf,inf,inf,1110.993249304423,inf
59,160,inf,inf,inf,1376.3851205240487,inf
59,161,inf,inf,inf,1031.101352923174,inf
60,61,inf,inf,inf,276.09056485146317,inf
60,62,inf,inf,inf,460.35203920478074,inf
60,63,inf,inf,inf,789.1590460737303,inf
60,64,inf,inf,inf,829.6047251552994,inf
60,65,inf,inf,inf,707.1386002757876,inf
60,66,inf,inf,inf,896.5740348682868,inf
60,67,inf,inf,inf,1200.5615352825528,inf
60,68,inf,inf,inf,442.00452486371677,inf
60,69,inf,inf,inf,475.34829335972165,inf
60,70,inf,inf,inf,543.1620384378864,inf
60,71,inf,inf,inf,169.29264603047588,inf
60,72,inf,inf,inf,975.309694404808,inf
60,73,inf,inf,inf,1360.495865484346,inf
60,74,inf,inf,inf,855.3736025854433,inf
60,75,inf,inf,inf,600.2566117919902,inf
60,76,inf,inf,inf,632.1779812679338,inf
60,77,inf,inf,inf,166.1114083980989,inf
60,78,inf,inf,inf,890.5913765582957,inf
60,79,inf,inf,inf,584.3030035863242,inf
60,80,inf,inf,inf,924.1304020537361,inf
60,81,inf,inf,inf,1113.4855185407666,inf
60,82,inf,inf,inf,1013.9240602727602,inf
60,83,inf,inf,inf,876.1107235960533,inf
60,84,inf,inf,inf,808.0222769206305,inf
60,85,inf,inf,inf,1170.6622057621917,inf
60,86,inf,inf,inf,743.7701257781197,inf
60,87,inf,inf,inf,656.4937166492913,inf
60,88,inf,inf,inf,730.7071916985626,inf
60,89,inf,inf,inf,559.682945961372,inf
60,90,inf,inf,inf,770.101941303877,inf
60,91,inf,inf,inf,917.8981424973034,inf
60,92,inf,inf,inf,289.2766841624122,inf
60,93,inf,inf,inf,582.8790612125298,inf
60,94,inf,inf,inf,697.0222378088091,inf
60,95,inf,inf,inf,738.1192315608638,inf
60,96,inf,inf,inf,680.2940540677979,inf
60,97,inf,inf,inf,1260.478083903088,inf
60,98,inf,inf,inf,946.818356391552,inf
60,99,inf,inf,inf,1460.01541087757,inf
60,100,inf,inf,inf,1003.2517131806952,inf
60,101,inf,inf,inf,547.5591292271548,inf
60,102,inf,inf,inf,1038.5701709562045,inf
60,103,inf,inf,inf,670.1417760444427,inf
60,104,inf,inf,inf,416.55971960812536,inf
60,105,inf,inf,inf,742.359751064132,inf
60,106,inf,inf,inf,169.66437457521835,inf
60,107,inf,inf,inf,775.9310536381438,inf
60,108,inf,inf,inf,867.4566271578078,inf
60,109,inf,inf,inf,1017.01573242502,inf
60,110,inf,inf,inf,1484.3247623077639,inf
60,111,inf,inf,inf,882.7032343885458,inf
60,112,inf,inf,inf,348.4207226902556,inf
60,113,inf,inf,inf,792.0227269466451,inf
60,114,inf,inf,inf,413.3098111586513,inf
60,115,inf,inf,inf,1313.44318491513,inf
60,116,inf,inf,inf,697.3700595809946,inf
60,117,inf,inf,inf,224.4147945212169,inf
60,118,inf,inf,inf,1276.528103881775,inf
60,119,inf,inf,inf,281.3058833369825,inf
60,120,inf,inf,inf,1055.7163444789514,inf
60,121,inf,inf,inf,950.7312974757905,inf
60,122,inf,inf,inf,1276.833975111878,inf
60,123,inf,inf,inf,1463.6150450169607,inf
60,124,inf,inf,inf,949.6578331167494,inf
60,125,inf,inf,inf,1336.4587535722903,inf
60,126,inf,inf,inf,684.0643244607922,inf
60,127,inf,inf,inf,1108.092505163716,inf
60,128,inf,inf,inf,1028.5621031323292,inf
60,129,inf,inf,inf,957.8627250290095,inf
60,130,inf,inf,inf,905.883546599672,inf
60,131,inf,inf,inf,80.0812087820857,inf
60,132,inf,inf,inf,1212.5365973858275,inf
60,133,inf,inf,inf,715.0,inf
60,134,inf,inf,inf,1327.8241600452975,inf
60,135,inf,inf,inf,180.06943105369106,inf
60,136,inf,inf,inf,1407.906602015915,inf
60,137,inf,inf,inf,1474.4832993289547,inf
60,138,inf,inf,inf,1325.5413988254006,inf
60,139,inf,inf,inf,239.70815588961506,inf
60,140,inf,inf,inf,573.6009065543743,inf
60,141,inf,inf,inf,678.126831794761,inf
60,142,inf,inf,inf,1262.0562586509368,inf
60,143,inf,inf,inf,748.4838007599095,inf
60,144,inf,inf,inf,1332.4863976791657,inf
60,145,inf,inf,inf,657.5994221408653,inf
60,146,inf,inf,inf,717.2147516608954,inf
60,147,inf,inf,inf,673.9354568502832,inf
60,148,inf,inf,inf,507.57561013114093,inf
60,149,inf,inf,inf,1141.2703448350876,inf
60,150,inf,inf,inf,634.8740032478886,inf
60,151,inf,inf,inf,242.25812679866902,inf
60,152,inf,inf,inf,1460.7244777849107,inf
60,153,inf,inf,inf,1165.2008410570256,inf
60,154,inf,inf,inf,1261.428158873901,inf
60,155,inf,inf,inf,636.1131974735314,inf
60,156,inf,inf,inf,1187.0914033889724,inf
60,157,inf,inf,inf,632.9684036348102,inf
60,158,inf,inf,inf,794.2417767909216,inf
60,159,inf,inf,inf,1137.209303514529,inf
60,160,inf,inf,inf,1479.0013522644258,inf
60,161,inf,inf,inf,1099.9513625610907,inf
61,62,inf,inf,inf,247.72969139770066,inf
61,63,inf,inf,inf,612.2499489587566,inf
61,64,inf,inf,inf,563.1571716670222,inf
61,65,inf,inf,inf,543.0589286624427,inf
61,66,inf,inf,inf,623.3562384383428,inf
61,67,inf,inf,inf,1192.5980043585516,inf
61,68,inf,inf,inf,411.0109487592758,inf
61,69,inf,inf,inf,201.12185361118767,inf
61,70,inf,inf,inf,423.01891210677564,inf
61,71,inf,inf,inf,179.49373248110922,inf
61,72,inf,inf,inf,705.124811646846,inf
61,73,inf,inf,inf,1109.9211683718804,inf
61,74,inf,inf,inf,635.6807374775485,inf
61,75,inf,inf,inf,327.9176725948146,inf
61,76,inf,inf,inf,568.317692844416,inf
61,77,inf,inf,inf,405.84849389889325,inf
61,78,inf,inf,inf,642.919123996168,inf
61,79,inf,inf,inf,352.82290175100593,inf
61,80,inf,inf,inf,869.8074499565981,inf
61,81,inf,inf,inf,952.8777466181064,inf
61,82,inf,inf,inf,750.959386385176,inf
61,83,inf,inf,inf,754.6548880117322,inf
61,84,inf,inf,inf,535.9272338666883,inf
61,85,inf,inf,inf,1058.77098562437,inf
61,86,inf,inf,inf,573.0095985234453,inf
61,87,inf,inf,inf,404.6652937922895,inf
61,88,inf,inf,inf,802.1003677844813,inf
61,89,inf,inf,inf,449.60538253005825,inf
61,90,inf,inf,inf,880.0460215238746,inf
61,91,inf,inf,inf,679.0913046122738,inf
61,92,inf,inf,inf,494.0536408124122,inf
61,93,inf,inf,inf,341.2477106150311,inf
61,94,inf,inf,inf,478.1401468189008,inf
61,95,inf,inf,inf,462.0497808678195,inf
61,96,inf,inf,inf,412.01213574359673,inf
61,97,inf,inf,inf,1228.9121205358827,inf
61,98,inf,inf,inf,695.0,inf
61,99,inf,inf,inf,1246.41766675541,inf
61,100,inf,inf,inf,746.4743800024218,inf
61,101,inf,inf,inf,592.4263667326093,inf
61,102,inf,inf,inf,794.0642291401874,inf
61,103,inf,inf,inf,784.4514006616344,inf
61,104,inf,inf,inf,340.61708706405204,inf
61,105,inf,inf,inf,474.3711626985772,inf
61,106,inf,inf,inf,408.5976015592847,inf
61,107,inf,inf,inf,598.2215308729702,inf
61,108,inf,inf,inf,665.805527162399,inf
61,109,inf,inf,inf,1065.5163067733877,inf
61,110,inf,inf,inf,1302.3647722508467,inf
61,111,inf,inf,inf,673.3297854692008,inf
61,112,inf,inf,inf,481.39484833138795,inf
61,113,inf,inf,inf,594.718420767341,inf
61,114,inf,inf,inf,603.0596985373836,inf
61,115,inf,inf,inf,1260.4542831852332,inf
61,116,inf,inf,inf,543.3681992903155,inf
61,117,inf,inf,inf,308.76528302255747,inf
61,118,inf,inf,inf,1012.7437978087054,inf
61,119,inf,inf,inf,160.29036153181514,inf
61,120,inf,inf,inf,803.1220330684497,inf
61,121,inf,inf,inf,1012.5927118047018,inf
61,122,inf,inf,inf,1165.4394021140695,inf
61,123,inf,inf,inf,1320.5184587880626,inf
61,124,inf,inf,inf,689.4896663475096,inf
61,125,inf,inf,inf,1218.9733385107322,inf
61,126,inf,inf,inf,677.7506916263532,inf
61,127,inf,inf,inf,846.5630514025521,inf
61,128,inf,inf,inf,763.8337515454525,inf
61,129,inf,inf,inf,683.7579981250676,inf
61,130,inf,inf,inf,774.9019292787959,inf
61,131,inf,inf,inf,221.46105752479374,inf
61,132,inf,inf,inf,1199.685375421406,inf
61,133,inf,inf,inf,513.3663409301392,inf
61,134,inf,inf,inf,1120.6074245693717,inf
61,135,inf,inf,inf,356.4393356519451,inf
61,136,inf,inf,inf,1167.8600087339235,inf
61,137,inf,inf,inf,1316.851168507664,inf
61,138,inf,inf,inf,1123.9759783909974,inf
61,139,inf,inf,inf,139.0323703315167,inf
61,140,inf,inf,inf,729.0459519124978,inf
61,141,inf,inf,inf,489.33628518637363,inf
61,142,inf,inf,inf,1011.6382752743195,inf
61,143,inf,inf,inf,483.663105890867,inf
61,144,inf,inf,inf,1250.3831412811035,inf
61,145,inf,inf,inf,553.3362449722591,inf
61,146,inf,inf,inf,491.350180624776,inf
61,147,inf,inf,inf,424.08607616850617,inf
61,148,inf,inf,inf,428.99067588934844,inf
61,149,inf,inf,inf,887.6936408468858,inf
61,150,inf,inf,inf,461.27757370156206,inf
61,151,inf,inf,inf,148.4082207965583,inf
61,152,inf,inf,inf,1293.4457854892876,inf
61,153,inf,inf,inf,897.2251668338333,inf
61,154,inf,inf,inf,1040.7329148249323,inf
61,155,inf,inf,inf,418.8579711549011,inf
61,156,inf,inf,inf,1063.166967131692,inf
61,157,inf,inf,inf,365.65694304908254,inf
61,158,inf,inf,inf,519.2475324929335,inf
61,159,inf,inf,inf,863.4309468625734,inf
61,160,inf,inf,inf,1305.6680282522047,inf
61,161,inf,inf,inf,863.2873218112264,inf
62,63,inf,inf,inf,756.2274790035073,inf
62,64,inf,inf,inf,555.9928057088508,inf
62,65,inf,inf,inf,705.2496012051336,inf
62,66,inf,inf,inf,489.8132297110808,inf
62,67,inf,inf,inf,1416.228795075146,inf
62,68,inf,inf,inf,649.1255656650723,inf
62,69,inf,inf,inf,251.87298386289865,inf
62,70,inf,inf,inf,627.8956919743915,inf
62,71,inf,inf,inf,296.97137909232936,inf
62,72,inf,inf,inf,667.3027798533436,inf
62,73,inf,inf,inf,1114.908516426348,inf
62,74,inf,inf,inf,726.2754298473824,inf
62,75,inf,inf,inf,229.22478051031044,inf
62,76,inf,inf,inf,787.7340921910134,inf
62,77,inf,inf,inf,617.8745827431325,inf
62,78,inf,inf,inf,682.1502766986172,inf
62,79,inf,inf,inf,467.72000171042504,inf
62,80,inf,inf,inf,1081.2108952466212,inf
62,81,inf,inf,inf,1091.3816930845046,inf
62,82,inf,inf,inf,739.3578294709538,inf
62,83,inf,inf,inf,933.6176947766146,inf
62,84,inf,inf,inf,401.36766187624033,inf
62,85,inf,inf,inf,1232.2800006492032,inf
62,86,inf,inf,inf,726.3952092353032,inf
62,87,inf,inf,inf,468.34602592527676,inf
62,88,inf,inf,inf,1047.9260470090435,inf
62,89,inf,inf,inf,657.0121764472863,inf
62,90,inf,inf,inf,1127.7521890912028,inf
62,91,inf,inf,inf,733.4337052522197,inf
62,92,inf,inf,inf,723.2461545006652,inf
62,93,inf,inf,inf,131.84839779079607,inf
62,94,inf,inf,inf,588.66968666647,inf
62,95,inf,inf,inf,391.77544588705405,inf
62,96,inf,inf,inf,421.08906421326117,inf
62,97,inf,inf,inf,1442.7726778671683,inf
62,98,inf,inf,inf,719.7117478546533,inf
62,99,inf,inf,inf,1313.397502662465,inf
62,100,inf,inf,inf,754.1472004854224,inf
62,101,inf,inf,inf,837.4992537310108,inf
62,102,inf,inf,inf,828.009661779378,inf
62,103,inf,inf,inf,1032.1443697467907,inf
62,104,inf,inf,inf,572.2674200057172,inf
62,105,inf,inf,inf,473.12788968734446,inf
62,106,inf,inf,inf,621.1231761897152,inf
62,107,inf,inf,inf,742.6930725407367,inf
62,108,inf,inf,inf,778.0289197709812,inf
62,109,inf,inf,inf,1306.0264162718915,inf
62,110,inf,inf,inf,1407.5482229749714,inf
62,111,inf,inf,inf,775.0232254584374,inf
62,112,inf,inf,inf,725.7389337771538,inf
62,113,inf,inf,inf,718.6932586298552,inf
62,114,inf,inf,inf,839.0524417460449,inf
62,115,inf,inf,inf,1463.9293015716298,inf
62,116,inf,inf,inf,713.7345444911574,inf
62,117,inf,inf,inf,553.2829294312269,inf
62,118,inf,inf,inf,984.5283134577695,inf
62,119,inf,inf,inf,183.7090090333079,inf
62,120,inf,inf,inf,817.8905794786978,inf
62,121,inf,inf,inf,1255.8128841511382,inf
62,122,inf,inf,inf,1336.3760698246583,inf
62,123,inf,inf,inf,1463.1449005481309,inf
62,124,inf,inf,inf,691.7181506943417,inf
62,125,inf,inf,inf,1384.257923943367,inf
62,126,inf,inf,inf,911.5634920289425,inf
62,127,inf,inf,inf,833.6264151285035,inf
62,128,inf,inf,inf,745.1228086698192,inf
62,129,inf,inf,inf,622.0651091324766,inf
62,130,inf,inf,inf,946.1506222584225,inf
62,131,inf,inf,inf,383.020887158912,inf
62,132,inf,inf,inf,1421.4404665690365,inf
62,133,inf,inf,inf,641.3774239868441,inf
62,134,inf,inf,inf,1200.5319654219957,inf
62,135,inf,inf,inf,587.6401960383581,inf
62,136,inf,inf,inf,1193.3520017161743,inf
62,137,inf,inf,inf,1446.4995679225071,inf
62,138,inf,inf,inf,1211.2142667587761,inf
62,139,inf,inf,inf,386.62643468857635,inf
62,140,inf,inf,inf,973.4320726172937,inf
62,141,inf,inf,inf,634.5549621585194,inf
62,142,inf,inf,inf,1020.7810734922548,inf
62,143,inf,inf,inf,493.9635614091388,inf
62,144,inf,inf,inf,1438.233638877912,inf
62,145,inf,inf,inf,755.1191958889669,inf
62,146,inf,inf,inf,589.5735747131141,inf
62,147,inf,inf,inf,488.5417075337581,inf
62,148,inf,inf,inf,652.0007668707146,inf
62,149,inf,inf,inf,895.005027918838,inf
62,150,inf,inf,inf,624.5678505975152,inf
62,151,inf,inf,inf,220.51077071199947,inf
62,152,inf,inf,inf,1414.3182103048805,inf
62,153,inf,inf,inf,858.1287782145521,inf
62,154,inf,inf,inf,1104.3301136888372,inf
62,155,inf,inf,inf,541.2023651093923,inf
62,156,inf,inf,inf,1227.9780128324774,inf
62,157,inf,inf,inf,389.8987047939503,inf
62,158,inf,inf,inf,410.20970246935894,inf
62,159,inf,inf,inf,793.8645980266408,inf
62,160,inf,inf,inf,1420.042604994653,inf
62,161,inf,inf,inf,908.5400376428107,inf
63,64,inf,inf,inf,413.85987966943594,inf
63,65,inf,inf,inf,85.9127464349732,inf
63,66,inf,inf,inf,703.56307464221,inf
63,67,inf,inf,inf,779.928201823732,inf
63,68,inf,inf,inf,420.55677381300137,inf
63,69,inf,inf,inf,504.42045953747754,inf
63,70,inf,inf,inf,263.13684652666944,inf
63,71,inf,inf,inf,780.5485250770768,inf
63,72,inf,inf,inf,516.4348942509598,inf
63,73,inf,inf,inf,672.1733407388306,inf
63,74,inf,inf,inf,166.76930173146374,inf
63,75,inf,inf,inf,600.2732711024205,inf
63,76,inf,inf,inf,312.8338217009152,inf
63,77,inf,inf,inf,805.484326352785,inf
63,78,inf,inf,inf,307.7872641939559,inf
63,79,inf,inf,inf,288.87713651308576,inf
63,80,inf,inf,inf,436.93134472134176,inf
63,81,inf,inf,inf,341.1773732239581,inf
63,82,inf,inf,inf,471.00955404322747,inf
63,83,inf,inf,inf,214.21951358361358,inf
63,84,inf,inf,inf,673.5458410531536,inf
63,85,inf,inf,inf,483.8202145425509,inf
63,86,inf,inf,inf,47.01063709417264,inf
63,87,inf,inf,inf,319.3305497443049,inf
63,88,inf,inf,inf,677.608293927989,inf
63,89,inf,inf,inf,261.0842775810141,inf
63,90,inf,inf,inf,807.7307719778912,inf
63,91,inf,inf,inf,275.72631357924473,inf
63,92,inf,inf,inf,791.2780800704643,inf
63,93,inf,inf,inf,742.0835532472067,inf
63,94,inf,inf,inf,180.0999722376436,inf
63,95,inf,inf,inf,541.6788716573686,inf
63,96,inf,inf,inf,410.8381676524225,inf
63,97,inf,inf,inf,765.5984587236314,inf
63,98,inf,inf,inf,357.94552658190884,inf
63,99,inf,inf,inf,680.8002643947783,inf
63,100,inf,inf,inf,420.8111215260357,inf
63,101,inf,inf,inf,541.923426325159,inf
63,102,inf,inf,inf,377.878287283088,inf
63,103,inf,inf,inf,760.0592082199912,inf
63,104,inf,inf,inf,393.0012722625717,inf
63,105,inf,inf,inf,410.1243713801949,inf
63,106,inf,inf,inf,805.5966732801222,inf
63,107,inf,inf,inf,14.035668847618199,inf
63,108,inf,inf,inf,111.6288493177279,inf
63,109,inf,inf,inf,798.7771904605188,inf
63,110,inf,inf,inf,697.0222378088091,inf
63,111,inf,inf,inf,143.83671297690307,inf
63,112,inf,inf,inf,674.5465143338894,inf
63,113,inf,inf,inf,69.85699678629192,inf
63,114,inf,inf,inf,816.6008817041529,inf
63,115,inf,inf,inf,755.812807512548,inf
63,116,inf,inf,inf,106.04244433244644,inf
63,117,inf,inf,inf,614.5063059074333,inf
63,118,inf,inf,inf,672.6009217953838,inf
63,119,inf,inf,inf,767.8443852760793,inf
63,120,inf,inf,inf,430.7261310856354,inf
63,121,inf,inf,inf,789.7455286356486,inf
63,122,inf,inf,inf,584.3911361408556,inf
63,123,inf,inf,inf,711.4752279594842,inf
63,124,inf,inf,inf,413.0399496416781,inf
63,125,inf,inf,inf,629.2487584413656,inf
63,126,inf,inf,inf,455.2142352782918,inf
63,127,inf,inf,inf,524.0009541976045,inf
63,128,inf,inf,inf,494.5139027368189,inf
63,129,inf,inf,inf,565.0353971212777,inf
63,130,inf,inf,inf,208.4922060893404,inf
63,131,inf,inf,inf,782.7419753660845,inf
63,132,inf,inf,inf,776.2222619842851,inf
63,133,inf,inf,inf,118.59595271340417,inf
63,134,inf,inf,inf,545.1174185439316,inf
63,135,inf,inf,inf,712.4977192945954,inf
63,136,inf,inf,inf,678.9558159409197,inf
63,137,inf,inf,inf,704.6453008429135,inf
63,138,inf,inf,inf,539.1919880710395,inf
63,139,inf,inf,inf,556.5608681896348,inf
63,140,inf,inf,inf,815.6972477580147,inf
63,141,inf,inf,inf,124.01612798341996,inf
63,142,inf,inf,inf,584.4878099669829,inf
63,143,inf,inf,inf,384.7596652457219,inf
63,144,inf,inf,inf,701.5440114490324,inf
63,145,inf,inf,inf,221.10857061633772,inf
63,146,inf,inf,inf,194.4453650771856,inf
63,147,inf,inf,inf,305.0852339920764,inf
63,148,inf,inf,inf,330.69169932128625,inf
63,149,inf,inf,inf,499.93799615552325,inf
63,150,inf,inf,inf,155.283611498445,inf
63,151,inf,inf,inf,760.6083091841688,inf
63,152,inf,inf,inf,681.9384136415839,inf
63,153,inf,inf,inf,619.5458013738775,inf
63,154,inf,inf,inf,497.31780583445834,inf
63,155,inf,inf,inf,215.93517545782115,inf
63,156,inf,inf,inf,473.73621351971815,inf
63,157,inf,inf,inf,408.8239229790742,inf
63,158,inf,inf,inf,619.5288532425266,inf
63,159,inf,inf,inf,674.0689875672964,inf
63,160,inf,inf,inf,695.9403710088961,inf
63,161,inf,inf,inf,393.3764100705582,inf
64,65,inf,inf,inf,432.8660300832118,inf
64,66,inf,inf,inf,297.30960293942746,inf
64,67,inf,inf,inf,1193.7771986430298,inf
64,68,inf,inf,inf,662.5435834720611,inf
64,69,inf,inf,inf,365.2615501253862,inf
64,70,inf,inf,inf,519.5546169557152,inf
64,71,inf,inf,inf,736.0489114182562,inf
64,72,inf,inf,inf,150.41608956491322,inf
64,73,inf,inf,inf,561.1354560175288,inf
64,74,inf,inf,inf,276.3837911311009,inf
64,75,inf,inf,inf,330.4905444940899,inf
64,76,inf,inf,inf,660.3279488254302,inf
64,77,inf,inf,inf,922.0005422991898,inf
64,78,inf,inf,inf,155.2707313050338,inf
64,79,inf,inf,inf,286.7228627089232,inf
64,80,inf,inf,inf,849.6381582768043,inf
64,81,inf,inf,inf,657.8708079858841,inf
64,82,inf,inf,inf,189.44656238633627,inf
64,83,inf,inf,inf,626.8093809125705,inf
64,84,inf,inf,inf,290.46170143411337,inf
64,85,inf,inf,inf,861.0656188700139,inf
64,86,inf,inf,inf,420.8301320010249,inf
64,87,inf,inf,inf,190.67249408344142,inf
64,88,inf,inf,inf,1029.1593656961006,inf
64,89,inf,inf,inf,540.9593330371517,inf
64,90,inf,inf,inf,1150.268229588212,inf
64,91,inf,inf,inf,216.6679487141557,inf
64,92,inf,inf,inf,964.888076410938,inf
64,93,inf,inf,inf,474.78837390989264,inf
64,94,inf,inf,inf,266.8107943843352,inf
64,95,inf,inf,inf,186.09674903124989,inf
64,96,inf,inf,inf,151.32745950421557,inf
64,97,inf,inf,inf,1176.144974057195,inf
64,98,inf,inf,inf,171.10523077919038,inf
64,99,inf,inf,inf,771.3371506675923,inf
64,100,inf,inf,inf,198.15650380444242,inf
64,101,inf,inf,inf,848.1326547185882,inf
64,102,inf,inf,inf,279.2131802046601,inf
64,103,inf,inf,inf,1081.2446531659705,inf
64,104,inf,inf,inf,590.0593190519069,inf
64,105,inf,inf,inf,89.27485648266257,inf
64,106,inf,inf,inf,923.7153241123588,inf
64,107,inf,inf,inf,407.3094646580165,inf
64,108,inf,inf,inf,354.4643846707311,inf
64,109,inf,inf,inf,1196.6206583541837,inf
64,110,inf,inf,inf,898.3540504723069,inf
64,111,inf,inf,inf,330.62516540638586,inf
64,112,inf,inf,inf,887.1961451674596,inf
64,113,inf,inf,inf,345.0681092190352,inf
64,114,inf,inf,inf,1036.450191760318,inf
64,115,inf,inf,inf,1157.768975227787,inf
64,116,inf,inf,inf,459.04792778096714,inf
64,117,inf,inf,inf,754.4812787604475,inf
64,118,inf,inf,inf,449.7199128346442,inf
64,119,inf,inf,inf,665.0601476558342,inf
64,120,inf,inf,inf,262.15453457836657,inf
64,121,inf,inf,inf,1177.323235139781,inf
64,122,inf,inf,inf,948.4645486258303,inf
64,123,inf,inf,inf,1007.0258189341522,inf
64,124,inf,inf,inf,135.77186748365804,inf
64,125,inf,inf,inf,979.1230770439435,inf
64,126,inf,inf,inf,817.8630692236935,inf
64,127,inf,inf,inf,285.6588874864565,inf
64,128,inf,inf,inf,200.83824337013107,inf
64,129,inf,inf,inf,164.68454693747074,inf
64,130,inf,inf,inf,615.0227638063488,inf
64,131,inf,inf,inf,784.0338002917987,inf
64,132,inf,inf,inf,1189.8810864956213,inf
64,133,inf,inf,inf,320.71326757713035,inf
64,134,inf,inf,inf,671.9650288519485,inf
64,135,inf,inf,inf,843.4245668700906,inf
64,136,inf,inf,inf,637.436271324436,inf
64,137,inf,inf,inf,969.4560330412102,inf
64,138,inf,inf,inf,689.5621799373861,inf
64,139,inf,inf,inf,605.7986464164475,inf
64,140,inf,inf,inf,1095.2670907134934,inf
64,141,inf,inf,inf,360.1610750761387,inf
64,142,inf,inf,inf,465.5856526999087,inf
64,143,inf,inf,inf,81.6333265278342,inf
64,144,inf,inf,inf,1086.0147328650748,inf
64,145,inf,inf,inf,575.6187974692974,inf
64,146,inf,inf,inf,238.79907872519107,inf
64,147,inf,inf,inf,181.49655644116226,inf
64,148,inf,inf,inf,594.0075757092666,inf
64,149,inf,inf,inf,339.52024976428135,inf
64,150,inf,inf,inf,402.2449502479801,inf
64,151,inf,inf,inf,679.8330677453106,inf
64,152,inf,inf,inf,925.5484860340921,inf
64,153,inf,inf,inf,335.6262802582658,inf
64,154,inf,inf,inf,565.173424711389,inf
64,155,inf,inf,inf,290.4410439314664,inf
64,156,inf,inf,inf,835.8672143349086,inf
64,157,inf,inf,inf,197.56770991232347,inf
64,158,inf,inf,inf,236.6600938054407,inf
64,159,inf,inf,inf,323.9027631867317,inf
64,160,inf,inf,inf,922.0005422991898,inf
64,161,inf,inf,inf,363.5505466919284,inf
65,66,inf,inf,inf,708.6959855960805,inf
65,67,inf,inf,inf,774.8838622658237,inf
65,68,inf,inf,inf,335.7156534926544,inf
65,69,inf,inf,inf,455.8870474141594,inf
65,70,inf,inf,inf,177.23430819116257,inf
65,71,inf,inf,inf,706.4170156501045,inf
65,72,inf,inf,inf,552.6825490279207,inf
65,73,inf,inf,inf,749.9773329908045,inf
65,74,inf,inf,inf,226.58552469211267,inf
65,75,inf,inf,inf,569.6885113814391,inf
65,76,inf,inf,inf,245.381335883559,inf
65,77,inf,inf,inf,719.8624868681518,inf
65,78,inf,inf,inf,353.17134651610684,inf
65,79,inf,inf,inf,247.2023462671825,inf
65,80,inf,inf,inf,425.90374499410075,inf
65,81,inf,inf,inf,412.3166259078089,inf
65,82,inf,inf,inf,520.0778787835529,inf
65,83,inf,inf,inf,231.70886905770354,inf
65,84,inf,inf,inf,668.3569405639474,inf
65,85,inf,inf,inf,527.0531282517921,inf
65,86,inf,inf,inf,38.948684188300895,inf
65,87,inf,inf,inf,302.03476621077914,inf
65,88,inf,inf,inf,617.3572709541858,inf
65,89,inf,inf,inf,176.1817243643619,inf
65,90,inf,inf,inf,745.3388491149512,inf
65,91,inf,inf,inf,333.19063612292587,inf
65,92,inf,inf,inf,705.6939846704093,inf
65,93,inf,inf,inf,704.418199651315,inf
65,94,inf,inf,inf,170.66048165876012,inf
65,95,inf,inf,inf,534.4314736240747,inf
65,96,inf,inf,inf,398.7041509691114,inf
65,97,inf,inf,inf,773.3252873144651,inf
65,98,inf,inf,inf,409.20654931220247,inf
65,99,inf,inf,inf,766.6094181524253,inf
65,100,inf,inf,inf,474.768364573715,inf
65,101,inf,inf,inf,467.4120238076894,inf
65,102,inf,inf,inf,445.46717050754705,inf
65,103,inf,inf,inf,691.3096267230769,inf
65,104,inf,inf,inf,307.2474572718219,inf
65,105,inf,inf,inf,411.04865892008456,inf
65,106,inf,inf,inf,719.9423588038143,inf
65,107,inf,inf,inf,74.96665925596525,inf
65,108,inf,inf,inf,190.057885919001,inf
65,109,inf,inf,inf,764.0274864165556,inf
65,110,inf,inf,inf,777.295953932606,inf
65,111,inf,inf,inf,218.69156362329116,inf
65,112,inf,inf,inf,590.0406765639128,inf
65,113,inf,inf,inf,124.91997438360288,inf
65,114,inf,inf,inf,733.3007568521937,inf
65,115,inf,inf,inf,775.4740485664237,inf
65,116,1.0,28.0,28.0,28.0,1.0
65,117,inf,inf,inf,528.9357238833467,inf
65,118,inf,inf,inf,738.5397755029853,inf
65,119,inf,inf,inf,701.2574420282468,inf
65,120,inf,inf,inf,493.4632711762852,inf
65,121,inf,inf,inf,747.3586822938502,inf
65,122,inf,inf,inf,631.5853069855251,inf
65,123,inf,inf,inf,777.5409957037635,inf
65,124,inf,inf,inf,457.1925196238451,inf
65,125,inf,inf,inf,681.2965580420909,inf
65,126,inf,inf,inf,397.1813187953331,inf
65,127,inf,inf,inf,582.8636204121852,inf
65,128,inf,inf,inf,543.1804488381371,inf
65,129,inf,inf,inf,592.8051956587425,inf
65,130,inf,inf,inf,240.96887765850593,inf
65,131,inf,inf,inf,703.9346560583589,inf
65,132,inf,inf,inf,773.7454361739395,inf
65,133,inf,inf,inf,112.16059914247963,inf
65,134,inf,inf,inf,630.7598592174362,inf
65,135,inf,inf,inf,626.8093809125705,inf
65,136,inf,inf,inf,761.6574032988848,inf
65,137,inf,inf,inf,776.7110144706331,inf
65,138,inf,inf,inf,624.2379354060437,inf
65,139,inf,inf,inf,477.582453614033,inf
65,140,inf,inf,inf,739.0676559016772,inf
65,141,inf,inf,inf,81.32035415564789,inf
65,142,inf,inf,inf,659.81588340991,inf
65,143,inf,inf,inf,388.444333206188,inf
65,144,inf,inf,inf,735.7316086726191,inf
65,145,inf,inf,inf,153.26447729333762,inf
65,146,inf,inf,inf,195.4328529188478,inf
65,147,inf,inf,inf,292.43802762294786,inf
65,148,inf,inf,inf,245.97967395701622,inf
65,149,inf,inf,inf,567.8952368174961,inf
65,150,inf,inf,inf,82.38931969618392,inf
65,151,inf,inf,inf,691.2611662750917,inf
65,152,inf,inf,inf,757.5519784146828,inf
65,153,inf,inf,inf,675.1859003267174,inf
65,154,inf,inf,inf,582.6988930828683,inf
65,155,inf,inf,inf,181.47451611727746,inf
65,156,inf,inf,inf,524.7751899623304,inf
65,157,inf,inf,inf,386.8281272089712,inf
65,158,inf,inf,inf,616.1371600544801,inf
65,159,inf,inf,inf,718.5165272977373,inf
65,160,inf,inf,inf,773.6148912734294,inf
65,161,inf,inf,inf,470.0574432981569,inf
66,67,inf,inf,inf,1481.048615002222,inf
66,68,inf,inf,inf,868.5994473864233,inf
66,69,inf,inf,inf,440.1056691295853,inf
66,70,inf,inf,inf,754.0039787693431,inf
66,71,inf,inf,inf,758.5018127862319,inf
66,72,inf,inf,inf,286.75425018646195,inf
66,73,inf,inf,inf,724.0,inf
66,74,inf,inf,inf,573.6732519474828,inf
66,75,inf,inf,inf,296.31908477180474,inf
66,76,inf,inf,inf,912.5798595191546,inf
66,77,inf,inf,inf,1026.8748706634124,inf
66,78,inf,inf,inf,445.4660480889649,inf
66,79,inf,inf,inf,502.622124463299,inf
66,80,inf,inf,inf,1133.49194968469,inf
66,81,inf,inf,inf,952.4206003651958,inf
66,82,inf,inf,inf,383.40709435272584,inf
66,83,inf,inf,inf,917.7739373070037,inf
66,84,inf,inf,inf,89.89438247187641,inf
66,85,inf,inf,inf,1158.354436258609,inf
66,86,inf,inf,inf,703.6739301693648,inf
66,87,inf,inf,inf,415.5779108663019,inf
66,88,inf,inf,inf,1265.4801460315368,inf
66,89,inf,inf,inf,780.3140393456983,inf
66,90,inf,inf,inf,1377.1419679902287,inf
66,91,inf,inf,inf,505.9505904730224,inf
66,92,inf,inf,inf,1100.815152511992,inf
66,93,inf,inf,inf,363.40748478808194,inf
66,94,inf,inf,inf,538.0752735445107,inf
66,95,inf,inf,inf,190.46521992216847,inf
66,96,inf,inf,inf,320.8815981012311,inf
66,97,inf,inf,inf,1468.9594956975498,inf
66,98,inf,inf,inf,439.31765272977594,inf
66,99,inf,inf,inf,1004.7089130688549,inf
66,100,inf,inf,inf,429.4007452252499,inf
66,101,inf,inf,inf,1067.784622477773,inf
66,102,inf,inf,inf,531.583483565846,inf
66,103,inf,inf,inf,1297.3160755960746,inf
66,104,inf,inf,inf,786.8424238689727,inf
66,105,inf,inf,inf,297.65920110085625,inf
66,106,inf,inf,inf,1029.4158537733913,inf
66,107,inf,inf,inf,695.449494931156,inf
66,108,inf,inf,inf,651.5765496087164,inf
66,109,inf,inf,inf,1461.6935383314794,inf
66,110,inf,inf,inf,1162.2430898912671,inf
66,111,inf,inf,inf,627.8980809016699,inf
66,112,inf,inf,inf,1053.080243856089,inf
66,113,inf,inf,inf,636.7927449335459,inf
66,114,inf,inf,inf,1194.6045370749268,inf
66,115,inf,inf,inf,1453.8122299664424,inf
66,116,inf,inf,inf,732.3619323804317,inf
66,117,inf,inf,inf,894.5127165110622,inf
66,118,inf,inf,inf,559.3755446924722,inf
66,119,inf,inf,inf,656.987062277485,inf
66,120,inf,inf,inf,488.5447778863264,inf
66,121,inf,inf,inf,1434.309938611596,inf
66,122,inf,inf,inf,1245.010040120159,inf
66,123,inf,inf,inf,1292.5169244539895,inf
66,124,inf,inf,inf,378.4507894033252,inf
66,125,inf,inf,inf,1274.1683562229914,inf
66,126,inf,inf,inf,1068.4909920069517,inf
66,127,inf,inf,inf,452.2830971858223,inf
66,128,inf,inf,inf,374.626480644388,inf
66,129,inf,inf,inf,213.84106247397855,inf
66,130,inf,inf,inf,908.7882041487994,inf
66,131,inf,inf,inf,831.116117037806,inf
66,132,inf,inf,inf,1478.4424236337377,inf
66,133,inf,inf,inf,598.9407316254255,inf
66,134,inf,inf,inf,926.492309736028,inf
66,135,inf,inf,inf,966.250485122776,inf
66,136,inf,inf,inf,826.4090996594846,inf
66,137,inf,inf,inf,1248.5391463626602,inf
66,138,inf,inf,inf,949.8489353576178,inf
66,139,inf,inf,inf,720.1284607623837,inf
66,140,inf,inf,inf,1285.7141984126954,inf
66,141,inf,inf,inf,629.5816071010969,inf
66,142,inf,inf,inf,646.0936464631114,inf
66,143,inf,inf,inf,320.73197533142843,inf
66,144,inf,inf,inf,1383.3224497563826,inf
66,145,inf,inf,inf,837.1857619429513,inf
66,146,inf,inf,inf,514.979611246892,inf
66,147,inf,inf,inf,420.05951959216446,inf
66,148,inf,inf,inf,818.9603164989131,inf
66,149,inf,inf,inf,536.0643618074233,inf
66,150,inf,inf,inf,660.5891310035308,inf
66,151,inf,inf,inf,686.0262385652607,inf
66,152,inf,inf,inf,1200.3770241053433,inf
66,153,inf,inf,inf,432.28000185065235,inf
66,154,inf,inf,inf,811.7561210117236,inf
66,155,inf,inf,inf,539.7897738935038,inf
66,156,inf,inf,inf,1132.620413024593,inf
66,157,inf,inf,inf,352.0596540360738,inf
66,158,inf,inf,inf,110.11357772772621,inf
66,159,inf,inf,inf,336.1487765856065,inf
66,160,inf,inf,inf,1192.1954537742542,inf
66,161,inf,inf,inf,614.5600052069773,inf
67,68,inf,inf,inf,787.210264160726,inf
67,69,inf,inf,inf,1191.0499569707392,inf
67,70,inf,inf,inf,791.0404540856301,inf
67,71,inf,inf,inf,1295.2374299718178,inf
67,72,inf,inf,inf,1286.8601322599127,inf
67,73,inf,inf,inf,1277.9299667822177,inf
67,74,inf,inf,inf,930.7308955869038,inf
67,75,inf,inf,inf,1330.0375934536587,inf
67,76,inf,inf,inf,628.4974144735999,inf
67,77,inf,inf,inf,1100.8274160830117,inf
67,78,inf,inf,inf,1075.883357990075,inf
67,79,inf,inf,inf,1009.773241871659,inf
67,80,inf,inf,inf,349.2921413373052,inf
67,81,inf,inf,inf,668.6837817683333,inf
67,82,inf,inf,inf,1225.0297955560102,inf
67,83,inf,inf,inf,568.0158448494196,inf
67,84,inf,inf,inf,1443.2407976495122,inf
67,85,inf,inf,inf,453.1864958270491,inf
67,86,inf,inf,inf,777.402083866515,inf
67,87,inf,inf,inf,1076.4107022879325,inf
67,88,inf,inf,inf,515.3882032022076,inf
67,89,inf,inf,inf,761.4177565568064,inf
67,90,inf,inf,inf,571.9484242482009,inf
67,91,inf,inf,inf,1029.5790401906986,inf
67,92,inf,inf,inf,996.7311573338119,inf
67,93,inf,inf,inf,1449.413674559475,inf
67,94,inf,inf,inf,944.2563211331974,inf
67,95,inf,inf,inf,1309.3051592352335,inf
67,96,inf,inf,inf,1173.3865518233963,inf
67,97,inf,inf,inf,115.26057435220423,inf
67,98,inf,inf,inf,1115.077127377295,inf
67,99,inf,inf,inf,1066.437527471722,inf
67,100,inf,inf,inf,1168.387778094242,inf
67,101,inf,inf,inf,654.8839591866639,inf
67,102,inf,inf,inf,1092.0402922969463,inf
67,103,inf,inf,inf,634.1939766349094,inf
67,104,inf,inf,inf,852.0199528180077,inf
67,105,inf,inf,inf,1184.2474403603328,inf
67,106,inf,inf,inf,1098.35240246471,inf
67,107,inf,inf,inf,786.8703832271234,inf
67,108,inf,inf,inf,853.8225811021866,inf
67,109,inf,inf,inf,277.2814454665151,inf
67,110,inf,inf,inf,895.6517180243669,inf
67,111,inf,inf,inf,885.0361574534681,inf
67,112,inf,inf,inf,877.0843745045285,inf
67,113,inf,inf,inf,848.8769050928408,inf
67,114,inf,inf,inf,917.0021810224881,inf
67,115,inf,inf,inf,222.9910312097776,inf
67,116,inf,inf,inf,753.5230587049078,inf
67,117,inf,inf,inf,977.8353644658184,inf
67,118,inf,inf,inf,1359.6617226354501,inf
67,119,inf,inf,inf,1344.4258997802742,inf
67,120,inf,inf,inf,1154.6137882426315,inf
67,121,inf,inf,inf,350.4083332342426,inf
67,122,inf,inf,inf,464.7590773723521,inf
67,123,inf,inf,inf,686.9970887856804,inf
67,124,inf,inf,inf,1177.51348187611,inf
67,125,inf,inf,inf,510.65644028054714,inf
67,126,inf,inf,inf,521.8467207906934,inf
67,127,inf,inf,inf,1251.1214968978832,inf
67,128,inf,inf,inf,1248.0641009178976,inf
67,129,inf,inf,inf,1341.5606583378926,inf
67,130,inf,inf,inf,585.4135290544625,inf
67,131,inf,inf,inf,1245.191149984612,inf
67,132,inf,inf,inf,23.345235059857504,inf
67,133,inf,inf,inf,882.4380998121057,inf
67,134,inf,inf,inf,964.1872224832686,inf
67,135,inf,inf,inf,1031.8822607255152,inf
67,136,inf,inf,inf,1219.15257453692,inf
67,137,inf,inf,inf,763.8357153210368,inf
67,138,inf,inf,inf,930.6212978435428,inf
67,139,inf,inf,inf,1067.9475642558486,inf
67,140,inf,inf,inf,774.1330634974843,inf
67,141,inf,inf,inf,855.815400656006,inf
67,142,inf,inf,inf,1225.3562747217643,inf
67,143,inf,inf,inf,1160.4033781405499,inf
67,144,inf,inf,inf,351.57360538015365,inf
67,145,inf,inf,inf,670.9284611640797,inf
67,146,inf,inf,inf,966.2013247765706,inf
67,147,inf,inf,inf,1067.316728998473,inf
67,148,inf,inf,inf,765.5305349886444,inf
67,149,inf,inf,inf,1195.846980177648,inf
67,150,inf,inf,inf,835.3448389737019,inf
67,151,inf,inf,inf,1318.449468125343,inf
67,152,inf,inf,inf,805.8287659298345,inf
67,153,inf,inf,inf,1349.650695550519,inf
67,154,inf,inf,inf,1017.7254050086399,inf
67,155,inf,inf,inf,953.2030213968061,inf
67,156,inf,inf,inf,507.52142811905,inf
67,157,inf,inf,inf,1158.5616082021706,inf
67,158,inf,inf,inf,1390.898989862312,inf
67,159,inf,inf,inf,1428.484861662874,inf
67,160,inf,inf,inf,846.7473058711199,inf
67,161,inf,inf,inf,1060.1514042814829,inf
68,69,inf,inf,inf,465.12363947664494,inf
68,70,inf,inf,inf,163.11039206623224,inf
68,71,inf,inf,inf,510.3920062069938,inf
68,72,inf,inf,inf,807.9412107325631,inf
68,73,inf,inf,inf,1079.2520558238468,inf
68,74,inf,inf,inf,547.0283356463356,inf
68,75,inf,inf,inf,626.4982043070834,inf
68,76,inf,inf,inf,190.4442175546425,inf
68,77,inf,inf,inf,405.3899357408864,inf
68,78,inf,inf,inf,643.5254462723288,inf
68,79,inf,inf,inf,379.00131925891765,inf
68,80,inf,inf,inf,485.3091798019073,inf
68,81,inf,inf,inf,701.7535179819193,inf
68,82,inf,inf,inf,804.1007399573763,inf
68,83,inf,inf,inf,446.58929678172984,inf
68,84,inf,inf,inf,800.0524982774568,inf
68,85,inf,inf,inf,731.777288524316,inf
68,86,inf,inf,inf,374.31804658605495,inf
68,87,inf,inf,inf,476.0672221441001,inf
68,88,inf,inf,inf,409.42032191868543,inf
68,89,inf,inf,inf,159.55249919697278,inf
68,90,inf,inf,inf,510.72986989209863,inf
68,91,inf,inf,inf,642.8164590301029,inf
68,92,inf,inf,inf,372.2539455801644,inf
68,93,inf,inf,inf,710.2816342831906,inf
68,94,inf,inf,inf,421.283752357007,inf
68,95,inf,inf,inf,678.1887642832193,inf
68,96,inf,inf,inf,556.2517415703073,inf
68,97,inf,inf,inf,833.273664530447,inf
68,98,inf,inf,inf,704.2705446062614,inf
68,99,inf,inf,inf,1096.5076379122947,inf
68,100,inf,inf,inf,770.3310976456812,inf
68,101,inf,inf,inf,201.67548190099856,inf
68,102,inf,inf,inf,763.8664804794095,inf
68,103,inf,inf,inf,428.7213547282197,inf
68,104,inf,inf,inf,83.773504164503,inf
68,105,inf,inf,inf,601.0673839096578,inf
68,106,inf,inf,inf,404.6949468426805,inf
68,107,inf,inf,inf,410.5423242492788,inf
68,108,inf,inf,inf,524.6074723066762,inf
68,109,inf,inf,inf,656.9056248807739,inf
68,110,inf,inf,inf,1081.4305340612498,inf
68,111,inf,inf,inf,550.934660372716,inf
68,112,inf,inf,inf,254.4346674492295,inf
68,113,inf,inf,inf,453.75323690305504,inf
68,114,inf,inf,inf,399.7661816612306,inf
68,115,inf,inf,inf,877.6246350234251,inf
68,116,inf,inf,inf,314.79675983084707,inf
68,117,inf,inf,inf,224.770994570029,inf
68,118,inf,inf,inf,1047.7881465258138,inf
68,119,inf,inf,inf,558.0331531369799,inf
68,120,inf,inf,inf,803.0024906561623,inf
68,121,inf,inf,inf,608.3305022765174,inf
68,122,inf,inf,inf,837.1266331923744,inf
68,123,inf,inf,inf,1033.3658597031354,inf
68,124,inf,inf,inf,736.1100461208229,inf
68,125,inf,inf,inf,897.8251500153023,inf
68,126,inf,inf,inf,267.5518641310503,inf
68,127,inf,inf,inf,882.6012689771072,inf
68,128,inf,inf,inf,825.1084777167182,inf
68,129,inf,inf,inf,825.1212032180484,inf
68,130,inf,inf,inf,480.77957527332626,inf
68,131,inf,inf,inf,470.0223398946054,inf
68,132,inf,inf,inf,795.9302733280095,inf
68,133,inf,inf,inf,400.7455551843339,inf
68,134,inf,inf,inf,959.5921008428529,inf
68,135,inf,inf,inf,313.4661066207956,inf
68,136,inf,inf,inf,1096.6006565746711,inf
68,137,inf,inf,inf,1052.3236194251272,inf
68,138,inf,inf,inf,949.5451542712437,inf
68,139,inf,inf,inf,281.0907326825273,inf
68,140,inf,inf,inf,433.03810455894063,inf
68,141,inf,inf,inf,351.51102400920513,inf
68,142,inf,inf,inf,986.0517227813153,inf
68,143,inf,inf,inf,590.2169092799697,inf
68,144,inf,inf,inf,890.8108665704522,inf
68,145,inf,inf,inf,231.65707414193074,inf
68,146,inf,inf,inf,450.8491987350094,inf
68,147,inf,inf,inf,481.814279572534,inf
68,148,inf,inf,inf,89.87213138676528,inf
68,149,inf,inf,inf,883.8834764831844,inf
68,150,inf,inf,inf,296.952858211535,inf
68,151,inf,inf,inf,531.2899396751269,inf
68,152,inf,inf,inf,1045.609869884557,inf
68,153,inf,inf,inf,965.5552806546086,inf
68,154,inf,inf,inf,917.8262362778697,inf
68,155,inf,inf,inf,377.3274440058661,inf
68,156,inf,inf,inf,751.7832134332343,inf
68,157,inf,inf,inf,518.3097529470191,inf
68,158,inf,inf,inf,759.9078891549949,inf
68,159,inf,inf,inf,982.7558191127641,inf
68,160,inf,inf,inf,1068.4385803592081,inf
68,161,inf,inf,inf,799.7755935260841,inf
69,70,inf,inf,inf,401.2044366653988,inf
69,71,inf,inf,inf,370.7937432050331,inf
69,72,inf,inf,inf,504.59984145855617,inf
69,73,inf,inf,inf,919.9809780642206,inf
69,74,inf,inf,inf,482.26548705044195,inf
69,75,inf,inf,inf,163.21764610482532,inf
69,76,inf,inf,inf,567.8071855832752,inf
69,77,inf,inf,inf,590.9255452254539,inf
69,78,inf,inf,inf,460.7656671237561,inf
69,79,inf,inf,inf,215.8564337702261,inf
69,80,inf,inf,inf,848.2599837314029,inf
69,81,inf,inf,inf,839.9440457554301,inf
69,82,inf,inf,inf,554.3735202911481,inf
69,83,inf,inf,inf,686.2317392834581,inf
69,84,inf,inf,inf,358.00558654859003,inf
69,85,inf,inf,inf,982.2555675586675,inf
69,86,inf,inf,inf,475.405090422894,inf
69,87,inf,inf,inf,228.56946427727394,inf
69,88,inf,inf,inf,874.4855630597912,inf
69,89,inf,inf,inf,430.9350299059012,inf
69,90,inf,inf,inf,972.7080754265382,inf
69,91,inf,inf,inf,504.5839870626098,inf
69,92,inf,inf,inf,660.7185482487986,inf
69,93,inf,inf,inf,258.37956575549856,inf
69,94,inf,inf,inf,338.21295066865787,inf
69,95,inf,inf,inf,265.63132345414385,inf
69,96,inf,inf,inf,214.11212016137713,inf
69,97,inf,inf,inf,1208.6955778855154,inf
69,98,inf,inf,inf,507.9222381428086,inf
69,99,inf,inf,inf,1083.123723311423,inf
69,100,inf,inf,inf,554.5394485516788,inf
69,101,inf,inf,inf,666.0548025500605,inf
69,102,inf,inf,inf,611.7908139225368,inf
69,103,inf,inf,inf,884.9146851533203,inf
69,104,inf,inf,inf,381.58878390225254,inf
69,105,inf,inf,inf,276.0036231646244,inf
69,106,inf,inf,inf,593.2638536098419,inf
69,107,inf,inf,inf,490.92667476925715,inf
69,108,inf,inf,inf,529.0151226571883,inf
69,109,inf,inf,inf,1109.064921454105,inf
69,110,inf,inf,inf,1163.2127922267705,inf
69,111,inf,inf,inf,528.3682428004166,inf
69,112,inf,inf,inf,617.5443303925638,inf
69,113,inf,inf,inf,467.54678910243837,inf
69,114,inf,inf,inf,756.0165342107274,inf
69,115,inf,inf,inf,1223.1537107003355,inf
69,116,inf,inf,inf,466.2713802068491,inf
69,117,inf,inf,inf,455.0890022841686,inf
69,118,inf,inf,inf,814.7637694448619,inf
69,119,inf,inf,inf,305.8970415025291,inf
69,120,inf,inf,inf,613.9584676507036,inf
69,121,inf,inf,inf,1067.5364162406827,inf
69,122,inf,inf,inf,1085.7204981025272,inf
69,123,inf,inf,inf,1211.779270329378,inf
69,124,inf,inf,inf,495.40488491737744,inf
69,125,inf,inf,inf,1132.8839305065635,inf
69,126,inf,inf,inf,707.4715541984709,inf
69,127,inf,inf,inf,650.4682928475453,inf
69,128,inf,inf,inf,566.0318012267509,inf
69,129,inf,inf,inf,482.83019789569914,inf
69,130,inf,inf,inf,696.7589253106128,inf
69,131,inf,inf,inf,422.4038352098617,inf
69,132,inf,inf,inf,1194.3052373660596,inf
69,133,inf,inf,inf,389.62161131025573,inf
69,134,inf,inf,inf,964.1478102448815,inf
69,135,inf,inf,inf,526.5823772212663,inf
69,136,inf,inf,inf,985.1177594582284,inf
69,137,inf,inf,inf,1196.702552850958,inf
69,138,inf,inf,inf,972.0658413914152,inf
69,139,inf,inf,inf,280.07141946296485,inf
69,140,inf,inf,inf,856.7718482770077,inf
69,141,inf,inf,inf,383.275357934736,inf
69,142,inf,inf,inf,822.3879862935742,inf
69,143,inf,inf,inf,288.0277764383151,inf
69,144,inf,inf,inf,1191.095294256509,inf
69,145,inf,inf,inf,521.2110896748073,inf
69,146,inf,inf,inf,341.4747428434496,inf
69,147,inf,inf,inf,249.1766441703556,inf
69,148,inf,inf,inf,442.3041939660984,inf
69,149,inf,inf,inf,697.0007173597456,inf
69,150,inf,inf,inf,376.7187279655738,inf
69,151,inf,inf,inf,316.45694809878955,inf
69,152,inf,inf,inf,1166.0840449984726,inf
69,153,inf,inf,inf,697.3614557745502,inf
69,154,inf,inf,inf,874.5427376635175,inf
69,155,inf,inf,inf,289.36482163524994,inf
69,156,inf,inf,inf,976.7466406392192,inf
69,157,inf,inf,inf,169.83815825661793,inf
69,158,inf,inf,inf,331.49358968161056,inf
69,159,inf,inf,inf,662.4296189030198,inf
69,160,inf,inf,inf,1173.2898192688795,inf
69,161,inf,inf,inf,686.6185258205608,inf
70,71,inf,inf,inf,566.3894419919919,inf
70,72,inf,inf,inf,659.7287321316239,inf
70,73,inf,inf,inf,916.149551110516,inf
70,74,inf,inf,inf,383.9596332949598,inf
70,75,inf,inf,inf,548.6392257212384,inf
70,76,inf,inf,inf,167.47537132366656,inf
70,77,inf,inf,inf,543.9430117208971,inf
70,78,inf,inf,inf,484.8608047677189,inf
70,79,inf,inf,inf,251.40604606890423,inf
70,80,inf,inf,inf,453.3982796614914,inf
70,81,inf,inf,inf,570.7933075991693,inf
70,82,inf,inf,inf,648.1674166448048,inf
70,83,inf,inf,inf,339.09438214160963,inf
70,84,inf,inf,inf,695.2877102322462,inf
70,85,inf,inf,inf,641.6112530185237,inf
70,86,inf,inf,inf,216.17816726024856,inf
70,87,inf,inf,inf,343.0757933751666,inf
70,88,inf,inf,inf,513.5854359305762,inf
70,89,1.0,35.799,35.798989873223334,29.732137494637012,1.2040503270133418
70,90,inf,inf,inf,631.4697142381415,inf
70,91,inf,inf,inf,480.9532201784286,inf
70,92,inf,inf,inf,529.1049045321731,inf
70,93,inf,inf,inf,659.3822866895956,inf
70,94,inf,inf,inf,264.6828290615015,inf
70,95,inf,inf,inf,565.442304749123,inf
70,96,inf,inf,inf,433.5815955503647,inf
70,97,inf,inf,inf,814.9233092751734,inf
70,98,inf,inf,inf,545.1917094013811,inf
70,99,inf,inf,inf,943.5390823913973,inf
70,100,inf,inf,inf,611.572563151749,inf
70,101,inf,inf,inf,329.1230772826482,inf
70,102,inf,inf,inf,601.2827953633797,inf
70,103,inf,inf,inf,562.0008896790112,inf
70,104,inf,inf,inf,131.60927019021113,inf
70,105,inf,inf,inf,468.91470439729227,inf
70,106,inf,inf,inf,543.9016455205849,inf
70,107,inf,inf,inf,251.9841264841895,inf
70,108,inf,inf,inf,363.2547315589984,inf
70,109,inf,inf,inf,716.665891472449,inf
70,110,inf,inf,inf,945.084652293116,inf
70,111,inf,inf,inf,388.6000514668005,inf
70,112,inf,inf,inf,416.66293331660785,inf
70,113,inf,inf,inf,291.2198482246703,inf
70,114,inf,inf,inf,562.8587744718918,inf
70,115,inf,inf,inf,839.7261458356528,inf
70,116,inf,inf,inf,160.31219541881399,inf
70,117,inf,inf,inf,353.45862558438154,inf
70,118,inf,inf,inf,887.1330227198174,inf
70,119,inf,inf,inf,582.8498949129183,inf
70,120,inf,inf,inf,641.7367061342213,inf
70,121,inf,inf,inf,682.9004319811198,inf
70,122,inf,inf,inf,748.6841790768655,inf
70,123,inf,inf,inf,922.4673435954251,inf
70,124,inf,inf,inf,580.8485172572966,inf
70,125,inf,inf,inf,805.0024844682158,inf
70,126,inf,inf,inf,316.6654385941099,inf
70,127,inf,inf,inf,723.4818587912208,inf
70,128,inf,inf,inf,669.8365472262618,inf
70,129,inf,inf,inf,684.1125638372679,inf
70,130,inf,inf,inf,365.3080891521566,inf
70,131,inf,inf,inf,549.9745448654874,inf
70,132,inf,inf,inf,795.1414968419143,inf
70,133,inf,inf,inf,238.46173697262208,inf
70,134,inf,inf,inf,807.402006437933,inf
70,135,inf,inf,inf,450.7083314073526,inf
70,136,inf,inf,inf,934.7694903022883,inf
70,137,inf,inf,inf,931.3581480826804,inf
70,138,inf,inf,inf,799.9031191338111,inf
70,139,inf,inf,inf,328.03810754240124,inf
70,140,inf,inf,inf,587.1805514490411,inf
70,141,inf,inf,inf,188.95766721676048,inf
70,142,inf,inf,inf,822.9878492420164,inf
70,143,inf,inf,inf,453.82485608437094,inf
70,144,inf,inf,inf,827.5898742734834,inf
70,145,inf,inf,inf,130.36103712382777,inf
70,146,inf,inf,inf,294.771097633401,inf
70,147,inf,inf,inf,344.26152849251105,inf
70,148,inf,inf,inf,77.88452991448301,inf
70,149,inf,inf,inf,721.7929065874782,inf
70,150,inf,inf,inf,134.46189051177288,inf
70,151,inf,inf,inf,565.3830559894769,inf
70,152,inf,inf,inf,918.015795071087,inf
70,153,inf,inf,inf,808.9351024649629,inf
70,154,inf,inf,inf,759.4537510605896,inf
70,155,inf,inf,inf,229.13969538253298,inf
70,156,inf,inf,inf,651.5189943508938,inf
70,157,inf,inf,inf,403.3856715353187,inf
70,158,inf,inf,inf,649.3974129914593,inf
70,159,inf,inf,inf,833.3846650856974,inf
70,160,inf,inf,inf,937.2662375227222,inf
70,161,inf,inf,inf,636.7432763681137,inf
71,72,inf,inf,inf,873.7579756431411,inf
71,73,inf,inf,inf,1287.6261103286156,inf
71,74,inf,inf,inf,813.8525665008374,inf
71,75,inf,inf,inf,465.4460226492434,inf
71,76,inf,inf,inf,690.273134346108,inf
71,77,inf,inf,inf,334.2708482652952,inf
71,78,inf,inf,inf,821.842442320911,inf
71,79,inf,inf,inf,531.3322877446843,inf
71,80,inf,inf,inf,992.4560443667015,inf
71,81,inf,inf,inf,1118.6465035926228,inf
71,82,inf,inf,inf,925.043782747606,inf
71,83,inf,inf,inf,905.0933653496749,inf
71,84,inf,inf,inf,668.712195193119,inf
71,85,inf,inf,inf,1207.9942052841147,inf
71,86,inf,inf,inf,738.9736125194187,inf
71,87,inf,inf,inf,583.6608604318093,inf
71,88,inf,inf,inf,856.4607404896035,inf
71,89,inf,inf,inf,589.4276885250641,inf
71,90,inf,inf,inf,911.4740808163444,inf
71,91,inf,inf,inf,858.5691585422808,inf
71,92,inf,inf,inf,452.58037960123727,inf
71,93,inf,inf,inf,424.4997055358225,inf
71,94,inf,inf,inf,655.5150646628955,inf
71,95,inf,inf,inf,617.0510513725749,inf
71,96,inf,inf,inf,584.8247600777519,inf
71,97,inf,inf,inf,1343.6580666226062,inf
71,98,inf,inf,inf,873.1466085371918,inf
71,99,inf,inf,inf,1424.810513717526,inf
71,100,inf,inf,inf,923.195537250912,inf
71,101,inf,inf,inf,657.8366058528516,inf
71,102,inf,inf,inf,973.1269187521225,inf
71,103,inf,inf,inf,811.8583620312105,inf
71,104,inf,inf,inf,458.94008323527373,inf
71,105,inf,inf,inf,646.7967223169888,inf
71,106,inf,inf,inf,337.76027001410336,inf
71,107,inf,inf,inf,766.6192014292363,inf
71,108,inf,inf,inf,840.9143832757292,inf
71,109,inf,inf,inf,1136.3067367572894,inf
71,110,inf,inf,inf,1475.1081316296782,inf
71,111,inf,inf,inf,850.0005882350906,inf
71,112,inf,inf,inf,489.2371613031864,inf
71,113,inf,inf,inf,768.4009370114017,inf
71,114,inf,inf,inf,575.1043383595711,inf
71,115,inf,inf,inf,1385.6063654588197,inf
71,116,inf,inf,inf,703.1991183157157,inf
71,117,inf,inf,inf,332.2318467576521,inf
71,118,inf,inf,inf,1185.5192954988122,inf
71,119,inf,inf,inf,114.00438588054409,inf
71,120,inf,inf,inf,980.8572780991126,inf
71,121,inf,inf,inf,1075.1046460693954,inf
71,122,inf,inf,inf,1315.0684392836747,inf
71,123,inf,inf,inf,1482.1960059317391,inf
71,124,inf,inf,inf,865.1531656302253,inf
71,125,inf,inf,inf,1371.1929113002298,inf
71,126,inf,inf,inf,773.400284458184,inf
71,127,inf,inf,inf,1021.0607229739081,inf
71,128,inf,inf,inf,936.8244232512302,inf
71,129,inf,inf,inf,846.1518776200878,inf
71,130,inf,inf,inf,929.2152603137769,inf
71,131,inf,inf,inf,89.26925562588724,inf
71,132,inf,inf,inf,1304.8819870011234,inf
71,133,inf,inf,inf,687.4336331603218,inf
71,134,inf,inf,inf,1298.0034668674812,inf
71,135,inf,inf,inf,327.9405433916337,inf
71,136,inf,inf,inf,1347.0475121538957,inf
71,137,inf,inf,inf,1483.0863090191347,inf
71,138,inf,inf,inf,1300.4491531774704,inf
71,139,inf,inf,inf,239.4159560263267,inf
71,140,inf,inf,inf,727.9464266001997,inf
71,141,inf,inf,inf,659.748436906068,inf
71,142,inf,inf,inf,1189.5049390397671,inf
71,143,inf,inf,inf,658.1671520214298,inf
71,144,inf,inf,inf,1388.4797441806631,inf
71,145,inf,inf,inf,693.4298810982982,inf
71,146,inf,inf,inf,669.8275897572449,inf
71,147,inf,inf,inf,603.2453895389503,inf
71,148,inf,inf,inf,553.3904588985972,inf
71,149,inf,inf,inf,1065.0117370245268,inf
71,150,inf,inf,inf,626.5245406207166,inf
71,151,inf,inf,inf,76.53103945458993,inf
71,152,inf,inf,inf,1462.3952953972466,inf
71,153,inf,inf,inf,1067.2211579611792,inf
71,154,inf,inf,inf,1219.6692174520106,inf
71,155,inf,inf,inf,595.5065071013079,inf
71,156,inf,inf,inf,1217.0102711152442,inf
71,157,inf,inf,inf,539.7230771423434,inf
71,158,inf,inf,inf,662.4198064671677,inf
71,159,inf,inf,inf,1025.5442457544189,inf
71,160,inf,inf,inf,1476.2740260534288,inf
71,161,inf,inf,inf,1042.7602792588525,inf
72,73,inf,inf,inf,456.3200631136001,inf
72,74,inf,inf,inf,356.50105189185626,inf
72,75,inf,inf,inf,438.2111363258583,inf
72,76,inf,inf,inf,790.7578643301626,inf
72,77,inf,inf,inf,1071.568943185645,inf
72,78,inf,inf,inf,211.10187114282053,inf
72,79,inf,inf,inf,435.6432026326131,inf
72,80,inf,inf,inf,951.2307816718296,inf
72,81,inf,inf,inf,698.3043748967924,inf
72,82,inf,inf,inf,96.77293009927931,inf
72,83,inf,inf,inf,720.1840042655766,inf
72,84,inf,inf,inf,324.211350819184,inf
72,85,inf,inf,inf,918.7322787406569,inf
72,86,inf,inf,inf,533.5850447679358,inf
72,87,inf,inf,inf,340.58919536591293,inf
72,88,inf,inf,inf,1162.8946641893237,inf
72,89,inf,inf,inf,679.0596439194425,inf
72,90,inf,inf,inf,1286.7525014547282,inf
72,91,inf,inf,inf,259.9423012901132,inf
72,92,inf,inf,inf,1115.2909934183097,inf
72,93,inf,inf,inf,567.387874385768,inf
72,94,inf,inf,inf,398.2122549595881,inf
72,95,inf,inf,inf,275.74807342935327,inf
72,96,inf,inf,inf,295.1016773927251,inf
72,97,inf,inf,inf,1257.9833067254906,inf
72,98,inf,inf,inf,177.23430819116257,inf
72,99,inf,inf,inf,718.4678141712404,inf
72,100,inf,inf,inf,147.1767644704829,inf
72,101,inf,inf,inf,988.80938506873,inf
72,102,inf,inf,inf,250.44959572736389,inf
72,103,inf,inf,inf,1221.419256439,inf
72,104,inf,inf,inf,737.5940617982225,inf
72,105,inf,inf,inf,233.42022191746798,inf
72,106,inf,inf,inf,1073.333592132474,inf
72,107,inf,inf,inf,512.9775823561883,inf
72,108,inf,inf,inf,433.0588874506561,inf
72,109,inf,inf,inf,1313.4900075752385,inf
72,110,inf,inf,inf,877.5334751449657,inf
72,111,inf,inf,inf,402.3779318004406,inf
72,112,inf,inf,inf,1036.5143510825114,inf
72,113,inf,inf,inf,446.8299452811998,inf
72,114,inf,inf,inf,1185.9865091981444,inf
72,115,inf,inf,inf,1228.2646294671194,inf
72,116,inf,inf,inf,580.2154772151464,inf
72,117,inf,inf,inf,904.8961266355382,inf
72,118,inf,inf,inf,317.57361351346555,inf
72,119,inf,inf,inf,795.0974783006169,inf
72,120,inf,inf,inf,202.48456731316588,inf
72,121,inf,inf,inf,1299.7788273394824,inf
72,122,inf,inf,inf,995.7760792467351,inf
72,123,inf,inf,inf,1019.1153026031942,inf
72,124,inf,inf,inf,111.66467659918243,inf
72,125,inf,inf,inf,1017.8393782910937,inf
72,126,inf,inf,inf,947.008447691994,inf
72,127,inf,inf,inf,173.76996288196645,inf
72,128,inf,inf,inf,89.0,inf
72,129,inf,inf,inf,74.0,inf
72,130,inf,inf,inf,701.5326079377921,inf
72,131,inf,inf,inf,926.5818906065454,inf
72,132,inf,inf,inf,1280.7700808497987,inf
72,133,inf,inf,inf,443.21777942677346,inf
72,134,inf,inf,inf,640.6496702566856,inf
72,135,inf,inf,inf,993.6297097007516,inf
72,136,inf,inf,inf,549.563463123232,inf
72,137,inf,inf,inf,970.0360818031461,inf
72,138,inf,inf,inf,665.0270671183241,inf
72,139,inf,inf,inf,754.8357437217716,inf
72,140,inf,inf,inf,1240.9774373452565,inf
72,141,inf,inf,inf,488.07888706642495,inf
72,142,inf,inf,inf,369.4116944548453,inf
72,143,inf,inf,inf,231.32012450281968,inf
72,144,inf,inf,inf,1142.7917570581264,inf
72,145,inf,inf,inf,702.3190158325489,inf
72,146,inf,inf,inf,368.3476618630828,inf
72,147,inf,inf,inf,330.13027731488063,inf
72,148,inf,inf,inf,735.8396564469735,inf
72,149,inf,inf,inf,252.04959829366916,inf
72,150,inf,inf,inf,535.4119909004654,inf
72,151,inf,inf,inf,813.3805997194671,inf
72,152,inf,inf,inf,919.6004567201998,inf
72,153,inf,inf,inf,193.93297811357408,inf
72,154,inf,inf,inf,525.3341793563408,inf
72,155,inf,inf,inf,431.76498236888085,inf
72,156,inf,inf,inf,886.0524815156267,inf
72,157,inf,inf,inf,342.54634722910123,inf
72,158,inf,inf,inf,283.0070670495703,inf
72,159,inf,inf,inf,174.9514218290323,inf
72,160,inf,inf,inf,909.3789089263067,inf
72,161,inf,inf,inf,330.5510550580651,inf
73,74,inf,inf,inf,532.6584271369411,inf
73,75,inf,inf,inf,886.5015510420724,inf
73,76,inf,inf,inf,983.6391614814855,inf
73,77,inf,inf,inf,1424.14886862294,inf
73,78,inf,inf,inf,469.9361658778775,inf
73,79,inf,inf,inf,777.1106742285812,inf
73,80,inf,inf,inf,1008.573249694835,inf
73,81,inf,inf,inf,609.269234411192,inf
73,82,inf,inf,inf,375.6820464169136,inf
73,83,inf,inf,inf,789.7727521255719,inf
73,84,inf,inf,inf,776.824948106071,inf
73,85,inf,inf,inf,832.951979408177,inf
73,86,inf,inf,inf,713.9054559253627,inf
73,87,inf,inf,inf,706.5076078854353,inf
73,88,inf,inf,inf,1336.2933809609326,inf
73,89,inf,inf,inf,922.5280483540866,inf
73,90,inf,inf,inf,1467.8664789414602,inf
73,91,inf,inf,inf,446.99216995379237,inf
73,92,inf,inf,inf,1437.0560183931593,inf
73,93,inf,inf,inf,1022.0689800595652,inf
73,94,inf,inf,inf,676.2403418903667,inf
73,95,inf,inf,inf,727.7946138849888,inf
73,96,inf,inf,inf,707.8679255341352,inf
73,97,inf,inf,inf,1211.218394840501,inf
73,98,inf,inf,inf,415.12407783697637,inf
73,99,inf,inf,inf,345.60092592468555,inf
73,100,inf,inf,inf,365.6131835697395,inf
73,101,inf,inf,inf,1214.0593066238569,inf
73,102,inf,inf,inf,323.71129112219734,inf
73,103,inf,inf,inf,1428.5310637154516,inf
73,104,inf,inf,inf,1032.112881423345,inf
73,105,inf,inf,inf,648.4820737691983,inf
73,106,inf,inf,inf,1425.1319237179414,inf
73,107,inf,inf,inf,678.8063052152654,inf
73,108,inf,inf,inf,561.1203079554331,inf
73,109,inf,inf,inf,1396.7748565892787,inf
73,110,inf,inf,inf,565.014159114619,inf
73,111,inf,inf,inf,531.2927629847785,inf
73,112,inf,inf,inf,1332.0998461076406,inf
73,113,inf,inf,inf,626.8277275296618,inf
73,114,inf,inf,inf,1479.0077755035638,inf
73,115,inf,inf,inf,1145.4649710925253,inf
73,116,inf,inf,inf,775.1296665719872,inf
73,117,inf,inf,inf,1238.92897294397,inf
73,118,inf,inf,inf,182.00274723201295,inf
73,119,inf,inf,inf,1224.0914998479484,inf
73,120,inf,inf,inf,306.80938707933956,inf
73,121,inf,inf,inf,1408.8140402480378,inf
73,122,inf,inf,inf,865.2178916319288,inf
73,123,inf,inf,inf,779.4408252074047,inf
73,124,inf,inf,inf,426.20300327426133,inf
73,125,inf,inf,inf,857.5645748280417,inf
73,126,inf,inf,inf,1115.7746188186932,inf
73,127,inf,inf,inf,283.3513719747974,inf
73,128,inf,inf,inf,371.7324306540929,inf
73,129,inf,inf,inf,518.536401808012,inf
73,130,inf,inf,inf,753.4931983767339,inf
73,131,inf,inf,inf,1325.8333228577415,inf
73,132,inf,inf,inf,1264.3100885463186,inf
73,133,inf,inf,inf,680.8949992473142,inf
73,134,inf,inf,inf,352.27829907617075,inf
73,135,inf,inf,inf,1335.991017933878,inf
73,136,inf,inf,inf,117.2006825918689,inf
73,137,inf,inf,inf,703.9275530905152,inf
73,138,inf,inf,inf,389.2210169042777,inf
73,139,inf,inf,inf,1123.598237805667,inf
73,140,inf,inf,inf,1487.800053770667,inf
73,141,inf,inf,inf,729.0027434790626,inf
73,142,inf,inf,inf,98.49365461794989,inf
73,143,inf,inf,inf,632.8262004689756,inf
73,144,inf,inf,inf,1023.756318661819,inf
73,145,inf,inf,inf,892.9232889783982,inf
73,146,inf,inf,inf,651.2296062065975,inf
73,147,inf,inf,inf,687.9956395210655,inf
73,148,inf,inf,inf,991.5361818915133,inf
73,149,inf,inf,inf,222.9910312097776,inf
73,150,inf,inf,inf,783.2355967395762,inf
73,151,inf,inf,inf,1236.4368160160875,inf
73,152,inf,inf,inf,642.1907816217856,inf
73,153,inf,inf,inf,295.01525384291574,inf
73,154,inf,inf,inf,264.0075756488817,inf
73,155,inf,inf,inf,734.0933183185908,inf
73,156,inf,inf,inf,782.4608616410153,inf
73,157,inf,inf,inf,750.2332970483249,inf
73,158,inf,inf,inf,738.7969951211226,inf
73,159,inf,inf,inf,408.3772765470674,inf
73,160,inf,inf,inf,614.7861416785515,inf
73,161,inf,inf,inf,280.0071427660373,inf
74,75,inf,inf,inf,533.9850185164374,inf
74,76,inf,inf,inf,471.1698207652948,inf
74,77,inf,inf,inf,900.169428496658,inf
74,78,inf,inf,inf,145.41320435228707,inf
74,79,inf,inf,inf,282.88867068159516,inf
74,80,inf,inf,inf,595.4032247141428,inf
74,81,inf,inf,inf,389.1966084127661,inf
74,82,inf,inf,inf,304.765483609939,inf
74,83,inf,inf,inf,363.68392870733237,inf
74,84,inf,inf,inf,559.4747536752664,inf
74,85,inf,inf,inf,584.8709259315256,inf
74,86,inf,inf,inf,196.12750954417385,inf
74,87,inf,inf,inf,258.00775182152955,inf
74,88,inf,inf,inf,841.0023781179218,inf
74,89,inf,inf,inf,392.0369880508726,inf
74,90,inf,inf,inf,970.1427729978717,inf
74,91,inf,inf,inf,109.07336980216573,inf
74,92,inf,inf,inf,905.6185731310948,inf
74,93,inf,inf,inf,683.6519582360603,inf
74,94,inf,inf,inf,159.29846201391902,inf
74,95,inf,inf,inf,436.5546930225353,inf
74,96,inf,inf,inf,325.01076905235004,inf
74,97,inf,inf,inf,905.452925336265,inf
74,98,inf,inf,inf,191.60636732634956,inf
74,99,inf,inf,inf,610.970539387948,inf
74,100,inf,inf,inf,254.043303395307,inf
74,101,inf,inf,inf,693.4010383609185,inf
74,102,inf,inf,inf,219.46298093300382,inf
74,103,inf,inf,inf,917.8376762805066,inf
74,104,inf,inf,inf,500.2019592124765,inf
74,105,inf,inf,inf,301.2540456159884,inf
74,106,inf,inf,inf,900.8584794516839,inf
74,107,inf,inf,inf,167.01197561851666,inf
74,108,inf,inf,inf,78.74642849044012,inf
74,109,inf,inf,inf,964.3365595060678,inf
74,110,inf,inf,inf,681.5541064361655,inf
74,111,inf,inf,inf,55.47071299343465,inf
74,112,inf,inf,inf,799.4529379519472,inf
74,113,inf,inf,inf,102.70345661174214,inf
74,114,inf,inf,inf,946.6409034052987,inf
74,115,inf,inf,inf,882.748548568617,inf
74,116,inf,inf,inf,253.97047072445253,inf
74,117,inf,inf,inf,711.7092102818398,inf
74,118,inf,inf,inf,511.9570294468082,inf
74,119,inf,inf,inf,777.6920984554234,inf
74,120,inf,inf,inf,267.16474318292825,inf
74,121,inf,inf,inf,956.4319108018093,inf
74,122,inf,inf,inf,673.9859048971276,inf
74,123,inf,inf,inf,751.9261931865387,inf
74,124,inf,inf,inf,249.22680433693324,inf
74,125,inf,inf,inf,707.5040635925704,inf
74,126,inf,inf,inf,619.1671825928761,inf
74,127,inf,inf,inf,358.4034040016919,inf
74,128,inf,inf,inf,328.29864452964165,inf
74,129,inf,inf,inf,411.6369759873377,inf
74,130,inf,inf,inf,345.9147293770533,inf
74,131,inf,inf,inf,833.8519053165256,inf
74,132,inf,inf,inf,925.0540524747729,inf
74,133,inf,inf,inf,148.8388390172404,inf
74,134,inf,inf,inf,485.4739951840881,inf
74,135,inf,inf,inf,809.800592738731,inf
74,136,inf,inf,inf,559.3576673292322,inf
74,137,inf,inf,inf,725.6369615723829,inf
74,138,inf,inf,inf,490.9460255465971,inf
74,139,inf,inf,inf,615.7174676749069,inf
74,140,inf,inf,inf,963.4697711916031,inf
74,141,inf,inf,inf,196.36700333813724,inf
74,142,inf,inf,inf,439.0284728807461,inf
74,143,inf,inf,inf,273.94159961568454,inf
74,144,inf,inf,inf,809.7110595761923,inf
74,145,inf,inf,inf,378.6251444370804,inf
74,146,inf,inf,inf,144.51643505151932,inf
74,147,inf,inf,inf,238.01890681204299,inf
74,148,inf,inf,inf,460.1836589884521,inf
74,149,inf,inf,inf,341.6577234601905,inf
74,150,inf,inf,inf,250.58531481313904,inf
74,151,inf,inf,inf,778.8972974661036,inf
74,152,inf,inf,inf,689.8144678100047,inf
74,153,inf,inf,inf,453.1103618325231,inf
74,154,inf,inf,inf,407.265269818088,inf
74,155,inf,inf,inf,220.29071700822982,inf
74,156,inf,inf,inf,561.0793170310237,inf
74,157,inf,inf,inf,341.796723214252,inf
74,158,inf,inf,inf,504.57506874596965,inf
74,159,inf,inf,inf,508.60298858736564,inf
74,160,inf,inf,inf,694.0583548953215,inf
74,161,inf,inf,inf,254.61539623518448,inf
75,76,inf,inf,inf,716.0649411889958,inf
75,77,inf,inf,inf,733.0763943819226,inf
75,78,inf,inf,inf,466.71725916233265,inf
75,79,inf,inf,inf,323.4223245232153,inf
75,80,inf,inf,inf,982.8657080191576,inf
75,81,inf,inf,inf,916.8958501378441,inf
75,82,inf,inf,inf,510.82090795111355,inf
75,83,inf,inf,inf,800.62600507353,inf
75,84,inf,inf,inf,208.09613163151303,inf
75,85,inf,inf,inf,1084.0378222183947,inf
75,86,inf,inf,inf,580.856264492344,inf
75,87,inf,inf,inf,284.0070421662111,inf
75,88,inf,inf,inf,1035.3381090252594,inf
75,89,inf,inf,inf,578.0112455653436,inf
75,90,inf,inf,inf,1135.3523682099756,inf
75,91,inf,inf,inf,522.2767465625863,inf
75,92,inf,inf,inf,813.2976085050293,inf
75,93,inf,inf,inf,150.33296378372907,inf
75,94,inf,inf,inf,420.97505864362086,inf
75,95,inf,inf,inf,163.21764610482532,inf
75,96,inf,inf,inf,210.6086417980041,inf
75,97,inf,inf,inf,1339.3823203253057,inf
75,98,inf,inf,inf,498.33422519429666,inf
75,99,inf,inf,inf,1097.3007791849964,inf
75,100,inf,inf,inf,528.1382394790212,inf
75,101,inf,inf,inf,827.9208899405788,inf
75,102,inf,inf,inf,607.1836624943065,inf
75,103,inf,inf,inf,1048.0276713904075,inf
75,104,inf,inf,inf,542.7504030399241,inf
75,105,inf,inf,inf,252.90709756746645,inf
75,106,inf,inf,inf,735.7295698828476,inf
75,107,inf,inf,inf,588.102882155835,inf
75,108,inf,inf,inf,596.6850090290521,inf
75,109,inf,inf,inf,1263.3388302430983,inf
75,110,inf,inf,inf,1206.87696141736,inf
75,111,inf,inf,inf,586.9829639776609,inf
75,112,inf,inf,inf,777.9826476213977,inf
75,113,inf,inf,inf,549.3923916473543,inf
75,114,inf,inf,inf,913.5387238645114,inf
75,115,inf,inf,inf,1345.1486906658313,inf
75,116,inf,inf,inf,585.5399217815981,inf
75,117,inf,inf,inf,612.2434156444641,inf
75,118,inf,inf,inf,755.618951588696,inf
75,119,inf,inf,inf,370.2175036380641,inf
75,120,inf,inf,inf,592.5141348524945,inf
75,121,inf,inf,inf,1224.6248405123913,inf
75,122,inf,inf,inf,1183.478347921921,inf
75,123,inf,inf,inf,1284.782082689512,inf
75,124,inf,inf,inf,465.50832430795475,inf
75,125,inf,inf,inf,1225.3040439009415,inf
75,126,inf,inf,inf,861.5358379080931,inf
75,127,inf,inf,inf,604.6527929316129,inf
75,128,inf,inf,inf,516.0852642732594,inf
75,129,inf,inf,inf,395.37956446938426,inf
75,130,inf,inf,inf,804.7167203432522,inf
75,131,inf,inf,inf,535.3886438840481,inf
75,132,inf,inf,inf,1331.6925320808855,inf
75,133,inf,inf,inf,481.7021901548715,inf
75,134,inf,inf,inf,990.4731192717953,inf
75,135,inf,inf,inf,676.9054586868095,inf
75,136,inf,inf,inf,967.3432689588531,inf
75,137,inf,inf,inf,1259.5018856675047,inf
75,138,inf,inf,inf,1004.1991834292637,inf
75,139,inf,inf,inf,434.225747739583,inf
75,140,inf,inf,inf,1019.0201175639272,inf
75,141,inf,inf,inf,490.16323811563024,inf
75,142,inf,inf,inf,793.1065502188214,inf
75,143,inf,inf,inf,276.72368890284764,inf
75,144,inf,inf,inf,1300.8320414257946,inf
75,145,inf,inf,inf,659.7310057894808,inf
75,146,inf,inf,inf,412.7529527453438,inf
75,147,inf,inf,inf,301.43821920917725,inf
75,148,inf,inf,inf,597.5424671100791,inf
75,149,inf,inf,inf,667.720001198107,inf
75,150,inf,inf,inf,498.2579653151568,inf
75,151,inf,inf,inf,395.5363447270048,inf
75,152,inf,inf,inf,1222.2765644484884,inf
75,153,inf,inf,inf,629.7435986177231,inf
75,154,inf,inf,inf,889.1034810414365,inf
75,155,inf,inf,inf,389.30193937354073,inf
75,156,inf,inf,inf,1071.6613270991913,inf
75,157,inf,inf,inf,194.5379140424817,inf
75,158,inf,inf,inf,196.9771560359221,inf
75,159,inf,inf,inf,570.6391153785377,inf
75,160,inf,inf,inf,1224.1735988004316,inf
75,161,inf,inf,inf,689.826789853801,inf
76,77,inf,inf,inf,589.1638142316617,inf
76,78,inf,inf,inf,597.1884124796796,inf
76,79,inf,inf,inf,411.91868129522845,inf
76,80,inf,inf,inf,302.98844862469593,inf
76,81,inf,inf,inf,532.5307502858403,inf
76,82,inf,inf,inf,764.1891127201434,inf
76,83,inf,inf,inf,268.06156009394556,inf
76,84,inf,inf,inf,857.9516303382144,inf
76,85,inf,inf,inf,542.299732620255,inf
76,86,inf,inf,inf,275.54491466909707,inf
76,87,inf,inf,inf,497.4866832388582,inf
76,88,inf,inf,inf,373.0335105590381,inf
76,89,inf,inf,inf,138.05795884337854,inf
76,90,inf,inf,inf,500.08999190145767,inf
76,91,inf,inf,inf,578.4980553122024,inf
76,92,inf,inf,inf,536.9543742255947,inf
76,93,inf,inf,inf,825.5234702902153,inf
76,94,inf,inf,inf,394.2296285161733,inf
76,95,inf,inf,inf,726.3146700982984,inf
76,96,inf,inf,inf,591.8454190073621,inf
76,97,inf,inf,inf,660.5966999614818,inf
76,98,inf,inf,inf,654.1635881031594,inf
76,99,inf,inf,inf,951.6396376780446,inf
76,100,inf,inf,inf,719.953470718768,inf
76,101,inf,inf,inf,232.57256931977167,inf
76,102,inf,inf,inf,688.6544852101089,inf
76,103,inf,inf,inf,447.47849110320374,inf
76,104,inf,inf,inf,232.0021551624036,inf
76,105,inf,inf,inf,620.7616289688016,inf
76,106,inf,inf,inf,588.1062829115159,inf
76,107,inf,inf,inf,308.0389585750478,inf
76,108,inf,inf,inf,424.4455206501772,inf
76,109,inf,inf,inf,551.3347440530117,inf
76,110,inf,inf,inf,912.5004109588116,inf
76,111,inf,inf,inf,456.4493400148586,inf
76,112,inf,inf,inf,406.831660518205,inf
76,113,inf,inf,inf,368.5986977730659,inf
76,114,inf,inf,inf,532.5729996911222,inf
76,115,inf,inf,inf,695.8764258113649,inf
76,116,inf,inf,inf,217.55918734909818,inf
76,117,inf,inf,inf,414.53226653663523,inf
76,118,inf,inf,inf,982.7619243743624,inf
76,119,inf,inf,inf,724.426669856929,inf
76,120,inf,inf,inf,738.3291948717726,inf
76,121,inf,inf,inf,521.8055193268849,inf
76,122,inf,inf,inf,647.1599493170139,inf
76,123,inf,inf,inf,848.1379604757707,inf
76,124,inf,inf,inf,700.0349991250438,inf
76,125,inf,inf,inf,708.2972539831,inf
76,126,inf,inf,inf,157.64834283937145,inf
76,127,inf,inf,inf,828.2378885320328,inf
76,128,inf,inf,inf,787.0914813412733,inf
76,129,inf,inf,inf,824.2147778340303,inf
76,130,inf,inf,inf,305.91828974417336,inf
76,131,inf,inf,inf,656.9322643926084,inf
76,132,inf,inf,inf,633.9858042574771,inf
76,133,inf,inf,inf,348.36762191684807,inf
76,134,inf,inf,inf,814.764996793554,inf
76,135,inf,inf,inf,499.38562254033707,inf
76,136,inf,inf,inf,983.0127160927268,inf
76,137,inf,inf,inf,871.80043587968,inf
76,138,inf,inf,inf,799.9031191338111,inf
76,139,inf,inf,inf,453.01765969992823,inf
76,140,inf,inf,inf,507.3115413628986,inf
76,141,inf,inf,inf,302.6962173533062,inf
76,142,inf,inf,inf,897.144915830213,inf
76,143,inf,inf,inf,602.6649151891953,inf
76,144,inf,inf,inf,701.8553982124808,inf
76,145,inf,inf,inf,92.57429448826494,inf
76,146,inf,inf,inf,423.4170520893083,inf
76,147,inf,inf,inf,495.24539371911374,inf
76,148,inf,inf,inf,139.46325680981354,inf
76,149,inf,inf,inf,811.1035692191226,inf
76,150,inf,inf,inf,258.14724480420085,inf
76,151,inf,inf,inf,702.0327627682343,inf
76,152,inf,inf,inf,869.4371742685034,inf
76,153,inf,inf,inf,920.3694910197752,inf
76,154,inf,inf,inf,790.1961781734964,inf
76,155,inf,inf,inf,375.37314768107746,inf
76,156,inf,inf,inf,564.4156269984027,inf
76,157,inf,inf,inf,565.4166605256694,inf
76,158,inf,inf,inf,810.4054540783891,inf
76,159,inf,inf,inf,960.0552067459454,inf
76,160,inf,inf,inf,894.8944071788582,inf
76,161,inf,inf,inf,705.868259663232,inf
77,78,inf,inf,inf,959.2163468165041,inf
77,79,inf,inf,inf,652.2767817422294,inf
77,80,inf,inf,inf,857.3750637848059,inf
77,81,inf,inf,inf,1106.1342594820937,inf
77,82,inf,inf,inf,1097.9458092273953,inf
77,83,inf,inf,inf,851.7188503256224,inf
77,84,inf,inf,inf,940.5854559794128,inf
77,85,inf,inf,inf,1129.9969026506224,inf
77,86,inf,inf,inf,758.5308167767477,inf
77,87,inf,inf,inf,737.2848838813936,inf
77,88,inf,inf,inf,606.0825026347486,inf
77,89,inf,inf,inf,552.3278012195294,inf
77,90,inf,inf,inf,627.0948891515542,inf
77,91,inf,inf,inf,977.1642645942391,inf
77,92,inf,inf,inf,128.7245120402482,inf
77,93,inf,inf,inf,734.8339948587028,inf
77,94,inf,inf,inf,748.4230087323612,inf
77,95,inf,inf,inf,856.3930172531768,inf
77,96,inf,inf,inf,779.0308081199356,inf
77,97,inf,inf,inf,1171.7141289580834,inf
77,98,inf,inf,inf,1018.4380197145038,inf
77,99,inf,inf,inf,1486.162844374734,inf
77,100,inf,inf,inf,1079.4206779564674,inf
77,101,inf,inf,inf,449.2883261336755,inf
77,102,inf,inf,inf,1100.509427492559,inf
77,103,inf,inf,inf,528.4174486142562,inf
77,104,inf,inf,inf,412.70449476592813,inf
77,105,inf,inf,inf,839.0357560914791,inf
77,106,inf,inf,inf,3.605551275463989,inf
77,107,inf,inf,inf,793.5200060489968,inf
77,108,inf,inf,inf,897.8017598557044,inf
77,109,inf,inf,inf,894.1968463375388,inf
77,110,inf,inf,inf,1484.8316402878813,inf
77,111,inf,inf,inf,918.3332728372636,inf
77,112,inf,inf,inf,223.98660674245681,inf
77,113,inf,inf,inf,822.5211243487914,inf
77,114,inf,inf,inf,252.1269521491108,inf
77,115,inf,inf,inf,1235.1785296061457,inf
77,116,inf,inf,inf,704.2513755755114,inf
77,117,inf,inf,inf,191.01047091717248,inf
77,118,inf,inf,inf,1358.4642063742424,inf
77,119,inf,inf,inf,443.8468204234429,inf
77,120,inf,inf,inf,1126.0284188243209,inf
77,121,inf,inf,inf,823.4615959472549,inf
77,122,inf,inf,inf,1233.3669364791647,inf
77,123,inf,inf,inf,1437.0191369637357,inf
77,124,inf,inf,inf,1031.0446159114551,inf
77,125,inf,inf,inf,1295.5666713836074,inf
77,126,inf,inf,inf,603.1624988342694,inf
77,127,inf,inf,inf,1188.7236853028546,inf
77,128,inf,inf,inf,1114.919279589334,inf
77,129,inf,inf,inf,1063.5826249050895,inf
77,130,inf,inf,inf,886.1692840535605,inf
77,131,inf,inf,inf,245.68679248181007,inf
77,132,inf,inf,inf,1115.0354254462052,inf
77,133,inf,inf,inf,752.745640970441,inf
77,134,inf,inf,inf,1350.5924625881785,inf
77,135,inf,inf,inf,93.29523031752481,inf
77,136,inf,inf,inf,1459.468396369034,inf
77,137,inf,inf,inf,1457.6041986767189,inf
77,138,inf,inf,inf,1343.7622557580637,inf
77,139,inf,inf,inf,317.3972274611106,inf
77,140,inf,inf,inf,418.90452372825956,inf
77,141,inf,inf,inf,709.3045890165945,inf
77,142,inf,inf,inf,1326.7226537600088,inf
77,143,inf,inf,inf,840.4861688332534,inf
77,144,inf,inf,inf,1270.3074431018658,inf
77,145,inf,inf,inf,636.6223370256498,inf
77,146,inf,inf,inf,772.9243171229639,inf
77,147,inf,inf,inf,752.0864312032228,inf
77,148,inf,inf,inf,488.3605225650411,inf
77,149,inf,inf,inf,1211.3137496123786,inf
77,150,inf,inf,inf,659.2738429514703,inf
77,151,inf,inf,inf,404.55407549547687,inf
77,152,inf,inf,inf,1450.8497510080083,inf
77,153,inf,inf,inf,1255.1438164608867,inf
77,154,inf,inf,inf,1296.7605792897932,inf
77,155,inf,inf,inf,690.0557948456052,inf
77,156,inf,inf,inf,1153.5618752368682,inf
77,157,inf,inf,inf,731.7718223599485,inf
77,158,inf,inf,inf,920.5090982711687,inf
77,159,inf,inf,inf,1240.272550691984,inf
77,160,inf,inf,inf,1473.2121367949696,inf
77,161,inf,inf,inf,1152.8972200504259,inf
78,79,inf,inf,inf,308.1833869630224,inf
78,80,inf,inf,inf,740.5538467930606,inf
78,81,inf,inf,inf,507.0433906481772,inf
78,82,inf,inf,inf,167.01197561851666,inf
78,83,inf,inf,inf,509.094293819917,inf
78,84,inf,inf,inf,445.49859707972143,inf
78,85,inf,inf,inf,717.8669793213782,inf
78,86,inf,inf,inf,329.4373992126577,inf
78,87,inf,inf,inf,238.2540660723338,inf
78,88,inf,inf,inf,970.0515450222221,inf
78,89,inf,inf,inf,499.3215396916099,inf
78,90,inf,inf,inf,1097.0505913584843,inf
78,91,inf,inf,inf,61.465437442517235,inf
78,92,inf,inf,inf,982.2311336951196,inf
78,93,inf,inf,inf,615.7312725532138,inf
78,94,inf,inf,inf,222.49719099350446,inf
78,95,inf,inf,inf,337.6758800980609,inf
78,96,inf,inf,inf,261.0766171069328,inf
78,97,inf,inf,inf,1048.6801228210632,inf
78,98,inf,inf,inf,60.92618484691127,inf
78,99,inf,inf,inf,631.6518028154436,inf
78,100,inf,inf,inf,126.82665335015349,inf
78,101,inf,inf,inf,808.8436190018439,inf
78,102,inf,inf,inf,151.44966160411187,inf
78,103,inf,inf,inf,1038.4300650501218,inf
78,104,inf,inf,inf,583.7233933979346,inf
78,105,inf,inf,inf,214.18916872708573,inf
78,106,inf,inf,inf,960.402519780118,inf
78,107,inf,inf,inf,305.56505035753025,inf
78,108,inf,inf,inf,222.27910383119686,inf
78,109,inf,inf,inf,1106.4989832801475,inf
78,110,inf,inf,inf,745.9738601318413,inf
78,111,inf,inf,inf,192.52012881774206,inf
78,112,inf,inf,inf,887.7172973418959,inf
78,113,inf,inf,inf,239.07530194480566,inf
78,114,inf,inf,inf,1037.327335029787,inf
78,115,inf,inf,inf,1022.3746866975923,inf
78,116,inf,inf,inf,381.15875957401266,inf
78,117,inf,inf,inf,777.9955012723402,inf
78,118,inf,inf,inf,405.7893542221136,inf
78,119,inf,inf,inf,766.5872422627447,inf
78,120,inf,inf,inf,166.81726529349413,inf
78,121,inf,inf,inf,1095.8836617086688,inf
78,122,inf,inf,inf,801.0156053411195,inf
78,123,inf,inf,inf,852.0093896196215,inf
78,124,inf,inf,inf,105.32331175955302,inf
78,125,inf,inf,inf,828.8335176620212,inf
78,126,inf,inf,inf,750.3525837897807,inf
78,127,inf,inf,inf,239.0815760362977,inf
78,128,inf,inf,inf,190.02368273454758,inf
78,129,inf,inf,inf,268.4026825499328,inf
78,130,inf,inf,inf,490.69746280167374,inf
78,131,inf,inf,inf,856.6130981954456,inf
78,132,inf,inf,inf,1069.9719622494788,inf
78,133,inf,inf,inf,250.9222987301049,inf
78,134,inf,inf,inf,524.1869895371308,inf
78,135,inf,inf,inf,873.3017806004978,inf
78,136,inf,inf,inf,525.4788292595621,inf
78,137,inf,inf,inf,814.2542600441216,inf
78,138,inf,inf,inf,539.3709298803561,inf
78,139,inf,inf,inf,654.2759356724042,inf
78,140,inf,inf,inf,1072.0153916805486,inf
78,141,inf,inf,inf,299.7081914129142,inf
78,142,inf,inf,inf,371.47409061736727,inf
78,143,inf,inf,inf,190.05525512334563,inf
78,144,inf,inf,inf,942.9363711300991,inf
78,145,inf,inf,inf,506.0039525537325,inf
78,146,inf,inf,inf,193.54586019855861,inf
78,147,inf,inf,inf,219.02054698132775,inf
78,148,inf,inf,inf,562.7361726422072,inf
78,149,inf,inf,inf,252.23996511258878,inf
78,150,inf,inf,inf,352.23003846918,inf
78,151,inf,inf,inf,775.1025738571637,inf
78,152,inf,inf,inf,770.7950440940834,inf
78,153,inf,inf,inf,325.0261527938944,inf
78,154,inf,inf,inf,422.8711387645177,inf
78,155,inf,inf,inf,273.4245782661098,inf
78,156,inf,inf,inf,689.2263779049667,inf
78,157,inf,inf,inf,295.3811097548386,inf
78,158,inf,inf,inf,391.8992217394671,inf
78,159,inf,inf,inf,366.9386869764484,inf
78,160,inf,inf,inf,768.0533835613251,inf
78,161,inf,inf,inf,227.0594635772753,inf
79,80,inf,inf,inf,661.3115755829472,inf
79,81,inf,inf,inf,624.515812449933,inf
79,82,inf,inf,inf,448.15176000993233,inf
79,83,inf,inf,inf,478.85279575251514,inf
79,84,inf,inf,inf,446.0605340085581,inf
79,85,inf,inf,inf,769.4413557900303,inf
79,86,inf,inf,inf,262.20602586515815,inf
79,87,inf,inf,inf,97.25224933131366,inf
79,88,inf,inf,inf,764.0399204230104,inf
79,89,inf,inf,inf,277.80028797681257,inf
79,90,inf,inf,inf,878.9544925648881,inf
79,91,inf,inf,inf,333.7439138021846,inf
79,92,inf,inf,inf,683.3542273228431,inf
79,93,inf,inf,inf,457.5172127909506,inf
79,94,inf,inf,inf,127.09838708654017,inf
79,95,inf,inf,inf,314.65854509293086,inf
79,96,inf,inf,inf,182.28000438885226,inf
79,97,inf,inf,inf,1016.2307808760764,inf
79,98,inf,inf,inf,366.54194848611803,inf
79,99,inf,inf,inf,893.6201653946715,inf
79,100,inf,inf,inf,427.16273245684715,inf
79,101,inf,inf,inf,571.5531471350674,inf
79,102,inf,inf,inf,454.3941020743997,inf
79,103,inf,inf,inf,803.9900496896712,inf
79,104,inf,inf,inf,303.90788077968625,inf
79,105,inf,inf,inf,222.22511109233358,inf
79,106,inf,inf,inf,653.583965531591,inf
79,107,inf,inf,inf,275.52313877422347,inf
79,108,inf,inf,inf,318.3975502418321,inf
79,109,inf,inf,inf,963.0519196803463,inf
79,110,inf,inf,inf,956.059621571793,inf
79,111,inf,inf,inf,322.37400639629743,inf
79,112,inf,inf,inf,600.8735307866373,inf
79,113,inf,inf,inf,253.0177859360879,inf
79,114,inf,inf,inf,750.4032249397653,inf
79,115,inf,inf,inf,1022.1531196449972,inf
79,116,inf,inf,inf,262.15453457836657,inf
79,117,inf,inf,inf,475.0621012036216,inf
79,118,inf,inf,inf,706.7007853398778,inf
79,119,inf,inf,inf,496.7947262199952,inf
79,120,inf,inf,inf,474.768364573715,inf
79,121,inf,inf,inf,932.7143185348878,inf
79,122,inf,inf,inf,871.8606540038379,inf
79,123,inf,inf,inf,996.3498381592682,inf
79,124,inf,inf,inf,380.3682426281143,inf
79,125,inf,inf,inf,917.9302805769074,inf
79,126,inf,inf,inf,566.4715350306668,inf
79,127,inf,inf,inf,537.0037243818706,inf
79,128,inf,inf,inf,466.5211677941313,inf
79,129,inf,inf,inf,446.9776280755,inf
79,130,inf,inf,inf,485.7417009069738,inf
79,131,inf,inf,inf,555.5546777770843,inf
79,132,inf,inf,inf,1010.5864633963786,inf
79,133,inf,inf,inf,173.93389548906217,inf
79,134,inf,inf,inf,768.1204332655134,inf
79,135,inf,inf,inf,568.1909890168973,inf
79,136,inf,inf,inf,824.2190242890539,inf
79,137,inf,inf,inf,983.0183111214155,inf
79,138,inf,inf,inf,772.3794404306733,inf
79,139,inf,inf,inf,346.49386718959397,inf
79,140,inf,inf,inf,810.2246602023416,inf
79,141,inf,inf,inf,169.9235122047564,inf
79,142,inf,inf,inf,678.846079755934,inf
79,143,inf,inf,inf,211.53250341259616,inf
79,144,inf,inf,inf,981.9419534779029,inf
79,145,inf,inf,inf,343.6000582072128,inf
79,146,inf,inf,inf,138.53880322855397,inf
79,147,inf,inf,inf,105.51303237041384,inf
79,148,inf,inf,inf,318.6989174754128,inf
79,149,inf,inf,inf,560.3320444165228,inf
79,150,inf,inf,inf,175.17134468856486,inf
79,151,inf,inf,inf,496.4443574057419,inf
79,152,inf,inf,inf,954.258874729494,inf
79,153,inf,inf,inf,608.0534515978015,inf
79,154,inf,inf,inf,688.4104880084266,inf
79,155,inf,inf,inf,73.55270219373317,inf
79,156,inf,inf,inf,762.0813604858736,inf
79,157,inf,inf,inf,153.56106277308712,inf
79,158,inf,inf,inf,398.74051712862087,inf
79,159,inf,inf,inf,610.2335618433323,inf
79,160,inf,inf,inf,963.2138910958458,inf
79,161,inf,inf,inf,516.7213949508962,inf
80,81,inf,inf,inf,426.07159022868444,inf
80,82,inf,inf,inf,897.2229377362128,inf
80,83,inf,inf,inf,234.29255216502295,inf
80,84,inf,inf,inf,1094.1759456321456,inf
80,85,inf,inf,inf,309.86610011422675,inf
80,86,inf,inf,inf,430.20576472195256,inf
80,87,inf,inf,inf,727.1567918956681,inf
80,88,inf,inf,inf,400.2249367543207,inf
80,89,inf,inf,inf,424.53032871633565,inf
80,90,inf,inf,inf,519.7576358265457,inf
80,91,inf,inf,inf,699.5098283798449,inf
80,92,inf,inf,inf,778.6822201642979,inf
80,93,inf,inf,inf,1106.0221516769002,inf
80,94,inf,inf,inf,595.8263169750057,inf
80,95,inf,inf,inf,960.2004998957249,inf
80,96,inf,inf,inf,824.1753454211064,inf
80,97,inf,inf,inf,361.56603822815,inf
80,98,inf,inf,inf,784.8796086024913,inf
80,99,inf,inf,inf,870.5791175993139,inf
80,100,inf,inf,inf,842.720000949307,inf
80,101,inf,inf,inf,420.6376112522512,inf
80,102,inf,inf,inf,777.2676501694896,inf
80,103,inf,inf,inf,525.4074609291345,inf
80,104,inf,inf,inf,534.9476609912413,inf
80,105,inf,inf,inf,836.1728290251962,inf
80,106,inf,inf,inf,855.6547200828147,inf
80,107,inf,inf,inf,442.54039363655835,inf
80,108,inf,inf,inf,521.7853964993654,inf
80,109,inf,inf,inf,388.329756778952,inf
80,110,inf,inf,inf,761.9009121926551,inf
80,111,inf,inf,inf,554.7936553350263,inf
80,112,inf,inf,inf,646.8029066106615,inf
80,113,inf,inf,inf,506.69616142220775,inf
80,114,inf,inf,inf,735.0455768181997,inf
80,115,inf,inf,inf,393.15391388106514,inf
80,116,inf,inf,inf,404.2499226963439,inf
80,117,inf,inf,inf,700.9771750920282,inf
80,118,inf,inf,inf,1061.0113100245444,inf
80,119,inf,inf,inf,1026.9430363949111,inf
80,120,inf,inf,inf,837.8448543734096,inf
80,121,inf,inf,inf,404.0853870161602,inf
80,122,inf,inf,inf,397.70592150482247,inf
80,123,inf,inf,inf,629.8348990013177,inf
80,124,inf,inf,inf,844.5691209131435,inf
80,125,inf,inf,inf,462.1179503113897,inf
80,126,inf,inf,inf,258.54400012377005,inf
80,127,inf,inf,inf,934.7791182947981,inf
80,128,inf,inf,inf,920.6590031059274,inf
80,129,inf,inf,inf,1001.8482919085104,inf
80,130,inf,inf,inf,262.21365334398587,inf
80,131,inf,inf,inf,955.3313561272863,inf
80,132,inf,inf,inf,349.3136126749142,inf
80,133,inf,inf,inf,534.5521489995153,inf
80,134,inf,inf,inf,745.1872247965608,inf
80,135,inf,inf,inf,774.5062943578961,inf
80,136,inf,inf,inf,972.4299460629542,inf
80,137,inf,inf,inf,677.0716357963904,inf
80,138,inf,inf,inf,718.6438617284642,inf
80,139,inf,inf,inf,755.9239379725979,inf
80,140,inf,inf,inf,642.3745013619392,inf
80,141,inf,inf,inf,506.66063592902105,inf
80,142,inf,inf,inf,941.002125396112,inf
80,143,inf,inf,inf,812.7687247919915,inf
80,144,inf,inf,inf,412.9418845309834,inf
80,145,inf,inf,inf,327.27358585745964,inf
80,146,inf,inf,inf,618.5466837676846,inf
80,147,inf,inf,inf,718.2492603546488,inf
80,148,inf,inf,inf,442.10858394742803,inf
80,149,inf,inf,inf,890.3285910269309,inf
80,150,inf,inf,inf,486.4915209949707,inf
80,151,inf,inf,inf,1004.9736314948766,inf
80,152,inf,inf,inf,694.0180112936551,inf
80,153,inf,inf,inf,1033.3489246135596,inf
80,154,inf,inf,inf,765.6631112963455,inf
80,155,inf,inf,inf,603.9279758381789,inf
80,156,inf,inf,inf,352.9036695757073,inf
80,157,inf,inf,inf,809.3763030877541,inf
80,158,inf,inf,inf,1042.0407861499473,inf
80,159,inf,inf,inf,1101.8420939499454,inf
80,160,inf,inf,inf,728.4023613360956,inf
80,161,inf,inf,inf,760.2157588474472,inf
81,82,inf,inf,inf,615.7694373708393,inf
81,83,inf,inf,inf,266.60832695172894,inf
81,84,inf,inf,inf,946.3033340319582,inf
81,85,inf,inf,inf,232.59406699226014,inf
81,86,inf,inf,inf,380.11051024669126,inf
81,87,inf,inf,inf,633.7460059045737,inf
81,88,inf,inf,inf,806.0229525267875,inf
81,89,inf,inf,inf,556.9245909456683,inf
81,90,inf,inf,inf,933.6150170171858,inf
81,91,inf,inf,inf,447.23260167389407,inf
81,92,inf,inf,inf,1067.4179125347298,inf
81,93,inf,inf,inf,1064.4895490327747,inf
81,94,inf,inf,inf,503.23950560344525,inf
81,95,inf,inf,inf,825.6209784156408,inf
81,96,inf,inf,inf,711.5405821174222,inf
81,97,inf,inf,inf,606.0404276943907,inf
81,98,inf,inf,inf,522.3839584060751,inf
81,99,inf,inf,inf,446.3462781294362,inf
81,100,inf,inf,inf,557.5517913162867,inf
81,101,inf,inf,inf,750.746961365812,inf
81,102,inf,inf,inf,462.7504727172086,inf
81,103,inf,inf,inf,920.4890004774636,inf
81,104,inf,inf,inf,700.6083071160375,inf
81,105,inf,inf,inf,690.4404391401188,inf
81,106,inf,inf,inf,1105.6292326091962,inf
81,107,inf,inf,inf,355.2027589982938,inf
81,108,inf,inf,inf,320.4075529696515,inf
81,109,inf,inf,inf,805.0596251210217,inf
81,110,inf,inf,inf,380.4339627320358,inf
81,111,inf,inf,inf,333.92364396670087,inf
81,112,inf,inf,inf,938.8381117104269,inf
81,113,inf,inf,inf,372.7868023414992,inf
81,114,inf,inf,inf,1063.5436051239271,inf
81,115,inf,inf,inf,551.5188120091644,inf
81,116,inf,inf,inf,417.71401700206326,inf
81,117,inf,inf,inf,919.147431046837,inf
81,118,inf,inf,inf,700.0242852930176,inf
81,119,inf,inf,inf,1108.996393141114,inf
81,120,inf,inf,inf,524.8018673747265,inf
81,121,inf,inf,inf,828.9028893664203,inf
81,122,inf,inf,inf,297.73310195542587,inf
81,123,inf,inf,inf,371.84539798147296,inf
81,124,inf,inf,inf,587.962583843564,inf
81,125,inf,inf,inf,321.79496577790025,inf
81,126,inf,inf,inf,608.6000328623061,inf
81,127,inf,inf,inf,615.4421175057813,inf
81,128,inf,inf,inf,636.2153723386444,inf
81,129,inf,inf,inf,766.4209026377087,inf
81,130,inf,inf,inf,227.07928130941406,inf
81,131,inf,inf,inf,1114.9318364814953,inf
81,132,inf,inf,inf,655.3052723731131,inf
81,133,inf,inf,inf,450.6051486612198,inf
81,134,inf,inf,inf,319.1191000237999,inf
81,135,inf,inf,inf,1013.294133013707,inf
81,136,inf,inf,inf,556.0404661533188,inf
81,137,inf,inf,inf,364.44615514503647,inf
81,138,inf,inf,inf,293.1381926668717,inf
81,139,inf,inf,inf,888.8925694368246,inf
81,140,inf,inf,inf,1015.1985027569731,inf
81,141,inf,inf,inf,465.0870886188951,inf
81,142,inf,inf,inf,559.3889523399617,inf
81,143,inf,inf,inf,663.1274387325561,inf
81,144,inf,inf,inf,449.0100221598623,inf
81,145,inf,inf,inf,470.12445160829486,inf
81,146,inf,inf,inf,505.88239740081883,inf
81,147,inf,inf,inf,615.6208248589386,inf
81,148,inf,inf,inf,617.9749185848889,inf
81,149,inf,inf,inf,546.7065026136053,inf
81,150,inf,inf,inf,492.4276596618025,inf
81,151,inf,inf,inf,1101.285158349099,inf
81,152,inf,inf,inf,347.25494956875707,inf
81,153,inf,inf,inf,710.1781466646239,inf
81,154,inf,inf,inf,351.0,inf
81,155,inf,inf,inf,551.0081669086221,inf
81,156,inf,inf,inf,190.8821626030049,inf
81,157,inf,inf,inf,722.4326958270923,inf
81,158,inf,inf,inf,891.588470091443,inf
81,159,inf,inf,inf,806.0303964491662,inf
81,160,inf,inf,inf,367.26693289758606,inf
81,161,inf,inf,inf,410.1865429289459,inf
82,83,inf,inf,inf,663.4606243026032,inf
82,84,inf,inf,inf,417.02997494184996,inf
82,85,inf,inf,inf,840.9233020912193,inf
82,86,inf,inf,inf,495.4593827954013,inf
82,87,inf,inf,inf,360.83514241270905,inf
82,88,inf,inf,inf,1137.0633227749456,inf
82,89,inf,inf,inf,664.0368965652435,inf
82,90,inf,inf,inf,1263.98931957513,inf
82,91,inf,inf,inf,197.80040444852483,inf
82,92,inf,inf,inf,1131.1591399975514,inf
82,93,inf,inf,inf,647.686652633818,inf
82,94,inf,inf,inf,383.64827641995214,inf
82,95,inf,inf,inf,352.9107535907627,inf
82,96,inf,inf,inf,340.26166401756166,inf
82,97,inf,inf,inf,1189.7566978168268,inf
82,98,inf,inf,inf,113.1591799192624,inf
82,99,inf,inf,inf,622.6146480769626,inf
82,100,inf,inf,inf,58.412327466040935,inf
82,101,inf,inf,inf,974.25920575584,inf
82,102,inf,inf,inf,157.8670326572334,inf
82,103,inf,inf,inf,1204.6078199978613,inf
82,104,inf,inf,inf,740.0,inf
82,105,inf,inf,inf,278.62519627628797,inf
82,106,inf,inf,inf,1099.4344000439498,inf
82,107,inf,inf,inf,469.9755312779592,inf
82,108,inf,inf,inf,375.47436663506073,inf
82,109,inf,inf,inf,1269.088255402279,inf
82,110,inf,inf,inf,781.1081871290302,inf
82,111,inf,inf,inf,342.4748165924029,inf
82,112,inf,inf,inf,1043.193654121803,inf
82,113,inf,inf,inf,403.74496900890296,inf
82,114,inf,inf,inf,1193.129079353948,inf
82,115,inf,inf,inf,1154.431894916283,inf
82,116,inf,inf,inf,548.0739001266161,inf
82,117,inf,inf,inf,923.205285946739,inf
82,118,inf,inf,inf,262.60616900598507,inf
82,119,inf,inf,inf,854.3213681045324,inf
82,120,inf,inf,inf,105.94810050208545,inf
82,121,inf,inf,inf,1260.630001229544,inf
82,122,inf,inf,inf,913.4292528707409,inf
82,123,inf,inf,inf,926.7561707374815,inf
82,124,inf,inf,inf,68.35202996254024,inf
82,125,inf,inf,inf,932.4398103899254,inf
82,126,inf,inf,inf,917.2404264967828,inf
82,127,inf,inf,inf,96.21330469326995,inf
82,128,inf,inf,inf,23.53720459187964,inf
82,129,inf,inf,inf,170.60187572239644,inf
82,130,inf,inf,inf,640.834612049006,inf
82,131,inf,inf,inf,971.1050406624404,inf
82,132,inf,inf,inf,1217.6210412110986,inf
82,133,inf,inf,inf,417.306841544684,inf
82,134,inf,inf,inf,543.9604765054168,inf
82,135,inf,inf,inf,1015.722895281976,inf
82,136,inf,inf,inf,461.19518644495844,inf
82,137,inf,inf,inf,875.7539608817079,inf
82,138,inf,inf,inf,568.6281737655988,inf
82,139,inf,inf,inf,784.9140080289051,inf
82,140,inf,inf,inf,1234.986639603846,inf
82,141,inf,inf,inf,465.5856526999087,inf
82,142,inf,inf,inf,283.365488371467,inf
82,143,inf,inf,inf,267.30132809247317,inf
82,144,inf,inf,inf,1063.3503655898182,inf
82,145,inf,inf,inf,673.0,inf
82,146,inf,inf,inf,353.7075062816734,inf
82,147,inf,inf,inf,345.9147293770533,inf
82,148,inf,inf,inf,725.8353807854782,inf
82,149,inf,inf,inf,160.46183346827368,inf
82,150,inf,inf,inf,517.1779190955468,inf
82,151,inf,inf,inf,869.2784364057353,inf
82,152,inf,inf,inf,824.5059126531477,inf
82,153,inf,inf,inf,161.60754932861275,inf
82,154,inf,inf,inf,428.5615475051396,inf
82,155,inf,inf,inf,428.1798687467686,inf
82,156,inf,inf,inf,805.4663245598788,inf
82,157,inf,inf,inf,385.56063077031087,inf
82,158,inf,inf,inf,372.6472863177726,inf
82,159,inf,inf,inf,204.6191584383046,inf
82,160,inf,inf,inf,813.5557755925527,inf
82,161,inf,inf,inf,234.95744295510198,inf
83,84,inf,inf,inf,886.729947616522,inf
83,85,inf,inf,inf,304.138126514911,inf
83,86,inf,inf,inf,221.20578654275752,inf
83,87,inf,inf,inf,526.780789323225,inf
83,88,inf,inf,inf,556.9174085984384,inf
83,89,inf,inf,inf,318.2341904949875,inf
83,90,inf,inf,inf,687.6925184993654,inf
83,91,inf,inf,inf,465.966737010272,inf
83,92,inf,inf,inf,804.9055845252908,inf
83,93,inf,inf,inf,936.1207187110004,inf
83,94,inf,inf,inf,388.63093031821336,inf
83,95,inf,inf,inf,754.1153757880819,inf
83,96,inf,inf,inf,621.1811330038928,inf
83,97,inf,inf,inf,551.457160620841,inf
83,98,inf,inf,inf,551.5006799633161,inf
83,99,inf,inf,inf,700.6261485271585,inf
83,100,inf,inf,inf,608.6115345604288,inf
83,101,inf,inf,inf,484.4305935838487,inf
83,102,inf,inf,inf,543.6855708955314,inf
83,103,inf,inf,inf,663.7017402418047,inf
83,104,inf,inf,inf,459.67379738244813,inf
83,105,inf,inf,inf,623.8621642638701,inf
83,106,inf,inf,inf,850.9242034400008,inf
83,107,inf,inf,inf,222.82953125651906,inf
83,108,inf,inf,inf,288.40423020475964,inf
83,109,inf,inf,inf,616.4324780541662,inf
83,110,inf,inf,inf,645.174395028197,inf
83,111,inf,inf,inf,321.00623046912966,inf
83,112,inf,inf,inf,674.8547991975755,inf
83,113,inf,inf,inf,281.8119940669666,inf
83,114,inf,inf,inf,797.1605860803706,inf
83,115,inf,inf,inf,545.6161654496685,inf
83,116,inf,inf,inf,220.05681084665386,inf
83,117,inf,inf,inf,669.5252049026982,inf
83,118,inf,inf,inf,830.2204526509811,inf
83,119,inf,inf,inf,914.8579124650997,inf
83,120,inf,inf,inf,603.8584271168202,inf
83,121,inf,inf,inf,621.0442818350396,inf
83,122,inf,inf,inf,410.95133531842913,inf
83,123,inf,inf,inf,588.1776942387394,inf
83,124,inf,inf,inf,612.1601097752123,inf
83,125,inf,inf,inf,466.10728378775633,inf
83,126,inf,inf,inf,347.51978360950903,inf
83,127,inf,inf,inf,700.7231978463393,inf
83,128,inf,inf,inf,686.8493284556665,inf
83,129,inf,inf,inf,773.6336342222977,inf
83,130,inf,inf,inf,40.80441152620633,inf
83,131,inf,inf,inf,888.0883965011591,inf
83,132,inf,inf,inf,563.3515776138379,inf
83,133,inf,inf,inf,325.5042242429428,inf
83,134,inf,inf,inf,566.1174789741084,inf
83,135,inf,inf,inf,760.0532876055468,inf
83,136,inf,inf,inf,766.2486541586876,inf
83,137,inf,inf,inf,605.9249128398667,inf
83,138,inf,inf,inf,546.6351616937937,inf
83,139,inf,inf,inf,667.1266746278401,inf
83,140,inf,inf,inf,751.3215024209011,inf
83,141,inf,inf,inf,310.47383142545203,inf
83,142,inf,inf,inf,716.1927114960051,inf
83,143,inf,inf,inf,598.7537056252763,inf
83,144,inf,inf,inf,504.9059318328514,inf
83,145,inf,inf,inf,218.68013169924697,inf
83,146,inf,inf,inf,406.63620104461927,inf
83,147,inf,inf,inf,514.463798532025,inf
83,148,inf,inf,inf,369.44417710934357,inf
83,149,inf,inf,inf,658.3859050739163,inf
83,150,inf,inf,inf,309.5561338432821,inf
83,151,inf,inf,inf,900.4093513508176,inf
83,152,inf,inf,inf,601.6061834788602,inf
83,153,inf,inf,inf,799.2177425457971,inf
83,154,inf,inf,inf,562.5202218587347,inf
83,155,inf,inf,inf,411.40004861448426,inf
83,156,inf,inf,inf,312.51879943453,inf
83,157,inf,inf,inf,614.4273756921968,inf
83,158,inf,inf,inf,832.9909963499006,inf
83,159,inf,inf,inf,868.0466577321752,inf
83,160,inf,inf,inf,626.8341088358227,inf
83,161,inf,inf,inf,531.0,inf
84,85,inf,inf,inf,1142.265293178428,inf
84,86,inf,inf,inf,667.9416142148953,inf
84,87,inf,inf,inf,367.6139279189514,inf
84,88,inf,inf,inf,1202.268272890872,inf
84,89,inf,inf,inf,722.7703646387281,inf
84,90,inf,inf,inf,1310.4400024419278,inf
84,91,inf,inf,inf,506.96055073348657,inf
84,92,inf,inf,inf,1017.5504901477863,inf
84,93,inf,inf,inf,277.2435752186153,inf
84,94,inf,inf,inf,499.795958367012,inf
84,95,inf,inf,inf,134.01492454200763,inf
84,96,inf,inf,inf,270.4144966528237,inf
84,97,inf,inf,inf,1437.6943346900969,inf
84,98,inf,inf,inf,451.6159873166582,inf
84,99,inf,inf,inf,1038.3029423053756,inf
84,100,inf,inf,inf,454.8516241589119,inf
84,101,inf,inf,inf,1000.8441437106978,inf
84,102,inf,inf,inf,552.7313995061254,inf
84,103,inf,inf,inf,1227.9780128324774,inf
84,104,inf,inf,inf,717.1847739599608,inf
84,105,inf,inf,inf,263.89770745499095,inf
84,106,inf,inf,inf,943.1913909700406,inf
84,107,inf,inf,inf,664.0820732409511,inf
84,108,inf,inf,inf,634.8582518956496,inf
84,109,inf,inf,inf,1409.103615778485,inf
84,110,inf,inf,inf,1182.3028376858445,inf
84,111,inf,inf,inf,614.837376872942,inf
84,112,inf,inf,inf,974.4973063072058,inf
84,113,inf,inf,inf,610.0098359862733,inf
84,114,inf,inf,inf,1114.0040394899831,inf
84,115,inf,inf,inf,1428.883830127558,inf
84,116,inf,inf,inf,690.1630242196404,inf
84,117,inf,inf,inf,813.0744123387477,inf
84,118,inf,inf,inf,621.1537651821809,inf
84,119,inf,inf,inf,567.1340229610635,inf
84,120,inf,inf,inf,517.869674725215,inf
84,121,inf,inf,inf,1378.0689387690297,inf
84,122,inf,inf,inf,1233.3568015785213,inf
84,123,inf,inf,inf,1297.4609820722933,inf
84,124,inf,inf,inf,397.404076476324,inf
84,125,inf,inf,inf,1266.52990489763,inf
84,126,inf,inf,inf,1011.725259148945,inf
84,127,inf,inf,inf,497.13680209777266,inf
84,128,inf,inf,inf,412.95036021294374,inf
84,129,inf,inf,inf,258.28859827719845,inf
84,130,inf,inf,inf,881.5469357895812,inf
84,131,inf,inf,inf,741.8389313051722,inf
84,132,inf,inf,inf,1441.937932090005,inf
84,133,inf,inf,inf,562.4739993990834,inf
84,134,inf,inf,inf,950.5919208577359,inf
84,135,inf,inf,inf,882.1048690490264,inf
84,136,inf,inf,inf,873.4557802201551,inf
84,137,inf,inf,inf,1258.903093967125,inf
84,138,inf,inf,inf,971.205436558095,inf
84,139,inf,inf,inf,637.0180531193758,inf
84,140,inf,inf,inf,1210.4552862456342,inf
84,141,inf,inf,inf,587.5270206552206,inf
84,142,inf,inf,inf,693.0007215003459,inf
84,143,inf,inf,inf,290.17236257093816,inf
84,144,inf,inf,inf,1366.0527076214885,inf
84,145,inf,inf,inf,787.472539203749,inf
84,146,inf,inf,inf,480.1260251225713,inf
84,147,inf,inf,inf,375.9321747336878,inf
84,148,inf,inf,inf,756.2254954707623,inf
84,149,inf,inf,inf,575.9461780409694,inf
84,150,inf,inf,inf,612.6867062373722,inf
84,151,inf,inf,inf,596.1384067479631,inf
84,152,inf,inf,inf,1213.7676878216853,inf
84,153,inf,inf,inf,492.37891912631676,inf
84,154,inf,inf,inf,838.7448956625608,inf
84,155,inf,inf,inf,492.1991466875984,inf
84,156,inf,inf,inf,1120.390110631114,inf
84,157,inf,inf,inf,292.53546793508644,inf
84,158,1.0,59.0122,59.01219330881974,54.91812087098393,1.0745486621338298
84,159,inf,inf,inf,407.4616546375867,inf
84,160,inf,inf,inf,1208.5979480373114,inf
84,161,inf,inf,inf,637.6715455467651,inf
85,86,inf,inf,inf,507.33026718302546,inf
85,87,inf,inf,inf,801.8690666187342,inf
85,88,inf,inf,inf,708.881513371593,inf
85,89,inf,inf,inf,619.0516941257814,inf
85,90,inf,inf,inf,824.1098227784935,inf
85,91,inf,inf,inf,661.2087416240048,inf
85,92,inf,inf,inf,1066.189945553793,inf
85,93,inf,inf,inf,1225.4705218812894,inf
85,94,inf,inf,inf,663.2721914870244,inf
85,95,inf,inf,inf,1014.8940831436549,inf
85,96,inf,inf,inf,889.9494367659322,inf
85,97,inf,inf,inf,378.34508058120696,inf
85,98,inf,inf,inf,741.5153403672779,inf
85,99,inf,inf,inf,615.8449480185739,inf
85,100,inf,inf,inf,782.5113417708397,inf
85,101,inf,inf,inf,716.3106867833259,inf
85,102,inf,inf,inf,691.4463102801258,inf
85,103,inf,inf,inf,835.0568842899266,inf
85,104,inf,inf,inf,756.856657498631,inf
85,105,inf,inf,inf,879.7545112132134,inf
85,106,inf,inf,inf,1128.767469410773,inf
85,107,inf,inf,inf,496.214671286531,inf
85,108,inf,inf,inf,507.80015754231505,inf
85,109,inf,inf,inf,634.6975657744404,inf
85,110,inf,inf,inf,467.6002566295275,inf
85,111,inf,inf,inf,530.4573498406822,inf
85,112,inf,inf,inf,933.4007713731546,inf
85,113,inf,inf,inf,537.7080992508854,inf
85,114,inf,inf,inf,1035.3381090252594,inf
85,115,inf,inf,inf,318.92475601621146,inf
85,116,inf,inf,inf,520.1009517391792,inf
85,117,inf,inf,inf,956.4789595176676,inf
85,118,inf,inf,inf,932.0053647914265,inf
85,119,inf,inf,inf,1218.9474968184643,inf
85,120,inf,inf,inf,754.1200169734258,inf
85,121,inf,inf,inf,674.7592163134935,inf
85,122,inf,inf,inf,107.07474025184464,inf
85,123,inf,inf,inf,320.6696119060863,inf
85,124,inf,inf,inf,807.2174428244226,inf
85,125,inf,inf,inf,166.04818577750254,inf
85,126,inf,inf,inf,555.9082658137042,inf
85,127,inf,inf,inf,846.3622156027525,inf
85,128,inf,inf,inf,862.2122708474984,inf
85,129,inf,inf,inf,983.8297616966057,inf
85,130,inf,inf,inf,286.4349838968697,inf
85,131,inf,inf,inf,1187.6081003428699,inf
85,132,inf,inf,inf,437.01830625272436,inf
85,133,inf,inf,inf,602.415969243844,inf
85,134,inf,inf,inf,511.0352238349134,inf
85,135,inf,inf,inf,1041.2900652555943,inf
85,136,inf,inf,inf,767.8417805772228,inf
85,137,inf,inf,inf,368.4033116029225,inf
85,138,inf,inf,inf,477.4620403759863,inf
85,139,inf,inf,inf,969.2729233812322,inf
85,140,inf,inf,inf,951.4662369206802,inf
85,141,inf,inf,inf,599.6882523444995,inf
85,142,inf,inf,inf,789.3136258801061,inf
85,143,inf,inf,inf,852.8645847964376,inf
85,144,inf,inf,inf,225.1443981093023,inf
85,145,inf,inf,inf,516.0784824035973,inf
85,146,inf,inf,inf,674.238088511766,inf
85,147,inf,inf,inf,786.4152846937806,inf
85,148,inf,inf,inf,663.6663318264683,inf
85,149,inf,inf,inf,779.1200164287912,inf
85,150,inf,inf,inf,608.2968025561206,inf
85,151,inf,inf,inf,1204.5036322070598,inf
85,152,inf,inf,inf,390.62257999250374,inf
85,153,inf,inf,inf,941.9198479700914,inf
85,154,inf,inf,inf,569.8429608234185,inf
85,155,inf,inf,inf,698.0329505116503,inf
85,156,inf,inf,inf,54.91812087098393,inf
85,157,inf,inf,inf,891.74491868471,inf
85,158,inf,inf,inf,1087.3867757150626,inf
85,159,inf,inf,inf,1035.3574262060422,inf
85,160,inf,inf,inf,427.6739412215806,inf
85,161,inf,inf,inf,642.4118616588582,inf
86,87,inf,inf,inf,305.6435832796102,inf
86,88,inf,inf,inf,644.9410825804168,inf
86,89,inf,inf,inf,214.76731594914529,inf
86,90,inf,inf,inf,774.0187336234181,inf
86,91,inf,inf,inf,304.4749579193665,inf
86,92,inf,inf,inf,744.5837763475645,inf
86,93,inf,inf,inf,719.1898219524522,inf
86,94,inf,inf,inf,168.2914139223983,inf
86,95,inf,inf,inf,534.6194908530739,inf
86,96,inf,inf,inf,400.5820764837089,inf
86,97,inf,inf,inf,770.0474011383975,inf
86,98,inf,inf,inf,383.3340579703296,inf
86,99,inf,inf,inf,727.8001099202995,inf
86,100,inf,inf,inf,448.0044642634714,inf
86,101,inf,inf,inf,501.42297514174595,inf
86,102,inf,inf,inf,413.14646313383827,inf
86,103,inf,inf,inf,722.8499152659562,inf
86,104,inf,inf,inf,346.0057802985378,inf
86,105,inf,inf,inf,406.9889433387595,inf
86,106,inf,inf,inf,758.6329810916475,inf
86,107,inf,inf,inf,36.235341863986875,inf
86,108,inf,inf,inf,153.0,inf
86,109,inf,inf,inf,780.0801240898271,inf
86,110,inf,inf,inf,741.2705309129724,inf
86,111,inf,inf,inf,182.92348127017482,inf
86,112,inf,inf,inf,628.5355996282152,inf
86,113,inf,inf,inf,93.43446901438462,inf
86,114,inf,inf,inf,771.3164071896824,inf
86,115,inf,inf,inf,766.8044079163865,inf
86,116,inf,inf,inf,61.29437168288782,inf
86,117,inf,inf,inf,567.5667361641272,inf
86,118,inf,inf,inf,707.2382908185897,inf
86,119,inf,inf,inf,730.0335608723752,inf
86,120,inf,inf,inf,463.1684358848301,inf
86,121,inf,inf,inf,766.8872146541498,inf
86,122,inf,inf,inf,610.3286000180558,inf
86,123,inf,inf,inf,748.006016018588,inf
86,124,inf,inf,inf,434.4467746456406,inf
86,125,inf,inf,inf,657.9513659838393,inf
86,126,inf,inf,inf,423.3414697380827,inf
86,127,inf,inf,inf,554.3040681791899,inf
86,128,inf,inf,inf,518.7851192931424,inf
86,129,inf,inf,inf,577.481601438522,inf
86,130,inf,inf,inf,224.0557966221807,inf
86,131,inf,inf,inf,738.8809105667841,inf
86,132,inf,inf,inf,775.0954779896474,inf
86,133,inf,inf,inf,105.47511554864494,inf
86,134,inf,inf,inf,592.0616521951072,inf
86,135,inf,inf,inf,665.5231025291308,inf
86,136,inf,inf,inf,723.7188680696394,inf
86,137,inf,inf,inf,744.4602071299714,inf
86,138,inf,inf,inf,585.8754133772811,inf
86,139,inf,inf,inf,512.5329257716035,inf
86,140,inf,inf,inf,774.1834407942345,inf
86,141,inf,inf,inf,92.35799911215054,inf
86,142,inf,inf,inf,624.6791176276025,inf
86,143,inf,inf,inf,383.0013054808038,inf
86,144,inf,inf,inf,720.4623515493366,inf
86,145,inf,inf,inf,182.98907071188705,inf
86,146,inf,inf,inf,188.83061192507955,inf
86,147,inf,inf,inf,293.7567020512043,inf
86,148,inf,inf,inf,284.50834785643815,inf
86,149,inf,inf,inf,535.6155337553234,inf
86,150,inf,inf,inf,112.44998888394787,inf
86,151,inf,inf,inf,721.4048793846629,inf
86,152,inf,inf,inf,723.6753415724485,inf
86,153,inf,inf,inf,648.0933574725173,inf
86,154,inf,inf,inf,543.842808171626,inf
86,155,inf,inf,inf,191.8593234638338,inf
86,156,inf,inf,inf,501.5974481593781,inf
86,157,inf,inf,inf,393.269627609354,inf
86,158,inf,inf,inf,614.7861416785515,inf
86,159,inf,inf,inf,696.2190747171468,inf
86,160,inf,inf,inf,738.7969951211226,inf
86,161,inf,inf,inf,434.26374474505695,inf
87,88,inf,inf,inf,856.6592087872516,inf
87,89,inf,inf,inf,367.7512746408909,inf
87,90,inf,inf,inf,973.4705953443073,inf
87,91,inf,inf,inf,277.19487729754314,inf
87,92,inf,inf,inf,775.2812392932,inf
87,93,inf,inf,inf,430.74354319014463,inf
87,94,inf,inf,inf,139.2838827718412,inf
87,95,inf,inf,inf,233.6578695443404,inf
87,96,inf,inf,inf,97.20082304178294,inf
87,97,inf,inf,inf,1074.653897773604,inf
87,98,inf,inf,inf,291.44639301250584,inf
87,99,inf,inf,inf,854.5741629607111,inf
87,100,inf,inf,inf,346.77081768799405,inf
87,101,inf,inf,inf,667.1738903764145,inf
87,102,inf,inf,inf,389.4663014947506,inf
87,103,inf,inf,inf,899.9655548964082,inf
87,104,inf,inf,inf,401.10098479061355,inf
87,105,inf,inf,inf,126.15070352558483,inf
87,106,inf,inf,inf,738.8166213614851,inf
87,107,inf,inf,inf,307.9366818032564,inf
87,108,inf,inf,inf,314.39624679693617,inf
87,109,inf,inf,inf,1046.1304889926496,inf
87,110,inf,inf,inf,939.2273420210892,inf
87,111,inf,inf,inf,307.9366818032564,inf
87,112,inf,inf,inf,696.5809357138623,inf
87,113,inf,inf,inf,265.5484889808262,inf
87,114,inf,inf,inf,845.7830691140607,inf
87,115,inf,inf,inf,1072.2429761952278,inf
87,116,inf,inf,inf,322.9133010577297,inf
87,117,inf,inf,inf,565.4467260494131,inf
87,118,inf,inf,inf,622.437145421126,inf
87,119,inf,inf,inf,532.0234957217585,inf
87,120,inf,inf,inf,400.1962018810274,inf
87,121,inf,inf,inf,1019.283081386128,inf
87,122,inf,inf,inf,900.2071983715749,inf
87,123,inf,inf,inf,1003.1575150493566,inf
87,124,inf,inf,inf,294.6082144136514,inf
87,125,inf,inf,inf,941.3872741863468,inf
87,126,inf,inf,inf,654.1070248820142,inf
87,127,inf,inf,inf,453.01765969992823,inf
87,128,inf,inf,inf,377.6400402499714,inf
87,129,inf,inf,inf,349.75562897543193,inf
87,130,inf,inf,inf,526.6925099144661,inf
87,131,inf,inf,inf,619.3423931881298,inf
87,132,inf,inf,inf,1075.621215856214,inf
87,133,inf,inf,inf,201.94306128213466,inf
87,134,inf,inf,inf,736.0332872907312,inf
87,135,inf,inf,inf,656.1501352586921,inf
87,136,inf,inf,inf,763.4166621184005,inf
87,137,inf,inf,inf,981.4198897515782,inf
87,138,inf,inf,inf,744.7764765350743,inf
87,139,inf,inf,inf,424.40075400498523,inf
87,140,inf,inf,inf,907.4767214645233,inf
87,141,inf,inf,inf,220.78043391568917,inf
87,142,inf,inf,inf,608.0542738933754,inf
87,143,inf,inf,inf,114.28035701729323,inf
87,144,inf,inf,inf,1020.8427890718531,inf
87,145,inf,inf,inf,421.882685115187,inf
87,146,inf,inf,inf,128.75169901791588,inf
87,147,1.0,22.8995,22.89949493661167,20.615528128088304,1.1107886634934907
87,148,inf,inf,inf,413.411417355641,inf
87,149,inf,inf,inf,485.47914476319164,inf
87,150,inf,inf,inf,245.75801105966008,inf
87,151,inf,inf,inf,538.4542691817013,inf
87,152,inf,inf,inf,947.2169761992233,inf
87,153,inf,inf,inf,518.19783866782,inf
87,154,inf,inf,inf,646.0874553804616,inf
87,155,inf,inf,inf,124.86793023030373,inf
87,156,inf,inf,inf,788.1027851746243,inf
87,157,inf,inf,inf,89.96110270555825,inf
87,158,inf,inf,inf,316.76489704511135,inf
87,159,inf,inf,inf,514.5726382154419,inf
87,160,inf,inf,inf,952.0257349462776,inf
87,161,inf,inf,inf,460.63543068244326,inf
88,89,inf,inf,inf,489.532429977831,inf
88,90,inf,inf,inf,131.60547101089682,inf
88,91,inf,inf,inf,949.3671576371283,inf
88,92,inf,inf,inf,491.1394913871211,inf
88,93,inf,inf,inf,1117.866271071813,inf
88,94,inf,inf,inf,765.1176380139201,inf
88,95,inf,inf,inf,1075.6416689585803,inf
88,96,inf,inf,inf,946.2668756751448,inf
88,97,inf,inf,inf,605.4832780515083,inf
88,98,inf,inf,inf,1026.563198249382,inf
88,99,inf,inf,inf,1251.328893616702,inf
88,100,inf,inf,inf,1092.0554015250325,inf
88,101,inf,inf,inf,210.87437018281761,inf
88,102,inf,inf,inf,1055.46056297713,inf
88,103,inf,inf,inf,129.29423807734048,inf
88,104,inf,inf,inf,492.9026273007682,inf
88,105,inf,inf,inf,982.413863908689,inf
88,106,inf,inf,inf,603.1857093797896,inf
88,107,inf,inf,inf,674.9592580296977,inf
88,108,inf,inf,inf,787.5074602821232,inf
88,109,inf,inf,inf,288.2013185257833,inf
88,110,inf,inf,inf,1159.9383604312775,inf
88,111,inf,inf,inf,820.8191030915399,inf
88,112,inf,inf,inf,385.3336216838598,inf
88,113,inf,inf,inf,738.3610228065943,inf
88,114,inf,inf,inf,402.40278329057315,inf
88,115,inf,inf,inf,690.253576593414,inf
88,116,inf,inf,inf,589.3742444321774,inf
88,117,inf,inf,inf,524.2299113938464,inf
88,118,inf,inf,inf,1350.1870240822195,inf
88,119,inf,inf,inf,931.0724998623899,inf
88,120,inf,inf,inf,1107.676848182718,inf
88,121,inf,inf,inf,220.04772209682153,inf
88,122,inf,inf,inf,789.4213070344631,inf
88,123,inf,inf,inf,1026.7034625440785,inf
88,124,inf,inf,inf,1073.0670994863276,inf
88,125,inf,inf,inf,853.1500454199132,inf
88,126,inf,inf,inf,222.46123257772354,inf
88,127,inf,inf,inf,1199.2330882693323,inf
88,128,inf,inf,inf,1160.0211204973814,inf
88,129,inf,inf,inf,1193.716884357426,inf
88,130,inf,inf,inf,596.8785471098789,inf
88,131,inf,inf,inf,789.6239611359321,inf
88,132,inf,inf,inf,533.2166539034579,inf
88,133,inf,inf,inf,721.3057604095505,inf
88,134,inf,inf,inf,1119.5588416872067,inf
88,135,inf,inf,inf,551.9202840990716,inf
88,136,inf,inf,inf,1321.396231264491,inf
88,137,inf,inf,inf,1076.9447525291166,inf
88,138,inf,inf,inf,1097.2242250333338,inf
88,139,inf,inf,inf,663.6994801866279,inf
88,140,inf,inf,inf,263.20524310887123,inf
88,141,inf,inf,inf,675.0148146522415,inf
88,142,inf,inf,inf,1255.0908333662549,inf
88,143,inf,inf,inf,966.7166079053364,inf
88,144,inf,inf,inf,765.9693205344454,inf
88,145,inf,inf,inf,464.15514647583086,inf
88,146,inf,inf,inf,794.7452422002915,inf
88,147,inf,inf,inf,857.4205502552409,inf
88,148,inf,inf,inf,446.57810067221163,inf
88,149,inf,inf,inf,1177.3380992731018,inf
88,150,inf,inf,inf,627.9697444941118,inf
88,151,inf,inf,inf,898.0556775612523,inf
88,152,inf,inf,inf,1094.0863768459965,inf
88,153,inf,inf,inf,1292.4403274426252,inf
88,154,inf,inf,inf,1119.0799792686848,inf
88,155,inf,inf,inf,739.9601340612885,inf
88,156,inf,inf,inf,753.1088898691875,inf
88,157,inf,inf,inf,913.5042419168069,inf
88,158,inf,inf,inf,1159.0017256242547,inf
88,159,inf,inf,inf,1332.9381080905446,inf
88,160,inf,inf,inf,1128.0363469321367,inf
88,161,inf,inf,inf,1064.272521490619,inf
89,90,inf,inf,inf,609.3094451918499,inf
89,91,inf,inf,inf,492.0569072780099,inf
89,92,inf,inf,inf,530.5581966193719,inf
89,93,inf,inf,inf,689.1131982482995,inf
89,94,inf,inf,inf,281.8598942737331,inf
89,95,inf,inf,inf,592.3250796648746,inf
89,96,inf,inf,inf,459.57045161759476,inf
89,97,inf,inf,inf,785.9669204234998,inf
89,98,inf,inf,inf,559.1511423577707,inf
89,99,inf,inf,inf,938.8982905512183,inf
89,100,inf,inf,inf,625.6364759187239,inf
89,101,inf,inf,inf,310.55112300553674,inf
89,102,inf,inf,inf,610.777373516734,inf
89,103,inf,inf,inf,542.4877878809808,inf
89,104,inf,inf,inf,143.8923208513922,inf
89,105,inf,inf,inf,493.12168883552465,inf
89,106,inf,inf,inf,552.0987230559405,inf
89,107,inf,inf,inf,250.99003964301053,inf
89,108,inf,inf,inf,365.48324174987835,inf
89,109,inf,inf,inf,688.0770305714325,inf
89,110,inf,inf,inf,933.4736204092754,inf
89,111,inf,inf,inf,392.5328011771755,inf
89,112,inf,inf,inf,413.86471219469774,inf
89,113,inf,inf,inf,295.8462438497403,inf
89,114,inf,inf,inf,557.7544262486851,inf
89,115,inf,inf,inf,811.8817647909085,inf
89,116,inf,inf,inf,155.58920271021378,inf
89,117,inf,inf,inf,363.1377149236912,inf
89,118,inf,inf,inf,899.1290229994803,inf
89,119,inf,inf,inf,609.0533638360436,inf
89,120,inf,inf,inf,653.3375850201793,inf
89,121,inf,inf,inf,655.3052723731131,inf
89,122,inf,inf,inf,726.099166780957,inf
89,123,inf,inf,inf,904.1825037015481,inf
89,124,inf,inf,inf,597.247854747089,inf
89,125,inf,inf,inf,783.2068692242171,inf
89,126,inf,inf,inf,288.95847452532,inf
89,127,inf,inf,inf,737.0658043892689,inf
89,128,inf,inf,inf,686.0357133560905,inf
89,129,inf,inf,inf,705.6415520645025,inf
89,130,inf,inf,inf,346.4130482530934,inf
89,131,inf,inf,inf,569.8596318392803,inf
89,132,inf,inf,inf,765.6069487667938,inf
89,133,inf,inf,inf,250.0,inf
89,134,inf,inf,inf,802.2680350107438,inf
89,135,inf,inf,inf,459.05337380309055,inf
89,136,inf,inf,inf,937.4742663134813,inf
89,137,inf,inf,inf,915.3709630526849,inf
89,138,inf,inf,inf,793.4488011207781,inf
89,139,inf,inf,inf,350.3212811120672,inf
89,140,inf,inf,inf,573.6453608284478,inf
89,141,inf,inf,inf,200.4120754844877,inf
89,142,inf,inf,inf,830.4775734479529,inf
89,143,inf,inf,inf,477.18445071062405,inf
89,144,inf,inf,inf,801.9208190338994,inf
89,145,inf,inf,inf,104.39348638684312,inf
89,146,inf,inf,inf,312.0032051117424,inf
89,147,inf,inf,inf,367.93477682872003,inf
89,148,inf,inf,inf,69.81403870282824,inf
89,149,inf,inf,inf,732.1045007374289,inf
89,150,inf,inf,inf,147.09180806557515,inf
89,151,inf,inf,inf,590.7029710438234,inf
89,152,inf,inf,inf,903.7416666282461,inf
89,153,inf,inf,inf,824.1383379020782,inf
89,154,inf,inf,inf,758.3996308015979,inf
89,155,inf,inf,inf,250.80071770232237,inf
89,156,inf,inf,inf,630.6797919705372,inf
89,157,inf,inf,inf,430.52061506970836,inf
89,158,inf,inf,inf,676.3615896840979,inf
89,159,inf,inf,inf,851.9870891040545,inf
89,160,inf,inf,inf,924.0346313856423,inf
89,161,inf,inf,inf,642.6274192718515,inf
90,91,inf,inf,inf,1078.1252246376578,inf
90,92,inf,inf,inf,501.7668781416326,inf
90,93,inf,inf,inf,1207.412522711273,inf
90,94,inf,inf,inf,888.540938843,inf
90,95,inf,inf,inf,1186.7303821845971,inf
90,96,inf,inf,inf,1060.4003960768782,inf
90,97,inf,inf,inf,674.3545061760914,inf
90,98,inf,inf,inf,1154.2478070154607,inf
90,99,inf,inf,inf,1379.614438892258,inf
90,100,inf,inf,inf,1220.0348355682308,inf
90,101,inf,inf,inf,309.61266123981426,inf
90,102,inf,inf,inf,1185.5905701379377,inf
90,103,inf,inf,inf,100.00499987500625,inf
90,104,inf,inf,inf,594.1960955778825,inf
90,105,inf,inf,inf,1099.6022007980887,inf
90,106,inf,inf,inf,623.8116702980155,inf
90,107,inf,inf,inf,804.6924878486191,inf
90,108,inf,inf,inf,918.0501075649412,inf
90,109,inf,inf,inf,306.65289824164387,inf
90,110,inf,inf,inf,1281.6477675242913,inf
90,111,inf,inf,inf,951.2139612095693,inf
90,112,inf,inf,inf,423.313122877144,inf
90,113,inf,inf,inf,867.4404878722229,inf
90,114,inf,inf,inf,391.44859177163994,inf
90,115,inf,inf,inf,768.7197148506079,inf
90,116,inf,inf,inf,717.4301359714408,inf
90,117,inf,inf,inf,583.8741302712426,inf
90,118,inf,inf,inf,1480.289498713005,inf
90,119,inf,inf,inf,996.3975110366345,inf
90,120,inf,inf,inf,1237.1273176193306,inf
90,121,inf,inf,inf,228.49288829195538,inf
90,122,inf,inf,inf,898.3061838816429,inf
90,123,inf,inf,inf,1137.9279414796001,inf
90,124,inf,inf,inf,1199.2818684529504,inf
90,125,inf,inf,inf,961.0020811631991,inf
90,126,inf,inf,inf,353.20956951928696,inf
90,127,inf,inf,inf,1327.990963824679,inf
90,128,inf,inf,inf,1286.787084175156,inf
90,129,inf,inf,inf,1314.9509496555374,inf
90,130,inf,inf,inf,727.439344550458,inf
90,131,inf,inf,inf,836.8763349503915,inf
90,132,inf,inf,inf,592.5740460060666,inf
90,133,inf,inf,inf,847.1705849473293,inf
90,134,inf,inf,inf,1248.7129373879332,inf
90,135,inf,inf,inf,590.5116425609236,inf
90,136,inf,inf,inf,1452.754624842062,inf
90,137,inf,inf,inf,1192.3967460539297,inf
90,138,inf,inf,inf,1225.7018397636516,inf
90,139,inf,inf,inf,741.1430361273052,inf
90,140,inf,inf,inf,223.3942702935776,inf
90,141,inf,inf,inf,800.0006249997558,inf
90,142,inf,inf,inf,1386.4346360359004,inf
90,143,inf,inf,inf,1085.199060080684,inf
90,144,inf,inf,inf,859.0651896101948,inf
90,145,inf,inf,inf,592.1148537234985,inf
90,146,inf,inf,inf,918.426915981887,inf
90,147,inf,inf,inf,975.5665020899395,inf
90,148,inf,inf,inf,560.2856414365801,inf
90,149,inf,inf,inf,1307.6486531174955,inf
90,150,inf,inf,inf,751.3521145242089,inf
90,151,inf,inf,inf,961.0411021387171,inf
90,152,inf,inf,inf,1212.6850374272785,inf
90,153,inf,inf,inf,1420.4541527272183,inf
90,154,inf,inf,inf,1250.1023958060396,inf
90,155,inf,inf,inf,860.0145347608958,inf
90,156,inf,inf,inf,870.7381925699596,inf
90,157,inf,inf,inf,1025.3594491689244,inf
90,158,inf,inf,inf,1269.2615963622313,inf
90,159,inf,inf,inf,1458.049381879777,inf
90,160,inf,inf,inf,1247.7315416386652,inf
90,161,inf,inf,inf,1195.51327888903,inf
91,92,inf,inf,inf,992.3890366182004,inf
91,93,inf,inf,inf,672.0364573443914,inf
91,94,inf,inf,inf,229.6105398277701,inf
91,95,inf,inf,inf,397.9208464003865,inf
91,96,inf,inf,inf,313.74033849666193,inf
91,97,inf,inf,inf,998.3065661408824,inf
91,98,inf,inf,inf,85.61541917201598,inf
91,99,inf,inf,inf,580.442934318267,inf
91,100,inf,inf,inf,145.24806367039804,inf
91,101,inf,inf,inf,797.7129809649583,inf
91,102,inf,inf,inf,123.60016181219181,inf
91,103,inf,inf,inf,1024.1215748142406,inf
91,104,inf,inf,inf,589.1731494221372,inf
91,105,inf,inf,inf,271.3613826615718,inf
91,106,inf,inf,inf,978.1416052903587,inf
91,107,inf,inf,inf,276.06520968785617,inf
91,108,inf,inf,inf,177.72450590731714,inf
91,109,inf,inf,inf,1072.0121267970806,inf
91,110,inf,inf,inf,686.8951885113187,inf
91,111,inf,inf,inf,145.03103116229988,inf
91,112,inf,inf,inf,892.0022421496484,inf
91,113,inf,inf,inf,211.15160430363773,inf
91,114,inf,inf,inf,1040.6738201761395,inf
91,115,inf,inf,inf,968.6320250745378,inf
91,116,inf,inf,inf,360.9432088293115,inf
91,117,inf,inf,inf,792.2581649942146,inf
91,118,inf,inf,inf,407.28000196425063,inf
91,119,inf,inf,inf,809.1538790613316,inf
91,120,inf,inf,inf,161.40012391568973,inf
91,121,inf,inf,inf,1065.1258141646929,inf
91,122,inf,inf,inf,742.366486312522,inf
91,123,inf,inf,inf,790.5453813665602,inf
91,124,inf,inf,inf,148.71785366928881,inf
91,125,inf,inf,inf,768.9791934766506,inf
91,126,inf,inf,inf,727.7946138849888,inf
91,127,inf,inf,inf,249.8839730755056,inf
91,128,inf,inf,inf,221.28940327092033,inf
91,129,inf,inf,inf,322.69180342859653,inf
91,130,inf,inf,inf,444.42547181726655,inf
91,131,inf,inf,inf,888.380549089184,inf
91,132,inf,inf,inf,1022.8127883439862,inf
91,133,inf,inf,inf,242.52834885843757,inf
91,134,inf,inf,inf,468.46344574577,inf
91,135,inf,inf,inf,889.0995444830686,inf
91,136,inf,inf,inf,490.6179776567508,inf
91,137,inf,inf,inf,753.0471432785599,inf
91,138,inf,inf,inf,482.00933600916903,inf
91,139,inf,inf,inf,679.3121521068205,inf
91,140,inf,inf,inf,1065.5031675222745,inf
91,141,inf,inf,inf,292.138665705175,inf
91,142,inf,inf,inf,349.8585428426752,inf
91,143,inf,inf,inf,246.01829200285087,inf
91,144,inf,inf,inf,886.0073363127418,inf
91,145,inf,inf,inf,486.1213840184363,inf
91,146,inf,inf,inf,204.24005483743878,inf
91,147,inf,inf,inf,256.8890811225732,inf
91,148,inf,inf,inf,558.4281511528587,inf
91,149,inf,inf,inf,241.10785968109792,inf
91,150,inf,inf,inf,346.5082971589569,inf
91,151,inf,inf,inf,815.4569271273622,inf
91,152,inf,inf,inf,710.0316894336478,inf
91,153,inf,inf,inf,344.05232160239814,inf
91,154,inf,inf,inf,371.33542788158525,inf
91,155,inf,inf,inf,287.1114766079545,inf
91,156,inf,inf,inf,631.0633882582637,inf
91,157,inf,inf,inf,344.05232160239814,inf
91,158,inf,inf,inf,453.322181235377,inf
91,159,inf,inf,inf,402.3853874086384,inf
91,160,inf,inf,inf,707.9039482867714,inf
91,161,inf,inf,inf,184.20097719610501,inf
92,93,inf,inf,inf,832.8943510433961,inf
92,94,inf,inf,inf,763.2096697500629,inf
92,95,inf,inf,inf,921.9528187494195,inf
92,96,inf,inf,inf,830.0801166152578,inf
92,97,inf,inf,inf,1074.119174021207,inf
92,98,inf,inf,inf,1042.7856922685505,inf
92,99,inf,inf,inf,1468.7579787017328,inf
92,100,inf,inf,inf,1106.481359987596,inf
92,101,inf,inf,inf,359.23529893372114,inf
92,102,inf,inf,inf,1115.7799962358172,inf
92,103,inf,inf,inf,404.293210430252,inf
92,104,inf,inf,inf,405.4639318114498,inf
92,105,inf,inf,inf,887.0541133437125,inf
92,106,inf,inf,inf,125.2078272313676,inf
92,107,inf,inf,inf,780.6510103753149,inf
92,108,inf,inf,inf,892.032510618307,inf
92,109,inf,inf,inf,777.6593084378275,inf
92,110,inf,inf,inf,1447.8511663841696,inf
92,111,inf,inf,inf,916.2063086445105,inf
92,112,inf,inf,inf,132.81566172707193,inf
92,113,inf,inf,inf,818.8143867812778,inf
92,114,inf,inf,inf,124.2014492669067,inf
92,115,inf,inf,inf,1144.0227270469761,inf
92,116,inf,inf,inf,686.1399274200562,inf
92,117,inf,inf,inf,211.00947846009194,inf
92,118,inf,inf,inf,1387.0129775888904,inf
92,119,inf,inf,inf,557.288076312422,inf
92,120,inf,inf,inf,1147.6698131431358,inf
92,121,inf,inf,inf,704.8921903383524,inf
92,122,inf,inf,inf,1166.382441568802,inf
92,123,inf,inf,inf,1380.3861778502421,inf
92,124,inf,inf,inf,1063.0903066061696,inf
92,125,inf,inf,inf,1229.8312892425529,inf
92,126,inf,inf,inf,520.2970305508192,inf
92,127,inf,inf,inf,1217.9761902434711,inf
92,128,inf,inf,inf,1149.8282480440284,inf
92,129,inf,inf,inf,1115.3985834669147,inf
92,130,inf,inf,inf,842.1128190450494,inf
92,131,inf,inf,inf,366.3986899539899,inf
92,132,inf,inf,inf,1012.2460175273598,inf
92,133,inf,inf,inf,756.803805487261,inf
92,134,inf,inf,inf,1331.844585527906,inf
92,135,1.0,152.7696,152.76955262170054,137.6154061142865,1.1101195493681055
92,136,inf,inf,inf,1462.3139197860355,inf
92,137,inf,inf,inf,1407.9105085196288,inf
92,138,inf,inf,inf,1321.5767098432084,inf
92,139,inf,inf,inf,380.7059232531062,inf
92,140,inf,inf,inf,290.38767191463205,inf
92,141,inf,inf,inf,709.8232174281143,inf
92,142,inf,inf,inf,1341.3862232779938,inf
92,143,inf,inf,inf,884.6993839717534,inf
92,144,inf,inf,inf,1189.793679593231,inf
92,145,inf,inf,inf,599.6082054141688,inf
92,146,inf,inf,inf,790.2822280679226,inf
92,147,inf,inf,inf,787.5760280760201,inf
92,148,inf,inf,inf,461.6600480873345,inf
92,149,inf,inf,inf,1231.630220480157,inf
92,150,inf,inf,inf,656.5972890592833,inf
92,151,inf,inf,inf,518.2759882533629,inf
92,152,inf,inf,inf,1406.3914817717007,inf
92,153,inf,inf,inf,1291.4023385451956,inf
92,154,inf,inf,inf,1288.3764977676362,inf
92,155,inf,inf,inf,708.8758706571977,inf
92,156,inf,inf,inf,1094.6803186318825,inf
92,157,inf,inf,inf,784.0918313565063,inf
92,158,inf,inf,inf,992.042841816824,inf
92,159,inf,inf,inf,1287.8485935854417,inf
92,160,inf,inf,inf,1431.6102821648076,inf
92,161,inf,inf,inf,1160.231873377042,inf
93,94,inf,inf,inf,564.7831442244005,inf
93,95,inf,inf,inf,294.8219801846531,inf
93,96,inf,inf,inf,360.93766774887877,inf
93,97,inf,inf,inf,1465.8529939935995,inf
93,98,inf,inf,inf,644.7611961028672,inf
93,99,inf,inf,inf,1244.8971845096285,inf
93,100,inf,inf,inf,670.2313033572813,inf
93,101,inf,inf,inf,907.255752255118,inf
93,102,inf,inf,inf,753.4931983767339,inf
93,103,inf,inf,inf,1114.9358725953705,inf
93,104,inf,inf,inf,628.6000318167348,inf
93,105,inf,inf,inf,401.549498816771,inf
93,106,inf,inf,inf,737.9281807872634,inf
93,107,inf,inf,inf,729.4141484780782,inf
93,108,inf,inf,inf,744.8308532814682,inf
93,109,inf,inf,inf,1362.4408244030271,inf
93,110,inf,inf,inf,1357.1558495618697,inf
93,111,inf,inf,inf,736.2126051623947,inf
93,112,inf,inf,inf,821.2654869163807,inf
93,113,inf,inf,inf,694.6308372077934,inf
93,114,inf,inf,inf,944.0831531173512,inf
93,115,inf,inf,inf,1477.4725039742702,inf
93,116,inf,inf,inf,717.6886511573107,inf
93,117,inf,inf,inf,649.1240251292506,inf
93,118,inf,inf,inf,881.0221336606703,inf
93,119,inf,inf,inf,313.1149948501349,inf
93,120,inf,inf,inf,735.0734657161827,inf
93,121,inf,inf,inf,1317.811063847925,inf
93,122,inf,inf,inf,1326.4392183586854,inf
93,123,inf,inf,inf,1433.4730552054336,inf
93,124,inf,inf,inf,607.7318487622646,inf
93,125,inf,inf,inf,1369.9233555203007,inf
93,126,inf,inf,inf,962.0,inf
93,127,inf,inf,inf,738.7726307870372,inf
93,128,inf,inf,inf,650.3414487790241,inf
93,129,inf,inf,inf,514.5337695428747,inf
93,130,inf,inf,inf,943.0954352556267,inf
93,131,inf,inf,inf,507.8789225789942,inf
93,132,inf,inf,inf,1452.5787414112874,inf
93,133,inf,inf,inf,623.7122734081797,inf
93,134,inf,inf,inf,1139.8495514759832,inf
93,135,inf,inf,inf,695.5724261354816,inf
93,136,inf,inf,inf,1107.8325685770392,inf
93,137,inf,inf,inf,1409.2852798493284,inf
93,138,inf,inf,inf,1154.043326742978,inf
93,139,inf,inf,inf,473.3201876108814,inf
93,140,inf,inf,inf,1068.308008020159,inf
93,141,inf,inf,inf,627.2001275510074,inf
93,142,inf,inf,inf,931.0520930646147,inf
93,143,inf,inf,inf,426.1173547275445,inf
93,144,inf,inf,inf,1439.4179379179627,inf
93,145,inf,inf,inf,779.2720962539337,inf
93,146,inf,inf,inf,558.949908310217,inf
93,147,inf,inf,inf,449.0489950996439,inf
93,148,inf,inf,inf,697.1635389203884,inf
93,149,inf,inf,inf,807.0006195784487,inf
93,150,inf,inf,inf,628.6183261725671,inf
93,151,inf,inf,inf,348.1221050148927,inf
93,152,inf,inf,inf,1372.443077143821,inf
93,153,inf,inf,inf,752.8326507265741,inf
93,154,inf,inf,inf,1037.2680463602453,inf
93,155,inf,inf,inf,527.5945412909425,inf
93,156,inf,inf,inf,1215.3262936347587,inf
93,157,inf,inf,inf,342.6149442158062,inf
93,158,inf,inf,inf,294.55050500720586,inf
93,159,inf,inf,inf,679.4770047617505,inf
93,160,inf,inf,inf,1374.4893597260038,inf
93,161,inf,inf,inf,836.9952210138359,inf
94,95,inf,inf,inf,366.3495598468763,inf
94,96,inf,inf,inf,232.55106965997814,inf
94,97,inf,inf,inf,938.3373593756139,inf
94,98,inf,inf,inf,283.3813684771813,inf
94,99,inf,inf,inf,769.7564549907977,inf
94,100,inf,inf,inf,349.1847648452034,inf
94,101,inf,inf,inf,592.3757253635567,inf
94,102,inf,inf,inf,353.20815392626486,inf
94,103,inf,inf,inf,824.2293370173134,inf
94,104,inf,inf,inf,361.809342057388,inf
94,105,inf,inf,inf,240.4703723954367,inf
94,106,inf,inf,inf,749.3210259962015,inf
94,107,inf,inf,inf,168.65645555388622,inf
94,108,inf,inf,inf,191.66898549321954,inf
94,109,inf,inf,inf,931.1245888708986,inf
94,110,inf,inf,inf,829.0259344556116,inf
94,111,inf,inf,inf,195.5019181491578,inf
94,112,inf,inf,inf,665.6823566837264,inf
94,113,inf,inf,inf,130.61393493804556,inf
94,114,inf,inf,inf,815.1226901516114,inf
94,115,inf,inf,inf,933.6407231906715,inf
94,116,inf,inf,inf,195.0102561405425,inf
94,117,inf,inf,inf,562.7237332830383,inf
94,118,inf,inf,inf,627.9140068512567,inf
94,119,inf,inf,inf,623.8565540250419,inf
94,120,inf,inf,inf,385.17658288115075,inf
94,121,inf,inf,inf,910.6096858698572,inf
94,122,inf,inf,inf,762.5385236170039,inf
94,123,inf,inf,inf,874.7256712821454,inf
94,124,inf,inf,inf,316.1803282938393,inf
94,125,inf,inf,inf,805.164579449444,inf
94,126,inf,inf,inf,551.514279053589,inf
94,127,inf,inf,inf,461.52464722915937,inf
94,128,inf,inf,inf,405.1913128387626,inf
94,129,inf,inf,inf,430.0848753443906,inf
94,130,inf,inf,inf,387.5061289837878,inf
94,131,inf,inf,inf,674.5583740492738,inf
94,132,inf,inf,inf,942.4844826308813,inf
94,133,inf,inf,inf,63.12685640834652,inf
94,134,inf,inf,inf,642.5675061812572,inf
94,135,inf,inf,inf,659.7764773012145,inf
94,136,inf,inf,inf,713.1178023300217,inf
94,137,inf,inf,inf,858.4899533483197,inf
94,138,inf,inf,inf,645.962847228848,inf
94,139,inf,inf,inf,457.3182699171333,inf
94,140,inf,inf,inf,851.3436438947554,inf
94,141,inf,inf,inf,93.637599285757,inf
94,142,inf,inf,inf,579.4152224441467,inf
94,143,inf,inf,inf,217.81643647805828,inf
94,144,inf,inf,inf,881.6439190512233,inf
94,145,inf,inf,inf,308.8122406900348,inf
94,146,inf,inf,inf,30.14962686336267,inf
94,147,inf,inf,inf,125.87692401707312,inf
94,148,inf,inf,inf,342.2294551905198,inf
94,149,inf,inf,inf,468.5402864215627,inf
94,150,inf,inf,inf,137.23337786413333,inf
94,151,inf,inf,inf,622.9743172876391,inf
94,152,inf,inf,inf,828.4081119834595,inf
94,153,inf,inf,inf,544.7393872302608,inf
94,154,inf,inf,inf,566.562441395474,inf
94,155,inf,inf,inf,61.05735008989499,inf
94,156,inf,inf,inf,650.902450448606,inf
94,157,inf,inf,inf,228.7378412069153,inf
94,158,inf,inf,inf,446.8780594300866,inf
94,159,inf,inf,inf,570.3165787525381,inf
94,160,inf,inf,inf,836.6869187455962,inf
94,161,inf,inf,inf,405.3504656467043,inf
95,96,inf,inf,inf,136.48443134658254,inf
95,97,inf,inf,inf,1304.6168019767338,inf
95,98,inf,inf,inf,357.0,inf
95,99,inf,inf,inf,956.5254831942534,inf
95,100,inf,inf,inf,376.65103212390113,inf
95,101,inf,inf,inf,877.3351697042584,inf
95,102,inf,inf,inf,464.4308344630016,inf
95,103,inf,inf,inf,1106.910113785216,inf
95,104,inf,inf,inf,596.6121017880881,inf
95,105,inf,inf,inf,135.5949851580065,inf
95,106,inf,inf,inf,858.6931931720433,inf
95,107,inf,inf,inf,531.8279797077247,inf
95,108,inf,inf,inf,509.4398885050129,inf
95,109,inf,inf,inf,1276.9906029411493,inf
95,110,inf,inf,inf,1083.3466665846163,inf
95,111,inf,inf,inf,491.98069067799804,inf
95,112,inf,inf,inf,867.4520159639956,inf
95,113,inf,inf,inf,479.60817340825207,inf
95,114,inf,inf,inf,1011.0909949158879,inf
95,115,inf,inf,inf,1297.4686894102686,inf
95,116,inf,inf,inf,556.1519576518633,inf
95,117,inf,inf,inf,713.0904570950308,inf
95,118,inf,inf,inf,592.7562736909665,inf
95,119,inf,inf,inf,528.7239355277951,inf
95,120,inf,inf,inf,441.5891755919749,inf
95,121,inf,inf,inf,1247.372438367948,inf
95,122,inf,inf,inf,1108.1574797834467,inf
95,123,inf,inf,inf,1183.6557776651116,inf
95,124,inf,inf,inf,314.5313974788527,inf
95,125,inf,inf,inf,1143.6581657121153,inf
95,126,inf,inf,inf,881.1197421463214,inf
95,127,inf,inf,inf,444.77072745404456,inf
95,128,inf,inf,inf,356.16849944934773,inf
95,129,inf,inf,inf,232.81967270830015,inf
95,130,inf,inf,inf,750.0566645260876,inf
95,131,inf,inf,inf,679.8360096376184,inf
95,132,inf,inf,inf,1308.099766837377,inf
95,133,inf,inf,inf,429.21905829075206,inf
95,134,inf,inf,inf,858.0285543034101,inf
95,135,inf,inf,inf,789.8563160474189,inf
95,136,inf,inf,inf,813.1229919268056,inf
95,137,inf,inf,inf,1149.9534773198436,inf
95,138,inf,inf,inf,875.3056608979517,inf
95,139,inf,inf,inf,542.9769792541854,inf
95,140,inf,inf,inf,1097.1718188141729,inf
95,141,inf,inf,inf,453.54161881794266,inf
95,142,inf,inf,inf,636.2656677835132,inf
95,143,inf,inf,inf,162.82505949638096,inf
95,144,inf,inf,inf,1237.7156377779186,inf
95,145,inf,inf,inf,654.2698220153517,inf
95,146,inf,inf,inf,347.57013680694723,inf
95,147,inf,inf,inf,241.99380157351138,inf
95,148,inf,inf,inf,629.0635897904122,inf
95,149,inf,inf,inf,512.2206555772619,inf
95,150,inf,inf,inf,479.00417534714666,inf
95,151,inf,inf,inf,550.9927404240459,inf
95,152,inf,inf,inf,1107.866417940358,inf
95,153,inf,inf,inf,466.5629646682214,inf
95,154,inf,inf,inf,751.0426086448092,inf
95,155,inf,inf,inf,358.35736353534026,inf
95,156,inf,inf,inf,995.1492350396497,inf
95,157,inf,inf,inf,162.24980739587951,inf
95,158,inf,inf,inf,84.09518416651456,inf
95,159,inf,inf,inf,410.07926063140525,inf
95,160,inf,inf,inf,1105.6911865435122,inf
95,161,inf,inf,inf,549.1784773641443,inf
96,97,inf,inf,inf,1170.4413697404923,inf
96,98,inf,inf,inf,300.6409819036653,inf
96,99,inf,inf,inf,892.5721259371704,inf
96,100,inf,inf,inf,342.31272252138103,inf
96,101,inf,inf,inf,752.1256543955936,inf
96,102,inf,inf,inf,407.9460748677452,inf
96,103,inf,inf,inf,983.7611498732809,inf
96,104,inf,inf,inf,477.3028388769545,inf
96,105,inf,inf,inf,62.369864518050704,inf
96,106,inf,inf,inf,780.92893402665,inf
96,107,inf,inf,inf,400.2161915765028,inf
96,108,inf,inf,inf,391.38855374167497,inf
96,109,inf,inf,inf,1141.739462399369,inf
96,110,inf,inf,inf,996.4517048005889,inf
96,111,inf,inf,inf,378.98416853478193,inf
96,112,inf,inf,inf,762.4047481489081,inf
96,113,inf,inf,inf,352.27829907617075,inf
96,114,inf,inf,inf,909.6510319897405,inf
96,115,inf,inf,inf,1165.9935677352598,inf
96,116,inf,inf,inf,419.9773803432752,inf
96,117,inf,inf,inf,619.0848084067319,inf
96,118,inf,inf,inf,601.0424277869242,inf
96,119,inf,inf,inf,516.2450968290159,inf
96,120,inf,inf,inf,403.47614551544433,inf
96,121,inf,inf,inf,1113.4855185407666,inf
96,122,inf,inf,inf,986.1161189231216,inf
96,123,inf,inf,inf,1076.8811447880403,inf
96,124,inf,inf,inf,282.0815484926301,inf
96,125,inf,inf,inf,1024.7897345309427,inf
96,126,inf,inf,inf,747.6095237488619,inf
96,127,inf,inf,inf,436.36338068174325,inf
96,128,inf,inf,inf,352.1647341799005,inf
96,129,inf,inf,inf,285.56785533389433,inf
96,130,inf,inf,inf,619.2002906976062,inf
96,131,inf,inf,inf,633.1168928404927,inf
96,132,inf,inf,inf,1172.4389109885428,inf
96,133,inf,inf,inf,295.67718883945037,inf
96,134,inf,inf,inf,782.1387344966365,inf
96,135,inf,inf,inf,704.0063920164362,inf
96,136,inf,inf,inf,777.7049569084667,inf
96,137,inf,inf,inf,1049.7223442415618,inf
96,138,inf,inf,inf,794.8157019083103,inf
96,139,inf,inf,inf,461.6708784404752,inf
96,140,inf,inf,inf,983.0411995435389,inf
96,141,inf,inf,inf,317.5909318604673,inf
96,142,inf,inf,inf,610.9091585497798,inf
96,143,inf,inf,inf,75.17978451685,inf
96,144,inf,inf,inf,1110.8843324126954,inf
96,145,inf,inf,inf,518.2171359575058,inf
96,146,inf,inf,inf,216.6217902243447,inf
96,147,inf,inf,inf,106.83164325236227,inf
96,148,inf,inf,inf,500.46478397585577,inf
96,149,inf,inf,inf,485.00103092673936,inf
96,150,inf,inf,inf,342.6032691029086,inf
96,151,inf,inf,inf,529.6045694666918,inf
96,152,inf,inf,inf,1011.8754864112482,inf
96,153,inf,inf,inf,485.55638189606776,inf
96,154,inf,inf,inf,683.6146575374171,inf
96,155,inf,inf,inf,221.8828519737386,inf
96,156,inf,inf,inf,873.4174259768349,inf
96,157,inf,inf,inf,47.50789408087881,inf
96,158,inf,inf,inf,219.8635940759634,inf
96,159,inf,inf,inf,461.24722221385787,inf
96,160,inf,inf,inf,1013.5704218257358,inf
96,161,inf,inf,inf,487.56230371102316,inf
97,98,inf,inf,inf,1082.863795682541,inf
97,99,inf,inf,inf,979.6254386243754,inf
97,100,inf,inf,inf,1132.034010089803,inf
97,101,inf,inf,inf,722.4970588175429,inf
97,102,inf,inf,inf,1049.2668869262957,inf
97,103,inf,inf,inf,729.2221883623673,inf
97,104,inf,inf,inf,890.7979568903378,inf
97,105,inf,inf,inf,1175.24508082357,inf
97,106,inf,inf,inf,1169.4567114690478,inf
97,107,inf,inf,inf,774.2583548144637,inf
97,108,inf,inf,inf,827.0151147349122,inf
97,109,inf,inf,inf,388.7029714319148,inf
97,110,inf,inf,inf,798.00062656617,inf
97,111,inf,inf,inf,856.1833915698202,inf
97,112,inf,inf,inf,949.7726043638024,inf
97,113,inf,inf,inf,832.2673849190535,inf
97,114,inf,inf,inf,1002.4420182733762,inf
97,115,inf,inf,inf,108.07404868885037,inf
97,116,inf,inf,inf,754.9304603736691,inf
97,117,inf,inf,inf,1036.191584601998,inf
97,118,inf,inf,inf,1305.0766261028507,inf
97,119,inf,inf,inf,1384.5410792027806,inf
97,120,inf,inf,inf,1112.3066124050508,inf
97,121,inf,inf,inf,458.9041294213858,inf
97,122,inf,inf,inf,369.95675422946397,inf
97,123,inf,inf,inf,580.8838093801547,inf
97,124,inf,inf,inf,1147.0244112485138,inf
97,125,inf,inf,inf,409.18088909429775,inf
97,126,inf,inf,inf,576.4173834991446,inf
97,127,inf,inf,inf,1207.520600238356,inf
97,128,inf,inf,inf,1212.2627602958032,inf
97,129,inf,inf,inf,1316.7725695806394,inf
97,130,inf,inf,inf,561.1506036707079,inf
97,131,inf,inf,inf,1299.6507223096519,inf
97,132,inf,inf,inf,91.92388155425118,inf
97,133,inf,inf,inf,875.3993374454884,inf
97,134,inf,inf,inf,885.2445989668618,inf
97,135,inf,inf,inf,1097.7148992338584,inf
97,136,inf,inf,inf,1144.9864628020716,inf
97,137,inf,inf,inf,660.5210064789765,inf
97,138,inf,inf,inf,850.3558078827945,inf
97,139,inf,inf,inf,1110.616495465469,inf
97,140,inf,inf,inf,867.8139201464793,inf
97,141,inf,inf,inf,854.5671418911448,inf
97,142,inf,inf,inf,1165.379337383326,inf
97,143,inf,inf,inf,1150.207372607218,inf
97,144,inf,inf,inf,241.75400720567177,inf
97,145,inf,inf,inf,688.4722216618475,inf
97,146,inf,inf,inf,957.6272761361803,inf
97,147,inf,inf,inf,1063.6239937120636,inf
97,148,inf,inf,inf,799.9912499521479,inf
97,149,inf,inf,inf,1146.483754791144,inf
97,150,inf,inf,inf,841.1539692588985,inf
97,151,inf,inf,inf,1360.9915503044094,inf
97,152,inf,inf,inf,705.8420503200415,inf
97,153,inf,inf,inf,1305.1421378531918,inf
97,154,inf,inf,inf,948.1824718903002,inf
97,155,inf,inf,inf,954.5496320254908,inf
97,156,inf,inf,inf,430.06627396251383,inf
97,157,inf,inf,inf,1160.146542467804,inf
97,158,inf,inf,inf,1384.1737607684954,inf
97,159,inf,inf,inf,1390.6724991887918,inf
97,160,inf,inf,inf,747.1331875910747,inf
97,161,inf,inf,inf,1009.6345873631707,inf
98,99,inf,inf,inf,600.4331769647644,inf
98,100,inf,inf,inf,66.49060083951716,inf
98,101,inf,inf,inf,868.1313264708284,inf
98,102,inf,inf,inf,108.85311203635843,inf
98,103,inf,inf,inf,1097.0291700770767,inf
98,104,inf,inf,inf,644.6433122277776,inf
98,105,inf,inf,inf,246.71643642043796,inf
98,106,inf,inf,inf,1019.6729867952764,inf
98,107,inf,inf,inf,357.13582850226607,inf
98,108,inf,inf,inf,263.1501472543764,inf
98,109,inf,inf,inf,1155.9325239822608,inf
98,110,inf,inf,inf,730.9261248580461,inf
98,111,inf,inf,inf,230.63390904201404,inf
98,112,inf,inf,inf,948.637970987879,inf
98,113,inf,inf,inf,291.0755915565577,inf
98,114,inf,inf,inf,1098.2531584293304,inf
98,115,inf,inf,inf,1051.400019022256,inf
98,116,inf,inf,inf,437.19332108347675,inf
98,117,inf,inf,inf,838.0626468230164,inf
98,118,inf,inf,inf,344.89563638874876,inf
98,119,inf,inf,inf,813.5699109480389,inf
98,120,inf,inf,inf,108.90362712049586,inf
98,121,inf,inf,inf,1147.6519507237374,inf
98,122,inf,inf,inf,819.4205269579229,inf
98,123,inf,inf,inf,853.2854153212745,inf
98,124,inf,inf,inf,65.76473218982953,inf
98,125,inf,inf,inf,843.0260968677067,inf
98,126,inf,inf,inf,806.0006203471559,inf
98,127,inf,inf,inf,178.3704011320264,inf
98,128,inf,inf,inf,136.69308687713507,inf
98,129,inf,inf,inf,244.0491753725056,inf
98,130,inf,inf,inf,530.0113206338144,inf
98,131,inf,inf,inf,910.7853753766581,inf
98,132,inf,inf,inf,1108.1985381690413,inf
98,133,inf,inf,inf,309.9193443462347,inf
98,134,inf,inf,inf,501.7608992338881,inf
98,135,inf,inf,inf,933.038048527497,inf
98,136,inf,inf,inf,477.62746989678055,inf
98,137,inf,inf,inf,809.8604818115278,inf
98,138,inf,inf,inf,520.5775638653668,inf
98,139,inf,inf,inf,711.7056976025975,inf
98,140,inf,inf,inf,1132.24069879156,inf
98,141,inf,inf,inf,359.0891254271006,inf
98,142,inf,inf,inf,316.7222758190525,inf
98,143,inf,inf,inf,226.15260334561705,inf
98,144,inf,inf,inf,965.6795534751681,inf
98,145,inf,inf,inf,562.43044014349,inf
98,146,inf,inf,inf,254.4720023892609,inf
98,147,inf,inf,inf,273.17759791022394,inf
98,148,inf,inf,inf,623.0762393158641,inf
98,149,inf,inf,inf,194.4659353203023,inf
98,150,inf,inf,inf,412.09950254762504,inf
98,151,inf,inf,inf,823.8931969618392,inf
98,152,inf,inf,inf,763.0655279856377,inf
98,153,inf,inf,inf,266.3719204420766,inf
98,154,inf,inf,inf,394.0812099047606,inf
98,155,inf,inf,inf,334.12722127955993,inf
98,156,inf,inf,inf,709.2369138729315,inf
98,157,inf,inf,inf,339.4377704381173,inf
98,158,inf,inf,inf,400.2811511925087,inf
98,159,inf,inf,inf,317.32002773225645,inf
98,160,inf,inf,inf,757.079916521367,inf
98,161,inf,inf,inf,192.50974001333023,inf
99,100,inf,inf,inf,584.1035867035914,inf
99,101,inf,inf,inf,1180.2457371242651,inf
99,102,inf,inf,inf,492.1757816065313,inf
99,103,inf,inf,inf,1363.2303547089905,inf
99,104,inf,inf,inf,1073.801192027649,inf
99,105,inf,inf,inf,844.4270246741278,inf
99,106,inf,inf,inf,1486.313896860283,inf
99,107,inf,inf,inf,692.6485400258922,inf
99,108,inf,inf,inf,592.7090348560582,inf
99,109,inf,inf,inf,1240.6014670312138,inf
99,110,inf,inf,inf,229.2967509582288,inf
99,111,inf,inf,inf,577.8996452672384,inf
99,112,inf,inf,inf,1347.044913876297,inf
99,113,inf,inf,inf,668.3300083042808,inf
99,114,inf,inf,inf,1482.2280526288794,inf
99,115,inf,inf,inf,895.6081732543535,inf
99,116,inf,inf,inf,783.8379934654864,inf
99,117,inf,inf,inf,1295.154430946364,inf
99,118,inf,inf,inf,519.5815624134482,inf
99,119,inf,inf,inf,1385.0920547025025,inf
99,120,inf,inf,inf,520.4651765488254,inf
99,121,inf,inf,inf,1270.3719927643242,inf
99,122,inf,inf,inf,611.007364931062,inf
99,123,inf,inf,inf,464.6633189740718,inf
99,124,inf,inf,inf,644.0380423546422,inf
99,125,inf,inf,inf,584.0898903422315,inf
99,126,inf,inf,inf,1048.0462776041904,inf
99,127,inf,inf,inf,556.230168185797,inf
99,128,inf,inf,inf,630.0991985394046,inf
99,129,inf,inf,inf,790.8678777140971,inf
99,130,inf,inf,inf,659.8242190159436,inf
99,131,inf,inf,inf,1443.1583419708318,inf
99,132,inf,inf,inf,1048.7783369234892,inf
99,133,inf,inf,inf,745.1778311248933,inf
99,134,inf,inf,inf,137.18600511714013,inf
99,135,inf,inf,inf,1393.255181221301,inf
99,136,inf,inf,inf,232.08619088605855,inf
99,137,inf,inf,inf,380.8648054100037,inf
99,138,inf,inf,inf,154.23683088030563,inf
99,139,inf,inf,inf,1221.6321050136166,inf
99,140,inf,inf,inf,1450.9297019497533,inf
99,141,inf,inf,inf,782.5579850720328,inf
99,142,inf,inf,inf,378.08596905994807,inf
99,143,inf,inf,inf,821.3531518171706,inf
99,144,inf,inf,inf,760.6135681145847,inf
99,145,inf,inf,inf,873.9885582775097,inf
99,146,inf,inf,inf,755.0814525599209,inf
99,147,inf,inf,inf,833.9796160578506,inf
99,148,inf,inf,inf,1007.2100078930907,inf
99,149,inf,inf,inf,469.75419104037803,inf
99,150,inf,inf,inf,829.0199032592643,inf
99,151,inf,inf,inf,1388.3544216085459,inf
99,152,inf,inf,inf,318.42267507198665,inf
99,153,inf,inf,inf,608.738038896864,inf
99,154,inf,inf,inf,209.1219739769114,inf
99,155,inf,inf,inf,830.3667864263358,inf
99,156,inf,inf,inf,560.9322597248263,inf
99,157,inf,inf,inf,924.4728227481866,inf
99,158,inf,inf,inf,991.2441677003703,inf
99,159,inf,inf,inf,727.0680848448789,inf
99,160,inf,inf,inf,284.05985284795173,inf
99,161,inf,inf,inf,407.96568483145734,inf
100,101,inf,inf,inf,934.5913545502119,inf
100,102,inf,inf,inf,103.31505214633539,inf
100,103,inf,inf,inf,1163.33486150807,inf
100,104,inf,inf,inf,709.8535060137408,inf
100,105,inf,inf,inf,283.55599094358774,inf
100,106,inf,inf,inf,1080.7404868885037,inf
100,107,inf,inf,inf,420.7433897282285,inf
100,108,inf,inf,inf,321.6286678764814,inf
100,109,inf,inf,inf,1217.0493005626354,inf
100,110,inf,inf,inf,732.8424114364561,inf
100,111,inf,inf,inf,288.1405906844782,inf
100,112,inf,inf,inf,1013.8170446387257,inf
100,113,inf,inf,inf,355.17038164801977,inf
100,114,inf,inf,inf,1163.5415763951025,inf
100,115,inf,inf,inf,1096.1409580888765,inf
100,116,inf,inf,inf,502.7255712612996,inf
100,117,inf,inf,inf,900.7108304000791,inf
100,118,inf,inf,inf,280.5316381444346,inf
100,119,inf,inf,inf,858.492283017151,inf
100,120,inf,inf,inf,64.93843238021688,inf
100,121,inf,inf,inf,1210.3586245406773,inf
100,122,inf,inf,inf,855.2502557731275,inf
100,123,inf,inf,inf,872.0808448762076,inf
100,124,inf,inf,inf,62.6418390534633,inf
100,125,inf,inf,inf,874.7571091451615,inf
100,126,inf,inf,inf,871.1291523075095,inf
100,127,inf,inf,inf,112.36102527122117,inf
100,128,inf,inf,inf,80.26207074328447,inf
100,129,inf,inf,inf,220.56518310921152,inf
100,130,inf,inf,inf,584.9829057331505,inf
100,131,inf,inf,inf,964.4609893614153,inf
100,132,inf,inf,inf,1160.7243428135725,inf
100,133,inf,inf,inf,376.3787985527346,inf
100,134,inf,inf,inf,497.63942769840895,inf
100,135,inf,inf,inf,994.9939698309734,inf
100,136,inf,inf,inf,439.32334333609,inf
100,137,inf,inf,inf,822.9489656108694,inf
100,138,inf,inf,inf,520.4632551871457,inf
100,139,inf,inf,inf,770.1597236937283,inf
100,140,inf,inf,inf,1198.6675936221852,inf
100,141,inf,inf,inf,425.57490527520537,inf
100,142,inf,inf,inf,268.66335812685736,inf
100,143,inf,inf,inf,267.22649569232465,inf
100,144,inf,inf,inf,1004.9726364434009,inf
100,145,inf,inf,inf,628.0326424637497,inf
100,146,inf,inf,inf,319.9953124656672,inf
100,147,inf,inf,inf,329.73474187595093,inf
100,148,inf,inf,inf,689.4555823256492,inf
100,149,inf,inf,inf,142.68847185389575,inf
100,150,inf,inf,inf,478.57810229888287,inf
100,151,inf,inf,inf,870.9609635339577,inf
100,152,inf,inf,inf,772.8712700055553,inf
100,153,inf,inf,inf,200.42205467462907,inf
100,154,inf,inf,inf,384.251219906977,inf
100,155,inf,inf,inf,398.6000501756115,inf
100,156,inf,inf,inf,747.1251568512467,inf
100,157,inf,inf,inf,384.72457680787693,inf
100,158,inf,inf,inf,407.14862151307847,inf
100,159,inf,inf,inf,260.16341018675166,inf
100,160,inf,inf,inf,763.3695042376268,inf
100,161,inf,inf,inf,185.16209115258988,inf
101,102,inf,inf,inf,912.7129888415087,inf
101,103,inf,inf,inf,233.13729860320507,inf
101,104,inf,inf,inf,285.41373477812874,inf
101,105,inf,inf,inf,793.249645445871,inf
101,106,inf,inf,inf,447.0760561694173,inf
101,107,inf,inf,inf,535.7480751248669,inf
101,108,inf,inf,inf,653.2778888038382,inf
101,109,inf,inf,inf,478.94049734805265,inf
101,110,inf,inf,inf,1126.5314021366648,inf
101,111,inf,inf,inf,684.2251091563361,inf
101,112,inf,inf,inf,229.36869882353173,inf
101,113,inf,inf,inf,592.3318326748952,inf
101,114,inf,inf,inf,319.5559418943732,inf
101,115,inf,inf,inf,787.1073624353922,inf
101,116,inf,inf,inf,440.83783866632865,inf
101,117,inf,inf,inf,328.7019926924691,inf
101,118,inf,inf,inf,1204.7261099519674,inf
101,119,inf,inf,inf,725.713442069251,inf
101,120,inf,inf,inf,958.9869655005745,inf
101,121,inf,inf,inf,421.2279667828336,inf
101,122,inf,inf,inf,813.177717353347,inf
101,123,inf,inf,inf,1034.9280168204937,inf
101,124,inf,inf,inf,907.6899250294673,inf
101,125,inf,inf,inf,877.2257406164049,inf
101,126,inf,inf,inf,162.2621335986927,inf
101,127,inf,inf,inf,1045.3114368454983,inf
101,128,inf,inf,inf,996.38596939138,inf
101,129,inf,inf,inf,1012.44456638376,inf
101,130,inf,inf,inf,524.6751375851537,inf
101,131,inf,inf,inf,597.9448135070661,inf
101,132,inf,inf,inf,667.9910179036841,inf
101,133,inf,inf,inf,558.2132209111497,inf
101,134,inf,inf,inf,1043.8773874359,inf
101,135,inf,inf,inf,377.02519809689113,inf
101,136,inf,inf,inf,1215.4883792122407,inf
101,137,inf,inf,inf,1069.8794324595647,inf
101,138,inf,inf,inf,1027.3874634236101,inf
101,139,inf,inf,inf,454.6834063389602,inf
101,140,inf,inf,inf,274.781731561616,inf
101,141,inf,inf,inf,509.14536234753234,inf
101,142,inf,inf,inf,1125.9738007609235,inf
101,143,inf,inf,inf,780.0852517513711,inf
101,144,inf,inf,inf,830.6557650434986,inf
101,145,inf,inf,inf,321.27869521647403,inf
101,146,inf,inf,inf,622.5238951237133,inf
101,147,inf,inf,inf,670.5117448635781,inf
101,148,inf,inf,inf,254.2833065696606,inf
101,149,inf,inf,inf,1035.04251120425,inf
101,150,inf,inf,inf,457.08861285313156,inf
101,151,inf,inf,inf,694.1037386443038,inf
101,152,inf,inf,inf,1074.9962790633278,inf
101,153,inf,inf,inf,1133.8650713378554,inf
101,154,inf,inf,inf,1022.5184594910744,inf
101,155,inf,inf,inf,558.0008960566282,inf
101,156,inf,inf,inf,749.4164396382027,inf
101,157,inf,inf,inf,716.2471640432512,inf
101,158,inf,inf,inf,959.7233976516359,inf
101,159,inf,inf,inf,1162.2323347764852,inf
101,160,inf,inf,inf,1103.8197316591147,inf
101,161,inf,inf,inf,935.1620180482097,inf
102,103,inf,inf,inf,1135.9903168601395,inf
102,104,inf,inf,inf,712.068816899041,inf
102,105,inf,inf,inf,355.31676008879737,inf
102,106,inf,inf,inf,1101.5125963873495,inf
102,107,inf,inf,inf,381.1154680670938,inf
102,108,inf,inf,inf,268.6726632912251,inf
102,109,inf,inf,inf,1158.979292308538,inf
102,110,inf,inf,inf,631.1449912658738,inf
102,111,inf,inf,inf,234.94041797868667,inf
102,112,inf,inf,inf,1014.3140539300439,inf
102,113,inf,inf,inf,320.6618156251224,inf
102,114,inf,inf,inf,1162.597522791099,inf
102,115,inf,inf,inf,1007.917159294354,inf
102,116,inf,inf,inf,472.49232798004243,inf
102,117,inf,inf,inf,915.848240703666,inf
102,118,inf,inf,inf,294.72699231661835,inf
102,119,inf,inf,inf,917.6824069360815,inf
102,120,inf,inf,inf,63.06346010171025,inf
102,121,inf,inf,inf,1158.0371323925672,inf
102,122,inf,inf,inf,759.582121959173,inf
102,123,inf,inf,inf,769.1872333833941,inf
102,124,inf,inf,inf,155.36408851468863,inf
102,125,inf,inf,inf,776.4083976877117,inf
102,126,inf,inf,inf,833.0306116824279,inf
102,127,inf,inf,inf,159.08802594790095,inf
102,128,inf,inf,inf,175.93180496999398,inf
102,129,inf,inf,inf,323.87188825212974,inf
102,130,inf,inf,inf,515.6520144438496,inf
102,131,inf,inf,inf,1006.6384653886419,inf
102,132,inf,inf,inf,1083.04247377469,inf
102,133,inf,inf,inf,363.1377149236912,inf
102,134,inf,inf,inf,397.86052832619623,inf
102,135,inf,inf,inf,1012.6327073524734,inf
102,136,inf,inf,inf,374.03876804416944,inf
102,137,inf,inf,inf,719.6339347195906,inf
102,138,inf,inf,inf,419.14198071775155,inf
102,139,inf,inf,inf,800.7646345837209,inf
102,140,inf,inf,inf,1182.8989813166634,inf
102,141,inf,inf,inf,412.393016429716,inf
102,142,inf,inf,inf,226.29626598775332,inf
102,143,inf,inf,inf,334.0898082851376,inf
102,144,inf,inf,inf,911.6424737801547,inf
102,145,inf,inf,inf,596.124986894527,inf
102,146,inf,inf,inf,327.6659884699662,inf
102,147,inf,inf,inf,369.98513483652283,inf
102,148,inf,inf,inf,678.2514283066421,inf
102,149,inf,inf,inf,122.48265183282079,inf
102,150,inf,inf,inf,466.95288841595146,inf
102,151,inf,inf,inf,926.5122773066745,inf
102,152,inf,inf,inf,669.6924667337986,inf
102,153,inf,inf,inf,257.73047937719747,inf
102,154,inf,inf,inf,287.2507615307573,inf
102,155,inf,inf,inf,410.48751503547584,inf
102,156,inf,inf,inf,653.4294147036848,inf
102,157,inf,inf,inf,445.00449435932666,inf
102,158,inf,inf,inf,503.1262267065791,inf
102,159,inf,inf,inf,343.91423349434086,inf
102,160,inf,inf,inf,660.6549780331637,inf
102,161,inf,inf,inf,85.21150157109074,inf
103,104,inf,inf,inf,510.88159097779203,inf
103,105,inf,inf,inf,1025.9551647123767,inf
103,106,inf,inf,inf,525.1780650408011,inf
103,107,inf,inf,inf,755.5084380733282,inf
103,108,inf,inf,inf,871.5600954610072,inf
103,109,inf,inf,inf,384.6413914284317,inf
103,110,inf,inf,inf,1281.1127975318957,inf
103,111,inf,inf,inf,903.8169062370985,inf
103,112,inf,inf,inf,323.3713036124263,inf
103,113,inf,inf,inf,815.5599303545999,inf
103,114,inf,inf,inf,298.63857754817946,inf
103,115,inf,inf,inf,816.9192126520222,inf
103,116,inf,inf,inf,663.8712224520656,inf
103,117,inf,inf,inf,485.3905643911921,inf
103,118,inf,inf,inf,1429.7643162423658,inf
103,119,inf,inf,inf,897.8669166418819,inf
103,120,inf,inf,inf,1184.7552489860511,inf
103,121,inf,inf,inf,308.084404019418,inf
103,122,inf,inf,inf,917.5516334245174,inf
103,123,inf,inf,inf,1153.9467058751025,inf
103,124,inf,inf,inf,1138.5780605650189,inf
103,125,inf,inf,inf,981.4458721702384,inf
103,126,inf,inf,inf,317.1277345171816,inf
103,127,inf,inf,inf,1273.1272520844097,inf
103,128,inf,inf,inf,1226.9808474462834,inf
103,129,inf,inf,inf,1245.579784678605,inf
103,130,inf,inf,inf,704.3472155123494,inf
103,131,inf,inf,inf,736.9131563488332,inf
103,132,inf,inf,inf,653.2419153728579,inf
103,133,inf,inf,inf,787.5106348488254,inf
103,134,inf,inf,inf,1229.6052211990643,inf
103,135,inf,inf,inf,490.51095808350703,inf
103,136,inf,inf,inf,1420.9774804689905,inf
103,137,inf,inf,inf,1202.4329503136546,inf
103,138,inf,inf,inf,1209.0037220786378,inf
103,139,inf,inf,inf,645.893180022827,inf
103,140,inf,inf,inf,140.22838514366484,inf
103,141,inf,inf,inf,739.0223271322727,inf
103,142,inf,inf,inf,1343.678532983243,inf
103,143,inf,inf,inf,1013.0873604976028,inf
103,144,inf,inf,inf,895.0810019210552,inf
103,145,inf,inf,inf,539.9083255516625,inf
103,146,inf,inf,inf,854.349460115707,inf
103,147,inf,inf,inf,903.5557536754442,inf
103,148,inf,inf,inf,487.41050460571734,inf
103,149,inf,inf,inf,1258.4641433112029,inf
103,150,inf,inf,inf,688.0443299671904,inf
103,151,inf,inf,inf,862.2163301631441,inf
103,152,inf,inf,inf,1217.7561332220832,inf
103,153,inf,inf,inf,1363.2787682642168,inf
103,154,inf,inf,inf,1221.7974463879027,inf
103,155,inf,inf,inf,791.0309728449323,inf
103,156,inf,inf,inf,877.9794986216933,inf
103,157,inf,inf,inf,946.7739962630998,inf
103,158,inf,inf,inf,1188.5259778397779,inf
103,159,inf,inf,inf,1394.4694331536996,inf
103,160,inf,inf,inf,1250.8960788171014,inf
103,161,inf,inf,inf,1152.3024776507252,inf
104,105,inf,inf,inf,524.5493303779922,inf
104,106,inf,inf,inf,412.74205019600316,inf
104,107,inf,inf,inf,381.25713108084943,inf
104,108,inf,inf,inf,488.6522280722764,inf
104,109,inf,inf,inf,735.4352452799634,inf
104,110,inf,inf,inf,1076.2202376837188,inf
104,111,inf,inf,inf,511.59456603838163,inf
104,112,inf,inf,inf,303.99506574942956,inf
104,113,inf,inf,inf,414.4514446832101,inf
104,114,inf,inf,inf,453.6926272268484,inf
104,115,inf,inf,inf,927.8755304457598,inf
104,116,inf,inf,inf,291.7276126800478,inf
104,117,inf,inf,inf,221.96396103872357,inf
104,118,inf,inf,inf,989.485725010725,inf
104,119,inf,inf,inf,493.86739110817996,inf
104,120,inf,inf,inf,746.8768305416897,inf
104,121,inf,inf,inf,689.2227506401686,inf
104,122,inf,inf,inf,863.5930754701545,inf
104,123,inf,inf,inf,1047.070675742569,inf
104,124,inf,inf,inf,671.6784945195134,inf
104,125,inf,inf,inf,922.0867638134711,inf
104,126,inf,inf,inf,339.42598604113977,inf
104,127,inf,inf,inf,822.1538785409942,inf
104,128,inf,inf,inf,760.2328590635898,inf
104,129,inf,inf,inf,750.8561779728525,inf
104,130,inf,inf,inf,489.3965672131344,inf
104,131,inf,inf,inf,431.00464034624963,inf
104,132,inf,inf,inf,859.3026242250165,inf
104,133,inf,inf,inf,351.4327816240255,inf
104,134,inf,inf,inf,938.0047974290964,inf
104,135,inf,inf,inf,319.5825401989289,inf
104,136,inf,inf,inf,1057.2137910564732,inf
104,137,inf,inf,inf,1059.2001699395635,inf
104,138,inf,inf,inf,931.0735738919884,inf
104,139,inf,inf,inf,221.02036105300343,inf
104,140,inf,inf,inf,506.66754385888976,inf
104,141,inf,inf,inf,304.38462510448846,inf
104,142,inf,inf,inf,936.9610450813843,inf
104,143,inf,inf,inf,515.3348426023608,inf
104,144,inf,inf,inf,930.1365491152361,inf
104,145,inf,inf,inf,241.51397475094478,inf
104,146,inf,inf,inf,390.2166065148945,inf
104,147,inf,inf,inf,408.57924567946424,inf
104,148,inf,inf,inf,94.64142856064674,inf
104,149,inf,inf,inf,829.6915089357008,inf
104,150,inf,inf,inf,251.46172671005024,inf
104,151,inf,inf,inf,470.40939616465994,inf
104,152,inf,inf,inf,1047.5542945356103,inf
104,153,inf,inf,inf,901.5747334525297,inf
104,154,inf,inf,inf,886.9864711482358,inf
104,155,inf,inf,inf,311.926273340352,inf
104,156,inf,inf,inf,771.2690840426576,inf
104,157,inf,inf,inf,437.9235093027092,inf
104,158,inf,inf,inf,677.7802003599692,inf
104,159,inf,inf,inf,912.5289036518241,inf
104,160,inf,inf,inf,1067.5734166791528,inf
104,161,inf,inf,inf,754.8012983560641,inf
105,106,inf,inf,inf,840.8685985336829,inf
105,107,inf,inf,inf,401.034911198514,inf
105,108,inf,inf,inf,373.8515748261601,inf
105,109,inf,inf,inf,1166.7360455561488,inf
105,110,inf,inf,inf,958.09915979506,inf
105,111,inf,inf,inf,356.61884414595926,inf
105,112,inf,inf,inf,815.36065639691,inf
105,113,inf,inf,inf,346.1126984090587,inf
105,114,inf,inf,inf,963.5626601316595,inf
105,115,inf,inf,inf,1165.0480676778964,inf
105,116,inf,inf,inf,434.7516532458502,inf
105,117,inf,inf,inf,676.0976260866473,inf
105,118,inf,inf,inf,538.8450612188999,inf
105,119,inf,inf,inf,576.3688055403416,inf
105,120,inf,inf,inf,346.03034549010295,inf
105,121,inf,inf,inf,1142.1120785632206,inf
105,122,inf,inf,inf,972.617602143823,inf
105,123,inf,inf,inf,1050.3470854912675,inf
105,124,inf,inf,inf,222.27910383119686,inf
105,125,inf,inf,inf,1008.0972175341027,inf
105,126,inf,inf,inf,777.9781487933964,inf
105,127,inf,inf,inf,374.81862280308326,inf
105,128,inf,inf,inf,290.03792855418067,inf
105,129,inf,inf,inf,228.98253208487324,inf
105,130,inf,inf,inf,617.8001294917314,inf
105,131,inf,inf,inf,695.4861608975408,inf
105,132,inf,inf,inf,1182.0833303959582,inf
105,133,inf,inf,inf,301.8095425926755,inf
105,134,inf,inf,inf,738.3583140995976,inf
105,135,inf,inf,inf,762.656541308078,inf
105,136,inf,inf,inf,721.3078399684839,inf
105,137,inf,inf,inf,1018.8390451881985,inf
105,138,inf,inf,inf,753.080340999551,inf
105,139,inf,inf,inf,521.9137859838538,inf
105,140,inf,inf,inf,1031.2128781197412,inf
105,141,inf,inf,inf,332.05120087119093,inf
105,142,inf,inf,inf,552.1231746630457,inf
105,143,inf,inf,inf,27.313000567495326,inf
105,144,inf,inf,inf,1102.960561398276,inf
105,145,inf,inf,inf,541.9086638908811,inf
105,146,inf,inf,inf,218.1857007230309,inf
105,147,inf,inf,inf,125.57467897629681,inf
105,148,inf,inf,inf,539.5600059307584,inf
105,149,inf,inf,inf,426.0187789288167,inf
105,150,inf,inf,inf,365.1643465619282,inf
105,151,inf,inf,inf,590.6987387831465,inf
105,152,inf,inf,inf,978.4160669163196,inf
105,153,inf,inf,inf,423.2316150761897,inf
105,154,inf,inf,inf,636.2020119427476,inf
105,155,inf,inf,inf,245.45875417267155,inf
105,156,inf,inf,inf,859.6045602484901,inf
105,157,inf,inf,inf,109.40292500660117,inf
105,158,inf,inf,inf,209.53758612716717,inf
105,159,inf,inf,inf,401.69266859130005,inf
105,160,inf,inf,inf,977.9493851933238,inf
105,161,inf,inf,inf,437.1967520464899,inf
106,107,inf,inf,inf,793.665546688276,inf
106,108,inf,inf,inf,898.1787127292653,inf
106,109,inf,inf,inf,891.2782954835151,inf
106,110,inf,inf,inf,1484.4264885806908,inf
106,111,inf,inf,inf,918.8171744150193,inf
106,112,inf,inf,inf,221.41589825484527,inf
106,113,inf,inf,inf,822.9325610279375,inf
106,114,inf,inf,inf,248.55784035109414,inf
106,115,inf,inf,inf,1233.131379861854,inf
106,116,inf,inf,inf,704.213745960699,inf
106,117,inf,inf,inf,191.2066944434739,inf
106,118,inf,inf,inf,1359.86249304847,inf
106,119,inf,inf,inf,447.25048909978847,inf
106,120,inf,inf,inf,1127.209386050347,inf
106,121,inf,inf,inf,820.4632837610711,inf
106,122,inf,inf,inf,1232.0572226970628,inf
106,123,inf,inf,inf,1436.0379521447196,inf
106,124,inf,inf,inf,1032.4901936580318,inf
106,125,inf,inf,inf,1294.3013559445883,inf
106,126,inf,inf,inf,601.2403845384972,inf
106,127,inf,inf,inf,1190.1197418747408,inf
106,128,inf,inf,inf,1116.4560000286622,inf
106,129,inf,inf,inf,1065.5594774577344,inf
106,130,inf,inf,inf,885.4631556422887,inf
106,131,inf,inf,inf,249.2087478400387,inf
106,132,inf,inf,inf,1112.6046018240263,inf
106,133,inf,inf,inf,753.3478612168485,inf
106,134,inf,inf,inf,1350.6905641189621,inf
106,135,inf,inf,inf,93.1933474020544,inf
106,136,inf,inf,inf,1460.1797834513393,inf
106,137,inf,inf,inf,1456.8284044457673,inf
106,138,inf,inf,inf,1343.7626278476419,inf
106,139,inf,inf,inf,319.3399442600315,inf
106,140,inf,inf,inf,415.4274906647368,inf
106,141,inf,inf,inf,709.7901098212062,inf
106,142,inf,inf,inf,1327.7424449041312,inf
106,143,inf,inf,inf,842.2173116244999,inf
106,144,inf,inf,inf,1268.5937095855395,inf
106,145,inf,inf,inf,636.019653784378,inf
106,146,inf,inf,inf,773.902448632901,inf
106,147,inf,inf,inf,753.5549084174291,inf
106,148,inf,inf,inf,487.93954543570254,inf
106,149,inf,inf,inf,1212.471855343455,inf
106,150,inf,inf,inf,659.6461172477254,inf
106,151,inf,inf,inf,407.9571055883204,inf
106,152,inf,inf,inf,1450.225499706856,inf
106,153,inf,inf,inf,1256.735851322783,inf
106,154,inf,inf,inf,1297.1418580864624,inf
106,155,inf,inf,inf,691.041243342248,inf
106,156,inf,inf,inf,1152.480802443147,inf
106,157,inf,inf,inf,733.6899890280636,inf
106,158,inf,inf,inf,922.974539193796,inf
106,159,inf,inf,inf,1242.1614226822535,inf
106,160,inf,inf,inf,1472.672740292289,inf
106,161,inf,inf,inf,1153.6918999455618,inf
107,108,inf,inf,inf,117.6860229593982,inf
107,109,inf,inf,inf,801.0954999249466,inf
107,110,inf,inf,inf,710.6708098690982,inf
107,111,inf,inf,inf,148.62705002791384,inf
107,112,inf,inf,inf,664.7706371373513,inf
107,113,1.0,75.1421,75.14213562373095,66.49060083951716,1.1301166582190358
107,114,inf,inf,inf,807.4862227926864,inf
107,115,inf,inf,inf,765.937334251308,inf
107,116,inf,inf,inf,97.09788875150684,inf
107,117,inf,inf,inf,602.5155599650518,inf
107,118,inf,inf,inf,675.6870577419697,inf
107,119,inf,inf,inf,753.8129741520771,inf
107,120,inf,inf,inf,432.7609039643022,inf
107,121,inf,inf,inf,790.7041165948234,inf
107,122,inf,inf,inf,597.2001339584579,inf
107,123,inf,inf,inf,725.4309064273455,inf
107,124,inf,inf,inf,410.8880626155985,inf
107,125,inf,inf,inf,642.4523328621353,inf
107,126,inf,inf,inf,452.7703612207849,inf
107,127,inf,inf,inf,525.2142420003479,inf
107,128,inf,inf,inf,493.4338861488943,inf
107,129,inf,inf,inf,560.1731875054356,inf
107,130,inf,inf,inf,219.02054698132775,inf
107,131,inf,inf,inf,769.1033740661915,inf
107,132,inf,inf,inf,783.5215376746194,inf
107,133,inf,inf,inf,106.47065323364932,inf
107,134,inf,inf,inf,557.2162955262526,inf
107,135,inf,inf,inf,700.6125890961423,inf
107,136,inf,inf,inf,687.6118090899836,inf
107,137,inf,inf,inf,718.679344353238,inf
107,138,inf,inf,inf,551.7399749882185,inf
107,139,inf,inf,inf,542.9742166990989,inf
107,140,inf,inf,inf,809.0296657107205,inf
107,141,inf,inf,inf,110.04090148667449,inf
107,142,inf,inf,inf,590.2414760079132,inf
107,143,inf,inf,inf,375.9587743356976,inf
107,144,inf,inf,inf,713.2215644524498,inf
107,145,inf,inf,inf,215.8008341040414,inf
107,146,inf,inf,inf,184.2878183711555,inf
107,147,inf,inf,inf,294.10882339705483,inf
107,148,inf,inf,inf,320.7397699070073,inf
107,149,inf,inf,inf,503.4332130481659,inf
107,150,inf,inf,inf,141.6756859873987,inf
107,151,inf,inf,inf,746.5775244406973,inf
107,152,inf,inf,inf,695.9058844412799,inf
107,153,inf,inf,inf,620.1161181585268,inf
107,154,inf,inf,inf,507.7341824222592,inf
107,155,inf,inf,inf,202.7732724004818,inf
107,156,inf,inf,inf,486.7864007960781,inf
107,157,inf,inf,inf,397.200201409818,inf
107,158,inf,inf,inf,610.2335618433323,inf
107,159,inf,inf,inf,672.3466367878998,inf
107,160,inf,inf,inf,709.8084248584262,inf
107,161,inf,inf,inf,399.46213838109867,inf
108,109,inf,inf,inf,895.9754460921348,inf
108,110,inf,inf,inf,637.8691088303304,inf
108,111,inf,inf,inf,34.058772731852805,inf
108,112,inf,inf,inf,779.031449942812,inf
108,113,inf,inf,inf,75.71657678474378,inf
108,114,inf,inf,inf,923.1337931199356,inf
108,115,inf,inf,inf,804.0509934077564,inf
108,116,inf,inf,inf,214.2941903085569,inf
108,117,inf,inf,inf,707.1951640106146,inf
108,118,inf,inf,inf,563.0994583552714,inf
108,119,inf,inf,inf,814.4740634298921,inf
108,120,inf,inf,inf,324.154284253656,inf
108,121,inf,inf,inf,891.5968820044179,inf
108,122,inf,inf,inf,598.8739433303139,inf
108,123,inf,inf,inf,688.7670143089026,inf
108,124,inf,inf,inf,324.00771595750615,inf
108,125,inf,inf,inf,634.6187832076829,inf
108,126,inf,inf,inf,565.0530948503866,inf
108,127,inf,inf,inf,419.38049549305464,inf
108,128,inf,inf,inf,398.9348317708044,inf
108,129,inf,inf,inf,489.80812569821666,inf
108,130,inf,inf,inf,268.47718711279737,inf
108,131,inf,inf,inf,853.0005861662698,inf
108,132,inf,inf,inf,847.74052634046,inf
108,133,inf,inf,inf,153.9415473483361,inf
108,134,inf,inf,inf,460.6300033649567,inf
108,135,inf,inf,inf,805.6798371561746,inf
108,136,inf,inf,inf,572.0139858430036,inf
108,137,inf,inf,inf,668.516267565719,inf
108,138,inf,inf,inf,460.3400916713642,inf
108,139,inf,inf,inf,629.6769012755669,inf
108,140,inf,inf,inf,926.7065339145937,inf
108,141,inf,inf,inf,189.992105099133,inf
108,142,inf,inf,inf,472.8900506460249,inf
108,143,inf,inf,inf,346.67708317683764,inf
108,144,inf,inf,inf,732.3011675533503,inf
108,145,inf,inf,inf,332.7100840070827,inf
108,146,inf,inf,inf,188.52055590836773,inf
108,147,inf,inf,inf,295.78708558691335,inf
108,148,inf,inf,inf,435.2470562795342,inf
108,149,inf,inf,inf,389.9653830790625,inf
108,150,inf,inf,inf,238.53301658261063,inf
108,151,inf,inf,inf,812.1970204328504,inf
108,152,inf,inf,inf,637.0784881001712,inf
108,153,inf,inf,inf,516.6139758078559,inf
108,154,inf,inf,inf,398.9636574927596,inf
108,155,inf,inf,inf,247.69537742961614,inf
108,156,inf,inf,inf,485.8569748393039,inf
108,157,inf,inf,inf,402.3754465670091,inf
108,158,inf,inf,inf,579.945687112164,inf
108,159,inf,inf,inf,580.086200490927,inf
108,160,inf,inf,inf,645.0193795538239,inf
108,161,inf,inf,inf,281.8865019826242,inf
109,110,inf,inf,inf,1101.5393774168947,inf
109,111,inf,inf,inf,929.8537519416695,inf
109,112,inf,inf,inf,673.3394389162127,inf
109,113,inf,inf,inf,867.5511512297128,inf
109,114,inf,inf,inf,681.3780154950701,inf
109,115,inf,inf,inf,492.2296212135145,inf
109,116,inf,inf,inf,737.586605084447,inf
109,117,inf,inf,inf,805.2831800056425,inf
109,118,inf,inf,inf,1446.6184707793552,inf
109,119,inf,inf,inf,1203.8554730531403,inf
109,120,inf,inf,inf,1218.031198286809,inf
109,121,inf,inf,inf,78.16009211867653,inf
109,122,inf,inf,inf,682.139281965201,inf
109,123,inf,inf,inf,920.0021739104751,inf
109,124,inf,inf,inf,1211.7924739822408,inf
109,125,inf,inf,inf,738.783459479163,inf
109,126,inf,inf,inf,401.8718701277809,inf
109,127,inf,inf,inf,1314.383505678613,inf
109,128,inf,inf,inf,1292.6240752825238,inf
109,129,inf,inf,inf,1356.6502865514017,inf
109,130,inf,inf,inf,648.2499517932878,inf
109,131,inf,inf,inf,1073.3172876647427,inf
109,132,inf,inf,inf,299.7665758552811,inf
109,133,inf,inf,inf,876.0422364247057,inf
109,134,inf,inf,inf,1121.987522212257,inf
109,135,inf,inf,inf,839.1448027605247,inf
109,136,inf,inf,inf,1357.9293059655204,inf
109,137,inf,inf,inf,987.6041717206342,inf
109,138,inf,inf,inf,1092.7474548128675,inf
109,139,inf,inf,inf,930.0994570474708,inf
109,140,inf,inf,inf,523.3096597617896,inf
109,141,inf,inf,inf,837.511193955042,inf
109,142,inf,inf,inf,1329.0737376082639,inf
109,143,inf,inf,inf,1146.710512727602,inf
109,144,inf,inf,inf,604.5767114270942,inf
109,145,inf,inf,inf,624.8487817064222,inf
109,146,inf,inf,inf,958.1022909898504,inf
109,147,inf,inf,inf,1042.129550487846,inf
109,148,inf,inf,inf,666.8043191221844,inf
109,149,inf,inf,inf,1274.7725287281648,inf
109,150,inf,inf,inf,801.6246004209202,inf
109,151,inf,inf,inf,1172.800068212822,inf
109,152,inf,inf,inf,1019.9593129140005,inf
109,153,inf,inf,inf,1412.2528102291035,inf
109,154,inf,inf,inf,1151.1733144926527,inf
109,155,inf,inf,inf,922.0721229925564,inf
109,156,inf,inf,inf,688.1780292918396,inf
109,157,inf,inf,inf,1116.6064660389532,inf
109,158,inf,inf,inf,1361.0264508818336,inf
109,159,inf,inf,inf,1472.7416609847091,inf
109,160,inf,inf,inf,1058.8833741257815,inf
109,161,inf,inf,inf,1146.769375245084,inf
110,111,inf,inf,inf,635.094481160087,inf
110,112,inf,inf,inf,1319.1015882031224,inf
110,113,inf,inf,inf,707.6496308202245,inf
110,114,inf,inf,inf,1442.0003467405963,inf
110,115,inf,inf,inf,704.2705446062614,inf
110,116,inf,inf,inf,787.3531609131953,inf
110,117,inf,inf,inf,1296.5778032960459,inf
110,118,inf,inf,inf,728.7084464996958,inf
110,119,inf,inf,inf,1452.3308851635704,inf
110,120,inf,inf,inf,675.1629432959128,inf
110,121,inf,inf,inf,1142.2547876896817,inf
110,122,inf,inf,inf,430.9071825811215,inf
110,123,inf,inf,inf,242.5963726027246,inf
110,124,inf,inf,inf,786.0597941632685,inf
110,125,inf,inf,inf,389.4945442493386,inf
110,126,inf,inf,inf,977.9672796162456,inf
110,127,inf,inf,inf,732.7434748941815,inf
110,128,inf,inf,inf,793.543949633541,inf
110,129,inf,inf,inf,951.5298208674282,inf
110,130,inf,inf,inf,606.601186942459,inf
110,131,inf,inf,inf,1479.7638325084176,inf
110,132,inf,inf,inf,875.8224705954968,inf
110,133,inf,inf,inf,789.020278573371,inf
110,134,inf,inf,inf,238.933045014707,inf
110,135,inf,inf,inf,1391.7546479175128,inf
110,136,inf,inf,inf,456.98687070855766,inf
110,137,inf,inf,inf,155.7080601638849,inf
110,138,inf,inf,inf,212.5088233462319,inf
110,139,inf,inf,inf,1253.5581358676588,inf
110,140,inf,inf,inf,1385.003249093662,inf
110,141,inf,inf,inf,815.5022991997018,inf
110,142,inf,inf,inf,578.6898996872159,inf
110,143,inf,inf,inf,932.3389941432247,inf
110,144,inf,inf,inf,564.7831442244005,inf
110,145,inf,inf,inf,850.0123528514159,inf
110,146,inf,inf,inf,822.1636090219513,inf
110,147,inf,inf,inf,919.0065288124998,inf
110,148,inf,inf,inf,996.4883341013079,inf
110,149,inf,inf,inf,645.3851563214016,inf
110,150,inf,inf,inf,852.3056963320145,inf
110,151,inf,inf,inf,1449.4954294512281,inf
110,152,inf,inf,inf,96.33275663033837,inf
110,153,inf,inf,inf,801.0923791923126,inf
110,154,inf,inf,inf,356.1305940241585,inf
110,155,inf,inf,inf,885.4942122905152,inf
110,156,inf,inf,inf,415.7138438878359,inf
110,157,inf,inf,inf,1020.0593120010228,inf
110,158,inf,inf,inf,1131.2046675999884,inf
110,159,inf,inf,inf,917.7717581185423,inf
110,160,inf,inf,inf,56.753854494650845,inf
110,161,inf,inf,inf,547.6869543817892,inf
111,112,inf,inf,inf,805.1397394241574,inf
111,113,inf,inf,inf,97.45255255764212,inf
111,114,inf,inf,inf,950.2210269195267,inf
111,115,inf,inf,inf,830.7550782270307,inf
111,116,inf,inf,inf,243.98770460824454,inf
111,117,inf,inf,inf,728.2478973536415,inf
111,118,inf,inf,inf,529.5252590764675,inf
111,119,inf,inf,inf,819.1312471148931,inf
111,120,inf,inf,inf,290.1103238424996,inf
111,121,inf,inf,inf,925.65058202326,inf
111,122,inf,inf,inf,618.7681310474869,inf
111,123,inf,inf,inf,698.0257874892588,inf
111,124,inf,inf,inf,292.48076859855246,inf
111,125,inf,inf,inf,652.0375756043512,inf
111,126,inf,inf,inf,598.3585881392528,inf
111,127,inf,inf,inf,385.33102652135346,inf
111,128,inf,inf,inf,365.8865944524341,inf
111,129,inf,inf,inf,460.83402652147987,inf
111,130,inf,inf,inf,299.66648127543397,inf
111,131,inf,inf,inf,865.4305286965557,inf
111,132,inf,inf,inf,878.5897791347222,inf
111,133,inf,inf,inf,167.8153747426022,inf
111,134,inf,inf,inf,448.3079298874826,inf
111,135,inf,inf,inf,826.718815559438,inf
111,136,inf,inf,inf,546.2966227243218,inf
111,137,inf,inf,inf,673.648276179788,inf
111,138,inf,inf,inf,450.64953123242014,inf
111,139,inf,inf,inf,643.8765409610759,inf
111,140,inf,inf,inf,957.0982185752933,inf
111,141,inf,inf,inf,209.0287061625747,inf
111,142,inf,inf,inf,441.77482952291433,inf
111,143,inf,inf,inf,329.3098844553561,inf
111,144,inf,inf,inf,755.4634339264873,inf
111,145,inf,inf,inf,364.37343481653545,inf
111,146,inf,inf,inf,187.0721785835617,inf
111,147,inf,inf,inf,288.4614358974177,inf
111,148,inf,inf,inf,462.07358721311914,inf
111,149,inf,inf,inf,356.52349151213025,inf
111,150,inf,inf,inf,260.2498799231231,inf
111,151,inf,inf,inf,818.4717466107184,inf
111,152,inf,inf,inf,639.4505453903374,inf
111,153,inf,inf,inf,482.6199332808375,inf
111,154,inf,inf,inf,379.6682762623182,inf
111,155,inf,inf,inf,254.568261965234,inf
111,156,inf,inf,inf,505.9140243163852,inf
111,157,inf,inf,inf,393.7537301410616,inf
111,158,inf,inf,inf,559.9473189506313,inf
111,159,inf,inf,inf,547.0831746635972,inf
111,160,inf,inf,inf,645.2239921143664,inf
111,161,inf,inf,inf,251.4358765172544,inf
112,113,inf,inf,inf,707.8340200922812,inf
112,114,inf,inf,inf,149.9399879951976,inf
112,115,inf,inf,inf,1016.3326227175826,inf
112,116,inf,inf,inf,568.5806890846716,inf
112,117,inf,inf,inf,172.69916039170545,inf
112,118,inf,inf,inf,1293.4701388126439,inf
112,119,inf,inf,inf,579.4566420363132,inf
112,120,inf,inf,inf,1050.5322460543512,inf
112,121,inf,inf,inf,604.6329465055638,inf
112,122,inf,inf,inf,1033.5840556045744,inf
112,123,inf,inf,inf,1247.9463129477967,inf
112,124,inf,inf,inf,974.842038486236,inf
112,125,inf,inf,inf,1097.0182313890687,inf
112,126,inf,inf,inf,388.81486597093993,inf
112,127,inf,inf,inf,1126.0950226335253,inf
112,128,inf,inf,inf,1063.0921879122243,inf
112,129,inf,inf,inf,1044.1388796515528,inf
112,130,inf,inf,inf,712.6640162096021,inf
112,131,inf,inf,inf,413.5698248180106,inf
112,132,inf,inf,inf,891.5256586324367,inf
112,133,inf,inf,inf,651.7238679072602,inf
112,134,inf,inf,inf,1209.896689804547,inf
112,135,inf,inf,inf,168.36270370839262,inf
112,136,inf,inf,inf,1351.003330861919,inf
112,137,inf,inf,inf,1276.3526158550387,inf
112,138,inf,inf,inf,1198.199065264199,inf
112,139,inf,inf,inf,348.81083698761427,inf
112,140,inf,inf,inf,247.7761086142084,inf
112,141,inf,inf,inf,603.175762112504,inf
112,142,inf,inf,inf,1238.0569453785233,inf
112,143,inf,inf,inf,809.4844038028157,inf
112,144,inf,inf,inf,1058.624107037054,inf
112,145,inf,inf,inf,474.12445623485826,inf
112,146,inf,inf,inf,694.2002592912221,inf
112,147,inf,inf,inf,706.385164057117,inf
112,148,inf,inf,inf,344.06104109590785,inf
112,149,inf,inf,inf,1132.9064392084636,inf
112,150,inf,inf,inf,548.8679258255122,inf
112,151,inf,inf,inf,542.6619573915239,inf
112,152,inf,inf,inf,1275.8295340679333,inf
112,153,inf,inf,inf,1204.6443458548254,inf
112,154,inf,inf,inf,1171.522940449738,inf
112,155,inf,inf,inf,615.5818385885016,inf
112,156,inf,inf,inf,962.1564321876147,inf
112,157,inf,inf,inf,718.6932586298552,inf
112,158,inf,inf,inf,943.0339336418388,inf
112,159,inf,inf,inf,1211.003715931541,inf
112,160,inf,inf,inf,1301.6743064223092,inf
112,161,inf,inf,inf,1053.1334198476468,inf
113,114,inf,inf,inf,853.2555303073049,inf
113,115,inf,inf,inf,819.0463967321998,inf
113,116,inf,inf,inf,151.83214415926557,inf
113,117,inf,inf,inf,632.0711985211792,inf
113,118,inf,inf,inf,614.2377389903685,inf
113,119,inf,inf,inf,745.7352076977458,inf
113,120,inf,inf,inf,369.8175225702536,inf
113,121,inf,inf,inf,857.0705921917984,inf
113,122,inf,inf,inf,634.8740032478886,inf
113,123,inf,inf,inf,744.4602071299714,inf
113,124,inf,inf,inf,344.3980255460243,inf
113,125,inf,inf,inf,675.9127162585418,inf
113,126,inf,inf,inf,516.6546235155552,inf
113,127,inf,inf,inf,460.91322393700096,inf
113,128,inf,inf,inf,427.1767783950808,inf
113,129,inf,inf,inf,495.20197899443014,inf
113,130,inf,inf,inf,272.2443755158222,inf
113,131,inf,inf,inf,778.5403008194245,inf
113,132,inf,inf,inf,844.8248339152916,inf
113,133,inf,inf,inf,81.39410298049853,inf
113,134,inf,inf,inf,535.8441937727795,inf
113,135,inf,inf,inf,730.5648499620003,inf
113,136,inf,inf,inf,643.7491747567526,inf
113,137,inf,inf,inf,730.0061643575348,inf
113,138,inf,inf,inf,534.6924349567703,inf
113,139,inf,inf,inf,554.616984954482,inf
113,140,inf,inf,inf,863.7094418842485,inf
113,141,inf,inf,inf,114.28035701729323,inf
113,142,inf,inf,inf,535.6286026716647,inf
113,143,inf,inf,inf,320.0624938976762,inf
113,144,inf,inf,inf,758.8754838575298,inf
113,145,inf,inf,inf,276.0307953834137,inf
113,146,inf,inf,inf,136.97079980784227,inf
113,147,inf,inf,inf,249.20072231034965,inf
113,148,inf,inf,inf,365.1698235068172,inf
113,149,inf,inf,inf,443.1275211493865,inf
113,150,inf,inf,inf,163.46559270990332,inf
113,151,inf,inf,inf,741.946763588871,inf
113,152,inf,inf,inf,701.9287713151527,inf
113,153,inf,inf,inf,555.0036035919046,inf
113,154,inf,inf,inf,474.3047543510396,inf
113,155,inf,inf,inf,180.0999722376436,inf
113,156,inf,inf,inf,522.6107538120508,inf
113,157,inf,inf,inf,355.4616716328218,inf
113,158,inf,inf,inf,555.5897767237983,inf
113,159,inf,inf,inf,605.885302677,inf
113,160,inf,inf,inf,712.0990099698215,inf
113,161,inf,inf,inf,346.8501117197456,inf
114,115,inf,inf,inf,1079.9898147667875,inf
114,116,inf,inf,inf,710.6124119377595,inf
114,117,inf,inf,inf,301.3254055004324,inf
114,118,inf,inf,inf,1443.013859947298,inf
114,119,inf,inf,inf,677.6488766315488,inf
114,120,inf,inf,inf,1199.6882928494385,inf
114,121,inf,inf,inf,605.8919045506385,inf
114,122,inf,inf,inf,1130.8271309090528,inf
114,123,inf,inf,inf,1354.3943295805693,inf
114,124,inf,inf,inf,1124.7777558255675,inf
114,125,inf,inf,inf,1195.0719643603059,inf
114,126,inf,inf,inf,479.6133859683234,inf
114,127,inf,inf,inf,1275.8463857377187,inf
114,128,inf,inf,inf,1213.031326883193,inf
114,129,inf,inf,inf,1192.4998951781924,inf
114,130,inf,inf,inf,836.4687680959762,inf
114,131,inf,inf,inf,489.8346659843503,inf
114,132,inf,inf,inf,934.1734314355124,inf
114,133,inf,inf,inf,799.6061530528639,inf
114,134,inf,inf,inf,1345.084383970017,inf
114,135,inf,inf,inf,251.87298386289865,inf
114,136,inf,inf,inf,1494.956855564735,inf
114,137,inf,inf,inf,1389.1385819996506,inf
114,138,inf,inf,inf,1331.549848860342,inf
114,139,inf,inf,inf,479.5883651632929,inf
114,140,inf,inf,inf,171.67702234137218,inf
114,141,inf,inf,inf,750.7070001005719,inf
114,142,inf,inf,inf,1385.5977049634573,inf
114,143,inf,inf,inf,958.3073619669213,inf
114,144,inf,inf,inf,1138.3430941504412,inf
114,145,inf,inf,inf,608.5326614077505,inf
114,146,inf,inf,inf,843.7843326348268,inf
114,147,inf,inf,inf,855.8936849866343,inf
114,148,inf,inf,inf,488.1475186867183,inf
114,149,inf,inf,inf,1281.7148668873276,inf
114,150,inf,inf,inf,696.2255381699238,inf
114,151,inf,inf,inf,638.9240956483015,inf
114,152,inf,inf,inf,1393.1335183678555,inf
114,153,inf,inf,inf,1354.5840690042091,inf
114,154,inf,inf,inf,1311.9283517021804,inf
114,155,inf,inf,inf,765.4443154142566,inf
114,156,inf,inf,inf,1068.9625811973028,inf
114,157,inf,inf,inf,865.2826127919132,inf
114,158,inf,inf,inf,1084.852524539626,inf
114,159,inf,inf,inf,1360.3308421115798,inf
114,160,inf,inf,inf,1421.1298322109772,inf
114,161,inf,inf,inf,1199.528240601279,inf
115,116,inf,inf,inf,760.231543676004,inf
115,117,inf,inf,inf,1089.2736111739787,inf
115,118,inf,inf,inf,1250.4659131699673,inf
115,119,inf,inf,inf,1418.6000140984067,inf
115,120,inf,inf,inf,1070.8398573082718,inf
115,121,inf,inf,inf,559.6793724982189,inf
115,122,inf,inf,inf,285.5801113523139,inf
115,123,inf,inf,inf,479.80204251336824,inf
115,124,inf,inf,inf,1116.63467615868,inf
115,125,inf,inf,inf,315.15869018638847,inf
115,126,inf,inf,inf,632.9684036348102,inf
115,127,inf,inf,inf,1164.0661493231387,inf
115,128,inf,inf,inf,1176.2606003773144,inf
115,129,inf,inf,inf,1290.5386472322323,inf
115,130,inf,inf,inf,547.4248806914059,inf
115,131,inf,inf,inf,1347.3960071189167,inf
115,132,inf,inf,inf,199.7248106770914,inf
115,133,inf,inf,inf,870.5699282653864,inf
115,134,inf,inf,inf,809.6678331266471,inf
115,135,inf,inf,inf,1157.0592033253959,inf
115,136,inf,inf,inf,1072.388921986795,inf
115,137,inf,inf,inf,561.8540735813882,inf
115,138,inf,inf,inf,773.7447899663041,inf
115,139,inf,inf,inf,1148.8938158071876,inf
115,140,inf,inf,inf,953.4552952288849,inf
115,141,inf,inf,inf,855.5261538959519,inf
115,142,inf,inf,inf,1106.4054410567583,inf
115,143,inf,inf,inf,1139.10535070291,inf
115,144,inf,inf,inf,140.24621207005913,inf
115,145,inf,inf,inf,710.105625945887,inf
115,146,inf,inf,inf,950.1631438863539,inf
115,147,inf,inf,inf,1059.5093203931715,inf
115,148,inf,inf,inf,834.5549712271804,inf
115,149,inf,inf,inf,1097.918485134484,inf
115,150,inf,inf,inf,848.9263807892885,inf
115,151,inf,inf,inf,1397.424058759545,inf
115,152,inf,inf,inf,610.2827213677281,inf
115,153,inf,inf,inf,1260.1793523145823,inf
115,154,inf,inf,inf,881.4590177654319,inf
115,155,inf,inf,inf,956.4627541101639,inf
115,156,inf,inf,inf,364.81913327017264,inf
115,157,inf,inf,inf,1160.0431026474835,inf
115,158,inf,inf,inf,1374.5781170962966,inf
115,159,inf,inf,inf,1351.6042320146826,inf
115,160,inf,inf,inf,651.7177303096794,inf
115,161,inf,inf,inf,961.1170584273281,inf
116,117,inf,inf,inf,513.6818081263925,inf
116,118,inf,inf,inf,765.8988183826895,inf
116,119,inf,inf,inf,702.5738395357458,inf
116,120,inf,inf,inf,521.0086371644908,inf
116,121,inf,inf,inf,720.1117968760128,inf
116,122,inf,inf,inf,625.6164959461987,inf
116,123,inf,inf,inf,779.0879282853765,inf
116,124,inf,inf,inf,485.1236955663988,inf
116,125,inf,inf,inf,677.0088625712369,inf
116,126,inf,inf,inf,369.1950703896248,inf
116,127,inf,inf,inf,610.6864989501569,inf
116,128,inf,inf,inf,571.1716029355802,inf
116,129,inf,inf,inf,619.6402181911694,inf
116,130,inf,inf,inf,233.77339455121918,inf
116,131,inf,inf,inf,697.2201947735019,inf
116,132,inf,inf,inf,752.947541333392,inf
116,133,inf,inf,inf,138.52075656738234,inf
116,134,inf,inf,inf,647.4519287174917,inf
116,135,inf,inf,inf,611.020457922646,inf
116,136,inf,inf,inf,784.6540639033229,inf
116,137,inf,inf,inf,781.3833886127859,inf
116,138,inf,inf,inf,639.6131643423234,inf
116,139,inf,inf,inf,471.2674399955932,inf
116,140,inf,inf,inf,713.1542610123003,inf
116,141,inf,inf,inf,102.90286682109493,inf
116,142,inf,inf,inf,685.6216157619303,inf
116,143,inf,inf,inf,412.69964865504795,inf
116,144,inf,inf,inf,724.9586195087276,inf
116,145,inf,inf,inf,125.32358118087753,inf
116,146,inf,inf,inf,220.85742007005334,inf
116,147,inf,inf,inf,314.40101781005734,inf
116,148,inf,inf,inf,224.93110056192762,inf
116,149,inf,inf,inf,594.9596624982235,inf
116,150,inf,inf,inf,89.55445270895244,inf
116,151,inf,inf,inf,691.0586082236441,inf
116,152,inf,inf,inf,764.3592087493943,inf
116,153,inf,inf,inf,703.1386776447446,inf
116,154,inf,inf,inf,603.0538947722666,inf
116,155,inf,inf,inf,200.11246837716035,inf
116,156,inf,inf,inf,520.7043306906521,inf
116,157,inf,inf,inf,405.9014658756482,inf
116,158,inf,inf,inf,638.4113094236349,inf
116,159,inf,inf,inf,746.3846193484965,inf
116,160,inf,inf,inf,781.7518787953119,inf
116,161,inf,inf,inf,495.40488491737744,inf
117,118,inf,inf,inf,1181.003810324082,inf
117,119,inf,inf,inf,412.53484701295235,inf
117,120,inf,inf,inf,944.3902794925411,inf
117,121,inf,inf,inf,743.0585441269079,inf
117,122,inf,inf,inf,1061.6501306927814,inf
117,123,inf,inf,inf,1257.2688654380972,inf
117,124,inf,inf,inf,855.4133503751272,inf
117,125,inf,inf,inf,1122.525723535991,inf
117,126,inf,inf,inf,459.7847322389033,inf
117,127,inf,inf,inf,1011.5063025013734,inf
117,128,inf,inf,inf,941.3872741863468,inf
117,129,inf,inf,inf,904.3898495670991,inf
117,130,inf,inf,inf,702.3425090367235,inf
117,131,inf,inf,inf,269.2675249635574,inf
117,132,inf,inf,inf,989.3396787756974,inf
117,133,inf,inf,inf,563.5858408441433,inf
117,134,inf,inf,inf,1159.6227834947017,inf
117,135,inf,inf,inf,98.49365461794989,inf
117,136,inf,inf,inf,1271.0015735631487,inf
117,137,inf,inf,inf,1274.1353931195852,inf
117,138,inf,inf,inf,1152.9900259759406,inf
117,139,inf,inf,inf,178.7568180517879,inf
117,140,inf,inf,inf,420.46165104560964,inf
117,141,inf,inf,inf,519.2937511659466,inf
117,142,inf,inf,inf,1142.1120785632206,inf
117,143,inf,inf,inf,674.0400581567834,inf
117,144,inf,inf,inf,1111.0040503976572,inf
117,145,inf,inf,inf,451.89489928522096,inf
117,146,inf,inf,inf,588.4122704362987,inf
117,147,inf,inf,inf,578.3467817840781,inf
117,148,inf,inf,inf,301.61730719572444,inf
117,149,inf,inf,inf,1029.1316728193726,inf
117,150,inf,inf,inf,468.6800614491724,inf
117,151,inf,inf,inf,377.30226609444054,inf
117,152,inf,inf,inf,1265.142679700594,inf
117,153,inf,inf,inf,1082.7340393651618,inf
117,154,inf,inf,inf,1106.1469161011119,inf
117,155,inf,inf,inf,505.9110593770411,inf
117,156,inf,inf,inf,976.4117983719779,inf
117,157,inf,inf,inf,573.1710041514661,inf
117,158,inf,inf,inf,785.071971223021,inf
117,159,inf,inf,inf,1077.0909896568628,inf
117,160,inf,inf,inf,1286.4140080083084,inf
117,161,inf,inf,inf,965.4040604845206,inf
118,119,inf,inf,inf,1110.9117876771315,inf
118,120,inf,inf,inf,245.88005205790893,inf
118,121,inf,inf,inf,1449.0279500409922,inf
118,122,inf,inf,inf,980.4473468779443,inf
118,123,inf,inf,inf,927.120811976519,inf
118,124,inf,inf,inf,327.8322741891042,inf
118,125,inf,inf,inf,982.3655124239654,inf
118,126,inf,inf,inf,1127.7535191698582,inf
118,127,inf,inf,inf,169.7439247808298,inf
118,128,inf,inf,inf,248.91765706755317,inf
118,129,inf,inf,inf,366.8855407344367,inf
118,130,inf,inf,inf,798.9849810853768,inf
118,131,inf,inf,inf,1233.291936242186,inf
118,132,inf,inf,inf,1348.4824804201203,inf
118,133,inf,inf,inf,649.2249225037499,inf
118,134,inf,inf,inf,499.9249943741561,inf
118,135,inf,inf,inf,1274.8713660601213,inf
118,136,inf,inf,inf,298.2633064927699,inf
118,137,inf,inf,inf,857.7231488073527,inf
118,138,inf,inf,inf,534.7597591442347,inf
118,139,inf,inf,inf,1046.8275884786376,inf
118,140,inf,inf,inf,1472.709747370472,inf
118,141,inf,inf,inf,698.8705173349352,inf
118,142,inf,inf,inf,153.05554547287727,inf
118,143,inf,inf,inf,529.286311933343,inf
118,144,inf,inf,inf,1138.618461118561,inf
118,145,inf,inf,inf,890.1893057097462,inf
118,146,inf,inf,inf,599.2703897240377,inf
118,147,inf,inf,inf,606.7231658672677,inf
118,148,inf,inf,inf,964.8673483956227,inf
118,149,inf,inf,inf,173.34935823359717,inf
118,150,inf,inf,inf,752.949533501416,inf
118,151,inf,inf,inf,1127.7415484054845,inf
118,152,inf,inf,inf,797.86214348094,inf
118,153,inf,inf,inf,128.87590930814028,inf
118,154,inf,inf,inf,391.69503443367773,inf
118,155,inf,inf,inf,678.8725948217383,inf
118,156,inf,inf,inf,886.0981886901699,inf
118,157,inf,inf,inf,647.0896383036898,inf
118,158,inf,inf,inf,589.318250184058,inf
118,159,inf,inf,inf,231.07790893982056,inf
118,160,inf,inf,inf,774.6850973137408,inf
118,161,inf,inf,inf,301.3784995649159,inf
119,120,inf,inf,inf,918.9232829785085,inf
119,121,inf,inf,inf,1146.6948155459672,inf
119,122,inf,inf,inf,1325.5617677045457,inf
119,123,inf,inf,inf,1478.0338291121757,inf
119,124,inf,inf,inf,798.2436971251324,inf
119,125,inf,inf,inf,1378.8230488354914,inf
119,126,inf,inf,inf,825.4847060969694,inf
119,127,inf,inf,inf,950.4861913778653,inf
119,128,inf,inf,inf,864.0283560161669,inf
119,129,inf,inf,inf,760.9783176937435,inf
119,130,inf,inf,inf,934.7384660962658,inf
119,131,inf,inf,inf,202.09403751719148,inf
119,132,inf,inf,inf,1352.3845606927048,inf
119,133,inf,inf,inf,664.4591785805957,inf
119,134,inf,inf,inf,1262.8935030318273,inf
119,135,inf,inf,inf,426.64270766063726,inf
119,136,inf,inf,inf,1290.9562347345475,inf
119,137,inf,inf,inf,1472.199035456823,inf
119,138,inf,inf,inf,1268.478222122871,inf
119,139,inf,inf,inf,276.9855591903665,inf
119,140,inf,inf,inf,823.7117214171473,inf
119,141,inf,inf,inf,644.1218828762146,inf
119,142,inf,inf,inf,1126.9485347610157,inf
119,143,inf,inf,inf,591.2672830454937,inf
119,144,inf,inf,inf,1410.397461710705,inf
119,145,inf,inf,inf,713.055397567398,inf
119,146,inf,inf,inf,633.5076952965923,inf
119,147,inf,inf,inf,552.4436622860289,inf
119,148,inf,inf,inf,584.992307641733,inf
119,149,inf,inf,inf,1001.1698157655374,inf
119,150,inf,inf,inf,619.097730572484,inf
119,151,inf,inf,inf,39.293765408777,inf
119,152,inf,inf,inf,1447.0055286694658,inf
119,153,inf,inf,inf,988.9924165533323,inf
119,154,inf,inf,inf,1177.3138918742104,inf
119,155,inf,inf,inf,566.8483042225671,inf
119,156,inf,inf,inf,1222.8675316648162,inf
119,157,inf,inf,inf,474.43650787012587,inf
119,158,inf,inf,inf,565.8595232034183,inf
119,159,inf,inf,inf,938.7843202780924,inf
119,160,inf,inf,inf,1457.831951906666,inf
119,161,inf,inf,inf,991.9939515944641,inf
120,121,inf,inf,inf,1215.5052447439296,inf
120,122,inf,inf,inf,821.1077882957876,inf
120,123,inf,inf,inf,823.7305384650978,inf
120,124,inf,inf,inf,127.3459854098275,inf
120,125,inf,inf,inf,836.6654050455295,inf
120,126,inf,inf,inf,885.5309141978048,inf
120,127,inf,inf,inf,97.01546268507923,inf
120,128,inf,inf,inf,119.95415791042844,inf
120,129,inf,inf,inf,276.4416755845616,inf
120,130,inf,inf,inf,576.7529800529859,inf
120,131,inf,inf,inf,1019.4753552685813,inf
120,132,inf,inf,inf,1145.7556458512433,inf
120,133,inf,inf,inf,403.54677547962143,inf
120,134,inf,inf,inf,438.1871746183359,inf
120,135,inf,inf,inf,1039.9557682901711,inf
120,136,inf,inf,inf,375.4943408361836,inf
120,137,inf,inf,inf,771.0317762582811,inf
120,138,inf,inf,inf,462.680235151665,inf
120,139,inf,inf,inf,820.3931984115909,inf
120,140,inf,inf,inf,1226.864703217107,inf
120,141,inf,inf,inf,453.1942188510352,inf
120,142,inf,inf,inf,208.6648029735729,inf
120,143,inf,inf,inf,328.3062594590606,inf
120,144,inf,inf,inf,973.801314437396,inf
120,145,inf,inf,inf,645.7894393685917,inf
120,146,inf,inf,inf,357.4688797643789,inf
120,147,inf,inf,inf,382.04973498224024,inf
120,148,inf,inf,inf,719.3691680910435,inf
120,149,inf,inf,inf,85.63293758829018,inf
120,150,inf,inf,inf,507.4031927372945,inf
120,151,inf,inf,inf,930.3440223917172,inf
120,152,inf,inf,inf,719.169660094195,inf
120,153,inf,inf,inf,195.76005721290542,inf
120,154,inf,inf,inf,323.2336616133908,inf
120,155,inf,inf,inf,438.9453268916301,inf
120,156,inf,inf,inf,715.6123252152663,inf
120,157,inf,inf,inf,444.5244650185184,inf
120,158,inf,inf,inf,471.0,inf
120,159,inf,inf,inf,281.3254343282882,inf
120,160,inf,inf,inf,707.7697365669148,inf
120,161,inf,inf,inf,129.76902558006668,inf
121,122,inf,inf,inf,731.0437743391294,inf
121,123,inf,inf,inf,970.9340863313018,inf
121,124,inf,inf,inf,1201.1078219710334,inf
121,125,inf,inf,inf,790.0025316415132,inf
121,126,inf,inf,inf,366.3468302032925,inf
121,127,inf,inf,inf,1310.9740653422552,inf
121,128,inf,inf,inf,1284.1066933864959,inf
121,129,inf,inf,inf,1339.3987457064457,inf
121,130,inf,inf,inf,655.7507148299574,inf
121,131,inf,inf,inf,1009.41418654584,inf
121,132,inf,inf,inf,372.2539455801644,inf
121,133,inf,inf,inf,858.3385113112425,inf
121,134,inf,inf,inf,1147.7634773767634,inf
121,135,inf,inf,inf,771.7674520216566,inf
121,136,inf,inf,inf,1376.148611160873,inf
121,137,inf,inf,inf,1034.957487049589,inf
121,138,inf,inf,inf,1120.0901749412858,inf
121,139,inf,inf,inf,875.5626762259799,inf
121,140,inf,inf,inf,445.9820624195552,inf
121,141,inf,inf,inf,817.1621626091115,inf
121,142,inf,inf,inf,1337.1686505448743,inf
121,143,inf,inf,inf,1123.3352126591599,inf
121,144,inf,inf,inf,665.2172577436638,inf
121,145,inf,inf,inf,601.921091173918,inf
121,146,inf,inf,inf,938.5867035069269,inf
121,147,inf,inf,inf,1016.7364456927862,inf
121,148,inf,inf,inf,627.1722251503171,inf
121,149,inf,inf,inf,1276.1567301863827,inf
121,150,inf,inf,inf,777.6226591348789,inf
121,151,inf,inf,inf,1114.576601225775,inf
121,152,inf,inf,inf,1063.9370282117266,inf
121,153,inf,inf,inf,1407.9222279657354,inf
121,154,inf,inf,inf,1169.4738133023757,inf
121,155,inf,inf,inf,896.6615861070441,inf
121,156,inf,inf,inf,726.7379169962168,inf
121,157,inf,inf,inf,1085.7886534680679,inf
121,158,inf,inf,inf,1331.4540923366453,inf
121,159,inf,inf,inf,1462.8222721848338,inf
121,160,inf,inf,inf,1101.9187810360615,inf
121,161,inf,inf,inf,1151.562851085428,inf
122,123,inf,inf,inf,240.6200324162558,inf
122,124,inf,inf,inf,885.1129871378004,inf
122,125,inf,inf,inf,64.41273166075166,inf
122,126,inf,inf,inf,651.4637365195396,inf
122,127,inf,inf,inf,909.8010771591777,inf
122,128,inf,inf,inf,933.7371150382746,inf
122,129,inf,inf,inf,1063.293938664187,inf
122,130,inf,inf,inf,391.8596687591108,inf
122,131,inf,inf,inf,1294.4465999028312,inf
122,132,inf,inf,inf,445.08201491410546,inf
122,133,inf,inf,inf,702.7375043357227,inf
122,134,inf,inf,inf,524.8104419692886,inf
122,135,inf,inf,inf,1145.3602053502646,inf
122,136,inf,inf,inf,788.2195125724813,inf
122,137,inf,inf,inf,305.6337677678957,inf
122,138,inf,inf,inf,488.6276701129399,inf
122,139,inf,inf,inf,1076.338701338942,inf
122,140,inf,inf,inf,1039.1174139624454,inf
122,141,inf,inf,inf,702.5731278664165,inf
122,142,inf,inf,inf,832.5412902673356,inf
122,143,inf,inf,inf,945.4929930993671,inf
122,144,inf,inf,inf,158.7734234687909,inf
122,145,inf,inf,inf,623.0200638823761,inf
122,146,inf,inf,inf,771.8354746965184,inf
122,147,inf,inf,inf,884.0746574809166,inf
122,148,inf,inf,inf,770.201272395729,inf
122,149,inf,inf,inf,837.0430096476524,inf
122,150,inf,inf,inf,713.2685328822519,inf
122,151,inf,inf,inf,1311.3603623718386,inf
122,152,inf,inf,inf,342.2528305215313,inf
122,153,inf,inf,inf,1002.5766803591633,inf
122,154,inf,inf,inf,601.7258511980352,inf
122,155,inf,inf,inf,799.7855962694002,inf
122,156,inf,inf,inf,113.01769772916099,inf
122,157,inf,inf,inf,990.1676625703346,inf
122,158,inf,inf,inf,1178.4417677594427,inf
122,159,inf,inf,inf,1101.813958887797,inf
122,160,inf,inf,inf,382.7531841800928,inf
122,161,inf,inf,inf,702.3688489675493,inf
123,124,inf,inf,inf,915.6576871298575,inf
123,125,inf,inf,inf,181.23189564753773,inf
123,126,inf,inf,inf,875.6146412663506,inf
123,127,inf,inf,inf,898.1091247727082,inf
123,128,inf,inf,inf,943.3329210835377,inf
123,129,inf,inf,inf,1091.761878799585,inf
123,130,inf,inf,inf,557.7813191565311,inf
123,131,inf,inf,inf,1472.199035456823,inf
123,132,inf,inf,inf,665.4742669705569,inf
123,133,inf,inf,inf,822.4268964473378,inf
123,134,inf,inf,inf,428.8822682275405,inf
123,135,inf,inf,inf,1346.3313113791864,inf
123,136,inf,inf,inf,680.7055163578448,inf
123,137,inf,inf,inf,87.46427842267951,inf
123,138,inf,inf,inf,392.9592854228031,inf
123,139,inf,inf,inf,1248.0468741197183,inf
123,140,inf,inf,inf,1271.978380319414,inf
123,141,inf,inf,inf,835.4693291797132,inf
123,142,inf,inf,inf,774.0704102341078,inf
123,143,inf,inf,inf,1023.2033033566692,inf
123,144,inf,inf,inf,339.9779404608481,inf
123,145,inf,inf,inf,806.7961328613319,inf
123,146,inf,inf,inf,876.2488231090528,inf
123,147,inf,inf,inf,984.5049517397056,inf
123,148,inf,inf,inf,957.6137008209521,inf
123,149,inf,inf,inf,814.7054682521776,inf
123,150,inf,inf,inf,859.2566554877535,inf
123,151,inf,inf,inf,1468.7845315089617,inf
123,152,inf,inf,inf,147.2582765076381,inf
123,153,inf,inf,inf,979.384500592081,inf
123,154,inf,inf,inf,536.1380419257712,inf
123,155,inf,inf,inf,922.8309704382488,inf
123,156,inf,inf,inf,285.9388046418324,inf
123,157,inf,inf,inf,1090.8794617188464,inf
123,158,inf,inf,inf,1243.6177065320355,inf
123,159,inf,inf,inf,1090.7336980216573,inf
123,160,inf,inf,inf,185.9516066077408,inf
123,161,inf,inf,inf,694.5646118252787,inf
124,125,inf,inf,inf,908.3457491506194,inf
124,126,inf,inf,inf,854.1861623791385,inf
124,127,inf,inf,inf,158.52129194527782,inf
124,128,inf,inf,inf,89.05054744357274,inf
124,129,inf,inf,inf,178.6644900364927,inf
124,130,inf,inf,inf,592.1190758622796,inf
124,131,inf,inf,inf,908.6544997962646,inf
124,132,inf,inf,inf,1171.0273267520276,inf
124,133,inf,inf,inf,352.115038020247,inf
124,134,inf,inf,inf,553.2061098722609,inf
124,135,inf,inf,inf,948.2852946239333,inf
124,136,inf,inf,inf,501.8973998737192,inf
124,137,inf,inf,inf,870.1729713108767,inf
124,138,inf,inf,inf,574.3256915722994,inf
124,139,inf,inf,inf,719.0062586653888,inf
124,140,inf,inf,inf,1167.3594133770455,inf
124,141,inf,inf,inf,399.78244083501215,inf
124,142,inf,inf,inf,330.0545409474016,inf
124,143,inf,inf,inf,207.40781084616847,inf
124,144,inf,inf,inf,1031.4310447140904,inf
124,145,inf,inf,inf,609.4727229335206,inf
124,146,inf,inf,inf,286.14157335137446,inf
124,147,inf,inf,inf,279.0143365492175,inf
124,148,inf,inf,inf,658.4018529743063,inf
124,149,inf,inf,inf,203.93136100168604,inf
124,150,inf,inf,inf,450.6717208789564,inf
124,151,inf,inf,inf,811.5349653588562,inf
124,152,inf,inf,inf,821.9890510219707,inf
124,153,inf,inf,inf,229.8978033822855,inf
124,154,inf,inf,inf,441.7250275906947,inf
124,155,inf,inf,inf,359.90276464623054,inf
124,156,inf,inf,inf,774.9941935266354,inf
124,157,inf,inf,inf,325.6516543793383,inf
124,158,inf,inf,inf,348.209706929603,inf
124,159,inf,inf,inf,261.7728022541685,inf
124,160,inf,inf,inf,814.4108299869299,inf
124,161,inf,inf,inf,240.2769235694514,inf
125,126,inf,inf,inf,715.6269978138052,inf
125,127,inf,inf,inf,922.2933372848358,inf
125,128,inf,inf,inf,951.9170131897002,inf
125,129,inf,inf,inf,1086.9963201409653,inf
125,130,inf,inf,inf,444.0867032461116,inf
125,131,inf,inf,inf,1352.515064611112,inf
125,132,inf,inf,inf,489.8663082923748,inf
125,133,inf,inf,inf,746.7616755029679,inf
125,134,inf,inf,inf,510.0872474391023,inf
125,135,inf,inf,inf,1207.1242686649955,inf
125,136,inf,inf,inf,773.9644694687217,inf
125,137,inf,inf,inf,253.3081127796739,inf
125,138,inf,inf,inf,473.12788968734446,inf
125,139,inf,inf,inf,1133.0039717494374,inf
125,140,inf,inf,inf,1103.4219501169985,inf
125,141,inf,inf,inf,749.7106108359411,inf
125,142,inf,inf,inf,832.0312494131456,inf
125,143,inf,inf,inf,980.8373973294453,inf
125,144,inf,inf,inf,177.02542190318317,inf
125,145,inf,inf,inf,680.9001395212076,inf
125,146,inf,inf,inf,812.6579846405251,inf
125,147,inf,inf,inf,924.5782822454787,inf
125,148,inf,inf,inf,829.2195125538232,inf
125,149,inf,inf,inf,846.1914676951073,inf
125,150,inf,inf,inf,763.4690563474069,inf
125,151,inf,inf,inf,1365.5932776635948,inf
125,152,inf,inf,inf,296.66479400158016,inf
125,153,inf,inf,inf,1012.6327073524734,inf
125,154,inf,inf,inf,596.5911497835012,inf
125,155,inf,inf,inf,845.1804541043291,inf
125,156,inf,inf,inf,156.52475842498527,inf
125,157,inf,inf,inf,1031.2114235208994,inf
125,158,inf,inf,inf,1211.6971568836827,inf
125,159,inf,inf,inf,1115.5505367306314,inf
125,160,inf,inf,inf,337.9778099224859,inf
125,161,inf,inf,inf,714.0287109073416,inf
126,127,inf,inf,inf,977.548464271721,inf
126,128,inf,inf,inf,940.3595057210832,inf
126,129,inf,inf,inf,981.5910553789699,inf
126,130,inf,inf,inf,388.2949909540426,inf
126,131,inf,inf,inf,724.6302505416124,inf
126,132,inf,inf,inf,531.8430219529067,inf
126,133,inf,inf,inf,503.9017761429305,inf
126,134,inf,inf,inf,913.6175348579951,inf
126,135,inf,inf,inf,524.1039973135103,inf
126,136,inf,inf,inf,1104.7013170988798,inf
126,137,inf,inf,inf,913.621913047186,inf
126,138,inf,inf,inf,893.955256151,inf
126,139,inf,inf,inf,548.4997721056956,inf
126,140,inf,inf,inf,407.2959611879303,inf
126,141,inf,inf,inf,459.3647787978525,inf
126,142,inf,inf,inf,1033.445692816028,inf
126,143,inf,inf,inf,760.1605093662785,inf
126,144,inf,inf,inf,669.8119138982227,inf
126,145,inf,inf,inf,244.90202122481554,inf
126,146,inf,inf,inf,580.5040912861855,inf
126,147,inf,inf,inf,652.4116798463988,inf
126,148,inf,inf,inf,265.1886121235224,inf
126,149,inf,inf,inf,954.8790499325032,inf
126,150,inf,inf,inf,415.76555893916947,inf
126,151,inf,inf,inf,798.1810571543276,inf
126,152,inf,inf,inf,921.7917335276987,inf
126,153,inf,inf,inf,1071.3659505509777,inf
126,154,inf,inf,inf,904.7767680483402,inf
126,155,inf,inf,inf,532.7438408841532,inf
126,156,inf,inf,inf,590.9940778045072,inf
126,157,inf,inf,inf,719.4532646391981,inf
126,158,inf,inf,inf,965.1880645760183,inf
126,159,inf,inf,inf,1115.0932696416028,inf
126,160,inf,inf,inf,952.2105859524983,inf
126,161,inf,inf,inf,842.4066713885877,inf
127,128,inf,inf,inf,88.63972021616495,inf
127,129,inf,inf,inf,240.29981273400944,inf
127,130,inf,inf,inf,673.7655378542302,inf
127,131,inf,inf,inf,1066.3629776019045,inf
127,132,inf,inf,inf,1242.069241226108,inf
127,133,inf,inf,inf,487.34587307168204,inf
127,134,inf,inf,inf,493.8218302181466,inf
127,135,inf,inf,inf,1105.19138614088,inf
127,136,inf,inf,inf,376.3509000919222,inf
127,137,inf,inf,inf,840.1011843819767,inf
127,138,inf,inf,inf,522.5294250087741,inf
127,139,inf,inf,inf,877.4058354034352,inf
127,140,inf,inf,inf,1310.415582935429,inf
127,141,inf,inf,inf,536.7578597468322,inf
127,142,inf,inf,inf,195.86985475054604,inf
127,143,inf,inf,inf,363.0495833904785,inf
127,144,inf,inf,inf,1064.1076073405359,inf
127,145,inf,inf,inf,735.9347797189639,inf
127,146,inf,inf,inf,432.3563345204971,inf
127,147,inf,inf,inf,437.0926675202868,inf
127,148,inf,inf,inf,801.363837467102,inf
127,149,inf,inf,inf,87.66413177577246,inf
127,150,inf,inf,inf,590.1203267131204,inf
127,151,inf,inf,inf,965.4884774040548,inf
127,152,inf,inf,inf,785.3056729707229,inf
127,153,inf,inf,inf,98.76234100101111,inf
127,154,inf,inf,inf,376.6218262395317,inf
127,155,inf,inf,inf,510.7220379032023,inf
127,156,inf,inf,inf,806.2636045363823,inf
127,157,inf,inf,inf,481.43327678921406,inf
127,158,inf,inf,inf,456.77675072183786,inf
127,159,inf,inf,inf,193.75241933973368,inf
127,160,inf,inf,inf,770.076619564573,inf
127,161,inf,inf,inf,208.2786594925174,inf
128,129,inf,inf,inf,160.80111939908875,inf
128,130,inf,inf,inf,664.0579793963777,inf
128,131,inf,inf,inf,984.4699081231482,inf
128,132,inf,inf,inf,1240.5647907304156,inf
128,133,inf,inf,inf,439.8920322079044,inf
128,134,inf,inf,inf,555.612274882404,inf
128,135,inf,inf,inf,1033.3658597031354,inf
128,136,inf,inf,inf,461.6373035186823,inf
128,137,inf,inf,inf,890.9842871790726,inf
128,138,inf,inf,inf,581.2606988262668,inf
128,139,inf,inf,inf,800.9993757800314,inf
128,140,inf,inf,inf,1256.4083731016758,inf
128,141,inf,inf,inf,487.9877047631426,inf
128,142,inf,inf,inf,282.1240861748603,inf
128,143,inf,inf,inf,280.528073461463,inf
128,144,inf,inf,inf,1084.2453596857124,inf
128,145,inf,inf,inf,696.0179595384016,inf
128,146,inf,inf,inf,375.17062784818324,inf
128,147,inf,inf,inf,363.3689584981084,inf
128,148,inf,inf,inf,747.4202298573407,inf
128,149,inf,inf,inf,163.07666908543356,inf
128,150,inf,inf,inf,539.30418132998,inf
128,151,inf,inf,inf,879.8710132741048,inf
128,152,inf,inf,inf,838.9803335001363,inf
128,153,inf,inf,inf,141.69333082400175,inf
128,154,inf,inf,inf,439.45079360492684,inf
128,155,inf,inf,inf,448.64685444121864,inf
128,156,inf,inf,inf,826.2263612352247,inf
128,157,inf,inf,inf,398.1770962775232,inf
128,158,inf,inf,inf,370.56713291925934,inf
128,159,inf,inf,inf,181.19878586789702,inf
128,160,inf,inf,inf,827.1184921158516,inf
128,161,inf,inf,inf,249.7218452598811,inf
129,130,inf,inf,inf,757.4747520544827,inf
129,131,inf,inf,inf,904.4611655565981,inf
129,132,inf,inf,inf,1336.3233141721355,inf
129,133,inf,inf,inf,481.17564360636544,inf
129,134,inf,inf,inf,714.5600044782803,inf
129,135,inf,inf,inf,989.5170539207497,inf
129,136,inf,inf,inf,616.3700187387443,inf
129,137,inf,inf,inf,1043.4950886324286,inf
129,138,inf,inf,inf,739.0243568381221,inf
129,139,inf,inf,inf,746.2338775477833,inf
129,140,inf,inf,inf,1257.144780842684,inf
129,141,inf,inf,inf,522.8049349422785,inf
129,142,inf,inf,inf,435.74878083593075,inf
129,143,inf,inf,inf,235.55254190944322,inf
129,144,inf,inf,inf,1208.4920355550548,inf
129,145,inf,inf,inf,738.4416022949953,inf
129,146,inf,inf,inf,401.32281270817384,inf
129,147,inf,inf,inf,343.32783167113035,inf
129,148,inf,inf,inf,758.2136901955806,inf
129,149,inf,inf,inf,322.56007192459515,inf
129,150,inf,inf,inf,566.3585436805911,inf
129,151,inf,inf,inf,782.1253096531271,inf
129,152,inf,inf,inf,993.3463645677675,inf
129,153,inf,inf,inf,238.36526592605728,inf
129,154,inf,inf,inf,599.0826320300064,inf
129,155,inf,inf,inf,455.05713926934493,inf
129,156,inf,inf,inf,952.7586263057397,inf
129,157,inf,inf,inf,332.28000240760804,inf
129,158,inf,inf,inf,222.64994947226015,inf
129,159,inf,inf,inf,179.74426277353055,inf
129,160,inf,inf,inf,983.3178529854932,inf
129,161,inf,inf,inf,404.49969097639615,inf
130,131,inf,inf,inf,915.2759146836543,inf
130,132,inf,inf,inf,579.2754094556406,inf
130,133,inf,inf,inf,324.7799254880141,inf
130,134,inf,inf,inf,525.37605579242,inf
130,135,inf,inf,inf,794.0680071631144,inf
130,136,inf,inf,inf,727.5713023477493,inf
130,137,inf,inf,inf,571.8408869606999,inf
130,138,inf,inf,inf,505.83099944546694,inf
130,139,inf,inf,inf,692.5294217576608,inf
130,140,inf,inf,inf,792.0460845178139,inf
130,141,inf,inf,inf,315.90030072793536,inf
130,142,inf,inf,inf,681.75142097395,inf
130,143,inf,inf,inf,592.0346273656635,inf
130,144,inf,inf,inf,496.4121271685453,inf
130,145,inf,inf,inf,250.45558488482544,inf
130,146,inf,inf,inf,402.9342378105886,inf
130,147,inf,inf,inf,513.117920170403,inf
130,148,inf,inf,inf,401.1383801133968,inf
130,149,inf,inf,inf,628.1154352505597,inf
130,150,inf,inf,inf,321.8850726579286,inf
130,151,inf,inf,inf,921.7027720474752,inf
130,152,inf,inf,inf,565.32910768861,inf
130,153,inf,inf,inf,772.4778313971217,inf
130,154,inf,inf,inf,523.2093271339876,inf
130,155,inf,inf,inf,415.9146547069483,inf
130,156,inf,inf,inf,288.39036044916617,inf
130,157,inf,inf,inf,615.5664058409945,inf
130,158,inf,inf,inf,827.3336690840039,inf
130,159,inf,inf,inf,845.0443775329198,inf
130,160,inf,inf,inf,589.5710304959022,inf
130,161,inf,inf,inf,498.57797785301346,inf
131,132,inf,inf,inf,1256.0581196744042,inf
131,133,inf,inf,inf,699.170937611111,inf
131,134,inf,inf,inf,1313.2593041741604,inf
131,135,inf,inf,inf,247.6327926588076,inf
131,136,inf,inf,inf,1378.9307451790319,inf
131,137,inf,inf,inf,1478.346373486268,inf
131,138,inf,inf,inf,1313.1980048720757,inf
131,139,inf,inf,inf,226.37358503146962,inf
131,140,inf,inf,inf,646.5609020038252,inf
131,141,inf,inf,inf,666.337001824152,inf
131,142,inf,inf,inf,1227.3650638664928,inf
131,143,inf,inf,inf,704.0063920164362,inf
131,144,inf,inf,inf,1358.7071060386781,inf
131,145,inf,inf,inf,671.6263842345683,inf
131,146,inf,inf,inf,692.1690544946372,inf
131,147,inf,inf,inf,637.8871373526824,inf
131,148,inf,inf,inf,525.077137190337,inf
131,149,inf,inf,inf,1104.5999275755905,inf
131,150,inf,inf,inf,627.4583651526211,inf
131,151,inf,inf,inf,163.37074401495514,inf
131,152,inf,inf,inf,1461.277865431486,inf
131,153,inf,inf,inf,1118.5419080213312,inf
131,154,inf,inf,inf,1241.1164328941907,inf
131,155,inf,inf,inf,613.5706968231126,inf
131,156,inf,inf,inf,1200.5302994926867,inf
131,157,inf,inf,inf,586.4673903977953,inf
131,158,inf,inf,inf,731.3610599423516,inf
131,159,inf,inf,inf,1084.2001660210167,inf
131,160,inf,inf,inf,1477.5019458532026,inf
131,161,inf,inf,inf,1072.0307831401112,inf
132,133,inf,inf,inf,880.3601535735247,inf
132,134,inf,inf,inf,948.0021097022939,inf
132,135,inf,inf,inf,1044.9918659970517,inf
132,136,inf,inf,inf,1204.0365442958946,inf
132,137,inf,inf,inf,742.8714559060672,inf
132,138,inf,inf,inf,914.1580826093483,inf
132,139,inf,inf,inf,1076.2569395827375,inf
132,140,inf,inf,inf,792.9823453268049,inf
132,141,inf,inf,inf,854.8713353481915,inf
132,142,inf,inf,inf,1213.04121941507,inf
132,143,inf,inf,inf,1157.9797062125053,inf
132,144,inf,inf,inf,329.18839590726765,inf
132,145,inf,inf,inf,673.4864512371425,inf
132,146,inf,inf,inf,963.9190837409539,inf
132,147,inf,inf,inf,1066.1266341293608,inf
132,148,inf,inf,inf,771.7875355303427,inf
132,149,inf,inf,inf,1185.6158737128985,inf
132,150,inf,inf,inf,835.8050011814956,inf
132,151,inf,inf,inf,1326.8941178556788,inf
132,152,inf,inf,inf,785.5144810886684,inf
132,153,inf,inf,inf,1340.4723048239377,inf
132,154,inf,inf,inf,1003.4042056918039,inf
132,155,inf,inf,inf,952.9139520439398,inf
132,156,inf,inf,inf,491.03665850932146,inf
132,157,inf,inf,inf,1158.5206083622336,inf
132,158,inf,inf,inf,1389.3296944929955,inf
132,159,inf,inf,inf,1420.6829343664265,inf
132,160,inf,inf,inf,826.5216270612646,inf
132,161,inf,inf,inf,1049.59611279768,inf
133,134,inf,inf,inf,614.1612166198709,inf
133,135,inf,inf,inf,661.8534581008095,inf
133,136,inf,inf,inf,707.5153708577644,inf
133,137,inf,inf,inf,810.0888840121188,inf
133,138,inf,inf,inf,614.2808803796518,inf
133,139,inf,inf,inf,476.47140522805773,inf
133,140,inf,inf,inf,823.6437336615875,inf
133,141,inf,inf,inf,49.64876634922564,inf
133,142,inf,inf,inf,586.3556940970216,inf
133,143,inf,inf,inf,278.21754078418564,inf
133,144,inf,inf,inf,819.6688355671454,inf
133,145,inf,inf,inf,259.1100152444903,inf
133,146,inf,inf,inf,84.05950273467003,inf
133,147,inf,inf,inf,188.98677202386415,inf
133,148,inf,inf,inf,315.90188350182405,inf
133,149,inf,inf,inf,483.3394252489652,inf
133,150,inf,inf,inf,104.0,inf
133,151,inf,inf,inf,660.5527987980976,inf
133,152,inf,inf,inf,782.8722756618732,inf
133,153,inf,inf,inf,575.8680404398216,inf
133,154,inf,inf,inf,547.3298822465297,inf
133,155,inf,inf,inf,100.40418317978589,inf
133,156,inf,inf,inf,591.7068530953483,inf
133,157,inf,inf,inf,290.8745434031655,inf
133,158,inf,inf,inf,509.3181716766053,inf
133,159,inf,inf,inf,611.6878288800588,inf
133,160,inf,inf,inf,793.3851523692639,inf
133,161,inf,inf,inf,403.44764220404113,inf
134,135,inf,inf,inf,1257.5674932185548,inf
134,136,inf,inf,inf,264.0075756488817,inf
134,137,inf,inf,inf,357.8072106595953,inf
134,138,1.0,40.2132,40.21320343559642,37.16180835212409,1.0821110494559105
134,139,inf,inf,inf,1090.306837546202,inf
134,140,inf,inf,inf,1315.200745133609,inf
134,141,inf,inf,inf,649.7237874666434,inf
134,142,inf,inf,inf,347.3110997362451,inf
134,143,inf,inf,inf,713.8101988624147,inf
134,144,inf,inf,inf,681.2965580420909,inf
134,145,inf,inf,inf,736.806623205845,inf
134,146,inf,inf,inf,629.971427923521,inf
134,147,inf,inf,inf,715.4369294354325,inf
134,148,inf,inf,inf,870.3953124873777,inf
134,149,inf,inf,inf,406.51814227657786,inf
134,150,inf,inf,inf,694.9143832156592,inf
134,151,inf,inf,inf,1264.3622898520819,inf
134,152,inf,inf,inf,298.3973860475323,inf
134,153,inf,inf,inf,563.8953803676707,inf
134,154,inf,inf,inf,117.2006825918689,inf
134,155,inf,inf,inf,702.5247326607085,inf
134,156,inf,inf,inf,457.0175051351972,inf
134,157,inf,inf,inf,810.6355531309986,inf
134,158,inf,inf,inf,900.7624548125882,inf
134,159,inf,inf,inf,679.8235065073875,inf
134,160,inf,inf,inf,278.18339274658365,inf
134,161,inf,inf,inf,313.04951684997053,inf
135,136,inf,inf,inf,1369.1457190525778,inf
135,137,inf,inf,inf,1365.7532720077957,inf
135,138,inf,inf,inf,1250.5746679027206,inf
135,139,inf,inf,inf,246.9109151090733,inf
135,140,inf,inf,inf,400.03124877939223,inf
135,141,inf,inf,inf,617.7450930602363,inf
135,142,inf,inf,inf,1238.92897294397,inf
135,143,inf,inf,inf,762.3234221772278,inf
135,144,inf,inf,inf,1186.9494513246973,inf
135,145,inf,inf,inf,544.1543898564083,inf
135,146,inf,inf,inf,684.9963503552409,inf
135,147,inf,inf,inf,669.9985074610241,inf
135,148,inf,inf,inf,395.3732413808502,inf
135,149,inf,inf,inf,1124.953776828186,inf
135,150,inf,inf,inf,567.1701684679828,inf
135,151,inf,inf,inf,388.24734384152583,inf
135,152,inf,inf,inf,1358.3655619898495,inf
135,153,inf,inf,inf,1174.2955335008305,inf
135,154,inf,inf,inf,1204.6260830647823,inf
135,155,inf,inf,inf,602.276514567852,inf
135,156,inf,inf,inf,1063.6319852279735,inf
135,157,inf,inf,inf,657.268590455987,inf
135,158,inf,inf,inf,858.0588557902074,inf
135,159,inf,inf,inf,1164.3384387711333,inf
135,160,inf,inf,inf,1380.452824257316,inf
135,161,inf,inf,inf,1063.227162933679,inf
136,137,inf,inf,inf,601.6261297516922,inf
136,138,inf,inf,inf,300.8537850850476,inf
136,139,inf,inf,inf,1168.7484759348351,inf
136,140,inf,inf,inf,1490.27010974521,inf
136,141,inf,inf,inf,753.0584306678998,inf
136,142,inf,inf,inf,180.62391868188442,inf
136,143,inf,inf,inf,702.7268317063182,inf
136,144,inf,inf,inf,945.1692970045102,inf
136,145,inf,inf,inf,895.3077683121039,inf
136,146,inf,inf,inf,691.158447825099,inf
136,147,inf,inf,inf,743.8077708655644,inf
136,148,inf,inf,inf,1007.2536919763561,inf
136,149,inf,inf,inf,300.9867106700892,inf
136,150,inf,inf,inf,805.7902953002102,inf
136,151,inf,inf,inf,1300.393786512378,inf
136,152,inf,inf,inf,539.1743688270058,inf
136,153,inf,inf,inf,404.487329838649,inf
136,154,inf,inf,inf,206.81392603013947,inf
136,155,inf,inf,inf,773.2742075098587,inf
136,156,inf,inf,inf,715.0503478776861,inf
136,157,inf,inf,inf,817.0593613685605,inf
136,158,inf,inf,inf,832.1880797031401,inf
136,159,inf,inf,inf,520.5573935696236,inf
136,160,inf,inf,inf,509.00884078766256,inf
136,161,inf,inf,inf,308.05843601498725,inf
137,138,inf,inf,inf,323.55679563254427,inf
137,139,inf,inf,inf,1252.6248440774277,inf
137,140,inf,inf,inf,1315.694873441407,inf
137,141,inf,inf,inf,828.1044620094738,inf
137,142,inf,inf,inf,705.0879377779768,inf
137,143,inf,inf,inf,992.0246972732081,inf
137,144,inf,inf,inf,421.6123812223735,inf
137,145,inf,inf,inf,822.2469215509415,inf
137,146,inf,inf,inf,857.0332548973814,inf
137,147,inf,inf,inf,962.0810776644555,inf
137,148,inf,inf,inf,972.7168138775025,inf
137,149,inf,inf,inf,754.8410428692918,inf
137,150,inf,inf,inf,856.8337061530668,inf
137,151,inf,inf,inf,1465.2324047740685,inf
137,152,inf,inf,inf,62.64982043070834,inf
137,153,inf,inf,inf,917.2502384845696,inf
137,154,inf,inf,inf,470.02340367262565,inf
137,155,inf,inf,inf,910.0049450415091,inf
137,156,inf,inf,inf,324.71064041697184,inf
137,157,inf,inf,inf,1067.2225634796146,inf
137,158,inf,inf,inf,1205.8461759279248,inf
137,159,inf,inf,inf,1030.8840865975185,inf
137,160,1.0,105.9411,105.94112549695426,98.95453501482385,1.0706040453940164
137,161,inf,inf,inf,641.2628166360498,inf
138,139,inf,inf,inf,1089.1354369406956,inf
138,140,inf,inf,inf,1297.3704174213315,inf
138,141,inf,inf,inf,647.7437765042595,inf
138,142,inf,inf,inf,381.861231339344,inf
138,143,inf,inf,inf,728.0,inf
138,144,inf,inf,inf,644.7480127925949,inf
138,145,inf,inf,inf,724.2685965855485,inf
138,146,inf,inf,inf,634.9716529105847,inf
138,147,inf,inf,inf,724.2492664821967,inf
138,148,inf,inf,inf,860.8513228194518,inf
138,149,inf,inf,inf,435.7361587015702,inf
138,150,inf,inf,inf,691.1765331664552,inf
138,151,inf,inf,inf,1268.8045554773203,inf
138,152,inf,inf,inf,265.2244332636041,inf
138,153,inf,inf,inf,595.3360395608518,inf
138,154,inf,inf,inf,147.29901561110313,inf
138,155,inf,inf,inf,705.1950084905593,inf
138,156,inf,inf,inf,423.14300183271376,inf
138,157,inf,inf,inf,821.6160903974557,inf
138,158,inf,inf,inf,920.634563765667,inf
138,159,inf,inf,inf,710.4400045042509,inf
138,160,inf,inf,inf,247.58230954573472,inf
138,161,inf,inf,inf,335.3043393694749,inf
139,140,inf,inf,inf,595.1419998622177,inf
139,141,inf,inf,inf,441.47480109288233,inf
139,142,inf,inf,inf,1025.3087339918645,inf
139,143,inf,inf,inf,524.1755431150904,inf
139,144,inf,inf,inf,1149.2484500750916,inf
139,145,inf,inf,inf,454.12883634492977,inf
139,146,inf,inf,inf,477.74574828040073,inf
139,147,inf,inf,inf,440.56895033581293,inf
139,148,inf,inf,inf,314.8793419708571,inf
139,149,inf,inf,inf,906.0253859578108,inf
139,150,inf,inf,inf,401.29914029312346,inf
139,151,inf,inf,inf,250.68905041904003,inf
139,152,inf,inf,inf,1235.0157893727512,inf
139,153,inf,inf,inf,940.2281637985537,inf
139,154,inf,inf,inf,1022.0591959372999,inf
139,155,inf,inf,inf,396.4290604887588,inf
139,156,inf,inf,inf,979.4906839781581,inf
139,157,inf,inf,inf,414.38267338294924,inf
139,158,inf,inf,inf,611.522689685346,inf
139,159,inf,inf,inf,922.9176561319,inf
139,160,inf,inf,inf,1251.129489701206,inf
139,161,inf,inf,inf,860.7119146381093,inf
140,141,inf,inf,inf,774.0400506433759,inf
140,142,inf,inf,inf,1398.7708890307947,inf
140,143,inf,inf,inf,1021.7563310300553,inf
140,144,inf,inf,inf,1026.3927123669575,inf
140,145,inf,inf,inf,595.6886770788916,inf
140,146,inf,inf,inf,881.285992172802,inf
140,147,inf,inf,inf,914.1493313458146,inf
140,148,inf,inf,inf,509.33780539048934,inf
140,149,inf,inf,inf,1304.8110974390124,inf
140,150,inf,inf,inf,720.3367268160079,inf
140,151,inf,inf,inf,786.0947780007192,inf
140,152,inf,inf,inf,1326.8828132129831,inf
140,153,inf,inf,inf,1396.0032234919804,inf
140,154,inf,inf,inf,1296.8164866317825,inf
140,155,inf,inf,inf,809.9938271369726,inf
140,156,inf,inf,inf,991.201291363162,inf
140,157,inf,inf,inf,942.1194191820907,inf
140,158,inf,inf,inf,1175.6980904977263,inf
140,159,inf,inf,inf,1415.7743464267178,inf
140,160,inf,inf,inf,1358.2212632704584,inf
140,161,inf,inf,inf,1208.4208703924307,inf
141,142,inf,inf,inf,634.9503917630101,inf
141,143,inf,inf,inf,310.3868553917836,inf
141,144,inf,inf,inf,812.2364187845802,inf
141,145,inf,inf,inf,215.64090521049107,inf
141,146,inf,inf,inf,121.51131634543344,inf
141,147,inf,inf,inf,211.6341182323871,inf
141,148,inf,inf,inf,266.29494925739766,inf
141,149,inf,inf,inf,532.8508234018223,inf
141,150,inf,inf,inf,54.56189146281496,inf
141,151,inf,inf,inf,637.5460767662208,inf
141,152,inf,inf,inf,804.1218813090463,inf
141,153,inf,inf,inf,624.7343435413168,inf
141,154,inf,inf,inf,588.0688735173798,inf
141,155,inf,inf,inf,100.9554357129917,inf
141,156,inf,inf,inf,593.4930496644422,inf
141,157,inf,inf,inf,305.6550343115585,inf
141,158,inf,inf,inf,535.6005974604584,inf
141,159,inf,inf,inf,658.1284069237553,inf
141,160,inf,inf,inf,816.8408657749684,inf
141,161,inf,inf,inf,450.6939094329987,inf
142,143,inf,inf,inf,535.770473243907,inf
142,144,inf,inf,inf,991.1458015852158,inf
142,145,inf,inf,inf,805.5935699842694,inf
142,146,inf,inf,inf,553.9539692068286,inf
142,147,inf,inf,inf,589.5125104694556,inf
142,148,inf,inf,inf,899.0355944010225,inf
142,149,inf,inf,inf,126.1269202034205,inf
142,150,inf,inf,inf,689.3859586617644,inf
142,151,inf,inf,inf,1138.8279062263973,inf
142,152,inf,inf,inf,645.5648689326271,inf
142,153,inf,inf,inf,231.22499864850255,inf
142,154,inf,inf,inf,238.8242031285774,inf
142,155,inf,inf,inf,636.7558401773791,inf
142,156,inf,inf,inf,741.5874864100662,inf
142,157,inf,inf,inf,652.7641227886227,inf
142,158,inf,inf,inf,652.3204733871228,inf
142,159,inf,inf,inf,349.4352586674676,inf
142,160,inf,inf,inf,623.3177359902412,inf
142,161,inf,inf,inf,191.3765920900464,inf
143,144,inf,inf,inf,1076.2248835629105,inf
143,145,inf,inf,inf,522.1848331769125,inf
143,146,inf,inf,inf,194.2498391247725,inf
143,147,inf,inf,inf,109.65856099730654,inf
143,148,inf,inf,inf,525.928702392254,inf
143,149,inf,inf,inf,409.90974616371346,inf
143,150,inf,inf,inf,345.7585862997476,inf
143,151,inf,inf,inf,604.139884463855,inf
143,152,inf,inf,inf,951.8865478616661,inf
143,153,inf,inf,inf,416.9904075635314,inf
143,154,inf,inf,inf,612.7846277445282,inf
143,155,inf,inf,inf,227.51703232945002,inf
143,156,inf,inf,inf,832.4770267100469,inf
143,157,inf,inf,inf,118.44407963254221,inf
143,158,inf,inf,inf,235.59286916203556,inf
143,159,inf,inf,inf,403.1935019317648,inf
143,160,inf,inf,inf,951.7231740374929,inf
143,161,inf,inf,inf,414.87950057817994,inf
144,145,inf,inf,inf,697.6051892008832,inf
144,146,inf,inf,inf,894.4389302797592,inf
144,147,inf,inf,inf,1006.18338288803,inf
144,148,inf,inf,inf,835.4980550545883,inf
144,149,inf,inf,inf,993.1132865891988,inf
144,150,inf,inf,inf,814.45994376642,inf
144,151,inf,inf,inf,1392.6237826491404,inf
144,152,inf,inf,inf,470.3743190268788,inf
144,153,inf,inf,inf,1157.9797062125053,inf
144,154,inf,inf,inf,760.4163333332602,inf
144,155,inf,inf,inf,912.3157348199142,inf
144,156,inf,inf,inf,258.21309029559285,inf
144,157,inf,inf,inf,1110.3589509703609,inf
144,158,inf,inf,inf,1311.2269063743315,inf
144,159,inf,inf,inf,1255.0398400050892,inf
144,160,inf,inf,inf,511.8095348857815,inf
144,161,inf,inf,inf,857.6042210717015,inf
145,146,inf,inf,inf,337.146852276571,inf
145,147,inf,inf,inf,417.3367944478416,inf
145,148,inf,inf,inf,150.86417732516887,inf
145,149,inf,inf,inf,718.585415938843,inf
145,150,inf,inf,inf,176.7766952966369,inf
145,151,inf,inf,inf,695.0395672190181,inf
145,152,inf,inf,inf,814.2389084292153,inf
145,153,inf,inf,inf,828.4503606131149,inf
145,154,inf,inf,inf,705.6599747753871,inf
145,155,inf,inf,inf,297.397041007472,inf
145,156,inf,inf,inf,529.7593793412251,inf
145,157,inf,inf,inf,496.2277702829619,inf
145,158,inf,inf,inf,738.0277772550298,inf
145,159,inf,inf,inf,870.2114685523284,inf
145,160,inf,inf,inf,836.7998565965461,inf
145,161,inf,inf,inf,614.4688763476959,inf
146,147,inf,inf,inf,112.25862995778988,inf
146,148,inf,inf,inf,372.2633476451852,inf
146,149,inf,inf,inf,441.3898503590675,inf
146,150,inf,inf,inf,167.0748335327616,inf
146,151,inf,inf,inf,634.3910465950793,inf
146,152,inf,inf,inf,825.009696912709,inf
146,153,inf,inf,inf,514.9077587296583,inf
146,154,inf,inf,inf,550.0909015790027,inf
146,155,inf,inf,inf,82.87943049997388,inf
146,156,inf,inf,inf,659.5763792010748,inf
146,157,inf,inf,inf,218.56349191939628,inf
146,158,inf,inf,inf,426.5548030441106,inf
146,159,inf,inf,inf,540.2369850352713,inf
146,160,inf,inf,inf,831.823298543627,inf
146,161,inf,inf,inf,383.10311927730373,inf
147,148,inf,inf,inf,416.30998066344745,inf
147,149,inf,inf,inf,467.48796775959914,inf
147,150,inf,inf,inf,240.60756430336932,inf
147,151,inf,inf,inf,558.6215176664787,inf
147,152,inf,inf,inf,927.515498522801,inf
147,153,inf,inf,inf,504.4640720606374,inf
147,154,inf,inf,inf,625.518984524051,inf
147,155,inf,inf,inf,120.15406776301833,inf
147,156,inf,inf,inf,771.7648605631122,inf
147,157,inf,inf,inf,106.90182411914213,inf
147,158,inf,inf,inf,324.01388859121454,inf
147,159,inf,inf,inf,504.74746160827794,inf
147,160,inf,inf,inf,932.0772500174006,inf
147,161,inf,inf,inf,440.51106683033515,inf
148,149,inf,inf,inf,799.0851018508604,inf
148,150,inf,inf,inf,211.96697856034086,inf
148,151,inf,inf,inf,562.9209535982827,inf
148,152,inf,inf,inf,963.5834162126287,inf
148,153,inf,inf,inf,886.70739254841,inf
148,154,inf,inf,inf,827.9541050082425,inf
148,155,inf,inf,inf,304.27783356662707,inf
148,156,inf,inf,inf,679.5476436571611,inf
148,157,inf,inf,inf,466.9411097772395,inf
148,158,inf,inf,inf,712.461227015197,inf
148,159,inf,inf,inf,909.8857071083158,inf
148,160,inf,inf,inf,985.1954120883836,inf
148,161,inf,inf,inf,711.7555760231177,inf
149,150,inf,inf,inf,587.3338062805511,inf
149,151,inf,inf,inf,1013.453995009147,inf
149,152,inf,inf,inf,699.3210993527937,inf
149,153,inf,inf,inf,166.6043216726385,inf
149,154,inf,inf,inf,289.35272592460575,inf
149,155,inf,inf,inf,523.3602965453149,inf
149,156,inf,inf,inf,736.5242697969973,inf
149,157,inf,inf,inf,527.2428283058955,inf
149,158,inf,inf,inf,532.7382096302085,inf
149,159,inf,inf,inf,276.20463428407567,inf
149,160,inf,inf,inf,683.3161786464594,inf
149,161,inf,inf,inf,136.97079980784227,inf
150,151,inf,inf,inf,609.5982283438823,inf
150,152,inf,inf,inf,836.0436591470567,inf
150,153,inf,inf,inf,677.0819743576105,inf
150,154,inf,inf,inf,637.496666657952,inf
150,155,inf,inf,inf,120.93386622447825,inf
150,156,inf,inf,inf,606.9637550958047,inf
150,157,inf,inf,inf,323.67885318630255,inf
150,158,inf,inf,inf,562.4348851200466,inf
150,159,inf,inf,inf,707.0855676649044,inf
150,160,inf,inf,inf,850.8184295136066,inf
150,161,inf,inf,inf,504.5730868764207,inf
151,152,inf,inf,inf,1441.5758738269728,inf
151,153,inf,inf,inf,1007.2785116341954,inf
151,154,inf,inf,inf,1181.397477566293,inf
151,155,inf,inf,inf,564.6459067415614,inf
151,156,inf,inf,inf,1210.084707778757,inf
151,157,inf,inf,inf,486.23656793787114,inf
151,158,inf,inf,inf,592.2305294393392,inf
151,159,inf,inf,inf,960.8100748847297,inf
151,160,inf,inf,inf,1453.4737699731634,inf
151,161,inf,inf,inf,999.0895855727854,inf
152,153,inf,inf,inf,860.356321531957,inf
152,154,inf,inf,inf,412.4039282063157,inf
152,155,inf,inf,inf,881.9092923878283,inf
152,156,inf,inf,inf,341.9970760108922,inf
152,157,inf,inf,inf,1031.5081192118655,inf
152,158,inf,inf,inf,1161.2579386165676,inf
152,159,inf,inf,inf,974.8933274979371,inf
152,160,inf,inf,inf,41.43669871020132,inf
152,161,inf,inf,inf,589.5701824210583,inf
153,154,inf,inf,inf,448.0379448216412,inf
153,155,inf,inf,inf,589.7838587143599,inf
153,156,inf,inf,inf,900.6802984411283,inf
153,157,inf,inf,inf,532.5636112240489,inf
153,158,inf,inf,inf,460.5659561886875,inf
153,159,inf,inf,inf,118.33004690272035,inf
153,160,inf,inf,inf,842.057005196204,inf
153,161,inf,inf,inf,300.37643050013094,inf
154,155,inf,inf,inf,627.5484045075726,inf
154,156,inf,inf,inf,518.7957208767243,inf
154,157,inf,inf,inf,715.3530596845169,inf
154,158,inf,inf,inf,789.9322755781029,inf
154,159,inf,inf,inf,563.2832324861091,inf
154,160,inf,inf,inf,394.45405309110464,inf
154,161,inf,inf,inf,202.08908926510605,inf
155,156,inf,inf,inf,689.5578293370324,inf
155,157,inf,inf,inf,205.7984450864486,inf
155,158,inf,inf,inf,441.6197459353465,inf
155,159,inf,inf,inf,606.1724177162798,inf
155,160,inf,inf,inf,891.5138809912048,inf
155,161,inf,inf,inf,465.3052761360008,inf
156,157,inf,inf,inf,878.0461263510022,inf
156,158,inf,inf,inf,1065.4736036148431,inf
156,159,inf,inf,inf,996.8796316506823,inf
156,160,inf,inf,inf,377.80021175219053,inf
156,161,inf,inf,inf,600.42734781154,inf
157,158,inf,inf,inf,246.05080776132397,inf
157,159,inf,inf,inf,508.5685794462729,inf
157,160,inf,inf,inf,1034.9357467978386,inf
157,161,inf,inf,inf,522.4117150294392,inf
158,159,inf,inf,inf,385.2025441245164,inf
158,160,inf,inf,inf,1156.6784341380278,inf
158,161,inf,inf,inf,588.2762956298682,inf
159,160,inf,inf,inf,957.7233420983328,inf
159,161,inf,inf,inf,401.7959681231259,inf
160,161,inf,inf,inf,578.8281264762451,inf
