u,v,unweighted_hops,weighted_cost,path_length_sum,euclidean,tortuosity
0,1,inf,inf,inf,1081.3792119326133,inf
0,2,inf,inf,inf,569.3680707591532,inf
0,3,inf,inf,inf,302.8696089078599,inf
0,4,inf,inf,inf,500.8283138960895,inf
0,5,inf,inf,inf,984.7486989074929,inf
0,6,inf,inf,inf,974.8897373549482,inf
0,7,inf,inf,inf,1123.6195975507014,inf
0,8,inf,inf,inf,764.8856123630513,inf
0,9,inf,inf,inf,636.5924913160695,inf
0,10,inf,inf,inf,1199.1338540796853,inf
0,11,inf,inf,inf,875.0417132914293,inf
0,12,inf,inf,inf,384.2134823246056,inf
0,13,inf,inf,inf,862.2354666794912,inf
0,14,inf,inf,inf,832.7046295055649,inf
0,15,inf,inf,inf,1141.3115262714207,inf
0,16,inf,inf,inf,673.6772224144141,inf
0,17,inf,inf,inf,1026.4160949634413,inf
0,18,inf,inf,inf,1416.8613199604258,inf
0,19,inf,inf,inf,718.924196282195,inf
0,20,inf,inf,inf,1458.8149300031173,inf
0,21,inf,inf,inf,1250.3363547461938,inf
0,22,inf,inf,inf,567.1939703487687,inf
0,23,inf,inf,inf,446.80756484195746,inf
0,24,inf,inf,inf,1205.699796798523,inf
0,25,inf,inf,inf,984.1239759298622,inf
0,26,inf,inf,inf,494.7736856381916,inf
0,27,inf,inf,inf,1177.6845927496886,inf
0,28,inf,inf,inf,560.3507829922253,inf
0,29,inf,inf,inf,1010.7249873234558,inf
0,30,inf,inf,inf,461.20819593758307,inf
0,31,inf,inf,inf,925.8104557629493,inf
0,32,inf,inf,inf,587.0417361653258,inf
0,33,inf,inf,inf,527.1366046861098,inf
0,34,inf,inf,inf,705.204934753012,inf
0,35,inf,inf,inf,748.3849276942982,inf
0,36,inf,inf,inf,1199.1597057940198,inf
0,37,inf,inf,inf,592.0481399345833,inf
0,38,inf,inf,inf,480.88460154178364,inf
0,39,inf,inf,inf,1432.5058464104081,inf
0,40,inf,inf,inf,598.4262694768671,inf
0,41,inf,inf,inf,1158.2141425487775,inf
0,42,inf,inf,inf,1257.0063643434746,inf
0,43,inf,inf,inf,1014.0493084658161,inf
0,44,inf,inf,inf,587.8996513011383,inf
0,45,inf,inf,inf,738.5458685823108,inf
0,46,inf,inf,inf,1258.0882321999518,inf
0,47,inf,inf,inf,701.9950142273092,inf
0,48,inf,inf,inf,1096.996353685827,inf
0,49,inf,inf,inf,1306.3330356383092,inf
0,50,inf,inf,inf,317.90721916936707,inf
0,51,inf,inf,inf,452.48204384262584,inf
0,52,inf,inf,inf,416.06249530569323,inf
0,53,inf,inf,inf,1172.029436490398,inf
0,54,inf,inf,inf,1099.7181457082538,inf
0,55,inf,inf,inf,1004.3151895694897,inf
0,56,inf,inf,inf,657.3408552646032,inf
0,57,inf,inf,inf,964.536157953656,inf
0,58,inf,inf,inf,711.4105706271168,inf
0,59,inf,inf,inf,1378.8520587793312,inf
0,60,inf,inf,inf,877.6018459415409,inf
0,61,inf,inf,inf,110.0,inf
0,62,inf,inf,inf,692.552525083838,inf
0,63,inf,inf,inf,1300.4895232180843,inf
0,64,inf,inf,inf,1161.706072980597,inf
0,65,inf,inf,inf,222.9910312097776,inf
0,66,inf,inf,inf,1272.4075604930993,inf
0,67,inf,inf,inf,492.0040650238573,inf
0,68,inf,inf,inf,479.4517702543187,inf
0,69,inf,inf,inf,247.34793308212625,inf
0,70,inf,inf,inf,1054.886249791891,inf
0,71,inf,inf,inf,1003.3907514024634,inf
0,72,inf,inf,inf,784.9643303997959,inf
0,73,inf,inf,inf,230.51247254758255,inf
0,74,inf,inf,inf,949.885256228351,inf
0,75,inf,inf,inf,1083.565411038946,inf
0,76,inf,inf,inf,1155.9394447807376,inf
0,77,inf,inf,inf,1006.4934177628784,inf
0,78,inf,inf,inf,768.5961228109338,inf
0,79,inf,inf,inf,441.2131004401388,inf
0,80,inf,inf,inf,1353.286739756213,inf
0,81,inf,inf,inf,559.657931240146,inf
0,82,inf,inf,inf,586.4349921346782,inf
0,83,inf,inf,inf,999.6224287199642,inf
0,84,inf,inf,inf,1061.636472621396,inf
0,85,inf,inf,inf,1374.0833308063961,inf
0,86,inf,inf,inf,516.2480024174428,inf
0,87,inf,inf,inf,509.48012718849003,inf
0,88,inf,inf,inf,1371.3033945848745,inf
0,89,inf,inf,inf,1226.445269875505,inf
0,90,inf,inf,inf,1130.863829114717,inf
0,91,inf,inf,inf,109.80892495603443,inf
0,92,inf,inf,inf,511.4782497819433,inf
0,93,inf,inf,inf,1050.890098916152,inf
0,94,inf,inf,inf,813.1432838067348,inf
0,95,inf,inf,inf,1325.0875442777356,inf
0,96,inf,inf,inf,385.6591759572174,inf
0,97,inf,inf,inf,662.7586287631418,inf
0,98,inf,inf,inf,1048.2137186661887,inf
0,99,inf,inf,inf,776.7863284069822,inf
0,100,inf,inf,inf,690.8176315063188,inf
0,101,inf,inf,inf,965.2590325917702,inf
0,102,inf,inf,inf,1279.6722236572925,inf
0,103,inf,inf,inf,966.7083324353836,inf
0,104,inf,inf,inf,846.3852550700537,inf
0,105,inf,inf,inf,594.0143095919491,inf
0,106,inf,inf,inf,663.8712224520656,inf
0,107,inf,inf,inf,1456.0199174461866,inf
0,108,inf,inf,inf,637.2166036757046,inf
0,109,inf,inf,inf,1197.5646120356096,inf
0,110,inf,inf,inf,988.4452438046328,inf
0,111,inf,inf,inf,914.0552499712477,inf
0,112,inf,inf,inf,832.280000961215,inf
0,113,inf,inf,inf,776.9813382572326,inf
0,114,inf,inf,inf,636.1171275795048,inf
0,115,inf,inf,inf,949.3840108196472,inf
0,116,inf,inf,inf,1453.5542645529267,inf
0,117,inf,inf,inf,256.6807355451515,inf
0,118,inf,inf,inf,846.3267690437306,inf
0,119,inf,inf,inf,805.5463984153861,inf
0,120,inf,inf,inf,1127.2466455927026,inf
0,121,inf,inf,inf,753.9847478563476,inf
0,122,inf,inf,inf,762.1548399111562,inf
1,2,inf,inf,inf,595.8095333241992,inf
1,3,inf,inf,inf,1079.7708090145798,inf
1,4,inf,inf,inf,854.8801085532403,inf
1,5,inf,inf,inf,177.2484132510077,inf
1,6,inf,inf,inf,507.83560332060216,inf
1,7,inf,inf,inf,293.3428028774526,inf
1,8,inf,inf,inf,667.4616093828918,inf
1,9,inf,inf,inf,983.1281706878306,inf
1,10,inf,inf,inf,763.2070492336926,inf
1,11,inf,inf,inf,251.00796800101784,inf
1,12,inf,inf,inf,1036.2070256469024,inf
1,13,inf,inf,inf,415.2216275677364,inf
1,14,inf,inf,inf,265.9624033580686,inf
1,15,inf,inf,inf,643.6932499257701,inf
1,16,inf,inf,inf,538.0,inf
1,17,inf,inf,inf,647.216347135948,inf
1,18,inf,inf,inf,541.5320858453357,inf
1,19,inf,inf,inf,866.6377559280463,inf
1,20,inf,inf,inf,402.2362489880791,inf
1,21,inf,inf,inf,248.2780699135548,inf
1,22,inf,inf,inf,1084.00184501688,inf
1,23,inf,inf,inf,994.1559233842546,inf
1,24,inf,inf,inf,551.5985859300221,inf
1,25,inf,inf,inf,510.4635148568407,inf
1,26,inf,inf,inf,948.7360012142472,inf
1,27,inf,inf,inf,605.800297127692,inf
1,28,inf,inf,inf,817.00550793737,inf
1,29,inf,inf,inf,607.6084265380131,inf
1,30,inf,inf,inf,630.030158008329,inf
1,31,inf,inf,inf,421.7511114389623,inf
1,32,inf,inf,inf,834.1013127911981,inf
1,33,inf,inf,inf,925.7699498255492,inf
1,34,inf,inf,inf,575.5215026391281,inf
1,35,inf,inf,inf,358.3699206127657,inf
1,36,inf,inf,inf,818.4552522893356,inf
1,37,inf,inf,inf,994.9733664777164,inf
1,38,inf,inf,inf,644.2615928332217,inf
1,39,inf,inf,inf,363.3730865102698,inf
1,40,inf,inf,inf,765.2457121735475,inf
1,41,inf,inf,inf,510.7102896946565,inf
1,42,inf,inf,inf,497.8533920744138,inf
1,43,inf,inf,inf,565.4458417921207,inf
1,44,inf,inf,inf,512.1415819868564,inf
1,45,inf,inf,inf,474.0812166707304,inf
1,46,inf,inf,inf,780.6004099409633,inf
1,47,inf,inf,inf,467.24725788387457,inf
1,48,inf,inf,inf,766.322386466688,inf
1,49,inf,inf,inf,708.5541616559739,inf
1,50,inf,inf,inf,1030.4212730723293,inf
1,51,inf,inf,inf,1098.6833028675735,inf
1,52,inf,inf,inf,951.2228971171794,inf
1,53,inf,inf,inf,244.72433471152803,inf
1,54,inf,inf,inf,836.4789298003866,inf
1,55,inf,inf,inf,956.1934950625841,inf
1,56,inf,inf,inf,427.873813173931,inf
1,57,inf,inf,inf,694.398300689165,inf
1,58,inf,inf,inf,439.33131006109727,inf
1,59,inf,inf,inf,599.8083027101242,inf
1,60,inf,inf,inf,794.2304451480062,inf
1,61,inf,inf,inf,1099.4766937047825,inf
1,62,inf,inf,inf,843.6966279415842,inf
1,63,inf,inf,inf,362.00552481971874,inf
1,64,inf,inf,inf,247.329739416836,inf
1,65,inf,inf,inf,1029.005344981259,inf
1,66,inf,inf,inf,497.54798763536365,inf
1,67,inf,inf,inf,703.2588428167825,inf
1,68,inf,inf,inf,632.1431799837756,inf
1,69,inf,inf,inf,899.929997277566,inf
1,70,inf,inf,inf,776.2074464986792,inf
1,71,inf,inf,inf,623.552724314472,inf
1,72,inf,inf,inf,424.9517619683439,inf
1,73,inf,inf,inf,1021.389739521599,inf
1,74,inf,inf,inf,980.1351947563153,inf
1,75,inf,inf,inf,598.8330318210578,inf
1,76,inf,inf,inf,318.8683113763423,inf
1,77,inf,inf,inf,955.3899727336476,inf
1,78,inf,inf,inf,355.62480228465506,inf
1,79,inf,inf,inf,993.222029558346,inf
1,80,inf,inf,inf,596.7277436151264,inf
1,81,inf,inf,inf,553.0461101933545,inf
1,82,inf,inf,inf,893.8954077519361,inf
1,83,inf,inf,inf,218.89266776207924,inf
1,84,inf,inf,inf,416.53451237562535,inf
1,85,inf,inf,inf,377.6691673938978,inf
1,86,inf,inf,inf,699.6034591109452,inf
1,87,inf,inf,inf,856.1687917694735,inf
1,88,inf,inf,inf,442.36636400160444,inf
1,89,inf,inf,inf,541.3547820052945,inf
1,90,inf,inf,inf,738.3549282018777,inf
1,91,inf,inf,inf,1072.8993429022128,inf
1,92,inf,inf,inf,779.3542198512818,inf
1,93,inf,inf,inf,618.7802517857208,inf
1,94,inf,inf,inf,1028.0102139570404,inf
1,95,inf,inf,inf,309.38002521171273,inf
1,96,inf,inf,inf,739.437624144187,inf
1,97,inf,inf,inf,462.4499972970051,inf
1,98,inf,inf,inf,524.6913378358747,inf
1,99,inf,inf,inf,694.6221994724903,inf
1,100,inf,inf,inf,889.6482450946554,inf
1,101,inf,inf,inf,296.82654867784316,inf
1,102,inf,inf,inf,200.17991907281808,inf
1,103,inf,inf,inf,695.3171938043816,inf
1,104,inf,inf,inf,318.9435686763412,inf
1,105,inf,inf,inf,769.3243789195816,inf
1,106,inf,inf,inf,498.7544486017142,inf
1,107,inf,inf,inf,378.4772119956497,inf
1,108,inf,inf,inf,836.2296335337561,inf
1,109,inf,inf,inf,369.39139134527755,inf
1,110,inf,inf,inf,194.5379140424817,inf
1,111,inf,inf,inf,289.8620361482338,inf
1,112,inf,inf,inf,682.3759960608228,inf
1,113,inf,inf,inf,853.2461544009443,inf
1,114,inf,inf,inf,507.19029959178044,inf
1,115,inf,inf,inf,236.90715480964266,inf
1,116,inf,inf,inf,460.90888470499243,inf
1,117,inf,inf,inf,1045.2655165076478,inf
1,118,inf,inf,inf,690.1376674258549,inf
1,119,inf,inf,inf,907.4491721303183,inf
1,120,inf,inf,inf,628.0668754201259,inf
1,121,inf,inf,inf,362.79195139914555,inf
1,122,inf,inf,inf,693.3145029494191,inf
2,3,inf,inf,inf,706.780022354905,inf
2,4,inf,inf,inf,268.0242526339734,inf
2,5,inf,inf,inf,454.4029049202921,inf
2,6,inf,inf,inf,752.7296991616579,inf
2,7,inf,inf,inf,756.246652885155,inf
2,8,inf,inf,inf,689.1226305963257,inf
2,9,inf,inf,inf,825.3060038555396,inf
2,10,inf,inf,inf,1049.4617668119215,inf
2,11,inf,inf,inf,483.86155044599275,inf
2,12,inf,inf,inf,716.0446913426564,inf
2,13,inf,inf,inf,595.5249784853696,inf
2,14,inf,inf,inf,425.46562728380303,inf
2,15,inf,inf,inf,947.900838695694,inf
2,16,inf,inf,inf,496.2993048554471,inf
2,17,inf,inf,inf,871.1521107131636,inf
2,18,inf,inf,inf,1065.7297968997582,inf
2,19,inf,inf,inf,796.8036144496334,inf
2,20,inf,inf,inf,997.8541977663871,inf
2,21,inf,inf,inf,708.9266534698777,inf
2,22,inf,inf,inf,854.258157701757,inf
2,23,inf,inf,inf,400.4509957535379,inf
2,24,inf,inf,inf,640.1531066862052,inf
2,25,inf,inf,inf,761.5142808903848,inf
2,26,inf,inf,inf,361.23261203828207,inf
2,27,inf,inf,inf,952.0257349462776,inf
2,28,inf,inf,inf,648.6208445617517,inf
2,29,inf,inf,inf,837.3559577622888,inf
2,30,inf,inf,inf,297.73310195542587,inf
2,31,inf,inf,inf,660.0189391222043,inf
2,32,inf,inf,inf,275.21991207032966,inf
2,33,inf,inf,inf,345.1101273506763,inf
2,34,inf,inf,inf,153.62942426501507,inf
2,35,inf,inf,inf,390.51248379533274,inf
2,36,inf,inf,inf,1079.2163823812164,inf
2,37,inf,inf,inf,806.5339422491778,inf
2,38,inf,inf,inf,94.92101980067429,inf
2,39,inf,inf,inf,908.6126787581164,inf
2,40,inf,inf,inf,213.84573879317773,inf
2,41,inf,inf,inf,889.4267816970658,inf
2,42,inf,inf,inf,948.6142524756837,inf
2,43,inf,inf,inf,815.7377029413315,inf
2,44,inf,inf,inf,127.66362050325849,inf
2,45,inf,inf,inf,509.51938137817683,inf
2,46,inf,inf,inf,1095.4825420790603,inf
2,47,inf,inf,inf,141.15594213493105,inf
2,48,inf,inf,inf,985.732722394869,inf
2,49,inf,inf,inf,1087.3352748807517,inf
2,50,inf,inf,inf,438.4803302315852,inf
2,51,inf,inf,inf,800.6247560499238,inf
2,52,inf,inf,inf,355.71899021559136,inf
2,53,inf,inf,inf,768.8283293427734,inf
2,54,inf,inf,inf,1026.6411252234152,inf
2,55,inf,inf,inf,1035.3381090252594,inf
2,56,inf,inf,inf,291.6864755178066,inf
2,57,inf,inf,inf,855.1315688243535,inf
2,58,inf,inf,inf,161.19863522995473,inf
2,59,inf,inf,inf,1074.6818133754753,inf
2,60,inf,inf,inf,426.0575078554537,inf
2,61,inf,inf,inf,630.0793600809345,inf
2,62,inf,inf,inf,762.8191135518302,inf
2,63,inf,inf,inf,907.0088202437724,inf
2,64,inf,inf,inf,762.7745407392672,inf
2,65,inf,inf,inf,622.1872708437548,inf
2,66,inf,inf,inf,703.0455177298267,inf
2,67,inf,inf,inf,107.62899237658968,inf
2,68,inf,inf,inf,350.2370625733376,inf
2,69,inf,inf,inf,496.82290607418656,inf
2,70,inf,inf,inf,963.7992529567555,inf
2,71,inf,inf,inf,841.2306461369557,inf
2,72,inf,inf,inf,519.6085064738644,inf
2,73,inf,inf,inf,443.5538298786293,inf
2,74,inf,inf,inf,1015.9576762838105,inf
2,75,inf,inf,inf,531.1591098719855,inf
2,76,inf,inf,inf,593.6328831862332,inf
2,77,inf,inf,inf,1036.2128159794204,inf
2,78,inf,inf,inf,240.8318915758459,inf
2,79,inf,inf,inf,399.10023803550905,inf
2,80,inf,inf,inf,1058.0741939958652,inf
2,81,inf,inf,inf,87.5956619930462,inf
2,82,inf,inf,inf,728.4078527857865,inf
2,83,inf,inf,inf,612.6018282702069,inf
2,84,inf,inf,inf,770.1662158261682,inf
2,85,inf,inf,inf,822.8760538501531,inf
2,86,inf,inf,inf,105.54619841567009,inf
2,87,inf,inf,inf,271.326371737065,inf
2,88,inf,inf,inf,988.3445755403325,inf
2,89,inf,inf,inf,950.8585594082855,inf
2,90,inf,inf,inf,992.3129546670244,inf
2,91,inf,inf,inf,523.6735624413361,inf
2,92,inf,inf,inf,191.65072397463047,inf
2,93,inf,inf,inf,505.08019165277113,inf
2,94,inf,inf,inf,961.9864863915709,inf
2,95,inf,inf,inf,890.9371470535955,inf
2,96,inf,inf,inf,183.7090090333079,inf
2,97,inf,inf,inf,388.1971148785112,inf
2,98,inf,inf,inf,818.2444622482941,inf
2,99,inf,inf,inf,289.22828354087363,inf
2,100,inf,inf,inf,373.3537196814838,inf
2,101,inf,inf,inf,621.984726500579,inf
2,102,inf,inf,inf,775.7686510809779,inf
2,103,inf,inf,inf,452.62014979450487,inf
2,104,inf,inf,inf,299.6865028659115,inf
2,105,inf,inf,inf,215.45533179756774,inf
2,106,inf,inf,inf,103.1746092796091,inf
2,107,inf,inf,inf,969.3306969244294,inf
2,108,inf,inf,inf,719.0584120918134,inf
2,109,inf,inf,inf,631.7823992483488,inf
2,110,inf,inf,inf,587.6495554324873,inf
2,111,inf,inf,inf,361.7084461275407,inf
2,112,inf,inf,inf,751.5597115332886,inf
2,113,inf,inf,inf,393.9543120718442,inf
2,114,inf,inf,inf,409.5180093719933,inf
2,115,inf,inf,inf,406.4209640262175,inf
2,116,inf,inf,inf,1038.4989167062236,inf
2,117,inf,inf,inf,461.52464722915937,inf
2,118,inf,inf,inf,346.5501406723131,inf
2,119,inf,inf,inf,880.6957476904269,inf
2,120,inf,inf,inf,577.0658541275857,inf
2,121,inf,inf,inf,233.03433223454437,inf
2,122,inf,inf,inf,275.9492707002503,inf
3,4,inf,inf,inf,738.9215113934632,inf
3,5,inf,inf,inf,1029.7669639292183,inf
3,6,inf,inf,inf,831.9735572721047,inf
3,7,inf,inf,inf,1040.6560430805175,inf
3,8,inf,inf,inf,585.8190847010704,inf
3,9,inf,inf,inf,360.4719129141687,inf
3,10,inf,inf,inf,999.0895855727854,inf
3,11,inf,inf,inf,839.2687293114167,inf
3,12,inf,inf,inf,96.30160954002794,inf
3,13,inf,inf,inf,760.7680329772013,inf
3,14,inf,inf,inf,814.0227269554579,inf
3,15,inf,inf,inf,965.783619658151,inf
3,16,inf,inf,inf,573.3907916944603,inf
3,17,inf,inf,inf,844.6064172145509,inf
3,18,inf,inf,inf,1301.7503600921339,inf
3,19,inf,inf,inf,475.7078935649481,inf
3,20,inf,inf,inf,1412.6489302016973,inf
3,21,inf,inf,inf,1289.6561557252382,inf
3,22,inf,inf,inf,268.5609800399157,inf
3,23,inf,inf,inf,722.490830391639,inf
3,24,inf,inf,inf,1334.75765590612,inf
3,25,inf,inf,inf,840.1726013147537,inf
3,26,inf,inf,inf,758.725905712992,inf
3,27,inf,inf,inf,1014.3258845164112,inf
3,28,inf,inf,inf,352.40459701882435,inf
3,29,inf,inf,inf,839.2597929127786,inf
3,30,inf,inf,inf,470.1287057817253,inf
3,31,inf,inf,inf,812.6702898469957,inf
3,32,inf,inf,inf,819.7804584155443,inf
3,33,inf,inf,inf,784.7706671378588,inf
3,34,inf,inf,inf,859.5463919998734,inf
3,35,inf,inf,inf,721.6494994108982,inf
3,36,inf,inf,inf,986.4613525120992,inf
3,37,inf,inf,inf,312.52679885091453,inf
3,38,inf,inf,inf,612.3005797808785,inf
3,39,inf,inf,inf,1443.0928591050542,inf
3,40,inf,inf,inf,810.8464712878758,inf
3,41,inf,inf,inf,1018.0933159588074,inf
3,42,inf,inf,inf,1129.1700491954257,inf
3,43,inf,inf,inf,854.2142588367394,inf
3,44,inf,inf,inf,668.3352452175479,inf
3,45,inf,inf,inf,645.8266021154594,inf
3,46,inf,inf,inf,1059.5414102336915,inf
3,47,inf,inf,inf,809.830229122129,inf
3,48,inf,inf,inf,888.5521931771932,inf
3,49,inf,inf,inf,1130.0761036319634,inf
3,50,inf,inf,inf,604.8446081432817,inf
3,51,inf,inf,inf,149.91330828182,inf
3,52,inf,inf,inf,681.8284241654934,inf
3,53,inf,inf,inf,1105.9823687563921,inf
3,54,inf,inf,inf,875.1971206533989,inf
3,55,inf,inf,inf,747.9284725159218,inf
3,56,inf,inf,inf,662.8672566962408,inf
3,57,inf,inf,inf,768.8875080270195,inf
3,58,inf,inf,inf,807.2180622359735,inf
3,59,inf,inf,inf,1240.260053375904,inf
3,60,inf,inf,inf,1090.6699775825866,inf
3,61,inf,inf,inf,198.64037857394453,inf
3,62,inf,inf,inf,457.6472440646835,inf
3,63,inf,inf,inf,1218.1547520738077,inf
3,64,inf,inf,inf,1093.9510957990765,inf
3,65,inf,inf,inf,94.26027795418386,inf
3,66,inf,inf,inf,1378.476332767451,inf
3,67,inf,inf,inf,667.9176595958517,inf
3,68,inf,inf,inf,452.26983096377325,inf
3,69,inf,inf,inf,210.27838690650069,inf
3,70,inf,inf,inf,841.6085788536141,inf
3,71,inf,inf,inf,827.4835345793897,inf
3,72,inf,inf,inf,699.4433501006354,inf
3,73,inf,inf,inf,516.2111970889434,inf
3,74,inf,inf,inf,685.5216991459862,inf
3,75,inf,inf,inf,1237.0416322824385,inf
3,76,inf,inf,inf,1233.0101378334243,inf
3,77,inf,inf,inf,750.4032249397653,inf
3,78,inf,inf,inf,837.3159499257135,inf
3,79,inf,inf,inf,716.849356559661,inf
3,80,inf,inf,inf,1211.6208152718407,inf
3,81,inf,inf,inf,660.0007575753228,inf
3,82,inf,inf,inf,340.7814548944822,inf
3,83,inf,inf,inf,942.4462849414814,inf
3,84,inf,inf,inf,943.407653138345,inf
3,85,inf,inf,inf,1421.8414116911913,inf
3,86,inf,inf,inf,695.5932719628619,inf
3,87,inf,inf,inf,748.1310045707236,inf
3,88,inf,inf,inf,1277.7562365334009,inf
3,89,inf,inf,inf,1083.8643826604875,inf
3,90,inf,inf,inf,931.3436530089202,inf
3,91,inf,inf,inf,409.66327636242914,inf
3,92,inf,inf,inf,724.1905826507274,inf
3,93,inf,inf,inf,1211.8498256797334,inf
3,94,inf,inf,inf,532.7438408841532,inf
3,95,inf,inf,inf,1267.426131969828,inf
3,96,inf,inf,inf,544.9853209032332,inf
3,97,inf,inf,inf,618.5668920981789,inf
3,98,inf,inf,inf,899.929997277566,inf
3,99,inf,inf,inf,969.9180377743265,inf
3,100,inf,inf,inf,934.6876483617401,inf
3,101,inf,inf,inf,887.8203647134932,inf
3,102,inf,inf,inf,1278.4885607622775,inf
3,103,inf,inf,inf,1151.6878917484546,inf
3,104,inf,inf,inf,921.4564558350004,inf
3,105,inf,inf,inf,807.5921000108904,inf
3,106,inf,inf,inf,776.8429699752711,inf
3,107,inf,inf,inf,1430.4824361032888,inf
3,108,inf,inf,inf,409.05867549778236,inf
3,109,inf,inf,inf,1282.17198534362,inf
3,110,inf,inf,inf,940.9197627853291,inf
3,111,inf,inf,inf,989.2022037985964,inf
3,112,inf,inf,inf,642.5262640546299,inf
3,113,inf,inf,inf,1008.7308858164303,inf
3,114,inf,inf,inf,576.4902427621824,inf
3,115,inf,inf,inf,1010.4454463255303,inf
3,116,inf,inf,inf,1375.4221170244427,inf
3,117,inf,inf,inf,548.1505267716159,inf
3,118,inf,inf,inf,1036.46755858541,inf
3,119,inf,inf,inf,551.1923439236072,inf
3,120,inf,inf,inf,1283.2291299686117,inf
3,121,inf,inf,inf,820.2200924142252,inf
3,122,inf,inf,inf,955.1177937825261,inf
4,5,inf,inf,inf,700.0092856526976,inf
4,6,inf,inf,inf,1002.9222302850804,inf
4,7,inf,inf,inf,1023.9580069514569,inf
4,8,inf,inf,inf,900.7846579510555,inf
4,9,inf,inf,inf,958.1696092028801,inf
4,10,inf,inf,inf,1292.5884882668574,inf
4,11,inf,inf,inf,750.8455233934608,inf
4,12,inf,inf,inf,781.3917071482139,inf
4,13,inf,inf,inf,848.8091658317552,inf
4,14,inf,inf,inf,692.7192793621382,inf
4,15,inf,inf,inf,1197.4827764940921,inf
4,16,inf,inf,inf,721.8032973047435,inf
4,17,inf,inf,inf,1111.1710039413376,inf
4,18,inf,inf,inf,1333.6719986563412,inf
4,19,inf,inf,inf,967.3494714941442,inf
4,20,inf,inf,inf,1256.6821396041244,inf
4,21,inf,inf,inf,936.0309823932112,inf
4,22,inf,inf,inf,950.1578816175762,inf
4,23,inf,inf,inf,144.81022063376605,inf
4,24,inf,inf,inf,771.3138142157186,inf
4,25,inf,inf,inf,1012.0459475735279,inf
4,26,inf,inf,inf,94.02127418834527,inf
4,27,inf,inf,inf,1207.2323719980343,inf
4,28,inf,inf,inf,802.7764321403563,inf
4,29,inf,inf,inf,1080.2666337529822,inf
4,30,inf,inf,inf,478.5331754434587,inf
4,31,inf,inf,inf,915.337096374882,inf
4,32,inf,inf,inf,86.40023148117139,inf
4,33,inf,inf,inf,79.30952023559341,inf
4,34,inf,inf,inf,302.2002647252315,inf
4,35,inf,inf,inf,651.058369119083,inf
4,36,inf,inf,inf,1316.6521940132861,inf
4,37,inf,inf,inf,928.193945250668,inf
4,38,inf,inf,inf,270.0018518455012,inf
4,39,inf,inf,inf,1144.1695678525975,inf
4,40,inf,inf,inf,119.21828718783037,inf
4,41,inf,inf,inf,1149.9360851803895,inf
4,42,inf,inf,inf,1213.9695218579418,inf
4,43,inf,inf,inf,1063.1204071035415,inf
4,44,inf,inf,inf,386.5811687084615,inf
4,45,inf,inf,inf,750.0539980561399,inf
4,46,inf,inf,inf,1342.0093144237114,inf
4,47,inf,inf,inf,387.73702428321184,inf
4,48,inf,inf,inf,1219.02009827566,inf
4,49,inf,inf,inf,1343.460085004389,inf
4,50,inf,inf,inf,237.39418695494632,inf
4,51,inf,inf,inf,866.4831215897976,inf
4,52,inf,inf,inf,118.59595271340417,inf
4,53,inf,inf,inf,1036.5490822918132,inf
4,54,inf,inf,inf,1251.8118868264512,inf
4,55,inf,inf,inf,1232.0949638725092,inf
4,56,inf,inf,inf,547.0283356463356,inf
4,57,inf,inf,inf,1083.9451093113526,inf
4,58,inf,inf,inf,415.74030355499576,inf
4,59,inf,inf,inf,1340.4961767942495,inf
4,60,inf,inf,inf,379.6972478172577,inf
4,61,inf,inf,inf,596.1686003137032,inf
4,62,inf,inf,inf,933.588774568332,inf
4,63,inf,inf,inf,1174.6676125611023,inf
4,64,inf,inf,inf,1030.6386369625388,inf
4,65,inf,inf,inf,644.8317610043723,inf
4,66,inf,inf,inf,862.1658773113211,inf
4,67,inf,inf,inf,172.40939649566667,inf
4,68,inf,inf,inf,533.367603065653,inf
4,69,inf,inf,inf,553.2178594369491,inf
4,70,inf,inf,inf,1191.655151459515,inf
4,71,inf,inf,inf,1081.8548886056763,inf
4,72,inf,inf,inf,769.147580117106,inf
4,73,inf,inf,inf,291.44639301250584,inf
4,74,inf,inf,inf,1201.2181317312854,inf
4,75,inf,inf,inf,628.3414676750215,inf
4,76,inf,inf,inf,795.7267118804043,inf
4,77,inf,inf,inf,1233.3896383544009,inf
4,78,inf,inf,inf,500.27692331347845,inf
4,79,inf,inf,inf,145.41664278891878,inf
4,80,inf,inf,inf,1323.0782289796775,inf
4,81,inf,inf,inf,340.4585143596794,inf
4,82,inf,inf,inf,870.9793338535651,inf
4,83,inf,inf,inf,880.3783277659668,inf
4,84,inf,inf,inf,1031.7775923133822,inf
4,85,inf,inf,inf,1035.8001737787072,inf
4,86,inf,inf,inf,163.6001222493431,inf
4,87,inf,inf,inf,9.219544457292887,inf
4,88,inf,inf,inf,1256.154449102498,inf
4,89,inf,inf,inf,1212.967023459418,inf
4,90,inf,inf,inf,1231.878240736478,inf
4,91,inf,inf,inf,412.0740224765449,inf
4,92,1.0,87.7696,87.76955262170041,76.55716818169282,1.1464576695600508
4,93,inf,inf,inf,589.3564286575654,inf
4,94,inf,inf,inf,1117.1826171221965,inf
4,95,inf,inf,inf,1155.4704669527473,inf
4,96,inf,inf,inf,242.52834885843757,inf
4,97,inf,inf,inf,630.0793600809345,inf
4,98,inf,inf,inf,1071.558211204599,inf
4,99,inf,inf,inf,299.2524018282894,inf
4,100,inf,inf,inf,195.80091930325557,inf
4,101,inf,inf,inf,887.0140923345017,inf
4,102,inf,inf,inf,1024.5799139159424,inf
4,103,inf,inf,inf,485.5450545520982,inf
4,104,inf,inf,inf,543.0184158939732,inf
4,105,inf,inf,inf,113.84199576606166,inf
4,106,inf,inf,inf,356.7408022640528,inf
4,107,inf,inf,inf,1221.3210061241066,inf
4,108,inf,inf,inf,882.3990027192914,inf
4,109,inf,inf,inf,822.2469215509415,inf
4,110,inf,inf,inf,855.6430330459075,inf
4,111,inf,inf,inf,594.2995877501514,inf
4,112,inf,inf,inf,968.314515020817,inf
4,113,inf,inf,inf,276.40007235889067,inf
4,114,inf,inf,inf,640.0703086380433,inf
4,115,inf,inf,inf,645.4339625399333,inf
4,116,inf,inf,inf,1304.179818890018,inf
4,117,inf,inf,inf,288.1110896859057,inf
4,118,inf,inf,inf,366.67424234598207,inf
4,119,inf,inf,inf,1057.0771022021052,inf
4,120,inf,inf,inf,666.8852974837577,inf
4,121,inf,inf,inf,495.3725870493845,inf
4,122,inf,inf,inf,286.2254356272342,inf
5,6,inf,inf,inf,609.5900261651268,inf
5,7,inf,inf,inf,448.4829985629333,inf
5,8,inf,inf,inf,712.3734975418442,inf
5,9,inf,inf,inf,994.2434309564233,inf
5,10,inf,inf,inf,891.529023644211,inf
5,11,inf,inf,inf,290.83328557783756,inf
5,12,inf,inf,inf,1001.0124874345973,inf
5,13,inf,inf,inf,481.9668038361148,inf
5,14,inf,inf,inf,267.4341040331244,inf
5,15,inf,inf,inf,772.2085210615071,inf
5,16,inf,inf,inf,546.136429841482,inf
5,17,inf,inf,inf,752.7682246216294,inf
5,18,inf,inf,inf,717.0062761231592,inf
5,19,inf,inf,inf,897.9231592959388,inf
5,20,inf,inf,inf,563.529058700614,inf
5,21,inf,inf,inf,265.9492432777352,inf
5,22,inf,inf,inf,1077.8000742252711,inf
5,23,inf,inf,inf,842.6986412710062,inf
5,24,inf,inf,inf,421.55189478876736,inf
5,25,inf,inf,inf,614.4672489238137,inf
5,26,inf,inf,inf,792.7780269407068,inf
5,27,inf,inf,inf,744.2345060530316,inf
5,28,inf,inf,inf,815.8780546135556,inf
5,29,inf,inf,inf,712.4135035216556,inf
5,30,inf,inf,inf,561.3065116315684,inf
5,31,inf,inf,inf,511.3482179493735,inf
5,32,inf,inf,inf,670.787596784556,inf
5,33,inf,inf,inf,766.9035141398167,inf
5,34,inf,inf,inf,408.8618348537804,inf
5,35,inf,inf,inf,343.5724086710107,inf
5,36,inf,inf,inf,941.8715411349893,inf
5,37,inf,inf,inf,997.5615269245301,inf
5,38,inf,inf,inf,518.9874757641074,inf
5,39,inf,inf,inf,455.18018410295497,inf
5,40,inf,inf,inf,602.4250990787153,inf
5,41,inf,inf,inf,653.8088405642739,inf
5,42,inf,inf,inf,659.2154427802795,inf
5,43,inf,inf,inf,673.6245244941725,inf
5,44,inf,inf,inf,397.4166579296847,inf
5,45,inf,inf,inf,497.56205643115516,inf
5,46,inf,inf,inf,916.8991220412418,inf
5,47,inf,inf,inf,316.1154852265229,inf
5,48,inf,inf,inf,876.5483443598533,inf
5,49,inf,inf,inf,858.6617494683223,inf
5,50,inf,inf,inf,892.7782479429032,inf
5,51,inf,inf,inf,1072.4113016935246,inf
5,52,inf,inf,inf,803.483665048643,inf
5,53,inf,inf,inf,414.9325246350303,inf
5,54,inf,inf,inf,941.4085191881366,inf
5,55,inf,inf,inf,1034.679177329862,inf
5,56,inf,inf,inf,369.0,inf
5,57,inf,inf,inf,783.9846937281366,inf
5,58,inf,inf,inf,293.2047066470796,inf
5,59,inf,inf,inf,768.4276153288611,inf
5,60,inf,inf,inf,616.9837923316949,inf
5,61,inf,inf,inf,1018.5293319291301,inf
5,62,inf,inf,inf,870.388993496586,inf
5,63,inf,inf,inf,538.3353973128648,inf
5,64,inf,inf,inf,415.3949927478664,inf
5,65,inf,inf,inf,966.7083324353836,inf
5,66,inf,inf,inf,400.88028138086315,inf
5,67,inf,inf,inf,561.1434754142651,inf
5,68,inf,inf,inf,578.5844795706155,inf
5,69,inf,inf,inf,833.6695988219793,inf
5,70,inf,inf,inf,877.9094486335136,inf
5,71,inf,inf,inf,725.7527127059188,inf
5,72,inf,inf,inf,460.3009884847088,inf
5,73,inf,inf,inf,894.6831841495625,inf
5,74,inf,inf,inf,1047.2745580792077,inf
5,75,inf,inf,inf,438.31039230207625,inf
5,76,inf,inf,inf,223.0201784592596,inf
5,77,inf,inf,inf,1034.3176494675124,inf
5,78,inf,inf,inf,219.18485349129398,inf
5,79,inf,inf,inf,842.3330695158537,inf
5,80,inf,inf,inf,762.6958764802653,inf
5,81,inf,inf,inf,430.57287420365907,inf
5,82,inf,inf,inf,898.3540504723069,inf
5,83,inf,inf,inf,335.7752224331033,inf
5,84,inf,inf,inf,545.8809393997925,inf
5,85,inf,inf,inf,394.0012690334893,inf
5,86,inf,inf,inf,553.0226035163481,inf
5,87,inf,inf,inf,700.2856560004639,inf
5,88,inf,inf,inf,619.22935976906,inf
5,89,inf,inf,inf,693.9985590763139,inf
5,90,inf,inf,inf,857.0093348383085,inf
5,91,inf,inf,inf,961.0681557517136,inf
5,92,inf,inf,inf,626.5205503413276,inf
5,93,inf,inf,inf,452.90175535098115,inf
5,94,inf,inf,inf,1067.777130303885,inf
5,95,inf,inf,inf,484.87627287793737,inf
5,96,inf,inf,inf,617.9134243565194,inf
5,97,inf,inf,inf,441.85178510446235,inf
5,98,inf,inf,inf,643.3428323996468,inf
5,99,inf,inf,inf,519.2427178112371,inf
5,100,inf,inf,inf,718.3849942753537,inf
5,101,inf,inf,inf,399.60605601016607,inf
5,102,inf,inf,inf,324.5751068705054,inf
5,103,inf,inf,inf,520.6966487312934,inf
5,104,inf,inf,inf,157.20687007888682,inf
5,105,inf,inf,inf,606.8451202736989,inf
5,106,inf,inf,inf,352.02982828163863,inf
5,107,inf,inf,inf,521.6013803662717,inf
5,108,inf,inf,inf,851.6577951266577,inf
5,109,inf,inf,inf,278.23910580649874,inf
5,110,inf,inf,inf,304.26633070387527,inf
5,111,inf,inf,inf,114.16216536138407,inf
5,112,inf,inf,inf,743.3034373659252,inf
5,113,inf,inf,inf,677.8805204458969,inf
5,114,inf,inf,inf,489.70297119784766,inf
5,115,inf,inf,inf,60.166435825965294,inf
5,116,inf,inf,inf,636.1713605625453,inf
5,117,inf,inf,inf,914.801071271782,inf
5,118,inf,inf,inf,512.9649110806703,inf
5,119,inf,inf,inf,953.4972469808185,inf
5,120,inf,inf,inf,472.70815520784066,inf
5,121,inf,inf,inf,232.13142829009604,inf
5,122,inf,inf,inf,518.6231772684287,inf
6,7,inf,inf,inf,277.5193686934301,inf
6,8,inf,inf,inf,255.88278566562465,inf
6,9,inf,inf,inf,590.7622195096772,inf
6,10,inf,inf,inf,301.37020423392886,inf
6,11,inf,inf,inf,329.2779980502797,inf
6,12,inf,inf,inf,753.807667777398,inf
6,13,inf,inf,inf,158.15182578775372,inf
6,14,inf,inf,inf,376.19276973381614,inf
6,15,inf,inf,inf,195.20758181996928,inf
6,16,inf,inf,inf,307.15631199765375,inf
6,17,inf,inf,inf,143.17821063276352,inf
6,18,inf,inf,inf,472.92494119045995,inf
6,19,inf,inf,inf,444.14637226932297,inf
6,20,inf,inf,inf,659.276118178112,inf
6,21,inf,inf,inf,752.1495861861522,inf
6,22,inf,inf,inf,720.481089272994,inf
6,23,inf,inf,inf,1105.7761979713616,inf
6,24,inf,inf,inf,1030.8763262389916,inf
6,25,inf,inf,inf,9.486832980505138,inf
6,26,inf,inf,inf,1087.647461266747,inf
6,27,inf,inf,inf,209.2008604188807,inf
6,28,inf,inf,inf,485.5687386972106,inf
6,29,inf,inf,inf,102.82509421342633,inf
6,30,inf,inf,inf,559.2003218883194,inf
6,31,inf,inf,inf,101.96568050084302,inf
6,32,inf,inf,inf,1026.779431036676,inf
6,33,inf,inf,inf,1082.1557189240373,inf
6,34,inf,inf,inf,834.3907957306336,inf
6,35,inf,inf,inf,367.9157512257392,inf
6,36,inf,inf,inf,341.4703501037828,inf
6,37,inf,inf,inf,621.2318407808795,inf
6,38,inf,inf,inf,733.203927976385,inf
6,39,inf,inf,inf,800.8926270106374,inf
6,40,inf,inf,inf,966.5381523768216,inf
6,41,inf,inf,inf,186.72439583514523,inf
6,42,inf,inf,inf,297.80026863654774,inf
6,43,inf,inf,inf,66.70832032063167,inf
6,44,inf,inf,inf,625.1559805360579,inf
6,45,inf,inf,inf,257.30915257720625,inf
6,46,inf,inf,inf,343.3715189120961,inf
6,47,inf,inf,inf,701.6615993482899,inf
6,48,inf,inf,inf,267.23959287500793,inf
6,49,inf,inf,inf,344.93477644331546,inf
6,50,inf,inf,inf,1078.1896864652342,inf
6,51,inf,inf,inf,783.7512360436824,inf
6,52,inf,inf,inf,1052.47612799531,inf
6,53,inf,inf,inf,363.05509223807894,inf
6,54,inf,inf,inf,332.34018715767735,inf
6,55,inf,inf,inf,453.47657050833396,inf
6,56,inf,inf,inf,461.04338190673553,inf
6,57,inf,inf,inf,189.08199279677586,inf
6,58,inf,inf,inf,671.2145707596044,inf
6,59,inf,inf,inf,409.6352035653186,inf
6,60,inf,inf,inf,1122.5992161051959,inf
6,61,inf,inf,inf,940.3839641338,inf
6,62,inf,inf,inf,435.4962686407313,inf
6,63,inf,inf,inf,426.1983106489278,inf
6,64,inf,inf,inf,350.30415355801875,inf
6,65,inf,inf,inf,824.6969140235702,inf
6,66,inf,inf,inf,996.8876566594653,inf
6,67,inf,inf,inf,831.2653006110625,inf
6,68,inf,inf,inf,517.5712511336,inf
6,69,inf,inf,inf,732.7243683678058,inf
6,70,inf,inf,inf,269.89812893015767,inf
6,71,inf,inf,inf,116.77756633874505,inf
6,72,inf,inf,inf,234.00213674238105,inf
6,73,inf,inf,inf,1028.4055620230765,inf
6,74,inf,inf,inf,487.01540016718155,inf
6,75,inf,inf,inf,1035.0826053992018,inf
6,76,inf,inf,inf,814.4310897798537,inf
6,77,inf,inf,inf,452.3858972160825,inf
6,78,inf,inf,inf,608.738038896864,inf
6,79,inf,inf,inf,1102.3815129073964,inf
6,80,inf,inf,inf,382.0274859221519,inf
6,81,inf,inf,inf,668.3958408009433,inf
6,82,inf,inf,inf,531.3379338989454,inf
6,83,inf,inf,inf,289.110705439975,inf
6,84,inf,inf,inf,131.85598204101322,inf
6,85,inf,inf,inf,873.4740980704579,inf
6,86,inf,inf,inf,845.0053254270058,inf
6,87,inf,inf,inf,1008.6426522807768,inf
6,88,inf,inf,inf,466.56725131539184,inf
6,89,inf,inf,inf,253.91730937452846,inf
6,90,inf,inf,inf,253.58430550804994,inf
6,91,inf,inf,inf,1018.8091087146797,inf
6,92,inf,inf,inf,932.0772500174006,inf
6,93,inf,inf,inf,1040.6536407470066,inf
6,94,inf,inf,inf,572.2831467027489,inf
6,95,inf,inf,inf,511.1408807755451,inf
6,96,inf,inf,inf,786.9796693689107,inf
6,97,inf,inf,inf,373.4608413207468,inf
6,98,inf,inf,inf,73.824115301167,inf
6,99,inf,inf,inf,990.8445892267869,inf
6,100,inf,inf,inf,1124.7919807679996,inf
6,101,inf,inf,inf,213.45959805077868,inf
6,102,inf,inf,inf,642.2997742487537,inf
6,103,inf,inf,inf,1074.1531548154574,inf
6,104,inf,inf,inf,648.0385790984978,inf
6,105,inf,inf,inf,968.1843832659149,inf
6,106,inf,inf,inf,707.3931014648078,inf
6,107,inf,inf,inf,713.2376882919185,inf
6,108,inf,inf,inf,457.0787678289159,inf
6,109,inf,inf,inf,868.3875862770034,inf
6,110,inf,inf,inf,315.93986769637036,inf
6,111,inf,inf,inf,674.0867896643576,inf
6,112,inf,inf,inf,225.61028345356956,inf
6,113,inf,inf,inf,1130.8589655655562,inf
6,114,inf,inf,inf,371.7109091753967,inf
6,115,inf,inf,inf,644.8100495494778,inf
6,116,inf,inf,inf,576.7789871345869,inf
6,117,inf,inf,inf,1062.8551171255658,inf
6,118,inf,inf,inf,1019.2021389302516,inf
6,119,inf,inf,inf,449.7521539692723,inf
6,120,inf,inf,inf,1074.1010194576672,inf
6,121,inf,inf,inf,599.2703897240377,inf
6,122,inf,inf,inf,982.5120864396529,inf
7,8,inf,inf,inf,510.1813403095021,inf
7,9,inf,inf,inf,850.1652780489216,inf
7,10,inf,inf,inf,479.5049530505394,inf
7,11,inf,inf,inf,274.3082208028042,inf
7,12,inf,inf,inf,974.9897435357974,inf
7,13,inf,inf,inf,280.4086303950005,inf
7,14,inf,inf,inf,331.58106097906136,inf
7,15,inf,inf,inf,362.49275854836054,inf
7,16,inf,inf,inf,468.48052254069216,inf
7,17,inf,inf,inf,394.54910974427503,inf
7,18,inf,inf,inf,310.5430726968483,inf
7,19,inf,inf,inf,710.2260203625322,inf
7,20,inf,inf,inf,388.36065712170176,inf
7,21,inf,inf,inf,510.9716234782515,inf
7,22,inf,inf,inf,972.4865037623915,inf
7,23,inf,inf,inf,1149.4590031836717,inf
7,24,inf,inf,inf,844.9384592974804,inf
7,25,inf,inf,inf,275.6320010448714,inf
7,26,inf,inf,inf,1116.3556780883052,inf
7,27,inf,inf,inf,316.89745975630666,inf
7,28,inf,inf,inf,717.6963146066727,inf
7,29,inf,inf,inf,359.30210130195456,inf
7,30,inf,inf,inf,666.8493083148546,inf
7,31,inf,inf,inf,238.20999139414786,inf
7,32,inf,inf,inf,1024.5511212233384,inf
7,33,inf,inf,inf,1101.3537124829606,inf
7,34,inf,inf,inf,787.492857110463,inf
7,35,inf,inf,inf,390.1909788808552,inf
7,36,inf,inf,inf,538.04181993596,inf
7,37,inf,inf,inf,874.8268400089243,inf
7,38,inf,inf,inf,771.578252674348,inf
7,39,inf,inf,inf,528.1382394790212,inf
7,40,inf,inf,inf,957.4241484316134,inf
7,41,inf,inf,inf,220.238507078122,inf
7,42,inf,inf,inf,211.4426636230257,inf
7,43,inf,inf,inf,316.0838496348714,inf
7,44,inf,inf,inf,640.834612049006,inf
7,45,inf,inf,inf,396.62702883187376,inf
7,46,inf,inf,inf,491.0570231653346,inf
7,47,inf,inf,inf,659.0978683018175,inf
7,48,inf,inf,inf,501.1985634456667,inf
7,49,inf,inf,inf,415.2457103932562,inf
7,50,inf,inf,inf,1154.1135126147688,inf
7,51,inf,inf,inf,1018.9136371646028,inf
7,52,inf,inf,inf,1099.956817334208,inf
7,53,inf,inf,inf,85.90692637965812,inf
7,54,inf,inf,inf,575.1669322900962,inf
7,55,inf,inf,inf,724.1657268885348,inf
7,56,inf,inf,inf,495.7680909457566,inf
7,57,inf,inf,inf,461.6373035186823,inf
7,58,inf,inf,inf,627.1857778999776,inf
7,59,inf,inf,inf,328.0243893371345,inf
7,60,inf,inf,inf,1045.3956188926754,inf
7,61,inf,inf,inf,1112.6405529190458,inf
7,62,inf,inf,inf,696.5586838163745,inf
7,63,inf,inf,inf,178.60011198204776,inf
7,64,inf,inf,inf,73.49829930005184,inf
7,65,inf,inf,inf,1013.963510191565,inf
7,66,inf,inf,inf,787.2001016260097,inf
7,67,inf,inf,inf,855.2268704852531,inf
7,68,inf,inf,inf,644.1777704950707,inf
7,69,inf,inf,inf,901.1681308168859,inf
7,70,inf,inf,inf,521.2945424613613,inf
7,71,inf,inf,inf,377.76712403278293,inf
7,72,inf,inf,inf,344.60702256338305,inf
7,73,inf,inf,inf,1123.3952999723651,inf
7,74,inf,inf,inf,762.6958764802653,inf
7,75,inf,inf,inf,885.246293412178,inf
7,76,inf,inf,inf,611.3566880308091,inf
7,77,inf,inf,inf,722.8001106806778,inf
7,78,inf,inf,inf,545.8836872448196,inf
7,79,inf,inf,inf,1147.2575996697517,inf
7,80,inf,inf,inf,317.9842763408279,inf
7,81,inf,inf,inf,687.2626863143379,inf
7,82,inf,inf,inf,778.2859371721938,inf
7,83,inf,inf,inf,143.68020044529447,inf
7,84,inf,inf,inf,151.52887513606112,inf
7,85,inf,inf,inf,619.6805628709037,inf
7,86,inf,inf,inf,860.456274310322,inf
7,87,inf,inf,inf,1027.5139901723967,inf
7,88,inf,inf,inf,248.06853891616325,inf
7,89,inf,inf,inf,248.20354550247666,inf
7,90,inf,inf,inf,464.5621594576984,inf
7,91,inf,inf,inf,1143.7014470568795,inf
7,92,inf,inf,inf,947.8148553383197,inf
7,93,inf,inf,inf,901.3151502110679,inf
7,94,inf,inf,inf,848.0713413386871,inf
7,95,inf,inf,inf,238.549785160247,inf
7,96,inf,inf,inf,850.68090374711,inf
7,97,inf,inf,inf,461.6600480873345,inf
7,98,inf,inf,inf,263.13684652666944,inf
7,99,inf,inf,inf,929.2846711315107,inf
7,100,inf,inf,inf,1101.9727764332474,inf
7,101,inf,inf,inf,158.41717078650282,inf
7,102,inf,inf,inf,377.25588133255127,inf
7,103,inf,inf,inf,964.3941103096804,inf
7,104,inf,inf,inf,548.329280633453,inf
7,105,inf,inf,inf,960.4634298087565,inf
7,106,inf,inf,inf,679.3717686215699,inf
7,107,inf,inf,inf,436.1937642837183,inf
7,108,inf,inf,inf,707.9618633796597,inf
7,109,inf,inf,inf,660.3029607687671,inf
7,110,inf,inf,inf,170.48460341039598,inf
7,111,inf,inf,inf,545.9761899570346,inf
7,112,inf,inf,inf,496.4443574057419,inf
7,113,inf,inf,inf,1083.9506446328633,inf
7,114,inf,inf,inf,488.15161579165135,inf
7,115,inf,inf,inf,500.78438474057873,inf
7,116,inf,inf,inf,335.316268618151,inf
7,117,inf,inf,inf,1153.6073855519476,inf
7,118,inf,inf,inf,939.1272544229563,inf
7,119,inf,inf,inf,725.0062068699826,inf
7,120,inf,inf,inf,917.1575655251391,inf
7,121,inf,inf,inf,544.2131935188635,inf
7,122,inf,inf,inf,924.7405041415673,inf
8,9,inf,inf,inf,340.14702703389895,inf
8,10,inf,inf,inf,434.5526435312527,inf
8,11,inf,inf,inf,427.85511566416966,inf
8,12,inf,inf,inf,502.8419234709851,inf
8,13,inf,inf,inf,254.55844122715712,inf
8,14,inf,inf,inf,445.16176834943946,inf
8,15,inf,inf,inf,382.510130584799,inf
8,16,inf,inf,inf,196.91876497682998,inf
8,17,inf,inf,inf,263.4539808012018,inf
8,18,inf,inf,inf,728.18816249648,inf
8,19,inf,inf,inf,203.0615670184784,inf
8,20,inf,inf,inf,898.5415961434395,inf
8,21,inf,inf,inf,914.2805915035055,inf
8,22,inf,inf,inf,466.0611547855067,inf
8,23,inf,inf,inf,977.6548470702736,inf
8,24,inf,inf,inf,1121.1217596675215,inf
8,25,inf,inf,inf,262.8345487183905,inf
8,26,inf,inf,inf,973.686294450117,inf
8,27,inf,inf,inf,428.59888007319853,inf
8,28,inf,inf,inf,234.138847695123,inf
8,29,inf,inf,inf,253.9389690457138,inf
8,30,inf,inf,inf,422.8344829835902,inf
8,31,inf,inf,inf,273.5415873317986,inf
8,32,inf,inf,inf,944.2414945341048,inf
8,33,inf,inf,inf,976.9836231994884,inf
8,34,inf,inf,inf,808.4478956618045,inf
8,35,inf,inf,inf,382.4787575800779,inf
8,36,inf,inf,inf,439.3017186399343,inf
8,37,inf,inf,inf,367.16345134013545,inf
8,38,inf,inf,inf,639.0618123468183,inf
8,39,inf,inf,inf,1004.353025584132,inf
8,40,inf,inf,inf,894.4003577816816,inf
8,41,inf,inf,inf,437.0926675202868,inf
8,42,inf,inf,inf,551.9936593838737,inf
8,43,inf,inf,inf,269.0018587296378,inf
8,44,inf,inf,inf,568.9569403742255,inf
8,45,inf,inf,inf,218.40329667841556,inf
8,46,inf,inf,inf,493.2382791308882,inf
8,47,inf,inf,inf,687.6052646686178,inf
8,48,inf,inf,inf,336.7565886512096,inf
8,49,inf,inf,inf,548.0437938705264,inf
8,50,inf,inf,inf,923.4094433132033,inf
8,51,inf,inf,inf,528.441103624614,inf
8,52,inf,inf,inf,923.7326453038238,inf
8,53,inf,inf,inf,590.5294234837075,inf
8,54,inf,inf,inf,355.1140661815581,inf
8,55,inf,inf,inf,349.73847372000694,inf
8,56,inf,inf,inf,426.20300327426133,inf
8,57,inf,inf,inf,200.84820138602188,inf
8,58,inf,inf,inf,663.0120662552077,inf
8,59,inf,inf,inf,656.9604249876852,inf
8,60,inf,inf,inf,1103.333585095641,inf
8,61,inf,inf,inf,714.3178564196754,inf
8,62,inf,inf,inf,186.5502613238588,inf
8,63,inf,inf,inf,674.7066029023282,inf
8,64,inf,inf,inf,577.5058441262737,inf
8,65,inf,inf,inf,590.2042019504775,inf
8,66,inf,inf,inf,1113.1922565307395,inf
8,67,inf,inf,inf,739.9635126139667,inf
8,68,inf,inf,inf,369.1341219665286,inf
8,69,inf,inf,inf,517.5490314936354,inf
8,70,inf,inf,inf,299.96166421727963,inf
8,71,inf,inf,inf,243.31255619059203,inf
8,72,inf,inf,inf,252.2320360303187,inf
8,73,inf,inf,inf,859.6848259682149,inf
8,74,inf,inf,inf,343.6800837988725,inf
8,75,inf,inf,inf,1089.565050834506,inf
8,76,inf,inf,inf,934.2472906035104,inf
8,77,inf,inf,inf,350.30415355801875,inf
8,78,inf,inf,inf,627.9888534042623,inf
8,79,inf,inf,inf,973.3781382381669,inf
8,80,inf,inf,inf,627.6886170705982,inf
8,81,inf,inf,inf,601.9177684700793,inf
8,82,inf,inf,inf,275.4850268163408,inf
8,83,inf,inf,inf,464.38453893298384,inf
8,84,inf,inf,inf,381.67263459671824,inf
8,85,inf,inf,inf,1045.114826227243,inf
8,86,inf,inf,inf,760.3065171363455,inf
8,87,inf,inf,inf,908.0991135333192,inf
8,88,inf,inf,inf,720.7697274442095,inf
8,89,inf,inf,inf,500.8492787256462,inf
8,90,inf,inf,inf,366.5092086155544,inf
8,91,inf,inf,inf,825.8426000152814,inf
8,92,inf,inf,inf,839.7261458356528,inf
8,93,inf,inf,inf,1084.7248499043433,inf
8,94,inf,inf,inf,360.72149922065915,inf
8,95,inf,inf,inf,748.727587310632,inf
8,96,inf,inf,inf,662.8431186940089,inf
8,97,inf,inf,inf,317.4161306550126,inf
8,98,inf,inf,inf,317.83328963467625,inf
8,99,inf,inf,inf,965.2383125425555,inf
8,100,inf,inf,inf,1055.2729504730044,inf
8,101,inf,inf,inf,388.46492763182624,inf
8,102,inf,inf,inf,837.8478382140758,inf
8,103,inf,inf,inf,1088.16588808876,inf
8,104,inf,inf,inf,693.0295808982471,inf
8,105,inf,inf,inf,894.649093220353,inf
8,106,inf,inf,inf,679.1502042994613,inf
8,107,inf,inf,inf,941.2374833165113,inf
8,108,inf,inf,inf,201.55644370746373,inf
8,109,inf,inf,inf,989.709553353912,inf
8,110,inf,inf,inf,479.22646003742324,inf
8,111,inf,inf,inf,740.0168916991017,inf
8,112,inf,inf,inf,70.25667228100119,inf
8,113,inf,inf,inf,1083.0743280126253,inf
8,114,inf,inf,inf,283.4872131155125,inf
8,115,inf,inf,inf,728.3570552963704,inf
8,116,inf,inf,inf,828.6676052555692,inf
8,117,inf,inf,inf,896.1724164467461,inf
8,118,inf,inf,inf,1008.8176247469113,inf
8,119,inf,inf,inf,242.00206610688264,inf
8,120,inf,inf,inf,1133.3865183599107,inf
8,121,inf,inf,inf,613.3587857037674,inf
8,122,inf,inf,inf,953.9989517813948,inf
9,10,inf,inf,inf,678.846079755934,inf
9,11,inf,inf,inf,733.2993931539831,inf
9,12,inf,inf,inf,264.51843035977663,inf
9,13,inf,inf,inf,585.2349955359813,inf
9,14,inf,inf,inf,733.6736331639567,inf
9,15,inf,inf,inf,672.8461934201605,inf
9,16,inf,inf,inf,450.08999100179955,inf
9,17,inf,inf,inf,553.6244214266563,inf
9,18,inf,inf,inf,1056.137301680042,inf
9,19,inf,inf,inf,151.2679741386127,inf
9,20,inf,inf,inf,1238.4994953571843,inf
9,21,inf,inf,inf,1223.4627088718316,inf
9,22,inf,inf,inf,137.0,inf
9,23,inf,inf,inf,987.4294911536722,inf
9,24,inf,inf,inf,1373.3324433654075,inf
9,25,inf,inf,inf,596.5986925899184,inf
9,26,inf,inf,inf,1006.0124253705816,inf
9,27,inf,inf,inf,731.7656728762289,inf
9,28,inf,inf,inf,183.88311504866346,inf
9,29,inf,inf,inf,561.3065116315684,inf
9,30,inf,inf,inf,528.4439421547,inf
9,31,inf,inf,inf,612.7193484785673,inf
9,32,inf,inf,inf,1024.6111457523775,inf
9,33,inf,inf,inf,1022.1707293793928,inf
9,34,inf,inf,inf,971.8147971707366,inf
9,35,inf,inf,inf,650.7918253942654,inf
9,36,inf,inf,inf,654.9152616942134,inf
9,37,inf,inf,inf,48.38388161361178,inf
9,38,inf,inf,inf,745.4528824815154,inf
9,39,inf,inf,inf,1333.0240057853423,inf
9,40,inf,inf,inf,993.6216583790834,inf
9,41,inf,inf,inf,761.7151698633814,inf
9,42,inf,inf,inf,879.0591561436579,inf
9,43,inf,inf,inf,589.0551756839083,inf
9,44,inf,inf,inf,734.9258465995056,inf
9,45,inf,inf,inf,509.31326312987375,inf
9,46,inf,inf,inf,738.4145177337726,inf
9,47,inf,inf,inf,877.8137615690472,inf
9,48,inf,inf,inf,565.0318575089373,inf
9,49,inf,inf,inf,827.8864656461054,inf
9,50,inf,inf,inf,893.344838234374,inf
9,51,inf,inf,inf,239.35329536064467,inf
9,52,inf,inf,inf,937.9861406225574,inf
9,53,inf,inf,inf,929.6951113133811,inf
9,54,inf,inf,inf,537.0009310978893,inf
9,55,inf,inf,inf,390.2166065148945,inf
9,56,inf,inf,inf,646.2793513644081,inf
9,57,inf,inf,inf,468.2734244007447,inf
9,58,inf,inf,inf,862.2093713246221,inf
9,59,inf,inf,inf,972.2617960199815,inf
9,60,inf,inf,inf,1249.4738892830053,inf
9,61,inf,inf,inf,547.4029594366475,inf
9,62,inf,inf,inf,155.2707313050338,inf
9,63,inf,inf,inf,1014.1562995909457,inf
9,64,inf,inf,inf,916.7011508665188,inf
9,65,inf,inf,inf,416.010817167054,inf
9,66,inf,inf,inf,1386.3120139420273,inf
9,67,inf,inf,inf,833.1494463780193,inf
9,68,inf,inf,inf,479.2327200849291,inf
9,69,inf,inf,inf,427.22476519977164,inf
9,70,inf,inf,inf,515.6209848328518,inf
9,71,inf,inf,inf,545.2641561665318,inf
9,72,inf,inf,inf,558.4344187100219,inf
9,73,inf,inf,inf,810.8427714421582,inf
9,74,inf,inf,inf,325.5641257878392,inf
9,75,inf,inf,inf,1311.9771339470822,inf
9,76,inf,inf,inf,1216.1521286418076,inf
9,77,inf,inf,inf,392.7963849120814,inf
9,78,inf,inf,inf,856.4403073186128,inf
9,79,inf,inf,inf,982.1451012961375,inf
9,80,inf,inf,inf,941.7032441273631,inf
9,81,inf,inf,inf,749.8246461673556,inf
9,82,inf,inf,inf,99.4786409235671,inf
9,83,inf,inf,inf,794.4589353767758,inf
9,84,inf,inf,inf,720.0013888875493,inf
9,85,inf,inf,inf,1356.9469407460263,inf
9,86,inf,inf,inf,859.373027270463,inf
9,87,inf,inf,inf,966.9953464210673,inf
9,88,inf,inf,inf,1057.3140498451726,inf
9,89,inf,inf,inf,820.059753920408,inf
9,90,inf,inf,inf,614.730022042197,inf
9,91,inf,inf,inf,730.6353399610506,inf
9,92,inf,inf,inf,918.0196076337368,inf
9,93,inf,inf,inf,1297.7056677074352,inf
9,94,inf,inf,inf,176.555940143627,inf
9,95,inf,inf,inf,1088.6675341903056,inf
9,96,inf,inf,inf,721.8400099745095,inf
9,97,inf,inf,inf,554.3545796690057,inf
9,98,inf,inf,inf,644.2375338336009,inf
9,99,inf,inf,inf,1114.1889426843186,inf
9,100,inf,inf,inf,1143.332410106527,inf
9,101,inf,inf,inf,722.0976388273265,inf
9,102,inf,inf,inf,1165.1098660641408,inf
9,103,inf,inf,inf,1271.3083811569875,inf
9,104,inf,inf,inf,935.039036618258,inf
9,105,inf,inf,inf,992.0246972732081,inf
9,106,inf,inf,inf,856.1687917694735,inf
9,107,inf,inf,inf,1279.0637200702708,inf
9,108,inf,inf,inf,147.12239802287073,inf
9,109,inf,inf,inf,1270.5986777893324,inf
9,110,inf,inf,inf,805.0055900427027,inf
9,111,inf,inf,inf,994.0407436317688,inf
9,112,inf,inf,inf,367.39624385668395,inf
9,113,inf,inf,inf,1196.7664768032232,inf
9,114,inf,inf,inf,506.99605521147794,inf
9,115,inf,inf,inf,996.1626373238458,inf
9,116,inf,inf,inf,1167.0347038541743,inf
9,117,inf,inf,inf,846.9858322309766,inf
9,118,inf,inf,inf,1171.293729173003,inf
9,119,inf,inf,inf,200.26232796010336,inf
9,120,inf,inf,inf,1358.1549985182103,inf
9,121,inf,inf,inf,839.4242074183946,inf
9,122,inf,inf,inf,1100.586207436746,inf
10,11,inf,inf,inf,625.0503979680359,inf
10,12,inf,inf,inf,907.9570474422235,inf
10,13,inf,inf,inf,458.88996502429643,inf
10,14,inf,inf,inf,675.239957348497,inf
10,15,inf,inf,inf,119.80818002123227,inf
10,16,inf,inf,inf,575.0660831591445,inf
10,17,2.0,250.3086,250.30865786510165,182.3951753747889,1.37234253784818
10,18,inf,inf,inf,480.1353975703104,inf
10,19,inf,inf,inf,533.3235415767806,inf
10,20,inf,inf,inf,780.7694922318623,inf
10,21,inf,inf,inf,990.4448495499383,inf
10,22,inf,inf,inf,815.3189559920706,inf
10,23,inf,inf,inf,1386.8702174320422,inf
10,24,inf,inf,inf,1307.8814931024906,inf
10,25,inf,inf,inf,293.5745220553037,inf
10,26,inf,inf,inf,1374.0178310342264,inf
10,27,inf,inf,inf,165.89454481688057,inf
10,28,inf,inf,inf,651.6417727555531,inf
10,29,inf,inf,inf,212.52999788265186,inf
10,30,inf,inf,inf,830.3041611361465,inf
10,31,inf,inf,inf,401.92661021634285,inf
10,32,inf,inf,inf,1321.6429169787125,inf
10,33,inf,inf,inf,1371.3733991878362,inf
10,34,inf,inf,inf,1135.5527288505805,inf
10,35,inf,inf,inf,668.7376167077788,inf
10,36,inf,inf,inf,62.625873247404705,inf
10,37,inf,inf,inf,722.4825257402424,inf
10,38,inf,inf,inf,1022.7824793180611,inf
10,39,inf,inf,inf,988.1867232461686,inf
10,40,inf,inf,inf,1263.1785305331944,inf
10,41,inf,inf,inf,261.8129103004663,inf
10,42,inf,inf,inf,338.7048862948393,inf
10,43,inf,inf,inf,235.51220775153035,inf
10,44,inf,inf,inf,921.8438045569325,inf
10,45,inf,inf,inf,542.8296233626164,inf
10,46,inf,inf,inf,60.4648658313239,inf
10,47,inf,inf,inf,1002.9581247489847,inf
10,48,inf,inf,inf,113.86395390991831,inf
10,49,inf,inf,inf,166.48123017325406,inf
10,50,inf,inf,inf,1346.1979794963295,inf
10,51,inf,inf,inf,911.0137210821799,inf
10,52,inf,inf,inf,1333.0003750937208,inf
10,53,inf,inf,inf,555.8174160639445,inf
10,54,inf,inf,inf,162.58536219475602,inf
10,55,inf,inf,inf,358.33643409511126,inf
10,56,inf,inf,inf,758.4648970123799,inf
10,57,inf,inf,inf,234.77648945326703,inf
10,58,inf,inf,inf,972.5703059419407,inf
10,59,inf,inf,inf,362.1118611699981,inf
10,60,inf,inf,inf,1423.9076514999138,inf
10,61,inf,inf,inf,1144.5392085900771,inf
10,62,inf,inf,inf,544.607197895878,inf
10,63,inf,inf,inf,544.0082719959321,inf
10,64,inf,inf,inf,546.1547399776001,inf
10,65,inf,inf,inf,1016.724643155658,inf
10,66,inf,inf,inf,1260.7541393943548,inf
10,67,inf,inf,inf,1122.6584520681256,inf
10,68,inf,inf,inf,781.9155964680587,inf
10,69,inf,inf,inf,951.7988232814747,inf
10,70,inf,inf,inf,163.46559270990332,inf
10,71,inf,inf,inf,211.03791128610044,inf
10,72,inf,inf,inf,530.2235377649695,inf
10,73,inf,inf,inf,1287.6994991068375,inf
10,74,inf,inf,inf,425.4409477236529,inf
10,75,inf,inf,inf,1325.4508666865022,inf
10,76,inf,inf,inf,1081.0226639622317,inf
10,77,inf,inf,inf,355.78785814021256,inf
10,78,inf,inf,inf,909.4888674414877,inf
10,79,inf,inf,inf,1383.08965725292,inf
10,80,inf,inf,inf,333.00600595184466,inf
10,81,inf,inf,inf,963.7369973182517,inf
10,82,inf,inf,inf,661.2533553790105,inf
10,83,inf,inf,inf,556.7521890392529,inf
10,84,inf,inf,inf,347.84191811798644,inf
10,85,inf,inf,inf,1097.116675654873,inf
10,86,inf,inf,inf,1138.1783691495812,inf
10,87,inf,inf,inf,1298.8148443869895,inf
10,88,inf,inf,inf,537.4616265371882,inf
10,89,inf,inf,inf,265.36390108679063,inf
10,90,inf,inf,inf,68.4470598345904,inf
10,91,inf,inf,inf,1259.734892745295,inf
10,92,inf,inf,inf,1224.0032679694937,inf
10,93,inf,inf,inf,1333.809581612008,inf
10,94,inf,inf,inf,578.7607450406429,inf
10,95,inf,inf,inf,654.9297672269905,inf
10,96,inf,inf,inf,1067.1255783646084,inf
10,97,inf,inf,inf,663.8109670681857,inf
10,98,inf,inf,inf,249.9959999679995,inf
10,99,inf,inf,inf,1292.179941029886,inf
10,100,inf,inf,inf,1422.5670458716525,inf
10,101,inf,inf,inf,493.5352064442819,inf
10,102,inf,inf,inf,851.3054680900387,inf
10,103,inf,inf,inf,1372.9300783361111,inf
10,104,inf,inf,inf,945.4194836156065,inf
10,105,inf,inf,inf,1264.5730504798844,inf
10,106,inf,inf,inf,1008.0758900003511,inf
10,107,inf,inf,inf,860.6160584139712,inf
10,108,inf,inf,inf,590.2042019504775,inf
10,109,inf,inf,inf,1132.4862030064648,inf
10,110,inf,inf,inf,587.7159177698014,inf
10,111,inf,inf,inf,966.5345311989635,inf
10,112,inf,inf,inf,366.9386869764484,inf
10,113,inf,inf,inf,1431.310588237228,inf
10,114,inf,inf,inf,653.0030627799536,inf
10,115,inf,inf,inf,932.7486263726149,inf
10,116,inf,inf,inf,650.7365058147576,inf
10,117,inf,inf,inf,1323.6317463705682,inf
10,118,inf,inf,inf,1320.3276108602743,inf
10,119,inf,inf,inf,484.298461694852,inf
10,120,inf,inf,inf,1362.5744016383105,inf
10,121,inf,inf,inf,900.3471552684554,inf
10,122,inf,inf,inf,1283.7795760955228,inf
11,12,inf,inf,inf,790.1708675976355,inf
11,13,inf,inf,inf,191.34262462922368,inf
11,14,inf,inf,inf,58.69412236331676,inf
11,15,inf,inf,inf,509.48012718849003,inf
11,16,inf,inf,inf,287.0069685565143,inf
11,17,inf,inf,inf,470.95222687656974,inf
11,18,inf,inf,inf,584.8504082241885,inf
11,19,inf,inf,inf,621.8440318922422,inf
11,20,inf,inf,inf,585.211927424587,inf
11,21,inf,inf,inf,490.8900080466092,inf
11,22,inf,inf,inf,833.0,inf
11,23,inf,inf,inf,875.1828380401435,inf
11,24,inf,inf,inf,710.4435234415189,inf
11,25,inf,inf,inf,335.5145302367693,inf
11,26,inf,inf,inf,842.7840767361472,inf
11,27,inf,inf,inf,495.8154898750139,inf
11,28,inf,inf,inf,566.0008833915367,inf
11,29,inf,inf,inf,431.0092806425402,inf
11,30,inf,inf,inf,413.88524979757375,inf
11,31,inf,inf,inf,227.72132091659753,inf
11,32,inf,inf,inf,755.27213638529,inf
11,33,inf,inf,inf,828.734577533724,inf
11,34,inf,inf,inf,530.456407256996,inf
11,35,inf,inf,inf,126.65701717630967,inf
11,36,inf,inf,inf,669.6043607982253,inf
11,37,inf,inf,inf,744.186132630809,inf
11,38,inf,inf,inf,497.4374332516603,inf
11,39,inf,inf,inf,610.2663352995969,inf
11,40,inf,inf,inf,689.2923907892789,inf
11,41,inf,inf,inf,419.0107397191628,inf
11,42,inf,inf,inf,465.98819727542457,inf
11,43,inf,inf,inf,395.5477215204254,inf
11,44,inf,inf,inf,366.58968888936306,inf
11,45,inf,inf,inf,224.01785643113362,inf
11,46,inf,inf,inf,659.096351074712,inf
11,47,inf,inf,inf,398.0113063720678,inf
11,48,inf,inf,inf,595.4871954962592,inf
11,49,inf,inf,inf,624.8103712327445,inf
11,50,inf,inf,inf,881.708001551534,inf
11,51,inf,inf,inf,849.9470571747396,inf
11,52,inf,inf,inf,825.6548915860669,inf
11,53,inf,inf,inf,302.2002647252315,inf
11,54,inf,inf,inf,656.7450037876192,inf
11,55,inf,inf,inf,743.847430593129,inf
11,56,inf,inf,inf,225.84286572747877,inf
11,57,inf,inf,inf,495.04747247107525,inf
11,58,inf,inf,inf,366.0341514121326,inf
11,59,inf,inf,inf,591.3214016082962,inf
11,60,inf,inf,inf,807.019826274423,inf
11,61,inf,inf,inf,878.4543243675223,inf
11,62,inf,inf,inf,597.1641315417395,inf
11,63,inf,inf,inf,437.7225148424513,inf
11,64,inf,inf,inf,293.4024539774676,inf
11,65,inf,inf,inf,795.7443056660852,inf
11,66,inf,inf,inf,690.0818791998527,inf
11,67,inf,inf,inf,581.2761822060147,inf
11,68,inf,inf,inf,403.3856715353187,inf
11,69,inf,inf,inf,671.5303418312534,inf
11,70,inf,inf,inf,592.3723491183565,inf
11,71,inf,inf,inf,442.5573409175358,inf
11,72,inf,inf,inf,177.6091213873882,inf
11,73,inf,inf,inf,854.6870772393836,inf
11,74,inf,inf,inf,757.4747520544827,inf
11,75,inf,inf,inf,706.2039365509088,inf
11,76,inf,inf,inf,509.00884078766256,inf
11,77,inf,inf,inf,743.4843643278587,inf
11,78,inf,inf,inf,291.8938163099726,inf
11,79,inf,inf,inf,872.9633440185218,inf
11,80,inf,inf,inf,575.7264975663358,inf
11,81,inf,inf,inf,413.0435812356851,inf
11,82,inf,inf,inf,643.1236273066012,inf
11,83,inf,inf,inf,132.59336333316233,inf
11,84,inf,inf,inf,299.5496619927988,inf
11,85,inf,inf,inf,623.9046401494383,inf
11,86,inf,inf,inf,587.2461153553934,inf
11,87,inf,inf,inf,754.6601884292029,inf
11,88,inf,inf,inf,515.7140680648531,inf
11,89,inf,inf,inf,475.02631506054485,inf
11,90,inf,inf,inf,582.289446924809,inf
11,91,inf,inf,inf,883.9751127718472,inf
11,92,inf,inf,inf,674.9992592588528,inf
11,93,inf,inf,inf,711.3761311711266,inf
11,94,inf,inf,inf,787.5658702610214,inf
11,95,inf,inf,inf,450.24104655173323,inf
11,96,inf,inf,inf,578.4781759064035,inf
11,97,inf,inf,inf,222.05629916757596,inf
11,98,inf,inf,inf,375.6620821962206,inf
11,99,inf,inf,inf,681.0763540161998,inf
11,100,inf,inf,inf,838.8712654513802,inf
11,101,inf,inf,inf,143.22360140703069,inf
11,102,inf,inf,inf,442.89163460151286,inf
11,103,inf,inf,inf,748.1931568786232,inf
11,104,inf,inf,inf,320.3903868720159,inf
11,105,inf,inf,inf,692.0122831279804,inf
11,106,inf,inf,inf,413.3194890154588,inf
11,107,inf,inf,inf,592.7596477494061,inf
11,108,inf,inf,inf,586.7580421263947,inf
11,109,inf,inf,inf,564.4156269984027,inf
11,110,inf,inf,inf,114.69088891450794,inf
11,111,inf,inf,inf,345.028984289726,inf
11,112,inf,inf,inf,453.7884969895116,inf
11,113,inf,inf,inf,830.0132529062413,inf
11,114,inf,inf,inf,262.79459659589656,inf
11,115,inf,inf,inf,318.57809089766357,inf
11,116,inf,inf,inf,583.9058143228239,inf
11,117,inf,inf,inf,883.7335571313336,inf
11,118,inf,inf,inf,701.6615993482899,inf
11,119,inf,inf,inf,669.8484903319556,inf
11,120,inf,inf,inf,745.8210241069904,inf
11,121,inf,inf,inf,286.0087411251621,inf
11,122,inf,inf,inf,674.5383606586063,inf
12,13,inf,inf,inf,694.6437936093578,inf
12,14,inf,inf,inf,770.62896389897,inf
12,15,inf,inf,inf,879.1837123150087,inf
12,16,inf,inf,inf,513.3195885605769,inf
12,17,inf,inf,inf,757.6397560846448,inf
12,18,inf,inf,inf,1225.9477966047332,inf
12,19,inf,inf,inf,381.0301825315155,inf
12,20,inf,inf,inf,1353.1803279681537,inf
12,21,inf,inf,inf,1255.5512733456965,inf
12,22,inf,inf,inf,183.77431811871864,inf
12,23,inf,inf,inf,780.6465269249585,inf
12,24,inf,inf,inf,1328.6700117034327,inf
12,25,inf,inf,inf,761.6508386393335,inf
12,26,inf,inf,inf,811.0394565001138,inf
12,27,inf,inf,inf,929.8478370142074,inf
12,28,inf,inf,inf,268.8884527085535,inf
12,29,inf,inf,inf,754.4832668787294,inf
12,30,inf,inf,inf,452.49198887936126,inf
12,31,inf,inf,inf,742.3644657444213,inf
12,32,inf,inf,inf,858.4416112933949,inf
12,33,inf,inf,inf,833.9526365447861,inf
12,34,inf,inf,inf,869.6539541679782,inf
12,35,inf,inf,inf,678.5425557767177,inf
12,36,inf,inf,inf,893.5076944268583,inf
12,37,inf,inf,inf,216.8155898453799,inf
12,38,inf,inf,inf,623.8669729998536,inf
12,39,inf,inf,inf,1399.0657597125305,inf
12,40,inf,inf,inf,842.212562243048,inf
12,41,inf,inf,inf,938.6160024205852,inf
12,42,inf,inf,inf,1051.6068657060014,inf
12,43,inf,inf,inf,771.836770308334,inf
12,44,inf,inf,inf,660.9704985852243,inf
12,45,inf,inf,inf,585.328967333755,inf
12,46,inf,inf,inf,968.4182980510024,inf
12,47,inf,inf,inf,806.0403215720663,inf
12,48,inf,inf,inf,796.5707752610562,inf
12,49,inf,inf,inf,1042.4595915430007,inf
12,50,inf,inf,inf,670.4811705036914,inf
12,51,inf,inf,inf,86.02325267042627,inf
12,52,inf,inf,inf,736.4183593583202,inf
12,53,inf,inf,inf,1044.0234671692012,inf
12,54,inf,inf,inf,781.0608170942901,inf
12,55,inf,inf,inf,651.6417727555531,inf
12,56,inf,inf,inf,632.019778171538,inf
12,57,inf,inf,inf,679.8308613177251,inf
12,58,inf,inf,inf,799.640544244725,inf
12,59,inf,inf,inf,1159.6020869246486,inf
12,60,inf,inf,inf,1117.4457481238182,inf
12,61,inf,inf,inf,286.8449058289165,inf
12,62,inf,inf,inf,364.44615514503647,inf
12,63,inf,inf,inf,1150.8644577012533,inf
12,64,inf,inf,inf,1031.6748518792149,inf
12,65,inf,inf,inf,161.68178623456632,inf
12,66,inf,inf,inf,1364.3375681993075,inf
12,67,inf,inf,inf,691.2134257955353,inf
12,68,inf,inf,inf,424.1344126571198,inf
12,69,inf,inf,inf,229.73245308401684,inf
12,70,inf,inf,inf,749.1041316132224,inf
12,71,inf,inf,inf,741.876674387327,inf
12,72,inf,inf,inf,639.4067562983676,inf
12,73,inf,inf,inf,583.2220846298603,inf
12,74,inf,inf,inf,589.2927964942385,inf
12,75,inf,inf,inf,1240.371718477973,inf
12,76,inf,inf,inf,1211.2010568027094,inf
12,77,inf,inf,inf,654.1200195682746,inf
12,78,inf,inf,inf,820.2438661763952,inf
12,79,inf,inf,inf,775.0774154882853,inf
12,80,inf,inf,inf,1130.4658331855944,inf
12,81,inf,inf,inf,659.3519545735797,inf
12,82,inf,inf,inf,247.3095226634025,inf
12,83,inf,inf,inf,885.1626969094439,inf
12,84,inf,inf,inf,869.8988446940253,inf
12,85,inf,inf,inf,1388.9726419191993,inf
12,86,inf,inf,inf,718.9687058558251,inf
12,87,inf,inf,inf,790.5909182377445,inf
12,88,inf,inf,inf,1207.2153908892979,inf
12,89,inf,inf,inf,1003.3244739365227,inf
12,90,inf,inf,inf,840.588484337015,inf
12,91,inf,inf,inf,486.3599490089619,inf
12,92,inf,inf,inf,757.9247983804198,inf
12,93,inf,inf,inf,1218.0878457648282,inf
12,94,inf,inf,inf,437.96118549478786,inf
12,95,inf,inf,inf,1206.0816721930566,inf
12,96,inf,inf,inf,569.1581502535125,inf
12,97,inf,inf,inf,574.0322290603551,inf
12,98,inf,inf,inf,819.6999451018647,inf
12,99,inf,inf,inf,991.1231003260897,inf
12,100,inf,inf,inf,975.7668778965599,inf
12,101,inf,inf,inf,825.8480489775344,inf
12,102,inf,inf,inf,1232.5944182901364,inf
12,103,inf,inf,inf,1167.2296260804899,inf
12,104,inf,inf,inf,904.267659490264,inf
12,105,inf,inf,inf,839.4504154504898,inf
12,106,inf,inf,inf,775.7351352104661,inf
12,107,inf,inf,inf,1376.422173608083,inf
12,108,inf,inf,inf,318.0015723231569,inf
12,109,inf,inf,inf,1262.158864802684,inf
12,110,inf,inf,inf,886.3791513793632,inf
12,111,inf,inf,inf,970.6003296929174,inf
12,112,inf,inf,inf,556.044962210791,inf
12,113,inf,inf,inf,1043.8773874359,inf
12,114,inf,inf,inf,529.0604880351584,inf
12,115,inf,inf,inf,987.0126645590724,inf
12,116,inf,inf,inf,1308.0061161936515,inf
12,117,inf,inf,inf,617.1912183432295,inf
12,118,inf,inf,inf,1055.4965656031288,inf
12,119,inf,inf,inf,455.1318490283887,inf
12,120,inf,inf,inf,1286.9052024139153,inf
12,121,inf,inf,inf,802.8505464904412,inf
12,122,inf,inf,inf,976.5264973363498,inf
13,14,inf,inf,inf,228.2126201593593,inf
13,15,inf,inf,inf,352.74069796381593,inf
13,16,inf,inf,inf,191.91925385432282,inf
13,17,inf,inf,inf,289.99310336626974,inf
13,18,inf,inf,inf,555.1666416491538,inf
13,19,inf,inf,inf,456.8435180671824,inf
13,20,inf,inf,inf,661.9916917907656,inf
13,21,inf,inf,inf,663.202080817001,inf
13,22,inf,inf,inf,700.4262987638314,inf
13,23,inf,inf,inf,956.0967524262385,inf
13,24,inf,inf,inf,901.7239045295406,inf
13,25,inf,inf,inf,166.59531806146293,inf
13,26,inf,inf,inf,935.0983905450805,inf
13,27,inf,inf,inf,358.43130443642895,inf
13,28,inf,inf,inf,440.12384620695116,inf
13,29,inf,inf,inf,251.80349481291955,inf
13,30,inf,inf,inf,422.2380844973603,inf
13,31,inf,inf,inf,68.00735254367721,inf
13,32,inf,inf,inf,870.1126363868071,inf
13,33,inf,inf,inf,928.1169107391589,inf
13,34,inf,inf,inf,676.6771756162609,inf
13,35,inf,inf,inf,209.88091861815357,inf
13,36,inf,inf,inf,495.9616920690549,inf
13,37,inf,inf,inf,604.8611410894239,inf
13,38,inf,inf,inf,580.0,inf
13,39,inf,inf,inf,750.4112205984129,inf
13,40,inf,inf,inf,809.1971329657564,inf
13,41,inf,inf,inf,308.6907837950463,inf
13,42,inf,inf,inf,396.4454565258631,inf
13,43,inf,inf,inf,223.37860237721964,inf
13,44,inf,inf,inf,468.15382087514786,inf
13,45,inf,inf,inf,123.69316876852982,inf
13,46,inf,inf,inf,501.4897805539012,inf
13,47,inf,inf,inf,544.2288121737033,inf
13,48,inf,inf,inf,413.26625799839985,inf
13,49,inf,inf,inf,494.7403359339119,inf
13,50,inf,inf,inf,936.3786627214441,inf
13,51,inf,inf,inf,740.1418782909126,inf
13,52,inf,inf,inf,903.3194340874107,inf
13,53,inf,inf,inf,351.3360214950924,inf
13,54,inf,inf,inf,470.1084981150628,inf
13,55,inf,inf,inf,553.0325487708658,inf
13,56,inf,inf,inf,304.04111564063174,inf
13,57,inf,inf,inf,304.7950130825634,inf
13,58,inf,inf,inf,514.0671162406715,inf
13,59,inf,inf,inf,521.0959604525831,inf
13,60,inf,inf,inf,966.0771190748698,inf
13,61,inf,inf,inf,841.5759026968393,inf
13,62,inf,inf,inf,437.1647286778749,inf
13,63,inf,inf,inf,457.38933087687997,inf
13,64,inf,inf,inf,338.6812660895196,inf
13,65,inf,inf,inf,737.3445598904219,inf
13,66,inf,inf,inf,879.9392024452599,inf
13,67,inf,inf,inf,676.634317781769,inf
13,68,inf,inf,inf,387.96391584785306,inf
13,69,inf,inf,inf,630.0420620879212,inf
13,70,inf,inf,inf,405.2270968234972,inf
13,71,inf,inf,inf,260.3247971285102,inf
13,72,inf,inf,inf,82.54089895318563,inf
13,73,inf,inf,inf,892.3956521633215,inf
13,74,inf,inf,inf,569.3680707591532,inf
13,75,inf,inf,inf,892.8605714219887,inf
13,76,inf,inf,inf,698.0902520448197,inf
13,77,inf,inf,inf,552.609265213677,inf
13,78,inf,inf,inf,454.3676925134532,inf
13,79,inf,inf,inf,952.9328412852608,inf
13,80,inf,inf,inf,497.75596430379414,inf
13,81,inf,inf,inf,512.0087889870641,inf
13,82,inf,inf,inf,505.7153349464499,inf
13,83,inf,inf,inf,210.28789789238942,inf
13,84,inf,inf,inf,200.66389809828772,inf
13,85,inf,inf,inf,792.6064597263891,inf
13,86,inf,inf,inf,689.3837828089663,inf
13,87,inf,inf,inf,854.2528899570665,inf
13,88,inf,inf,inf,518.8111409752107,inf
13,89,inf,inf,inf,375.6620821962206,inf
13,90,inf,inf,inf,407.7070026379238,inf
13,91,inf,inf,inf,894.6418277724332,inf
13,92,inf,inf,inf,776.9298552636525,inf
13,93,inf,inf,inf,895.4306226615214,inf
13,94,inf,inf,inf,613.7165469498113,inf
13,95,inf,inf,inf,513.2728319324918,inf
13,96,inf,inf,inf,639.5693863843078,inf
13,97,inf,inf,inf,223.91292950609173,inf
13,98,inf,inf,inf,223.0560467685196,inf
13,99,inf,inf,inf,833.5064486853116,inf
13,100,inf,inf,inf,967.0124094343361,inf
13,101,inf,inf,inf,137.05838172107534,inf
13,102,inf,inf,inf,583.5040702514422,inf
13,103,inf,inf,inf,922.1632176572648,inf
13,104,inf,inf,inf,499.6018414697848,inf
13,105,inf,inf,inf,810.9383453752819,inf
13,106,inf,inf,inf,549.3314118089371,inf
13,107,inf,inf,inf,695.4077940316746,inf
13,108,inf,inf,inf,439.2095172010734,inf
13,109,inf,inf,inf,753.305382962315,inf
13,110,inf,inf,inf,224.770994570029,inf
13,111,inf,inf,inf,532.271547238813,inf
13,112,inf,inf,inf,267.8656379605268,inf
13,113,inf,inf,inf,972.753822917186,inf
13,114,inf,inf,inf,232.56181973832247,inf
13,115,inf,inf,inf,509.12473913570534,inf
13,116,inf,inf,inf,614.6625090242612,inf
13,117,inf,inf,inf,925.6160110974745,inf
13,118,inf,inf,inf,863.3290218682562,inf
13,119,inf,inf,inf,492.4682730897494,inf
13,120,inf,inf,inf,933.6193014285855,inf
13,121,inf,inf,inf,444.010135019461,inf
13,122,inf,inf,inf,824.9715146597488,inf
14,15,inf,inf,inf,561.3599558215744,inf
14,16,inf,inf,inf,283.58420266298333,inf
14,17,inf,inf,inf,515.4890881483332,inf
14,18,inf,inf,inf,641.9540481997134,inf
14,19,inf,inf,inf,631.4467515159137,inf
14,20,inf,inf,inf,626.2347802541791,inf
14,21,inf,inf,inf,492.245873522572,inf
14,22,inf,inf,inf,826.0387400116292,inf
14,23,inf,inf,inf,818.0770134895614,inf
14,24,inf,inf,inf,679.356312990466,inf
14,25,inf,inf,inf,383.09920386239384,inf
14,26,inf,inf,inf,784.8796086024913,inf
14,27,inf,inf,inf,550.7177135338939,inf
14,28,inf,inf,inf,560.1160594019779,inf
14,29,inf,inf,inf,476.1386352733834,inf
14,30,inf,inf,inf,373.2264728017025,inf
14,31,inf,inf,inf,274.2735860413831,inf
14,32,inf,inf,inf,696.5895491607665,inf
14,33,inf,inf,inf,770.4557093045647,inf
14,34,inf,inf,inf,473.0169130168603,inf
14,35,inf,inf,inf,92.41753080449618,inf
14,36,inf,inf,inf,717.6384883769822,inf
14,37,inf,inf,inf,740.780669294225,inf
14,38,inf,inf,inf,441.4442207119717,inf
14,39,inf,inf,inf,629.3170901858617,inf
14,40,inf,inf,inf,630.600507453015,inf
14,41,inf,inf,inf,476.07667449687136,inf
14,42,inf,inf,inf,524.6808553778192,inf
14,43,inf,inf,inf,442.8826029547785,inf
14,44,inf,inf,inf,309.4915184621382,inf
14,45,inf,inf,inf,230.46257830719503,inf
14,46,inf,inf,inf,711.3937025304624,inf
14,47,inf,inf,inf,340.2116987994387,inf
14,48,inf,inf,inf,639.7077457714578,inf
14,49,inf,inf,inf,681.0763540161998,inf
14,50,inf,inf,inf,827.4345895598032,inf
14,51,inf,inf,inf,834.5351999766098,inf
14,52,inf,inf,inf,768.9323767406338,inf
14,53,inf,inf,inf,354.18921496849674,inf
14,54,inf,inf,inf,698.1697501324445,inf
14,55,inf,inf,inf,773.7454361739395,inf
14,56,inf,inf,inf,176.91806012954132,inf
14,57,inf,inf,inf,532.5607946516529,inf
14,58,inf,inf,inf,308.3180176376334,inf
14,59,inf,inf,inf,649.9861536986768,inf
14,60,inf,inf,inf,752.2300180131075,inf
14,61,inf,inf,inf,841.6656105603935,inf
14,62,inf,inf,inf,604.6486583132389,inf
14,63,inf,inf,inf,491.2107490680553,inf
14,64,inf,inf,inf,346.2080299473136,inf
14,65,inf,inf,inf,765.2163092877726,inf
14,66,inf,inf,inf,668.0793366060651,inf
14,67,inf,inf,inf,523.6458727040632,inf
14,68,inf,inf,inf,369.10296666377525,inf
14,69,inf,inf,inf,637.9420036335591,inf
14,70,inf,inf,inf,633.3482454384791,inf
14,71,inf,inf,inf,486.38462146741443,inf
14,72,inf,inf,inf,193.59752064528098,inf
14,73,inf,inf,inf,802.9476944359452,inf
14,74,inf,inf,inf,782.4889775581506,inf
14,75,inf,inf,inf,664.7232506840722,inf
14,76,inf,inf,inf,490.02550954006466,inf
14,77,inf,inf,inf,773.5696478016702,inf
14,78,inf,inf,inf,236.34931774811622,inf
14,79,inf,inf,inf,815.9423999278381,inf
14,80,inf,inf,inf,634.4162671306592,inf
14,81,inf,inf,inf,355.84828227771453,inf
14,82,inf,inf,inf,640.2382369087308,inf
14,83,inf,inf,inf,188.55768348173987,inf
14,84,inf,inf,inf,356.2653505464712,inf
14,85,inf,inf,inf,626.3433563150487,inf
14,86,inf,inf,inf,529.1398680878242,inf
14,87,inf,inf,inf,696.4431060754353,inf
14,88,inf,inf,inf,570.3402493249096,inf
14,89,inf,inf,inf,533.0150091695355,inf
14,90,inf,inf,inf,629.7682113285808,inf
14,91,inf,inf,inf,836.7944789492818,inf
14,92,inf,inf,inf,616.7600830144571,inf
14,93,inf,inf,inf,667.3297535701522,inf
14,94,inf,inf,inf,800.6078940405222,inf
14,95,inf,inf,inf,496.3909749381026,inf
14,96,inf,inf,inf,524.7475583554439,inf
14,97,inf,inf,inf,196.6214637317096,inf
14,98,inf,inf,inf,427.25753357898793,inf
14,99,inf,inf,inf,624.8103712327445,inf
14,100,inf,inf,inf,780.4165554369025,inf
14,101,inf,inf,inf,201.0024875467963,inf
14,102,inf,inf,inf,464.56000688823826,inf
14,103,inf,inf,inf,698.0558716893655,inf
14,104,inf,inf,inf,272.2590678012396,inf
14,105,inf,inf,inf,633.3182454343156,inf
14,106,inf,inf,inf,354.81262660734046,inf
14,107,inf,inf,inf,626.422381464775,inf
14,108,inf,inf,inf,588.883689704512,inf
14,109,inf,inf,inf,545.4044370923287,inf
14,110,inf,inf,inf,166.86821147240718,inf
14,111,inf,inf,inf,304.6112276328632,inf
14,112,inf,inf,inf,478.81207169410425,inf
14,113,inf,inf,inf,772.6195700343087,inf
14,114,inf,inf,inf,242.09502266672067,inf
14,115,inf,inf,inf,285.3296339324046,inf
14,116,inf,inf,inf,634.2278770284385,inf
14,117,inf,inf,inf,831.2424435746769,inf
14,118,inf,inf,inf,647.3407139984322,inf
14,119,inf,inf,inf,686.0728824257668,inf
14,120,inf,inf,inf,705.7393286476247,inf
14,121,inf,inf,inf,229.38613733179255,inf
14,122,inf,inf,inf,617.9425539643632,inf
15,16,inf,inf,inf,491.02443931030564,inf
15,17,inf,inf,inf,121.63058825805291,inf
15,18,inf,inf,inf,410.7067080046295,inf
15,19,inf,inf,inf,522.0153254455275,inf
15,20,inf,inf,inf,684.5472956633457,inf
15,21,inf,inf,inf,872.823578966563,inf
15,22,inf,inf,inf,809.4720501660325,inf
15,23,inf,inf,inf,1298.1236458827796,inf
15,24,inf,inf,inf,1188.1077392223317,inf
15,25,inf,inf,inf,186.3866948041088,inf
15,26,inf,inf,inf,1281.4995122901921,inf
15,27,inf,inf,inf,67.26812023536856,inf
15,28,inf,inf,inf,613.4696406506193,inf
15,29,inf,inf,inf,130.58713566044705,inf
15,30,inf,inf,inf,746.6143582867932,inf
15,31,inf,inf,inf,291.240450487222,inf
15,32,inf,inf,inf,1221.9828149364457,inf
15,33,inf,inf,inf,1276.6585291298532,inf
15,34,inf,inf,inf,1026.8641584941993,inf
15,35,inf,inf,inf,561.7259118110896,inf
15,36,inf,inf,inf,175.72706109191037,inf
15,37,inf,inf,inf,712.2646979880443,inf
15,38,inf,inf,inf,927.587192667083,inf
15,39,inf,inf,inf,878.7860945645419,inf
15,40,inf,inf,inf,1161.689287202047,inf
15,41,inf,inf,inf,150.47923444781344,inf
15,42,inf,inf,inf,247.51767613647314,inf
15,43,inf,inf,inf,135.20355024924456,inf
15,44,inf,inf,inf,820.3474873491111,inf
15,45,inf,inf,inf,449.0634699015274,inf
15,46,inf,inf,inf,150.1532550429727,inf
15,47,inf,inf,inf,893.7275871315599,inf
15,48,inf,inf,inf,155.82361823549087,inf
15,49,inf,inf,inf,165.6804152578089,inf
15,50,inf,inf,inf,1265.698621315517,inf
15,51,inf,inf,inf,893.4450178942183,inf
15,52,inf,inf,inf,1244.5931061997733,inf
15,53,inf,inf,inf,441.27655727446023,inf
15,54,inf,inf,inf,229.5125268912353,inf
15,55,inf,inf,inf,411.7001335924,inf
15,56,inf,inf,inf,656.2202374203343,inf
15,57,inf,inf,inf,204.61182761512103,inf
15,58,inf,inf,inf,862.8470316342289,inf
15,59,inf,inf,inf,307.1432890362412,inf
15,60,inf,inf,inf,1312.5338090883602,inf
15,61,inf,inf,inf,1095.8996304406714,inf
15,62,inf,inf,inf,525.8564442887431,inf
15,63,inf,inf,inf,443.7037299820681,inf
15,64,inf,inf,inf,431.02784132814435,inf
15,65,inf,inf,inf,972.6977947954853,inf
15,66,inf,inf,inf,1141.2120749448807,inf
15,67,inf,inf,inf,1026.0701730388619,inf
15,68,inf,inf,inf,701.65661117102,inf
15,69,inf,inf,inf,894.9888267458986,inf
15,70,inf,inf,inf,193.6620768245554,inf
15,71,inf,inf,inf,139.2300254973761,inf
15,72,inf,inf,inf,429.074585590897,inf
15,73,inf,inf,inf,1212.1056059601408,inf
15,74,inf,inf,inf,469.03517991724243,inf
15,75,inf,inf,inf,1206.9473890770882,inf
15,76,inf,inf,inf,961.3012014972206,inf
15,77,inf,inf,inf,409.59125967237145,inf
15,78,inf,inf,inf,796.966749620083,inf
15,79,inf,inf,inf,1294.603027958764,inf
15,80,inf,inf,inf,276.1322147088239,inf
15,81,inf,inf,inf,863.5930754701545,inf
15,82,inf,inf,inf,638.0360491382912,inf
15,83,inf,inf,inf,437.11440150148337,inf
15,84,inf,inf,inf,228.0350850198276,inf
15,85,inf,inf,inf,981.7336706052207,inf
15,86,inf,inf,inf,1040.0692284651057,inf
15,87,inf,inf,inf,1203.3029543718405,inf
15,88,inf,inf,inf,449.5253051831454,inf
15,89,inf,inf,inf,174.01149387324966,inf
15,90,inf,inf,inf,107.20541031123382,inf
15,91,inf,inf,inf,1193.8551000854334,inf
15,92,inf,inf,inf,1127.0039928944352,inf
15,93,inf,inf,inf,1215.9745063117073,inf
15,94,inf,inf,inf,601.9451802282331,inf
15,95,inf,inf,inf,551.2612810637075,inf
15,96,inf,inf,inf,978.6342524150685,inf
15,97,inf,inf,inf,567.5077091987386,inf
15,98,inf,inf,inf,134.1044369139217,inf
15,99,inf,inf,inf,1182.3929126986511,inf
15,100,inf,inf,inf,1319.7442934144478,inf
15,101,inf,inf,inf,375.2292632511489,inf
15,102,inf,inf,inf,737.2116385407925,inf
15,103,inf,inf,inf,1257.6474068672826,inf
15,104,inf,inf,inf,829.6987405076616,inf
15,105,inf,inf,inf,1163.3559214616996,inf
15,106,inf,inf,inf,900.908985414176,inf
15,107,inf,inf,inf,758.9532264902759,inf
15,108,inf,inf,inf,563.5858408441433,inf
15,109,inf,inf,inf,1012.87758391624,inf
15,110,inf,inf,inf,468.187996428785,inf
15,111,inf,inf,inf,848.8539332535369,inf
15,112,inf,inf,inf,323.3357388226671,inf
15,113,inf,inf,inf,1324.4002416188243,inf
15,114,inf,inf,inf,562.4988888877915,inf
15,115,inf,inf,inf,814.1363522162611,inf
15,116,inf,inf,inf,565.2786923279525,inf
15,117,inf,inf,inf,1247.2806420369075,inf
15,118,inf,inf,inf,1208.2239030908138,inf
15,119,inf,inf,inf,492.3829810218871,inf
15,120,inf,inf,inf,1243.7093711956986,inf
15,121,inf,inf,inf,788.5765657182567,inf
15,122,inf,inf,inf,1174.4820134850938,inf
16,17,inf,inf,inf,392.674165180242,inf
16,18,inf,inf,inf,746.2419178791821,inf
16,19,inf,inf,inf,354.8309456628607,inf
16,20,inf,inf,inf,840.3868156985806,inf
16,21,inf,inf,inf,774.3655467542445,inf
16,22,inf,inf,inf,546.0036629913759,inf
16,23,inf,inf,inf,811.8435809932847,inf
16,24,inf,inf,inf,940.3323880415903,inf
16,25,inf,inf,inf,316.62122480970856,inf
16,26,inf,inf,inf,800.489850029343,inf
16,27,inf,inf,inf,515.6064390598706,inf
16,28,inf,inf,inf,279.0161285660741,inf
16,29,inf,inf,inf,365.4367250291082,inf
16,30,inf,inf,inf,255.98828098176682,inf
16,31,inf,inf,inf,252.62224763468478,inf
16,32,inf,inf,inf,758.4279794416871,inf
16,33,inf,inf,inf,799.8112277281433,inf
16,34,inf,inf,inf,611.7720163590355,inf
16,35,inf,inf,inf,203.15757431117353,inf
16,36,inf,inf,inf,595.4838368923207,inf
16,37,inf,inf,inf,458.1178887579048,inf
16,38,inf,inf,inf,454.23452092503936,inf
16,39,inf,inf,inf,895.7611288730942,inf
16,40,inf,inf,inf,705.2439294315124,inf
16,41,inf,inf,inf,485.8775565921933,inf
16,42,inf,inf,inf,583.4329438761579,inf
16,43,inf,inf,inf,356.5459297201414,inf
16,44,inf,inf,inf,373.6642878306676,inf
16,45,inf,inf,inf,72.44998274671983,inf
16,46,inf,inf,inf,627.803313148314,inf
16,47,inf,inf,inf,490.83194680053174,inf
16,48,inf,inf,inf,497.22630662506185,inf
16,49,inf,inf,inf,649.9423051317709,inf
16,50,inf,inf,inf,774.702523553396,inf
16,51,inf,inf,inf,567.059961556095,inf
16,52,inf,inf,inf,757.9531647799882,inf
16,53,inf,inf,inf,532.6330819616821,inf
16,54,inf,inf,inf,532.245244224878,inf
16,55,inf,inf,inf,546.6571137376701,inf
16,56,inf,inf,inf,229.95651762887695,inf
16,57,inf,inf,inf,362.50931022526856,inf
16,58,inf,inf,inf,466.64761865887624,inf
16,59,inf,inf,inf,705.3353812194594,inf
16,60,inf,inf,inf,906.8241284835776,inf
16,61,inf,inf,inf,649.8407497225762,inf
16,62,inf,inf,inf,325.6316937891642,inf
16,63,inf,inf,inf,646.7920840579297,inf
16,64,inf,inf,inf,520.568919548603,inf
16,65,inf,inf,inf,546.0036629913759,inf
16,66,inf,inf,inf,942.7884174086994,inf
16,67,inf,inf,inf,555.3602434456395,inf
16,68,inf,inf,inf,211.00947846009194,inf
16,69,inf,inf,inf,438.46322536787505,inf
16,70,inf,inf,inf,470.7377189051245,inf
16,71,inf,inf,inf,364.3212867785795,inf
16,72,inf,inf,inf,126.31706139710502,inf
16,73,inf,inf,inf,722.0644015598608,inf
16,74,inf,inf,inf,537.8113051991377,inf
16,75,inf,inf,inf,899.0934322972224,inf
16,76,inf,inf,inf,768.9323767406338,inf
16,77,inf,inf,inf,547.2202481633881,inf
16,78,inf,inf,inf,435.83597832212064,inf
16,79,inf,inf,inf,808.0408405520108,inf
16,80,inf,inf,inf,680.1529239810706,inf
16,81,inf,inf,inf,408.724846320847,inf
16,82,inf,inf,inf,357.24641355792505,inf
16,83,inf,inf,inf,371.8843906377357,inf
16,84,inf,inf,inf,388.46492763182624,inf
16,85,inf,inf,inf,908.1949130005079,inf
16,86,inf,inf,inf,573.6906832082948,inf
16,87,inf,inf,inf,728.5169867614619,inf
16,88,inf,inf,inf,710.2816342831906,inf
16,89,inf,inf,inf,554.1236324142835,inf
16,90,inf,inf,inf,512.0351550430888,inf
16,91,inf,inf,inf,712.5061403244185,inf
16,92,inf,inf,inf,656.451826107598,inf
16,93,inf,inf,inf,892.2292306352667,inf
16,94,inf,inf,inf,527.0493335542699,inf
16,95,inf,inf,inf,694.2621983083912,inf
16,96,inf,inf,inf,492.1991466875984,inf
16,97,inf,inf,inf,121.6552506059644,inf
16,98,inf,inf,inf,380.92650209718937,inf
16,99,inf,inf,inf,768.8797045051977,inf
16,100,inf,inf,inf,866.363664981398,inf
16,101,inf,inf,inf,314.4296423685273,inf
16,102,inf,inf,inf,727.7719423006083,inf
16,103,inf,inf,inf,891.9114305804136,inf
16,104,inf,inf,inf,505.5620634501762,inf
16,105,inf,inf,inf,705.8668429668587,inf
16,106,inf,inf,inf,482.3028094465136,inf
16,107,inf,inf,inf,863.6000231588696,inf
16,108,inf,inf,inf,305.76461534978176,inf
16,109,inf,inf,inf,823.8652802491437,inf
16,110,inf,inf,inf,374.25258850140233,inf
16,111,inf,inf,inf,557.7239460521665,inf
16,112,inf,inf,inf,255.66579747787932,inf
16,113,inf,inf,inf,889.6701635999715,inf
16,114,inf,inf,inf,87.23531395025755,inf
16,115,inf,inf,inf,552.9529817262948,inf
16,116,inf,inf,inf,803.7816867781947,inf
16,117,inf,inf,inf,756.8830821203496,inf
16,118,inf,inf,inf,811.917483492011,inf
16,119,inf,inf,inf,420.46165104560964,inf
16,120,inf,inf,inf,943.6651948652128,inf
16,121,inf,inf,inf,420.4878119517854,inf
16,122,inf,inf,inf,757.8238581623041,inf
17,18,inf,inf,inf,513.11012463213,inf
17,19,inf,inf,inf,402.43508793344546,inf
17,20,inf,inf,inf,754.9788076495922,inf
17,21,inf,inf,inf,888.7097388911635,inf
17,22,inf,inf,inf,689.826789853801,inf
17,23,inf,inf,inf,1204.4953300034,inf
17,24,inf,inf,inf,1174.0332192915157,inf
17,25,inf,inf,inf,138.6001443000692,inf
17,26,inf,inf,inf,1192.010486531054,inf
17,27,inf,inf,inf,178.1937148162078,inf
17,28,inf,inf,inf,492.4682730897494,inf
17,29,inf,inf,inf,40.36087214122113,inf
17,30,inf,inf,inf,647.9729932643799,inf
17,31,inf,inf,inf,243.31255619059203,inf
17,32,inf,inf,inf,1141.8896619200998,inf
17,33,inf,inf,inf,1189.8138509867836,inf
17,34,inf,inf,inf,963.4292916452146,inf
17,35,inf,inf,inf,497.17803652212956,inf
17,36,inf,inf,inf,208.3698634639856,inf
17,37,inf,inf,inf,592.0684082097271,inf
17,38,inf,inf,inf,841.6079847529965,inf
17,39,inf,inf,inf,922.6380655489995,inf
17,40,inf,inf,inf,1084.4722218664708,inf
17,41,inf,inf,inf,224.62858233092243,inf
17,42,inf,inf,inf,339.50699550966544,inf
17,43,inf,inf,inf,81.8413098624405,inf
17,44,inf,inf,inf,743.8064264309633,inf
17,45,inf,inf,inf,362.44171945293493,inf
17,46,inf,inf,inf,236.51638421048128,inf
17,47,inf,inf,inf,832.005408636266,inf
17,48,inf,inf,inf,124.53513560437472,inf
17,49,inf,inf,inf,285.60112044598145,inf
17,50,inf,inf,inf,1164.4694070691596,inf
17,51,inf,inf,inf,772.073830666472,inf
17,52,inf,inf,inf,1150.6180947647226,inf
17,53,inf,inf,inf,479.73013247032964,inf
17,54,inf,inf,inf,189.76301009416983,inf
17,55,inf,inf,inf,332.0316249997882,inf
17,56,inf,inf,inf,581.5917812349139,inf
17,57,inf,inf,inf,86.92525524840292,inf
17,58,inf,inf,inf,802.4319285771223,inf
17,59,inf,inf,inf,419.9488064038282,inf
17,60,inf,inf,inf,1254.8055626271346,inf
17,61,inf,inf,inf,977.7658206339594,inf
17,62,inf,inf,inf,404.9604919001359,inf
17,63,inf,inf,inf,513.8764442937621,inf
17,64,inf,inf,inf,467.77879387590883,inf
17,65,inf,inf,inf,853.2555303073049,inf
17,66,inf,inf,inf,1138.970148862559,inf
17,67,inf,inf,inf,941.8333185866807,inf
17,68,inf,inf,inf,599.9099932489873,inf
17,69,inf,inf,inf,779.3798817008302,inf
17,70,inf,inf,inf,129.24782396620841,inf
17,71,inf,inf,inf,30.083217912982647,inf
17,72,inf,inf,inf,354.41924326988794,inf
17,73,inf,inf,inf,1107.105234383796,inf
17,74,inf,inf,inf,378.1904282236662,inf
17,75,inf,inf,inf,1177.1490984577952,inf
17,76,inf,inf,inf,956.6619047500533,inf
17,77,inf,inf,inf,330.4557459025338,inf
17,78,inf,inf,inf,744.3560975769594,inf
17,79,inf,inf,inf,1200.7068751364757,inf
17,80,inf,inf,inf,389.13365313218543,inf
17,81,inf,inf,inf,784.7706671378588,inf
17,82,inf,inf,inf,516.5152466287902,inf
17,83,inf,inf,inf,429.563732174866,inf
17,84,inf,inf,inf,243.46252278328177,inf
17,85,inf,inf,inf,1006.7378010187161,inf
17,86,inf,inf,inf,957.9237965516882,inf
17,87,inf,inf,inf,1117.5061521083453,inf
17,88,inf,inf,inf,535.3400788284023,inf
17,89,inf,inf,inf,272.5912691191704,inf
17,90,inf,inf,inf,121.19818480488888,inf
17,91,inf,inf,inf,1082.8111562040724,inf
17,92,inf,inf,inf,1043.227683681755,inf
17,93,inf,inf,inf,1181.905241548577,inf
17,94,inf,inf,inf,494.3278264471868,inf
17,95,inf,inf,inf,612.5691797666611,inf
17,96,inf,inf,inf,884.773982438453,inf
17,97,inf,inf,inf,483.8605170914444,inf
17,98,inf,inf,inf,131.55227098001768,inf
17,99,inf,inf,inf,1121.0553063966113,inf
17,100,inf,inf,inf,1244.50512252863,inf
17,101,inf,inf,inf,355.7316404257569,inf
17,102,inf,inf,inf,769.7564549907977,inf
17,103,inf,inf,inf,1211.9674088027284,inf
17,104,inf,inf,inf,787.7474214492867,inf
17,105,inf,inf,inf,1085.7057612447306,inf
17,106,inf,inf,inf,834.6046968475555,inf
17,107,inf,inf,inf,819.8390085864419,inf
17,108,inf,inf,inf,441.9875563859236,inf
17,109,inf,inf,inf,1010.3608266357123,inf
17,110,inf,inf,inf,457.4997267758747,inf
17,111,inf,inf,inf,815.9810046808688,inf
17,112,inf,inf,inf,202.08908926510605,inf
17,113,inf,inf,inf,1256.577096719497,inf
17,114,inf,inf,inf,471.2080220030215,inf
17,115,inf,inf,inf,787.6293544555078,inf
17,116,inf,inf,inf,650.8471402718153,inf
17,117,inf,inf,inf,1142.8442588559476,inf
17,118,inf,inf,inf,1152.684258589489,inf
17,119,inf,inf,inf,379.4482836962107,inf
17,120,inf,inf,inf,1216.5315450081844,inf
17,121,inf,inf,inf,733.8726047482628,inf
17,122,inf,inf,inf,1112.029675863014,inf
18,19,inf,inf,inf,905.9028645500576,inf
18,20,inf,inf,inf,338.7875440449368,inf
18,21,inf,inf,inf,681.5049522930849,inf
18,22,inf,inf,inf,1189.1681966820338,inf
18,23,inf,inf,inf,1459.9674653909244,inf
18,24,inf,inf,inf,1063.4472248306447,inf
18,25,inf,inf,inf,465.5534340975266,inf
18,26,inf,inf,inf,1426.35093858419,inf
18,27,inf,inf,inf,343.59423743712586,inf
18,28,inf,inf,inf,958.2760562593642,inf
18,29,inf,inf,inf,497.3298704079617,inf
18,30,inf,inf,inf,967.5975403027852,inf
18,31,inf,inf,inf,494.2721922180126,inf
18,32,inf,inf,inf,1331.7424675964944,inf
18,33,inf,inf,inf,1410.6923831934446,inf
18,34,inf,inf,inf,1088.4787549603345,inf
18,35,inf,inf,inf,698.7131027825369,inf
18,36,inf,inf,inf,540.7032457827491,inf
18,37,inf,inf,inf,1089.9123817995646,inf
18,38,inf,inf,inf,1082.0545272766988,inf
18,39,inf,inf,inf,594.6133197297215,inf
18,40,inf,inf,inf,1264.0292718129592,inf
18,41,inf,inf,inf,294.462221685567,inf
18,42,inf,inf,inf,177.1016657177453,inf
18,43,inf,inf,inf,467.1102653549802,inf
18,44,inf,inf,inf,951.3369539758245,inf
18,45,inf,inf,inf,678.735589165619,inf
18,46,inf,inf,inf,452.6742758319717,inf
18,47,inf,inf,inf,963.4028233298883,inf
18,48,inf,inf,inf,562.8827586629386,inf
18,49,inf,inf,inf,328.63657739210953,inf
18,50,inf,inf,inf,1463.4469583828447,inf
18,51,inf,inf,inf,1256.530142893516,inf
18,52,inf,inf,inf,1410.4992024102671,inf
18,53,inf,inf,inf,306.2433672751134,inf
18,54,inf,inf,inf,632.3827954648988,inf
18,55,inf,inf,inf,821.5138465053404,inf
18,56,inf,inf,inf,805.0124222644021,inf
18,57,inf,inf,inf,599.6082054141688,inf
18,58,inf,inf,inf,931.8309932600439,inf
18,59,inf,inf,inf,124.31009613060397,inf
18,60,inf,inf,inf,1331.6865246746322,inf
18,61,inf,inf,inf,1395.9154702201706,inf
18,62,inf,inf,inf,902.0338131134553,inf
18,63,inf,inf,inf,180.34688796871433,inf
18,64,inf,inf,inf,309.0711892105118,inf
18,65,inf,inf,inf,1287.6307700579387,inf
18,66,inf,inf,inf,980.9469914322588,inf
18,67,inf,inf,inf,1165.5333543060876,inf
18,68,inf,inf,inf,939.5073176936942,inf
18,69,inf,inf,inf,1184.6927871815544,inf
18,70,inf,inf,inf,604.0571165047226,inf
18,71,inf,inf,inf,514.7552816630442,inf
18,72,inf,inf,inf,632.0482576512651,inf
18,73,inf,inf,inf,1430.3146506975309,inf
18,74,inf,inf,inf,879.7329140142479,inf
18,75,inf,inf,inf,1134.2706907965135,inf
18,76,inf,inf,inf,827.1033792700886,inf
18,77,inf,inf,inf,819.3173988144033,inf
18,78,inf,inf,inf,848.6341968127374,inf
18,79,inf,inf,inf,1457.7822196748045,inf
18,80,inf,inf,inf,149.25481566770299,inf
18,81,inf,inf,inf,997.7479641673041,inf
18,82,inf,inf,inf,1003.076268286714,inf
18,83,inf,inf,inf,453.5383115019061,inf
18,84,inf,inf,inf,359.6109008358896,inf
18,85,inf,inf,inf,747.2382484857155,inf
18,86,inf,inf,inf,1170.3161965896225,inf
18,87,inf,inf,inf,1337.0542247792346,inf
18,88,inf,inf,inf,107.54068997360952,inf
18,89,inf,inf,inf,240.66574330386118,inf
18,90,inf,inf,inf,508.8270826125512,inf
18,91,inf,inf,inf,1444.4992211835906,inf
18,92,inf,inf,inf,1257.379020025386,inf
18,93,inf,inf,inf,1157.3772073096998,inf
18,94,inf,inf,inf,1007.2665982747567,inf
18,95,inf,inf,inf,270.22398117117586,inf
18,96,inf,inf,inf,1160.1176664459515,inf
18,97,inf,inf,inf,761.9324117006705,inf
18,98,inf,inf,inf,412.378466945111,inf
18,99,inf,inf,inf,1223.5035758018855,inf
18,100,inf,inf,inf,1404.8006976080273,inf
18,101,inf,inf,inf,460.47909833129233,inf
18,102,inf,inf,inf,512.0439434267337,inf
18,103,inf,inf,inf,1236.8189034777888,inf
18,104,inf,inf,inf,840.2142583888946,inf
18,105,inf,inf,inf,1267.2620092151426,inf
18,106,inf,inf,inf,985.9011106596847,inf
18,107,inf,inf,inf,434.3109485150012,inf
18,108,inf,inf,inf,928.2849777950735,inf
18,109,inf,inf,inf,865.654087958926,inf
18,110,inf,inf,inf,478.13805537731463,inf
18,111,inf,inf,inf,825.7003088288147,inf
18,112,inf,inf,inf,689.1574566091555,inf
18,113,inf,inf,inf,1380.5868317494558,inf
18,114,inf,inf,inf,782.258908546269,inf
18,115,inf,inf,inf,775.1090245894444,inf
18,116,inf,inf,inf,186.98663053812163,inf
18,117,inf,inf,inf,1461.25733531093,inf
18,118,inf,inf,inf,1226.2956413524432,inf
18,119,inf,inf,inf,892.0790323732533,inf
18,120,inf,inf,inf,1159.3002199603,inf
18,121,inf,inf,inf,848.6371427176636,inf
18,122,inf,inf,inf,1220.272100803751,inf
19,20,inf,inf,inf,1098.1370588410173,inf
19,21,inf,inf,inf,1111.827774432713,inf
19,22,inf,inf,inf,287.4804341168282,inf
19,23,inf,inf,inf,1017.8531328241811,inf
19,24,inf,inf,inf,1294.9517365523704,inf
19,25,inf,inf,inf,449.44410108488466,inf
19,26,inf,inf,inf,1026.918205116649,inf
19,27,inf,inf,inf,580.538543078752,inf
19,28,inf,inf,inf,169.24833824885843,inf
19,29,inf,inf,inf,410.23529833499214,inf
19,30,inf,inf,inf,502.6062076815208,inf
19,31,inf,inf,inf,475.6059293154365,inf
19,32,inf,inf,inf,1024.6374968738944,inf
19,33,inf,inf,inf,1037.6882961660501,inf
19,34,inf,inf,inf,933.5148632989193,inf
19,35,inf,inf,inf,557.2396252959762,inf
19,36,inf,inf,inf,514.2178526655798,inf
19,37,inf,inf,inf,190.68560512005095,inf
19,38,inf,inf,inf,728.3254766929412,inf
19,39,inf,inf,inf,1207.139180045118,inf
19,40,inf,inf,inf,984.7852557791471,inf
19,41,inf,inf,inf,611.4441920568058,inf
19,42,inf,inf,inf,728.9204346154661,inf
19,43,inf,inf,inf,438.8393783606936,inf
19,44,inf,inf,inf,690.7749271651368,inf
19,45,inf,inf,inf,401.12092939660977,inf
19,46,inf,inf,inf,593.4526097339196,inf
19,47,inf,inf,inf,825.6082606175885,inf
19,48,inf,inf,inf,420.1202208892117,inf
19,49,inf,inf,inf,678.5646616203942,inf
19,50,inf,inf,inf,939.3790502241361,inf
19,51,inf,inf,inf,377.7088826066975,inf
19,52,inf,inf,inf,965.6873199954528,inf
19,53,inf,inf,inf,791.9248701739326,inf
19,54,inf,inf,inf,400.16996389034495,inf
19,55,inf,inf,inf,286.14157335137446,inf
19,56,inf,inf,inf,575.0,inf
19,57,inf,inf,inf,317.40510392871755,inf
19,58,inf,inf,inf,805.5463984153861,inf
19,59,inf,inf,inf,821.0219241896041,inf
19,60,inf,inf,inf,1222.229520180232,inf
19,61,inf,inf,inf,643.7204362143553,inf
19,62,1.0,38.799,38.798989873223334,34.132096331752024,1.1367303518691245
19,63,inf,inf,inf,869.685575366178,inf
19,64,inf,inf,inf,778.8870264678955,inf
19,65,inf,inf,inf,510.7846904518576,inf
19,66,inf,inf,inf,1296.636032200247,inf
19,67,inf,inf,inf,824.0873740083632,inf
19,68,inf,inf,inf,447.93079822669034,inf
19,69,inf,inf,inf,484.05061718791353,inf
19,70,inf,inf,inf,371.43640101637857,inf
19,71,inf,inf,inf,394.06217783491985,inf
19,72,inf,inf,inf,444.2352980122133,inf
19,73,inf,inf,inf,863.3539251083532,inf
19,74,inf,inf,inf,238.9016534057477,inf
19,75,inf,inf,inf,1248.6000160179399,inf
19,76,inf,inf,inf,1120.928186816622,inf
19,77,inf,inf,inf,288.20999288713085,inf
19,78,inf,inf,inf,785.8345881927061,inf
19,79,inf,inf,inf,1012.9249725423892,inf
19,80,inf,inf,inf,790.4486068050219,inf
19,81,inf,inf,inf,714.2219542971219,inf
19,82,inf,inf,inf,135.9779393872403,inf
19,83,inf,inf,inf,667.029984333538,inf
19,84,inf,inf,inf,574.8912940721924,inf
19,85,inf,inf,inf,1243.77690925664,inf
19,86,inf,inf,inf,848.2476053606046,inf
19,87,inf,inf,inf,975.6526021079429,inf
19,88,inf,inf,inf,909.9192271844793,inf
19,89,inf,inf,inf,669.1038783328041,inf
19,90,inf,inf,inf,467.73176073471853,inf
19,91,inf,inf,inf,801.180379190604,inf
19,92,inf,inf,inf,917.2665915643064,inf
19,93,inf,inf,inf,1238.932605108123,inf
19,94,inf,inf,inf,172.7946758439044,inf
19,95,inf,inf,inf,948.54045775602,inf
19,96,inf,inf,inf,725.0689622373861,inf
19,97,inf,inf,inf,472.0857972868915,inf
19,98,inf,inf,inf,494.6958661642525,inf
19,99,inf,inf,inf,1084.3306691226621,inf
19,100,inf,inf,inf,1141.4311192533696,inf
19,101,inf,inf,inf,591.4871089043277,inf
19,102,inf,inf,inf,1040.346576867536,inf
19,103,inf,inf,inf,1226.8402503993746,inf
19,104,inf,inf,inf,858.848065725248,inf
19,105,inf,inf,inf,983.9903454810926,inf
19,106,inf,inf,inf,809.689446639883,inf
19,107,inf,inf,inf,1143.332847424581,inf
19,108,inf,inf,inf,86.88498144098322,inf
19,109,inf,inf,inf,1176.155176836798,inf
19,110,inf,inf,inf,680.9552114493288,inf
19,111,inf,inf,inf,912.3995835159067,inf
19,112,inf,inf,inf,218.87439320304236,inf
19,113,inf,inf,inf,1183.8986443103988,inf
19,114,inf,inf,inf,428.1413318052813,inf
19,115,inf,inf,inf,907.4017853189401,inf
19,116,inf,inf,inf,1020.9015623457533,inf
19,117,inf,inf,inf,900.3493766310943,inf
19,118,inf,inf,inf,1135.7398469720079,inf
19,119,inf,inf,inf,91.21951545584969,inf
19,120,inf,inf,inf,1293.8520008099845,inf
19,121,inf,inf,inf,769.6966935098526,inf
19,122,inf,inf,inf,1071.6659927421417,inf
20,21,inf,inf,inf,416.04326698073123,inf
20,22,inf,inf,inf,1359.915438547559,inf
20,23,inf,inf,inf,1396.3667140117598,inf
20,24,inf,inf,inf,806.6752754361571,inf
20,25,inf,inf,inf,655.7812135156054,inf
20,26,inf,inf,inf,1350.4199346869848,inf
20,27,inf,inf,inf,620.966987850401,inf
20,28,inf,inf,inf,1102.0889256316843,inf
20,29,inf,inf,inf,725.943523974145,inf
20,30,inf,inf,inf,998.3386199080951,inf
20,31,inf,inf,inf,626.0734781157879,inf
20,32,inf,inf,inf,1233.0502828352135,inf
20,33,inf,inf,inf,1326.7056945683169,inf
20,34,inf,inf,inf,971.9902262883099,inf
20,35,inf,inf,inf,711.4583613958023,inf
20,36,inf,inf,inf,843.3866254571506,inf
20,37,inf,inf,inf,1262.6646427298106,inf
20,38,inf,inf,inf,1042.8465850737587,inf
20,39,inf,inf,inf,269.69983314789056,inf
20,40,inf,inf,inf,1164.374939613525,inf
20,41,inf,inf,inf,537.2867018640978,inf
20,42,inf,inf,inf,442.0904884749275,inf
20,43,inf,inf,inf,685.2919086053768,inf
20,44,inf,inf,inf,909.1891992319311,inf
20,45,inf,inf,inf,768.0813758971116,inf
20,46,inf,inf,inf,766.7052888822406,inf
20,47,inf,inf,inf,868.9453377514607,inf
20,48,inf,inf,inf,839.39502023779,inf
20,49,inf,inf,inf,650.7111494357539,inf
20,50,inf,inf,inf,1430.7739164522116,inf
20,51,inf,inf,inf,1401.8405758145254,inf
20,52,inf,inf,inf,1353.4005319933933,inf
20,53,inf,inf,inf,310.72174046886386,inf
20,54,inf,inf,inf,913.8298528719665,inf
20,55,inf,inf,inf,1085.8102965067148,inf
20,56,inf,inf,inf,802.5770991001425,inf
20,57,inf,inf,inf,832.6541899252054,inf
20,58,inf,inf,inf,841.4333009811295,inf
20,59,inf,inf,inf,457.65489181259716,inf
20,60,inf,inf,inf,1161.2837723829607,inf
20,61,inf,inf,inf,1463.4524249185554,inf
20,62,inf,inf,inf,1084.8898561605229,inf
20,63,inf,inf,inf,241.84705910967782,inf
20,64,inf,inf,inf,323.484157262763,inf
20,65,inf,inf,inf,1376.6517351894051,inf
20,66,inf,inf,inf,705.7619995437556,inf
20,67,inf,inf,inf,1105.1809806543,inf
20,68,inf,inf,inf,988.2433910732719,inf
20,69,inf,inf,inf,1255.3883861180173,inf
20,70,inf,inf,inf,871.001722156736,inf
20,71,inf,inf,inf,744.9697980455315,inf
20,72,inf,inf,inf,714.0770266574888,inf
20,73,inf,inf,inf,1417.8423748781104,inf
20,74,inf,inf,inf,1132.7581383508132,inf
20,75,inf,inf,inf,909.2683872212868,inf
20,76,inf,inf,inf,586.2226539464335,inf
20,77,inf,inf,inf,1084.0664186294123,inf
20,78,inf,inf,inf,757.8608051614756,inf
20,79,inf,inf,inf,1395.4497482890597,inf
20,80,inf,inf,inf,476.0861266619728,inf
20,81,inf,inf,inf,951.7909434324325,inf
20,82,inf,inf,inf,1165.3862020806664,inf
20,83,inf,inf,inf,470.47635434737845,inf
20,84,inf,inf,inf,527.6409764224155,inf
20,85,inf,inf,inf,440.98526052465746,inf
20,86,inf,inf,inf,1101.8262113418793,inf
20,87,inf,inf,inf,1257.7905230999318,inf
20,88,inf,inf,inf,248.29418035870273,inf
20,89,inf,inf,inf,515.9001841441811,inf
20,90,inf,inf,inf,791.4101338749713,inf
20,91,inf,inf,inf,1461.049280483037,inf
20,92,inf,inf,inf,1181.3674280256757,inf
20,93,inf,inf,inf,940.9426124902624,inf
20,94,inf,inf,inf,1231.4142276261064,inf
20,95,inf,inf,inf,149.83324063771698,inf
20,96,inf,inf,inf,1135.7860714060548,inf
20,97,inf,inf,inf,805.0155278005512,inf
20,98,inf,inf,inf,627.5388434192739,inf
20,99,inf,inf,inf,1077.973097994565,inf
20,100,inf,inf,inf,1281.2244143786834,inf
20,101,inf,inf,inf,527.6514000739503,inf
20,102,inf,inf,inf,256.1288738116029,inf
20,103,inf,inf,inf,1042.6197772917988,inf
20,104,inf,inf,inf,716.7237961725563,inf
20,105,inf,inf,inf,1168.630822800768,inf
20,106,inf,inf,inf,900.9250801259781,inf
20,107,inf,inf,inf,99.02019995940222,inf
20,108,inf,inf,inf,1095.829366279258,inf
20,109,inf,inf,inf,610.0032786797133,inf
20,110,inf,inf,inf,474.93683790584197,inf
20,111,inf,inf,inf,676.687520204119,inf
20,112,inf,inf,inf,882.7032343885458,inf
20,113,inf,inf,inf,1235.6832118306052,inf
20,114,inf,inf,inf,841.3441626350063,inf
20,115,inf,inf,inf,622.5407617176566,inf
20,116,inf,inf,inf,155.12897859523216,inf
20,117,inf,inf,inf,1443.1638853574461,inf
20,118,inf,inf,inf,1062.5252938165754,inf
20,119,inf,inf,inf,1109.0256985300205,inf
20,120,inf,inf,inf,924.0963153264923,inf
20,121,inf,inf,inf,764.8267777738956,inf
20,122,inf,inf,inf,1078.7015342531038,inf
21,22,inf,inf,inf,1318.2844912992036,inf
21,23,inf,inf,inf,1080.7571420073984,inf
21,24,inf,inf,inf,391.94514922371474,inf
21,25,inf,inf,inf,754.0934955295663,inf
21,26,inf,inf,inf,1025.5544841694175,inf
21,27,inf,inf,inf,827.4128352884067,inf
21,28,inf,inf,inf,1052.20720392896,inf
21,29,inf,inf,inf,849.8058601821948,inf
21,30,inf,inf,inf,824.0800931948302,inf
21,31,inf,inf,inf,669.2473384332582,inf
21,32,inf,inf,inf,893.5015388906726,inf
21,33,inf,inf,inf,995.6103655547184,inf
21,34,inf,inf,inf,634.4832543101512,inf
21,35,inf,inf,inf,581.1686502212589,inf
21,36,inf,inf,inf,1048.5442289193145,inf
21,37,inf,inf,inf,1232.4163257600899,inf
21,38,inf,inf,inf,780.4389790367983,inf
21,39,inf,inf,inf,212.26869764522513,inf
21,40,inf,inf,inf,828.0368349294613,inf
21,41,inf,inf,inf,730.499144421128,inf
21,42,inf,inf,inf,691.6010410634154,inf
21,43,inf,inf,inf,806.9306042033602,inf
21,44,inf,inf,inf,662.5684870260583,inf
21,45,inf,inf,inf,714.6642568367331,inf
21,46,inf,inf,inf,1000.6123125366787,inf
21,47,inf,inf,inf,567.8608984601775,inf
21,48,inf,inf,inf,1004.6153492755324,inf
21,49,inf,inf,inf,913.7817025964133,inf
21,50,inf,inf,inf,1143.6476730182246,inf
21,51,inf,inf,inf,1323.340092342101,inf
21,52,inf,inf,inf,1046.329298070163,inf
21,53,inf,inf,inf,439.14462310268584,inf
21,54,inf,inf,inf,1076.5077798139687,inf
21,55,inf,inf,inf,1203.0378215168466,inf
21,56,inf,inf,inf,626.7902360439256,inf
21,57,inf,inf,inf,940.1473288798942,inf
21,58,inf,inf,inf,549.5980349309848,inf
21,59,inf,inf,inf,769.8441400699235,inf
21,60,inf,inf,inf,768.6923962158075,inf
21,61,inf,inf,inf,1284.2573729591745,inf
21,62,inf,inf,inf,1087.809726009103,inf
21,63,inf,inf,inf,509.40946202441114,inf
21,64,inf,inf,inf,447.16216297893544,inf
21,65,inf,inf,inf,1229.6641817992422,inf
21,66,inf,inf,inf,299.7865907608277,inf
21,67,inf,inf,inf,812.9360368442279,inf
21,68,inf,inf,inf,837.3893956816029,inf
21,69,inf,inf,inf,1097.110751018328,inf
21,70,inf,inf,inf,1017.9548123566193,inf
21,71,inf,inf,inf,866.4640788861359,inf
21,72,inf,inf,inf,668.0493993710345,inf
21,73,inf,inf,inf,1152.3146271743667,inf
21,74,inf,inf,inf,1228.1697765374297,inf
21,75,inf,inf,inf,495.8275910031631,inf
21,76,inf,inf,inf,173.92239648762893,inf
21,77,inf,inf,inf,1202.1663778362793,inf
21,78,inf,inf,inf,482.59403228800915,inf
21,79,inf,inf,inf,1081.0901905021615,inf
21,80,inf,inf,inf,774.8354664056105,inf
21,81,inf,inf,inf,693.8948047074571,inf
21,82,inf,inf,inf,1131.608147726058,inf
21,83,inf,inf,inf,465.1021393199563,inf
21,84,inf,inf,inf,650.8002765826087,inf
21,85,inf,inf,inf,134.13426109685773,inf
21,86,inf,inf,inf,801.3120490795081,inf
21,87,inf,inf,inf,934.8973205652052,inf
21,88,inf,inf,inf,573.9843203433348,inf
21,89,inf,inf,inf,748.1931568786232,inf
21,90,inf,inf,inf,972.5111824549886,inf
21,91,inf,inf,inf,1224.044525333944,inf
21,92,inf,inf,inf,866.6862177281926,inf
21,93,inf,inf,inf,529.8537534074851,inf
21,94,inf,inf,inf,1275.0,inf
21,95,inf,inf,inf,411.8859065323794,inf
21,96,inf,inf,inf,879.7101795477872,inf
21,97,inf,inf,inf,685.006569311565,inf
21,98,inf,inf,inf,762.2368398339194,inf
21,99,inf,inf,inf,706.463020971374,inf
21,100,inf,inf,inf,918.1394229636368,inf
21,101,inf,inf,inf,543.8713083073973,inf
21,102,inf,inf,inf,171.0263137648707,inf
21,103,inf,inf,inf,639.4654017224075,inf
21,104,inf,inf,inf,410.1865429289459,inf
21,105,inf,inf,inf,832.9765903073147,inf
21,106,inf,inf,inf,605.793694255726,inf
21,107,inf,inf,inf,338.3622319349487,inf
21,108,inf,inf,inf,1077.308683711405,inf
21,109,inf,inf,inf,194.0412327316027,inf
21,110,inf,inf,inf,442.3900993467191,inf
21,111,inf,inf,inf,347.51978360950903,inf
21,112,inf,inf,inf,930.5960455536011,inf
21,113,inf,inf,inf,858.0075757241308,inf
21,114,inf,inf,inf,732.0983540481429,inf
21,115,inf,inf,inf,303.7647115778921,inf
21,116,inf,inf,inf,540.7707462502017,inf
21,117,inf,inf,inf,1170.2623637458396,inf
21,118,inf,inf,inf,677.7639707154697,inf
21,119,inf,inf,inf,1154.9900432471268,inf
21,120,inf,inf,inf,508.4977876058066,inf
21,121,inf,inf,inf,496.6165522815364,inf
21,122,inf,inf,inf,710.3893298748229,inf
22,23,inf,inf,inf,959.1923686101761,inf
22,24,inf,inf,inf,1437.5691287725958,inf
22,25,inf,inf,inf,726.799146945014,inf
22,26,inf,inf,inf,986.2454055659778,inf
22,27,inf,inf,inf,867.8306286367174,inf
22,28,inf,inf,inf,267.00187265260894,inf
22,29,inf,inf,inf,696.287297026163,inf
22,30,inf,inf,inf,567.5156385510447,inf
22,31,inf,inf,inf,734.2765146727764,inf
22,32,inf,inf,inf,1023.5941578574977,inf
22,33,inf,inf,inf,1007.0600776517755,inf
22,34,inf,inf,inf,1005.9448295011014,inf
22,35,inf,inf,inf,738.2391211524895,inf
22,36,inf,inf,inf,790.0208857998629,inf
22,37,inf,inf,inf,99.31767214348109,inf
22,38,inf,inf,inf,766.9035141398167,inf
22,39,inf,inf,inf,1440.2235937520256,inf
22,40,inf,inf,inf,1001.205773055669,inf
22,41,inf,inf,inf,895.0715055234414,inf
22,42,inf,inf,inf,1012.087940843087,inf
22,43,inf,inf,inf,722.59601438148,inf
22,44,inf,inf,inf,779.9775637798821,inf
22,45,inf,inf,inf,611.7360541933098,inf
22,46,inf,inf,inf,874.7050931599747,inf
22,47,inf,inf,inf,925.9049627256569,inf
22,48,inf,inf,inf,701.4627573863063,inf
22,49,inf,inf,inf,964.8860036294443,inf
22,50,inf,inf,inf,852.4060065485227,inf
22,51,inf,inf,inf,123.25988804148737,inf
22,52,inf,inf,inf,913.3153891181294,inf
22,53,inf,inf,inf,1049.644701791992,inf
22,54,inf,inf,inf,671.1728540398517,inf
22,55,inf,inf,inf,514.0603077460854,inf
22,56,inf,inf,inf,716.4635371042967,inf
22,57,inf,inf,inf,604.8611410894239,inf
22,58,inf,inf,inf,914.4397191723465,inf
22,59,inf,inf,inf,1107.614553894991,inf
22,60,inf,inf,inf,1269.5392865130248,inf
22,61,inf,inf,inf,466.62297414508,inf
22,62,inf,inf,inf,287.31167745150907,inf
22,63,inf,inf,inf,1140.31749964648,inf
22,64,inf,inf,inf,1036.752622374306,inf
22,65,inf,inf,inf,345.3230371695465,inf
22,66,inf,inf,inf,1460.496490923549,inf
22,67,inf,inf,inf,844.7277667982745,inf
22,68,inf,inf,inf,526.1568207293335,inf
22,69,inf,inf,inf,398.20848810641894,inf
22,70,inf,inf,inf,651.9524522539969,inf
22,71,inf,inf,inf,680.6247130394253,inf
22,72,inf,inf,inf,663.7379000780353,inf
22,73,inf,inf,inf,765.7551828097542,inf
22,74,inf,inf,inf,445.06741062450305,inf
22,75,inf,inf,inf,1363.4562699258088,inf
22,76,inf,inf,inf,1296.5419391597018,inf
22,77,inf,inf,inf,516.768807108169,inf
22,78,inf,inf,inf,920.5416883552857,inf
22,79,inf,inf,inf,953.6802399127288,inf
22,80,inf,inf,inf,1077.1703672121694,inf
22,81,inf,inf,inf,787.1416645051893,inf
22,82,inf,inf,inf,194.74342094150447,inf
22,83,inf,inf,inf,906.3255485751243,inf
22,84,inf,inf,inf,847.7293200072769,inf
22,85,inf,inf,inf,1452.378049958068,inf
22,86,inf,inf,inf,872.0808448762076,inf
22,87,inf,inf,inf,959.2731623474098,inf
22,88,inf,inf,inf,1186.593443433765,inf
22,89,inf,inf,inf,954.5726792654397,inf
22,90,inf,inf,inf,751.5344303490027,inf
22,91,inf,inf,inf,670.1082002184423,inf
22,92,inf,inf,inf,919.9461940787625,inf
22,93,inf,inf,inf,1345.251277642954,inf
22,94,inf,inf,inf,279.24362123421906,inf
22,95,inf,inf,inf,1210.252866139965,inf
22,96,inf,inf,inf,725.9889806326264,inf
22,97,inf,inf,inf,636.3961030678928,inf
22,98,inf,inf,inf,776.8120750863751,inf
22,99,inf,inf,inf,1138.4340121412395,inf
22,100,inf,inf,inf,1142.0586674948008,inf
22,101,inf,inf,inf,837.3016182953428,inf
22,102,inf,inf,inf,1272.039307568756,inf
22,103,inf,inf,inf,1306.4585718651779,inf
22,104,inf,inf,inf,1002.3916400289859,inf
22,105,inf,inf,inf,998.9194161692924,inf
22,106,inf,inf,inf,899.8577665386903,inf
22,107,inf,inf,inf,1395.7883077315128,inf
22,108,inf,inf,inf,265.0056603169072,inf
22,109,inf,inf,inf,1349.8629560070162,inf
22,110,inf,inf,inf,913.961158912128,inf
22,111,inf,inf,inf,1065.1159561287213,inf
22,112,inf,inf,inf,500.0729946717779,inf
22,113,inf,inf,inf,1204.623177595384,inf
22,114,inf,inf,inf,588.6000339789321,inf
22,115,inf,inf,inf,1073.268372775421,inf
22,116,inf,inf,inf,1294.6988066728106,inf
22,117,inf,inf,inf,800.129989439216,inf
22,118,inf,inf,inf,1199.7708114469197,inf
22,119,inf,inf,inf,333.66450215748154,inf
22,120,inf,inf,inf,1410.026950097054,inf
22,121,inf,inf,inf,903.1467211920774,inf
22,122,inf,inf,inf,1124.2086105345395,inf
23,24,inf,inf,inf,907.1521371853786,inf
23,25,inf,inf,inf,1115.1076181248159,inf
23,26,inf,inf,inf,65.92419889539804,inf
23,27,inf,inf,inf,1313.2250378362423,inf
23,28,inf,inf,inf,849.2113988872264,inf
23,29,inf,inf,inf,1176.221917836936,inf
23,30,inf,inf,inf,558.0035842178794,inf
23,31,inf,inf,inf,1023.7265259824031,inf
23,32,inf,inf,inf,205.90531804691204,inf
23,33,inf,inf,inf,104.93807697875924,inf
23,34,inf,inf,inf,446.99552570467637,inf
23,35,inf,inf,inf,767.7115343669132,inf
23,36,inf,inf,inf,1406.060098288832,inf
23,37,inf,inf,inf,952.1480977242984,inf
23,38,inf,inf,inf,379.8855090681928,inf
23,39,inf,inf,inf,1288.60001552072,inf
23,40,inf,inf,inf,259.4937378820537,inf
23,41,inf,inf,inf,1262.13668039559,inf
23,42,inf,inf,inf,1332.9441098560735,inf
23,43,inf,inf,inf,1162.9552871886349,inf
23,44,inf,inf,inf,508.63051422422546,inf
23,45,inf,inf,inf,849.148396924825,inf
23,46,inf,inf,inf,1438.9096566497842,inf
23,47,inf,inf,inf,528.3502626099471,inf
23,48,inf,inf,inf,1306.0382842780682,inf
23,49,inf,inf,inf,1449.6844484231733,inf
23,50,inf,inf,inf,133.9328189802634,inf
23,51,inf,inf,inf,862.2000927858916,inf
23,52,inf,inf,inf,54.00925846556311,inf
23,53,inf,inf,inf,1167.2617529928752,inf
23,54,inf,inf,inf,1332.464258432473,inf
23,55,inf,inf,inf,1293.642918273818,inf
23,56,inf,inf,inf,661.4000302388865,inf
23,57,inf,inf,inf,1169.1710738809784,inf
23,58,inf,inf,inf,555.0225220655465,inf
23,59,inf,inf,inf,1459.997260271402,inf
23,60,inf,inf,inf,484.4997420019953,inf
23,61,inf,inf,inf,553.1193361291937,inf
23,62,inf,inf,inf,985.1142065770852,inf
23,63,inf,inf,inf,1305.4723283164603,inf
23,64,inf,inf,inf,1160.6937580602387,inf
23,65,inf,inf,inf,629.3059669191132,inf
23,66,inf,inf,inf,1001.8482919085104,inf
23,67,inf,inf,inf,295.6095397648729,inf
23,68,inf,inf,inf,609.4727229335206,inf
23,69,inf,inf,inf,563.7730039652484,inf
23,70,inf,inf,inf,1274.903917948329,inf
23,71,inf,inf,inf,1175.9676866308869,inf
23,72,inf,inf,inf,874.4884218787577,inf
23,73,inf,inf,inf,216.6217902243447,inf
23,74,inf,inf,inf,1255.9255551186145,inf
23,75,inf,inf,inf,759.9585515013302,inf
23,76,inf,inf,inf,940.1196732331475,inf
23,77,inf,inf,inf,1295.1911055902137,inf
23,78,inf,inf,inf,638.5929846153965,inf
23,79,inf,inf,inf,5.656854249492381,inf
23,80,inf,inf,inf,1441.0808443664775,inf
23,81,inf,inf,inf,462.23154370942706,inf
23,82,inf,inf,inf,908.4739952249596,inf
23,83,inf,inf,inf,1006.6200872225827,inf
23,84,inf,inf,inf,1146.0039266948434,inf
23,85,inf,inf,inf,1180.4219584538403,inf
23,86,inf,inf,inf,295.2100946783494,inf
23,87,inf,inf,inf,146.60491124106312,inf
23,88,inf,inf,inf,1386.238796167529,inf
23,89,inf,inf,inf,1326.9155964114673,inf
23,90,inf,inf,inf,1323.6986061789141,inf
23,91,inf,inf,inf,342.49817517762045,inf
23,92,inf,inf,inf,216.17816726024856,inf
23,93,inf,inf,inf,719.2419620683988,inf
23,94,inf,inf,inf,1155.2718294842994,inf
23,95,inf,inf,inf,1291.3845283260907,inf
23,96,inf,inf,inf,319.8280788173546,inf
23,97,inf,inf,inf,733.0552503051867,inf
23,98,inf,inf,inf,1176.6346076841357,inf
23,99,inf,inf,inf,429.4391691497179,inf
23,100,inf,inf,inf,269.0724809414742,inf
23,101,inf,inf,inf,1006.8723851610988,inf
23,102,inf,inf,inf,1167.1957847764872,inf
23,103,inf,inf,inf,607.1836624943065,inf
23,104,inf,inf,inf,685.5107584859628,inf
23,105,inf,inf,inf,254.1692349597016,inf
23,106,inf,inf,inf,495.46140112020834,inf
23,107,inf,inf,inf,1363.3653215481168,inf
23,108,inf,inf,inf,931.1680836454824,inf
23,109,inf,inf,inf,965.8032926015525,inf
23,110,inf,inf,inf,983.4658102852381,inf
23,111,inf,inf,inf,738.2533440493175,inf
23,112,inf,inf,inf,1047.082136224279,inf
23,113,inf,inf,inf,365.3505166275258,inf
23,114,inf,inf,inf,735.7309290766564,inf
23,115,inf,inf,inf,788.9062048177844,inf
23,116,inf,inf,inf,1438.8137475017397,inf
23,117,inf,inf,inf,196.3517252279694,inf
23,118,inf,inf,inf,492.90972804358404,inf
23,119,inf,inf,inf,1108.957167793238,inf
23,120,inf,inf,inf,796.026381472373,inf
23,121,inf,inf,inf,632.366982060259,inf
23,122,inf,inf,inf,417.8672037860832,inf
24,25,inf,inf,inf,1035.5771337761373,inf
24,26,inf,inf,inf,842.7105078257895,inf
24,27,inf,inf,inf,1154.922075293394,inf
24,28,inf,inf,inf,1189.884448171334,inf
24,29,inf,inf,inf,1133.6723512549822,inf
24,30,inf,inf,inf,877.1505001993671,inf
24,31,inf,inf,inf,932.8992442916866,inf
24,32,inf,inf,inf,701.3715135361573,inf
24,33,inf,inf,inf,805.5662604652705,inf
24,34,inf,inf,inf,501.20853943244026,inf
24,35,inf,inf,inf,740.0108107318433,inf
24,36,inf,inf,inf,1360.1470508735442,inf
24,37,inf,inf,inf,1368.6931723362984,inf
24,38,inf,inf,inf,733.7424616307823,inf
24,39,inf,inf,inf,569.2319386682374,inf
24,40,inf,inf,inf,652.1058196335929,inf
24,41,inf,inf,inf,1061.0579626014783,inf
24,42,inf,inf,inf,1047.0649454546742,inf
24,43,inf,inf,inf,1094.4404963267762,inf
24,44,inf,inf,inf,668.0493993710345,inf
24,45,inf,inf,inf,902.8942352235947,inf
24,46,inf,inf,inf,1329.3404379616231,inf
24,47,inf,inf,inf,524.9276140574051,inf
24,48,inf,inf,inf,1297.5365120103556,inf
24,49,inf,inf,inf,1260.1468168431804,inf
24,50,inf,inf,inf,1006.8530180716548,inf
24,51,inf,inf,inf,1408.7739350229333,inf
24,52,inf,inf,inf,889.8831383951491,inf
24,53,inf,inf,inf,790.6231719346455,inf
24,54,inf,inf,inf,1362.8925122694013,inf
24,55,inf,inf,inf,1452.72743486175,inf
24,56,inf,inf,inf,727.0660217614353,inf
24,57,inf,inf,inf,1205.0502064229522,inf
24,58,inf,inf,inf,529.0982895455248,inf
24,59,inf,inf,inf,1140.6213219118779,inf
24,60,inf,inf,inf,474.5366160793074,inf
24,61,inf,inf,inf,1270.226751410944,inf
24,62,inf,inf,inf,1264.9288517541213,inf
24,63,inf,inf,inf,885.7951230391823,inf
24,64,inf,inf,inf,795.2515325354614,inf
24,65,inf,inf,inf,1255.603838796298,inf
24,66,inf,inf,inf,120.3536455617361,inf
24,67,inf,inf,inf,715.0524456289902,inf
24,68,inf,inf,inf,912.6894323919829,inf
24,69,inf,inf,inf,1125.3110681051705,inf
24,70,inf,inf,inf,1299.4556552649267,inf
24,71,inf,inf,inf,1147.1987622029585,inf
24,72,inf,inf,inf,872.252830319283,inf
24,73,inf,inf,inf,1044.9114795043645,inf
24,74,inf,inf,inf,1461.4355955703281,inf
24,75,inf,inf,inf,156.33937443907084,inf
24,76,inf,inf,inf,237.36048533822978,inf
24,77,inf,inf,inf,1452.4892426451909,inf
24,78,inf,inf,inf,517.7219330876374,inf
24,79,inf,inf,inf,909.4377383856468,inf
24,80,inf,inf,inf,1141.2313525311158,inf
24,81,inf,inf,inf,675.0059258999139,inf
24,82,inf,inf,inf,1274.366509290008,inf
24,83,inf,inf,inf,751.4179928641581,inf
24,84,inf,inf,inf,960.2083107326243,inf
24,85,inf,inf,inf,395.5767940615324,inf
24,86,inf,inf,inf,692.6355463012276,inf
24,87,inf,inf,inf,766.5363657387691,inf
24,88,inf,inf,inf,956.7826294409823,inf
24,89,inf,inf,inf,1092.9043874008375,inf
24,90,inf,inf,inf,1276.421952177257,inf
24,91,inf,inf,inf,1146.982999002165,inf
24,92,inf,inf,inf,722.5634920199054,inf
24,93,inf,inf,inf,200.38463014912097,inf
24,94,inf,inf,inf,1467.3711187017414,inf
24,95,inf,inf,inf,797.5769555346994,inf
24,96,inf,inf,inf,822.073597678456,inf
24,97,inf,inf,inf,823.786987030021,inf
24,98,inf,inf,inf,1061.9905837623985,inf
24,99,inf,inf,inf,478.63660536987766,inf
24,100,inf,inf,inf,676.937958752499,inf
24,101,inf,inf,inf,819.5834307744392,inf
24,102,inf,inf,inf,561.3207639131124,inf
24,103,inf,inf,inf,328.3245345690754,inf
24,104,inf,inf,inf,438.36058216951943,inf
24,105,inf,inf,inf,657.4777562777314,inf
24,106,inf,inf,inf,558.5311092499683,inf
24,107,inf,inf,inf,723.3049149563412,inf
24,108,inf,inf,inf,1238.397755165924,inf
24,109,inf,inf,inf,199.1004771465905,inf
24,110,inf,inf,inf,720.9438258283374,inf
24,111,inf,inf,inf,382.6133818882973,inf
24,112,inf,inf,inf,1158.078581098882,inf
24,113,inf,inf,inf,591.7060080817162,inf
24,114,inf,inf,inf,869.5084818447718,inf
24,115,inf,inf,inf,394.0279177926356,inf
24,116,inf,inf,inf,931.9763945508491,inf
24,117,inf,inf,inf,1050.956231248476,inf
24,118,inf,inf,inf,420.67208131750317,inf
24,119,inf,inf,inf,1358.5731485643312,inf
24,120,inf,inf,inf,140.61649974309557,inf
24,121,inf,inf,inf,534.9887849291796,inf
24,122,inf,inf,inf,489.5385582362231,inf
25,26,inf,inf,inf,1096.8650783027053,inf
25,27,inf,inf,inf,199.7223072167954,inf
25,28,inf,inf,inf,493.2555118799992,inf
25,29,inf,inf,inf,98.29038610159185,inf
25,30,inf,inf,inf,568.6800506435934,inf
25,31,inf,inf,inf,108.85311203635843,inf
25,32,inf,inf,inf,1035.6611414936838,inf
25,33,inf,inf,inf,1091.287771396711,inf
25,34,inf,inf,inf,842.4737384631048,inf
25,35,inf,inf,inf,376.19675703014775,inf
25,36,inf,inf,inf,334.5743564590687,inf
25,37,inf,inf,inf,627.5165336467239,inf
25,38,inf,inf,inf,742.3651392677326,inf
25,39,inf,inf,inf,800.3155627625893,inf
25,40,inf,inf,inf,975.3040551540837,inf
25,41,inf,inf,inf,178.19090885900997,inf
25,42,inf,inf,inf,290.0431002454635,inf
25,43,inf,inf,inf,60.03332407921454,inf
25,44,inf,inf,inf,633.9668761063152,inf
25,45,inf,inf,inf,266.73207531153804,inf
25,46,inf,inf,inf,334.9059569491113,inf
25,47,inf,inf,inf,709.6625958862422,inf
25,48,inf,inf,inf,262.0934947685654,inf
25,49,inf,inf,inf,335.49068541466244,inf
25,50,inf,inf,inf,1087.6584941975123,inf
25,51,inf,inf,inf,790.9943109782776,inf
25,52,inf,inf,inf,1061.821077206513,inf
25,53,inf,inf,inf,361.3654659759286,inf
25,54,inf,inf,inf,328.20725159569525,inf
25,55,inf,inf,inf,452.9602631578183,inf
25,56,inf,inf,inf,469.83507744739535,inf
25,57,inf,inf,inf,188.55768348173987,inf
25,58,inf,inf,inf,679.1413696720293,inf
25,59,inf,inf,inf,401.034911198514,inf
25,60,inf,inf,inf,1130.333136734476,inf
25,61,inf,inf,inf,949.3281835066311,inf
25,62,inf,inf,inf,441.3671940686122,inf
25,63,inf,inf,inf,421.68353062456686,inf
25,64,inf,inf,inf,348.69040709488985,inf
25,65,inf,inf,inf,833.3816652650813,inf
25,66,inf,inf,inf,1000.6243051215577,inf
25,67,inf,inf,inf,840.3427872005566,inf
25,68,inf,inf,inf,527.0540769219037,inf
25,69,inf,inf,inf,741.8146668811557,inf
25,70,inf,inf,inf,266.3174797117155,inf
25,71,inf,inf,inf,113.22985472038724,inf
25,72,inf,inf,inf,243.03291958086666,inf
25,73,inf,inf,inf,1037.892094584018,inf
25,74,inf,inf,inf,487.79708896220365,inf
25,75,inf,inf,inf,1040.9697401942094,inf
25,76,inf,inf,inf,818.2420179873434,inf
25,77,inf,inf,inf,451.81522772035913,inf
25,78,inf,inf,inf,616.168808038836,inf
25,79,inf,inf,inf,1111.7198388083214,inf
25,80,inf,inf,inf,373.2894319425612,inf
25,81,inf,inf,inf,677.2953565469056,inf
25,82,inf,inf,inf,538.1765509570256,inf
25,83,inf,inf,inf,292.00171232374646,inf
25,84,inf,inf,inf,128.14054783713078,inf
25,85,inf,inf,inf,874.7508216629465,inf
25,86,inf,inf,inf,854.0,inf
25,87,inf,inf,inf,1017.7475128930554,inf
25,88,inf,inf,inf,460.75698583960724,inf
25,89,inf,inf,inf,245.15301344262525,inf
25,90,inf,inf,inf,246.89471440271862,inf
25,91,inf,inf,inf,1028.2149580705388,inf
25,92,inf,inf,inf,941.1195460726549,inf
25,93,inf,inf,inf,1046.847648896438,inf
25,94,inf,inf,inf,575.633563997097,inf
25,95,inf,inf,inf,508.0088581904847,inf
25,96,inf,inf,inf,796.3548204161258,inf
25,97,inf,inf,inf,382.69700808864445,inf
25,98,inf,inf,inf,64.40496875241847,inf
25,99,inf,inf,inf,998.7937725076183,inf
25,100,inf,inf,inf,1133.448278484731,inf
25,101,inf,inf,inf,217.22108553268947,inf
25,102,inf,inf,inf,642.4772369508511,inf
25,103,inf,inf,inf,1081.1406014020563,inf
25,104,inf,inf,inf,654.7213147591882,inf
25,105,inf,inf,inf,976.9692932738469,inf
25,106,inf,inf,inf,715.6570407674335,inf
25,107,inf,inf,inf,710.8319069934888,inf
25,108,inf,inf,inf,463.76394857729076,inf
25,109,inf,inf,inf,872.0624977603383,inf
25,110,inf,inf,inf,319.3305497443049,inf
25,111,inf,inf,inf,680.0948463265988,inf
25,112,inf,inf,inf,230.67292862405853,inf
25,113,inf,inf,inf,1139.150560724964,inf
25,114,inf,inf,inf,381.1469532870491,inf
25,115,inf,inf,inf,650.299930801165,inf
25,116,inf,inf,inf,571.4962817026897,inf
25,117,inf,inf,inf,1072.34182982853,inf
25,118,inf,inf,inf,1026.8091351366133,inf
25,119,inf,inf,inf,453.35306329614673,inf
25,120,inf,inf,inf,1079.806001094641,inf
25,121,inf,inf,inf,606.8418245309069,inf
25,122,inf,inf,inf,990.5251132606381,inf
26,27,inf,inf,inf,1293.3808410518536,inf
26,28,inf,inf,inf,859.6848259682149,inf
26,29,inf,inf,inf,1162.2082429582058,inf
26,30,inf,inf,inf,551.0880147490054,inf
26,31,inf,inf,inf,1002.1347214820969,inf
26,32,inf,inf,inf,141.4390328021229,inf
26,33,inf,inf,inf,39.11521443121589,inf
26,34,inf,inf,inf,391.0818328687744,inf
26,35,inf,inf,inf,740.4924037422667,inf
26,36,inf,inf,inf,1395.9688391937693,inf
26,37,inf,inf,inf,972.929596630712,inf
26,38,inf,inf,inf,355.12392203285884,inf
26,39,inf,inf,inf,1234.6740460542612,inf
26,40,inf,inf,inf,199.20090361240835,inf
26,41,inf,inf,inf,1238.3396141608328,inf
26,42,inf,inf,inf,1304.6447792406943,inf
26,43,inf,inf,inf,1146.6773739810164,inf
26,44,inf,inf,inf,477.2095975564616,inf
26,45,inf,inf,inf,832.8223099797459,inf
26,46,inf,inf,inf,1424.590116489652,inf
26,47,inf,inf,inf,481.5184316306075,inf
26,48,inf,inf,inf,1297.169996569455,inf
26,49,inf,inf,inf,1429.7863476757639,inf
26,50,inf,inf,inf,192.634368688456,inf
26,51,inf,inf,inf,894.2958123574101,inf
26,52,inf,inf,inf,78.77182237323191,inf
26,53,inf,inf,inf,1130.030973026846,inf
26,54,inf,inf,inf,1327.055763711533,inf
26,55,inf,inf,inf,1297.9160219367045,inf
26,56,inf,inf,inf,635.4337101539388,inf
26,57,inf,inf,inf,1161.1154120069202,inf
26,58,inf,inf,inf,509.6979497702536,inf
26,59,inf,inf,inf,1431.3804525701753,inf
26,60,inf,inf,inf,419.1443665373543,inf
26,61,inf,inf,inf,598.1212251709514,inf
26,62,inf,inf,inf,993.6216583790834,inf
26,63,inf,inf,inf,1268.1908373742494,inf
26,64,inf,inf,inf,1124.0071174151878,inf
26,65,inf,inf,inf,664.7044455996966,inf
26,66,inf,inf,inf,938.7193403781558,inf
26,67,inf,inf,inf,261.9790067925291,inf
26,68,inf,inf,inf,604.5866356445534,inf
26,69,inf,inf,inf,588.3145417206683,inf
26,70,inf,inf,inf,1268.044951884593,inf
26,71,inf,inf,inf,1163.0038692970888,inf
26,72,inf,inf,inf,854.5431528015423,inf
26,73,inf,inf,inf,268.06156009394556,inf
26,74,inf,inf,inf,1263.4496428429588,inf
26,75,inf,inf,inf,694.7524739070743,inf
26,76,inf,inf,inf,881.5310544728416,inf
26,77,inf,inf,inf,1299.3421412391733,inf
26,78,inf,inf,inf,594.2802369253078,inf
26,79,inf,inf,inf,69.35416353759881,inf
26,80,inf,inf,inf,1413.5006190306392,inf
26,81,inf,inf,inf,430.8131845707603,inf
26,82,inf,inf,inf,923.194995653681,inf
26,83,inf,inf,inf,972.8895106845381,inf
26,84,inf,inf,inf,1120.8037294727387,inf
26,85,inf,inf,inf,1122.4232713196925,inf
26,86,inf,inf,inf,256.09568524284043,inf
26,87,inf,inf,inf,92.65527507918802,inf
26,88,inf,inf,inf,1349.5732658881473,inf
26,89,inf,inf,inf,1302.01574491248,inf
26,90,inf,inf,inf,1312.1844382555373,inf
26,91,inf,inf,inf,394.55417878917467,inf
26,92,inf,inf,inf,170.3907274472411,inf
26,93,inf,inf,inf,653.8264295667467,inf
26,94,inf,inf,inf,1170.318332762501,inf
26,95,inf,inf,inf,1249.4862944426402,inf
26,96,inf,inf,inf,310.85044635644323,inf
26,97,inf,inf,inf,714.1988518613006,inf
26,98,inf,inf,inf,1157.2385233822802,inf
26,99,inf,inf,inf,364.4722211636986,inf
26,100,inf,inf,inf,205.99514557387025,inf
26,101,inf,inf,inf,977.7658206339594,inf
26,102,inf,inf,inf,1117.269886822338,inf
26,103,inf,inf,inf,541.2818119981495,inf
26,104,inf,inf,inf,636.0070754323414,inf
26,105,inf,inf,inf,194.0103090044444,inf
26,106,inf,inf,inf,450.75048530201275,inf
26,107,inf,inf,inf,1314.2925853857655,inf
26,108,inf,inf,inf,940.8187923293199,inf
26,109,inf,inf,inf,905.6765427016425,inf
26,110,inf,inf,inf,948.5067211148269,inf
26,111,inf,inf,inf,685.9737604311115,inf
26,112,inf,inf,inf,1042.2653213073916,inf
26,113,inf,inf,inf,301.21254953935767,inf
26,114,inf,inf,inf,721.0561697953912,inf
26,115,inf,inf,inf,737.6211764855996,inf
26,116,inf,inf,inf,1398.147703213076,inf
26,117,inf,inf,inf,253.06125740618614,inf
26,118,inf,inf,inf,427.3289131336657,inf
26,119,inf,inf,inf,1117.5705794266419,inf
26,120,inf,inf,inf,730.4847705462448,inf
26,121,inf,inf,inf,589.3878179942303,inf
26,122,inf,inf,inf,353.1925820285585,inf
27,28,inf,inf,inf,662.148019705564,inf
27,29,inf,inf,inf,175.3681841155915,inf
27,30,inf,inf,inf,768.4009370114017,inf
27,31,inf,inf,inf,292.24647132172527,inf
27,32,inf,inf,inf,1227.1320222372162,inf
27,33,inf,inf,inf,1286.5410992269155,inf
27,34,inf,inf,inf,1021.8243488975979,inf
27,35,inf,inf,inf,562.1503357643754,inf
27,36,inf,inf,inf,227.37853900489378,inf
27,37,inf,inf,inf,769.8324493030935,inf
27,38,inf,inf,inf,938.343753642555,inf
27,39,inf,inf,inf,822.4949847871414,inf
27,40,inf,inf,inf,1165.0618009358989,inf
27,41,inf,inf,inf,96.93812459502195,inf
27,42,inf,inf,inf,181.3394606807906,inf
27,43,inf,inf,inf,163.783393541592,inf
27,44,inf,inf,inf,825.2423886349998,inf
27,45,inf,inf,inf,466.1641341845166,inf
27,46,inf,inf,inf,174.80560631741764,inf
27,47,inf,inf,inf,888.4739726069639,inf
27,48,inf,inf,inf,222.22511109233358,inf
27,49,inf,inf,inf,136.4734406395618,inf
27,50,inf,inf,inf,1287.3515448392486,inf
27,51,inf,inf,inf,947.9857593867115,inf
27,52,inf,inf,inf,1260.1321359286096,inf
27,53,inf,inf,inf,390.77870975783725,inf
27,54,inf,inf,inf,294.96609974707263,inf
27,55,inf,inf,inf,478.94049734805265,inf
27,56,inf,inf,inf,661.5512073906298,inf
27,57,inf,inf,inf,264.48629454094595,inf
27,58,inf,inf,inf,857.0239203196139,inf
27,59,inf,inf,inf,242.66849816158668,inf
27,60,inf,inf,inf,1302.7125546336,inf
27,61,inf,inf,inf,1137.160059094585,inf
27,62,inf,inf,inf,582.2250424019908,inf
27,63,inf,inf,inf,381.3790765104976,inf
27,64,inf,inf,inf,381.47345910298924,inf
27,65,inf,inf,inf,1016.6071020802481,inf
27,66,inf,inf,inf,1102.5878649794763,inf
27,67,inf,inf,inf,1035.0193234911123,inf
27,68,inf,inf,inf,726.4055341198881,inf
27,69,inf,inf,inf,932.9523031752481,inf
27,70,inf,inf,inf,260.9291091465266,inf
27,71,inf,inf,inf,188.73261509341728,inf
27,72,inf,inf,inf,438.9829153850979,inf
27,73,inf,inf,inf,1237.3992888312164,inf
27,74,inf,inf,inf,536.1538958172364,inf
27,75,inf,inf,inf,1181.68058289878,inf
27,76,inf,inf,inf,924.6280333193451,inf
27,77,inf,inf,inf,476.82281824593923,inf
27,78,inf,inf,inf,787.0152476286594,inf
27,79,inf,inf,inf,1309.9312959083006,inf
27,80,inf,inf,inf,211.7026216181557,inf
27,81,inf,inf,inf,869.7045475332413,inf
27,82,inf,inf,inf,692.0440737409721,inf
27,83,inf,inf,inf,408.78845384868686,inf
27,84,inf,inf,inf,199.81241202688085,inf
27,85,inf,inf,inf,932.0450632882511,inf
27,86,inf,inf,inf,1047.4449866222092,inf
27,87,inf,inf,inf,1212.6487537617807,inf
27,88,inf,inf,inf,383.4188310451118,inf
27,89,inf,inf,inf,107.29864864013899,inf
27,90,inf,inf,inf,171.14321488157222,inf
27,91,inf,inf,inf,1225.4407370411675,inf
27,92,inf,inf,inf,1135.160341097239,inf
27,93,inf,inf,inf,1192.9513820772413,inf
27,94,inf,inf,inf,666.9790101644878,inf
27,95,inf,inf,inf,490.84620809373683,inf
27,96,inf,inf,inf,995.1130589033589,inf
27,97,inf,inf,inf,580.1810062385704,inf
27,98,inf,inf,inf,136.69308687713507,inf
27,99,inf,inf,inf,1175.2897515081122,inf
27,100,inf,inf,inf,1321.1873447774165,inf
27,101,inf,inf,inf,355.5502777386062,inf
27,102,inf,inf,inf,685.8002624671414,inf
27,103,inf,inf,inf,1240.9093439893181,inf
27,104,inf,inf,inf,813.2976085050293,inf
27,105,inf,inf,inf,1167.0209938128792,inf
27,106,inf,inf,inf,898.4798272638068,inf
27,107,inf,inf,inf,697.6854592149674,inf
27,108,inf,inf,inf,617.0591543766286,inf
27,109,inf,inf,inf,974.9379467432786,inf
27,110,inf,inf,inf,440.5961870012041,inf
27,111,inf,inf,inf,827.2762537387375,inf
27,112,inf,inf,inf,374.54639232009697,inf
27,113,inf,inf,inf,1320.8909871749447,inf
27,114,inf,inf,inf,580.6375805956759,inf
27,115,inf,inf,inf,789.4536085166753,inf
27,116,inf,inf,inf,498.94388462030474,inf
27,117,inf,inf,inf,1271.9441811651957,inf
27,118,inf,inf,inf,1197.4639869323837,inf
27,119,inf,inf,inf,555.4979747937881,inf
27,120,inf,inf,inf,1216.928099765964,inf
27,121,inf,inf,inf,779.9487162628066,inf
27,122,inf,inf,inf,1168.1082997736125,inf
28,29,inf,inf,inf,486.9517429889742,inf
28,30,inf,inf,inf,350.90739519138094,inf
28,31,inf,inf,inf,481.1070566932063,inf
28,32,inf,inf,inf,863.2039156537695,inf
28,33,inf,inf,inf,871.6168883173386,inf
28,34,inf,inf,inf,792.2783601739984,inf
28,35,inf,inf,inf,473.8027015541385,inf
28,36,inf,inf,inf,644.5843622055999,inf
28,37,inf,inf,inf,181.6865432551349,inf
28,38,inf,inf,inf,573.3384689692468,inf
28,39,inf,inf,inf,1173.6617911476883,inf
28,40,inf,inf,inf,826.8282772135941,inf
28,41,inf,inf,inf,669.8365472262618,inf
28,42,inf,inf,inf,783.2981552384762,inf
28,43,inf,inf,inf,503.1152949374527,inf
28,44,inf,inf,inf,553.1771868036498,inf
28,45,inf,inf,inf,345.2202195700594,inf
28,46,inf,inf,inf,711.8602390919161,inf
28,47,inf,inf,inf,694.9546747810249,inf
28,48,inf,inf,inf,543.955880563856,inf
28,49,inf,inf,inf,778.0520548138152,inf
28,50,inf,inf,inf,770.2480120065225,inf
28,51,inf,inf,inf,301.66372005927394,inf
28,52,inf,inf,inf,797.2960554273425,inf
28,53,inf,inf,inf,791.386125731302,inf
28,54,inf,inf,inf,540.5339952306423,inf
28,55,inf,inf,inf,452.6367196770496,inf
28,56,inf,inf,inf,463.0010799123475,inf
28,57,inf,inf,inf,418.69917602020666,inf
28,58,inf,inf,inf,678.770948111364,inf
28,59,inf,inf,inf,890.7165654684997,inf
28,60,inf,inf,inf,1074.4021593425807,inf
28,61,inf,inf,inf,495.0646422438185,inf
28,62,inf,inf,inf,137.81872151489435,inf
28,63,inf,inf,inf,890.5649892062903,inf
28,64,inf,inf,inf,778.6770832636595,inf
28,65,inf,inf,inf,365.40662281901785,inf
28,66,inf,inf,inf,1204.831938487688,inf
28,67,inf,inf,inf,665.6763477847173,inf
28,68,inf,inf,inf,299.24738929521175,inf
28,69,inf,inf,inf,319.06112267087633,inf
28,70,inf,inf,inf,499.2354154104054,inf
28,71,inf,inf,inf,475.0789408087881,inf
28,72,inf,inf,inf,397.7863748295057,inf
28,73,inf,inf,inf,694.8618567744239,inf
28,74,inf,inf,inf,408.1384568991263,inf
28,75,inf,inf,inf,1128.292958411068,inf
28,76,inf,inf,inf,1036.6547159011047,inf
28,77,inf,inf,inf,454.53272709454046,inf
28,78,inf,inf,inf,672.7176227809109,inf
28,79,inf,inf,inf,844.241671560934,inf
28,80,inf,inf,inf,861.6089600276914,inf
28,81,inf,inf,inf,570.3770682627414,inf
28,82,1.0,94.8406,94.84062043356589,84.52810183601665,1.1220010667878877
28,83,inf,inf,inf,642.1993459977984,inf
28,84,inf,inf,inf,604.4377552734442,inf
28,85,inf,inf,inf,1186.2225760792112,inf
28,86,inf,inf,inf,690.8668467946627,inf
28,87,inf,inf,inf,811.2515023098571,inf
28,88,inf,inf,inf,943.3694928287644,inf
28,89,inf,inf,inf,734.4365186998806,inf
28,90,inf,inf,inf,583.3575233079625,inf
28,91,inf,inf,inf,636.9654621720082,inf
28,92,inf,inf,inf,755.8154536657742,inf
28,93,inf,inf,inf,1114.4258611500363,inf
28,94,inf,inf,inf,316.45694809878955,inf
28,95,inf,inf,inf,953.1516143825179,inf
28,96,inf,inf,inf,561.4712815451918,inf
28,97,inf,inf,inf,374.2325480232846,inf
28,98,inf,inf,inf,550.8475288135547,inf
28,99,inf,inf,inf,937.832607665142,inf
28,100,inf,inf,inf,980.991335333804,inf
28,101,inf,inf,inf,575.7846819775601,inf
28,102,inf,inf,inf,1005.5098209366232,inf
28,103,inf,inf,inf,1090.61817333107,inf
28,104,inf,inf,inf,751.7293395897223,inf
28,105,inf,inf,inf,825.6791144264217,inf
28,106,inf,inf,inf,674.2833232403127,inf
28,107,inf,inf,inf,1133.4835684737561,inf
28,108,inf,inf,inf,82.37718130647589,inf
28,109,inf,inf,inf,1090.7098605953831,inf
28,110,inf,inf,inf,648.463568753095,inf
28,111,inf,inf,inf,811.4493206602616,inf
28,112,inf,inf,inf,290.4083332137699,inf
28,113,inf,inf,inf,1028.2747687267251,inf
28,114,inf,inf,inf,326.4659247149693,inf
28,115,inf,inf,inf,815.2110156272423,inf
28,116,inf,inf,inf,1047.0171918359315,inf
28,117,inf,inf,inf,731.8920685456292,inf
28,118,inf,inf,inf,993.0357496082404,inf
28,119,inf,inf,inf,260.4496112494699,inf
28,120,inf,inf,inf,1174.4283715918991,inf
28,121,inf,inf,inf,655.6645483782085,inf
28,122,inf,inf,inf,924.558813705218,inf
29,30,inf,inf,inf,621.4064692292799,inf
29,31,inf,inf,inf,203.29781110479277,inf
29,32,inf,inf,inf,1109.1731154332942,inf
29,33,inf,inf,inf,1159.1246697400586,inf
29,34,inf,inf,inf,926.9201691623718,inf
29,35,inf,inf,inf,460.17931287705665,inf
29,36,inf,inf,inf,244.468811916776,inf
29,37,inf,inf,inf,597.6286472384,inf
29,38,inf,inf,inf,810.38571063414,inf
29,39,inf,inf,inf,887.3353368372073,inf
29,40,inf,inf,inf,1050.9676493593893,inf
29,41,inf,inf,inf,204.12006270820123,inf
29,42,inf,inf,inf,321.2880327681067,inf
29,43,inf,inf,inf,43.46262762420146,inf
29,44,inf,inf,inf,709.809129273497,inf
29,45,inf,inf,inf,330.3407331831786,inf
29,46,inf,inf,inf,262.68802789621,inf
29,47,inf,inf,inf,795.0874165775735,inf
29,48,inf,inf,inf,164.61470165206995,inf
29,49,inf,inf,inf,295.95438837766875,inf
29,50,inf,inf,inf,1139.5174417269795,inf
29,51,inf,inf,inf,773.3724846411333,inf
29,52,inf,inf,inf,1122.4548988712197,inf
29,53,inf,inf,inf,444.9202175671499,inf
29,54,inf,inf,inf,229.94129685639334,inf
29,55,inf,inf,inf,365.0452026804352,inf
29,56,inf,inf,inf,546.8528138356792,inf
29,57,inf,inf,inf,107.07474025184464,inf
29,58,inf,inf,inf,765.2711937607478,inf
29,59,inf,inf,inf,411.40004861448426,inf
29,60,inf,inf,inf,1217.5426070573465,inf
29,61,inf,inf,inf,965.8700740782892,inf
29,62,inf,inf,inf,409.41421567893804,inf
29,63,inf,inf,inf,486.0,inf
29,64,inf,inf,inf,432.7493500861671,inf
29,65,inf,inf,inf,843.4974807312705,inf
29,66,inf,inf,inf,1098.8148160631981,inf
29,67,inf,inf,inf,910.1631721839772,inf
29,68,inf,inf,inf,574.8191019790487,inf
29,69,inf,inf,inf,764.4305069788882,inf
29,70,inf,inf,inf,168.6001186239203,inf
29,71,inf,inf,inf,19.026297590440446,inf
29,72,inf,inf,inf,318.90437438203946,inf
29,73,inf,inf,inf,1084.138828748422,inf
29,74,inf,inf,inf,407.1719538475115,inf
29,75,inf,inf,inf,1137.160059094585,inf
29,76,inf,inf,inf,916.4698576603597,inf
29,77,inf,inf,inf,363.6289317422364,inf
29,78,inf,inf,inf,706.0347016967368,inf
29,79,inf,inf,inf,1172.5365665939805,inf
29,80,inf,inf,inf,381.08266819681,inf
29,81,inf,inf,inf,751.4093425024738,inf
29,82,inf,inf,inf,517.4060301156143,inf
29,83,inf,inf,inf,389.65882512782895,inf
29,84,inf,inf,inf,207.78113485107352,inf
29,85,inf,inf,inf,968.653704891485,inf
29,86,inf,inf,inf,925.65058202326,inf
29,87,inf,inf,inf,1086.4423592625612,inf
29,88,inf,inf,inf,512.2850768859073,inf
29,89,inf,inf,inf,258.9382165691268,inf
29,90,inf,inf,inf,156.32018423735306,inf
29,91,inf,inf,inf,1063.8030832818638,inf
29,92,inf,inf,inf,1011.4964162071955,inf
29,93,inf,inf,inf,1142.151040799771,inf
29,94,inf,inf,inf,514.0437724552258,inf
29,95,inf,inf,inf,581.7559625822498,inf
29,96,inf,inf,inf,856.3947687836492,inf
29,97,inf,inf,inf,451.2826165497625,inf
29,98,inf,inf,inf,98.6154146165801,inf
29,99,inf,inf,inf,1084.295162767039,inf
29,100,inf,inf,inf,1210.6072856215594,inf
29,101,inf,inf,inf,315.48375552474965,inf
29,102,inf,inf,inf,732.9529316402247,inf
29,103,inf,inf,inf,1173.170916789195,inf
29,104,inf,inf,inf,748.3775784989821,inf
29,105,inf,inf,inf,1052.3117408829003,inf
29,106,inf,inf,inf,798.4985911070852,inf
29,107,inf,inf,inf,788.1884292477275,inf
29,108,inf,inf,inf,442.28949795354623,inf
29,109,inf,inf,inf,970.2257469269716,inf
29,110,inf,inf,inf,417.39789170526484,inf
29,111,inf,inf,inf,776.0257727678894,inf
29,112,inf,inf,inf,199.4818287463798,inf
29,113,inf,inf,inf,1221.0671562203283,inf
29,114,inf,inf,inf,441.1915683691156,inf
29,115,inf,inf,inf,747.4068503833772,inf
29,116,inf,inf,inf,626.9968101992226,inf
29,117,inf,inf,inf,1119.5713465429526,inf
29,118,inf,inf,inf,1115.0542587695004,inf
29,119,inf,inf,inf,395.9040287746514,inf
29,120,inf,inf,inf,1176.4352935882193,inf
29,121,inf,inf,inf,695.8060074474781,inf
29,122,inf,inf,inf,1075.451997998981,inf
30,31,inf,inf,inf,489.61209135396155,inf
30,32,inf,inf,inf,526.8178053179296,inf
30,33,inf,inf,inf,554.2309987721726,inf
30,34,inf,inf,inf,443.5414298574599,inf
30,35,inf,inf,inf,287.2368360778262,inf
30,36,inf,inf,inf,848.1326547185882,inf
30,37,inf,inf,inf,511.9550761541485,inf
30,38,inf,inf,inf,225.8782858089728,inf
30,39,inf,inf,inf,989.4372137735674,inf
30,40,inf,inf,inf,483.12006789203036,inf
30,41,inf,inf,inf,729.937668571776,inf
30,42,inf,inf,inf,817.2465968115132,inf
30,43,inf,inf,inf,611.7556701821406,inf
30,44,inf,inf,inf,212.61467494037188,inf
30,45,inf,inf,inf,303.382596732245,inf
30,46,inf,inf,inf,883.6249204272139,inf
30,47,inf,inf,inf,358.73388465546435,inf
30,48,inf,inf,inf,748.0427795253424,inf
30,49,inf,inf,inf,903.8169062370985,inf
30,50,inf,inf,inf,519.2937511659466,inf
30,51,inf,inf,inf,531.6474395687428,inf
30,52,inf,inf,inf,504.0009920625157,inf
30,53,inf,inf,inf,711.5869588462116,inf
30,54,inf,inf,inf,776.0315715227055,inf
30,55,inf,inf,inf,755.618951588696,inf
30,56,inf,inf,inf,202.2325394193526,inf
30,57,inf,inf,inf,611.2650816135337,inf
30,58,inf,inf,inf,349.11602655850675,inf
30,59,inf,inf,inf,942.8637229207623,inf
30,60,inf,inf,inf,723.52747010739,inf
30,61,inf,inf,inf,469.6221885728995,inf
30,62,inf,inf,inf,468.48052254069216,inf
30,63,inf,inf,inf,841.9323013164419,inf
30,64,inf,inf,inf,701.519778766073,inf
30,65,inf,inf,inf,405.62297765289384,inf
30,66,inf,inf,inf,912.1951545584968,inf
30,67,inf,inf,inf,323.51352367404985,inf
30,68,inf,inf,inf,55.54277630799526,inf
30,69,inf,inf,inf,273.1300056749533,inf
30,70,inf,inf,inf,717.4761320071909,inf
30,71,inf,inf,inf,619.9645151135668,inf
30,72,inf,inf,inf,340.3439436805068,inf
30,73,inf,inf,inf,470.5581791872287,inf
30,74,inf,inf,inf,729.0438944261175,inf
30,75,inf,inf,inf,796.2443092418306,inf
30,76,inf,inf,inf,763.0235907231178,inf
30,77,inf,inf,inf,756.7985200831196,inf
30,78,inf,inf,inf,368.57156699886656,inf
30,79,inf,inf,inf,554.0036100965408,inf
30,80,inf,inf,inf,919.9315191904233,inf
30,81,inf,inf,inf,221.81523843054606,inf
30,82,inf,inf,inf,430.9350299059012,inf
30,83,inf,inf,inf,539.0398872068745,inf
30,84,inf,inf,inf,622.1519107099166,inf
30,85,inf,inf,inf,954.829827770373,inf
30,86,inf,inf,inf,346.6193878016635,inf
30,87,inf,inf,inf,486.04629409141677,inf
30,88,inf,inf,inf,914.9043665870221,inf
30,89,inf,inf,inf,797.4590898597871,inf
30,90,inf,inf,inf,766.322386466688,inf
30,91,inf,inf,inf,477.22217048247035,inf
30,92,inf,inf,inf,420.42954225410944,inf
30,93,inf,inf,inf,777.7461025296109,inf
30,94,inf,inf,inf,665.1443452364306,inf
30,95,inf,inf,inf,863.8807788115209,inf
30,96,inf,inf,inf,240.30397416605493,inf
30,97,2.0,251.1371,251.13708498984795,205.80087463370995,1.220291631106178
30,98,inf,inf,inf,632.285536763257,inf
30,99,inf,inf,inf,586.9599645631719,inf
30,100,inf,inf,inf,641.5793014117585,inf
30,101,inf,inf,inf,509.4389070340034,inf
30,102,inf,inf,inf,830.119268539166,inf
30,103,inf,inf,inf,743.6181815959047,inf
30,104,inf,inf,inf,452.7703612207849,inf
30,105,inf,inf,inf,482.57849102503525,inf
30,106,inf,inf,inf,332.412394474093,inf
30,107,inf,inf,inf,999.2241990664558,inf
30,108,inf,inf,inf,422.6038333948238,inf
30,109,inf,inf,inf,812.6302972446941,inf
30,110,inf,inf,inf,527.2655877259581,inf
30,111,inf,inf,inf,519.9249945905659,inf
30,112,inf,inf,inf,491.1873369703254,inf
30,113,inf,inf,inf,681.2965580420909,inf
30,114,inf,inf,inf,189.87364219396014,inf
30,115,inf,inf,inf,540.3341558702356,inf
30,116,inf,inf,inf,993.5577486990879,inf
30,117,inf,inf,inf,504.33520598903266,inf
30,118,inf,inf,inf,642.9494536897904,inf
30,119,inf,inf,inf,589.0415944566224,inf
30,120,inf,inf,inf,842.8439950548382,inf
30,121,inf,inf,inf,351.2833614050059,inf
30,122,inf,inf,inf,573.6558201569998,inf
31,32,inf,inf,inf,935.0192511387132,inf
31,33,inf,inf,inf,994.6436547829579,inf
31,34,inf,inf,inf,735.6337403898764,inf
31,35,inf,inf,inf,271.15493725912495,inf
31,36,inf,inf,inf,443.36553767743385,inf
31,37,inf,inf,inf,636.6804536029043,inf
31,38,inf,inf,inf,647.0123646422841,inf
31,39,inf,inf,inf,737.4021969047827,inf
31,40,inf,inf,inf,873.3298345985896,inf
31,41,inf,inf,inf,240.75921581530375,inf
31,42,inf,inf,inf,331.30650461468457,inf
31,43,inf,inf,inf,168.62087652482418,inf
31,44,inf,inf,inf,533.060034142497,inf
31,45,inf,inf,inf,188.48076824970764,inf
31,46,inf,inf,inf,441.13149966874954,inf
31,47,inf,inf,inf,602.5363059600642,inf
31,48,inf,inf,inf,367.8369203872825,inf
31,49,inf,inf,inf,428.1973843918246,inf
31,50,inf,inf,inf,1004.3555147456502,inf
31,51,inf,inf,inf,782.7419753660845,inf
31,52,inf,inf,inf,971.0308954920024,inf
31,53,inf,inf,inf,317.0678160898706,inf
31,54,inf,inf,inf,430.3916820757576,inf
31,55,inf,inf,inf,534.6026561849463,inf
31,56,inf,inf,inf,369.30475220338013,inf
31,57,inf,inf,inf,275.0,inf
31,58,inf,inf,inf,571.7429492350561,inf
31,59,inf,inf,inf,454.81424779793343,inf
31,60,inf,inf,inf,1022.242632646477,inf
31,61,inf,inf,inf,901.7344398435716,inf
31,62,inf,inf,inf,460.0630391587657,inf
31,63,inf,inf,inf,409.49969474958095,inf
31,64,inf,inf,inf,304.05591591021545,inf
31,65,inf,inf,inf,794.0793411240467,inf
31,66,inf,inf,inf,903.0105204259804,inf
31,67,inf,inf,inf,743.0269174128216,inf
31,68,inf,inf,inf,454.0936026856137,inf
31,69,inf,inf,inf,690.7155709841787,inf
31,70,inf,inf,inf,366.6115110031326,inf
31,71,inf,inf,inf,215.23010941780427,inf
31,72,inf,inf,inf,150.5257453062432,inf
31,73,inf,inf,inf,959.9817706602558,inf
31,74,inf,inf,inf,559.3254866354653,inf
31,75,inf,inf,inf,933.865622024925,inf
31,76,inf,inf,inf,720.4338970370565,inf
31,77,inf,inf,inf,533.8464198624919,inf
31,78,inf,inf,inf,507.56772947065895,inf
31,79,inf,inf,inf,1020.5959043617606,inf
31,80,inf,inf,inf,430.88977708922266,inf
31,81,inf,inf,inf,577.4582235971707,inf
31,82,inf,inf,inf,540.123134109251,inf
31,83,inf,inf,inf,204.63626267111115,inf
31,84,inf,inf,inf,135.8712625980932,inf
31,85,inf,inf,inf,794.7955712005446,inf
31,86,inf,inf,inf,755.2251319970754,inf
31,87,inf,inf,inf,920.6590031059274,inf
31,88,inf,inf,inf,465.2418725781247,inf
31,89,inf,inf,inf,307.92369184588574,inf
31,90,inf,inf,inf,355.5418400132395,inf
31,91,inf,inf,inf,960.5670200459726,inf
31,92,inf,inf,inf,842.9976275174207,inf
31,93,inf,inf,inf,938.9893503123451,inf
31,94,inf,inf,inf,622.2965530998866,inf
31,95,inf,inf,inf,476.27093129856246,inf
31,96,inf,inf,inf,707.498409892206,inf
31,97,inf,inf,inf,291.8938163099726,inf
31,98,inf,inf,inf,158.71042813879623,inf
31,99,inf,inf,inf,891.3686106207689,inf
31,100,inf,inf,inf,1030.2465724281735,inf
31,101,inf,inf,inf,125.53883861180172,inf
31,102,inf,inf,inf,573.4823449767221,inf
31,103,inf,inf,inf,972.2962511498232,inf
31,104,inf,inf,inf,546.0741707863502,inf
31,105,inf,inf,inf,875.2062614035619,inf
31,106,inf,inf,inf,609.8278445594298,inf
31,107,inf,inf,inf,667.8001197963355,inf
31,108,inf,inf,inf,469.81911412798013,inf
31,109,inf,inf,inf,774.9735479356699,inf
31,110,inf,inf,inf,227.2377609465469,inf
31,111,inf,inf,inf,572.728556997117,inf
31,112,inf,inf,inf,269.14122686797725,inf
31,113,inf,inf,inf,1033.2594059576713,inf
31,114,inf,inf,inf,299.7665758552811,inf
31,115,inf,inf,inf,544.5851632205931,inf
31,116,inf,inf,inf,566.202260680757,inf
31,117,inf,inf,inf,993.3227068782834,inf
31,118,inf,inf,inf,918.4508696713178,inf
31,119,inf,inf,inf,499.24943665466463,inf
31,120,inf,inf,inf,973.2265923206168,inf
31,121,inf,inf,inf,498.47768254958015,inf
31,122,inf,inf,inf,883.3419496435115,inf
32,33,inf,inf,inf,105.47511554864494,inf
32,34,inf,inf,inf,262.48809496813374,inf
32,35,inf,inf,inf,665.72216426975,inf
32,36,inf,inf,inf,1349.1960569168589,inf
32,37,inf,inf,inf,996.7773071253177,inf
32,38,inf,inf,inf,305.2212312405544,inf
32,39,inf,inf,inf,1104.1743521745104,inf
32,40,inf,inf,inf,68.87670143089025,inf
32,41,inf,inf,inf,1164.4062864825146,inf
32,42,inf,inf,inf,1221.1588758224705,inf
32,43,inf,inf,inf,1089.0628999281905,inf
32,44,inf,inf,inf,402.0049750935926,inf
32,45,inf,inf,inf,779.4485229955857,inf
32,46,inf,inf,inf,1368.8316185711083,inf
32,47,inf,inf,inf,370.6818042472546,inf
32,48,inf,inf,inf,1253.7084988146169,inf
32,49,inf,inf,inf,1362.529999669732,inf
32,50,inf,inf,inf,317.40352865083275,inf
32,51,inf,inf,inf,944.0137710859942,inf
32,52,inf,inf,inf,195.57607215607945,inf
32,53,inf,inf,inf,1029.9713588250888,inf
32,54,inf,inf,inf,1290.637826812774,inf
32,55,inf,inf,inf,1282.345117353359,inf
32,56,inf,inf,inf,566.0715502478463,inf
32,57,inf,inf,inf,1120.6230409910372,inf
32,58,inf,inf,inf,401.3838561775996,inf
32,59,inf,inf,inf,1346.5604331035424,inf
32,60,inf,inf,inf,293.7839342101606,inf
32,61,inf,inf,inf,681.4587294913757,inf
32,62,inf,inf,inf,990.6184936694852,inf
32,63,inf,inf,inf,1167.2433336712616,inf
32,64,inf,inf,inf,1025.0526815730009,inf
32,65,inf,inf,inf,726.0034435180042,inf
32,66,inf,inf,inf,797.4666137212266,inf
32,67,inf,inf,inf,204.31837900688228,inf
32,68,inf,inf,inf,582.343541219442,inf
32,69,inf,inf,inf,629.1049197073569,inf
32,70,inf,inf,inf,1229.0602100792296,inf
32,71,inf,inf,inf,1112.1605099984445,inf
32,72,inf,inf,inf,793.0605273243651,inf
32,73,inf,inf,inf,376.74659918836693,inf
32,74,inf,inf,inf,1255.1732948083304,inf
32,75,inf,inf,inf,554.2057379710174,inf
32,76,inf,inf,inf,744.8342097406644,inf
32,77,inf,inf,inf,1283.4971756883613,inf
32,78,inf,inf,inf,486.0720111259236,inf
32,79,inf,inf,inf,208.39625716408634,inf
32,80,inf,inf,inf,1330.8331976622765,inf
32,81,inf,inf,inf,358.4034040016919,inf
32,82,inf,inf,inf,934.702091577846,inf
32,83,inf,inf,inf,881.077181636206,inf
32,84,inf,inf,inf,1044.969856024565,inf
32,85,inf,inf,inf,986.1749337718942,inf
32,86,inf,inf,inf,184.74306482247175,inf
32,87,inf,inf,inf,78.10249675906654,inf
32,88,inf,inf,inf,1249.4226666744926,inf
32,89,inf,inf,inf,1225.3921821196673,inf
32,90,inf,inf,inf,1263.0585892982162,inf
32,91,inf,inf,inf,498.29308644611956,inf
32,92,inf,inf,inf,107.42439201596628,inf
32,93,inf,inf,inf,513.7820549610506,inf
32,94,inf,inf,inf,1179.2404334994624,inf
32,95,inf,inf,inf,1139.8618337324924,inf
32,96,inf,inf,inf,302.88776799336085,inf
32,97,inf,inf,inf,658.0615472735054,inf
32,98,inf,inf,inf,1093.0370533518067,inf
32,99,inf,inf,inf,223.59114472626146,inf
32,100,inf,inf,inf,118.84864324004712,inf
32,101,inf,inf,inf,895.3507692519173,inf
32,102,inf,inf,inf,993.6523536931818,inf
32,103,inf,inf,inf,404.7381869801761,inf
32,104,inf,inf,inf,516.3584026623369,inf
32,105,1.0,70.3553,70.35533905932736,65.0,1.0823898316819593
32,106,inf,inf,inf,345.88003700705247,inf
32,107,inf,inf,inf,1191.5703923814153,inf
32,108,inf,inf,inf,941.1041387646746,inf
32,109,inf,inf,inf,767.0104301768001,inf
32,110,inf,inf,inf,854.4530414247467,inf
32,111,inf,inf,inf,560.4400057097994,inf
32,112,inf,inf,inf,1010.0376230616363,inf
32,113,inf,inf,inf,190.9607289470796,inf
32,114,inf,inf,inf,673.7722167023511,inf
32,115,inf,inf,inf,613.5144660071187,inf
32,116,inf,inf,inf,1290.2379625479946,inf
32,117,inf,inf,inf,371.3448532025185,inf
32,118,inf,inf,inf,288.1058833137567,inf
32,119,inf,inf,inf,1113.1581199452305,inf
32,120,inf,inf,inf,590.8172306221273,inf
32,121,inf,inf,inf,484.14563924505194,inf
32,122,inf,inf,inf,211.96697856034086,inf
33,34,inf,inf,inf,361.83559802761255,inf
33,35,inf,inf,inf,730.0965689550937,inf
33,36,inf,inf,inf,1394.9713258701772,inf
33,37,inf,inf,inf,990.3585209407753,inf
33,38,inf,inf,inf,349.09167850293994,inf
33,39,inf,inf,inf,1205.5148277810606,inf
33,40,inf,inf,inf,167.59773268156107,inf
33,41,inf,inf,inf,1229.1041453025857,inf
33,42,inf,inf,inf,1292.4952611131694,inf
33,43,inf,inf,inf,1142.231587726412,inf
33,44,inf,inf,inf,465.39553070479735,inf
33,45,inf,inf,inf,829.0024125417248,inf
33,46,inf,inf,inf,1421.0014074588385,inf
33,47,inf,inf,inf,458.8354824989018,inf
33,48,inf,inf,inf,1297.019660606577,inf
33,49,inf,inf,inf,1422.769482382863,inf
33,50,inf,inf,inf,230.32585612562042,inf
33,51,inf,inf,inf,917.9417192828747,inf
33,52,inf,inf,inf,112.36102527122117,inf
33,53,inf,inf,inf,1112.3200978135744,inf
33,54,inf,inf,inf,1328.9398030008733,inf
33,55,inf,inf,inf,1305.5282455772453,inf
33,56,inf,inf,inf,626.2603292561329,inf
33,57,inf,inf,inf,1161.6372067043997,inf
33,58,inf,inf,inf,487.96926132698155,inf
33,59,inf,inf,inf,1418.908030846256,inf
33,60,inf,inf,inf,380.08420119757676,inf
33,61,inf,inf,inf,628.8409973912325,inf
33,62,inf,inf,inf,1004.136444911746,inf
33,63,inf,inf,inf,1250.296764772268,inf
33,64,inf,inf,inf,1106.6607429560336,inf
33,65,inf,inf,inf,690.5548493783821,inf
33,66,inf,inf,inf,902.7114710692448,inf
33,67,inf,inf,inf,251.67637950352037,inf
33,68,inf,inf,inf,608.6123561019773,inf
33,69,inf,inf,inf,608.8579473079086,inf
33,70,inf,inf,inf,1269.1351385884798,inf
33,71,inf,inf,inf,1160.558486247031,inf
33,72,inf,inf,inf,848.4161714630385,inf
33,73,inf,inf,inf,302.9075766632456,inf
33,74,inf,inf,inf,1272.982717871692,inf
33,75,inf,inf,inf,656.8782231129298,inf
33,76,inf,inf,inf,849.1719496073807,inf
33,77,inf,inf,inf,1306.8817850134724,inf
33,78,inf,inf,inf,572.9057514111723,inf
33,79,inf,inf,inf,108.46197490364999,inf
33,80,inf,inf,inf,1401.6996825283225,inf
33,81,inf,inf,inf,419.40195516950087,inf
33,82,inf,inf,inf,937.364923602329,inf
33,83,inf,inf,inf,957.7014148470284,inf
33,84,inf,inf,inf,1110.8451737303449,inf
33,85,inf,inf,inf,1090.3650764766817,inf
33,86,inf,inf,inf,241.8780684559888,inf
33,87,1.0,82.9411,82.94112549695423,74.33034373659252,1.1158447725046998
33,88,inf,inf,inf,1332.0067567396195,inf
33,89,inf,inf,inf,1292.0143188061036,inf
33,90,inf,inf,inf,1310.4205431845153,inf
33,91,inf,inf,inf,429.0,inf
33,92,inf,inf,inf,153.7693077307692,inf
33,93,inf,inf,inf,615.7247761784481,inf
33,94,inf,inf,inf,1184.252084650899,inf
33,95,inf,inf,inf,1228.5642026365574,inf
33,96,inf,inf,inf,315.5724956329369,inf
33,97,inf,inf,inf,709.2037788957416,inf
33,98,inf,inf,inf,1150.8540307093685,inf
33,99,inf,inf,inf,327.0137611783333,inf
33,100,inf,inf,inf,168.34488409215172,inf
33,101,inf,inf,inf,965.56097684196,inf
33,102,inf,inf,inf,1091.0041246484818,inf
33,103,inf,inf,inf,502.46193885706407,inf
33,104,inf,inf,inf,610.7708244505462,inf
33,105,inf,inf,inf,162.63455967290594,inf
33,106,inf,inf,inf,429.81158662837373,inf
33,107,inf,inf,inf,1288.4739034997954,inf
33,108,inf,inf,inf,952.0934828051287,inf
33,109,inf,inf,inf,872.1123780797977,inf
33,110,inf,inf,inf,932.5583091689227,inf
33,111,inf,inf,inf,658.5878832775471,inf
33,112,inf,inf,inf,1044.921528154148,inf
33,113,inf,inf,inf,262.7184805071771,inf
33,114,inf,inf,inf,718.6264676450486,inf
33,115,inf,inf,inf,710.8621526006291,inf
33,116,inf,inf,inf,1377.92198618064,inf
33,117,inf,inf,inf,289.8309852310481,inf
33,118,inf,inf,inf,389.0758280849634,inf
33,119,inf,inf,inf,1127.929962364685,inf
33,120,inf,inf,inf,692.2210629560473,inf
33,121,inf,inf,inf,568.9745161252831,inf
33,122,inf,inf,inf,316.07752213657966,inf
34,35,inf,inf,inf,466.94967608940476,inf
34,36,inf,inf,inf,1171.3317207349933,inf
34,37,inf,inf,inf,955.2010259625981,inf
34,38,inf,inf,inf,247.2973918180295,inf
34,39,inf,inf,inf,843.7944062388658,inf
34,40,inf,inf,inf,194.90510511528424,inf
34,41,inf,inf,inf,949.0932514774299,inf
34,42,inf,inf,inf,992.0670340254231,inf
34,43,inf,inf,inf,900.0499986111882,inf
34,44,inf,inf,inf,243.02263269086689,inf
34,45,inf,inf,inf,610.8485900777704,inf
34,46,inf,inf,inf,1176.7344645246012,inf
34,47,inf,inf,inf,133.3604139165742,inf
34,48,inf,inf,inf,1083.1735779643077,inf
34,49,inf,inf,inf,1153.6463929644992,inf
34,50,inf,inf,inf,522.3609862920468,inf
34,51,inf,inf,inf,954.1582677941852,inf
34,52,inf,inf,inf,415.7523301197481,inf
34,53,inf,inf,inf,783.2298513207984,inf
34,54,inf,inf,inf,1130.724546474516,inf
34,55,inf,inf,inf,1157.943435578785,inf
34,56,inf,inf,inf,387.07234465923807,inf
34,57,inf,inf,inf,958.6198412300885,inf
34,58,inf,inf,inf,164.87874332369228,inf
34,59,inf,inf,inf,1114.4796992318882,inf
34,60,inf,inf,inf,295.2371927789587,inf
34,61,inf,inf,inf,774.2622294804261,inf
34,62,inf,inf,inf,899.9072174396647,inf
34,63,inf,inf,inf,918.4927871246458,inf
34,64,inf,inf,inf,779.5646220808125,inf
34,65,inf,inf,inf,773.830084708523,inf
34,66,inf,inf,inf,576.6671483620339,inf
34,67,inf,inf,inf,213.84573879317773,inf
34,68,inf,inf,inf,493.1287864239929,inf
34,69,inf,inf,inf,649.8961455494255,inf
34,70,inf,inf,inf,1066.4506552110136,inf
34,71,inf,inf,inf,933.3622019344901,inf
34,72,inf,inf,inf,609.3709871662746,inf
34,73,inf,inf,inf,549.1320424087453,inf
34,74,inf,inf,inf,1144.342606040691,inf
34,75,inf,inf,inf,381.55995597022496,inf
34,76,inf,inf,inf,494.5563668582177,inf
34,77,inf,inf,inf,1158.5875020903686,inf
34,78,inf,inf,inf,241.74780247191492,inf
34,79,inf,inf,inf,447.5946827208742,inf
34,80,inf,inf,inf,1101.5811363671764,inf
34,81,inf,inf,inf,222.02927734873165,inf
34,82,inf,inf,inf,873.7963149384415,inf
34,83,inf,inf,inf,646.499033255271,inf
34,84,inf,inf,inf,829.2466460589394,inf
34,85,inf,inf,inf,733.8916813808424,inf
34,86,inf,inf,inf,191.8593234638338,inf
34,87,inf,inf,inf,300.66592756745814,inf
34,88,inf,inf,inf,1000.9540448991652,inf
34,89,inf,inf,inf,1005.3626211472157,inf
34,90,inf,inf,inf,1083.2400472656095,inf
34,91,inf,inf,inf,646.4209155032037,inf
34,92,inf,inf,inf,236.67699507979225,inf
34,93,inf,inf,inf,353.17984087430585,inf
34,94,inf,inf,inf,1101.876581110607,inf
34,95,inf,inf,inf,883.5932322058607,inf
34,96,inf,inf,inf,325.0,inf
34,97,inf,inf,inf,494.19125852244696,inf
34,98,inf,inf,inf,893.6229629994967,inf
34,99,inf,inf,inf,158.2308440222702,inf
34,100,inf,inf,inf,316.75384764829613,inf
34,101,inf,inf,inf,673.6683160131549,inf
34,102,inf,inf,inf,731.1832875551793,inf
34,103,inf,inf,inf,300.647634283059,inf
34,104,inf,inf,inf,256.58137110866016,inf
34,105,inf,inf,inf,199.6121238802894,inf
34,106,inf,inf,inf,130.18832512940628,inf
34,107,inf,inf,inf,929.1393867445294,inf
34,108,inf,inf,inf,859.158309044381,inf
34,109,inf,inf,inf,523.7795337735143,inf
34,110,inf,inf,inf,617.4544517614235,inf
34,111,inf,inf,inf,297.9546945426435,inf
34,112,inf,inf,inf,866.2493867241697,inf
34,113,inf,inf,inf,299.60307074527793,inf
34,114,inf,inf,inf,524.9619033796642,inf
34,115,inf,inf,inf,351.14099732158877,inf
34,116,inf,inf,inf,1034.760841934019,inf
34,117,inf,inf,inf,559.2253570788793,inf
34,118,inf,inf,inf,202.2992832414391,inf
34,119,inf,inf,inf,1014.2371517549532,inf
34,120,inf,inf,inf,426.7798027086099,inf
34,121,inf,inf,inf,245.0081631293129,inf
34,122,inf,inf,inf,148.62705002791384,inf
35,36,inf,inf,inf,704.6474295702781,inf
35,37,inf,inf,inf,655.2686471974681,inf
35,38,inf,inf,inf,387.82728114458376,inf
35,39,inf,inf,inf,721.7319446996925,inf
35,40,inf,inf,inf,603.0008291868262,inf
35,41,inf,inf,inf,499.3796151226039,inf
35,42,inf,inf,inf,565.233580035723,inf
35,43,inf,inf,inf,433.22973120505014,inf
35,44,inf,inf,inf,265.06225683789836,inf
35,45,inf,inf,inf,164.34719346554112,inf
35,46,inf,inf,inf,711.0288320455086,inf
35,47,inf,inf,inf,334.91043578843585,inf
35,48,inf,inf,inf,618.3922703268533,inf
35,49,inf,inf,inf,697.0351497593217,inf
35,50,inf,inf,inf,764.7646696860414,inf
35,51,inf,inf,inf,743.3034373659252,inf
35,52,inf,inf,inf,716.57239690069,inf
35,53,inf,inf,inf,426.7516842380355,inf
35,54,inf,inf,inf,669.9641781468619,inf
35,55,inf,inf,inf,723.9509651903228,inf
35,56,inf,inf,inf,106.77546534667971,inf
35,57,inf,inf,inf,499.24943665466463,inf
35,58,inf,inf,inf,305.26218239408564,inf
35,59,inf,inf,inf,692.3012350126207,inf
35,60,inf,inf,inf,757.6443756803055,inf
35,61,inf,inf,inf,752.9276193632427,inf
35,62,inf,inf,inf,528.5953083408895,inf
35,63,inf,inf,inf,560.2008568361887,inf
35,64,inf,inf,inf,417.306841544684,inf
35,65,inf,inf,inf,673.7039409117331,inf
35,66,inf,inf,inf,739.6843921565468,inf
35,67,inf,inf,inf,478.919617472494,inf
35,68,inf,inf,inf,278.61442891566116,inf
35,69,inf,inf,inf,547.4422343955571,inf
35,70,inf,inf,inf,605.0859443087403,inf
35,71,inf,inf,inf,467.17127480186537,inf
35,72,inf,inf,inf,145.98972566588375,inf
35,73,inf,inf,inf,733.3212120210352,inf
35,74,inf,inf,inf,725.4033360827616,inf
35,75,inf,inf,inf,708.5266402895519,inf
35,76,inf,inf,inf,566.0565342790418,inf
35,77,inf,inf,inf,724.0697480215563,inf
35,78,inf,inf,inf,252.38858928247924,inf
35,79,inf,inf,inf,765.0758132368321,inf
35,80,inf,inf,inf,673.4990720112389,inf
35,81,inf,inf,inf,310.72978614867293,inf
35,82,inf,inf,inf,555.4619698953295,inf
35,83,inf,inf,inf,254.678228358845,inf
35,84,inf,inf,inf,380.7571404451924,inf
35,85,inf,inf,inf,715.2796655854268,inf
35,86,inf,inf,inf,488.7535166113897,inf
35,87,inf,inf,inf,655.788075524403,inf
35,88,inf,inf,inf,636.227160690268,inf
35,89,inf,inf,inf,561.9181435049059,inf
35,90,inf,inf,inf,616.4778990361293,inf
35,91,inf,inf,inf,758.4945616153092,inf
35,92,inf,inf,inf,577.0008665504758,inf
35,93,inf,inf,inf,705.8229239688947,inf
35,94,inf,inf,inf,728.7647082563755,inf
35,95,inf,inf,inf,576.82666373877,inf
35,96,inf,inf,inf,461.55064727503094,inf
35,97,inf,inf,inf,104.58011283222064,inf
35,98,inf,inf,inf,429.8650951170611,inf
35,99,inf,inf,inf,624.1257886035474,inf
35,100,inf,inf,inf,759.2186773255779,inf
35,101,inf,inf,inf,239.92707225321615,inf
35,102,inf,inf,inf,556.8635380414128,inf
35,103,inf,inf,inf,720.8085737558898,inf
35,104,inf,inf,inf,311.17840542042757,inf
35,105,inf,inf,inf,605.0297513345935,inf
35,106,inf,inf,inf,339.4775397577872,inf
35,107,inf,inf,inf,715.99022339694,inf
35,108,inf,inf,inf,508.17811837976654,inf
35,109,inf,inf,inf,620.8776046854967,inf
35,110,inf,inf,inf,240.5659992600783,inf
35,111,inf,inf,inf,357.92876386230824,inf
35,112,inf,inf,inf,425.9131366839957,inf
35,113,inf,inf,inf,762.954782408499,inf
35,114,inf,inf,inf,151.0132444522665,inf
35,115,inf,inf,inf,350.16853085335924,inf
35,116,inf,inf,inf,708.9287693414622,inf
35,117,inf,inf,inf,763.4166621184005,inf
35,118,inf,inf,inf,655.9245383426359,inf
35,119,inf,inf,inf,618.5668920981789,inf
35,120,inf,inf,inf,751.8011705231643,inf
35,121,inf,inf,inf,239.92707225321615,inf
35,122,inf,inf,inf,615.37630763623,inf
36,37,inf,inf,inf,700.1606958406048,inf
36,38,inf,inf,inf,1047.6879306358358,inf
36,39,inf,inf,inf,1049.8690394520643,inf
36,40,inf,inf,inf,1292.3412861933955,inf
36,41,inf,inf,inf,322.29799875270714,inf
36,42,inf,inf,inf,401.3290420590067,inf
36,43,inf,inf,inf,274.76535443901946,inf
36,44,inf,inf,inf,951.9800418076001,inf
36,45,inf,inf,inf,569.9912280026773,inf
36,46,inf,inf,inf,97.41663102366043,inf
36,47,inf,inf,inf,1039.5561552893619,inf
36,48,inf,inf,inf,102.61091559868278,inf
36,49,inf,inf,inf,220.42232191862965,inf
36,50,inf,inf,inf,1359.8180025282795,inf
36,51,inf,inf,inf,890.8176019814606,inf
36,52,inf,inf,inf,1352.0724832641185,inf
36,53,inf,inf,inf,615.7637533989802,inf
36,54,inf,inf,inf,120.88010589009261,inf
36,55,inf,inf,inf,312.1554100123847,inf
36,56,inf,inf,inf,789.9525302193797,inf
36,57,inf,inf,inf,239.28643923131122,inf
36,58,inf,inf,inf,1009.7212486622236,inf
36,59,inf,inf,inf,421.17098665506387,inf
36,60,inf,inf,inf,1461.9497255377833,inf
36,61,inf,inf,inf,1139.538503079207,inf
36,62,inf,inf,inf,529.0793891279455,inf
36,63,inf,inf,inf,606.53853958343,inf
36,64,inf,inf,inf,605.8258825768341,inf
36,65,inf,inf,inf,1009.7707660652491,inf
36,66,inf,inf,inf,1315.7587164826232,inf
36,67,inf,inf,inf,1148.2874204657996,inf
36,68,inf,inf,inf,797.858383424026,inf
36,69,inf,inf,inf,952.3975010467005,inf
36,70,inf,inf,inf,145.41320435228707,inf
36,71,inf,inf,inf,238.4302833114955,inf
36,72,inf,inf,inf,562.6944108483751,inf
36,73,inf,inf,inf,1298.2757796400579,inf
36,74,inf,inf,inf,382.15441905072873,inf
36,75,inf,inf,inf,1373.370306945654,inf
36,76,inf,inf,inf,1135.2620842783397,inf
36,77,inf,inf,inf,309.4721312170128,inf
36,78,inf,inf,inf,949.6462499267819,inf
36,79,inf,inf,inf,1402.1030632589031,inf
36,80,inf,inf,inf,392.674165180242,inf
36,81,inf,inf,inf,992.6414256920774,inf
36,82,inf,inf,inf,646.2089445372912,inf
36,83,inf,inf,inf,608.7799273957709,inf
36,84,inf,inf,inf,401.9950248448356,inf
36,85,inf,inf,inf,1156.8029218496986,inf
36,86,inf,inf,inf,1164.9343329132334,inf
36,87,inf,inf,inf,1323.172702257721,inf
36,88,inf,inf,inf,599.8408122160412,inf
36,89,inf,inf,inf,327.96341259353915,inf
36,90,1.0,97.4264,97.42640687119278,88.25531145489205,1.1039155067849729
36,91,inf,inf,inf,1264.33935318015,inf
36,92,inf,inf,inf,1249.6759579987126,inf
36,93,inf,inf,inf,1380.4122572623005,inf
36,94,inf,inf,inf,542.2195127436858,inf
36,95,inf,inf,inf,717.2900389661075,inf
36,96,inf,inf,inf,1087.0459971868715,inf
36,97,inf,inf,inf,691.4860808432807,inf
36,98,inf,inf,inf,298.52973051272465,inf
36,99,inf,inf,inf,1328.7576904763337,inf
36,100,inf,inf,inf,1452.558088339327,inf
36,101,inf,inf,inf,542.5025345562913,inf
36,102,inf,inf,inf,911.5618465030225,inf
36,103,inf,inf,inf,1415.6231843255464,inf
36,104,inf,inf,inf,989.262351451828,inf
36,105,inf,inf,inf,1293.5087939399561,inf
36,106,inf,inf,inf,1042.741099218785,inf
36,107,inf,inf,inf,923.1565414381247,inf
36,108,inf,inf,inf,577.9454991606043,inf
36,109,inf,inf,inf,1187.2695565877195,inf
36,110,inf,inf,inf,639.224530192639,inf
36,111,inf,inf,inf,1013.2408400770273,inf
36,112,inf,inf,inf,369.5429609666513,inf
36,113,inf,inf,inf,1464.9191103948367,inf
36,114,inf,inf,inf,676.7547561709486,inf
36,115,inf,inf,inf,981.2573566603207,inf
36,116,inf,inf,inf,712.8337814666194,inf
36,117,inf,inf,inf,1334.5939457378038,inf
36,118,inf,inf,inf,1359.2840027014222,inf
36,119,inf,inf,inf,456.5446308960385,inf
36,120,inf,inf,inf,1411.2990469776419,inf
36,121,inf,inf,inf,939.7387934952989,inf
36,122,inf,inf,inf,1319.8848434617316,inf
37,38,inf,inf,inf,723.8957107208192,inf
37,39,inf,inf,inf,1348.5355019427557,inf
37,40,inf,inf,inf,968.310384122777,inf
37,41,inf,inf,inf,795.8825290204579,inf
37,42,inf,inf,inf,912.842812317652,inf
37,43,inf,inf,inf,623.4717315163535,inf
37,44,inf,inf,inf,721.648806553437,inf
37,45,inf,inf,inf,521.1381774539263,inf
37,46,inf,inf,inf,782.3202668984103,inf
37,47,inf,inf,inf,866.0923738262564,inf
37,48,inf,inf,inf,608.8365954835501,inf
37,49,inf,inf,inf,869.2393226263985,inf
37,50,inf,inf,inf,854.8801085532403,inf
37,51,inf,inf,inf,191.9088325221119,inf
37,52,inf,inf,inf,903.5070558661952,inf
37,53,inf,inf,inf,952.7528535774637,inf
37,54,inf,inf,inf,582.9828470890031,inf
37,55,inf,inf,inf,438.5544435985115,inf
37,56,inf,inf,inf,642.8187925068775,inf
37,57,inf,inf,inf,507.73713671544647,inf
37,58,inf,inf,inf,852.0375578576334,inf
37,59,inf,inf,inf,1009.0242811746405,inf
37,60,inf,inf,inf,1228.5348997891756,inf
37,61,inf,inf,inf,501.03592685555,inf
37,62,inf,inf,inf,188.30825791770258,inf
37,63,inf,inf,inf,1041.7235717790013,inf
37,64,inf,inf,inf,939.8212596020586,inf
37,65,inf,inf,inf,370.4375790872195,inf
37,66,inf,inf,inf,1385.857857069043,inf
37,67,inf,inf,inf,808.6933905999232,inf
37,68,inf,inf,inf,465.33966089298684,inf
37,69,inf,inf,inf,389.46373387004854,inf
37,70,inf,inf,inf,559.6445300367011,inf
37,71,inf,inf,inf,582.176949045563,inf
37,72,inf,inf,inf,572.0314676658969,inf
37,73,inf,inf,inf,771.2904770577684,inf
37,74,inf,inf,inf,373.89971917614486,inf
37,75,inf,inf,inf,1302.2384574262887,inf
37,76,inf,inf,inf,1218.281166233805,inf
37,77,inf,inf,inf,441.1280993090329,inf
37,78,inf,inf,inf,851.0094006531302,inf
37,79,inf,inf,inf,946.7977608761017,inf
37,80,inf,inf,inf,978.6521343153552,inf
37,81,inf,inf,inf,733.7574531137657,inf
37,82,inf,inf,inf,101.07917688624102,inf
37,83,inf,inf,inf,812.2868951300396,inf
37,84,inf,inf,inf,748.7596410063779,inf
37,85,inf,inf,inf,1366.2949901101154,inf
37,86,inf,inf,inf,835.3448389737019,inf
37,87,inf,inf,inf,937.1195227931173,inf
37,88,inf,inf,inf,1087.4502287461253,inf
37,89,inf,inf,inf,855.6477078798259,inf
37,90,inf,inf,inf,657.6229922987791,inf
37,91,inf,inf,inf,687.8262862089526,inf
37,92,inf,inf,inf,890.8338790144883,inf
37,93,inf,inf,inf,1286.4622030980934,inf
37,94,inf,inf,inf,222.00225224082752,inf
37,95,inf,inf,inf,1112.906105653123,inf
37,96,inf,inf,inf,694.7373604463776,inf
37,97,inf,inf,inf,555.8992714512225,inf
37,98,inf,inf,inf,677.5433565462804,inf
37,99,inf,inf,inf,1094.4404963267762,inf
37,100,inf,inf,inf,1115.620903353823,inf
37,101,inf,inf,inf,741.9070022583693,inf
37,102,inf,inf,inf,1180.3812943282353,inf
37,103,inf,inf,inf,1255.5261845138873,inf
37,104,inf,inf,inf,931.1245888708986,inf
37,105,inf,inf,inf,966.4988360055071,inf
37,106,inf,inf,inf,842.7431399898785,inf
37,107,inf,inf,inf,1300.164989530175,inf
37,108,inf,inf,inf,166.86521506892922,inf
37,109,inf,inf,inf,1272.2743414845716,inf
37,110,inf,inf,inf,821.1266650158184,inf
37,111,inf,inf,inf,991.8064327276769,inf
37,112,inf,inf,inf,400.88527037046396,inf
37,113,inf,inf,inf,1171.8775533305518,inf
37,114,inf,inf,inf,508.1121923355117,inf
37,115,inf,inf,inf,996.5605852129613,inf
37,116,inf,inf,inf,1195.823147459523,inf
37,117,inf,inf,inf,807.1331984251423,inf
37,118,inf,inf,inf,1153.0628777304385,inf
37,119,inf,inf,inf,247.329739416836,inf
37,120,inf,inf,inf,1348.6141034410102,inf
37,121,inf,inf,inf,833.797337486754,inf
37,122,inf,inf,inf,1080.6076993988152,inf
38,39,inf,inf,inf,973.8526582599649,inf
38,40,inf,inf,inf,257.6198750096739,inf
38,41,inf,inf,inf,883.7024386070234,inf
38,42,inf,inf,inf,953.0587599933175,inf
38,43,inf,inf,inf,793.1418536428398,inf
38,44,inf,inf,inf,134.40238093129153,inf
38,45,inf,inf,inf,480.10415536631217,inf
38,46,inf,inf,inf,1072.0167909132767,inf
38,47,inf,inf,inf,221.19900542271884,inf
38,48,inf,inf,inf,950.8590852487029,inf
38,49,inf,inf,inf,1074.720428762755,inf
38,50,inf,inf,inf,389.00514135419854,inf
38,51,inf,inf,inf,708.9217164116219,inf
38,52,inf,inf,inf,329.013677527242,inf
38,53,inf,inf,inf,794.2474425517529,inf
38,54,inf,inf,inf,986.0720054843865,inf
38,55,inf,inf,inf,978.9244097477598,inf
38,56,inf,inf,inf,281.6256380374486,inf
38,57,inf,inf,inf,816.7374119017691,inf
38,58,inf,inf,inf,232.69078194032525,inf
38,59,inf,inf,inf,1080.1134199703288,inf
38,60,inf,inf,inf,504.6434384790909,inf
38,61,inf,inf,inf,537.0754136990447,inf
38,62,inf,inf,inf,694.1937769816149,inf
38,63,inf,inf,inf,931.9983905565502,inf
38,64,inf,inf,inf,786.8780083342017,inf
38,65,inf,inf,inf,527.3073107780699,inf
38,66,inf,inf,inf,793.3656155896851,inf
38,67,inf,inf,inf,101.20276676059801,inf
38,68,inf,inf,inf,281.0907326825273,inf
38,69,inf,inf,inf,402.60278190792474,inf
38,70,inf,inf,inf,924.9437820754297,inf
38,71,inf,inf,inf,812.1927111221819,inf
38,72,inf,inf,inf,499.684900712439,inf
38,73,inf,inf,inf,377.83858987668265,inf
38,74,inf,inf,inf,954.3605188816226,inf
38,75,inf,inf,inf,626.0734781157879,inf
38,76,inf,inf,inf,675.9600579915947,inf
38,77,inf,inf,inf,980.0005102039488,inf
38,78,inf,inf,inf,299.88331063932185,inf
38,79,inf,inf,inf,377.27576121452597,inf
38,80,inf,inf,inf,1061.2487926966041,inf
38,81,inf,inf,inf,91.21951545584969,inf
38,82,inf,inf,inf,650.4183269250644,inf
38,83,inf,inf,inf,629.6896060758825,inf
38,84,inf,inf,inf,766.7711523003458,inf
38,85,inf,inf,inf,899.3247466849781,inf
38,86,inf,inf,inf,121.63058825805291,inf
38,87,inf,inf,inf,276.06520968785617,inf
38,88,inf,inf,inf,1011.662493127031,inf
38,89,inf,inf,inf,947.8786842207182,inf
38,90,inf,inf,inf,962.4764932194448,inf
38,91,inf,inf,inf,443.92792207744714,inf
38,92,inf,inf,inf,202.23748416156684,inf
38,93,inf,inf,inf,599.7366088542536,inf
38,94,inf,inf,inf,889.2108861231964,inf
38,95,inf,inf,inf,927.0086299490421,inf
38,96,inf,inf,inf,99.28242543370907,inf
38,97,inf,inf,inf,360.11248242736605,inf
38,98,inf,inf,inf,802.3278631581979,inf
38,99,inf,inf,inf,371.61942898616053,inf
38,100,inf,inf,inf,417.25891242728414,inf
38,101,inf,inf,inf,627.1084435725611,inf
38,102,inf,inf,inf,832.8775420192335,inf
38,103,inf,inf,inf,543.3829220724552,inf
38,104,inf,inf,inf,370.93665227367325,inf
38,105,inf,inf,inf,257.30332294783915,inf
38,106,inf,inf,inf,182.98907071188705,inf
38,107,inf,inf,inf,1022.0645772161366,inf
38,108,inf,inf,inf,647.4449783572346,inf
38,109,inf,inf,inf,716.7796035044524,inf
38,110,inf,inf,inf,608.0674304713252,inf
38,111,inf,inf,inf,436.94507664007386,inf
38,112,inf,inf,inf,704.8460824889361,inf
38,113,inf,inf,inf,455.6862956025779,inf
38,114,inf,inf,inf,370.95147930693037,inf
38,115,inf,inf,inf,476.73053185211455,inf
38,116,inf,inf,inf,1070.8547987472439,inf
38,117,inf,inf,inf,401.00498750015566,inf
38,118,inf,inf,inf,433.26781555984513,inf
38,119,inf,inf,inf,814.9141059031928,inf
38,120,inf,inf,inf,671.9560997565243,inf
38,121,inf,inf,inf,287.9600666759195,inf
38,122,inf,inf,inf,357.49405589464004,inf
39,40,inf,inf,inf,1038.1083758452198,inf
39,41,inf,inf,inf,728.6185558987638,inf
39,42,inf,inf,inf,658.4299507160955,inf
39,43,inf,inf,inf,844.0219191466534,inf
39,44,inf,inf,inf,849.266153805743,inf
39,45,inf,inf,inf,828.5101085683867,inf
39,46,inf,inf,inf,985.440510634711,inf
39,47,inf,inf,inf,768.6923962158075,inf
39,48,inf,inf,inf,1025.8118735908647,inf
39,49,inf,inf,inf,880.4845257016161,inf
39,50,inf,inf,inf,1346.2184072430446,inf
39,51,inf,inf,inf,1460.1797834513393,inf
39,52,inf,inf,inf,1252.5258480366783,inf
39,53,inf,inf,inf,443.00112866673373,inf
39,54,inf,inf,inf,1100.485801816634,inf
39,55,inf,inf,inf,1251.8602158388132,inf
39,56,inf,inf,inf,787.4642849044012,inf
39,57,inf,inf,inf,988.3202922130052,inf
39,58,inf,inf,inf,747.6068485507607,inf
39,59,inf,inf,inf,704.2911329840807,inf
39,60,inf,inf,inf,978.0930426089329,inf
39,61,inf,inf,inf,1457.339013407656,inf
39,62,inf,inf,inf,1187.4173655459144,inf
39,63,inf,inf,inf,452.91941888154895,inf
39,64,inf,inf,inf,454.86261662176634,inf
39,65,inf,inf,inf,1391.1736052700253,inf
39,66,inf,inf,inf,457.79689819831674,inf
39,67,inf,inf,inf,1014.5230406452088,inf
39,68,inf,inf,inf,994.4169145785886,inf
39,69,inf,inf,inf,1261.1177581812096,inf
39,70,inf,inf,inf,1048.661051055106,inf
39,71,inf,inf,inf,905.6942088806795,inf
39,72,inf,inf,inf,776.659513557904,inf
39,73,inf,inf,inf,1349.8536957759534,inf
39,74,inf,inf,inf,1287.9025584259082,inf
39,75,inf,inf,inf,693.0144298641984,inf
39,76,inf,inf,inf,380.13813278859567,inf
39,77,inf,inf,inf,1250.5494792290308,inf
39,78,inf,inf,inf,673.9859048971276,inf
39,79,inf,inf,inf,1288.724175298966,inf
39,80,inf,inf,inf,717.4092277075895,inf
39,81,inf,inf,inf,884.680733372215,inf
39,82,inf,inf,inf,1247.7070970384034,inf
39,83,inf,inf,inf,540.135168268092,inf
39,84,inf,inf,inf,679.5770743631659,inf
39,85,inf,inf,inf,179.3376703316958,inf
39,86,inf,inf,inf,1004.7054294667666,inf
39,87,inf,inf,inf,1143.3971313590043,inf
39,88,inf,inf,inf,492.4388286883966,inf
39,89,inf,inf,inf,726.7220926874317,inf
39,90,inf,inf,inf,984.8329807637435,inf
39,91,inf,inf,inf,1414.4387579531324,inf
39,92,inf,inf,inf,1073.4379348616296,inf
39,93,inf,inf,inf,730.2198299142526,inf
39,94,inf,inf,inf,1359.5091025807808,inf
39,95,inf,inf,inf,339.84113935778873,inf
39,96,inf,inf,inf,1072.525990361073,inf
39,97,inf,inf,inf,825.6900144727439,inf
39,98,inf,inf,inf,791.1365242485016,inf
39,99,inf,inf,inf,918.7056111725889,inf
39,100,inf,inf,inf,1130.4025831534534,inf
39,101,inf,inf,inf,616.2288535925594,inf
39,102,inf,inf,inf,168.1903683330291,inf
39,103,inf,inf,inf,845.3508147508938,inf
39,104,inf,inf,inf,609.1182151274086,inf
39,105,inf,inf,inf,1042.9745922121017,inf
39,106,inf,inf,inf,805.6723899948415,inf
39,107,inf,inf,inf,171.95638982020995,inf
39,108,inf,inf,inf,1186.001686339442,inf
39,109,inf,inf,inf,385.8108344772085,inf
39,110,inf,inf,inf,528.0236737117002,inf
39,111,inf,inf,inf,551.0898293381941,inf
39,112,inf,inf,inf,1006.5430939607106,inf
39,113,inf,inf,inf,1069.755579560116,inf
39,114,inf,inf,inf,870.0264363799528,inf
39,115,inf,inf,inf,502.72954955920386,inf
39,116,inf,inf,inf,421.04750325824284,inf
39,117,inf,inf,inf,1369.7079980784226,inf
39,118,inf,inf,inf,889.0635522840873,inf
39,119,inf,inf,inf,1236.5888564919223,inf
39,120,inf,inf,inf,699.0307575493371,inf
39,121,inf,inf,inf,686.138469989841,inf
39,122,inf,inf,inf,922.6575746180162,inf
40,41,inf,inf,inf,1100.5825730039523,inf
40,42,inf,inf,inf,1155.2804854233452,inf
40,43,inf,inf,inf,1029.579525825956,inf
40,44,inf,inf,inf,341.5025622158639,inf
40,45,inf,inf,inf,722.3766330661589,inf
40,46,inf,inf,inf,1309.3280719514112,inf
40,47,inf,inf,inf,302.1009764962702,inf
40,48,inf,inf,inf,1198.0738708443648,inf
40,49,inf,inf,inf,1300.0246151515748,inf
40,50,inf,inf,inf,355.65854411218635,inf
40,51,inf,inf,inf,928.2036414494397,inf
40,52,inf,inf,inf,237.81084920583416,inf
40,53,inf,inf,inf,961.7634844388718,inf
40,54,inf,inf,inf,1237.1847073093006,inf
40,55,inf,inf,inf,1236.2544236523484,inf
40,56,inf,inf,inf,505.5066765137727,inf
40,57,inf,inf,inf,1066.292642758075,inf
40,58,inf,inf,inf,332.9879877713309,inf
40,59,inf,inf,inf,1280.3394081258298,inf
40,60,inf,inf,inf,281.9237485562364,inf
40,61,inf,inf,inf,686.2433970538442,inf
40,62,inf,inf,inf,950.6634525424862,inf
40,63,inf,inf,inf,1098.8926244178729,inf
40,64,inf,inf,inf,956.9665615892752,inf
40,65,inf,inf,inf,718.2903312728079,inf
40,66,inf,inf,inf,743.4440126869004,inf
40,67,inf,inf,inf,161.15210206509875,inf
40,68,inf,inf,inf,538.5053388778982,inf
40,69,inf,inf,inf,612.6083577621187,inf
40,70,inf,inf,inf,1174.9182950316163,inf
40,71,inf,inf,inf,1054.601820593915,inf
40,72,inf,inf,inf,733.4446127690898,inf
40,73,inf,inf,inf,403.10048375064,inf
40,74,inf,inf,inf,1211.948843804886,inf
40,75,inf,inf,inf,509.9019513592785,inf
40,76,inf,inf,inf,682.3562119597066,inf
40,77,inf,inf,inf,1237.3006910205781,inf
40,78,inf,inf,inf,417.5284421449633,inf
40,79,inf,inf,inf,260.98467387952115,inf
40,80,inf,inf,inf,1265.0158101778807,inf
40,81,inf,inf,inf,299.7081914129142,inf
40,82,inf,inf,inf,901.2014203273317,inf
40,83,inf,inf,inf,814.1038017353807,inf
40,84,inf,inf,inf,980.8985676409156,inf
40,85,inf,inf,inf,923.3336341756429,inf
40,86,inf,inf,inf,136.56500283747664,inf
40,87,inf,inf,inf,114.76933388322858,inf
40,88,inf,inf,inf,1181.120230967195,inf
40,89,inf,inf,inf,1160.8936213107556,inf
40,90,inf,inf,inf,1205.663717626105,inf
40,91,inf,inf,inf,518.2277491605404,inf
40,92,inf,inf,inf,88.02272433866155,inf
40,93,inf,inf,inf,471.52942644123493,inf
40,94,inf,inf,inf,1143.2759946749516,inf
40,95,inf,inf,inf,1071.0074696284803,inf
40,96,inf,inf,inf,275.2180953353177,inf
40,97,inf,inf,inf,600.8935013794041,inf
40,98,inf,inf,inf,1031.7373696828083,inf
40,99,inf,inf,inf,183.09833423600554,inf
40,100,2.0,197.2671,197.26702730475907,161.1241757155021,1.2243167509081605
40,101,inf,inf,inf,830.1138476136873,inf
40,102,inf,inf,inf,925.6808305242148,inf
40,103,inf,inf,inf,372.3022965279693,inf
40,104,inf,inf,inf,447.65388415605196,inf
40,105,inf,inf,inf,5.385164807134504,inf
40,106,inf,inf,inf,278.18878482066816,inf
40,107,inf,inf,inf,1123.498108587638,inf
40,108,inf,inf,inf,902.8050730916392,inf
40,109,inf,inf,inf,706.6972477659723,inf
40,110,inf,inf,inf,787.1581797834536,inf
40,111,inf,inf,inf,492.610393719012,inf
40,112,inf,inf,inf,958.9035405086374,inf
40,113,inf,inf,inf,203.69094236121546,inf
40,114,inf,inf,inf,619.4360338243167,inf
40,115,inf,inf,inf,545.4466060028241,inf
40,116,inf,inf,inf,1221.4196657987786,inf
40,117,inf,inf,inf,403.6297808636028,inf
40,118,inf,inf,inf,252.01785651020842,inf
40,119,inf,inf,inf,1072.0097947313727,inf
40,120,inf,inf,inf,549.156626109528,inf
40,121,inf,inf,inf,415.9146547069483,inf
40,122,inf,inf,inf,169.3576098083579,inf
41,42,inf,inf,inf,117.5457357797381,inf
41,43,inf,inf,inf,172.66151858477326,inf
41,44,inf,inf,inf,764.4357396145211,inf
41,45,inf,inf,inf,427.23529816718093,inf
41,46,inf,inf,inf,270.8394358286843,inf
41,47,inf,inf,inf,816.1868658585483,inf
41,48,inf,inf,inf,302.6962173533062,inf
41,49,inf,inf,inf,207.36923590542548,inf
41,50,inf,inf,inf,1245.0562236300816,inf
41,51,inf,inf,inf,965.1942809610923,inf
41,52,inf,inf,inf,1209.80659611361,inf
41,53,inf,inf,inf,294.0833215264001,inf
41,54,inf,inf,inf,377.48642359692883,inf
41,55,inf,inf,inf,550.1790617608053,inf
41,56,inf,inf,inf,603.0165835198897,inf
41,57,inf,inf,inf,309.0792778560219,inf
41,58,inf,inf,inf,784.3500494039636,inf
41,59,inf,inf,inf,222.92823957498072,inf
41,60,inf,inf,inf,1224.6081005774868,inf
41,61,inf,inf,inf,1126.3392029047022,inf
41,62,inf,inf,inf,607.8165841765097,inf
41,63,inf,inf,inf,295.5486423585803,inf
41,64,inf,inf,inf,284.6278271708513,inf
41,65,inf,inf,inf,1011.3757956368147,inf
41,66,inf,inf,inf,1006.7755459882803,inf
41,67,inf,inf,inf,977.5765954645191,inf
41,68,inf,inf,inf,692.7409328168792,inf
41,69,inf,inf,inf,917.8000871649556,inf
41,70,inf,inf,inf,333.9116649654516,inf
41,71,inf,inf,inf,222.17335573826128,inf
41,72,inf,inf,inf,391.2301113155786,inf
41,73,inf,inf,inf,1200.4615778941031,inf
41,74,inf,inf,inf,601.187158878165,inf
41,75,inf,inf,inf,1092.00824172714,inf
41,76,inf,inf,inf,829.5589189442785,inf
41,77,inf,inf,inf,548.3183381941552,inf
41,78,inf,inf,inf,710.7460868692841,inf
41,79,inf,inf,inf,1259.1445508757126,inf
41,80,inf,inf,inf,195.68597292601225,inf
41,81,inf,inf,inf,809.9660486711773,inf
41,82,inf,inf,inf,710.5223430688159,inf
41,83,inf,inf,inf,320.39506862621965,inf
41,84,inf,inf,inf,120.01666550941998,inf
41,85,inf,inf,inf,835.4070863956086,inf
41,86,inf,inf,inf,988.0667993612577,inf
41,87,inf,inf,inf,1154.8480419518405,inf
41,88,inf,inf,inf,310.85205484281425,inf
41,89,inf,inf,inf,68.26419266350405,inf
41,90,inf,inf,inf,257.38881094561975,inf
41,91,inf,inf,inf,1198.0091819347629,inf
41,92,inf,inf,inf,1076.2759869104207,inf
41,93,inf,inf,inf,1104.7072010265888,inf
41,94,inf,inf,inf,717.5026132356593,inf
41,95,inf,inf,inf,401.3140914545613,inf
41,96,inf,inf,inf,947.3758493860819,inf
41,97,inf,inf,inf,532.2527595043542,inf
41,98,inf,inf,inf,119.28118040998756,inf
41,99,inf,inf,inf,1100.0113635776677,inf
41,100,inf,inf,inf,1254.089709709796,inf
41,101,inf,inf,inf,275.98007174431996,inf
41,102,inf,inf,inf,589.4989397785207,inf
41,103,inf,inf,inf,1157.1365520110407,inf
41,104,inf,inf,inf,731.0950690573695,inf
41,105,inf,inf,inf,1102.858558474295,inf
41,106,inf,inf,inf,829.0385998251228,inf
41,107,inf,inf,inf,609.2766202637354,inf
41,108,inf,inf,inf,635.4722653271344,inf
41,109,inf,inf,inf,879.4003638843914,inf
41,110,inf,inf,inf,352.3464204444257,inf
41,111,inf,inf,inf,740.9217232609664,inf
41,112,inf,inf,inf,395.0012658207566,inf
41,113,inf,inf,inf,1248.695319123124,inf
41,114,inf,inf,inf,540.0786979691015,inf
41,115,inf,inf,inf,701.0235374079817,inf
41,116,inf,inf,inf,426.56769685479,inf
41,117,inf,inf,inf,1233.9469194418373,inf
41,118,inf,inf,inf,1118.7729885906256,inf
41,119,inf,inf,inf,600.0041666521992,inf
41,120,inf,inf,inf,1126.2970300946372,inf
41,121,inf,inf,inf,705.002836873725,inf
41,122,inf,inf,inf,1093.5465239302807,inf
42,43,inf,inf,inf,290.0844704564517,inf
42,44,inf,inf,inf,827.5318724979721,inf
42,45,inf,inf,inf,519.481472239386,inf
42,46,inf,inf,inf,328.2026812809426,inf
42,47,inf,inf,inf,861.455744655522,inf
42,48,inf,inf,inf,403.27162062312294,inf
42,49,inf,inf,inf,224.1628872048181,inf
42,50,inf,inf,inf,1325.1664046450921,inf
42,51,inf,inf,inf,1080.4337092112594,inf
42,52,inf,inf,inf,1281.7367124335638,inf
42,53,inf,inf,inf,256.82678987987214,inf
42,54,inf,inf,inf,476.3034746881446,inf
42,55,inf,inf,inf,658.0486304217949,inf
42,56,inf,inf,inf,671.6918936536305,inf
42,57,inf,inf,inf,425.1693780130455,inf
42,58,inf,inf,inf,829.3961658942004,inf
42,59,inf,inf,inf,127.13772060250254,inf
42,60,inf,inf,inf,1255.3756409935634,inf
42,61,inf,inf,inf,1230.40196683848,inf
42,62,inf,inf,inf,724.9344797980021,inf
42,63,inf,inf,inf,207.27276714513172,inf
42,64,inf,inf,inf,251.81342299408902,inf
42,65,inf,inf,inf,1118.6465035926228,inf
42,66,inf,inf,inf,980.991335333804,inf
42,67,inf,inf,inf,1042.6797207196464,inf
42,68,inf,inf,inf,784.3984956640343,inf
42,69,inf,inf,inf,1020.2372273152946,inf
42,70,inf,inf,inf,440.0,inf
42,71,inf,inf,inf,339.08111124036384,inf
42,72,inf,inf,inf,477.1687332590014,inf
42,73,inf,inf,inf,1285.746864666603,inf
42,74,inf,inf,inf,712.447191025412,inf
42,75,inf,inf,inf,1094.5652104831397,inf
42,76,inf,inf,inf,810.8298218491967,inf
42,77,inf,inf,inf,656.0274384505575,inf
42,78,inf,inf,inf,750.4858426379541,inf
42,79,inf,inf,inf,1330.3067315472774,inf
42,80,inf,inf,inf,109.77249200050075,inf
42,81,inf,inf,inf,873.8615450973913,inf
42,82,inf,inf,inf,826.4556854423594,inf
42,83,inf,inf,inf,346.0057802985378,inf
42,84,inf,inf,inf,195.8187937865005,inf
42,85,inf,inf,inf,783.5202613844775,inf
42,86,inf,inf,inf,1050.619341150733,inf
42,87,inf,inf,inf,1218.2138564307993,inf
42,88,inf,inf,inf,202.09403751719148,inf
42,89,inf,inf,inf,74.33034373659252,inf
42,90,inf,inf,inf,352.42304124446804,inf
42,91,inf,inf,inf,1291.0774570102292,inf
42,92,inf,inf,inf,1138.7804880660715,inf
42,93,inf,inf,inf,1111.6856570092104,inf
42,94,inf,inf,inf,833.6120200668894,inf
42,95,inf,inf,inf,320.0281237641467,inf
42,96,inf,inf,inf,1023.8095526024359,inf
42,97,inf,inf,inf,614.037458140788,inf
42,98,inf,inf,inf,235.35717537394095,inf
42,99,inf,inf,inf,1137.0989402862003,inf
42,100,inf,inf,inf,1303.9095060624413,inf
42,101,inf,inf,inf,326.9556544854363,inf
42,102,inf,inf,inf,536.1734793889008,inf
42,103,inf,inf,inf,1175.8316205987999,inf
42,104,inf,inf,inf,758.1457643487827,inf
42,105,inf,inf,inf,1157.9956822026584,inf
42,106,inf,inf,inf,878.8230766200896,inf
42,107,inf,inf,inf,522.9885275988374,inf
42,108,inf,inf,inf,751.5597115332886,inf
42,109,inf,inf,inf,856.8710521426196,inf
42,110,inf,inf,inf,376.10769734213096,inf
42,111,inf,inf,inf,757.3862950964983,inf
42,112,inf,inf,inf,512.0595668474518,inf
42,113,inf,inf,inf,1290.2825272009227,inf
42,114,inf,inf,inf,628.4011457659828,inf
42,115,inf,inf,inf,712.1270953980055,inf
42,116,inf,inf,inf,317.7624899197512,inf
42,117,inf,inf,inf,1318.1358048395468,inf
42,118,inf,inf,inf,1149.0744101232087,inf
42,119,inf,inf,inf,716.9337486825405,inf
42,120,inf,inf,inf,1125.3203988198206,inf
42,121,inf,inf,inf,747.2964605830808,inf
42,122,inf,inf,inf,1132.0004416960269,inf
43,44,inf,inf,inf,688.0770305714325,inf
43,45,inf,inf,inf,313.99681527047375,inf
43,46,inf,inf,inf,279.7892063679369,inf
43,47,inf,inf,inf,767.5161236091395,inf
43,48,inf,inf,inf,203.147729497526,inf
43,49,inf,inf,inf,294.3637205907005,inf
43,50,inf,inf,inf,1130.977011260618,inf
43,51,inf,inf,inf,794.9163478001947,inf
43,52,inf,inf,inf,1109.4088515962003,inf
43,53,inf,inf,inf,401.78725713989485,inf
43,54,inf,inf,inf,271.1825953117198,inf
43,55,inf,inf,inf,408.1041533726409,inf
43,56,inf,inf,inf,524.218465909014,inf
43,57,inf,inf,inf,147.57371039585607,inf
43,58,inf,inf,inf,737.2143514609573,inf
43,59,inf,inf,inf,388.44948191495894,inf
43,60,inf,inf,inf,1188.8671077963256,inf
43,61,inf,inf,inf,973.6056696630314,inf
43,62,inf,inf,inf,435.29415341812256,inf
43,63,inf,inf,inf,446.323873437216,inf
43,64,inf,inf,inf,389.5600082143956,inf
43,65,inf,inf,inf,853.8296082943014,inf
43,66,inf,inf,inf,1057.839779928889,inf
43,67,inf,inf,inf,892.0201791439474,inf
43,68,inf,inf,inf,567.459249638245,inf
43,69,inf,inf,inf,769.1716323422231,inf
43,70,inf,inf,inf,211.06634028191232,inf
43,71,inf,inf,inf,61.68468205316454,inf
43,72,inf,inf,inf,296.14354627443765,inf
43,73,inf,inf,inf,1078.328335897745,inf
43,74,inf,inf,inf,448.89419688830907,inf
43,75,inf,inf,inf,1100.9241572424505,inf
43,76,inf,inf,inf,875.6551832770706,inf
43,77,inf,inf,inf,406.7247226319049,inf
43,78,inf,inf,inf,675.3280684230443,inf
43,79,inf,inf,inf,1159.4244261701579,inf
43,80,inf,inf,inf,358.9052799834519,inf
43,81,inf,inf,inf,730.7126658269993,inf
43,82,inf,inf,inf,539.4905003797564,inf
43,83,inf,inf,inf,348.0703951789063,inf
43,84,inf,inf,inf,164.5600194457937,inf
43,85,inf,inf,inf,925.3826235671384,inf
43,86,inf,inf,inf,906.4965526685692,inf
43,87,inf,inf,inf,1069.0378852033261,inf
43,88,inf,inf,inf,475.988445237907,inf
43,89,inf,inf,inf,232.99785406737118,inf
43,90,inf,inf,inf,186.93581786270923,inf
43,91,inf,inf,inf,1063.0569128696732,inf
43,92,inf,inf,inf,993.1132865891988,inf
43,93,inf,inf,inf,1106.877590341407,inf
43,94,inf,inf,inf,550.695923355167,inf
43,95,inf,inf,inf,540.2268042220786,inf
43,96,inf,inf,inf,843.4364232116135,inf
43,97,inf,inf,inf,433.0415684434925,inf
43,98,1.0,68.6274,68.62741699796949,58.309518948453004,1.1769504917136728
43,99,inf,inf,inf,1056.769132781612,inf
43,100,inf,inf,inf,1188.3942948365243,inf
43,101,inf,inf,inf,275.17449009673845,inf
43,102,inf,inf,inf,689.4903915211581,inf
43,103,inf,inf,inf,1140.8597635117123,inf
43,104,inf,inf,inf,714.6523630409404,inf
43,105,inf,inf,inf,1031.1125059856465,inf
43,106,inf,inf,inf,772.6066269454334,inf
43,107,inf,inf,inf,746.1434178494105,inf
43,108,inf,inf,inf,464.3027029858861,inf
43,109,inf,inf,inf,929.187279293039,inf
43,110,inf,inf,inf,376.3509000919222,inf
43,111,inf,inf,inf,740.0952641383406,inf
43,112,inf,inf,inf,222.64321233758733,inf
43,113,inf,inf,inf,1195.921402099653,inf
43,114,inf,inf,inf,427.29966065982313,inf
43,115,inf,inf,inf,710.043660629401,inf
43,116,inf,inf,inf,589.8643911951289,inf
43,117,inf,inf,inf,1113.3090316709013,inf
43,118,inf,inf,inf,1085.626547206727,inf
43,119,inf,inf,inf,430.8746917608413,inf
43,120,inf,inf,inf,1139.6705664357573,inf
43,121,inf,inf,inf,665.7514551242077,inf
43,122,inf,inf,inf,1048.3091147176008,inf
44,45,inf,inf,inf,382.7322824116095,inf
44,46,inf,inf,inf,967.828497203921,inf
44,47,inf,inf,inf,146.15402833996743,inf
44,48,inf,inf,inf,859.086142362918,inf
44,49,inf,inf,inf,960.8329719571451,inf
44,50,inf,inf,inf,523.4013756191323,inf
44,51,inf,inf,inf,742.0525587854273,inf
44,52,inf,inf,inf,459.4975516800933,inf
44,53,inf,inf,inf,660.7669785938157,inf
44,54,inf,inf,inf,901.3378944657769,inf
44,55,inf,inf,inf,917.4905994068822,inf
44,56,inf,inf,inf,164.14932226482082,inf
44,57,inf,inf,inf,729.4847496692443,inf
44,58,inf,inf,inf,139.08630414242805,inf
44,59,inf,inf,inf,954.1975686407925,inf
44,60,inf,inf,inf,535.5977968587996,inf
44,61,inf,inf,inf,627.9952229117671,inf
44,62,inf,inf,inf,657.2678297315334,inf
44,63,inf,inf,inf,798.7271123481411,inf
44,64,inf,inf,inf,653.6489883721997,inf
44,65,inf,inf,inf,593.1652383611164,inf
44,66,inf,inf,inf,710.8621526006291,inf
44,67,inf,inf,inf,215.24404753674375,inf
44,68,inf,inf,inf,256.3201123595259,inf
44,69,inf,inf,inf,460.6788469204984,inf
44,70,inf,inf,inf,838.098442905128,inf
44,71,inf,inf,inf,713.8522256041512,inf
44,72,inf,inf,inf,391.94514922371474,inf
44,73,inf,inf,inf,509.3544934522518,inf
44,74,inf,inf,inf,902.0177381847876,inf
44,75,inf,inf,inf,583.6300197899351,inf
44,76,inf,inf,inf,574.7364613455458,inf
44,77,inf,inf,inf,918.2292742011659,inf
44,78,inf,inf,inf,180.93645293306707,inf
44,79,inf,inf,inf,506.4632267006164,inf
44,80,inf,inf,inf,936.5431116611771,inf
44,81,inf,inf,inf,46.486557196677836,inf
44,82,inf,inf,inf,636.0031446463138,inf
44,83,inf,inf,inf,498.04919435734456,inf
44,84,inf,inf,inf,645.7321426102312,inf
44,85,inf,inf,inf,786.4814047388533,inf
44,86,inf,inf,inf,223.75432956704995,inf
44,87,inf,inf,inf,391.0652119531984,inf
44,88,inf,inf,inf,878.8202319018378,inf
44,89,inf,inf,inf,826.8119495991818,inf
44,90,inf,inf,inf,864.9306330567787,inf
44,91,inf,inf,inf,565.261001662064,inf
44,92,inf,inf,inf,312.03204963593083,inf
44,93,inf,inf,inf,565.533376557034,inf
44,94,inf,inf,inf,859.8464979285546,inf
44,95,inf,inf,inf,792.6064597263891,inf
44,96,inf,inf,inf,227.29936207565564,inf
44,97,inf,inf,inf,261.8110005328271,inf
44,98,inf,inf,inf,691.0354549514808,inf
44,99,inf,inf,inf,397.2165656162895,inf
44,100,inf,inf,inf,500.80035942479117,inf
44,101,inf,inf,inf,500.6006392325124,inf
44,102,inf,inf,inf,703.6739301693648,inf
44,103,inf,inf,inf,537.8113051991377,inf
44,104,inf,inf,inf,261.26232028365666,inf
44,105,inf,inf,inf,343.06413394582654,inf
44,106,inf,inf,inf,121.24768039018313,inf
44,107,inf,inf,inf,890.5054744357275,inf
44,108,inf,inf,inf,617.5572847922693,inf
44,109,inf,inf,inf,620.4425839672838,inf
44,110,inf,inf,inf,475.405090422894,inf
44,111,inf,inf,inf,329.78932669205653,inf
44,112,inf,inf,inf,629.3170901858617,inf
44,113,inf,inf,inf,516.8152474530913,inf
44,114,inf,inf,inf,286.4349838968697,inf
44,115,inf,inf,inf,361.87290586613415,inf
44,116,inf,inf,inf,936.6162501259521,inf
44,117,inf,inf,inf,534.0009363287671,inf
44,118,inf,inf,inf,445.31449560956355,inf
44,119,inf,inf,inf,771.2152747449962,inf
44,120,inf,inf,inf,630.2293233419086,inf
44,121,inf,inf,inf,166.0873264279969,inf
44,122,inf,inf,inf,385.5411780860768,inf
45,46,inf,inf,inf,592.0135133592813,inf
45,47,inf,inf,inf,483.53800264301873,inf
45,48,inf,inf,inf,476.3538600662327,inf
45,49,inf,inf,inf,602.1993025568861,inf
45,50,inf,inf,inf,821.4164595380348,inf
45,51,inf,inf,inf,637.6284184381998,inf
45,52,inf,inf,inf,795.6946650568923,inf
45,53,inf,inf,inf,460.1836589884521,inf
45,54,inf,inf,inf,520.2480177761372,inf
45,55,inf,inf,inf,560.6719183265736,inf
45,56,inf,inf,inf,223.9486548296283,inf
45,57,inf,inf,inf,348.08045047086455,inf
45,58,inf,inf,inf,456.4482446017292,inf
45,59,inf,inf,inf,643.2923130272893,inf
45,60,inf,inf,inf,905.5191880904567,inf
45,61,inf,inf,inf,718.9228053136164,inf
45,62,inf,inf,inf,374.8933181586463,inf
45,63,inf,inf,inf,575.1008607192307,inf
45,64,inf,inf,inf,448.12609832501386,inf
45,65,inf,inf,inf,617.3920958353775,inf
45,66,inf,inf,inf,897.5795229393326,inf
45,67,inf,inf,inf,579.8292852210899,inf
45,68,inf,inf,inf,265.7668150842012,inf
45,69,inf,inf,inf,507.2563454507001,inf
45,70,inf,inf,inf,456.3562205120031,inf
45,71,inf,inf,inf,332.74164151785993,inf
45,72,1.0,59.0416,59.04163056034261,54.08326913195984,1.091680135242651
45,73,inf,inf,inf,773.822977172428,inf
45,74,inf,inf,inf,561.056146922926,inf
45,75,inf,inf,inf,872.5984185179343,inf
45,76,inf,inf,inf,720.3901720595583,inf
45,77,inf,inf,inf,560.87520893689,inf
45,78,inf,inf,inf,413.43681500321185,inf
45,79,inf,inf,inf,845.6695572148734,inf
45,80,inf,inf,inf,619.2002906976062,inf
45,81,inf,inf,inf,422.7067541452348,inf
45,82,inf,inf,inf,420.07618356674305,inf
45,83,inf,inf,inf,300.2815345638156,inf
45,84,inf,inf,inf,323.6943002278539,inf
45,85,inf,inf,inf,847.870862808718,inf
45,86,inf,inf,inf,595.5451284327662,inf
45,87,inf,inf,inf,756.1692932141585,inf
45,88,inf,inf,inf,639.6725724931467,inf
45,89,inf,inf,inf,495.0898908279182,inf
45,90,inf,inf,inf,483.61244814417256,inf
45,91,inf,inf,inf,772.0958489721338,inf
45,92,inf,inf,inf,681.1754546370561,inf
45,93,inf,inf,inf,869.1052870625055,inf
45,94,inf,inf,inf,570.224517185994,inf
45,95,inf,inf,inf,621.8239300638083,inf
45,96,inf,inf,inf,529.9216923282156,inf
45,97,inf,inf,inf,121.49485585818027,inf
45,98,inf,inf,inf,329.6209944769902,inf
45,99,inf,inf,inf,769.065016757361,inf
45,100,inf,inf,inf,882.748548568617,inf
45,101,inf,inf,inf,242.00206610688264,inf
45,102,inf,inf,inf,660.3370351570477,inf
45,103,inf,inf,inf,878.9567679926016,inf
45,104,inf,inf,inf,475.4303313841051,inf
45,105,inf,inf,inf,723.522632679863,inf
45,106,inf,inf,inf,480.71301209765477,inf
45,107,inf,inf,inf,792.3357874032953,inf
45,108,inf,inf,inf,362.7464679359401,inf
45,109,inf,inf,inf,775.7274005731653,inf
45,110,inf,inf,inf,304.0164469235176,inf
45,111,inf,inf,inf,521.6138418408775,inf
45,112,inf,inf,inf,262.73180241455356,inf
45,113,inf,inf,inf,898.3596161894188,inf
45,114,inf,inf,inf,114.47707194019246,inf
45,115,inf,inf,inf,510.7367227838625,inf
45,116,inf,inf,inf,731.9357895334808,inf
45,117,inf,inf,inf,807.7159154059055,inf
45,118,inf,inf,inf,806.9082971441055,inf
45,119,inf,inf,inf,456.8205336891064,inf
45,120,inf,inf,inf,916.0376629811681,inf
45,121,inf,inf,inf,399.67611887627214,inf
45,122,inf,inf,inf,759.0006587612424,inf
46,47,inf,inf,inf,1043.6670925156163,inf
46,48,inf,inf,inf,173.4848696572701,inf
46,49,inf,inf,inf,126.0634760745554,inf
46,50,inf,inf,inf,1400.844388217335,inf
46,51,inf,inf,inf,971.1611606731398,inf
46,52,inf,inf,inf,1385.1389821963714,inf
46,53,inf,inf,inf,562.3459789133376,inf
46,54,inf,inf,inf,214.46211786700232,inf
46,55,inf,inf,inf,408.58903558465687,inf
46,56,inf,inf,inf,803.8911617874649,inf
46,57,inf,inf,inf,294.3331445828009,inf
46,58,inf,inf,inf,1012.8538887717222,inf
46,59,inf,inf,inf,330.55256768024054,inf
46,60,inf,inf,inf,1462.6869111330695,inf
46,61,inf,inf,inf,1204.376187077775,inf
46,62,inf,inf,inf,605.0,inf
46,63,inf,inf,inf,535.4745558847778,inf
46,64,inf,inf,inf,553.6867345349715,inf
46,65,inf,inf,inf,1076.8235695786009,inf
46,66,inf,inf,inf,1277.3476425781666,inf
46,67,inf,inf,inf,1171.311231056887,inf
46,68,inf,inf,inf,836.1674473453269,inf
46,69,inf,inf,inf,1010.740817420569,inf
46,70,inf,inf,inf,222.79362647975367,inf
46,71,inf,inf,inf,263.751777245197,inf
46,72,inf,inf,inf,575.9210015271192,inf
46,73,inf,inf,inf,1343.5750816385364,inf
46,74,inf,inf,inf,477.6777156200611,inf
46,75,inf,inf,inf,1353.344006526057,inf
46,76,inf,inf,inf,1099.4152991476878,inf
46,77,inf,inf,inf,405.9421141000278,inf
46,78,inf,inf,inf,947.1018952573161,inf
46,79,inf,inf,inf,1435.2215856793682,inf
46,80,inf,inf,inf,303.48805577814755,inf
46,81,inf,inf,inf,1010.4974022727619,inf
46,82,inf,inf,inf,721.6869127260103,inf
46,83,inf,inf,inf,581.1239110551209,inf
46,84,inf,inf,inf,371.03369119259236,inf
46,85,inf,inf,inf,1102.4504524013767,inf
46,86,inf,inf,inf,1186.0969606233716,inf
46,87,inf,inf,inf,1348.053411404756,inf
46,88,inf,inf,inf,519.8971052044818,inf
46,89,inf,inf,inf,258.8010819142764,inf
46,90,inf,inf,inf,128.50291825480073,inf
46,91,inf,inf,inf,1317.5507580355302,inf
46,92,inf,inf,inf,1272.5093319893572,inf
46,93,inf,inf,inf,1363.4074959453612,inf
46,94,inf,inf,inf,634.6179953326252,inf
46,95,inf,inf,inf,648.1242164894011,inf
46,96,inf,inf,inf,1119.0822132444068,inf
46,97,inf,inf,inf,712.1579880897216,inf
46,98,inf,inf,inf,284.20063335608523,inf
46,99,inf,inf,inf,1332.4432445699142,inf
46,100,inf,inf,inf,1467.9662802666824,inf
46,101,inf,inf,inf,523.0114721495122,inf
46,102,inf,inf,inf,855.2923476800199,inf
46,103,inf,inf,inf,1407.0753355808636,inf
46,104,inf,inf,inf,979.0495390939112,inf
46,105,inf,inf,inf,1310.8794757718956,inf
46,106,inf,inf,inf,1050.419440033361,inf
46,107,inf,inf,inf,850.6021396634269,inf
46,108,inf,inf,inf,650.6681181677799,inf
46,109,inf,inf,inf,1149.737796195289,inf
46,110,inf,inf,inf,612.694050893266,inf
46,111,inf,inf,inf,996.6870120554396,inf
46,112,inf,inf,inf,426.24406154221083,inf
46,113,inf,inf,inf,1473.9341912039356,inf
46,114,inf,inf,inf,703.7279303821897,inf
46,115,inf,inf,inf,960.6185507265618,inf
46,116,inf,inf,inf,630.1571232637143,inf
46,117,inf,inf,inf,1379.3436845108617,inf
46,118,inf,inf,inf,1358.3626172712497,inf
46,119,inf,inf,inf,542.9152788419202,inf
46,120,inf,inf,inf,1389.3181781003227,inf
46,121,inf,inf,inf,938.7294604943429,inf
46,122,inf,inf,inf,1324.4689501834312,inf
47,48,inf,inf,inf,952.601700607342,inf
47,49,inf,inf,inf,1020.4317713595555,inf
47,50,inf,inf,inf,577.5326830578508,inf
47,51,inf,inf,inf,887.6716735370122,inf
47,52,inf,inf,inf,487.7550614806575,inf
47,53,inf,inf,inf,660.0439379314078,inf
47,54,inf,inf,inf,1001.8428020403201,inf
47,55,inf,inf,inf,1037.2318930692404,inf
47,56,inf,inf,inf,261.8472837361503,inf
47,57,inf,inf,inf,830.0150601043333,inf
47,58,inf,inf,inf,32.0624390837628,inf
47,59,inf,inf,inf,984.829934557231,inf
47,60,inf,inf,inf,423.19971644602975,inf
47,61,inf,inf,inf,754.4700126578922,inf
47,62,inf,inf,inf,792.6865710985647,inf
47,63,inf,inf,inf,796.919067408981,inf
47,64,inf,inf,inf,655.5150646628955,inf
47,65,inf,inf,inf,731.3576416501027,inf
47,66,inf,inf,inf,575.383350471666,inf
47,67,inf,inf,inf,245.83937845674765,inf
47,68,inf,inf,inf,401.04488526846967,inf
47,69,inf,inf,inf,600.4881347703716,inf
47,70,inf,inf,inf,937.2865090248553,inf
47,71,inf,inf,inf,801.9738150338825,inf
47,72,inf,inf,inf,478.740012950662,inf
47,73,inf,inf,inf,584.7093294962891,inf
47,74,inf,inf,inf,1027.63077026722,inf
47,75,inf,inf,inf,437.5671377057468,inf
47,76,inf,inf,inf,455.1098768429444,inf
47,77,inf,inf,inf,1037.7331063428592,inf
47,78,inf,inf,inf,115.43396380615195,inf
47,79,inf,inf,inf,527.7139376594104,inf
47,80,inf,inf,inf,971.1374773944212,inf
47,81,inf,inf,inf,150.47923444781344,inf
47,82,inf,inf,inf,778.5377319051403,inf
47,83,inf,inf,inf,516.8539445530042,inf
47,84,inf,inf,inf,696.2679082077531,inf
47,85,inf,inf,inf,682.0337235063968,inf
47,86,inf,inf,inf,236.90715480964266,inf
47,87,inf,inf,inf,388.92801390488705,inf
47,88,inf,inf,inf,879.2041856133307,inf
47,89,inf,inf,inf,873.0366544424123,inf
47,90,inf,inf,inf,951.3779480311703,inf
47,91,inf,inf,inf,662.4628291459077,inf
47,92,inf,inf,inf,312.61637832973497,inf
47,93,inf,inf,inf,420.3724539024887,inf
47,94,inf,inf,inf,996.6288175644933,inf
47,95,inf,inf,inf,770.1350530913393,inf
47,96,inf,inf,inf,318.7977415227404,inf
47,97,inf,inf,inf,370.5401462729781,inf
47,98,inf,inf,inf,760.3768802376884,inf
47,99,inf,inf,inf,289.28186946298587,inf
47,100,inf,inf,inf,442.94694941945363,inf
47,101,inf,inf,inf,541.1118183887689,inf
47,102,inf,inf,inf,639.7311935492907,inf
47,103,inf,inf,inf,402.1964694027037,inf
47,104,inf,inf,inf,159.66527487215245,inf
47,105,inf,inf,inf,305.71228303749916,inf
47,106,inf,inf,inf,38.62641583165593,inf
47,107,inf,inf,inf,835.2035680000415,inf
47,108,inf,inf,inf,755.9470880954566,inf
47,109,inf,inf,inf,495.59055681076086,inf
47,110,inf,inf,inf,488.635856236523,inf
47,111,inf,inf,inf,220.55384830013736,inf
47,112,inf,inf,inf,742.5287873207341,inf
47,113,inf,inf,inf,432.6719311441407,inf
47,114,inf,inf,inf,405.58353023760714,inf
47,115,inf,inf,inf,266.01691675530714,inf
47,116,inf,inf,inf,920.0505420899441,inf
47,117,inf,inf,inf,602.4250990787153,inf
47,118,inf,inf,inf,323.37284981890485,inf
47,119,inf,inf,inf,902.5519375637061,inf
47,120,inf,inf,inf,484.1528684207086,inf
47,121,inf,inf,inf,114.93476410555685,inf
47,122,inf,inf,inf,280.86473612755304,inf
48,49,inf,inf,inf,272.3765775539446,inf
48,50,inf,inf,inf,1258.085052768691,inf
48,51,inf,inf,inf,797.8126346455037,inf
48,52,inf,inf,inf,1252.0323478249275,inf
48,53,inf,inf,inf,584.0719133805356,inf
48,54,inf,inf,inf,74.94664769020693,inf
48,55,inf,inf,inf,259.10615585122633,inf
48,56,inf,inf,inf,698.7603308717518,inf
48,57,inf,inf,inf,137.3644786689776,inf
48,58,inf,inf,inf,923.4727933187853,inf
48,59,inf,inf,inf,452.6367196770496,inf
48,60,inf,inf,inf,1375.7514310368715,inf
48,61,inf,inf,inf,1038.5225081816957,inf
48,62,inf,inf,inf,432.4742766916895,inf
48,63,inf,inf,inf,597.9782604744089,inf
48,64,inf,inf,inf,572.8891690370834,inf
48,65,inf,inf,inf,909.3525169041982,inf
48,66,inf,inf,inf,1260.4142176284747,inf
48,67,inf,inf,inf,1051.7666090915798,inf
48,68,inf,inf,inf,697.1405884038026,inf
48,69,inf,inf,inf,850.096465114401,inf
48,70,inf,inf,inf,49.678969393496885,inf
48,71,inf,inf,inf,153.32318807016765,inf
48,72,inf,inf,inf,473.9134942159803,inf
48,73,inf,inf,inf,1196.0004180601277,inf
48,74,inf,inf,inf,321.16195291472496,inf
48,75,inf,inf,inf,1301.683909403508,inf
48,76,inf,inf,inf,1078.4048404935875,inf
48,77,inf,inf,inf,256.82678987987214,inf
48,78,inf,inf,inf,867.2652420107703,inf
48,79,inf,inf,inf,1302.0138248113958,inf
48,80,inf,inf,inf,422.08293024001813,inf
48,81,inf,inf,inf,898.6712413335591,inf
48,82,inf,inf,inf,549.4442646893314,inf
48,83,inf,inf,inf,550.3489801934769,inf
48,84,inf,inf,inf,354.17650966714325,inf
48,85,inf,inf,inf,1119.3587449964377,inf
48,86,inf,inf,inf,1069.1234727570056,inf
48,87,inf,inf,inf,1225.7018397636516,inf
48,88,inf,inf,inf,605.3247062527681,inf
48,89,inf,inf,inf,329.49203328760467,inf
48,90,inf,inf,inf,55.65968020030299,inf
48,91,inf,inf,inf,1161.7456692409057,inf
48,92,inf,inf,inf,1153.06244410266,inf
48,93,inf,inf,inf,1306.3724583747164,inf
48,94,inf,inf,inf,467.8728459742027,inf
48,95,inf,inf,inf,703.7229568516292,inf
48,96,inf,inf,inf,987.5515176435101,inf
48,97,inf,inf,inf,597.5366097570926,inf
48,98,inf,inf,inf,242.40668307618913,inf
48,99,inf,inf,inf,1241.1486615228653,inf
48,100,inf,inf,inf,1358.7435372431398,inf
48,101,inf,inf,inf,478.3053418058385,inf
48,102,inf,inf,inf,878.4543243675223,inf
48,103,inf,inf,inf,1335.4160400414546,inf
48,104,inf,inf,inf,911.9347564382005,inf
48,105,inf,inf,inf,1199.0704733250668,inf
48,106,inf,inf,inf,953.7431520068702,inf
48,107,inf,inf,inf,911.8031585819386,inf
48,108,inf,inf,inf,479.5101667326773,inf
48,109,inf,inf,inf,1131.7243480636087,inf
48,110,inf,inf,inf,579.1243389808444,inf
48,111,inf,inf,inf,940.5158159223055,inf
48,112,inf,inf,inf,266.94006818010666,inf
48,113,inf,inf,inf,1374.1575601072825,inf
48,114,inf,inf,inf,580.1137819428185,inf
48,115,inf,inf,inf,912.0005482454493,inf
48,116,inf,inf,inf,721.0249648937269,inf
48,117,inf,inf,inf,1232.36763995165,inf
48,118,inf,inf,inf,1274.3155025345961,inf
48,119,inf,inf,inf,370.6669664267373,inf
48,120,inf,inf,inf,1341.0361665518196,inf
48,121,inf,inf,inf,856.4157868699059,inf
48,122,inf,inf,inf,1231.7893488742302,inf
49,50,inf,inf,inf,1422.9929725757609,inf
49,51,inf,inf,inf,1053.604290044417,inf
49,52,inf,inf,inf,1396.5736643657576,inf
49,53,inf,inf,inf,475.6185446342478,inf
49,54,inf,inf,inf,328.89207956410263,inf
49,55,inf,inf,inf,524.6227215819002,inf
49,56,inf,inf,inf,797.3863555391451,inf
49,57,inf,inf,inf,363.52166372858716,inf
49,58,inf,inf,inf,988.7694372299338,inf
49,59,inf,inf,inf,205.36065835500236,inf
49,60,inf,inf,inf,1431.3577470360092,inf
49,61,inf,inf,inf,1261.5775838211457,inf
49,62,inf,inf,inf,685.2160243310134,inf
49,63,inf,inf,inf,427.6037885706814,inf
49,64,inf,inf,inf,468.8464567425033,inf
49,65,inf,inf,inf,1138.246458373581,inf
49,66,inf,inf,inf,1199.5519997065571,inf
49,67,inf,inf,inf,1171.1917007902678,inf
49,68,inf,inf,inf,860.9413452727194,inf
49,69,inf,inf,inf,1060.2947703351176,inf
49,70,inf,inf,inf,321.01246081733336,inf
49,71,inf,inf,inf,304.8688242506931,inf
49,72,inf,inf,inf,575.4485207210112,inf
49,73,inf,inf,inf,1372.0065597510822,inf
49,74,inf,inf,inf,590.894237575558,inf
49,75,inf,inf,inf,1296.9441005687177,inf
49,76,inf,inf,inf,1025.9054537334325,inf
49,77,inf,inf,inf,522.0967343318669,inf
49,78,inf,inf,inf,916.6995145629783,inf
49,79,inf,inf,inf,1446.383420812061,inf
49,80,inf,inf,inf,179.53551180755298,inf
49,81,inf,inf,inf,1005.5053455849949,inf
49,82,inf,inf,inf,799.3122043357026,inf
49,83,inf,inf,inf,527.2314482274364,inf
49,84,inf,inf,inf,325.3459696999488,inf
49,85,inf,inf,inf,1007.647259709468,inf
49,86,inf,inf,inf,1183.3790601493674,inf
49,87,inf,inf,inf,1348.8261563300143,inf
49,88,inf,inf,inf,402.4984472019737,inf
49,89,inf,inf,inf,167.38578195294843,inf
49,90,inf,inf,inf,217.68095920406083,inf
49,91,inf,inf,inf,1357.2324782438711,inf
49,92,inf,inf,inf,1271.189993667351,inf
49,93,inf,inf,inf,1310.6288566943733,inf
49,94,inf,inf,inf,740.1459315567438,inf
49,95,inf,inf,inf,540.8003328401343,inf
49,96,inf,inf,inf,1131.4702824201793,inf
49,97,inf,inf,inf,716.6484493808663,inf
49,98,inf,inf,inf,273.0750812505601,inf
49,99,inf,inf,inf,1305.7798436183643,inf
49,100,inf,inf,inf,1455.4452926853692,inf
49,101,inf,inf,inf,482.370189792031,inf
49,102,inf,inf,inf,760.2348321407011,inf
49,103,inf,inf,inf,1364.4489730290393,inf
49,104,inf,inf,inf,938.4338016077639,inf
49,105,inf,inf,inf,1302.0648985361674,inf
49,106,inf,inf,inf,1031.6884219569395,inf
49,107,inf,inf,inf,738.1327793832218,inf
49,108,inf,inf,inf,725.5460012983326,inf
49,109,inf,inf,inf,1073.829129796729,inf
49,110,inf,inf,inf,559.1511423577707,inf
49,111,inf,inf,inf,947.8612767699713,inf
49,112,inf,inf,inf,487.64741360946437,inf
49,113,inf,inf,inf,1453.0994460118688,inf
49,114,inf,inf,inf,716.6344954019447,inf
49,115,inf,inf,inf,907.167018800838,inf
49,116,inf,inf,inf,509.48012718849003,inf
49,117,inf,inf,inf,1406.768282269685,inf
49,118,inf,inf,inf,1325.6488977100987,inf
49,119,inf,inf,inf,639.3535797975952,inf
49,120,inf,inf,inf,1330.3191346440146,inf
49,121,inf,inf,inf,910.4202326398507,inf
49,122,inf,inf,inf,1299.0157812744233,inf
50,51,inf,inf,inf,749.0026702222095,inf
50,52,inf,inf,inf,122.00409829181969,inf
50,53,inf,inf,inf,1181.4372602893477,inf
50,54,inf,inf,inf,1277.6904946034465,inf
50,55,inf,inf,inf,1221.4000163746518,inf
50,56,inf,inf,inf,658.4739934120405,inf
50,57,inf,inf,inf,1120.7430570831123,inf
50,58,inf,inf,inf,599.6165441346661,inf
50,59,inf,inf,inf,1452.077821605991,inf
50,60,inf,inf,inf,607.7910825275409,inf
50,61,inf,inf,inf,426.38597537911585,inf
50,62,inf,inf,inf,907.9427294714133,inf
50,63,inf,inf,inf,1318.6417254129342,inf
50,64,inf,inf,inf,1173.6319695713814,inf
50,65,inf,inf,inf,513.7197679669335,inf
50,66,inf,inf,inf,1094.2184425424387,inf
50,67,inf,inf,inf,331.748398639692,inf
50,68,inf,inf,inf,564.7450752330648,inf
50,69,inf,inf,inf,466.12659224721347,inf
50,70,inf,inf,inf,1223.3012711511421,inf
50,71,inf,inf,inf,1137.1552224740474,inf
50,72,inf,inf,inf,853.8383922031147,inf
50,73,inf,inf,inf,88.86506625215557,inf
50,74,inf,inf,inf,1178.2482760437208,inf
50,75,inf,inf,inf,865.5015886756072,inf
50,76,inf,inf,inf,1015.1142792809094,inf
50,77,inf,inf,inf,1223.1541194796346,inf
50,78,inf,inf,inf,678.2219400756658,inf
50,79,inf,inf,inf,128.69343417595164,inf
50,80,inf,inf,inf,1430.973095484328,inf
50,81,inf,inf,inf,479.4538559653056,inf
50,82,inf,inf,inf,821.4797623800602,inf
50,83,inf,inf,inf,1014.2948289328897,inf
50,84,inf,inf,inf,1133.0105913008933,inf
50,85,inf,inf,inf,1251.7547683152638,inf
50,86,inf,inf,inf,342.35799976048463,inf
50,87,inf,inf,inf,243.38652386687312,inf
50,88,inf,inf,inf,1397.3746813220855,inf
50,89,inf,inf,inf,1311.712239784321,inf
50,90,inf,inf,inf,1280.8028732010246,inf
50,91,inf,inf,inf,210.80085388821365,inf
50,92,inf,inf,inf,286.9233347080715,inf
50,93,inf,inf,inf,826.7218395566915,inf
50,94,inf,inf,inf,1065.6458135797277,inf
50,95,inf,inf,inf,1316.0015197559615,inf
50,96,inf,inf,inf,303.43368303469543,inf
50,97,inf,inf,inf,713.0469830242605,inf
50,98,inf,inf,inf,1150.9756730704607,inf
50,99,inf,inf,inf,536.6153184544772,inf
50,100,inf,inf,inf,398.5097238462319,inf
50,101,inf,inf,inf,1004.0567713032964,inf
50,102,inf,inf,inf,1213.9522231125902,inf
50,103,inf,inf,inf,721.7548060110165,inf
50,104,inf,inf,inf,737.1628042705356,inf
50,105,inf,inf,inf,350.3426893771297,inf
50,106,inf,inf,inf,540.8326913195984,inf
50,107,inf,inf,inf,1406.456895891232,inf
50,108,inf,inf,inf,852.596035646425,inf
50,109,inf,inf,inf,1046.0487560338668,inf
50,110,inf,inf,inf,994.2841646129139,inf
50,111,inf,inf,inf,796.414464961555,inf
50,112,inf,inf,inf,993.6362513515699,inf
50,113,inf,inf,inf,492.8539337369643,inf
50,114,inf,inf,inf,707.0007072132248,inf
50,115,inf,inf,inf,843.5028156443818,inf
50,116,inf,inf,inf,1459.391996689032,inf
50,117,2.0,235.7645,235.76450198781697,62.76941930590086,3.756040833177711
50,118,inf,inf,inf,603.6770659880993,inf
50,119,inf,inf,inf,1030.45620964697,inf
50,120,inf,inf,inf,904.267659490264,inf
50,121,inf,inf,inf,668.9289947371096,inf
50,122,inf,inf,inf,523.6191363959114,inf
51,52,inf,inf,inf,818.9945054760746,inf
51,53,inf,inf,inf,1091.386732556338,inf
51,54,inf,inf,inf,774.4004132230302,inf
51,55,inf,inf,inf,628.3128201779747,inf
51,56,inf,inf,inf,704.15126215892,inf
51,57,inf,inf,inf,690.253576593414,inf
51,58,inf,inf,inf,880.2073619324028,inf
51,59,inf,inf,inf,1183.2231404092806,inf
51,60,inf,inf,inf,1203.4222035511893,inf
51,61,inf,inf,inf,348.36762191684807,inf
51,62,inf,inf,inf,368.4033116029225,inf
51,63,inf,inf,inf,1192.2201977822722,inf
51,64,inf,inf,inf,1078.783110731717,inf
51,65,inf,inf,inf,235.54405108174564,inf
51,66,inf,inf,inf,1441.5536757262978,inf
51,67,inf,inf,inf,777.1589284052523,inf
51,68,inf,inf,inf,499.6098477812462,inf
51,69,inf,inf,inf,315.65329081129505,inf
51,70,inf,inf,inf,749.0106808317222,inf
51,71,inf,inf,inf,759.2634588863078,inf
51,72,inf,inf,inf,691.4774038245936,inf
51,73,inf,inf,inf,660.9599080125813,inf
51,74,inf,inf,inf,561.4499087184894,inf
51,75,inf,inf,inf,1323.163633115723,inf
51,76,inf,inf,inf,1285.4291112309538,inf
51,77,inf,inf,inf,630.9461149733787,inf
51,78,inf,inf,inf,897.4853759254243,inf
51,79,inf,inf,inf,856.6008405319247,inf
51,80,inf,inf,inf,1153.4006242412045,inf
51,81,inf,inf,inf,742.1623811538819,inf
51,82,inf,inf,inf,255.9726547895302,inf
51,83,inf,inf,inf,937.706243980491,inf
51,84,inf,inf,inf,905.3198329872156,inf
51,85,inf,inf,inf,1457.1976530313243,inf
51,86,inf,inf,inf,804.9074480957422,inf
51,87,inf,inf,inf,875.6905846245008,inf
51,88,inf,inf,inf,1244.6160050393053,inf
51,89,inf,inf,inf,1027.861858422619,inf
51,90,inf,inf,inf,845.156198581067,inf
51,91,inf,inf,inf,558.3421889844972,inf
51,92,inf,inf,inf,843.8068499366428,inf
51,93,inf,inf,inf,1301.5444671619944,inf
51,94,inf,inf,inf,399.46213838109867,inf
51,95,inf,inf,inf,1253.4005744373983,inf
51,96,inf,inf,inf,655.1648647477977,inf
51,97,inf,inf,inf,638.8528782121906,inf
51,98,inf,inf,inf,845.9243464991417,inf
51,99,inf,inf,inf,1076.8402852791123,inf
51,100,inf,inf,inf,1061.1413666425412,inf
51,101,inf,inf,inf,874.4398206852202,inf
51,102,inf,inf,inf,1292.7911664302167,inf
51,103,inf,inf,inf,1252.295891552791,inf
51,104,inf,inf,inf,981.1931512194732,inf
51,105,inf,inf,inf,925.4280090855258,inf
51,106,inf,inf,inf,858.1287782145521,inf
51,107,inf,inf,inf,1429.8454461933989,inf
51,108,inf,inf,inf,331.09666262286606,inf
51,109,inf,inf,inf,1337.0957332966102,inf
51,110,inf,inf,inf,941.2693557106808,inf
51,111,inf,inf,inf,1046.7688379007086,inf
51,112,inf,inf,inf,573.9564443405092,inf
51,113,inf,inf,inf,1129.7610366798813,inf
51,114,inf,inf,inf,592.4905062530538,inf
51,115,inf,inf,inf,1061.0344009503178,inf
51,116,inf,inf,inf,1348.6734222931807,inf
51,117,inf,inf,inf,693.9920748827035,inf
51,118,inf,inf,inf,1141.0052585330184,inf
51,119,inf,inf,inf,439.2322847879013,inf
51,120,inf,inf,inf,1369.73902623821,inf
51,121,inf,inf,inf,880.0392036722001,inf
51,122,inf,inf,inf,1062.2636207646385,inf
52,53,inf,inf,inf,1119.4914023787767,inf
52,54,inf,inf,inf,1278.5053773840766,inf
52,55,inf,inf,inf,1240.63249997733,inf
52,56,inf,inf,inf,610.0467195223657,inf
52,57,inf,inf,inf,1115.1618716581015,inf
52,58,inf,inf,inf,513.1754086080119,inf
52,59,inf,inf,inf,1408.8381738155736,inf
52,60,inf,inf,inf,486.0545236905012,inf
52,61,inf,inf,inf,519.3996534461686,inf
52,62,inf,inf,inf,932.8156302292538,inf
52,63,inf,inf,inf,1257.6315040583231,inf
52,64,inf,inf,inf,1112.6783003186501,inf
52,65,inf,inf,inf,588.0144556046221,inf
52,66,inf,inf,inf,980.4759048543723,inf
52,67,inf,inf,inf,249.11041728518703,inf
52,68,inf,inf,inf,555.476372134765,inf
52,69,inf,inf,inf,516.3845466316745,inf
52,70,inf,inf,inf,1220.9049922086485,inf
52,71,inf,inf,inf,1122.1234334956205,inf
52,72,inf,inf,inf,821.562535659946,inf
52,73,inf,inf,inf,190.5465822312224,inf
52,74,inf,inf,inf,1203.4990652260599,inf
52,75,inf,inf,inf,746.293507944428,inf
52,76,inf,inf,inf,910.3010491040862,inf
52,77,inf,inf,inf,1242.1614226822535,inf
52,78,inf,inf,inf,595.6979100181568,inf
52,79,inf,inf,inf,50.08991914547278,inf
52,80,inf,inf,inf,1389.6319656657297,inf
52,81,inf,inf,inf,413.2952939485278,inf
52,82,inf,inf,inf,857.7283952394255,inf
52,83,inf,inf,inf,957.4742816389378,inf
52,84,inf,inf,inf,1094.0438748057593,inf
52,85,inf,inf,inf,1149.3828778957864,inf
52,86,inf,inf,inf,251.75384803414624,inf
52,87,inf,inf,inf,123.4908903522847,inf
52,88,inf,inf,inf,1338.0721206272851,inf
52,89,inf,inf,inf,1274.8160651639123,inf
52,90,inf,inf,inf,1269.7625762322655,inf
52,91,inf,inf,inf,316.7112249352713,inf
52,92,inf,inf,inf,179.8054504179448,inf
52,93,inf,inf,inf,706.8818854660233,inf
52,94,inf,inf,inf,1104.725305222977,inf
52,95,inf,inf,inf,1245.9394046260838,inf
52,96,inf,inf,inf,266.0845730214362,inf
52,97,inf,inf,inf,680.0330874303103,inf
52,98,inf,inf,inf,1123.5034490378746,inf
52,99,inf,inf,inf,416.35681812599154,inf
52,100,inf,inf,inf,280.0803456153252,inf
52,101,inf,inf,inf,956.0821094445811,inf
52,102,inf,inf,inf,1127.4772724982088,inf
52,103,inf,inf,inf,600.2107963040985,inf
52,104,inf,inf,inf,646.3714102588388,inf
52,105,inf,inf,inf,232.43278598338918,inf
52,106,inf,inf,inf,453.5118521053226,inf
52,107,inf,inf,inf,1322.7584813562905,inf
52,108,inf,inf,inf,879.1001080650599,inf
52,109,inf,inf,inf,938.3522792640299,inf
52,110,inf,inf,inf,934.8475811596242,inf
52,111,inf,inf,inf,701.4648957716986,inf
52,112,inf,inf,inf,993.1293974100253,inf
52,113,inf,inf,inf,372.63386856269517,inf
52,114,inf,inf,inf,682.1356170146813,inf
52,115,inf,inf,inf,751.0326224605693,inf
52,116,inf,inf,inf,1392.5889558660158,inf
52,117,inf,inf,inf,178.70926109186397,inf
52,118,inf,inf,inf,482.70591461054215,inf
52,119,inf,inf,inf,1056.7218176984898,inf
52,120,inf,inf,inf,784.2862997655894,inf
52,121,inf,inf,inf,588.6229693105767,inf
52,122,inf,inf,inf,403.7078151336682,inf
53,54,inf,inf,inf,658.4443788202615,inf
53,55,inf,inf,inf,809.8913507378628,inf
53,56,inf,inf,inf,528.024620638091,inf
53,57,inf,inf,inf,547.5372133471843,inf
53,58,inf,inf,inf,628.8290705748263,inf
53,59,inf,inf,inf,355.12814588539726,inf
53,60,inf,inf,inf,1026.4385027852375,inf
53,61,inf,inf,inf,1167.628793752535,inf
53,62,inf,inf,inf,777.0778596768795,inf
53,63,inf,inf,inf,138.2244551445221,inf
53,64,inf,inf,inf,13.038404810405298,inf
53,65,inf,inf,inf,1074.3342124311223,inf
53,66,inf,inf,inf,724.6295605342084,inf
53,67,inf,inf,inf,871.6748246909509,inf
53,68,inf,inf,inf,694.3810193258454,inf
53,69,inf,inf,inf,957.1979941475014,inf
53,70,inf,inf,inf,605.7392178157198,inf
53,71,inf,inf,inf,463.4565783328574,inf
53,72,inf,inf,inf,406.55872884492345,inf
53,73,inf,inf,inf,1156.6006225140984,inf
53,74,inf,inf,inf,848.5947207000524,inf
53,75,inf,inf,inf,843.5573483765048,inf
53,76,inf,inf,inf,554.0983667184014,inf
53,77,inf,inf,inf,808.5072665103264,inf
53,78,inf,inf,inf,544.7724295520103,inf
53,79,inf,inf,inf,1165.444121354602,inf
53,80,inf,inf,inf,352.28681496757724,inf
53,81,inf,inf,inf,706.5479460022511,inf
53,82,inf,inf,inf,855.0046783497737,inf
53,83,inf,inf,inf,172.55723688098394,inf
53,84,inf,inf,inf,237.24459951703852,inf
53,85,inf,inf,inf,541.3243020593109,inf
53,86,inf,inf,inf,874.2156484529432,inf
53,87,inf,inf,inf,1039.3926110955379,inf
53,88,inf,inf,inf,219.69524346239268,inf
53,89,inf,inf,inf,309.23292192132453,inf
53,90,inf,inf,inf,545.4044370923287,inf
53,91,inf,inf,inf,1185.241325637948,inf
53,92,inf,inf,inf,960.004687488556,inf
53,93,inf,inf,inf,863.1344043658554,inf
53,94,inf,inf,inf,932.451071102393,inf
53,95,inf,inf,inf,162.1172415260018,inf
53,96,inf,inf,inf,878.9323068359702,inf
53,97,inf,inf,inf,509.97450916687984,inf
53,98,inf,inf,inf,348.1910395171019,inf
53,99,inf,inf,inf,917.2622307715499,inf
53,100,inf,inf,inf,1099.8636279102968,inf
53,101,inf,inf,inf,218.33002542023394,inf
53,102,inf,inf,inf,295.93580384941595,inf
53,103,inf,inf,inf,935.6003420264445,inf
53,104,inf,inf,inf,533.9709729938511,inf
53,105,inf,inf,inf,965.1870285079467,inf
53,106,inf,inf,inf,684.3522484802692,inf
53,107,inf,inf,inf,352.035509572543,inf
53,108,inf,inf,inf,786.0343503944341,inf
53,109,inf,inf,inf,600.0833275470999,inf
53,110,inf,inf,inf,187.8004259846074,inf
53,111,inf,inf,inf,521.0086371644908,inf
53,112,inf,inf,inf,580.007758568797,inf
53,113,inf,inf,inf,1074.382148027414,inf
53,114,inf,inf,inf,541.7157926440764,inf
53,115,inf,inf,inf,471.61106857239895,inf
53,116,inf,inf,inf,282.207370562854,inf
53,117,inf,inf,inf,1185.2636837429889,inf
53,118,inf,inf,inf,920.78444817449,inf
53,119,inf,inf,inf,809.2725128162948,inf
53,120,inf,inf,inf,872.4872491904968,inf
53,121,inf,inf,inf,545.8534601887213,inf
53,122,inf,inf,inf,914.0443096480608,inf
54,55,inf,inf,inf,195.757503049053,inf
54,56,inf,inf,inf,744.1646323227139,inf
54,57,inf,inf,inf,172.16852209390657,inf
54,58,inf,inf,inf,973.5445547071793,inf
54,59,inf,inf,inf,518.9614629237898,inf
54,60,inf,inf,inf,1424.8119174122596,inf
54,61,inf,inf,inf,1034.8487812236144,inf
54,62,inf,inf,inf,417.8719899682198,inf
54,63,inf,inf,inf,672.5808501585516,inf
54,64,inf,inf,inf,647.1576314932862,inf
54,65,inf,inf,inf,903.5623940824452,inf
54,66,inf,inf,inf,1328.730597224283,inf
54,67,inf,inf,inf,1087.2681362019214,inf
54,68,inf,inf,inf,723.24961113021,inf
54,69,inf,inf,inf,854.7075523241854,inf
54,70,1.0,70.2548,70.25483399593901,65.0,1.0808435999375232
54,71,inf,inf,inf,215.72436116489024,inf
54,72,inf,inf,inf,524.134524716699,inf
54,73,inf,inf,inf,1211.96864645914,inf
54,74,inf,inf,inf,263.4274093559742,inf
54,75,inf,inf,inf,1362.2870475784464,inf
54,76,inf,inf,inf,1146.4065596462715,inf
54,77,inf,inf,inf,193.2174940319846,inf
54,78,inf,inf,inf,921.1688227464062,inf
54,79,inf,inf,inf,1328.2337896620459,inf
54,80,inf,inf,inf,488.8813762049031,inf
54,81,inf,inf,inf,939.1341757171868,inf
54,82,inf,inf,inf,534.4249245684562,inf
54,83,inf,inf,inf,619.22935976906,inf
54,84,inf,inf,inf,427.0316147546924,inf
54,85,inf,inf,inf,1192.4332266420624,inf
54,86,inf,inf,inf,1105.9131973170408,inf
54,87,inf,inf,inf,1258.8288207695277,inf
54,88,inf,inf,inf,678.3841094837054,inf
54,89,inf,inf,inf,402.1989557420556,inf
54,90,inf,inf,inf,124.19742348374221,inf
54,91,inf,inf,inf,1170.1803279836831,inf
54,92,inf,inf,inf,1188.1153142687792,inf
54,93,inf,inf,inf,1365.4925851135188,inf
54,94,inf,inf,inf,421.40004746084213,inf
54,95,inf,inf,inf,778.6173643067563,inf
54,96,inf,inf,inf,1016.3350825392184,inf
54,97,inf,inf,inf,639.7288488101815,inf
54,98,inf,inf,inf,314.61087075941924,inf
54,99,inf,inf,inf,1288.9503481515492,inf
54,100,inf,inf,inf,1398.2549838995747,inf
54,101,inf,inf,inf,545.4218550810006,inf
54,102,inf,inf,inf,952.359700953374,inf
54,103,inf,inf,inf,1390.0089927766655,inf
54,104,inf,inf,inf,969.6617967105851,inf
54,105,inf,inf,inf,1237.901853944811,inf
54,106,inf,inf,inf,1000.7122463525666,inf
54,107,inf,inf,inf,986.6802926987039,inf
54,108,inf,inf,inf,469.2557937841578,inf
54,109,inf,inf,inf,1200.1237436197985,inf
54,110,inf,inf,inf,647.2619253439832,inf
54,111,inf,inf,inf,1001.205773055669,inf
54,112,inf,inf,inf,285.3944638566067,inf
54,113,inf,inf,inf,1417.967559572503,inf
54,114,inf,inf,inf,617.7612807549531,inf
54,115,inf,inf,inf,974.766638739755,inf
54,116,inf,inf,inf,793.8412939624645,inf
54,117,inf,inf,inf,1248.6957195409937,inf
54,118,inf,inf,inf,1324.7841333590918,inf
54,119,inf,inf,inf,337.51592555018794,inf
54,120,inf,inf,inf,1402.423972983919,inf
54,121,inf,inf,inf,909.5300984574397,inf
54,122,inf,inf,inf,1279.0699746300043,inf
55,56,inf,inf,inf,775.6042805451759,inf
55,57,inf,inf,inf,264.43335644354704,inf
55,58,inf,inf,inf,1012.3171439820626,inf
55,59,inf,inf,inf,711.6066329089408,inf
55,60,inf,inf,inf,1452.5962962915746,inf
55,61,inf,inf,inf,925.7564474525684,inf
55,62,inf,inf,inf,315.12854520020875,inf
55,63,inf,inf,inf,844.1386142097754,inf
55,64,inf,inf,inf,797.6528066771908,inf
55,65,inf,inf,inf,792.5818569712532,inf
55,66,inf,inf,inf,1432.872639141386,inf
55,67,inf,inf,inf,1078.5198190112224,inf
55,68,inf,inf,inf,700.1521263268434,inf
55,69,inf,inf,inf,770.0025973982166,inf
55,70,inf,inf,inf,218.14673960433146,inf
55,71,inf,inf,inf,346.4390278245221,inf
55,72,inf,inf,inf,582.7400792806343,inf
55,73,inf,inf,inf,1147.3033600578358,inf
55,74,inf,inf,inf,72.83543093852057,inf
55,75,inf,inf,inf,1432.2447416555594,inf
55,76,inf,inf,inf,1250.8097377299234,inf
55,77,inf,inf,inf,2.8284271247461903,inf
55,78,inf,inf,inf,974.0251536793082,inf
55,79,inf,inf,inf,1288.9096166915663,inf
55,80,inf,inf,inf,681.1240709298123,inf
55,81,inf,inf,inf,948.7728916869411,inf
55,82,inf,inf,inf,418.24514342667504,inf
55,83,inf,inf,inf,737.9566382925219,inf
55,84,inf,inf,inf,572.657838503936,inf
55,85,inf,inf,inf,1326.325751842284,inf
55,86,inf,inf,inf,1100.5385045512946,inf
55,87,inf,inf,inf,1239.9584670463764,inf
55,88,inf,inf,inf,859.0983645660141,inf
55,89,inf,inf,inf,585.4135290544625,inf
55,90,inf,inf,inf,314.21330334662787,inf
55,91,inf,inf,inf,1087.3109030999367,inf
55,92,inf,inf,inf,1176.0412407734689,inf
55,93,inf,inf,inf,1429.6520555715647,inf
55,94,inf,inf,inf,242.53865671269807,inf
55,95,inf,inf,inf,944.4797509740481,inf
55,96,inf,inf,inf,990.1161548020515,inf
55,97,inf,inf,inf,666.7968206282931,inf
55,98,inf,inf,inf,462.8358240240269,inf
55,99,inf,inf,inf,1314.370571794728,inf
55,100,inf,inf,inf,1396.1575842289437,inf
55,101,inf,inf,inf,659.4118591593573,inf
55,102,inf,inf,inf,1095.394905958577,inf
55,103,inf,inf,inf,1437.2000556637897,inf
55,104,inf,inf,inf,1034.7603587304648,inf
55,105,inf,inf,inf,1236.1205442836067,inf
55,106,inf,inf,inf,1028.821656070672,inf
55,107,inf,inf,inf,1151.8650094520624,inf
55,108,inf,inf,inf,371.1091483647365,inf
55,109,inf,inf,inf,1305.900455624394,inf
55,110,inf,inf,inf,761.7827774372429,inf
55,111,inf,inf,inf,1076.666150670671,inf
55,112,inf,inf,inf,298.0620740718282,inf
55,113,inf,inf,inf,1428.8754319393977,inf
55,114,inf,inf,inf,633.0529203786995,inf
55,115,inf,inf,inf,1058.8375701683426,inf
55,116,inf,inf,inf,975.1005076401099,inf
55,117,inf,inf,inf,1184.348766200227,inf
55,118,inf,inf,inf,1358.5315601781213,inf
55,119,inf,inf,inf,199.12307751739877,inf
55,120,inf,inf,inf,1475.0925394699818,inf
55,121,inf,inf,inf,960.0208331072821,inf
55,122,inf,inf,inf,1302.9416717566446,inf
56,57,inf,inf,inf,571.9973776163663,inf
56,58,inf,inf,inf,236.81216184985095,inf
56,59,inf,inf,inf,798.8003505257118,inf
56,60,inf,inf,inf,682.0337235063968,inf
56,61,inf,inf,inf,671.6107503606535,inf
56,62,inf,inf,inf,543.3415132308593,inf
56,63,inf,inf,inf,663.315912669069,inf
56,64,inf,inf,inf,519.2301994298867,inf
56,65,inf,inf,inf,604.8933790346857,inf
56,66,inf,inf,inf,744.1034874263122,inf
56,67,inf,inf,inf,374.626480644388,inf
56,68,inf,inf,inf,210.61101585624624,inf
56,69,inf,inf,inf,473.84596653342953,inf
56,70,inf,inf,inf,680.1543942370732,inf
56,71,inf,inf,inf,551.5523547225594,inf
56,72,inf,inf,inf,228.25424421026653,inf
56,73,inf,inf,inf,629.0190776121182,inf
56,74,inf,inf,inf,767.7297701665606,inf
56,75,inf,inf,inf,673.6000296912107,inf
56,76,inf,inf,inf,581.9493105073672,inf
56,77,inf,inf,inf,776.073450132138,inf
56,78,inf,inf,inf,211.4734025829253,inf
56,79,inf,inf,inf,658.697199022434,inf
56,80,inf,inf,inf,779.6819864534514,inf
56,81,inf,inf,inf,208.153789300123,inf
56,82,inf,inf,inf,547.4166603237428,inf
56,83,inf,inf,inf,357.59474269066095,inf
56,84,inf,inf,inf,485.41219597368996,inf
56,85,inf,inf,inf,759.1218611000477,inf
56,86,inf,inf,inf,386.01683901094265,inf
56,87,inf,inf,inf,552.0806100561765,inf
56,88,inf,inf,inf,740.5322410266821,inf
56,89,inf,inf,inf,666.6070806704652,inf
56,90,inf,inf,inf,702.5012455504972,inf
56,91,inf,inf,inf,659.8977193474758,inf
56,92,inf,inf,inf,473.9546391797426,inf
56,93,inf,inf,inf,664.566776178286,inf
56,94,inf,inf,inf,747.6449692200168,inf
56,95,inf,inf,inf,673.1894235651656,inf
56,96,inf,inf,inf,355.10561809129405,inf
56,97,inf,inf,inf,108.81176406988355,inf
56,98,inf,inf,inf,527.0,inf
56,99,inf,inf,inf,545.2412310161438,inf
56,100,inf,inf,inf,664.2062932553409,inf
56,101,inf,inf,inf,346.701600803919,inf
56,102,inf,inf,inf,627.9140068512567,inf
56,103,inf,inf,inf,662.0287002842098,inf
56,104,inf,inf,inf,288.76461001999536,inf
56,105,inf,inf,inf,507.14100603283896,inf
56,106,inf,inf,inf,256.8890811225732,inf
56,107,inf,inf,inf,799.0525639781152,inf
56,108,inf,inf,inf,512.8001560062165,inf
56,109,inf,inf,inf,634.4336056672912,inf
56,110,inf,inf,inf,340.3307215048327,inf
56,111,inf,inf,inf,349.12461958446875,inf
56,112,inf,inf,inf,480.72965375562177,inf
56,113,inf,inf,inf,675.4265319040999,inf
56,114,inf,inf,inf,147.41099009232656,inf
56,115,inf,inf,inf,357.73314076277586,inf
56,116,inf,inf,inf,809.4844038028157,inf
56,117,inf,inf,inf,658.4405819813963,inf
56,118,inf,inf,inf,584.5767699797863,inf
56,119,inf,inf,inf,647.1135912650885,inf
56,120,inf,inf,inf,718.8935943517649,inf
56,121,inf,inf,inf,194.982050455933,inf
56,122,inf,inf,inf,535.082236670215,inf
57,58,inf,inf,inf,801.925807042023,inf
57,59,inf,inf,inf,506.69616142220775,inf
57,60,inf,inf,inf,1252.8467583866752,inf
57,61,inf,inf,inf,910.082413850526,inf
57,62,inf,inf,inf,322.0139748520241,inf
57,63,inf,inf,inf,593.0134905716733,inf
57,64,inf,inf,inf,535.0934497823721,inf
57,65,inf,inf,inf,782.9540216385634,inf
57,66,inf,inf,inf,1177.867989207619,inf
57,67,inf,inf,inf,917.8420343392429,inf
57,68,inf,inf,inf,560.0142855320746,inf
57,69,inf,inf,inf,717.2398483073846,inf
57,70,inf,inf,inf,108.66922287382016,inf
57,71,inf,inf,inf,88.14193099768123,inf
57,72,inf,inf,inf,353.260527090135,inf
57,73,inf,inf,inf,1059.0042492832595,inf
57,74,inf,inf,inf,301.5294347157504,inf
57,75,inf,inf,inf,1197.2384891908546,inf
57,76,inf,inf,inf,995.3140207994661,inf
57,77,inf,inf,inf,263.31919793285107,inf
57,78,inf,inf,inf,751.1657606680433,inf
57,79,inf,inf,inf,1165.1098660641408,inf
57,80,inf,inf,inf,475.83715701907937,inf
57,81,inf,inf,inf,767.7063240588813,inf
57,82,inf,inf,inf,435.8072968641071,inf
57,83,inf,inf,inf,475.5849030404561,inf
57,84,inf,inf,inf,310.65414853177157,inf
57,85,inf,inf,inf,1062.3676388143608,inf
57,86,inf,inf,inf,935.8899507954982,inf
57,87,inf,inf,inf,1090.764869254598,inf
57,88,inf,inf,inf,618.7285349812145,inf
57,89,inf,inf,inf,359.2798352259698,inf
57,90,inf,inf,inf,166.388100536066,inf
57,91,inf,inf,inf,1026.6859305552016,inf
57,92,inf,inf,inf,1018.9602543769801,inf
57,93,inf,inf,inf,1198.8561214758008,inf
57,94,inf,inf,inf,408.4947980084936,inf
57,95,inf,inf,inf,687.8001163128719,inf
57,96,inf,inf,inf,851.0869520795158,inf
57,97,inf,inf,inf,467.7574157616317,inf
57,98,inf,inf,inf,205.11947737842937,inf
57,99,inf,inf,inf,1116.849587008027,inf
57,100,inf,inf,inf,1227.2705488196154,inf
57,101,inf,inf,inf,397.82533855952414,inf
57,102,inf,inf,inf,831.0336936610934,inf
57,103,inf,inf,inf,1219.9446708765115,inf
57,104,inf,inf,inf,802.3478048826456,inf
57,105,inf,inf,inf,1067.1087104882988,inf
57,106,inf,inf,inf,828.5801107919499,inf
57,107,inf,inf,inf,893.5614136700398,inf
57,108,inf,inf,inf,362.27751793342077,inf
57,109,inf,inf,inf,1049.9280927758814,inf
57,110,inf,inf,inf,500.6815355093495,inf
57,111,inf,inf,inf,836.9784943473757,inf
57,112,inf,inf,inf,132.25732493892352,inf
57,113,inf,inf,inf,1245.9735149673127,inf
57,114,inf,inf,inf,446.99552570467637,inf
57,115,inf,inf,inf,813.5281187518966,inf
57,116,inf,inf,inf,733.7097518774028,inf
57,117,inf,inf,inf,1095.3104582719916,inf
57,118,inf,inf,inf,1153.1248848238424,inf
57,119,inf,inf,inf,292.61749776799064,inf
57,120,inf,inf,inf,1238.2669340655107,inf
57,121,inf,inf,inf,739.1244820732161,inf
57,122,inf,inf,inf,1106.9317955502047,inf
58,59,inf,inf,inf,952.8032325721822,inf
58,60,inf,inf,inf,452.38258145070085,inf
58,61,inf,inf,inf,759.7137618866727,inf
58,62,inf,inf,inf,772.9243171229639,inf
58,63,inf,inf,inf,765.9059994542412,inf
58,64,inf,inf,inf,624.1666444147749,inf
58,65,inf,inf,inf,730.9883720005402,inf
58,66,inf,inf,inf,573.1055749161754,inf
58,67,inf,inf,inf,268.1510768205118,inf
58,68,inf,inf,inf,388.3979917558792,inf
58,69,inf,inf,inf,599.0075124737585,inf
58,70,inf,inf,inf,908.8773294565115,inf
58,71,inf,inf,inf,772.4312267121261,inf
58,72,inf,inf,inf,449.8577552960491,inf
58,73,inf,inf,inf,603.0663313434103,inf
58,74,inf,inf,inf,1004.2076478497861,inf
58,75,inf,inf,inf,450.2010661915407,inf
58,76,inf,inf,inf,444.57732735712017,inf
58,77,inf,inf,inf,1012.763545947424,inf
58,78,inf,inf,inf,85.0,inf
58,79,inf,inf,inf,554.2003247923985,inf
58,80,inf,inf,inf,939.0804012436848,inf
58,81,inf,inf,inf,153.3101431738944,inf
58,82,inf,inf,inf,762.7745407392672,inf
58,83,inf,inf,inf,484.8525549071594,inf
58,84,inf,inf,inf,664.458426088495,inf
58,85,inf,inf,inf,666.7908217724656,inf
58,86,inf,inf,inf,261.5205536855564,inf
58,87,inf,inf,inf,417.2780847348684,inf
58,88,inf,inf,inf,848.1344233080036,inf
58,89,inf,inf,inf,841.0594509307888,inf
58,90,inf,inf,inf,921.5052902723891,inf
58,91,inf,inf,inf,676.3615896840979,inf
58,92,inf,inf,inf,340.03676271838606,inf
58,93,inf,inf,inf,435.72583122876705,inf
58,94,inf,inf,inf,977.194453524988,inf
58,95,inf,inf,inf,740.6051579620547,inf
58,96,inf,inf,inf,331.6926287996162,inf
58,97,inf,inf,inf,345.60092592468555,inf
58,98,inf,inf,inf,729.3565657481943,inf
58,99,inf,inf,inf,319.6623218335248,inf
58,100,inf,inf,inf,474.9336795806337,inf
58,101,inf,inf,inf,509.1659847240387,inf
58,102,inf,inf,inf,615.1975292538161,inf
58,103,inf,inf,inf,425.26462349929835,inf
58,104,inf,inf,inf,139.43098651304163,inf
58,105,inf,inf,inf,336.48774123287166,inf
58,106,inf,inf,inf,59.665735560705194,inf
58,107,inf,inf,inf,809.6943867904729,inf
58,108,inf,inf,inf,737.6313442364011,inf
58,109,inf,inf,inf,487.44435579869014,inf
58,110,inf,inf,inf,456.71106840101874,inf
58,111,inf,inf,inf,204.31348462595415,inf
58,112,inf,inf,inf,716.6791471781497,inf
58,113,inf,inf,inf,464.3974590800428,inf
58,114,inf,inf,inf,382.4264635194589,inf
58,115,inf,inf,inf,246.13207836444238,inf
58,116,inf,inf,inf,890.1825655448438,inf
58,117,inf,inf,inf,622.1575363201831,inf
58,118,inf,inf,inf,351.2406582387637,inf
58,119,inf,inf,inf,881.0561843605661,inf
58,120,inf,inf,inf,496.58836071740546,inf
58,121,inf,inf,inf,83.19855767980596,inf
58,122,inf,inf,inf,311.64242329952447,inf
59,60,inf,inf,inf,1372.9107764162973,inf
59,61,inf,inf,inf,1348.8813884104118,inf
59,62,inf,inf,inf,820.8105749806102,inf
59,63,inf,inf,inf,261.0785322465254,inf
59,64,inf,inf,inf,353.40911137094355,inf
59,65,inf,inf,inf,1234.303852379956,inf
59,66,inf,inf,inf,1066.2026073875452,inf
59,67,inf,inf,inf,1169.4019839216967,inf
59,68,inf,inf,inf,908.8393697458314,inf
59,69,inf,inf,inf,1139.82805720863,inf
59,70,inf,inf,inf,496.71319692554977,inf
59,71,inf,inf,inf,427.0316147546924,inf
59,72,inf,inf,inf,602.5363059600642,inf
59,73,inf,inf,inf,1412.0031869652419,inf
59,74,inf,inf,inf,773.0103492192068,inf
59,75,inf,inf,inf,1198.6112797733883,inf
59,76,inf,inf,inf,903.2679558137773,inf
59,77,inf,inf,inf,709.2813264142798,inf
59,78,inf,inf,inf,872.7319176012758,inf
59,79,inf,inf,inf,1457.3757236896736,inf
59,80,inf,inf,inf,31.016124838541646,inf
59,81,inf,inf,inf,1000.5688382115445,inf
59,82,inf,inf,inf,927.5521548678544,inf
59,83,inf,inf,inf,468.0726439346782,inf
59,84,inf,inf,inf,320.71326757713035,inf
59,85,inf,inf,inf,847.6060405636572,inf
59,86,inf,inf,inf,1177.0577725838268,inf
59,87,inf,inf,inf,1344.657949071064,inf
59,88,inf,inf,inf,212.51352898109803,inf
59,89,inf,inf,inf,156.40012787718558,inf
59,90,inf,inf,inf,397.39401102683973,inf
59,91,inf,inf,inf,1415.3801609461677,inf
59,92,inf,inf,inf,1265.1580928879996,inf
59,93,inf,inf,inf,1218.2023641415246,inf
59,94,inf,inf,inf,909.0616040731234,inf
59,95,inf,inf,inf,368.41552627434146,inf
59,96,inf,inf,inf,1150.88922142837,inf
59,97,inf,inf,inf,740.412047443854,inf
59,98,inf,inf,inf,340.3307215048327,inf
59,99,inf,inf,inf,1257.289942694206,inf
59,100,inf,inf,inf,1427.6834383013625,inf
59,101,inf,inf,inf,453.61657818029533,inf
59,102,inf,inf,inf,604.9876031787759,inf
59,103,inf,inf,inf,1288.226688125968,inf
59,104,inf,inf,inf,876.1284152451626,inf
59,105,inf,inf,inf,1283.1406781799103,inf
59,106,inf,inf,inf,1003.2437390783956,inf
59,107,inf,inf,inf,550.3680586661984,inf
59,108,inf,inf,inf,852.3391343825532,inf
59,109,inf,inf,inf,945.9386872308373,inf
59,110,inf,inf,inf,497.09657009478553,inf
59,111,inf,inf,inf,870.9638339219373,inf
59,112,inf,inf,inf,609.7548687792497,inf
59,113,inf,inf,inf,1411.687288318486,inf
59,114,inf,inf,inf,753.5542448954819,inf
59,115,inf,inf,inf,823.5927391617777,inf
59,116,inf,inf,inf,309.4979806073054,inf
59,117,inf,inf,inf,1444.5767546239972,inf
59,118,inf,inf,inf,1266.6964908769583,inf
59,119,inf,inf,inf,798.1641435193641,inf
59,120,inf,inf,inf,1227.0493062627925,inf
59,121,inf,inf,inf,870.2597313446141,inf
59,122,inf,inf,inf,1252.6711459916366,inf
60,61,inf,inf,inf,967.7318843564058,inf
60,62,inf,inf,inf,1188.327395964597,inf
60,63,inf,inf,inf,1154.4357929309017,inf
60,64,inf,inf,inf,1025.1409659163953,inf
60,65,inf,inf,inf,998.7962755236925,inf
60,66,inf,inf,inf,588.3196410115847,inf
60,67,inf,inf,inf,426.33906694085636,inf
60,68,inf,inf,inf,776.2944029168316,inf
60,69,inf,inf,inf,888.9206938754436,inf
60,70,inf,inf,inf,1360.341133686694,inf
60,71,inf,inf,inf,1224.8101893762969,inf
60,72,inf,inf,inf,901.9323699701657,inf
60,73,inf,inf,inf,670.4990678591582,inf
60,74,inf,inf,inf,1437.5162607775956,inf
60,75,inf,inf,inf,318.24675960644123,inf
60,76,inf,inf,inf,598.0209026447153,inf
60,77,inf,inf,inf,1453.2790509740378,inf
60,78,inf,inf,inf,515.911814169825,inf
60,79,inf,inf,inf,488.33185437773767,inf
60,80,inf,inf,inf,1363.2908713843865,inf
60,81,inf,inf,inf,508.20665088131227,inf
60,82,inf,inf,inf,1153.4491752998915,inf
60,83,inf,inf,inf,910.8633267400769,inf
60,84,inf,inf,inf,1106.049275575008,inf
60,85,inf,inf,inf,828.7339742040265,inf
60,86,inf,inf,inf,398.6389343754571,inf
60,87,inf,inf,inf,371.7270504012319,inf
60,88,inf,inf,inf,1235.8163293952707,inf
60,89,inf,inf,inf,1276.7070924844115,inf
60,90,inf,inf,inf,1373.7110322043716,inf
60,91,inf,inf,inf,791.722805027113,inf
60,92,inf,inf,inf,369.92566820916875,inf
60,93,inf,inf,inf,274.2207140243056,inf
60,94,inf,inf,inf,1388.0306192588116,inf
60,95,inf,inf,inf,1099.993636345229,inf
60,96,inf,inf,inf,548.3885483851756,inf
60,97,inf,inf,inf,789.4111729637477,inf
60,98,inf,inf,inf,1178.55886573391,inf
60,99,inf,inf,inf,138.3979768638256,inf
60,100,inf,inf,inf,220.8438362282271,inf
60,101,inf,inf,inf,948.9889356573132,inf
60,102,inf,inf,inf,906.3652685314017,inf
60,103,inf,inf,inf,146.21901381147393,inf
60,104,inf,inf,inf,497.2333456235613,inf
60,105,inf,inf,inf,285.78663369723927,inf
60,106,inf,inf,inf,425.3116504400038,inf
60,107,inf,inf,inf,1099.493065007688,inf
60,108,inf,inf,inf,1145.0807831764535,inf
60,109,inf,inf,inf,600.2432840107417,inf
60,110,inf,inf,inf,879.9232921113068,inf
60,111,inf,inf,inf,506.0770692295789,inf
60,112,inf,inf,inf,1161.4770768293276,inf
60,113,inf,inf,inf,124.91997438360288,inf
60,114,inf,inf,inf,819.8780397107853,inf
60,115,inf,inf,inf,557.6208389219327,inf
60,116,inf,inf,inf,1250.4099327820456,inf
60,117,inf,inf,inf,663.9954819123395,inf
60,118,inf,inf,inf,106.30145812734649,inf
60,119,inf,inf,inf,1305.0095785089088,inf
60,120,inf,inf,inf,341.42349069740357,inf
60,121,inf,inf,inf,523.9580135850582,inf
60,122,inf,inf,inf,150.60212481900777,inf
61,62,inf,inf,inf,620.1878747605439,inf
61,63,inf,inf,inf,1291.032532510316,inf
61,64,inf,inf,inf,1156.6006225140984,inf
61,65,inf,inf,inf,133.18032887780387,inf
61,66,inf,inf,inf,1329.53112035785,inf
61,67,inf,inf,inf,565.211464851873,inf
61,68,inf,inf,inf,475.2115318466083,inf
61,69,inf,inf,inf,211.69081227110448,inf
61,70,inf,inf,inf,994.2479570006669,inf
61,71,inf,inf,inf,956.79099076026,inf
61,72,inf,inf,inf,768.8517412349405,inf
61,73,inf,inf,inf,338.1419820134731,inf
61,74,inf,inf,inf,867.623190100403,inf
61,75,inf,inf,inf,1155.5647969715935,inf
61,76,inf,inf,inf,1202.4142381059864,inf
61,77,inf,inf,inf,928.0716567162258,inf
61,78,inf,inf,inf,808.0841540334769,inf
61,79,inf,inf,inf,547.4860728822241,inf
61,80,inf,inf,inf,1322.0215580693077,inf
61,81,inf,inf,inf,606.409927359373,inf
61,82,inf,inf,inf,508.3876473715702,inf
61,83,inf,inf,inf,996.8455246426098,inf
61,84,inf,inf,inf,1037.1287287506793,inf
61,85,inf,inf,inf,1411.674537561686,inf
61,86,inf,inf,inf,591.2190795297458,inf
61,87,inf,inf,inf,605.0933812230968,inf
61,88,inf,inf,inf,1358.1329095489882,inf
61,89,inf,inf,inf,1194.1071978679302,inf
61,90,inf,inf,inf,1076.097114576561,inf
61,91,inf,inf,inf,219.80445855350615,inf
61,92,inf,inf,inf,598.3059418056953,inf
61,93,inf,inf,inf,1125.178208107498,inf
61,94,inf,inf,inf,723.0338857895943,inf
61,95,inf,inf,inf,1324.80526870933,inf
61,96,inf,inf,inf,449.36510767971293,inf
61,97,inf,inf,inf,658.996965091646,inf
61,98,inf,inf,inf,1012.4050572769775,inf
61,99,inf,inf,inf,859.8331233442917,inf
61,100,inf,inf,inf,789.387737426925,inf
61,101,inf,inf,inf,954.7172356252923,inf
61,102,inf,inf,inf,1299.444881478241,inf
61,103,inf,inf,inf,1048.3725482861519,inf
61,104,inf,inf,inf,889.2536196159114,inf
61,105,inf,inf,inf,682.1737315376487,inf
61,106,inf,inf,inf,717.540939598571,inf
61,107,inf,inf,inf,1468.087872029464,inf
61,108,inf,inf,inf,566.4847747292066,inf
61,109,inf,inf,inf,1246.9198049594047,inf
61,110,inf,inf,inf,989.0460049967343,inf
61,111,inf,inf,inf,957.7541438177127,inf
61,112,inf,inf,inf,778.6924938639129,inf
61,113,inf,inf,inf,872.3531395025756,inf
61,114,inf,inf,inf,626.0071884571295,inf
61,115,inf,inf,inf,988.4826756195579,inf
61,116,inf,inf,inf,1446.49922226042,inf
61,117,inf,inf,inf,365.8756619399547,inf
61,118,inf,inf,inf,928.9117288526397,inf
61,119,inf,inf,inf,726.7220926874317,inf
61,120,inf,inf,inf,1200.3103765276712,inf
61,121,inf,inf,inf,792.3414667932002,inf
61,122,inf,inf,inf,845.025443403925,inf
62,63,inf,inf,inf,859.1763497676131,inf
62,64,inf,inf,inf,764.0549718443039,inf
62,65,inf,inf,inf,487.7417349376615,inf
62,66,inf,inf,inf,1268.2688989327146,inf
62,67,inf,inf,inf,789.9803795031875,inf
62,68,inf,inf,inf,413.8272586478566,inf
62,69,inf,inf,inf,455.13294760981654,inf
62,70,inf,inf,inf,384.72067789501517,inf
62,71,inf,inf,inf,394.14971774694953,inf
62,72,inf,inf,inf,419.76183723630714,inf
62,73,inf,inf,inf,832.6613957666106,inf
62,74,inf,inf,inf,270.95571593897034,inf
62,75,inf,inf,inf,1216.8652349377066,inf
62,76,inf,inf,inf,1093.4006584962349,inf
62,77,inf,inf,inf,317.0772776469484,inf
62,78,inf,inf,inf,754.4620600136233,inf
62,79,inf,inf,inf,980.2132421060226,inf
62,80,inf,inf,inf,790.4859265034388,inf
62,81,inf,inf,inf,680.391064021273,inf
62,82,inf,inf,inf,117.13667231059623,inf
62,83,inf,inf,inf,647.4086808191562,inf
62,84,inf,inf,inf,564.8406855034435,inf
62,85,inf,inf,inf,1220.236862252571,inf
62,86,inf,inf,inf,814.1234550115848,inf
62,87,inf,inf,inf,941.871010276885,inf
62,88,inf,inf,inf,902.0554306693132,inf
62,89,inf,inf,inf,667.3417415387711,inf
62,90,inf,inf,inf,477.89538604175704,inf
62,91,inf,inf,inf,772.7929865106179,inf
62,92,inf,inf,inf,883.2581729030306,inf
62,93,inf,inf,inf,1206.7779414623058,inf
62,94,inf,inf,inf,204.44314613114327,inf
62,95,inf,inf,inf,935.104272260586,inf
62,96,inf,inf,inf,691.2481464712944,inf
62,97,inf,inf,inf,441.4385574459938,inf
62,98,inf,inf,inf,489.78056310964405,inf
62,99,inf,inf,inf,1050.4722747412231,inf
62,100,inf,inf,inf,1107.361729517505,inf
62,101,inf,inf,inf,573.021814593476,inf
62,102,inf,inf,inf,1020.1372456684444,inf
62,103,inf,inf,inf,1193.6641068575364,inf
62,104,inf,inf,inf,828.2058922755863,inf
62,105,inf,inf,inf,949.8736758116839,inf
62,106,inf,inf,inf,776.4045337322548,inf
62,107,inf,inf,inf,1127.6227205940825,inf
62,108,inf,inf,inf,56.0,inf
62,109,inf,inf,inf,1148.5268825761111,inf
62,110,inf,inf,inf,660.1310475958543,inf
62,111,inf,inf,inf,882.5259202992283,inf
62,112,inf,inf,inf,212.8778992756176,inf
62,113,inf,inf,inf,1149.7708467342525,inf
62,114,inf,inf,inf,396.8904130865345,inf
62,115,inf,inf,inf,878.5789662858997,inf
62,116,inf,inf,inf,1011.8087763999678,inf
62,117,inf,inf,inf,869.6873001257406,inf
62,118,inf,inf,inf,1102.0970919115973,inf
62,119,inf,inf,inf,123.96773773849388,inf
62,120,inf,inf,inf,1262.2281885617988,inf
62,121,inf,inf,inf,738.2099972230125,inf
62,122,inf,inf,inf,1037.7769509870607,inf
63,64,inf,inf,inf,145.12063946937388,inf
63,65,inf,inf,inf,1192.4848007417118,inf
63,66,inf,inf,inf,807.0997460041726,inf
63,67,inf,inf,inf,1009.8915783389818,inf
63,68,inf,inf,inf,821.2825336021704,inf
63,69,inf,inf,inf,1079.6341973094407,inf
63,70,inf,inf,inf,629.1597571364526,inf
63,71,inf,inf,inf,505.0009900980393,inf
63,72,inf,inf,inf,523.2055045581994,inf
63,73,inf,inf,inf,1292.3254234131587,inf
63,74,inf,inf,inf,891.9893497122036,inf
63,75,inf,inf,inf,954.0256809960621,inf
63,76,inf,inf,inf,648.8335687986558,inf
63,77,inf,inf,inf,842.3740261902666,inf
63,78,inf,inf,inf,681.5166909181315,inf
63,79,inf,inf,inf,1303.6448902979675,inf
63,80,inf,inf,inf,268.93121797217964,inf
63,81,inf,inf,inf,844.5898412839217,inf
63,82,inf,inf,inf,947.3990711416177,inf
63,83,inf,inf,inf,305.80058861944656,inf
63,84,inf,inf,inf,294.8101083748656,inf
63,85,inf,inf,inf,587.6818867380549,inf
63,86,inf,inf,inf,1012.415428566752,inf
63,87,inf,inf,inf,1177.4637998681742,inf
63,88,inf,inf,inf,82.46211251235322,inf
63,89,inf,inf,inf,278.8207309365643,inf
63,90,inf,inf,inf,550.8175741568165,inf
63,91,inf,inf,inf,1317.672569343386,inf
63,92,inf,inf,inf,1098.1170247291498,inf
63,93,inf,inf,inf,977.030705761083,inf
63,94,inf,inf,inf,995.6389907993761,inf
63,95,inf,inf,inf,113.22543883774529,inf
63,96,inf,inf,inf,1015.7834414874068,inf
63,97,inf,inf,inf,637.8118844925987,inf
63,98,inf,inf,inf,388.15589651582,inf
63,99,inf,inf,inf,1049.2149446133524,inf
63,100,inf,inf,inf,1235.2465340975461,inf
63,101,inf,inf,inf,336.3599262694651,inf
63,102,inf,inf,inf,343.93022548185553,inf
63,103,inf,inf,inf,1057.2502069046855,inf
63,104,inf,inf,inf,666.6340825370393,inf
63,105,inf,inf,inf,1102.3846878472143,inf
63,106,inf,inf,inf,821.8929370666231,inf
63,107,inf,inf,inf,316.62122480970856,inf
63,108,inf,inf,inf,875.3193702872112,inf
63,109,inf,inf,inf,689.0413630544977,inf
63,110,inf,inf,inf,324.3593686021725,inf
63,111,inf,inf,inf,648.422701638368,inf
63,112,inf,inf,inf,651.6939465730827,inf
63,113,inf,inf,inf,1207.0563367134112,inf
63,114,inf,inf,inf,665.9444421271191,inf
63,115,inf,inf,inf,597.0268000684727,inf
63,116,inf,inf,inf,157.2800050864699,inf
63,117,inf,inf,inf,1321.4552584177793,inf
63,118,inf,inf,inf,1049.4922581896449,inf
63,119,inf,inf,inf,874.2082131849369,inf
63,120,inf,inf,inf,979.4059423956953,inf
63,121,inf,inf,inf,683.117852204142,inf
63,122,inf,inf,inf,1046.5949550805221,inf
64,65,inf,inf,inf,1062.7549105979233,inf
64,66,inf,inf,inf,730.8365070246559,inf
64,67,inf,inf,inf,865.1664579721061,inf
64,68,inf,inf,inf,683.7170467379032,inf
64,69,inf,inf,inf,946.0243125839843,inf
64,70,inf,inf,inf,594.0791193098778,inf
64,71,inf,inf,inf,451.2405123656341,inf
64,72,inf,inf,inf,394.58839313897715,inf
64,73,inf,inf,inf,1148.0526991388506,inf
64,74,inf,inf,inf,836.0532279705641,inf
64,75,inf,inf,inf,845.9225732890689,inf
64,76,inf,inf,inf,559.128786595718,inf
64,77,inf,inf,inf,796.2826131468651,inf
64,78,inf,inf,inf,540.3933752369657,inf
64,79,inf,inf,inf,1158.8244042994606,inf
64,80,inf,inf,inf,349.4452746854649,inf
64,81,inf,inf,inf,699.5541437229859,inf
64,82,inf,inf,inf,842.1264750617926,inf
64,83,inf,inf,inf,162.73291000900832,inf
64,84,inf,inf,inf,225.0,inf
64,85,inf,inf,inf,551.0081669086221,inf
64,86,inf,inf,inf,868.0696976625783,inf
64,87,inf,inf,inf,1033.58066932388,inf
64,88,inf,inf,inf,225.61028345356956,inf
64,89,inf,inf,inf,302.00165562460086,inf
64,90,inf,inf,inf,534.7335785229875,inf
64,91,inf,inf,inf,1175.7010674486946,inf
64,92,inf,inf,inf,954.1158210615732,inf
64,93,inf,inf,inf,864.9028847217472,inf
64,94,inf,inf,inf,919.4895322949577,inf
64,95,inf,inf,inf,174.63103962354458,inf
64,96,inf,inf,inf,870.9006832010181,inf
64,97,inf,inf,inf,499.37561013729936,inf
64,98,inf,inf,inf,336.2751849304376,inf
64,99,inf,inf,inf,914.8420628720567,inf
64,100,inf,inf,inf,1096.0520060654057,inf
64,101,inf,inf,inf,206.16983290481662,inf
64,102,inf,inf,inf,306.33968074671617,inf
64,103,inf,inf,inf,935.8343870578811,inf
64,104,inf,inf,inf,531.5496213901389,inf
64,105,inf,inf,inf,960.3374406946758,inf
64,106,inf,inf,inf,679.2760852554726,inf
64,107,inf,inf,inf,365.0493117374692,inf
64,108,inf,inf,inf,773.0899042155446,inf
64,109,inf,inf,inf,605.7408686889139,inf
64,110,inf,inf,inf,179.44637081869334,inf
64,111,inf,inf,inf,520.2460956124514,inf
64,112,inf,inf,inf,567.0035273258889,inf
64,113,inf,inf,inf,1071.6645930513894,inf
64,114,inf,inf,inf,530.6166224309223,inf
64,115,inf,inf,inf,471.4541335061132,inf
64,116,inf,inf,inf,292.04280508172087,inf
64,117,inf,inf,inf,1176.9146103265095,inf
64,118,inf,inf,inf,919.3399806382838,inf
64,119,inf,inf,inf,796.3039620647382,inf
64,120,inf,inf,inf,875.3924834038729,inf
64,121,inf,inf,inf,541.0822488309888,inf
64,122,inf,inf,inf,911.4214173476504,inf
65,66,inf,inf,inf,1303.9210098775156,inf
65,67,inf,inf,inf,577.9247355841416,inf
65,68,inf,inf,inf,396.86899601757756,inf
65,69,1.0,160.8528,160.85281374238576,133.4541119636259,1.205304290558148
65,70,inf,inf,inf,864.366820279446,inf
65,71,inf,inf,inf,833.4758544793004,inf
65,72,inf,inf,inf,669.546114916665,inf
65,73,inf,inf,inf,425.50323148009113,inf
65,74,inf,inf,inf,734.7033414923333,inf
65,75,inf,inf,inf,1153.317389099809,inf
65,76,inf,inf,inf,1163.9299807118982,inf
65,77,inf,inf,inf,794.8949616144262,inf
65,78,inf,inf,inf,766.9921772743188,inf
65,79,inf,inf,inf,623.6745946405064,inf
65,80,inf,inf,inf,1206.664825044635,inf
65,81,inf,inf,inf,580.9027457328808,inf
65,82,inf,inf,inf,375.2932186970609,inf
65,83,inf,inf,inf,906.6035517247878,inf
65,84,inf,inf,inf,928.0199351307061,inf
65,85,inf,inf,inf,1360.4124374615221,inf
65,86,inf,inf,inf,605.4659362837847,inf
65,87,inf,inf,inf,654.0374607008379,inf
65,88,inf,inf,inf,1256.1289742697602,inf
65,89,inf,inf,inf,1078.5216734029966,inf
65,90,inf,inf,inf,948.3564730627403,inf
65,91,inf,inf,inf,324.8338036596561,inf
65,92,inf,inf,inf,631.2947013875532,inf
65,93,inf,inf,inf,1126.856246377505,inf
65,94,inf,inf,inf,592.2440375385809,inf
65,95,inf,inf,inf,1234.1960946300228,inf
65,96,inf,inf,inf,455.3372376601764,inf
65,97,inf,inf,inf,573.6967840244531,inf
65,98,inf,inf,inf,895.3909760545948,inf
65,99,inf,inf,inf,879.7545112132134,inf
65,100,inf,inf,inf,840.6200092788655,inf
65,101,inf,inf,inf,857.8636255256426,inf
65,102,inf,inf,inf,1228.9198509260073,inf
65,103,inf,inf,inf,1063.0945395401106,inf
65,104,inf,inf,inf,850.6403470327516,inf
65,105,inf,inf,inf,714.9377595287579,inf
65,106,inf,inf,inf,697.0796224248705,inf
65,107,inf,inf,inf,1388.4930680417528,inf
65,108,inf,inf,inf,434.5526435312527,inf
65,109,inf,inf,inf,1211.6938557242916,inf
65,110,inf,inf,inf,902.0936758452527,inf
65,111,inf,inf,inf,918.9602820579353,inf
65,112,inf,inf,inf,652.5526798657714,inf
65,113,inf,inf,inf,915.290664215472,inf
65,114,inf,inf,inf,535.3821065370041,inf
65,115,inf,inf,inf,943.4961579148057,inf
65,116,inf,inf,inf,1349.2179216123686,inf
65,117,inf,inf,inf,458.4495610206209,inf
65,118,inf,inf,inf,946.8780280479635,inf
65,119,inf,inf,inf,593.5419109043606,inf
65,120,inf,inf,inf,1199.2531008923845,inf
65,121,inf,inf,inf,750.2332970483249,inf
65,122,inf,inf,inf,864.9190713587024,inf
66,67,inf,inf,inf,788.000634517511,inf
66,68,inf,inf,inf,942.0217619566971,inf
66,69,inf,inf,inf,1171.537451385998,inf
66,70,inf,inf,inf,1266.7849067619964,inf
66,71,inf,inf,inf,1113.6426715962352,inf
66,72,inf,inf,inf,861.1771014141052,inf
66,73,inf,inf,inf,1125.6806829647562,inf
66,74,inf,inf,inf,1447.4947322874789,inf
66,75,inf,inf,inf,271.4940146669904,inf
66,76,inf,inf,inf,182.58422713914803,inf
66,77,inf,inf,inf,1432.403574416093,inf
66,78,inf,inf,inf,544.1626595054092,inf
66,79,inf,inf,inf,1003.7230693772062,inf
66,80,inf,inf,inf,1069.4942730094444,inf
66,81,inf,inf,inf,725.0558599170135,inf
66,82,inf,inf,inf,1288.6523968859872,inf
66,83,inf,inf,inf,710.0760522648261,inf
66,84,inf,inf,inf,913.7641927762326,inf
66,85,inf,inf,inf,280.58510295452254,inf
66,86,inf,inf,inf,767.8678271681918,inf
66,87,inf,inf,inf,858.1707289345169,inf
66,88,inf,inf,inf,873.4815395874145,inf
66,89,inf,inf,inf,1032.3725102888006,inf
66,90,inf,inf,inf,1234.7671845331815,inf
66,91,inf,inf,inf,1221.3455694438,inf
66,92,inf,inf,inf,807.5450451832393,inf
66,93,inf,inf,inf,315.01269815675687,inf
66,94,inf,inf,inf,1467.4062150611194,inf
66,95,inf,inf,inf,711.6249011944425,inf
66,96,inf,inf,inf,886.7525021109328,inf
66,97,inf,inf,inf,832.0636994846008,inf
66,98,inf,inf,inf,1020.3749310915082,inf
66,99,inf,inf,inf,578.2957720751554,inf
66,100,inf,inf,inf,783.2981552384762,inf
66,101,inf,inf,inf,783.4513386292731,inf
66,102,inf,inf,inf,470.61874165825566,inf
66,103,inf,inf,inf,442.7595284124329,inf
66,104,inf,inf,inf,460.36181422876507,inf
66,105,inf,inf,inf,748.8244119952287,inf
66,106,inf,inf,inf,612.0016339847468,inf
66,107,inf,inf,inf,618.0493507803402,inf
66,108,inf,inf,inf,1246.5801217731655,inf
66,109,inf,inf,inf,128.70120434556935,inf
66,110,inf,inf,inf,681.5020176052305,inf
66,111,inf,inf,inf,395.60839222645416,inf
66,112,inf,inf,inf,1143.636743026386,inf
66,113,inf,inf,inf,701.9066889551631,inf
66,114,inf,inf,inf,879.3179174792243,inf
66,115,inf,inf,inf,390.3549666649574,inf
66,116,inf,inf,inf,838.513565781735,inf
66,117,inf,inf,inf,1134.6550136495234,inf
66,118,inf,inf,inf,525.6805113374472,inf
66,119,inf,inf,inf,1354.0672066038671,inf
66,120,inf,inf,inf,260.679880313,inf
66,121,inf,inf,inf,561.5870368874267,inf
66,122,inf,inf,inf,587.8069410954587,inf
67,68,inf,inf,inf,379.0435331198779,inf
67,69,inf,inf,inf,463.2763753959401,inf
67,70,inf,inf,inf,1026.0901519847075,inf
67,71,inf,inf,inf,912.318475095183,inf
67,72,inf,inf,inf,597.3349144324313,inf
67,73,inf,inf,inf,342.79439902075416,inf
67,74,inf,inf,inf,1052.521733742349,inf
67,75,inf,inf,inf,591.920602783853,inf
67,76,inf,inf,inf,690.8892820126825,inf
67,77,inf,inf,inf,1079.6411440844593,inf
67,78,inf,inf,inf,348.45946679635495,inf
67,79,inf,inf,inf,293.88603233226314,inf
67,80,inf,inf,inf,1151.5836921387868,inf
67,81,inf,inf,inf,168.8342382338369,inf
67,82,inf,inf,inf,740.249957784531,inf
67,83,inf,inf,inf,712.0007022468448,inf
67,84,inf,inf,inf,859.5463919998734,inf
67,85,inf,inf,inf,923.9853894948773,inf
67,86,inf,inf,inf,27.784887978899608,inf
67,87,inf,inf,inf,177.63445611704955,inf
67,88,inf,inf,inf,1090.7433245269026,inf
67,89,inf,inf,inf,1040.7554948209497,inf
67,90,inf,inf,inf,1062.8174819789144,inf
67,91,inf,inf,inf,433.4166586553867,inf
67,92,inf,inf,inf,101.40019723846694,inf
67,93,inf,inf,inf,560.3302597575826,inf
67,94,inf,inf,inf,982.1252465953617,inf
67,95,inf,inf,inf,996.8314802412692,inf
67,96,inf,inf,inf,122.98373876248843,inf
67,97,inf,inf,inf,459.156835950419,inf
67,98,inf,inf,inf,899.5043079385446,inf
67,99,inf,inf,inf,302.00165562460086,inf
67,100,inf,inf,inf,318.0707468473013,inf
67,101,inf,inf,inf,715.7883765471468,inf
67,102,inf,inf,inf,883.1902399823042,inf
67,103,inf,inf,inf,486.0792116517636,inf
67,104,inf,inf,inf,405.4281687302943,inf
67,105,inf,inf,inf,160.0656115472652,inf
67,106,inf,inf,inf,209.124364912365,inf
67,107,inf,inf,inf,1076.9447525291166,inf
67,108,inf,inf,inf,741.7957940026351,inf
67,109,inf,inf,inf,725.9290598949735,inf
67,110,inf,inf,inf,688.3167875331823,inf
67,111,inf,inf,inf,465.4299087940095,inf
67,112,inf,inf,inf,805.9540929854504,inf
67,113,inf,inf,inf,363.6261816756324,inf
67,114,inf,inf,inf,471.70435656245536,inf
67,115,inf,inf,inf,511.85349466424475,inf
67,116,inf,inf,inf,1143.6433010340243,inf
67,117,inf,inf,inf,357.9678756536681,inf
67,118,inf,inf,inf,368.97831914626096,inf
67,119,inf,inf,inf,911.7066414148796,inf
67,120,inf,inf,inf,636.0479541669795,inf
67,121,inf,inf,inf,340.4717315725345,inf
67,122,inf,inf,inf,287.20027855139693,inf
68,69,inf,inf,inf,268.895890634275,inf
68,70,inf,inf,inf,665.4329417755031,inf
68,71,inf,inf,inf,572.4412633624519,inf
68,72,inf,inf,inf,307.9496712126837,inf
68,73,inf,inf,inf,511.0714235799141,inf
68,74,inf,inf,inf,673.5517797467393,inf
68,75,inf,inf,inf,838.0859144503027,inf
68,76,inf,inf,inf,787.0667061945893,inf
68,77,inf,inf,inf,701.3422844802672,inf
68,78,inf,inf,inf,398.1783519981969,inf
68,79,inf,inf,inf,605.3304882458838,inf
68,80,inf,inf,inf,884.9389809472741,inf
68,81,inf,inf,inf,271.15493725912495,inf
68,82,inf,inf,inf,380.7886552931954,inf
68,83,inf,inf,inf,522.6442384643688,inf
68,84,inf,inf,inf,588.6272164961454,inf
68,85,inf,inf,inf,969.7015004629002,inf
68,86,inf,inf,inf,402.0472609034913,inf
68,87,inf,inf,inf,540.9695000644676,inf
68,88,inf,inf,inf,891.8660213283159,inf
68,89,inf,inf,inf,760.7167672662408,inf
68,90,inf,inf,inf,717.1366675885427,inf
68,91,inf,inf,inf,506.6793858052644,inf
68,92,inf,inf,inf,475.89074376373406,inf
68,93,inf,inf,inf,821.3598480568672,inf
68,94,inf,inf,inf,611.7679298557583,inf
68,95,inf,inf,inf,850.1323426384859,inf
68,96,inf,inf,inf,293.7839342101606,inf
68,97,inf,inf,inf,184.44782460088814,inf
68,98,inf,inf,inf,591.1767925079604,inf
68,99,inf,inf,inf,639.1752498337213,inf
68,100,inf,inf,inf,697.1032922028127,inf
68,101,inf,inf,inf,485.8075750747409,inf
68,102,inf,inf,inf,832.1063633935267,inf
68,103,inf,inf,inf,792.11678431908,inf
68,104,inf,inf,inf,481.6741637248151,inf
68,105,inf,inf,inf,538.0046468200809,inf
68,106,inf,inf,inf,377.47715162642623,inf
68,107,inf,inf,inf,994.6034385623248,inf
68,108,inf,inf,inf,368.89700459613385,inf
68,109,inf,inf,inf,838.1199198205469,inf
68,110,inf,inf,inf,513.9513595662531,inf
68,111,inf,inf,inf,547.1791297189615,inf
68,112,inf,inf,inf,438.0182644593716,inf
68,113,inf,inf,inf,736.1698173655315,inf
68,114,inf,inf,inf,157.26728839781018,inf
68,115,inf,inf,inf,562.9102948072632,inf
68,116,inf,inf,inf,975.0579469959721,inf
68,117,inf,inf,inf,545.8800234483764,inf
68,118,inf,inf,inf,693.8018449096255,inf
68,119,inf,inf,inf,533.8923112388865,inf
68,120,inf,inf,inf,884.5886049458245,inf
68,121,inf,inf,inf,380.7164299055138,inf
68,122,inf,inf,inf,626.0814643478914,inf
69,70,inf,inf,inf,808.5072665103264,inf
69,71,inf,inf,inf,756.6901611624139,inf
69,72,inf,inf,inf,557.1947594872012,inf
69,73,inf,inf,inf,384.44375401350976,inf
69,74,inf,inf,inf,720.7364289391788,inf
69,75,inf,inf,inf,1026.785761490682,inf
69,76,inf,inf,inf,1030.5226829138696,inf
69,77,inf,inf,inf,772.0103626247513,inf
69,78,inf,inf,inf,633.6189706755946,inf
69,79,inf,inf,inf,558.3547259583283,inf
69,80,inf,inf,inf,1113.4172623055563,inf
69,81,inf,inf,inf,450.3176656539248,inf
69,82,inf,inf,inf,358.50383540486706,inf
69,83,inf,inf,inf,787.139123662393,inf
69,84,inf,inf,inf,826.3201558718025,inf
69,85,inf,inf,inf,1227.5129327220957,inf
69,86,inf,inf,inf,491.06109599519283,inf
69,87,inf,inf,inf,562.3850993758637,inf
69,88,inf,inf,inf,1146.459768155865,inf
69,89,inf,inf,inf,985.81590573494,inf
69,90,inf,inf,inf,883.5440000362178,inf
69,91,inf,inf,inf,317.90721916936707,inf
69,92,inf,inf,inf,528.1940931135069,inf
69,93,inf,inf,inf,1001.8048712199397,inf
69,94,inf,inf,inf,600.0508311801593,inf
69,95,inf,inf,inf,1115.2623009857368,inf
69,96,inf,inf,inf,340.6024075076393,inf
69,97,inf,inf,inf,450.3887209955418,inf
69,98,inf,inf,inf,805.4594961883558,inf
69,99,inf,inf,inf,764.5299209318102,inf
69,100,inf,inf,inf,746.7904659273577,inf
69,101,inf,inf,inf,743.4083669155198,inf
69,102,inf,inf,inf,1100.0736338991132,inf
69,103,inf,inf,inf,943.8728727959078,inf
69,104,inf,inf,inf,717.3374380303875,inf
69,105,inf,inf,inf,609.8016070821723,inf
69,106,inf,inf,inf,567.0149909834836,inf
69,107,inf,inf,inf,1263.4100680301706,inf
69,108,inf,inf,inf,399.1516002723777,inf
69,109,inf,inf,inf,1078.4173589107327,inf
69,110,inf,inf,inf,780.490230560255,inf
69,111,inf,inf,inf,785.6118634542123,inf
69,112,inf,inf,inf,584.9829057331505,inf
69,113,inf,inf,inf,814.145564380228,inf
69,114,inf,inf,inf,415.5237658666469,inf
69,115,inf,inf,inf,810.0598743302868,inf
69,116,inf,inf,inf,1235.3400341606355,inf
69,117,inf,inf,inf,420.9536791619715,inf
69,118,inf,inf,inf,830.0361437913411,inf
69,119,inf,inf,inf,573.6357729430758,inf
69,120,inf,inf,inf,1072.9930102288645,inf
69,121,inf,inf,inf,616.8306088384395,inf
69,122,inf,inf,inf,749.8246461673556,inf
70,71,inf,inf,inf,153.15351775261317,inf
70,72,inf,inf,inf,459.31470692761405,inf
70,73,inf,inf,inf,1159.4244261701579,inf
70,74,inf,inf,inf,276.37112729082247,inf
70,75,inf,inf,inf,1297.6259091124837,inf
70,76,inf,inf,inf,1084.326980204772,inf
70,77,inf,inf,inf,216.08331726442927,inf
70,78,inf,inf,inf,856.1944872515824,inf
70,79,inf,inf,inf,1270.761976138726,inf
70,80,inf,inf,inf,465.9291791678216,inf
70,81,inf,inf,inf,876.3754903008185,inf
70,82,inf,inf,inf,501.82566694022336,inf
70,83,inf,inf,inf,558.1755996100152,inf
70,84,inf,inf,inf,371.1940193483726,inf
70,85,inf,inf,inf,1135.6689658522857,inf
70,86,inf,inf,inf,1044.3184380254904,inf
70,87,inf,inf,inf,1198.5512087516329,inf
70,88,inf,inf,inf,641.343901506828,inf
70,89,inf,inf,inf,367.26693289758606,inf
70,90,inf,inf,inf,103.3537614216338,inf
70,91,inf,inf,inf,1121.8560513720108,inf
70,92,inf,inf,inf,1127.129540026345,inf
70,93,inf,inf,inf,1300.6479154636738,inf
70,94,inf,inf,inf,419.17657377291494,inf
70,95,inf,inf,inf,732.2963880834044,inf
70,96,inf,inf,inf,957.635630080669,inf
70,97,inf,inf,inf,576.3349720431687,inf
70,98,inf,inf,inf,258.5207922005501,inf
70,99,inf,inf,inf,1224.6607693561511,inf
70,100,inf,inf,inf,1335.9116737269721,inf
70,101,inf,inf,inf,483.3425286481627,inf
70,102,inf,inf,inf,897.6647481103399,inf
70,103,inf,inf,inf,1325.028301584536,inf
70,104,inf,inf,inf,904.734767763459,inf
70,105,inf,inf,inf,1175.7185037244246,inf
70,106,inf,inf,inf,936.509476727278,inf
70,107,inf,inf,inf,940.3387687424145,inf
70,108,inf,inf,inf,432.80711639251035,inf
70,109,inf,inf,inf,1138.2741321843346,inf
70,110,inf,inf,inf,585.6423823460867,inf
70,111,inf,inf,inf,936.6077087019944,inf
70,112,inf,inf,inf,229.7063342618135,inf
70,113,inf,inf,inf,1354.4995385750415,inf
70,114,inf,inf,inf,555.5609777513176,inf
70,115,inf,inf,inf,910.6069404523556,inf
70,116,inf,inf,inf,757.3196154860905,inf
70,117,inf,inf,inf,1195.9774245360989,inf
70,118,inf,inf,inf,1260.1158676883647,inf
70,119,inf,inf,inf,320.98909638802377,inf
70,120,inf,inf,inf,1337.8886351262574,inf
70,121,inf,inf,inf,844.5898412839217,inf
70,122,inf,inf,inf,1214.868305619996,inf
71,72,inf,inf,inf,324.33624527641064,inf
71,73,inf,inf,inf,1080.6076993988152,inf
71,74,inf,inf,inf,388.171353914737,inf
71,75,inf,inf,inf,1148.7319095419957,inf
71,76,inf,inf,inf,931.1997637456745,inf
71,77,inf,inf,inf,345.05072090925995,inf
71,78,inf,inf,inf,714.6390697408028,inf
71,79,inf,inf,inf,1172.2132911718754,inf
71,80,inf,inf,inf,396.547601177967,inf
71,81,inf,inf,inf,754.910590732439,inf
71,82,inf,inf,inf,503.3140172894055,inf
71,83,inf,inf,inf,405.2159917870962,inf
71,84,inf,inf,inf,226.24102192131292,inf
71,85,inf,inf,inf,985.8924890676468,inf
71,86,inf,inf,inf,928.2763597119125,inf
71,87,inf,inf,inf,1088.149346367492,inf
71,88,inf,inf,inf,530.9105386032566,inf
71,89,inf,inf,inf,275.6755339162328,inf
71,90,inf,inf,inf,151.08275877809487,inf
71,91,inf,inf,inf,1058.1233387464808,inf
71,92,inf,inf,inf,1013.704592077988,inf
71,93,inf,inf,inf,1153.137025682551,inf
71,94,inf,inf,inf,495.5855122983318,inf
71,95,inf,inf,inf,600.747867245486,inf
71,96,inf,inf,inf,856.1833915698202,inf
71,97,inf,inf,inf,454.1035124286092,inf
71,98,inf,inf,inf,117.61377470347595,inf
71,99,inf,inf,inf,1091.0041246484818,inf
71,100,inf,inf,inf,1214.5797627163067,inf
71,101,inf,inf,inf,330.1938824387878,inf
71,102,inf,inf,inf,750.8461893091021,inf
71,103,inf,inf,inf,1182.4330847874648,inf
71,104,inf,inf,inf,758.615185716711,inf
71,105,inf,inf,inf,1055.8532094945774,inf
71,106,inf,inf,inf,804.5234614354015,inf
71,107,inf,inf,inf,807.121428286971,inf
71,108,inf,inf,inf,428.32931256219206,inf
71,109,inf,inf,inf,985.1233425312791,inf
71,110,inf,inf,inf,432.5101154886438,inf
71,111,inf,inf,inf,787.5341262446981,inf
71,112,inf,inf,inf,186.00268815261785,inf
71,113,inf,inf,inf,1226.5027517294855,inf
71,114,inf,inf,inf,442.04072210600685,inf
71,115,inf,inf,inf,759.8085285122825,inf
71,116,inf,inf,inf,645.7282710242754,inf
71,117,inf,inf,inf,1116.2195124615946,inf
71,118,inf,inf,inf,1122.7555388418264,inf
71,119,inf,inf,inf,377.88093362857035,inf
71,120,inf,inf,inf,1188.327395964597,inf
71,121,inf,inf,inf,704.071019145086,inf
71,122,inf,inf,inf,1081.965341404243,inf
72,73,inf,inf,inf,810.1512204520833,inf
72,74,inf,inf,inf,589.2003054989025,inf
72,75,inf,inf,inf,850.2593721918035,inf
72,76,inf,inf,inf,682.0153957206538,inf
72,77,inf,inf,inf,582.6988930828683,inf
72,78,inf,inf,inf,398.1369111248039,inf
72,79,inf,inf,inf,871.2623026391076,inf
72,80,inf,inf,inf,579.6447187717663,inf
72,81,inf,inf,inf,434.66308791982783,inf
72,82,inf,inf,inf,471.1061451520241,inf
72,83,inf,inf,inf,246.28844877500853,inf
72,84,inf,inf,inf,281.82441342083905,inf
72,85,inf,inf,inf,800.6110166616495,inf
72,86,inf,inf,inf,611.0130931494022,inf
72,87,inf,inf,inf,774.7909395443393,inf
72,88,inf,inf,inf,589.2910995424927,inf
72,89,inf,inf,inf,458.1320770258289,inf
72,90,inf,inf,inf,474.91472918830385,inf
72,91,inf,inf,inf,814.3396097452218,inf
72,92,inf,inf,inf,698.0866708367952,inf
72,93,inf,inf,inf,849.3132519865683,inf
72,94,inf,inf,inf,610.4891481427004,inf
72,95,inf,inf,inf,568.0316892568583,inf
72,96,inf,inf,inf,557.372406923773,inf
72,97,inf,inf,inf,141.66156853571826,inf
72,98,inf,inf,inf,302.6962173533062,inf
72,99,inf,inf,inf,767.262666887944,inf
72,100,inf,inf,inf,892.4404742054229,inf
72,101,inf,inf,inf,188.66372200293304,inf
72,102,inf,inf,inf,608.4734998338054,inf
72,103,inf,inf,inf,866.7606359312817,inf
72,104,inf,inf,inf,453.0618059382185,inf
72,105,inf,inf,inf,734.969387117586,inf
72,106,inf,inf,inf,480.2540994098853,inf
72,107,inf,inf,inf,738.3989436612162,inf
72,108,inf,inf,inf,411.40734072206345,inf
72,109,inf,inf,inf,737.4781352691075,inf
72,110,inf,inf,inf,250.7448902769506,inf
72,111,inf,inf,inf,494.01619406655084,inf
72,112,inf,inf,inf,286.0367109306076,inf
72,113,inf,inf,inf,902.2599403719529,inf
72,114,inf,inf,inf,151.2679741386127,inf
72,115,inf,inf,inf,478.4150917352002,inf
72,116,inf,inf,inf,679.718324013705,inf
72,117,inf,inf,inf,843.2532241266558,inf
72,118,inf,inf,inf,801.010611665039,inf
72,119,inf,inf,inf,493.9311692938602,inf
72,120,inf,inf,inf,892.6925562588724,inf
72,121,inf,inf,inf,385.89376776517133,inf
72,122,inf,inf,inf,757.9980211055963,inf
73,74,inf,inf,inf,1101.8030677031172,inf
73,75,inf,inf,inf,909.5548361698706,inf
73,76,inf,inf,inf,1033.682736626669,inf
73,77,inf,inf,inf,1149.1479452185433,inf
73,78,inf,inf,inf,676.4170311279869,inf
73,79,inf,inf,inf,211.06634028191232,inf
73,80,inf,inf,inf,1389.667945949679,inf
73,81,inf,inf,inf,468.78673189415247,inf
73,82,inf,inf,inf,742.1334111869644,inf
73,83,inf,inf,inf,986.6088383954403,inf
73,84,inf,inf,inf,1091.531034831351,inf
73,85,inf,inf,inf,1265.9482611860565,inf
73,86,inf,inf,inf,359.5552808679077,inf
73,87,inf,inf,inf,299.0551788550066,inf
73,88,inf,inf,inf,1369.3593392532143,inf
73,89,inf,inf,inf,1267.895894780009,inf
73,90,inf,inf,inf,1221.3455694438,inf
73,91,inf,inf,inf,126.56223765404908,inf
73,92,inf,inf,inf,323.60778729814274,inf
73,93,inf,inf,inf,872.7668646322453,inf
73,94,inf,inf,inf,984.4521318987531,inf
73,95,inf,inf,inf,1297.1356906661692,inf
73,96,inf,inf,inf,282.1577572919093,inf
73,97,inf,inf,inf,671.7149693136219,inf
73,98,inf,inf,inf,1101.8602452216887,inf
73,99,inf,inf,inf,586.1919480852667,inf
73,100,inf,inf,inf,470.2393007820593,inf
73,101,inf,inf,inf,969.8355530707255,inf
73,102,inf,inf,inf,1210.689472986364,inf
73,103,inf,inf,inf,775.0232254584374,inf
73,104,inf,inf,inf,742.4284477308235,inf
73,105,inf,inf,inf,398.06155302917665,inf
73,106,inf,inf,inf,546.5720446565118,inf
73,107,inf,inf,inf,1399.56636141342,inf
73,108,inf,inf,inf,776.9253503394003,inf
73,109,inf,inf,inf,1068.333749349893,inf
73,110,inf,inf,inf,968.8013212212295,inf
73,111,inf,inf,inf,805.2583436388597,inf
73,112,inf,inf,inf,929.891391507632,inf
73,113,inf,inf,inf,561.2307903171386,inf
73,114,inf,inf,inf,660.385493480891,inf
73,115,inf,inf,inf,849.1843145042188,inf
73,116,inf,inf,inf,1437.1652653748629,inf
73,117,inf,inf,inf,37.05401462729781,inf
73,118,inf,inf,inf,655.0274803395656,inf
73,119,inf,inf,inf,954.0780890472226,inf
73,120,inf,inf,inf,950.3667713046369,inf
73,121,inf,inf,inf,665.2555899802721,inf
73,122,inf,inf,inf,572.349543548346,inf
74,75,inf,inf,inf,1433.1852636697045,inf
74,76,inf,inf,inf,1266.4162033075856,inf
74,77,inf,inf,inf,75.66372975210778,inf
74,78,inf,inf,inf,971.5811854909501,inf
74,79,inf,inf,inf,1251.0463620505836,inf
74,80,inf,inf,inf,742.2620830946439,inf
74,81,inf,inf,inf,930.5745537032484,inf
74,82,inf,inf,inf,364.0,inf
74,83,inf,inf,inf,763.9587685209195,inf
74,84,inf,inf,inf,612.0735249951593,inf
74,85,inf,inf,inf,1354.0919466565038,inf
74,86,inf,inf,inf,1075.5696165288418,inf
74,87,inf,inf,inf,1209.3303932342062,inf
74,88,inf,inf,inf,911.7921912365778,inf
74,89,inf,inf,inf,641.1692444277096,inf
74,90,inf,inf,inf,376.80897016923575,inf
74,91,inf,inf,inf,1036.3262034707025,inf
74,92,inf,inf,inf,1148.174202810706,inf
74,93,inf,inf,inf,1428.3584984169765,inf
74,94,inf,inf,inf,170.42300314218147,inf
74,95,inf,inf,inf,988.9150620756062,inf
74,96,inf,inf,inf,958.6954678102948,inf
74,97,inf,inf,inf,659.3822866895956,inf
74,98,inf,inf,inf,505.78453910731594,inf
74,99,inf,inf,inf,1299.1185473235305,inf
74,100,inf,inf,inf,1370.5900189334518,inf
74,101,inf,inf,inf,684.8627599745806,inf
74,102,inf,inf,inf,1128.335499751736,inf
74,103,inf,inf,inf,1429.4044214287292,inf
74,104,inf,inf,inf,1036.3869933572112,inf
74,105,inf,inf,inf,1211.5135162267072,inf
74,106,inf,inf,inf,1016.6007082429168,inf
74,107,inf,inf,inf,1195.0313803411188,inf
74,108,inf,inf,inf,325.7621831950418,inf
74,109,inf,inf,inf,1321.780995475423,inf
74,110,inf,inf,inf,785.7798673928978,inf
74,111,inf,inf,inf,1081.9283710116858,inf
74,112,inf,inf,inf,303.98026251715754,inf
74,113,inf,inf,inf,1407.7819433420789,inf
74,114,inf,inf,inf,622.055463765089,inf
74,115,inf,inf,inf,1067.6047957929002,inf
74,116,inf,inf,inf,1027.6662882473083,inf
74,117,inf,inf,inf,1138.7629252833972,inf
74,118,inf,inf,inf,1346.1073508453924,inf
74,119,inf,inf,inf,147.80054127099805,inf
74,120,inf,inf,inf,1476.898439297706,inf
74,121,inf,inf,inf,956.8307060290238,inf
74,122,inf,inf,inf,1287.186855122441,inf
75,76,inf,inf,inf,323.12536266904215,inf
75,77,inf,inf,inf,1432.310371393016,inf
75,78,inf,inf,inf,463.38968482261237,inf
75,79,inf,inf,inf,762.5699967871802,inf
75,80,inf,inf,inf,1195.3514127653007,inf
75,81,inf,inf,inf,581.0550748423078,inf
75,82,inf,inf,inf,1212.503195872077,inf
75,83,inf,inf,inf,772.8939125132246,inf
75,84,inf,inf,inf,982.5283710916443,inf
75,85,inf,inf,inf,529.0982895455248,inf
75,86,inf,inf,inf,567.3182528352141,inf
75,87,inf,inf,inf,622.873984044927,inf
75,88,inf,inf,inf,1030.3615870169074,inf
75,89,inf,inf,inf,1131.933743644035,inf
75,90,inf,inf,inf,1286.944054728099,inf
75,91,inf,inf,inf,1017.3298383513579,inf
75,92,inf,inf,inf,585.9590429373029,inf
75,93,1.0,48.7696,48.769552621700456,44.04543109109048,1.1072556543002159
75,94,inf,inf,inf,1421.224823875519,inf
75,95,inf,inf,inf,877.9846240111498,inf
75,96,inf,inf,inf,706.501946211049,inf
75,97,inf,inf,inf,778.2499598458069,inf
75,98,inf,inf,inf,1075.7704216049074,inf
75,99,inf,inf,inf,330.6433123473088,inf
75,100,inf,inf,inf,522.4566967701725,inf
75,101,inf,inf,inf,831.9188662363656,inf
75,102,inf,inf,inf,655.0457999254709,inf
75,103,inf,inf,inf,172.07265907168403,inf
75,104,inf,inf,inf,397.4845908963013,inf
75,105,inf,inf,inf,515.1980201825314,inf
75,106,inf,inf,inf,465.1763106608074,inf
75,107,inf,inf,inf,834.1750415830002,inf
75,108,inf,inf,inf,1184.59149076802,inf
75,109,inf,inf,inf,307.28000260348864,inf
75,110,inf,inf,inf,741.0924368795029,inf
75,111,inf,inf,inf,361.19939091864484,inf
75,112,inf,inf,inf,1134.3262317340634,inf
75,113,inf,inf,inf,435.7636974324502,inf
75,114,inf,inf,inf,820.6710668714964,inf
75,115,inf,inf,inf,392.8256610762591,inf
75,116,inf,inf,inf,1021.110180147079,inf
75,117,inf,inf,inf,912.7524308376286,inf
75,118,inf,inf,inf,268.5386378158644,inf
75,119,inf,inf,inf,1319.3199005548274,inf
75,120,inf,inf,inf,46.61544808322666,inf
75,121,inf,inf,inf,479.15028957520207,inf
75,122,inf,inf,inf,342.75647331596815,inf
76,77,inf,inf,inf,1250.3123609722493,inf
76,78,inf,inf,inf,396.9886648255842,inf
76,79,inf,inf,inf,941.0255044365164,inf
76,80,inf,inf,inf,904.0447997748784,inf
76,81,inf,inf,inf,597.2277622482063,inf
76,82,inf,inf,inf,1119.6615560069927,inf
76,83,inf,inf,inf,528.2205978566152,inf
76,84,inf,inf,inf,733.4439310540376,inf
76,85,inf,inf,inf,241.42286552851616,inf
76,86,inf,inf,inf,675.2925292049365,inf
76,87,inf,inf,inf,793.5200060489968,inf
76,88,inf,inf,inf,720.850192481073,inf
76,89,inf,inf,inf,858.5219857406099,inf
76,90,inf,inf,inf,1053.5487648894093,inf
76,91,inf,inf,inf,1117.111453705493,inf
76,92,inf,inf,inf,731.0827586532184,inf
76,93,inf,inf,inf,356.148845288034,inf
76,94,inf,inf,inf,1290.6068340125896,inf
76,95,inf,inf,inf,563.2415112542753,inf
76,96,inf,inf,inf,773.9076172257255,inf
76,97,inf,inf,inf,662.4507528865824,inf
76,98,inf,inf,inf,838.9731819313416,inf
76,99,inf,inf,inf,545.4731890753202,inf
76,100,inf,inf,inf,758.1721440411801,inf
76,101,inf,inf,inf,601.0332769489556,inf
76,102,inf,inf,inf,333.0,inf
76,103,inf,inf,inf,466.17700500989963,inf
76,104,inf,inf,inf,313.8470965295043,inf
76,105,inf,inf,inf,687.5267267532223,inf
76,106,inf,inf,inf,493.66081473011405,inf
76,107,inf,inf,inf,511.88475265434505,inf
76,108,inf,inf,inf,1074.2313531078862,inf
76,109,inf,inf,inf,55.47071299343465,inf
76,110,inf,inf,inf,499.31553150287647,inf
76,111,inf,inf,inf,245.27739398485136,inf
76,112,inf,inf,inf,962.7969671742844,inf
76,113,inf,inf,inf,692.4160598946272,inf
76,114,inf,inf,inf,710.1894113544639,inf
76,115,inf,inf,inf,224.39696967650877,inf
76,116,inf,inf,inf,701.9287713151527,inf
76,117,inf,inf,inf,1047.8229812329944,inf
76,118,inf,inf,inf,510.88256967722043,inf
76,119,inf,inf,inf,1175.7657079537573,inf
76,120,inf,inf,inf,339.05309318748294,inf
76,121,inf,inf,inf,413.69674883905,inf
76,122,inf,inf,inf,550.9301226108444,inf
77,78,inf,inf,inf,974.2571529118993,inf
77,79,inf,inf,inf,1290.4634826294,inf
77,80,inf,inf,inf,678.8121978868677,inf
77,81,inf,inf,inf,949.6114995091414,inf
77,82,inf,inf,inf,420.48186643421377,inf
77,83,inf,inf,inf,737.0997218830028,inf
77,84,inf,inf,inf,571.2836423353989,inf
77,85,inf,inf,inf,1325.3422199567929,inf
77,86,inf,inf,inf,1101.6192627219261,inf
77,87,inf,inf,inf,1241.2433282801564,inf
77,88,inf,inf,inf,857.131261826332,inf
77,89,inf,inf,inf,583.3429523016456,inf
77,90,inf,inf,inf,311.8878003385192,inf
77,91,inf,inf,inf,1089.3599037967203,inf
77,92,inf,inf,inf,1177.22597660772,inf
77,93,inf,inf,inf,1429.8045320952092,inf
77,94,inf,inf,inf,245.3507693079441,inf
77,95,inf,inf,inf,942.847813806661,inf
77,96,inf,inf,inf,991.4484353711997,inf
77,97,inf,inf,inf,667.2705598181295,inf
77,98,inf,inf,inf,461.3426058798385,inf
77,99,inf,inf,inf,1315.0672986581333,inf
77,100,inf,inf,inf,1397.2429996246178,inf
77,101,inf,inf,inf,658.5924384625138,inf
77,102,inf,inf,inf,1094.2184425424387,inf
77,103,inf,inf,inf,1437.603561486963,inf
77,104,inf,inf,inf,1034.8280050327205,inf
77,105,inf,inf,inf,1237.1782409984423,inf
77,106,inf,inf,inf,1029.4241108503336,inf
77,107,inf,inf,inf,1150.2717070327342,inf
77,108,inf,inf,inf,373.06567786383135,inf
77,109,inf,inf,inf,1305.388830961871,inf
77,110,inf,inf,inf,761.0026281163555,inf
77,111,inf,inf,inf,1076.588129230487,inf
77,112,inf,inf,inf,298.21636440678435,inf
77,113,inf,inf,inf,1429.7891452938086,inf
77,114,inf,inf,inf,633.6718393616684,inf
77,115,inf,inf,inf,1058.624107037054,inf
77,116,inf,inf,inf,973.1315430094742,inf
77,117,inf,inf,inf,1186.1947563532726,inf
77,118,inf,inf,inf,1359.1173606425605,inf
77,119,inf,inf,inf,201.40009930484146,inf
77,120,inf,inf,inf,1475.1223678054644,inf
77,121,inf,inf,inf,960.2832915343264,inf
77,122,inf,inf,inf,1303.658314129895,inf
78,79,inf,inf,inf,637.6213609972615,inf
78,80,inf,inf,inf,859.9308111702941,inf
78,81,inf,inf,inf,211.5490486861144,inf
78,82,inf,inf,inf,757.2436860086718,inf
78,83,inf,inf,inf,404.7727757643787,inf
78,84,inf,inf,inf,591.435541711859,inf
78,85,inf,inf,inf,605.5782360686355,inf
78,86,inf,inf,inf,344.0058139043583,inf
78,87,inf,inf,inf,501.97410291767045,inf
78,88,inf,inf,inf,763.8226233884409,inf
78,89,inf,inf,inf,765.3835639729925,inf
78,90,inf,inf,inf,861.4435558990502,inf
78,91,inf,inf,inf,742.0741202871853,inf
78,92,inf,inf,inf,424.3229901855425,inf
78,93,inf,inf,inf,456.7997373029017,inf
78,94,inf,inf,inf,958.5916753237533,inf
78,95,inf,inf,inf,655.6592102609403,inf
78,96,inf,inf,inf,398.7342473377475,inf
78,97,inf,inf,inf,314.8602864763989,inf
78,98,inf,inf,inf,662.9057248206566,inf
78,99,inf,inf,inf,389.27239819951274,inf
78,100,inf,inf,inf,556.5186429941049,inf
78,101,inf,inf,inf,434.77005416656743,inf
78,102,inf,inf,inf,535.8516585772596,inf
78,103,inf,inf,inf,468.8549882426335,inf
78,104,inf,inf,inf,84.2140130857092,inf
78,105,inf,inf,inf,421.1187480984431,inf
78,106,inf,inf,inf,143.54441821262157,inf
78,107,inf,inf,inf,728.589047406012,inf
78,108,inf,inf,inf,724.240981994253,inf
78,109,inf,inf,inf,445.00449435932666,inf
78,110,inf,inf,inf,375.7286254732264,inf
78,111,inf,inf,inf,152.029602380589,inf
78,112,inf,inf,inf,676.167139100977,inf
78,113,inf,inf,inf,540.0,inf
78,114,inf,inf,inf,357.6940033045005,inf
78,115,inf,inf,inf,180.93645293306707,inf
78,116,inf,inf,inf,805.1832089655124,inf
78,117,inf,inf,inf,697.4847668587465,inf
78,118,inf,inf,inf,411.2626897738233,inf
78,119,inf,inf,inf,855.9351610957456,inf
78,120,inf,inf,inf,508.2568248435037,inf
78,121,inf,inf,inf,17.46424919657298,inf
78,122,inf,inf,inf,383.0248033744029,inf
79,80,inf,inf,inf,1438.3747773094465,inf
79,81,inf,inf,inf,460.09781568705586,inf
79,82,inf,inf,inf,903.329950793175,inf
79,83,inf,inf,inf,1004.4958934709489,inf
79,84,inf,inf,inf,1143.1347252183357,inf
79,85,inf,inf,inf,1181.201083643255,inf
79,86,inf,inf,inf,294.0017006753532,inf
79,87,inf,inf,inf,147.5567687366459,inf
79,88,inf,inf,inf,1384.344610275924,inf
79,89,inf,inf,inf,1324.0033987871784,inf
79,90,inf,inf,inf,1319.8371111618283,inf
79,91,inf,inf,inf,337.0,inf
79,92,inf,inf,inf,215.8633827215723,inf
79,93,inf,inf,inf,721.9674507898538,inf
79,94,inf,inf,inf,1150.0978219264655,inf
79,95,inf,inf,inf,1290.0271314976287,inf
79,96,inf,inf,inf,316.1550252645053,inf
79,97,inf,inf,inf,729.7848998163774,inf
79,98,inf,inf,inf,1173.3222063866344,inf
79,99,inf,inf,inf,431.983795992396,inf
79,100,inf,inf,inf,273.4373785714016,inf
79,101,inf,inf,inf,1004.3425710383883,inf
79,102,inf,inf,inf,1166.784470242898,inf
79,103,inf,inf,inf,610.3638259267992,inf
79,104,inf,inf,inf,685.1313742633598,inf
79,105,inf,inf,inf,255.64428411368795,inf
79,106,inf,inf,inf,494.6048928185001,inf
79,107,inf,inf,inf,1362.8283090690477,inf
79,108,inf,inf,inf,926.2235151409188,inf
79,109,inf,inf,inf,966.9953464210673,inf
79,110,inf,inf,inf,981.4586083987444,inf
79,111,inf,inf,inf,738.2208341682048,inf
79,112,inf,inf,inf,1042.84466724436,inf
79,113,inf,inf,inf,369.5416079415145,inf
79,114,inf,inf,inf,732.1666476970936,inf
79,115,inf,inf,inf,788.7287239602726,inf
79,116,inf,inf,inf,1437.3145097716088,inf
79,117,inf,inf,inf,191.02355875650522,inf
79,118,inf,inf,inf,495.7580054825136,inf
79,119,inf,inf,inf,1104.0407601171253,inf
79,120,inf,inf,inf,798.8253876786841,inf
79,121,inf,inf,inf,631.2527227664052,inf
79,122,inf,inf,inf,420.30108255868197,inf
80,81,inf,inf,inf,982.8122913354309,inf
80,82,inf,inf,inf,897.6374546552745,inf
80,83,inf,inf,inf,455.2471856036015,inf
80,84,inf,inf,inf,298.2096577912929,inf
80,85,inf,inf,inf,856.6130981954456,inf
80,86,inf,inf,inf,1159.8245556979728,inf
80,87,inf,inf,inf,1327.3978303432623,inf
80,88,inf,inf,inf,228.56946427727394,inf
80,89,inf,inf,inf,128.14444974324874,inf
80,90,inf,inf,inf,366.9386869764484,inf
80,91,inf,inf,inf,1391.1955290324936,inf
80,92,inf,inf,inf,1248.0260413949702,inf
80,93,inf,inf,inf,1213.9295696209067,inf
80,94,inf,inf,inf,878.0461263510022,inf
80,95,inf,inf,inf,379.17805843693014,inf
80,96,inf,inf,inf,1130.495466598606,inf
80,97,inf,inf,inf,718.5095684818679,inf
80,98,inf,inf,inf,311.8348922106056,inf
80,99,inf,inf,inf,1246.0016051354028,inf
80,100,inf,inf,inf,1413.6541302595908,inf
80,101,inf,inf,inf,436.1765697512878,inf
80,102,inf,inf,inf,612.1601097752123,inf
80,103,inf,inf,inf,1281.3157300212933,inf
80,104,inf,inf,inf,866.1183521898148,inf
80,105,inf,inf,inf,1267.7192118130893,inf
80,106,inf,inf,inf,988.5949625605018,inf
80,107,inf,inf,inf,566.9400321021616,inf
80,108,inf,inf,inf,822.4281123599801,inf
80,109,inf,inf,inf,947.8786842207182,inf
80,110,inf,inf,inf,485.0164945648756,inf
80,111,inf,inf,inf,863.2960094892134,inf
80,112,inf,inf,inf,579.7283846768244,inf
80,113,inf,inf,inf,1399.5717202058636,inf
80,114,inf,inf,inf,730.3163698014718,inf
80,115,inf,inf,inf,816.899626637202,inf
80,116,inf,inf,inf,331.02416830195347,inf
80,117,inf,inf,inf,1422.5076449706694,inf
80,118,inf,inf,inf,1257.006762113872,inf
80,119,inf,inf,inf,767.2001042752796,inf
80,120,inf,inf,inf,1224.7220092739412,inf
80,121,inf,inf,inf,856.8978935672558,inf
80,122,inf,inf,inf,1241.0580163715151,inf
81,82,inf,inf,inf,651.7675966170764,inf
81,83,inf,inf,inf,544.3987509170094,inf
81,84,inf,inf,inf,691.4860808432807,inf
81,85,inf,inf,inf,815.1920019234732,inf
81,86,inf,inf,inf,178.12635964393365,inf
81,87,inf,inf,inf,345.0811498763733,inf
81,88,inf,inf,inf,924.841608060537,inf
81,89,inf,inf,inf,872.6310789789692,inf
81,90,inf,inf,inf,905.9646792232024,inf
81,91,inf,inf,inf,530.5327511096747,inf
81,92,inf,inf,inf,266.3099697720684,inf
81,93,inf,inf,inf,559.7722751262338,inf
81,94,inf,inf,inf,881.2065592129918,inf
81,95,inf,inf,inf,836.9850655776362,inf
81,96,inf,inf,inf,188.09572031282372,inf
81,97,inf,inf,inf,301.2507261402037,inf
81,98,inf,inf,inf,735.0435361255821,inf
81,99,inf,inf,inf,370.1351104664349,inf
81,100,inf,inf,inf,460.08912180141795,inf
81,101,inf,inf,inf,546.957036703981,inf
81,102,inf,inf,inf,742.1724866902572,inf
81,103,inf,inf,inf,521.8064775374104,inf
81,104,inf,inf,inf,286.81875810344064,inf
81,105,inf,inf,inf,300.945177731759,inf
81,106,inf,inf,inf,116.92732785794773,inf
81,107,inf,inf,inf,930.9119184971262,inf
81,108,inf,inf,inf,638.2632685655661,inf
81,109,inf,inf,inf,640.6949352070766,inf
81,110,inf,inf,inf,521.5524901675765,inf
81,111,inf,inf,inf,354.400902933387,inf
81,112,inf,inf,inf,664.0579793963777,inf
81,113,inf,inf,inf,481.2411038138783,inf
81,114,inf,inf,inf,321.9223508860483,inf
81,115,inf,inf,inf,390.92326612776577,inf
81,116,inf,inf,inf,981.6562534818387,inf
81,117,inf,inf,inf,492.2194632478484,inf
81,118,inf,inf,inf,422.8498551495554,inf
81,119,inf,inf,inf,796.8362441555981,inf
81,120,inf,inf,inf,627.6113447030734,inf
81,121,inf,inf,inf,198.600100704909,inf
81,122,inf,inf,inf,357.60453017264757,inf
82,83,inf,inf,inf,712.1748380840199,inf
82,84,inf,inf,inf,656.269761607222,inf
82,85,inf,inf,inf,1265.4378688817558,inf
82,86,inf,inf,inf,766.0456905433252,inf
82,87,inf,inf,inf,879.6544776217535,inf
82,88,inf,inf,inf,995.7534835490158,inf
82,89,inf,inf,inf,772.4881876119531,inf
82,90,inf,inf,inf,594.226387835478,inf
82,91,inf,inf,inf,672.5027880983097,inf
82,92,inf,inf,inf,827.6134363336545,inf
82,93,inf,inf,inf,1198.3188223507132,inf
82,94,inf,inf,inf,247.135590314305,inf
82,95,inf,inf,inf,1015.7878715558677,inf
82,96,inf,inf,inf,631.9058474171608,inf
82,97,inf,inf,inf,457.28000174947516,inf
82,98,inf,inf,inf,591.3797426358126,inf
82,99,inf,inf,inf,1017.5563866440032,inf
82,100,inf,inf,inf,1053.1006599561126,inf
82,101,inf,inf,inf,642.6359778288172,inf
82,102,inf,inf,inf,1079.5355482799073,inf
82,103,inf,inf,inf,1172.8687053545252,inf
82,104,inf,inf,inf,836.1686432771801,inf
82,105,inf,inf,inf,899.8072015715367,inf
82,106,inf,inf,inf,757.2192549057373,inf
82,107,inf,inf,inf,1201.1078219710334,inf
82,108,inf,inf,inf,75.21303078589507,inf
82,109,inf,inf,inf,1173.8862806933216,inf
82,110,inf,inf,inf,720.5345238085404,inf
82,111,inf,inf,inf,895.6567422846769,inf
82,112,inf,inf,inf,318.0251562376788,inf
82,113,inf,inf,inf,1103.711012901475,inf
82,114,inf,inf,inf,409.6644968751869,inf
82,115,inf,inf,inf,898.7836224587095,inf
82,116,inf,inf,inf,1102.5107709224433,inf
82,117,inf,inf,inf,778.869051895118,inf
82,118,inf,inf,inf,1073.8552043921006,inf
82,119,inf,inf,inf,219.20994502987313,inf
82,120,inf,inf,inf,1258.6774805326422,inf
82,121,inf,inf,inf,740.1925425184991,inf
82,122,inf,inf,inf,1004.0926252094475,inf
83,84,inf,inf,inf,210.11663427725088,inf
83,85,inf,inf,inf,590.1660783203318,inf
83,86,inf,inf,inf,716.9191028282062,inf
83,87,inf,inf,inf,883.8919617238297,inf
83,88,inf,inf,inf,383.1892482834037,inf
83,89,inf,inf,inf,366.93459907727424,inf
83,90,inf,inf,inf,525.7699116533771,inf
83,91,inf,inf,inf,1012.9782820969066,inf
83,92,inf,inf,inf,804.1946281839987,inf
83,93,inf,inf,inf,784.6177413237608,inf
83,94,inf,inf,inf,821.6233930457433,inf
83,95,inf,inf,inf,328.1249761904753,inf
83,96,inf,inf,inf,711.0344576741693,inf
83,97,inf,inf,inf,338.2099939386771,inf
83,98,inf,inf,inf,311.0964480671549,inf
83,99,inf,inf,inf,791.1826590617366,inf
83,100,inf,inf,inf,959.7853926790093,inf
83,101,inf,inf,inf,79.12016177940993,inf
83,102,inf,inf,inf,373.48360071092816,inf
83,103,inf,inf,inf,837.7231046115417,inf
83,104,inf,inf,inf,414.22336969321276,inf
83,105,inf,inf,inf,817.0936298858289,inf
83,106,inf,inf,inf,536.2182391526793,inf
83,107,inf,inf,inf,492.13920794832023,inf
83,108,inf,inf,inf,647.8410298831034,inf
83,109,inf,inf,inf,581.3811142443483,inf
83,110,inf,inf,inf,31.953090617340916,inf
83,111,inf,inf,inf,420.63047916193614,inf
83,112,inf,inf,inf,470.7706447942565,inf
83,113,inf,inf,inf,944.3309801123756,inf
83,114,inf,inf,inf,371.8494318941472,inf
83,115,inf,inf,inf,380.92650209718937,inf
83,116,inf,inf,inf,454.6834063389602,inf
83,117,inf,inf,inf,1015.9419274742036,inf
83,118,inf,inf,inf,804.609221920803,inf
83,119,inf,inf,inf,699.3611370386548,inf
83,120,inf,inf,inf,808.3031609489103,inf
83,121,inf,inf,inf,402.1989557420556,inf
83,122,inf,inf,inf,786.0057251699889,inf
84,85,inf,inf,inf,765.402508488181,inf
84,86,inf,inf,inf,869.4734038485593,inf
84,87,inf,inf,inf,1036.5413643458712,inf
84,88,inf,inf,inf,339.5776788895289,inf
84,89,inf,inf,inf,181.2181006411887,inf
84,90,inf,inf,inf,322.38641410580567,inf
84,91,inf,inf,inf,1095.303610876911,inf
84,92,inf,inf,inf,957.7358717308233,inf
84,93,inf,inf,inf,993.3146530682008,inf
84,94,inf,inf,inf,703.7741114874857,inf
84,95,inf,inf,inf,380.01184192074857,inf
84,96,inf,inf,inf,833.261663584735,inf
84,97,inf,inf,inf,420.31535779697606,inf
84,98,inf,inf,inf,112.71202242884297,inf
84,99,inf,inf,inf,980.6186822613569,inf
84,100,inf,inf,inf,1134.1274178856625,inf
84,101,inf,inf,inf,157.08914666519772,inf
84,102,inf,inf,inf,526.4988129141414,inf
84,103,inf,inf,inf,1041.5166825356184,inf
84,104,inf,inf,inf,614.2963454229563,inf
84,105,inf,inf,inf,983.2176768142444,inf
84,106,inf,inf,inf,709.0253874157116,inf
84,107,inf,inf,inf,583.7893455691017,inf
84,108,inf,inf,inf,583.0857569860543,inf
84,109,inf,inf,inf,785.2903921480257,inf
84,110,inf,inf,inf,241.66091947189145,inf
84,111,inf,inf,inf,627.465536902227,inf
84,112,inf,inf,inf,356.9677856613955,inf
84,113,inf,inf,inf,1128.8383409505543,inf
84,114,inf,inf,inf,432.90299144265566,inf
84,115,inf,inf,inf,589.9983050823113,inf
84,116,inf,inf,inf,447.14650842872516,inf
84,117,inf,inf,inf,1124.3082317585333,inf
84,118,inf,inf,inf,1000.4024190294624,inf
84,119,inf,inf,inf,581.4473320946619,inf
84,120,inf,inf,inf,1018.2990719822934,inf
84,121,inf,inf,inf,585.3998633412891,inf
84,122,inf,inf,inf,974.0061601447909,inf
85,86,inf,inf,inf,910.1565799355625,inf
85,87,inf,inf,inf,1033.8341259602528,inf
85,88,inf,inf,inf,641.038220389393,inf
85,89,inf,inf,inf,845.6459069847143,inf
85,90,inf,inf,inf,1084.2001660210167,inf
85,91,inf,inf,inf,1343.1489120719266,inf
85,92,inf,inf,inf,969.7448117932882,inf
85,93,inf,inf,inf,568.8769638507082,inf
85,94,inf,inf,inf,1405.6788395647136,inf
85,95,inf,inf,inf,479.6602964599009,inf
85,96,inf,inf,inf,998.4558077351245,inf
85,97,inf,inf,inf,819.0494490566489,inf
85,98,inf,inf,inf,877.9117267698388,inf
85,99,inf,inf,inf,785.5049331480993,inf
85,100,inf,inf,inf,998.1122181398242,inf
85,101,inf,inf,inf,669.2831986536044,inf
85,102,inf,inf,inf,247.5520147362974,inf
85,103,inf,inf,inf,689.8840482283962,inf
85,104,inf,inf,inf,528.6747582398842,inf
85,105,inf,inf,inf,928.4750939039776,inf
85,106,inf,inf,inf,720.5345238085404,inf
85,107,inf,inf,inf,346.9827085028878,inf
85,108,inf,inf,inf,1210.6072856215594,inf
85,109,inf,inf,inf,228.56946427727394,inf
85,110,inf,inf,inf,569.5410432971446,inf
85,111,inf,inf,inf,462.49108099508254,inf
85,112,inf,inf,inf,1059.0547672334988,inf
85,113,inf,inf,inf,929.2604586443997,inf
85,114,inf,inf,inf,866.1870467745405,inf
85,115,inf,inf,inf,424.7034259339098,inf
85,116,inf,inf,inf,585.4955166352685,inf
85,117,inf,inf,inf,1281.9243347405493,inf
85,118,inf,inf,inf,747.4570221758573,inf
85,119,inf,inf,inf,1285.0097275896396,inf
85,120,inf,inf,inf,530.0283011311755,inf
85,121,inf,inf,inf,620.5320297937891,inf
85,122,inf,inf,inf,791.4499352454329,inf
86,87,inf,inf,inf,167.6007159889241,inf
86,88,inf,inf,inf,1093.6658539060275,inf
86,89,inf,inf,inf,1050.565561971265,inf
86,90,inf,inf,inf,1079.038924228408,inf
86,91,inf,inf,inf,454.5789260403522,inf
86,92,inf,inf,inf,88.28363381737297,inf
86,93,inf,inf,inf,535.0682199495686,inf
86,94,inf,inf,inf,1007.2507135763171,inf
86,95,inf,inf,inf,996.249466750171,inf
86,96,inf,inf,inf,150.72159765607583,inf
86,97,inf,inf,inf,474.3680006071236,inf
86,98,inf,inf,inf,912.4297233211992,inf
86,99,inf,inf,inf,274.3519637254306,inf
86,100,inf,inf,inf,295.62983611266304,inf
86,101,inf,inf,inf,723.6829416256818,inf
86,102,inf,inf,inf,876.3794840136321,inf
86,103,inf,inf,inf,458.9956426808429,inf
86,104,inf,inf,inf,396.34328554928237,inf
86,105,inf,inf,inf,135.95955280891445,inf
86,106,inf,inf,inf,201.8836298465034,inf
86,107,inf,inf,inf,1071.2095966709783,inf
86,108,inf,inf,inf,766.43395018749,inf
86,109,inf,inf,inf,708.9322957800696,inf
86,110,inf,inf,inf,692.4160598946272,inf
86,111,inf,inf,inf,454.23452092503936,inf
86,112,inf,inf,inf,825.6839589092185,inf
86,113,inf,inf,inf,337.6684764676738,inf
86,114,inf,inf,inf,489.0940604832571,inf
86,115,inf,inf,inf,502.08565006381133,inf
86,116,inf,inf,inf,1143.9877621723058,inf
86,117,inf,inf,inf,372.53321999521063,inf
86,118,inf,inf,inf,341.5333073069155,inf
86,119,inf,inf,inf,935.4490900097129,inf
86,120,inf,inf,inf,611.1211009284493,inf
86,121,inf,inf,inf,337.2906758272455,inf
86,122,inf,inf,inf,259.53805116013336,inf
87,88,inf,inf,inf,1259.039713432424,inf
87,89,inf,inf,inf,1217.7035764093,inf
87,90,inf,inf,inf,1238.2733946911724,inf
87,91,inf,inf,inf,420.1951927378513,inf
87,92,inf,inf,inf,79.6994353806851,inf
87,93,inf,inf,inf,583.6437269430727,inf
87,94,inf,inf,inf,1125.7868359507495,inf
87,95,inf,inf,inf,1157.4147916801478,inf
87,96,inf,inf,inf,250.69702830308938,inf
87,97,inf,inf,inf,636.0070754323414,inf
87,98,inf,inf,inf,1077.0858832980775,inf
87,99,inf,inf,inf,293.29336848964044,inf
87,100,inf,inf,inf,186.60385848100785,inf
87,101,inf,inf,inf,891.2715635540046,inf
87,102,inf,inf,inf,1024.818520519609,inf
87,103,inf,inf,inf,478.87889909662965,inf
87,104,inf,inf,inf,543.4353687422268,inf
87,105,inf,inf,inf,109.38464243210744,inf
87,106,inf,inf,inf,358.50383540486706,inf
87,107,inf,inf,inf,1221.744654172876,inf
87,108,inf,inf,inf,890.7799952850311,inf
87,109,inf,inf,inf,819.5028981034783,inf
87,110,inf,inf,inf,858.9586718812495,inf
87,111,inf,inf,inf,593.9705379898905,inf
87,112,inf,inf,inf,975.510122961315,inf
87,113,inf,inf,inf,267.6153956707274,inf
87,114,inf,inf,inf,646.499033255271,inf
87,115,inf,inf,inf,645.3681120105022,inf
87,116,inf,inf,inf,1306.3330356383092,inf
87,117,inf,inf,inf,295.006779583114,inf
87,118,inf,inf,inf,360.34011711159775,inf
87,119,inf,inf,inf,1065.3135688613002,inf
87,120,inf,inf,inf,661.1179924945319,inf
87,121,inf,inf,inf,497.37410467373553,inf
87,122,inf,inf,inf,280.4460732476032,inf
88,89,inf,inf,inf,276.22635645426743,inf
88,90,inf,inf,inf,554.4366510251645,inf
88,91,inf,inf,inf,1391.6540518390336,inf
88,92,inf,inf,inf,1179.6190062897426,inf
88,93,inf,inf,inf,1054.4709573999655,inf
88,94,inf,inf,inf,1026.2051451829698,inf
88,95,inf,inf,inf,162.78820596099706,inf
88,96,inf,inf,inf,1094.1919392867048,inf
88,97,inf,inf,inf,709.7069817889634,inf
88,98,inf,inf,inf,418.0251188624913,inf
88,99,inf,inf,inf,1131.393830635469,inf
88,100,inf,inf,inf,1317.7078583661857,inf
88,101,inf,inf,inf,406.12559633689676,inf
88,102,inf,inf,inf,404.534300152657,inf
88,103,inf,inf,inf,1137.003957776753,inf
88,104,inf,inf,inf,748.9732972543146,inf
88,105,inf,inf,inf,1184.589380333962,inf
88,106,inf,inf,inf,903.9402635130266,inf
88,107,inf,inf,inf,338.4213350248474,inf
88,108,inf,inf,inf,922.3144799904206,inf
88,109,inf,inf,inf,758.6949321038068,inf
88,110,inf,inf,inf,403.59509412281017,inf
88,111,inf,inf,inf,729.9671225473104,inf
88,112,inf,inf,inf,691.0463081443963,inf
88,113,inf,inf,inf,1289.31958799981,inf
88,114,inf,inf,inf,735.3924122534853,inf
88,115,inf,inf,inf,678.233735521907,inf
88,116,inf,inf,inf,116.00431026474836,inf
88,117,inf,inf,inf,1398.972480072428,inf
88,118,inf,inf,inf,1131.0676372348385,inf
88,119,inf,inf,inf,906.8627239003707,inf
88,120,inf,inf,inf,1054.4553096267286,inf
88,121,inf,inf,inf,765.2777273643864,inf
88,122,inf,inf,inf,1128.8582727694386,inf
89,90,inf,inf,inf,278.2103520719529,inf
89,91,inf,inf,inf,1266.1761330873362,inf
89,92,inf,inf,inf,1138.8388823709874,inf
89,93,inf,inf,inf,1146.6760658529504,inf
89,94,inf,inf,inf,766.6094181524253,inf
89,95,inf,inf,inf,390.4830342025118,inf
89,96,inf,inf,inf,1013.2013620204032,inf
89,97,inf,inf,inf,598.6894019439462,inf
89,98,inf,inf,inf,183.9347710466947,inf
89,99,inf,inf,inf,1154.3591295606407,inf
89,100,inf,inf,inf,1312.9908605927155,inf
89,101,inf,inf,inf,332.01355394019686,inf
89,102,inf,inf,inf,598.1412876570217,inf
89,103,inf,inf,inf,1204.2894170422655,inf
89,104,inf,inf,inf,780.8969202141855,inf
89,105,inf,inf,inf,1163.3060646278777,inf
89,106,inf,inf,inf,887.4418290795178,inf
89,107,inf,inf,inf,595.3435982691004,inf
89,108,inf,inf,inf,697.2983579501675,inf
89,109,inf,inf,inf,906.4904853334093,inf
89,110,inf,inf,inf,398.5272889025292,inf
89,111,inf,inf,inf,786.3364419890509,inf
89,112,inf,inf,inf,455.2735441468129,inf
89,113,inf,inf,inf,1304.8110974390124,inf
89,114,inf,inf,inf,607.5862078750636,inf
89,115,inf,inf,inf,743.9637087923039,inf
89,116,inf,inf,inf,391.65801408882214,inf
89,117,inf,inf,inf,1301.239793427791,inf
89,118,inf,inf,inf,1170.5763537676644,inf
89,119,inf,inf,inf,651.887260191515,inf
89,120,inf,inf,inf,1164.615387155777,inf
89,121,inf,inf,inf,760.5530882193564,inf
89,122,inf,inf,inf,1148.386694454442,inf
90,91,inf,inf,inf,1192.0406872250628,inf
90,92,inf,inf,inf,1164.2169041892494,inf
90,93,inf,inf,inf,1293.4484914367483,inf
90,94,inf,inf,inf,522.5294250087741,inf
90,95,inf,inf,inf,658.4375444945405,inf
90,96,inf,inf,inf,1004.1991834292637,inf
90,97,inf,inf,inf,605.0487583658031,inf
90,98,inf,inf,inf,214.67417171145672,inf
90,99,inf,inf,inf,1240.6014670312138,inf
90,100,inf,inf,inf,1365.662476602473,inf
90,101,inf,inf,inf,457.40354174404905,inf
90,102,inf,inf,inf,841.0517225474305,inf
90,103,inf,inf,inf,1327.6513096442152,inf
90,104,inf,inf,inf,901.5880433989794,inf
90,105,inf,inf,inf,1206.901818707719,inf
90,106,inf,inf,inf,954.7711767748333,inf
90,107,inf,inf,inf,866.1576069053484,inf
90,108,inf,inf,inf,522.6700680161434,inf
90,109,inf,inf,inf,1106.1184385046658,inf
90,110,inf,inf,inf,555.6878620232765,inf
90,111,inf,inf,inf,926.4404999782771,inf
90,112,inf,inf,inf,298.60509037858014,inf
90,113,inf,inf,inf,1377.172828660223,inf
90,114,inf,inf,inf,591.8124702978132,inf
90,115,inf,inf,inf,895.2882217476113,inf
90,116,inf,inf,inf,669.7738424274271,inf
90,117,inf,inf,inf,1257.3957213224483,inf
90,118,inf,inf,inf,1271.0287172208186,inf
90,119,inf,inf,inf,422.8001892147164,inf
90,120,inf,inf,inf,1325.2456376083642,inf
90,121,inf,inf,inf,851.4986788010889,inf
90,122,inf,inf,inf,1231.7714885480991,inf
91,92,inf,inf,inf,434.2948307313823,inf
91,93,inf,inf,inf,982.2932352408826,inf
91,94,inf,inf,inf,906.7965593229828,inf
91,95,inf,inf,inf,1333.0540124090996,inf
91,96,inf,inf,inf,344.7100230628637,inf
91,97,inf,inf,inf,683.0117129303128,inf
91,98,inf,inf,inf,1092.6197874832765,inf
91,99,inf,inf,inf,700.260665752404,inf
91,100,inf,inf,inf,595.6584591861346,inf
91,101,inf,inf,inf,986.6068112475202,inf
91,102,inf,inf,inf,1267.7716671388425,inf
91,103,inf,inf,inf,890.2319922357318,inf
91,104,inf,inf,inf,814.8631786993446,inf
91,105,inf,inf,inf,513.4403568088508,inf
91,106,inf,inf,inf,623.8373185374534,inf
91,107,inf,inf,inf,1450.8066721655232,inf
91,108,inf,inf,inf,716.8549365108676,inf
91,109,inf,inf,inf,1155.3410751808317,inf
91,110,inf,inf,inf,998.6040256277761,inf
91,111,inf,inf,inf,880.6730380793998,inf
91,112,inf,inf,inf,895.0039106059817,inf
91,113,inf,inf,inf,685.3276588610736,inf
91,114,inf,inf,inf,663.1477964978848,inf
91,115,inf,inf,inf,920.4911732330735,inf
91,116,inf,inf,inf,1467.422911092777,inf
91,117,inf,inf,inf,148.52945835759317,inf
91,118,inf,inf,inf,769.69149664005,inf
91,119,inf,inf,inf,890.0050561654131,inf
91,120,inf,inf,inf,1059.545657345638,inf
91,121,inf,inf,inf,728.972564641496,inf
91,122,inf,inf,inf,685.9985422725036,inf
92,93,inf,inf,inf,549.4579146759104,inf
92,94,inf,inf,inf,1071.9123098462858,inf
92,95,inf,inf,inf,1079.1964603351885,inf
92,96,inf,inf,inf,196.2065238466856,inf
92,97,inf,inf,inf,560.3936116695122,inf
92,98,inf,inf,inf,999.924997187289,inf
92,99,inf,inf,inf,266.2724168966812,inf
92,100,inf,inf,inf,225.48835890129672,inf
92,101,inf,inf,inf,811.865136583657,inf
92,102,inf,inf,inf,951.0231332622777,inf
92,103,inf,inf,inf,456.4263357870578,inf
92,104,inf,inf,inf,469.3335700756979,inf
92,105,inf,inf,inf,84.17244204607586,inf
92,106,inf,inf,inf,280.79351844371337,inf
92,107,inf,inf,inf,1147.2907216568956,inf
92,108,inf,inf,inf,833.6815938954152,inf
92,109,inf,inf,inf,760.2585086666245,inf
92,110,inf,inf,inf,779.2984024107839,inf
92,111,inf,inf,inf,522.6097970761742,inf
92,112,inf,inf,inf,906.1942396638814,inf
92,113,inf,inf,inf,285.9545418418809,inf
92,114,inf,inf,inf,573.0488635360863,inf
92,115,inf,inf,inf,572.8978966622237,inf
92,116,inf,inf,inf,1227.766264400517,inf
92,117,inf,inf,inf,328.39762483915746,inf
92,118,inf,inf,inf,335.828825445345,inf
92,119,inf,inf,inf,1005.8851823145621,inf
92,120,inf,inf,inf,626.9968101992226,inf
92,121,inf,inf,inf,419.119314754164,inf
92,122,inf,inf,inf,251.87695408671274,inf
93,94,inf,inf,inf,1411.21933093336,inf
93,95,inf,inf,inf,904.3456197715561,inf
93,96,inf,inf,inf,677.0118167358676,inf
93,97,inf,inf,inf,770.8183962516722,inf
93,98,inf,inf,inf,1083.8385488623294,inf
93,99,inf,inf,inf,290.5942188000305,inf
93,100,inf,inf,inf,479.1795070743322,inf
93,101,inf,inf,inf,840.7645330293137,inf
93,102,inf,inf,inf,685.6857880983097,inf
93,103,inf,inf,inf,128.08200498118384,inf
93,104,inf,inf,inf,396.61820432249453,inf
93,105,inf,inf,inf,476.77772598979493,inf
93,106,inf,inf,inf,445.4267616567285,inf
93,107,inf,inf,inf,868.0299534002269,inf
93,108,inf,inf,inf,1172.8908730141948,inf
93,109,inf,inf,inf,344.570747452537,inf
93,110,inf,inf,inf,752.6925002947751,inf
93,111,inf,inf,inf,367.29416004069543,inf
93,112,inf,inf,inf,1131.591799192624,inf
93,113,inf,inf,inf,391.9004975755964,inf
93,114,inf,inf,inf,811.971058597534,inf
93,115,inf,inf,inf,403.7078151336682,inf
93,116,inf,inf,inf,1049.1720545268063,inf
93,117,inf,inf,inf,874.9931428302739,inf
93,118,inf,inf,inf,226.76198976018887,inf
93,119,inf,inf,inf,1311.5567086481622,inf
93,120,inf,inf,inf,77.64663547121665,inf
93,121,inf,inf,inf,471.79338698205595,inf
93,122,inf,inf,inf,303.19960422137757,inf
94,95,inf,inf,inf,1083.415432786519,inf
94,96,inf,inf,inf,876.9521081564261,inf
94,97,inf,inf,inf,644.8542470977453,inf
94,98,inf,inf,inf,608.9614109284759,inf
94,99,inf,inf,inf,1250.6898096650505,inf
94,100,inf,inf,inf,1297.226657142074,inf
94,101,inf,inf,inf,743.9065801564064,inf
94,102,inf,inf,inf,1194.5312888325698,inf
94,103,inf,inf,inf,1397.0386537243699,inf
94,104,inf,inf,inf,1031.5861573324837,inf
94,105,inf,inf,inf,1142.1352809540558,inf
94,106,inf,inf,inf,979.6208450211745,inf
94,107,inf,inf,inf,1284.224279477693,inf
94,108,inf,inf,inf,242.99176940793694,inf
94,109,inf,inf,inf,1345.9513364159939,inf
94,110,inf,inf,inf,838.3328694498385,inf
94,111,inf,inf,inf,1084.7695607823812,inf
94,112,inf,inf,inf,353.45155254999236,inf
94,113,inf,inf,inf,1344.5214762137493,inf
94,114,inf,inf,inf,600.9068147391906,inf
94,115,inf,inf,inf,1078.8586561732727,inf
94,116,inf,inf,inf,1140.5060280419389,inf
94,117,inf,inf,inf,1020.8550337829558,inf
94,118,inf,inf,inf,1303.777971895522,inf
94,119,inf,inf,inf,123.25988804148737,inf
94,120,inf,inf,inf,1466.5336682122236,inf
94,121,inf,inf,inf,942.4208189550993,inf
94,122,inf,inf,inf,1237.7180615956124,inf
95,96,inf,inf,inf,1016.4192048559491,inf
95,97,inf,inf,inf,665.876865493914,inf
95,98,inf,inf,inf,483.1407662369219,inf
95,99,inf,inf,inf,1003.7250619567093,inf
95,100,inf,inf,inf,1198.6534111243334,inf
95,101,inf,inf,inf,380.2656965859529,inf
95,102,1.0,271.5219,271.52186130069816,241.8677324489565,1.1226047333866656
95,103,inf,inf,inf,993.3992148174872,inf
95,104,inf,inf,inf,627.3571550560334,inf
95,105,inf,inf,inf,1074.8953437428222,inf
95,106,inf,inf,inf,798.9443034404838,inf
95,107,inf,inf,inf,208.12736485142938,inf
95,108,inf,inf,inf,946.059194765317,inf
95,109,inf,inf,inf,598.8205073308695,inf
95,110,inf,inf,inf,336.71501303030726,inf
95,111,inf,inf,inf,598.5849981414502,inf
95,112,inf,inf,inf,733.6245633837515,inf
95,113,inf,inf,inf,1162.3807465714494,inf
95,114,inf,inf,inf,699.9328539224316,inf
95,115,inf,inf,inf,545.0036697124158,inf
95,116,inf,inf,inf,151.52887513606112,inf
95,117,inf,inf,inf,1324.1782357371685,inf
95,118,inf,inf,inf,997.07672723818,inf
95,119,inf,inf,inf,960.7517889652873,inf
95,120,inf,inf,inf,899.7999777728381,inf
95,121,inf,inf,inf,660.0984775016527,inf
95,122,inf,inf,inf,1002.6011170949292,inf
96,97,inf,inf,inf,415.7162493817147,inf
96,98,inf,inf,inf,858.4247200541233,inf
96,99,inf,inf,inf,424.9470555257443,inf
96,100,inf,inf,inf,421.51393808508874,inf
96,101,inf,inf,inf,701.1547618036976,inf
96,102,inf,inf,inf,930.0537618869137,inf
96,103,inf,inf,inf,607.8963727478558,inf
96,104,inf,inf,inf,470.1882601682011,inf
96,105,inf,inf,inf,272.97618943783357,inf
96,106,inf,inf,inf,280.26416110519733,inf
96,107,inf,inf,inf,1117.7678649880752,inf
96,108,inf,inf,inf,640.4498419080139,inf
96,109,inf,inf,inf,813.7677801436968,inf
96,110,inf,inf,inf,691.4658342969666,inf
96,111,inf,inf,inf,536.0037313302959,inf
96,112,inf,inf,inf,731.4348911557337,inf
96,113,inf,inf,inf,478.73687971577874,inf
96,114,inf,inf,inf,416.13699667297067,inf
96,115,inf,inf,inf,576.0112846116818,inf
96,116,inf,inf,inf,1158.0522440719158,inf
96,117,inf,inf,inf,307.8246253956951,inf
96,118,inf,inf,inf,491.6197717748952,inf
96,119,inf,inf,inf,814.6312049019483,inf
96,120,inf,inf,inf,751.5131402710135,inf
96,121,inf,inf,inf,386.4013457533501,inf
96,122,inf,inf,inf,410.1572869034512,inf
97,98,inf,inf,inf,443.64062032235057,inf
97,99,inf,inf,inf,652.067481170469,inf
97,100,inf,inf,inf,761.3264739912831,inf
97,101,inf,inf,inf,303.8321905262838,inf
97,102,inf,inf,inf,660.1848226065183,inf
97,103,inf,inf,inf,770.7619606597098,inf
97,104,inf,inf,inf,386.79322641432077,inf
97,105,inf,inf,inf,602.0298995897131,inf
97,106,inf,inf,inf,364.1208590564402,inf
97,107,inf,inf,inf,814.8159301339168,inf
97,108,inf,inf,inf,415.29266788615473,inf
97,109,inf,inf,inf,716.6100752850186,inf
97,110,inf,inf,inf,330.1893396219811,inf
97,111,inf,inf,inf,441.8506535018365,inf
97,112,inf,inf,inf,372.3613836046912,inf
97,113,inf,inf,inf,778.2396803042107,inf
97,114,inf,inf,inf,47.853944456021594,inf
97,115,inf,inf,inf,441.8200991353834,inf
97,116,inf,inf,inf,790.9393149919911,inf
97,117,inf,inf,inf,704.1647534490775,inf
97,118,inf,inf,inf,692.8564064797265,inf
97,119,inf,inf,inf,541.084096975692,inf
97,120,inf,inf,inf,823.0528537098938,inf
97,121,inf,inf,inf,299.2557434703635,inf
97,122,inf,inf,inf,641.5177316333509,inf
98,99,inf,inf,inf,1048.7654647250738,inf
98,100,inf,inf,inf,1188.9007527964645,inf
98,101,inf,inf,inf,244.12496799794977,inf
98,102,inf,inf,inf,639.1439587448199,inf
98,103,inf,inf,inf,1123.8491891708602,inf
98,104,inf,inf,inf,696.0114941579628,inf
98,105,inf,inf,inf,1033.5593838769014,inf
98,106,inf,inf,inf,768.3469268501046,inf
98,107,inf,inf,inf,689.6680360869278,inf
98,108,inf,inf,inf,516.3845466316745,inf
98,109,inf,inf,inf,891.6955758553477,inf
98,110,inf,inf,inf,341.10408968524547,inf
98,111,inf,inf,inf,716.5535569655627,inf
98,112,inf,inf,inf,276.92959394040935,inf
98,113,inf,inf,inf,1191.6727738771244,inf
98,114,inf,inf,inf,444.09571040486304,inf
98,115,inf,inf,inf,683.2525155460461,inf
98,116,inf,inf,inf,531.672831730191,inf
98,117,inf,inf,inf,1136.2099277862344,inf
98,118,inf,inf,inf,1074.168050167198,inf
98,119,inf,inf,inf,488.9263748254946,inf
98,120,inf,inf,inf,1113.2497473613007,inf
98,121,inf,inf,inf,654.6182093403758,inf
98,122,inf,inf,inf,1040.9918347422326,inf
99,100,inf,inf,inf,212.7016690108472,inf
99,101,inf,inf,inf,824.040047570505,inf
99,102,inf,inf,inf,827.5385187409707,inf
99,103,inf,inf,inf,190.16308790088576,inf
99,104,inf,inf,inf,383.30797017541914,inf
99,105,inf,inf,inf,188.17013578142522,inf
99,106,inf,inf,inf,288.36088500349695,inf
99,107,inf,inf,inf,1024.5667376994043,inf
99,108,inf,inf,inf,1007.7003522873256,inf
99,109,inf,inf,inf,560.1160594019779,inf
99,110,inf,inf,inf,761.0236527204657,inf
99,111,inf,inf,inf,405.2159917870962,inf
99,112,inf,inf,inf,1023.8129712012834,inf
99,113,inf,inf,inf,158.66001386612822,inf
99,114,inf,inf,inf,681.846023673967,inf
99,115,inf,inf,inf,459.0871376982805,inf
99,116,inf,inf,inf,1155.1748785357133,inf
99,117,inf,inf,inf,586.3104979445618,inf
99,118,1.0,76.8701,76.87005768508877,69.58448102845921,1.1047011711368495
99,119,inf,inf,inf,1166.8024682867276,inf
99,120,inf,inf,inf,367.93477682872003,inf
99,121,inf,inf,inf,395.4263521820467,inf
99,122,inf,inf,inf,14.866068747318506,inf
100,101,inf,inf,inf,981.174806036111,inf
100,102,inf,inf,inf,1034.0841358419536,inf
100,103,inf,inf,inf,356.62865841095834,inf
100,104,inf,inf,inf,571.4236606931848,inf
100,105,inf,inf,inf,160.65490966665163,inf
100,106,inf,inf,inf,425.62189793289537,inf
100,107,inf,inf,inf,1231.8818936894884,inf
100,108,inf,inf,inf,1058.3883975176598,inf
100,109,inf,inf,inf,772.1813258555272,inf
100,110,inf,inf,inf,931.5433430603216,inf
100,111,inf,inf,inf,604.6503121639813,inf
100,112,inf,inf,inf,1119.9629458156194,inf
100,113,inf,inf,inf,97.32933781753577,inf
100,114,inf,inf,inf,780.4947149084355,inf
100,115,inf,inf,inf,658.8634152842302,inf
100,116,inf,inf,inf,1350.058146895903,inf
100,117,inf,inf,inf,458.15499560738175,inf
100,118,inf,inf,inf,257.6198750096739,inf
100,119,inf,inf,inf,1229.4787513413967,inf
100,120,inf,inf,inf,552.4219401870276,inf
100,121,inf,inf,inf,557.7669764337074,inf
100,122,inf,inf,inf,207.80038498520642,inf
101,102,inf,inf,inf,450.62845005614105,inf
101,103,inf,inf,inf,885.4377448471462,inf
101,104,inf,inf,inf,457.74774712717044,inf
101,105,inf,inf,inf,832.6692020244294,inf
101,106,inf,inf,inf,555.562777730834,inf
101,107,inf,inf,inf,558.4881377433186,inf
101,108,inf,inf,inf,576.2377981354573,inf
101,109,inf,inf,inf,654.9320575449029,inf
101,110,inf,inf,inf,102.90286682109493,inf
101,111,inf,inf,inf,473.7531002537081,inf
101,112,inf,inf,inf,392.23079940259663,inf
101,113,inf,inf,inf,973.2342986146758,inf
101,114,inf,inf,inf,329.75748664738455,inf
101,115,inf,inf,inf,439.2322847879013,inf
101,116,inf,inf,inf,492.00101625911304,inf
101,117,inf,inf,inf,1000.8446432888572,inf
101,118,inf,inf,inf,843.3172593988576,inf
101,119,inf,inf,inf,621.3614085216429,inf
101,120,inf,inf,inf,869.1662671779203,inf
101,121,inf,inf,inf,429.19459456055597,inf
101,122,inf,inf,inf,817.6337811025178,inf
102,103,inf,inf,inf,786.5023839760437,inf
102,104,inf,inf,inf,481.6980381940537,inf
102,105,inf,inf,inf,930.2150289046076,inf
102,106,inf,inf,inf,674.6525031451376,inf
102,107,inf,inf,inf,198.1136037731887,inf
102,108,inf,inf,inf,1018.0491147287541,inf
102,109,inf,inf,inf,362.3285801589491,inf
102,110,inf,inf,inf,360.23464575190434,inf
102,111,inf,inf,inf,433.2435804486894,inf
102,112,inf,inf,inf,842.335443870196,inf
102,113,inf,inf,inf,984.1834178647799,inf
102,114,inf,inf,inf,703.8309456112313,inf
102,115,inf,inf,inf,380.2538625707831,inf
102,116,inf,inf,inf,370.6656175045104,inf
102,117,inf,inf,inf,1232.8195326161895,inf
102,118,inf,inf,inf,808.8720541593707,inf
102,119,inf,inf,inf,1071.9104440203948,inf
102,120,inf,inf,inf,672.0267851804718,inf
102,121,inf,inf,inf,545.9102490336667,inf
102,122,inf,inf,inf,829.1399158163838,inf
103,104,inf,inf,inf,428.033877163946,inf
103,105,inf,inf,inf,377.22407134221964,inf
103,106,inf,inf,inf,417.43262929483603,inf
103,107,inf,inf,inf,975.125120176893,inf
103,108,inf,inf,inf,1155.1839680327978,inf
103,109,inf,inf,inf,462.4889187861694,inf
103,110,inf,inf,inf,805.9460279696153,inf
103,111,inf,inf,inf,418.5235955116509,inf
103,112,inf,inf,inf,1140.7387956933874,inf
103,113,inf,inf,inf,266.05450569385215,inf
103,114,inf,inf,inf,807.4280153673143,inf
103,115,inf,inf,inf,464.6342647717665,inf
103,116,inf,inf,inf,1141.606324439384,inf
103,117,inf,inf,inf,773.6213544105411,inf
103,118,inf,inf,inf,120.59850745345068,inf
103,119,inf,inf,inf,1304.641713268436,inf
103,120,inf,inf,inf,196.596032513375,inf
103,121,inf,inf,inf,480.88252203630776,inf
103,122,inf,inf,inf,204.65825172711703,inf
104,105,inf,inf,inf,451.9081765137692,inf
104,106,inf,inf,inf,196.60366222428308,inf
104,107,inf,inf,inf,678.3170350212355,inf
104,108,inf,inf,inf,800.3530470985913,inf
104,109,inf,inf,inf,361.08863177895813,inf
104,110,inf,inf,inf,383.0195817448502,inf
104,111,inf,inf,inf,68.59300255857006,inf
104,112,inf,inf,inf,736.8541239621313,inf
104,113,inf,inf,inf,540.566369653163,inf
104,114,inf,inf,inf,431.76498236888085,inf
104,115,inf,inf,inf,106.78014796768171,inf
104,116,inf,inf,inf,778.6886412424417,inf
104,117,inf,inf,inf,761.1602984917172,inf
104,118,inf,inf,inf,390.9334981809566,inf
104,119,inf,inf,inf,925.8169365484733,inf
104,120,inf,inf,inf,440.6234219829899,inf
104,121,inf,inf,inf,101.49384217774002,inf
104,122,inf,inf,inf,380.1473398565351,inf
105,106,inf,inf,inf,281.3680863211036,inf
105,107,inf,inf,inf,1128.0004432623243,inf
105,108,inf,inf,inf,901.849211343005,inf
105,109,inf,inf,inf,711.9620776417801,inf
105,110,inf,inf,inf,790.2436333182318,inf
105,111,inf,inf,inf,497.20016090101984,inf
105,112,inf,inf,inf,959.312774855,inf
105,113,inf,inf,inf,205.7692882818036,inf
105,114,inf,inf,inf,620.1886809673327,inf
105,115,inf,inf,inf,549.968180897768,inf
105,116,inf,inf,inf,1225.2465058101573,inf
105,117,inf,inf,inf,398.43694607804633,inf
105,118,inf,inf,inf,257.00194551792794,inf
105,119,inf,inf,inf,1071.3524163411403,inf
105,120,inf,inf,inf,554.4005772002768,inf
105,121,inf,inf,inf,419.33518812520373,inf
105,122,inf,inf,inf,174.4849563716024,inf
106,107,inf,inf,inf,869.3267509975751,inf
106,108,inf,inf,inf,737.7940091922677,inf
106,109,inf,inf,inf,533.8408002391724,inf
106,110,inf,inf,inf,509.02750416848795,inf
106,111,inf,inf,inf,258.75084540924695,inf
106,112,inf,inf,inf,736.3321261496064,inf
106,113,inf,inf,inf,423.51505286117043,inf
106,114,inf,inf,inf,395.790348543266,inf
106,115,inf,inf,inf,303.29028998634294,inf
106,116,inf,inf,inf,948.1165540164353,inf
106,117,inf,inf,inf,564.6946077305856,inf
106,118,inf,inf,inf,329.7787136854045,inf
106,119,inf,inf,inf,888.6056493180763,inf
106,120,inf,inf,inf,511.7812032499826,inf
106,121,inf,inf,inf,139.20488497175666,inf
106,122,inf,inf,inf,278.36127604248406,inf
107,108,inf,inf,inf,1134.0604040349879,inf
107,109,inf,inf,inf,529.9669801034778,inf
107,110,inf,inf,inf,490.1530373260988,inf
107,111,inf,inf,inf,631.2503465345584,inf
107,112,inf,inf,inf,932.0343341315275,inf
107,113,inf,inf,inf,1180.5769775834187,inf
107,114,inf,inf,inf,854.5788436417087,inf
107,115,inf,inf,inf,578.0657402060773,inf
107,116,inf,inf,inf,253.4758371127315,inf
107,117,inf,inf,inf,1422.9803231246735,inf
107,118,inf,inf,inf,1003.855069220652,inf
107,119,inf,inf,inf,1161.1102445504475,inf
107,120,inf,inf,inf,845.8138092984767,inf
107,121,inf,inf,inf,737.5289824813666,inf
107,122,inf,inf,inf,1026.4745491243316,inf
108,109,inf,inf,inf,1129.0039858211308,inf
108,110,inf,inf,inf,658.0068388702355,inf
108,111,inf,inf,inf,857.0297544426331,inf
108,112,inf,inf,inf,242.86004199950224,inf
108,113,inf,inf,inf,1103.0888450165744,inf
108,114,inf,inf,inf,368.95799218881274,inf
108,115,inf,inf,inf,856.2412043343861,inf
108,116,inf,inf,inf,1029.8567861600952,inf
108,117,inf,inf,inf,813.9410298049853,inf
108,118,inf,inf,inf,1060.9326086043354,inf
108,119,inf,inf,inf,178.10109488714548,inf
108,120,inf,inf,inf,1230.3251602726818,inf
108,121,inf,inf,inf,707.611475316787,inf
108,122,inf,inf,inf,994.7406697225161,inf
109,110,inf,inf,inf,552.869785754295,inf
109,111,inf,inf,inf,293.00170647967224,inf
109,112,inf,inf,inf,1018.2028285169905,inf
109,113,inf,inf,inf,701.2766928966056,inf
109,114,inf,inf,inf,764.2852870492798,inf
109,115,inf,inf,inf,276.739950133695,inf
109,116,inf,inf,inf,732.9918144154135,inf
109,117,inf,inf,inf,1081.041164803635,inf
109,118,inf,inf,inf,519.5767508270554,inf
109,119,inf,inf,inf,1231.208349549336,inf
109,120,inf,inf,inf,315.93986769637036,inf
109,121,inf,inf,inf,462.0043289840475,inf
109,122,inf,inf,inf,566.8730016502815,inf
110,111,inf,inf,inf,388.711975632344,inf
110,112,inf,inf,inf,489.5896240730598,inf
110,113,inf,inf,inf,914.7086967991504,inf
110,114,inf,inf,inf,366.7219655270188,inf
110,115,inf,inf,inf,349.0128937446294,inf
110,116,inf,inf,inf,469.23341739479724,inf
110,117,inf,inf,inf,997.5234333087118,inf
110,118,inf,inf,inf,773.6439749652291,inf
110,119,inf,inf,inf,716.6986814554635,inf
110,120,inf,inf,inf,776.6472815892681,inf
110,121,inf,inf,inf,373.7766712891536,inf
110,122,inf,inf,inf,756.0423268574319,inf
111,112,inf,inf,inf,779.8801189926564,inf
111,113,inf,inf,inf,563.8732126994507,inf
111,114,inf,inf,inf,488.1331785486416,inf
111,115,inf,inf,inf,54.230987451824994,inf
111,116,inf,inf,inf,749.9926666308145,inf
111,117,inf,inf,inf,822.8000972289685,inf
111,118,inf,inf,inf,401.10098479061355,inf
111,119,inf,inf,inf,976.2725029416736,inf
111,120,inf,inf,inf,401.36766187624033,inf
111,121,inf,inf,inf,169.00295855398508,inf
111,122,inf,inf,inf,404.4762044916858,inf
112,113,inf,inf,inf,1145.1995459307518,inf
112,114,inf,inf,inf,342.8833620927093,inf
112,115,inf,inf,inf,764.0942350260209,inf
112,116,inf,inf,inf,802.1683115157317,inf
112,117,inf,inf,inf,966.3958816137412,inf
112,118,inf,inf,inf,1065.2009200146233,inf
112,119,inf,inf,inf,230.25420734483876,inf
112,120,inf,inf,inf,1177.3330030199613,inf
112,121,inf,inf,inf,662.3329978190728,inf
112,122,inf,inf,inf,1012.9610061596645,inf
113,114,inf,inf,inf,802.6113629895854,inf
113,115,inf,inf,inf,617.7200012950851,inf
113,116,inf,inf,inf,1313.8340838933964,inf
113,117,inf,inf,inf,551.3302095840568,inf
113,118,inf,inf,inf,181.8158408940211,inf
113,119,inf,inf,inf,1269.9704720976783,inf
113,120,inf,inf,inf,462.6499756835614,inf
113,121,inf,inf,inf,544.2655601817921,inf
113,122,inf,inf,inf,160.46183346827368,inf
114,115,inf,inf,inf,489.20445623481396,inf
114,116,inf,inf,inf,820.7466113241042,inf
114,117,inf,inf,inf,693.9812677587198,inf
114,118,inf,inf,inf,725.5480687039282,inf
114,119,inf,inf,inf,499.7299270606074,inf
114,120,inf,inf,inf,865.800207900183,inf
114,121,inf,inf,inf,341.6021077218348,inf
114,122,inf,inf,inf,670.7167807651751,inf
115,116,inf,inf,inf,696.3232008198491,inf
115,117,inf,inf,inf,867.9222315392088,inf
115,118,inf,inf,inf,453.2604108015612,inf
115,119,inf,inf,inf,967.4466393553704,inf
115,120,inf,inf,inf,430.04302110370304,inf
115,121,inf,inf,inf,196.21671692289624,inf
115,122,inf,inf,inf,458.53026072441503,inf
116,117,inf,inf,inf,1465.225238657866,inf
116,118,inf,inf,inf,1147.8959012035891,inf
116,119,inf,inf,inf,1020.5415229181025,inf
116,120,inf,inf,inf,1040.6176050788301,inf
116,121,inf,inf,inf,809.0098886911087,inf
116,122,inf,inf,inf,1154.103981450545,inf
117,118,inf,inf,inf,654.4142418988145,inf
117,119,inf,inf,inf,991.0499482871688,inf
117,120,inf,inf,inf,952.6384413826686,inf
117,121,inf,inf,inf,686.9308553267934,inf
117,122,inf,inf,inf,572.8429104038908,inf
118,119,inf,inf,inf,1216.520447834725,inf
118,120,inf,inf,inf,303.1600237498341,inf
118,121,inf,inf,inf,419.980951949014,inf
118,122,inf,inf,inf,84.17244204607586,inf
119,120,inf,inf,inf,1364.0307914413077,inf
119,121,inf,inf,inf,840.3154169715084,inf
119,122,inf,inf,inf,1154.4145702476212,inf
120,121,inf,inf,inf,524.2003433802766,inf
120,122,inf,inf,inf,380.6796553534218,inf
121,122,inf,inf,inf,388.6142045782681,inf
