u,v,unweighted_hops,weighted_cost,path_length_sum,euclidean,tortuosity
0,1,inf,inf,inf,308.5206638136253,inf
0,2,inf,inf,inf,587.0442913443585,inf
0,3,inf,inf,inf,972.8088198613333,inf
0,4,inf,inf,inf,910.5322619215642,inf
0,5,inf,inf,inf,178.7568180517879,inf
0,6,inf,inf,inf,1104.958370256545,inf
0,7,inf,inf,inf,429.2004193846972,inf
0,8,inf,inf,inf,355.38429903415823,inf
0,9,inf,inf,inf,711.3508276511668,inf
0,10,inf,inf,inf,430.275493143637,inf
0,11,inf,inf,inf,834.1732433973173,inf
0,12,inf,inf,inf,779.185472143828,inf
0,13,inf,inf,inf,877.9572882549584,inf
0,14,inf,inf,inf,715.1202696050505,inf
0,15,inf,inf,inf,244.70594598415462,inf
0,16,inf,inf,inf,631.7317468672918,inf
0,17,inf,inf,inf,1177.7304445415343,inf
0,18,inf,inf,inf,1146.8539575726284,inf
0,19,inf,inf,inf,1126.4053444475483,inf
0,20,inf,inf,inf,323.43314610596116,inf
0,21,inf,inf,inf,1087.7688173504516,inf
0,22,inf,inf,inf,654.8404385802697,inf
0,23,inf,inf,inf,442.8859898438875,inf
0,24,inf,inf,inf,1166.9811480910905,inf
0,25,inf,inf,inf,1109.6760788626561,inf
0,26,inf,inf,inf,1127.495011075437,inf
0,27,inf,inf,inf,398.0113063720678,inf
0,28,inf,inf,inf,147.96283317103658,inf
0,29,inf,inf,inf,517.4214916294065,inf
0,30,inf,inf,inf,1003.0079760400712,inf
0,31,inf,inf,inf,74.24284477308234,inf
0,32,inf,inf,inf,578.9386841453937,inf
0,33,inf,inf,inf,1138.7172607807436,inf
0,34,inf,inf,inf,1174.6429244668357,inf
0,35,inf,inf,inf,1030.8777813106653,inf
0,36,inf,inf,inf,1049.190640446244,inf
0,37,inf,inf,inf,670.3737763367538,inf
0,38,inf,inf,inf,337.85499848307705,inf
0,39,inf,inf,inf,849.7087736395335,inf
0,40,inf,inf,inf,1167.246760543802,inf
0,41,inf,inf,inf,769.9694799146263,inf
0,42,inf,inf,inf,1124.0444831055397,inf
0,43,inf,inf,inf,184.74035834110532,inf
0,44,inf,inf,inf,474.45547736326114,inf
0,45,inf,inf,inf,579.2754094556406,inf
0,46,inf,inf,inf,352.9560879202964,inf
0,47,inf,inf,inf,138.07968713753664,inf
0,48,inf,inf,inf,455.10548227855924,inf
0,49,inf,inf,inf,1122.3533311751696,inf
0,50,inf,inf,inf,835.395116097766,inf
0,51,inf,inf,inf,180.60177186284747,inf
0,52,inf,inf,inf,84.31488599292535,inf
0,53,inf,inf,inf,1104.3536571225723,inf
0,54,inf,inf,inf,808.3563570604242,inf
0,55,inf,inf,inf,486.3681733008442,inf
0,56,inf,inf,inf,136.517398158623,inf
0,57,inf,inf,inf,117.32433677630571,inf
0,58,inf,inf,inf,1130.6356619176665,inf
0,59,inf,inf,inf,839.4974687275716,inf
0,60,inf,inf,inf,355.60089988637543,inf
0,61,inf,inf,inf,291.6727618410742,inf
0,62,inf,inf,inf,10.816653826391969,inf
0,63,inf,inf,inf,1175.1702004390684,inf
0,64,inf,inf,inf,261.3235542388018,inf
0,65,inf,inf,inf,242.52834885843757,inf
0,66,inf,inf,inf,246.86838598735156,inf
0,67,inf,inf,inf,278.7561658510893,inf
0,68,inf,inf,inf,277.34635386101615,inf
0,69,inf,inf,inf,946.5754063993,inf
0,70,inf,inf,inf,872.6419655276727,inf
0,71,inf,inf,inf,1021.1586556456348,inf
0,72,inf,inf,inf,33.60059523282288,inf
0,73,inf,inf,inf,765.2613932506983,inf
0,74,inf,inf,inf,860.2168331298801,inf
0,75,inf,inf,inf,191.4627901186024,inf
0,76,inf,inf,inf,1040.000961538017,inf
0,77,inf,inf,inf,573.149195236284,inf
0,78,inf,inf,inf,426.9859482465436,inf
0,79,inf,inf,inf,850.6850180883639,inf
0,80,inf,inf,inf,751.0166442895923,inf
0,81,inf,inf,inf,84.09518416651456,inf
0,82,inf,inf,inf,773.4888493055346,inf
0,83,inf,inf,inf,779.6717257923362,inf
0,84,inf,inf,inf,296.89223634174067,inf
0,85,inf,inf,inf,251.33443854752576,inf
0,86,inf,inf,inf,932.5502667416915,inf
0,87,inf,inf,inf,542.9769792541854,inf
0,88,inf,inf,inf,831.116117037806,inf
0,89,inf,inf,inf,764.9555542644291,inf
0,90,inf,inf,inf,408.7077195258245,inf
0,91,inf,inf,inf,427.31019178109943,inf
0,92,inf,inf,inf,561.4312068276931,inf
0,93,inf,inf,inf,706.0453243241541,inf
0,94,inf,inf,inf,649.5321393125978,inf
0,95,inf,inf,inf,747.3740696598993,inf
0,96,inf,inf,inf,487.2217154438008,inf
0,97,inf,inf,inf,393.89465596781076,inf
0,98,inf,inf,inf,357.67722879713773,inf
0,99,inf,inf,inf,1057.2312897374916,inf
0,100,inf,inf,inf,958.1022909898504,inf
0,101,inf,inf,inf,1159.6227834947017,inf
0,102,inf,inf,inf,121.82774724995944,inf
0,103,inf,inf,inf,272.6187814513153,inf
0,104,inf,inf,inf,610.2827213677281,inf
0,105,inf,inf,inf,864.7612387243082,inf
0,106,inf,inf,inf,556.138471965391,inf
0,107,inf,inf,inf,653.1500593278699,inf
0,108,inf,inf,inf,299.0,inf
0,109,inf,inf,inf,1107.4303589842568,inf
0,110,inf,inf,inf,181.077331546497,inf
0,111,inf,inf,inf,441.45781225390044,inf
0,112,inf,inf,inf,1121.766909834659,inf
0,113,inf,inf,inf,740.8373640685248,inf
0,114,inf,inf,inf,427.4037903435111,inf
0,115,inf,inf,inf,1131.8237495299345,inf
0,116,inf,inf,inf,889.4520785292483,inf
0,117,inf,inf,inf,247.226616690032,inf
0,118,inf,inf,inf,1037.54566164579,inf
0,119,inf,inf,inf,224.51057881534223,inf
0,120,inf,inf,inf,1110.5426601441297,inf
0,121,inf,inf,inf,783.613425101944,inf
0,122,inf,inf,inf,1127.7521890912028,inf
0,123,inf,inf,inf,825.8746878310293,inf
0,124,inf,inf,inf,116.9700816448377,inf
0,125,inf,inf,inf,1180.3156357517255,inf
0,126,inf,inf,inf,252.50742563338608,inf
0,127,inf,inf,inf,909.751614453088,inf
0,128,inf,inf,inf,1178.3284771234207,inf
0,129,inf,inf,inf,729.0816140872022,inf
0,130,inf,inf,inf,1168.4767862478056,inf
0,131,inf,inf,inf,743.2664394414697,inf
0,132,inf,inf,inf,408.794569435554,inf
0,133,inf,inf,inf,128.2692480682724,inf
0,134,inf,inf,inf,983.8683855069233,inf
0,135,inf,inf,inf,680.2940540677979,inf
0,136,inf,inf,inf,320.14059411452337,inf
0,137,inf,inf,inf,925.0783750580272,inf
0,138,inf,inf,inf,1025.3058080397282,inf
0,139,inf,inf,inf,889.3576333511733,inf
0,140,inf,inf,inf,146.75149062275312,inf
1,2,inf,inf,inf,890.3976639681845,inf
1,3,inf,inf,inf,834.550178239751,inf
1,4,inf,inf,inf,1143.8688736039635,inf
1,5,inf,inf,inf,129.9730741346068,inf
1,6,inf,inf,inf,1300.2538213748883,inf
1,7,inf,inf,inf,701.2959432365197,inf
1,8,inf,inf,inf,186.03494295427404,inf
1,9,inf,inf,inf,449.64986378292167,inf
1,10,inf,inf,inf,507.68494167150556,inf
1,11,inf,inf,inf,962.331543699987,inf
1,12,inf,inf,inf,909.83350125174,inf
1,13,inf,inf,inf,688.7350724335156,inf
1,14,inf,inf,inf,1023.3161779235194,inf
1,15,inf,inf,inf,352.94475488382034,inf
1,16,inf,inf,inf,937.9605535415656,inf
1,17,inf,inf,inf,1246.319381218153,inf
1,18,inf,inf,inf,1153.6624289626493,inf
1,19,inf,inf,inf,1099.734513416761,inf
1,20,inf,inf,inf,506.02964340046327,inf
1,21,inf,inf,inf,1038.0568385208971,inf
1,22,inf,inf,inf,897.1560622322072,inf
1,23,inf,inf,inf,593.0134905716733,inf
1,24,inf,inf,inf,1314.8764200486676,inf
1,25,inf,inf,inf,1312.171482695764,inf
1,26,inf,inf,inf,1298.358964231387,inf
1,27,inf,inf,inf,566.6339206224774,inf
1,28,inf,inf,inf,405.5317496818221,inf
1,29,inf,inf,inf,650.3229966716539,inf
1,30,inf,inf,inf,1264.3456805794845,inf
1,31,inf,inf,inf,290.2912330746487,inf
1,32,inf,inf,inf,872.0716713665225,inf
1,33,inf,inf,inf,1138.7607299165177,inf
1,34,inf,inf,inf,1268.9747830433826,inf
1,35,inf,inf,inf,990.9076647195742,inf
1,36,inf,inf,inf,1179.1318840570805,inf
1,37,inf,inf,inf,466.69904649570475,inf
1,38,inf,inf,inf,235.46761985462035,inf
1,39,inf,inf,inf,806.6944898782934,inf
1,40,inf,inf,inf,1224.4182292011174,inf
1,41,inf,inf,inf,532.2875162917124,inf
1,42,inf,inf,inf,1149.649076892597,inf
1,43,inf,inf,inf,487.40947877529015,inf
1,44,inf,inf,inf,758.2908413003549,inf
1,45,inf,inf,inf,828.0899709572626,inf
1,46,inf,inf,inf,47.634021455258214,inf
1,47,inf,inf,inf,271.28029784707917,inf
1,48,inf,inf,inf,554.6638621723972,inf
1,49,inf,inf,inf,1150.132166318289,inf
1,50,inf,inf,inf,1134.0864164604036,inf
1,51,inf,inf,inf,140.05713120009278,inf
1,52,inf,inf,inf,368.17930414405424,inf
1,53,inf,inf,inf,1060.7205098422487,inf
1,54,inf,inf,inf,748.4817967058384,inf
1,55,inf,inf,inf,598.746189967001,inf
1,56,inf,inf,inf,395.0620204474229,inf
1,57,inf,inf,inf,362.1380952067871,inf
1,58,inf,inf,inf,1320.2181637896065,inf
1,59,inf,inf,inf,756.8018234650336,inf
1,60,inf,inf,inf,358.0628436461957,inf
1,61,inf,inf,inf,587.3550885112004,inf
1,62,inf,inf,inf,318.86360720533787,inf
1,63,inf,inf,inf,1291.828161947246,inf
1,64,inf,inf,inf,315.5709112069742,inf
1,65,inf,inf,inf,250.16994223927063,inf
1,66,inf,inf,inf,543.3829220724552,inf
1,67,inf,inf,inf,506.2904304843219,inf
1,68,inf,inf,inf,174.9514218290323,inf
1,69,inf,inf,inf,811.3211448002572,inf
1,70,inf,inf,inf,756.0588601425156,inf
1,71,inf,inf,inf,1151.6336222948685,inf
1,72,inf,inf,inf,335.9345174286203,inf
1,73,inf,inf,inf,908.7133761533391,inf
1,74,inf,inf,inf,662.148019705564,inf
1,75,inf,inf,inf,119.82069938036582,inf
1,76,inf,inf,inf,942.3062134996245,inf
1,77,inf,inf,inf,880.5231399571506,inf
1,78,inf,inf,inf,438.8576078866584,inf
1,79,inf,inf,inf,1063.3625910290432,inf
1,80,inf,inf,inf,1055.280531422806,inf
1,81,inf,inf,inf,306.86967917994116,inf
1,82,inf,inf,inf,1073.5455276791945,inf
1,83,inf,inf,inf,666.3820225666356,inf
1,84,inf,inf,inf,433.9078243129524,inf
1,85,inf,inf,inf,521.5994631899079,inf
1,86,inf,inf,inf,1199.7187170332886,inf
1,87,inf,inf,inf,236.04448733236708,inf
1,88,inf,inf,inf,1041.2228387814014,inf
1,89,inf,inf,inf,974.3397764640423,inf
1,90,inf,inf,inf,376.06515392947534,inf
1,91,inf,inf,inf,500.0129998310044,inf
1,92,inf,inf,inf,824.3943231245592,inf
1,93,inf,inf,inf,746.0730527233911,inf
1,94,inf,inf,inf,892.7043183495865,inf
1,95,inf,inf,inf,843.9840045877647,inf
1,96,inf,inf,inf,474.0,inf
1,97,inf,inf,inf,609.4620578838358,inf
1,98,inf,inf,inf,582.8979327463771,inf
1,99,inf,inf,inf,974.1688765301425,inf
1,100,inf,inf,inf,893.3784192602819,inf
1,101,inf,inf,inf,1289.9891472411696,inf
1,102,inf,inf,inf,265.04527915056326,inf
1,103,inf,inf,inf,475.96008235985505,inf
1,104,inf,inf,inf,718.9603605206618,inf
1,105,inf,inf,inf,794.0812301018077,inf
1,106,inf,inf,inf,731.8640584152223,inf
1,107,inf,inf,inf,371.01212918178294,inf
1,108,inf,inf,inf,364.0879014743555,inf
1,109,inf,inf,inf,1139.2335142542113,inf
1,110,inf,inf,inf,339.988235090569,inf
1,111,inf,inf,inf,560.8029957123981,inf
1,112,inf,inf,inf,1319.405926923174,inf
1,113,inf,inf,inf,1030.66434885466,inf
1,114,inf,inf,inf,160.0781059358212,inf
1,115,inf,inf,inf,1111.3469305306962,inf
1,116,inf,inf,inf,810.2900715176016,inf
1,117,inf,inf,inf,164.40194646049662,inf
1,118,inf,inf,inf,1072.4196939631424,inf
1,119,inf,inf,inf,480.10415536631217,inf
1,120,inf,inf,inf,1306.6292511649967,inf
1,121,inf,inf,inf,992.9375609775269,inf
1,122,inf,inf,inf,1322.4719278684142,inf
1,123,inf,inf,inf,971.2363255150623,inf
1,124,inf,inf,inf,355.27594908746636,inf
1,125,inf,inf,inf,1266.675964878153,inf
1,126,inf,inf,inf,168.66831356244717,inf
1,127,inf,inf,inf,921.8161421888857,inf
1,128,inf,inf,inf,1261.033306459429,inf
1,129,inf,inf,inf,1036.4000192975684,inf
1,130,inf,inf,inf,1204.917009590287,inf
1,131,inf,inf,inf,840.2868557820002,inf
1,132,inf,inf,inf,666.6948327383376,inf
1,133,inf,inf,inf,280.8629559055448,inf
1,134,inf,inf,inf,1243.096939100085,inf
1,135,inf,inf,inf,977.4175157014529,inf
1,136,inf,inf,inf,391.50606636423913,inf
1,137,inf,inf,inf,1207.208764050361,inf
1,138,inf,inf,inf,918.7779927708325,inf
1,139,inf,inf,inf,769.4530524989813,inf
1,140,inf,inf,inf,339.1651515117672,inf
2,3,inf,inf,inf,1463.0276825815704,inf
2,4,inf,inf,inf,797.6590750439689,inf
2,5,inf,inf,inf,763.2044287083245,inf
2,6,inf,inf,inf,1055.5472514293238,inf
2,7,inf,inf,inf,449.94221851255526,inf
2,8,inf,inf,inf,930.8087880977489,inf
2,9,inf,inf,inf,1291.7387506767768,inf
2,10,inf,inf,inf,827.3572384405662,inf
2,11,inf,inf,inf,1001.0044954944009,inf
2,12,inf,inf,inf,957.6768766134014,inf
2,13,inf,inf,inf,1414.701381917753,inf
2,14,inf,inf,inf,222.17110523198104,inf
2,15,inf,inf,inf,723.9903314271538,inf
2,16,inf,inf,inf,231.36551169091732,inf
2,17,inf,inf,inf,1381.4919471354149,inf
2,18,inf,inf,inf,1451.704170965972,inf
2,19,inf,inf,inf,1479.5945390545344,inf
2,20,inf,inf,inf,513.0009746579435,inf
2,21,inf,inf,inf,1474.3276433683254,inf
2,22,inf,inf,inf,613.6358855216993,inf
2,23,inf,inf,inf,736.6444189702383,inf
2,24,inf,inf,inf,1219.3850909372313,inf
2,25,inf,inf,inf,1040.0740358262963,inf
2,26,inf,inf,inf,1134.7105357755343,inf
2,27,inf,inf,inf,691.8742660339377,inf
2,28,inf,inf,inf,558.5409564212816,inf
2,29,inf,inf,inf,796.8036144496334,inf
2,30,inf,inf,inf,765.235911337151,inf
2,31,inf,inf,inf,601.9509946831221,inf
2,32,inf,inf,inf,354.6956441796262,inf
2,33,inf,inf,inf,1454.2076880555956,inf
2,34,inf,inf,inf,1333.1755323287327,inf
2,35,inf,inf,inf,1412.2839657802533,inf
2,36,inf,inf,inf,1161.271716696829,inf
2,37,inf,inf,inf,1228.0879447336008,inf
2,38,inf,inf,inf,827.1015657100402,inf
2,39,inf,inf,inf,1259.9317441829935,inf
2,40,inf,inf,inf,1391.7269847207822,inf
2,41,inf,inf,inf,1339.4513802299805,inf
2,42,inf,inf,inf,1404.35928451376,inf
2,43,inf,inf,inf,439.6089171070123,inf
2,44,inf,inf,inf,189.274932307477,inf
2,45,inf,inf,inf,560.5863002250412,inf
2,46,inf,inf,inf,931.4853729393715,inf
2,47,inf,inf,inf,638.0634764660958,inf
2,48,inf,inf,inf,813.4199407440169,inf
2,49,inf,inf,inf,1399.6356668790631,inf
2,50,inf,inf,inf,438.5430423573039,inf
2,51,inf,inf,inf,752.6220831200743,inf
2,52,inf,inf,inf,522.474879778923,inf
2,53,inf,inf,inf,1481.6261336788036,inf
2,54,inf,inf,inf,1242.782764605303,inf
2,55,inf,inf,inf,811.865136583657,inf
2,56,inf,inf,inf,503.7955934702089,inf
2,57,inf,inf,inf,536.4923112216986,inf
2,58,inf,inf,inf,1091.0728664942594,inf
2,59,inf,inf,inf,1292.0251545538888,inf
2,60,inf,inf,inf,853.8413201526382,inf
2,61,inf,inf,inf,393.92638906272833,inf
2,62,inf,inf,inf,577.7283098481499,inf
2,63,inf,inf,inf,1291.0600295880902,inf
2,64,inf,inf,inf,771.0804108522016,inf
2,65,inf,inf,inf,722.7703646387281,inf
2,66,inf,inf,inf,417.16783193338387,inf
2,67,inf,inf,inf,576.0156247880781,inf
2,68,inf,inf,inf,851.46931829632,inf
2,69,inf,inf,inf,1436.2485857260226,inf
2,70,inf,inf,inf,1352.6525791939332,inf
2,71,inf,inf,inf,1137.901577466171,inf
2,72,inf,inf,inf,566.0565342790418,inf
2,73,inf,inf,inf,923.7185718604991,inf
2,74,inf,inf,inf,1403.8233507104803,inf
2,75,inf,inf,inf,770.6056060008907,inf
2,76,inf,inf,inf,1485.3905210415205,inf
2,77,inf,inf,inf,70.51950084905593,inf
2,78,inf,inf,inf,889.2806081322138,inf
2,79,inf,inf,inf,818.6159050494927,inf
2,80,inf,inf,inf,323.7854227725516,inf
2,81,inf,inf,inf,623.3498215288106,inf
2,82,inf,inf,inf,384.06770236509084,inf
2,83,inf,inf,inf,1267.2036142625225,inf
2,84,inf,inf,inf,708.3417254404826,inf
2,85,inf,inf,inf,389.7819903484511,inf
2,86,inf,inf,inf,688.0065406665841,inf
2,87,inf,inf,inf,1126.439079577764,inf
2,88,inf,inf,inf,812.6924387491248,inf
2,89,inf,inf,inf,772.3380089054274,inf
2,90,inf,inf,inf,911.120738431521,inf
2,91,inf,inf,inf,831.024067040179,inf
2,92,inf,inf,inf,503.60500394654537,inf
2,93,inf,inf,inf,1047.4220734737262,inf
2,94,inf,inf,inf,608.313241677345,inf
2,95,inf,inf,inf,994.8994924111681,inf
2,96,inf,inf,inf,949.6462499267819,inf
2,97,inf,inf,inf,604.2681523959376,inf
2,98,inf,inf,inf,419.86902719776793,inf
2,99,inf,inf,inf,1485.3770565078753,inf
2,100,inf,inf,inf,1377.066810289174,inf
2,101,inf,inf,inf,1250.4719109200335,inf
2,102,inf,inf,inf,678.5609773631254,inf
2,103,inf,inf,inf,495.63091106185055,inf
2,104,inf,inf,inf,886.0158012134998,inf
2,105,inf,inf,inf,1302.0142088318391,inf
2,106,inf,inf,inf,738.9539904486611,inf
2,107,inf,inf,inf,1239.177953322282,inf
2,108,inf,inf,inf,674.50129725598,inf
2,109,inf,inf,inf,1380.7537796435684,inf
2,110,inf,inf,inf,669.1487129181374,inf
2,111,inf,inf,inf,781.0172853400877,inf
2,112,inf,inf,inf,1062.8602918540141,inf
2,113,inf,inf,inf,443.45123745458193,inf
2,114,inf,inf,inf,980.8919410414177,inf
2,115,inf,inf,inf,1476.2181410618148,inf
2,116,inf,inf,inf,1332.0908377434325,inf
2,117,inf,inf,inf,781.6009211867653,inf
2,118,inf,inf,inf,1316.9069822884226,inf
2,119,inf,inf,inf,533.1903975129335,inf
2,120,inf,inf,inf,1057.9413972427774,inf
2,121,inf,inf,inf,784.112874527641,inf
2,122,inf,inf,inf,1075.4068997360953,inf
2,123,inf,inf,inf,961.4593075112435,inf
2,124,inf,inf,inf,544.2655601817921,inf
2,125,inf,inf,inf,1352.4984288345772,inf
2,126,inf,inf,inf,783.6000255232257,inf
2,127,inf,inf,inf,1243.1110167639895,inf
2,128,inf,inf,inf,1357.3595691636024,inf
2,129,inf,inf,inf,258.44341740504825,inf
2,130,inf,inf,inf,1426.101328798203,inf
2,131,inf,inf,inf,991.367742061441,inf
2,132,inf,inf,inf,315.3696244092002,inf
2,133,inf,inf,inf,625.347903170707,inf
2,134,inf,inf,inf,759.0164688595366,inf
2,135,inf,inf,inf,358.25828671504587,inf
2,136,inf,inf,inf,782.0390015849594,inf
2,137,inf,inf,inf,611.3894012820307,inf
2,138,inf,inf,inf,1481.0742722767147,inf
2,139,inf,inf,inf,1370.629782253399,inf
2,140,inf,inf,inf,638.6900656813131,inf
3,4,inf,inf,inf,1189.155162289598,inf
3,5,inf,inf,inf,877.2371401166278,inf
3,6,inf,inf,inf,1173.1538688509704,inf
3,7,inf,inf,inf,1052.3925123260808,inf
3,8,inf,inf,inf,661.734841156184,inf
3,9,inf,inf,inf,507.21297302020974,inf
3,10,inf,inf,inf,638.7879147260066,inf
3,11,inf,inf,inf,778.1516561699268,inf
3,12,inf,inf,inf,763.8488070292445,inf
3,13,inf,inf,inf,203.8872237291979,inf
3,14,inf,inf,inf,1481.1866864105955,inf
3,15,inf,inf,inf,754.5965809623046,inf
3,16,inf,inf,inf,1376.6466503791014,inf
3,17,inf,inf,inf,772.1929810610817,inf
3,18,inf,inf,inf,550.6877518158543,inf
3,19,inf,inf,inf,432.03009154455896,inf
3,20,inf,inf,inf,1283.3471860724205,inf
3,21,inf,inf,inf,336.3628992620916,inf
3,22,inf,inf,inf,1065.3173236177097,inf
3,23,inf,inf,inf,751.1224933391358,inf
3,24,inf,inf,inf,1039.5508645564198,inf
3,25,inf,inf,inf,1204.7970783497112,inf
3,26,inf,inf,inf,1096.1870278378594,inf
3,27,inf,inf,inf,786.0203559705054,inf
3,28,inf,inf,inf,923.4554672532943,inf
3,29,inf,inf,inf,716.7998325892662,inf
3,30,inf,inf,inf,1379.7072153178008,inf
3,31,inf,inf,inf,1016.0831658875173,inf
3,32,inf,inf,inf,1236.1201397922453,inf
3,33,inf,inf,inf,523.9408363546403,inf
3,34,inf,inf,inf,856.9043120442328,inf
3,35,inf,inf,inf,336.0952246016001,inf
3,36,inf,inf,inf,897.8919756852714,inf
3,37,inf,inf,inf,386.1217424595512,inf
3,38,inf,inf,inf,1069.7761448078752,inf
3,39,inf,inf,inf,289.6653241242382,inf
3,40,inf,inf,inf,727.303237996367,inf
3,41,inf,inf,inf,404.40079129497263,inf
3,42,inf,inf,inf,596.560977604134,inf
3,43,inf,inf,inf,1041.4269057403885,inf
3,44,inf,inf,inf,1416.1655976615164,inf
3,45,inf,inf,inf,1047.7828973599444,inf
3,46,inf,inf,inf,840.1862888669393,inf
3,47,inf,inf,inf,1041.5877303424807,inf
3,48,inf,inf,inf,662.3971618296684,inf
3,49,inf,inf,inf,602.5363059600642,inf
3,50,inf,inf,inf,1466.386715706331,inf
3,51,inf,inf,inf,922.9485359433645,inf
3,52,inf,inf,inf,1056.8680144653824,inf
3,53,inf,inf,inf,365.39567594595314,inf
3,54,inf,inf,inf,258.3118270617898,inf
3,55,inf,inf,inf,678.3782130935515,inf
3,56,inf,inf,inf,1108.873302050329,inf
3,57,inf,inf,inf,1085.4206557828168,inf
3,58,inf,inf,inf,1169.4075423050767,inf
3,59,inf,inf,inf,195.5019181491578,inf
3,60,inf,inf,inf,625.479815821422,inf
3,61,inf,inf,inf,1069.1024272725228,inf
3,62,inf,inf,inf,976.165969494942,inf
3,63,inf,inf,inf,934.2601350801606,inf
3,64,inf,inf,inf,718.9304556074948,inf
3,65,inf,inf,inf,1070.1182177684857,inf
3,66,inf,inf,inf,1048.5785616728963,inf
3,67,inf,inf,inf,887.265461967274,inf
3,68,inf,inf,inf,720.0347213850176,inf
3,69,1.0,30.7279,30.72792206135786,26.832815729997478,1.1451620422751938
3,70,inf,inf,inf,112.05802068571441,inf
3,71,inf,inf,inf,882.6471548699401,inf
3,72,inf,inf,inf,972.2149967985476,inf
3,73,inf,inf,inf,797.020702366005,inf
3,74,inf,inf,inf,239.60383970212163,inf
3,75,inf,inf,inf,895.5986824465521,inf
3,76,inf,inf,inf,160.96272860510285,inf
3,77,inf,inf,inf,1417.6180726838948,inf
3,78,inf,inf,inf,575.5640711510753,inf
3,79,inf,inf,inf,1070.540984736222,inf
3,80,inf,inf,inf,1448.9737747799302,inf
3,81,inf,inf,inf,898.0673694105582,inf
3,82,inf,inf,inf,1428.1015370063853,inf
3,83,inf,inf,inf,196.88829320200833,inf
3,84,inf,inf,inf,755.6361558316278,inf
3,85,inf,inf,inf,1219.7212796372785,inf
3,86,inf,inf,inf,1355.0605152538392,inf
3,87,inf,inf,inf,759.9585515013302,inf
3,88,inf,inf,inf,1049.3793403722032,inf
3,89,inf,inf,inf,1009.1600467715713,inf
3,90,inf,inf,inf,568.5710157931021,inf
3,91,inf,inf,inf,634.1332667507675,inf
3,92,inf,inf,inf,1089.557708430352,inf
3,93,inf,inf,inf,507.67016851495225,inf
3,94,inf,inf,inf,1065.4806427148267,inf
3,95,inf,inf,inf,656.4091711729811,inf
3,96,inf,inf,inf,513.9902722814898,inf
3,97,inf,inf,inf,881.6677378695446,inf
3,98,inf,inf,inf,1330.0827041954947,inf
3,99,inf,inf,inf,215.60380330597138,inf
3,100,inf,inf,inf,231.79516819813134,inf
3,101,inf,inf,inf,971.7046876494936,inf
3,102,inf,inf,inf,851.1903429903326,inf
3,103,inf,inf,inf,1237.8852935551015,inf
3,104,inf,inf,inf,667.0067465925663,inf
3,105,inf,inf,inf,214.9720912118594,inf
3,106,inf,inf,inf,821.7110197630308,inf
3,107,inf,inf,inf,601.770720457551,inf
3,108,inf,inf,inf,1182.4322390733432,inf
3,109,inf,inf,inf,606.439609524312,inf
3,110,inf,inf,inf,818.6586590270697,inf
3,111,inf,inf,inf,696.8170491599642,inf
3,112,inf,inf,inf,1194.391058238465,inf
3,113,inf,inf,inf,1333.1590302735829,inf
3,114,inf,inf,inf,933.0042872355947,inf
3,115,inf,inf,inf,454.8516241589119,inf
3,116,inf,inf,inf,187.275198571514,inf
3,117,inf,inf,inf,991.0045408574069,inf
3,118,inf,inf,inf,576.9454046961463,inf
3,119,inf,inf,inf,931.803627380791,inf
3,120,inf,inf,inf,1180.231333256324,inf
3,121,inf,inf,inf,1019.24923350474,inf
3,122,inf,inf,inf,1187.2868229707597,inf
3,123,inf,inf,inf,828.4696735548018,inf
3,124,inf,inf,inf,1082.7044841506845,inf
3,125,inf,inf,inf,833.6630014580232,inf
3,126,inf,inf,inf,996.6007224560898,inf
3,127,inf,inf,inf,453.3486517019765,inf
3,128,inf,inf,inf,819.9542670173746,inf
3,129,inf,inf,inf,1472.008491823332,inf
3,130,inf,inf,inf,660.1855799697537,inf
3,131,inf,inf,inf,656.5972890592833,inf
3,132,inf,inf,inf,1376.1584211129182,inf
3,133,inf,inf,inf,1043.7135622382225,inf
3,134,inf,inf,inf,1355.1044240205254,inf
3,135,inf,inf,inf,1334.2732104033266,inf
3,136,inf,inf,inf,686.8369529953961,inf
3,137,inf,inf,inf,1428.4288571714028,inf
3,138,inf,inf,inf,125.57467897629681,inf
3,139,inf,inf,inf,94.14881836751856,inf
3,140,inf,inf,inf,855.1286452926249,inf
4,5,inf,inf,inf,1037.3297450666303,inf
4,6,inf,inf,inf,259.3838853899756,inf
4,7,inf,inf,inf,493.96761027419603,inf
4,8,inf,inf,inf,1041.8296405842943,inf
4,9,inf,inf,inf,1321.5585495921096,inf
4,10,inf,inf,inf,700.0714249274855,inf
4,11,inf,inf,inf,427.5160815688692,inf
4,12,inf,inf,inf,428.3514911845178,inf
4,13,inf,inf,inf,1258.6500705120545,inf
4,14,inf,inf,inf,631.8006014558707,inf
4,15,inf,inf,inf,795.0056603572077,inf
4,16,inf,inf,inf,570.7696558157239,inf
4,17,inf,inf,inf,717.7994148785579,inf
4,18,inf,inf,inf,889.1349728809457,inf
4,19,inf,inf,inf,974.9358953285083,inf
4,20,inf,inf,inf,1110.1576464628797,inf
4,21,inf,inf,inf,1019.0711457008289,inf
4,22,inf,inf,inf,255.9785147234041,inf
4,23,inf,inf,inf,574.0078396677175,inf
4,24,inf,inf,inf,454.2774482626229,inf
4,25,inf,inf,inf,242.42524621004307,inf
4,26,inf,inf,inf,353.34402499547093,inf
4,27,inf,inf,inf,585.4861228073643,inf
4,28,inf,inf,inf,766.344570020562,inf
4,29,inf,inf,inf,548.0912332814675,inf
4,30,inf,inf,inf,195.4328529188478,inf
4,31,inf,inf,inf,979.7065887295032,inf
4,32,inf,inf,inf,451.8639175681103,inf
4,33,inf,inf,inf,904.6833700251154,inf
4,34,inf,inf,inf,634.319320216561,inf
4,35,inf,inf,inf,964.6854409599017,inf
4,36,inf,inf,inf,455.84646538061475,inf
4,37,inf,inf,inf,1179.737258884367,inf
4,38,inf,inf,inf,1247.6493898527742,inf
4,39,inf,inf,inf,903.4777252373187,inf
4,40,inf,inf,inf,747.831531830532,inf
4,41,inf,inf,inf,1304.886968284993,inf
4,42,inf,inf,inf,821.9884427411373,inf
4,43,inf,inf,inf,753.5436284648687,inf
4,44,inf,inf,inf,922.4668015706582,inf
4,45,inf,inf,inf,332.6153935102824,inf
4,46,inf,inf,inf,1190.3566692382583,inf
4,47,inf,inf,inf,1044.7128792161031,inf
4,48,inf,inf,inf,648.6724905528213,inf
4,49,inf,inf,inf,814.6655755584619,inf
4,50,inf,inf,inf,456.3551248753541,inf
4,51,inf,inf,inf,1066.5702039715904,inf
4,52,inf,inf,inf,924.7702417357514,inf
4,53,inf,inf,inf,1010.9104807053886,inf
4,54,inf,inf,inf,931.7494298361551,inf
4,55,inf,inf,inf,606.5649182074413,inf
4,56,inf,inf,inf,958.8378382187469,inf
4,57,inf,inf,inf,972.8494230866357,inf
4,58,inf,inf,inf,295.6552045880471,inf
4,59,inf,inf,inf,994.8994924111681,inf
4,60,inf,inf,inf,846.4779973513783,inf
4,61,inf,inf,inf,652.3756586507501,inf
4,62,inf,inf,inf,901.1381692060324,inf
4,63,inf,inf,inf,562.0889609305631,inf
4,64,inf,inf,inf,841.114142075854,inf
4,65,inf,inf,inf,1152.1827112051283,inf
4,66,inf,inf,inf,689.7050094061954,inf
4,67,inf,inf,inf,643.8027648278625,inf
4,68,inf,inf,inf,992.0987854039536,inf
4,69,inf,inf,inf,1167.7200006850958,inf
4,70,inf,inf,inf,1087.2593986717245,inf
4,71,inf,inf,inf,443.7657039474772,inf
4,72,inf,inf,inf,877.4371772383479,inf
4,73,inf,inf,inf,392.9427439207906,inf
4,74,inf,inf,inf,1268.9602042617412,inf
4,75,inf,inf,inf,1062.8099547896604,inf
4,76,inf,inf,inf,1122.2998708010261,inf
4,77,inf,inf,inf,727.4867696391461,inf
4,78,inf,inf,inf,803.512289887342,inf
4,79,inf,inf,inf,118.82760622010359,inf
4,80,inf,inf,inf,529.4534918196309,inf
4,81,inf,inf,inf,861.4435558990502,inf
4,82,inf,inf,inf,468.5466892423849,inf
4,83,inf,inf,inf,1042.4034727493956,inf
4,84,inf,inf,inf,716.1508221038359,inf
4,85,inf,inf,inf,943.3186100146652,inf
4,86,inf,inf,inf,200.35218990567586,inf
4,87,inf,inf,inf,1323.0120936711048,inf
4,88,inf,inf,inf,139.83204210766573,inf
4,89,inf,inf,inf,190.07893097342483,inf
4,90,inf,inf,inf,873.6000228937726,inf
4,91,inf,inf,inf,709.2622928085209,inf
4,92,inf,inf,inf,362.60446770551516,inf
4,93,inf,inf,inf,683.7989470597333,inf
4,94,inf,inf,inf,261.45171638373307,inf
4,95,inf,inf,inf,533.3001031314358,inf
4,96,inf,inf,inf,824.5677655596294,inf
4,97,inf,inf,inf,534.812116541875,inf
4,98,inf,inf,inf,1060.6837417439754,inf
4,99,inf,inf,inf,1093.016468311434,inf
4,100,inf,inf,inf,997.5174183942855,inf
4,101,inf,inf,inf,508.0354318352215,inf
4,102,inf,inf,inf,887.0315665183512,inf
4,103,inf,inf,inf,1062.5864670698568,inf
4,104,inf,inf,inf,546.0,inf
4,105,inf,inf,inf,975.4470769857276,inf
4,106,inf,inf,inf,436.8077380266975,inf
4,107,inf,inf,inf,1329.800736952721,inf
4,108,inf,inf,inf,1185.1767800627888,inf
4,109,inf,inf,inf,795.4401297395046,inf
4,110,inf,inf,inf,804.8080516495843,inf
4,111,inf,inf,inf,624.832777629343,inf
4,112,inf,inf,inf,265.39781461044475,inf
4,113,inf,inf,inf,369.5416079415145,inf
4,114,inf,inf,inf,1298.6889542919814,inf
4,115,inf,inf,inf,960.1874816930285,inf
4,116,inf,inf,inf,1005.2233582642218,inf
4,117,inf,inf,inf,1151.2949231191806,inf
4,118,inf,inf,inf,755.8306688670419,inf
4,119,inf,inf,inf,687.3136110975834,inf
4,120,inf,inf,inf,261.20490041344937,inf
4,121,inf,inf,inf,175.55910685578235,inf
4,122,inf,inf,inf,278.3522947633089,inf
4,123,inf,inf,inf,372.19349806249977,inf
4,124,inf,inf,inf,979.0796698941307,inf
4,125,inf,inf,inf,662.9690792186315,inf
4,126,inf,inf,inf,1157.3681350374218,inf
4,127,inf,inf,inf,778.2319705589073,inf
4,128,inf,inf,inf,673.5317364460267,inf
4,129,inf,inf,inf,596.5911497835012,inf
4,130,inf,inf,inf,812.0498753155498,inf
4,131,inf,inf,inf,532.8883560371722,inf
4,132,inf,inf,inf,1002.1027891389186,inf
4,133,inf,inf,inf,1032.8523611823714,inf
4,134,inf,inf,inf,172.0523176246109,inf
4,135,inf,inf,inf,445.5973518772301,inf
4,136,inf,inf,inf,778.8741875296677,inf
4,137,inf,inf,inf,309.2458568841303,inf
4,138,inf,inf,inf,1137.3324052360417,inf
4,139,inf,inf,inf,1102.6196080244538,inf
4,140,inf,inf,inf,811.8158658218008,inf
5,6,inf,inf,inf,1208.0682927715634,inf
5,7,inf,inf,inf,579.9180976655238,inf
5,8,inf,inf,inf,218.96118377465902,inf
5,9,inf,inf,inf,550.9718686103674,inf
5,10,inf,inf,inf,446.323873437216,inf
5,11,inf,inf,inf,892.7356831671959,inf
5,12,inf,inf,inf,838.6369894060242,inf
5,13,inf,inf,inf,754.422295534802,inf
5,14,inf,inf,inf,893.344838234374,inf
5,15,inf,inf,inf,267.36678926149375,inf
5,16,inf,inf,inf,808.2307838730222,inf
5,17,inf,inf,inf,1202.9185342324724,inf
5,18,inf,inf,inf,1135.0718038961236,inf
5,19,inf,inf,inf,1094.9488572531595,inf
5,20,inf,inf,inf,415.4912754800033,inf
5,21,inf,inf,inf,1042.700819986251,inf
5,22,inf,inf,inf,786.2277023865288,inf
5,23,inf,inf,inf,508.12793664588054,inf
5,24,inf,inf,inf,1240.6115427481723,inf
5,25,inf,inf,inf,1217.394348598678,inf
5,26,inf,inf,inf,1215.266637409256,inf
5,27,inf,inf,inf,474.4986828221971,inf
5,28,inf,inf,inf,282.60396317107796,inf
5,29,inf,inf,inf,573.3489338962793,inf
5,30,inf,inf,inf,1148.611770791158,inf
5,31,inf,inf,inf,169.49926253526885,inf
5,32,inf,inf,inf,745.5467792164352,inf
5,33,inf,inf,inf,1122.9002627125883,inf
5,34,inf,inf,inf,1215.3847127555948,inf
5,35,inf,inf,inf,990.7699026514683,inf
5,36,inf,inf,inf,1110.8937843016315,inf
5,37,inf,inf,inf,536.1911972421777,inf
5,38,inf,inf,inf,244.00819658363937,inf
5,39,inf,inf,inf,805.3154661373393,inf
5,40,inf,inf,inf,1185.4977857423437,inf
5,41,inf,inf,inf,621.2157435223289,inf
5,42,inf,inf,inf,1123.1322273000628,inf
5,43,inf,inf,inf,357.94552658190884,inf
5,44,inf,inf,inf,638.1175440308783,inf
5,45,inf,inf,inf,714.5809961089086,inf
5,46,inf,inf,inf,175.45369759569047,inf
5,47,inf,inf,inf,169.81166037701888,inf
5,48,inf,inf,inf,486.89321211123905,inf
5,49,inf,inf,inf,1122.7132314175335,inf
5,50,inf,inf,inf,1006.3086007781112,inf
5,51,inf,inf,inf,49.040799340956916,inf
5,52,inf,inf,inf,243.00823031329617,inf
5,53,inf,inf,inf,1062.928501828792,inf
5,54,inf,inf,inf,753.5847663003811,inf
5,55,inf,inf,inf,527.7954149099819,inf
5,56,inf,inf,inf,276.3783638420345,inf
5,57,inf,inf,inf,244.59149617270018,inf
5,58,inf,inf,inf,1230.2377818942157,inf
5,59,inf,inf,inf,772.4467619195514,inf
5,60,inf,inf,inf,317.3168763239674,inf
5,61,inf,inf,inf,459.46164148925425,inf
5,62,inf,inf,inf,189.01058171435798,inf
5,63,inf,inf,inf,1229.5564240814651,inf
5,64,inf,inf,inf,246.07315985291854,inf
5,65,inf,inf,inf,199.96499693696396,inf
5,66,inf,inf,inf,415.1457575358322,inf
5,67,inf,inf,inf,394.01142115426046,inf
5,68,inf,inf,inf,158.68522300453813,inf
5,69,inf,inf,inf,852.3010031673083,inf
5,70,inf,inf,inf,787.4426963278027,inf
5,71,inf,inf,inf,1082.9759923470142,inf
5,72,inf,inf,inf,205.9927183179056,inf
5,73,inf,inf,inf,832.6758072623462,inf
5,74,inf,inf,inf,731.9624307298839,inf
5,75,inf,inf,inf,28.284271247461902,inf
5,76,inf,inf,inf,967.3985734949168,inf
5,77,inf,inf,inf,751.5171322065785,inf
5,78,inf,inf,inf,400.7056276120913,inf
5,79,inf,inf,inf,963.618700524227,inf
5,80,inf,inf,inf,926.002159824695,inf
5,81,inf,inf,inf,182.7840255602223,inf
5,82,inf,inf,inf,945.3533730833143,inf
5,83,inf,inf,inf,694.603484010842,inf
5,84,inf,inf,inf,345.88003700705247,inf
5,85,inf,inf,inf,403.6000495540108,inf
5,86,inf,inf,inf,1081.8816940867425,inf
5,87,inf,inf,inf,364.3871567440323,inf
5,88,inf,inf,inf,942.2398845304734,inf
5,89,inf,inf,inf,875.1211344722512,inf
5,90,inf,inf,inf,353.57036074874827,inf
5,91,inf,inf,inf,440.1136216933077,inf
5,92,inf,inf,inf,706.4792990597814,inf
5,93,inf,inf,inf,707.8827586542845,inf
5,94,inf,inf,inf,781.4665699823634,inf
5,95,inf,inf,inf,784.9292961789616,inf
5,96,inf,inf,inf,449.16923314047233,inf
5,97,inf,inf,inf,503.3974572840034,inf
5,98,inf,inf,inf,480.4674806893803,inf
5,99,inf,inf,inf,992.9773411312062,inf
5,100,inf,inf,inf,902.9828348313162,inf
5,101,inf,inf,inf,1222.348968175619,inf
5,102,inf,inf,inf,150.33296378372907,inf
5,103,inf,inf,inf,377.068959210381,inf
5,104,inf,inf,inf,652.7978247512777,inf
5,105,inf,inf,inf,804.8863273779721,inf
5,106,inf,inf,inf,641.4265351542607,inf
5,107,inf,inf,inf,483.61244814417256,inf
5,108,inf,inf,inf,307.31905245200795,inf
5,109,inf,inf,inf,1110.04144066787,inf
5,110,inf,inf,inf,235.69683918118207,inf
5,111,inf,inf,inf,485.85285838409965,inf
5,112,inf,inf,inf,1226.4440468280645,inf
5,113,inf,inf,inf,905.3452380169678,inf
5,114,inf,inf,inf,264.4919658515169,inf
5,115,inf,inf,inf,1104.0004528984578,inf
5,116,inf,inf,inf,825.2084585121507,inf
5,117,inf,inf,inf,140.28898745090436,inf
5,118,inf,inf,inf,1041.3015893582417,inf
5,119,inf,inf,inf,359.9180462271932,inf
5,120,inf,inf,inf,1214.1816173867894,inf
5,121,inf,inf,inf,893.8836613340687,inf
5,122,inf,inf,inf,1230.6002600357274,inf
5,123,inf,inf,inf,895.2212017149728,inf
5,124,inf,inf,inf,238.66294224282078,inf
5,125,inf,inf,inf,1216.2569629810964,inf
5,126,inf,inf,inf,147.27525250360293,inf
5,127,inf,inf,inf,898.4174976034249,inf
5,128,inf,inf,inf,1212.0412534233312,inf
5,129,inf,inf,inf,906.4976558160533,inf
5,130,inf,inf,inf,1174.3696181356192,inf
5,131,inf,inf,inf,781.0102432106764,inf
5,132,inf,inf,inf,554.7476903962738,inf
5,133,inf,inf,inf,175.35392781457733,inf
5,134,inf,inf,inf,1128.0234926631626,inf
5,135,inf,inf,inf,849.9470571747396,inf
5,136,inf,inf,inf,324.39482116704636,inf
5,137,inf,inf,inf,1084.5257027844016,inf
5,138,inf,inf,inf,947.6507795596435,inf
5,139,inf,inf,inf,802.6063792420292,inf
5,140,inf,inf,inf,225.53491969094276,inf
6,7,inf,inf,inf,716.8626088728579,inf
6,8,inf,inf,inf,1171.1195498325524,inf
6,9,inf,inf,inf,1401.6779230622133,inf
6,10,inf,inf,inf,811.6772757691323,inf
6,11,inf,inf,inf,405.77087130546965,inf
6,12,inf,inf,inf,438.41190677261494,inf
6,13,inf,inf,inf,1281.4523011021518,inf
6,14,inf,inf,inf,890.5211957050769,inf
6,15,inf,inf,inf,947.7605182745269,inf
6,16,inf,inf,inf,829.8686643077928,inf
6,17,inf,inf,inf,551.1478930377943,inf
6,18,inf,inf,inf,767.0,inf
6,19,inf,inf,inf,875.1342754114936,inf
6,20,inf,inf,inf,1337.105081883993,inf
6,21,inf,inf,inf,939.5413774815881,inf
6,22,inf,inf,inf,477.33950182234025,inf
6,23,inf,inf,inf,707.6192479010164,inf
6,24,inf,inf,inf,228.98034850178738,inf
6,25,inf,inf,inf,37.656340767525464,inf
6,26,inf,inf,inf,119.01260437449471,inf
6,27,inf,inf,inf,734.7829611524753,inf
6,28,inf,inf,inf,957.1060547295687,inf
6,29,inf,inf,inf,657.3796467795455,inf
6,30,inf,inf,inf,382.2800020927069,inf
6,31,inf,inf,inf,1177.6013756785444,inf
6,32,inf,inf,inf,705.8873847859869,inf
6,33,inf,inf,inf,788.2055569456485,inf
6,34,inf,inf,inf,451.12415142619,inf
6,35,inf,inf,inf,894.7591854795345,inf
6,36,inf,inf,inf,302.105941682715,inf
6,37,inf,inf,inf,1246.6996430576212,inf
6,38,inf,inf,inf,1434.8257733955018,inf
6,39,inf,inf,inf,884.5699520105801,inf
6,40,inf,inf,inf,591.435541711859,inf
6,41,inf,inf,inf,1365.7415568108045,inf
6,42,inf,inf,inf,696.0064654872108,inf
6,43,inf,inf,inf,967.0594604262966,inf
6,44,inf,inf,inf,1173.381864526634,inf
6,45,inf,inf,inf,552.4499977373517,inf
6,46,inf,inf,inf,1344.358955041398,inf
6,47,inf,inf,inf,1242.6041203858936,inf
6,48,inf,inf,inf,759.794709115561,inf
6,49,inf,inf,inf,688.0116278087166,inf
6,50,inf,inf,inf,706.385164057117,inf
6,51,inf,inf,inf,1243.5384996050584,inf
6,52,inf,inf,inf,1132.3956905605037,inf
6,53,inf,inf,inf,924.6253295254246,inf
6,54,inf,inf,inf,928.9246471054581,inf
6,55,inf,inf,inf,714.3451546696457,inf
6,56,inf,inf,inf,1172.4035141537233,inf
6,57,inf,inf,inf,1182.0541442759718,inf
6,58,inf,inf,inf,36.71511950137164,inf
6,59,inf,inf,inf,989.7034909506988,inf
6,60,inf,inf,inf,968.010847046664,inf
6,61,inf,inf,inf,874.6210608029056,inf
6,62,inf,inf,inf,1096.6175267612678,inf
6,63,inf,inf,inf,361.78446622263925,inf
6,64,inf,inf,inf,985.8280783179184,inf
6,65,inf,inf,inf,1346.9183345696947,inf
6,66,inf,inf,inf,906.9536923128986,inf
6,67,inf,inf,inf,827.2520776643598,inf
6,68,inf,inf,inf,1134.9801760383307,inf
6,69,inf,inf,inf,1155.7897732719389,inf
6,70,inf,inf,inf,1084.5298520557192,inf
6,71,inf,inf,inf,306.1241578183597,inf
6,72,inf,inf,inf,1073.3610762460132,inf
6,73,inf,inf,inf,420.0809445809224,inf
6,74,inf,inf,inf,1298.4991336154214,inf
6,75,inf,inf,inf,1235.2736538921245,inf
6,76,inf,inf,inf,1075.1246439366926,inf
6,77,inf,inf,inf,985.1847542466337,inf
6,78,inf,inf,inf,907.6827639654726,inf
6,79,inf,inf,inf,259.73832986296037,inf
6,80,inf,inf,inf,786.7102389062951,inf
6,81,inf,inf,inf,1044.2820500228854,inf
6,82,inf,inf,inf,724.5412341613139,inf
6,83,inf,inf,inf,1060.7190957081898,inf
6,84,inf,inf,inf,866.7779415744266,inf
6,85,inf,inf,inf,1173.0174764256499,inf
6,86,inf,inf,inf,427.6037885706814,inf
6,87,inf,inf,inf,1451.3886454013618,inf
6,88,inf,inf,inf,276.3783638420345,inf
6,89,inf,inf,inf,340.76678241870934,inf
6,90,inf,inf,inf,981.39951090267,inf
6,91,inf,inf,inf,820.6515704000084,inf
6,92,inf,inf,inf,595.0075629771441,inf
6,93,inf,inf,inf,702.3425090367235,inf
6,94,inf,inf,inf,483.335287352372,inf
6,95,inf,inf,inf,543.4712503895676,inf
6,96,inf,inf,inf,911.4954744813602,inf
6,97,inf,inf,inf,712.1629027125746,inf
6,98,inf,inf,inf,1296.1674274568081,inf
6,99,inf,inf,inf,1035.6278289038007,inf
6,100,inf,inf,inf,955.962865387563,inf
6,101,inf,inf,inf,301.7614952242913,inf
6,102,inf,inf,inf,1059.7853556263174,inf
6,103,inf,inf,inf,1287.1091639794972,inf
6,104,inf,inf,inf,615.7694373708393,inf
6,105,inf,inf,inf,960.1171803483156,inf
6,106,inf,inf,inf,568.4936235350402,inf
6,107,inf,inf,inf,1427.751378917212,inf
6,108,inf,inf,inf,1393.7072863410021,inf
6,109,inf,inf,inf,671.026825097179,inf
6,110,inf,inf,inf,972.5039845676727,inf
6,111,inf,inf,inf,745.5467792164352,inf
6,112,inf,inf,inf,21.633307652783937,inf
6,113,inf,inf,inf,628.3128201779747,inf
6,114,inf,inf,inf,1459.5564394705673,inf
6,115,inf,inf,inf,855.9672890946242,inf
6,116,inf,inf,inf,986.1125696389839,inf
6,117,inf,inf,inf,1333.7016158046747,inf
6,118,inf,inf,inf,651.987729945894,inf
6,119,inf,inf,inf,881.3081186509063,inf
6,120,inf,inf,inf,7.211102550927978,inf
6,121,inf,inf,inf,322.37400639629743,inf
6,122,inf,inf,inf,22.80350850198276,inf
6,123,inf,inf,inf,366.7151483099655,inf
6,124,inf,inf,inf,1187.4902104859643,inf
6,125,inf,inf,inf,483.62795618119515,inf
6,126,inf,inf,inf,1340.2227426812306,inf
6,127,inf,inf,inf,725.7582242041767,inf
6,128,inf,inf,inf,497.31780583445834,inf
6,129,inf,inf,inf,854.8362416275996,inf
6,130,inf,inf,inf,667.7012805139735,inf
6,131,inf,inf,inf,545.0229352972221,inf
6,132,inf,inf,inf,1245.6749174644242,inf
6,133,inf,inf,inf,1231.8506402969476,inf
6,134,inf,inf,inf,369.120576505835,inf
6,135,inf,inf,inf,704.9687936355765,inf
6,136,inf,inf,inf,913.6328584283733,inf
6,137,inf,inf,inf,540.4451868598702,inf
6,138,inf,inf,inf,1097.1221445217484,inf
6,139,inf,inf,inf,1097.2337945943882,inf
6,140,inf,inf,inf,987.3423924860109,inf
7,8,inf,inf,inf,650.9231905532326,inf
7,9,inf,inf,inf,991.7282894018906,inf
7,10,inf,inf,inf,418.04305998305966,inf
7,11,inf,inf,inf,562.7663813697475,inf
7,12,inf,inf,inf,515.4813284688399,inf
7,13,inf,inf,inf,1039.7326579462626,inf
7,14,inf,inf,inf,428.8029850642367,inf
7,15,inf,inf,inf,394.0279177926356,inf
7,16,inf,inf,inf,324.27457501321317,inf
7,17,inf,inf,inf,943.9703385170532,inf
7,18,inf,inf,inf,1002.0004990018717,inf
7,19,inf,inf,inf,1030.7589436914918,inf
7,20,inf,inf,inf,620.5755393181397,inf
7,21,inf,inf,inf,1029.315306405185,inf
7,22,inf,inf,inf,241.42286552851616,inf
7,23,inf,inf,inf,302.64996282834727,inf
7,24,inf,inf,inf,829.8939691309969,inf
7,25,inf,inf,inf,714.177848998413,inf
7,26,inf,inf,inf,765.265966837674,inf
7,27,inf,inf,inf,266.73207531153804,inf
7,28,inf,inf,inf,297.3213749463701,inf
7,29,inf,inf,inf,352.77188096558945,inf
7,30,inf,inf,inf,573.8100731078185,inf
7,31,inf,inf,inf,493.54331116934407,inf
7,32,inf,inf,inf,194.03350226185168,inf
7,33,inf,inf,inf,1004.2868116230542,inf
7,34,inf,inf,inf,906.3139632599732,inf
7,35,inf,inf,inf,967.1866417605239,inf
7,36,inf,inf,inf,745.0369118372593,inf
7,37,inf,inf,inf,887.4277435374669,inf
7,38,inf,inf,inf,766.1024735634261,inf
7,39,inf,inf,inf,823.9247538458836,inf
7,40,inf,inf,inf,950.2210269195267,inf
7,41,inf,inf,inf,1010.8817932874249,inf
7,42,inf,inf,inf,955.7787400858005,inf
7,43,inf,inf,inf,260.5379051117131,inf
7,44,inf,inf,inf,494.99191912595904,inf
7,45,inf,inf,inf,164.7573974060042,inf
7,46,inf,inf,inf,748.919888906684,inf
7,47,inf,inf,inf,557.5419266745776,inf
7,48,inf,inf,inf,390.0,inf
7,49,inf,inf,inf,951.262319236918,inf
7,50,inf,inf,inf,455.03406465890004,inf
7,51,inf,inf,inf,599.7932977284757,inf
7,52,inf,inf,inf,432.9480338331611,inf
7,53,inf,inf,inf,1035.2043276571055,inf
7,54,inf,inf,inf,814.9631893527462,inf
7,55,inf,inf,inf,377.5778065511796,inf
7,56,inf,inf,inf,465.02688094345683,inf
7,57,inf,inf,inf,480.0666620376799,inf
7,58,inf,inf,inf,747.4168850113034,inf
7,59,inf,inf,inf,869.3129471024805,inf
7,60,inf,inf,inf,499.96499877491425,inf
7,61,inf,inf,inf,158.90248582070703,inf
7,62,inf,inf,inf,419.0107397191628,inf
7,63,inf,inf,inf,877.2160509247423,inf
7,64,inf,inf,inf,448.09485602939026,inf
7,65,inf,inf,inf,665.940688049619,inf
7,66,inf,inf,inf,195.93111034238538,inf
7,67,inf,inf,inf,209.40391591371923,inf
7,68,inf,inf,inf,582.2782839845567,inf
7,69,inf,inf,inf,1026.1705511268583,inf
7,70,inf,inf,inf,940.3557837329444,inf
7,71,inf,inf,inf,719.224582449738,inf
7,72,inf,inf,inf,395.60080889704966,inf
7,73,inf,inf,inf,484.48735793620045,inf
7,74,inf,inf,inf,1036.2779549908412,inf
7,75,inf,inf,inf,601.8978318618534,inf
7,76,inf,inf,inf,1054.5221666707628,inf
7,77,inf,inf,inf,389.5086648586909,inf
7,78,inf,inf,inf,504.03571302041684,inf
7,79,inf,inf,inf,457.2657870429407,inf
7,80,inf,inf,inf,407.04422364160877,inf
7,81,inf,inf,inf,397.1460688462118,inf
7,82,inf,inf,inf,402.1392793548026,inf
7,83,inf,inf,inf,862.7149007638618,inf
7,84,inf,inf,inf,338.6620734596657,inf
7,85,inf,inf,inf,456.195133687329,inf
7,86,inf,inf,inf,503.9454335540704,inf
7,87,inf,inf,inf,912.943043130293,inf
7,88,inf,inf,inf,442.2544516452039,inf
7,89,inf,inf,inf,383.3770989508893,inf
7,90,inf,inf,inf,549.6589851899084,inf
7,91,inf,inf,inf,424.19924563817887,inf
7,92,inf,inf,inf,133.7235955244997,inf
7,93,inf,inf,inf,602.8440926143343,inf
7,94,inf,inf,inf,235.53555994796199,inf
7,95,inf,inf,inf,545.3448450292714,inf
7,96,inf,inf,inf,555.7445456322536,inf
7,97,inf,inf,inf,170.75128110793196,inf
7,98,inf,inf,inf,581.0697032198461,inf
7,99,inf,inf,inf,1049.1792029963233,inf
7,100,inf,inf,inf,940.5110313016004,inf
7,101,inf,inf,inf,845.1366753371907,inf
7,102,inf,inf,inf,436.4000458295118,inf
7,103,inf,inf,inf,571.2950201078248,inf
7,104,inf,inf,inf,437.61170002640466,inf
7,105,inf,inf,inf,873.1466085371918,inf
7,106,inf,inf,inf,289.3112510774512,inf
7,107,inf,inf,inf,968.5876315543163,inf
7,108,inf,inf,inf,691.901727126042,inf
7,109,inf,inf,inf,932.5840444699877,inf
7,110,inf,inf,inf,372.23648397221893,inf
7,111,inf,inf,inf,355.5784020437687,inf
7,112,inf,inf,inf,730.6161783043132,inf
7,113,inf,inf,inf,336.2870797399151,inf
7,114,inf,inf,inf,843.9840045877647,inf
7,115,inf,inf,inf,1026.857341601062,inf
7,116,inf,inf,inf,904.20019907098,inf
7,117,inf,inf,inf,675.9201136229044,inf
7,118,inf,inf,inf,867.8824805237169,inf
7,119,inf,inf,inf,221.20578654275752,inf
7,120,inf,inf,inf,721.4041862922616,inf
7,121,inf,inf,inf,400.1012371887895,inf
7,122,inf,inf,inf,739.3213103921731,inf
7,123,inf,inf,inf,529.833936247953,inf
7,124,inf,inf,inf,486.5562660165831,inf
7,125,inf,inf,inf,922.1821945797913,inf
7,126,inf,inf,inf,681.4022306978457,inf
7,127,inf,inf,inf,794.3531960028863,inf
7,128,inf,inf,inf,925.319944667789,inf
7,129,inf,inf,inf,421.04750325824284,inf
7,130,inf,inf,inf,979.9372428885433,inf
7,131,inf,inf,inf,541.7619403391125,inf
7,132,inf,inf,inf,541.2818119981495,inf
7,133,inf,inf,inf,545.0467869825488,inf
7,134,inf,inf,inf,554.7341705718154,inf
7,135,inf,inf,inf,302.00165562460086,inf
7,136,inf,inf,inf,419.90594184888596,inf
7,137,inf,inf,inf,506.048416655956,inf
7,138,inf,inf,inf,1054.0460141758517,inf
7,139,inf,inf,inf,958.3204057099066,inf
7,140,inf,inf,inf,363.88597115030416,inf
8,9,inf,inf,inf,361.1121709386157,inf
8,10,inf,inf,inf,360.3234657915024,inf
8,11,inf,inf,inf,809.5412281039181,inf
8,12,inf,inf,inf,759.520901621542,inf
8,13,inf,inf,inf,535.7882044240989,inf
8,14,inf,inf,inf,1027.4263963905153,inf
8,15,inf,inf,inf,259.0617686961934,inf
8,16,inf,inf,inf,932.1936494098209,inf
8,17,inf,inf,inf,1071.0858975824488,inf
8,18,inf,inf,inf,969.3812459502195,inf
8,19,inf,inf,inf,913.7554377403179,inf
8,20,inf,inf,inf,633.678940789419,inf
8,21,inf,inf,inf,852.2704969667788,inf
8,22,inf,inf,inf,809.8012101744476,inf
8,23,inf,inf,inf,470.1340234443791,inf
8,24,inf,inf,inf,1163.2476090669604,inf
8,25,inf,inf,inf,1186.8668838585058,inf
8,26,inf,inf,inf,1156.911837609072,inf
8,27,inf,inf,inf,456.75485766437123,inf
8,28,inf,inf,inf,384.26683437424055,inf
8,29,inf,inf,inf,513.7440997228094,inf
8,30,inf,inf,inf,1182.604329435674,inf
8,31,inf,inf,inf,376.10902674623486,inf
8,32,inf,inf,inf,838.6512982163683,inf
8,33,inf,inf,inf,953.9627875341889,inf
8,34,inf,inf,inf,1099.890903680906,inf
8,35,inf,inf,inf,804.8782516629456,inf
8,36,inf,inf,inf,1022.5971836456425,inf
8,37,inf,inf,inf,319.4761336938958,inf
8,38,inf,inf,inf,417.31043600657773,inf
8,39,inf,inf,inf,620.6971886516001,inf
8,40,inf,inf,inf,1046.9847181310718,inf
8,41,inf,inf,inf,414.58533500354304,inf
8,42,inf,inf,inf,967.4967700204481,inf
8,43,inf,inf,inf,495.1454331809999,inf
8,44,inf,inf,inf,829.7144086973541,inf
8,45,inf,inf,inf,749.1288273721683,inf
8,46,inf,inf,inf,210.23796041628637,inf
8,47,inf,inf,inf,388.0463889794621,inf
8,48,inf,inf,inf,411.6369759873377,inf
8,49,inf,inf,inf,968.273205247362,inf
8,50,inf,inf,inf,1103.4659034152346,inf
8,51,inf,inf,inf,262.3451924468981,inf
8,52,inf,inf,inf,436.0837075608306,inf
8,53,inf,inf,inf,874.7828301927285,inf
8,54,inf,inf,inf,562.5317768802043,inf
8,55,inf,inf,inf,457.1214280691729,inf
8,56,inf,inf,inf,479.9302032587655,inf
8,57,inf,inf,inf,450.9778265059159,inf
8,58,inf,inf,inf,1187.6973520219703,inf
8,59,inf,inf,inf,572.2394603660255,inf
8,60,inf,inf,inf,203.4158302591025,inf
8,61,inf,inf,inf,573.917241420747,inf
8,62,inf,inf,inf,362.59205727649356,inf
8,63,inf,inf,inf,1129.182447614202,inf
8,64,inf,inf,inf,206.49455198624491,inf
8,65,inf,inf,inf,408.3944171998437,inf
8,66,inf,inf,inf,535.2102390649865,inf
8,67,inf,inf,inf,441.87894269811045,inf
8,68,inf,inf,inf,79.40403012442127,inf
8,69,inf,inf,inf,637.3672410784853,inf
8,70,inf,inf,inf,576.7581815631227,inf
8,71,inf,inf,inf,995.7434408521102,inf
8,72,inf,inf,inf,368.9512162874653,inf
8,73,inf,inf,inf,763.7754905729824,inf
8,74,inf,inf,inf,514.1021299313979,inf
8,75,inf,inf,inf,234.75945135393377,inf
8,76,inf,inf,inf,760.907353098917,inf
8,77,inf,inf,inf,907.0446516021138,inf
8,78,inf,inf,inf,273.7608445340568,inf
8,79,inf,inf,inf,949.5583183775497,inf
8,80,inf,inf,inf,1040.0,inf
8,81,inf,inf,inf,307.4703237712544,inf
8,82,inf,inf,inf,1047.0955066277384,inf
8,83,inf,inf,inf,485.3720222674562,inf
8,84,inf,inf,inf,330.037876614185,inf
8,85,inf,inf,inf,603.8617391423305,inf
8,86,inf,inf,inf,1124.9551102155144,inf
8,87,inf,inf,inf,281.93970986719836,inf
8,88,inf,inf,inf,926.4556114569116,inf
8,89,inf,inf,inf,861.2461901221973,inf
8,90,inf,inf,inf,203.30272993740147,inf
8,91,inf,inf,inf,351.57360538015365,inf
8,92,inf,inf,inf,757.8951114765156,inf
8,93,inf,inf,inf,571.6589892584565,inf
8,94,inf,inf,inf,806.2071694049861,inf
8,95,inf,inf,inf,683.117852204142,inf
8,96,inf,inf,inf,297.73310195542587,inf
8,97,inf,inf,inf,522.8049349422785,inf
8,98,inf,inf,inf,694.0180112936551,inf
8,99,inf,inf,inf,790.8198277736844,inf
8,100,inf,inf,inf,708.0070621116713,inf
8,101,inf,inf,inf,1132.0410769932334,inf
8,102,inf,inf,inf,252.28555249954366,inf
8,103,inf,inf,inf,593.2832375855565,inf
8,104,inf,inf,inf,567.5394259432555,inf
8,105,inf,inf,inf,608.738038896864,inf
8,106,inf,inf,inf,610.9042478163005,inf
8,107,inf,inf,inf,319.90779921721196,inf
8,108,inf,inf,inf,520.8771448239978,inf
8,109,inf,inf,inf,958.018788959799,inf
8,110,inf,inf,inf,282.85155117128136,inf
8,111,inf,inf,inf,426.20300327426133,inf
8,112,inf,inf,inf,1191.2451468946265,inf
8,113,inf,inf,inf,987.1707045896368,inf
8,114,inf,inf,inf,328.29864452964165,inf
8,115,inf,inf,inf,925.5036466702873,inf
8,116,inf,inf,inf,625.6940146749048,inf
8,117,inf,inf,inf,330.6433123473088,inf
8,118,inf,inf,inf,892.161980808418,inf
8,119,inf,inf,inf,440.5462518283409,inf
8,120,inf,inf,inf,1177.822142770291,inf
8,121,inf,inf,inf,879.1837123150087,inf
8,122,inf,inf,inf,1192.6596329213126,inf
8,123,inf,inf,inf,825.2181529753208,inf
8,124,inf,inf,inf,446.3630809105968,inf
8,125,inf,inf,inf,1095.4948653462507,inf
8,126,inf,inf,inf,336.5501448521453,inf
8,127,inf,inf,inf,739.4227478242741,inf
8,128,inf,inf,inf,1088.9793386469737,inf
8,129,inf,inf,inf,1033.6895085082367,inf
8,130,inf,inf,inf,1024.0,inf
8,131,inf,inf,inf,679.6741866512219,inf
8,132,inf,inf,inf,759.8664356319471,inf
8,133,inf,inf,inf,392.4601890638081,inf
8,134,inf,inf,inf,1159.817658082511,inf
8,135,inf,inf,inf,947.4185980864003,inf
8,136,inf,inf,inf,263.0437226013957,inf
8,137,inf,inf,inf,1149.0883342894053,inf
8,138,inf,inf,inf,738.8166213614851,inf
8,139,inf,inf,inf,591.0372238700368,inf
8,140,inf,inf,inf,302.67143902258107,inf
9,10,inf,inf,inf,624.2635661321266,inf
9,11,inf,inf,inf,1003.8889380803038,inf
9,12,inf,inf,inf,964.5195695267151,inf
9,13,inf,inf,inf,310.446452709642,inf
9,14,inf,inf,inf,1384.7934864087135,inf
9,15,inf,inf,inf,599.9308293461838,inf
9,16,inf,inf,inf,1287.487864020473,inf
9,17,inf,inf,inf,1160.7243428135725,inf
9,18,inf,inf,inf,989.4978524484022,inf
9,19,inf,inf,inf,894.3584292664771,inf
9,20,inf,inf,inf,955.2575568923808,inf
9,21,inf,inf,inf,808.0872477647448,inf
9,22,inf,inf,inf,1115.5931157908783,inf
9,23,inf,inf,inf,756.6875180680596,inf
9,24,inf,inf,inf,1340.5838280391122,inf
9,25,inf,inf,inf,1424.3149230419515,inf
9,26,inf,inf,inf,1361.1572282436734,inf
9,27,inf,inf,inf,760.9316657887224,inf
9,28,inf,inf,inf,743.1318860067842,inf
9,29,inf,inf,inf,773.4888493055346,inf
9,30,inf,inf,inf,1483.470592900311,inf
9,31,inf,inf,inf,719.8472060097198,inf
9,32,inf,inf,inf,1184.1224598832673,inf
9,33,inf,inf,inf,966.7538466434979,inf
9,34,inf,inf,inf,1218.773974123176,inf
9,35,inf,inf,inf,782.7036476214992,inf
9,36,inf,inf,inf,1192.0507539530354,inf
9,37,inf,inf,inf,163.8566446623389,inf
9,38,inf,inf,inf,657.8160837194542,inf
9,39,inf,inf,inf,633.678940789419,inf
9,40,inf,inf,inf,1124.6443882401227,inf
9,41,inf,inf,inf,107.33592129385204,inf
9,42,inf,inf,inf,1013.2442943337999,inf
9,43,inf,inf,inf,856.0052569932033,inf
9,44,inf,inf,inf,1184.759891285994,inf
9,45,inf,inf,inf,1065.5571312698348,inf
9,46,inf,inf,inf,430.81550575623436,inf
9,47,inf,inf,inf,715.3977914419362,inf
9,48,inf,inf,inf,674.258852370512,inf
9,49,inf,inf,inf,1016.821026533185,inf
9,50,inf,inf,inf,1446.7387462842073,inf
9,51,inf,inf,inf,580.9931152776253,inf
9,52,inf,inf,inf,788.2112660955818,inf
9,53,inf,inf,inf,836.2661059734515,inf
9,54,inf,inf,inf,566.4803615307419,inf
9,55,inf,inf,inf,715.1964765013877,inf
9,56,inf,inf,inf,826.574255587482,inf
9,57,inf,inf,inf,795.2993147237083,inf
9,58,inf,inf,inf,1410.7561802097484,inf
9,59,inf,inf,inf,536.0671599715841,inf
9,60,inf,inf,inf,495.90321636383845,inf
9,61,inf,inf,inf,930.9806657498318,inf
9,62,inf,inf,inf,719.4338051551373,inf
9,63,inf,inf,inf,1272.4720036212977,inf
9,64,inf,inf,inf,546.0494483103156,inf
9,65,inf,inf,inf,697.8825116020604,inf
9,66,inf,inf,inf,893.8836613340687,inf
9,67,inf,inf,inf,783.6612788698955,inf
9,68,inf,inf,inf,440.32828662260613,inf
9,69,inf,inf,inf,493.10546539254665,inf
9,70,inf,inf,inf,480.8201326899696,inf
9,71,inf,inf,inf,1168.693715222256,inf
9,72,inf,inf,inf,727.8743023352315,inf
9,73,inf,inf,inf,981.7051492174216,inf
9,74,inf,inf,inf,275.138147118861,inf
9,75,inf,inf,inf,555.296317293749,inf
9,76,inf,inf,inf,657.0372896571396,inf
9,77,inf,inf,inf,1268.0,inf
9,78,inf,inf,inf,520.358530246214,inf
9,79,inf,inf,inf,1215.6582578998095,inf
9,80,inf,inf,inf,1391.1038782204585,inf
9,81,inf,inf,inf,668.5057965343308,inf
9,82,inf,inf,inf,1393.1564879797245,inf
9,83,inf,inf,inf,426.09388636778164,inf
9,84,inf,inf,inf,654.6823657316577,inf
9,85,inf,inf,inf,953.3294288964335,inf
9,86,inf,inf,inf,1434.395342992998,inf
9,87,inf,inf,inf,280.49242414011826,inf
9,88,inf,inf,inf,1192.06459556519,inf
9,89,inf,inf,inf,1132.4314548792788,inf
9,90,inf,inf,inf,455.18567640030153,inf
9,91,inf,inf,inf,615.2479175096817,inf
9,92,inf,inf,inf,1084.4948132656052,inf
9,93,inf,inf,inf,714.0308116601132,inf
9,94,inf,inf,inf,1113.0354891017626,inf
9,95,inf,inf,inf,864.8074930295181,inf
9,96,inf,inf,inf,497.68363445064176,inf
9,97,inf,inf,inf,844.1427604380672,inf
9,98,inf,inf,inf,1028.8056181806162,inf
9,99,inf,inf,inf,705.3126966105176,inf
9,100,inf,inf,inf,666.5283189782712,inf
9,101,inf,inf,inf,1291.4383454118126,inf
9,102,inf,inf,inf,613.3596008867881,inf
9,103,inf,inf,inf,922.9891657002264,inf
9,104,inf,inf,inf,789.3674682934432,inf
9,105,inf,inf,inf,581.673447906985,inf
9,106,inf,inf,inf,886.3238685717541,inf
9,107,inf,inf,inf,101.71037311896953,inf
9,108,inf,inf,inf,810.1956553820811,inf
9,109,inf,inf,inf,1013.2255425126234,inf
9,110,inf,inf,inf,637.3233088472443,inf
9,111,inf,inf,inf,701.0599118477678,inf
9,112,inf,inf,inf,1423.033731153271,inf
9,113,inf,inf,inf,1324.490845570478,inf
9,114,inf,inf,inf,483.71272466206636,inf
9,115,inf,inf,inf,913.3416666286499,inf
9,116,inf,inf,inf,580.331801644542,inf
9,117,inf,inf,inf,611.5300483214214,inf
9,118,inf,inf,inf,960.50663714521,inf
9,119,inf,inf,inf,793.249645445871,inf
9,120,inf,inf,inf,1408.7955848880276,inf
9,121,inf,inf,inf,1148.5164343621732,inf
9,122,inf,inf,inf,1421.1097776034053,inf
9,123,inf,inf,inf,1035.9985521225403,inf
9,124,inf,inf,inf,789.5429057372373,inf
9,125,inf,inf,inf,1204.9468867962605,inf
9,126,inf,inf,inf,614.8463222627261,inf
9,127,inf,inf,inf,803.61433536243,inf
9,128,inf,inf,inf,1194.5317074067143,inf
9,129,inf,inf,inf,1389.194010928639,inf
9,130,inf,inf,inf,1077.2864057436166,inf
9,131,inf,inf,inf,862.5502883890307,inf
9,132,inf,inf,inf,1105.7074658335268,inf
9,133,inf,inf,inf,723.21297001644,inf
9,134,inf,inf,inf,1459.482442511728,inf
9,135,inf,inf,inf,1292.9423807734047,inf
9,136,inf,inf,inf,574.9243428486917,inf
9,137,inf,inf,inf,1473.1469716223157,inf
9,138,inf,inf,inf,624.3204305482882,inf
9,139,inf,inf,inf,485.2638457581607,inf
9,140,inf,inf,inf,661.0930343000144,inf
10,11,inf,inf,inf,454.76367489059635,inf
10,12,inf,inf,inf,402.7468187335562,inf
10,13,inf,inf,inf,624.0032051199737,inf
10,14,inf,inf,inf,845.6618709626206,inf
10,15,inf,inf,inf,189.4887859478761,inf
10,16,inf,inf,inf,741.3946317582829,inf
10,17,inf,inf,inf,758.7041584174955,inf
10,18,inf,inf,inf,716.8381965269429,inf
10,19,inf,inf,inf,702.822879536516,inf
10,20,inf,inf,inf,749.9933333037035,inf
10,21,inf,inf,inf,674.2477289542769,inf
10,22,inf,inf,inf,493.6000405186369,inf
10,23,inf,inf,inf,134.40610105199838,inf
10,24,inf,inf,inf,807.8836549899992,inf
10,25,inf,inf,inf,828.5082980875931,inf
10,26,inf,inf,inf,797.0796697946824,inf
10,27,inf,inf,inf,153.0294089382822,inf
10,28,inf,inf,inf,322.80024783137947,inf
10,29,inf,inf,inf,155.66630977832037,inf
10,30,inf,inf,inf,859.2566554877535,inf
10,31,inf,inf,inf,498.1214711292819,inf
10,32,inf,inf,inf,608.1882932118966,inf
10,33,inf,inf,inf,709.3264410692724,inf
10,34,inf,inf,inf,769.0936223893682,inf
10,35,inf,inf,inf,614.4672489238137,inf
10,36,inf,inf,inf,671.4759861677854,inf
10,37,inf,inf,inf,493.3153149862672,inf
10,38,inf,inf,inf,690.2615446336265,inf
10,39,inf,inf,inf,443.3012519720647,inf
10,40,inf,inf,inf,743.8817110266928,inf
10,41,inf,inf,inf,619.8144883753525,inf
10,42,inf,inf,inf,694.1217472461153,inf
10,43,inf,inf,inf,427.1767783950808,inf
10,44,inf,inf,inf,800.6278786052857,inf
10,45,inf,inf,inf,450.40981339220394,inf
10,46,inf,inf,inf,547.4056996415,inf
10,47,inf,inf,inf,550.8402672281684,inf
10,48,inf,inf,inf,52.3450093132096,inf
10,49,inf,inf,inf,692.6037828369117,inf
10,50,inf,inf,inf,855.9672890946242,inf
10,51,inf,inf,inf,492.0,inf
10,52,inf,inf,inf,501.77684282955903,inf
10,53,inf,inf,inf,687.5638152200856,inf
10,54,inf,inf,inf,417.6900764921283,inf
10,55,inf,inf,inf,97.45255255764212,inf
10,56,inf,inf,inf,556.8213357981176,inf
10,57,inf,inf,inf,545.2412310161438,inf
10,58,inf,inf,inf,827.6134363336545,inf
10,59,inf,inf,inf,464.8236224634028,inf
10,60,inf,inf,inf,156.92354826475216,inf
10,61,inf,inf,inf,434.752803326212,inf
10,62,inf,inf,inf,428.07709586007985,inf
10,63,inf,inf,inf,785.8574934426724,inf
10,64,inf,inf,inf,200.30227157973022,inf
10,65,inf,inf,inf,630.6766207812051,inf
10,66,inf,inf,inf,420.02023760766576,inf
10,67,inf,inf,inf,252.4480144505003,inf
10,68,inf,inf,inf,333.94610343586885,inf
10,69,inf,inf,inf,612.2172816900876,inf
10,70,inf,inf,inf,527.3111036191065,inf
10,71,inf,inf,inf,643.953414464121,inf
10,72,inf,inf,inf,413.3424730172306,inf
10,73,inf,inf,inf,404.31670754496406,inf
10,74,inf,inf,inf,622.9285673333661,inf
10,75,inf,inf,inf,474.4649618254229,inf
10,76,inf,inf,inf,660.446061385788,inf
10,77,inf,inf,inf,779.6159310840178,inf
10,78,inf,inf,inf,103.94229168149026,inf
10,79,inf,inf,inf,599.256205641627,inf
10,80,inf,inf,inf,822.6451239750953,inf
10,81,inf,inf,inf,346.44624402640017,inf
10,82,inf,inf,inf,810.0888840121188,inf
10,83,inf,inf,inf,446.03251002589485,inf
10,84,inf,inf,inf,139.26952286842948,inf
10,85,inf,inf,inf,639.0070422147161,inf
10,86,inf,inf,inf,811.6088959591312,inf
10,87,inf,inf,inf,639.7163433897871,inf
10,88,inf,inf,inf,575.7577615629684,inf
10,89,inf,inf,inf,513.0633489151218,inf
10,90,inf,inf,inf,173.87639287723908,inf
10,91,inf,inf,inf,9.219544457292887,inf
10,92,inf,inf,inf,478.90082480613876,inf
10,93,inf,inf,inf,275.7698315624826,inf
10,94,inf,inf,inf,491.4560000651126,inf
10,95,inf,inf,inf,339.1356660689052,inf
10,96,inf,inf,inf,140.69825869569246,inf
10,97,inf,inf,inf,248.65236777477105,inf
10,98,inf,inf,inf,766.322386466688,inf
10,99,inf,inf,inf,665.2555899802721,inf
10,100,inf,inf,inf,558.881919550096,inf
10,101,inf,inf,inf,782.4321056807421,inf
10,102,inf,inf,inf,326.5348373451139,inf
10,103,inf,inf,inf,697.230234571049,inf
10,104,inf,inf,inf,211.30073355291506,inf
10,105,inf,inf,inf,477.0461193637361,inf
10,106,inf,inf,inf,263.3040068058213,inf
10,107,inf,inf,inf,629.9031671614297,inf
10,108,inf,inf,inf,717.172224782862,inf
10,109,inf,inf,inf,678.0479334088409,inf
10,110,inf,inf,inf,249.30302846134862,inf
10,111,1.0,85.0122,85.0121933088197,76.96752561957543,1.104520284684821
10,112,inf,inf,inf,832.0096153290538,inf
10,113,inf,inf,inf,726.0943464867358,inf
10,114,inf,inf,inf,667.0059969745399,inf
10,115,inf,inf,inf,706.385164057117,inf
10,116,inf,inf,inf,506.3615309242992,inf
10,117,inf,inf,inf,586.054604964418,inf
10,118,inf,inf,inf,608.2400841772926,inf
10,119,inf,inf,inf,305.7907781474124,inf
10,120,inf,inf,inf,818.4473104604841,inf
10,121,inf,inf,inf,530.08395561458,inf
10,122,inf,inf,inf,833.0306116824279,inf
10,123,inf,inf,inf,466.27459720641014,inf
10,124,inf,inf,inf,546.1034700494038,inf
10,125,inf,inf,inf,770.0415573201228,inf
10,126,inf,inf,inf,593.0539604454218,inf
10,127,inf,inf,inf,480.3176032585106,inf
10,128,inf,inf,inf,766.0319836664785,inf
10,129,inf,inf,inf,839.0643598675849,inf
10,130,inf,inf,inf,740.0168916991017,inf
10,131,inf,inf,inf,335.2760057027642,inf
10,132,inf,inf,inf,785.0363048929648,inf
10,133,inf,inf,inf,545.7362000087588,inf
10,134,inf,inf,inf,835.235296189044,inf
10,135,inf,inf,inf,712.0568797504874,inf
10,136,inf,inf,inf,122.00409829181969,inf
10,137,inf,inf,inf,857.280000933184,inf
10,138,inf,inf,inf,654.4073654842219,inf
10,139,inf,inf,inf,545.3384270340758,inf
10,140,inf,inf,inf,284.01584462842914,inf
11,12,2.0,61.6274,61.62741699796953,55.0,1.1204984908721733
11,13,inf,inf,inf,876.3161529950249,inf
11,14,inf,inf,inf,911.8695082082743,inf
11,15,inf,inf,inf,625.7219829924469,inf
11,16,inf,inf,inf,818.9774111659002,inf
11,17,inf,inf,inf,381.4944298413805,inf
11,18,inf,inf,inf,482.61060908355506,inf
11,19,inf,inf,inf,553.4347296655677,inf
11,20,inf,inf,inf,1122.5417586887359,inf
11,21,inf,inf,inf,592.1520075115848,inf
11,22,inf,inf,inf,409.3372692536071,inf
11,23,inf,inf,inf,392.1543063642168,inf
11,24,inf,inf,inf,353.7711124441904,inf
11,25,inf,inf,inf,433.62656745176486,inf
11,26,inf,inf,inf,357.6171136844544,inf
11,27,inf,inf,inf,436.22471273415954,inf
11,28,inf,inf,inf,693.1854008849292,inf
11,29,inf,inf,inf,320.7023542164915,inf
11,30,inf,inf,inf,622.9285673333661,inf
11,31,inf,inf,inf,908.0666275114398,inf
11,32,inf,inf,inf,663.9766562161655,inf
11,33,inf,inf,inf,493.5848457965459,inf
11,34,inf,inf,inf,349.04011230802683,inf
11,35,inf,inf,inf,537.207594883021,inf
11,36,inf,inf,inf,218.16049138191818,inf
11,37,inf,inf,inf,845.7954835537962,inf
11,38,inf,inf,inf,1134.0604040349879,inf
11,39,inf,inf,inf,488.60004093327706,inf
11,40,inf,inf,inf,390.91942903877265,inf
11,41,inf,inf,inf,962.5487000666511,inf
11,42,inf,inf,inf,422.5221887664599,inf
11,43,inf,inf,inf,748.3328136598047,inf
11,44,inf,inf,inf,1056.7899507470725,inf
11,45,inf,inf,inf,443.8299223801838,inf
11,46,inf,inf,inf,1002.1262395526823,inf
11,47,inf,inf,inf,969.07430055698,inf
11,48,inf,inf,inf,408.20828017079714,inf
11,49,inf,inf,inf,416.32919667013505,inf
11,50,inf,inf,inf,807.3722809212612,inf
11,51,inf,inf,inf,935.3854820340115,inf
11,52,inf,inf,inf,885.2852647593317,inf
11,53,inf,inf,inf,585.0965732253095,inf
11,54,inf,inf,inf,527.2314482274364,inf
11,55,inf,inf,inf,365.4216742340279,inf
11,56,inf,inf,inf,935.2218988026318,inf
11,57,inf,inf,inf,934.6924627919068,inf
11,58,inf,inf,inf,409.9585344885504,inf
11,59,inf,inf,inf,589.2342488348755,inf
11,60,inf,inf,inf,608.7569301453577,inf
11,61,inf,inf,inf,689.141494905074,inf
11,62,inf,inf,inf,828.4081119834595,inf
11,63,inf,inf,inf,341.0131962256006,inf
11,64,inf,inf,inf,650.5297840990834,inf
11,65,inf,inf,inf,1062.375169137532,inf
11,66,inf,inf,inf,704.4863376957711,inf
11,67,inf,inf,inf,567.3869931537029,inf
11,68,inf,inf,inf,788.6761058888496,inf
11,69,inf,inf,inf,758.946638440411,inf
11,70,inf,inf,inf,683.915930506082,inf
11,71,inf,inf,inf,190.24720760105785,inf
11,72,inf,inf,inf,807.8477579346247,inf
11,73,inf,inf,inf,78.29431652425353,inf
11,74,inf,inf,inf,892.8661713829234,inf
11,75,inf,inf,inf,921.0043430950801,inf
11,76,inf,inf,inf,698.0408297513835,inf
11,77,inf,inf,inf,934.550694184109,inf
11,78,inf,inf,inf,536.3450381983598,inf
11,79,inf,inf,inf,310.975883309301,inf
11,80,inf,inf,inf,836.8685679364472,inf
11,81,inf,inf,inf,758.2380892569299,inf
11,82,inf,inf,inf,792.1376143070091,inf
11,83,inf,inf,inf,655.5341333599647,inf
11,84,inf,inf,inf,550.1727001587774,inf
11,85,inf,inf,inf,976.4630049315745,inf
11,86,inf,inf,inf,616.0819750650071,inf
11,87,inf,inf,inf,1081.4217493651586,inf
11,88,inf,inf,inf,294.11052344314373,inf
11,89,inf,inf,inf,279.69268849936,inf
11,90,inf,inf,inf,609.1050812462494,inf
11,91,inf,inf,inf,462.6413297577293,inf
11,92,inf,inf,inf,501.27836578093013,inf
11,93,inf,inf,inf,296.8113879216901,inf
11,94,inf,inf,inf,413.08715787349286,inf
11,95,inf,inf,inf,139.34489585198304,inf
11,96,inf,inf,inf,526.9250421075088,inf
11,97,inf,inf,inf,463.9849135478437,inf
11,98,inf,inf,inf,1108.9815147242086,inf
11,99,inf,inf,inf,666.5470726062789,inf
11,100,inf,inf,inf,574.053133429302,inf
11,101,inf,inf,inf,329.6209944769902,inf
11,102,inf,inf,inf,756.6273851771425,inf
11,103,inf,inf,inf,1068.9246933250256,inf
11,104,inf,inf,inf,243.4953798329652,inf
11,105,inf,inf,inf,563.2663668283417,inf
11,106,inf,inf,inf,291.0962040288399,inf
11,107,inf,inf,inf,1037.7359972555641,inf
11,108,inf,inf,inf,1133.1275303336338,inf
11,109,inf,inf,inf,396.62702883187376,inf
11,110,inf,inf,inf,669.1023837948868,inf
11,111,inf,inf,inf,406.89310635595683,inf
11,112,inf,inf,inf,427.4037903435111,inf
11,113,inf,inf,inf,683.0995535059293,inf
11,114,inf,inf,inf,1121.766909834659,inf
11,115,inf,inf,inf,540.7864643276494,inf
11,116,inf,inf,inf,591.2021650839922,inf
11,117,inf,inf,inf,1029.5484447076785,inf
11,118,inf,inf,inf,343.92150267175793,inf
11,119,inf,inf,inf,632.7922249838409,inf
11,120,inf,inf,inf,412.9818397944394,inf
11,121,inf,inf,inf,281.13519879232484,inf
11,122,inf,inf,inf,423.14300183271376,inf
11,123,inf,inf,inf,55.731499172371095,inf
11,124,inf,inf,inf,938.0836849663253,inf
11,125,inf,inf,inf,361.56603822815,inf
11,126,inf,inf,inf,1036.4772066958346,inf
11,127,inf,inf,inf,351.0056979594491,inf
11,128,inf,inf,inf,363.6000550054964,inf
11,129,inf,inf,inf,886.9143137868506,inf
11,130,inf,inf,inf,431.7001274032705,inf
11,131,inf,inf,inf,141.4213562373095,inf
11,132,inf,inf,inf,1090.3595737186884,inf
11,133,inf,inf,inf,961.0005202912223,inf
11,134,inf,inf,inf,599.336299584799,inf
11,135,inf,inf,inf,723.6663595884502,inf
11,136,inf,inf,inf,572.3853597009623,inf
11,137,inf,inf,inf,710.707394080011,inf
11,138,inf,inf,inf,715.2013702447724,inf
11,139,inf,inf,inf,697.5729352548019,inf
11,140,inf,inf,inf,694.5250175479642,inf
12,13,inf,inf,inf,850.6144837704094,inf
12,14,inf,inf,inf,876.9726335524957,inf
12,15,inf,inf,inf,571.4656595107006,inf
12,16,inf,inf,inf,781.836939521279,inf
12,17,inf,inf,inf,429.0606017802147,inf
12,18,inf,inf,inf,510.360656790862,inf
12,19,inf,inf,inf,570.7057034934905,inf
12,20,inf,inf,inf,1068.3936540433026,inf
12,21,inf,inf,inf,601.1397508067488,inf
12,22,inf,inf,inf,377.6797585256589,inf
12,23,inf,inf,inf,337.17947743004765,inf
12,24,inf,inf,inf,405.1530574980275,inf
12,25,inf,inf,inf,463.48354879110866,inf
12,26,inf,inf,inf,401.1795109424209,inf
12,27,inf,inf,inf,381.25713108084943,inf
12,28,inf,inf,inf,638.3737149977277,inf
12,29,inf,inf,inf,266.05450569385215,inf
12,30,inf,inf,inf,622.3544006432348,inf
12,31,inf,inf,inf,853.070923194549,inf
12,32,inf,inf,inf,626.1629180971994,inf
12,33,inf,inf,inf,518.8458345211995,inf
12,34,inf,inf,inf,402.1243588742169,inf
12,35,inf,inf,inf,543.6699366343518,inf
12,36,inf,inf,inf,272.5233934912744,inf
12,37,inf,inf,inf,808.4584095672454,inf
12,38,inf,inf,inf,1079.624008625225,inf
12,39,inf,inf,inf,476.11448203137024,inf
12,40,inf,inf,inf,434.94022577820965,inf
12,41,inf,inf,inf,927.3645453649822,inf
12,42,inf,inf,inf,454.3236731670495,inf
12,43,inf,inf,inf,694.8647350384102,inf
12,44,inf,inf,inf,1008.0724180335459,inf
12,45,inf,inf,inf,404.88269906233336,inf
12,46,inf,inf,inf,950.0905220030353,inf
12,47,inf,inf,inf,914.0787712226994,inf
12,48,inf,inf,inf,355.25906040522034,inf
12,49,inf,inf,inf,448.69254506844663,inf
12,50,inf,inf,inf,783.3421985313953,inf
12,51,inf,inf,inf,881.03405155533,inf
12,52,inf,inf,inf,830.5690820154576,inf
12,53,inf,inf,inf,596.6850090290521,inf
12,54,inf,inf,inf,508.7022704883476,inf
12,55,inf,inf,inf,311.91024349963243,inf
12,56,inf,inf,inf,880.6730380793998,inf
12,57,inf,inf,inf,879.9232921113068,inf
12,58,inf,inf,inf,446.2521708630671,inf
12,59,inf,inf,inf,571.5610203644052,inf
12,60,inf,inf,inf,557.790283171014,inf
12,61,inf,inf,inf,637.8722442621249,inf
12,62,inf,inf,inf,773.4371338382972,inf
12,63,inf,inf,inf,396.01136347332255,inf
12,64,inf,inf,inf,597.146548177246,inf
12,65,inf,inf,inf,1007.504838698058,inf
12,66,inf,inf,inf,652.0628804034163,inf
12,67,inf,inf,inf,512.9649110806703,inf
12,68,inf,inf,inf,736.6444189702383,inf
12,69,inf,inf,inf,743.3875167098248,inf
12,70,inf,inf,inf,665.4517262732136,inf
12,71,inf,inf,inf,244.51789300580847,inf
12,72,inf,inf,inf,752.909689139408,inf
12,73,inf,inf,inf,39.56008088970496,inf
12,74,inf,inf,inf,865.369863122122,inf
12,75,inf,inf,inf,866.8933037000575,inf
12,76,inf,inf,inf,694.288124628385,inf
12,77,inf,inf,inf,892.1266726199817,inf
12,78,inf,inf,inf,487.1765593704196,inf
12,79,inf,inf,inf,309.64657272445305,inf
12,80,inf,inf,inf,806.2406588606159,inf
12,81,inf,inf,inf,703.2567098862264,inf
12,82,inf,inf,inf,764.3278092546417,inf
12,83,inf,inf,inf,630.3411774586839,inf
12,84,inf,inf,inf,495.5249741435844,inf
12,85,inf,inf,inf,923.279480980705,inf
12,86,inf,inf,inf,608.5819583260746,inf
12,87,inf,inf,inf,1033.3334408602095,inf
12,88,inf,inf,inf,290.06206232459976,inf
12,89,inf,inf,inf,263.38754716197195,inf
12,90,inf,inf,inf,560.4319762468948,inf
12,91,inf,inf,inf,410.8186948034376,inf
12,92,inf,inf,inf,461.93614277300276,inf
12,93,inf,inf,inf,267.88430338487547,inf
12,94,inf,inf,inf,380.87530767956065,inf
12,95,inf,inf,inf,109.00458705944443,inf
12,96,inf,inf,inf,481.1496648653099,inf
12,97,inf,inf,inf,410.7274035172233,inf
12,98,inf,inf,inf,1055.909560521165,inf
12,99,inf,inf,inf,666.5883287307091,inf
12,100,inf,inf,inf,569.3873900957063,inf
12,101,inf,inf,inf,383.9596332949598,inf
12,102,inf,inf,inf,701.9116753552402,inf
12,103,inf,inf,inf,1014.7339552808903,inf
12,104,inf,inf,inf,192.1067411623028,inf
12,105,inf,inf,inf,549.175746004865,inf
12,106,inf,inf,inf,238.43657437566074,inf
12,107,inf,inf,inf,994.8472244520764,inf
12,108,inf,inf,inf,1078.134036194016,inf
12,109,inf,inf,inf,429.19459456055597,inf
12,110,inf,inf,inf,614.2906478207201,inf
12,111,inf,inf,inf,352.8129816205747,inf
12,112,inf,inf,inf,459.9445618767549,inf
12,113,inf,inf,inf,656.1173675494347,inf
12,114,inf,inf,inf,1069.4839877249215,inf
12,115,inf,inf,inf,560.0223209837266,inf
12,116,inf,inf,inf,578.3640721898275,inf
12,117,inf,inf,inf,975.1435791718059,inf
12,118,inf,inf,inf,371.3717813727909,inf
12,119,inf,inf,inf,578.5334908196759,inf
12,120,inf,inf,inf,445.58837507277946,inf
12,121,inf,inf,inf,268.4250360901531,inf
12,122,inf,inf,inf,457.1925196238451,inf
12,123,inf,inf,inf,71.7007670809734,inf
12,124,inf,inf,inf,883.2757213916841,inf
12,125,inf,inf,inf,413.3098111586513,inf
12,126,inf,inf,inf,982.0641526906478,inf
12,127,inf,inf,inf,354.9788726107513,inf
12,128,inf,inf,inf,414.56000771902734,inf
12,129,inf,inf,inf,853.511569927438,inf
12,130,inf,inf,inf,469.5955706775778,inf
12,131,inf,inf,inf,109.65856099730654,inf
12,132,inf,inf,inf,1038.9846004633562,inf
12,133,inf,inf,inf,906.0005518762116,inf
12,134,inf,inf,inf,598.188097507799,inf
12,135,inf,inf,inf,691.4463102801258,inf
12,136,inf,inf,inf,519.2301994298867,inf
12,137,inf,inf,inf,697.7822009767805,inf
12,138,inf,inf,inf,708.9837797862515,inf
12,139,inf,inf,inf,679.9654402982552,inf
12,140,inf,inf,inf,639.5701681598352,inf
13,14,inf,inf,inf,1463.2197374283878,inf
13,15,inf,inf,inf,690.7922987410905,inf
13,16,inf,inf,inf,1359.9183799037353,inf
13,17,inf,inf,inf,939.2103065874011,inf
13,18,inf,inf,inf,734.8067773231273,inf
13,19,inf,inf,inf,623.9390995922599,inf
13,20,inf,inf,inf,1169.4656899627282,inf
13,21,inf,inf,inf,530.6844636881694,inf
13,22,inf,inf,inf,1098.3555890511961,inf
13,23,inf,inf,inf,753.0106240950389,inf
13,24,inf,inf,inf,1175.145948382583,inf
13,25,inf,inf,inf,1309.9351128968183,inf
13,26,inf,inf,inf,1218.0525440226295,inf
13,27,inf,inf,inf,777.0160873495478,inf
13,28,inf,inf,inf,858.3262782881577,inf
13,29,inf,inf,inf,738.5418065350126,inf
13,30,inf,inf,inf,1440.7754856326505,inf
13,31,inf,inf,inf,909.178200354584,inf
13,32,inf,inf,inf,1231.649706694237,inf
13,33,inf,inf,inf,709.2897856306687,inf
13,34,inf,inf,inf,1014.3870070145812,inf
13,35,inf,inf,inf,519.2475324929335,inf
13,36,inf,inf,inf,1028.2587223067937,inf
13,37,inf,inf,inf,222.03603311174518,inf
13,38,inf,inf,inf,919.1784375190706,inf
13,39,inf,inf,inf,415.77878733768995,inf
13,40,inf,inf,inf,897.2246095599473,inf
13,41,inf,inf,inf,204.37710243566914,inf
13,42,inf,inf,inf,772.3244137019107,inf
13,43,inf,inf,inf,978.4824985660193,inf
13,44,inf,inf,inf,1343.0134027626084,inf
13,45,inf,inf,inf,1066.983130138429,inf
13,46,inf,inf,inf,685.7178720144314,inf
13,47,inf,inf,inf,923.8208700825069,inf
13,48,inf,inf,inf,660.9810889881797,inf
13,49,inf,inf,inf,777.4059428638296,inf
13,50,inf,inf,inf,1479.0605126227933,inf
13,51,inf,inf,inf,795.8718489807263,inf
13,52,inf,inf,inf,961.7692030835673,inf
13,53,inf,inf,inf,559.8035369663182,inf
13,54,inf,inf,inf,358.63212349146863,inf
13,55,inf,inf,inf,688.9854860590316,inf
13,56,inf,inf,inf,1009.7772031492888,inf
13,57,inf,inf,inf,982.7085020493107,inf
13,58,inf,inf,inf,1282.829684720462,inf
13,59,inf,inf,inf,304.77040538739976,inf
13,60,inf,inf,inf,560.985739569198,inf
13,61,inf,inf,inf,1025.7845777744956,inf
13,62,inf,inf,inf,883.249681573676,inf
13,63,inf,inf,inf,1083.3208204405562,inf
13,64,inf,inf,inf,645.424666401897,inf
13,65,inf,inf,inf,935.1497206330118,inf
13,66,inf,inf,inf,998.0345685395872,inf
13,67,inf,inf,inf,851.141586341544,inf
13,68,inf,inf,inf,606.1188002363893,inf
13,69,inf,inf,inf,195.78048932414077,inf
13,70,inf,inf,inf,218.4330561064419,inf
13,71,inf,inf,inf,1009.3205635475778,inf
13,72,inf,inf,inf,883.9547499730968,inf
13,73,inf,inf,inf,878.0911114457315,inf
13,74,inf,inf,inf,36.05551275463989,inf
13,75,inf,inf,inf,768.2349900909227,inf
13,76,inf,inf,inf,362.62515081003414,inf
13,77,inf,inf,inf,1377.293360181483,inf
13,78,inf,inf,inf,536.723392447171,inf
13,79,inf,inf,inf,1142.8035701729323,inf
13,80,inf,inf,inf,1446.0086445108134,inf
13,81,inf,inf,inf,812.6899777898088,inf
13,82,inf,inf,inf,1434.034867079598,inf
13,83,inf,inf,inf,220.7826985975124,inf
13,84,inf,inf,inf,713.4928170626528,inf
13,85,inf,inf,inf,1129.2696754982842,inf
13,86,inf,inf,inf,1405.9022014350785,inf
13,87,inf,inf,inf,577.8762843377465,inf
13,88,inf,inf,inf,1120.14865084952,inf
13,89,inf,inf,inf,1070.8734752527957,inf
13,90,inf,inf,inf,504.060512240346,inf
13,91,inf,inf,inf,617.0518616777686,inf
13,92,inf,inf,inf,1100.5825730039523,inf
13,93,inf,inf,inf,582.7529493704858,inf
13,94,inf,inf,inf,1097.404665563255,inf
13,95,inf,inf,inf,741.9359810657521,inf
13,96,inf,inf,inf,484.264390596707,inf
13,97,inf,inf,inf,872.2293276426791,inf
13,98,inf,inf,inf,1227.6359395195304,inf
13,99,inf,inf,inf,415.4816482108446,inf
13,100,inf,inf,inf,404.5503676923307,inf
13,101,inf,inf,inf,1113.8491818913367,inf
13,102,inf,inf,inf,760.5294208641767,inf
13,103,inf,inf,inf,1128.5433088721052,inf
13,104,inf,inf,inf,714.5600044782803,inf
13,105,inf,inf,inf,345.2491853719571,inf
13,106,inf,inf,inf,852.3033497528917,inf
13,107,inf,inf,inf,409.20654931220247,inf
13,108,inf,inf,inf,1049.3826756717494,inf
13,109,inf,inf,inf,778.2448200919811,inf
13,110,inf,inf,inf,748.1951617058212,inf
13,111,inf,inf,inf,694.6481123561771,inf
13,112,inf,inf,inf,1303.0564070676296,inf
13,113,inf,inf,inf,1348.0879051456548,inf
13,114,inf,inf,inf,765.4887327714237,inf
13,115,inf,inf,inf,645.5385348683686,inf
13,116,inf,inf,inf,330.62667768950524,inf
13,117,inf,inf,inf,851.5867542417508,inf
13,118,inf,inf,inf,738.1327793832218,inf
13,119,inf,inf,inf,883.5609769563163,inf
13,120,inf,inf,inf,1288.6535608921429,inf
13,121,inf,inf,inf,1083.7162912866079,inf
13,122,inf,inf,inf,1297.9368243485505,inf
13,123,inf,inf,inf,920.4390256828532,inf
13,124,inf,inf,inf,978.7425606358395,inf
13,125,inf,inf,inf,994.6094710990842,inf
13,126,inf,inf,inf,856.4350529958474,inf
13,127,inf,inf,inf,594.7982851353894,inf
13,128,inf,inf,inf,982.0310585719782,inf
13,129,inf,inf,inf,1459.3632172971882,inf
13,130,inf,inf,inf,837.1170766386265,inf
13,131,inf,inf,inf,741.033062690188,inf
13,132,inf,inf,inf,1286.7517243042653,inf
13,133,inf,inf,inf,928.193945250668,inf
13,134,inf,inf,inf,1416.0515527338684,inf
13,135,inf,inf,inf,1336.0452836636937,inf
13,136,inf,inf,inf,635.2204341801356,inf
13,137,inf,inf,inf,1466.4422934435572,inf
13,138,inf,inf,inf,327.81854737034024,inf
13,139,inf,inf,inf,214.03270778084362,inf
13,140,inf,inf,inf,781.5785309231568,inf
14,15,inf,inf,inf,789.335163286167,inf
14,16,inf,inf,inf,104.546640309481,inf
14,17,inf,inf,inf,1281.3898704141532,inf
14,18,inf,inf,inf,1386.1042529333788,inf
14,19,inf,inf,inf,1432.3798378921704,inf
14,20,inf,inf,inf,714.228254831745,inf
14,21,inf,inf,inf,1441.54986039332,inf
14,22,inf,inf,inf,503.1709451071276,inf
14,23,inf,inf,inf,730.7619311376312,inf
14,24,inf,inf,inf,1076.6707946257295,inf
14,25,inf,inf,inf,870.0264363799528,inf
14,26,inf,inf,inf,982.356350821839,inf
14,27,inf,inf,inf,695.4207359577366,inf
14,28,inf,inf,inf,643.204477596355,inf
14,29,inf,inf,inf,774.8238509493625,inf
14,30,inf,inf,inf,565.2273878714655,inf
14,31,inf,inf,inf,748.577985249366,inf
14,32,inf,inf,inf,255.15681452785068,inf
14,33,inf,inf,inf,1392.6952286842948,inf
14,34,inf,inf,inf,1219.5987044925885,inf
14,35,inf,inf,inf,1379.7427296420155,inf
14,36,inf,inf,inf,1041.0648394792709,inf
14,37,inf,inf,inf,1298.0138674143664,inf
14,38,inf,inf,inf,999.7924784674068,inf
14,39,inf,inf,inf,1247.1423334968626,inf
14,40,inf,inf,inf,1298.5561212361984,inf
14,41,inf,inf,inf,1417.4829804974731,inf
14,42,inf,inf,inf,1331.2944828248933,inf
14,43,inf,inf,inf,538.924855615326,inf
14,44,inf,inf,inf,406.63620104461927,inf
14,45,inf,inf,inf,474.2921040877657,inf
14,46,inf,inf,inf,1068.075371872229,inf
14,47,inf,inf,inf,796.2945434950562,inf
14,48,inf,inf,inf,818.8015632618199,inf
14,49,inf,inf,inf,1325.6258899101208,inf
14,50,inf,inf,inf,221.30521909796886,inf
14,51,inf,inf,inf,893.1965069345043,inf
14,52,inf,inf,inf,668.290356057904,inf
14,53,inf,inf,inf,1444.5372961609542,inf
14,54,inf,inf,inf,1241.8264774113975,inf
14,55,inf,inf,inf,804.9875775439023,inf
14,56,inf,inf,inf,664.4651984867229,inf
14,57,inf,inf,inf,694.6653870749572,inf
14,58,inf,inf,inf,927.0382947861431,inf
14,59,inf,inf,inf,1297.2127813123027,inf
14,60,inf,inf,inf,910.4004613355597,inf
14,61,inf,inf,inf,453.8744319743072,inf
14,62,inf,inf,inf,704.6374954542229,inf
14,63,inf,inf,inf,1165.2175762491743,inf
14,64,inf,inf,inf,841.8580640464282,inf
14,65,inf,inf,inf,892.6751928893286,inf
14,66,inf,inf,inf,492.37891912631676,inf
14,67,inf,inf,inf,613.8876118639307,inf
14,68,inf,inf,inf,950.5577310190055,inf
14,69,inf,inf,inf,1454.9728519804073,inf
14,70,inf,inf,inf,1369.1446234784694,inf
14,71,inf,inf,inf,1020.7154353687417,inf
14,72,inf,inf,inf,687.5027272673178,inf
14,73,inf,inf,inf,839.2806443615866,inf
14,74,inf,inf,inf,1457.6309546658235,inf
14,75,inf,inf,inf,906.3911958972241,inf
14,76,inf,inf,inf,1479.4002163038913,inf
14,77,inf,inf,inf,175.6957597667058,inf
14,78,inf,inf,inf,926.5527507918802,inf
14,79,inf,inf,inf,677.881995630508,inf
14,80,inf,inf,inf,110.3675676999362,inf
14,81,inf,inf,inf,728.4703151124279,inf
14,82,inf,inf,inf,175.1456536714514,inf
14,83,inf,inf,inf,1291.1905359008792,inf
14,84,inf,inf,inf,751.5344303490027,inf
14,85,inf,inf,inf,569.914028604315,inf
14,86,inf,inf,inf,491.40716315495445,inf
14,87,inf,inf,inf,1255.8124860025878,inf
14,88,inf,inf,inf,677.4341296391849,inf
14,89,inf,inf,inf,651.6578857038407,inf
14,90,inf,inf,inf,964.2971533713039,inf
14,91,inf,inf,inf,851.4135305478766,inf
14,92,inf,inf,inf,419.2302470003805,inf
14,93,inf,inf,inf,1020.0299015224995,inf
14,94,inf,inf,inf,499.1242330322181,inf
14,95,inf,inf,inf,936.090273424524,inf
14,96,inf,inf,inf,981.2257640319071,inf
14,97,inf,inf,inf,599.5498311233188,inf
14,98,inf,inf,inf,627.0390737426177,inf
14,99,inf,inf,inf,1471.0788558061734,inf
14,100,inf,inf,inf,1362.703562775118,inf
14,101,inf,inf,inf,1118.4346203511407,inf
14,102,inf,inf,inf,781.1459530715115,inf
14,103,inf,inf,inf,688.367634335026,inf
14,104,inf,inf,inf,849.8941110514886,inf
14,105,inf,inf,inf,1299.4648898681335,inf
14,106,inf,inf,inf,690.5222661145692,inf
14,107,inf,inf,inf,1345.9398203485919,inf
14,108,inf,inf,inf,862.392022226551,inf
14,109,inf,inf,inf,1306.0907319171972,inf
14,110,inf,inf,inf,747.475752115077,inf
14,111,inf,inf,inf,784.3698107398066,inf
14,112,inf,inf,inf,894.6820664347755,inf
14,113,inf,inf,inf,262.26894593146176,inf
14,114,inf,inf,inf,1134.7409395981094,inf
14,115,inf,inf,inf,1425.4950017450078,inf
14,116,inf,inf,inf,1330.7298749182721,inf
14,117,inf,inf,inf,939.1591984322998,inf
14,118,inf,inf,inf,1247.604103872699,inf
14,119,inf,inf,inf,592.7596477494061,inf
14,120,inf,inf,inf,891.8520056601319,inf
14,121,inf,inf,inf,659.2730845408449,inf
14,122,inf,inf,inf,908.4690418500787,inf
14,123,inf,inf,inf,864.8074930295181,inf
14,124,inf,inf,inf,702.7268317063182,inf
14,125,inf,inf,inf,1242.7018950657475,inf
14,126,inf,inf,inf,942.3401721246951,inf
14,127,inf,inf,inf,1198.9215987711623,inf
14,128,inf,inf,inf,1249.7011642788848,inf
14,129,inf,inf,inf,39.0,inf
14,130,inf,inf,inf,1343.5672666450312,inf
14,131,inf,inf,inf,933.1162842861547,inf
14,132,inf,inf,inf,528.2518338822877,inf
14,133,inf,inf,inf,782.8282059302667,inf
14,134,inf,inf,inf,562.7379496710703,inf
14,135,inf,inf,inf,193.2174940319846,inf
14,136,inf,inf,inf,831.9621385616055,inf
14,137,inf,inf,inf,402.06094065452316,inf
14,138,inf,inf,inf,1480.396230743648,inf
14,139,inf,inf,inf,1387.1041777746905,inf
14,140,inf,inf,inf,724.7930739183425,inf
15,16,inf,inf,inf,689.8144678100047,inf
15,17,inf,inf,inf,946.8400076042415,inf
15,18,inf,inf,inf,903.4273628798278,inf
15,19,inf,inf,inf,881.7675430633632,inf
15,20,inf,inf,inf,567.6653944006099,inf
15,21,inf,inf,inf,844.6561430546752,inf
15,22,inf,inf,inf,555.0288280801277,inf
15,23,inf,inf,inf,242.1672975444868,inf
15,24,inf,inf,inf,973.3005702248406,inf
15,25,inf,inf,inf,959.2872353992833,inf
15,26,inf,inf,inf,949.8010317956072,inf
15,27,inf,inf,inf,213.70072531463248,inf
15,28,inf,inf,inf,169.5228598154243,inf
15,29,inf,inf,inf,305.9836596944353,inf
15,30,inf,inf,inf,927.0684980086423,inf
15,31,inf,inf,inf,309.80800506119914,inf
15,32,inf,inf,inf,584.7777355542873,inf
15,33,inf,inf,inf,894.7234209519722,inf
15,34,inf,inf,inf,953.0,inf
15,35,inf,inf,inf,787.1213375331658,inf
15,36,inf,inf,inf,843.8684731639167,inf
15,37,inf,inf,inf,509.825460329317,inf
15,38,inf,inf,inf,508.55186559484764,inf
15,39,inf,inf,inf,607.4553481532614,inf
15,40,inf,inf,inf,932.9748120930168,inf
15,41,inf,inf,inf,628.1560315717744,inf
15,42,inf,inf,inf,882.8459661798314,inf
15,43,inf,inf,inf,289.15393824051574,inf
15,44,inf,inf,inf,661.7439081699204,inf
15,45,inf,inf,inf,491.6390952721315,inf
15,46,inf,inf,inf,398.0113063720678,inf
15,47,inf,inf,inf,361.3820692840197,inf
15,48,inf,inf,inf,223.0560467685196,inf
15,49,inf,inf,inf,881.4907827084751,inf
15,50,inf,inf,inf,848.5387439592844,inf
15,51,inf,inf,inf,309.7256850827842,inf
15,52,inf,inf,inf,321.54937412472134,inf
15,53,inf,inf,inf,860.6195442819086,inf
15,54,inf,inf,inf,569.5410432971446,inf
15,55,inf,inf,inf,261.76516192954324,inf
15,56,inf,inf,inf,376.6908546805988,inf
15,57,inf,inf,inf,361.56603822815,inf
15,58,inf,inf,inf,968.3439471592725,inf
15,59,inf,inf,inf,605.4890585303751,inf
15,60,inf,inf,inf,130.92364186807515,inf
15,61,inf,inf,inf,339.1577803913689,inf
15,62,inf,inf,inf,243.87701818744628,inf
15,63,inf,inf,inf,963.693934815406,inf
15,64,1.0,58.2132,58.21320343559641,54.120236510939236,1.0756272919064178
15,65,inf,inf,inf,442.82389276099366,inf
15,66,inf,inf,inf,308.13146544940844,inf
15,67,inf,inf,inf,184.69434208984313,inf
15,68,inf,inf,inf,198.39858870465787,inf
15,69,inf,inf,inf,727.8516332330374,inf
15,70,inf,inf,inf,648.7410885707795,inf
15,71,inf,inf,inf,815.9129855566707,inf
15,72,inf,inf,inf,232.26278221015093,inf
15,73,inf,inf,inf,565.3547558834188,inf
15,74,inf,inf,inf,679.977940818671,inf
15,75,inf,inf,inf,295.5757094214611,inf
15,76,inf,inf,inf,806.2660851108647,inf
15,77,inf,inf,inf,688.503449519318,inf
15,78,inf,inf,inf,186.6815470259447,inf
15,79,inf,inf,inf,711.0119548924617,inf
15,80,inf,inf,inf,791.2578593606512,inf
15,81,inf,inf,inf,160.75136080294934,inf
15,82,inf,inf,inf,793.8324760300501,inf
15,83,inf,inf,inf,557.9829746506608,inf
15,84,inf,inf,inf,81.00617260431454,inf
15,85,inf,inf,inf,472.42353878696605,inf
15,86,inf,inf,inf,867.5626778510011,inf
15,87,inf,inf,inf,532.7109910636348,inf
15,88,inf,inf,inf,688.6980470423886,inf
15,89,inf,inf,inf,621.9614135941232,inf
15,90,inf,inf,inf,188.692872149427,inf
15,91,inf,inf,inf,185.32404053441098,inf
15,92,inf,inf,inf,498.87072473738124,inf
15,93,inf,inf,inf,463.9450398484717,inf
15,94,inf,inf,inf,551.1125111989384,inf
15,95,inf,inf,inf,522.0086206184722,inf
15,96,inf,inf,inf,249.0020080240318,inf
15,97,inf,inf,inf,265.9661632614194,inf
15,98,inf,inf,inf,593.3295880031603,inf
15,99,inf,inf,inf,819.6981151619174,inf
15,100,inf,inf,inf,718.0564044697325,inf
15,101,inf,inf,inf,955.3313561272863,inf
15,102,inf,inf,inf,137.11673858431726,inf
15,103,inf,inf,inf,516.0155036430591,inf
15,104,inf,inf,inf,387.56934863324784,inf
15,105,inf,inf,inf,627.236000242333,inf
15,106,inf,inf,inf,379.26903380054637,inf
15,107,inf,inf,inf,574.6720804076008,inf
15,108,inf,inf,inf,527.683617331446,inf
15,109,inf,inf,inf,867.1683804198583,inf
15,110,inf,inf,inf,66.52818951391959,inf
15,111,inf,inf,inf,218.92921230388603,inf
15,112,inf,inf,inf,966.764707671934,inf
15,113,inf,inf,inf,729.6608801354229,inf
15,114,inf,inf,inf,511.825165461801,inf
15,115,inf,inf,inf,887.1178050292982,inf
15,116,inf,inf,inf,653.4646126608541,inf
15,117,inf,inf,inf,403.98267289575676,inf
15,118,inf,inf,inf,797.4220965084928,inf
15,119,inf,inf,inf,197.12432625122653,inf
15,120,inf,inf,inf,954.0828056306224,inf
15,121,inf,inf,inf,640.4880951274582,inf
15,122,inf,inf,inf,970.0608228353519,inf
15,123,inf,inf,inf,627.9251547756309,inf
15,124,inf,inf,inf,361.61443555256477,inf
15,125,inf,inf,inf,955.569986971127,inf
15,126,inf,inf,inf,410.93186783212616,inf
15,127,inf,inf,inf,665.9316781772736,inf
15,128,inf,inf,inf,952.2105859524983,inf
15,129,inf,inf,inf,791.4322459945639,inf
15,130,inf,inf,inf,929.400344308092,inf
15,131,inf,inf,inf,518.0038609894718,inf
15,132,inf,inf,inf,625.8594091327541,inf
15,133,inf,inf,inf,356.45196029759745,inf
15,134,inf,inf,inf,904.7098982546836,inf
15,135,inf,inf,inf,693.6980611188127,inf
15,136,inf,inf,inf,75.71657678474378,inf
15,137,inf,inf,inf,890.0275276641729,inf
15,138,inf,inf,inf,794.3431248522265,inf
15,139,inf,inf,inf,666.195166599098,inf
15,140,inf,inf,inf,104.00480758118829,inf
16,17,inf,inf,inf,1192.7824613063356,inf
16,18,inf,inf,inf,1289.187728765675,inf
16,19,inf,inf,inf,1332.3730708776727,inf
16,20,inf,inf,inf,669.2144648765446,inf
16,21,inf,inf,inf,1339.6745873532125,inf
16,22,inf,inf,inf,413.4694668291723,inf
16,23,inf,inf,inf,626.2403691874231,inf
16,24,inf,inf,inf,1004.0169321281389,inf
16,25,inf,inf,inf,812.6819796205648,inf
16,26,inf,inf,inf,914.4189411861502,inf
16,27,inf,inf,inf,590.9314681077662,inf
16,28,inf,inf,inf,548.9571932309476,inf
16,29,inf,inf,inf,670.917282531908,inf
16,30,inf,inf,inf,534.9579422721005,inf
16,31,inf,inf,inf,671.4469450373574,inf
16,32,inf,inf,inf,155.8621185535472,inf
16,33,inf,inf,inf,1295.0096524736794,inf
16,34,inf,inf,inf,1135.2325752901913,inf
16,35,inf,inf,inf,1277.7683671151044,inf
16,36,inf,inf,inf,958.5916753237533,inf
16,37,inf,inf,inf,1197.1841963540949,inf
16,38,inf,inf,inf,931.4123683954384,inf
16,39,inf,inf,inf,1143.3468415139826,inf
16,40,inf,inf,inf,1207.9776487998442,inf
16,41,inf,inf,inf,1317.5553119319127,inf
16,42,inf,inf,inf,1235.817543167275,inf
16,43,inf,inf,inf,450.73495537843525,inf
16,44,inf,inf,inf,390.12433915355757,inf
16,45,inf,inf,inf,377.2015376426772,inf
16,46,inf,inf,inf,983.6284867774011,inf
16,47,inf,inf,inf,723.3291090506451,inf
16,48,inf,inf,inf,714.2674569095249,inf
16,49,inf,inf,inf,1230.3438543756781,inf
16,50,inf,inf,inf,229.94347131414713,inf
16,51,inf,inf,inf,811.7203952100748,inf
16,52,inf,inf,inf,592.4339625646052,inf
16,53,inf,inf,inf,1343.1731087242626,inf
16,54,inf,inf,inf,1137.4906593023084,inf
16,55,inf,inf,inf,700.5319407421763,inf
16,56,inf,inf,inf,595.2108869972054,inf
16,57,inf,inf,inf,623.552724314472,inf
16,58,inf,inf,inf,865.846406702713,inf
16,59,inf,inf,inf,1192.743476192597,inf
16,60,inf,inf,inf,809.0,inf
16,61,inf,inf,inf,358.586112391431,inf
16,62,inf,inf,inf,621.0442818350396,inf
16,63,inf,inf,inf,1085.3248361665737,inf
16,64,inf,inf,inf,742.8492444635049,inf
16,65,inf,inf,inf,824.0054611469513,inf
16,66,inf,inf,inf,399.3256816184003,inf
16,67,inf,inf,inf,512.0351550430888,inf
16,68,inf,inf,inf,856.3468923281032,inf
16,69,inf,inf,inf,1350.4384473199807,inf
16,70,inf,inf,inf,1264.6030997906023,inf
16,71,inf,inf,inf,937.0432220554184,inf
16,72,inf,inf,inf,602.4367186684424,inf
16,73,inf,inf,inf,744.8556907213638,inf
16,74,inf,inf,inf,1354.7700911962886,inf
16,75,inf,inf,inf,823.0558911762919,inf
16,76,inf,inf,inf,1375.3926712033913,inf
16,77,inf,inf,inf,164.24676556937126,inf
16,78,inf,inf,inf,823.1949951256993,inf
16,79,inf,inf,inf,602.5363059600642,inf
16,80,inf,inf,inf,123.90722335683259,inf
16,81,inf,inf,inf,637.9506250486788,inf
16,82,inf,inf,inf,167.83920876839238,inf
16,83,inf,inf,inf,1186.7758844870416,inf
16,84,inf,inf,inf,649.3396645824125,inf
16,85,inf,inf,inf,513.797625529741,inf
16,86,inf,inf,inf,457.28000174947516,inf
16,87,inf,inf,inf,1167.931932948149,inf
16,88,inf,inf,inf,599.4672634931786,inf
16,89,inf,inf,inf,567.2953375447396,inf
16,90,inf,inf,inf,862.3067899535524,inf
16,91,inf,inf,inf,747.219512593187,inf
16,92,inf,inf,inf,320.8301731446093,inf
16,93,inf,inf,inf,917.0087240588281,inf
16,94,inf,inf,inf,408.93153461184676,inf
16,95,inf,inf,inf,836.8183793392686,inf
16,96,inf,inf,inf,877.3836105148079,inf
16,97,inf,inf,inf,495.025251881154,inf
16,98,inf,inf,inf,589.6202167497312,inf
16,99,inf,inf,inf,1367.5587738740883,inf
16,100,inf,inf,inf,1259.104840749967,inf
16,101,inf,inf,inf,1040.9966378427935,inf
16,102,inf,inf,inf,689.2902146411191,inf
16,103,inf,inf,inf,637.1342087817919,inf
16,104,inf,inf,inf,747.3004750433389,inf
16,105,inf,inf,inf,1195.2125334014868,inf
16,106,inf,inf,inf,588.6977153004758,inf
16,107,inf,inf,inf,1251.6309360190808,inf
16,108,inf,inf,inf,804.7074002393665,inf
16,109,inf,inf,inf,1210.9124658702626,inf
16,110,inf,inf,inf,650.5766672729663,inf
16,111,inf,inf,inf,679.8308613177251,inf
16,112,inf,inf,inf,836.120804668799,inf
16,113,inf,inf,inf,212.11553455605272,inf
16,114,inf,inf,inf,1056.3621538090051,inf
16,115,inf,inf,inf,1326.0143287310284,inf
16,116,inf,inf,inf,1226.4501620530693,inf
16,117,inf,inf,inf,864.0428230128412,inf
16,118,inf,inf,inf,1151.1568094747126,inf
16,119,inf,inf,inf,494.2974812802509,inf
16,120,inf,inf,inf,831.8954261203749,inf
16,121,inf,inf,inf,576.6324652670885,inf
16,122,inf,inf,inf,849.1136555255722,inf
16,123,inf,inf,inf,773.7609449952873,inf
16,124,inf,inf,inf,631.5734319934619,inf
16,125,inf,inf,inf,1157.0937732094146,inf
16,126,inf,inf,inf,867.717119803453,inf
16,127,inf,inf,inf,1098.1060968777106,inf
16,128,inf,inf,inf,1163.3988997759968,inf
16,129,inf,inf,inf,101.71037311896953,inf
16,130,inf,inf,inf,1250.3027633337456,inf
16,131,inf,inf,inf,833.7409669675588,inf
16,132,inf,inf,inf,500.2159533641445,inf
16,133,inf,inf,inf,709.7393887899981,inf
16,134,inf,inf,inf,528.060602582696,inf
16,135,inf,inf,inf,127.1416532848303,inf
16,136,inf,inf,inf,730.1157442488143,inf
16,137,inf,inf,inf,386.6018623855814,inf
16,138,inf,inf,inf,1376.1573311216998,inf
16,139,inf,inf,inf,1282.5614995001215,inf
16,140,inf,inf,inf,629.7340708584854,inf
17,18,inf,inf,inf,246.22144504490262,inf
17,19,inf,inf,inf,373.0629973610355,inf
17,20,inf,inf,inf,1482.5876028080095,inf
17,21,inf,inf,inf,460.68861501018233,inf
17,22,inf,inf,inf,779.4260709008905,inf
17,23,inf,inf,inf,740.3303316763403,inf
17,24,inf,inf,inf,338.02366781040644,inf
17,25,inf,inf,inf,588.8038722698756,inf
17,26,inf,inf,inf,436.87069025055916,inf
17,27,inf,inf,inf,789.4111729637477,inf
17,28,inf,inf,inf,1046.3077941026722,inf
17,29,inf,inf,inf,664.1264939753571,inf
17,30,inf,inf,inf,898.9293631871194,inf
17,31,inf,inf,inf,1249.4626845168286,inf
17,32,inf,inf,inf,1039.5561552893619,inf
17,33,inf,inf,inf,272.8369476445593,inf
17,34,inf,inf,inf,105.68348972285122,inf
17,35,inf,inf,inf,439.6111918502531,inf
17,36,inf,inf,inf,263.1805463935357,inf
17,37,inf,inf,inf,997.476816773202,inf
17,38,inf,inf,inf,1446.7000380175566,inf
17,39,inf,inf,inf,531.37180956464,inf
17,40,inf,inf,inf,48.33218389437829,inf
17,41,inf,inf,inf,1088.8314837476,inf
17,42,inf,inf,inf,182.00274723201295,inf
17,43,inf,inf,inf,1115.8351132671887,inf
17,44,inf,inf,inf,1437.1322138202872,inf
17,45,inf,inf,inf,822.073597678456,inf
17,46,inf,inf,inf,1279.0015637207016,inf
17,47,inf,inf,inf,1306.0417298080486,inf
17,48,inf,inf,inf,724.930341481166,inf
17,49,inf,inf,inf,174.73408368146153,inf
17,50,inf,inf,inf,1153.2250430856936,inf
17,51,inf,inf,inf,1249.6399481450646,inf
17,52,inf,inf,inf,1238.432880700444,inf
17,53,inf,inf,inf,436.9805487661894,inf
17,54,inf,inf,inf,596.8927876930663,inf
17,55,inf,inf,inf,691.3935203630418,inf
17,56,inf,inf,inf,1291.0313706490638,inf
17,57,inf,inf,inf,1286.200606437425,inf
17,58,inf,inf,inf,528.3937925449162,inf
17,59,inf,inf,inf,638.8153097727073,inf
17,60,inf,inf,inf,891.1436472309052,inf
17,61,inf,inf,inf,1065.4623409581402,inf
17,62,inf,inf,inf,1173.5595425882746,inf
17,63,inf,inf,inf,200.80836635957178,inf
17,64,inf,inf,inf,957.4680151315761,inf
17,65,inf,inf,inf,1389.285067939622,inf
17,66,inf,inf,inf,1077.2525237844652,inf
17,67,inf,inf,inf,928.5397137441133,inf
17,68,inf,inf,inf,1072.9026050858483,inf
17,69,inf,inf,inf,764.3677125572482,inf
17,70,inf,inf,inf,720.8002497224873,inf
17,71,inf,inf,inf,274.11676344215067,inf
17,72,inf,inf,inf,1155.2056094046636,inf
17,73,inf,inf,inf,459.6346375111432,inf
17,74,inf,inf,inf,967.1938792196734,inf
17,75,inf,inf,inf,1230.7513965054031,inf
17,76,inf,inf,inf,632.0482576512651,inf
17,77,inf,inf,inf,1314.4127966510368,inf
17,78,inf,inf,inf,808.4182086024534,inf
17,79,inf,inf,inf,624.7463485287449,inf
17,80,inf,inf,inf,1198.3693086857656,inf
17,81,inf,inf,inf,1096.54776457754,inf
17,82,inf,inf,inf,1147.7856942826913,inf
17,83,inf,inf,inf,742.5961217243192,inf
17,84,inf,inf,inf,881.836719580218,inf
17,85,inf,inf,inf,1344.7624325508204,inf
17,86,inf,inf,inf,918.0615447779087,inf
17,87,inf,inf,inf,1312.145190137128,inf
17,88,inf,inf,inf,617.6026230514245,inf
17,89,inf,inf,inf,631.0958722729852,inf
17,90,inf,inf,inf,870.7381925699596,inf
17,91,inf,inf,inf,764.128915825072,inf
17,92,inf,inf,inf,879.5146388776028,inf
17,93,inf,inf,inf,500.2969118433573,inf
17,94,inf,inf,inf,783.8781793110458,inf
17,95,inf,inf,inf,431.2365939945264,inf
17,96,inf,inf,inf,773.7415589200311,inf
17,97,inf,inf,inf,834.5178248545683,inf
17,98,inf,inf,inf,1477.563535012962,inf
17,99,inf,inf,inf,580.4041695232728,inf
17,100,inf,inf,inf,541.4397473403666,inf
17,101,inf,inf,inf,258.00775182152955,inf
17,102,inf,inf,inf,1083.705218221265,inf
17,103,inf,inf,inf,1428.7372046671144,inf
17,104,inf,inf,inf,568.1478680766126,inf
17,105,inf,inf,inf,595.4871954962592,inf
17,106,inf,inf,inf,665.3247327433425,inf
17,107,inf,inf,inf,1222.2675648154948,inf
17,108,inf,inf,inf,1472.5270795472659,inf
17,109,inf,inf,inf,166.96406799069075,inf
17,110,inf,inf,inf,1001.2991560967182,inf
17,111,inf,inf,inf,736.2961360756962,inf
17,112,inf,inf,inf,566.87211961782,inf
17,113,inf,inf,inf,1038.6707851865287,inf
17,114,inf,inf,inf,1398.725491295558,inf
17,115,inf,inf,inf,349.72560672618755,inf
17,116,inf,inf,inf,608.6000328623061,inf
17,117,inf,inf,inf,1343.1678971744375,inf
17,118,inf,inf,inf,202.03960007879644,inf
17,119,inf,inf,inf,994.9412042929974,inf
17,120,inf,inf,inf,556.3452165697122,inf
17,121,inf,inf,inf,625.5853259148587,inf
17,122,inf,inf,inf,553.5232605771865,inf
17,123,inf,inf,inf,420.46165104560964,inf
17,124,inf,inf,inf,1288.5670335686848,inf
17,125,inf,inf,inf,73.348483283569,inf
17,126,inf,inf,inf,1350.1618421507844,inf
17,127,inf,inf,inf,357.1120272407526,inf
17,128,inf,inf,inf,57.87054518492115,inf
17,129,inf,inf,inf,1253.745189422476,inf
17,130,inf,inf,inf,129.34063553268942,inf
17,131,inf,inf,inf,435.35962146253297,inf
17,132,inf,inf,inf,1465.9174601593365,inf
17,133,inf,inf,inf,1299.792291098851,inf
17,134,inf,inf,inf,879.4145780006152,inf
17,135,inf,inf,inf,1089.6793106230841,inf
17,136,inf,inf,inf,880.2573487338802,inf
17,137,inf,inf,inf,1026.1700638783027,inf
17,138,inf,inf,inf,663.1568441929858,inf
17,139,inf,inf,inf,726.3897025701838,inf
17,140,inf,inf,inf,1032.1167569611493,inf
18,19,inf,inf,inf,128.4562182223967,inf
18,20,inf,inf,inf,1466.5063927579722,inf
18,21,inf,inf,inf,221.37976420621646,inf
18,22,inf,inf,inf,887.9921170821282,inf
18,23,inf,inf,inf,743.0437403006636,inf
18,24,inf,inf,inf,572.5251086197006,inf
18,25,inf,inf,inf,804.0304720593617,inf
18,26,inf,inf,inf,660.8940913641156,inf
18,27,inf,inf,inf,793.5017328273454,inf
18,28,inf,inf,inf,1033.7722186245865,inf
18,29,inf,inf,inf,670.6631046956437,inf
18,30,inf,inf,inf,1080.9944495694695,inf
18,31,inf,inf,inf,1213.2114407637278,inf
18,32,inf,inf,inf,1133.3366666617646,inf
18,33,inf,inf,inf,27.65863337187866,inf
18,34,inf,inf,inf,348.4881633570931,inf
18,35,inf,inf,inf,215.94675269612182,inf
18,36,inf,inf,inf,465.0688121127883,inf
18,37,inf,inf,inf,831.4956403974708,inf
18,38,inf,inf,inf,1372.813170099996,inf
18,39,inf,inf,inf,362.32720019341633,inf
18,40,inf,inf,inf,197.89138435010253,inf
18,41,inf,inf,inf,905.4440899359828,inf
18,42,inf,inf,inf,71.06335201775947,inf
18,43,inf,inf,inf,1123.7050324707102,inf
18,44,inf,inf,inf,1476.4396364227018,inf
18,45,inf,inf,inf,912.2115982599652,inf
18,46,inf,inf,inf,1179.33031844348,inf
18,47,inf,inf,inf,1262.5054455328104,inf
18,48,inf,inf,inf,698.2470909355799,inf
18,49,inf,inf,inf,79.1012010022604,inf
18,50,inf,inf,inf,1289.9817828171063,inf
18,51,inf,inf,inf,1183.8179758729802,inf
18,52,inf,inf,inf,1218.2122146818263,inf
18,53,inf,inf,inf,195.13328778042973,inf
18,54,inf,inf,inf,429.0757508878823,inf
18,55,inf,inf,inf,677.4215821775979,inf
18,56,inf,inf,inf,1273.08169415792,inf
18,57,inf,inf,inf,1262.0764636106642,inf
18,58,inf,inf,inf,749.6832664532402,inf
18,59,inf,inf,inf,453.4423888433899,inf
18,60,inf,inf,inf,818.1454638387968,inf
18,61,inf,inf,inf,1096.0770958285736,inf
18,62,inf,inf,inf,1144.8654942830622,inf
18,63,inf,inf,inf,441.0770907675891,inf
18,64,inf,inf,inf,900.0111110425248,inf
18,65,inf,inf,inf,1331.7424675964944,inf
18,66,inf,inf,inf,1097.8606468946775,inf
18,67,inf,inf,inf,933.9491420843,inf
18,68,inf,inf,inf,988.7087538805348,inf
18,69,inf,inf,inf,547.3874313500448,inf
18,70,inf,inf,inf,519.9788457235544,inf
18,71,inf,inf,inf,464.3974590800428,inf
18,72,inf,inf,inf,1130.0995531368021,inf
18,73,inf,inf,inf,549.0801398703107,inf
18,74,inf,inf,inf,766.1520736772824,inf
18,75,inf,inf,inf,1161.3457710776752,inf
18,76,inf,inf,inf,399.4496213541828,inf
18,77,inf,inf,inf,1389.28254865596,inf
18,78,inf,inf,inf,735.4352452799634,inf
18,79,inf,inf,inf,780.8540196477188,inf
18,80,inf,inf,inf,1316.572823659975,inf
18,81,inf,inf,inf,1062.8461788989034,inf
18,82,inf,inf,inf,1273.7884439733311,inf
18,83,inf,inf,inf,563.4483117376429,inf
18,84,inf,inf,inf,853.8506895236427,inf
18,85,inf,inf,inf,1347.3904408151336,inf
18,86,inf,inf,inf,1086.6057242624852,inf
18,87,inf,inf,inf,1178.0704562970757,inf
18,88,inf,inf,inf,767.794243270943,inf
18,89,inf,inf,inf,761.6803791617584,inf
18,90,inf,inf,inf,783.6836096282734,inf
18,91,inf,inf,inf,719.5609772632199,inf
18,92,inf,inf,inf,968.3599537362127,inf
18,93,inf,inf,inf,441.4997168742014,inf
18,94,inf,inf,inf,891.2294878424973,inf
18,95,inf,inf,inf,456.82600626496736,inf
18,96,inf,inf,inf,686.3679771084895,inf
18,97,inf,inf,inf,861.7685304070925,inf
18,98,inf,inf,inf,1477.825767808912,inf
18,99,inf,inf,inf,345.17242068276545,inf
18,100,inf,inf,inf,330.57828119826627,inf
18,101,inf,inf,inf,493.6527119342099,inf
18,102,inf,inf,inf,1038.215777186997,inf
18,103,inf,inf,inf,1413.4938981120506,inf
18,104,inf,inf,inf,573.8614815441092,inf
18,105,inf,inf,inf,407.83575125287877,inf
18,106,inf,inf,inf,712.7636354360399,inf
18,107,inf,inf,inf,1063.5379635913332,inf
18,108,inf,inf,inf,1427.1513584760378,inf
18,109,inf,inf,inf,96.18731725128839,inf
18,110,inf,inf,inf,965.7768893486735,inf
18,111,inf,inf,inf,719.900687595171,inf
18,112,inf,inf,inf,785.0917143875612,inf
18,113,inf,inf,inf,1165.0587967995434,inf
18,114,inf,inf,inf,1294.9934362768022,inf
18,115,inf,inf,inf,104.5609869884557,inf
18,116,inf,inf,inf,411.54465128342997,inf
18,117,inf,inf,inf,1273.391141794225,inf
18,118,inf,inf,inf,139.08630414242805,inf
18,119,inf,inf,inf,998.4152442746455,inf
18,120,inf,inf,inf,773.0103492192068,inf
18,121,inf,inf,inf,761.7296108200075,inf
18,122,inf,inf,inf,773.3130026063185,inf
18,123,inf,inf,inf,535.8292638518355,inf
18,124,inf,inf,inf,1262.9251759308625,inf
18,125,inf,inf,inf,318.1273329973393,inf
18,126,inf,inf,inf,1280.2195124274588,inf
18,127,inf,inf,inf,237.81084920583416,inf
18,128,inf,inf,inf,302.6945655276949,inf
18,129,inf,inf,inf,1363.4522360537608,inf
18,130,inf,inf,inf,118.33849753989612,inf
18,131,inf,inf,inf,460.3400916713642,inf
18,132,inf,inf,inf,1484.2132596092786,inf
18,133,inf,inf,inf,1258.6441117329393,inf
18,134,inf,inf,inf,1059.1718463025725,inf
18,135,inf,inf,inf,1201.759543336353,inf
18,136,inf,inf,inf,829.5950819526355,inf
18,137,inf,inf,inf,1187.2657663724665,inf
18,138,inf,inf,inf,432.89952644926746,inf
18,139,inf,inf,inf,521.5524901675765,inf
18,140,inf,inf,inf,1000.8446432888572,inf
19,20,inf,inf,inf,1449.361928574088,inf
19,21,inf,inf,inf,96.26006440887103,inf
19,22,inf,inf,inf,944.3119188064927,inf
19,23,inf,inf,inf,751.7745672739934,inf
19,24,inf,inf,inf,691.3089034577813,inf
19,25,inf,inf,inf,911.4658523499386,inf
19,26,inf,inf,inf,773.9974160163586,inf
19,27,inf,inf,inf,800.8957485216163,inf
19,28,inf,inf,inf,1025.350671721631,inf
19,29,inf,inf,inf,684.8532689562049,inf
19,30,inf,inf,inf,1169.4075423050767,inf
19,31,inf,inf,inf,1188.774579136011,inf
19,32,inf,inf,inf,1177.4553070074464,inf
19,33,inf,inf,inf,100.9554357129917,inf
19,34,inf,inf,inf,473.09724158992935,inf
19,35,inf,inf,inf,113.03981599418853,inf
19,36,inf,inf,inf,573.8083303682511,inf
19,37,inf,inf,inf,741.7007482805986,inf
19,38,inf,inf,inf,1326.125559666203,inf
19,39,inf,inf,inf,293.07336965340266,inf
19,40,inf,inf,inf,324.8261073251348,inf
19,41,inf,inf,inf,804.4936295583701,inf
19,42,inf,inf,inf,192.1067411623028,inf
19,43,inf,inf,inf,1124.1387814678399,inf
19,44,inf,inf,inf,1488.0944190473936,inf
19,45,inf,inf,inf,959.0375383685458,inf
19,46,inf,inf,inf,1121.1998037816454,inf
19,47,inf,inf,inf,1233.4362569666905,inf
19,48,inf,inf,inf,693.423391586987,inf
19,49,inf,inf,inf,199.8499437077729,inf
19,50,inf,inf,inf,1353.543497638698,inf
19,51,inf,inf,inf,1143.9895104414202,inf
19,52,inf,inf,inf,1202.2063050907693,inf
19,53,2.0,157.05380000000002,157.0538238691623,68.11754546370561,2.3056295232018265
19,54,inf,inf,inf,354.0014124265608,inf
19,55,inf,inf,inf,680.4858558412511,inf
19,56,inf,inf,inf,1257.429918524289,inf
19,57,inf,inf,inf,1243.3245754830073,inf
19,58,inf,inf,inf,860.5533103765274,inf
19,59,inf,inf,inf,363.35244598048325,inf
19,60,inf,inf,inf,782.7419753660845,inf
19,61,inf,inf,inf,1108.8525600818173,inf
19,62,inf,inf,inf,1125.6153872437956,inf
19,63,inf,inf,inf,563.7055969209459,inf
19,64,inf,inf,inf,870.7542707331386,inf
19,65,inf,inf,inf,1294.2662013666277,inf
19,66,inf,inf,inf,1105.4288760476632,inf
19,67,inf,inf,inf,937.4657327070681,inf
19,68,inf,inf,inf,942.443632266673,inf
19,69,inf,inf,inf,431.6132528085763,inf
19,70,inf,inf,inf,415.7078300922416,inf
19,71,inf,inf,inf,569.2697076079141,inf
19,72,inf,inf,inf,1113.0300984250157,inf
19,73,inf,inf,inf,610.265515984641,inf
19,74,inf,inf,inf,656.8409244253893,inf
19,75,inf,inf,inf,1119.9397305212456,inf
19,76,inf,inf,inf,275.8568469333324,inf
19,77,inf,inf,inf,1420.2665242833825,inf
19,78,inf,inf,inf,703.1159221636216,inf
19,79,inf,inf,inf,861.8700598118024,inf
19,80,inf,inf,inf,1370.467438504104,inf
19,81,inf,inf,inf,1042.5185849662346,inf
19,82,inf,inf,inf,1332.109605100121,inf
19,83,inf,inf,inf,472.53042230104086,inf
19,84,inf,inf,inf,842.076006070711,inf
19,85,inf,inf,inf,1341.5103428598677,inf
19,86,inf,inf,inf,1168.2983351866937,inf
19,87,inf,inf,inf,1101.1816380597709,inf
19,88,inf,inf,inf,846.4827228006487,inf
19,89,inf,inf,inf,831.703072015488,inf
19,90,inf,inf,inf,741.4560000431584,inf
19,91,inf,inf,inf,703.9268427897888,inf
19,92,inf,inf,inf,1013.2136990783337,inf
19,93,inf,inf,inf,438.2476468847266,inf
19,94,inf,inf,inf,946.8880609660257,inf
19,95,inf,inf,inf,496.6376949044444,inf
19,96,inf,inf,inf,647.8672703571311,inf
19,97,inf,inf,inf,878.7286270516057,inf
19,98,inf,inf,inf,1469.1255902747048,inf
19,99,inf,inf,inf,220.60145058453264,inf
19,100,inf,inf,inf,227.86180022109892,inf
19,101,inf,inf,inf,613.7752031485143,inf
19,102,inf,inf,inf,1012.0696616340201,inf
19,103,inf,inf,inf,1397.4011592953543,inf
19,104,inf,inf,inf,593.5789753689057,inf
19,105,inf,inf,inf,319.02507738420815,inf
19,106,inf,inf,inf,745.5072098913598,inf
19,107,inf,inf,inf,974.4588241685741,inf
19,108,inf,inf,inf,1394.999641577015,inf
19,109,inf,inf,inf,212.19095173922943,inf
19,110,inf,inf,inf,946.707980319169,inf
19,111,inf,inf,inf,719.5804333081883,inf
19,112,inf,inf,inf,894.1454020459984,inf
19,113,inf,inf,inf,1224.9412230797036,inf
19,114,inf,inf,inf,1233.1962536433525,inf
19,115,inf,inf,inf,24.08318915758459,inf
19,116,inf,inf,inf,314.95078980691574,inf
19,117,inf,inf,inf,1230.1300744230261,inf
19,118,inf,inf,inf,224.0089283934906,inf
19,119,inf,inf,inf,999.2497185388645,inf
19,120,inf,inf,inf,881.4578832820091,inf
19,121,inf,inf,inf,834.26674391348,inf
19,122,inf,inf,inf,883.2326986700617,inf
19,123,inf,inf,inf,608.8579473079086,inf
19,124,inf,inf,inf,1243.357149012302,inf
19,125,inf,inf,inf,443.78823778915097,inf
19,126,inf,inf,inf,1236.7784765268193,inf
19,127,inf,inf,inf,236.48467180770933,inf
19,128,inf,inf,inf,428.51487722131657,inf
19,129,inf,inf,inf,1412.5158406191415,inf
19,130,inf,inf,inf,246.5866987491418,inf
19,131,inf,inf,inf,499.48973963435924,inf
19,132,inf,inf,inf,1484.860262785694,inf
19,133,inf,inf,inf,1230.9037330352037,inf
19,134,inf,inf,inf,1146.683042518725,inf
19,135,inf,inf,inf,1254.0003987240195,inf
19,136,inf,inf,inf,806.2660851108647,inf
19,137,inf,inf,inf,1264.1412104666156,inf
19,138,inf,inf,inf,310.3626910567699,inf
19,139,inf,inf,inf,414.4514446832101,inf
19,140,inf,inf,inf,983.2014035791447,inf
20,21,inf,inf,inf,1411.1612239570643,inf
20,22,inf,inf,inf,861.7105082334785,inf
20,23,inf,inf,inf,742.297110327125,inf
20,24,inf,inf,inf,1434.1331876781878,inf
20,25,inf,inf,inf,1334.7434210364177,inf
20,26,inf,inf,inf,1379.5513763539218,inf
20,27,inf,inf,inf,693.2416606061698,inf
20,28,inf,inf,inf,437.0286031829038,inf
20,29,inf,inf,inf,818.5316120957089,inf
20,30,inf,inf,inf,1155.025540843145,inf
20,31,inf,inf,inf,268.26293072282647,inf
20,32,inf,inf,inf,692.3878970634886,inf
20,33,inf,inf,inf,1459.315593009271,inf
20,34,inf,inf,inf,1469.8914925939262,inf
20,35,inf,inf,inf,1354.307202963936,inf
20,36,inf,inf,inf,1330.0624045510044,inf
20,37,inf,inf,inf,951.6774663718796,inf
20,38,inf,inf,inf,350.41261392820894,inf
20,39,inf,inf,inf,1172.9799657283154,inf
20,40,inf,inf,inf,1475.8055427460624,inf
20,41,inf,inf,inf,1033.150521463354,inf
20,42,inf,inf,inf,1440.702953422391,inf
20,43,inf,inf,inf,377.7009398982216,inf
20,44,inf,inf,inf,330.55256768024054,inf
20,45,inf,inf,inf,785.3235002214055,inf
20,46,inf,inf,inf,531.1205136313226,inf
20,47,inf,inf,inf,245.73359558676546,inf
20,48,inf,inf,inf,769.7700955480149,inf
20,49,inf,inf,inf,1438.600013902405,inf
20,50,inf,inf,inf,898.8270133902296,inf
20,51,inf,inf,inf,377.25588133255127,inf
20,52,inf,inf,inf,248.29418035870273,inf
20,53,inf,inf,inf,1427.78499782005,inf
20,54,inf,inf,inf,1130.600283035521,inf
20,55,inf,inf,inf,796.1789999742521,inf
20,56,inf,inf,inf,193.54586019855861,inf
20,57,inf,inf,inf,206.16983290481662,inf
20,58,inf,inf,inf,1367.0998500475378,inf
20,59,inf,inf,inf,1159.631406956538,inf
20,60,inf,inf,inf,677.0265873656662,inf
20,61,inf,inf,inf,462.4975675611711,inf
20,62,inf,inf,inf,323.7900554371613,inf
20,63,inf,inf,inf,1460.0801347871288,inf
20,64,inf,inf,inf,583.6891295886878,inf
20,65,inf,inf,inf,266.9925092582187,inf
20,66,inf,inf,inf,432.1955575893857,inf
20,67,inf,inf,inf,555.8165164872307,inf
20,68,inf,inf,inf,565.8356651891077,inf
20,69,inf,inf,inf,1257.656550891379,inf
20,70,inf,inf,inf,1187.3638869360984,inf
20,71,inf,inf,inf,1302.4968330095855,inf
20,72,inf,inf,inf,336.78776699874356,inf
20,73,inf,inf,inf,1048.5199092053522,inf
20,74,inf,inf,inf,1147.4014118868774,inf
20,75,inf,inf,inf,404.357515077932,inf
20,76,inf,inf,inf,1359.3958216796166,inf
20,77,inf,inf,inf,539.626722837185,inf
20,78,inf,inf,inf,750.254623444601,inf
20,79,inf,inf,inf,1077.3718021184702,inf
20,80,inf,inf,inf,791.0379257658889,inf
20,81,inf,inf,inf,406.97051490249265,inf
20,82,inf,inf,inf,835.8624288721201,inf
20,83,inf,inf,inf,1093.994972566145,inf
20,84,inf,inf,inf,612.765860667841,inf
20,85,inf,inf,inf,167.6305461424021,inf
20,86,inf,inf,inf,1077.6924422115987,inf
20,87,inf,inf,inf,721.6238632417861,inf
20,88,inf,inf,inf,1061.5333249597018,inf
20,89,inf,inf,inf,1000.1799838029153,inf
20,90,inf,inf,inf,728.0226644823634,inf
20,91,inf,inf,inf,747.7519642234315,inf
20,92,inf,inf,inf,747.9919785666153,inf
20,93,inf,inf,inf,1025.0175608251793,inf
20,94,inf,inf,inf,855.7785928614948,inf
20,95,inf,inf,inf,1051.6410984741894,inf
20,96,inf,inf,inf,810.013580133074,inf
20,97,inf,inf,inf,660.2378359349001,inf
20,98,inf,inf,inf,98.08159868191383,inf
20,99,inf,inf,inf,1378.5517763218036,inf
20,100,inf,inf,inf,1280.6330465828219,inf
20,101,inf,inf,inf,1437.5430428338484,inf
20,102,inf,inf,inf,442.0011312202719,inf
20,103,inf,inf,inf,53.85164807134504,inf
20,104,inf,inf,inf,915.4157525408879,inf
20,105,inf,inf,inf,1186.3966453088108,inf
20,106,inf,inf,inf,833.1152381273554,inf
20,107,inf,inf,inf,876.0022831020476,inf
20,108,inf,inf,inf,177.0706073858674,inf
20,109,inf,inf,inf,1422.9915670867483,inf
20,110,inf,inf,inf,502.73850061438503,inf
20,111,inf,inf,inf,751.7619304008417,inf
20,112,inf,inf,inf,1351.112874633352,inf
20,113,inf,inf,inf,845.8019862828415,inf
20,114,inf,inf,inf,533.2851019857952,inf
20,115,inf,inf,inf,1454.4036578611867,inf
20,116,inf,inf,inf,1210.3569721367328,inf
20,117,inf,inf,inf,349.9857139941572,inf
20,118,inf,inf,inf,1353.1629613612693,inf
20,119,inf,inf,inf,489.90815465758476,inf
20,120,inf,inf,inf,1341.7518399465678,inf
20,121,inf,inf,inf,1017.6939618569032,inf
20,122,inf,inf,inf,1359.6359806948328,inf
20,123,inf,inf,inf,1105.521596351695,inf
20,124,inf,inf,inf,206.6325240614362,inf
20,125,inf,inf,inf,1478.7082200353118,inf
20,126,inf,inf,inf,348.31164206784706,inf
20,127,inf,inf,inf,1230.3109363083788,inf
20,128,inf,inf,inf,1478.162710935437,inf
20,129,inf,inf,inf,742.631133201403,inf
20,130,inf,inf,inf,1482.4456145167687,inf
20,131,inf,inf,inf,1047.5208828467335,inf
20,132,inf,inf,inf,205.91260281974002,inf
20,133,inf,inf,inf,241.40008285002722,inf
20,134,inf,inf,inf,1140.6980319085328,inf
20,135,inf,inf,inf,765.5435977134157,inf
20,136,inf,inf,inf,643.2923130272893,inf
20,137,inf,inf,inf,1037.127282448977,inf
20,138,inf,inf,inf,1343.2069833052537,inf
20,139,inf,inf,inf,1203.536455617361,inf
20,140,inf,inf,inf,466.5886839605093,inf
21,22,inf,inf,inf,965.0165801684445,inf
21,23,inf,inf,inf,739.1704810123305,inf
21,24,inf,inf,inf,767.3187082301591,inf
21,25,inf,inf,inf,974.9933333105412,inf
21,26,inf,inf,inf,843.7831474970332,inf
21,27,inf,inf,inf,786.4095625054416,inf
21,28,inf,inf,inf,996.2780736320558,inf
21,29,inf,inf,inf,677.7506916263532,inf
21,30,inf,inf,inf,1214.4611974040174,inf
21,31,inf,inf,inf,1146.8587532909185,inf
21,32,inf,inf,inf,1186.5146438202944,inf
21,33,inf,inf,inf,193.7679023987203,inf
21,34,inf,inf,inf,557.0682184436661,inf
21,35,1.0,70.4264,70.42640687119281,62.12889826803627,1.1335531263947327
21,36,inf,inf,inf,641.599563590874,inf
21,37,inf,inf,inf,659.2738429514703,inf
21,38,inf,inf,inf,1268.128148098606,inf
21,39,inf,inf,inf,238.76766950322232,inf
21,40,inf,inf,inf,413.0012106519786,inf
21,41,inf,inf,inf,715.4355316868181,inf
21,42,inf,inf,inf,278.7418160233588,inf
21,43,inf,inf,inf,1100.658893572391,inf
21,44,inf,inf,inf,1470.5893376466456,inf
21,45,inf,inf,inf,972.2000822875916,inf
21,46,inf,inf,inf,1056.6101457018099,inf
21,47,inf,inf,inf,1187.9802186905301,inf
21,48,inf,inf,inf,671.9002902216965,inf
21,49,inf,inf,inf,285.9545418418809,inf
21,50,inf,inf,inf,1376.8928789125173,inf
21,51,inf,inf,inf,1091.6162329317021,inf
21,52,inf,inf,inf,1166.2015263238168,inf
21,53,inf,inf,inf,29.154759474226502,inf
21,54,inf,inf,inf,290.1465147128257,inf
21,55,inf,inf,inf,665.1533657736387,inf
21,56,inf,inf,inf,1221.3189591584992,inf
21,57,inf,inf,inf,1205.0900381299316,inf
21,58,inf,inf,inf,927.6346263481113,inf
21,59,inf,inf,inf,286.6653100743095,inf
21,60,inf,inf,inf,737.0244229331888,inf
21,61,inf,inf,inf,1094.6414938234343,inf
21,62,inf,inf,inf,1087.8419002777932,inf
21,63,inf,inf,inf,644.7216453633304,inf
21,64,inf,inf,inf,828.283164141346,inf
21,65,inf,inf,inf,1242.6540145993977,inf
21,66,inf,inf,inf,1087.3752802045851,inf
21,67,inf,inf,inf,918.1394229636368,inf
21,68,inf,inf,inf,887.1538761680524,inf
21,69,inf,inf,inf,336.93322780634145,inf
21,70,inf,inf,inf,327.3912033027155,inf
21,71,inf,inf,inf,633.8911578496737,inf
21,72,inf,inf,inf,1076.9187527385714,inf
21,73,inf,inf,inf,640.2702554390606,inf
21,74,inf,inf,inf,564.1790495933006,inf
21,75,inf,inf,inf,1066.6363016511298,inf
21,76,inf,inf,inf,179.61347388211163,inf
21,77,inf,inf,inf,1417.6618073433451,inf
21,78,inf,inf,inf,660.9886534578336,inf
21,79,inf,inf,inf,903.124576124468,inf
21,80,inf,inf,inf,1385.9743864877157,inf
21,81,inf,inf,inf,1004.6616345815142,inf
21,82,inf,inf,inf,1351.3556156689474,inf
21,83,inf,inf,inf,392.36844929224367,inf
21,84,inf,inf,inf,812.7299674553658,inf
21,85,inf,inf,inf,1311.9283517021804,inf
21,86,inf,inf,inf,1207.641089065787,inf
21,87,inf,inf,inf,1024.7482617696894,inf
21,88,inf,inf,inf,886.0276519386965,inf
21,89,inf,inf,inf,864.5229898620395,inf
21,90,inf,inf,inf,691.4340170977995,inf
21,91,inf,inf,inf,674.1253592619106,inf
21,92,inf,inf,inf,1024.2753536037076,inf
21,93,inf,inf,inf,426.9859482465436,inf
21,94,inf,inf,inf,967.0475686335187,inf
21,95,inf,inf,inf,514.5143341054746,inf
21,96,inf,inf,inf,602.3039099989306,inf
21,97,inf,inf,inf,870.2011261771614,inf
21,98,inf,inf,inf,1436.8535067987968,inf
21,99,inf,inf,inf,124.47088012864695,inf
21,100,inf,inf,inf,147.2311108427835,inf
21,101,inf,inf,inf,691.7181506943417,inf
21,102,inf,inf,inf,970.3221114660843,inf
21,103,inf,inf,inf,1360.1955741730671,inf
21,104,inf,inf,inf,593.0615482393038,inf
21,105,inf,inf,inf,245.35892076710803,inf
21,106,inf,inf,inf,751.0639120607514,inf
21,107,inf,inf,inf,891.2934421390073,inf
21,108,inf,inf,inf,1346.56377494718,inf
21,109,inf,inf,inf,295.2033197645311,inf
21,110,inf,inf,inf,910.71071147758,inf
21,111,inf,inf,inf,700.8580455413207,inf
21,112,inf,inf,inf,959.296617319169,inf
21,113,inf,inf,inf,1246.080655495462,inf
21,114,inf,inf,inf,1165.6864930160252,inf
21,115,inf,inf,inf,119.80818002123227,inf
21,116,inf,inf,inf,234.85314560380067,inf
21,117,inf,inf,inf,1174.90510255084,inf
21,118,inf,inf,inf,290.5202230482415,inf
21,119,inf,inf,inf,977.2379444127208,inf
21,120,inf,inf,inf,946.1173288762869,inf
21,121,inf,inf,inf,869.0437273233149,inf
21,122,inf,inf,inf,949.2702460311289,inf
21,123,inf,inf,inf,647.8348554994552,inf
21,124,inf,inf,inf,1204.5418216068715,inf
21,125,inf,inf,inf,529.2806438931997,inf
21,126,inf,inf,inf,1181.3962078828592,inf
21,127,inf,inf,inf,247.69537742961614,inf
21,128,inf,inf,inf,514.3277165387842,inf
21,129,inf,inf,inf,1423.9792835571732,inf
21,130,inf,inf,inf,337.6581111124091,inf
21,131,inf,inf,inf,516.7630017716052,inf
21,132,inf,inf,inf,1459.2765330806906,inf
21,133,inf,inf,inf,1186.3936951956548,inf
21,134,inf,inf,inf,1191.0902568655324,inf
21,135,inf,inf,inf,1268.8833673746378,inf
21,136,inf,inf,inf,768.9791934766506,inf
21,137,inf,inf,inf,1298.9045384476874,inf
21,138,inf,inf,inf,214.11445537375565,inf
21,139,inf,inf,inf,324.3763246601083,inf
21,140,inf,inf,inf,947.8486166049935,inf
22,23,inf,inf,inf,359.5385931996731,inf
22,24,inf,inf,inf,610.0467195223657,inf
22,25,inf,inf,inf,473.2071428032337,inf
22,26,inf,inf,inf,534.6297784448599,inf
22,27,inf,inf,inf,356.8935415498577,inf
22,28,inf,inf,inf,511.5906566777779,inf
22,29,inf,inf,inf,359.9180462271932,inf
22,30,inf,inf,inf,372.8283787481849,inf
22,31,inf,inf,inf,723.7513385134428,inf
22,32,inf,inf,inf,262.10303317588676,inf
22,33,inf,inf,inf,896.4267956726862,inf
22,34,inf,inf,inf,722.8291637724643,inf
22,35,inf,inf,inf,904.7369783533776,inf
22,36,inf,inf,inf,548.285509565956,inf
22,37,inf,inf,inf,986.61491981421,inf
22,38,inf,inf,inf,992.2711323020538,inf
22,39,inf,inf,inf,798.6169294474041,inf
22,40,inf,inf,inf,795.5331545573698,inf
22,41,inf,inf,inf,1113.1455430445742,inf
22,42,inf,inf,inf,830.7129468113519,inf
22,43,inf,inf,inf,498.7273804394541,inf
22,44,inf,inf,inf,705.9093426212746,inf
22,45,inf,inf,inf,77.20103626247513,inf
22,46,inf,inf,inf,944.2340811472545,inf
22,47,inf,inf,inf,788.7420364098772,inf
22,48,inf,inf,inf,446.8299452811998,inf
22,49,inf,inf,inf,824.7793644363321,inf
22,50,inf,inf,inf,412.16137616229884,inf
22,51,inf,inf,inf,813.5361086024393,inf
22,52,inf,inf,inf,669.2421086572482,inf
22,53,inf,inf,inf,964.160256388947,inf
22,54,inf,inf,inf,809.6715383413202,inf
22,55,inf,inf,inf,412.0800893030383,inf
22,56,inf,inf,inf,704.4863376957711,inf
22,57,inf,inf,inf,717.6161926824116,inf
22,58,inf,inf,inf,509.0,inf
22,59,inf,inf,inf,870.9190547921202,inf
22,60,inf,inf,inf,624.6567057192294,inf
22,61,inf,inf,inf,400.2811511925087,inf
22,62,inf,inf,inf,645.3688867616721,inf
22,63,inf,inf,inf,677.4961254501756,inf
22,64,inf,inf,inf,604.5510731112798,inf
22,65,inf,inf,inf,896.2700485902673,inf
22,66,inf,inf,inf,435.72468371667907,inf
22,67,inf,inf,inf,392.3174734828924,inf
22,68,inf,inf,inf,753.4248469489177,inf
22,69,inf,inf,inf,1041.094135993475,inf
22,70,inf,inf,inf,956.0,inf
22,71,inf,inf,inf,525.6205855938292,inf
22,72,inf,inf,inf,621.6630920361929,inf
22,73,inf,inf,inf,338.940997815254,inf
22,74,inf,inf,inf,1102.7660676680255,inf
22,75,inf,inf,inf,811.0302090551252,inf
22,76,inf,inf,inf,1030.662893481666,inf
22,77,inf,inf,inf,544.1360124086624,inf
22,78,inf,inf,inf,596.540861970075,inf
22,79,inf,inf,inf,219.32852071721086,inf
22,80,inf,inf,inf,428.5813808368254,inf
22,81,inf,inf,inf,607.9605250343151,inf
22,82,inf,inf,inf,387.80020629184816,inf
22,83,inf,inf,inf,894.5881734071829,inf
22,84,inf,inf,inf,479.8426825533552,inf
22,85,inf,inf,inf,696.4947953861537,inf
22,86,inf,inf,inf,318.86360720533787,inf
22,87,inf,inf,inf,1087.5477001033105,inf
22,88,inf,inf,inf,207.3306537876153,inf
22,89,inf,inf,inf,159.0125781188394,inf
22,90,inf,inf,inf,660.5527987980976,inf
22,91,inf,inf,inf,502.3086700426342,inf
22,92,inf,inf,inf,118.94956914591998,inf
22,93,inf,inf,inf,565.4060487826425,inf
22,94,inf,inf,inf,6.0,inf
22,95,inf,inf,inf,450.6084775056945,inf
22,96,inf,inf,inf,630.2769232646868,inf
22,97,inf,inf,inf,289.40110573389313,inf
22,98,inf,inf,inf,818.8363694902664,inf
22,99,inf,inf,inf,1012.767495528959,inf
22,100,inf,inf,inf,907.6254734195157,inf
22,101,inf,inf,inf,637.1789387605337,inf
22,102,inf,inf,inf,636.4165302692884,inf
22,103,inf,inf,inf,812.6801338780222,inf
22,104,inf,inf,inf,398.6640189432701,inf
22,105,inf,inf,inf,862.1020821225292,inf
22,106,inf,inf,inf,246.48326515201796,inf
22,107,inf,inf,inf,1111.8475614939307,inf
22,108,inf,inf,inf,930.084404771954,inf
22,109,inf,inf,inf,805.1397394241574,inf
22,110,inf,inf,inf,557.1759147701918,inf
22,111,inf,inf,inf,416.7841167798984,inf
22,112,inf,inf,inf,490.323362690378,inf
22,113,inf,inf,inf,281.15476165272395,inf
22,114,inf,inf,inf,1049.3550400126737,inf
22,115,inf,inf,inf,935.1240559412424,inf
22,116,inf,inf,inf,893.5440671841541,inf
22,117,inf,inf,inf,896.799308652722,inf
22,118,inf,inf,inf,748.9492639691957,inf
22,119,inf,inf,inf,432.3482392701513,inf
22,120,inf,inf,inf,481.59838039594774,inf
22,121,inf,inf,inf,172.02906731131225,inf
22,122,inf,inf,inf,499.5768209194658,inf
22,123,inf,inf,inf,361.6365578865057,inf
22,124,inf,inf,inf,723.7306128664173,inf
22,125,inf,inf,inf,744.0329293788011,inf
22,126,inf,inf,inf,902.7779350427213,inf
22,127,inf,inf,inf,717.6963146066727,inf
22,128,inf,inf,inf,750.1053259376313,inf
22,129,inf,inf,inf,477.6023450528693,inf
22,130,inf,inf,inf,840.8198380152552,inf
22,131,inf,inf,inf,448.2822771424273,inf
22,132,inf,inf,inf,770.2629421178199,inf
22,133,inf,inf,inf,776.8738636355325,inf
22,134,inf,inf,inf,350.03571246374275,inf
22,135,inf,inf,inf,314.40101781005734,inf
22,136,inf,inf,inf,550.565164172235,inf
22,137,inf,inf,inf,368.0896629898753,inf
22,138,inf,inf,inf,1038.315944209661,inf
22,139,inf,inf,inf,973.0184993102649,inf
22,140,inf,inf,inf,560.9848482802365,inf
23,24,inf,inf,inf,733.6736331639567,inf
23,25,inf,inf,inf,720.7170041007774,inf
23,26,inf,inf,inf,707.6644685159769,inf
23,27,inf,inf,inf,50.60632371551998,inf
23,28,inf,inf,inf,306.1976485866604,inf
23,29,inf,inf,inf,76.24303246854758,inf
23,30,inf,inf,inf,727.2227994225703,inf
23,31,inf,inf,inf,516.468779308101,inf
23,32,inf,inf,inf,485.47090541040666,inf
23,33,inf,inf,inf,740.4410847596181,inf
23,34,inf,inf,inf,732.1871345496314,inf
23,35,inf,inf,inf,677.3544124016614,inf
23,36,inf,inf,inf,608.8949006191463,inf
23,37,inf,inf,inf,627.7141068989927,inf
23,38,inf,inf,inf,745.6339584541466,inf
23,39,inf,inf,inf,524.2032048738351,inf
23,40,inf,inf,inf,733.9761576509144,inf
23,41,inf,inf,inf,754.204879326566,inf
23,42,inf,inf,inf,708.2654869468087,inf
23,43,inf,inf,inf,382.05889598332874,inf
23,44,inf,inf,inf,736.6138744281159,inf
23,45,inf,inf,inf,316.53751752359466,inf
23,46,inf,inf,inf,636.7935301178868,inf
23,47,inf,inf,inf,577.0008665504758,inf
23,48,inf,inf,inf,92.04890004774636,inf
23,49,inf,inf,inf,705.2694520536105,inf
23,50,inf,inf,inf,726.1990085369162,inf
23,51,inf,inf,inf,548.1541753922887,inf
23,52,inf,inf,inf,498.7233702163956,inf
23,53,inf,inf,inf,747.9819516539152,inf
23,54,inf,inf,inf,512.5192679304847,inf
23,55,inf,inf,inf,75.59100475585703,inf
23,56,inf,inf,inf,550.8402672281684,inf
23,57,inf,inf,inf,547.1352666388815,inf
23,58,inf,inf,inf,727.2090483485474,inf
23,59,inf,inf,inf,566.6815684315134,inf
23,60,inf,inf,inf,272.47018185482244,inf
23,61,inf,inf,inf,357.0952253951318,inf
23,62,inf,inf,inf,437.5671377057468,inf
23,63,inf,inf,inf,733.0436549074004,inf
23,64,inf,inf,inf,278.21214926742505,inf
23,65,inf,inf,inf,670.6891977659996,inf
23,66,inf,inf,inf,355.2182427747764,inf
23,67,inf,inf,inf,191.8879881597595,inf
23,68,inf,inf,inf,427.95443682709964,inf
23,69,inf,inf,inf,725.1103364316358,inf
23,70,inf,inf,inf,639.0774600938449,inf
23,71,inf,inf,inf,580.8244140874245,inf
23,72,inf,inf,inf,417.76668129471506,inf
23,73,inf,inf,inf,326.54708695684303,inf
23,74,inf,inf,inf,753.7406715840667,inf
23,75,inf,inf,inf,536.1212549414545,inf
23,76,inf,inf,inf,752.9794153892921,inf
23,77,inf,inf,inf,682.6888017244753,inf
23,78,inf,inf,inf,237.00843866833097,inf
23,79,inf,inf,inf,479.4256981013846,inf
23,80,inf,inf,inf,699.212414077439,inf
23,81,inf,inf,inf,366.0874212534487,inf
23,82,inf,inf,inf,682.6162904589958,inf
23,83,inf,inf,inf,564.3580423808985,inf
23,84,inf,inf,inf,162.2621335986927,inf
23,85,inf,inf,inf,609.0361237233798,inf
23,86,inf,inf,inf,677.9749257900324,inf
23,87,inf,inf,inf,752.0664864225769,inf
23,88,inf,inf,inf,456.3441683641854,inf
23,89,inf,inf,inf,391.1738743832466,inf
23,90,inf,inf,inf,302.539253651489,inf
23,91,inf,inf,inf,142.9475428260311,inf
23,92,inf,inf,inf,347.57589099360735,inf
23,93,inf,inf,inf,314.0700558792576,inf
23,94,inf,inf,inf,357.2786027738017,inf
23,95,inf,inf,inf,309.38002521171273,inf
23,96,inf,inf,inf,273.5854528296415,inf
23,97,inf,inf,inf,133.71985641631537,inf
23,98,inf,inf,inf,741.2320824141384,inf
23,99,inf,inf,inf,749.8333148106984,inf
23,100,inf,inf,inf,641.2643760571766,inf
23,101,inf,inf,inf,720.0312493218611,inf
23,102,inf,inf,inf,366.4560000873229,inf
23,103,inf,inf,inf,688.451160213998,inf
23,104,inf,inf,inf,174.0028735394907,inf
23,105,inf,inf,inf,570.9290673980438,inf
23,106,inf,inf,inf,141.0319112825179,inf
23,107,inf,inf,inf,757.5018151793433,inf
23,108,inf,inf,inf,741.5288261423152,inf
23,109,inf,inf,inf,688.4199299845989,inf
23,110,inf,inf,inf,278.18878482066816,inf
23,111,inf,inf,inf,58.69412236331676,inf
23,112,inf,inf,inf,727.0165060024428,inf
23,113,inf,inf,inf,595.0899091733954,inf
23,114,inf,inf,inf,752.7084428914027,inf
23,115,inf,inf,inf,751.1757450823343,inf
23,116,inf,inf,inf,601.857956664195,inf
23,117,inf,inf,inf,641.5800807381726,inf
23,118,inf,inf,inf,619.3972876918335,inf
23,119,inf,inf,inf,257.6606295109907,inf
23,120,inf,inf,inf,714.0707247885184,inf
23,121,inf,inf,inf,409.05989781448875,inf
23,122,inf,inf,inf,729.7294019018283,inf
23,123,inf,inf,inf,388.6450823051798,inf
23,124,inf,inf,inf,549.925449492929,inf
23,125,inf,inf,inf,738.8105305150976,inf
23,126,inf,inf,inf,648.422701638368,inf
23,127,inf,inf,inf,517.3973328110611,inf
23,128,inf,inf,inf,737.4618634207467,inf
23,129,inf,inf,inf,720.9022125087424,inf
23,130,inf,inf,inf,744.8825410761082,inf
23,131,inf,inf,inf,305.26218239408564,inf
23,132,inf,inf,inf,741.4721842388965,inf
23,133,inf,inf,inf,569.0878666778971,inf
23,134,inf,inf,inf,703.4095535319377,inf
23,135,inf,inf,inf,586.1365028728376,inf
23,136,inf,inf,inf,207.87015177749788,inf
23,137,inf,inf,inf,722.9287655087463,inf
23,138,inf,inf,inf,751.7127110805031,inf
23,139,inf,inf,inf,656.9756464283893,inf
23,140,inf,inf,inf,302.42354405700627,inf
24,25,inf,inf,inf,265.3337520934719,inf
24,26,inf,inf,inf,110.14535850411491,inf
24,27,inf,inf,inf,772.53478886067,inf
24,28,inf,inf,inf,1021.1385802132833,inf
24,29,inf,inf,inf,667.4878276043692,inf
24,30,inf,inf,inf,606.20953473201,inf
24,31,inf,inf,inf,1241.2094907790545,inf
24,32,inf,inf,inf,864.6924308677624,inf
24,33,inf,inf,inf,596.6070733740927,inf
24,34,inf,inf,inf,233.13729860320507,inf
24,35,inf,inf,inf,731.3836202705116,inf
24,36,inf,inf,inf,148.8220413782851,inf
24,37,inf,inf,inf,1178.8214453427627,inf
24,38,inf,inf,inf,1479.306932316617,inf
24,39,inf,inf,inf,761.6508386393335,inf
24,40,inf,inf,inf,382.7531841800928,inf
24,41,inf,inf,inf,1288.7986654245108,inf
24,42,inf,inf,inf,502.2598928841522,inf
24,43,inf,inf,inf,1056.5472067068276,inf
24,44,inf,inf,inf,1314.799224216382,inf
24,45,inf,inf,inf,675.2192236599903,inf
24,46,inf,inf,inf,1355.2435205526717,inf
24,47,inf,inf,inf,1304.3101624997023,inf
24,48,inf,inf,inf,760.2157588474472,inf
24,49,inf,inf,inf,494.2226219023164,inf
24,50,inf,inf,inf,910.6063913678621,inf
24,51,inf,inf,inf,1281.6317723901823,inf
24,52,inf,inf,inf,1208.9532662597012,inf
24,53,inf,inf,inf,748.227238210425,inf
24,54,inf,inf,inf,816.532301871763,inf
24,55,inf,inf,inf,716.3972361755732,inf
24,56,inf,inf,inf,1255.1438164608867,inf
24,57,inf,inf,inf,1259.0742630996792,inf
24,58,inf,inf,inf,199.44924166313595,inf
24,59,inf,inf,inf,872.0877249451456,inf
24,60,inf,inf,inf,962.4661032992279,inf
24,61,inf,inf,inf,978.6490688699397,inf
24,62,inf,inf,inf,1160.131889053999,inf
24,63,inf,inf,inf,138.70832707519762,inf
24,64,inf,inf,inf,1001.4115038284712,inf
24,65,inf,inf,inf,1402.2143202806053,inf
24,66,inf,inf,inf,1003.4445674774466,inf
24,67,inf,inf,inf,890.8254598966063,inf
24,68,inf,inf,inf,1141.7968295629482,inf
24,69,inf,inf,inf,1025.9210495939733,inf
24,70,inf,inf,inf,964.6040638521072,inf
24,71,inf,inf,inf,172.04650534085255,inf
24,72,inf,inf,inf,1138.2266909539594,inf
24,73,inf,inf,inf,407.9460748677452,inf
24,74,inf,inf,inf,1197.1850316471553,inf
24,75,inf,inf,inf,1268.7714530205983,inf
24,76,inf,inf,inf,921.3278461003987,inf
24,77,inf,inf,inf,1149.0852883924674,inf
24,78,inf,inf,inf,889.8539205959594,inf
24,79,inf,inf,inf,401.6466108409232,inf
24,80,inf,inf,inf,979.0571995547554,inf
24,81,inf,inf,inf,1095.8745366144794,inf
24,82,inf,inf,inf,920.2173656261873,inf
24,83,inf,inf,inf,958.9770591625224,inf
24,84,inf,inf,inf,895.2720256994519,inf
24,85,inf,inf,inf,1277.488943200684,inf
24,86,inf,inf,inf,643.1834885940403,inf
24,87,inf,inf,inf,1433.7869437262987,inf
24,88,inf,inf,inf,406.69521757699584,inf
24,89,inf,inf,inf,452.0553063508933,inf
24,90,inf,inf,inf,962.3060843619352,inf
24,91,inf,inf,inf,815.9148239859354,inf
24,92,inf,inf,inf,727.3252367407582,inf
24,93,inf,inf,inf,626.8053924464913,inf
24,94,inf,inf,inf,615.7637533989802,inf
24,95,inf,inf,inf,484.38104834933415,inf
24,96,inf,inf,inf,877.7653444970358,inf
24,97,inf,inf,inf,778.4343260673953,inf
24,98,inf,inf,inf,1406.9122218532327,inf
24,99,inf,inf,inf,875.7379745106409,inf
24,100,inf,inf,inf,811.1874012828355,inf
24,101,inf,inf,inf,80.02499609497022,inf
24,102,inf,inf,inf,1100.0368175656668,inf
24,103,inf,inf,inf,1381.6692802548662,inf
24,104,inf,inf,inf,596.9154043916105,inf
24,105,inf,inf,inf,835.8187602584666,inf
24,106,inf,inf,inf,610.8559568343425,inf
24,107,inf,inf,inf,1382.0455853552733,inf
24,108,inf,inf,inf,1464.7607313141625,inf
24,109,inf,inf,inf,479.7801579890523,inf
24,110,inf,inf,inf,1011.62245922083,inf
24,111,inf,inf,inf,756.0423268574319,inf
24,112,inf,inf,inf,240.30813552603666,inf
24,113,inf,inf,inf,816.8188293618114,inf
24,114,inf,inf,inf,1474.5985894473113,inf
24,115,inf,inf,inf,669.8835719735184,inf
24,116,inf,inf,inf,857.4905247289909,inf
24,117,inf,inf,inf,1375.2236181799672,inf
24,118,inf,inf,inf,477.6107201476952,inf
24,119,inf,inf,inf,952.6804291051643,inf
24,120,inf,inf,inf,232.59406699226014,inf
24,121,inf,inf,inf,438.04680115257094,inf
24,122,inf,inf,inf,225.44178849538966,inf
24,123,inf,inf,inf,345.39253031876643,inf
24,124,inf,inf,inf,1263.3784072873812,inf
24,125,inf,inf,inf,266.1879035568671,inf
24,126,inf,inf,inf,1382.0756129821552,inf
24,127,inf,inf,inf,586.8875531138823,inf
24,128,inf,inf,inf,281.06404963993526,inf
24,129,inf,inf,inf,1043.4677762154422,inf
24,130,inf,inf,inf,463.09502264654066,inf
24,131,inf,inf,inf,487.3951169226052,inf
24,132,inf,inf,inf,1371.067467340685,inf
24,133,inf,inf,inf,1295.1602217486452,inf
24,134,inf,inf,inf,590.8113065945844,inf
24,135,inf,inf,inf,884.9887004928368,inf
24,136,inf,inf,inf,923.877156336274,inf
24,137,inf,inf,inf,756.1752442390587,inf
24,138,inf,inf,inf,947.7283366028474,inf
24,139,inf,inf,inf,974.6763565409802,inf
24,140,inf,inf,inf,1033.7722186245865,inf
25,26,inf,inf,inf,155.80115532305913,inf
25,27,inf,inf,inf,745.7533104183983,inf
25,28,inf,inf,inf,962.1278501321952,inf
25,29,inf,inf,inf,673.4285411237038,inf
25,30,inf,inf,inf,350.736368231183,inf
25,31,inf,inf,inf,1181.7787440972188,inf
25,32,inf,inf,inf,693.1327434193252,inf
25,33,inf,inf,inf,825.0733300743638,inf
25,34,inf,inf,inf,488.70952517830057,inf
25,35,inf,inf,inf,929.5934595294871,inf
25,36,inf,inf,inf,339.0014749230451,inf
25,37,inf,inf,inf,1270.556570956209,inf
25,38,inf,inf,inf,1441.5536757262978,inf
25,39,inf,inf,inf,915.7696216844059,inf
25,40,inf,inf,inf,629.0453083840623,inf
25,41,inf,inf,inf,1390.50638258154,inf
25,42,inf,inf,inf,733.0682096503708,inf
25,43,inf,inf,inf,967.4058093685401,inf
25,44,inf,inf,inf,1162.5717182178482,inf
25,45,inf,inf,inf,549.4224240054277,inf
25,46,inf,inf,inf,1356.743527716274,inf
25,47,inf,inf,inf,1246.903765332353,inf
25,48,inf,inf,inf,776.3774855056012,inf
25,49,inf,inf,inf,725.0834434739219,inf
25,50,inf,inf,inf,681.3237116085129,inf
25,51,inf,inf,inf,1251.8410442224683,inf
25,52,inf,inf,inf,1134.4293719751795,inf
25,53,inf,inf,inf,960.4009579337163,inf
25,54,inf,inf,inf,958.9019762207188,inf
25,55,inf,inf,inf,731.057453282572,inf
25,56,inf,inf,inf,1173.1734739585618,inf
25,57,inf,inf,inf,1183.8319137445146,inf
25,58,inf,inf,inf,67.42403132415029,inf
25,59,inf,inf,inf,1020.0612726694412,inf
25,60,inf,inf,inf,984.2159315922497,inf
25,61,inf,inf,inf,872.6625923001397,inf
25,62,inf,inf,inf,1101.1067159907798,inf
25,63,inf,inf,inf,399.08144532162856,inf
25,64,inf,inf,inf,998.737703303525,inf
25,65,inf,inf,inf,1352.0299552894528,inf
25,66,inf,inf,inf,906.278654719397,inf
25,67,inf,inf,inf,833.1194392162507,inf
25,68,inf,inf,inf,1148.631359488326,inf
25,69,inf,inf,inf,1187.0770825856255,inf
25,70,inf,inf,inf,1114.908516426348,inf
25,71,inf,inf,inf,342.2309161954834,inf
25,72,inf,inf,inf,1077.7058968011634,inf
25,73,inf,inf,inf,442.8837319206927,inf
25,74,inf,inf,inf,1326.3702348891882,inf
25,75,inf,inf,inf,1244.357263811322,inf
25,76,inf,inf,inf,1108.8647347625408,inf
25,77,inf,inf,inf,969.911851664882,inf
25,78,inf,inf,inf,925.9730017662501,inf
25,79,inf,inf,inf,259.7883754135277,inf
25,80,inf,inf,inf,764.8771143131424,inf
25,81,inf,inf,inf,1051.0475726626269,inf
25,82,inf,inf,inf,701.9928774567446,inf
25,83,inf,inf,inf,1089.152422758174,inf
25,84,inf,inf,inf,878.2903847817076,inf
25,85,inf,inf,inf,1169.700816448377,inf
25,86,inf,inf,inf,399.7861928581326,inf
25,87,inf,inf,inf,1467.8368437942959,inf
25,88,inf,inf,inf,278.6054557972618,inf
25,89,inf,inf,inf,344.81879299133334,inf
25,90,inf,inf,inf,999.5123811139109,inf
25,91,inf,inf,inf,837.5613410371803,inf
25,92,inf,inf,inf,589.358973801197,inf
25,93,inf,inf,inf,729.3072055039632,inf
25,94,inf,inf,inf,479.1669855071403,inf
25,95,inf,inf,inf,569.976315297399,inf
25,96,inf,inf,inf,931.983905440432,inf
25,97,inf,inf,inf,718.45528740486,inf
25,98,inf,inf,inf,1291.2815339808744,inf
25,99,inf,inf,inf,1069.9593450220434,inf
25,100,inf,inf,inf,989.0849306303277,inf
25,101,inf,inf,inf,339.0014749230451,inf
25,102,inf,inf,inf,1068.3917820724755,inf
25,103,inf,inf,inf,1285.3419778409168,inf
25,104,inf,inf,inf,636.4102450463852,inf
25,105,inf,inf,inf,991.2441677003703,inf
25,106,inf,inf,inf,580.5247626070743,inf
25,107,inf,inf,inf,1448.2541213474933,inf
25,108,inf,inf,inf,1395.9520049056127,inf
25,109,inf,inf,inf,708.000706214337,inf
25,110,inf,inf,inf,981.6975094192711,inf
25,111,inf,inf,inf,760.7325416991177,inf
25,112,inf,inf,inf,26.870057685088806,inf
25,113,inf,inf,inf,608.3033782579215,inf
25,114,inf,inf,inf,1471.0135961302328,inf
25,115,inf,inf,inf,892.4584023919547,inf
25,116,inf,inf,inf,1017.6128930000838,inf
25,117,inf,inf,inf,1341.1763493291999,inf
25,118,inf,inf,inf,688.0770305714325,inf
25,119,inf,inf,inf,885.4433917535328,inf
25,120,inf,inf,inf,32.89376840679705,inf
25,121,inf,inf,inf,326.11194397016493,inf
25,122,inf,inf,inf,42.44997055358225,inf
25,123,inf,inf,inf,392.0025510121076,inf
25,124,inf,inf,inf,1189.4540764569265,inf
25,125,inf,inf,inf,521.238908754901,inf
25,126,inf,inf,inf,1347.624947824876,inf
25,127,inf,inf,inf,758.981554453071,inf
25,128,inf,inf,inf,534.9513996616889,inf
25,129,inf,inf,inf,833.7919404743608,inf
25,130,inf,inf,inf,705.1900453069371,inf
25,131,inf,inf,inf,571.3422791987304,inf
25,132,inf,inf,inf,1238.0064620186763,inf
25,133,inf,inf,inf,1235.9037179327522,inf
25,134,inf,inf,inf,338.85099970340946,inf
25,135,inf,inf,inf,686.8573359876125,inf
25,136,inf,inf,inf,927.7375706523909,inf
25,137,inf,inf,inf,512.0009765615687,inf
25,138,inf,inf,inf,1130.4269105077074,inf
25,139,inf,inf,inf,1127.865240177212,inf
25,140,inf,inf,inf,995.2431863620067,inf
26,27,inf,inf,inf,741.464766526367,inf
26,28,inf,inf,inf,979.9346917014419,inf
26,29,inf,inf,inf,648.1975007665487,inf
26,30,inf,inf,inf,497.1217154782116,inf
26,31,inf,inf,inf,1201.3163613303534,inf
26,32,inf,inf,inf,780.8360903544354,inf
26,33,inf,inf,inf,683.3915422362205,inf
26,34,inf,inf,inf,334.79097956784915,inf
26,35,inf,inf,inf,802.781414832207,inf
26,36,inf,inf,inf,202.48456731316588,inf
26,37,inf,inf,inf,1202.2013142564767,inf
26,38,inf,inf,inf,1449.184943338841,inf
26,39,inf,inf,inf,811.2336284942828,inf
26,40,inf,inf,inf,478.94049734805265,inf
26,41,inf,inf,inf,1317.1461574176194,inf
26,42,inf,inf,inf,589.8754105741314,inf
26,43,inf,inf,inf,1003.9163311750636,inf
26,44,inf,inf,inf,1240.052015038079,inf
26,45,inf,inf,inf,604.8346881586737,inf
26,46,inf,inf,inf,1340.6658793301185,inf
26,47,inf,inf,inf,1265.5484976878602,inf
26,48,inf,inf,inf,746.8467044849298,inf
26,49,inf,inf,inf,581.8212784008505,inf
26,50,inf,inf,inf,808.8015825899453,inf
26,51,inf,inf,inf,1253.835714916432,inf
26,52,inf,inf,inf,1162.9496979663393,inf
26,53,inf,inf,inf,826.9461893013354,inf
26,54,inf,inf,inf,860.9001103496271,inf
26,55,inf,inf,inf,701.6986532693361,inf
26,56,inf,inf,inf,1206.4932656256312,inf
26,57,inf,inf,inf,1213.0622407774467,inf
26,58,inf,inf,inf,91.78235124467012,inf
26,59,inf,inf,inf,919.548258657478,inf
26,60,inf,inf,inf,953.8244073203412,inf
26,61,inf,inf,inf,919.044068584309,inf
26,62,inf,inf,inf,1119.9223187346522,inf
26,63,inf,inf,inf,243.6801181877586,inf
26,64,inf,inf,inf,982.851463854025,inf
26,65,inf,inf,inf,1366.7819870045112,inf
26,66,inf,inf,inf,947.3568493445329,inf
26,67,inf,inf,inf,848.9016433015075,inf
26,68,inf,inf,inf,1128.2588355514881,inf
26,69,inf,inf,inf,1080.5415309001316,inf
26,70,inf,inf,inf,1013.747996298883,inf
26,71,inf,inf,inf,214.03737991294884,inf
26,72,inf,inf,inf,1097.2857421838671,inf
26,73,inf,inf,inf,393.19206502675,inf
26,74,inf,inf,inf,1237.6041370325165,inf
26,75,inf,inf,inf,1243.093319103598,inf
26,76,inf,inf,inf,988.2960082890146,inf
26,77,inf,inf,inf,1064.2015786494587,inf
26,78,inf,inf,inf,886.6588972090676,inf
26,79,inf,inf,inf,317.72314992773187,inf
26,80,inf,inf,inf,882.0232423241465,inf
26,81,inf,inf,inf,1060.8774670054972,inf
26,82,inf,inf,inf,821.7274487322424,inf
26,83,inf,inf,inf,998.6135388627574,inf
26,84,inf,inf,inf,869.7700845625814,inf
26,85,inf,inf,inf,1219.0496298346511,inf
26,86,inf,inf,inf,536.7317765886421,inf
26,87,inf,inf,inf,1433.2344539537137,inf
26,88,inf,inf,inf,327.3606573795941,inf
26,89,inf,inf,inf,381.9554947896417,inf
26,90,inf,inf,inf,960.2775640407309,inf
26,91,inf,inf,inf,805.6506687144249,inf
26,92,inf,inf,inf,653.490627323759,inf
26,93,inf,inf,inf,650.0007692303141,inf
26,94,inf,inf,inf,540.5450952510807,inf
26,95,inf,inf,inf,496.3718364291028,inf
26,96,inf,inf,inf,882.3264701911645,inf
26,97,inf,inf,inf,734.2070552643852,inf
26,98,inf,inf,inf,1346.0438328672658,inf
26,99,inf,inf,inf,945.8377239251985,inf
26,100,inf,inf,inf,872.8121218223313,inf
26,101,inf,inf,inf,183.52111595127138,inf
26,102,inf,inf,inf,1070.37423362112,inf
26,103,inf,inf,inf,1328.057980661989,inf
26,104,inf,inf,inf,590.6606470724116,inf
26,105,inf,inf,inf,886.6075794848587,inf
26,106,inf,inf,inf,575.2747169831123,inf
26,107,inf,inf,inf,1395.1121818692575,inf
26,108,inf,inf,inf,1422.1926733041482,inf
26,109,inf,inf,inf,565.7782251023806,inf
26,110,inf,inf,inf,981.9653761716856,inf
26,111,inf,inf,inf,737.7506353775644,inf
26,112,inf,inf,inf,131.60547101089682,inf
26,113,inf,inf,inf,720.7947003134803,inf
26,114,inf,inf,inf,1458.4255208957363,inf
26,115,inf,inf,inf,753.7771553980659,inf
26,116,inf,inf,inf,910.6975348599556,inf
26,117,inf,inf,inf,1346.1604659177895,inf
26,118,inf,inf,inf,553.6099710084709,inf
26,119,inf,inf,inf,907.6497121687419,inf
26,120,inf,inf,inf,122.93087488503447,inf
26,121,inf,inf,inf,365.67882082505133,inf
26,122,inf,inf,inf,117.38824472663352,inf
26,123,inf,inf,inf,332.41540277189324,inf
26,124,inf,inf,inf,1217.9035265570094,inf
26,125,inf,inf,inf,367.6139279189514,inf
26,126,inf,inf,inf,1352.880260776984,inf
26,127,inf,inf,inf,643.6994640358186,inf
26,128,inf,inf,inf,381.74467907228257,inf
26,129,inf,inf,inf,948.0722546304158,inf
26,130,inf,inf,inf,557.0897593745553,inf
26,131,inf,inf,inf,498.68827938903877,inf
26,132,inf,inf,inf,1303.5436317975705,inf
26,133,inf,inf,inf,1255.619369076473,inf
26,134,inf,inf,inf,482.34634859196353,inf
26,135,inf,inf,inf,792.5837495179926,inf
26,136,inf,inf,inf,907.31747475732,inf
26,137,inf,inf,inf,649.8961455494255,inf
26,138,inf,inf,inf,1012.4253058868096,inf
26,139,inf,inf,inf,1025.2463118685187,inf
26,140,inf,inf,inf,1000.8261587308757,inf
27,28,inf,inf,inf,258.2750471880704,inf
27,29,inf,inf,inf,126.08727136392476,inf
27,30,inf,inf,inf,728.8813346492007,inf
27,31,inf,inf,inf,472.00953380201975,inf
27,32,inf,inf,inf,455.34712033788026,inf
27,33,inf,inf,inf,790.7275131168765,inf
27,34,inf,inf,inf,779.092420705015,inf
27,35,inf,inf,inf,724.7647894317163,inf
27,36,inf,inf,inf,651.4061712940705,inf
27,37,inf,inf,inf,639.5701681598352,inf
27,38,inf,inf,inf,708.2040666361638,inf
27,39,inf,inf,inf,568.0580956205096,inf
27,40,inf,inf,inf,783.7359249134877,inf
27,41,inf,inf,inf,765.5168188877368,inf
27,42,inf,inf,inf,758.8708717561901,inf
27,43,inf,inf,inf,331.4724724618924,inf
27,44,inf,inf,inf,687.2124853347763,inf
27,45,inf,inf,inf,304.7769676337108,inf
27,46,inf,inf,inf,611.657583947097,inf
27,47,inf,inf,inf,533.6337695461186,inf
27,48,inf,inf,inf,123.97580409095961,inf
27,49,inf,inf,inf,755.8690362754649,inf
27,50,inf,inf,inf,703.6490602566026,inf
27,51,inf,inf,inf,512.3768144637304,inf
27,52,inf,inf,inf,450.9478905594304,inf
27,53,inf,inf,inf,795.8454623857574,inf
27,54,inf,inf,inf,552.9529817262948,inf
27,55,inf,inf,inf,121.26417442921878,inf
27,56,inf,inf,inf,502.46193885706407,inf
27,57,inf,inf,inf,499.7859541843888,inf
27,58,inf,inf,inf,756.128295992155,inf
27,59,inf,inf,inf,605.1884004175889,inf
27,60,inf,inf,inf,267.79283037452666,inf
27,61,inf,inf,inf,308.50607773591753,inf
27,62,inf,inf,inf,392.1836304589981,inf
27,63,inf,inf,inf,777.185949435526,inf
27,64,inf,inf,inf,256.3298656028985,inf
27,65,inf,inf,inf,629.7626537037585,inf
27,66,inf,inf,inf,305.16389039334257,inf
27,67,inf,inf,inf,141.3223266154361,inf
27,68,inf,inf,inf,407.54140893901814,inf
27,69,inf,inf,inf,759.7183688709915,inf
27,70,inf,inf,inf,674.0363491682033,inf
27,71,inf,inf,inf,623.3538321050092,inf
27,72,inf,inf,inf,371.7122543043207,inf
27,73,inf,inf,inf,367.72000217556837,inf
27,74,inf,inf,inf,775.6197521982018,inf
27,75,inf,inf,inf,502.1125371866351,inf
27,76,inf,inf,inf,794.7232222604295,inf
27,77,inf,inf,inf,639.6131643423234,inf
27,78,inf,inf,inf,247.8911051248108,inf
27,79,inf,inf,inf,497.8212530617792,inf
27,80,inf,inf,inf,669.7947446792936,inf
27,81,inf,inf,inf,323.6865767992241,inf
27,82,inf,inf,inf,657.1712105684485,inf
27,83,inf,inf,inf,596.0041946161117,inf
27,84,inf,inf,inf,132.85330255586422,inf
27,85,inf,inf,inf,558.6447887522088,inf
27,86,inf,inf,inf,675.3436162428724,inf
27,87,inf,inf,inf,737.5533878981236,inf
27,88,inf,inf,inf,475.3367227555641,inf
27,89,inf,inf,inf,408.8031311034689,inf
27,90,inf,inf,inf,306.0669861321211,inf
27,91,inf,inf,inf,160.0281225285106,inf
27,92,inf,inf,inf,328.29864452964165,inf
27,93,inf,inf,inf,362.7795473838072,inf
27,94,inf,inf,inf,353.8714455844099,inf
27,95,inf,inf,inf,358.92199709686224,inf
27,96,inf,inf,inf,293.20641193534635,inf
27,97,inf,inf,inf,96.17692030835673,inf
27,98,inf,inf,inf,690.938492197388,inf
27,99,inf,inf,inf,793.5244167635927,inf
27,100,inf,inf,inf,685.1926736327528,inf
27,101,inf,inf,inf,762.1036674888791,inf
27,102,inf,inf,inf,328.9878417206326,inf
27,103,inf,inf,inf,639.3903346157181,inf
27,104,inf,inf,inf,224.28999086004708,inf
27,105,inf,inf,inf,611.8472031479755,inf
27,106,inf,inf,inf,166.94010902116963,inf
27,107,inf,inf,inf,754.9543032528525,inf
27,108,inf,inf,inf,697.0064562111315,inf
27,109,inf,inf,inf,739.0027063549903,inf
27,110,inf,inf,inf,240.52026941611388,inf
27,111,inf,inf,inf,90.07774419910837,inf
27,112,inf,inf,inf,753.5847663003811,inf
27,113,inf,inf,inf,574.5963800790952,inf
27,114,inf,inf,inf,725.2620216170153,inf
27,115,inf,inf,inf,800.65098513647,inf
27,116,inf,inf,inf,642.4235363060727,inf
27,117,inf,inf,inf,604.8222879491132,inf
27,118,inf,inf,inf,669.9985074610241,inf
27,119,inf,inf,inf,207.23416706711276,inf
27,120,inf,inf,inf,741.033062690188,inf
27,121,inf,inf,inf,427.2341278502924,inf
27,122,inf,inf,inf,757.1802955703483,inf
27,123,inf,inf,inf,428.9638679422779,inf
27,124,inf,inf,inf,502.83695170502335,inf
27,125,inf,inf,inf,786.4820404815357,inf
27,126,inf,inf,inf,611.572563151749,inf
27,127,inf,inf,inf,567.0811229445043,inf
27,128,inf,inf,inf,785.4686499154502,inf
27,129,inf,inf,inf,687.5529070551589,inf
27,130,inf,inf,inf,795.3370354761558,inf
27,131,inf,inf,inf,354.81262660734046,inf
27,132,inf,inf,inf,690.9066507133941,inf
27,133,inf,inf,inf,525.2142420003479,inf
27,134,inf,inf,inf,705.6004535145935,inf
27,135,inf,inf,inf,559.0321994304085,inf
27,136,inf,inf,inf,194.62014284240982,inf
27,137,inf,inf,inf,712.7054089874722,inf
27,138,inf,inf,inf,792.1016348928968,inf
27,139,inf,inf,inf,692.0260110718383,inf
27,140,inf,inf,inf,261.2374398894615,inf
28,29,inf,inf,inf,382.2669224507922,inf
28,30,inf,inf,inf,867.8352378187924,inf
28,31,inf,inf,inf,221.41589825484527,inf
28,32,5.0,748.6194,748.6194077712571,467.941235626868,1.5998149997795863
28,33,inf,inf,inf,1028.0233460384059,inf
28,34,inf,inf,inf,1037.345169169838,inf
28,35,inf,inf,inf,936.9151509074875,inf
28,36,inf,inf,inf,906.1787903057542,inf
28,37,inf,inf,inf,669.8119138982227,inf
28,38,inf,inf,inf,481.65651661739196,inf
28,39,inf,inf,inf,762.5562274350659,inf
28,40,inf,inf,inf,1038.8647650199712,inf
28,41,inf,inf,inf,783.2253826326111,inf
28,42,inf,inf,inf,1005.3024420541312,inf
28,43,inf,inf,inf,120.16655108639841,inf
28,44,inf,inf,inf,492.72406070741056,inf
28,45,inf,inf,inf,437.3842704076131,inf
28,46,inf,inf,inf,453.03531871146646,inf
28,47,inf,inf,inf,285.9597873827717,inf
28,48,inf,inf,inf,335.5294323900662,inf
28,49,inf,inf,inf,1002.9656026006077,inf
28,50,inf,inf,inf,731.7485907058516,inf
28,51,inf,inf,inf,303.9605237526742,inf
28,52,inf,inf,inf,192.67589366602144,inf
28,53,inf,inf,inf,1010.1326645545129,inf
28,54,inf,inf,inf,729.9897259550986,inf
28,55,inf,inf,inf,359.5066063370741,inf
28,56,inf,inf,inf,244.72433471152803,inf
28,57,inf,inf,inf,241.6278129686233,inf
28,58,inf,inf,inf,982.6861146876962,inf
28,59,inf,inf,inf,769.6395260120156,inf
28,60,inf,inf,inf,300.341472327749,inf
28,61,inf,inf,inf,190.3943276465977,inf
28,62,inf,inf,inf,140.03570973148243,inf
28,63,inf,inf,inf,1033.6285599769387,inf
28,64,inf,inf,inf,213.04694318389082,inf
28,65,inf,inf,inf,389.91922240382047,inf
28,66,inf,inf,inf,150.9602596712128,inf
28,67,inf,inf,inf,131.03434664239754,inf
28,68,inf,inf,inf,307.5191050975532,inf
28,69,inf,inf,inf,896.6749689826297,inf
28,70,inf,inf,inf,816.7429216099764,inf
28,71,inf,inf,inf,878.2277608912167,inf
28,72,inf,inf,inf,117.38824472663352,inf
28,73,inf,inf,inf,622.2603956544237,inf
28,74,inf,inf,inf,846.1867406193505,inf
28,75,inf,inf,inf,304.76384299978895,inf
28,76,inf,inf,inf,969.7716225998779,inf
28,77,inf,inf,inf,527.5954889875386,inf
28,78,inf,inf,inf,350.8446949862574,inf
28,79,inf,inf,inf,703.457177090404,inf
28,80,inf,inf,inf,659.9734843158474,inf
28,81,inf,inf,inf,99.82484660644363,inf
28,82,inf,inf,inf,672.5741594798302,inf
28,83,inf,inf,inf,726.6615443244538,inf
28,84,inf,inf,inf,183.6627343801676,inf
28,85,inf,inf,inf,316.21827904155066,inf
28,86,inf,inf,inf,800.0006249997558,inf
28,87,inf,inf,inf,625.0959926283323,inf
28,88,inf,inf,inf,683.6585405010311,inf
28,89,inf,inf,inf,617.3313534885459,inf
28,90,inf,inf,inf,358.11311062288684,inf
28,91,inf,inf,inf,322.34298503302347,inf
28,92,inf,inf,inf,425.1141023301862,inf
28,93,inf,inf,inf,593.010117957527,inf
28,94,inf,inf,inf,506.47507342415184,inf
28,95,inf,inf,inf,615.1105591680247,inf
28,96,inf,inf,inf,413.6326872963499,inf
28,97,inf,inf,inf,246.0,inf
28,98,inf,inf,inf,444.5244650185184,inf
28,99,inf,inf,inf,980.171923695022,inf
28,100,inf,inf,inf,876.1284152451626,inf
28,101,inf,inf,inf,1016.0,inf
28,102,inf,inf,inf,143.1258187749506,inf
28,103,inf,inf,inf,383.27274883560403,inf
28,104,inf,inf,inf,478.5645202060011,inf
28,105,inf,inf,inf,788.6095358287268,inf
28,106,inf,inf,inf,410.5374526154709,inf
28,107,inf,inf,inf,702.9381196094006,inf
28,108,inf,inf,inf,443.6304768610921,inf
28,109,inf,inf,inf,987.0324209467489,inf
28,110,inf,inf,inf,110.63453348751464,inf
28,111,inf,inf,inf,315.39816105995294,inf
28,112,inf,inf,inf,974.0020533859258,inf
28,113,inf,inf,inf,625.3071245396137,inf
28,114,inf,inf,inf,546.7257081937889,inf
28,115,inf,inf,inf,1028.414313397086,inf
28,116,inf,inf,inf,816.0012254892758,inf
28,117,inf,inf,inf,385.2116301463392,inf
28,118,inf,inf,inf,917.3112884948054,inf
28,119,inf,inf,inf,79.32212806020776,inf
28,120,inf,inf,inf,962.7169885277812,inf
28,121,inf,inf,inf,636.019653784378,inf
28,122,inf,inf,inf,979.8959128397261,inf
28,123,inf,inf,inf,682.0,inf
28,124,inf,inf,inf,244.90202122481554,inf
28,125,inf,inf,inf,1044.6913419761838,inf
28,126,inf,inf,inf,391.18921253020255,inf
28,127,inf,inf,inf,799.7230770710571,inf
28,128,inf,inf,inf,1043.5406077388652,inf
28,129,inf,inf,inf,650.1699777750431,inf
28,130,inf,inf,inf,1045.8666262961067,inf
28,131,inf,inf,inf,610.9877249176124,inf
28,132,inf,inf,inf,463.88145037282965,inf
28,133,inf,inf,inf,275.74626017409554,inf
28,134,inf,inf,inf,847.7322690566875,inf
28,135,inf,inf,inf,574.7390712314589,inf
28,136,inf,inf,inf,237.7414562082095,inf
28,137,inf,inf,inf,802.2748905456284,inf
28,138,inf,inf,inf,959.4441098886375,inf
28,139,inf,inf,inf,834.3248767716326,inf
28,140,inf,inf,inf,82.05485969764375,inf
29,30,inf,inf,inf,714.3178564196754,inf
29,31,inf,inf,inf,590.6411770271355,inf
29,32,inf,inf,inf,523.550379619765,inf
29,33,inf,inf,inf,669.0530621707071,inf
29,34,inf,inf,inf,657.2221846529528,inf
29,35,inf,inf,inf,615.6573722453098,inf
29,36,inf,inf,inf,538.5684728982936,inf
29,37,inf,inf,inf,634.3311438042437,inf
29,38,inf,inf,inf,813.6590194915804,inf
29,39,inf,inf,inf,472.4616386543991,inf
29,40,inf,inf,inf,657.7841591282053,inf
29,41,inf,inf,inf,760.4064702512729,inf
29,42,inf,inf,inf,634.0354879657763,inf
29,43,inf,inf,inf,457.0601710934787,inf
29,44,inf,inf,inf,806.3950644690232,inf
29,45,inf,inf,inf,332.12196554880256,inf
29,46,inf,inf,inf,692.4687718590637,inf
29,47,inf,inf,inf,650.3391422942341,inf
29,48,inf,inf,inf,103.32473082471591,inf
29,49,inf,inf,inf,630.8502199413107,inf
29,50,inf,inf,inf,750.0933275266485,inf
29,51,inf,inf,inf,615.2007802335754,inf
29,52,inf,inf,inf,574.6686001514264,inf
29,53,inf,inf,inf,684.8299058890462,inf
29,54,inf,inf,inf,468.83365920121395,inf
29,55,inf,inf,inf,58.89821729050889,inf
29,56,inf,inf,inf,626.9625188159177,inf
29,57,inf,inf,inf,622.8964600958975,inf
29,58,inf,inf,inf,674.3826806791527,inf
29,59,inf,inf,inf,526.574781014055,inf
29,60,inf,inf,inf,310.80057915003954,inf
29,61,inf,inf,inf,425.97887271553736,inf
29,62,inf,inf,inf,512.4080405302009,inf
29,63,inf,inf,inf,660.6814663663572,inf
29,64,inf,inf,inf,335.08954027244715,inf
29,65,inf,inf,inf,741.9737192111322,inf
29,66,inf,inf,inf,427.39794103388004,inf
29,67,inf,inf,inf,267.15164233071823,inf
29,68,inf,inf,inf,480.30823436622444,inf
29,69,inf,inf,inf,691.5272951952078,inf
29,70,inf,inf,inf,605.4989677943307,inf
29,71,inf,inf,inf,510.54872441325324,inf
29,72,inf,inf,inf,492.99492898000483,inf
29,73,inf,inf,inf,259.61509971494337,inf
29,74,inf,inf,inf,742.8916475503006,inf
29,75,inf,inf,inf,601.5588084302316,inf
29,76,inf,inf,inf,704.5970479642957,inf
29,77,inf,inf,inf,739.9763509734619,inf
29,78,inf,inf,inf,256.8501508662201,inf
29,79,inf,inf,inf,444.5447109121871,inf
29,80,inf,inf,inf,734.0170297751953,inf
29,81,inf,inf,inf,439.2231778947919,inf
29,82,inf,inf,inf,711.3508276511668,inf
29,83,inf,inf,inf,538.0083642472484,inf
29,84,inf,inf,inf,229.47766775876036,inf
29,85,inf,inf,inf,684.6561180621992,inf
29,86,inf,inf,inf,672.0007440472071,inf
29,87,inf,inf,inf,794.4111026414472,inf
29,88,inf,inf,inf,420.98574797729196,inf
29,89,inf,inf,inf,359.44679717588247,inf
29,90,inf,inf,inf,328.9331239021087,inf
29,91,inf,inf,inf,164.83021567661677,inf
29,92,inf,inf,inf,372.7868023414992,inf
29,93,inf,inf,inf,250.76881783826315,inf
29,94,inf,inf,inf,358.88298928759497,inf
29,95,inf,inf,inf,233.13729860320507,inf
29,96,inf,inf,inf,277.308492477241,inf
29,97,inf,inf,inf,193.8762491900439,inf
29,98,inf,inf,inf,817.00550793737,inf
29,99,inf,inf,inf,697.1032922028127,inf
29,100,inf,inf,inf,588.5108325256214,inf
29,101,inf,inf,inf,649.9846152025447,inf
29,102,inf,inf,inf,435.9323341987837,inf
29,103,inf,inf,inf,764.6868640168994,inf
29,104,inf,inf,inf,98.38699100999075,inf
29,105,inf,inf,inf,525.5635071045173,inf
29,106,inf,inf,inf,115.43396380615195,inf
29,107,inf,inf,inf,783.9706627164055,inf
29,108,inf,inf,inf,815.5341807674281,inf
29,109,inf,inf,inf,613.7564663610478,inf
29,110,inf,inf,inf,348.5742388645495,inf
29,111,inf,inf,inf,89.55445270895244,inf
29,112,inf,inf,inf,677.5071955337448,inf
29,113,inf,inf,inf,617.1102008555685,inf
29,114,inf,inf,inf,810.4005182624206,inf
29,115,inf,inf,inf,683.066614613831,inf
29,116,inf,inf,inf,557.0008976653448,inf
29,117,inf,inf,inf,709.2221090744422,inf
29,118,inf,inf,inf,545.0467869825488,inf
29,119,inf,inf,inf,333.2566578479716,inf
29,120,inf,inf,inf,664.0783086353597,inf
29,121,inf,inf,inf,376.0119678946403,inf
29,122,inf,inf,inf,678.9550795155744,inf
29,123,inf,inf,inf,322.2483514310042,inf
29,124,inf,inf,inf,625.5693406809512,inf
29,125,inf,inf,inf,663.2797298274688,inf
29,126,inf,inf,inf,716.1319710779571,inf
29,127,inf,inf,inf,449.01336283010556,inf
29,128,inf,inf,inf,661.7197291905388,inf
29,129,inf,inf,inf,761.8037805104409,inf
29,130,inf,inf,inf,669.5169900756814,inf
29,131,inf,inf,inf,229.01964981197574,inf
29,132,inf,inf,inf,815.3391932196072,inf
29,133,inf,inf,inf,642.7970130608885,inf
29,134,inf,inf,inf,689.9289818524802,inf
29,135,inf,inf,inf,618.356693179592,inf
29,136,inf,inf,inf,259.12352266824405,inf
29,137,inf,inf,inf,727.9869504324923,inf
29,138,inf,inf,inf,706.2556194466703,inf
29,139,inf,inf,inf,623.0585847253852,inf
29,140,inf,inf,inf,375.04799692839316,inf
30,31,inf,inf,inf,1066.3943923333431,inf
30,32,inf,inf,inf,463.3411270327727,inf
30,33,inf,inf,inf,1097.3431550795767,inf
30,34,inf,inf,inf,809.0494422468877,inf
30,35,inf,inf,inf,1160.113787522586,inf
30,36,inf,inf,inf,635.7877004157913,inf
30,37,inf,inf,inf,1348.5050982476855,inf
30,38,inf,inf,inf,1339.52267617984,inf
30,39,inf,inf,inf,1095.8512672803731,inf
30,40,inf,inf,inf,932.0568652179973,inf
30,41,inf,inf,inf,1474.6891197808438,inf
30,42,inf,inf,inf,1012.9368193525202,inf
30,43,inf,inf,inf,829.5986981667703,inf
30,44,inf,inf,inf,919.1914925628936,inf
30,45,inf,inf,inf,436.76652802155064,inf
30,46,inf,inf,inf,1311.7671287236924,inf
30,47,inf,inf,inf,1129.6818136094782,inf
30,48,inf,inf,inf,809.9049326927204,inf
30,49,inf,inf,inf,1005.4660610880907,inf
30,50,inf,inf,inf,353.4543817807328,inf
30,51,inf,inf,inf,1171.7516801780146,inf
30,52,inf,inf,inf,1001.8153522481076,inf
30,53,inf,inf,inf,1206.1351499728378,inf
30,54,inf,inf,inf,1121.6527983293226,inf
30,55,inf,inf,inf,770.9273636342142,inf
30,56,inf,inf,inf,1027.2643282037977,inf
30,57,inf,inf,inf,1046.4845913820232,inf
30,58,inf,inf,inf,417.2792829748441,inf
30,59,inf,inf,inf,1184.753560872471,inf
30,60,inf,inf,inf,996.2113229631552,inf
30,61,inf,inf,inf,721.4346817280134,inf
30,62,inf,inf,inf,992.800080580174,inf
30,63,inf,inf,inf,728.8689868556626,inf
30,64,inf,inf,inf,977.131004522935,inf
30,65,inf,inf,inf,1238.1134842977845,inf
30,66,inf,inf,inf,763.8645167829175,inf
30,67,inf,inf,inf,758.1028953908566,inf
30,68,inf,inf,inf,1125.3381713956032,inf
30,69,inf,inf,inf,1357.7186748365805,inf
30,70,inf,inf,inf,1276.1069704378235,inf
30,71,inf,inf,inf,627.2240429065199,inf
30,72,inf,inf,inf,969.4090983686918,inf
30,73,inf,inf,inf,586.046073274107,inf
30,74,inf,inf,inf,1449.1990891523496,inf
30,75,inf,inf,inf,1172.029436490398,inf
30,76,inf,inf,inf,1316.6385229059645,inf
30,77,inf,inf,inf,699.2031178420187,inf
30,78,inf,inf,inf,963.120968518493,inf
30,79,inf,inf,inf,313.0015974400131,inf
30,80,inf,inf,inf,454.9736256092214,inf
30,81,inf,inf,inf,966.9834538398266,inf
30,82,inf,inf,inf,390.0897332665909,inf
30,83,inf,inf,inf,1227.2705488196154,inf
30,84,inf,inf,inf,852.6019000682558,inf
30,85,inf,inf,inf,988.0,inf
30,86,inf,inf,inf,78.64477096412705,inf
30,87,inf,inf,inf,1459.7770377698096,inf
30,88,inf,inf,inf,332.3386826717588,inf
30,89,inf,inf,inf,371.4458237751503,inf
30,90,inf,inf,inf,1029.7363740297806,inf
30,91,inf,inf,inf,868.2447811533335,inf
30,92,inf,inf,inf,442.76404551408643,inf
30,93,inf,inf,inf,872.6310789789692,inf
30,94,inf,inf,inf,376.4000531349591,inf
30,95,inf,inf,inf,725.6534985790395,inf
30,96,inf,inf,inf,991.1458015852158,inf
30,97,inf,inf,inf,661.1036227400361,inf
30,98,inf,inf,inf,1091.6446308208547,inf
30,99,inf,inf,inf,1288.019021598672,inf
30,100,inf,inf,inf,1191.7403240639296,inf
30,101,inf,inf,inf,671.096118301991,inf
30,102,inf,inf,inf,1000.6882631469203,inf
30,103,inf,inf,inf,1112.4459537433718,inf
30,104,inf,inf,inf,726.2299911185161,inf
30,105,inf,inf,inf,1166.9520127237452,inf
30,106,inf,inf,inf,599.2703897240377,inf
30,107,inf,inf,inf,1483.3610484302194,inf
30,108,inf,inf,inf,1254.5222198111917,inf
30,109,inf,inf,inf,986.4669279808625,inf
30,110,inf,inf,inf,925.3723574864337,inf
30,111,inf,inf,inf,782.4129344534125,inf
30,112,inf,inf,inf,377.60561436504094,inf
30,113,inf,inf,inf,324.35320254315354,inf
30,114,inf,inf,inf,1413.0353852611051,inf
30,115,inf,inf,inf,1154.283327437419,inf
30,116,inf,inf,inf,1197.0797801316335,inf
30,117,inf,inf,inf,1249.6343465190128,inf
30,118,inf,inf,inf,949.2028234260579,inf
30,119,inf,inf,inf,789.1831219685328,inf
30,120,inf,inf,inf,380.5916446797013,inf
30,121,inf,inf,inf,360.5343256889696,inf
30,122,inf,inf,inf,393.15391388106514,inf
30,123,inf,inf,inf,567.5508787765199,inf
30,124,inf,inf,inf,1053.525984492077,inf
30,125,inf,inf,inf,839.4343333459741,inf
30,126,inf,inf,inf,1255.159352432989,inf
30,127,inf,inf,inf,973.5260653932179,inf
30,128,inf,inf,inf,851.1832940089931,inf
30,129,inf,inf,inf,526.5405967254567,inf
30,130,inf,inf,inf,999.5964185610111,inf
30,131,inf,inf,inf,725.0103447537834,inf
30,132,inf,inf,inf,1017.2059771747313,inf
30,133,inf,inf,inf,1116.8965932439762,inf
30,134,inf,inf,inf,24.73863375370596,inf
30,135,inf,inf,inf,410.93186783212616,inf
30,136,inf,inf,inf,923.0845031740051,inf
30,137,inf,inf,inf,170.66048165876012,inf
30,138,inf,inf,inf,1331.0586012644221,inf
30,139,inf,inf,inf,1291.848288306332,inf
30,140,inf,inf,inf,925.6354574021028,inf
31,32,inf,inf,inf,632.3116320296504,inf
31,33,inf,inf,inf,1204.3126670429072,inf
31,34,inf,inf,inf,1247.770010859373,inf
31,35,inf,inf,inf,1091.0293304948314,inf
31,36,inf,inf,inf,1123.3009391966161,inf
31,37,inf,inf,inf,695.4746580573587,inf
31,38,inf,inf,inf,273.4702908909851,inf
31,39,inf,inf,inf,908.2075753923218,inf
31,40,inf,inf,inf,1238.1780970442014,inf
31,41,inf,inf,inf,786.9847520759217,inf
31,42,inf,inf,inf,1192.2164233057688,inf
31,43,inf,inf,inf,238.75719884434898,inf
31,44,inf,inf,inf,469.23341739479724,inf
31,45,inf,inf,inf,647.5677570725708,inf
31,46,inf,inf,inf,329.81509971497667,inf
31,47,inf,inf,inf,65.19202405202648,inf
31,48,inf,inf,inf,525.5140340656945,inf
31,49,inf,inf,inf,1190.7245693274326,inf
31,50,inf,inf,inf,883.0090599761703,inf
31,51,inf,inf,inf,150.9602596712128,inf
31,52,2.0,155.2254,155.22539674441612,80.65358020571685,1.924594002504225
31,53,inf,inf,inf,1164.374939613525,inf
31,54,inf,inf,inf,863.967591984792,inf
31,55,inf,inf,inf,558.1415591048565,inf
31,56,inf,inf,inf,106.88779163215975,inf
31,57,inf,inf,inf,75.58438992278762,inf
31,58,inf,inf,inf,1203.6066633248588,inf
31,59,inf,inf,inf,891.7600574145491,inf
31,60,inf,inf,inf,410.48751503547584,inf
31,61,inf,inf,inf,347.9727000786125,inf
31,62,inf,inf,inf,81.39410298049853,inf
31,63,inf,inf,inf,1249.0784603058369,inf
31,64,inf,inf,inf,318.6628312182015,inf
31,65,inf,inf,inf,172.70784579746226,inf
31,66,inf,inf,inf,303.9605237526742,inf
31,67,inf,inf,inf,352.4272974671514,inf
31,68,inf,inf,inf,303.0594001181947,inf
31,69,inf,inf,inf,990.2449191992857,inf
31,70,inf,inf,inf,919.2562210831102,inf
31,71,inf,inf,inf,1095.2629821189064,inf
31,72,inf,inf,inf,104.29285689825551,inf
31,73,inf,inf,inf,839.4027638744109,inf
31,74,inf,inf,inf,889.0809861874226,inf
31,75,inf,inf,inf,171.00292395160966,inf
31,76,inf,inf,inf,1091.2900622657571,inf
31,77,inf,inf,inf,596.5534343208494,inf
31,78,inf,inf,inf,486.3424719269334,inf
31,79,inf,inf,inf,922.4602972486133,inf
31,80,inf,inf,inf,793.202370142702,inf
31,81,inf,inf,inf,152.97058540778355,inf
31,82,inf,inf,inf,820.2249691395648,inf
31,83,inf,inf,inf,825.9055636088184,inf
31,84,inf,inf,inf,367.7240813436074,inf
31,85,inf,inf,inf,234.10467744152402,inf
31,86,inf,inf,inf,994.6024331359741,inf
31,87,inf,inf,inf,525.8440833555132,inf
31,88,inf,inf,inf,903.1732945564765,inf
31,89,inf,inf,inf,837.2628022311752,inf
31,90,inf,inf,inf,460.28034935243545,inf
31,91,inf,inf,inf,494.5806304335017,inf
31,92,inf,inf,inf,626.8341088358227,inf
31,93,inf,inf,inf,773.5140593421686,inf
31,94,inf,inf,inf,718.334184067555,inf
31,95,inf,inf,inf,819.687745425049,inf
31,96,inf,inf,inf,544.6292316796813,inf
31,97,inf,inf,inf,467.38955914739904,inf
31,98,inf,inf,inf,318.47291878588356,inf
31,99,inf,inf,inf,1111.0760550025368,inf
31,100,inf,inf,inf,1014.2110234068648,inf
31,101,inf,inf,inf,1233.7848272693257,inf
31,102,inf,inf,inf,176.7766952966369,inf
31,103,inf,inf,inf,221.82200071228283,inf
31,104,inf,inf,inf,682.6953932758006,inf
31,105,inf,inf,inf,919.2105308361083,inf
31,106,inf,inf,inf,630.3602144805777,inf
31,107,inf,inf,inf,652.9571195721815,inf
31,108,inf,inf,inf,225.07998578283232,inf
31,109,inf,inf,inf,1176.1266938557258,inf
31,110,inf,inf,inf,249.35316320431951,inf
31,111,inf,inf,inf,513.2728319324918,inf
31,112,inf,inf,inf,1194.2215037420822,inf
31,113,inf,inf,inf,794.913831808203,inf
31,114,inf,inf,inf,386.1631779442468,inf
31,115,inf,inf,inf,1194.991631769863,inf
31,116,inf,inf,inf,942.7497016705972,inf
31,117,inf,inf,inf,193.0932417253385,inf
31,118,inf,inf,inf,1106.291552891913,inf
31,119,inf,inf,inf,296.36632737205485,inf
31,120,inf,inf,inf,1183.1234086096006,inf
31,121,inf,inf,inf,855.8703172794345,inf
31,122,inf,inf,inf,1200.4020159929755,inf
31,123,inf,inf,inf,900.0761078931048,inf
31,124,inf,inf,inf,70.3846574190711,inf
31,125,inf,inf,inf,1253.0718255551037,inf
31,126,inf,inf,inf,197.2004056790959,inf
31,127,inf,inf,inf,975.6433774694522,inf
31,128,inf,inf,inf,1250.8916819613119,inf
31,129,inf,inf,inf,765.7049039936991,inf
31,130,inf,inf,inf,1237.760073681487,inf
31,131,inf,inf,inf,815.5887444049238,inf
31,132,inf,inf,inf,386.20849291542,inf
31,133,inf,inf,inf,54.3415126767741,inf
31,134,inf,inf,inf,1047.851611632105,inf
31,135,inf,inf,inf,730.0684899377592,inf
31,136,inf,inf,inf,383.94009949469984,inf
31,137,inf,inf,inf,981.913438140043,inf
31,138,inf,inf,inf,1074.9530222293438,inf
31,139,inf,inf,inf,935.5046766318168,inf
31,140,inf,inf,inf,217.34764779035453,inf
32,33,inf,inf,inf,1139.2387809410282,inf
32,34,inf,inf,inf,984.8817187865759,inf
32,35,inf,inf,inf,1124.7510835736057,inf
32,36,inf,inf,inf,810.1586264429948,inf
32,37,inf,inf,inf,1081.4568877213737,inf
32,38,inf,inf,inf,903.8694596013298,inf
32,39,inf,inf,inf,994.7487119871028,inf
32,40,inf,inf,inf,1053.7082138808637,inf
32,41,inf,inf,inf,1204.8057934787664,inf
32,42,inf,inf,inf,1080.0157406260337,inf
32,43,inf,inf,inf,394.9240433298535,inf
32,44,inf,inf,inf,471.128432595614,inf
32,45,inf,inf,inf,221.38202275704322,inf
32,46,inf,inf,inf,919.2692750222864,inf
32,47,inf,inf,inf,691.6675502002389,inf
32,48,inf,inf,inf,576.0355891783076,inf
32,49,inf,inf,inf,1074.5664241916365,inf
32,50,inf,inf,inf,265.0,inf
32,51,inf,inf,inf,758.0006596303199,inf
32,52,inf,inf,inf,559.6972395858318,inf
32,53,inf,inf,inf,1189.390179882111,inf
32,54,inf,inf,inf,992.1622851126725,inf
32,55,inf,inf,inf,557.7741478412207,inf
32,56,inf,inf,inf,576.8474668402384,inf
32,57,inf,inf,inf,599.8541489395568,inf
32,58,inf,inf,inf,740.7327453272198,inf
32,59,inf,inf,inf,1048.969970971524,inf
32,60,inf,inf,inf,693.8140961381514,inf
32,61,inf,inf,inf,287.4178143400301,inf
32,62,inf,inf,inf,568.1663488803257,inf
32,63,inf,inf,inf,938.7145466008291,inf
32,64,inf,inf,inf,638.880270473271,inf
32,65,inf,inf,inf,798.3996492985202,inf
32,66,inf,inf,inf,332.2318467576521,inf
32,67,inf,inf,inf,400.47596681948346,inf
32,68,inf,inf,inf,767.1434025004712,inf
32,69,inf,inf,inf,1210.2499741788884,inf
32,70,inf,inf,inf,1124.1432293084365,inf
32,71,inf,inf,inf,787.688390164537,inf
32,72,inf,inf,inf,546.4951966852042,inf
32,73,inf,inf,inf,589.376789498874,inf
32,74,inf,inf,inf,1229.0065093399628,inf
32,75,inf,inf,inf,764.5129168300559,inf
32,76,inf,inf,inf,1227.6237208526072,inf
32,77,inf,inf,inf,284.41167345944154,inf
32,78,inf,inf,inf,697.1405884038026,inf
32,79,inf,inf,inf,464.08727627462486,inf
32,80,inf,inf,inf,214.4574549881631,inf
32,81,inf,inf,inf,565.2769232862775,inf
32,82,inf,inf,inf,209.06697491473875,inf
32,83,inf,inf,inf,1049.6294584280683,inf
32,84,inf,inf,inf,532.4518757596784,inf
32,85,inf,inf,inf,526.0237637217543,inf
32,86,inf,inf,inf,385.5437718340163,inf
32,87,inf,inf,inf,1092.575855490135,inf
32,88,inf,inf,inf,458.00436679140955,inf
32,89,inf,inf,inf,419.36738070574825,inf
32,90,inf,inf,inf,743.6907959629459,inf
32,91,inf,inf,inf,614.8333107436519,inf
32,92,inf,inf,inf,165.0,inf
32,93,inf,inf,inf,766.0770196266169,inf
32,94,inf,inf,inf,257.1575392633862,inf
32,95,inf,inf,inf,681.4587294913757,inf
32,96,inf,inf,inf,747.3854427268436,inf
32,97,inf,inf,inf,359.556671471967,inf
32,98,inf,inf,inf,628.5355996282152,inf
32,99,inf,inf,inf,1217.8226471863627,inf
32,100,inf,inf,inf,1109.681936412412,inf
32,101,inf,inf,inf,896.7636254889022,inf
32,102,inf,inf,inf,610.97299449321,inf
32,103,inf,inf,inf,651.144377231348,inf
32,104,inf,inf,inf,595.503988231817,inf
32,105,inf,inf,inf,1049.1072395136734,inf
32,106,inf,inf,inf,435.6190996730974,inf
32,107,inf,inf,inf,1157.8501630176506,inf
32,108,inf,inf,inf,801.027465197043,inf
32,109,inf,inf,inf,1055.151174003043,inf
32,110,inf,inf,inf,556.6480036791653,inf
32,111,inf,inf,inf,541.5431654078925,inf
32,112,inf,inf,inf,714.6726523381177,inf
32,113,inf,inf,inf,162.63455967290594,inf
32,114,inf,inf,inf,1005.2203738484412,inf
32,115,inf,inf,inf,1170.8052784301922,inf
32,116,inf,inf,inf,1080.5299625646667,inf
32,117,inf,inf,inf,823.7287174792439,inf
32,118,inf,inf,inf,995.2954335271513,inf
32,119,inf,inf,inf,399.8462204398086,inf
32,120,inf,inf,inf,708.7545414316581,inf
32,121,inf,inf,inf,430.35334319603004,inf
32,122,inf,inf,inf,726.4881279140079,inf
32,123,inf,inf,inf,619.6878246343073,inf
32,124,inf,inf,inf,607.420776727303,inf
32,125,inf,inf,inf,1005.8155894596185,inf
32,126,inf,inf,inf,828.4020762890445,inf
32,127,inf,inf,inf,943.780694865073,inf
32,128,inf,inf,inf,1011.6382752743195,inf
32,129,inf,inf,inf,238.65037188322168,inf
32,130,inf,inf,inf,1094.9666661592946,inf
32,131,inf,inf,inf,678.4283307763613,inf
32,132,inf,inf,inf,557.9829746506608,inf
32,133,inf,inf,inf,678.2779666184064,inf
32,134,inf,inf,inf,450.17885334608957,inf
32,135,inf,inf,inf,108.93117092916977,inf
32,136,inf,inf,inf,613.7752031485143,inf
32,137,inf,inf,inf,352.05113264978996,inf
32,138,inf,inf,inf,1229.7942917415091,inf
32,139,inf,inf,inf,1141.984675904191,inf
32,140,inf,inf,inf,542.9125159728775,inf
33,34,inf,inf,inf,374.30068127108717,inf
33,35,inf,inf,inf,190.07893097342483,inf
33,36,inf,inf,inf,486.1028697714096,inf
33,37,inf,inf,inf,809.5677859203638,inf
33,38,inf,inf,inf,1359.5091025807808,inf
33,39,inf,inf,inf,342.58429619584143,inf
33,40,inf,inf,inf,224.51725991557976,inf
33,41,inf,inf,inf,881.645053295259,inf
33,42,inf,inf,inf,94.36630754670864,inf
33,43,inf,inf,inf,1119.9464272901628,inf
33,44,inf,inf,inf,1475.3958790778834,inf
33,45,inf,inf,inf,918.47318959238,inf
33,46,inf,inf,inf,1163.6257989577234,inf
33,47,inf,inf,inf,1252.6950945860688,inf
33,48,inf,inf,inf,692.6153333561133,inf
33,49,inf,inf,inf,102.39140588936164,inf
33,50,inf,inf,inf,1300.4983660120454,inf
33,51,inf,inf,inf,1171.7508267545622,inf
33,52,inf,inf,inf,1211.0706007496012,inf
33,53,inf,inf,inf,167.47537132366656,inf
33,54,inf,inf,inf,408.7701065391157,inf
33,55,inf,inf,inf,673.4129490884475,inf
33,56,inf,inf,inf,1266.0623997260166,inf
33,57,inf,inf,inf,1254.4002551020149,inf
33,58,inf,inf,inf,771.621668954417,inf
33,59,inf,inf,inf,430.76791895404654,inf
33,60,inf,inf,inf,806.4917854510361,inf
33,61,inf,inf,inf,1094.952967026438,inf
33,62,inf,inf,inf,1136.9758132871605,inf
33,63,inf,inf,inf,466.27459720641014,inf
33,64,inf,inf,inf,889.7443453037507,inf
33,65,inf,inf,inf,1320.2685332916178,inf
33,66,inf,inf,inf,1095.608050353775,inf
33,67,inf,inf,inf,930.6008811515278,inf
33,68,inf,inf,inf,975.1512703165597,inf
33,69,inf,inf,inf,521.0239917700527,inf
33,70,inf,inf,inf,495.2544800403122,inf
33,71,inf,inf,inf,484.3345950889736,inf
33,72,inf,inf,inf,1122.6486538539116,inf
33,73,inf,inf,inf,557.9175566335944,inf
33,74,inf,inf,inf,740.8967539407903,inf
33,75,inf,inf,inf,1148.9408165784694,inf
33,76,inf,inf,inf,372.05510344571275,inf
33,77,inf,inf,inf,1392.4327631882265,inf
33,78,inf,inf,inf,724.2237223399962,inf
33,79,inf,inf,inf,795.0874165775735,inf
33,80,inf,inf,inf,1324.8626343889391,inf
33,81,inf,inf,inf,1054.6416452994827,inf
33,82,inf,inf,inf,1283.0728740020966,inf
33,83,inf,inf,inf,540.9371497688063,inf
33,84,inf,inf,inf,847.1151043394281,inf
33,85,inf,inf,inf,1342.490968312264,inf
33,86,inf,inf,inf,1101.3087668769372,inf
33,87,inf,inf,inf,1158.7687431062334,inf
33,88,inf,inf,inf,781.432658646924,inf
33,89,inf,inf,inf,773.1869114256914,inf
33,90,inf,inf,inf,770.6030106351778,inf
33,91,inf,inf,inf,711.7197482155459,inf
33,92,inf,inf,inf,974.2453489752979,inf
33,93,inf,inf,inf,435.04137734243164,inf
33,94,inf,inf,inf,899.5137575379267,inf
33,95,inf,inf,inf,460.11411627986377,inf
33,96,inf,inf,inf,673.7981893712687,inf
33,97,inf,inf,inf,861.2200647918046,inf
33,98,inf,inf,inf,1472.41909794732,inf
33,99,inf,inf,inf,317.6680657541768,inf
33,100,inf,inf,inf,305.5503231875234,inf
33,101,inf,inf,inf,518.0887954781497,inf
33,102,inf,inf,inf,1028.7803458464784,inf
33,103,inf,inf,inf,1406.4885353247641,inf
33,104,inf,inf,inf,573.131747506627,inf
33,105,inf,inf,inf,385.18696758846863,inf
33,106,inf,inf,inf,715.4166618132401,inf
33,107,inf,inf,inf,1041.9184229103544,inf
33,108,inf,inf,inf,1416.827441857335,inf
33,109,inf,inf,inf,117.61377470347595,inf
33,110,inf,inf,inf,957.7055915050303,inf
33,111,inf,inf,inf,715.2873548441913,inf
33,112,inf,inf,inf,806.5581194185575,inf
33,113,inf,inf,inf,1174.6254722250833,inf
33,114,inf,inf,inf,1278.6543708133172,inf
33,115,inf,inf,inf,77.17512552629896,inf
33,116,inf,inf,inf,387.713811979919,inf
33,117,inf,inf,inf,1260.706151329484,inf
33,118,inf,inf,inf,150.05332385522155,inf
33,119,inf,inf,inf,994.5873516187505,inf
33,120,inf,inf,inf,794.3047274188918,inf
33,121,inf,inf,inf,773.8481763240126,inf
33,122,inf,inf,inf,795.0069182088921,inf
33,123,inf,inf,inf,547.5509108749615,inf
33,124,inf,inf,inf,1255.079678745537,inf
33,125,inf,inf,inf,344.30800164968576,inf
33,126,inf,inf,inf,1267.5034516718288,inf
33,127,inf,inf,inf,229.0261993746567,inf
33,128,inf,inf,inf,328.92704358261574,inf
33,129,inf,inf,inf,1370.6644374171237,inf
33,130,inf,inf,inf,145.64683312726027,inf
33,131,inf,inf,inf,463.49325777189034,inf
33,132,inf,inf,inf,1480.800459211166,inf
33,133,inf,inf,inf,1249.10367864321,inf
33,134,inf,inf,inf,1075.2832185057107,inf
33,135,inf,inf,inf,1209.583812722376,inf
33,136,inf,inf,inf,820.4151388169284,inf
33,137,inf,inf,inf,1200.8717666761927,inf
33,138,inf,inf,inf,405.62667565139253,inf
33,139,inf,inf,inf,496.4050765252104,inf
33,140,inf,inf,inf,993.1188247133371,inf
34,35,inf,inf,inf,530.3253718237512,inf
34,36,inf,inf,inf,180.62391868188442,inf
34,37,inf,inf,inf,1054.9203761421998,inf
34,38,inf,inf,inf,1459.2340456554596,inf
34,39,inf,inf,inf,600.3540621999655,inf
34,40,inf,inf,inf,152.3975065412817,inf
34,41,inf,inf,inf,1153.027753352017,inf
34,42,inf,inf,inf,281.00177935379696,inf
34,43,inf,inf,inf,1096.9890610211207,inf
34,44,inf,inf,inf,1401.3058195840051,inf
34,45,inf,inf,inf,772.7729291324846,inf
34,46,inf,inf,inf,1304.3465797095494,inf
34,47,inf,inf,inf,1306.8328125663206,inf
34,48,inf,inf,inf,730.0171230868492,inf
34,49,inf,inf,inf,273.2489707208428,inf
34,50,inf,inf,inf,1079.383620405646,inf
34,51,inf,inf,inf,1260.6668870086182,inf
34,52,inf,inf,inf,1229.9922763985146,inf
34,53,inf,inf,inf,534.8691428751522,inf
34,54,inf,inf,inf,663.0912456065153,inf
34,55,inf,inf,inf,692.288957011449,inf
34,56,inf,inf,inf,1281.0015612792984,inf
34,57,inf,inf,inf,1278.8733322733726,inf
34,58,inf,inf,inf,426.5688690000713,inf
34,59,inf,inf,inf,710.4941942056951,inf
34,60,inf,inf,inf,911.0707985661707,inf
34,61,inf,inf,inf,1037.5957787115367,inf
34,62,inf,inf,inf,1169.5918091368458,inf
34,63,inf,inf,inf,95.1892851112981,inf
34,64,inf,inf,inf,969.3956880448768,inf
34,65,inf,inf,inf,1395.2612658566854,inf
34,66,inf,inf,inf,1053.5131703021088,inf
34,67,inf,inf,inf,914.103385837729,inf
34,68,inf,inf,inf,1094.1923962448286,inf
34,69,inf,inf,inf,847.0590298202363,inf
34,70,inf,inf,inf,797.0508139384841,inf
34,71,inf,inf,inf,198.97989848223364,inf
34,72,inf,inf,inf,1149.9517381177352,inf
34,73,inf,inf,inf,425.9589182069088,inf
34,74,inf,inf,inf,1040.5637894910624,inf
34,75,inf,inf,inf,1243.546541147536,inf
34,76,inf,inf,inf,723.4058335402059,inf
34,77,inf,inf,inf,1264.7252666093138,inf
34,78,inf,inf,inf,830.3980973003249,inf
34,79,inf,inf,inf,550.0445436507847,inf
34,80,inf,inf,inf,1131.7243480636087,inf
34,81,inf,inf,inf,1095.8512672803731,inf
34,82,inf,inf,inf,1078.3770212685358,inf
34,83,inf,inf,inf,809.5541983091682,inf
34,84,inf,inf,inf,882.8618238433464,inf
34,85,inf,inf,inf,1325.353160482141,inf
34,86,inf,inf,inf,833.3858650109204,inf
34,87,inf,inf,inf,1352.2551534381373,inf
34,88,inf,inf,inf,545.8937625582472,inf
34,89,inf,inf,inf,568.317692844416,inf
34,90,inf,inf,inf,897.0373459338246,inf
34,91,inf,inf,inf,775.4869437972505,inf
34,92,inf,inf,inf,829.581219652422,inf
34,93,inf,inf,inf,530.0962176812809,inf
34,94,inf,inf,inf,727.7265970129166,inf
34,95,inf,inf,inf,431.010440708807,inf
34,96,inf,inf,inf,802.6736572231581,inf
34,97,inf,inf,inf,812.800713582364,inf
34,98,inf,inf,inf,1457.934497842753,inf
34,99,inf,inf,inf,673.5488104064916,inf
34,100,inf,inf,inf,625.1095903919568,inf
34,101,inf,inf,inf,153.32644912082193,inf
34,102,inf,inf,inf,1088.2646736892639,inf
34,103,inf,inf,inf,1416.1557117774867,inf
34,104,inf,inf,inf,566.3894419919919,inf
34,105,inf,inf,inf,669.1382517835907,inf
34,106,inf,inf,inf,640.1031166929279,inf
34,107,inf,inf,inf,1274.154229283096,inf
34,108,inf,inf,inf,1472.4975381982817,inf
34,109,inf,inf,inf,262.0686932847951,inf
34,110,inf,inf,inf,1003.0099700401786,inf
34,111,inf,inf,inf,736.5711099411923,inf
34,112,inf,inf,inf,465.8594208556912,inf
34,113,inf,inf,inf,970.1762726432759,inf
34,114,inf,inf,inf,1424.703477920932,inf
34,115,inf,inf,inf,450.32099662351965,inf
34,116,inf,inf,inf,685.4932530667243,inf
34,117,inf,inf,inf,1354.886342096635,inf
34,118,inf,inf,inf,279.95892555873263,inf
34,119,inf,inf,inf,980.0045918259771,inf
34,120,inf,inf,inf,455.9747800043331,inf
34,121,inf,inf,inf,560.3320444165228,inf
34,122,inf,inf,inf,452.04977602029624,inf
34,123,inf,inf,inf,376.49037172283704,inf
34,124,inf,inf,inf,1281.8642673855918,inf
34,125,inf,inf,inf,33.06055050963308,inf
34,126,inf,inf,inf,1361.881786352986,inf
34,127,inf,inf,inf,421.40004746084213,inf
34,128,inf,inf,inf,48.041648597857254,inf
34,129,inf,inf,inf,1190.1268839917868,inf
34,130,inf,inf,inf,233.85465571589546,inf
34,131,inf,inf,inf,435.00459767685214,inf
34,132,inf,inf,inf,1438.726172695833,inf
34,133,inf,inf,inf,1299.624945897854,inf
34,134,inf,inf,inf,790.5953452936591,inf
34,135,inf,inf,inf,1026.630410615232,inf
34,136,inf,inf,inf,890.9904601060553,inf
34,137,inf,inf,inf,943.5613387586416,inf
34,138,inf,inf,inf,753.080340999551,inf
34,139,inf,inf,inf,804.2418790388872,inf
34,140,inf,inf,inf,1031.4465570256173,inf
35,36,inf,inf,inf,600.3082541494828,inf
35,37,inf,inf,inf,629.0198725000665,inf
35,38,inf,inf,inf,1219.0836722719241,inf
35,39,inf,inf,inf,185.52088831180168,inf
35,40,inf,inf,inf,393.45901946708506,inf
35,41,inf,inf,inf,694.4955003453946,inf
35,42,inf,inf,inf,261.0383113644432,inf
35,43,inf,inf,inf,1040.312453063982,inf
35,44,inf,inf,inf,1409.506651279092,inf
35,45,inf,inf,inf,910.8902239018706,inf
35,46,inf,inf,inf,1011.2215385364376,inf
35,47,inf,inf,inf,1133.4023998562911,inf
35,48,inf,inf,inf,610.9418957642372,inf
35,49,inf,inf,inf,267.30132809247317,inf
35,50,inf,inf,inf,1316.7847204459808,inf
35,51,inf,inf,inf,1039.7740139087916,inf
35,52,inf,inf,inf,1108.6108424510378,inf
35,53,inf,inf,inf,73.49829930005184,inf
35,54,inf,inf,inf,242.99176940793694,inf
35,55,inf,inf,inf,603.5006213749908,inf
35,56,inf,inf,inf,1163.7869220780924,inf
35,57,inf,inf,inf,1148.1506869744928,inf
35,58,inf,inf,inf,884.5394281771729,inf
35,59,inf,inf,inf,250.3377718203947,inf
35,60,inf,inf,inf,682.1326850400881,inf
35,61,inf,inf,inf,1033.1021246711284,inf
35,62,inf,inf,inf,1030.6987920823426,inf
35,63,inf,inf,inf,614.0960836872354,inf
35,64,inf,inf,inf,772.371024831978,inf
35,65,inf,inf,inf,1190.5633120502243,inf
35,66,inf,inf,inf,1026.2460718560633,inf
35,67,inf,inf,inf,857.0880934886449,inf
35,68,inf,inf,inf,836.508218728304,inf
35,69,inf,inf,inf,331.710717342687,inf
35,70,inf,inf,inf,306.43270060488,inf
35,71,inf,inf,inf,590.6284788257335,inf
35,72,inf,inf,inf,1019.3027028316956,inf
35,73,inf,inf,inf,582.5409856825527,inf
35,74,inf,inf,inf,551.029944739848,inf
35,75,inf,inf,inf,1015.1970252123476,inf
35,76,inf,inf,inf,193.0932417253385,inf
35,77,inf,inf,inf,1355.5489662863529,inf
35,78,inf,inf,inf,604.7230771187751,inf
35,79,inf,inf,inf,847.9775940436163,inf
35,80,inf,inf,inf,1324.7509199845833,inf
35,81,inf,inf,inf,947.4835090913192,inf
35,82,inf,inf,inf,1290.6192312219744,inf
35,83,inf,inf,inf,359.70682506730395,inf
35,84,inf,inf,inf,753.2715313882504,inf
35,85,inf,inf,inf,1252.8399738194819,inf
35,86,inf,inf,inf,1151.422164108369,inf
35,87,inf,inf,inf,988.267676290184,inf
35,88,inf,inf,inf,830.3619692640071,inf
35,89,inf,inf,inf,806.9522910308887,inf
35,90,inf,inf,inf,638.1669060676838,inf
35,91,inf,inf,inf,614.593361500106,inf
35,92,inf,inf,inf,962.7294531694769,inf
35,93,inf,inf,inf,364.9013565335158,inf
35,94,inf,inf,inf,906.6780023801173,inf
35,95,inf,inf,inf,454.58662540818335,inf
35,96,inf,inf,inf,547.1179031982047,inf
35,97,inf,inf,inf,808.2041821223149,inf
35,98,inf,inf,inf,1378.4280902535322,inf
35,99,inf,inf,inf,144.46106741956464,inf
35,100,inf,inf,inf,116.76043850551436,inf
35,101,inf,inf,inf,657.8768881789358,inf
35,102,inf,inf,inf,914.3112161621993,inf
35,103,inf,inf,inf,1303.0333840696485,inf
35,104,inf,inf,inf,531.0084745086466,inf
35,105,inf,inf,inf,206.0024271701671,inf
35,106,inf,inf,inf,689.2263779049667,inf
35,107,inf,inf,inf,861.821327190271,inf
35,108,inf,inf,inf,1293.2014537573023,inf
35,109,inf,inf,inf,272.72146963523056,inf
35,110,inf,inf,inf,852.9349330400297,inf
35,111,inf,inf,inf,639.5764223296541,inf
35,112,inf,inf,inf,914.9043665870221,inf
35,113,inf,inf,inf,1185.6749132877865,inf
35,114,inf,inf,inf,1122.2481900185894,inf
35,115,inf,inf,inf,130.6981254647518,inf
35,116,inf,inf,inf,202.54382241875462,inf
35,117,inf,inf,inf,1124.431411870017,inf
35,118,inf,inf,inf,254.46807265352564,inf
35,119,inf,inf,inf,916.5947850604432,inf
35,120,inf,inf,inf,901.4665828526313,inf
35,121,inf,inf,inf,811.9932265727344,inf
35,122,inf,inf,inf,905.4512687052794,inf
35,123,inf,inf,inf,592.7107220221345,inf
35,124,inf,inf,inf,1147.773932444887,inf
35,125,inf,inf,inf,504.6047958551326,inf
35,126,inf,inf,inf,1131.0017683452136,inf
35,127,inf,inf,inf,188.86238376129853,inf
35,128,inf,inf,inf,490.2132189160141,inf
35,129,inf,inf,inf,1362.3483401832293,inf
35,130,inf,inf,inf,324.20518194501454,inf
35,131,inf,inf,inf,456.71873182517925,inf
35,132,inf,inf,inf,1399.4356005190093,inf
35,133,inf,inf,inf,1131.4742595392968,inf
35,134,inf,inf,inf,1136.5438838865837,inf
35,135,inf,inf,inf,1207.6278400235728,inf
35,136,inf,inf,inf,711.4049479726718,inf
35,137,inf,inf,inf,1241.3061669064566,inf
35,138,inf,inf,inf,223.55536227073597,inf
35,139,inf,inf,inf,306.7767918210242,inf
35,140,inf,inf,inf,889.933143556301,inf
36,37,inf,inf,inf,1030.1223228335555,inf
36,38,inf,inf,inf,1352.1349784692354,inf
36,39,inf,inf,inf,616.3927319493636,inf
36,40,inf,inf,inf,297.3213749463701,inf
36,41,inf,inf,inf,1139.9903508363568,inf
36,42,inf,inf,inf,394.153523389047,inf
36,43,inf,inf,inf,953.1841375096419,inf
36,44,inf,inf,inf,1238.5527845029455,inf
36,45,inf,inf,inf,602.9038065894094,inf
36,46,inf,inf,inf,1218.263107871202,inf
36,47,inf,inf,inf,1185.0135020327828,inf
36,48,inf,inf,inf,625.8594091327541,inf
36,49,inf,inf,inf,386.186483450677,inf
36,50,inf,inf,inf,898.7680457159122,inf
36,51,inf,inf,inf,1153.5059601059718,inf
36,52,inf,inf,inf,1097.1399181508255,inf
36,53,inf,inf,inf,625.2359554600167,inf
36,54,inf,inf,inf,669.6752944524682,inf
36,55,inf,inf,inf,583.4457986822769,inf
36,56,inf,inf,inf,1145.7268435364513,inf
36,57,inf,inf,inf,1146.9228396016883,inf
36,58,inf,inf,inf,286.8030683238936,inf
36,59,inf,inf,inf,726.2485800330353,inf
36,60,inf,inf,inf,823.786987030021,inf
36,61,inf,inf,inf,884.6072574877509,inf
36,62,inf,inf,inf,1043.0580041397507,inf
36,63,inf,inf,inf,132.19682295728592,inf
36,64,inf,inf,inf,868.3737674527024,inf
36,65,inf,inf,inf,1279.5659420287802,inf
36,66,inf,inf,inf,904.734767763459,inf
36,67,inf,inf,inf,778.0809726500192,inf
36,68,inf,inf,inf,1004.9636809357838,inf
36,69,inf,inf,inf,883.2179798894495,inf
36,70,inf,inf,inf,819.4784927013033,inf
36,71,1.0,30.4853,30.48528137423857,28.071337695236398,1.0859931829829332
36,72,inf,inf,inf,1022.0,inf
36,73,inf,inf,inf,284.0,inf
36,74,inf,inf,inf,1049.727583709221,inf
36,75,inf,inf,inf,1139.1632894365935,inf
36,76,inf,inf,inf,786.4229142134657,inf
36,77,inf,inf,inf,1092.1286554248084,inf
36,78,inf,inf,inf,748.8364307377145,inf
36,79,inf,inf,inf,369.4374101251794,inf
36,80,inf,inf,inf,951.853455107455,inf
36,81,inf,inf,inf,974.6101784816327,inf
36,82,inf,inf,inf,898.0267256602111,inf
36,83,inf,inf,inf,811.1923323109015,inf
36,84,inf,inf,inf,768.023437142383,inf
36,85,inf,inf,inf,1178.9597109316333,inf
36,86,inf,inf,inf,655.7720640588466,inf
36,87,inf,inf,inf,1290.1120106409367,inf
36,88,inf,inf,inf,365.65694304908254,inf
36,89,inf,inf,inf,391.3693907295255,inf
36,90,inf,inf,inf,820.4151388169284,inf
36,91,inf,inf,inf,679.1207550944088,inf
36,92,inf,inf,inf,658.7639941587579,inf
36,93,inf,inf,inf,478.5989970737507,inf
36,94,inf,inf,inf,553.4265985656996,inf
36,95,inf,inf,inf,340.2425605358624,inf
36,96,inf,inf,inf,733.5529974037322,inf
36,97,inf,inf,inf,669.8805863734223,inf
36,98,inf,inf,inf,1310.4876954782903,inf
36,99,inf,inf,inf,743.4870543593883,inf
36,100,inf,inf,inf,672.247722197703,inf
36,101,inf,inf,inf,111.46299834474219,inf
36,102,inf,inf,inf,974.3433686334607,inf
36,103,inf,inf,inf,1276.8093044773757,inf
36,104,inf,inf,inf,460.33900551658667,inf
36,105,inf,inf,inf,691.1591712478393,inf
36,106,inf,inf,inf,497.53090356278375,inf
36,107,inf,inf,inf,1234.5663206162722,inf
36,108,inf,inf,inf,1348.1483597883432,inf
36,109,inf,inf,inf,369.00542001439493,inf
36,110,inf,inf,inf,886.5799456337821,inf
36,111,inf,inf,inf,625.0535977018291,inf
36,112,inf,inf,inf,320.62439083762797,inf
36,113,inf,inf,inf,790.0360751256869,inf
36,114,inf,inf,inf,1338.2021521429413,inf
36,115,inf,inf,inf,554.259866849477,inf
36,116,inf,inf,inf,713.9089577810324,inf
36,117,inf,inf,inf,1247.6425770227625,inf
36,118,inf,inf,inf,351.86929391465804,inf
36,119,inf,inf,inf,842.2849874003454,inf
36,120,inf,inf,inf,308.23367758893573,inf
36,121,inf,inf,inf,382.2002093144377,inf
36,122,inf,inf,inf,309.45758998609165,inf
36,123,inf,inf,inf,224.72205054244233,inf
36,124,inf,inf,inf,1150.6611143164612,inf
36,125,inf,inf,inf,207.62466134830902,inf
36,126,inf,inf,inf,1254.56645898095,inf
36,127,inf,inf,inf,444.55933237308153,inf
36,128,inf,inf,inf,217.74526401279087,inf
36,129,inf,inf,inf,1011.0178039975359,inf
36,130,inf,inf,inf,369.31422934947955,inf
36,131,inf,inf,inf,343.50254729768744,inf
36,132,inf,inf,inf,1283.6736345348845,inf
36,133,inf,inf,inf,1176.6137854028398,inf
36,134,inf,inf,inf,616.2353446533232,inf
36,135,inf,inf,inf,847.9062448171968,inf
36,136,inf,inf,inf,790.0816413510695,inf
36,137,inf,inf,inf,764.9006471431437,inf
36,138,inf,inf,inf,811.0887744260797,inf
36,139,inf,inf,inf,830.1144499404886,inf
36,140,inf,inf,inf,911.2502400548381,inf
37,38,inf,inf,inf,697.6797259488053,inf
37,39,inf,inf,inf,472.5970799740515,inf
37,40,inf,inf,inf,961.9064403568572,inf
37,41,inf,inf,inf,126.53062870309307,inf
37,42,inf,inf,inf,852.4816713572204,inf
37,43,inf,inf,inf,788.5277420611149,inf
37,44,inf,inf,inf,1141.93038316703,inf
37,45,inf,inf,inf,942.8451622615455,inf
37,46,inf,inf,inf,464.4620544242554,inf
37,47,inf,inf,inf,705.992209588746,inf
37,48,inf,inf,inf,540.0481460018171,inf
37,49,inf,inf,inf,855.815400656006,inf
37,50,inf,inf,inf,1339.2087215964507,inf
37,51,inf,inf,inf,576.1249864395746,inf
37,52,inf,inf,inf,752.9276193632427,inf
37,53,inf,inf,inf,686.6556633422607,inf
37,54,inf,inf,inf,405.1777387764535,inf
37,55,inf,inf,inf,577.6374295351713,inf
37,56,inf,inf,inf,798.5298992523699,inf
37,57,inf,inf,inf,770.1064861433125,inf
37,58,inf,inf,inf,1254.4002551020149,inf
37,59,inf,inf,inf,379.458825170795,inf
37,60,inf,inf,inf,388.5678833871889,inf
37,61,inf,inf,inf,848.9157790970786,inf
37,62,inf,inf,inf,676.6165827113609,inf
37,63,inf,inf,inf,1108.9256061612068,inf
37,64,inf,inf,inf,459.1132757827854,inf
37,65,inf,inf,inf,713.5383661724154,inf
37,66,inf,inf,inf,816.4367703625309,inf
37,67,inf,inf,inf,685.5319102711412,inf
37,68,inf,inf,inf,393.9543120718442,inf
37,69,inf,inf,inf,366.8378388334551,inf
37,70,inf,inf,inf,336.1681127055331,inf
37,71,inf,inf,inf,1007.144478215514,inf
37,72,inf,inf,inf,679.8970510305219,inf
37,73,inf,inf,inf,827.7294243893955,inf
37,74,inf,inf,inf,196.468827043885,inf
37,75,inf,inf,inf,548.5736049063972,inf
37,76,inf,inf,inf,521.3108477674333,inf
37,77,inf,inf,inf,1196.57553042004,inf
37,78,inf,inf,inf,392.04591567825315,inf
37,79,inf,inf,inf,1070.5008173747462,inf
37,80,inf,inf,inf,1293.1886946613786,inf
37,81,inf,inf,inf,611.8047074026156,inf
37,82,inf,inf,inf,1288.9949573214008,inf
37,83,inf,inf,inf,269.4160351575236,inf
37,84,inf,inf,inf,549.6071324136906,inf
37,85,inf,inf,inf,921.004885980525,inf
37,86,inf,inf,inf,1303.7841078951683,inf
37,87,inf,inf,inf,374.97333238511777,inf
37,88,inf,inf,inf,1047.0,inf
37,89,inf,inf,inf,989.7403699960914,inf
37,90,inf,inf,inf,337.8771966262299,inf
37,91,inf,inf,inf,484.78964510393575,inf
37,92,inf,inf,inf,967.6455962799604,inf
37,93,inf,inf,inf,553.1663402630352,inf
37,94,inf,inf,inf,984.5938248841499,inf
37,95,inf,inf,inf,706.4594822068708,inf
37,96,inf,inf,inf,357.41852218372793,inf
37,97,inf,inf,inf,729.1776189653657,inf
37,98,inf,inf,inf,1013.4939565680695,inf
37,99,inf,inf,inf,565.0884886458049,inf
37,100,inf,inf,inf,514.4054820858736,inf
37,101,inf,inf,inf,1128.556600264249,inf
37,102,inf,inf,inf,557.6602908581532,inf
37,103,inf,inf,inf,912.3869793020941,inf
37,104,inf,inf,inf,639.5811129168841,inf
37,105,inf,inf,inf,424.8070150079916,inf
37,106,inf,inf,inf,749.234943125319,inf
37,107,inf,inf,inf,232.81322986462774,inf
37,108,inf,inf,inf,827.8357324976979,inf
37,109,inf,inf,inf,851.6225689822928,inf
37,110,inf,inf,inf,559.4640292279746,inf
37,111,inf,inf,inf,569.9017459176625,inf
37,112,inf,inf,inf,1268.1766438473783,inf
37,113,inf,inf,inf,1212.595975582964,inf
37,114,inf,inf,inf,549.2622324536796,inf
37,115,inf,inf,inf,759.5919957450842,inf
37,116,inf,inf,inf,426.7856604901341,inf
37,117,inf,inf,inf,629.6824596572466,inf
37,118,inf,inf,inf,797.7493340642786,inf
37,119,inf,inf,inf,706.9172511687631,inf
37,120,inf,inf,inf,1253.8580461918327,inf
37,121,inf,inf,inf,1005.0537299070135,inf
37,122,inf,inf,inf,1265.6460800713603,inf
37,123,inf,inf,inf,880.1386254448785,inf
37,124,inf,inf,inf,765.6402549500647,inf
37,125,inf,inf,inf,1041.1781787955413,inf
37,126,inf,inf,inf,634.4832543101512,inf
37,127,inf,inf,inf,640.3944097195102,inf
37,128,inf,inf,inf,1030.827337627403,inf
37,129,inf,inf,inf,1298.4194237610589,inf
37,130,inf,inf,inf,916.1577375103045,inf
37,131,inf,inf,inf,704.3933560163667,inf
37,132,inf,inf,inf,1077.8023937624187,inf
37,133,inf,inf,inf,711.0696168449331,inf
37,134,inf,inf,inf,1324.1699286722985,inf
37,135,inf,inf,inf,1189.1211040091753,inf
37,136,inf,inf,inf,468.2360515808239,inf
37,137,inf,inf,inf,1350.3692087721788,inf
37,138,inf,inf,inf,491.2850496402267,inf
37,139,inf,inf,inf,343.95639258487404,inf
37,140,inf,inf,inf,589.4276885250641,inf
38,39,inf,inf,inf,1033.8844229409785,inf
38,40,inf,inf,inf,1428.7746498311062,inf
38,41,inf,inf,inf,750.8029035639114,inf
38,42,inf,inf,inf,1363.5989146372917,inf
38,43,inf,inf,inf,512.0205074018032,inf
38,44,inf,inf,inf,662.2159768534734,inf
38,45,inf,inf,inf,916.9918211194689,inf
38,46,inf,inf,inf,233.5551326774901,inf
38,47,inf,inf,inf,212.20744567521658,inf
38,48,inf,inf,inf,730.0746537170018,inf
38,49,inf,inf,inf,1363.4445349921646,inf
38,50,inf,inf,inf,1149.6229816770365,inf
38,51,inf,inf,inf,198.90952717253137,inf
38,52,inf,inf,inf,344.3675362167578,inf
38,53,inf,inf,inf,1289.9461229059143,inf
38,54,inf,inf,inf,977.998977504578,inf
38,55,inf,inf,inf,770.1662158261682,inf
38,56,inf,inf,inf,336.304921165302,inf
38,57,inf,inf,inf,308.13146544940844,inf
38,58,inf,inf,inf,1458.8779935279028,inf
38,59,inf,inf,inf,989.5261492249712,inf
38,60,inf,inf,inf,558.3421889844972,inf
38,61,inf,inf,inf,621.2350601825367,inf
38,62,inf,inf,inf,347.67945006859406,inf
38,63,inf,inf,inf,1472.182393591229,inf
38,64,inf,inf,inf,490.0653017711007,inf
38,65,inf,inf,inf,107.41508273980894,inf
38,66,inf,inf,inf,577.3820225812369,inf
38,67,inf,inf,inf,608.6189283944428,inf
38,68,inf,inf,inf,384.44375401350976,inf
38,69,inf,inf,inf,1046.6771230900197,inf
38,70,inf,inf,inf,991.3072177685382,inf
38,71,inf,inf,inf,1324.1408535348496,inf
38,72,inf,inf,inf,371.32330926027254,inf
38,73,inf,inf,inf,1071.8866544555913,inf
38,74,inf,inf,inf,891.0359139787801,inf
38,75,inf,inf,inf,216.0092590608097,inf
38,76,inf,inf,inf,1177.115117564973,inf
38,77,inf,inf,inf,836.0633947255435,inf
38,78,inf,inf,inf,641.938470571752,inf
38,79,inf,inf,inf,1183.9902871223226,inf
38,80,inf,inf,inf,1054.819415824339,inf
38,81,inf,inf,inf,390.5713763193611,inf
38,82,inf,inf,inf,1086.298761851453,inf
38,83,inf,inf,inf,901.204749210744,inf
38,84,inf,inf,inf,584.445891421952,inf
38,85,inf,inf,inf,437.41170537606786,inf
38,86,inf,inf,inf,1268.006309132569,inf
38,87,inf,inf,inf,394.03806922681974,inf
38,88,inf,inf,inf,1163.6923992189688,inf
38,89,inf,inf,inf,1096.941657518758,inf
38,90,inf,inf,inf,589.1349590713489,inf
38,91,inf,inf,inf,684.1052550594828,inf
38,92,inf,inf,inf,898.9087829140396,inf
38,93,inf,inf,inf,950.4577844386356,inf
38,94,inf,inf,inf,987.0207697915987,inf
38,95,inf,inf,inf,1028.5805753561556,inf
38,96,inf,inf,inf,686.7437658981696,inf
38,97,inf,inf,inf,723.0995782048279,inf
38,98,inf,inf,inf,444.9325791622816,inf
38,99,inf,inf,inf,1208.0066224984034,inf
38,100,inf,inf,inf,1124.7799784846814,inf
38,101,inf,inf,inf,1463.5822491407853,inf
38,102,inf,inf,inf,379.41533970043963,inf
38,103,inf,inf,inf,343.01166160933946,inf
38,104,inf,inf,inf,895.6701401743836,inf
38,105,inf,inf,inf,1025.597386892147,inf
38,106,inf,inf,inf,873.9107505918439,inf
38,107,inf,inf,inf,565.9443435533215,inf
38,108,inf,inf,inf,175.28548142958104,inf
38,109,inf,inf,inf,1351.2497918593733,inf
38,110,inf,inf,inf,467.9326874669048,inf
38,111,inf,inf,inf,727.4647757795562,inf
38,112,inf,inf,inf,1452.373574532393,inf
38,113,inf,inf,inf,1066.4755037036716,inf
38,114,inf,inf,inf,189.84203960134857,inf
38,115,inf,inf,inf,1336.5601370682878,inf
38,116,inf,inf,inf,1042.9674012163564,inf
38,117,inf,inf,inf,104.58011283222064,inf
38,118,inf,inf,inf,1282.9173784776633,inf
38,119,inf,inf,inf,560.4043183274019,inf
38,120,inf,inf,inf,1440.6626947346142,inf
38,121,inf,inf,inf,1115.7060544785083,inf
38,122,inf,inf,inf,1457.5434813411227,inf
38,123,inf,inf,inf,1134.1803207603277,inf
38,124,inf,inf,inf,300.1666203960727,inf
38,125,inf,inf,inf,1460.2496361923875,inf
38,126,inf,inf,inf,97.62171889492625,inf
38,127,inf,inf,inf,1137.4928571204305,inf
38,128,inf,inf,inf,1456.0494497097275,inf
38,129,inf,inf,inf,1020.9260502112776,inf
38,130,inf,inf,inf,1416.001412428674,inf
38,131,inf,inf,inf,1024.6428646118607,inf
38,132,inf,inf,inf,547.3983923980778,inf
38,133,inf,inf,inf,225.59476944291063,inf
38,134,inf,inf,inf,1320.766822720801,inf
38,135,inf,inf,inf,999.0605587250454,inf
38,136,inf,inf,inf,568.2851396966139,inf
38,137,inf,inf,inf,1254.5373649278047,inf
38,138,inf,inf,inf,1153.9610045404481,inf
38,139,inf,inf,inf,1004.8188891536623,inf
38,140,inf,inf,inf,448.5554592243862,inf
39,40,inf,inf,inf,492.8326287899372,inf
39,41,inf,inf,inf,557.7400828342894,inf
39,42,inf,inf,inf,379.8855090681928,inf
39,43,inf,inf,inf,870.3493551442432,inf
39,44,inf,inf,inf,1243.6756007898523,inf
39,45,inf,inf,inf,791.3943391255715,inf
39,46,inf,inf,inf,828.2541880364988,inf
39,47,inf,inf,inf,949.2486502492379,inf
39,48,inf,inf,inf,447.794595769087,inf
39,49,inf,inf,inf,383.27013971871065,inf
39,50,inf,inf,inf,1207.683733433551,inf
39,51,inf,inf,inf,854.3090775591701,inf
39,52,inf,inf,inf,928.801378121286,inf
39,53,inf,inf,inf,257.72077913897436,inf
39,54,inf,inf,inf,67.446274915669,inf
39,55,inf,inf,inf,448.64351104189615,inf
39,56,inf,inf,inf,983.8221383969767,inf
39,57,inf,inf,inf,967.0263698576166,inf
39,58,inf,inf,inf,881.9092923878283,inf
39,59,inf,inf,inf,111.03603018840326,inf
39,60,inf,inf,inf,498.2579653151568,inf
39,61,inf,inf,inf,872.7897799584961,inf
39,62,inf,inf,inf,850.0035294044372,inf
39,63,inf,inf,inf,667.5627311346852,inf
39,64,inf,inf,inf,589.7262076591136,inf
39,65,inf,inf,inf,1005.1532221507326,inf
39,66,inf,inf,inf,861.7685304070925,inf
39,67,inf,inf,inf,692.7005124871787,inf
39,68,inf,inf,inf,651.0207369969102,inf
39,69,inf,inf,inf,271.31162894354526,inf
39,70,inf,inf,inf,203.08865059377396,inf
39,71,inf,inf,inf,599.1594111753566,inf
39,72,inf,inf,inf,839.6046688769661,inf
39,73,inf,inf,inf,510.54872441325324,inf
39,74,inf,inf,inf,440.6404429917889,inf
39,75,inf,inf,inf,829.6872904896157,inf
39,76,inf,inf,inf,233.3859464492239,inf
39,77,inf,inf,inf,1206.8657754696667,inf
39,78,inf,inf,inf,422.7339588914049,inf
39,79,inf,inf,inf,784.6578872349401,inf
39,80,inf,inf,inf,1202.457899470913,inf
39,81,inf,inf,inf,766.9035141398167,inf
39,82,inf,inf,inf,1174.8429682302226,inf
39,83,inf,inf,inf,211.25576915199264,inf
39,84,inf,inf,inf,579.827560572969,inf
39,85,inf,inf,inf,1077.0338899031915,inf
39,86,inf,inf,inf,1075.3143726371372,inf
39,87,inf,inf,inf,816.1868658585483,inf
39,88,inf,inf,inf,764.0844194197392,inf
39,89,inf,inf,inf,727.5781744939852,inf
39,90,inf,inf,inf,453.07063466969475,inf
39,91,inf,inf,inf,442.19113514406865,inf
39,92,inf,inf,inf,838.6000238492722,inf
39,93,inf,inf,inf,233.28308982864576,inf
39,94,inf,inf,inf,799.5179797853204,inf
39,95,inf,inf,inf,370.2769233965303,inf
39,96,inf,inf,inf,363.59317925395686,inf
39,97,inf,inf,inf,657.7841591282053,inf
39,98,inf,inf,inf,1200.514056560772,inf
39,99,inf,inf,inf,225.63022847127553,inf
39,100,inf,inf,inf,117.13667231059623,inf
39,101,inf,inf,inf,698.5842826746104,inf
39,102,inf,inf,inf,731.7656728762289,inf
39,103,inf,inf,inf,1122.2735851832208,inf
39,104,inf,inf,inf,403.11288741492746,inf
39,105,inf,inf,inf,75.58438992278762,inf
39,106,inf,inf,inf,563.7029359511976,inf
39,107,inf,inf,inf,703.1201888724288,inf
39,108,inf,inf,inf,1108.247264828567,inf
39,109,inf,inf,inf,379.5853000314949,inf
39,110,inf,inf,inf,673.7625694560362,inf
39,111,inf,inf,inf,479.2661056240051,inf
39,112,inf,inf,inf,905.9028645500576,inf
39,113,inf,inf,inf,1074.5533956020986,inf
39,114,inf,inf,inf,940.8852214802823,inf
39,115,inf,inf,inf,305.48322376196046,inf
39,116,inf,inf,inf,102.61578825892242,inf
39,117,inf,inf,inf,938.9398276780041,inf
39,118,inf,inf,inf,329.460164511584,inf
39,119,inf,inf,inf,748.8444431255399,inf
39,120,inf,inf,inf,891.6793145520423,inf
39,121,inf,inf,inf,736.4380489898658,inf
39,122,inf,inf,inf,899.1774018512698,inf
39,123,inf,inf,inf,539.4070818964096,inf
39,124,inf,inf,inf,966.3482809008354,inf
39,125,inf,inf,inf,582.1683605281207,inf
39,126,inf,inf,inf,945.5183763417822,inf
39,127,inf,inf,inf,179.30142219179413,inf
39,128,inf,inf,inf,570.2885234686036,inf
39,129,inf,inf,inf,1233.3535583927262,inf
39,130,inf,inf,inf,443.6766840842552,inf
39,131,inf,inf,inf,370.8503741402993,inf
39,132,inf,inf,inf,1226.3873776258463,inf
39,133,inf,inf,inf,947.6286192385706,inf
39,134,inf,inf,inf,1071.4000186671642,inf
39,135,inf,inf,inf,1085.7204981025272,inf
39,136,inf,inf,inf,531.9445459820037,inf
39,137,inf,inf,inf,1154.3591295606407,inf
39,138,inf,inf,inf,239.7602969634464,inf
39,139,inf,inf,inf,214.03270778084362,inf
39,140,inf,inf,inf,711.0646946656823,inf
40,41,inf,inf,inf,1050.555091368368,inf
40,42,inf,inf,inf,134.27211177307072,inf
40,43,inf,inf,inf,1112.6904331394244,inf
40,44,inf,inf,inf,1441.2151123270946,inf
40,45,inf,inf,inf,834.4321422380611,inf
40,46,inf,inf,inf,1255.8968906721602,inf
40,47,inf,inf,inf,1293.5258018300215,inf
40,48,inf,inf,inf,712.6990949903052,inf
40,49,inf,inf,inf,127.20062892926276,inf
40,50,inf,inf,inf,1176.9146103265095,inf
40,51,inf,inf,inf,1232.7400374774886,inf
40,52,inf,inf,inf,1230.2081124752835,inf
40,53,inf,inf,inf,389.0192797278819,inf
40,54,inf,inf,inf,559.128786595718,inf
40,55,inf,inf,inf,681.2936224565734,inf
40,56,inf,inf,inf,1283.405625669453,inf
40,57,inf,inf,inf,1277.3629084954675,inf
40,58,inf,inf,inf,570.0245608743539,inf
40,59,inf,inf,inf,598.7428496441523,inf
40,60,inf,inf,inf,871.4499411899687,inf
40,61,inf,inf,inf,1066.6630208271026,inf
40,62,inf,inf,inf,1163.4818434337512,inf
40,63,inf,inf,inf,246.94128856876083,inf
40,64,inf,inf,inf,941.0127523046646,inf
40,65,inf,inf,inf,1374.3161936032043,inf
40,66,inf,inf,inf,1076.4910589503286,inf
40,67,inf,inf,inf,924.040042422405,inf
40,68,inf,inf,inf,1052.0,inf
40,69,inf,inf,inf,720.1236005020249,inf
40,70,inf,inf,inf,678.8173539325583,inf
40,71,inf,inf,inf,304.92622058458664,inf
40,72,inf,inf,inf,1145.7556458512433,inf
40,73,inf,inf,inf,468.0170937049201,inf
40,74,inf,inf,inf,925.794793677303,inf
40,75,inf,inf,inf,1213.1236540435605,inf
40,76,inf,inf,inf,585.3998633412891,inf
40,77,inf,inf,inf,1325.4467171485996,inf
40,78,inf,inf,inf,788.2055569456485,inf
40,79,inf,inf,inf,650.6765709628709,inf
40,80,inf,inf,inf,1218.1892299638837,inf
40,81,inf,inf,inf,1085.2211756135243,inf
40,82,inf,inf,inf,1169.144986731757,inf
40,83,inf,inf,inf,703.9893465103005,inf
40,84,inf,inf,inf,870.5423596815953,inf
40,85,inf,inf,inf,1341.313535307834,inf
40,86,inf,inf,inf,948.1587419836407,inf
40,87,inf,inf,inf,1282.8799632077819,inf
40,88,inf,inf,inf,642.0848853539538,inf
40,89,inf,inf,inf,651.1113576032905,inf
40,90,inf,inf,inf,848.3684341133868,inf
40,91,inf,inf,inf,748.8424400366208,inf
40,92,inf,inf,inf,891.9159153193758,inf
40,93,inf,inf,inf,479.06680118747533,inf
40,94,inf,inf,inf,799.7455845454854,inf
40,95,inf,inf,inf,424.8729221779143,inf
40,96,inf,inf,inf,750.6823562599564,inf
40,97,inf,inf,inf,833.8177258849802,inf
40,98,inf,inf,inf,1473.9694705115164,inf
40,99,inf,inf,inf,533.348853940833,inf
40,100,inf,inf,inf,497.31780583445834,inf
40,101,inf,inf,inf,302.80026420067736,inf
40,102,inf,inf,inf,1070.0771000259747,inf
40,103,inf,inf,inf,1421.9964838212504,inf
40,104,inf,inf,inf,560.406994959913,inf
40,105,inf,inf,inf,554.823395325035,inf
40,106,inf,inf,inf,667.3717105182088,inf
40,107,inf,inf,inf,1188.4653970562206,inf
40,108,inf,inf,inf,1460.0657519440692,inf
40,109,inf,inf,inf,120.91732712891069,inf
40,110,inf,inf,inf,989.2097856370002,inf
40,111,inf,inf,inf,726.1542535852833,inf
40,112,inf,inf,inf,607.8157615593725,inf
40,113,inf,inf,inf,1059.8023400615796,inf
40,114,inf,inf,inf,1375.1483556329476,inf
40,115,inf,inf,inf,301.44319531215166,inf
40,116,inf,inf,inf,566.6833330882425,inf
40,117,inf,inf,inf,1325.7767534543664,inf
40,118,inf,inf,inf,164.1584600317632,inf
40,119,inf,inf,inf,990.4039579888603,inf
40,120,inf,inf,inf,596.858442178713,inf
40,121,inf,inf,inf,646.8423300928906,inf
40,122,inf,inf,inf,594.8344307452285,inf
40,123,inf,inf,inf,434.22114181601063,inf
40,124,inf,inf,inf,1279.4424566974476,inf
40,125,inf,inf,inf,120.88010589009261,inf
40,126,inf,inf,inf,1332.7569170707764,inf
40,127,inf,inf,inf,322.2436966024316,inf
40,128,inf,inf,inf,105.3612832116238,inf
40,129,inf,inf,inf,1271.8981877493181,inf
40,130,inf,inf,inf,81.49233092751734,inf
40,131,inf,inf,inf,428.9731926356238,inf
40,132,inf,inf,inf,1465.8628858116301,inf
40,133,inf,inf,inf,1287.715807156222,inf
40,134,inf,inf,inf,911.9616219995225,inf
40,135,inf,inf,inf,1107.892142764809,inf
40,136,inf,inf,inf,864.6461704072944,inf
40,137,inf,inf,inf,1054.882457907041,inf
40,138,inf,inf,inf,616.8638423509681,inf
40,139,inf,inf,inf,683.8318506767581,inf
40,140,inf,inf,inf,1020.9843289688632,inf
41,42,inf,inf,inf,933.9834045634858,inf
41,43,inf,inf,inf,900.2410788227785,inf
41,44,inf,inf,inf,1244.2367138129305,inf
41,45,inf,inf,inf,1069.1309554960983,inf
41,46,inf,inf,inf,519.481472239386,inf
41,47,inf,inf,inf,789.5346730828229,inf
41,48,inf,inf,inf,666.5568242843216,inf
41,49,inf,inf,inf,938.0884819674528,inf
41,50,inf,inf,inf,1463.738364599357,inf
41,51,inf,inf,inf,656.062497022959,inf
41,52,inf,inf,inf,850.2764256405089,inf
41,53,inf,inf,inf,744.071233149085,inf
41,54,inf,inf,inf,491.9562988721661,inf
41,55,inf,inf,inf,703.938207515404,inf
41,56,inf,inf,inf,892.5133052229529,inf
41,57,inf,inf,inf,862.4859419144175,inf
41,58,inf,inf,inf,1372.2164552285474,inf
41,59,inf,inf,inf,453.9306114374751,inf
41,60,inf,inf,inf,511.0234828263766,inf
41,61,inf,inf,inf,966.1014439488226,inf
41,62,inf,inf,inf,777.1228989033846,inf
41,63,inf,inf,inf,1212.212027658528,inf
41,64,inf,inf,inf,576.0008680549015,inf
41,65,inf,inf,inf,782.4378569573433,inf
41,66,inf,inf,inf,931.9468868986044,inf
41,67,inf,inf,inf,807.0415107043751,inf
41,68,inf,inf,inf,493.08214325809854,inf
41,69,inf,inf,inf,392.04591567825315,inf
41,70,inf,inf,inf,388.7994341559668,inf
41,71,inf,inf,inf,1117.9812163001666,inf
41,72,inf,inf,inf,782.811599300879,inf
41,73,inf,inf,inf,948.2288753249397,inf
41,74,inf,inf,inf,168.67127793433,inf
41,75,inf,inf,inf,629.2702122300085,inf
41,76,inf,inf,inf,557.9184528226325,inf
41,77,inf,inf,inf,1310.8199723836985,inf
41,78,inf,inf,inf,518.2837060915575,inf
41,79,inf,inf,inf,1194.836390473608,inf
41,80,inf,inf,inf,1415.6528529268749,inf
41,81,inf,inf,inf,718.1399585039117,inf
41,82,inf,inf,inf,1412.8446482186214,inf
41,83,inf,inf,inf,346.5905365124674,inf
41,84,inf,inf,inf,672.3942296004628,inf
41,85,inf,inf,inf,1017.6541652251024,inf
41,86,inf,inf,inf,1430.267457505763,inf
41,87,inf,inf,inf,384.4073360382187,inf
41,88,inf,inf,inf,1171.3859312796958,inf
41,89,inf,inf,inf,1114.8237528865268,inf
41,90,inf,inf,inf,462.26074892856735,inf
41,91,inf,inf,inf,611.2683535076882,inf
41,92,inf,inf,inf,1093.3636174667602,inf
41,93,inf,inf,inf,667.1618993917443,inf
41,94,inf,inf,inf,1111.1224054981521,inf
41,95,inf,inf,inf,823.3595812280319,inf
41,96,inf,inf,inf,483.7706067962377,inf
41,97,inf,inf,inf,854.3921816121681,inf
41,98,inf,inf,inf,1101.6805344563368,inf
41,99,inf,inf,inf,607.9679267856159,inf
41,100,inf,inf,inf,577.741291583006,inf
41,101,inf,inf,inf,1235.2368193994218,inf
41,102,inf,inf,inf,663.1327167317263,inf
41,103,inf,inf,inf,997.6472322419384,inf
41,104,inf,inf,inf,762.8905557155626,inf
41,105,inf,inf,inf,499.16430160819795,inf
41,106,inf,inf,inf,875.4456008228038,inf
41,107,inf,inf,inf,208.43224318708465,inf
41,108,inf,inf,inf,896.1305708433342,inf
41,109,inf,inf,inf,935.9684823753415,inf
41,110,inf,inf,inf,673.9094894716945,inf
41,111,inf,inf,inf,696.4265934037844,inf
41,112,inf,inf,inf,1387.2916059718664,inf
41,113,inf,inf,inf,1337.7806247662581,inf
41,114,inf,inf,inf,583.0651764597162,inf
41,115,inf,inf,inf,824.457397322627,inf
41,116,inf,inf,inf,493.9514146148384,inf
41,117,inf,inf,inf,696.4265934037844,inf
41,118,inf,inf,inf,887.1178050292982,inf
41,119,inf,inf,inf,825.0296964352253,inf
41,120,inf,inf,inf,1372.924615556149,inf
41,121,inf,inf,inf,1129.931413847761,inf
41,122,inf,inf,inf,1384.257923943367,inf
41,123,inf,inf,inf,999.0445435514875,inf
41,124,inf,inf,inf,857.3289916945537,inf
41,125,inf,inf,inf,1137.0954225569637,inf
41,126,inf,inf,inf,700.3406314073173,inf
41,127,inf,inf,inf,733.1609645909962,inf
41,128,inf,inf,inf,1125.8885380000988,inf
41,129,inf,inf,inf,1419.0366450518463,inf
41,130,inf,inf,inf,998.611536083977,inf
41,131,inf,inf,inf,821.5229759416349,inf
41,132,inf,inf,inf,1172.7472020857692,inf
41,133,inf,inf,inf,796.1570196889555,inf
41,134,inf,inf,inf,1450.3241017096834,inf
41,135,inf,inf,inf,1312.8217700815294,inf
41,136,inf,inf,inf,591.0372238700368,inf
41,137,inf,inf,inf,1476.7603055337045,inf
41,138,inf,inf,inf,524.3443525012927,inf
41,139,inf,inf,inf,391.0652119531984,inf
41,140,inf,inf,inf,701.7442554093336,inf
42,43,inf,inf,inf,1090.275653218029,inf
42,44,inf,inf,inf,1436.3565017084024,inf
42,45,inf,inf,inf,858.6337985427781,inf
42,46,inf,inf,inf,1177.7138871559594,inf
42,47,inf,inf,inf,1243.804647040684,inf
42,48,inf,inf,inf,670.9374039357174,inf
42,49,2.0,9.8284,9.82842712474619,8.06225774829855,1.219066349847271
42,50,inf,inf,inf,1228.9772170386236,inf
42,51,inf,inf,inf,1171.4627608251149,inf
42,52,inf,inf,inf,1192.721677509049,inf
42,53,inf,inf,inf,255.03137061938085,inf
42,54,inf,inf,inf,447.3075004960234,inf
42,55,inf,inf,inf,646.3203540041116,inf
42,56,inf,inf,inf,1247.1748073145159,inf
42,57,inf,inf,inf,1237.8404582174555,inf
42,58,inf,inf,inf,678.6199230791858,inf
42,59,inf,inf,inf,480.0666620376799,inf
42,60,inf,inf,inf,805.903219996049,inf
42,61,inf,inf,inf,1056.7842731607998,inf
42,62,inf,inf,inf,1121.429890809051,inf
42,63,inf,inf,inf,372.21096168705185,inf
42,64,inf,inf,inf,883.5892710982858,inf
42,65,inf,inf,inf,1317.4186881929375,inf
42,66,inf,inf,inf,1061.0579626014783,inf
42,67,inf,inf,inf,900.0938839921089,inf
42,68,inf,inf,inf,981.1855074347562,inf
42,69,inf,inf,inf,590.6987387831465,inf
42,70,inf,inf,inf,554.6927077220323,inf
42,71,inf,inf,inf,393.93527387122873,inf
42,72,inf,inf,inf,1105.5880788069308,inf
42,73,inf,inf,inf,492.2001625355278,inf
42,74,inf,inf,inf,802.1627017008457,inf
42,75,inf,inf,inf,1149.999130434454,inf
42,76,inf,inf,inf,451.8517455980446,inf
42,77,inf,inf,inf,1340.749044377806,inf
42,78,inf,inf,inf,722.4299273978065,inf
42,79,inf,inf,inf,715.3160140804902,inf
42,80,inf,inf,inf,1258.9845114218047,inf
42,81,inf,inf,inf,1040.4326023342405,inf
42,82,inf,inf,inf,1214.657564912844,inf
42,83,inf,inf,inf,588.3026432033091,inf
42,84,inf,inf,inf,828.4521712205237,inf
42,85,inf,inf,inf,1316.2009724962218,inf
42,86,inf,inf,inf,1020.2636914053151,inf
42,87,inf,inf,inf,1188.2844777240844,inf
42,88,inf,inf,inf,703.0177807139731,inf
42,89,inf,inf,inf,699.8435539461659,inf
42,90,inf,inf,inf,775.6713221461781,inf
42,91,inf,inf,inf,697.6718426309034,inf
42,92,inf,inf,inf,915.343105070443,inf
42,93,inf,inf,inf,418.960618674357,inf
42,94,inf,inf,inf,834.1942219891001,inf
42,95,inf,inf,inf,411.3635861376162,inf
42,96,inf,inf,inf,677.5049815315014,inf
42,97,inf,inf,inf,821.8789448574528,inf
42,98,inf,inf,inf,1447.6480925970925,inf
42,99,inf,inf,inf,399.3619911809335,inf
42,100,inf,inf,inf,368.982384403375,inf
42,101,inf,inf,inf,423.72750677764594,inf
42,102,inf,inf,inf,1019.0829210618732,inf
42,103,inf,inf,inf,1387.3085453495917,inf
42,104,inf,inf,inf,535.9561549231429,inf
42,105,inf,inf,inf,434.9896550494046,inf
42,106,inf,inf,inf,666.7368296412011,inf
42,107,inf,inf,inf,1082.5696282456847,inf
42,108,inf,inf,inf,1409.5236784105473,inf
42,109,2.0,28.7279,28.72792206135786,26.570660511172846,1.0811896094670999
42,110,inf,inf,inf,943.3265606352871,inf
42,111,inf,inf,inf,689.9804345052112,inf
42,112,inf,inf,inf,714.0567204361289,inf
42,113,inf,inf,inf,1105.5876265588358,inf
42,114,inf,inf,inf,1295.1115782047507,inf
42,115,inf,inf,inf,169.36646657470303,inf
42,116,inf,inf,inf,443.4196657794961,inf
42,117,inf,inf,inf,1262.586630691138,inf
42,118,inf,inf,inf,89.04493247793498,inf
42,119,inf,inf,inf,965.4724232208811,inf
42,120,inf,inf,inf,702.000712250351,inf
42,121,inf,inf,inf,699.0121601231269,inf
42,122,inf,inf,inf,702.2570754360543,inf
42,123,inf,inf,inf,474.30897103048767,inf
42,124,inf,inf,inf,1239.1166208230766,inf
42,125,inf,inf,inf,251.7876089087785,inf
42,126,inf,inf,inf,1269.4896612418709,inf
42,127,inf,inf,inf,228.07893370497854,inf
42,128,inf,inf,inf,236.57979626333267,inf
42,129,inf,inf,inf,1307.6039155646483,inf
42,130,inf,inf,inf,64.88451279003334,inf
42,131,inf,inf,inf,415.12046444375636,inf
42,132,inf,inf,inf,1449.3698630784345,inf
42,133,inf,inf,inf,1239.2356515207266,inf
42,134,inf,inf,inf,991.3531156959159,inf
42,135,inf,inf,inf,1145.0432306249402,inf
42,136,inf,inf,inf,810.586207630009,inf
42,137,inf,inf,inf,1122.159525201297,inf
42,138,inf,inf,inf,483.79334431139085,inf
42,139,inf,inf,inf,558.3018896618566,inf
42,140,inf,inf,inf,977.3944955850734,inf
43,44,inf,inf,inf,376.12364988125915,inf
43,45,inf,inf,inf,421.54596427910445,inf
43,46,inf,inf,inf,533.3938507332082,inf
43,47,inf,inf,inf,300.60106453570654,inf
43,48,inf,inf,inf,430.74354319014463,inf
43,49,inf,inf,inf,1087.317800829178,inf
43,50,inf,inf,inf,650.7165281441681,inf
43,51,inf,inf,inf,365.0753346913483,inf
43,52,inf,inf,inf,172.70784579746226,inf
43,53,inf,inf,inf,1113.0103323869012,inf
43,54,inf,inf,inf,841.4659826754734,inf
43,55,inf,inf,inf,446.5344331627741,inf
43,56,inf,inf,inf,205.9368835347374,inf
43,57,inf,inf,inf,219.5449840010015,inf
43,58,inf,inf,inf,995.6706282702127,inf
43,59,inf,inf,inf,883.6000226346761,inf
43,60,inf,inf,inf,420.0773738253466,inf
43,61,inf,inf,inf,109.22453936730518,inf
43,62,inf,inf,inf,173.92527130926086,inf
43,63,inf,inf,inf,1083.7361302457348,inf
43,64,inf,inf,inf,333.13210592796366,inf
43,65,inf,inf,inf,408.8532744151623,inf
43,66,inf,inf,inf,65.73431371817918,inf
43,67,inf,inf,inf,190.18412131405714,inf
43,68,inf,inf,inf,416.48049174000937,inf
43,69,inf,inf,inf,1014.6142123979931,inf
43,70,inf,inf,inf,933.8313552242718,inf
43,71,inf,inf,inf,925.749426140789,inf
43,72,inf,inf,inf,153.32318807016765,inf
43,73,inf,inf,inf,673.0705757942476,inf
43,74,inf,inf,inf,966.2008072859388,inf
43,75,inf,inf,inf,374.0655022853618,inf
43,76,inf,inf,inf,1082.813465006785,inf
43,77,inf,inf,inf,412.01092218532267,inf
43,78,inf,inf,inf,466.84044383493597,inf
43,79,inf,inf,inf,707.9802257125548,inf
43,80,inf,inf,inf,568.0712983420303,inf
43,81,inf,inf,inf,190.22355269524328,inf
43,82,inf,inf,inf,588.9550067704663,inf
43,83,inf,inf,inf,844.5407035779863,inf
43,84,inf,inf,inf,291.73275441746335,inf
43,85,inf,inf,inf,228.9497761518888,inf
43,86,inf,inf,inf,756.8969546774515,inf
43,87,inf,inf,inf,717.532577657628,inf
43,88,inf,inf,inf,690.6815474587402,inf
43,89,inf,inf,inf,627.3452000294575,inf
43,90,inf,inf,inf,477.84620956956434,inf
43,91,inf,inf,inf,428.1646879414509,inf
43,92,inf,inf,inf,394.1294203684876,inf
43,93,inf,inf,inf,687.2212162033417,inf
43,94,inf,inf,inf,493.0162269134759,inf
43,95,inf,inf,inf,688.1780292918396,inf
43,96,inf,inf,inf,529.365658123003,inf
43,97,inf,inf,inf,284.40112517358295,inf
43,98,inf,inf,inf,361.76511716858494,inf
43,99,inf,inf,inf,1090.884503510798,inf
43,100,inf,inf,inf,985.4202149337104,inf
43,101,inf,inf,inf,1060.1471595962514,inf
43,102,inf,inf,inf,244.1823089414956,inf
43,103,inf,inf,inf,325.12459150301135,inf
43,104,inf,inf,inf,555.4457669295896,inf
43,105,inf,inf,inf,900.5093003406462,inf
43,106,inf,inf,inf,457.55109004350544,inf
43,107,inf,inf,inf,810.1271505140412,inf
43,108,inf,inf,inf,431.6480047446067,inf
43,109,inf,inf,inf,1070.4751281557176,inf
43,110,inf,inf,inf,230.4951192541829,inf
43,111,inf,inf,inf,405.2505397898934,inf
43,112,inf,inf,inf,982.1608829514644,inf
43,113,inf,inf,inf,557.2477007579305,inf
43,114,inf,inf,inf,612.1119178712337,inf
43,115,inf,inf,inf,1125.651811174308,inf
43,116,inf,inf,inf,928.6517108152011,inf
43,117,inf,inf,inf,428.90092095960813,inf
43,118,inf,inf,inf,1001.4409618145245,inf
43,119,inf,inf,inf,125.36347155371855,inf
43,120,inf,inf,inf,972.0658413914152,inf
43,121,inf,inf,inf,645.3316976563293,inf
43,122,inf,inf,inf,989.7737115118789,inf
43,123,inf,inf,inf,728.9691351490816,inf
43,124,inf,inf,inf,226.01991062736045,inf
43,125,inf,inf,inf,1107.4095899891784,inf
43,126,inf,inf,inf,433.66461695646785,inf
43,127,inf,inf,inf,893.8282832848824,inf
43,128,inf,inf,inf,1107.7314656540186,inf
43,129,inf,inf,inf,549.9209034033895,inf
43,130,inf,inf,inf,1126.5740099966802,inf
43,131,inf,inf,inf,684.1067168212866,inf
43,132,inf,inf,inf,361.0678606577993,inf
43,133,inf,inf,inf,287.6178019525217,inf
43,134,inf,inf,inf,811.6415464969742,inf
43,135,inf,inf,inf,495.5653337351191,inf
43,136,inf,inf,inf,354.6223343220221,inf
43,137,inf,inf,inf,743.3175633603715,inf
43,138,inf,inf,inf,1073.7862915869246,inf
43,139,inf,inf,inf,951.5261425730772,inf
43,140,inf,inf,inf,199.1004771465905,inf
44,45,inf,inf,inf,639.8406051510017,inf
44,46,inf,inf,inf,795.0509417641111,inf
44,47,inf,inf,inf,491.74180216857707,inf
44,48,inf,inf,inf,798.7070802240331,inf
44,49,inf,inf,inf,1432.5309769774615,inf
44,50,inf,inf,inf,614.1538895097873,inf
44,51,inf,inf,inf,618.2337745545774,inf
44,52,inf,inf,inf,396.7177838211945,inf
44,53,inf,inf,inf,1481.437477587225,inf
44,54,inf,inf,inf,1216.8631804767535,inf
44,55,inf,inf,inf,807.7586273138777,inf
44,56,inf,inf,inf,363.2698721336522,inf
44,57,inf,inf,inf,396.15274831812036,inf
44,58,inf,inf,inf,1207.3827065185255,inf
44,59,inf,inf,inf,1259.6697980026354,inf
44,60,inf,inf,inf,791.8838298639517,inf
44,61,inf,inf,inf,380.4431626406236,inf
44,62,inf,inf,inf,467.1241804916547,inf
44,63,inf,inf,inf,1370.5520785435335,inf
44,64,inf,inf,inf,700.800970318963,inf
44,65,inf,inf,inf,562.5157775565056,inf
44,66,inf,inf,inf,383.275357934736,inf
44,67,inf,inf,inf,552.4499977373517,inf
44,68,inf,inf,inf,751.2156814124689,inf
44,69,inf,inf,inf,1389.3901539884325,inf
44,70,inf,inf,inf,1309.3280719514112,inf
44,71,inf,inf,inf,1213.1681664138735,inf
44,72,inf,inf,inf,462.1568997645713,inf
44,73,inf,inf,inf,978.5157126995969,inf
44,74,inf,inf,inf,1327.864827457976,inf
44,75,inf,inf,inf,639.9578111094512,inf
44,76,inf,inf,inf,1458.6356638996594,inf
44,77,inf,inf,inf,233.46091750012462,inf
44,78,inf,inf,inf,842.6820278135757,inf
44,79,inf,inf,inf,922.7941265526131,inf
44,80,inf,inf,inf,500.05799663639016,inf
44,81,inf,inf,inf,530.904887903662,inf
44,82,inf,inf,inf,555.2521949528881,inf
44,83,inf,inf,inf,1219.3850909372313,inf
44,84,inf,inf,inf,667.4346409949067,inf
44,85,inf,inf,inf,237.03375287076733,inf
44,86,inf,inf,inf,840.6485591494225,inf
44,87,inf,inf,inf,992.050401945385,inf
44,88,inf,inf,inf,912.7814634401818,inf
44,89,inf,inf,inf,862.7844458495993,inf
44,90,inf,inf,inf,849.4763092635368,inf
44,91,inf,inf,inf,802.2680350107438,inf
44,92,inf,inf,inf,587.664019657491,inf
44,93,inf,inf,inf,1049.895232868499,inf
44,94,inf,inf,inf,700.0628543209531,inf
44,95,inf,inf,inf,1025.7270592121474,inf
44,96,inf,inf,inf,905.3115485842429,inf
44,97,inf,inf,inf,614.8015940122472,inf
44,98,inf,inf,inf,234.3608329051593,inf
44,99,inf,inf,inf,1465.6909633343585,inf
44,100,inf,inf,inf,1359.507263680485,inf
44,101,inf,inf,inf,1336.0632470059193,inf
44,102,inf,inf,inf,584.4056810127704,inf
44,103,inf,inf,inf,321.16195291472496,inf
44,104,inf,inf,inf,902.5835141414893,inf
44,105,inf,inf,inf,1276.025078123467,inf
44,106,inf,inf,inf,774.1640652988228,inf
44,107,inf,inf,inf,1121.6545814108727,inf
44,108,inf,inf,inf,499.9249943741561,inf
44,109,inf,inf,inf,1414.5677785104538,inf
44,110,inf,inf,inf,598.8731084294902,inf
44,111,inf,inf,inf,770.0551928271116,inf
44,112,inf,inf,inf,1183.3059621247583,inf
44,113,inf,inf,inf,595.157122111464,inf
44,114,inf,inf,inf,828.7882721177949,inf
44,115,inf,inf,inf,1487.7785453487356,inf
44,116,inf,inf,inf,1304.4128947538045,inf
44,117,inf,inf,inf,630.7178449988553,inf
44,118,inf,inf,inf,1347.4394234992533,inf
44,119,inf,inf,inf,494.8626071951689,inf
44,120,inf,inf,inf,1176.655004663644,inf
44,121,inf,inf,inf,877.2513892835964,inf
44,122,inf,inf,inf,1194.5396602875937,inf
44,123,inf,inf,inf,1024.8243751980142,inf
44,124,inf,inf,inf,403.0607894598531,inf
44,125,inf,inf,inf,1417.0183485050572,inf
44,126,inf,inf,inf,631.6106395557314,inf
44,127,inf,inf,inf,1253.9936203984453,inf
44,128,inf,inf,inf,1419.9471821162927,inf
44,129,inf,inf,inf,440.38619415235985,inf
44,130,inf,inf,inf,1465.8274113960347,inf
44,131,inf,inf,inf,1021.863493819013,inf
44,132,2.0,167.6518,167.65180361560894,127.283148923964,1.3171563167074083
44,133,inf,inf,inf,480.3758944826437,inf
44,134,inf,inf,inf,909.8159154466358,inf
44,135,inf,inf,inf,508.7592750997273,inf
44,136,inf,inf,inf,730.0205476560232,inf
44,137,inf,inf,inf,776.5474872794323,inf
44,138,inf,inf,inf,1449.8799950340717,inf
44,139,inf,inf,inf,1326.9502628207283,inf
44,140,inf,inf,inf,563.5068766217498,inf
45,46,inf,inf,inf,875.4164723147492,inf
45,47,inf,inf,inf,712.4619288074276,inf
45,48,inf,inf,inf,407.5450895299807,inf
45,49,inf,inf,inf,853.1875526518188,inf
45,50,inf,inf,inf,418.6466290321708,inf
45,51,inf,inf,inf,740.4410847596181,inf
45,52,inf,inf,inf,592.2440375385809,inf
45,53,inf,inf,inf,973.6534291009301,inf
45,54,inf,inf,inf,796.0351751022062,inf
45,55,inf,inf,inf,378.1137395017536,inf
45,56,inf,inf,inf,627.2870156475423,inf
45,57,inf,inf,inf,640.5193205516911,inf
45,58,inf,inf,inf,583.4149466717492,inf
45,59,inf,inf,inf,855.6284240252892,inf
45,60,inf,inf,inf,570.8975389682461,inf
45,61,inf,inf,inf,323.4269623887285,inf
45,62,inf,inf,inf,569.6744684466735,inf
45,63,inf,inf,inf,734.006130764587,inf
45,64,inf,inf,inf,542.7946204597094,inf
45,65,inf,inf,inf,820.1975371823546,inf
45,66,inf,inf,inf,358.54148992829266,inf
45,67,inf,inf,inf,321.86487848163864,inf
45,68,inf,inf,inf,689.4613839802778,inf
45,69,inf,inf,inf,1022.792745379043,inf
45,70,inf,inf,inf,936.92689149154,inf
45,71,inf,inf,inf,578.7235955099809,inf
45,72,inf,inf,inf,545.9716109835748,inf
45,73,inf,inf,inf,368.4087403957729,inf
45,74,inf,inf,inf,1069.074833676296,inf
45,75,inf,inf,inf,738.8653463250256,inf
45,76,inf,inf,inf,1024.7233773072614,inf
45,77,inf,inf,inf,492.6865129065337,inf
45,78,inf,inf,inf,550.8475288135547,inf
45,79,inf,inf,inf,293.17059879871994,inf
45,80,inf,inf,inf,413.92994576377293,inf
45,81,inf,inf,inf,534.812116541875,inf
45,82,inf,inf,inf,383.4488231824424,inf
45,83,inf,inf,inf,870.0206894091657,inf
45,84,inf,inf,inf,419.6724913548659,inf
45,85,inf,inf,inf,620.6230740151384,inf
45,86,inf,inf,inf,375.9494646890723,inf
45,87,inf,inf,inf,1024.0703100861776,inf
45,88,inf,inf,inf,279.1451235468748,inf
45,89,inf,inf,inf,223.78784596130328,inf
45,90,inf,inf,inf,610.8436788573653,inf
45,91,inf,inf,inf,458.6349310726343,inf
45,92,inf,inf,inf,57.48912940721924,inf
45,93,inf,inf,inf,559.0599252316338,inf
45,94,1.0,81.3553,81.35533905932735,71.47027354082255,1.1383101676931267
45,95,inf,inf,inf,462.4110725317896,inf
45,96,inf,inf,inf,590.1228685621326,inf
45,97,inf,inf,inf,226.33824246026123,inf
45,98,inf,inf,inf,744.1511943147037,inf
45,99,inf,inf,inf,1010.8540943182651,inf
45,100,inf,inf,inf,903.8406939278625,inf
45,101,inf,inf,inf,697.0975541486284,inf
45,102,inf,inf,inf,565.4679478095995,inf
45,103,inf,inf,inf,736.0142661660846,inf
45,104,inf,inf,inf,388.3104428160541,inf
45,105,inf,inf,inf,850.7996238833207,inf
45,106,inf,inf,inf,227.89910048089263,inf
45,107,inf,inf,inf,1056.54578698701,inf
45,108,inf,inf,inf,852.9648292866476,inf
45,109,inf,inf,inf,833.7781479506405,inf
45,110,inf,inf,inf,488.6972477925367,inf
45,111,inf,inf,inf,375.17062784818324,inf
45,112,inf,inf,inf,565.9796816141018,inf
45,113,inf,inf,inf,285.3769437077915,inf
45,114,inf,inf,inf,978.4692125969012,inf
45,115,inf,inf,inf,951.6538236144486,inf
45,116,inf,inf,inf,882.3746369881673,inf
45,117,inf,inf,inf,822.4335839446247,inf
45,118,inf,inf,inf,774.0187336234181,inf
45,119,inf,inf,inf,358.0628436461957,inf
45,120,inf,inf,inf,556.9030436260875,inf
45,121,inf,inf,inf,239.28643923131122,inf
45,122,inf,inf,inf,574.8434569515426,inf
45,123,inf,inf,inf,401.6179776852625,inf
45,124,inf,inf,inf,646.6668384879497,inf
45,125,inf,inf,inf,791.9122426127784,inf
45,126,inf,inf,inf,828.3236082594773,inf
45,127,inf,inf,inf,727.1698563609468,inf
45,128,inf,inf,inf,796.8349891916142,inf
45,129,inf,inf,inf,453.48428859222895,inf
45,130,inf,inf,inf,874.0400448492048,inf
45,131,inf,inf,inf,459.54869165301733,inf
45,132,inf,inf,inf,698.710955975359,inf
45,133,inf,inf,inf,700.4919699753881,inf
45,134,inf,inf,inf,415.1445531378197,inf
45,135,inf,inf,inf,296.76927064640637,inf
45,136,inf,inf,inf,494.2165517260627,inf
45,137,inf,inf,inf,407.98284277650697,inf
45,138,inf,inf,inf,1029.7747326478739,inf
45,139,inf,inf,inf,954.3589471472461,inf
45,140,inf,inf,inf,490.1346753699436,inf
46,47,inf,inf,inf,304.53242848668845,inf
46,48,inf,inf,inf,595.4032247141428,inf
46,49,inf,inf,inf,1178.462133460384,inf
46,50,inf,inf,inf,1180.9898390756798,inf
46,51,inf,inf,inf,178.89941307897016,inf
46,52,inf,inf,inf,409.03422839659765,inf
46,53,inf,inf,inf,1080.0115740120566,inf
46,54,inf,inf,inf,768.272087219105,inf
46,55,inf,inf,inf,639.9062431325389,inf
46,56,inf,inf,inf,432.6118352518803,inf
46,57,inf,inf,inf,399.50093867223893,inf
46,58,inf,inf,inf,1363.8933242742996,inf
46,59,inf,inf,inf,772.9540736680285,inf
46,60,inf,inf,inf,395.0923942573433,inf
46,61,inf,inf,inf,634.1616513161293,inf
46,62,inf,inf,inf,363.4460069941614,inf
46,63,inf,inf,inf,1329.3731605534995,inf
46,64,inf,inf,inf,358.7199464763564,inf
46,65,inf,inf,inf,268.15294143454776,inf
46,66,inf,inf,inf,590.0593190519069,inf
46,67,inf,inf,inf,553.6758979764245,inf
46,68,inf,inf,inf,213.45959805077868,inf
46,69,inf,inf,inf,817.7634132192513,inf
46,70,inf,inf,inf,766.531147442816,inf
46,71,inf,inf,inf,1190.9009194723128,inf
46,72,inf,inf,inf,381.24139334547607,inf
46,73,inf,inf,inf,950.017368262286,inf
46,74,inf,inf,inf,657.4807981987002,inf
46,75,inf,inf,inf,162.0863967148385,inf
46,76,inf,inf,inf,954.0754687130363,inf
46,77,inf,inf,inf,923.3471719781244,inf
46,78,inf,inf,inf,474.0516849458506,inf
46,79,inf,inf,inf,1108.9098250083277,inf
46,80,inf,inf,inf,1101.4354270677877,inf
46,81,inf,inf,inf,354.2005081871001,inf
46,82,inf,inf,inf,1120.2986209042658,inf
46,83,inf,inf,inf,678.7238024410224,inf
46,84,inf,inf,inf,478.81624868001296,inf
46,85,inf,inf,inf,558.0224009840465,inf
46,86,inf,inf,inf,1247.2706201943506,inf
46,87,inf,inf,inf,197.00253805471644,inf
46,88,inf,inf,inf,1086.6646216749673,inf
46,89,inf,inf,inf,1019.8651871693631,inf
46,90,inf,inf,inf,408.3772765470674,inf
46,91,inf,inf,inf,539.4849395488255,inf
46,92,inf,inf,inf,871.9776373279306,inf
46,93,inf,inf,inf,778.8157676883538,inf
46,94,inf,inf,inf,939.8138113477584,inf
46,95,inf,inf,inf,881.6178310356478,inf
46,96,inf,inf,inf,505.3563099437861,inf
46,97,inf,inf,inf,656.2202374203343,inf
46,98,inf,inf,inf,612.0792432357105,inf
46,99,inf,inf,inf,988.0667993612577,inf
46,100,inf,inf,inf,910.8424671698175,inf
46,101,inf,inf,inf,1328.8404719905245,inf
46,102,inf,inf,inf,312.6787488781417,inf
46,103,inf,inf,inf,504.6236221185053,inf
46,104,inf,inf,inf,758.6310038483795,inf
46,105,inf,inf,inf,811.6661875426375,inf
46,106,inf,inf,inf,776.24995974235,inf
46,107,inf,inf,inf,345.77593901253454,inf
46,108,inf,inf,inf,379.49044783762344,inf
46,109,inf,inf,inf,1168.1095839004147,inf
46,110,inf,inf,inf,387.07234465923807,inf
46,111,inf,inf,inf,602.9170755584884,inf
46,112,inf,inf,inf,1363.6440151300485,inf
46,113,inf,inf,inf,1078.0658606968314,inf
46,114,inf,inf,inf,120.41594578792295,inf
46,115,inf,inf,inf,1133.603546218871,inf
46,116,inf,inf,inf,826.3613011268134,inf
46,117,inf,inf,inf,182.16750533506243,inf
46,118,inf,inf,inf,1102.0222320806417,inf
46,119,inf,inf,inf,527.7319395299095,inf
46,120,inf,inf,inf,1350.7794046401507,inf
46,121,inf,inf,inf,1038.4238055822873,inf
46,122,inf,inf,inf,1366.5053969889764,inf
46,123,inf,inf,inf,1012.4253058868096,inf
46,124,inf,inf,inf,392.3263947276553,inf
46,125,inf,inf,inf,1301.218275309719,inf
46,126,inf,inf,inf,184.89456454963732,inf
46,127,inf,inf,inf,949.6451969025063,inf
46,128,inf,inf,inf,1295.2050030786631,inf
46,129,inf,inf,inf,1081.6995886104423,inf
46,130,inf,inf,inf,1234.0405179733768,inf
46,131,inf,inf,inf,877.9846240111498,inf
46,132,inf,inf,inf,699.6120353453048,inf
46,133,inf,inf,inf,315.15869018638847,inf
46,134,inf,inf,inf,1290.4716192152387,inf
46,135,inf,inf,inf,1024.4032409163883,inf
46,136,inf,inf,inf,433.3497432790286,inf
46,137,inf,inf,inf,1254.8163212199624,inf
46,138,inf,inf,inf,929.2631489518994,inf
46,139,inf,inf,inf,779.1694295851191,inf
46,140,inf,inf,inf,386.7428085950662,inf
47,48,inf,inf,inf,581.1686502212589,inf
47,49,inf,inf,inf,1242.5719295075035,inf
47,50,inf,inf,inf,938.8104174965252,inf
47,51,inf,inf,inf,134.40610105199838,inf
47,52,inf,inf,inf,132.45754036671525,inf
47,53,inf,inf,inf,1206.4746163927362,inf
47,54,inf,inf,inf,902.1718239892,inf
47,55,inf,inf,inf,615.5485358604957,inf
47,56,inf,inf,inf,134.40610105199838,inf
47,57,inf,inf,inf,102.31813133555558,inf
47,58,inf,inf,inf,1268.4892589218089,inf
47,59,inf,inf,inf,926.495547749691,inf
47,60,inf,inf,inf,451.27596878185307,inf
47,61,inf,inf,inf,409.67426084634604,inf
47,62,inf,inf,inf,146.03081866510234,inf
47,63,inf,inf,inf,1310.0309156657333,inf
47,64,inf,inf,inf,363.23546082396746,inf
47,65,inf,inf,inf,108.45275469069469,inf
47,66,inf,inf,inf,366.2157833846051,inf
47,67,inf,inf,inf,416.83210049131293,inf
47,68,inf,inf,inf,321.90837205639747,inf
47,69,inf,inf,inf,1016.2209405439351,inf
47,70,inf,inf,inf,948.3427650380426,inf
47,71,inf,inf,inf,1156.955055306817,inf
47,72,inf,inf,inf,169.24833824885843,inf
47,73,inf,inf,inf,901.332901873664,inf
47,74,inf,inf,inf,901.667898951715,inf
47,75,inf,inf,inf,160.46183346827368,inf
47,76,inf,inf,inf,1124.43763722138,inf
47,77,inf,inf,inf,638.6062949893306,inf
47,78,inf,inf,inf,530.4196451867144,inf
47,79,inf,inf,inf,987.6218912114089,inf
47,80,inf,inf,inf,846.1040125185556,inf
47,81,inf,inf,inf,211.11608181282637,inf
47,82,inf,inf,inf,875.6671742163229,inf
47,83,inf,inf,inf,855.0380108509796,inf
47,84,inf,inf,inf,424.60923211819124,inf
47,85,inf,inf,inf,255.03921267130667,inf
47,86,inf,inf,inf,1057.396803475403,inf
47,87,inf,inf,inf,501.28834017958167,inf
47,88,inf,inf,inf,968.2995404315753,inf
47,89,inf,inf,inf,902.3419529202885,inf
47,90,inf,inf,inf,497.36907825074934,inf
47,91,inf,inf,inf,546.6772356701896,inf
47,92,inf,inf,inf,691.0231544601093,inf
47,93,inf,inf,inf,824.8502894465153,inf
47,94,inf,inf,inf,783.3070917590368,inf
47,95,inf,inf,inf,877.5249284208398,inf
47,96,inf,inf,inf,586.3215841157479,inf
47,97,inf,inf,inf,531.9445459820037,inf
47,98,inf,inf,inf,313.40867888429636,inf
47,99,inf,inf,inf,1146.769375245084,inf
47,100,inf,inf,inf,1052.472327427187,inf
47,101,inf,inf,inf,1295.7333830692178,inf
47,102,inf,inf,inf,224.72205054244233,inf
47,103,inf,inf,inf,208.1465829649865,inf
47,104,inf,inf,inf,740.8569362569267,inf
47,105,inf,inf,inf,956.0470699709298,inf
47,106,inf,inf,inf,693.6050749525987,inf
47,107,inf,inf,inf,641.5426720024163,inf
47,108,inf,inf,inf,166.54428840401582,inf
47,109,inf,inf,inf,1228.4119830089578,inf
47,110,inf,inf,inf,304.77040538739976,inf
47,111,inf,inf,inf,570.852870711885,inf
47,112,inf,inf,inf,1259.2763795132505,inf
47,113,inf,inf,inf,854.279813644218,inf
47,114,inf,inf,inf,342.90523472236464,inf
47,115,inf,inf,inf,1240.5502811252754,inf
47,116,inf,inf,inf,978.3460532960718,inf
47,117,inf,inf,inf,143.96180048887967,inf
47,118,inf,inf,inf,1158.7100586427996,inf
47,119,inf,inf,inf,361.46507438478756,inf
47,120,inf,inf,inf,1248.1446230305205,inf
47,121,inf,inf,inf,920.9603683112537,inf
47,122,inf,inf,inf,1265.403097830885,inf
47,123,inf,inf,inf,962.3351806932967,inf
47,124,inf,inf,inf,94.33981132056604,inf
47,125,inf,inf,inf,1311.4103095522773,inf
47,126,inf,inf,inf,146.54009690183776,inf
47,127,inf,inf,inf,1024.6999560847069,inf
47,128,inf,inf,inf,1308.8773815755242,inf
47,129,inf,inf,inf,815.3391932196072,inf
47,130,inf,inf,inf,1290.7749610214787,inf
47,131,inf,inf,inf,873.4443313686339,inf
47,132,inf,inf,inf,395.56668211567063,inf
47,133,inf,inf,inf,13.601470508735444,inf
47,134,inf,inf,inf,1111.3689756332053,inf
47,135,inf,inf,inf,787.371576830152,inf
47,136,inf,inf,inf,433.3358974283114,inf
47,137,inf,inf,inf,1042.3972371413884,inf
47,138,inf,inf,inf,1106.5016945310115,inf
47,139,inf,inf,inf,964.0752045354138,inf
47,140,inf,inf,inf,275.40878707840824,inf
48,49,inf,inf,inf,668.8796603276257,inf
48,50,inf,inf,inf,818.2444622482941,inf
48,51,inf,inf,inf,531.2212345153382,inf
48,52,inf,inf,inf,521.8198923000157,inf
48,53,inf,inf,inf,683.1837234595098,inf
48,54,inf,inf,inf,429.7731959999367,inf
48,55,inf,inf,inf,45.48626166217664,inf
48,56,inf,inf,inf,576.2377981354573,inf
48,57,inf,inf,inf,567.3552678877671,inf
48,58,inf,inf,inf,776.0644303149063,inf
48,59,inf,inf,inf,481.32837024218713,inf
48,60,inf,inf,inf,208.290662296705,inf
48,61,inf,inf,inf,425.0294107470682,inf
48,62,inf,inf,inf,451.8074811244276,inf
48,63,inf,inf,inf,742.7624115422104,inf
48,64,inf,inf,inf,242.5963726027246,inf
48,65,inf,inf,inf,665.7694796248924,inf
48,66,inf,inf,inf,415.5779108663019,inf
48,67,inf,inf,inf,246.272207120495,inf
48,68,inf,inf,inf,382.1675025430603,inf
48,69,inf,inf,inf,636.1713605625453,inf
48,70,inf,inf,inf,550.3680586661984,inf
48,71,inf,inf,inf,598.137108027917,inf
48,72,inf,inf,inf,435.13676011111727,inf
48,73,inf,inf,inf,354.79007877898727,inf
48,74,inf,inf,inf,661.9274884758904,inf
48,75,inf,inf,inf,515.1630809753354,inf
48,76,inf,inf,inf,672.0721687438039,inf
48,77,inf,inf,inf,762.5122949828416,inf
48,78,inf,inf,inf,154.8418548067673,inf
48,79,inf,inf,inf,547.1233864495284,inf
48,80,inf,inf,inf,790.1423922306662,inf
48,81,inf,inf,inf,372.5922704512266,inf
48,82,inf,inf,inf,774.4365693844784,inf
48,83,inf,inf,inf,473.65916015633013,inf
48,84,inf,inf,inf,158.24032355881985,inf
48,85,inf,inf,inf,650.0969158517828,inf
48,86,inf,inf,inf,763.7650162189939,inf
48,87,inf,inf,inf,691.6277900720878,inf
48,88,inf,inf,inf,523.607677560213,inf
48,89,inf,inf,inf,461.18326075433396,inf
48,90,inf,inf,inf,225.96681172242972,inf
48,91,inf,inf,inf,61.5223536610881,inf
48,92,inf,inf,inf,439.6020928066653,inf
48,93,inf,inf,inf,257.7925522585942,inf
48,94,inf,inf,inf,444.9730328907585,inf
48,95,inf,inf,inf,299.0066888883926,inf
48,96,inf,inf,inf,183.52111595127138,inf
48,97,inf,inf,inf,219.27152117865194,inf
48,98,inf,inf,inf,779.8063862267352,inf
48,99,inf,inf,inf,672.6016651778376,inf
48,100,inf,inf,inf,564.727367851072,inf
48,101,inf,inf,inf,737.1322812087394,inf
48,102,inf,inf,inf,359.17266042949313,inf
48,103,inf,inf,inf,716.4091010030512,inf
48,104,inf,inf,inf,166.04818577750254,inf
48,105,inf,inf,inf,488.8568297569341,inf
48,106,inf,inf,inf,212.2192262732102,inf
48,107,inf,inf,inf,681.6993472198723,inf
48,108,inf,inf,inf,747.6924501424365,inf
48,109,inf,inf,inf,653.4408925067362,inf
48,110,inf,inf,inf,276.55740814521675,inf
48,111,inf,inf,inf,34.52535300326414,inf
48,112,inf,inf,inf,780.0640999302557,inf
48,113,inf,inf,inf,687.1077062586331,inf
48,114,inf,inf,inf,714.4543372392668,inf
48,115,inf,inf,inf,695.2294585243062,inf
48,116,inf,inf,inf,519.2167177585868,inf
48,117,inf,inf,inf,625.5493585641344,inf
48,118,inf,inf,inf,583.5683336165525,inf
48,119,inf,inf,inf,306.11109094575454,inf
48,120,inf,inf,inf,766.5428885587551,inf
48,121,inf,inf,inf,478.0972704377217,inf
48,122,inf,inf,inf,781.2195594069569,inf
48,123,inf,inf,inf,417.0851232062827,inf
48,124,inf,inf,inf,568.894542072606,inf
48,125,inf,inf,inf,732.5353233803814,inf
48,126,inf,inf,inf,632.5322126184562,inf
48,127,inf,inf,inf,464.7074348447634,inf
48,128,inf,inf,inf,729.268811893118,inf
48,129,inf,inf,inf,810.1586264429948,inf
48,130,inf,inf,inf,713.7317423234026,inf
48,131,inf,inf,inf,295.01525384291574,inf
48,132,inf,inf,inf,791.4657288853384,inf
48,133,inf,inf,inf,575.1173793235604,inf
48,134,inf,inf,inf,785.7645957918949,inf
48,135,inf,inf,inf,677.6319059784597,inf
48,136,inf,inf,inf,164.2224101637776,inf
48,137,inf,inf,inf,812.5103076269248,inf
48,138,inf,inf,inf,668.7189245116366,inf
48,139,inf,inf,inf,568.3396871590088,inf
48,140,inf,inf,inf,308.50769844527383,inf
49,50,inf,inf,inf,1222.4974437601086,inf
49,51,inf,inf,inf,1170.9842014305743,inf
49,52,inf,inf,inf,1190.6972747092352,inf
49,53,inf,inf,inf,262.4576156258378,inf
49,54,inf,inf,inf,450.64953123242014,inf
49,55,inf,inf,inf,643.8144142530516,inf
49,56,inf,inf,inf,1245.090358166828,inf
49,57,inf,inf,inf,1235.9563099074335,inf
49,58,inf,inf,inf,670.5848193927446,inf
49,59,inf,inf,inf,484.2323822298546,inf
49,60,inf,inf,inf,805.5588122539533,inf
49,61,inf,inf,inf,1053.1144287303255,inf
49,62,inf,inf,inf,1119.6651285094129,inf
49,63,inf,inf,inf,364.29658247093124,inf
49,64,inf,inf,inf,882.7236260574427,inf
49,65,inf,inf,inf,1316.6825737435731,inf
49,66,inf,inf,inf,1057.6941902081148,inf
49,67,inf,inf,inf,897.1343266200441,inf
49,68,inf,inf,inf,981.315443677516,inf
49,69,inf,inf,inf,596.4310521761925,inf
49,70,inf,inf,inf,559.6043245008029,inf
49,71,inf,inf,inf,386.07771238443695,inf
49,72,inf,inf,inf,1103.6992343931386,inf
49,73,inf,inf,inf,486.42779525845356,inf
49,74,inf,inf,inf,807.0811607267265,inf
49,75,inf,inf,inf,1149.6421182263634,inf
49,76,inf,inf,inf,458.5073609005639,inf
49,77,inf,inf,inf,1335.882105576686,inf
49,78,inf,inf,inf,722.0415500509648,inf
49,79,inf,inf,inf,708.2428961874591,inf
49,80,inf,inf,inf,1252.958498913671,inf
49,81,inf,inf,inf,1038.8094146666174,inf
49,82,inf,inf,inf,1208.4303869069165,inf
49,83,inf,inf,inf,592.186625988801,inf
49,84,inf,inf,inf,826.5446146458157,inf
49,85,inf,inf,inf,1313.4724968570906,inf
49,86,inf,inf,inf,1013.0493571391278,inf
49,87,inf,inf,inf,1190.3516287215302,inf
49,88,inf,inf,inf,696.0581872228787,inf
49,89,inf,inf,inf,693.3065699962751,inf
49,90,inf,inf,inf,775.830522730319,inf
49,91,inf,inf,inf,696.2506732492257,inf
49,92,inf,inf,inf,909.9593397509583,inf
49,93,inf,inf,inf,417.7427438029295,inf
49,94,inf,inf,inf,828.2928226177021,inf
49,95,inf,inf,inf,407.2259814893937,inf
49,96,inf,inf,inf,677.6252651724255,inf
49,97,inf,inf,inf,818.1980200416034,inf
49,98,inf,inf,inf,1445.0224911744453,inf
49,99,inf,inf,inf,406.20807475972214,inf
49,100,inf,inf,inf,374.44492251865296,inf
49,101,inf,inf,inf,415.7162493817147,inf
49,102,inf,inf,inf,1017.8531328241811,inf
49,103,inf,inf,inf,1385.1678598639228,inf
49,104,inf,inf,inf,532.680016520237,inf
49,105,inf,inf,inf,439.2641574269405,inf
49,106,inf,inf,inf,662.3360174412984,inf
49,107,inf,inf,inf,1085.6233232571967,inf
49,108,inf,inf,inf,1408.3877307048651,inf
49,109,2.0,23.7279,23.72792206135786,19.72308292331602,1.2030534046636006
49,110,inf,inf,inf,941.7281985796114,inf
49,111,inf,inf,inf,687.592902813867,inf
49,112,inf,inf,inf,706.0453243241541,inf
49,113,inf,inf,inf,1099.3238831208935,inf
49,114,inf,inf,inf,1296.0312496232489,inf
49,115,inf,inf,inf,177.2004514666935,inf
49,116,inf,inf,inf,448.153991391352,inf
49,117,inf,inf,inf,1262.267800429053,inf
49,118,inf,inf,inf,85.88364221433555,inf
49,119,inf,inf,inf,962.6047994893854,inf
49,120,inf,inf,inf,694.0,inf
49,121,inf,inf,inf,692.3503448399517,inf
49,122,inf,inf,inf,694.2333901506034,inf
49,123,inf,inf,inf,467.8803265793508,inf
49,124,inf,inf,inf,1237.2829102513297,inf
49,125,inf,inf,inf,244.18026128252055,inf
49,126,inf,inf,inf,1269.1780804914652,inf
49,127,inf,inf,inf,229.0087334579186,inf
49,128,inf,inf,inf,229.0087334579186,inf
49,129,inf,inf,inf,1301.8022123195212,inf
49,130,inf,inf,inf,60.53924347066124,inf
49,131,inf,inf,inf,411.0109487592758,inf
49,132,inf,inf,inf,1446.1818696139155,inf
49,133,inf,inf,inf,1237.9208375336445,inf
49,134,inf,inf,inf,983.9197121716792,inf
49,135,inf,inf,inf,1139.1422211471227,inf
49,136,inf,inf,inf,809.4473423268496,inf
49,137,inf,inf,inf,1115.1183793660653,inf
49,138,inf,inf,inf,490.2948092729516,inf
49,139,inf,inf,inf,563.4128149057315,inf
49,140,inf,inf,inf,975.6664389021486,inf
50,51,inf,inf,inf,1015.7834414874068,inf
50,52,inf,inf,inf,806.4862057096823,inf
50,53,inf,inf,inf,1375.5173572150952,inf
50,54,inf,inf,inf,1214.3858530137775,inf
50,55,inf,inf,inf,793.2042612089272,inf
50,56,inf,inf,inf,815.2361621027369,inf
50,57,inf,inf,inf,841.760060824936,inf
50,58,inf,inf,inf,743.0585441269079,inf
50,59,inf,inf,inf,1274.2123057010554,inf
50,60,inf,inf,inf,953.7321426899694,inf
50,61,inf,inf,inf,546.8692713985674,inf
50,62,inf,inf,inf,824.5786802967925,inf
50,63,inf,inf,inf,1013.9921104229559,inf
50,64,inf,inf,inf,902.6566346069806,inf
50,65,inf,inf,inf,1042.6029925144087,inf
50,66,inf,inf,inf,591.186095912277,inf
50,67,inf,inf,inf,663.8810134353896,inf
50,68,inf,inf,inf,1032.1434008896244,inf
50,69,inf,inf,inf,1441.3361856277668,inf
50,70,inf,inf,inf,1355.41174555926,inf
50,71,inf,inf,inf,882.1813872441427,inf
50,72,inf,inf,inf,803.9328330152961,inf
50,73,inf,inf,inf,743.8548245457578,inf
50,74,inf,inf,inf,1478.8644292158765,inf
50,75,inf,inf,inf,1024.0356439108944,inf
50,76,inf,inf,inf,1440.5835623107741,inf
50,77,inf,inf,inf,381.3200755271088,inf
50,78,inf,inf,inf,950.3872894772951,inf
50,79,inf,inf,inf,529.5620832348177,inf
50,80,inf,inf,inf,114.84337159801605,inf
50,81,inf,inf,inf,827.9160585470003,inf
50,82,inf,inf,inf,63.655321851358195,inf
50,83,inf,inf,inf,1287.0916828260526,inf
50,84,inf,inf,inf,792.8808233271883,inf
50,85,inf,inf,inf,741.464766526367,inf
50,86,inf,inf,inf,285.616876252087,inf
50,87,inf,inf,inf,1356.8024911533735,inf
50,88,inf,inf,inf,535.6314031122522,inf
50,89,inf,inf,inf,529.2806438931997,inf
50,90,inf,inf,inf,1001.5333244580531,inf
50,91,inf,inf,inf,863.37535290278,inf
50,92,inf,inf,inf,379.0118731649445,inf
50,93,inf,inf,inf,974.5342477306788,inf
50,94,inf,inf,inf,410.440007796511,inf
50,95,inf,inf,inf,862.3786871206871,inf
50,96,inf,inf,inf,996.6042343879541,inf
50,97,inf,inf,inf,610.7470834969251,inf
50,98,inf,inf,inf,819.4937461628368,inf
50,99,inf,inf,inf,1424.1716890880818,inf
50,100,inf,inf,inf,1318.353897858993,inf
50,101,inf,inf,inf,962.0810776644555,inf
50,102,inf,inf,inf,874.8742766820842,inf
50,103,inf,inf,inf,865.6847001073775,inf
50,104,inf,inf,inf,804.9844718999243,inf
50,105,inf,inf,inf,1268.6721404681352,inf
50,106,inf,inf,inf,645.8769232601518,inf
50,107,inf,inf,inf,1422.4014904379144,inf
50,108,inf,inf,inf,1030.4212730723293,inf
50,109,inf,inf,inf,1202.7772029765113,inf
50,110,inf,inf,inf,821.6373896068752,inf
50,111,inf,inf,inf,784.4310039767679,inf
50,112,inf,inf,inf,707.2934327420268,inf
50,113,inf,inf,inf,133.3604139165742,inf
50,114,inf,inf,inf,1262.7988755142285,inf
50,115,inf,inf,inf,1343.3167906342867,inf
50,116,inf,inf,inf,1300.2345942175205,inf
50,117,inf,inf,inf,1076.0018587344541,inf
50,118,inf,inf,inf,1151.1958999232058,inf
50,119,inf,inf,inf,664.7977135941428,inf
50,120,inf,inf,inf,706.6144634806168,inf
50,121,inf,inf,inf,531.278646286485,inf
50,122,inf,inf,inf,722.0110802473879,inf
50,123,inf,inf,inf,754.6893400598686,inf
50,124,inf,inf,inf,849.6593435018531,inf
50,125,inf,inf,inf,1105.73957150859,inf
50,126,inf,inf,inf,1080.2059988724372,inf
50,127,inf,inf,inf,1129.3737202538405,inf
50,128,inf,inf,inf,1114.7129675391777,inf
50,129,inf,inf,inf,182.58422713914803,inf
50,130,inf,inf,inf,1231.5214167849458,inf
50,131,inf,inf,inf,860.1453365565612,inf
50,132,inf,inf,inf,728.5835573220137,inf
50,133,inf,inf,inf,925.2307820214371,inf
50,134,inf,inf,inf,354.8436275319031,inf
50,135,inf,inf,inf,157.01273833673497,inf
50,136,inf,inf,inf,873.741952752642,inf
50,137,inf,inf,inf,184.6212338816963,inf
50,138,inf,inf,inf,1446.849335625517,inf
50,139,inf,inf,inf,1372.8867396839405,inf
50,140,inf,inf,inf,807.66639152561,inf
51,52,inf,inf,inf,230.24334952393303,inf
51,53,inf,inf,inf,1111.9028734561307,inf
51,54,inf,inf,inf,802.3920488140445,inf
51,55,inf,inf,inf,571.2661376276385,inf
51,56,inf,inf,inf,255.01764644824092,inf
51,57,inf,inf,inf,222.08106627986098,inf
51,58,inf,inf,inf,1266.491215919005,inf
51,59,inf,inf,inf,820.7441745148119,inf
51,60,inf,inf,inf,365.85379593493354,inf
51,61,inf,inf,inf,470.61874165825566,inf
51,62,inf,inf,inf,191.4001044931794,inf
51,63,inf,inf,inf,1273.2839431957036,inf
51,64,inf,inf,inf,292.2071183253413,inf
51,65,inf,inf,inf,151.15885683611134,inf
51,66,inf,inf,inf,425.8368232081392,inf
51,67,inf,inf,inf,422.91606732305644,inf
51,68,inf,inf,inf,206.49455198624491,inf
51,69,inf,inf,inf,898.2126696946553,inf
51,70,inf,inf,inf,834.420157954013,inf
51,71,inf,inf,inf,1125.5309858018127,inf
51,72,inf,inf,inf,211.8962010041709,inf
51,73,inf,inf,inf,873.9061734534206,inf
51,74,inf,inf,inf,772.4299320974039,inf
51,75,1.0,30.2132,30.213203435596434,27.65863337187866,1.092360675575355
51,76,inf,inf,inf,1015.1477724942315,inf
51,77,inf,inf,inf,745.4186743032401,inf
51,78,inf,inf,inf,449.1102314577124,inf
51,79,inf,inf,inf,996.395503803585,inf
51,80,inf,inf,inf,931.4724902003279,inf
51,81,inf,inf,inf,205.6428943581567,inf
51,82,inf,inf,inf,954.0,inf
51,83,inf,inf,inf,741.7769206439359,inf
51,84,inf,inf,inf,386.37287689484623,inf
51,85,inf,inf,inf,381.57830126987045,inf
51,86,inf,inf,inf,1103.4586535072349,inf
51,87,inf,inf,inf,374.97333238511777,inf
51,88,inf,inf,inf,975.4060692860179,inf
51,89,inf,inf,inf,908.3490518517648,inf
51,90,inf,inf,inf,402.60278190792474,inf
51,91,inf,inf,inf,486.0504089083765,inf
51,92,inf,inf,inf,728.9951988867965,inf
51,93,inf,inf,inf,755.6460811782193,inf
51,94,inf,inf,inf,808.5944595407515,inf
51,95,inf,inf,inf,829.8704718207534,inf
51,96,inf,inf,inf,498.08031480876656,inf
51,97,inf,inf,inf,534.9579422721005,inf
51,98,inf,inf,inf,447.81469381877145,inf
51,99,inf,inf,inf,1041.2170763102188,inf
51,100,inf,inf,inf,951.6832456232484,inf
51,101,inf,inf,inf,1264.9648216452504,inf
51,102,inf,inf,inf,183.87223825254318,inf
51,103,inf,inf,inf,342.24260401066374,inf
51,104,inf,inf,inf,696.7639485507269,inf
51,105,inf,inf,inf,853.4805211602664,inf
51,106,inf,inf,inf,678.9410872822472,inf
51,107,inf,inf,inf,507.9704715827486,inf
51,108,inf,inf,inf,260.0,inf
51,109,inf,inf,inf,1158.1938525134728,inf
51,110,inf,inf,inf,271.9558787744806,inf
51,111,inf,inf,inf,528.6548968845366,inf
51,112,inf,inf,inf,1261.5926442398118,inf
51,113,inf,inf,inf,919.2632919898412,inf
51,114,inf,inf,inf,247.25897354797863,inf
51,115,inf,inf,inf,1153.0290542740022,inf
51,116,inf,inf,inf,873.5914376869773,inf
51,117,inf,inf,inf,94.33981132056604,inf
51,118,inf,inf,inf,1089.3465931465523,inf
51,119,inf,inf,inf,382.94124875756074,inf
51,120,inf,inf,inf,1249.543916795244,inf
51,121,inf,inf,inf,927.1359123666821,inf
51,122,inf,inf,inf,1266.1579680276866,inf
51,123,inf,inf,inf,936.318321939713,inf
51,124,inf,inf,inf,215.23243250030885,inf
51,125,inf,inf,inf,1262.0253563221304,inf
51,126,inf,inf,inf,101.31633629380802,inf
51,127,inf,inf,inf,947.0337903158472,inf
51,128,inf,inf,inf,1258.019475206962,inf
51,129,inf,inf,inf,908.3286850033968,inf
51,130,inf,inf,inf,1222.38823619994,inf
51,131,inf,inf,inf,825.9213037572042,inf
51,132,inf,inf,inf,527.9867422577958,inf
51,133,inf,inf,inf,142.61837188805654,inf
51,134,inf,inf,inf,1151.691799050423,inf
51,135,inf,inf,inf,860.3679445446581,inf
51,136,inf,inf,inf,370.0013513488836,inf
51,137,inf,inf,inf,1101.4322493916727,inf
51,138,inf,inf,inf,995.0442201229049,inf
51,139,inf,inf,inf,849.4103837368601,inf
51,140,inf,inf,inf,256.71969149249145,inf
52,53,inf,inf,inf,1182.1082860719655,inf
52,54,inf,inf,inf,889.1102293866604,inf
52,55,inf,inf,inf,549.3641779366397,inf
52,56,inf,inf,inf,55.226805085936306,inf
52,57,inf,inf,inf,50.15974481593781,inf
52,58,inf,inf,inf,1159.84999030047,inf
52,59,inf,inf,inf,921.6208547987616,inf
52,60,inf,inf,inf,437.72708392330486,inf
52,61,inf,inf,inf,280.41754581338165,inf
52,62,inf,inf,inf,80.8084154033477,inf
52,63,inf,inf,inf,1225.3097567554091,inf
52,64,inf,inf,inf,343.0349836386954,inf
52,65,inf,inf,inf,238.75719884434898,inf
52,66,inf,inf,inf,238.27085428142487,inf
52,67,inf,inf,inf,319.1269339933563,inf
52,68,inf,inf,inf,359.13785653979727,inf
52,69,inf,inf,inf,1030.5969144141661,inf
52,70,inf,inf,inf,956.2494444442831,inf
52,71,inf,inf,inf,1069.2651682347087,inf
52,72,inf,inf,inf,89.30845424706443,inf
52,73,inf,inf,inf,813.5379524029595,inf
52,74,inf,inf,inf,943.6630754670864,inf
52,75,inf,inf,inf,248.3646512690564,inf
52,76,inf,inf,inf,1122.317691208688,inf
52,77,inf,inf,inf,515.981588818826,inf
52,78,inf,inf,inf,506.62806870523866,inf
52,79,inf,inf,inf,874.642784226795,inf
52,80,inf,inf,inf,714.7314180865425,inf
52,81,inf,inf,inf,162.3730273167314,inf
52,82,inf,inf,inf,743.4083669155198,inf
52,83,inf,inf,inf,863.3915681774985,inf
52,84,inf,inf,inf,364.51611761347397,inf
52,85,inf,inf,inf,168.0773631397161,inf
52,86,inf,inf,inf,928.5800988606206,inf
52,87,inf,inf,inf,604.1862295683343,inf
52,88,inf,inf,inf,856.4070293966532,inf
52,89,inf,inf,inf,791.6880698861137,inf
52,90,inf,inf,inf,491.7082468293571,inf
52,91,inf,inf,inf,499.6528795073636,inf
52,92,inf,inf,inf,566.6409798099675,inf
52,93,inf,inf,inf,776.7245328943847,inf
52,94,inf,inf,inf,663.624140609728,inf
52,95,inf,inf,inf,807.1982408305905,inf
52,96,inf,inf,inf,567.7252856796146,inf
52,97,inf,inf,inf,430.5624228843014,inf
52,98,inf,inf,inf,274.3902330623304,inf
52,99,inf,inf,inf,1138.5626904127853,inf
52,100,inf,inf,inf,1038.4416208916127,inf
52,101,inf,inf,inf,1206.424469247868,inf
52,102,inf,inf,inf,205.6817930688081,inf
52,103,inf,inf,inf,195.47378340841516,inf
52,104,inf,inf,inf,670.3700470635603,inf
52,105,inf,inf,inf,945.9899576633993,inf
52,106,inf,inf,inf,600.100824861956,inf
52,107,inf,inf,inf,725.5687424358907,inf
52,108,inf,inf,inf,261.5415836917717,inf
52,109,inf,inf,inf,1175.2297647694259,inf
52,110,inf,inf,inf,255.7264163124334,inf
52,111,inf,inf,inf,504.7137802755142,inf
52,112,inf,inf,inf,1148.1968472348285,inf
52,113,inf,inf,inf,722.2471876026933,inf
52,114,inf,inf,inf,466.55439125572485,inf
52,115,inf,inf,inf,1206.863703986494,inf
52,116,inf,inf,inf,971.1405665504866,inf
52,117,inf,inf,inf,271.6615541441225,inf
52,118,inf,inf,inf,1105.3687167637775,inf
52,119,inf,inf,inf,256.28109567426156,inf
52,120,inf,inf,inf,1137.6414197804156,inf
52,121,inf,inf,inf,810.0253082466004,inf
52,122,inf,inf,inf,1155.1796397097726,inf
52,123,inf,inf,inf,872.5869584173258,inf
52,124,inf,inf,inf,55.10898293381942,inf
52,125,inf,inf,inf,1237.3552440588758,inf
52,126,inf,inf,inf,275.2834902423318,inf
52,127,inf,inf,inf,982.0819721387824,inf
52,128,inf,inf,inf,1236.15735244345,inf
52,129,inf,inf,inf,685.8870169350051,inf
52,130,inf,inf,inf,1235.0971621698432,inf
52,131,inf,inf,inf,803.0753389315352,inf
52,132,inf,inf,inf,325.16149833582693,inf
52,133,inf,inf,inf,118.92854997854805,inf
52,134,inf,inf,inf,984.0741841954803,inf
52,135,inf,inf,inf,654.9175520628531,inf
52,136,inf,inf,inf,397.24677468797654,inf
52,137,inf,inf,inf,910.9077889665891,inf
52,138,inf,inf,inf,1108.1358220001734,inf
52,139,inf,inf,inf,973.0416229535097,inf
52,140,inf,inf,inf,219.0091322296858,inf
53,54,inf,inf,inf,312.2515011973521,inf
53,55,inf,inf,inf,674.6235987571143,inf
53,56,inf,inf,inf,1237.2849308061584,inf
53,57,inf,inf,inf,1221.6316957250249,inf
53,58,inf,inf,inf,911.7938363467917,inf
53,59,inf,inf,inf,312.2579062249665,inf
53,60,inf,inf,inf,755.241021131665,inf
53,61,inf,inf,inf,1104.3269443421182,inf
53,62,inf,inf,inf,1104.189295365609,inf
53,63,inf,inf,inf,623.7082651368346,inf
53,64,inf,inf,inf,845.7121259624932,inf
53,65,inf,inf,inf,1262.8083781793657,inf
53,66,inf,inf,inf,1098.1643774954641,inf
53,67,inf,inf,inf,929.1426155332667,inf
53,68,inf,inf,inf,908.0836965830848,inf
53,69,inf,inf,inf,366.08468965527635,inf
53,70,inf,inf,inf,355.75975039343615,inf
53,71,inf,inf,inf,618.582249987825,inf
53,72,inf,inf,inf,1092.8000732064397,inf
53,73,inf,inf,inf,636.0440236335846,inf
53,74,inf,inf,inf,593.255425596766,inf
53,75,inf,inf,inf,1087.1545428318827,inf
53,76,inf,inf,inf,208.02163349036562,inf
53,77,inf,inf,inf,1424.150624056318,inf
53,78,inf,inf,inf,678.1061863749659,inf
53,79,inf,inf,inf,895.7789905998019,inf
53,80,inf,inf,inf,1387.0129775888904,inf
53,81,inf,inf,inf,1020.9745344522556,inf
53,82,inf,inf,inf,1351.2320304078053,inf
53,83,inf,inf,inf,419.0429572251513,inf
53,84,inf,inf,inf,826.4744400161447,inf
53,85,inf,inf,inf,1326.125936704354,inf
53,86,inf,inf,inf,1201.1465356067094,inf
53,87,inf,inf,inf,1050.9505221464995,inf
53,88,inf,inf,inf,879.2070290892811,inf
53,89,inf,inf,inf,859.7964875480709,inf
53,90,inf,inf,inf,710.7664876736944,inf
53,91,inf,inf,inf,687.791392792902,inf
53,92,inf,inf,inf,1026.4160949634413,inf
53,93,inf,inf,inf,434.4801491437785,inf
53,94,inf,inf,inf,966.360698704164,inf
53,95,inf,inf,inf,513.638978271704,inf
53,96,inf,inf,inf,620.2741329444586,inf
53,97,inf,inf,inf,878.0091115700337,inf
53,98,inf,inf,inf,1451.8546759231792,inf
53,99,inf,inf,inf,152.63354808167173,inf
53,100,inf,inf,inf,173.18487231857176,inf
53,101,inf,inf,inf,671.8690348572406,inf
53,102,inf,inf,inf,987.678591445618,inf
53,103,inf,inf,inf,1376.5267886968275,inf
53,104,inf,inf,inf,597.9832773581549,inf
53,105,inf,inf,inf,269.97962886114203,inf
53,106,inf,inf,inf,754.5150760587888,inf
53,107,inf,inf,inf,918.8960768226187,inf
53,108,inf,inf,inf,1365.9194705398997,inf
53,109,inf,inf,inf,272.8094573140748,inf
53,110,inf,inf,inf,926.4297059140537,inf
53,111,inf,inf,inf,711.3845654777731,inf
53,112,inf,inf,inf,944.1398201537736,inf
53,113,inf,inf,inf,1245.314819633975,inf
53,114,inf,inf,inf,1189.8424265422711,inf
53,115,inf,inf,inf,92.02173656261873,inf
53,116,inf,inf,inf,261.15512631384433,inf
53,117,inf,inf,inf,1195.974916124916,inf
53,118,inf,inf,inf,273.38617375427015,inf
53,119,inf,inf,inf,989.0702705066005,inf
53,120,inf,inf,inf,931.1197559927509,inf
53,121,inf,inf,inf,863.7088629856706,inf
53,122,inf,inf,inf,933.8029770781415,inf
53,123,inf,inf,inf,640.8275899179123,inf
53,124,inf,inf,inf,1221.2424001810616,inf
53,125,inf,inf,inf,506.4740862077743,inf
53,126,inf,inf,inf,1202.5094594222533,inf
53,127,inf,inf,inf,246.73264883269908,inf
53,128,inf,inf,inf,491.382742879723,inf
53,129,inf,inf,inf,1426.2654030719527,inf
53,130,inf,inf,inf,312.40518561637225,inf
53,131,inf,inf,inf,516.0794512475768,inf
53,132,inf,inf,inf,1472.416381326967,inf
53,133,inf,inf,inf,1204.6327241113784,inf
53,134,inf,inf,inf,1182.9598471630388,inf
53,135,inf,inf,inf,1270.0476369018604,inf
53,136,inf,inf,inf,784.9031787424485,inf
53,137,inf,inf,inf,1293.91692159891,inf
53,138,inf,inf,inf,242.7447218787671,inf
53,139,inf,inf,inf,353.0580688781946,inf
53,140,inf,inf,inf,963.4215069220741,inf
54,55,inf,inf,inf,437.38541356565605,inf
54,56,inf,inf,inf,943.7610926500414,inf
54,57,inf,inf,inf,925.3869460933627,inf
54,58,inf,inf,inf,928.2849777950735,inf
54,59,inf,inf,inf,63.150613615387776,inf
54,60,inf,inf,inf,453.6298050172629,inf
54,61,inf,inf,inf,851.8597302373203,inf
54,62,inf,inf,inf,809.3485034272936,inf
54,63,inf,inf,inf,727.3960406821033,inf
54,64,inf,inf,inf,547.1105921109552,inf
54,65,inf,inf,inf,953.530282686397,inf
54,66,inf,inf,inf,837.6443159241278,inf
54,67,inf,inf,inf,669.9440275127467,inf
54,68,inf,inf,inf,597.3349144324313,inf
54,69,inf,inf,inf,236.07837681583632,inf
54,70,inf,inf,inf,156.86937240902063,inf
54,71,inf,inf,inf,651.0030721893714,inf
54,72,inf,inf,inf,800.3755368575429,inf
54,73,inf,inf,inf,540.6153900879996,inf
54,74,inf,inf,inf,381.1836827567518,inf
54,75,inf,inf,inf,777.1447741572995,inf
54,76,inf,inf,inf,242.85386552410483,inf
54,77,inf,inf,inf,1192.2768134959263,inf
54,78,inf,inf,inf,382.9529997271206,inf
54,79,inf,inf,inf,813.3295764940557,inf
54,80,inf,inf,inf,1202.7676417330158,inf
54,81,inf,inf,inf,726.7461730205396,inf
54,82,inf,inf,inf,1178.526622524922,inf
54,83,inf,inf,inf,146.47866738880444,inf
54,84,inf,inf,inf,549.7353908927457,inf
54,85,inf,inf,inf,1041.6222923881767,inf
54,86,inf,inf,inf,1096.7816555723387,inf
54,87,inf,inf,inf,750.4505313476699,inf
54,88,inf,inf,inf,791.9204505504325,inf
54,89,inf,inf,inf,750.9067851604485,inf
54,90,inf,inf,inf,404.8135373230495,inf
54,91,inf,inf,inf,415.27099585692235,inf
54,92,inf,inf,inf,840.3743213592381,inf
54,93,inf,inf,inf,249.35917869611296,inf
54,94,inf,inf,inf,810.0790084923816,inf
54,95,inf,inf,inf,400.2898949511466,inf
54,96,inf,inf,inf,321.38606068092,inf
54,97,inf,inf,inf,645.9233700679981,inf
54,98,inf,inf,inf,1162.4719351451029,inf
54,99,inf,inf,inf,250.33177984426987,inf
54,100,inf,inf,inf,150.33296378372907,inf
54,101,inf,inf,inf,755.9715603116297,inf
54,102,inf,inf,inf,688.6000290444374,inf
54,103,inf,inf,inf,1080.8001665432885,inf
54,104,inf,inf,inf,411.02433018010015,inf
54,105,inf,inf,inf,59.36328831862332,inf
54,106,inf,inf,inf,568.5156110433556,inf
54,107,inf,inf,inf,635.7082664241515,inf
54,108,inf,inf,inf,1058.6675587737634,inf
54,109,inf,inf,inf,446.7504896471855,inf
54,110,inf,inf,inf,636.0668203891789,inf
54,111,inf,inf,inf,462.95248136282845,inf
54,112,inf,inf,inf,950.4235897745805,inf
54,113,inf,inf,inf,1081.025439108627,inf
54,114,inf,inf,inf,879.3736407238962,inf
54,115,inf,inf,inf,368.06657006579667,inf
54,116,inf,inf,inf,89.47066558375433,inf
54,117,inf,inf,inf,884.9231605060407,inf
54,118,inf,inf,inf,395.33909495520425,inf
54,119,inf,inf,inf,722.7205545714056,inf
54,120,inf,inf,inf,936.090273424524,inf
54,121,inf,inf,inf,761.137306929571,inf
54,122,inf,inf,inf,944.4749864342623,inf
54,123,inf,inf,inf,575.3372923772628,inf
54,124,inf,inf,inf,924.2607857093149,inf
54,125,inf,inf,inf,645.9543327511628,inf
54,126,inf,inf,inf,891.3899259022395,inf
54,127,inf,inf,inf,241.8594633252956,inf
54,128,inf,inf,inf,634.4336056672912,inf
54,129,inf,inf,inf,1230.0406497347963,inf
54,130,inf,inf,inf,511.02446125405777,inf
54,131,inf,inf,inf,400.2161915765028,inf
54,132,inf,inf,inf,1193.3520017161743,inf
54,133,inf,inf,inf,901.2641122334784,inf
54,134,inf,inf,inf,1097.0273469699832,inf
54,135,inf,inf,inf,1086.830253535482,inf
54,136,inf,inf,inf,494.99292924242866,inf
54,137,inf,inf,inf,1171.0345853133458,inf
54,138,inf,inf,inf,239.240464804765,inf
54,139,inf,inf,inf,171.29214809792072,inf
54,140,inf,inf,inf,673.5458410531536,inf
55,56,inf,inf,inf,603.0563821070133,inf
55,57,inf,inf,inf,596.1518262993078,inf
55,58,inf,inf,inf,730.5785378725548,inf
55,59,inf,inf,inf,492.2296212135145,inf
55,60,inf,inf,inf,253.77549133042774,inf
55,61,inf,inf,inf,429.7033860699727,inf
55,62,inf,inf,inf,482.345311991316,inf
55,63,inf,inf,inf,702.0178060419835,inf
55,64,inf,inf,inf,285.2367437761131,inf
55,65,inf,inf,inf,703.0348497763109,inf
55,66,inf,inf,inf,424.9447022848973,inf
55,67,inf,inf,inf,257.60628874311277,inf
55,68,inf,inf,inf,426.8782027698299,inf
55,69,inf,inf,inf,652.5741337196871,inf
55,70,inf,inf,inf,566.4432893061759,inf
55,71,inf,inf,inf,555.612274882404,inf
55,72,inf,inf,inf,464.4620544242554,inf
55,73,inf,inf,inf,310.1112703530783,inf
55,74,inf,inf,inf,691.8012720427738,inf
55,75,inf,inf,inf,556.0791310596002,inf
55,76,inf,inf,inf,677.4806270292901,inf
55,77,inf,inf,inf,758.225560107281,inf
55,78,inf,inf,inf,197.9520143873257,inf
55,79,inf,inf,inf,503.4411584286688,inf
55,80,inf,inf,inf,770.7035746640857,inf
55,81,inf,inf,inf,405.3171597650413,inf
55,82,inf,inf,inf,751.7293395897223,inf
55,83,inf,inf,inf,494.2408319837607,inf
55,84,inf,inf,inf,190.9476368012969,inf
55,85,inf,inf,inf,670.3141054759328,inf
55,86,inf,inf,inf,726.8920139883228,inf
55,87,inf,inf,inf,737.0549504616328,inf
55,88,inf,inf,inf,479.8833191516454,inf
55,89,inf,inf,inf,418.2068866004002,inf
55,90,inf,inf,inf,270.1481075262235,inf
55,91,inf,inf,inf,106.5269918846862,inf
55,92,inf,inf,inf,414.27165000757657,inf
55,93,inf,inf,inf,242.24367896810023,inf
55,94,inf,inf,inf,410.62148019800424,inf
55,95,inf,inf,inf,262.01145013147806,inf
55,96,inf,inf,inf,220.22942582679545,inf
55,97,inf,inf,inf,209.29644048573783,inf
55,98,inf,inf,inf,801.4168702990972,inf
55,99,inf,inf,inf,674.2729417676495,inf
55,100,inf,inf,inf,565.7225468372284,inf
55,101,inf,inf,inf,694.8474652756531,inf
55,102,inf,inf,inf,396.02020150492325,inf
55,103,inf,inf,inf,742.5260938175843,inf
55,104,inf,inf,inf,126.00396819148197,inf
55,105,inf,inf,inf,495.63091106185055,inf
55,106,inf,inf,inf,171.73234989366446,inf
55,107,inf,inf,inf,725.0744789330266,inf
55,108,inf,inf,inf,781.7934509830586,inf
55,109,inf,inf,inf,627.6878204967817,inf
55,110,inf,inf,inf,311.0064308016797,inf
55,111,inf,inf,inf,44.91102314577124,inf
55,112,inf,inf,inf,734.6352836612192,inf
55,113,inf,inf,inf,661.0007564292192,inf
55,114,inf,inf,inf,758.6751610537938,inf
55,115,inf,inf,inf,680.7738244086651,inf
55,116,inf,inf,inf,526.6393452828985,inf
55,117,inf,inf,inf,665.5862077897949,inf
55,118,inf,inf,inf,558.0546568213547,inf
55,119,inf,inf,inf,321.1744074486633,inf
55,120,inf,inf,inf,721.099854389113,inf
55,121,inf,inf,inf,434.847099564893,inf
55,122,inf,inf,inf,735.7533554119885,inf
55,123,inf,inf,inf,372.5493255932696,inf
55,124,inf,inf,inf,598.1638571495272,inf
55,125,inf,inf,inf,696.0208330215411,inf
55,126,inf,inf,inf,672.5488829817502,inf
55,127,inf,inf,inf,447.8325579946148,inf
55,128,inf,inf,inf,693.3426281428252,inf
55,129,inf,inf,inf,794.3311651949708,inf
55,130,inf,inf,inf,686.3701625216528,inf
55,131,inf,inf,inf,257.9399154842073,inf
55,132,inf,inf,inf,807.458358059411,inf
55,133,inf,inf,inf,608.888331305503,inf
55,134,inf,inf,inf,746.6357880519791,inf
55,135,inf,inf,inf,656.5257039903312,inf
55,136,inf,inf,inf,207.48011952955878,inf
55,137,inf,inf,inf,779.4485229955857,inf
55,138,inf,inf,inf,676.4924242000054,inf
55,139,inf,inf,inf,584.2576486448423,inf
55,140,inf,inf,inf,340.83720454199243,inf
56,57,1.0,38.1421,38.14213562373095,33.13608305156178,1.1510755681164682
56,58,inf,inf,inf,1200.6306676076535,inf
56,59,inf,inf,inf,975.7156348035015,inf
56,60,inf,inf,inf,491.7570538385799,inf
56,61,inf,inf,inf,308.05843601498725,inf
56,62,inf,inf,inf,134.5362404707371,inf
56,63,inf,inf,inf,1274.5673775834684,inf
56,64,inf,inf,inf,397.2165656162895,inf
56,65,inf,inf,inf,228.89517251353294,inf
56,66,inf,inf,inf,269.14122686797725,inf
56,67,inf,inf,inf,367.96738985948195,inf
56,68,inf,inf,inf,404.7344808636892,inf
56,69,inf,inf,inf,1082.700327883944,inf
56,70,inf,inf,inf,1009.0971211929999,inf
56,71,inf,inf,inf,1117.9382809439885,inf
56,72,inf,inf,inf,144.5060552364502,inf
56,73,inf,inf,inf,862.6250633966068,inf
56,74,inf,inf,inf,990.7825190222121,inf
56,75,inf,inf,inf,276.7977601065442,inf
56,76,inf,inf,inf,1176.311608375944,inf
56,77,inf,inf,inf,504.61965875300575,inf
56,78,inf,inf,inf,561.4926535583525,inf
56,79,inf,inf,inf,913.6180821327914,inf
56,80,inf,inf,inf,718.7523913003698,inf
56,81,inf,inf,inf,217.0829334609241,inf
56,82,inf,inf,inf,751.714041374777,inf
56,83,inf,inf,inf,916.0813282673106,inf
56,84,inf,inf,inf,419.26841044848584,inf
56,85,inf,inf,inf,127.27922061357856,inf
56,86,inf,inf,inf,952.6746559030528,inf
56,87,inf,inf,inf,629.457703106412,inf
56,88,inf,inf,inf,896.0563598345809,inf
56,89,inf,inf,inf,832.2043018393981,inf
56,90,inf,inf,inf,545.1907922920195,inf
56,91,inf,inf,inf,554.7657163163564,inf
56,92,inf,inf,inf,597.9431411095875,inf
56,93,inf,inf,inf,831.5822268423009,inf
56,94,inf,inf,inf,698.7481663661093,inf
56,95,inf,inf,inf,859.8331233442917,inf
56,96,inf,inf,inf,622.4034061603455,inf
56,97,inf,inf,inf,477.0513599184054,inf
56,98,inf,inf,inf,221.2690669750293,inf
56,99,inf,inf,inf,1193.0318520475469,inf
56,100,inf,inf,inf,1093.219557088145,inf
56,101,inf,inf,inf,1254.483957649519,inf
56,102,inf,inf,inf,258.3118270617898,inf
56,103,inf,inf,inf,140.42791745233566,inf
56,104,inf,inf,inf,723.2274884156436,inf
56,105,inf,inf,inf,1000.486381716413,inf
56,106,inf,inf,inf,648.2352967865912,inf
56,107,inf,inf,inf,759.7157363119445,inf
56,108,inf,inf,inf,227.6532450899833,inf
56,109,inf,inf,inf,1229.5238915938153,inf
56,110,inf,inf,inf,310.9372927134987,inf
56,111,inf,inf,inf,558.528423627661,inf
56,112,inf,inf,inf,1187.7078765420392,inf
56,113,inf,inf,inf,738.4260287936768,inf
56,114,inf,inf,inf,477.3017913228485,inf
56,115,inf,inf,inf,1262.0657669075729,inf
56,116,inf,inf,inf,1025.4520954193813,inf
56,117,inf,inf,inf,278.29840100151495,inf
56,118,inf,inf,inf,1159.683577533113,inf
56,119,inf,inf,inf,303.4765229799498,inf
56,120,inf,inf,inf,1177.4829085808421,inf
56,121,inf,inf,inf,850.3346400094495,inf
56,122,inf,inf,inf,1195.1443427469337,inf
56,123,inf,inf,inf,921.0222581458062,inf
56,124,inf,inf,inf,40.607881008493905,inf
56,125,inf,inf,inf,1288.8886685823566,inf
56,126,inf,inf,inf,280.6652810733811,inf
56,127,inf,inf,inf,1037.0944990693954,inf
56,128,inf,inf,inf,1287.9305105478322,inf
56,129,inf,inf,inf,684.8423176177126,inf
56,130,inf,inf,inf,1289.1411869923325,inf
56,131,inf,inf,inf,855.7102313283393,inf
56,132,inf,inf,inf,280.2356151526783,inf
56,133,inf,inf,inf,121.56479753612885,inf
56,134,inf,inf,inf,1010.3801264870564,inf
56,135,inf,inf,inf,667.116931279667,inf
56,136,inf,inf,inf,452.39916003458717,inf
56,137,inf,inf,inf,928.8966573306204,inf
56,138,inf,inf,inf,1161.7783781771807,inf
56,139,inf,inf,inf,1025.7797034451403,inf
56,140,inf,inf,inf,274.23530042647684,inf
57,58,inf,inf,inf,1209.6445758982263,inf
57,59,inf,inf,inf,955.7787400858005,inf
57,60,inf,inf,inf,472.200169419707,inf
57,61,inf,inf,inf,325.38285142275095,inf
57,62,inf,inf,inf,117.72000679578642,inf
57,63,inf,inf,inf,1274.903917948329,inf
57,64,inf,inf,inf,378.276354005904,inf
57,65,inf,inf,inf,200.89051744669283,inf
57,66,inf,inf,inf,284.48725806264156,inf
57,67,inf,inf,inf,369.0338737839658,inf
57,68,inf,inf,inf,376.86071697644473,inf
57,69,inf,inf,inf,1059.381895257796,inf
57,70,inf,inf,inf,986.8399059624616,inf
57,71,inf,inf,inf,1119.0299370436878,inf
57,72,inf,inf,inf,132.25732493892352,inf
57,73,inf,inf,inf,863.2265056171526,inf
57,74,inf,inf,inf,963.1365427601634,inf
57,75,inf,inf,inf,244.1823089414956,inf
57,76,inf,inf,inf,1156.055794501286,inf
57,77,inf,inf,inf,536.2881688047947,inf
57,78,inf,inf,inf,544.2977126536542,inf
57,79,inf,inf,inf,924.0627684308031,inf
57,80,inf,inf,inf,746.8045259637893,inf
57,81,inf,inf,inf,200.83077453418338,inf
57,82,inf,inf,inf,778.3598139678076,inf
57,83,inf,inf,inf,893.6425459880477,inf
57,84,inf,inf,inf,409.41421567893804,inf
57,85,inf,inf,inf,159.70597985047397,inf
57,86,inf,inf,inf,972.588813425283,inf
57,87,inf,inf,inf,596.3698516860154,inf
57,88,inf,inf,inf,905.96523112093,inf
57,89,inf,inf,inf,841.400023769907,inf
57,90,inf,inf,inf,524.4244464172127,inf
57,91,inf,inf,inf,542.6831488078471,inf
57,92,inf,inf,inf,613.5878095268843,inf
57,93,inf,inf,inf,820.7977826480771,inf
57,94,inf,inf,inf,711.9585662101412,inf
57,95,inf,inf,inf,855.0327479108622,inf
57,96,inf,inf,inf,604.400529450463,inf
57,97,inf,inf,inf,480.703650911869,inf
57,98,inf,inf,inf,245.52392958732148,inf
57,99,inf,inf,inf,1173.9748719627692,inf
57,100,inf,inf,inf,1075.2343930511151,inf
57,101,inf,inf,inf,1256.3120631435488,inf
57,102,inf,inf,inf,237.34573937612615,inf
57,103,inf,inf,inf,155.4155719353759,inf
57,104,inf,inf,inf,718.0529228406497,inf
57,105,inf,inf,inf,981.5910553789699,inf
57,106,inf,inf,inf,650.0376912149018,inf
57,107,inf,inf,inf,727.5176973792459,inf
57,108,inf,inf,inf,212.5088233462319,inf
57,109,inf,inf,inf,1220.7084008885988,inf
57,110,inf,inf,inf,296.97137909232936,inf
57,111,inf,inf,inf,551.3655774529274,inf
57,112,inf,inf,inf,1197.761244990002,inf
57,113,inf,inf,inf,761.9875327064085,inf
57,114,inf,inf,inf,444.94156919757455,inf
57,115,inf,inf,inf,1248.5271322642532,inf
57,116,inf,inf,inf,1006.0268386081954,inf
57,117,inf,inf,inf,246.26002517664128,inf
57,118,inf,inf,inf,1150.820576805959,inf
57,119,inf,inf,inf,306.41801513618617,inf
57,120,inf,inf,inf,1187.269135453289,inf
57,121,inf,inf,inf,859.7028556425761,inf
57,122,inf,inf,inf,1204.831938487688,inf
57,123,inf,inf,inf,922.4250647071555,inf
57,124,inf,inf,inf,8.06225774829855,inf
57,125,inf,inf,inf,1285.9315689413647,inf
57,126,inf,inf,inf,248.84734276258607,inf
57,127,inf,inf,inf,1025.3765162124594,inf
57,128,inf,inf,inf,1284.576583937291,inf
57,129,inf,inf,inf,714.3451546696457,inf
57,130,inf,inf,inf,1281.0452763271094,inf
57,131,inf,inf,inf,850.9112762209701,inf
57,132,inf,inf,inf,310.6283953536766,inf
57,133,inf,inf,inf,89.19641248391103,inf
57,134,inf,inf,inf,1029.128757736368,inf
57,135,inf,inf,inf,692.2578999188091,inf
57,136,inf,inf,inf,437.1555787131167,inf
57,137,inf,inf,inf,951.7588980408851,inf
57,138,inf,inf,inf,1140.801910938091,inf
57,139,inf,inf,inf,1003.351384112266,inf
57,140,inf,inf,inf,261.283371074395,inf
58,59,inf,inf,inf,988.3627876442941,inf
58,60,inf,inf,inf,984.3419121423206,inf
58,61,inf,inf,inf,904.6336274978948,inf
58,62,inf,inf,inf,1122.4589079338273,inf
58,63,inf,inf,inf,335.2193311848229,inf
58,64,inf,inf,inf,1005.1790885210456,inf
58,65,inf,inf,inf,1372.1840255592542,inf
58,66,inf,inf,inf,936.2141848957427,inf
58,67,inf,inf,inf,852.3719845231892,inf
58,68,inf,inf,inf,1153.5337012848822,inf
58,69,inf,inf,inf,1152.695102791714,inf
58,70,inf,inf,inf,1083.0590934939792,inf
58,71,inf,inf,inf,293.97278785629123,inf
58,72,inf,inf,inf,1099.3179703798169,inf
58,73,inf,inf,inf,430.85032203771186,inf
58,74,inf,inf,inf,1300.7720784211199,inf
58,75,inf,inf,inf,1257.618781666368,inf
58,76,inf,inf,inf,1067.2979902538934,inf
58,77,inf,inf,inf,1020.6708578185232,inf
58,78,inf,inf,inf,922.0086767487603,inf
58,79,inf,inf,inf,290.2481696755382,inf
58,80,inf,inf,inf,823.3595812280319,inf
58,81,inf,inf,inf,1068.535914230308,inf
58,82,inf,inf,inf,761.2332099954651,inf
58,83,inf,inf,inf,1062.3525780078853,inf
58,84,inf,inf,inf,887.4705628920883,inf
58,85,inf,inf,inf,1203.5954469837445,inf
58,86,inf,inf,inf,463.87606103354807,inf
58,87,inf,inf,inf,1467.1076988414995,inf
58,88,inf,inf,inf,305.57650433238484,inf
58,89,inf,inf,inf,368.4263834200803,inf
58,90,inf,inf,inf,995.8157460092706,inf
58,91,inf,inf,inf,836.4956664561987,inf
58,92,inf,inf,inf,627.1794001719126,inf
58,93,inf,inf,inf,706.6547954977734,inf
58,94,inf,inf,inf,515.0,inf
58,95,inf,inf,inf,548.8943432027697,inf
58,96,inf,inf,inf,923.4738761870852,inf
58,97,inf,inf,inf,737.1431339977331,inf
58,98,inf,inf,inf,1327.5157249539457,inf
58,99,inf,inf,inf,1026.495494388553,inf
58,100,inf,inf,inf,949.5583183775497,inf
58,101,inf,inf,inf,275.056357861439,inf
58,102,inf,inf,inf,1082.630592584562,inf
58,103,inf,inf,inf,1316.787758144797,inf
58,104,inf,inf,inf,628.1719509815764,inf
58,105,inf,inf,inf,957.4909921247302,inf
58,106,inf,inf,inf,589.3394607524597,inf
58,107,inf,inf,inf,1439.2616162463307,inf
58,108,inf,inf,inf,1420.901122527532,inf
58,109,inf,inf,inf,654.1047316752876,inf
58,110,inf,inf,inf,994.9673361472727,inf
58,111,inf,inf,inf,763.1749471779062,inf
58,112,inf,inf,inf,41.182520563948,inf
58,113,inf,inf,inf,664.8044825360311,inf
58,114,inf,inf,inf,1479.8300578106932,inf
58,115,inf,inf,inf,840.8305417859177,inf
58,116,inf,inf,inf,982.7929588677363,inf
58,117,inf,inf,inf,1357.2398461583716,inf
58,118,inf,inf,inf,638.5264285838136,inf
58,119,inf,inf,inf,907.5703829455873,inf
58,120,inf,inf,inf,36.87817782917155,inf
58,121,inf,inf,inf,350.34411654828745,inf
58,122,2.0,39.799,39.798989873223334,26.0,1.530730379739359
58,123,inf,inf,inf,374.7692623468472,inf
58,124,inf,inf,inf,1214.9588470396848,inf
58,125,inf,inf,inf,459.37784012727474,inf
58,126,inf,inf,inf,1363.812670420685,inf
58,127,inf,inf,inf,719.467163948432,inf
58,128,inf,inf,inf,473.46911198091897,inf
58,129,inf,inf,inf,891.4151670237611,inf
58,130,inf,inf,inf,647.6055898461656,inf
58,131,inf,inf,inf,550.695923355167,inf
58,132,inf,inf,inf,1278.3622334847037,inf
58,133,inf,inf,inf,1257.9109666427112,inf
58,134,inf,inf,inf,404.6652937922895,inf
58,135,inf,inf,inf,741.1565286766352,inf
58,136,inf,inf,inf,931.9983905565502,inf
58,137,inf,inf,inf,576.6047172890628,inf
58,138,inf,inf,inf,1090.2077783615377,inf
58,139,inf,inf,inf,1095.32552239049,inf
58,140,inf,inf,inf,1010.7942421680092,inf
59,60,inf,inf,inf,483.9586759218188,inf
59,61,inf,inf,inf,899.5248745865787,inf
59,62,inf,inf,inf,841.2021160220652,inf
59,63,inf,inf,inf,778.5505763917974,inf
59,64,inf,inf,inf,578.5862079241087,inf
59,65,inf,inf,inf,971.6995420396163,inf
59,66,inf,inf,inf,883.2417562592929,inf
59,67,inf,inf,inf,717.1004113790481,inf
59,68,inf,inf,inf,614.3525046746371,inf
59,69,inf,inf,inf,172.96531444194238,inf
59,70,inf,inf,inf,94.847245611035,inf
59,71,inf,inf,inf,708.4186615272074,inf
59,72,inf,inf,inf,833.6935887962675,inf
59,73,inf,inf,inf,603.6729246868705,inf
59,74,inf,inf,inf,330.0802932621092,inf
59,75,inf,inf,inf,794.7137849565717,inf
59,76,inf,inf,inf,200.86313748420838,inf
59,77,inf,inf,inf,1243.070392214375,inf
59,78,inf,inf,inf,419.33399575994315,inf
59,79,inf,inf,inf,876.473045792054,inf
59,80,inf,inf,inf,1260.4768938778689,inf
59,81,inf,inf,inf,759.4972021014955,inf
59,82,inf,inf,inf,1237.4364630153743,inf
59,83,inf,inf,inf,110.21796586763884,inf
59,84,inf,inf,inf,592.4432462270121,inf
59,85,inf,inf,inf,1077.7314136648333,inf
59,86,inf,inf,inf,1159.5835459336251,inf
59,87,inf,inf,inf,738.8775270638565,inf
59,88,inf,inf,inf,855.070757306084,inf
59,89,inf,inf,inf,813.9318153260751,inf
59,90,inf,inf,inf,431.6132528085763,inf
59,91,inf,inf,inf,461.55606376690577,inf
59,92,inf,inf,inf,898.9933258929123,inf
59,93,inf,inf,inf,312.3203483604615,inf
59,94,inf,inf,inf,871.2152432091624,inf
59,95,inf,inf,inf,463.279613192724,inf
59,96,inf,inf,inf,356.6356684348889,inf
59,97,inf,inf,inf,699.3804401039537,inf
59,98,inf,inf,inf,1195.8482345180762,inf
59,99,inf,inf,inf,220.58558429779586,inf
59,100,inf,inf,inf,139.44174410842686,inf
59,101,inf,inf,inf,809.5288753342898,inf
59,102,inf,inf,inf,718.4330170586538,inf
59,103,inf,inf,inf,1110.9135879986345,inf
59,104,inf,inf,inf,472.3060448480413,inf
59,105,inf,inf,inf,45.60701700396552,inf
59,106,inf,inf,inf,628.5809414864565,inf
59,107,inf,inf,inf,612.213198158942,inf
59,108,inf,inf,inf,1079.3132075537665,inf
59,109,inf,inf,inf,482.5453346577915,inf
59,110,inf,inf,inf,671.7328337962944,inf
59,111,inf,inf,inf,515.139786854015,inf
59,112,inf,inf,inf,1011.1562688328644,inf
59,113,inf,inf,inf,1140.8715966312773,inf
59,114,inf,inf,inf,880.1738464644357,inf
59,115,inf,inf,inf,380.5220098759072,inf
59,116,inf,inf,inf,53.48831648126533,inf
59,117,inf,inf,inf,899.7938652824879,inf
59,118,inf,inf,inf,436.83520920365385,inf
59,119,inf,inf,inf,767.3493337457197,inf
59,120,inf,inf,inf,996.8535499259658,inf
59,121,inf,inf,inf,824.2293370173134,inf
59,122,inf,inf,inf,1004.9462672202927,inf
59,123,inf,inf,inf,637.840889250603,inf
59,124,inf,inf,inf,954.1834205224906,inf
59,125,inf,inf,inf,691.6104394816492,inf
59,126,inf,inf,inf,906.0618080462282,inf
59,127,inf,inf,inf,290.08274681545606,inf
59,128,inf,inf,inf,679.4247566875968,inf
59,129,inf,inf,inf,1286.2985656526248,inf
59,130,inf,inf,inf,544.7366336129782,inf
59,131,inf,inf,inf,463.246154868014,inf
59,132,inf,inf,inf,1231.2209387433272,inf
59,133,inf,inf,inf,926.451833610361,inf
59,134,inf,inf,inf,1160.1228383235975,inf
59,135,inf,inf,inf,1144.9314389953663,inf
59,136,inf,inf,inf,532.5053990336623,inf
59,137,inf,inf,inf,1233.1788191499236,inf
59,138,inf,inf,inf,190.26297590440447,inf
59,139,inf,inf,inf,108.4665847162157,inf
59,140,inf,inf,inf,709.1431449291462,inf
60,61,inf,inf,inf,465.5802830876754,inf
60,62,inf,inf,inf,357.24641355792505,inf
60,63,inf,inf,inf,934.3109760673906,inf
60,64,inf,inf,inf,94.79451460923254,inf
60,65,inf,inf,inf,513.7781622451464,inf
60,66,inf,inf,inf,437.04919631547205,inf
60,67,inf,inf,inf,297.0605998782067,inf
60,68,inf,inf,inf,183.15294155431957,inf
60,69,inf,inf,inf,598.8196723555432,inf
60,70,inf,inf,inf,521.2024558652809,inf
60,71,inf,inf,inf,796.58081824759,inf
60,72,inf,inf,inf,350.2242138973261,inf
60,73,inf,inf,inf,560.8359831537202,inf
60,74,inf,inf,inf,551.3302095840568,inf
60,75,inf,inf,inf,344.095916860401,inf
60,76,inf,inf,inf,684.5976920790779,inf
60,77,inf,inf,inf,816.637006264105,inf
60,78,inf,inf,inf,83.60023923410746,inf
60,79,inf,inf,inf,750.2486254569214,inf
60,80,inf,inf,inf,904.8148981974158,inf
60,81,inf,inf,inf,275.86228448267445,inf
60,82,inf,inf,inf,902.058202113367,inf
60,83,inf,inf,inf,429.4414977619187,inf
60,84,inf,inf,inf,161.37224048763778,inf
60,85,inf,inf,inf,596.158535961702,inf
60,86,inf,inf,inf,943.1192925605965,inf
60,87,inf,inf,inf,483.6238207532793,inf
60,88,inf,inf,inf,726.9401625993711,inf
60,89,inf,inf,inf,662.6680918831086,inf
60,90,inf,inf,inf,57.77542730261716,inf
60,91,inf,inf,inf,148.22280526288793,inf
60,92,inf,inf,inf,588.5923886697823,inf
60,93,inf,inf,inf,392.50987248730445,inf
60,94,inf,inf,inf,621.6622877415036,inf
60,95,inf,inf,inf,486.52646382288395,inf
60,96,inf,inf,inf,135.05924625881784,inf
60,97,inf,inf,inf,348.2427314388629,inf
60,98,inf,inf,inf,712.0568797504874,inf
60,99,inf,inf,inf,701.7763176397448,inf
60,100,inf,inf,inf,603.7913546913371,inf
60,101,inf,inf,inf,934.0904667107999,inf
60,102,inf,inf,inf,235.05318547086316,inf
60,103,inf,inf,inf,627.5388434192739,inf
60,104,inf,inf,inf,365.6952282981007,inf
60,105,inf,inf,inf,509.4389070340034,inf
60,106,inf,inf,inf,411.57502353762914,inf
60,107,inf,inf,inf,487.2299251893299,inf
60,108,inf,inf,inf,612.3079290683733,inf
60,109,inf,inf,inf,793.0914196988895,inf
60,110,inf,inf,inf,193.27959023135372,inf
60,111,inf,inf,inf,224.47494292236718,inf
60,112,inf,inf,inf,988.2231529366229,inf
60,113,inf,inf,inf,829.5468642578309,inf
60,114,inf,inf,inf,515.4046953608397,inf
60,115,inf,inf,inf,790.5093294832136,inf
60,116,inf,inf,inf,533.8698343229369,inf
60,117,inf,inf,inf,456.71106840101874,inf
60,118,inf,inf,inf,724.6109300859324,inf
60,119,inf,inf,inf,323.0681042752441,inf
60,120,inf,inf,inf,974.7415041948301,inf
60,121,inf,inf,inf,680.260244318305,inf
60,122,inf,inf,inf,989.4771346524385,inf
60,123,inf,inf,inf,622.5407617176566,inf
60,124,inf,inf,inf,470.8651611661241,inf
60,125,inf,inf,inf,909.2683872212868,inf
60,126,inf,inf,inf,463.6248483418463,inf
60,127,inf,inf,inf,581.188437600061,inf
60,128,inf,inf,inf,903.952432376837,inf
60,129,inf,inf,inf,910.0791174397971,inf
60,130,inf,inf,inf,857.7004138975334,inf
60,131,inf,inf,inf,482.8923275431077,inf
60,132,inf,inf,inf,751.6096061121092,inf
60,133,inf,inf,inf,449.41406297533683,inf
60,134,inf,inf,inf,972.7656449525754,inf
60,135,inf,inf,inf,801.9600987580367,inf
60,136,inf,inf,inf,80.06247560499239,inf
60,137,inf,inf,inf,977.76991158452,inf
60,138,inf,inf,inf,670.6295549705516,inf
60,139,inf,inf,inf,538.4134099370111,inf
60,140,inf,inf,inf,229.65191050805564,inf
61,62,inf,inf,inf,280.9270367906941,inf
61,63,inf,inf,inf,1016.4733149473232,inf
61,64,inf,inf,inf,390.2166065148945,inf
61,65,inf,inf,inf,517.8001544997838,inf
61,66,inf,inf,inf,44.82186966202994,inf
61,67,inf,inf,inf,182.4828759089466,inf
61,68,inf,inf,inf,497.77304065206266,inf
61,69,inf,inf,inf,1042.3224069355892,inf
61,70,inf,inf,inf,958.7955986548958,inf
61,71,inf,inf,inf,857.8542999833946,inf
61,72,inf,inf,inf,259.09457732650446,inf
61,73,inf,inf,inf,611.6682107155807,inf
61,74,inf,inf,inf,1016.8785571541963,inf
61,75,inf,inf,inf,477.6201419538334,inf
61,76,inf,inf,inf,1094.7132044512846,inf
61,77,inf,inf,inf,351.6774089986447,inf
61,78,inf,inf,inf,495.86490095589545,inf
61,79,inf,inf,inf,614.8837288463568,inf
61,80,inf,inf,inf,470.40939616465994,inf
61,81,inf,inf,inf,282.17902119044925,inf
61,82,inf,inf,inf,486.1954339563464,inf
61,83,inf,inf,inf,873.3252544155586,inf
61,84,inf,inf,inf,314.9634899476446,inf
61,85,inf,inf,inf,300.00666659259423,inf
61,86,inf,inf,inf,648.2136993307068,inf
61,87,inf,inf,inf,812.800713582364,inf
61,88,inf,inf,inf,599.0901434675753,inf
61,89,inf,inf,inf,538.3010310226055,inf
61,90,inf,inf,inf,521.8668412535903,inf
61,91,inf,inf,inf,438.0011415510238,inf
61,92,inf,inf,inf,290.33084576048753,inf
61,93,inf,inf,inf,671.0745115112032,inf
61,94,inf,inf,inf,394.40715003660875,inf
61,95,inf,inf,inf,647.13290752364,inf
61,96,inf,inf,inf,555.8435031553396,inf
61,97,inf,inf,inf,234.9170066214875,inf
61,98,inf,inf,inf,428.26627231198114,inf
61,99,inf,inf,inf,1097.2679709168585,inf
61,100,inf,inf,inf,989.6368020642725,inf
61,101,inf,inf,inf,988.4664890627299,inf
61,102,inf,inf,inf,331.7303121513016,inf
61,103,inf,inf,inf,412.68389840167015,inf
61,104,inf,inf,inf,522.220260043595,inf
61,105,inf,inf,inf,911.2107330359976,inf
61,106,inf,inf,inf,400.15122141510454,inf
61,107,inf,inf,inf,893.1136545815432,inf
61,108,inf,inf,inf,535.6286026716647,inf
61,109,inf,inf,inf,1035.3516310896507,inf
61,110,inf,inf,inf,293.7515957403466,inf
61,111,inf,inf,inf,394.342490736162,inf
61,112,inf,inf,inf,888.7350561331538,inf
61,113,inf,inf,inf,449.16478045367717,inf
61,114,inf,inf,inf,717.8641932844959,inf
61,115,inf,inf,inf,1108.0370029922285,inf
61,116,inf,inf,inf,940.8443016780194,inf
61,117,inf,inf,inf,537.4923255266069,inf
61,118,inf,inf,inf,967.7861333993167,inf
61,119,inf,inf,inf,142.55525244620065,inf
61,120,inf,inf,inf,879.2917604526953,inf
61,121,inf,inf,inf,555.6086752382472,inf
61,122,inf,inf,inf,897.1655365650199,inf
61,123,inf,inf,inf,663.320435385493,inf
61,124,inf,inf,inf,332.29053552576545,inf
61,125,inf,inf,inf,1050.6807317163477,inf
61,126,inf,inf,inf,542.3734875526274,inf
61,127,inf,inf,inf,874.0806598935822,inf
61,128,inf,inf,inf,1052.3483263634716,inf
61,129,inf,inf,inf,459.8923787148467,inf
61,130,inf,inf,inf,1087.840521400081,inf
61,131,inf,inf,inf,643.2075870199294,inf
61,132,inf,inf,inf,401.21814515298286,inf
61,133,inf,inf,inf,396.61820432249453,inf
61,134,inf,inf,inf,703.846574190711,inf
61,135,inf,inf,inf,390.5188855868561,inf
61,136,inf,inf,inf,390.7441618245882,inf
61,137,inf,inf,inf,634.3067081467766,inf
61,138,inf,inf,inf,1089.152422758174,inf
61,139,inf,inf,inf,976.7640452023201,inf
61,140,inf,inf,inf,271.28029784707917,inf
62,63,inf,inf,inf,1169.3596538276836,inf
62,64,inf,inf,inf,262.68041419184647,inf
62,65,inf,inf,inf,251.46172671005024,inf
62,66,inf,inf,inf,236.12920192132103,inf
62,67,inf,inf,inf,271.0350530835449,inf
62,68,inf,inf,inf,284.20063335608523,inf
62,69,inf,inf,inf,949.8736758116839,inf
62,70,inf,inf,inf,875.4410317091608,inf
62,71,inf,inf,inf,1015.0399006935638,inf
62,72,inf,inf,inf,23.706539182259394,inf
62,73,inf,inf,inf,759.0797059597892,inf
62,74,inf,inf,inf,865.846406702713,inf
62,75,inf,inf,inf,202.08166665979377,inf
62,76,inf,inf,inf,1041.8296405842943,inf
62,77,inf,inf,inf,563.2415112542753,inf
62,78,inf,inf,inf,427.4037903435111,inf
62,79,inf,inf,inf,841.9845604285152,inf
62,80,inf,inf,inf,740.2600894280334,inf
62,81,inf,inf,inf,83.21658488546619,inf
62,82,inf,inf,inf,762.6755535612768,inf
62,83,inf,inf,inf,782.588653124999,inf
62,84,inf,inf,inf,293.5745220553037,inf
62,85,inf,inf,inf,246.13004692641653,inf
62,86,inf,inf,inf,922.2196050833012,inf
62,87,inf,inf,inf,553.0795602804357,inf
62,88,inf,inf,inf,822.5186927967047,inf
62,89,inf,inf,inf,756.4548896001664,inf
62,90,inf,inf,inf,410.96593532797823,inf
62,91,inf,inf,inf,425.3292842022519,inf
62,92,inf,inf,inf,551.3945955484148,inf
62,93,inf,inf,inf,703.7961352550893,inf
62,94,inf,inf,inf,640.0382801051825,inf
62,95,inf,inf,inf,742.9353942302116,inf
62,96,inf,inf,inf,488.0430308896952,inf
62,97,inf,inf,inf,386.02849635745804,inf
62,98,inf,inf,inf,355.10561809129405,inf
62,99,inf,inf,inf,1058.520193477668,inf
62,100,inf,inf,inf,958.9207475073214,inf
62,101,inf,inf,inf,1153.3646431202926,inf
62,102,inf,inf,inf,125.0,inf
62,103,inf,inf,inf,272.360055808483,inf
62,104,inf,inf,inf,605.8201053117996,inf
62,105,inf,inf,inf,865.9867204524559,inf
62,106,inf,inf,inf,549.280438391902,inf
62,107,inf,inf,inf,662.0483366039069,inf
62,108,inf,inf,inf,305.1327579923205,inf
62,109,inf,inf,inf,1104.6216546854403,inf
62,110,inf,inf,inf,179.3376703316958,inf
62,111,inf,inf,inf,437.4402816385341,inf
62,112,inf,inf,inf,1113.3418163349475,inf
62,113,inf,inf,inf,730.0910902072426,inf
62,114,inf,inf,inf,438.22026425075325,inf
62,115,inf,inf,inf,1130.809444601521,inf
62,116,inf,inf,inf,890.9163821594034,inf
62,117,inf,inf,inf,257.70137756713683,inf
62,118,inf,inf,inf,1034.7299164516314,inf
62,119,inf,inf,inf,215.72667892497674,inf
62,120,inf,inf,inf,1102.1733076063854,inf
62,121,inf,inf,inf,775.0928976580807,inf
62,122,inf,inf,inf,1119.4150258058894,inf
62,123,inf,inf,inf,819.513270179318,inf
62,124,inf,inf,inf,118.10588469674151,inf
62,125,inf,inf,inf,1175.5313692113878,inf
62,126,inf,inf,inf,262.9315500277591,inf
62,127,inf,inf,inf,907.9675104319538,inf
62,128,inf,inf,inf,1173.6715895002314,inf
62,129,inf,inf,inf,718.476861144463,inf
62,130,inf,inf,inf,1165.42910552294,inf
62,131,inf,inf,inf,738.8233889096906,inf
62,132,inf,inf,inf,403.6731350981881,inf
62,133,inf,inf,inf,135.71293232407882,inf
62,134,inf,inf,inf,973.7186451948016,inf
62,135,inf,inf,inf,669.4811423781853,inf
62,136,inf,inf,inf,319.50743340335606,inf
62,137,inf,inf,inf,914.4337045406845,inf
62,138,inf,inf,inf,1027.4672744180225,inf
62,139,inf,inf,inf,892.2353949491132,inf
62,140,inf,inf,inf,144.10065926289164,inf
63,64,inf,inf,inf,985.0304563819334,inf
63,65,inf,inf,inf,1402.6492790430543,inf
63,66,inf,inf,inf,1036.0931425311144,inf
63,67,inf,inf,inf,906.625611815594,inf
63,68,inf,inf,inf,1116.9762754866372,inf
63,69,inf,inf,inf,922.8488500290825,inf
63,70,inf,inf,inf,868.0144008021987,inf
63,71,inf,inf,inf,158.61904047118682,inf
63,72,inf,inf,inf,1148.6966527330007,inf
63,73,inf,inf,inf,411.9465984809196,inf
63,74,inf,inf,inf,1107.8934966863917,inf
63,75,inf,inf,inf,1257.8366348616182,inf
63,76,inf,inf,inf,806.5587393364478,inf
63,77,inf,inf,inf,1221.6321050136166,inf
63,78,inf,inf,inf,856.3597374935372,inf
63,79,inf,inf,inf,488.58980750727903,inf
63,80,inf,inf,inf,1073.0801461214348,inf
63,81,inf,inf,inf,1099.1164633468102,inf
63,82,inf,inf,inf,1017.3101788540209,inf
63,83,inf,inf,inf,873.0366544424123,inf
63,84,inf,inf,inf,889.7640136575541,inf
63,85,inf,inf,inf,1310.112208934792,inf
63,86,inf,inf,inf,758.4095199824433,inf
63,87,inf,inf,inf,1389.9456823919415,inf
63,88,inf,inf,inf,487.8001640016125,inf
63,89,inf,inf,inf,519.3476677525374,inf
63,90,inf,inf,inf,925.9357429109215,inf
63,91,inf,inf,inf,793.0,inf
63,92,inf,inf,inf,789.4871753233234,inf
63,93,inf,inf,inf,568.317692844416,inf
63,94,inf,inf,inf,682.7715576970089,inf
63,95,inf,inf,inf,447.8537707779181,inf
63,96,inf,inf,inf,834.9371233811562,inf
63,97,inf,inf,inf,799.8799909986498,inf
63,98,inf,inf,inf,1441.852280922009,inf
63,99,inf,inf,inf,758.2829287277935,inf
63,100,inf,inf,inf,703.0256040856549,inf
63,101,inf,inf,inf,60.166435825965294,inf
63,102,inf,inf,inf,1096.3015096222389,inf
63,103,inf,inf,inf,1406.6932856881062,inf
63,104,inf,inf,inf,576.7668506424411,inf
63,105,inf,inf,inf,739.1055405014902,inf
63,106,inf,inf,inf,626.9968101992226,inf
63,107,inf,inf,inf,1322.3501805497665,inf
63,108,inf,inf,inf,1474.1356789658134,inf
63,109,inf,inf,inf,351.5920931989228,inf
63,110,inf,inf,inf,1009.2393175060115,inf
63,111,inf,inf,inf,744.9295268681461,inf
63,112,inf,inf,inf,375.2812278811718,inf
63,113,inf,inf,inf,910.6069404523556,inf
63,114,inf,inf,inf,1449.7134199558202,inf
63,115,inf,inf,inf,541.4055781020362,inf
63,116,inf,inf,inf,757.792847683323,inf
63,117,inf,inf,inf,1367.6022813669185,inf
63,118,inf,inf,inf,360.1888393606887,inf
63,119,inf,inf,inf,971.3701663114839,inf
63,120,inf,inf,inf,366.1966684720111,inf
63,121,inf,inf,inf,508.90568870862506,inf
63,122,inf,inf,inf,360.99861495579177,inf
63,123,inf,inf,inf,354.7731669672891,inf
63,124,inf,inf,inf,1278.443193888567,inf
63,125,inf,inf,inf,128.06248474865697,inf
63,126,inf,inf,inf,1374.5635671004816,inf
63,127,inf,inf,inf,488.6235769997187,inf
63,128,inf,inf,inf,143.22360140703069,inf
63,129,inf,inf,inf,1134.1274178856625,inf
63,130,inf,inf,inf,328.16611647152115,inf
63,131,inf,inf,inf,451.54180315891017,inf
63,132,inf,inf,inf,1415.788826061288,inf
63,133,inf,inf,inf,1302.0015360974041,inf
63,134,inf,inf,inf,711.5911747625879,inf
63,135,inf,inf,inf,972.0416657736437,inf
63,136,inf,inf,inf,906.4132611563006,inf
63,137,inf,inf,inf,870.1293007363905,inf
63,138,inf,inf,inf,834.9952095670968,inf
63,139,inf,inf,inf,876.4256956525179,inf
63,140,inf,inf,inf,1035.2782234742504,inf
64,65,inf,inf,inf,434.24647379109484,inf
64,66,inf,inf,inf,357.359762704197,inf
64,67,inf,inf,inf,238.79907872519107,inf
64,68,inf,inf,inf,151.21177202850313,inf
64,69,inf,inf,inf,692.3503448399517,inf
64,70,inf,inf,inf,615.5209175974444,inf
64,71,inf,inf,inf,840.6098976338549,inf
64,72,inf,inf,inf,255.43100829773977,inf
64,73,inf,inf,inf,594.1927296761548,inf
64,74,inf,inf,inf,633.1484817955421,inf
64,75,inf,inf,inf,274.18242102658587,inf
64,76,inf,inf,inf,779.2945527847606,inf
64,77,inf,inf,inf,737.6733694529036,inf
64,78,inf,inf,inf,167.7647161950331,inf
64,79,inf,inf,inf,753.8468014125947,inf
64,80,inf,inf,inf,845.0609445477883,inf
64,81,inf,inf,inf,181.06904760339356,inf
64,82,inf,inf,inf,847.9298320026251,inf
64,83,inf,inf,inf,523.4137942393188,inf
64,84,inf,inf,inf,125.2078272313676,inf
64,85,inf,inf,inf,501.6303419850119,inf
64,86,inf,inf,inf,918.7056111725889,inf
64,87,inf,inf,inf,483.24941800275354,inf
64,88,inf,inf,inf,731.2017505449505,inf
64,89,inf,inf,inf,664.8977364978767,inf
64,90,inf,inf,inf,150.42606157179014,inf
64,91,inf,inf,inf,194.0412327316027,inf
64,92,inf,inf,inf,551.6493451459903,inf
64,93,inf,inf,inf,465.5856526999087,inf
64,94,inf,inf,inf,600.8077895633511,inf
64,95,inf,inf,inf,539.230933830766,inf
64,96,inf,inf,inf,226.35591443565153,inf
64,97,inf,inf,inf,316.55173352866035,inf
64,98,inf,inf,inf,617.3143445603706,inf
64,99,inf,inf,inf,795.9221067416082,inf
64,100,inf,inf,inf,697.0007173597456,inf
64,101,inf,inf,inf,979.6882157094674,inf
64,102,inf,inf,inf,142.04224723651762,inf
64,103,inf,inf,inf,533.689984916337,inf
64,104,inf,inf,inf,408.5743506389015,inf
64,105,inf,inf,inf,603.43848070868,inf
64,106,inf,inf,inf,418.3061080118243,inf
64,107,inf,inf,inf,520.735057394833,inf
64,108,inf,inf,inf,527.1517807994202,inf
64,109,inf,inf,inf,869.2663573381866,inf
64,110,inf,inf,inf,102.7861858422619,inf
64,111,inf,inf,inf,245.73359558676546,inf
64,112,inf,inf,inf,1005.222860862207,inf
64,113,inf,inf,inf,783.5930066048318,inf
64,114,inf,inf,inf,475.60067283383864,inf
64,115,inf,inf,inf,877.512962867216,inf
64,116,inf,inf,inf,628.2396039728791,inf
64,117,inf,inf,inf,386.0116578550446,inf
64,118,inf,inf,inf,799.9606240309581,inf
64,119,inf,inf,inf,249.12848090894786,inf
64,120,inf,inf,inf,992.2827218086587,inf
64,121,inf,inf,inf,683.2422703551061,inf
64,122,inf,inf,inf,1007.9231121469534,inf
64,123,inf,inf,inf,656.8112362010869,inf
64,124,inf,inf,inf,377.2002120890178,inf
64,125,inf,inf,inf,970.1860646288422,inf
64,126,inf,inf,inf,393.01145021487605,inf
64,127,inf,inf,inf,662.2401377144095,inf
64,128,inf,inf,inf,966.0082815380001,inf
64,129,inf,inf,inf,844.517613789079,inf
64,130,inf,inf,inf,932.7550589517057,inf
64,131,inf,inf,inf,535.3400788284023,inf
64,132,inf,inf,inf,657.4351679063114,inf
64,133,inf,inf,inf,360.25685281476603,inf
64,134,inf,inf,inf,954.5433463180182,inf
64,135,inf,inf,inf,747.8034501123942,inf
64,136,inf,inf,inf,78.63841300535,inf
64,137,inf,inf,inf,942.9506880001732,inf
64,138,inf,inf,inf,765.4240654695932,inf
64,139,inf,inf,inf,632.6365465257284,inf
64,140,inf,inf,inf,137.2953021774598,inf
65,66,inf,inf,inf,474.52291830848384,inf
65,67,inf,inf,inf,519.812466183719,inf
65,68,inf,inf,inf,357.3471701301131,inf
65,69,inf,inf,inf,1045.753795116231,inf
65,70,inf,inf,inf,983.7337038040325,inf
65,71,inf,inf,inf,1251.497103472477,inf
65,72,inf,inf,inf,275.0872588834314,inf
65,73,inf,inf,inf,996.8675940163769,inf
65,74,inf,inf,inf,909.8071224166142,inf
65,75,inf,inf,inf,177.00282483621552,inf
65,76,inf,inf,inf,1165.484448630697,inf
65,77,inf,inf,inf,729.8547800761464,inf
65,78,inf,inf,inf,596.3128373597201,inf
65,79,inf,inf,inf,1093.1719901278116,inf
65,80,inf,inf,inf,947.4354859303086,inf
65,81,inf,inf,inf,306.44412214953644,inf
65,82,inf,inf,inf,979.2267357461192,inf
65,83,inf,inf,inf,891.4280677654255,inf
65,84,inf,inf,inf,513.1403316832541,inf
65,85,inf,inf,inf,333.11409456821247,inf
65,86,inf,inf,inf,1165.7315299844986,inf
65,87,inf,inf,inf,455.0032966913537,inf
65,88,inf,inf,inf,1073.5185140462181,inf
65,89,inf,inf,inf,1007.2462459597455,inf
65,90,inf,inf,inf,552.834514117923,inf
65,91,inf,inf,inf,625.5125898013564,inf
65,92,inf,inf,inf,799.3703772344832,inf
65,93,inf,inf,inf,899.8222046604541,inf
65,94,inf,inf,inf,890.8782183890231,inf
65,95,inf,inf,inf,964.4666920117045,inf
65,96,inf,inf,inf,647.3275832219728,inf
65,97,inf,inf,inf,635.0440929573316,inf
65,98,inf,inf,inf,355.2027589982938,inf
65,99,inf,inf,inf,1192.1048611594535,inf
65,100,inf,inf,inf,1102.8417837568543,inf
65,101,inf,inf,inf,1390.7195979060625,inf
65,102,inf,inf,inf,307.01465763054375,inf
65,103,inf,inf,inf,249.07227866625382,inf
65,104,inf,inf,inf,829.0217126227757,inf
65,105,inf,inf,inf,1004.6173400852684,inf
65,106,inf,inf,inf,792.7483837889548,inf
65,107,inf,inf,inf,613.8607333915405,inf
65,108,inf,inf,inf,114.33722053644648,inf
65,109,inf,inf,inf,1303.399401565,inf
65,110,inf,inf,inf,393.41199778349414,inf
65,111,inf,inf,inf,659.0030348943774,inf
65,112,inf,inf,inf,1363.8947906638548,inf
65,113,inf,inf,inf,960.9016599007414,inf
65,114,inf,inf,inf,269.15051551130273,inf
65,115,inf,inf,inf,1302.981580836813,inf
65,116,inf,inf,inf,1024.6096817813113,inf
65,117,inf,inf,inf,86.35392289873113,inf
65,118,inf,inf,inf,1234.1657101054136,inf
65,119,inf,inf,inf,467.0385423067351,inf
65,120,inf,inf,inf,1352.5623830345128,inf
65,121,inf,inf,inf,1025.9288474353375,inf
65,122,inf,inf,inf,1369.701062275999,inf
65,123,inf,inf,inf,1058.5258617530324,inf
65,124,inf,inf,inf,192.96113598338914,inf
65,125,inf,inf,inf,1398.2878816609975,inf
65,126,inf,inf,inf,83.2586331859946,inf
65,127,inf,inf,inf,1094.424049443359,inf
65,128,inf,inf,inf,1395.0175626134605,inf
65,129,inf,inf,inf,913.5972854600652,inf
65,130,inf,inf,inf,1366.9945135222745,inf
65,131,inf,inf,inf,960.4379209506463,inf
65,132,inf,inf,inf,452.59805567412684,inf
65,133,inf,inf,inf,121.24768039018313,inf
65,134,inf,inf,inf,1219.8200686986586,inf
65,135,inf,inf,inf,892.5581213568112,inf
65,136,inf,inf,inf,509.69206389740856,inf
65,137,inf,inf,inf,1149.6582100781084,inf
65,138,inf,inf,inf,1144.9017425089369,inf
65,139,inf,inf,inf,998.4513007653403,inf
65,140,inf,inf,inf,368.63532115086315,inf
66,67,inf,inf,inf,169.33103672983285,inf
66,68,inf,inf,inf,458.1800955956075,inf
66,69,inf,inf,inf,1021.7538842598055,inf
66,70,inf,inf,inf,939.1485505499116,inf
66,71,inf,inf,inf,877.6223561418658,inf
66,72,inf,inf,inf,214.27319011019554,inf
66,73,inf,inf,inf,627.8925067238819,inf
66,74,inf,inf,inf,987.9296533660684,inf
66,75,inf,inf,inf,433.0288673980062,inf
66,76,inf,inf,inf,1080.2786677519834,inf
66,77,inf,inf,inf,380.44710539048657,inf
66,78,inf,inf,inf,473.36772175550794,inf
66,79,inf,inf,inf,647.4079085090018,inf
66,80,inf,inf,inf,513.078941294612,inf
66,81,inf,inf,inf,239.23210486889087,inf
66,82,inf,inf,inf,530.2499410655319,inf
66,83,inf,inf,inf,852.1032801251266,inf
66,84,inf,inf,inf,292.95904150580503,inf
66,85,inf,inf,inf,274.5050090617656,inf
66,86,inf,inf,inf,691.2090855884346,inf
66,87,inf,inf,inf,769.9402574226133,inf
66,88,inf,inf,inf,630.7535176279241,inf
66,89,inf,inf,inf,568.4760329160764,inf
66,90,inf,inf,inf,494.1356089172283,inf
66,91,inf,inf,inf,422.4050189095769,inf
66,92,inf,inf,inf,329.18839590726765,inf
66,93,inf,inf,inf,667.1881293908039,inf
66,94,inf,inf,inf,429.9441824237188,inf
66,95,inf,inf,inf,654.0030580968257,inf
66,96,inf,inf,inf,534.5886268898731,inf
66,97,inf,inf,inf,242.78591392418136,inf
66,98,inf,inf,inf,405.7647101461634,inf
66,99,inf,inf,inf,1085.0115206761632,inf
66,100,inf,inf,inf,978.1001993660976,inf
66,101,inf,inf,inf,1010.1984953463353,inf
66,102,inf,inf,inf,289.968963856479,inf
66,103,inf,inf,inf,380.9580029347067,inf
66,104,inf,inf,inf,525.1409334645319,inf
66,105,inf,inf,inf,896.9838348599154,inf
66,106,inf,inf,inf,413.63026968537974,inf
66,107,inf,inf,inf,853.5789360100213,inf
66,108,inf,inf,inf,496.0090724976711,inf
66,109,inf,inf,inf,1040.312453063982,inf
66,110,inf,inf,inf,258.0949437706985,inf
66,111,inf,inf,inf,386.78805565839286,inf
66,112,inf,inf,inf,921.6208547987616,inf
66,113,inf,inf,inf,493.9716591060665,inf
66,114,inf,inf,inf,673.0898899849856,inf
66,115,inf,inf,inf,1105.5862698134415,inf
66,116,inf,inf,inf,926.0826097060672,inf
66,117,inf,inf,inf,492.8782811201971,inf
66,118,inf,inf,inf,972.0190327354707,inf
66,119,inf,inf,inf,116.77756633874505,inf
66,120,inf,inf,inf,911.8119323632478,inf
66,121,inf,inf,inf,586.1825654179762,inf
66,122,inf,inf,inf,929.6026032665786,inf
66,123,inf,inf,inf,681.7074152449861,inf
66,124,inf,inf,inf,291.1391419922783,inf
66,125,inf,inf,inf,1065.3717660985765,inf
66,126,inf,inf,inf,497.80317395532944,inf
66,127,inf,inf,inf,872.1926392718526,inf
66,128,inf,inf,inf,1066.4192421369748,inf
66,129,inf,inf,inf,500.11998560345495,inf
66,130,inf,inf,inf,1094.4450648616403,inf
66,131,inf,inf,inf,650.0007692303141,inf
66,132,inf,inf,inf,389.52406857599954,inf
66,133,inf,inf,inf,353.27751131369797,inf
66,134,inf,inf,inf,745.9255995070822,inf
66,135,inf,inf,inf,435.02643597832076,inf
66,136,inf,inf,inf,364.9465714320385,inf
66,137,inf,inf,inf,678.8239830766147,inf
66,138,inf,inf,inf,1073.3592129385204,inf
66,139,inf,inf,inf,957.0397065952907,inf
66,140,inf,inf,inf,232.86047324524614,inf
67,68,inf,inf,inf,374.95866438848964,inf
67,69,inf,inf,inf,860.5161241952413,inf
67,70,inf,inf,inf,776.6807580982035,inf
67,71,inf,inf,inf,750.2332970483249,inf
67,72,inf,inf,inf,248.4069242191127,inf
67,73,inf,inf,inf,494.7019304591402,inf
67,74,inf,inf,inf,844.3612970760798,inf
67,75,inf,inf,inf,419.1288584671783,inf
67,76,inf,inf,inf,912.7721511965623,inf
67,77,inf,inf,inf,530.9510335238081,inf
67,78,inf,inf,inf,316.5090835979277,inf
67,79,inf,inf,inf,575.4042057545287,inf
67,80,inf,inf,inf,608.888331305503,inf
67,81,inf,inf,inf,218.68927728629038,inf
67,82,inf,inf,inf,609.5326078234043,inf
67,83,inf,inf,inf,691.9544782715117,inf
67,84,inf,inf,inf,137.81872151489435,inf
67,85,inf,inf,inf,417.5547868244358,inf
67,86,inf,inf,inf,694.3954204918117,inf
67,87,inf,inf,inf,708.082622297709,inf
67,88,inf,inf,inf,555.0792736177419,inf
67,89,inf,inf,inf,488.38099881137884,inf
67,90,inf,inf,inf,350.41261392820894,inf
67,91,inf,inf,inf,255.54842985234717,inf
67,92,inf,inf,inf,320.4122344730301,inf
67,93,inf,inf,inf,499.484734501466,inf
67,94,inf,inf,inf,387.6248186068586,inf
67,95,inf,inf,inf,499.1963541533532,inf
67,96,inf,inf,inf,375.0653276430654,inf
67,97,inf,inf,inf,115.24755962709145,inf
67,98,inf,inf,inf,550.0327262990812,inf
67,99,inf,inf,inf,916.3847445260096,inf
67,100,inf,inf,inf,809.2002224418874,inf
67,101,inf,inf,inf,887.2981460591474,inf
67,102,inf,inf,inf,244.10038918445008,inf
67,103,inf,inf,inf,502.0597573994554,inf
67,104,inf,inf,inf,365.4941860002701,inf
67,105,inf,inf,inf,729.3072055039632,inf
67,106,inf,inf,inf,281.0071173475861,inf
67,107,inf,inf,inf,759.1837722185584,inf
67,108,inf,inf,inf,574.2490748795334,inf
67,109,inf,inf,inf,880.3073326969394,inf
67,110,inf,inf,inf,167.88686666919483,inf
67,111,inf,inf,inf,218.01376103356412,inf
67,112,inf,inf,inf,844.4228798416111,inf
67,113,inf,inf,inf,545.3998533186455,inf
67,114,inf,inf,inf,657.0943615646081,inf
67,115,inf,inf,inf,938.1780214863275,inf
67,116,inf,inf,inf,758.7621498203505,inf
67,117,inf,inf,inf,509.3859047912496,inf
67,118,inf,inf,inf,811.2570492759986,inf
67,119,inf,inf,inf,66.40783086353596,inf
67,120,inf,inf,inf,832.9525796826612,inf
67,121,inf,inf,inf,507.1341045522377,inf
67,122,inf,inf,inf,850.02235264727,inf
67,123,inf,inf,inf,553.4780935140974,inf
67,124,inf,inf,inf,373.0053618917562,inf
67,125,inf,inf,inf,922.974539193796,inf
67,126,inf,inf,inf,515.6752854267887,inf
67,127,inf,inf,inf,705.4367441521599,inf
67,128,inf,inf,inf,922.6055495172354,inf
67,129,inf,inf,inf,613.0293630814107,inf
67,130,inf,inf,inf,936.6114455845604,inf
67,131,inf,inf,inf,495.1040294725948,inf
67,132,inf,inf,inf,550.276294237722,inf
67,133,inf,inf,inf,406.74562075085703,inf
67,134,inf,inf,inf,736.806623205845,inf
67,135,inf,inf,inf,509.33780539048934,inf
67,136,inf,inf,inf,218.11235636707977,inf
67,137,inf,inf,inf,709.5047568550897,inf
67,138,inf,inf,inf,906.8301935864289,inf
67,139,inf,inf,inf,794.6672259505862,inf
67,140,inf,inf,inf,168.66831356244717,inf
68,69,inf,inf,inf,694.8453065251286,inf
68,70,inf,inf,inf,628.9427636915779,inf
68,71,inf,inf,inf,977.5581824116659,inf
68,72,inf,inf,inf,289.8620361482338,inf
68,73,inf,inf,inf,736.9233338685918,inf
68,74,inf,inf,inf,586.2763853337434,inf
68,75,inf,inf,inf,180.3690660839602,inf
68,76,inf,inf,inf,808.755216366485,inf
68,77,inf,inf,inf,828.1744985206922,inf
68,78,inf,inf,inf,264.61292485439935,inf
68,79,inf,inf,inf,904.9486173258679,inf
68,80,inf,inf,inf,965.7831019437025,inf
68,81,inf,inf,inf,228.17756243767704,inf
68,82,inf,inf,inf,974.8374223428233,inf
68,83,inf,inf,inf,536.0083954566384,inf
68,84,inf,inf,inf,275.9492707002503,inf
68,85,inf,inf,inf,527.1906675957001,inf
68,86,inf,inf,inf,1065.2009200146233,inf
68,87,inf,inf,inf,334.61171527607934,inf
68,88,inf,inf,inf,882.2522315075207,inf
68,89,inf,inf,inf,816.0306366797756,inf
68,90,inf,inf,inf,205.526154053444,inf
68,91,inf,inf,inf,326.03834130359576,inf
68,92,inf,inf,inf,694.275161589409,inf
68,93,inf,inf,inf,573.0558437011179,inf
68,94,inf,inf,inf,749.496497656927,inf
68,95,inf,inf,inf,669.1225597751132,inf
68,96,inf,inf,inf,303.6906320583498,inf
68,97,inf,inf,inf,464.2628565801921,inf
68,98,inf,inf,inf,621.5223246191564,inf
68,99,inf,inf,inf,834.7724240773649,inf
68,100,inf,inf,inf,746.0650105721351,inf
68,101,inf,inf,inf,1115.652275576938,inf
68,102,inf,inf,inf,173.04623659588788,inf
68,103,inf,inf,inf,523.1156659860227,inf
68,104,inf,inf,inf,545.1825382383408,inf
68,105,inf,inf,inf,647.5654407085048,inf
68,106,inf,inf,inf,568.6413632510389,inf
68,107,inf,inf,inf,395.4263521820467,inf
68,108,inf,inf,inf,465.99570813474236,inf
68,109,inf,inf,inf,969.732437324853,inf
68,110,inf,inf,inf,210.61813787041228,inf
68,111,inf,inf,inf,390.8810560771652,inf
68,112,inf,inf,inf,1154.587372181075,inf
68,113,inf,inf,inf,918.3403508503806,inf
68,114,inf,inf,inf,333.24015364298464,inf
68,115,inf,inf,inf,952.4809709385274,inf
68,116,inf,inf,inf,667.2825488501853,inf
68,117,inf,inf,inf,287.92360097775935,inf
68,118,inf,inf,inf,902.1330278844689,inf
68,119,inf,inf,inf,367.5486362374373,inf
68,120,inf,inf,inf,1141.507774831166,inf
68,121,inf,inf,inf,834.3458515507823,inf
68,122,inf,inf,inf,1156.9356075426151,inf
68,123,inf,inf,inf,799.2521504506573,inf
68,124,inf,inf,inf,372.7264412407577,inf
68,125,inf,inf,inf,1092.1776412287518,inf
68,126,inf,inf,inf,294.4978777512666,inf
68,127,inf,inf,inf,754.204879326566,inf
68,128,inf,inf,inf,1086.7037314742229,inf
68,129,inf,inf,inf,957.649727196745,inf
68,130,inf,inf,inf,1035.0193234911123,inf
68,131,inf,inf,inf,665.439704255765,inf
68,132,inf,inf,inf,683.8552478412372,inf
68,133,inf,inf,inf,324.7460546334628,inf
68,134,inf,inf,inf,1103.0439701117994,inf
68,135,inf,inf,inf,875.5849473352085,inf
68,136,inf,inf,inf,221.55134844996994,inf
68,137,inf,inf,inf,1084.3878457452388,inf
68,138,inf,inf,inf,788.9746510503363,inf
68,139,inf,inf,inf,644.2251159338635,inf
68,140,inf,inf,inf,226.77080940897133,inf
69,70,inf,inf,inf,86.14522621712709,inf
69,71,inf,inf,inf,867.3834215616529,inf
69,72,inf,inf,inf,945.800190315058,inf
69,73,inf,inf,inf,776.073450132138,inf
69,74,inf,inf,inf,230.67292862405853,inf
69,75,inf,inf,inf,870.9127396013909,inf
69,76,inf,inf,inf,167.0359242797788,inf
69,77,inf,inf,inf,1390.9223558488086,inf
69,78,inf,inf,inf,548.7312639170472,inf
69,79,inf,inf,inf,1049.2216162470158,inf
69,80,inf,inf,inf,1423.2459379882312,inf
69,81,inf,inf,inf,871.6220511207825,inf
69,82,inf,inf,inf,1402.7266305306962,inf
69,83,inf,inf,inf,170.07351351694948,inf
69,84,inf,inf,inf,728.8141052422078,inf
69,85,inf,inf,inf,1193.2644300405507,inf
69,86,inf,inf,inf,1332.260109738335,inf
69,87,inf,inf,inf,741.4802762042966,inf
69,88,inf,inf,inf,1027.901259849408,inf
69,89,inf,inf,inf,986.8677722977886,inf
69,90,inf,inf,inf,541.9677112153454,inf
69,91,inf,inf,inf,607.517077949254,inf
69,92,inf,inf,inf,1064.2180227754086,inf
69,93,inf,inf,inf,485.2391163127721,inf
69,94,inf,inf,inf,1041.1921052332273,inf
69,95,inf,inf,inf,635.5289135830092,inf
69,96,inf,inf,inf,487.1652696980769,inf
69,97,inf,inf,inf,855.430885577555,inf
69,98,inf,inf,inf,1303.9325135910983,inf
69,99,inf,inf,inf,219.73848092675985,inf
69,100,inf,inf,inf,222.92823957498072,inf
69,101,inf,inf,inf,959.0881085698019,inf
69,102,inf,inf,inf,824.9151471515116,inf
69,103,inf,inf,inf,1212.023102090055,inf
69,104,inf,inf,inf,643.0629829184696,inf
69,105,inf,inf,inf,195.93111034238538,inf
69,106,inf,inf,inf,797.0552051144261,inf
69,107,inf,inf,inf,586.051192303198,inf
69,108,inf,inf,inf,1157.8505948523755,inf
69,109,inf,inf,inf,599.4939532639174,inf
69,110,inf,inf,inf,791.9709590635252,inf
69,111,inf,inf,inf,670.6131522718593,inf
69,112,inf,inf,inf,1177.0955781074024,inf
69,113,inf,inf,inf,1308.153278480775,inf
69,114,inf,inf,inf,911.9435289534106,inf
69,115,inf,inf,inf,453.9273069556402,inf
69,116,inf,inf,inf,169.941166289984,inf
69,117,inf,inf,inf,967.0418812026705,inf
69,118,inf,inf,inf,567.27594696056,inf
69,119,inf,inf,inf,904.9784527821644,inf
69,120,inf,inf,inf,1162.890364565809,inf
69,121,inf,inf,inf,997.1945647665756,inf
69,122,inf,inf,inf,1170.2350191307728,inf
69,123,inf,inf,inf,808.6940088809858,inf
69,124,inf,inf,inf,1056.7123544276371,inf
69,125,inf,inf,inf,824.5301692479178,inf
69,126,inf,inf,inf,972.6895702124085,inf
69,127,inf,inf,inf,439.09566155907305,inf
69,128,inf,inf,inf,811.0517862627515,inf
69,129,inf,inf,inf,1445.9519355773898,inf
69,130,inf,inf,inf,654.8014966384851,inf
69,131,inf,inf,inf,635.6099432828281,inf
69,132,inf,inf,inf,1349.6384701096808,inf
69,133,inf,inf,inf,1018.2347470009065,inf
69,134,inf,inf,inf,1333.0881441225108,inf
69,135,inf,inf,inf,1308.68368981966,inf
69,136,inf,inf,inf,660.0189391222043,inf
69,137,inf,inf,inf,1404.7864606409046,inf
69,138,inf,inf,inf,132.6386067478093,inf
69,139,inf,inf,inf,68.46897107449476,inf
69,140,inf,inf,inf,828.4714841200027,inf
70,71,inf,inf,inf,802.1103415366242,inf
70,72,inf,inf,inf,870.2832872116986,inf
70,73,inf,inf,inf,697.0,inf
70,74,inf,inf,inf,247.4772716836841,inf
70,75,inf,inf,inf,807.4862227926864,inf
70,76,inf,inf,inf,188.4728097100481,inf
70,77,inf,inf,inf,1306.5756771040858,inf
70,78,inf,inf,inf,467.11561737968043,inf
70,79,inf,inf,inf,969.0701728977112,inf
70,80,inf,inf,inf,1337.105081883993,inf
70,81,inf,inf,inf,795.9095425989061,inf
70,82,inf,inf,inf,1316.6339658386457,inf
70,83,inf,inf,inf,93.38094023943002,inf
70,84,inf,inf,inf,646.2391198310421,inf
70,85,inf,inf,inf,1117.1360704945482,inf
70,86,inf,inf,inf,1249.2117514656993,inf
70,87,inf,inf,inf,708.581681953464,inf
70,88,inf,inf,inf,947.4439297393805,inf
70,89,inf,inf,inf,904.8563421891897,inf
70,90,inf,inf,inf,465.2418725781247,inf
70,91,inf,inf,inf,522.8250185291442,inf
70,92,inf,inf,inf,978.1436499819441,inf
70,93,inf,inf,inf,403.6087214122113,inf
70,94,inf,inf,inf,956.018828266473,inf
70,95,inf,inf,inf,556.8841890375413,inf
70,96,inf,inf,inf,404.9506142729012,inf
70,97,inf,inf,inf,769.6395260120156,inf
70,98,inf,inf,inf,1230.3190643081168,inf
70,99,inf,inf,inf,229.10696191953662,inf
70,100,inf,inf,inf,189.84203960134857,inf
70,101,inf,inf,inf,900.744691907757,inf
70,102,inf,inf,inf,750.8142246921005,inf
70,103,inf,inf,inf,1140.6002805540597,inf
70,104,inf,inf,inf,558.4738131730081,inf
70,105,inf,inf,inf,129.07362240210043,inf
70,106,inf,inf,inf,711.5124735378854,inf
70,107,inf,inf,inf,566.0008833915367,inf
70,108,inf,inf,inf,1094.4153690441303,inf
70,109,inf,inf,inf,560.0446410778341,inf
70,110,inf,inf,inf,713.6476721744422,inf
70,111,inf,inf,inf,584.7777355542873,inf
70,112,inf,inf,inf,1105.9769437018115,inf
70,113,inf,inf,inf,1222.2634740513192,inf
70,114,inf,inf,inf,866.7467911679859,inf
70,115,inf,inf,inf,435.8451559900603,inf
70,116,inf,inf,inf,112.2007130102122,inf
70,117,inf,inf,inf,907.3968260909887,inf
70,118,inf,inf,inf,519.904798977659,inf
70,119,inf,inf,inf,822.4335839446247,inf
70,120,inf,inf,inf,1091.678066098243,inf
70,121,inf,inf,inf,915.6254692831562,inf
70,122,inf,inf,inf,1099.7276935678215,inf
70,123,inf,inf,inf,732.2055722268167,inf
70,124,inf,inf,inf,984.5212034283467,inf
70,125,inf,inf,inf,776.7219579746668,inf
70,126,inf,inf,inf,913.3060823185182,inf
70,127,inf,inf,inf,379.68407920269715,inf
70,128,inf,inf,inf,763.9960732883383,inf
70,129,inf,inf,inf,1359.955881637342,inf
70,130,inf,inf,inf,619.5562928419015,inf
70,131,inf,inf,inf,556.7234501976722,inf
70,132,inf,inf,inf,1272.811455008164,inf
70,133,inf,inf,inf,949.6341400771141,inf
70,134,inf,inf,inf,1251.4331783998696,inf
70,135,inf,inf,inf,1222.541614833622,inf
70,136,inf,inf,inf,579.3323743758845,inf
70,137,inf,inf,inf,1320.409784877407,inf
70,138,inf,inf,inf,162.78820596099706,inf
70,139,1.0,20.3137,20.313708498984763,18.027756377319946,1.1268018090448952
70,140,inf,inf,inf,750.509160503721,inf
71,72,inf,inf,inf,994.0020120703982,inf
71,73,inf,inf,inf,256.00781238079435,inf
71,74,inf,inf,inf,1030.2096873937849,inf
71,75,inf,inf,inf,1111.2429977282197,inf
71,76,inf,inf,inf,774.6515345624766,inf
71,77,inf,inf,inf,1068.9607102227847,inf
71,78,inf,inf,inf,721.9972299115835,inf
71,79,inf,inf,inf,352.6471324142591,inf
71,80,inf,inf,inf,932.8413584313251,inf
71,81,inf,inf,inf,946.5415997197376,inf
71,82,inf,inf,inf,879.8636257966344,inf
71,83,inf,inf,inf,791.4019206446242,inf
71,84,inf,inf,inf,739.9945945748523,inf
71,85,inf,inf,inf,1151.754314079179,inf
71,86,inf,inf,inf,644.0846217695312,inf
71,87,inf,inf,inf,1263.9719142449328,inf
71,88,inf,inf,inf,347.4492768736179,inf
71,89,inf,inf,inf,369.80265007162944,inf
71,90,inf,inf,inf,793.771377664879,inf
71,91,inf,inf,inf,651.6417727555531,inf
71,92,inf,inf,inf,634.8873915900363,inf
71,93,inf,inf,inf,454.80215478821117,inf
71,94,inf,inf,inf,530.664677550711,inf
71,95,inf,inf,inf,313.9824835878588,inf
71,96,inf,inf,inf,707.4969964600557,inf
71,97,inf,inf,inf,642.2771987234172,inf
71,98,inf,inf,inf,1283.3869252879274,inf
71,99,inf,inf,inf,732.937241515261,inf
71,100,inf,inf,inf,658.7753790177651,inf
71,101,inf,inf,inf,139.44174410842686,inf
71,102,inf,inf,inf,946.2985786737714,inf
71,103,inf,inf,inf,1249.2117514656993,inf
71,104,inf,inf,inf,432.74472844853926,inf
71,105,inf,inf,inf,674.2647847841381,inf
71,106,inf,inf,inf,469.79250739023075,inf
71,107,inf,inf,inf,1210.0785098496708,inf
71,108,inf,inf,inf,1320.122721567961,inf
71,109,inf,inf,inf,368.22411653774117,inf
71,110,inf,inf,inf,858.5219857406099,inf
71,111,inf,inf,inf,597.126452269534,inf
71,112,inf,inf,inf,325.55798254688824,inf
71,113,inf,inf,inf,771.4615998220521,inf
71,114,inf,inf,inf,1310.7864051782044,inf
71,115,inf,inf,inf,550.4398241406593,inf
71,116,inf,inf,inf,697.717707959315,inf
71,117,inf,inf,inf,1219.6556891188595,inf
71,118,inf,inf,inf,345.878591416121,inf
71,119,inf,inf,inf,814.5182625331369,inf
71,120,inf,inf,inf,312.5699921617557,inf
71,121,inf,inf,inf,361.4484748895754,inf
71,122,inf,inf,inf,315.37913691301776,inf
71,123,inf,inf,inf,197.01776569639603,inf
71,124,inf,inf,inf,1122.7488588281888,inf
71,125,inf,inf,inf,223.7319825147938,inf
71,126,inf,inf,inf,1226.57775945922,inf
71,127,inf,inf,inf,429.78715662523,inf
71,128,inf,inf,inf,232.54461937443318,inf
71,129,inf,inf,inf,991.1533685560474,inf
71,130,inf,inf,inf,373.54651651434256,inf
71,131,inf,inf,inf,317.1655719021218,inf
71,132,inf,inf,inf,1257.2613093545829,inf
71,133,inf,inf,inf,1148.5643212288983,inf
71,134,inf,inf,inf,607.0403610963607,inf
71,135,inf,inf,inf,827.6986166473881,inf
71,136,inf,inf,inf,762.357527673204,inf
71,137,inf,inf,inf,752.0644919154208,inf
71,138,inf,inf,inf,798.4917031503834,inf
71,139,inf,inf,inf,813.1383646096155,inf
71,140,inf,inf,inf,883.1789173208336,inf
72,73,inf,inf,inf,738.0,inf
72,74,inf,inf,inf,867.4122433998728,inf
72,75,inf,inf,inf,220.92758994747578,inf
72,76,inf,inf,inf,1034.497462539179,inf
72,77,inf,inf,inf,549.1457001561607,inf
72,78,inf,inf,inf,417.6601489249363,inf
72,79,inf,inf,inf,818.5157298427441,inf
72,80,inf,inf,inf,720.9084546598133,inf
72,81,inf,inf,inf,74.41102068914255,inf
72,82,inf,inf,inf,742.26140947782,inf
72,83,inf,inf,inf,777.7461025296109,inf
72,84,inf,inf,inf,277.1569952211201,inf
72,85,inf,inf,inf,247.68124676688785,inf
72,86,inf,inf,inf,898.9866517362758,inf
72,87,inf,inf,inf,568.792580823625,inf
72,88,inf,inf,inf,799.1076272943463,inf
72,89,inf,inf,inf,733.1043581919289,inf
72,90,inf,inf,inf,405.123437979093,inf
72,91,inf,inf,inf,410.99026752467023,inf
72,92,inf,inf,inf,527.8503575825255,inf
72,93,inf,inf,inf,688.7212788929932,inf
72,94,inf,inf,inf,616.3318911106255,inf
72,95,inf,inf,inf,724.2685965855485,inf
72,96,inf,inf,inf,479.01565736414085,inf
72,97,inf,inf,inf,363.2079294288603,inf
72,98,inf,inf,inf,362.26233588381774,inf
72,99,inf,inf,inf,1050.0519034790614,inf
72,100,inf,inf,inf,949.5246179009789,inf
72,101,inf,inf,inf,1132.1431004956926,inf
72,102,inf,inf,inf,123.4382436686459,inf
72,103,inf,inf,inf,284.41167345944154,inf
72,104,inf,inf,inf,587.1728876574599,inf
72,105,inf,inf,inf,857.464284970517,inf
72,106,inf,inf,inf,527.4438358725979,inf
72,107,inf,inf,inf,673.1255454965292,inf
72,108,inf,inf,inf,326.6129207487052,inf
72,109,inf,inf,inf,1088.4562462497056,inf
72,110,inf,inf,inf,166.43316977093238,inf
72,111,inf,inf,inf,419.60934212669764,inf
72,112,inf,inf,inf,1090.0293574028178,inf
72,113,inf,inf,inf,708.1786497770178,inf
72,114,inf,inf,inf,459.1002069265489,inf
72,115,inf,inf,inf,1117.8049919373236,inf
72,116,inf,inf,inf,882.8782475517222,inf
72,117,inf,inf,inf,280.713376952364,inf
72,118,inf,inf,inf,1018.5676217119805,inf
72,119,inf,inf,inf,192.27064258487306,inf
72,120,inf,inf,inf,1078.8975855010522,inf
72,121,inf,inf,inf,751.7293395897223,inf
72,122,inf,inf,inf,1096.1605721790945,inf
72,123,inf,inf,inf,798.2029817032758,inf
72,124,inf,inf,inf,133.80956617521784,inf
72,125,inf,inf,inf,1156.2698646942245,inf
72,126,inf,inf,inf,286.0367109306076,inf
72,127,inf,inf,inf,893.6268796315384,inf
72,128,inf,inf,inf,1154.5947340950418,inf
72,129,inf,inf,inf,700.5119556438705,inf
72,130,inf,inf,inf,1148.8555174607466,inf
72,131,inf,inf,inf,720.151372976543,inf
72,132,inf,inf,inf,404.8135373230495,inf
72,133,inf,inf,inf,158.61904047118682,inf
72,134,inf,inf,inf,950.2683831423626,inf
72,135,inf,inf,inf,648.4759054891708,inf
72,136,inf,inf,inf,307.9496712126837,inf
72,137,inf,inf,inf,891.966927638015,inf
72,138,inf,inf,inf,1020.8511154913825,inf
72,139,inf,inf,inf,887.2440475990808,inf
72,140,inf,inf,inf,129.86531484580476,inf
73,74,inf,inf,inf,891.7443579860766,inf
73,75,inf,inf,inf,860.8443529465707,inf
73,76,inf,inf,inf,731.024623388296,inf
73,77,inf,inf,inf,857.6158813828018,inf
73,78,inf,inf,inf,493.7732273017645,inf
73,79,inf,inf,inf,274.11676344215067,inf
73,80,inf,inf,inf,767.5161236091395,inf
73,81,inf,inf,inf,691.272015924267,inf
73,82,inf,inf,inf,725.1620508548417,inf
73,83,inf,inf,inf,658.5385334207863,inf
73,84,inf,inf,inf,487.54486972995625,inf
73,85,inf,inf,inf,900.6408829272631,inf
73,86,inf,inf,inf,570.5479822065801,inf
73,87,inf,inf,inf,1040.2831345359782,inf
73,88,inf,inf,inf,253.78928267363852,inf
73,89,inf,inf,inf,224.4147945212169,inf
73,90,inf,inf,inf,567.5006607925668,inf
73,91,inf,inf,inf,412.7820248024373,inf
73,92,inf,inf,inf,425.68767893844426,inf
73,93,inf,inf,inf,296.0152023123137,inf
73,94,inf,inf,inf,342.2528305215313,inf
73,95,inf,inf,inf,140.61649974309557,inf
73,96,inf,inf,inf,492.6865129065337,inf
73,97,inf,inf,inf,388.72612466876984,inf
73,98,inf,inf,inf,1032.965633503845,inf
73,99,inf,inf,inf,704.2535054935829,inf
73,100,inf,inf,inf,606.0404276943907,inf
73,101,inf,inf,inf,394.4109531947611,inf
73,102,inf,inf,inf,692.9480500008641,inf
73,103,inf,inf,inf,995.0407026850711,inf
73,104,inf,inf,inf,198.09088823063013,inf
73,105,inf,inf,inf,582.8181534578346,inf
73,106,inf,inf,inf,215.55741694499866,inf
73,107,inf,inf,inf,1008.429472000893,inf
73,108,inf,inf,inf,1064.1879533240358,inf
73,109,inf,inf,inf,466.858650985499,inf
73,110,inf,inf,inf,604.7346525543248,inf
73,111,inf,inf,inf,348.51111890440455,inf
73,112,inf,inf,inf,441.3796551722791,inf
73,113,inf,inf,inf,616.8346618016857,inf
73,114,inf,inf,inf,1068.7043557504574,inf
73,115,inf,inf,inf,599.5498311233188,inf
73,116,inf,inf,inf,612.413259164104,inf
73,117,inf,inf,inf,967.6548971611728,inf
73,118,inf,inf,inf,410.01951173084433,inf
73,119,inf,inf,inf,559.4461546922993,inf
73,120,inf,inf,inf,427.1767783950808,inf
73,121,inf,inf,inf,230.05434140654683,inf
73,122,inf,inf,inf,439.84088031923545,inf
73,123,1.0,68.2843,68.28427124746187,62.6418390534633,1.0900744977998313
73,124,inf,inf,inf,866.8777307094698,inf
73,125,inf,inf,inf,439.38593514130605,inf
73,126,inf,inf,inf,974.5280909240123,inf
73,127,inf,inf,inf,393.7423015120423,inf
73,128,inf,inf,inf,441.6933325283505,inf
73,129,inf,inf,inf,815.4048074422913,inf
73,130,inf,inf,inf,505.641177120693,inf
73,131,inf,inf,inf,140.46351839534705,inf
73,132,inf,inf,inf,1012.8464839253775,inf
73,133,inf,inf,inf,892.8090501333418,inf
73,134,inf,inf,inf,561.749054293819,inf
73,135,inf,inf,inf,653.0122510336234,inf
73,136,inf,inf,inf,517.228189487,inf
73,137,inf,inf,inf,658.7753790177651,inf
73,138,inf,inf,inf,745.0214762005187,inf
73,139,inf,inf,inf,711.8721795378718,inf
73,140,inf,inf,inf,628.2682548084059,inf
74,75,inf,inf,inf,744.8496492581573,inf
74,76,inf,inf,inf,397.68454835459727,inf
74,77,inf,inf,inf,1367.9141054905458,inf
74,78,inf,inf,inf,532.3044241784958,inf
74,79,inf,inf,inf,1153.9168080932004,inf
74,80,inf,inf,inf,1443.1122617454264,inf
74,81,inf,inf,inf,797.0225843726137,inf
74,82,inf,inf,inf,1432.7386363185715,inf
74,83,inf,inf,inf,239.0083680543424,inf
74,84,inf,inf,inf,706.5436999931427,inf
74,85,inf,inf,inf,1111.5079846766735,inf
74,86,inf,inf,inf,1412.5951295399543,inf
74,87,inf,inf,inf,544.7283726776126,inf
74,88,inf,inf,inf,1131.0724998867227,inf
74,89,inf,inf,inf,1080.3897444903853,inf
74,90,inf,inf,inf,495.18178480230875,inf
74,91,inf,inf,inf,615.6370684096272,inf
74,92,inf,inf,inf,1101.1058078132182,inf
74,93,inf,inf,inf,597.6328304234968,inf
74,94,inf,inf,inf,1101.622893734512,inf
74,95,inf,inf,inf,757.1268057597749,inf
74,96,inf,inf,inf,482.4147593098702,inf
74,97,inf,inf,inf,870.1471139985468,inf
74,98,inf,inf,inf,1207.4974120055083,inf
74,99,inf,inf,inf,450.1388674620311,inf
74,100,inf,inf,inf,435.59729108432253,inf
74,101,inf,inf,inf,1137.1543430862848,inf
74,102,inf,inf,inf,744.153881935719,inf
74,103,inf,inf,inf,1107.3797903158609,inf
74,104,inf,inf,inf,723.5689324452785,inf
74,105,inf,inf,inf,372.0013440835933,inf
74,106,inf,inf,inf,857.4176345282385,inf
74,107,inf,inf,inf,374.4783037774018,inf
74,108,inf,inf,inf,1024.1288981373389,inf
74,109,inf,inf,inf,807.401387167498,inf
74,110,inf,inf,inf,735.7064632039059,inf
74,111,inf,inf,inf,695.1402736138945,inf
74,112,inf,inf,inf,1320.1242365777548,inf
74,113,inf,inf,inf,1348.575915549436,inf
74,114,inf,inf,inf,734.6053362180267,inf
74,115,inf,inf,inf,678.1887642832193,inf
74,116,inf,inf,inf,359.2464335243984,inf
74,117,inf,inf,inf,825.6512580987205,inf
74,118,inf,inf,inf,765.6552749116275,inf
74,119,inf,inf,inf,874.3935040929798,inf
74,120,inf,inf,inf,1305.7074710669308,inf
74,121,inf,inf,inf,1093.6658539060275,inf
74,122,inf,inf,inf,1315.3630677497374,inf
74,123,inf,inf,inf,935.7456919484054,inf
74,124,inf,inf,inf,958.9541177762364,inf
74,125,inf,inf,inf,1021.4284115883991,inf
74,126,inf,inf,inf,830.3475176093441,inf
74,127,inf,inf,inf,619.9395131785036,inf
74,128,inf,inf,inf,1009.0713552569016,inf
74,129,inf,inf,inf,1454.7250599340068,inf
74,130,inf,inf,inf,867.0207609971055,inf
74,131,inf,inf,inf,756.0489402148514,inf
74,132,inf,inf,inf,1268.8207123151797,inf
74,133,inf,inf,inf,906.4413935826187,inf
74,134,inf,inf,inf,1424.5034222493114,inf
74,135,inf,inf,inf,1334.2342373061786,inf
74,136,inf,inf,inf,627.2041135069189,inf
74,137,inf,inf,inf,1470.748448919801,inf
74,138,inf,inf,inf,363.0385654444993,inf
74,139,inf,inf,inf,244.6262455256999,inf
74,140,inf,inf,inf,768.3000715866165,inf
75,76,inf,inf,inf,988.6253081931496,inf
75,77,inf,inf,inf,761.3842656635347,inf
75,78,inf,inf,inf,427.6037885706814,inf
75,79,inf,inf,inf,990.123729641907,inf
75,80,inf,inf,inf,941.8322568270848,inf
75,81,inf,inf,inf,205.1389772812568,inf
75,82,inf,inf,inf,962.6821905488852,inf
75,83,inf,inf,inf,714.9447531103365,inf
75,84,inf,inf,inf,373.89971917614486,inf
75,85,inf,inf,inf,403.8873605350878,inf
75,86,inf,inf,inf,1104.7044853715404,inf
75,87,inf,inf,inf,355.85671273702286,inf
75,88,inf,inf,inf,968.8467371055135,inf
75,89,inf,inf,inf,901.7344398435716,inf
75,90,inf,inf,inf,378.93007270471423,inf
75,91,inf,inf,inf,468.20935488304804,inf
75,92,inf,inf,inf,729.5484905062857,inf
75,93,inf,inf,inf,735.256417857063,inf
75,94,inf,inf,inf,806.2071694049861,inf
75,95,inf,inf,inf,813.1432838067348,inf
75,96,inf,inf,inf,475.1431363284121,inf
75,97,inf,inf,inf,529.4308264542215,inf
75,98,inf,inf,inf,473.66760497209435,inf
75,99,inf,inf,inf,1015.1039355652208,inf
75,100,inf,inf,inf,926.1976031063782,inf
75,101,inf,inf,inf,1250.6194465144063,inf
75,102,inf,inf,inf,176.38594048279472,inf
75,103,inf,inf,inf,368.5824195481928,inf
75,104,inf,inf,inf,681.0763540161998,inf
75,105,inf,inf,inf,827.8272766706833,inf
75,106,inf,inf,inf,669.008221175196,inf
75,107,inf,inf,inf,483.88531699153674,inf
75,108,inf,inf,inf,287.06271091871196,inf
75,109,inf,inf,inf,1137.0839898617867,inf
75,110,inf,inf,inf,262.7717640843475,inf
75,111,inf,inf,inf,514.1176908062978,inf
75,112,inf,inf,inf,1253.5760846474377,inf
75,113,inf,inf,inf,925.0135134148042,inf
75,114,inf,inf,inf,242.1652328473268,inf
75,115,inf,inf,inf,1129.251522026869,inf
75,116,inf,inf,inf,847.651461392004,inf
75,117,inf,inf,inf,112.75194011634566,inf
75,118,inf,inf,inf,1068.4404522480418,inf
75,119,inf,inf,inf,382.890323722081,inf
75,120,inf,inf,inf,1241.3625578371534,inf
75,121,inf,inf,inf,920.5063823787426,inf
75,122,inf,inf,inf,1257.8270946358248,inf
75,123,inf,inf,inf,923.379120405048,inf
75,124,inf,inf,inf,237.65521244020718,inf
75,125,inf,inf,inf,1244.3379765963907,inf
75,126,inf,inf,inf,119.70797801316336,inf
75,127,inf,inf,inf,924.9356734389695,inf
75,128,inf,inf,inf,1240.0790297396372,inf
75,129,inf,inf,inf,920.544404143548,inf
75,130,inf,inf,inf,1201.5223676652881,inf
75,131,inf,inf,inf,809.2274093232384,inf
75,132,inf,inf,inf,552.1095905705678,inf
75,133,inf,inf,inf,167.91962362987834,inf
75,134,inf,inf,inf,1151.6305831298507,inf
75,135,inf,inf,inf,868.0518417698335,inf
75,136,inf,inf,inf,352.5677239907249,inf
75,137,inf,inf,inf,1105.5007914967769,inf
75,138,inf,inf,inf,968.3026386414529,inf
75,139,inf,inf,inf,822.4019698419988,inf
75,140,inf,inf,inf,251.11352014576994,inf
76,77,inf,inf,inf,1434.3200479669802,inf
76,78,inf,inf,inf,619.9395131785036,inf
76,79,inf,inf,inf,1003.7972902932145,inf
76,80,inf,inf,inf,1435.7841063335393,inf
76,81,inf,inf,inf,960.2676710167848,inf
76,82,inf,inf,inf,1408.1693790166012,inf
76,83,inf,inf,inf,275.93115083295686,inf
76,84,inf,inf,inf,791.2073053252226,inf
76,85,inf,inf,inf,1278.5683399803079,inf
76,86,inf,inf,inf,1300.4983660120454,inf
76,87,inf,inf,inf,895.4831098351325,inf
76,88,inf,inf,inf,984.3434360018865,inf
76,89,inf,inf,inf,952.5717820720914,inf
76,90,inf,inf,inf,631.6518028154436,inf
76,91,inf,inf,inf,657.8753681359411,inf
76,92,inf,inf,inf,1071.9650180859448,inf
76,93,inf,inf,inf,466.07510124442393,inf
76,94,inf,inf,inf,1031.721861743755,inf
76,95,inf,inf,inf,593.3717216045942,inf
76,96,inf,inf,inf,557.3230660936258,inf
76,97,inf,inf,inf,886.6707393390176,inf
76,98,inf,inf,inf,1396.6005155376392,inf
76,99,inf,inf,inf,55.569775957799216,inf
76,100,inf,inf,inf,125.00399993600205,inf
76,101,inf,inf,inf,849.1177774608185,inf
76,102,inf,inf,inf,918.7404421271549,inf
76,103,inf,inf,inf,1311.0396637783313,inf
76,104,inf,inf,inf,636.4157446198201,inf
76,105,inf,inf,inf,183.50476833041697,inf
76,106,inf,inf,inf,797.0796697946824,inf
76,107,inf,inf,inf,747.2543074482743,inf
76,108,inf,inf,inf,1274.7097708890444,inf
76,109,inf,inf,inf,465.08923874886636,inf
76,110,inf,inf,inf,872.5508581165914,inf
76,111,inf,inf,inf,704.9120512517856,inf
76,112,inf,inf,inf,1095.7650295569758,inf
76,113,inf,inf,inf,1307.5511462271754,inf
76,114,inf,inf,inf,1055.1549649222147,inf
76,115,inf,inf,inf,299.4010688023675,inf
76,116,inf,inf,inf,154.26276284314372,inf
76,117,inf,inf,inf,1091.0293304948314,inf
76,118,inf,inf,inf,446.4314057052886,inf
76,119,inf,inf,inf,965.0642465659994,inf
76,120,inf,inf,inf,1082.0004621071103,inf
76,121,inf,inf,inf,960.1333240753598,inf
76,122,inf,inf,inf,1087.1619014663822,inf
76,123,inf,inf,inf,751.9022542857549,inf
76,124,inf,inf,inf,1154.3396380615195,inf
76,125,inf,inf,inf,697.648192142716,inf
76,126,inf,inf,inf,1097.091609666212,inf
76,127,inf,inf,inf,350.6821923052267,inf
76,128,inf,inf,inf,683.2042154436696,inf
76,129,inf,inf,inf,1466.146650236599,inf
76,130,inf,inf,inf,513.4082196459266,inf
76,131,inf,inf,inf,594.5258615064613,inf
76,132,inf,inf,inf,1431.8816291858766,inf
76,133,inf,inf,inf,1124.8310984321158,inf
76,134,inf,inf,inf,1292.4739842642869,inf
76,135,inf,inf,inf,1319.0822567224532,inf
76,136,inf,inf,inf,733.0184172311089,inf
76,137,inf,inf,inf,1383.043021745889,inf
76,138,inf,inf,inf,35.4682957019364,inf
76,139,inf,inf,inf,178.02527910383964,inf
76,140,inf,inf,inf,909.9725270578227,inf
77,78,inf,inf,inf,846.8228858504002,inf
77,79,inf,inf,inf,748.1931568786232,inf
77,80,inf,inf,inf,266.8520189168521,inf
77,81,inf,inf,inf,600.5630691276313,inf
77,82,inf,inf,inf,323.76071410842917,inf
77,83,inf,inf,inf,1222.7853450217663,inf
77,84,inf,inf,inf,666.2019213421709,inf
77,85,inf,inf,inf,400.8952481634074,inf
77,86,inf,inf,inf,621.5030168872876,inf
77,87,inf,inf,inf,1115.901429338631,inf
77,88,inf,inf,inf,742.4082434887156,inf
77,89,inf,inf,inf,702.6414448351306,inf
77,90,inf,inf,inf,873.257121356591,inf
77,91,inf,inf,inf,783.8226840300043,inf
77,92,inf,inf,inf,435.4595273960601,inf
77,93,inf,inf,inf,990.7249870675514,inf
77,94,inf,inf,inf,538.8728978154311,inf
77,95,inf,inf,inf,932.534181679149,inf
77,96,inf,inf,inf,905.9939293394851,inf
77,97,inf,inf,inf,549.3132075601314,inf
77,98,inf,inf,inf,451.45210155674323,inf
77,99,inf,inf,inf,1432.4922338358417,inf
77,100,inf,inf,inf,1323.9471288537168,inf
77,101,inf,inf,inf,1180.646009606605,inf
77,102,inf,inf,inf,655.3365547564091,inf
77,103,inf,inf,inf,515.842030082854,inf
77,104,inf,inf,inf,827.0217651307612,inf
77,105,inf,inf,inf,1251.3065172051172,inf
77,106,inf,inf,inf,677.0716357963904,inf
77,107,inf,inf,inf,1220.177446111835,inf
77,108,inf,inf,inf,692.0238435198602,inf
77,109,inf,inf,inf,1316.8788858509351,inf
77,110,inf,inf,inf,637.3233088472443,inf
77,111,inf,inf,inf,729.4251161017147,inf
77,112,inf,inf,inf,992.6051581570589,inf
77,113,inf,inf,inf,376.0053191113126,inf
77,114,inf,inf,inf,980.7191239085736,inf
77,115,inf,inf,inf,1416.271513517094,inf
77,116,inf,inf,inf,1281.727350102197,inf
77,117,inf,inf,inf,782.5298716343038,inf
77,118,inf,inf,inf,1253.7100940807647,inf
77,119,inf,inf,inf,493.7337339092803,inf
77,120,inf,inf,inf,987.611765827038,inf
77,121,inf,inf,inf,714.2170538428777,inf
77,122,inf,inf,inf,1005.099497562306,inf
77,123,inf,inf,inf,894.0945140196309,inf
77,124,inf,inf,inf,544.273828141681,inf
77,125,inf,inf,inf,1284.4084241393,inf
77,126,inf,inf,inf,785.1241939973573,inf
77,127,inf,inf,inf,1183.8597889953016,inf
77,128,inf,inf,inf,1289.4781890361699,inf
77,129,inf,inf,inf,207.5475849052453,inf
77,130,inf,inf,inf,1361.2031442808234,inf
77,131,inf,inf,inf,929.0774994584682,inf
77,132,inf,inf,inf,352.8469923352047,inf
77,133,inf,inf,inf,625.4318508039065,inf
77,134,inf,inf,inf,692.2087835328298,inf
77,135,inf,inf,inf,290.1103238424996,inf
77,136,inf,inf,inf,742.4082434887156,inf
77,137,inf,inf,inf,548.7531321095124,inf
77,138,inf,inf,inf,1431.1953046317612,inf
77,139,inf,inf,inf,1324.5923901336591,inf
77,140,inf,inf,inf,609.1863425914931,inf
78,79,inf,inf,inf,701.3871969176512,inf
78,80,inf,inf,inf,911.0,inf
78,81,inf,inf,inf,344.4256088039912,inf
78,82,inf,inf,inf,902.2726860544988,inf
78,83,inf,inf,inf,378.85749299703707,inf
78,84,inf,inf,inf,180.95303258028034,inf
78,85,inf,inf,inf,659.0614538872684,inf
78,86,inf,inf,inf,914.9322379280337,inf
78,87,inf,inf,inf,546.5757038142109,inf
78,88,inf,inf,inf,677.8325751983302,inf
78,89,inf,inf,inf,615.871739893949,inf
78,90,inf,inf,inf,73.81734213584231,inf
78,91,inf,inf,inf,94.89467845985885,inf
78,92,inf,inf,inf,576.1892050359847,inf
78,93,inf,inf,inf,309.16176995223714,inf
78,94,inf,inf,inf,594.2432162002357,inf
78,95,inf,inf,inf,409.5180093719933,inf
78,96,inf,inf,inf,62.80127387243033,inf
78,97,inf,inf,inf,339.70575502926056,inf
78,98,inf,inf,inf,779.5755255265522,inf
78,99,inf,inf,inf,633.0347541802108,inf
78,100,inf,inf,inf,531.8655845230071,inf
78,101,inf,inf,inf,858.34491901566,inf
78,102,inf,inf,inf,309.594896598765,inf
78,103,inf,inf,inf,699.5784444935392,inf
78,104,inf,inf,inf,296.00675667964066,inf
78,105,inf,inf,inf,440.55533137166776,inf
78,106,inf,inf,inf,366.93459907727424,inf
78,107,inf,inf,inf,527.1375532059919,inf
78,108,inf,inf,inf,693.1233656427981,inf
78,109,inf,inf,inf,709.5160322360588,inf
78,110,inf,inf,inf,253.17977802344325,inf
78,111,inf,inf,inf,180.7097119692243,inf
78,112,inf,inf,inf,928.3296828174783,inf
78,113,inf,inf,inf,822.1830696383865,inf
78,114,inf,inf,inf,594.4552127788938,inf
78,115,inf,inf,inf,710.1380147548784,inf
78,116,inf,inf,inf,466.86400589465023,inf
78,117,inf,inf,inf,540.2591970526739,inf
78,118,inf,inf,inf,641.0117003612337,inf
78,119,inf,inf,inf,356.62865841095834,inf
78,120,inf,inf,inf,914.5600034989503,inf
78,121,inf,inf,inf,632.6618370029917,inf
78,122,inf,inf,inf,928.6420192948411,inf
78,123,inf,inf,inf,554.2851251837812,inf
78,124,inf,inf,inf,543.6221113972463,inf
78,125,inf,inf,inf,827.8212367413631,inf
78,126,inf,inf,inf,547.1791297189615,inf
78,127,inf,inf,inf,498.169649818212,inf
78,128,inf,inf,inf,822.2000972999213,inf
78,129,inf,inf,inf,922.7356067693497,inf
78,130,inf,inf,inf,774.1014145446319,inf
78,131,inf,inf,inf,406.0369441319349,inf
78,132,inf,inf,inf,811.9421161634615,inf
78,133,inf,inf,inf,527.7878361614637,inf
78,134,inf,inf,inf,939.1240599622608,inf
78,135,inf,inf,inf,803.1519158913835,inf
78,136,inf,inf,inf,113.22985472038724,inf
78,137,inf,inf,inf,958.557770820309,inf
78,138,inf,inf,inf,608.7799273957709,inf
78,139,inf,inf,inf,484.86905448791015,inf
78,140,inf,inf,inf,290.66303514551004,inf
79,80,inf,inf,inf,584.4903763108508,inf
79,81,inf,inf,inf,793.922540302264,inf
79,82,inf,inf,inf,529.1880573104423,inf
79,83,inf,inf,inf,925.6181718181639,inf
79,84,inf,inf,inf,630.529935847617,inf
79,85,inf,inf,inf,913.4604534406511,inf
79,86,inf,inf,inf,306.5697310564107,inf
79,87,inf,inf,inf,1231.4921843032541,inf
79,88,1.0,25.3848,25.384776310850242,23.600847442411894,1.075587492050499
79,89,inf,inf,inf,89.05054744357274,inf
79,90,inf,inf,inf,773.0853769151245,inf
79,91,inf,inf,inf,608.4743215617237,inf
79,92,inf,inf,inf,338.07987221956887,inf
79,93,inf,inf,inf,565.8489197656916,inf
79,94,inf,inf,inf,225.31977276750482,inf
79,95,inf,inf,inf,414.5129672278058,inf
79,96,inf,inf,inf,717.9749299244369,inf
79,97,inf,inf,inf,461.579895576053,inf
79,98,inf,inf,inf,1037.301306275086,inf
79,99,inf,inf,inf,975.032819960436,inf
79,100,inf,inf,inf,878.9567679926016,inf
79,101,inf,inf,inf,440.5859734489967,inf
79,102,inf,inf,inf,813.7647080084022,inf
79,103,inf,inf,inf,1027.3860034086506,inf
79,104,inf,inf,inf,432.9110763193753,inf
79,105,inf,inf,inf,856.703566001683,inf
79,106,inf,inf,inf,338.82886535831034,inf
79,107,inf,inf,inf,1228.5153641692887,inf
79,108,inf,inf,inf,1136.1637205966401,inf
79,109,inf,inf,inf,688.7561251996239,inf
79,110,inf,inf,inf,728.3323417231999,inf
79,111,inf,inf,inf,526.1558704414501,inf
79,112,inf,inf,inf,274.2334771686345,inf
79,113,inf,inf,inf,422.0390977148918,inf
79,114,inf,inf,inf,1220.8017857129796,inf
79,115,inf,inf,inf,847.9245249431107,inf
79,116,inf,inf,inf,886.4366869664184,inf
79,117,inf,inf,inf,1084.5238586587204,inf
79,118,inf,inf,inf,645.3836068571931,inf
79,119,inf,inf,inf,626.2587324740471,inf
79,120,inf,inf,inf,264.4617174564213,inf
79,121,inf,inf,inf,70.60453243241541,inf
79,122,inf,inf,inf,282.3047998175022,inf
79,123,inf,inf,inf,255.32724100651697,inf
79,124,inf,inf,inf,929.6714473404031,inf
79,125,inf,inf,inf,576.1805272655438,inf
79,126,inf,inf,inf,1090.879003372968,inf
79,127,inf,inf,inf,660.8244850185259,inf
79,128,inf,inf,inf,585.1914216732846,inf
79,129,inf,inf,inf,646.0379245833792,inf
79,130,inf,inf,inf,710.1753304642452,inf
79,131,inf,inf,inf,414.1328289329403,inf
79,132,inf,inf,inf,989.5504029608597,inf
79,133,inf,inf,inf,976.5121607025691,inf
79,134,inf,inf,inf,289.0432493589843,inf
79,135,inf,inf,inf,485.1236955663988,inf
79,136,inf,inf,inf,687.0232892704585,inf
79,137,inf,inf,inf,406.9262832504187,inf
79,138,inf,inf,inf,1018.6191633775599,inf
79,139,inf,inf,inf,984.3221017532828,inf
79,140,inf,inf,inf,739.7141339733884,inf
80,81,inf,inf,inf,752.2831913581481,inf
80,82,1.0,69.3848,69.38477631085023,64.93843238021688,1.0684701457620633
80,83,inf,inf,inf,1263.5576757710746,inf
80,84,inf,inf,inf,743.5892683464441,inf
80,85,inf,inf,inf,637.2762352386915,inf
80,86,inf,inf,inf,381.6438129984554,inf
80,87,inf,inf,inf,1283.0097427533433,inf
80,88,inf,inf,inf,586.3104979445618,inf
80,89,inf,inf,inf,567.3667244384359,inf
80,90,inf,inf,inf,955.8849303132673,inf
80,91,inf,inf,inf,829.2767933567176,inf
80,92,inf,inf,inf,363.98488979626615,inf
80,93,inf,inf,inf,971.4535500990256,inf
80,94,inf,inf,inf,425.37747942268874,inf
80,95,inf,inf,inf,874.305438619708,inf
80,96,inf,inf,inf,961.7510072778713,inf
80,97,inf,inf,inf,574.0078396677175,inf
80,98,inf,inf,inf,709.2058939405397,inf
80,99,inf,inf,inf,1423.681144076861,inf
80,100,inf,inf,inf,1316.1618441513947,inf
80,101,inf,inf,inf,1024.3187980311598,inf
80,102,inf,inf,inf,802.0972509615028,inf
80,103,inf,inf,inf,760.1164384487419,inf
80,104,inf,inf,inf,800.3730380266442,inf
80,105,inf,inf,inf,1259.0416990711626,inf
80,106,inf,inf,inf,639.4153579638199,inf
80,107,inf,inf,inf,1359.907717457328,inf
80,108,inf,inf,inf,928.509019880798,inf
80,109,inf,inf,inf,1233.288287465668,inf
80,110,inf,inf,inf,757.198124667514,inf
80,111,inf,inf,inf,755.6831346536721,inf
80,112,inf,inf,inf,789.9525302193797,inf
80,113,inf,inf,inf,162.60996279441184,inf
80,114,inf,inf,inf,1177.0896312515883,inf
80,115,inf,inf,inf,1362.097279932678,inf
80,116,inf,inf,inf,1290.5584062722617,inf
80,117,inf,inf,inf,986.1019217099214,inf
80,118,inf,inf,inf,1177.5300420796066,inf
80,119,inf,inf,inf,599.5740154476343,inf
80,120,inf,inf,inf,787.7264753707343,inf
80,121,inf,inf,inf,572.967712877436,inf
80,122,inf,inf,inf,804.0329595234265,inf
80,123,inf,inf,inf,787.2134399259199,inf
80,124,inf,inf,inf,754.8085850068214,inf
80,125,inf,inf,inf,1156.1371025964006,inf
80,126,inf,inf,inf,989.9100969279988,inf
80,127,inf,inf,inf,1140.3411770167734,inf
80,128,inf,inf,inf,1163.9192411847139,inf
80,129,inf,inf,inf,71.56814934033156,inf
80,130,inf,inf,inf,1267.2363631146322,inf
80,131,inf,inf,inf,871.6358184471311,inf
80,132,inf,inf,inf,616.0949602131152,inf
80,133,inf,inf,inf,832.5052552386682,inf
80,134,inf,inf,inf,452.8586976088678,inf
80,135,inf,inf,inf,117.17508267545622,inf
80,136,inf,inf,inf,824.9751511409298,inf
80,137,inf,inf,inf,292.0068492347397,inf
80,138,inf,inf,inf,1439.253278613601,inf
80,139,inf,inf,inf,1354.889294370577,inf
80,140,inf,inf,inf,739.1630402015512,inf
81,82,inf,inf,inf,767.8990819111584,inf
81,83,inf,inf,inf,703.420215802759,inf
81,84,inf,inf,inf,214.75800334329801,inf
81,85,inf,inf,inf,321.65975812961125,inf
81,86,inf,inf,inf,899.5743437871047,inf
81,87,inf,inf,inf,530.7278021735813,inf
81,88,inf,inf,inf,773.4093353457793,inf
81,89,inf,inf,inf,706.5613915294268,inf
81,90,inf,inf,inf,330.7234494256493,inf
81,91,inf,inf,inf,343.35113222472415,inf
81,92,inf,inf,inf,524.4244464172127,inf
81,93,inf,inf,inf,622.1928961343098,inf
81,94,inf,inf,inf,602.9958540487654,inf
81,95,inf,inf,inf,667.0592177610621,inf
81,96,inf,inf,inf,405.3652673823943,inf
81,97,inf,inf,inf,332.6153935102824,inf
81,98,inf,inf,inf,436.3542139134215,inf
81,99,inf,inf,inf,976.201823395142,inf
81,100,inf,inf,inf,876.1415410765546,inf
81,101,inf,inf,inf,1085.5252185002428,inf
81,102,1.0,59.3137,59.31370849898475,55.226805085936306,1.0740021699008113
81,103,inf,inf,inf,355.5629339512205,inf
81,104,inf,inf,inf,530.182044207459,inf
81,105,inf,inf,inf,783.6249102727656,inf
81,106,inf,inf,inf,486.3681733008442,inf
81,107,inf,inf,inf,620.1072487884657,inf
81,108,inf,inf,inf,376.7240369288904,inf
81,109,inf,inf,inf,1024.0087890247817,inf
81,110,inf,inf,inf,97.14422267947796,inf
81,111,inf,inf,inf,360.4843963336,inf
81,112,inf,inf,inf,1061.8027123717475,inf
81,113,inf,inf,inf,723.8839686027036,inf
81,114,inf,inf,inf,446.9474242011022,inf
81,115,inf,inf,inf,1047.8287073753993,inf
81,116,inf,inf,inf,808.8491824808875,inf
81,117,inf,inf,inf,290.69743720920553,inf
81,118,inf,inf,inf,954.1388787802329,inf
81,119,inf,inf,inf,177.80044994318772,inf
81,120,inf,inf,inf,1050.10523282193,inf
81,121,inf,inf,inf,725.3371629800861,inf
81,122,inf,inf,inf,1067.0074976306398,inf
81,123,inf,inf,inf,752.646663448394,inf
81,124,inf,inf,inf,200.8830505542964,inf
81,125,inf,inf,inf,1100.7129507732704,inf
81,126,inf,inf,inf,296.99831649354513,inf
81,127,inf,inf,inf,825.6875922526631,inf
81,128,inf,inf,inf,1098.3669696417496,inf
81,129,inf,inf,inf,738.176130743876,inf
81,130,inf,inf,inf,1085.3248361665737,inf
81,131,inf,inf,inf,662.9668166658117,inf
81,132,inf,inf,inf,478.43181332348706,inf
81,133,inf,inf,inf,203.79646709401024,inf
81,134,inf,inf,inf,946.6852697702653,inf
81,135,inf,inf,inf,671.0588647801324,inf
81,136,inf,inf,inf,236.32604596192948,inf
81,137,inf,inf,inf,901.9057600436977,inf
81,138,inf,inf,inf,946.4903591690726,inf
81,139,inf,inf,inf,812.889291355225,inf
81,140,inf,inf,inf,64.4980619863884,inf
82,83,inf,inf,inf,1245.9394046260838,inf
82,84,inf,inf,inf,740.7941684435698,inf
82,85,inf,inf,inf,677.9867255337674,inf
82,86,inf,inf,inf,316.7412192942371,inf
82,87,inf,inf,inf,1297.6197439928233,inf
82,88,inf,inf,inf,532.4894365149415,inf
82,89,inf,inf,inf,518.2065225371059,inf
82,90,inf,inf,inf,951.1177634762164,inf
82,91,inf,inf,inf,817.1982623574281,inf
82,92,inf,inf,inf,338.5646171707847,inf
82,93,inf,inf,inf,942.4038412485382,inf
82,94,inf,inf,inf,385.2544613628764,inf
82,95,inf,inf,inf,837.6210360300175,inf
82,96,inf,inf,inf,950.3557228743351,inf
82,97,inf,inf,inf,562.8001421463929,inf
82,98,inf,inf,inf,757.3440433515009,inf
82,99,inf,inf,inf,1393.8454003224317,inf
82,100,inf,inf,inf,1287.0994522568953,inf
82,101,inf,inf,inf,967.4564589685677,inf
82,102,inf,inf,inf,815.6279789217631,inf
82,103,inf,inf,inf,802.3328486357766,inf
82,104,inf,inf,inf,771.7538467672189,inf
82,105,inf,inf,inf,1233.8010374448547,inf
82,106,inf,inf,inf,611.2487218800543,inf
82,107,inf,inf,inf,1366.5467427058616,inf
82,108,inf,inf,inf,966.7781544904705,inf
82,109,inf,inf,inf,1188.7190584827013,inf
82,110,inf,inf,inf,764.6515546312581,inf
82,111,inf,inf,inf,740.2702209328698,inf
82,112,inf,inf,inf,727.2771136231361,inf
82,113,inf,inf,inf,109.40292500660117,inf
82,114,inf,inf,inf,1200.8434535775261,inf
82,115,inf,inf,inf,1322.8726318130555,inf
82,116,inf,inf,inf,1265.3734626583569,inf
82,117,inf,inf,inf,1013.2758755640045,inf
82,118,inf,inf,inf,1134.7175860098405,inf
82,119,inf,inf,inf,607.289058027559,inf
82,120,inf,inf,inf,725.3826576366436,inf
82,121,inf,inf,inf,522.4222430180399,inf
82,122,inf,inf,inf,741.5065744819799,inf
82,123,inf,inf,inf,741.0802925459562,inf
82,124,inf,inf,inf,786.2703097535859,inf
82,125,inf,inf,inf,1103.525260245546,inf
82,126,inf,inf,inf,1017.4227243383156,inf
82,127,inf,inf,inf,1104.556472073746,inf
82,128,inf,inf,inf,1111.7576174688438,inf
82,129,inf,inf,inf,136.4734406395618,inf
82,130,inf,inf,inf,1220.5019459222506,inf
82,131,inf,inf,inf,835.1538780368561,inf
82,132,inf,inf,inf,667.7439629079397,inf
82,133,inf,inf,inf,862.0812026717668,inf
82,134,inf,inf,inf,387.9304061297593,inf
82,135,inf,inf,inf,100.22474744293447,inf
82,136,inf,inf,inf,821.9957420814295,inf
82,137,inf,inf,inf,228.3703133071372,inf
82,138,inf,inf,inf,1413.1004918263952,inf
82,139,inf,inf,inf,1334.2630924971281,inf
82,140,inf,inf,inf,749.4884922398742,inf
83,84,inf,inf,inf,559.2575435342826,inf
83,85,inf,inf,inf,1024.8634055326593,inf
83,86,inf,inf,inf,1195.7633545145964,inf
83,87,inf,inf,inf,632.6642079334028,inf
83,88,inf,inf,inf,903.2441530394758,inf
83,89,inf,inf,inf,856.1757997047101,inf
83,90,inf,inf,inf,373.001340480165,inf
83,91,inf,inf,inf,440.8106169320335,inf
83,92,inf,inf,inf,908.3771243266752,inf
83,93,inf,inf,inf,362.6844358392017,inf
83,94,inf,inf,inf,894.1521123388346,inf
83,95,inf,inf,inf,521.5131829589737,inf
83,96,inf,inf,inf,317.63028822831114,inf
83,97,inf,inf,inf,692.1278783577498,inf
83,98,inf,inf,inf,1137.3324052360417,inf
83,99,inf,inf,inf,309.9193443462347,inf
83,100,inf,inf,inf,246.0081299469593,inf
83,101,inf,inf,inf,900.2694041230103,inf
83,102,inf,inf,inf,657.8525670695525,inf
83,103,inf,inf,inf,1047.2941325148347,inf
83,104,inf,inf,inf,502.31165624540307,inf
83,105,inf,inf,inf,155.7562197795003,inf
83,106,inf,inf,inf,648.297771089798,inf
83,107,inf,inf,inf,502.22405358564816,inf
83,108,inf,inf,inf,1001.7310018163558,inf
83,109,inf,inf,inf,589.6117366538763,inf
83,110,inf,inf,inf,622.3736819628542,inf
83,111,inf,inf,inf,508.17811837976654,inf
83,112,inf,inf,inf,1082.3275844216482,inf
83,113,inf,inf,inf,1154.5007579036057,inf
83,114,inf,inf,inf,781.9015283269371,inf
83,115,inf,inf,inf,490.20913904169515,inf
83,116,inf,inf,inf,158.02847844613325,inf
83,117,inf,inf,inf,815.8339291792172,inf
83,118,inf,inf,inf,540.7152670306249,inf
83,119,inf,inf,inf,735.3291779876547,inf
83,120,inf,inf,inf,1067.9218136174577,inf
83,121,inf,inf,inf,868.2914257321675,inf
83,122,inf,inf,inf,1077.2859416143885,inf
83,123,inf,inf,inf,699.8892769574342,inf
83,124,inf,inf,inf,891.2788564753457,inf
83,125,inf,inf,inf,792.3894244624925,inf
83,126,inf,inf,inf,821.8223652347264,inf
83,127,inf,inf,inf,388.329756778952,inf
83,128,inf,inf,inf,780.8008709011536,inf
83,129,inf,inf,inf,1283.5108102388542,inf
83,130,inf,inf,inf,652.7250569726889,inf
83,131,inf,inf,inf,520.6966487312934,inf
83,132,inf,inf,inf,1180.8475769547906,inf
83,133,inf,inf,inf,856.2832475296944,inf
83,134,inf,inf,inf,1202.5327438369402,inf
83,135,inf,inf,inf,1150.2764885017862,inf
83,136,inf,inf,inf,489.9489769353539,inf
83,137,inf,inf,inf,1261.6124603062542,inf
83,138,inf,inf,inf,253.55867171130237,inf
83,139,inf,inf,inf,109.71326264403953,inf
83,140,inf,inf,inf,659.0295896240168,inf
84,85,inf,inf,inf,499.80196078046754,inf
84,86,inf,inf,inf,795.1861417303498,inf
84,87,inf,inf,inf,608.3921432760288,inf
84,88,inf,inf,inf,608.1159428924718,inf
84,89,inf,inf,inf,541.4886887091918,inf
84,90,inf,inf,inf,213.00938946440834,inf
84,91,inf,inf,inf,138.68309197591464,inf
84,92,inf,inf,inf,432.03009154455896,inf
84,93,inf,inf,inf,412.3602793674483,inf
84,94,inf,inf,inf,476.20268793865495,inf
84,95,inf,inf,inf,452.9514322750288,inf
84,96,inf,inf,inf,241.66091947189145,inf
84,97,inf,inf,inf,193.49418595916518,inf
84,98,inf,inf,inf,627.1156193239011,inf
84,99,inf,inf,inf,799.2803012710873,inf
84,100,inf,inf,inf,694.2197058568706,inf
84,101,inf,inf,inf,879.4202635827764,inf
84,102,inf,inf,inf,206.54539452623968,inf
84,103,inf,inf,inf,559.6588246422994,inf
84,104,inf,inf,inf,316.51224304914336,inf
84,105,inf,inf,inf,608.7799273957709,inf
84,106,inf,inf,inf,298.2968320314515,inf
84,107,inf,inf,inf,638.3243689535909,inf
84,108,inf,inf,inf,590.9077762223137,inf
84,109,inf,inf,inf,811.3106679934635,inf
84,110,inf,inf,inf,120.14990636700472,inf
84,111,inf,inf,inf,146.34206503941374,inf
84,112,inf,inf,inf,885.765205909557,inf
84,113,inf,inf,inf,669.8096744598423,inf
84,114,inf,inf,inf,592.8279683010916,inf
84,115,inf,inf,inf,845.5057657993824,inf
84,116,inf,inf,inf,637.0007849288728,inf
84,117,inf,inf,inf,480.13331481995704,inf
84,118,inf,inf,inf,741.4202586927336,inf
84,119,inf,inf,inf,176.20442673213407,inf
84,120,inf,inf,inf,873.0933512517433,inf
84,121,inf,inf,inf,559.9651774887435,inf
84,122,inf,inf,inf,889.0894218243742,inf
84,123,inf,inf,inf,549.945451840453,inf
84,124,inf,inf,inf,410.81504354149445,inf
84,125,inf,inf,inf,886.9272799953782,inf
84,126,inf,inf,inf,487.01642682767897,inf
84,127,inf,inf,inf,618.2952369216506,inf
84,128,inf,inf,inf,884.290110766823,inf
84,129,inf,inf,inf,750.0539980561399,inf
84,130,inf,inf,inf,871.8881809039506,inf
84,131,inf,inf,inf,448.8763749630849,inf
84,132,inf,inf,inf,646.7967223169888,inf
84,133,inf,inf,inf,418.04305998305966,inf
84,134,inf,inf,inf,829.8783043314243,inf
84,135,inf,inf,inf,640.6629379010463,inf
84,136,inf,inf,inf,81.39410298049853,inf
84,137,inf,inf,inf,823.0218709123105,inf
84,138,inf,inf,inf,782.7036476214992,inf
84,139,inf,inf,inf,664.115953730973,inf
84,140,inf,inf,inf,150.44268011438774,inf
85,86,inf,inf,inf,910.8902239018706,inf
85,87,inf,inf,inf,755.0238406831933,inf
85,88,inf,inf,inf,898.2833628649704,inf
85,89,inf,inf,inf,838.1527307120105,inf
85,90,inf,inf,inf,651.9179396212379,inf
85,91,inf,inf,inf,638.4301058064226,inf
85,92,inf,inf,inf,581.6459404139257,inf
85,93,inf,inf,inf,907.8882089772948,inf
85,94,inf,inf,inf,690.5338514511798,inf
85,95,inf,inf,inf,916.5964215509463,inf
85,96,inf,inf,inf,721.4166618536059,inf
85,97,inf,inf,inf,512.556338366818,inf
85,98,inf,inf,inf,132.81566172707193,inf
85,99,inf,inf,inf,1291.907504429013,inf
85,100,inf,inf,inf,1189.3784090860233,inf
85,101,inf,inf,inf,1284.6828402372314,inf
85,102,inf,inf,inf,370.2769233965303,inf
85,103,inf,inf,inf,125.53883861180172,inf
85,104,inf,inf,inf,782.9342245680667,inf
85,105,inf,inf,inf,1099.5530910328978,inf
85,106,inf,inf,inf,685.4057192641451,inf
85,107,inf,inf,inf,886.9949267047698,inf
85,108,inf,inf,inf,292.5645227979633,inf
85,109,inf,inf,inf,1296.9367756371164,inf
85,110,inf,inf,inf,406.0369441319349,inf
85,111,inf,inf,inf,627.4918326161704,inf
85,112,inf,inf,inf,1186.585858671845,inf
85,113,inf,inf,inf,681.4550608807598,inf
85,114,inf,inf,inf,594.8554446249946,inf
85,115,inf,inf,inf,1344.38461758531,inf
85,116,inf,inf,inf,1125.8880939063172,inf
85,117,inf,inf,inf,395.790348543266,inf
85,118,inf,inf,inf,1227.6033561374782,inf
85,119,inf,inf,inf,351.411439768258,inf
85,120,inf,inf,inf,1177.51348187611,inf
85,121,inf,inf,inf,855.3367757789911,inf
85,122,inf,inf,inf,1195.4455236438002,inf
85,123,inf,inf,inf,955.4778909006739,inf
85,124,inf,inf,inf,166.3640586184408,inf
85,125,inf,inf,inf,1336.1205035474907,inf
85,126,inf,inf,inf,397.1410328837855,inf
85,127,inf,inf,inf,1114.8026731220193,inf
85,128,inf,inf,inf,1336.5571443077172,inf
85,129,inf,inf,inf,594.7276687694965,inf
85,130,inf,inf,inf,1353.9073084964125,inf
85,131,inf,inf,inf,912.5130136058334,inf
85,132,inf,inf,inf,157.54364474646383,inf
85,133,inf,inf,inf,243.46252278328177,inf
85,134,inf,inf,inf,973.4330999097987,inf
85,135,inf,inf,inf,602.9734654194992,inf
85,136,inf,inf,inf,546.6305882403582,inf
85,137,inf,inf,inf,873.1397368119264,inf
85,138,inf,inf,inf,1266.0351495910372,inf
85,139,inf,inf,inf,1134.2133838039472,inf
85,140,inf,inf,inf,368.5986977730659,inf
86,87,inf,inf,inf,1399.800700099839,inf
86,88,inf,inf,inf,322.02484376209236,inf
86,89,inf,inf,inf,348.01293079424505,inf
86,90,inf,inf,inf,979.4079844477479,inf
86,91,inf,inf,inf,820.4194049387179,inf
86,92,inf,inf,inf,375.5276288104512,inf
86,93,inf,inf,inf,847.4963126763444,inf
86,94,inf,inf,inf,321.5991293520553,inf
86,95,inf,inf,inf,707.1591051524402,inf
86,96,inf,inf,inf,946.6366779287606,inf
86,97,inf,inf,inf,602.1702417091034,inf
86,98,inf,inf,inf,1013.5112234208361,inf
86,99,inf,inf,inf,1274.770567592459,inf
86,100,inf,inf,inf,1175.5211610175293,inf
86,101,inf,inf,inf,702.6357520081084,inf
86,102,inf,inf,inf,935.1812658517064,inf
86,103,inf,inf,inf,1035.5834104503606,inf
86,104,inf,inf,inf,693.461606723833,inf
86,105,inf,inf,inf,1144.521734175459,inf
86,106,inf,inf,inf,556.5968020030299,inf
86,107,inf,inf,inf,1430.1206242831406,inf
86,108,inf,inf,inf,1179.5783144836123,inf
86,109,inf,inf,inf,993.6941179256321,inf
86,110,inf,inf,inf,862.2163301631441,inf
86,111,inf,inf,inf,734.6597852067309,inf
86,112,inf,inf,inf,426.28277000132204,inf
86,113,inf,inf,inf,246.07722365143832,inf
86,114,inf,inf,inf,1346.35805044572,inf
86,115,inf,inf,inf,1154.4769378380843,inf
86,116,inf,inf,inf,1175.1957283788943,inf
86,117,inf,inf,inf,1179.607137991289,inf
86,118,inf,inf,inf,951.7715061925314,inf
86,119,inf,inf,inf,721.9729911845733,inf
86,120,inf,inf,inf,427.0421524861451,inf
86,121,inf,inf,inf,340.58772731852804,inf
86,122,inf,inf,inf,441.42609800509075,inf
86,123,inf,inf,inf,560.3614904684297,inf
86,124,inf,inf,inf,979.7326165847496,inf
86,125,inf,inf,inf,862.480724422291,inf
86,126,inf,inf,inf,1185.0037974622696,inf
86,127,inf,inf,inf,963.1874168613292,inf
86,128,inf,inf,inf,873.2926199161424,inf
86,129,inf,inf,inf,453.0452516029718,inf
86,130,inf,inf,inf,1011.8596740655297,inf
86,131,inf,inf,inf,706.0856888508646,inf
86,132,inf,inf,inf,938.6144043216043,inf
86,133,inf,inf,inf,1044.4850405822,inf
86,134,inf,inf,inf,71.449282711585,inf
86,135,inf,inf,inf,332.6409475695979,inf
86,136,inf,inf,inf,868.1313264708284,inf
86,137,inf,inf,inf,113.17243480636087,inf
86,138,inf,inf,inf,1313.0034272613304,inf
86,139,inf,inf,inf,1265.4378688817558,inf
86,140,inf,inf,inf,860.5684168036845,inf
87,88,inf,inf,inf,1208.394803034174,inf
87,89,inf,inf,inf,1143.1434730601404,inf
87,90,inf,inf,inf,473.0010570812712,inf
87,91,inf,inf,inf,630.7598592174362,inf
87,92,inf,inf,inf,1028.202801007661,inf
87,93,inf,inf,inf,822.9532185975094,inf
87,94,inf,inf,inf,1083.7066023606205,inf
87,95,inf,inf,inf,949.9894736258923,inf
87,96,inf,inf,inf,556.5797337309364,inf
87,97,inf,inf,inf,798.6770310957991,inf
87,98,inf,inf,inf,805.9832504463104,inf
87,99,inf,inf,inf,937.5681308576993,inf
87,100,inf,inf,inf,877.7881293341806,inf
87,101,inf,inf,inf,1397.6240553167365,inf
87,102,inf,inf,inf,481.99792530673824,inf
87,103,inf,inf,inf,698.4876520025247,inf
87,104,inf,inf,inf,842.5775928660814,inf
87,105,inf,inf,inf,782.368199762746,inf
87,106,inf,inf,inf,892.8392912501107,inf
87,107,inf,inf,inf,180.42449944505873,inf
87,108,inf,inf,inf,560.0544616374375,inf
87,109,inf,inf,inf,1182.9294146313212,inf
87,110,inf,inf,inf,541.1330705103875,inf
87,111,inf,inf,inf,707.627726986443,inf
87,112,inf,inf,inf,1471.6891655509326,inf
87,113,inf,inf,inf,1247.5704388931313,inf
87,114,inf,inf,inf,208.84922791334424,inf
87,115,inf,inf,inf,1117.0017905088603,inf
87,116,inf,inf,inf,789.9170842563161,inf
87,117,inf,inf,inf,372.0819802140383,inf
87,118,inf,inf,inf,1121.7062895428553,inf
87,119,inf,inf,inf,693.8825549039261,inf
87,120,inf,inf,inf,1458.1512267251294,inf
87,121,inf,inf,inf,1161.1037851975163,inf
87,122,inf,inf,inf,1472.7433584980106,inf
87,123,inf,inf,inf,1100.851034427456,inf
87,124,inf,inf,inf,589.2452799980667,inf
87,125,inf,inf,inf,1344.412511099179,inf
87,126,inf,inf,inf,373.4059453195677,inf
87,127,inf,inf,inf,963.713650416969,inf
87,128,inf,inf,inf,1336.3809337161317,inf
87,129,inf,inf,inf,1267.4509852455833,inf
87,130,inf,inf,inf,1249.0772594199289,inf
87,131,inf,inf,inf,946.8225810572961,inf
87,132,inf,inf,inf,895.7393594121004,inf
87,133,inf,inf,inf,512.0790954530364,inf
87,134,inf,inf,inf,1437.3812994470186,inf
87,135,inf,inf,inf,1199.7899816217837,inf
87,136,inf,inf,inf,544.7366336129782,inf
87,137,inf,inf,inf,1417.3531669982608,inf
87,138,inf,inf,inf,866.0092378260176,inf
87,139,inf,inf,inf,717.5911091979889,inf
87,140,inf,inf,inf,550.236312869298,inf
88,89,inf,inf,inf,67.11929677819934,inf
88,90,inf,inf,inf,749.5732119012791,inf
88,91,inf,inf,inf,584.9752131500958,inf
88,92,inf,inf,inf,326.2590994899606,inf
88,93,inf,inf,inf,544.0312491024757,inf
88,94,inf,inf,inf,213.2650932525058,inf
88,95,inf,inf,inf,393.8146772277539,inf
88,96,inf,inf,inf,694.3810193258454,inf
88,97,inf,inf,inf,440.8684611082993,inf
88,98,inf,inf,inf,1023.0175951566033,inf
88,99,inf,inf,inf,956.2531045701237,inf
88,100,inf,inf,inf,859.4242258628739,inf
88,101,inf,inf,inf,441.7023884925233,inf
88,102,inf,inf,inf,792.5351727210598,inf
88,103,inf,inf,inf,1011.2215385364376,inf
88,104,inf,inf,inf,409.6498504820916,inf
88,105,inf,inf,inf,835.8050011814956,inf
88,106,inf,inf,inf,315.6263613832026,inf
88,107,inf,inf,inf,1204.9551858886703,inf
88,108,inf,inf,inf,1117.8483797009324,inf
88,109,inf,inf,inf,676.4909459852364,inf
88,110,inf,inf,inf,706.8047821004043,inf
88,111,inf,inf,inf,502.7772866787043,inf
88,112,inf,inf,inf,291.79616172938256,inf
88,113,inf,inf,inf,424.3795471037689,inf
88,114,inf,inf,inf,1198.8744721612852,inf
88,115,inf,inf,inf,832.9591826734369,inf
88,116,inf,inf,inf,865.6725708950238,inf
88,117,inf,inf,inf,1063.8933217198048,inf
88,118,inf,inf,inf,631.5069279113254,inf
88,119,inf,inf,inf,606.8418245309069,inf
88,120,inf,inf,inf,281.42672225643395,inf
88,121,inf,inf,inf,48.373546489791295,inf
88,122,inf,inf,inf,299.1003176193566,inf
88,123,inf,inf,inf,238.37994882120435,inf
88,124,inf,inf,inf,911.4779207419124,inf
88,125,inf,inf,inf,571.1716029355802,inf
88,126,inf,inf,inf,1070.2794027729394,inf
88,127,inf,inf,inf,642.7207791879767,inf
88,128,inf,inf,inf,579.672321229848,inf
88,129,inf,inf,inf,646.4131805586889,inf
88,130,inf,inf,inf,699.7713912414539,inf
88,131,inf,inf,inf,393.32048001597883,inf
88,132,inf,inf,inf,977.1535191565346,inf
88,133,inf,inf,inf,957.300893136531,inf
88,134,inf,inf,inf,308.13146544940844,inf
88,135,inf,inf,inf,484.2912346925143,inf
88,136,inf,inf,inf,664.0301197987935,inf
88,137,inf,inf,inf,419.49016675006817,inf
88,138,inf,inf,inf,998.7442114976186,inf
88,139,inf,inf,inf,962.7902159868472,inf
88,140,inf,inf,inf,718.689084375156,inf
89,90,inf,inf,inf,686.9272159406701,inf
89,91,inf,inf,inf,522.2805759359618,inf
89,92,inf,inf,inf,275.2816739269071,inf
89,93,inf,inf,inf,501.6303419850119,inf
89,94,inf,inf,inf,164.53874923555242,inf
89,95,inf,inf,inf,359.2005011132362,inf
89,96,inf,inf,inf,635.0511790399258,inf
89,97,inf,inf,inf,373.9652390263031,inf
89,98,inf,inf,inf,964.3505586662975,inf
89,99,inf,inf,inf,927.5435299758174,inf
89,100,inf,inf,inf,827.6188736368933,inf
89,101,inf,inf,inf,478.22379698212427,inf
89,102,inf,inf,inf,725.4302171815012,inf
89,103,inf,inf,inf,949.3766375891078,inf
89,104,inf,inf,inf,356.8669219751251,inf
89,105,inf,inf,inf,797.4139452003583,inf
89,106,inf,inf,inf,251.10356429170812,inf
89,107,inf,inf,inf,1142.88232115122,inf
89,108,inf,inf,inf,1052.9510909819126,inf
89,109,inf,inf,inf,673.5911222692888,inf
89,110,inf,inf,inf,639.6889869303676,inf
89,111,inf,inf,inf,439.0649154737828,inf
89,112,inf,inf,inf,357.0014005574768,inf
89,113,inf,inf,inf,408.814138698749,inf
89,114,inf,inf,inf,1131.867925157348,inf
89,115,inf,inf,inf,819.7914368911156,inf
89,116,inf,inf,inf,827.8961287504611,inf
89,117,inf,inf,inf,996.968404715014,inf
89,118,inf,inf,inf,623.3538321050092,inf
89,119,inf,inf,inf,540.8974024711156,inf
89,120,inf,inf,inf,346.1126984090587,inf
89,121,1.0,20.8995,20.899494936611667,18.788294228055936,1.1123678756000714
89,122,inf,inf,inf,363.5629244023653,inf
89,123,inf,inf,inf,225.85393509965684,inf
89,124,inf,inf,inf,846.7898204395233,inf
89,125,inf,inf,inf,591.0549889815668,inf
89,126,inf,inf,inf,1003.3688255073505,inf
89,127,inf,inf,inf,618.1561291453802,inf
89,128,inf,inf,inf,598.0777541423857,inf
89,129,inf,inf,inf,623.0513622487315,inf
89,130,inf,inf,inf,702.8065167597694,inf
89,131,inf,inf,inf,358.0893743187586,inf
89,132,inf,inf,inf,922.1062845464182,inf
89,133,inf,inf,inf,891.453868688672,inf
89,134,inf,inf,inf,346.7333269243094,inf
89,135,inf,inf,inf,459.10891953870816,inf
89,136,inf,inf,inf,598.5089807179171,inf
89,137,inf,inf,inf,434.3972836010833,inf
89,138,inf,inf,inf,965.0,inf
89,139,inf,inf,inf,920.7062506576134,inf
89,140,inf,inf,inf,651.6294959560993,inf
90,91,inf,inf,inf,164.6572197020222,inf
90,92,inf,inf,inf,632.1336883919413,inf
90,93,inf,inf,inf,370.4726710568541,inf
90,94,inf,inf,inf,657.9316073878804,inf
90,95,inf,inf,inf,480.46019606206715,inf
90,96,inf,inf,inf,98.2496819333274,inf
90,97,inf,inf,inf,392.4245150344203,inf
90,98,inf,inf,inf,766.0711455210933,inf
90,99,inf,inf,inf,650.8148738312609,inf
90,100,inf,inf,inf,555.1306152609492,inf
90,101,inf,inf,inf,929.4240151835975,inf
90,102,inf,inf,inf,287.17242207426534,inf
90,103,inf,inf,inf,679.3975272254087,inf
90,104,inf,inf,inf,369.62278068322576,inf
90,105,inf,inf,inf,459.1840589567543,inf
90,106,inf,inf,inf,436.8065933568311,inf
90,107,inf,inf,inf,456.2028057783073,inf
90,108,inf,inf,inf,655.1831804922956,inf
90,109,inf,inf,inf,764.3585546064098,inf
90,110,inf,inf,inf,250.68905041904003,inf
90,111,inf,inf,inf,248.8875247978492,inf
90,112,inf,inf,inf,1002.0184629037531,inf
90,113,inf,inf,inf,875.6403371247809,inf
90,114,inf,inf,inf,528.3937925449162,inf
90,115,inf,inf,inf,750.4325419383144,inf
90,116,inf,inf,inf,482.4696881670392,inf
90,117,inf,inf,inf,490.2050591334202,inf
90,118,inf,inf,inf,696.9827831446054,inf
90,119,inf,inf,inf,379.5273376187808,inf
90,120,inf,inf,inf,988.267676290184,inf
90,121,inf,inf,inf,703.9602261491767,inf
90,122,inf,inf,inf,1002.3916400289859,inf
90,123,inf,inf,inf,627.873394881484,inf
90,124,inf,inf,inf,522.6892001945324,inf
90,125,inf,inf,inf,893.1993058662775,inf
90,126,inf,inf,inf,496.9768606283395,inf
90,127,inf,inf,inf,548.7166846378922,inf
90,128,inf,inf,inf,886.9949267047698,inf
90,129,inf,inf,inf,963.0628224576006,inf
90,130,inf,inf,inf,829.7590011563599,inf
90,131,inf,inf,inf,477.08385007250035,inf
90,132,inf,inf,inf,807.8570418087596,inf
90,133,inf,inf,inf,496.4846422599595,inf
90,134,inf,inf,inf,1005.9448295011014,inf
90,135,inf,inf,inf,851.2543685644144,inf
90,136,inf,inf,inf,132.3782459469833,inf
90,137,inf,inf,inf,1018.7443251375686,inf
90,138,inf,inf,inf,616.5987349970806,inf
90,139,inf,inf,inf,482.2955525401411,inf
90,140,inf,inf,inf,286.7507628586191,inf
91,92,inf,inf,inf,486.6343596582551,inf
91,93,inf,inf,inf,278.9587783167972,inf
91,94,inf,inf,inf,500.1299831043926,inf
91,95,inf,inf,inf,345.9393010341554,inf
91,96,inf,inf,inf,133.24038426843418,inf
91,97,inf,inf,inf,255.28219679405768,inf
91,98,inf,inf,inf,765.2378715144723,inf
91,99,inf,inf,inf,663.4334932757013,inf
91,100,inf,inf,inf,557.4029063433379,inf
91,101,inf,inf,inf,789.998101263541,inf
91,102,inf,inf,inf,322.14903383372115,inf
91,103,inf,inf,inf,695.1266071731106,inf
91,104,inf,inf,inf,219.14607000811125,inf
91,105,inf,inf,inf,474.5966708690654,inf
91,106,inf,inf,inf,272.48486196484384,inf
91,107,inf,inf,inf,620.6939664601227,inf
91,108,inf,inf,inf,712.8849837105562,inf
91,109,inf,inf,inf,681.8592230072128,inf
91,110,inf,inf,inf,246.2376900476448,inf
91,111,inf,inf,inf,85.86617494683223,inf
91,112,inf,inf,inf,841.0023781179218,inf
91,113,inf,inf,inf,733.7097518774028,inf
91,114,inf,inf,inf,659.1934465693663,inf
91,115,inf,inf,inf,707.7972873641153,inf
91,116,inf,inf,inf,503.695344429547,inf
91,117,inf,inf,inf,580.0008620683249,inf
91,118,inf,inf,inf,612.1021156637183,inf
91,119,inf,inf,inf,307.6052665348888,inf
91,120,inf,inf,inf,827.4279424820024,inf
91,121,inf,inf,inf,539.3032542086131,inf
91,122,inf,inf,inf,841.9839665931887,inf
91,123,inf,inf,inf,474.65882484159084,inf
91,124,inf,inf,inf,543.415126767741,inf
91,125,inf,inf,inf,776.1449606871129,inf
91,126,inf,inf,inf,587.0008517881383,inf
91,127,inf,inf,inf,482.6945203749469,inf
91,128,inf,inf,inf,772.0,inf
91,129,inf,inf,inf,845.1378585769306,inf
91,130,inf,inf,inf,744.0994557181184,inf
91,131,inf,inf,inf,342.1067084989711,inf
91,132,inf,inf,inf,785.2165306461651,inf
91,133,inf,inf,inf,541.7647090758127,inf
91,134,inf,inf,inf,844.2375258184156,inf
91,135,inf,inf,inf,719.0062586653888,inf
91,136,inf,inf,inf,116.15506876585283,inf
91,137,inf,inf,inf,865.6881655654073,inf
91,138,inf,inf,inf,651.36932687992,inf
91,139,inf,inf,inf,540.8484075968053,inf
91,140,inf,inf,inf,281.40007107319644,inf
92,93,inf,inf,inf,607.4874484300067,inf
92,94,inf,inf,inf,113.0,inf
92,95,inf,inf,inf,516.8607162476173,inf
92,96,inf,inf,inf,619.5562928419015,inf
92,97,inf,inf,inf,240.35390573069537,inf
92,98,inf,inf,inf,701.9287713151527,inf
92,99,inf,inf,inf,1059.730626149872,inf
92,100,inf,inf,inf,952.1769793478521,inf
92,101,inf,inf,inf,751.511809621113,inf
92,102,inf,inf,inf,559.6972395858318,inf
92,103,inf,inf,inf,700.0628543209531,inf
92,104,inf,inf,inf,436.4057744805859,inf
92,105,inf,inf,inf,896.065287799946,inf
92,106,inf,inf,inf,275.4650613054222,inf
92,107,inf,inf,inf,1070.274731085435,inf
92,108,inf,inf,inf,825.1557428752466,inf
92,109,inf,inf,inf,890.586885149338,inf
92,110,inf,inf,inf,488.2069233429612,inf
92,111,inf,inf,inf,406.0369441319349,inf
92,112,inf,inf,inf,607.3631533110977,inf
92,113,inf,inf,inf,247.51767613647314,inf
92,114,inf,inf,inf,970.971163320518,inf
92,115,inf,inf,inf,1006.2653725533836,inf
92,116,inf,inf,inf,927.6206121038924,inf
92,117,inf,inf,inf,807.402006437933,inf
92,118,inf,inf,inf,830.3938824437473,inf
92,119,inf,inf,inf,346.666987179339,inf
92,120,inf,inf,inf,599.0676088723209,inf
92,121,inf,inf,inf,289.5876378576958,inf
92,122,inf,inf,inf,617.0656367032602,inf
92,123,inf,inf,inf,459.05337380309055,inf
92,124,inf,inf,inf,620.136275345992,inf
92,125,inf,inf,inf,848.9817430310266,inf
92,126,inf,inf,inf,813.022139919941,inf
92,127,inf,inf,inf,780.3005831088427,inf
92,128,inf,inf,inf,854.0193206245395,inf
92,129,inf,inf,inf,399.8512223315067,inf
92,130,inf,inf,inf,931.2727849561588,inf
92,131,inf,inf,inf,513.8871471441954,inf
92,132,inf,inf,inf,651.4875286603727,inf
92,133,inf,inf,inf,678.5941349584448,inf
92,134,inf,inf,inf,422.927889834662,inf
92,135,inf,inf,inf,247.1214276423637,inf
92,136,inf,inf,inf,509.96568512008724,inf
92,137,inf,inf,inf,391.33745029066665,inf
92,138,inf,inf,inf,1075.892652637799,inf
92,139,inf,inf,inf,995.7509728842849,inf
92,140,inf,inf,inf,485.2349946160108,inf
93,94,inf,inf,inf,566.2649556523871,inf
93,95,inf,inf,inf,159.51175505272332,inf
93,96,inf,inf,inf,273.93612394133055,inf
93,97,inf,inf,inf,443.5414298574599,inf
93,98,inf,inf,inf,1037.4704815077873,inf
93,99,inf,inf,inf,452.24993090104505,inf
93,100,inf,inf,inf,344.81879299133334,inf
93,101,inf,inf,inf,580.8932776336803,inf
93,102,inf,inf,inf,600.1283196117311,inf
93,103,inf,inf,inf,971.9943415473158,inf
93,104,inf,inf,inf,171.0818517552344,inf
93,105,inf,inf,inf,298.0603965641863,inf
93,106,inf,inf,inf,332.03915431767985,inf
93,107,inf,inf,inf,756.5348637042447,inf
93,108,inf,inf,inf,990.6487773171681,inf
93,109,inf,inf,inf,403.8539339909914,inf
93,110,inf,inf,inf,525.0495214739273,inf
93,111,inf,inf,inf,282.00177304407146,inf
93,112,inf,inf,inf,723.9730657973403,inf
93,113,inf,inf,inf,841.4772724203548,inf
93,114,inf,inf,inf,898.6934961375875,inf
93,115,inf,inf,inf,438.6992135848889,inf
93,116,inf,inf,inf,329.21877224727024,inf
93,117,inf,inf,inf,848.0053065871699,inf
93,118,inf,inf,inf,334.4084329080234,inf
93,119,inf,inf,inf,562.0008896790112,inf
93,120,inf,inf,inf,709.5526759867797,inf
93,121,inf,inf,inf,512.1035051627747,inf
93,122,inf,inf,inf,719.9284686689366,inf
93,123,inf,inf,inf,338.11980125393427,inf
93,124,inf,inf,inf,821.7700408265076,inf
93,125,inf,inf,inf,524.2451716515852,inf
93,126,inf,inf,inf,854.9643267411805,inf
93,127,inf,inf,inf,206.92993983471797,inf
93,128,inf,inf,inf,517.4263232577175,inf
93,129,inf,inf,inf,1004.6392387319938,inf
93,130,inf,inf,inf,467.17234507192313,inf
93,131,inf,inf,inf,158.42032697857937,inf
93,132,inf,inf,inf,1048.2733422156646,inf
93,133,inf,inf,inf,820.2859257600364,inf
93,134,inf,inf,inf,847.9770044051902,inf
93,135,inf,inf,inf,854.4588931013592,inf
93,136,inf,inf,inf,391.71673438851195,inf
93,137,inf,inf,inf,923.1565414381247,inf
93,138,inf,inf,inf,472.9143685700404,inf
93,139,inf,inf,inf,419.22905433664783,inf
93,140,inf,inf,inf,559.7034929317487,inf
94,95,inf,inf,inf,452.74717006293923,inf
94,96,inf,inf,inf,628.4655917391182,inf
94,97,inf,inf,inf,285.3506614676055,inf
94,98,inf,inf,inf,812.8425431779515,inf
94,99,inf,inf,inf,1014.1291830925684,inf
94,100,inf,inf,inf,908.8212145411219,inf
94,101,inf,inf,inf,642.6359778288172,inf
94,102,inf,inf,inf,631.7230405802846,inf
94,103,inf,inf,inf,806.7744418361306,inf
94,104,inf,inf,inf,399.0551340353861,inf
94,105,inf,inf,inf,862.7073663763397,inf
94,106,inf,inf,inf,245.89835298350414,inf
94,107,inf,inf,inf,1108.8052128304591,inf
94,108,inf,inf,inf,924.4160318817496,inf
94,109,inf,inf,inf,808.6643308567529,inf
94,110,inf,inf,inf,552.7431591616489,inf
94,111,inf,inf,inf,414.70591989987315,inf
94,112,inf,inf,inf,496.3073644426405,inf
94,113,inf,inf,inf,279.03404810166086,inf
94,114,inf,inf,inf,1044.7018713489508,inf
94,115,inf,inf,inf,937.8278093552142,inf
94,116,inf,inf,inf,894.1683286719565,inf
94,117,inf,inf,inf,891.6866041384719,inf
94,118,inf,inf,inf,752.2107417472845,inf
94,119,inf,inf,inf,427.21072083925986,inf
94,120,inf,inf,inf,487.5910171444917,inf
94,121,inf,inf,inf,177.72450590731714,inf
94,122,inf,inf,inf,505.5699753743294,inf
94,123,inf,inf,inf,365.7280410359588,inf
94,124,inf,inf,inf,718.0877383718511,inf
94,125,inf,inf,inf,748.8077189773086,inf
94,126,inf,inf,inf,897.6524940086782,inf
94,127,inf,inf,inf,719.8249787274682,inf
94,128,inf,inf,inf,754.8099098448563,inf
94,129,inf,inf,inf,473.8311935700308,inf
94,130,inf,inf,inf,844.6644304100889,inf
94,131,inf,inf,inf,450.3787295155045,inf
94,132,inf,inf,inf,764.2807075937479,inf
94,133,inf,inf,inf,771.4175263759568,inf
94,134,inf,inf,inf,353.73577709923546,inf
94,135,inf,inf,inf,310.85044635644323,inf
94,136,inf,inf,inf,547.3079571868109,inf
94,137,inf,inf,inf,369.13141291415445,inf
94,138,inf,inf,inf,1039.1765971190844,inf
94,139,inf,inf,inf,973.0739951308944,inf
94,140,inf,inf,inf,556.2912906023247,inf
95,96,inf,inf,inf,393.55431645453973,inf
95,97,inf,inf,inf,412.4621194728069,inf
95,98,inf,inf,inf,1049.190640446244,inf
95,99,inf,inf,inf,569.1976809510031,inf
95,100,inf,inf,inf,468.42715548951685,inf
95,101,inf,inf,inf,448.97327314663175,inf
95,102,inf,inf,inf,657.5545604738819,inf
95,103,inf,inf,inf,997.8000801763849,inf
95,104,inf,inf,inf,137.11673858431726,inf
95,105,inf,inf,inf,442.23523152277227,inf
95,106,inf,inf,inf,256.03515383634334,inf
95,107,inf,inf,inf,900.2227502124127,inf
95,108,inf,inf,inf,1043.6920043767702,inf
95,109,inf,inf,inf,389.0115679513914,inf
95,110,inf,inf,inf,573.013961435496,inf
95,111,inf,inf,inf,306.67409411295245,inf
95,112,inf,inf,inf,565.0884886458049,inf
95,113,inf,inf,inf,731.7485907058516,inf
95,114,inf,inf,inf,1001.9231507456049,inf
95,115,inf,inf,inf,489.4047404756108,inf
95,116,inf,inf,inf,471.9247821422393,inf
95,117,inf,inf,inf,924.1455513067192,inf
95,118,inf,inf,inf,322.9133010577297,inf
95,119,inf,inf,inf,565.5448700147496,inf
95,120,inf,inf,inf,550.6768562414803,inf
95,121,inf,inf,inf,367.03405836516043,inf
95,122,inf,inf,inf,561.4240821339961,inf
95,123,inf,inf,inf,178.61970775925036,inf
95,124,inf,inf,inf,857.4672005388894,inf
95,125,inf,inf,inf,434.03801676811673,inf
95,126,inf,inf,inf,931.1369394455361,inf
95,127,inf,inf,inf,267.0880004792428,inf
95,128,inf,inf,inf,431.35368318816984,inf
95,129,inf,inf,inf,915.8951905103553,inf
95,130,inf,inf,inf,440.75616841968304,inf
95,131,2.0,4.4142,4.414213562373095,4.123105625617661,1.0706040453940167
95,132,inf,inf,inf,1043.4735262573747,inf
95,133,inf,inf,inf,870.7611612836208,inf
95,134,inf,inf,inf,701.2396166789209,inf
95,135,inf,inf,inf,757.6225973398629,inf
95,136,inf,inf,inf,460.65388308360104,inf
95,137,inf,inf,inf,790.9702902132292,inf
95,138,inf,inf,inf,606.1188002363893,inf
95,139,inf,inf,inf,571.5811403466703,inf
95,140,inf,inf,inf,602.5612002112316,inf
96,97,inf,inf,inf,388.0206180088888,inf
96,98,inf,inf,inf,841.1860674072057,inf
96,99,inf,inf,inf,571.1120730644731,inf
96,100,inf,inf,inf,470.89383092157834,inf
96,101,inf,inf,inf,841.1539692588985,inf
96,102,inf,inf,inf,368.32187010819763,inf
96,103,inf,inf,inf,759.8012898120139,inf
96,104,inf,inf,inf,295.7363690857112,inf
96,105,inf,inf,inf,378.540618692367,inf
96,106,inf,inf,inf,391.89411835341446,inf
96,107,inf,inf,inf,516.3119212259194,inf
96,108,inf,inf,inf,747.1358644851684,inf
96,109,inf,inf,inf,666.1118524692381,inf
96,110,inf,inf,inf,315.39816105995294,inf
96,111,inf,inf,inf,214.97906874856446,inf
96,112,inf,inf,inf,932.534181679149,inf
96,113,inf,inf,inf,866.790055319049,inf
96,114,inf,inf,inf,624.9839997951948,inf
96,115,inf,inf,inf,655.9268251870783,inf
96,116,inf,inf,inf,404.487329838649,inf
96,117,inf,inf,inf,587.0332188215586,inf
96,118,inf,inf,inf,598.7520354871456,inf
96,119,inf,inf,inf,417.8133554591093,inf
96,120,inf,inf,inf,918.5053075513499,inf
96,121,inf,inf,inf,650.969277308845,inf
96,122,inf,inf,inf,931.7939686432833,inf
96,123,inf,inf,inf,550.8175741568165,inf
96,124,inf,inf,inf,603.4641662932439,inf
96,125,inf,inf,inf,797.8471031469626,inf
96,126,inf,inf,inf,593.8560431619771,inf
96,127,inf,inf,inf,450.78708943358174,inf
96,128,inf,inf,inf,791.2578593606512,inf
96,129,inf,inf,inf,976.1050148421532,inf
96,130,inf,inf,inf,731.5114489876423,inf
96,131,inf,inf,inf,390.4484601070927,inf
96,132,inf,inf,inf,874.5890463526284,inf
96,133,inf,inf,inf,584.3629009442677,inf
96,134,inf,inf,inf,966.839180008754,inf
96,135,inf,inf,inf,852.0146712351848,inf
96,136,inf,inf,inf,176.02556632489498,inf
96,137,inf,inf,inf,995.934234776574,inf
96,138,inf,inf,inf,545.9899266470032,inf
96,139,inf,inf,inf,422.7647099747092,inf
96,140,inf,inf,inf,352.8639964632266,inf
97,98,inf,inf,inf,645.1867946571753,inf
97,99,inf,inf,inf,883.4030790075388,inf
97,100,inf,inf,inf,774.7961022101234,inf
97,101,inf,inf,inf,777.8765968969628,inf
97,102,inf,inf,inf,353.11896012533794,inf
97,103,inf,inf,inf,606.9349223763616,inf
97,104,inf,inf,inf,288.0902636327719,inf
97,105,inf,inf,inf,704.4693038025149,inf
97,106,inf,inf,inf,173.1733235807409,inf
97,107,inf,inf,inf,831.3759678990006,inf
97,108,inf,inf,inf,688.1773027352762,inf
97,109,inf,inf,inf,800.4405037227939,inf
97,110,inf,inf,inf,270.0,inf
97,111,inf,inf,inf,184.88915598271305,inf
97,112,inf,inf,inf,729.4518489934753,inf
97,113,inf,inf,inf,483.4263128957711,inf
97,114,inf,inf,inf,763.8880808076534,inf
97,115,inf,inf,inf,876.8306563983721,inf
97,116,inf,inf,inf,735.3216983062583,inf
97,117,inf,inf,inf,623.0248791180012,inf
97,118,inf,inf,inf,732.8901691249515,inf
97,119,inf,inf,inf,174.28711943227475,inf
97,120,inf,inf,inf,717.899714444852,inf
97,121,inf,inf,inf,392.7454646459969,inf
97,122,inf,inf,inf,734.9231252314762,inf
97,123,inf,inf,inf,445.28642467517466,inf
97,124,inf,inf,inf,485.1236955663988,inf
97,125,inf,inf,inf,823.7378223682581,inf
97,126,inf,inf,inf,629.4132187998597,inf
97,127,inf,inf,inf,642.8071250382964,inf
97,128,inf,inf,inf,824.427680272806,inf
97,129,inf,inf,inf,591.3958065458361,inf
97,130,inf,inf,inf,853.2180260636785,inf
97,131,inf,inf,inf,408.5119337302155,inf
97,132,inf,inf,inf,632.0458844103014,inf
97,133,inf,inf,inf,521.7278984298233,inf
97,134,inf,inf,inf,638.7816528360845,inf
97,135,inf,inf,inf,464.08727627462486,inf
97,136,inf,inf,inf,269.8462525216906,inf
97,137,inf,inf,inf,630.2293233419086,inf
97,138,inf,inf,inf,885.1581779546524,inf
97,139,inf,inf,inf,787.6103097344524,inf
97,140,inf,inf,inf,278.4690287985362,inf
98,99,inf,inf,inf,1412.276530995258,inf
98,100,inf,inf,inf,1311.3447296573088,inf
98,101,inf,inf,inf,1415.6447294430902,inf
98,102,inf,inf,inf,479.5049530505394,inf
98,103,inf,inf,inf,107.5174404457249,inf
98,104,inf,inf,inf,915.2059877426502,inf
98,105,inf,inf,inf,1219.6905345209498,inf
98,106,inf,inf,inf,817.8905794786978,inf
98,107,inf,inf,inf,953.8888824176535,inf
98,108,inf,inf,inf,273.87953556262653,inf
98,109,inf,inf,inf,1428.6276631788985,inf
98,110,inf,inf,inf,526.8719009398774,inf
98,111,inf,inf,inf,758.1886308828431,inf
98,112,inf,inf,inf,1309.0370506597587,inf
98,113,inf,inf,inf,775.923320953817,inf
98,114,inf,inf,inf,624.0072114967903,inf
98,115,inf,inf,inf,1472.6065326488267,inf
98,116,inf,inf,inf,1245.137743384241,inf
98,117,inf,inf,inf,434.24647379109484,inf
98,118,inf,inf,inf,1359.182842740446,inf
98,119,inf,inf,inf,483.7706067962377,inf
98,120,inf,inf,inf,1300.4314668601342,inf
98,121,inf,inf,inf,981.1651237177156,inf
98,122,inf,inf,inf,1318.4119234897719,inf
98,123,inf,inf,inf,1087.3867757150626,inf
98,124,inf,inf,inf,249.06424873915566,inf
98,125,inf,inf,inf,1468.845124579171,inf
98,126,inf,inf,inf,433.44780539299074,inf
98,127,inf,inf,inf,1244.2367138129305,inf
98,128,inf,inf,inf,1469.3280777280477,inf
98,129,inf,inf,inf,657.1947960840835,inf
98,130,inf,inf,inf,1485.976110171358,inf
98,131,inf,inf,inf,1045.1028657505442,inf
98,132,inf,inf,inf,108.24047302187847,inf
98,133,inf,inf,inf,305.85290582239037,inf
98,134,inf,inf,inf,1078.7121951660693,inf
98,135,inf,inf,inf,693.1240870147278,inf
98,136,inf,inf,inf,668.6291946961335,inf
98,137,inf,inf,inf,965.7334000644278,inf
98,138,inf,inf,inf,1382.525587466648,inf
98,139,inf,inf,inf,1247.0252603696526,inf
98,140,inf,inf,inf,489.494637355712,inf
99,100,inf,inf,inf,108.67382389517726,inf
99,101,inf,inf,inf,802.337210903246,inf
99,102,inf,inf,inf,936.771049936963,inf
99,103,inf,inf,inf,1329.3099713761271,inf
99,104,inf,inf,inf,623.327361825229,inf
99,105,inf,inf,inf,192.5876423865249,inf
99,106,inf,inf,inf,784.2703615463229,inf
99,107,inf,inf,inf,793.5672624295939,inf
99,108,inf,inf,inf,1299.8942264661382,inf
99,109,inf,inf,inf,413.6326872963499,inf
99,110,inf,inf,inf,886.2104716149545,inf
99,111,inf,inf,inf,704.4749818126971,inf
99,112,inf,inf,inf,1056.0175187940777,inf
99,113,inf,inf,inf,1291.604428608078,inf
99,114,inf,inf,inf,1091.8058435454539,inf
99,115,inf,inf,inf,244.2642012248213,inf
99,116,inf,inf,inf,168.44286865284622,inf
99,117,inf,inf,inf,1119.5646475304586,inf
99,118,inf,inf,inf,398.91477786615025,inf
99,119,inf,inf,inf,970.9938207836341,inf
99,120,inf,inf,inf,1042.4188217794228,inf
99,121,inf,inf,inf,934.1948404909973,inf
99,122,inf,inf,inf,1046.9503331104108,inf
99,123,inf,inf,inf,721.2246529341603,inf
99,124,inf,inf,inf,1172.6158791351922,inf
99,125,inf,inf,inf,647.0865475344083,inf
99,126,inf,inf,inf,1125.7717352998343,inf
99,127,inf,inf,inf,315.9905061864992,inf
99,128,inf,inf,inf,632.4555320336759,inf
99,129,inf,inf,inf,1456.464898306856,inf
99,130,inf,inf,inf,460.10868281309365,inf
99,131,inf,inf,inf,570.6881810586233,inf
99,132,inf,inf,inf,1443.6554298031092,inf
99,133,inf,inf,inf,1146.5517868809939,inf
99,134,inf,inf,inf,1264.0668494980794,inf
99,135,inf,inf,inf,1306.6545067461407,inf
99,136,inf,inf,inf,745.2918891280113,inf
99,137,inf,inf,inf,1360.1676367271793,inf
99,138,inf,inf,inf,90.78546139112804,inf
99,139,inf,inf,inf,221.44299492194375,inf
99,140,inf,inf,inf,923.6936721662653,inf
100,101,inf,inf,inf,741.7391724858544,inf
100,102,inf,inf,inf,838.6620296639165,inf
100,103,inf,inf,inf,1230.6473906038236,inf
100,104,inf,inf,inf,515.8381529123258,inf
100,105,inf,inf,inf,99.29753269845128,inf
100,106,inf,inf,inf,676.7939125021737,inf
100,107,inf,inf,inf,747.010709427917,inf
100,108,inf,inf,inf,1208.5714707868956,inf
100,109,inf,inf,inf,376.8527563916708,inf
100,110,inf,inf,inf,784.5616610566693,inf
100,111,inf,inf,inf,596.3430220938282,inf
100,112,inf,inf,inf,976.8300773420115,inf
100,113,inf,inf,inf,1185.5395396189872,inf
100,114,inf,inf,inf,1019.0632953845409,inf
100,115,inf,inf,inf,246.9757073074192,inf
100,116,inf,inf,inf,88.0056816347672,inf
100,117,inf,inf,inf,1033.118095863198,inf
100,118,inf,inf,inf,345.15069172754096,inf
100,119,inf,inf,inf,864.6531096341469,inf
100,120,inf,inf,inf,962.9148456639351,inf
100,121,inf,inf,inf,835.1347196710241,inf
100,122,inf,inf,inf,968.7295804299567,inf
100,123,inf,inf,inf,627.5866474041652,inf
100,124,inf,inf,inf,1074.200167566548,inf
100,125,inf,inf,inf,602.0074750366477,inf
100,126,inf,inf,inf,1039.5114236986528,inf
100,127,inf,inf,inf,230.21728866442677,inf
100,128,inf,inf,inf,588.3961250722169,inf
100,129,inf,inf,inf,1348.3323032546539,inf
100,130,inf,inf,inf,433.5089387775066,inf
100,131,inf,inf,inf,469.6136710105446,inf
100,132,inf,inf,inf,1339.9690294928462,inf
100,133,inf,inf,inf,1051.5935526618637,inf
100,134,inf,inf,inf,1167.5551378842886,inf
100,135,inf,inf,inf,1199.2164108283375,inf
100,136,inf,inf,inf,643.0256604522093,inf
100,137,inf,inf,inf,1258.4506347092047,inf
100,138,2.0,159.69840000000002,159.698484809835,141.66156853571826,1.1273239909776163
100,139,inf,inf,inf,190.97905644337024,inf
100,140,inf,inf,inf,822.0024330864234,inf
101,102,inf,inf,inf,1085.6910241869,inf
101,103,inf,inf,inf,1384.4746295978125,inf
101,104,inf,inf,inf,571.4542851357403,inf
101,105,inf,inf,inf,771.6793375489589,inf
101,106,inf,inf,inf,606.3637522147907,inf
101,107,inf,inf,inf,1337.3503654614972,inf
101,108,inf,inf,inf,1458.4951148358366,inf
101,109,inf,inf,inf,401.78725713989485,inf
101,110,inf,inf,inf,997.861713866205,inf
101,111,inf,inf,inf,736.5134078888177,inf
101,112,inf,inf,inf,315.12537187602015,inf
101,113,inf,inf,inf,861.7105082334785,inf
101,114,inf,inf,inf,1448.882672958718,inf
101,115,inf,inf,inf,592.0304046246274,inf
101,116,inf,inf,inf,791.9911615668448,inf
101,117,inf,inf,inf,1359.0952873143221,inf
101,118,inf,inf,inf,403.45012083279886,inf
101,119,inf,inf,inf,951.0184015044083,inf
101,120,inf,inf,inf,306.11109094575454,inf
101,121,inf,inf,inf,466.45149801453096,inf
101,122,inf,inf,inf,300.83217912982644,inf
101,123,inf,inf,inf,334.0,inf
101,124,inf,inf,inf,1260.1749878489097,inf
101,125,inf,inf,inf,186.3866948041088,inf
101,126,inf,inf,inf,1366.0179354605855,inf
101,127,inf,inf,inf,521.3108477674333,inf
101,128,inf,inf,inf,201.1591409804685,inf
101,129,inf,inf,inf,1086.5804157999535,inf
101,130,inf,inf,inf,383.30797017541914,inf
101,131,inf,inf,inf,452.38258145070085,inf
101,132,inf,inf,inf,1385.6529146940081,inf
101,133,inf,inf,inf,1287.21870713566,inf
101,134,inf,inf,inf,654.2736430577041,inf
101,135,inf,inf,inf,925.5338999734154,inf
101,136,inf,inf,inf,901.3462153911781,inf
101,137,inf,inf,inf,814.8404751851739,inf
101,138,inf,inf,inf,876.4319711192649,inf
101,139,inf,inf,inf,910.0428561337097,inf
101,140,inf,inf,inf,1022.29398902664,inf
102,103,inf,inf,inf,392.56209699867867,inf
102,104,inf,inf,inf,522.0086206184722,inf
102,105,inf,inf,inf,744.485056935329,inf
102,106,inf,inf,inf,495.26154706377116,inf
102,107,inf,inf,inf,565.9796816141018,inf
102,108,inf,inf,inf,390.7441618245882,inf
102,109,inf,inf,inf,1003.7250619567093,inf
102,110,inf,inf,inf,88.52683209061533,inf
102,111,inf,inf,inf,352.035509572543,inf
102,112,inf,inf,inf,1077.916972683889,inf
102,113,inf,inf,inf,767.6314219728112,inf
102,114,inf,inf,inf,413.05205483086513,inf
102,115,inf,inf,inf,1018.4326192733616,inf
102,116,inf,inf,inf,768.7372763174685,inf
102,117,inf,inf,inf,275.835095664058,inf
102,118,inf,inf,inf,934.0455021036181,inf
102,119,inf,inf,inf,215.20455385516357,inf
102,120,inf,inf,inf,1065.8147118519241,inf
102,121,inf,inf,inf,744.2069604619403,inf
102,122,inf,inf,inf,1082.3885623933763,inf
102,123,inf,inf,inf,755.1006555420278,inf
102,124,inf,inf,inf,235.84740829612693,inf
102,125,inf,inf,inf,1091.4893494670482,inf
102,126,inf,inf,inf,282.591578076913,inf
102,127,inf,inf,inf,800.4561199716072,inf
102,128,inf,inf,inf,1088.384123368216,inf
102,129,inf,inf,inf,789.9582267436678,inf
102,130,inf,inf,inf,1066.2082348209472,inf
102,131,inf,inf,inf,653.5174060421039,inf
102,132,inf,inf,inf,527.7092002230016,inf
102,133,inf,inf,inf,220.43819995635965,inf
102,134,inf,inf,inf,979.771912232638,inf
102,135,inf,inf,inf,717.8648897947301,inf
102,136,inf,inf,inf,208.71032557111303,inf
102,137,inf,inf,inf,942.4245327876392,inf
102,138,inf,inf,inf,903.7223024801368,inf
102,139,inf,inf,inf,767.5343640515388,inf
102,140,inf,inf,inf,75.43208866258443,inf
103,104,inf,inf,inf,861.5996750231513,inf
103,105,inf,inf,inf,1136.961301012484,inf
103,106,inf,inf,inf,779.7005835575602,inf
103,107,inf,inf,inf,846.9663511616031,inf
103,108,inf,inf,inf,179.3376703316958,inf
103,109,inf,inf,inf,1369.5039247844454,inf
103,110,inf,inf,inf,450.6994564008259,inf
103,111,inf,inf,inf,698.1532782992572,inf
103,112,inf,inf,inf,1301.3692788751393,inf
103,113,inf,inf,inf,806.9876083311317,inf
103,114,inf,inf,inf,518.2171359575058,inf
103,115,inf,inf,inf,1402.2161031738297,inf
103,116,inf,inf,inf,1161.2992723669468,inf
103,117,inf,inf,inf,326.87918257362304,inf
103,118,inf,inf,inf,1299.689963029645,inf
103,119,inf,inf,inf,436.21325060112514,inf
103,120,inf,inf,inf,1291.8397733465247,inf
103,121,inf,inf,inf,967.0124094343361,inf
103,122,inf,inf,inf,1309.6908032050924,inf
103,123,inf,inf,inf,1052.2138565899995,inf
103,124,inf,inf,inf,156.7322557739791,inf
103,125,inf,inf,inf,1424.9077163100774,inf
103,126,inf,inf,inf,326.20392394942155,inf
103,127,inf,inf,inf,1177.5164542374769,inf
103,128,inf,inf,inf,1424.340198126838,inf
103,129,inf,inf,inf,714.9636354388942,inf
103,130,inf,inf,inf,1428.8404389574087,inf
103,131,inf,inf,inf,993.6800289831732,inf
103,132,inf,inf,inf,204.51894777746145,inf
103,133,inf,inf,inf,201.71762441591463,inf
103,134,inf,inf,inf,1097.540887621049,inf
103,135,inf,inf,inf,728.4016749019733,inf
103,136,inf,inf,inf,591.7136131609615,inf
103,137,inf,inf,inf,998.6776256630565,inf
103,138,inf,inf,inf,1295.4308163695969,inf
103,139,inf,inf,inf,1156.9511657801293,inf
103,140,inf,inf,inf,414.2764777295472,inf
104,105,inf,inf,inf,464.02693887316497,inf
104,106,inf,inf,inf,160.96272860510285,inf
104,107,inf,inf,inf,812.0357135003361,inf
104,108,inf,inf,inf,906.8847776867798,inf
104,109,inf,inf,inf,515.4890881483332,inf
104,110,inf,inf,inf,436.6600508404679,inf
104,111,inf,inf,inf,170.18813119603846,inf
104,112,inf,inf,inf,636.7982412036013,inf
104,113,inf,inf,inf,671.7328337962944,inf
104,114,inf,inf,inf,878.3012011832843,inf
104,115,inf,inf,inf,590.4743855579173,inf
104,116,inf,inf,inf,495.5501992734944,inf
104,117,inf,inf,inf,791.1030274243677,inf
104,118,inf,inf,inf,446.93176212929865,inf
104,119,inf,inf,inf,431.522884677047,inf
104,120,inf,inf,inf,622.774437497237,inf
104,121,inf,inf,inf,370.47132142717874,inf
104,122,inf,inf,inf,636.12891775174,inf
104,123,inf,inf,inf,258.2789190003706,inf
104,124,inf,inf,inf,720.4338970370565,inf
104,125,inf,inf,inf,570.5611273124028,inf
104,126,inf,inf,inf,798.075810935277,inf
104,127,inf,inf,inf,357.0952253951318,inf
104,128,inf,inf,inf,568.2050686151964,inf
104,129,inf,inf,inf,833.9358488516967,inf
104,130,inf,inf,inf,571.1365861157907,inf
104,131,inf,inf,inf,133.00375934536586,inf
104,132,inf,inf,inf,913.5261353677846,inf
104,133,inf,inf,inf,733.9455020640156,inf
104,134,inf,inf,inf,701.502672838814,inf
104,135,inf,inf,inf,683.3893472977172,inf
104,136,inf,inf,inf,330.06817477606046,inf
104,137,inf,inf,inf,761.9481609663482,inf
104,138,inf,inf,inf,641.8948512022822,inf
104,139,inf,inf,inf,575.251249455401,inf
104,140,inf,inf,inf,465.691958272848,inf
105,106,inf,inf,inf,622.9686990531708,inf
105,107,inf,inf,inf,657.4960075924416,inf
105,108,inf,inf,inf,1110.9837982617028,inf
105,109,inf,inf,inf,437.94291865493153,inf
105,110,inf,inf,inf,693.7326574408905,inf
105,111,inf,inf,inf,521.9051637989415,inf
105,112,inf,inf,inf,981.4586083987444,inf
105,113,inf,inf,inf,1135.3395967727013,inf
105,114,inf,inf,inf,920.3314620287628,inf
105,115,inf,inf,inf,335.72161086233336,inf
105,116,1.0,34.3137,34.31370849898477,31.575306807693888,1.0867260517203785
105,117,inf,inf,inf,934.2917103346256,inf
105,118,inf,inf,inf,393.7321424522006,inf
105,119,inf,inf,inf,781.9980818390798,inf
105,120,inf,inf,inf,967.229548762857,inf
105,121,inf,inf,inf,806.8766944211488,inf
105,122,inf,inf,inf,974.75586687129,inf
105,123,inf,inf,inf,613.5022412347,inf
105,124,inf,inf,inf,980.3030143787175,inf
105,125,inf,inf,inf,649.5267507963009,inf
105,126,inf,inf,inf,940.6572170562453,inf
105,127,inf,inf,inf,250.63918289046507,inf
105,128,inf,inf,inf,637.0949693726988,inf
105,129,inf,inf,inf,1287.2373518508543,inf
105,130,inf,inf,inf,499.7299270606074,inf
105,131,inf,inf,inf,442.57089827506735,inf
105,132,inf,inf,inf,1251.7160221072509,inf
105,133,inf,inf,inf,955.4982993182144,inf
105,134,inf,inf,inf,1142.4206755832108,inf
105,135,inf,inf,inf,1142.8403213047743,inf
105,136,inf,inf,inf,553.0226035163481,inf
105,137,inf,inf,inf,1221.216606503531,inf
105,138,inf,inf,inf,180.95303258028034,inf
105,139,inf,inf,inf,138.95682782792647,inf
105,140,inf,inf,inf,731.2154265331113,inf
106,107,inf,inf,inf,893.0089585216937,inf
106,108,inf,inf,inf,854.0403971710003,inf
106,109,inf,inf,inf,643.791891840834,inf
106,110,inf,inf,inf,406.98525771826183,inf
106,111,inf,inf,inf,188.2153022471871,inf
106,112,inf,inf,inf,587.5516998528725,inf
106,113,inf,inf,inf,512.5173167806138,inf
106,114,inf,inf,inf,891.0667763978186,inf
106,115,inf,inf,inf,740.4032684962972,inf
106,116,inf,inf,inf,654.5418244848835,inf
106,117,inf,inf,inf,770.9559001655024,inf
106,118,inf,inf,inf,578.6613863046333,inf
106,119,inf,inf,inf,344.7680379617577,inf
106,120,inf,inf,inf,574.8260606479146,inf
106,121,inf,inf,inf,268.70057685088807,inf
106,122,inf,inf,inf,590.7935341555458,inf
106,123,inf,inf,inf,272.8094573140748,inf
106,124,inf,inf,inf,654.0,inf
106,125,inf,inf,inf,651.7461162139748,inf
106,126,inf,inf,inf,777.6593084378275,inf
106,127,inf,inf,inf,510.0686228342222,inf
106,128,inf,inf,inf,652.9012176432205,inf
106,129,inf,inf,inf,673.6839021380873,inf
106,130,inf,inf,inf,692.6037828369117,inf
106,131,inf,inf,inf,252.46187831036985,inf
106,132,inf,inf,inf,800.9350785176036,inf
106,133,inf,inf,inf,684.3456728876131,inf
106,134,inf,inf,inf,574.9478237196832,inf
106,135,inf,inf,inf,522.4270283972681,inf
106,136,inf,inf,inf,348.9011321277132,inf
106,137,inf,inf,inf,614.3354132719356,inf
106,138,inf,inf,inf,801.8840315157797,inf
106,139,inf,inf,inf,728.7475557420415,inf
106,140,inf,inf,inf,425.6500910372274,inf
107,108,inf,inf,inf,724.1394893250886,inf
107,109,inf,inf,inf,1080.641013473022,inf
107,110,inf,inf,inf,602.742067554605,inf
107,111,inf,inf,inf,705.0177302735017,inf
107,112,inf,inf,inf,1448.8181390360903,inf
107,113,inf,inf,inf,1304.3224294628994,inf
107,114,inf,inf,inf,386.80356771881,inf
107,115,inf,inf,inf,992.40415154311,inf
107,116,inf,inf,inf,659.5149732947691,inf
107,117,inf,inf,inf,527.9412846141131,inf
107,118,inf,inf,inf,1024.5828419410507,inf
107,119,inf,inf,inf,760.4275113381946,inf
107,120,inf,inf,inf,1434.7717588522573,inf
107,121,inf,inf,inf,1159.760751189658,inf
107,122,inf,inf,inf,1447.9592535703482,inf
107,123,inf,inf,inf,1065.4585867127826,inf
107,124,inf,inf,inf,721.2274259898884,inf
107,125,inf,inf,inf,1262.4080164510997,inf
107,126,inf,inf,inf,530.6194493231473,inf
107,127,inf,inf,inf,866.2268755932247,inf
107,128,inf,inf,inf,1252.8004629628774,inf
107,129,inf,inf,inf,1353.0059127734808,inf
107,130,inf,inf,inf,1145.735135186139,inf
107,131,inf,inf,inf,897.6057040816976,inf
107,132,inf,inf,inf,1035.8860941242526,inf
107,133,inf,inf,inf,650.4659868125312,inf
107,134,inf,inf,inf,1459.8479372866202,inf
107,135,inf,inf,inf,1266.714253492081,inf
107,136,inf,inf,inf,562.3530919271273,inf
107,137,inf,inf,inf,1461.344928481979,inf
107,138,inf,inf,inf,715.5312711545178,inf
107,139,inf,inf,inf,572.2237324683415,inf
107,140,inf,inf,inf,621.8979015883556,inf
108,109,inf,inf,inf,1394.3819419370002,inf
108,110,inf,inf,inf,471.22818251883024,inf
108,111,inf,inf,inf,737.034598916496,inf
108,112,inf,inf,inf,1409.6183880752974,inf
108,113,inf,inf,inf,961.2933995404317,inf
108,114,inf,inf,inf,362.6913288183218,inf
108,115,inf,inf,inf,1402.7929284110323,inf
108,116,inf,inf,inf,1131.894871443457,inf
108,117,inf,inf,inf,199.7298175035465,inf
108,118,inf,inf,inf,1324.7384647544586,inf
108,119,inf,inf,inf,514.5755532475284,inf
108,120,inf,inf,inf,1398.9939242184007,inf
108,121,inf,inf,inf,1071.3379485484495,inf
108,122,inf,inf,inf,1416.4984998227142,inf
108,123,inf,inf,inf,1124.6421653130385,inf
108,124,inf,inf,inf,206.60348496576722,inf
108,125,inf,inf,inf,1477.4315550982387,inf
108,126,inf,inf,inf,195.8187937865005,inf
108,127,inf,inf,inf,1189.3632750341671,inf
108,128,inf,inf,inf,1475.03389791557,inf
108,129,inf,inf,inf,887.2457382258874,inf
108,130,inf,inf,inf,1456.9505825524764,inf
108,131,inf,inf,inf,1039.6047325786853,inf
108,132,inf,inf,inf,379.5918861092792,inf
108,133,inf,inf,inf,172.9392957080605,inf
108,134,inf,inf,inf,1237.824704875452,inf
108,135,inf,inf,inf,886.9143137868506,inf
108,136,inf,inf,inf,598.9432360416135,inf
108,137,inf,inf,inf,1152.6009717157106,inf
108,138,inf,inf,inf,1254.910753798851,inf
108,139,inf,inf,inf,1109.4079502148882,inf
108,140,inf,inf,inf,441.1995013596457,inf
109,110,inf,inf,inf,926.9827398608887,inf
109,111,inf,inf,inf,671.6345732613829,inf
109,112,inf,inf,inf,689.2350832625978,inf
109,113,inf,inf,inf,1079.6082622877616,inf
109,114,inf,inf,inf,1286.0248831185188,inf
109,115,inf,inf,inf,190.24457942343588,inf
109,116,inf,inf,inf,448.1707263978762,inf
109,117,inf,inf,inf,1249.7683785405998,inf
109,118,inf,inf,inf,69.8927750200262,inf
109,119,inf,inf,inf,945.8990432387592,inf
109,120,inf,inf,inf,677.0738512156558,inf
109,121,inf,inf,inf,672.6574165204752,inf
109,122,inf,inf,inf,677.5787777078027,inf
109,123,inf,inf,inf,448.1573384426501,inf
109,124,inf,inf,inf,1222.1161974215054,inf
109,125,inf,inf,inf,234.09613409879285,inf
109,126,inf,inf,inf,1256.6916885218905,inf
109,127,inf,inf,inf,219.8226557932553,inf
109,128,inf,inf,inf,219.20766409959302,inf
109,129,inf,inf,inf,1282.208251416282,inf
109,130,inf,inf,inf,66.27216610312357,inf
109,131,inf,inf,inf,392.8269339034685,inf
109,132,inf,inf,inf,1429.008397456082,inf
109,133,inf,inf,inf,1223.6196304407674,inf
109,134,inf,inf,inf,964.8569842209777,inf
109,135,inf,inf,inf,1119.511500610869,inf
109,136,inf,inf,inf,795.5174416692572,inf
109,137,inf,inf,inf,1095.607593986095,inf
109,138,inf,inf,inf,496.2358310319802,inf
109,139,inf,inf,inf,564.468776815866,inf
109,140,inf,inf,inf,960.7007858849705,inf
110,111,inf,inf,inf,266.48076853686837,inf
110,112,inf,inf,inf,990.8097698347549,inf
110,113,inf,inf,inf,707.9668071315208,inf
110,114,inf,inf,inf,493.93623070189943,inf
110,115,inf,inf,inf,951.6659077638539,inf
110,116,inf,inf,inf,719.8847129922957,inf
110,117,inf,inf,inf,364.33501067012486,inf
110,118,inf,inf,inf,857.1230950102791,inf
110,119,inf,inf,inf,157.69590990257166,inf
110,120,inf,inf,inf,978.5908235825635,inf
110,121,inf,inf,inf,658.4352663702028,inf
110,122,inf,inf,inf,995.0618071255675,inf
110,123,inf,inf,inf,666.8043191221844,inf
110,124,inf,inf,inf,297.4306641891518,inf
110,125,inf,inf,inf,1007.0253224224305,inf
110,126,inf,inf,inf,371.10241174101793,inf
110,127,inf,inf,inf,728.7173663362223,inf
110,128,inf,inf,inf,1004.3151895694897,inf
110,129,inf,inf,inf,752.2346708308519,inf
110,130,inf,inf,inf,988.4477730259703,inf
110,131,inf,inf,inf,568.9446370254315,inf
110,132,inf,inf,inf,559.9232090206656,inf
110,133,inf,inf,inf,298.563226134767,inf
110,134,inf,inf,inf,903.8418003168475,inf
110,135,inf,inf,inf,665.2074864281069,inf
110,136,inf,inf,inf,141.82030884185804,inf
110,137,inf,inf,inf,876.2676531745309,inf
110,138,inf,inf,inf,860.3470230087391,inf
110,139,inf,inf,inf,731.0006839942081,inf
110,140,inf,inf,inf,37.48332962798263,inf
111,112,inf,inf,inf,765.4880795936668,inf
111,113,inf,inf,inf,653.551069159863,inf
111,114,inf,inf,inf,720.8779369629785,inf
111,115,inf,inf,inf,720.6053011184417,inf
111,116,inf,inf,inf,552.4219401870276,inf
111,117,inf,inf,inf,622.9028816757874,inf
111,118,inf,inf,inf,601.9169377912538,inf
111,119,inf,inf,inf,280.0,inf
111,120,inf,inf,inf,752.1834882527002,inf
111,121,inf,inf,inf,456.4263357870578,inf
111,122,inf,inf,inf,767.2757001234954,inf
111,123,inf,inf,inf,411.1447433690476,inf
111,124,inf,inf,inf,553.3362449722591,inf
111,125,inf,inf,inf,740.5997569537814,inf
111,126,inf,inf,inf,629.8483944569518,inf
111,127,inf,inf,inf,488.5949242470699,inf
111,128,inf,inf,inf,738.0277772550298,inf
111,129,inf,inf,inf,775.6448929761608,inf
111,130,inf,inf,inf,730.6880319260745,inf
111,131,inf,inf,inf,302.59213472924245,inf
111,132,inf,inf,inf,766.3171667136265,inf
111,133,inf,inf,inf,564.1134637641616,inf
111,134,inf,inf,inf,758.4260016639724,inf
111,135,inf,inf,inf,643.3078578721078,inf
111,136,inf,inf,inf,169.57889019568444,inf
111,137,inf,inf,inf,781.1997183819257,inf
111,138,inf,inf,inf,702.063387451589,inf
111,139,inf,inf,inf,602.742067554605,inf
111,140,inf,inf,inf,295.9949323890529,inf
112,113,inf,inf,inf,632.7377023696312,inf
112,114,inf,inf,inf,1478.5888542796472,inf
112,115,inf,inf,inf,874.8051211555634,inf
112,116,inf,inf,inf,1007.3857255292037,inf
112,117,inf,inf,inf,1351.4925083033202,inf
112,118,inf,inf,inf,671.2763961290461,inf
112,119,inf,inf,inf,897.8663597663074,inf
112,120,inf,inf,inf,14.422205101855956,inf
112,121,inf,inf,inf,338.46270104695435,inf
112,122,inf,inf,inf,15.620499351813308,inf
112,123,inf,inf,inf,388.25249516261965,inf
112,124,inf,inf,inf,1203.2709586788837,inf
112,125,inf,inf,inf,498.5458855511697,inf
112,126,inf,inf,inf,1357.9900588737753,inf
112,127,inf,inf,inf,746.6143582867932,inf
112,128,inf,inf,inf,512.4578031409026,inf
112,129,inf,inf,inf,858.6250636919469,inf
112,130,inf,inf,inf,684.6845989212843,inf
112,131,inf,inf,inf,566.6339206224774,inf
112,132,inf,inf,inf,1257.2104040294926,inf
112,133,inf,inf,inf,1248.431015314823,inf
112,134,inf,inf,inf,365.65831044842946,inf
112,135,inf,inf,inf,710.6229661360517,inf
112,136,inf,inf,inf,933.3322023802672,inf
112,137,inf,inf,inf,538.6213883610639,inf
112,138,inf,inf,inf,1117.9199434664363,inf
112,139,inf,inf,inf,1118.6465035926228,inf
112,140,inf,inf,inf,1005.2347984426325,inf
113,114,inf,inf,inf,1166.3181384167872,inf
113,115,inf,inf,inf,1215.337401711969,inf
113,116,inf,inf,inf,1166.9040234740817,inf
113,117,inf,inf,inf,986.1384284166194,inf
113,118,inf,inf,inf,1026.0180310306441,inf
113,119,inf,inf,inf,553.7300786484332,inf
113,120,inf,inf,inf,629.7086627957408,inf
113,121,inf,inf,inf,413.1755075025624,inf
113,122,inf,inf,inf,646.4093130517226,inf
113,123,inf,inf,inf,631.8172204047623,inf
113,124,inf,inf,inf,769.6037941694415,inf
113,125,inf,inf,inf,995.0100502004992,inf
113,126,inf,inf,inf,990.858213873206,inf
113,127,inf,inf,inf,998.8353217623013,inf
113,128,inf,inf,inf,1003.076268286714,inf
113,129,inf,inf,inf,227.29716232280595,inf
113,130,inf,inf,inf,1111.1264554496036,inf
113,131,inf,inf,inf,729.4004387166216,inf
113,132,inf,inf,inf,696.2506732492257,inf
113,133,inf,inf,inf,840.8810855287446,inf
113,134,inf,inf,inf,316.3558123379433,inf
113,135,inf,inf,inf,86.57944328765345,inf
113,136,inf,inf,inf,749.8866581024095,inf
113,137,inf,inf,inf,191.75505208468434,inf
113,138,inf,inf,inf,1313.6224724021738,inf
113,139,inf,inf,inf,1239.7132733015324,inf
113,140,inf,inf,inf,697.3836820574453,inf
114,115,inf,inf,inf,1246.3470624188112,inf
114,116,inf,inf,inf,933.2786293492421,inf
114,117,inf,inf,inf,199.37151250868314,inf
114,118,inf,inf,inf,1220.3937889058598,inf
114,119,inf,inf,inf,624.3852977128786,inf
114,120,inf,inf,inf,1465.8925608652225,inf
114,121,inf,inf,inf,1150.530312508106,inf
114,122,inf,inf,inf,1481.8302871786634,inf
114,123,inf,inf,inf,1131.2051096065647,inf
114,124,inf,inf,inf,437.04919631547205,inf
114,125,inf,inf,inf,1421.4489086843748,inf
114,126,inf,inf,inf,197.7321420508057,inf
114,127,inf,inf,inf,1067.0566995244442,inf
114,128,inf,inf,inf,1415.3586118012636,inf
114,129,inf,inf,inf,1151.5771793501294,inf
114,130,inf,inf,inf,1352.0724832641185,inf
114,131,inf,inf,inf,998.2790191123922,inf
114,132,inf,inf,inf,721.5323970550456,inf
114,133,inf,inf,inf,355.78785814021256,inf
114,134,inf,inf,inf,1392.3666902077196,inf
114,135,inf,inf,inf,1107.563993636485,inf
114,136,inf,inf,inf,551.5396631249652,inf
114,137,inf,inf,inf,1347.5726325508394,inf
114,138,inf,inf,inf,1028.693345949122,inf
114,139,inf,inf,inf,878.2852611765724,inf
114,140,inf,inf,inf,488.4608479704387,inf
115,116,inf,inf,inf,333.24165405903267,inf
115,117,inf,inf,inf,1239.8709610278,inf
115,118,inf,inf,inf,206.47518010647187,inf
115,119,inf,inf,inf,1000.547849930227,inf
115,120,inf,inf,inf,862.2319873444733,inf
115,121,inf,inf,inf,821.8862451702182,inf
115,122,inf,inf,inf,863.7129152675674,inf
115,123,inf,inf,inf,595.9664420082728,inf
115,124,inf,inf,inf,1248.7117361505016,inf
115,125,inf,inf,inf,420.76121494263225,inf
115,126,inf,inf,inf,1246.5572590138008,inf
115,127,inf,inf,inf,234.06195760951843,inf
115,128,inf,inf,inf,405.4442008464297,inf
115,129,inf,inf,inf,1405.0896768534028,inf
115,130,inf,inf,inf,222.81157959136684,inf
115,131,inf,inf,inf,492.3921201644072,inf
115,132,inf,inf,inf,1486.6048567120988,inf
115,133,inf,inf,inf,1237.7689606707706,inf
115,134,inf,inf,inf,1131.7216972383271,inf
115,135,inf,inf,inf,1245.8703784904753,inf
115,136,inf,inf,inf,811.8035476640885,inf
115,137,inf,inf,inf,1251.3053184574899,inf
115,138,inf,inf,inf,333.75589882427545,inf
115,139,inf,inf,inf,435.12986567230706,inf
115,140,inf,inf,inf,987.9397754924133,inf
116,117,inf,inf,inf,953.029905092175,inf
116,118,inf,inf,inf,407.80632658162625,inf
116,119,inf,inf,inf,810.8082387346591,inf
116,120,inf,inf,inf,993.2018928697227,inf
116,121,inf,inf,inf,837.1887481327016,inf
116,122,inf,inf,inf,1000.4249097258624,inf
116,123,inf,inf,inf,641.9922117907662,inf
116,124,inf,inf,inf,1004.5780208624913,inf
116,125,inf,inf,inf,664.808243029522,inf
116,126,inf,inf,inf,959.3148596785104,inf
116,127,inf,inf,inf,270.80066469637774,inf
116,128,inf,inf,inf,651.9915643626074,inf
116,129,inf,inf,inf,1318.614803496457,inf
116,130,inf,inf,inf,508.3040428719803,inf
116,131,inf,inf,inf,472.3557981013888,inf
116,132,inf,inf,inf,1278.619568128065,inf
116,133,inf,inf,inf,978.1094008340784,inf
116,134,inf,inf,inf,1172.5749442999368,inf
116,135,inf,inf,inf,1174.3785590685825,inf
116,136,inf,inf,inf,579.7111349629228,inf
116,137,inf,inf,inf,1252.3358175824885,inf
116,138,inf,inf,inf,149.85659811966906,inf
116,139,inf,inf,inf,118.79393923933998,inf
116,140,inf,inf,inf,757.3513055379253,inf
117,118,inf,inf,inf,1181.16213958965,inf
117,119,inf,inf,inf,464.49111939842294,inf
117,120,inf,inf,inf,1339.6193489196846,inf
117,121,inf,inf,inf,1015.7524304671882,inf
117,122,inf,inf,inf,1356.3775285664385,inf
117,123,inf,inf,inf,1030.0019417457424,inf
117,124,inf,inf,inf,238.29603437741048,inf
117,125,inf,inf,inf,1356.0943919948936,inf
117,126,inf,inf,inf,7.0,inf
117,127,inf,inf,inf,1037.2584056058547,inf
117,128,inf,inf,inf,1352.0003698224345,inf
117,129,inf,inf,inf,957.3990808435111,inf
117,130,inf,inf,inf,1314.2469326576343,inf
117,131,inf,inf,inf,920.2010649852564,inf
117,132,inf,inf,inf,527.0085388302547,inf
117,133,inf,inf,inf,157.09869509324386,inf
117,134,inf,inf,inf,1230.2300597855672,inf
117,135,inf,inf,inf,922.6749156664009,inf
117,136,inf,inf,inf,464.05279872014563,inf
117,137,inf,inf,inf,1171.6812706534145,inf
117,138,inf,inf,inf,1069.3554133215018,inf
117,139,inf,inf,inf,921.664798069233,inf
117,140,inf,inf,inf,346.44624402640017,inf
118,119,inf,inf,inf,876.7211643390389,inf
118,120,inf,inf,inf,658.4010935592377,inf
118,121,inf,inf,inf,623.8501422617454,inf
118,122,inf,inf,inf,660.7208185005222,inf
118,123,inf,inf,inf,397.61287705505714,inf
118,124,inf,inf,inf,1152.2243705112298,inf
118,125,inf,inf,inf,257.4490240804964,inf
118,126,inf,inf,inf,1188.0963765621036,inf
118,127,inf,inf,inf,158.66001386612822,inf
118,128,inf,inf,inf,244.3215094910802,inf
118,129,inf,inf,inf,1224.6832243482393,inf
118,130,inf,inf,inf,133.09019498069722,inf
118,131,inf,inf,inf,326.6221058042459,inf
118,132,inf,inf,inf,1360.3859746410208,inf
118,133,inf,inf,inf,1153.8665434095922,inf
118,134,inf,inf,inf,926.892658294368,inf
118,135,inf,inf,inf,1062.8137183909512,inf
118,136,inf,inf,inf,725.9455902476438,inf
118,137,inf,inf,inf,1050.8972356990953,inf
118,138,inf,inf,inf,474.8526087113769,inf
118,139,inf,inf,inf,526.1653732430518,inf
118,140,inf,inf,inf,890.8136729978946,inf
119,120,inf,inf,inf,886.8032476259883,inf
119,121,inf,inf,inf,559.504244845381,inf
119,122,inf,inf,inf,904.1106127017866,inf
119,123,inf,inf,inf,617.5694292952007,inf
119,124,inf,inf,inf,310.85205484281425,inf
119,125,inf,inf,inf,989.1127337164354,inf
119,126,inf,inf,inf,470.4434078611369,inf
119,127,inf,inf,inf,768.5239098427583,inf
119,128,inf,inf,inf,988.8321394453155,inf
119,129,inf,inf,inf,596.007550287746,inf
119,130,inf,inf,inf,1002.5412709709261,inf
119,131,inf,inf,inf,561.4499087184894,inf
119,132,inf,inf,inf,486.38462146741443,inf
119,133,inf,inf,inf,350.5652578336878,inf
119,134,inf,inf,inf,768.9122186569804,inf
119,135,inf,inf,inf,508.0993997241091,inf
119,136,inf,inf,inf,249.04015740438328,inf
119,137,inf,inf,inf,727.2200492285674,inf
119,138,inf,inf,inf,957.5620084360072,inf
119,139,inf,inf,inf,840.3154169715084,inf
119,140,inf,inf,inf,143.65583872575453,inf
120,121,inf,inf,inf,327.6659884699662,inf
120,122,inf,inf,inf,18.0,inf
120,123,inf,inf,inf,373.8930328315841,inf
120,124,inf,inf,inf,1192.7300616652537,inf
120,125,inf,inf,inf,488.5447778863264,inf
120,126,inf,inf,inf,1346.1326086236825,inf
120,127,inf,inf,inf,732.7052613431952,inf
120,128,inf,inf,inf,502.31165624540307,inf
120,129,inf,inf,inf,856.0403027895358,inf
120,130,inf,inf,inf,673.3327557753298,inf
120,131,inf,inf,inf,552.2264028457894,inf
120,132,inf,inf,inf,1249.4902960807658,inf
120,133,inf,inf,inf,1237.3600931014382,inf
120,134,inf,inf,inf,367.8287645087045,inf
120,135,inf,inf,inf,706.7849743733946,inf
120,136,inf,inf,inf,920.1896543647945,inf
120,137,inf,inf,inf,539.7416048443922,inf
120,138,inf,inf,inf,1104.051176350082,inf
120,139,inf,inf,inf,1104.3704088755728,inf
120,140,inf,inf,inf,993.2899878685982,inf
121,122,inf,inf,inf,345.16228067388823,inf
121,123,inf,inf,inf,226.37358503146962,inf
121,124,inf,inf,inf,865.121956720554,inf
121,125,inf,inf,inf,583.7747853410594,inf
121,126,inf,inf,inf,1022.1516521534365,inf
121,127,inf,inf,inf,623.3859157857194,inf
121,128,inf,inf,inf,591.2021650839922,inf
121,129,inf,inf,inf,629.9603162104737,inf
121,130,inf,inf,inf,700.2428150291869,inf
121,131,inf,inf,inf,366.1106390150387,inf
121,132,inf,inf,inf,937.9536235870087,inf
121,133,inf,inf,inf,910.048899785061,inf
121,134,inf,inf,inf,335.8943286213687,inf
121,135,inf,inf,inf,466.31534394656154,inf
121,136,inf,inf,inf,616.5484571386097,inf
121,137,inf,inf,inf,430.2650346007679,inf
121,138,inf,inf,inf,973.1484984317656,inf
121,139,inf,inf,inf,931.328620842289,inf
121,140,inf,inf,inf,670.4162885849358,inf
122,123,inf,inf,inf,385.507457774814,inf
122,124,inf,inf,inf,1210.2731096740108,inf
122,125,inf,inf,inf,484.809240836022,inf
122,126,inf,inf,inf,1362.9031513647622,inf
122,127,inf,inf,inf,738.5289432378395,inf
122,128,inf,inf,inf,498.8236161209692,inf
122,129,inf,inf,inf,872.534813059055,inf
122,130,inf,inf,inf,672.0751446081011,inf
122,131,inf,inf,inf,563.0719314616916,inf
122,132,inf,inf,inf,1267.483333223755,inf
122,133,inf,inf,inf,1254.652143026106,inf
122,134,inf,inf,inf,381.09578848368295,inf
122,135,inf,inf,inf,723.8459780920248,inf
122,136,inf,inf,inf,935.5346065218539,inf
122,137,inf,inf,inf,553.8637016450889,inf
122,138,inf,inf,inf,1109.6454388677494,inf
122,139,inf,inf,inf,1112.2310910957308,inf
122,140,inf,inf,inf,1010.0024752444916,inf
123,124,inf,inf,inf,926.2380903417868,inf
123,125,inf,inf,inf,392.8256610762591,inf
123,126,inf,inf,inf,1036.866915278909,inf
123,127,inf,inf,inf,406.06034034364893,inf
123,128,inf,inf,inf,396.69257618463195,inf
123,129,inf,inf,inf,838.8712654513802,inf
123,130,inf,inf,inf,480.02604096027954,inf
123,131,inf,inf,inf,179.7386992275175,inf
123,132,inf,inf,inf,1063.858073240975,inf
123,133,inf,inf,inf,953.6456364918785,inf
123,134,inf,inf,inf,543.8841788469306,inf
123,135,inf,inf,inf,675.1392448969324,inf
123,136,inf,inf,inf,579.7766811454217,inf
123,137,inf,inf,inf,655.3602062987957,inf
123,138,inf,inf,inf,768.4041905143412,inf
123,139,inf,inf,inf,746.3042275104705,inf
123,140,inf,inf,inf,689.8905710328269,inf
124,125,inf,inf,inf,1288.7330988222502,inf
124,126,inf,inf,inf,240.85265205099984,inf
124,127,inf,inf,inf,1026.0691984461866,inf
124,128,inf,inf,inf,1287.2870697711526,inf
124,129,inf,inf,inf,722.4029346562761,inf
124,130,inf,inf,inf,1282.62543246265,inf
124,131,inf,inf,inf,853.3469399956855,inf
124,132,inf,inf,inf,316.2040480449294,inf
124,133,inf,inf,inf,81.27115109311545,inf
124,134,inf,inf,inf,1036.102794128073,inf
124,135,inf,inf,inf,700.0414273455536,inf
124,136,inf,inf,inf,437.09953099951963,inf
124,137,inf,inf,inf,959.2851505157369,inf
124,138,inf,inf,inf,1138.8669808190946,inf
124,139,inf,inf,inf,1000.9760236888794,inf
124,140,inf,inf,inf,262.0877715575452,inf
125,126,inf,inf,inf,1363.0939072565764,inf
125,127,inf,inf,inf,404.12992960185466,inf
125,128,inf,inf,inf,15.524174696260024,inf
125,129,inf,inf,inf,1213.7269050325942,inf
125,130,inf,inf,inf,202.33882474700698,inf
125,131,inf,inf,inf,438.0981625161192,inf
125,132,inf,inf,inf,1451.8960017852519,inf
125,133,inf,inf,inf,1304.4937715451156,inf
125,134,inf,inf,inf,820.713104562124,inf
125,135,inf,inf,inf,1049.9795236098655,inf
125,136,inf,inf,inf,892.0454024319614,inf
125,137,inf,inf,inf,972.1753956977105,inf
125,138,inf,inf,inf,727.8743023352315,inf
125,139,inf,inf,inf,783.3683680108611,inf
125,140,inf,inf,inf,1036.2321168541341,inf
126,127,inf,inf,inf,1044.1225981655602,inf
126,128,inf,inf,inf,1359.0003679175366,inf
126,129,inf,inf,inf,960.8038301339145,inf
126,130,inf,inf,inf,1321.182046502298,inf
126,131,inf,inf,inf,927.1919973770265,inf
126,132,inf,inf,inf,527.0151800470268,inf
126,133,inf,inf,inf,159.8155186457185,inf
126,134,inf,inf,inf,1235.807832957859,inf
126,135,inf,inf,inf,927.0684980086423,inf
126,136,inf,inf,inf,471.05201411309133,inf
126,137,inf,inf,inf,1176.6265337820662,inf
126,138,inf,inf,inf,1075.3250671308654,inf
126,139,inf,inf,inf,927.5284362217689,inf
126,140,inf,inf,inf,353.0212458195682,inf
127,128,inf,inf,inf,392.7467377331096,inf
127,129,inf,inf,inf,1180.1186381038137,inf
127,130,inf,inf,inf,286.09439001839934,inf
127,131,inf,inf,inf,269.45314991664134,inf
127,132,inf,inf,inf,1254.8948163093191,inf
127,133,inf,inf,inf,1020.8726659089272,inf
127,134,inf,inf,inf,949.7604961252074,inf
127,135,inf,inf,inf,1023.4138947659446,inf
127,136,inf,inf,inf,591.8868135040685,inf
127,137,inf,inf,inf,1052.47612799531,inf
127,138,inf,inf,inf,371.4458237751503,inf
127,139,inf,inf,inf,388.73770077006935,inf
127,140,inf,inf,inf,764.0942350260209,inf
128,129,inf,inf,inf,1221.020065355193,inf
128,130,inf,inf,inf,186.81541692269406,inf
128,131,inf,inf,inf,435.4365625438452,inf
128,132,inf,inf,inf,1453.5133298322378,inf
128,133,inf,inf,inf,1302.0986905761022,inf
128,134,inf,inf,inf,832.2649818417209,inf
128,135,inf,inf,inf,1057.1594014149427,inf
128,136,inf,inf,inf,888.020270038922,inf
128,137,inf,inf,inf,982.6372677646619,inf
128,138,inf,inf,inf,713.5839123747115,inf
128,139,inf,inf,inf,770.4524644648753,inf
128,140,inf,inf,inf,1033.8713653061486,inf
129,130,inf,inf,inf,1318.4119234897719,inf
129,131,inf,inf,inf,913.0262865876316,inf
129,132,inf,inf,inf,560.2472668384916,inf
129,133,inf,inf,inf,801.8035919101386,inf
129,134,inf,inf,inf,524.3138373150188,inf
129,135,inf,inf,inf,164.07315441594946,inf
129,136,inf,inf,inf,831.0006016844994,inf
129,137,inf,inf,inf,363.0674868395682,inf
129,138,inf,inf,inf,1468.0286100754304,inf
129,139,inf,inf,inf,1377.8653780395239,inf
129,140,inf,inf,inf,731.1415731580307,inf
130,131,inf,inf,inf,444.7077692147957,inf
130,132,inf,inf,inf,1483.7321186791098,inf
130,133,inf,inf,inf,1285.753086716108,inf
130,134,inf,inf,inf,978.8283812803959,inf
130,135,inf,inf,inf,1154.913849600913,inf
130,136,inf,inf,inf,858.3938489993973,inf
130,137,inf,inf,inf,1116.5464611918305,inf
130,138,inf,inf,inf,545.9322302264266,inf
130,139,inf,inf,inf,623.0866713387472,inf
130,140,inf,inf,inf,1021.7289268685702,inf
131,132,inf,inf,inf,1039.463323066283,inf
131,133,inf,inf,inf,866.672948695181,inf
131,134,inf,inf,inf,700.5740503330109,inf
131,135,inf,inf,inf,754.912577720096,inf
131,136,inf,inf,inf,456.75485766437123,inf
131,137,inf,inf,inf,789.4966751038285,inf
131,138,inf,inf,inf,607.0527159975483,inf
131,139,inf,inf,inf,571.4962817026897,inf
131,140,inf,inf,inf,598.4688797255877,inf
132,133,inf,inf,inf,385.85230334935153,inf
132,134,inf,inf,inf,1005.906556296359,inf
132,135,inf,inf,inf,611.2683535076882,inf
132,136,inf,inf,inf,698.9198809591841,inf
132,137,inf,inf,inf,882.9818797687753,inf
132,138,inf,inf,inf,1420.198929727804,inf
132,139,inf,inf,inf,1290.0,inf
132,140,inf,inf,inf,522.7169406093512,inf
133,134,inf,inf,inf,1098.6546318111075,inf
133,135,inf,inf,inf,773.8455918334096,inf
133,136,inf,inf,inf,429.13517683825455,inf
133,137,inf,inf,inf,1029.1010640359866,inf
133,138,inf,inf,inf,1107.2691633022207,inf
133,139,inf,inf,inf,965.4895131486411,inf
133,140,inf,inf,inf,268.26293072282647,inf
134,135,inf,inf,inf,402.7766130251358,inf
134,136,inf,inf,inf,899.9272192794259,inf
134,137,inf,inf,inf,175.5135322418189,inf
134,138,inf,inf,inf,1306.7704465589968,inf
134,139,inf,inf,inf,1267.1874368064102,inf
134,140,inf,inf,inf,904.6220205146457,inf
135,136,inf,inf,inf,721.8988848862422,inf
135,137,inf,inf,inf,272.6206155080719,inf
135,138,inf,inf,inf,1322.8590249909473,inf
135,139,inf,inf,inf,1240.2665036192827,inf
135,140,inf,inf,inf,650.7718494218999,inf
136,137,inf,inf,inf,900.0111110425248,inf
136,138,inf,inf,inf,722.0096952257636,inf
136,139,inf,inf,inf,596.9865995145955,inf
136,140,inf,inf,inf,179.13681921927719,inf
137,138,inf,inf,inf,1393.5946325958637,inf
137,139,inf,inf,inf,1337.1316315157608,inf
137,140,inf,inf,inf,869.7827314910317,inf
138,139,inf,inf,inf,150.41608956491322,inf
138,140,inf,inf,inf,897.661406099204,inf
139,140,inf,inf,inf,767.8157331026762,inf
