u,v,unweighted_hops,weighted_cost,path_length_sum,euclidean,tortuosity
0,1,inf,inf,inf,113.59577456930342,inf
0,2,inf,inf,inf,107.78682665335315,inf
0,3,inf,inf,inf,1210.5155926298512,inf
0,4,inf,inf,inf,1270.2519435135694,inf
0,5,inf,inf,inf,787.076235189451,inf
0,6,inf,inf,inf,376.0119678946403,inf
0,7,inf,inf,inf,357.0952253951318,inf
0,8,inf,inf,inf,1321.780995475423,inf
0,9,inf,inf,inf,677.5167894598627,inf
0,10,inf,inf,inf,944.4617514754104,inf
0,11,inf,inf,inf,1108.1195783849323,inf
0,12,inf,inf,inf,907.504820923834,inf
0,13,inf,inf,inf,1362.0003671071458,inf
0,14,inf,inf,inf,613.9657970929651,inf
0,15,inf,inf,inf,1223.0273913531128,inf
0,16,inf,inf,inf,1406.2122883832299,inf
0,17,inf,inf,inf,673.9621651101788,inf
0,18,inf,inf,inf,427.5441497670153,inf
0,19,inf,inf,inf,1424.3405491665258,inf
0,20,inf,inf,inf,1118.2057055837267,inf
0,21,inf,inf,inf,1343.5895950773063,inf
0,22,inf,inf,inf,852.9507605952409,inf
0,23,inf,inf,inf,1418.8967545244438,inf
0,24,inf,inf,inf,503.23056345973265,inf
0,25,inf,inf,inf,1118.8248298996587,inf
0,26,inf,inf,inf,793.5099243235713,inf
0,27,inf,inf,inf,820.6369477424228,inf
0,28,inf,inf,inf,283.18545160371497,inf
0,29,inf,inf,inf,1220.780488048527,inf
0,30,inf,inf,inf,728.6590423510848,inf
0,31,inf,inf,inf,1001.5113578986511,inf
0,32,inf,inf,inf,1048.2103796471392,inf
0,33,inf,inf,inf,795.3426934347232,inf
0,34,inf,inf,inf,729.4559616590984,inf
0,35,inf,inf,inf,715.649355480741,inf
0,36,inf,inf,inf,1252.913803898736,inf
0,37,inf,inf,inf,1040.2124782946992,inf
0,38,inf,inf,inf,137.90213921473443,inf
0,39,inf,inf,inf,1162.1101496846156,inf
0,40,inf,inf,inf,491.6746892000848,inf
0,41,inf,inf,inf,1430.6481048811409,inf
0,42,inf,inf,inf,1234.3423350108349,inf
0,43,inf,inf,inf,158.59697348940804,inf
0,44,inf,inf,inf,785.6933243957212,inf
0,45,inf,inf,inf,1006.4720562439874,inf
0,46,inf,inf,inf,685.9307545226413,inf
0,47,inf,inf,inf,1030.4833817194724,inf
0,48,inf,inf,inf,536.6348851873124,inf
0,49,inf,inf,inf,1170.3849793978047,inf
0,50,inf,inf,inf,790.2866568530687,inf
0,51,inf,inf,inf,1475.4151958008295,inf
0,52,inf,inf,inf,886.2505289138055,inf
0,53,inf,inf,inf,462.73102338183463,inf
0,54,inf,inf,inf,1112.4679770672053,inf
0,55,inf,inf,inf,1196.537086763298,inf
0,56,inf,inf,inf,813.5484005269755,inf
0,57,inf,inf,inf,1194.4354314905431,inf
0,58,inf,inf,inf,781.5113562834516,inf
0,59,inf,inf,inf,739.0223271322727,inf
0,60,inf,inf,inf,942.9931070797919,inf
0,61,inf,inf,inf,579.6153897197693,inf
0,62,inf,inf,inf,120.5404496424333,inf
0,63,inf,inf,inf,1350.9555877230014,inf
0,64,inf,inf,inf,848.9387492628664,inf
0,65,inf,inf,inf,1210.4751133336033,inf
0,66,inf,inf,inf,900.6358864713309,inf
0,67,inf,inf,inf,1439.4234957093065,inf
0,68,inf,inf,inf,617.4504028664975,inf
0,69,inf,inf,inf,297.8355250805384,inf
0,70,inf,inf,inf,1233.0360903071735,inf
0,71,inf,inf,inf,1331.25241783818,inf
0,72,inf,inf,inf,942.7581874478736,inf
0,73,inf,inf,inf,730.6449206009715,inf
0,74,inf,inf,inf,1364.7728748769885,inf
0,75,inf,inf,inf,1470.8857875443628,inf
0,76,inf,inf,inf,1054.1921077298957,inf
0,77,inf,inf,inf,449.1970614329528,inf
0,78,inf,inf,inf,1060.024528018102,inf
0,79,inf,inf,inf,1093.7024275368506,inf
0,80,inf,inf,inf,95.96353474106714,inf
0,81,inf,inf,inf,1224.601159561757,inf
0,82,inf,inf,inf,1360.2679883023052,inf
0,83,inf,inf,inf,331.80265218952064,inf
0,84,inf,inf,inf,1138.1621149906546,inf
0,85,inf,inf,inf,1361.171921544079,inf
0,86,inf,inf,inf,1022.3135526833242,inf
1,2,2.0,6.8284,6.82842712474619,5.830951894845301,1.1710655906427012
1,3,inf,inf,inf,1258.2289139898194,inf
1,4,inf,inf,inf,1208.716674824998,inf
1,5,inf,inf,inf,882.0957997859416,inf
1,6,inf,inf,inf,480.31343932894487,inf
1,7,inf,inf,inf,382.3414704161713,inf
1,8,inf,inf,inf,1329.4739561194872,inf
1,9,inf,inf,inf,655.2198104453191,inf
1,10,inf,inf,inf,931.2786908332006,inf
1,11,inf,inf,inf,1131.7866406704047,inf
1,12,inf,inf,inf,900.2627394266632,inf
1,13,inf,inf,inf,1370.4426292260468,inf
1,14,inf,inf,inf,589.9711857370663,inf
1,15,inf,inf,inf,1216.4292005702594,inf
1,16,inf,inf,inf,1367.0131674567,inf
1,17,inf,inf,inf,571.1716029355802,inf
1,18,inf,inf,inf,356.0589838776716,inf
1,19,inf,inf,inf,1389.7661673821246,inf
1,20,inf,inf,inf,1129.7468743041513,inf
1,21,inf,inf,inf,1342.1285333379958,inf
1,22,inf,inf,inf,758.5730024196748,inf
1,23,inf,inf,inf,1383.567851606852,inf
1,24,inf,inf,inf,395.55151371218386,inf
1,25,inf,inf,inf,1120.880457497587,inf
1,26,inf,inf,inf,805.0801202364893,inf
1,27,inf,inf,inf,827.575374210712,inf
1,28,inf,inf,inf,385.25056781268995,inf
1,29,inf,inf,inf,1282.3778694285081,inf
1,30,inf,inf,inf,653.8317826474942,inf
1,31,inf,inf,inf,990.2671356760255,inf
1,32,inf,inf,inf,1100.9836511047745,inf
1,33,inf,inf,inf,761.998687662912,inf
1,34,inf,inf,inf,825.6791144264217,inf
1,35,inf,inf,inf,755.291996515255,inf
1,36,inf,inf,inf,1259.5034735958452,inf
1,37,inf,inf,inf,1074.3416588776588,inf
1,38,inf,inf,inf,247.8003228407905,inf
1,39,inf,inf,inf,1153.1886229060708,inf
1,40,inf,inf,inf,561.8611928225689,inf
1,41,inf,inf,inf,1433.798451666063,inf
1,42,inf,inf,inf,1231.1413403829797,inf
1,43,inf,inf,inf,46.52956049652737,inf
1,44,inf,inf,inf,688.0247088586282,inf
1,45,inf,inf,inf,921.0135721041248,inf
1,46,inf,inf,inf,785.6214100952188,inf
1,47,inf,inf,inf,1110.0198196428746,inf
1,48,inf,inf,inf,641.5894325813043,inf
1,49,inf,inf,inf,1098.856223534271,inf
1,50,inf,inf,inf,854.8947303615809,inf
1,51,inf,inf,inf,1471.9707877536157,inf
1,52,inf,inf,inf,966.084882399057,inf
1,53,inf,inf,inf,535.0588752651431,inf
1,54,inf,inf,inf,1079.0203890566665,inf
1,55,inf,inf,inf,1183.3110326537144,inf
1,56,inf,inf,inf,809.8401076755831,inf
1,57,inf,inf,inf,1229.674753745884,inf
1,58,inf,inf,inf,747.2295497368931,inf
1,59,inf,inf,inf,785.3979882836472,inf
1,60,inf,inf,inf,853.2408804083404,inf
1,61,inf,inf,inf,534.6643807099927,inf
1,62,inf,inf,inf,170.13524032369074,inf
1,63,inf,inf,inf,1347.2004305224966,inf
1,64,inf,inf,inf,766.627027960794,inf
1,65,inf,inf,inf,1273.6223930192182,inf
1,66,inf,inf,inf,913.8604926355007,inf
1,67,inf,inf,inf,1462.114906565144,inf
1,68,inf,inf,inf,588.102882155835,inf
1,69,inf,inf,inf,300.0166662037294,inf
1,70,inf,inf,inf,1248.772997786227,inf
1,71,inf,inf,inf,1378.0293901074824,inf
1,72,inf,inf,inf,855.9234778880644,inf
1,73,inf,inf,inf,780.8008709011536,inf
1,74,inf,inf,inf,1393.634457094112,inf
1,75,inf,inf,inf,1456.8805716324177,inf
1,76,inf,inf,inf,990.8486261785904,inf
1,77,inf,inf,inf,382.510130584799,inf
1,78,inf,inf,inf,1087.685616343252,inf
1,79,inf,inf,inf,1071.9948693907074,inf
1,80,inf,inf,inf,209.124364912365,inf
1,81,inf,inf,inf,1246.7076642100185,inf
1,82,inf,inf,inf,1369.6499552805453,inf
1,83,inf,inf,inf,220.29298672449835,inf
1,84,inf,inf,inf,1170.9248481435518,inf
1,85,inf,inf,inf,1367.3920432706927,inf
1,86,inf,inf,inf,1035.842169444747,inf
2,3,inf,inf,inf,1255.1438164608867,inf
2,4,inf,inf,inf,1211.2580237092343,inf
2,5,inf,inf,inf,876.8722826044851,inf
2,6,inf,inf,inf,474.70095849913764,inf
2,7,inf,inf,inf,379.80652969637055,inf
2,8,inf,inf,inf,1328.3557505427527,inf
2,9,inf,inf,inf,655.4120841119731,inf
2,10,inf,inf,inf,931.1294217239621,inf
2,11,inf,inf,inf,1129.8340586121485,inf
2,12,inf,inf,inf,899.7938652824879,inf
2,13,inf,inf,inf,1369.2936135102655,inf
2,14,inf,inf,inf,590.2033547854502,inf
2,15,inf,inf,inf,1216.0172696142106,inf
2,16,inf,inf,inf,1368.3482743804664,inf
2,17,inf,inf,inf,576.105025147325,inf
2,18,inf,inf,inf,358.77569594385847,inf
2,19,inf,inf,inf,1390.8558516251783,inf
2,20,inf,inf,inf,1128.3944345839357,inf
2,21,inf,inf,inf,1341.477170882904,inf
2,22,inf,inf,inf,762.9842724460315,inf
2,23,inf,inf,inf,1384.6970787865482,inf
2,24,inf,inf,inf,400.8054390848507,inf
2,25,inf,inf,inf,1120.0040178499362,inf
2,26,inf,inf,inf,803.6168241145776,inf
2,27,inf,inf,inf,826.3540403483244,inf
2,28,inf,inf,inf,379.68407920269715,inf
2,29,inf,inf,inf,1278.6496783716798,inf
2,30,inf,inf,inf,657.0007610345668,inf
2,31,inf,inf,inf,990.0368680003791,inf
2,32,inf,inf,inf,1097.6342742462082,inf
2,33,inf,inf,inf,762.8499197089818,inf
2,34,inf,inf,inf,820.4023403184561,inf
2,35,inf,inf,inf,752.4493338424853,inf
2,36,inf,inf,inf,1258.4279876099388,inf
2,37,inf,inf,inf,1071.8675291284833,inf
2,38,inf,inf,inf,242.00206610688264,inf
2,39,inf,inf,inf,1152.8824744959913,inf
2,40,inf,inf,inf,557.5607590209339,inf
2,41,inf,inf,inf,1432.9270742085935,inf
2,42,inf,inf,inf,1230.5580035089772,inf
2,43,inf,inf,inf,51.97114584074513,inf
2,44,inf,inf,inf,692.6355463012276,inf
2,45,inf,inf,inf,924.8999945940102,inf
2,46,inf,inf,inf,780.2083055184686,inf
2,47,inf,inf,inf,1105.4673219955441,inf
2,48,inf,inf,inf,635.9756284638587,inf
2,49,inf,inf,inf,1101.9496358727108,inf
2,50,inf,inf,inf,850.9506448672566,inf
2,51,inf,inf,inf,1471.4414701237695,inf
2,52,inf,inf,inf,961.499869994791,inf
2,53,inf,inf,inf,530.6543130890392,inf
2,54,inf,inf,inf,1079.9893517993592,inf
2,55,inf,inf,inf,1183.23497243785,inf
2,56,inf,inf,inf,809.1507894082537,inf
2,57,inf,inf,inf,1227.1796934434662,inf
2,58,inf,inf,inf,748.124321219408,inf
2,59,inf,inf,inf,782.2557126669002,inf
2,60,inf,inf,inf,857.3785628297455,inf
2,61,inf,inf,inf,536.0037313302959,inf
2,62,inf,inf,inf,165.72265988693277,inf
2,63,inf,inf,inf,1346.667367986616,inf
2,64,inf,inf,inf,770.2889068395052,inf
2,65,inf,inf,inf,1269.8220347749523,inf
2,66,inf,inf,inf,912.3601262659389,inf
2,67,inf,inf,inf,1460.2691532727795,inf
2,68,inf,inf,inf,588.6229693105767,inf
2,69,inf,inf,inf,298.3756022197525,inf
2,70,inf,inf,inf,1247.236946213509,inf
2,71,inf,inf,inf,1375.0058181695088,inf
2,72,inf,inf,inf,859.8819686445344,inf
2,73,inf,inf,inf,777.4831187877973,inf
2,74,inf,inf,inf,1391.47583521957,inf
2,75,inf,inf,inf,1456.8942995289672,inf
2,76,inf,inf,inf,993.4510556640423,inf
2,77,inf,inf,inf,384.9623358200124,inf
2,78,inf,inf,inf,1085.527521530431,inf
2,79,inf,inf,inf,1072.3362345831647,inf
2,80,inf,inf,inf,203.2953516438583,inf
2,81,inf,inf,inf,1244.8558149440441,inf
2,82,inf,inf,inf,1368.4535067001727,inf
2,83,inf,inf,inf,225.83400983908513,inf
2,84,inf,inf,inf,1168.537975420568,inf
2,85,inf,inf,inf,1366.3546391768134,inf
2,86,inf,inf,inf,1034.3659893867355,inf
3,4,inf,inf,inf,1192.4730604923534,inf
3,5,inf,inf,inf,686.6330897939598,inf
3,6,inf,inf,inf,959.12303694573,inf
3,7,inf,inf,inf,878.7860945645419,inf
3,8,inf,inf,inf,474.0516849458506,inf
3,9,inf,inf,inf,800.3530470985913,inf
3,10,inf,inf,inf,655.2220997493903,inf
3,11,inf,inf,inf,286.23242304113626,inf
3,12,inf,inf,inf,616.2312877483583,inf
3,13,inf,inf,inf,482.2001659062344,inf
3,14,inf,inf,inf,837.37327399434,inf
3,15,inf,inf,inf,597.3005943409064,inf
3,16,inf,inf,inf,1013.3118967030832,inf
3,17,inf,inf,inf,1378.9709931684567,inf
3,18,inf,inf,inf,1119.8080192604446,inf
3,19,inf,inf,inf,971.9927983272304,inf
3,20,inf,inf,inf,404.2820797413608,inf
3,21,inf,inf,inf,580.1180914262198,inf
3,22,inf,inf,inf,1364.6673587361868,inf
3,23,inf,inf,inf,977.4456506629921,inf
3,24,inf,inf,inf,1358.8866766585063,inf
3,25,inf,inf,inf,498.20578077738116,inf
3,26,inf,inf,inf,545.1843724832912,inf
3,27,inf,inf,inf,555.1549333294265,inf
3,28,inf,inf,inf,998.5639689073505,inf
3,29,inf,inf,inf,174.23260314877925,inf
3,30,inf,inf,inf,1144.1695678525975,inf
3,31,inf,inf,inf,630.5180409790032,inf
3,32,inf,inf,inf,169.84993376507393,inf
3,33,inf,inf,inf,836.6086301252217,inf
3,34,inf,inf,inf,720.623341281699,inf
3,35,inf,inf,inf,505.0089108124727,inf
3,36,inf,inf,inf,465.249395485905,inf
3,37,inf,inf,inf,229.96086623597503,inf
3,38,inf,inf,inf,1122.567147212139,inf
3,39,inf,inf,inf,610.3179499244635,inf
3,40,inf,inf,inf,733.1057222529367,inf
3,41,inf,inf,inf,571.1829829397931,inf
3,42,inf,inf,inf,564.4156269984027,inf
3,43,inf,inf,inf,1266.9352785363583,inf
3,44,inf,inf,inf,1371.3037592014396,inf
3,45,inf,inf,inf,1334.8026071296085,inf
3,46,inf,inf,inf,777.8129595217606,inf
3,47,inf,inf,inf,424.28763828327595,inf
3,48,inf,inf,inf,895.0715055234414,inf
3,49,inf,inf,inf,1255.8077082101383,inf
3,50,inf,inf,inf,446.92393088757285,inf
3,51,inf,inf,inf,664.5916039192791,inf
3,52,inf,inf,inf,480.02083288124066,inf
3,53,inf,inf,inf,763.698893543784,inf
3,54,inf,inf,inf,844.289642243703,inf
3,55,inf,inf,inf,659.8825653099194,inf
3,56,inf,inf,inf,626.84368067326,inf
3,57,inf,inf,inf,146.01369798755184,inf
3,58,inf,inf,inf,845.6500458227387,inf
3,59,inf,inf,inf,473.0010570812712,inf
3,60,inf,inf,inf,1353.7385271905355,inf
3,61,inf,inf,inf,958.2035274408042,inf
3,62,inf,inf,inf,1097.437925351589,inf
3,63,inf,inf,inf,607.5236620906218,inf
3,64,inf,inf,inf,1239.4002581894197,inf
3,65,inf,inf,inf,193.02331465395574,inf
3,66,inf,inf,inf,467.67189353220704,inf
3,67,inf,inf,inf,378.3437590340298,inf
3,68,inf,inf,inf,863.3568207873266,inf
3,69,inf,inf,inf,971.852869522954,inf
3,70,inf,inf,inf,363.1886562105155,inf
3,71,inf,inf,inf,120.93386622447825,inf
3,72,inf,inf,inf,1321.4692580608903,inf
3,73,inf,inf,inf,479.8770675912738,inf
3,74,inf,inf,inf,271.93565415369864,inf
3,75,inf,inf,inf,774.0523238128027,inf
3,76,inf,inf,inf,1122.004010688019,inf
3,77,inf,inf,inf,1094.8068322768177,inf
3,78,inf,inf,inf,268.83452159274486,inf
3,79,inf,inf,inf,727.6791875545157,inf
3,80,inf,inf,inf,1165.7568357080304,inf
3,81,inf,inf,inf,292.7456233660889,inf
3,82,inf,inf,inf,471.4541335061132,inf
3,83,inf,inf,inf,1327.6885930066583,inf
3,84,inf,inf,inf,186.07794065928394,inf
3,85,inf,inf,inf,505.47898076972496,inf
3,86,inf,inf,inf,408.0600446012817,inf
4,5,inf,inf,inf,1489.0443243906475,inf
4,6,inf,inf,inf,1376.5264254637468,inf
4,7,inf,inf,inf,1018.1222912793925,inf
4,8,inf,inf,inf,811.276155202407,inf
4,9,inf,inf,inf,666.4780566530304,inf
4,10,inf,inf,inf,573.4282867107272,inf
4,11,inf,inf,inf,906.3316170144348,inf
4,12,inf,inf,inf,629.6864298998352,inf
4,13,inf,inf,inf,836.775358145781,inf
4,14,inf,inf,inf,709.4237097813972,inf
4,15,inf,inf,inf,625.7219829924469,inf
4,16,inf,inf,inf,323.4269623887285,inf
4,17,inf,inf,inf,784.3602488652774,inf
4,18,inf,inf,inf,852.8645847964376,inf
4,19,inf,inf,inf,384.9597381545244,inf
4,20,inf,inf,inf,789.2908209272423,inf
4,21,inf,inf,inf,719.992361070588,inf
4,22,inf,inf,inf,593.4585073954202,inf
4,23,inf,inf,inf,373.56659379553736,inf
4,24,inf,inf,inf,931.6957657948221,inf
4,25,inf,inf,inf,696.0208330215411,inf
4,26,inf,inf,inf,792.531387391061,inf
4,27,inf,inf,inf,754.6025443900915,inf
4,28,inf,inf,inf,1321.8993910279255,inf
4,29,inf,inf,inf,1350.1381410803858,inf
4,30,inf,inf,inf,565.3777498274936,inf
4,31,inf,inf,inf,575.1565004414016,inf
4,32,inf,inf,inf,1174.1537378043813,inf
4,33,inf,inf,inf,534.0131084533413,inf
4,34,inf,inf,inf,1471.1498903918662,inf
4,35,inf,inf,inf,993.1777283044561,inf
4,36,inf,inf,inf,773.9179543078194,inf
4,37,inf,inf,inf,989.663579202549,inf
4,38,inf,inf,inf,1313.1980048720757,inf
4,39,inf,inf,inf,591.2021650839922,inf
4,40,inf,inf,inf,1178.753578997748,inf
4,41,inf,inf,inf,810.9611581327431,inf
4,42,inf,inf,inf,664.4885251078456,inf
4,43,inf,inf,inf,1174.5369300281707,inf
4,44,inf,inf,inf,666.7008324578574,inf
4,45,inf,inf,inf,410.4655893007354,inf
4,46,inf,inf,inf,1486.5116884841505,inf
4,47,inf,inf,inf,1447.680904066915,inf
4,48,inf,inf,inf,1464.4469946023994,inf
4,49,inf,inf,inf,166.1114083980989,inf
4,50,inf,inf,inf,1196.572187542398,inf
4,51,inf,inf,inf,760.7220254468776,inf
4,52,inf,inf,inf,1376.72800509033,inf
4,53,inf,inf,inf,1188.2844777240844,inf
4,54,inf,inf,inf,348.8337713008877,inf
4,55,inf,inf,inf,550.8983572311683,inf
4,56,inf,inf,inf,685.2276993817457,inf
4,57,inf,inf,inf,1053.2160272232852,inf
4,58,inf,inf,inf,541.2023651093923,inf
4,59,inf,inf,inf,1042.0489431883707,inf
4,60,inf,inf,inf,492.83668694609173,inf
4,61,inf,inf,inf,697.2531821368763,inf
4,62,inf,inf,inf,1177.8089828151253,inf
4,63,inf,inf,inf,697.699792174256,inf
4,64,inf,inf,inf,493.0365098042943,inf
4,65,inf,inf,inf,1361.91409420712,inf
4,66,inf,inf,inf,789.8259301896843,inf
4,67,inf,inf,inf,1033.4950411105028,inf
4,68,inf,inf,inf,691.755014437915,inf
4,69,inf,inf,inf,1008.5127664040748,inf
4,70,inf,inf,inf,863.7974299568158,inf
4,71,inf,inf,inf,1244.2495730358921,inf
4,72,inf,inf,inf,462.3905275846381,inf
4,73,inf,inf,inf,1069.202506544013,inf
4,74,inf,inf,inf,1062.762908648961,inf
4,75,inf,inf,inf,640.1757571167468,inf
4,76,inf,inf,inf,218.2131985009156,inf
4,77,inf,inf,inf,826.3377033634614,inf
4,78,inf,inf,inf,932.9222904400988,inf
4,79,inf,inf,inf,464.9655901246887,inf
4,80,inf,inf,inf,1317.4160314798055,inf
4,81,inf,inf,inf,927.6055196041041,inf
4,82,inf,inf,inf,846.3196795537724,inf
4,83,inf,inf,inf,1067.224906006227,inf
4,84,inf,inf,inf,1006.4179052461259,inf
4,85,inf,inf,inf,811.971058597534,inf
4,86,inf,inf,inf,794.2575149156601,inf
5,6,inf,inf,inf,419.59265961167625,inf
5,7,inf,inf,inf,624.0208329855662,inf
5,8,inf,inf,inf,1057.54905323583,inf
5,9,inf,inf,inf,851.46931829632,inf
5,10,inf,inf,inf,935.6222528349782,inf
5,11,inf,inf,inf,789.0678044376161,inf
5,12,inf,inf,inf,876.4884482980937,inf
5,13,inf,inf,inf,1083.9077451517726,inf
5,14,inf,inf,inf,835.3520216052631,inf
5,15,inf,inf,inf,1081.1849980461252,inf
5,16,inf,inf,inf,1448.027624045895,inf
5,17,inf,inf,inf,1276.0438863926272,inf
5,18,inf,inf,inf,957.300893136531,inf
5,19,inf,inf,inf,1431.156525331873,inf
5,20,inf,inf,inf,881.5446670475637,inf
5,21,inf,inf,inf,1138.16694733242,inf
5,22,inf,inf,inf,1367.5803449889152,inf
5,23,inf,inf,inf,1431.8536936433136,inf
5,24,inf,inf,inf,1167.2060657827305,inf
5,25,inf,inf,inf,947.4259865551504,inf
5,26,inf,inf,inf,702.6841395677008,inf
5,27,inf,inf,inf,743.1877286392719,inf
5,28,inf,inf,inf,505.3958844312051,inf
5,29,inf,inf,inf,594.5300665231322,inf
5,30,inf,inf,inf,1155.1073543182035,inf
5,31,inf,inf,inf,958.5843729166463,inf
5,32,inf,inf,inf,532.4960093747183,inf
5,33,inf,inf,inf,969.8273042145183,inf
5,34,inf,inf,inf,59.20304046246274,inf
5,35,inf,inf,inf,498.169649818212,inf
5,36,inf,inf,inf,1012.5927118047018,inf
5,37,inf,inf,inf,669.3168158652522,inf
5,38,inf,inf,inf,655.3548657025444,inf
5,39,inf,inf,inf,1052.3825350128157,inf
5,40,inf,inf,inf,375.2878894928532,inf
5,41,inf,inf,inf,1175.8507558359606,inf
5,42,inf,inf,inf,1066.3629776019045,inf
5,43,inf,inf,inf,913.5261353677846,inf
5,44,inf,inf,inf,1334.1218085317398,inf
5,45,inf,inf,inf,1434.1635192682877,inf
5,46,inf,inf,inf,117.00427342623003,inf
5,47,inf,inf,inf,311.0064308016797,inf
5,48,inf,inf,inf,278.33792411383683,inf
5,49,inf,inf,inf,1474.8240573031076,inf
5,50,inf,inf,inf,317.5436977803212,inf
5,51,inf,inf,inf,1258.2611016796156,inf
5,52,inf,inf,inf,206.7873303662485,inf
5,53,inf,inf,inf,387.6041795440292,inf
5,54,inf,inf,inf,1178.717947602394,inf
5,55,inf,inf,inf,1106.5369401877192,inf
5,56,inf,inf,inf,806.0024813857585,inf
5,57,inf,inf,inf,765.7342881182741,inf
5,58,inf,inf,inf,967.3494714941442,inf
5,59,inf,inf,inf,454.0407470701281,inf
5,60,inf,inf,inf,1410.7873688121822,inf
5,61,inf,inf,inf,920.0831484164896,inf
5,62,inf,inf,inf,718.0842568946906,inf
5,63,inf,inf,inf,1159.8318843694547,inf
5,64,inf,inf,inf,1287.2420129874567,inf
5,65,inf,inf,inf,575.1252037600161,inf
5,66,inf,inf,inf,739.7959178043632,inf
5,67,inf,inf,inf,1047.0324732308927,inf
5,68,inf,inf,inf,862.7085255171645,inf
5,69,inf,inf,inf,711.2671790543973,inf
5,70,inf,inf,inf,933.7371150382746,inf
5,71,inf,inf,inf,789.6328260653809,inf
5,72,inf,inf,inf,1390.9723217950816,inf
5,73,inf,inf,inf,425.61132503729266,inf
5,74,inf,inf,inf,942.9528089994748,inf
5,75,inf,inf,inf,1327.621180909675,inf
5,76,inf,inf,inf,1327.2415002553228,inf
5,77,inf,inf,inf,950.2047147851878,inf
5,78,inf,inf,inf,728.9890259805013,inf
5,79,inf,inf,inf,1088.699223844676,inf
5,80,inf,inf,inf,703.8082125124713,inf
5,81,inf,inf,inf,882.3973028063946,inf
5,82,inf,inf,inf,1075.982341862542,inf
5,83,inf,inf,inf,1050.2209291382458,inf
5,84,inf,inf,inf,743.6464213589682,inf
5,85,inf,inf,inf,1098.7301761579138,inf
5,86,inf,inf,inf,805.7505817559178,inf
6,7,inf,inf,inf,363.4116123626211,inf
6,8,inf,inf,inf,1192.478092041946,inf
6,9,inf,inf,inf,712.5292976432618,inf
6,10,inf,inf,inf,912.230782203714,inf
6,11,inf,inf,inf,939.5328626503705,inf
6,12,inf,inf,inf,859.7732259148339,inf
6,13,inf,inf,inf,1228.2581161954517,inf
6,14,inf,inf,inf,667.1708926504513,inf
6,15,inf,inf,inf,1146.321508129373,inf
6,16,inf,inf,inf,1428.863184493183,inf
6,17,inf,inf,inf,961.2627112293496,inf
6,18,inf,inf,inf,653.4011019274454,inf
6,19,inf,inf,inf,1430.4226648092515,inf
6,20,inf,inf,inf,988.7694372299338,inf
6,21,inf,inf,inf,1243.122680993312,inf
6,22,inf,inf,inf,1098.643709307071,inf
6,23,inf,inf,inf,1427.7874491674172,inf
6,24,inf,inf,inf,819.5315735223385,inf
6,25,inf,inf,inf,1020.6517525581387,inf
6,26,inf,inf,inf,698.4275195036347,inf
6,27,inf,inf,inf,737.0549504616328,inf
6,28,inf,inf,inf,95.77577981932593,inf
6,29,inf,inf,inf,927.4416423689418,inf
6,30,inf,inf,inf,917.8981424973034,inf
6,31,inf,inf,inf,957.2094859538323,inf
6,32,inf,inf,inf,789.3047573656198,inf
6,33,inf,inf,inf,846.3362216046291,inf
6,34,inf,inf,inf,360.6341636617363,inf
6,35,inf,inf,inf,536.6907862074772,inf
6,36,inf,inf,inf,1130.979221736633,inf
6,37,inf,inf,inf,842.2404644755558,inf
6,38,inf,inf,inf,239.63305281200255,inf
6,39,inf,inf,inf,1097.116675654873,inf
6,40,inf,inf,inf,252.87348615463821,inf
6,41,inf,inf,inf,1310.9588094215624,inf
6,42,inf,inf,inf,1145.7137513358211,inf
6,43,inf,inf,inf,517.79532635975,inf
6,44,inf,inf,inf,1047.3418735064497,inf
6,45,inf,inf,inf,1211.262564434318,inf
6,46,inf,inf,inf,312.23708940483033,inf
6,47,inf,inf,inf,693.4298810982982,inf
6,48,inf,inf,inf,161.27616066858735,inf
6,49,inf,inf,inf,1316.8021871184753,inf
6,50,inf,inf,inf,512.3280199247354,inf
6,51,inf,inf,inf,1375.3446840701424,inf
6,52,inf,inf,inf,553.2314163168971,inf
6,53,inf,inf,inf,226.99118925632334,inf
6,54,inf,inf,inf,1132.5060706239062,inf
6,55,inf,inf,inf,1143.4832749104817,inf
6,56,inf,inf,inf,766.2649672273945,inf
6,57,inf,inf,inf,983.0203456694068,inf
6,58,inf,inf,inf,837.3559577622888,inf
6,59,inf,inf,inf,532.0911576036573,inf
6,60,inf,inf,inf,1166.7960404458013,inf
6,61,inf,inf,inf,701.9237850365238,inf
6,62,inf,inf,inf,333.1200984630018,inf
6,63,inf,inf,inf,1257.656550891379,inf
6,64,inf,inf,inf,1052.2784802513067,inf
6,65,inf,inf,inf,913.0197150116749,inf
6,66,inf,inf,inf,785.6844150166147,inf
6,67,inf,inf,inf,1256.5735155572872,inf
6,68,inf,inf,inf,686.0466456444489,inf
6,69,inf,inf,inf,407.15230565477583,inf
6,70,inf,inf,inf,1082.3774757449455,inf
6,71,inf,inf,inf,1077.9063039058635,inf
6,72,inf,inf,inf,1155.9628021696892,inf
6,73,inf,inf,inf,511.4968230595377,inf
6,74,inf,inf,inf,1165.474152437539,inf
6,75,inf,inf,inf,1405.8449416631977,inf
6,76,inf,inf,inf,1178.7671525793378,inf
6,77,inf,inf,inf,658.368437882619,inf
6,78,inf,inf,inf,881.832750582558,inf
6,79,inf,inf,inf,1076.1356791780486,inf
6,80,inf,inf,inf,287.08883642524313,inf
6,81,inf,inf,inf,1053.7442763782872,inf
6,82,inf,inf,inf,1223.5571094150039,inf
6,83,inf,inf,inf,674.2655263321714,inf
6,84,inf,inf,inf,937.9509582062379,inf
6,85,inf,inf,inf,1234.6991536402704,inf
6,86,inf,inf,inf,894.0022371336662,inf
7,8,inf,inf,inf,965.206713611131,inf
7,9,inf,inf,inf,363.7059251648232,inf
7,10,inf,inf,inf,604.5965596991105,inf
7,11,inf,inf,inf,753.1015867729931,inf
7,12,inf,inf,inf,561.7419336314497,inf
7,13,inf,inf,inf,1005.2591705624973,inf
7,14,inf,inf,inf,310.67185260335384,inf
7,15,inf,inf,inf,873.6595446740108,inf
7,16,inf,inf,inf,1098.0719466410205,inf
7,17,inf,inf,inf,652.0812832768627,inf
7,18,inf,inf,inf,333.28216273902206,inf
7,19,inf,inf,inf,1107.630353502467,inf
7,20,inf,inf,inf,761.2128480260958,inf
7,21,inf,inf,inf,990.3585209407753,inf
7,22,inf,inf,inf,757.1168998245912,inf
7,23,inf,inf,inf,1103.5601478850167,inf
7,24,inf,inf,inf,551.4526271584895,inf
7,25,inf,inf,inf,764.5456166900703,inf
7,26,inf,inf,inf,436.9359220755373,inf
7,27,inf,inf,inf,465.50832430795475,inf
7,28,inf,inf,inf,303.9029450334432,inf
7,29,inf,inf,inf,915.3665932291827,inf
7,30,inf,inf,inf,561.4240821339961,inf
7,31,inf,inf,inf,658.48462396627,inf
7,32,inf,inf,inf,725.8498467314022,inf
7,33,inf,inf,inf,495.68235796727726,inf
7,34,inf,inf,inf,579.193404658582,inf
7,35,inf,inf,inf,374.16172973728885,inf
7,36,inf,inf,inf,896.6660470877661,inf
7,37,inf,inf,inf,692.075862893657,inf
7,38,inf,inf,inf,326.6863939621606,inf
7,39,inf,inf,inf,815.0809775721674,inf
7,40,inf,inf,inf,249.56962956257317,inf
7,41,inf,inf,inf,1075.1916108303674,inf
7,42,inf,inf,inf,882.5281865187083,inf
7,43,inf,inf,inf,388.25249516261965,inf
7,44,inf,inf,inf,715.964384589066,inf
7,45,inf,inf,inf,853.6070524544651,inf
7,46,inf,inf,inf,563.5601121442148,inf
7,47,inf,inf,inf,781.4608115574318,inf
7,48,inf,inf,inf,480.5767368485495,inf
7,49,inf,inf,inf,953.5806206084518,inf
7,50,inf,inf,inf,500.371861718862,inf
7,51,inf,inf,inf,1122.9162925169444,inf
7,52,inf,inf,inf,643.6808215256999,inf
7,53,inf,inf,inf,236.9155967850154,inf
7,54,inf,inf,inf,799.6061530528639,inf
7,55,inf,inf,inf,853.3287760294974,inf
7,56,inf,inf,inf,465.9291791678216,inf
7,57,inf,inf,inf,847.3753595662314,inf
7,58,inf,inf,inf,484.9340161300298,inf
7,59,inf,inf,inf,408.0012254883556,inf
7,60,inf,inf,inf,815.0098158918088,inf
7,61,inf,inf,inf,339.0235979987234,inf
7,62,inf,inf,inf,236.57768280207665,inf
7,63,inf,inf,inf,999.0275271482764,inf
7,64,inf,inf,inf,696.5586838163745,inf
7,65,inf,inf,inf,908.777750607925,inf
7,66,inf,inf,inf,543.6248706599064,inf
7,67,inf,inf,inf,1084.3122244077117,inf
7,68,inf,inf,inf,326.43529220965064,inf
7,69,inf,inf,inf,98.89893831583835,inf
7,70,inf,inf,inf,876.0667782766334,inf
7,71,inf,inf,inf,997.8426729700429,inf
7,72,inf,inf,inf,801.1504228295707,inf
7,73,inf,inf,inf,406.9754292337561,inf
7,74,inf,inf,inf,1012.7911926947232,inf
7,75,inf,inf,inf,1126.4759207368793,inf
7,76,inf,inf,inf,816.6517005431385,inf
7,77,inf,inf,inf,327.08561570328953,inf
7,78,inf,inf,inf,707.0,inf
7,79,inf,inf,inf,762.1915769673659,inf
7,80,inf,inf,inf,350.8275929855005,inf
7,81,inf,inf,inf,869.0943562122585,inf
7,82,inf,inf,inf,1003.3902530919861,inf
7,83,inf,inf,inf,466.4011149214804,inf
7,84,inf,inf,inf,788.8852895066557,inf
7,85,inf,inf,inf,1004.8890486018842,inf
7,86,inf,inf,inf,665.2307870205648,inf
8,9,inf,inf,inf,705.6982357920416,inf
8,10,inf,inf,inf,439.0410003632918,inf
8,11,inf,inf,inf,268.9274995235705,inf
8,12,inf,inf,inf,446.15916442453585,inf
8,13,inf,inf,inf,41.593268686170845,inf
8,14,inf,inf,inf,766.9269847905992,inf
8,15,inf,inf,inf,191.9088325221119,inf
8,16,inf,inf,inf,568.6492767954603,inf
8,17,inf,inf,inf,1242.9038579069581,inf
8,18,inf,inf,inf,1074.1066055099,inf
8,19,inf,inf,inf,518.3367631183418,inf
8,20,inf,inf,inf,206.08978625831995,inf
8,21,inf,inf,inf,108.93117092916977,inf
8,22,inf,inf,inf,1157.743494907227,inf
8,23,inf,inf,inf,525.6472201010864,inf
8,24,inf,inf,inf,1287.21870713566,inf
8,25,inf,inf,inf,214.70444802099468,inf
8,26,inf,inf,inf,528.3076755073695,inf
8,27,inf,inf,inf,502.3086700426342,inf
8,28,inf,inf,inf,1195.4685273983587,inf
8,29,inf,inf,inf,648.1975007665487,inf
8,30,inf,inf,inf,970.5756024133308,inf
8,31,inf,inf,inf,381.69359439215117,inf
8,32,inf,inf,inf,552.6029315883151,inf
8,33,inf,inf,inf,660.7276292088897,inf
8,34,inf,inf,inf,1072.5096736160472,inf
8,35,inf,inf,inf,655.7873130825268,inf
8,36,inf,inf,inf,70.61161377563892,inf
8,37,inf,inf,inf,388.2949909540426,inf
8,38,inf,inf,inf,1278.400563203881,inf
8,39,inf,inf,inf,247.19425559668656,inf
8,40,inf,inf,inf,939.6345034107677,inf
8,41,inf,inf,inf,120.10412149464314,inf
8,42,inf,inf,inf,153.88307249337075,inf
8,43,inf,inf,inf,1321.2796827318582,inf
8,44,inf,inf,inf,1191.0134340132356,inf
8,45,inf,inf,inf,1066.1224132340526,inf
8,46,inf,inf,inf,1117.7441567729172,inf
8,47,inf,inf,inf,864.1556572747759,inf
8,48,inf,inf,inf,1187.4788419167728,inf
8,49,inf,inf,inf,917.2153509400069,inf
8,50,inf,inf,inf,748.8471139024307,inf
8,51,inf,inf,inf,201.8539075668341,inf
8,52,inf,inf,inf,869.1472832610133,inf
8,53,inf,inf,inf,966.4227853274156,inf
8,54,inf,inf,inf,496.02620898496883,inf
8,55,inf,inf,inf,268.28715958837836,inf
8,56,inf,inf,inf,525.1304599811365,inf
8,57,inf,inf,inf,333.09608223454086,inf
8,58,inf,inf,inf,675.5005551441094,inf
8,59,inf,inf,inf,665.4179137955334,inf
8,60,inf,inf,inf,1111.264594954775,inf
8,61,inf,inf,inf,869.5958831549285,inf
8,62,inf,inf,inf,1201.3013776733962,inf
8,63,inf,inf,inf,136.82105101189657,inf
8,64,inf,inf,inf,1021.0710063457879,inf
8,65,inf,inf,inf,667.0119938951623,inf
8,66,inf,inf,inf,422.35530066521005,inf
8,67,inf,inf,inf,223.21514285549716,inf
8,68,inf,inf,inf,781.2246795896812,inf
8,69,inf,inf,inf,1031.3723866770915,inf
8,70,inf,inf,inf,124.61540835707277,inf
8,71,inf,inf,inf,476.24573488903815,inf
8,72,inf,inf,inf,1075.0451153323752,inf
8,73,inf,inf,inf,689.7775003579053,inf
8,74,inf,inf,inf,260.89461473936177,inf
8,75,inf,inf,inf,300.00666659259423,inf
8,76,inf,inf,inf,812.4727687744371,inf
8,77,inf,inf,inf,1042.7756230369025,inf
8,78,inf,inf,inf,329.56486463213884,inf
8,79,inf,inf,inf,394.4616584663204,inf
8,80,inf,inf,inf,1310.4686184720335,inf
8,81,inf,inf,inf,186.93581786270923,inf
8,82,inf,inf,inf,44.181444068749045,inf
8,83,inf,inf,inf,1320.0856032848778,inf
8,84,inf,inf,inf,326.0981447355995,inf
8,85,1.0,51.6985,51.69848480983498,42.44997055358225,1.2178685670601077
8,86,inf,inf,inf,302.95214143491376,inf
9,10,inf,inf,inf,279.6587205863604,inf
9,11,inf,inf,inf,573.4003836761883,inf
9,12,inf,inf,inf,259.7537295208675,inf
9,13,inf,inf,inf,747.2723733686399,inf
9,14,1.0,74.0122,74.0121933088197,65.36818798161687,1.1322356576509929
9,15,inf,inf,inf,568.4901054547915,inf
9,16,inf,inf,inf,736.5487085047397,inf
9,17,inf,inf,inf,580.4894486551844,inf
9,18,inf,inf,inf,368.4087403957729,inf
9,19,inf,inf,inf,749.7126116052738,inf
9,20,inf,inf,inf,526.2138348618364,inf
9,21,inf,inf,inf,699.7885394888945,inf
9,22,inf,inf,inf,575.8784593992034,inf
9,23,inf,inf,inf,744.9194587336272,inf
9,24,inf,inf,inf,588.430114796991,inf
9,25,inf,inf,inf,491.01527471149,inf
9,26,inf,inf,inf,255.3918557824427,inf
9,27,inf,inf,inf,248.12899870833317,inf
9,28,inf,inf,inf,665.0751837198559,inf
9,29,inf,inf,inf,902.677129432224,inf
9,30,inf,inf,inf,350.6180257773408,inf
9,31,inf,inf,inf,339.8882169184451,inf
9,32,inf,inf,inf,697.4754475965444,inf
9,33,inf,inf,inf,133.80956617521784,inf
9,34,inf,inf,inf,824.7939136535865,inf
9,35,inf,inf,inf,389.1439322410154,inf
9,36,inf,inf,inf,635.314095546447,inf
9,37,inf,inf,inf,572.5425748361426,inf
9,38,inf,inf,inf,682.6492510799378,inf
9,39,inf,inf,inf,503.2385120397683,inf
9,40,inf,inf,inf,515.190256119038,inf
9,41,inf,inf,inf,797.950499717871,inf
9,42,inf,inf,inf,587.8179990439218,inf
9,43,inf,inf,inf,637.7538710192201,inf
9,44,inf,inf,inf,573.464035489585,inf
9,45,inf,inf,inf,594.4787632876383,inf
9,46,inf,inf,inf,832.2079067156236,inf
9,47,inf,inf,inf,887.25700898894,inf
9,48,inf,inf,inf,798.6438505366457,inf
9,49,inf,inf,inf,627.0773477012226,inf
9,50,inf,inf,inf,599.1276992428242,inf
9,51,inf,inf,inf,825.3974800058454,inf
9,52,inf,inf,inf,781.7294928554251,inf
9,53,inf,inf,inf,522.8546643188716,inf
9,54,inf,inf,inf,438.88039372931667,inf
9,55,inf,inf,inf,529.5129837879332,inf
9,56,inf,inf,inf,189.52572384771415,inf
9,57,inf,inf,inf,711.9051903168005,inf
9,58,inf,inf,inf,125.31959144523253,inf
9,59,inf,inf,inf,444.04166471177,inf
9,60,inf,inf,inf,587.6572130077193,inf
9,61,inf,inf,inf,167.96725871431016,inf
9,62,inf,inf,inf,565.1061847122185,inf
9,63,inf,inf,inf,701.4342449581429,inf
9,64,inf,inf,inf,464.49111939842294,inf
9,65,inf,inf,inf,905.0464076499061,inf
9,66,inf,inf,inf,342.83815423607683,inf
9,67,inf,inf,inf,876.8677209248839,inf
9,68,inf,inf,inf,75.53806987208503,inf
9,69,inf,inf,inf,382.78061601915005,inf
9,70,inf,inf,inf,651.2488003827723,inf
9,71,inf,inf,inf,901.8425583215732,inf
9,72,inf,inf,inf,561.3590651267689,inf
9,73,inf,inf,inf,465.15051327500436,inf
9,74,inf,inf,inf,834.5058418010026,inf
9,75,inf,inf,inf,802.133405363472,inf
9,76,inf,inf,inf,481.3003220443552,inf
9,77,inf,inf,inf,337.1483353065828,inf
9,78,inf,inf,inf,552.4898189107198,inf
9,79,inf,inf,inf,417.40388115109806,inf
9,80,inf,inf,inf,698.4454166218002,inf
9,81,inf,inf,inf,671.6583953171433,inf
9,82,inf,inf,inf,748.7977029879298,inf
9,83,inf,inf,inf,615.6654935920966,inf
9,84,inf,inf,inf,648.3903145482665,inf
9,85,inf,inf,inf,739.1670988348981,inf
9,86,inf,inf,inf,447.7432299879028,inf
10,11,inf,inf,inf,379.51152815164915,inf
10,12,inf,inf,inf,59.135437767890075,inf
10,13,inf,inf,inf,480.0010416655364,inf
10,14,inf,inf,inf,344.5489805528381,inf
10,15,inf,inf,inf,289.03287010303865,inf
10,16,inf,inf,inf,523.3784481615573,inf
10,17,inf,inf,inf,806.2437596657726,inf
10,18,inf,inf,inf,643.4547381129461,inf
10,19,inf,inf,inf,519.2475324929335,inf
10,20,inf,inf,inf,290.99828178186897,inf
10,21,inf,inf,inf,421.7831196242922,inf
10,22,inf,inf,inf,739.6492411947706,inf
10,23,inf,inf,inf,517.2581560497621,inf
10,24,inf,inf,inf,849.266153805743,inf
10,25,inf,inf,inf,228.39658491317246,inf
10,26,inf,inf,inf,234.26907606425564,inf
10,27,inf,inf,inf,193.04144632694815,inf
10,28,inf,inf,inf,885.4343566860279,inf
10,29,inf,inf,inf,796.7063448975413,inf
10,30,inf,inf,inf,537.94423502813,inf
10,31,inf,inf,inf,60.440052945046304,inf
10,32,inf,inf,inf,608.4118670769004,inf
10,33,1.0,289.1198,289.1198410471452,222.40953216982405,1.2999435690840064
10,34,inf,inf,inf,925.7526667528427,inf
10,35,inf,inf,inf,438.71858861917394,inf
10,36,inf,inf,inf,370.59546678285204,inf
10,37,inf,inf,inf,433.4166586553867,inf
10,38,inf,inf,inf,931.2813753103839,inf
10,39,inf,inf,inf,223.5799633240868,inf
10,40,inf,inf,inf,676.0177512462228,inf
10,41,inf,inf,inf,522.296850459583,inf
10,42,inf,inf,inf,310.10482098800077,inf
10,43,inf,inf,inf,915.893552766914,inf
10,44,inf,inf,inf,763.5247212762662,inf
10,45,inf,inf,inf,683.5919835691464,inf
10,46,inf,inf,inf,950.5750890908092,inf
10,47,inf,inf,inf,874.2539676775851,inf
10,48,inf,inf,inf,961.418223251463,inf
10,49,inf,inf,inf,607.6224156497191,inf
10,50,inf,inf,inf,630.4958366238433,inf
10,51,inf,inf,inf,545.8809393997925,inf
10,52,inf,inf,inf,807.034076108314,inf
10,53,inf,inf,inf,694.1123828314836,inf
10,54,inf,inf,inf,243.20567427590993,inf
10,55,inf,inf,inf,252.41434190631878,inf
10,56,inf,inf,inf,145.98972566588375,inf
10,57,inf,inf,inf,532.90524486066,inf
10,58,inf,inf,inf,236.8459414893994,inf
10,59,inf,inf,inf,481.75720025755714,inf
10,60,inf,inf,inf,711.0696168449331,inf
10,61,inf,inf,inf,435.37799668793554,inf
10,62,inf,inf,inf,827.6001449975706,inf
10,63,inf,inf,inf,422.2380844973603,inf
10,64,inf,inf,inf,606.0404276943907,inf
10,65,inf,inf,inf,805.7158307989238,inf
10,66,inf,inf,inf,216.6217902243447,inf
10,67,inf,inf,inf,632.1550442731593,inf
10,68,inf,inf,inf,353.2265561930473,inf
10,69,inf,inf,inf,646.6297240306851,inf
10,70,inf,inf,inf,409.29451498890137,inf
10,71,inf,inf,inf,732.5168940031349,inf
10,72,inf,inf,inf,676.8493185340442,inf
10,73,inf,inf,inf,510.0686228342222,inf
10,74,inf,inf,inf,611.0,inf
10,75,inf,inf,inf,526.6925099144661,inf
10,76,inf,inf,inf,468.6288510111173,inf
10,77,inf,inf,inf,611.4785360092372,inf
10,78,inf,inf,inf,386.39358172723314,inf
10,79,inf,inf,inf,164.13713778423212,inf
10,80,inf,inf,inf,953.795051360616,inf
10,81,inf,inf,inf,448.25885378874557,inf
10,82,inf,inf,inf,483.1035085776132,inf
10,83,inf,inf,inf,893.1298897696796,inf
10,84,inf,inf,inf,474.9747361702515,inf
10,85,inf,inf,inf,468.667259364253,inf
10,86,inf,inf,inf,248.421013603922,inf
11,12,inf,inf,inf,349.54255821001254,inf
11,13,inf,inf,inf,298.0268444284843,inf
11,14,inf,inf,inf,623.0770417853638,inf
11,15,inf,inf,inf,327.8795510549568,inf
11,16,inf,inf,inf,741.1369643999684,inf
11,17,inf,inf,inf,1150.5285741779733,inf
11,18,inf,inf,inf,926.6353112201153,inf
11,19,inf,inf,inf,705.5813206144278,inf
11,20,inf,inf,inf,121.29715577869086,inf
11,21,inf,inf,inf,352.27829907617075,inf
11,22,inf,inf,inf,1110.4773748257999,inf
11,23,inf,inf,inf,709.7527738586163,inf
11,24,inf,inf,inf,1157.9956822026584,inf
11,25,inf,inf,inf,214.448128926321,inf
11,26,inf,inf,inf,337.0237380363585,inf
11,27,inf,inf,inf,328.95592409926286,inf
11,28,inf,inf,inf,951.7420869122054,inf
11,29,inf,inf,inf,447.4483210383072,inf
11,30,inf,inf,inf,897.5661535508121,inf
11,31,inf,inf,inf,348.0,inf
11,32,inf,inf,inf,302.2383165649253,inf
11,33,inf,inf,inf,580.4834192291801,inf
11,34,inf,inf,inf,803.5850919473307,inf
11,35,inf,inf,inf,407.4616546375867,inf
11,36,inf,inf,inf,225.78751072634643,inf
11,37,inf,inf,inf,121.1486689980538,inf
11,38,inf,inf,inf,1048.3711174960897,inf
11,39,inf,inf,inf,329.52845097199116,inf
11,40,inf,inf,inf,688.3843403215968,inf
11,41,inf,inf,inf,388.2949909540426,inf
11,42,inf,inf,inf,301.04152537482264,inf
11,43,inf,inf,inf,1130.6254906024365,inf
11,44,inf,inf,inf,1126.1318750483888,inf
11,45,inf,inf,inf,1063.1034756786378,inf
11,46,inf,inf,inf,849.1372091717569,inf
11,47,inf,inf,inf,613.0097878500799,inf
11,48,inf,inf,inf,923.5691636255511,inf
11,49,inf,inf,inf,971.5606002715425,inf
11,50,inf,inf,inf,480.160389869885,inf
11,51,inf,inf,inf,469.1961210410845,inf
11,52,inf,inf,inf,603.9478454303816,inf
11,53,inf,inf,inf,716.7461196267476,inf
11,54,inf,inf,inf,558.0573447236404,inf
11,55,inf,inf,inf,381.81147180251145,inf
11,56,inf,inf,inf,385.4400083022,inf
11,57,inf,inf,inf,153.63918770938616,inf
11,58,inf,inf,inf,591.7609314579664,inf
11,59,inf,inf,inf,407.6039744654117,inf
11,60,inf,inf,inf,1088.882454629516,inf
11,61,inf,inf,inf,740.3546447480423,inf
11,62,inf,inf,inf,988.3202922130052,inf
11,63,inf,inf,inf,375.96010426639685,inf
11,64,inf,inf,inf,979.96938727697,inf
11,65,inf,inf,inf,461.3772859601998,inf
11,66,inf,inf,inf,232.81322986462774,inf
11,67,inf,inf,inf,331.32008692501574,inf
11,68,inf,inf,inf,644.8395149182469,inf
11,69,inf,inf,inf,832.2649818417209,inf
11,70,inf,inf,inf,147.12239802287073,inf
11,71,inf,inf,inf,353.16285195359944,inf
11,72,inf,inf,inf,1055.189082581885,inf
11,73,inf,inf,inf,429.69407722238856,inf
11,74,inf,inf,inf,266.0,inf
11,75,inf,inf,inf,546.957036703981,inf
11,76,inf,inf,inf,840.4724861647762,inf
11,77,inf,inf,inf,897.9337392035117,inf
11,78,inf,inf,inf,60.802960454241045,inf
11,79,inf,inf,inf,441.4634752728701,inf
11,80,inf,inf,inf,1084.6464861880113,inf
11,81,inf,inf,inf,117.0,inf
11,82,inf,inf,inf,291.29023327259017,inf
11,83,inf,inf,inf,1158.015543937127,inf
11,84,inf,inf,inf,100.16985574512923,inf
11,85,inf,inf,inf,310.64449134018133,inf
11,86,inf,inf,inf,133.09395177843356,inf
12,13,inf,inf,inf,487.70482876428446,inf
12,14,inf,inf,inf,322.09470656935673,inf
12,15,inf,inf,inf,316.36213427020624,inf
12,16,inf,inf,inf,580.6823572315591,inf
12,17,inf,inf,inf,812.841928052435,inf
12,18,inf,inf,inf,628.0740402213739,inf
12,19,inf,inf,inf,574.4884681175071,inf
12,20,inf,inf,inf,276.37112729082247,inf
12,21,inf,inf,inf,443.12526445690276,inf
12,22,inf,inf,inf,761.2332099954651,inf
12,23,inf,inf,inf,572.9232060232855,inf
12,24,inf,inf,inf,843.005338061391,inf
12,25,inf,inf,inf,231.46490014686893,inf
12,26,inf,inf,inf,175.524927004685,inf
12,27,inf,inf,inf,134.16407864998737,inf
12,28,inf,inf,inf,836.15608590741,inf
12,29,inf,inf,inf,751.4692275802117,inf
12,30,inf,inf,inf,551.4027566126234,inf
12,31,inf,inf,inf,98.08159868191383,inf
12,32,inf,inf,inf,559.0921212108072,inf
12,33,inf,inf,inf,232.69078194032525,inf
12,34,inf,inf,inf,866.7715962120586,inf
12,35,inf,inf,inf,379.71699988280744,inf
12,36,inf,inf,inf,375.9255245391034,inf
12,37,inf,inf,inf,390.1550973651376,inf
12,38,inf,inf,inf,887.8659808777448,inf
12,39,inf,inf,inf,254.6075411294803,inf
12,40,inf,inf,inf,620.7906249292107,inf
12,41,inf,inf,inf,539.1446930092144,inf
12,42,inf,inf,inf,331.4724724618924,inf
12,43,inf,inf,inf,887.3702722088452,inf
12,44,inf,inf,inf,779.3721832346854,inf
12,45,inf,inf,inf,718.618814114966,inf
12,46,inf,inf,inf,891.9742148739502,inf
12,47,inf,inf,inf,818.565208153877,inf
12,48,inf,inf,inf,905.1010993253738,inf
12,49,inf,inf,inf,657.122515213107,inf
12,50,inf,inf,inf,571.7359530412618,inf
12,51,inf,inf,inf,571.8050367039451,inf
12,52,inf,inf,inf,748.9225594145232,inf
12,53,inf,inf,inf,639.7069641640616,inf
12,54,inf,inf,inf,302.32432915661946,inf
12,55,inf,inf,inf,291.67104758614624,inf
12,56,inf,inf,inf,96.16652224137046,inf
12,57,inf,inf,inf,500.89619683123965,inf
12,58,inf,inf,inf,245.08161905781512,inf
12,59,inf,inf,inf,422.6263124794764,inf
12,60,inf,inf,inf,740.3816583357532,inf
12,61,inf,inf,inf,423.79830108201236,inf
12,62,inf,inf,inf,789.248376621707,inf
12,63,inf,inf,inf,447.0727010229992,inf
12,64,inf,inf,inf,630.4347706146925,inf
12,65,inf,inf,inf,759.4767935888495,inf
12,66,inf,inf,inf,163.24827717314508,inf
12,67,inf,inf,inf,625.5309744529043,inf
12,68,inf,inf,inf,335.21634805003174,inf
12,69,inf,inf,inf,610.1352309119676,inf
12,70,inf,inf,inf,399.8362164686936,inf
12,71,inf,inf,inf,699.8114031651671,inf
12,72,inf,inf,inf,707.2001131221629,inf
12,73,inf,inf,inf,450.93347624677415,inf
12,74,inf,inf,inf,594.6427498927402,inf
12,75,inf,inf,inf,564.8805183399406,inf
12,76,inf,inf,inf,515.264980374176,inf
12,77,inf,inf,inf,596.6615456018596,inf
12,78,inf,inf,inf,348.39776118683653,inf
12,79,inf,inf,inf,219.69524346239268,inf
12,80,inf,inf,inf,912.2861393225264,inf
12,81,inf,inf,inf,430.4195627524381,inf
12,82,inf,inf,inf,489.45888489228594,inf
12,83,inf,inf,inf,875.1342754114936,inf
12,84,inf,inf,inf,440.6200177023282,inf
12,85,inf,inf,inf,479.4163117792301,inf
12,86,inf,inf,inf,216.44860821913363,inf
13,14,inf,inf,inf,808.5202533022905,inf
13,15,inf,inf,inf,225.20435164534453,inf
13,16,inf,inf,inf,583.211796862855,inf
13,17,inf,inf,inf,1283.0744327590664,inf
13,18,inf,inf,inf,1115.6796135091831,inf
13,19,inf,inf,inf,530.2499410655319,inf
13,20,inf,inf,inf,244.86118516416602,inf
13,21,inf,inf,inf,120.43255373859678,inf
13,22,inf,inf,inf,1195.7006314291216,inf
13,23,inf,inf,inf,538.1979189852001,inf
13,24,inf,inf,inf,1328.494636797605,inf
13,25,inf,inf,inf,256.2654873368632,inf
13,26,inf,inf,inf,568.4936235350402,inf
13,27,inf,inf,inf,543.0727391427414,inf
13,28,inf,inf,inf,1232.8102043704862,inf
13,29,inf,inf,inf,655.4769256045555,inf
13,30,inf,inf,inf,1010.2697659536288,inf
13,31,inf,inf,inf,422.30320860727545,inf
13,32,inf,inf,inf,571.9090836837618,inf
13,33,inf,inf,inf,701.4107213323731,inf
13,34,inf,inf,inf,1100.5330526613002,inf
13,35,inf,inf,inf,691.7116451238912,inf
13,36,inf,inf,inf,112.17842929904127,inf
13,37,inf,inf,inf,415.0048192491263,inf
13,38,inf,inf,inf,1317.3739028840673,inf
13,39,inf,inf,inf,283.8045101826255,inf
13,40,inf,inf,inf,975.5393380074429,inf
13,41,inf,inf,inf,92.84934033152847,inf
13,42,inf,inf,inf,188.55768348173987,inf
13,43,inf,inf,inf,1362.469082218015,inf
13,44,inf,inf,inf,1229.941868545014,inf
13,45,inf,inf,inf,1101.078108037754,inf
13,46,inf,inf,inf,1146.8992981077283,inf
13,47,inf,inf,inf,881.7760486654194,inf
13,48,inf,inf,inf,1220.1147487019407,inf
13,49,inf,inf,inf,947.1652442947851,inf
13,50,inf,inf,inf,777.9370154453379,inf
13,51,inf,inf,inf,183.3712082089225,inf
13,52,inf,inf,inf,892.6975971738694,inf
13,53,inf,inf,inf,1002.6370230547045,inf
13,54,inf,inf,inf,528.6435472035954,inf
13,55,inf,inf,inf,300.5328601001894,inf
13,56,inf,inf,inf,566.646274142873,inf
13,57,inf,inf,inf,345.7528018686183,inf
13,58,inf,inf,inf,716.2520506078848,inf
13,59,inf,inf,inf,699.5519994968208,inf
13,60,inf,inf,inf,1147.6223246347206,inf
13,61,inf,inf,inf,911.0680545381887,inf
13,62,inf,inf,inf,1241.4930527393217,inf
13,63,inf,inf,inf,146.81280598094978,inf
13,64,inf,inf,inf,1058.9239821630258,inf
13,65,inf,inf,inf,675.0148146522415,inf
13,66,inf,inf,inf,461.971860614908,inf
13,67,inf,inf,inf,197.3448757885545,inf
13,68,inf,inf,inf,822.796451134787,inf
13,69,inf,inf,inf,1072.1273245282018,inf
13,70,inf,inf,inf,151.0132444522665,inf
13,71,inf,inf,inf,473.86918025969993,inf
13,72,inf,inf,inf,1111.3037388581035,inf
13,73,inf,inf,inf,723.3733475875373,inf
13,74,inf,inf,inf,250.50349298961882,inf
13,75,inf,inf,inf,296.1384811198977,inf
13,76,inf,inf,inf,845.6819733209405,inf
13,77,inf,inf,inf,1084.338046920793,inf
13,78,inf,inf,inf,358.8161088914487,inf
13,79,inf,inf,inf,430.17438324474875,inf
13,80,inf,inf,inf,1349.830359711916,inf
13,81,inf,inf,inf,204.83407919582132,inf
13,82,inf,inf,inf,11.40175425099138,inf
13,83,inf,inf,inf,1361.6769073462324,inf
13,84,inf,inf,inf,345.950863563021,inf
13,85,inf,inf,inf,26.832815729997478,inf
13,86,inf,inf,inf,341.71625656383395,inf
14,15,inf,inf,inf,633.0955694048096,inf
14,16,inf,inf,inf,796.2844968979366,inf
14,17,inf,inf,inf,542.0894760092655,inf
14,18,inf,inf,inf,308.52552568628744,inf
14,19,inf,inf,inf,811.3815378722885,inf
14,20,inf,inf,inf,583.2478032534714,inf
14,21,inf,inf,inf,763.7309735764289,inf
14,22,inf,inf,inf,559.682945961372,inf
14,23,inf,inf,inf,806.2964715289284,inf
14,24,inf,inf,inf,535.0037383046963,inf
14,25,inf,inf,inf,552.4970588157008,inf
14,26,inf,inf,inf,294.10882339705483,inf
14,27,inf,inf,inf,294.37561040276415,inf
14,28,inf,inf,inf,614.2865780724824,inf
14,29,inf,inf,inf,930.2392165459377,inf
14,30,inf,inf,inf,335.0373113550191,inf
14,31,inf,inf,inf,404.63440288734716,inf
14,32,inf,inf,inf,724.7158063682618,inf
14,33,inf,inf,inf,186.59046063504962,inf
14,34,inf,inf,inf,804.7508931340182,inf
14,35,inf,inf,inf,396.9886648255842,inf
14,36,inf,inf,inf,696.3942848702882,inf
14,37,inf,inf,inf,612.5944825086168,inf
14,38,inf,inf,inf,623.7603706552701,inf
14,39,inf,inf,inf,568.0792198276575,inf
14,40,inf,inf,inf,484.9103009835943,inf
14,41,inf,inf,inf,861.108587809923,inf
14,42,inf,inf,inf,651.7675966170764,inf
14,43,inf,inf,inf,572.3888538397651,inf
14,44,inf,inf,inf,548.4414280486112,inf
14,45,inf,inf,inf,599.8033010912827,inf
14,46,inf,inf,inf,807.5326618781435,inf
14,47,inf,inf,inf,894.2628249010467,inf
14,48,inf,inf,inf,762.5516375957762,inf
14,49,inf,inf,inf,657.0273966890574,inf
14,50,inf,inf,inf,601.6552168808977,inf
14,51,inf,inf,inf,889.9887639740178,inf
14,52,inf,inf,inf,781.3693108895435,inf
14,53,inf,inf,inf,489.17277111466456,inf
14,54,inf,inf,inf,499.8129650179155,inf
14,55,inf,inf,inf,594.8319090297695,inf
14,56,inf,inf,inf,245.13057744802055,inf
14,57,inf,inf,inf,756.7364138192373,inf
14,58,inf,inf,inf,174.88853593074649,inf
14,59,inf,inf,inf,451.4598542506299,inf
14,60,inf,inf,inf,583.5837557711832,inf
14,61,inf,inf,inf,120.83045973594572,inf
14,62,inf,inf,inf,502.9234534201005,inf
14,63,inf,inf,inf,765.8465903821731,inf
14,64,inf,inf,inf,459.1786144846034,inf
14,65,inf,inf,inf,931.1519747065996,inf
14,66,inf,inf,inf,390.50864267004386,inf
14,67,inf,inf,inf,933.0262590088234,inf
14,68,inf,inf,inf,29.206163733020468,inf
14,69,inf,inf,inf,321.1230293828208,inf
14,70,inf,inf,inf,708.1384045509748,inf
14,71,inf,inf,inf,942.6499880655598,inf
14,72,inf,inf,inf,560.365059581698,inf
14,73,inf,inf,inf,469.6083474556218,inf
14,74,inf,inf,inf,886.6572054633065,inf
14,75,inf,inf,inf,867.5004322765493,inf
14,76,inf,inf,inf,514.557091098743,inf
14,77,inf,inf,inf,278.0647406630334,inf
14,78,inf,inf,inf,597.8645331511144,inf
14,79,inf,inf,inf,482.3121395942673,inf
14,80,inf,inf,inf,637.7091813671809,inf
14,81,inf,inf,inf,725.0889600593847,inf
14,82,inf,inf,inf,809.7067370350824,inf
14,83,inf,inf,inf,553.2494916400738,inf
14,84,inf,inf,inf,693.144285123956,inf
14,85,inf,inf,inf,801.1398130164297,inf
14,86,inf,inf,inf,501.0878166549253,inf
15,16,inf,inf,inf,416.20307543313515,inf
15,17,inf,inf,inf,1072.246706686479,inf
15,18,inf,inf,inf,931.7864562226691,inf
15,19,inf,inf,inf,377.9338566469006,inf
15,20,inf,inf,inf,210.15232570685484,inf
15,21,inf,inf,inf,136.1800279042415,inf
15,22,inf,inf,inf,974.5342477306788,inf
15,23,inf,inf,inf,382.42384862871717,inf
15,24,inf,inf,inf,1131.5286120995793,inf
15,25,inf,inf,inf,133.8992158304148,inf
15,26,inf,inf,inf,449.7754995550558,inf
15,27,inf,inf,inf,413.8755851702296,inf
15,28,inf,inf,inf,1134.207212108969,inf
15,29,inf,inf,inf,767.6437976040711,inf
15,30,inf,inf,inf,796.9065189845043,inf
15,31,inf,inf,inf,228.65038814749474,inf
15,32,inf,inf,inf,629.1144569949097,inf
15,33,inf,inf,inf,499.5137635741382,inf
15,34,inf,inf,inf,1085.7633259601284,inf
15,35,inf,inf,inf,622.3262809812871,inf
15,36,inf,inf,inf,148.27339613025663,inf
15,37,inf,inf,inf,441.3275427616092,inf
15,38,inf,inf,inf,1197.6998789346185,inf
15,39,inf,inf,inf,66.75327707311455,inf
15,40,inf,inf,inf,896.8857229324146,inf
15,41,inf,inf,inf,241.05186163977245,inf
15,42,inf,inf,inf,38.948684188300895,inf
15,43,inf,inf,inf,1202.7688888560428,inf
15,44,inf,inf,inf,1012.0444654262974,inf
15,45,inf,inf,inf,875.9463453888029,inf
15,46,inf,inf,inf,1122.9857523584171,inf
15,47,inf,inf,inf,937.1296601858251,inf
15,48,inf,inf,inf,1167.2707483698887,inf
15,49,inf,inf,inf,726.0337457721921,inf
15,50,inf,inf,inf,763.7309735764289,inf
15,51,inf,inf,inf,256.90854403853524,inf
15,52,inf,inf,inf,912.7387358932456,inf
15,53,inf,inf,inf,920.1847640555673,inf
15,54,inf,inf,inf,304.13319450530224,inf
15,55,1.0,88.8406,88.84062043356589,76.60939890117922,1.1596569312358669
15,56,inf,inf,inf,409.48382141422877,inf
15,57,inf,inf,inf,451.6015943284523,inf
15,58,inf,inf,inf,515.0572783681442,inf
15,59,inf,inf,inf,647.2480204681973,inf
15,60,inf,inf,inf,923.4717104492156,inf
15,61,inf,inf,inf,723.0006915626014,inf
15,62,inf,inf,inf,1104.189295365609,inf
15,63,inf,inf,inf,133.4053971921676,inf
15,64,inf,inf,inf,837.6401375292376,inf
15,65,inf,inf,inf,783.4449565859749,inf
15,66,inf,inf,inf,362.840185205553,inf
15,67,inf,inf,inf,414.3911195959682,inf
15,68,inf,inf,inf,642.2592934321776,inf
15,69,inf,inf,inf,926.0939477180488,inf
15,70,inf,inf,inf,243.01851781294363,inf
15,71,inf,inf,inf,628.8982429614508,inf
15,72,inf,inf,inf,887.0541133437125,inf
15,73,inf,inf,inf,674.8703579206898,inf
15,74,inf,inf,inf,437.068644494203,inf
15,75,inf,inf,inf,259.5630944491146,inf
15,76,inf,inf,inf,620.8035115880064,inf
15,77,inf,inf,inf,899.6943925578285,inf
15,78,inf,inf,inf,376.19144062564743,inf
15,79,inf,inf,inf,206.196508214858,inf
15,80,inf,inf,inf,1224.413737263675,inf
15,81,inf,inf,inf,311.3647378878989,inf
15,82,inf,inf,inf,232.56181973832247,inf
15,83,inf,inf,inf,1181.881973802799,inf
15,84,inf,inf,inf,419.13363024219376,inf
15,85,inf,inf,inf,205.24375751773792,inf
15,86,inf,inf,inf,275.4650613054222,inf
16,17,inf,inf,inf,1039.9153811729107,inf
16,18,inf,inf,inf,1025.6359003077066,inf
16,19,inf,inf,inf,63.50590523722971,inf
16,20,inf,inf,inf,620.4715948373463,inf
16,21,inf,inf,inf,463.05075315779374,inf
16,22,inf,inf,inf,874.137288988406,inf
16,23,inf,inf,inf,52.354560450833695,inf
16,24,inf,inf,inf,1159.5421510234114,inf
16,25,inf,inf,inf,530.9613921934438,inf
16,26,inf,inf,inf,755.4846126824821,inf
16,27,inf,inf,inf,714.0028011149536,inf
16,28,inf,inf,inf,1393.6602885925968,inf
16,29,inf,inf,inf,1183.8183982351347,inf
16,30,inf,inf,inf,782.3611697930822,inf
16,31,inf,inf,inf,490.9460255465971,inf
16,32,inf,inf,inf,1038.4989167062236,inf
16,33,inf,inf,inf,611.3763161915908,inf
16,34,inf,inf,inf,1442.8974322522026,inf
16,35,inf,inf,inf,957.3029823415364,inf
16,36,inf,inf,inf,553.404011550332,inf
16,37,inf,inf,inf,848.4721562903522,inf
16,38,inf,inf,inf,1419.1863866314388,inf
16,39,inf,inf,inf,414.7444996621414,inf
16,40,inf,inf,inf,1198.292535235032,inf
16,41,inf,inf,inf,534.3117067779818,inf
16,42,inf,inf,inf,449.14362958857606,inf
16,43,inf,inf,inf,1340.5767415556634,inf
16,44,inf,inf,inf,938.0964769148213,inf
16,45,inf,inf,inf,710.6567385172675,inf
16,46,inf,inf,inf,1470.9785858400523,inf
16,47,inf,inf,inf,1340.2555726427702,inf
16,48,inf,inf,inf,1484.560541035629,inf
16,49,inf,inf,inf,481.75720025755714,inf
16,50,inf,inf,inf,1134.305955199037,inf
16,51,inf,inf,inf,466.4986602338746,inf
16,52,inf,inf,inf,1299.4648898681335,inf
16,53,inf,inf,inf,1215.2518257546458,inf
16,54,inf,inf,inf,298.50293130889014,inf
16,55,inf,inf,inf,360.45526768241297,inf
16,56,inf,inf,inf,667.418908932014,inf
16,57,inf,inf,inf,867.4404878722229,inf
16,58,inf,inf,inf,624.8687862263565,inf
16,59,inf,inf,inf,995.6831825435237,inf
16,60,inf,inf,inf,785.6875969493218,inf
16,61,inf,inf,inf,832.3514882548118,inf
16,62,inf,inf,inf,1298.4902772065718,inf
16,63,inf,inf,inf,436.4057744805859,inf
16,64,inf,inf,inf,752.6486564128046,inf
16,65,inf,inf,inf,1199.4803041317518,inf
16,66,inf,inf,inf,708.5266402895519,inf
16,67,inf,inf,inf,777.6149432720541,inf
16,68,inf,inf,inf,789.6036980663148,inf
16,69,inf,inf,inf,1117.30255526424,inf
16,70,inf,inf,inf,654.4440388604667,inf
16,71,inf,inf,inf,1038.468102543357,inf
16,72,inf,inf,inf,751.3321502504734,inf
16,73,inf,inf,inf,1024.3168455121686,inf
16,74,inf,inf,inf,829.5396313618777,inf
16,75,inf,inf,inf,334.20053859920694,inf
16,76,inf,inf,inf,462.0584378625717,inf
16,77,inf,inf,inf,994.8472244520764,inf
16,78,inf,inf,inf,784.4137938613777,inf
16,79,inf,inf,inf,361.69876969655286,inf
16,80,inf,inf,inf,1433.9909344204377,inf
16,81,inf,inf,inf,724.5143200793204,inf
16,82,inf,inf,inf,594.1329817473526,inf
16,83,inf,inf,inf,1265.9368072696204,inf
16,84,inf,inf,inf,834.8568739610402,inf
16,85,inf,inf,inf,556.5105569528757,inf
16,86,inf,inf,inf,663.1274387325561,inf
17,18,inf,inf,inf,318.9874605685935,inf
17,19,inf,inf,inf,1083.75689155825,inf
17,20,inf,inf,inf,1089.21301865154,inf
17,21,inf,inf,inf,1208.105955618132,inf
17,22,inf,inf,inf,211.8962010041709,inf
17,23,inf,inf,inf,1074.3467782797136,inf
17,24,inf,inf,inf,183.65728953678914,inf
17,25,inf,inf,inf,1034.6400340214948,inf
17,26,inf,inf,inf,834.1444718992028,inf
17,27,inf,inf,inf,828.5746797965769,inf
17,28,inf,inf,inf,871.8445962440784,inf
17,29,inf,inf,inf,1470.1598552538428,inf
17,30,inf,inf,inf,276.40730815229904,inf
17,31,inf,inf,inf,861.5915505620978,inf
17,32,inf,inf,inf,1264.9743080394953,inf
17,33,inf,inf,inf,583.9768831041174,inf
17,34,inf,inf,inf,1230.9610066935509,inf
17,35,inf,inf,inf,922.8114650349767,inf
17,36,inf,inf,inf,1175.891151425165,inf
17,37,inf,inf,inf,1152.528090763952,inf
17,38,inf,inf,inf,780.7598862646569,inf
17,39,inf,inf,inf,1006.5411069598698,inf
17,40,inf,inf,inf,901.0355153932613,inf
17,41,inf,inf,inf,1313.298518997109,inf
17,42,inf,inf,inf,1102.089832999107,inf
17,43,inf,inf,inf,525.4198321342658,inf
17,44,inf,inf,inf,131.54847015454038,inf
17,45,inf,inf,inf,403.71400768365714,inf
17,46,inf,inf,inf,1212.2417250697156,inf
17,47,inf,inf,inf,1404.4062802479914,inf
17,48,inf,inf,inf,1108.3537341480833,inf
17,49,inf,inf,inf,634.6794466500393,inf
17,50,inf,inf,inf,1110.1144085183294,inf
17,51,inf,inf,inf,1314.6577501387956,inf
17,52,inf,inf,inf,1276.492459828886,inf
17,53,inf,inf,inf,888.9077567441967,inf
17,54,inf,inf,inf,818.0757911098458,inf
17,55,inf,inf,inf,1010.2395755463157,inf
17,56,inf,inf,inf,765.2711937607478,inf
17,57,inf,inf,inf,1292.0174147433154,inf
17,58,inf,inf,inf,569.9728063688652,inf
17,59,inf,inf,inf,974.5034633083661,inf
17,60,inf,inf,inf,320.80056109676616,inf
17,61,inf,inf,inf,421.4747916542578,inf
17,62,inf,inf,inf,643.0279931698153,inf
17,63,inf,inf,inf,1201.0503736313478,inf
17,64,inf,inf,inf,292.24647132172527,inf
17,65,inf,inf,inf,1470.0425163919579,inf
17,66,inf,inf,inf,922.6407751665866,inf
17,67,inf,inf,inf,1437.165613281921,inf
17,68,inf,inf,inf,515.6529840891062,inf
17,69,inf,inf,inf,569.8534899428098,inf
17,70,inf,inf,inf,1212.1951163076017,inf
17,71,inf,inf,inf,1482.1929698929218,inf
17,72,inf,inf,inf,338.3548433228051,inf
17,73,inf,inf,inf,987.2188207282112,inf
17,74,inf,inf,inf,1406.2517555544598,inf
17,75,inf,inf,inf,1247.9046437929462,inf
17,76,inf,inf,inf,583.6180257668537,inf
17,77,inf,inf,inf,326.71853329739344,inf
17,78,inf,inf,inf,1132.6080522404916,inf
17,79,inf,inf,inf,873.5502275198605,inf
17,80,inf,inf,inf,758.2413863671648,inf
17,81,inf,inf,inf,1242.0309980028678,inf
17,82,inf,inf,inf,1287.084301823311,inf
17,83,inf,inf,inf,361.3585477057378,inf
17,84,inf,inf,inf,1228.5869932568878,inf
17,85,inf,inf,inf,1269.195020475577,inf
17,86,inf,inf,inf,1021.0044074341697,inf
18,19,inf,inf,inf,1053.7096374238968,inf
18,20,inf,inf,inf,891.6871648734212,inf
18,21,inf,inf,inf,1065.236593438284,inf
18,22,inf,inf,inf,447.3935627610214,inf
18,23,inf,inf,inf,1046.6183640659092,inf
18,24,inf,inf,inf,239.92707225321615,inf
18,25,inf,inf,inf,859.418989783214,inf
18,26,inf,inf,inf,591.168334740622,inf
18,27,inf,inf,inf,598.2081577511293,inf
18,28,inf,inf,inf,568.8585061331157,inf
18,29,inf,inf,inf,1190.5465131610777,inf
18,30,inf,inf,inf,301.16108646370634,inf
18,31,inf,inf,inf,703.8387599443497,inf
18,32,inf,inf,inf,988.6237909336393,inf
18,33,inf,inf,inf,441.47480109288233,inf
18,34,inf,inf,inf,911.9758768739445,inf
18,35,inf,inf,inf,634.1514014807505,inf
18,36,inf,inf,inf,1003.7175897631763,inf
18,37,inf,inf,inf,903.515356814703,inf
18,38,inf,inf,inf,502.4390510300727,inf
18,39,inf,inf,inf,865.5137202840865,inf
18,40,inf,inf,inf,582.6027806318813,inf
18,41,inf,inf,inf,1164.989270336856,inf
18,42,inf,inf,inf,953.4909543356979,inf
18,43,inf,inf,inf,322.001552791287,inf
18,44,inf,inf,inf,393.97461847179954,inf
18,45,inf,inf,inf,582.6834475081646,inf
18,46,inf,inf,inf,893.6917813206072,inf
18,47,inf,inf,inf,1097.765913116271,inf
18,48,inf,inf,inf,794.5923483145305,inf
18,49,inf,inf,inf,744.4602071299714,inf
18,50,inf,inf,inf,806.2437596657726,inf
18,51,inf,inf,inf,1187.9208727857256,inf
18,52,inf,inf,inf,965.6220792836087,inf
18,53,inf,inf,inf,569.9842103076189,inf
18,54,inf,inf,inf,748.3588711306895,inf
18,55,inf,inf,inf,885.8154435321163,inf
18,56,inf,inf,inf,553.6108741706579,inf
18,57,inf,inf,inf,1053.372678590061,inf
18,58,inf,inf,inf,425.73465914816,inf
18,59,inf,inf,inf,682.046919207176,inf
18,60,inf,inf,inf,525.3436970212929,inf
18,61,inf,inf,inf,209.35137926462295,inf
18,62,inf,inf,inf,358.9428923937623,inf
18,63,inf,inf,inf,1065.1877768731672,inf
18,64,inf,inf,inf,423.43476475131325,inf
18,65,inf,inf,inf,1187.865312230305,inf
18,66,inf,inf,inf,694.0266565485796,inf
18,67,inf,inf,inf,1241.048750049731,inf
18,68,inf,inf,inf,292.8839360565888,inf
18,69,inf,inf,inf,252.42028444639706,inf
18,70,inf,inf,inf,1016.5038120931962,inf
18,71,inf,inf,inf,1231.188450238224,inf
18,72,inf,inf,inf,520.9117007708696,inf
18,73,inf,inf,inf,690.7966415668218,inf
18,74,inf,inf,inf,1191.824232007388,inf
18,75,inf,inf,inf,1152.2382566118868,inf
18,76,inf,inf,inf,634.8740032478886,inf
18,77,1.0,34.9706,34.97056274847714,32.31098884280702,1.082311745970046
18,78,inf,inf,inf,896.6214362817789,inf
18,79,inf,inf,inf,761.1839462311327,inf
18,80,inf,inf,inf,492.2204790538484,inf
18,81,inf,inf,inf,1031.6637048961256,inf
18,82,inf,inf,inf,1117.1897779697056,inf
18,83,inf,inf,inf,250.9362468835461,inf
18,84,inf,inf,inf,990.1843262746588,inf
18,85,inf,inf,inf,1107.39920534557,inf
18,86,inf,inf,inf,808.1392206792094,inf
19,20,inf,inf,inf,586.2985587565435,inf
19,21,inf,inf,inf,410.99026752467023,inf
19,22,inf,inf,inf,923.9182864301366,inf
19,23,inf,inf,inf,11.40175425099138,inf
19,24,inf,inf,inf,1197.2121783543635,inf
19,25,inf,inf,inf,500.000999999,inf
19,26,inf,inf,inf,746.9672014218563,inf
19,27,inf,inf,inf,705.6833567542882,inf
19,28,inf,inf,inf,1399.2512283360697,inf
19,29,inf,inf,inf,1143.951484985268,inf
19,30,inf,inf,inf,821.3221049016031,inf
19,31,inf,inf,inf,480.68804853043724,inf
19,32,inf,inf,inf,1005.7320716771441,inf
19,33,inf,inf,inf,629.3393361295638,inf
19,34,inf,inf,inf,1428.5559142014708,inf
19,35,inf,inf,inf,945.653213392732,inf
19,36,inf,inf,inf,508.520402737196,inf
19,37,inf,inf,inf,816.5512843661444,inf
19,38,inf,inf,inf,1431.3423769315293,inf
19,39,inf,inf,inf,385.46854605791117,inf
19,40,inf,inf,inf,1195.084097459254,inf
19,41,inf,inf,inf,476.80604023019674,inf
19,42,inf,inf,inf,408.1384568991263,inf
19,43,inf,inf,inf,1365.0073259876667,inf
19,44,inf,inf,inf,985.6652575798744,inf
19,45,inf,inf,inf,765.265966837674,inf
19,46,inf,inf,inf,1458.971212875703,inf
19,47,inf,inf,inf,1311.0003813881979,inf
19,48,inf,inf,inf,1479.4678097207793,inf
19,49,inf,inf,inf,540.8040310500653,inf
19,50,inf,inf,inf,1115.4429613386783,inf
19,51,inf,inf,inf,405.8817561802945,inf
19,52,inf,inf,inf,1276.3737697085442,inf
19,53,inf,inf,inf,1213.3597982461756,inf
19,54,inf,inf,inf,311.8733717392365,inf
19,55,inf,inf,inf,330.3407331831786,inf
19,56,inf,inf,inf,665.0090224951839,inf
19,57,inf,inf,inf,825.9842613512682,inf
19,58,inf,inf,inf,643.5666243676718,inf
19,59,inf,inf,inf,981.4377208972559,inf
19,60,inf,inf,inf,838.3996660304679,inf
19,61,inf,inf,inf,855.815400656006,inf
19,62,inf,inf,inf,1314.2937266836511,inf
19,63,inf,inf,inf,383.74079793527295,inf
19,64,inf,inf,inf,799.4654464077856,inf
19,65,inf,inf,inf,1160.28272416683,inf
19,66,inf,inf,inf,691.7579056288406,inf
19,67,inf,inf,inf,722.6354544305171,inf
19,68,inf,inf,inf,806.8983826975984,inf
19,69,inf,inf,inf,1132.2561547635764,inf
19,70,inf,inf,inf,610.4424624811088,inf
19,71,inf,inf,inf,991.7383727576542,inf
19,72,inf,inf,inf,803.5004667080163,inf
19,73,inf,inf,inf,1010.0376230616363,inf
19,74,inf,inf,inf,778.6995569537714,inf
19,75,inf,inf,inf,272.0827080135744,inf
19,76,inf,inf,inf,511.7978116404954,inf
19,77,inf,inf,inf,1022.422613208452,inf
19,78,inf,inf,inf,751.8151368521387,inf
19,79,inf,inf,inf,355.1689738701848,inf
19,80,inf,inf,inf,1448.1439845540222,inf
19,81,inf,inf,inf,680.9478687829194,inf
19,82,inf,inf,inf,541.3547820052945,inf
19,83,inf,inf,inf,1297.2405328234236,inf
19,84,inf,inf,inf,796.7088552288094,inf
19,85,inf,inf,inf,503.4332130481659,inf
19,86,inf,inf,inf,636.522584045531,inf
20,21,inf,inf,inf,260.43233286210835,inf
20,22,inf,inf,inf,1030.6294193355825,inf
20,23,inf,inf,inf,590.122021280345,inf
20,24,inf,inf,inf,1114.4079145447595,inf
20,25,inf,inf,inf,93.94147114027967,inf
20,26,inf,inf,inf,325.25989608311687,inf
20,27,inf,inf,inf,302.92738403782516,inf
20,28,inf,inf,inf,989.8009900985147,inf
20,29,inf,inf,inf,568.345845414568,inf
20,30,inf,inf,inf,826.1041096617303,inf
20,31,inf,inf,inf,247.9697562203907,inf
20,32,inf,inf,inf,419.47705539159114,inf
20,33,inf,inf,inf,507.56083379236424,inf
20,34,inf,inf,inf,890.4212486233693,inf
20,35,inf,inf,inf,452.56822690065195,inf
20,36,inf,inf,inf,142.21462653327893,inf
20,37,inf,inf,inf,231.17525819170183,inf
20,38,inf,inf,inf,1072.5376450269705,inf
20,39,inf,inf,inf,208.24024587000469,inf
20,40,inf,inf,inf,735.9347797189639,inf
20,41,inf,inf,inf,322.53061870154283,inf
20,42,inf,inf,inf,187.6832437912346,inf
20,43,inf,inf,inf,1123.605357765795,inf
20,44,inf,inf,inf,1053.1144287303255,inf
20,45,inf,inf,inf,968.2406725602885,inf
20,46,inf,inf,inf,931.560518699671,inf
20,47,inf,inf,inf,726.9938101524662,inf
20,48,inf,inf,inf,990.6487773171681,inf
20,49,inf,inf,inf,861.7012243231409,inf
20,50,inf,inf,inf,565.8842637854493,inf
20,51,inf,inf,inf,389.1040991816971,inf
20,52,inf,inf,inf,706.2803975759202,inf
20,53,inf,inf,inf,762.1915769673659,inf
20,54,inf,inf,inf,442.5573409175358,inf
20,55,inf,inf,inf,260.6549443229497,inf
20,56,inf,inf,inf,338.11980125393427,inf
20,57,inf,inf,inf,264.0378760708395,inf
20,58,inf,inf,inf,520.6227040765702,inf
20,59,inf,inf,inf,466.4954447794748,inf
20,60,inf,inf,inf,1000.2419707250841,inf
20,61,inf,inf,inf,693.7852693737451,inf
20,62,inf,inf,inf,997.666276868172,inf
20,63,inf,inf,inf,279.8303057211638,inf
20,64,inf,inf,inf,896.9420271121205,inf
20,65,inf,inf,inf,582.5409856825527,inf
20,66,inf,inf,inf,217.5890622251036,inf
20,67,inf,inf,inf,350.821892133316,inf
20,68,inf,inf,inf,601.0299493369694,inf
20,69,inf,inf,inf,830.4179670503282,inf
20,70,inf,inf,inf,125.03599481749245,inf
20,71,inf,inf,inf,458.70360800848295,inf
20,72,inf,inf,inf,965.497281197622,inf
20,73,inf,inf,inf,492.221494857752,inf
20,74,inf,inf,inf,320.1452795216572,inf
20,75,inf,inf,inf,446.07734755308974,inf
20,76,inf,inf,inf,735.4352452799634,inf
20,77,inf,inf,inf,861.307146144742,inf
20,78,inf,inf,inf,166.04818577750254,inf
20,79,inf,inf,inf,325.84812413147324,inf
20,80,inf,inf,inf,1105.0,inf
20,81,inf,inf,inf,157.42934923323543,inf
20,82,inf,inf,inf,242.39018131929353,inf
20,83,inf,inf,inf,1132.698106293111,inf
20,84,inf,inf,inf,219.15519615103813,inf
20,85,inf,inf,inf,247.49343425634547,inf
20,86,inf,inf,inf,96.89685237405806,inf
21,22,inf,inf,inf,1106.7809177971944,inf
21,23,inf,inf,inf,418.6609606829851,inf
21,24,inf,inf,inf,1267.2687165711934,inf
21,25,inf,inf,inf,226.45087767549057,inf
21,26,inf,inf,inf,557.2261659326489,inf
21,27,inf,inf,inf,525.3037216696641,inf
21,28,inf,inf,inf,1238.3735300788692,inf
21,29,inf,inf,inf,754.343423117084,inf
21,30,inf,inf,inf,932.5154154221794,inf
21,31,inf,inf,inf,361.4249576329781,inf
21,32,inf,inf,inf,647.9753081715382,inf
21,33,inf,inf,inf,635.3243266238119,inf
21,34,inf,inf,inf,1149.1844934561204,inf
21,35,inf,inf,inf,709.3976317975695,inf
21,36,inf,inf,inf,126.49110640673517,inf
21,37,inf,inf,inf,473.4057456347567,inf
21,38,inf,inf,inf,1310.8539201604426,inf
21,39,inf,inf,inf,202.71408436514716,inf
21,40,inf,inf,inf,990.9313800662486,inf
21,41,inf,inf,inf,105.68348972285122,inf
21,42,inf,inf,inf,111.97321108193691,inf
21,43,inf,inf,inf,1330.2338140342094,inf
21,44,inf,inf,inf,1146.169708202062,inf
21,45,inf,inf,inf,1000.8921020769421,inf
21,46,inf,inf,inf,1191.373157327292,inf
21,47,inf,inf,inf,960.402519780118,inf
21,48,inf,inf,inf,1250.4207291947778,inf
21,49,inf,inf,inf,835.9246377515141,inf
21,50,inf,inf,inf,824.4185830025909,inf
21,51,inf,inf,inf,133.22537295875736,inf
21,52,inf,inf,inf,956.1385882810085,inf
21,53,inf,inf,inf,1016.1323732663968,inf
21,54,inf,inf,inf,425.13056817876554,inf
21,55,inf,inf,inf,201.61349161204464,inf
21,56,inf,inf,inf,532.3532661682466,inf
21,57,inf,inf,inf,437.0045766350737,inf
21,58,inf,inf,inf,650.8125690242929,inf
21,59,inf,inf,inf,726.2017625976957,inf
21,60,inf,inf,inf,1052.0384973944633,inf
21,61,inf,inf,inf,856.9859975518854,inf
21,62,inf,inf,inf,1223.8549750685331,inf
21,63,1.0,29.8995,29.899494936611667,27.892651361962706,1.0719488279764504
21,64,inf,inf,inf,969.9649478202808,inf
21,65,inf,inf,inf,772.7049889835059,inf
21,66,inf,inf,inf,458.99237466432925,inf
21,67,inf,inf,inf,317.04416096184457,inf
21,68,inf,inf,inf,774.3035580442595,inf
21,69,inf,inf,inf,1048.3725482861519,inf
21,70,inf,inf,inf,220.81893034792103,inf
21,71,inf,inf,inf,585.1768963313572,inf
21,72,inf,inf,inf,1015.4585171241611,inf
21,73,inf,inf,inf,752.2718923368067,inf
21,74,inf,inf,inf,367.79342027828613,inf
21,75,inf,inf,inf,196.86035659827502,inf
21,76,inf,inf,inf,741.4917396707801,inf
21,77,inf,inf,inf,1033.2594059576713,inf
21,78,inf,inf,inf,410.60077934655703,inf
21,79,inf,inf,inf,338.2809483255006,inf
21,80,inf,inf,inf,1339.8992499438157,inf
21,81,inf,inf,inf,289.0276803352925,inf
21,82,inf,inf,inf,131.18688958886096,inf
21,83,inf,inf,inf,1314.7243057006285,inf
21,84,inf,inf,inf,423.1335486581039,inf
21,85,inf,inf,inf,94.02127418834527,inf
21,86,inf,inf,inf,350.4539912741757,inf
22,23,inf,inf,inf,913.7050946558195,inf
22,24,inf,inf,inf,390.50992304933817,inf
22,25,inf,inf,inf,962.1912491807437,inf
22,26,inf,inf,inf,826.6589381359158,inf
22,27,inf,inf,inf,810.8193386938918,inf
22,28,inf,inf,inf,1015.894187403393,inf
22,29,inf,inf,inf,1476.905548774193,inf
22,30,inf,inf,inf,225.5770378385176,inf
22,31,inf,inf,inf,787.222967144633,inf
22,32,inf,inf,inf,1272.2971351064184,inf
22,33,inf,inf,inf,530.5063618845678,inf
22,34,inf,inf,inf,1328.560499186996,inf
22,35,inf,inf,inf,956.6634727008238,inf
22,36,inf,inf,inf,1095.3739087635784,inf
22,37,inf,inf,inf,1134.7109764164618,inf
22,38,inf,inf,inf,945.1528976837557,inf
22,39,inf,inf,inf,912.2636680258619,inf
22,40,inf,inf,inf,995.5485924855702,inf
22,41,inf,inf,inf,1212.2875071533156,inf
22,42,inf,inf,inf,1008.4215388417683,inf
22,43,inf,inf,inf,714.6481651833999,inf
22,44,inf,inf,inf,80.60397012554654,inf
22,45,inf,inf,inf,194.60986614249546,inf
22,46,inf,inf,inf,1318.6273165682562,inf
22,47,inf,inf,inf,1453.5092018972566,inf
22,48,inf,inf,inf,1234.0583454602136,inf
22,49,inf,inf,inf,435.34124546153447,inf
22,50,inf,inf,inf,1159.8560255479988,inf
22,51,inf,inf,inf,1200.0520822031017,inf
22,52,inf,inf,inf,1336.992520547516,inf
22,53,inf,inf,inf,989.2426395985972,inf
22,54,inf,inf,inf,691.6675502002389,inf
22,55,inf,inf,inf,905.1961113482537,inf
22,56,inf,inf,inf,737.8265378800088,inf
22,57,inf,inf,inf,1260.2003808918644,inf
22,58,inf,inf,inf,520.1701644654372,inf
22,59,inf,inf,inf,1011.1345113287351,inf
22,60,inf,inf,inf,109.71326264403953,inf
22,61,inf,inf,inf,453.1942188510352,inf
22,62,inf,inf,inf,802.5241429390146,inf
22,63,inf,inf,inf,1095.497147417555,inf
22,64,inf,inf,inf,136.8941196691808,inf
22,65,inf,inf,inf,1480.0084459218467,inf
22,66,inf,inf,inf,897.2279531980711,inf
22,67,inf,inf,inf,1366.4205062864066,inf
22,68,inf,inf,inf,530.5035343897343,inf
22,69,inf,inf,inf,692.5005415160338,inf
22,70,inf,inf,inf,1147.5125271647364,inf
22,71,inf,inf,inf,1457.412776120753,inf
22,72,inf,inf,inf,132.5745073534124,inf
22,73,inf,inf,inf,1028.8872630176738,inf
22,74,inf,inf,inf,1350.6339252365906,inf
22,75,inf,inf,inf,1117.0040286408998,inf
22,76,inf,inf,inf,412.2838827798147,inf
22,77,inf,inf,inf,440.2828636229214,inf
22,78,inf,inf,inf,1103.6253893418727,inf
22,79,inf,inf,inf,768.7977627438831,inf
22,80,inf,inf,inf,929.4525270286805,inf
22,81,inf,inf,inf,1187.7529204342122,inf
22,82,inf,inf,inf,1201.3201072153915,inf
22,83,inf,inf,inf,561.6262102145874,inf
22,84,inf,inf,inf,1198.4498320747514,inf
22,85,inf,inf,inf,1178.414188645062,inf
22,86,inf,inf,inf,977.4712271980184,inf
23,24,inf,inf,inf,1188.6938209648438,inf
23,25,inf,inf,inf,503.09939375833085,inf
23,26,inf,inf,inf,745.9396758451718,inf
23,27,inf,inf,inf,704.5970479642957,inf
23,28,inf,inf,inf,1395.9118883367962,inf
23,29,inf,inf,inf,1149.128800439707,inf
23,30,inf,inf,inf,812.5539982056578,inf
23,31,inf,inf,inf,479.7634833957249,inf
23,32,inf,inf,inf,1009.4300371992108,inf
23,33,inf,inf,inf,623.6938351467008,inf
23,34,inf,inf,inf,1428.7819987667817,inf
23,35,inf,inf,inf,945.2798527420332,inf
23,36,inf,inf,inf,514.5842982447093,inf
23,37,inf,inf,inf,820.0256093561957,inf
23,38,inf,inf,inf,1426.8906755599744,inf
23,39,inf,inf,inf,388.0824654632054,inf
23,40,inf,inf,inf,1193.2493452753286,inf
23,41,inf,inf,inf,485.8909342640589,inf
23,42,inf,inf,inf,413.26141847503743,inf
23,43,inf,inf,inf,1358.5378169193525,inf
23,44,inf,inf,inf,975.7427939780032,inf
23,45,inf,inf,inf,754.4653736255892,inf
23,46,inf,inf,inf,1458.7710581170713,inf
23,47,inf,inf,inf,1314.0547933781147,inf
23,48,inf,inf,inf,1478.0165763617133,inf
23,49,inf,inf,inf,529.5592506981632,inf
23,50,inf,inf,inf,1116.4591349440427,inf
23,51,inf,inf,inf,415.8389111182358,inf
23,52,inf,inf,inf,1278.2253322478005,inf
23,53,inf,inf,inf,1211.295174596184,inf
23,54,inf,inf,inf,306.5371103145588,inf
23,55,inf,inf,inf,333.02402315748935,inf
23,56,inf,inf,inf,662.837084056105,inf
23,57,inf,inf,inf,831.4324987634294,inf
23,58,inf,inf,inf,637.8118844925987,inf
23,59,inf,inf,inf,981.5548889389732,inf
23,60,inf,inf,inf,827.8212367413631,inf
23,61,inf,inf,inf,849.3962561725829,inf
23,62,inf,inf,inf,1309.2173234417578,inf
23,63,inf,inf,inf,391.54182407502776,inf
23,64,inf,inf,inf,789.6157293266136,inf
23,65,inf,inf,inf,1165.3231311529005,inf
23,66,inf,inf,inf,692.2261191258244,inf
23,67,inf,inf,inf,731.1251602837916,inf
23,68,inf,inf,inf,801.4518076590757,inf
23,69,inf,inf,inf,1127.2878957923747,inf
23,70,inf,inf,inf,616.3651515132892,inf
23,71,inf,inf,inf,998.3611570969696,inf
23,72,inf,inf,inf,792.9823453268049,inf
23,73,inf,inf,inf,1010.1692927425581,inf
23,74,inf,inf,inf,786.211803523707,inf
23,75,inf,inf,inf,282.51902590799085,inf
23,76,inf,inf,inf,501.5107177319344,inf
23,77,inf,inf,inf,1015.4023832944258,inf
23,78,inf,inf,inf,755.4018797964432,inf
23,79,inf,inf,inf,353.3511001822408,inf
23,80,inf,inf,inf,1443.360315375201,inf
23,81,inf,inf,inf,686.804193347711,inf
23,82,inf,inf,inf,549.2622324536796,inf
23,83,inf,inf,inf,1289.6887221341435,inf
23,84,inf,inf,inf,801.4518076590757,inf
23,85,inf,inf,inf,511.39906139921686,inf
23,86,inf,inf,inf,638.8528782121906,inf
24,25,inf,inf,inf,1073.3918203526614,inf
24,26,inf,inf,inf,825.4847060969694,inf
24,27,inf,inf,inf,829.0970992591881,inf
24,28,inf,inf,inf,726.2816258174236,inf
24,29,inf,inf,inf,1430.2685062602757,inf
24,30,inf,inf,inf,377.47715162642623,inf
24,31,inf,inf,inf,908.4415226089129,inf
24,32,inf,inf,inf,1228.541411593439,inf
24,33,inf,inf,inf,632.0166137056841,inf
24,34,inf,inf,inf,1117.77681135368,inf
24,35,inf,inf,inf,873.6297842908059,inf
24,36,inf,inf,inf,1217.6904368516655,inf
24,37,inf,inf,inf,1140.6949636077122,inf
24,38,inf,inf,inf,619.9354805139,inf
24,39,inf,inf,inf,1064.78213734078,inf
24,40,inf,inf,inf,798.4140529825361,inf
24,41,inf,inf,inf,1370.1259066231833,inf
24,42,inf,inf,inf,1157.1015512909833,inf
24,43,inf,inf,inf,349.12461958446875,inf
24,44,inf,inf,inf,312.1618170116262,inf
24,45,inf,inf,inf,575.6083738098326,inf
24,46,inf,inf,inf,1092.0164833920778,inf
24,47,inf,inf,inf,1329.341566340269,inf
24,48,inf,inf,inf,973.7689664391652,inf
24,49,inf,inf,inf,792.6865710985647,inf
24,50,inf,inf,inf,1040.6767029197877,inf
24,51,inf,inf,inf,1383.5074990761705,inf
24,52,inf,inf,inf,1193.9719427189234,inf
24,53,inf,inf,inf,781.4684894479111,inf
24,54,inf,inf,inf,909.6559789282979,inf
24,55,inf,inf,inf,1077.5351502387289,inf
24,56,inf,inf,inf,777.7210296758086,inf
24,57,inf,inf,inf,1288.897590966792,inf
24,58,inf,inf,inf,616.4778990361293,inf
24,59,inf,inf,inf,920.8479787673967,inf
24,60,inf,inf,inf,496.42421375271374,inf
24,61,inf,inf,inf,420.6292904684599,inf
24,62,inf,inf,inf,489.91529880174187,inf
24,63,inf,inf,inf,1264.058542948071,inf
24,64,inf,inf,inf,442.9740398714128,inf
24,65,inf,inf,inf,1427.382569600736,inf
24,66,inf,inf,inf,925.2740134684427,inf
24,67,inf,inf,inf,1465.1856537654196,inf
24,68,inf,inf,inf,514.4356130751447,inf
24,69,inf,inf,inf,457.5117484830308,inf
24,70,inf,inf,inf,1239.4050992310788,inf
24,71,inf,inf,inf,1469.3461130720698,inf
24,72,inf,inf,inf,508.97740617830965,inf
24,73,inf,inf,inf,928.6576333611865,inf
24,74,inf,inf,inf,1421.5660378610626,inf
24,75,inf,inf,inf,1332.4383663044232,inf
24,76,inf,inf,inf,720.0694410957876,inf
24,77,inf,inf,inf,264.09278672466615,inf
24,78,inf,inf,inf,1131.0017683452136,inf
24,79,inf,inf,inf,945.1708840204506,inf
24,80,inf,inf,inf,592.30059935813,inf
24,81,inf,inf,inf,1259.5209406754618,inf
24,82,inf,inf,inf,1331.016153170201,inf
24,83,2.0,975.8549,975.8549057834405,179.47144619688115,5.4373825277639005
24,84,inf,inf,inf,1225.4664418089953,inf
24,85,inf,inf,inf,1317.874804372555,inf
24,86,inf,inf,inf,1035.4400030904735,inf
25,26,inf,inf,inf,330.80054413498175,inf
25,27,inf,inf,inf,299.1320778519081,inf
25,28,inf,inf,inf,1013.1145048808648,inf
25,29,inf,inf,inf,661.8776321949549,inf
25,30,inf,inf,inf,765.5540477327515,inf
25,31,inf,inf,inf,175.2826289168439,inf
25,32,inf,inf,inf,507.5588635813584,inf
25,33,inf,inf,inf,450.7471575062898,inf
25,34,inf,inf,inf,951.8744665133107,inf
25,35,inf,inf,inf,491.6228229039006,inf
25,36,inf,inf,inf,144.49913494550754,inf
25,37,inf,inf,inf,317.5169286825507,inf
25,38,inf,inf,inf,1084.4178161575915,inf
25,39,inf,inf,inf,116.40017182117903,inf
25,40,inf,inf,inf,769.5615634892376,inf
25,41,inf,inf,inf,312.92331328937445,inf
25,42,inf,inf,inf,125.41929676090518,inf
25,43,inf,inf,inf,1110.9248399419287,inf
25,44,inf,inf,inf,989.7600719366285,inf
25,45,inf,inf,inf,888.8785068838148,inf
25,46,inf,inf,inf,989.3280547927467,inf
25,47,inf,inf,inf,811.0024660874959,inf
25,48,inf,inf,inf,1036.1853116117793,inf
25,49,inf,inf,inf,772.2654983876982,inf
25,50,inf,inf,inf,629.9285673788735,inf
25,51,inf,inf,inf,359.60672963669634,inf
25,52,inf,inf,inf,780.9334158556669,inf
25,53,inf,inf,inf,793.8394044137643,inf
25,54,inf,inf,inf,350.4739647962456,inf
25,55,inf,inf,inf,170.57549648176317,inf
25,56,inf,inf,inf,312.47399891831,inf
25,57,inf,inf,inf,357.2408151373524,inf
25,58,inf,inf,inf,465.03010655225324,inf
25,59,inf,inf,inf,514.5026724906295,inf
25,60,inf,inf,inf,925.3372358227026,inf
25,61,inf,inf,inf,655.0671721281719,inf
25,62,inf,inf,inf,998.8057869275688,inf
25,63,inf,inf,inf,237.92856070678022,inf
25,64,inf,inf,inf,826.8010643437755,inf
25,65,inf,inf,inf,675.7876885531432,inf
25,66,inf,inf,inf,234.96808293893875,inf
25,67,inf,inf,inf,404.9456753689314,inf
25,68,inf,inf,inf,566.535082761871,inf
25,69,inf,inf,inf,824.9296939739774,inf
25,70,inf,inf,inf,187.0,inf
25,71,inf,inf,inf,549.7490336508105,inf
25,72,inf,inf,inf,889.9550550449163,inf
25,73,inf,inf,inf,541.9012825229333,inf
25,74,inf,inf,inf,393.7613490427927,inf
25,75,inf,inf,inf,389.16577444580093,inf
25,76,inf,inf,inf,649.561390478221,inf
25,77,inf,inf,inf,828.073064409174,inf
25,78,inf,inf,inf,253.56853117056934,inf
25,79,inf,inf,inf,234.18368858654523,inf
25,80,inf,inf,inf,1113.6651202224123,inf
25,81,inf,inf,inf,238.8493248891443,inf
25,82,inf,inf,inf,258.02713035648014,inf
25,83,inf,inf,inf,1105.73957150859,inf
25,84,inf,inf,inf,313.0399335548102,inf
25,85,inf,inf,inf,248.85337048149458,inf
25,86,inf,inf,inf,141.6827441857335,inf
26,27,inf,inf,inf,41.48493702538308,inf
26,28,inf,inf,inf,684.4852080213275,inf
26,29,inf,inf,inf,650.3575939435166,inf
26,30,inf,inf,inf,603.0008291868262,inf
26,31,inf,inf,inf,266.29494925739766,inf
26,32,inf,inf,inf,446.38660374164454,inf
26,33,inf,inf,inf,314.10189429546585,inf
26,34,inf,inf,inf,691.6212836516818,inf
26,35,inf,inf,inf,204.79257799051214,inf
26,36,inf,inf,inf,459.76189489778295,inf
26,37,inf,inf,inf,318.6534167398806,inf
26,38,inf,inf,inf,753.8600665906107,inf
26,39,inf,inf,inf,398.7204534507855,inf
26,40,inf,inf,inf,452.7626309668235,inf
26,41,inf,inf,inf,638.7800873540126,inf
26,42,inf,inf,inf,452.9602631578183,inf
26,43,inf,inf,inf,800.2755775356386,inf
26,44,inf,inf,inf,828.1690648653812,inf
26,45,inf,inf,inf,822.0218975185516,inf
26,46,inf,inf,inf,716.4530689445053,inf
26,47,inf,inf,inf,668.6239600851887,inf
26,48,inf,inf,inf,733.3518937045162,inf
26,49,inf,inf,inf,800.6203844519573,inf
26,50,inf,inf,inf,404.1002350902558,inf
26,51,inf,inf,inf,690.4056778445554,inf
26,52,inf,inf,inf,585.3904679784255,inf
26,53,inf,inf,inf,473.99789029066363,inf
26,54,inf,inf,inf,476.5259699113995,inf
26,55,inf,inf,inf,445.44921147084773,inf
26,56,inf,inf,inf,109.11003620199197,inf
26,57,inf,inf,inf,463.51914739307153,inf
26,58,inf,inf,inf,319.0767932645682,inf
26,59,inf,inf,inf,250.28783430282823,inf
26,60,inf,inf,inf,827.7064697101262,inf
26,61,inf,inf,inf,414.56000771902734,inf
26,62,inf,inf,inf,673.0111440384921,inf
26,63,inf,inf,inf,568.1663488803257,inf
26,64,inf,inf,inf,707.8735762832231,inf
26,65,inf,inf,inf,653.9785929218173,inf
26,66,inf,inf,inf,108.90821823902914,inf
26,67,inf,inf,inf,661.0189104707973,inf
26,68,inf,inf,inf,319.02507738420815,inf
26,69,inf,inf,inf,505.3988523928403,inf
26,70,inf,inf,inf,443.8468204234429,inf
26,71,inf,inf,inf,648.6763445663793,inf
26,72,inf,inf,inf,798.2336750601293,inf
26,73,inf,inf,inf,278.0647406630334,inf
26,74,inf,inf,inf,603.0132668523969,inf
26,75,inf,inf,inf,708.6614142169728,inf
26,76,inf,inf,inf,653.8539592294292,inf
26,77,inf,inf,inf,563.2370726434829,inf
26,78,inf,inf,inf,305.6304958606062,inf
26,79,inf,inf,inf,393.8591118661596,inf
26,80,inf,inf,inf,783.9317572340083,inf
26,81,inf,inf,inf,446.884772620415,inf
26,82,inf,inf,inf,566.8553607402862,inf
26,83,inf,inf,inf,821.0608990811827,inf
26,84,inf,inf,inf,400.0262491387284,inf
26,85,inf,inf,inf,567.9656679765072,inf
26,86,inf,inf,inf,230.76611536358627,inf
27,28,inf,inf,inf,720.7586281134621,inf
27,29,inf,inf,inf,669.0724923354718,inf
27,30,inf,inf,inf,589.132412959939,inf
27,31,inf,inf,inf,225.07776433935007,inf
27,32,inf,inf,inf,467.2386970275472,inf
27,33,inf,inf,inf,289.66359798911566,inf
27,34,inf,inf,inf,732.718909268759,inf
27,35,inf,inf,inf,245.7173172570464,inf
27,36,inf,inf,inf,432.78632141046234,inf
27,37,inf,inf,inf,325.86653709762834,inf
27,38,inf,inf,inf,785.8714907667793,inf
27,39,inf,inf,inf,360.86701151532264,inf
27,40,inf,inf,inf,492.793060016068,inf
27,41,inf,inf,inf,610.0270485806346,inf
27,42,inf,inf,inf,419.0584684742691,inf
27,43,inf,inf,inf,820.7569676828823,inf
27,44,inf,inf,inf,816.1648117874232,inf
27,45,inf,inf,inf,797.5443561332498,inf
27,46,inf,inf,inf,757.8667429040544,inf
27,47,inf,inf,inf,701.3879097902957,inf
27,48,inf,inf,inf,774.3125983735509,inf
27,49,inf,inf,inf,767.1101615804604,inf
27,50,inf,inf,inf,442.18774293279546,inf
27,51,inf,inf,inf,658.2043755551919,inf
27,52,inf,inf,inf,622.2901252631284,inf
27,53,inf,inf,inf,513.4832032306413,inf
27,54,inf,inf,inf,435.6604182158393,inf
27,55,inf,inf,inf,406.4283454681772,inf
27,56,inf,inf,inf,77.6659513557904,inf
27,57,inf,inf,inf,463.9062405271134,inf
27,58,inf,inf,inf,296.2853354454115,inf
27,59,inf,inf,inf,290.0017241328058,inf
27,60,inf,inf,inf,806.8785534391158,inf
27,61,inf,inf,inf,412.8401627748928,inf
27,62,inf,inf,inf,700.3777552149983,inf
27,63,inf,inf,inf,535.0233639758175,inf
27,64,inf,inf,inf,688.7960510920486,inf
27,65,inf,inf,inf,673.9176507556394,inf
27,66,inf,inf,inf,96.17692030835673,inf
27,67,inf,inf,inf,645.8614402486031,inf
27,68,inf,inf,inf,317.00157728314224,inf
27,69,inf,inf,inf,529.0680485533028,inf
27,70,inf,inf,inf,424.8070150079916,inf
27,71,inf,inf,inf,654.1498299319506,inf
27,72,inf,inf,inf,776.4663547121665,inf
27,73,inf,inf,inf,318.0393057469469,inf
27,74,inf,inf,inf,593.6328831862332,inf
27,75,inf,inf,inf,671.9002902216965,inf
27,76,inf,inf,inf,621.0974158696846,inf
27,77,inf,inf,inf,569.2003162332221,inf
27,78,inf,inf,inf,304.54720487963766,inf
27,79,inf,inf,inf,352.38898961233167,inf
27,80,inf,inf,inf,814.5980603954321,inf
27,81,inf,inf,inf,434.0011520722036,inf
27,82,inf,inf,inf,542.1088451593462,inf
27,83,inf,inf,inf,833.5010497893809,inf
27,84,inf,inf,inf,400.35234481641294,inf
27,85,inf,inf,inf,540.9916820062948,inf
27,86,inf,inf,inf,212.24985276791125,inf
28,29,inf,inf,inf,981.7744140076171,inf
28,30,inf,inf,inf,843.005338061391,inf
28,31,inf,inf,inf,934.2317699586115,inf
28,32,inf,inf,inf,829.877701833228,inf
28,33,inf,inf,inf,798.1603848851432,inf
28,34,inf,inf,inf,447.2359556207439,inf
28,35,inf,inf,inf,544.3418043839735,inf
28,36,inf,inf,inf,1131.3217933019764,inf
28,37,inf,inf,inf,862.5659395083949,inf
28,38,inf,inf,inf,150.08331019803634,inf
28,39,inf,inf,inf,1081.3482325319628,inf
28,40,inf,inf,inf,268.37660106648644,inf
28,41,inf,inf,inf,1312.097557348538,inf
28,42,inf,inf,inf,1136.848714649403,inf
28,43,inf,inf,inf,422.19071519871204,inf
28,44,inf,inf,inf,961.8814895817468,inf
28,45,inf,inf,inf,1136.0633785137165,inf
28,46,inf,inf,inf,402.7468187335562,inf
28,47,inf,inf,inf,764.3101464719672,inf
28,48,inf,inf,inf,256.7041098229633,inf
28,49,inf,inf,inf,1253.4037657514837,inf
28,50,inf,inf,inf,556.2274714539008,inf
28,51,inf,inf,inf,1371.4357440288627,inf
28,52,inf,inf,inf,621.4064692292799,inf
28,53,inf,inf,inf,238.24777018893587,inf
28,54,inf,inf,inf,1095.5185986554495,inf
28,55,inf,inf,inf,1125.0195553855942,inf
28,56,inf,inf,inf,740.6787427758408,inf
28,57,inf,inf,inf,1009.2541800755645,inf
28,58,inf,inf,inf,787.9149700316652,inf
28,59,inf,inf,inf,549.3887512499687,inf
28,60,inf,inf,inf,1088.019301299384,inf
28,61,inf,inf,inf,635.600503461097,inf
28,62,inf,inf,inf,238.0756182392477,inf
28,63,inf,inf,inf,1251.0415660560604,inf
28,64,inf,inf,inf,976.2258959892429,inf
28,65,inf,inf,inf,968.8260937856701,inf
28,66,inf,inf,inf,779.4312028652689,inf
28,67,inf,inf,inf,1275.9004663374021,inf
28,68,inf,inf,inf,630.3181736234487,inf
28,69,inf,inf,inf,330.0242415338607,inf
28,70,inf,inf,inf,1090.651181634165,inf
28,71,inf,inf,inf,1118.8319802365322,inf
28,72,inf,inf,inf,1078.9388305182088,inf
28,73,inf,inf,inf,532.6161845081315,inf
28,74,inf,inf,inf,1189.2876018861039,inf
28,75,inf,inf,inf,1392.6568134325125,inf
28,76,inf,inf,inf,1118.8319802365322,inf
28,77,inf,inf,inf,576.2672990895804,inf
28,78,inf,inf,inf,896.3314119230677,inf
28,79,inf,inf,inf,1047.7981675876324,inf
28,80,inf,inf,inf,198.69826370655582,inf
28,81,inf,inf,inf,1067.843621510191,inf
28,82,inf,inf,inf,1228.931649848762,inf
28,83,inf,inf,inf,578.7996199031232,inf
28,84,inf,inf,inf,960.1171803483156,inf
28,85,inf,inf,inf,1237.2117846189471,inf
28,86,inf,inf,inf,893.4702009580398,inf
29,30,inf,inf,inf,1252.6711459916366,inf
29,31,inf,inf,inf,779.6473561809852,inf
29,32,inf,inf,inf,205.54804791094466,inf
29,33,inf,inf,inf,958.1320368299977,inf
29,34,inf,inf,inf,638.6650139157459,inf
29,35,inf,inf,inf,556.8707210834486,inf
29,36,inf,inf,inf,638.6814542477338,inf
29,37,inf,inf,inf,363.633056803146,inf
29,38,inf,inf,inf,1118.0,inf
29,39,inf,inf,inf,776.3407756906756,inf
29,40,inf,inf,inf,729.8883476258543,inf
29,41,inf,inf,inf,743.4251811715823,inf
29,42,inf,inf,inf,735.8695536574401,inf
29,43,inf,inf,inf,1297.1553492161222,inf
29,44,inf,inf,inf,1475.8106247076553,inf
29,45,inf,inf,inf,1464.2380270980534,inf
29,46,inf,inf,inf,699.6056031793913,inf
29,47,inf,inf,inf,296.0219586449627,inf
29,48,inf,inf,inf,837.0483856982223,inf
29,49,inf,inf,inf,1403.4714104676304,inf
29,50,inf,inf,inf,430.669246638299,inf
29,51,inf,inf,inf,837.1529131526689,inf
29,52,inf,inf,inf,393.86418979135436,inf
29,53,inf,inf,inf,759.5926539929148,inf
29,54,inf,inf,inf,1001.3161338957842,inf
29,55,inf,inf,inf,827.4841388207994,inf
29,56,inf,inf,inf,745.2905473706211,inf
29,57,inf,inf,inf,318.912213626258,inf
29,58,inf,inf,inf,965.2756083109114,inf
29,59,inf,inf,inf,512.1064342497564,inf
29,60,inf,inf,inf,1475.9393618980423,inf
29,61,inf,inf,inf,1049.6118330125666,inf
29,62,inf,inf,inf,1115.2062589494376,inf
29,63,inf,inf,inf,781.7314116753912,inf
29,64,inf,inf,inf,1357.5308467950185,inf
29,65,inf,inf,inf,22.47220505424423,inf
29,66,inf,inf,inf,592.6617922559207,inf
29,67,inf,inf,inf,536.716871357702,inf
29,68,inf,inf,inf,958.0521906451652,inf
29,69,inf,inf,inf,1012.9249725423892,inf
29,70,inf,inf,inf,536.8286505021877,inf
29,71,inf,inf,inf,219.18485349129398,inf
29,72,inf,inf,inf,1445.3324876996296,inf
29,73,inf,inf,inf,509.0864366686663,inf
29,74,inf,inf,inf,432.9457240809753,inf
29,75,inf,inf,inf,948.1708706767995,inf
29,76,inf,inf,inf,1265.2462210969056,inf
29,77,inf,inf,inf,1168.6184150525783,inf
29,78,inf,inf,inf,417.31163415366217,inf
29,79,inf,inf,inf,885.6635930193811,inf
29,80,inf,inf,inf,1164.1099604418819,inf
29,81,inf,inf,inf,466.58011102060493,inf
29,82,inf,inf,inf,644.608408260395,inf
29,83,inf,inf,inf,1378.330149129736,inf
29,84,inf,inf,inf,349.817095065407,inf
29,85,inf,inf,inf,679.1244363148775,inf
29,86,inf,inf,inf,556.9380575970724,inf
30,31,inf,inf,inf,590.905237749675,inf
30,32,inf,inf,inf,1047.7370853415468,inf
30,33,inf,inf,inf,318.7883310285996,inf
30,34,inf,inf,inf,1119.032617933901,inf
30,35,inf,inf,inf,731.7444909256236,inf
30,36,inf,inf,inf,904.6905548307665,inf
30,37,inf,inf,inf,914.4845542708745,inf
30,38,inf,inf,inf,796.578307512827,inf
30,39,inf,inf,inf,731.5763801545263,inf
30,40,inf,inf,inf,788.0406080907252,inf
30,41,inf,inf,inf,1037.891131092274,inf
30,42,inf,inf,inf,827.4787006322277,inf
30,43,inf,inf,inf,616.2864593677197,inf
30,44,inf,inf,inf,228.60008748904713,inf
30,45,inf,inf,inf,293.38370779578065,inf
30,46,inf,inf,inf,1113.5838540496177,inf
30,47,inf,inf,inf,1229.2989872280868,inf
30,48,inf,inf,inf,1041.971688674889,inf
30,49,inf,inf,inf,445.1797389819083,inf
30,50,inf,inf,inf,936.3807986070624,inf
30,51,inf,inf,inf,1038.253340952968,inf
30,52,inf,inf,inf,1114.9744391688987,inf
30,53,inf,inf,inf,784.882156759854,inf
30,54,inf,inf,inf,543.8685502950138,inf
30,55,inf,inf,inf,734.0333779876771,inf
30,56,inf,inf,inf,518.2171359575058,inf
30,57,inf,inf,inf,1044.6913419761838,inf
30,58,inf,inf,inf,306.4245420980506,inf
30,59,inf,inf,inf,786.3497949386139,inf
30,60,inf,inf,inf,256.1640099623677,inf
30,61,inf,inf,inf,235.05318547086316,inf
30,62,inf,inf,inf,653.8516651351437,inf
30,63,inf,inf,inf,925.0086486082171,inf
30,64,inf,inf,inf,135.14806694880988,inf
30,65,inf,inf,inf,1255.401927670975,inf
30,66,inf,inf,inf,678.0980755023568,inf
30,67,inf,inf,inf,1170.0546995760496,inf
30,68,inf,inf,inf,305.83165303807255,inf
30,69,inf,inf,inf,513.0009746579435,inf
30,70,inf,inf,inf,946.8738036296072,inf
30,71,inf,inf,inf,1240.0681432889082,inf
30,72,inf,inf,inf,239.8520377232597,inf
30,73,inf,inf,inf,804.6378067180289,inf
30,74,inf,inf,inf,1145.6967312513377,inf
30,75,inf,inf,inf,972.9218879231776,inf
30,76,inf,inf,inf,348.61009738675097,inf
30,77,inf,inf,inf,280.6599365780588,inf
30,78,inf,inf,inf,886.5957365112919,inf
30,79,inf,inf,inf,597.2143668734034,inf
30,80,inf,inf,inf,790.4384859051336,inf
30,81,inf,inf,inf,981.6231456113899,inf
30,82,inf,inf,inf,1014.7043904507361,inf
30,83,inf,inf,inf,501.8814601078625,inf
30,84,inf,inf,inf,982.1552830382781,inf
30,85,inf,inf,inf,995.552610362707,inf
30,86,inf,inf,inf,765.3946694353182,inf
31,32,inf,inf,inf,599.0826320300064,inf
31,33,inf,inf,inf,279.1146717748818,inf
31,34,inf,inf,inf,952.1454720787156,inf
31,35,inf,inf,inf,466.4000428816447,inf
31,36,inf,inf,inf,314.3055837874981,inf
31,37,inf,inf,inf,416.60172827293934,inf
31,38,inf,inf,inf,984.9274084926259,inf
31,39,inf,inf,inf,163.47782724271815,inf
31,40,inf,inf,inf,716.5535569655627,inf
31,41,inf,inf,inf,462.3299687452675,inf
31,42,inf,inf,inf,249.85195616604645,inf
31,43,inf,inf,inf,975.4270859474839,inf
31,44,inf,inf,inf,814.5360642721721,inf
31,45,inf,inf,inf,720.3200677476646,inf
31,46,inf,inf,inf,980.1152993398276,inf
31,47,inf,inf,inf,877.6223561418658,inf
31,48,inf,inf,inf,999.3057590147272,inf
31,49,inf,inf,inf,625.4486389784536,inf
31,50,inf,inf,inf,647.8410298831034,inf
31,51,inf,inf,inf,485.53578652865536,inf
31,52,inf,inf,inf,819.6249142138128,inf
31,53,inf,inf,inf,736.1555542139175,inf
31,54,inf,inf,inf,231.0411218809327,inf
31,55,inf,inf,inf,195.2331938989884,inf
31,56,inf,inf,inf,194.0,inf
31,57,inf,inf,inf,501.339206525881,inf
31,58,inf,inf,inf,294.0153057240388,inf
31,59,inf,inf,inf,505.20193982208735,inf
31,60,inf,inf,inf,752.941564797694,inf
31,61,inf,inf,inf,495.60972548972444,inf
31,62,inf,inf,inf,884.0050904830808,inf
31,63,inf,inf,inf,361.809342057388,inf
31,64,inf,inf,inf,652.1748231877707,inf
31,65,inf,inf,inf,790.1423922306662,inf
31,66,inf,inf,inf,223.1815404552984,inf
31,67,inf,inf,inf,580.2111684550721,inf
31,68,inf,inf,inf,413.63026968537974,inf
31,69,inf,inf,inf,703.7336143740755,inf
31,70,inf,inf,inf,360.46220328905497,inf
31,71,inf,inf,inf,700.2770880158796,inf
31,72,inf,inf,inf,717.9749299244369,inf
31,73,inf,inf,inf,533.8136378924764,inf
31,74,inf,inf,inf,565.2786923279525,inf
31,75,inf,inf,inf,469.4358316106686,inf
31,76,inf,inf,inf,492.4895937986913,inf
31,77,inf,inf,inf,671.8429876094563,inf
31,78,inf,inf,inf,363.61655627872614,inf
31,79,inf,inf,inf,130.11533345459327,inf
31,80,inf,inf,inf,1008.6198491007402,inf
31,81,inf,inf,inf,404.911101354359,inf
31,82,inf,inf,inf,425.85678343781257,inf
31,83,inf,inf,inf,953.5659389890141,inf
31,84,inf,inf,inf,446.5624256472996,inf
31,85,inf,inf,inf,410.07804135310636,inf
31,86,inf,inf,inf,223.27113561766106,inf
32,33,inf,inf,inf,756.8969546774515,inf
32,34,inf,inf,inf,561.2209903415944,inf
32,35,inf,inf,inf,357.8449384859314,inf
32,36,inf,inf,inf,522.7925018590072,inf
32,37,inf,inf,inf,190.22355269524328,inf
32,38,inf,inf,inf,956.1851285185312,inf
32,39,inf,inf,inf,623.8950232210544,inf
32,40,inf,inf,inf,565.8277122941223,inf
32,41,inf,inf,inf,664.6931622937008,inf
32,42,inf,inf,inf,603.2395875603656,inf
32,43,inf,inf,inf,1112.2742467575163,inf
32,44,inf,inf,inf,1270.4019049104106,inf
32,45,inf,inf,inf,1264.4876432769124,inf
32,46,inf,inf,inf,616.2418356457147,inf
32,47,inf,inf,inf,312.4307923364789,inf
32,48,inf,inf,inf,727.3403604915652,inf
32,49,inf,inf,inf,1215.6849920929353,inf
32,50,inf,inf,inf,277.0739973364516,inf
32,51,inf,inf,inf,753.634526809912,inf
32,52,inf,inf,inf,329.607342151233,inf
32,53,inf,inf,inf,596.3799124719075,inf
32,54,inf,inf,inf,827.3910804450336,inf
32,55,inf,inf,inf,678.0501456382116,inf
32,56,inf,inf,inf,544.3013871009333,inf
32,57,inf,inf,inf,235.53555994796199,inf
32,58,inf,inf,inf,763.3695042376268,inf
32,59,inf,inf,inf,317.9701243827791,inf
32,60,inf,inf,inf,1273.5560450957782,inf
32,61,inf,inf,inf,844.1996209428195,inf
32,62,inf,inf,inf,937.3606563111127,inf
32,63,inf,inf,inf,673.2443835636507,inf
32,64,inf,inf,inf,1154.2200829997716,inf
32,65,inf,inf,inf,207.7137453323684,inf
32,66,inf,inf,inf,396.8904130865345,inf
32,67,inf,inf,inf,514.7086554547145,inf
32,68,inf,inf,inf,752.506478377429,inf
32,69,inf,inf,inf,821.562535659946,inf
32,70,inf,inf,inf,429.04661751376153,inf
32,71,inf,inf,inf,289.10897599348243,inf
32,72,inf,inf,inf,1243.5191996909416,inf
32,73,inf,inf,inf,320.2264823527249,inf
32,74,inf,inf,inf,410.4728980091134,inf
32,75,inf,inf,inf,844.6076011971477,inf
32,76,inf,inf,inf,1074.3342124311223,inf
32,77,inf,inf,inf,965.9073454529683,inf
32,78,inf,inf,inf,254.13579047430528,inf
32,79,inf,inf,inf,714.849634538621,inf
32,80,inf,inf,inf,1000.1129936162214,inf
32,81,inf,inf,inf,367.16345134013545,inf
32,82,inf,inf,inf,562.6170989225266,inf
32,83,inf,inf,inf,1183.6097329778934,inf
32,84,inf,inf,inf,226.52593670482858,inf
32,85,inf,inf,inf,590.7351352340573,inf
32,86,inf,inf,inf,383.105729531679,inf
33,34,inf,inf,inf,946.6784036831093,inf
33,35,inf,inf,inf,488.3605225650411,inf
33,36,inf,inf,inf,592.7874829987556,inf
33,37,inf,inf,inf,606.9266842049376,inf
33,38,inf,inf,inf,810.1882497296539,inf
33,39,inf,inf,inf,432.7701468447194,inf
33,40,inf,inf,inf,645.1805948724744,inf
33,41,inf,inf,inf,738.606796611025,inf
33,42,inf,inf,inf,525.6015601194501,inf
33,43,inf,inf,inf,739.4788705568267,inf
33,44,inf,inf,inf,546.6882109575805,inf
33,45,inf,inf,inf,508.1928767702279,inf
33,46,inf,inf,inf,957.6037802765818,inf
33,47,inf,inf,inf,978.1421164636558,inf
33,48,inf,inf,inf,930.4348445753737,inf
33,49,inf,inf,inf,505.0831614694752,inf
33,50,inf,inf,inf,699.6720660423711,inf
33,51,inf,inf,inf,752.3509819226662,inf
33,52,inf,inf,inf,883.5440000362178,inf
33,53,inf,inf,inf,654.2858702432752,inf
33,54,inf,inf,inf,317.6239915371633,inf
33,55,inf,inf,inf,447.25048909978847,inf
33,56,inf,inf,inf,212.8497122384712,inf
33,57,inf,inf,inf,729.6971974730341,inf
33,58,inf,inf,inf,15.811388300841896,inf
33,59,inf,inf,inf,541.9151225053606,inf
33,60,inf,inf,inf,518.2991414231747,inf
33,61,inf,inf,inf,233.52944139872386,inf
33,62,inf,inf,inf,687.165191202232,inf
33,63,inf,inf,inf,632.1210327144636,inf
33,64,inf,inf,inf,402.82626528070386,inf
33,65,inf,inf,inf,963.3794683301072,inf
33,66,inf,inf,inf,369.1950703896248,inf
33,67,inf,inf,inf,853.4975102482725,inf
33,68,inf,inf,inf,178.22738285684386,inf
33,69,inf,inf,inf,506.42274830422065,inf
33,70,inf,inf,inf,629.1740617666943,inf
33,71,inf,inf,inf,927.0755093302811,inf
33,72,inf,inf,inf,487.2381347965284,inf
33,73,inf,inf,inf,566.1271941887264,inf
33,74,inf,inf,inf,826.9371197376497,inf
33,75,inf,inf,inf,710.8621526006291,inf
33,76,inf,inf,inf,357.4143253984093,inf
33,77,inf,inf,inf,409.18455493823325,inf
33,78,inf,inf,inf,573.384687622542,inf
33,79,inf,inf,inf,319.77648443874045,inf
33,80,inf,inf,inf,823.2332597751381,inf
33,81,inf,inf,inf,662.8378383888476,inf
33,82,inf,inf,inf,704.8694914663281,inf
33,83,inf,inf,inf,692.1538846239324,inf
33,84,inf,inf,inf,667.9887723607336,inf
33,85,inf,inf,inf,689.0,inf
33,86,inf,inf,inf,447.73317947188144,inf
34,35,inf,inf,inf,487.05646489909157,inf
34,36,inf,inf,inf,1024.6096817813113,inf
34,37,inf,inf,inf,685.6238035541065,inf
34,38,inf,inf,inf,597.0468993303625,inf
34,39,inf,inf,inf,1053.672624679981,inf
34,40,inf,inf,inf,333.1816321467917,inf
34,41,inf,inf,inf,1191.713052710257,inf
34,42,inf,inf,inf,1072.934760365233,inf
34,43,inf,inf,inf,857.8537171336382,inf
34,44,inf,inf,inf,1292.7258023262318,inf
34,45,inf,inf,inf,1401.3208055259865,inf
34,46,inf,inf,inf,61.84658438426491,inf
34,47,inf,inf,inf,362.42792386900874,inf
34,48,inf,inf,inf,219.91134577370036,inf
34,49,inf,inf,inf,1450.7160301037554,inf
34,50,inf,inf,inf,324.7660696562989,inf
34,51,inf,inf,inf,1271.9150915057185,inf
34,52,inf,inf,inf,245.58908770545975,inf
34,53,inf,inf,inf,342.31272252138103,inf
34,54,inf,inf,inf,1168.0620702685283,inf
34,55,inf,inf,inf,1107.1752345496172,inf
34,56,inf,inf,inf,791.9122426127784,inf
34,57,inf,inf,inf,791.0511993543781,inf
34,58,inf,inf,inf,943.3186100146652,inf
34,59,inf,inf,inf,447.3209138862166,inf
34,60,inf,inf,inf,1375.1225399941636,inf
34,61,inf,inf,inf,884.4342824653509,inf
34,62,inf,inf,inf,662.8815882191932,inf
34,63,inf,inf,inf,1169.9354683058377,inf
34,64,inf,inf,inf,1252.1824946867769,inf
34,65,inf,inf,inf,620.0290315783609,inf
34,66,inf,inf,inf,736.9918588424163,inf
34,67,inf,inf,inf,1073.6265644999662,inf
34,68,inf,inf,inf,831.4379110913815,inf
34,69,inf,inf,inf,663.6203734063625,inf
34,70,inf,inf,inf,949.7052174227538,inf
34,71,inf,inf,inf,827.377181217853,inf
34,72,inf,inf,inf,1356.3823207340915,inf
34,73,inf,inf,inf,418.68842830916645,inf
34,74,inf,inf,inf,970.8784681925952,inf
34,75,inf,inf,inf,1335.895579751651,inf
34,76,inf,inf,inf,1303.658314129895,inf
34,77,inf,inf,inf,906.2008607367353,inf
34,78,inf,inf,inf,742.9737545835653,inf
34,79,inf,inf,inf,1082.0226430163095,inf
34,80,inf,inf,inf,645.4184689021534,inf
34,81,inf,inf,inf,901.4532711128181,inf
34,82,inf,inf,inf,1093.0457446968996,inf
34,83,inf,inf,inf,997.1283768903581,inf
34,84,inf,inf,inf,764.782975751945,inf
34,85,inf,inf,inf,1114.1763774196615,inf
34,86,inf,inf,inf,810.617665733976,inf
35,36,inf,inf,inf,594.7478457295999,inf
35,37,inf,inf,inf,325.5641257878392,inf
35,38,inf,inf,inf,644.3578198485683,inf
35,39,inf,inf,inf,580.9595510876811,inf
35,40,inf,inf,inf,283.8626428398073,inf
35,41,inf,inf,inf,774.3823345092526,inf
35,42,inf,inf,inf,616.9286830744701,inf
35,43,inf,inf,inf,762.4099946878976,inf
35,44,inf,inf,inf,943.3069489832035,inf
35,45,inf,inf,inf,983.1398679740335,inf
35,46,inf,inf,inf,513.7207412592954,inf
35,47,inf,inf,inf,498.5037612696618,inf
35,48,inf,inf,inf,544.944951348299,inf
35,49,inf,inf,inf,990.1338293382365,inf
35,50,inf,inf,inf,211.53959440256097,inf
35,51,inf,inf,inf,840.6188196798832,inf
35,52,inf,inf,inf,395.3454185898706,inf
35,53,inf,inf,inf,311.01446911679204,inf
35,54,inf,inf,inf,681.3024291751791,inf
35,55,inf,inf,inf,632.0957205993409,inf
35,56,inf,inf,inf,308.3650434144571,inf
35,57,inf,inf,inf,478.92588153074377,inf
35,58,inf,inf,inf,488.94375954704645,inf
35,59,inf,inf,inf,54.91812087098393,inf
35,60,inf,inf,inf,976.0379090998464,inf
35,61,inf,inf,inf,509.31326312987375,inf
35,62,inf,inf,inf,598.8422162807161,inf
35,63,inf,inf,inf,725.4798412085618,inf
35,64,inf,inf,inf,852.2470299156225,inf
35,65,inf,inf,inf,553.7544582213311,inf
35,66,inf,inf,inf,260.4169733331528,inf
35,67,inf,inf,inf,734.0149862230335,inf
35,68,inf,inf,inf,426.16076778605515,inf
35,69,inf,inf,inf,466.9047011971501,inf
35,70,inf,inf,inf,547.0831746635972,inf
35,71,inf,inf,inf,623.7218931543129,inf
35,72,inf,inf,inf,950.3520400356912,inf
35,73,inf,inf,inf,77.79460135510689,inf
35,74,inf,inf,inf,652.4116798463988,inf
35,75,inf,inf,inf,880.6117192043267,inf
35,76,inf,inf,inf,842.2404644755558,inf
35,77,inf,inf,inf,613.0905316509137,inf
35,78,inf,inf,inf,352.93342148342936,inf
35,79,inf,inf,inf,595.8061765373031,inf
35,80,inf,inf,inf,682.8711445067803,inf
35,81,inf,inf,inf,523.8263070904325,inf
35,82,inf,inf,inf,687.1862920635132,inf
35,83,inf,inf,inf,826.1022939079639,inf
35,84,inf,inf,inf,423.89739324511066,inf
35,85,inf,inf,inf,698.0150428178464,inf
35,86,inf,inf,inf,359.01114188838204,inf
36,37,inf,inf,inf,346.91929897311854,inf
36,38,inf,inf,inf,1211.5188814046605,inf
36,39,inf,inf,inf,191.9713520294109,inf
36,40,inf,inf,inf,878.148620678755,inf
36,41,inf,inf,inf,180.8009955724802,inf
36,42,inf,inf,inf,109.80892495603443,inf
36,43,inf,inf,inf,1251.0163867831627,inf
36,44,inf,inf,inf,1126.6343683733423,inf
36,45,inf,inf,inf,1009.8440473657306,inf
36,46,inf,inf,inf,1067.787432029428,inf
36,47,inf,inf,inf,835.160463623608,inf
36,48,inf,inf,inf,1131.3849919457125,inf
36,49,inf,inf,inf,870.9822041810039,inf
36,50,inf,inf,inf,699.9328539224316,inf
36,51,inf,inf,inf,248.65437860612872,inf
36,52,inf,inf,inf,829.67523766833,inf
36,53,inf,inf,inf,904.3699464267928,inf
36,54,inf,inf,inf,446.4258057057186,inf
36,55,inf,inf,inf,223.44574285494903,inf
36,56,inf,inf,inf,454.53272709454046,inf
36,57,inf,inf,inf,319.7702300089863,inf
36,58,inf,inf,inf,607.3853801335689,inf
36,59,inf,inf,inf,607.6257071586093,inf
36,60,inf,inf,inf,1052.1525554785294,inf
36,61,inf,inf,inf,799.565507009901,inf
36,62,inf,inf,inf,1132.4932670881535,inf
36,63,inf,inf,inf,150.65855435387664,inf
36,64,inf,inf,inf,959.0161625332495,inf
36,65,inf,inf,inf,656.073928761081,inf
36,66,inf,inf,inf,355.0126758300329,inf
36,67,inf,inf,inf,274.14777037211155,inf
36,68,inf,inf,inf,710.8487884212788,inf
36,69,inf,inf,inf,961.730211649816,inf
36,70,inf,inf,inf,102.18121158021175,inf
36,71,inf,inf,inf,485.33699632317337,inf
36,72,inf,inf,inf,1016.1673090588971,inf
36,73,inf,inf,inf,632.8925659225268,inf
36,74,inf,inf,inf,288.84597971929605,inf
36,75,inf,inf,inf,322.0465804817682,inf
36,76,inf,inf,inf,760.138145339385,inf
36,77,inf,inf,inf,972.4325169388362,inf
36,78,inf,inf,inf,284.31144894288025,inf
36,79,inf,inf,inf,338.9896753589997,inf
36,80,inf,inf,inf,1242.95213101712,inf
36,81,inf,inf,inf,172.7917822120022,inf
36,82,inf,inf,inf,113.53413583587978,inf
36,83,inf,inf,inf,1249.5199078045935,inf
36,84,inf,inf,inf,299.60307074527793,inf
36,85,inf,inf,inf,108.25894882179486,inf
36,86,inf,inf,inf,237.86130412490385,inf
37,38,inf,inf,inf,969.2393925135317,inf
37,39,inf,inf,inf,433.7764401163346,inf
37,40,inf,inf,inf,595.2495275092623,inf
37,41,inf,inf,inf,506.6162255593478,inf
37,42,inf,inf,inf,417.5416146924759,inf
37,43,inf,inf,inf,1077.727702158574,inf
37,44,inf,inf,inf,1141.9159338585305,inf
37,45,inf,inf,inf,1107.4384858763037,inf
37,46,inf,inf,inf,732.8198960181144,inf
37,47,inf,inf,inf,495.84876726679477,inf
37,48,inf,inf,inf,814.808566474359,inf
37,49,inf,inf,inf,1039.8389298348086,inf
37,50,inf,inf,inf,364.3967617858315,inf
37,51,inf,inf,inf,589.460770535241,inf
37,52,inf,inf,inf,482.8022369459363,inf
37,53,inf,inf,inf,624.7767601311688,inf
37,54,inf,inf,inf,641.4616122575068,inf
37,55,inf,inf,inf,488.07888706642495,inf
37,56,inf,inf,inf,396.8941924493227,inf
37,57,inf,inf,inf,155.3898323572041,inf
37,58,inf,inf,inf,615.8002923026263,inf
37,59,inf,inf,inf,313.1772660970141,inf
37,60,inf,inf,inf,1124.5487984076103,inf
37,61,inf,inf,inf,733.1793777787261,inf
37,62,inf,inf,inf,922.338332717447,inf
37,63,inf,inf,inf,496.9315848283343,inf
37,64,inf,inf,inf,1009.6301302952483,inf
37,65,inf,inf,inf,373.5933618253943,inf
37,66,inf,inf,inf,237.80033641691932,inf
37,67,inf,inf,inf,414.40318531594323,inf
37,68,inf,inf,inf,637.6778183377559,inf
37,69,inf,inf,inf,778.7425762085954,inf
37,70,inf,inf,inf,264.4617174564213,inf
37,71,inf,inf,inf,330.056055845064,inf
37,72,inf,inf,inf,1092.5772283916592,inf
37,73,inf,inf,inf,331.2099032335839,inf
37,74,inf,inf,inf,327.48282397707516,inf
37,75,inf,inf,inf,667.7192523808191,inf
37,76,inf,inf,inf,902.044899104252,inf
37,77,inf,inf,inf,877.0222346098187,inf
37,78,1.0,72.0416,72.0416305603426,65.19202405202648,1.105068167585191
37,79,inf,inf,inf,527.3983314345999,inf
37,80,inf,inf,inf,1008.3040216125294,inf
37,81,inf,inf,inf,217.90364843205356,inf
37,82,inf,inf,inf,407.4272941274308,inf
37,83,inf,inf,inf,1122.2089823201381,inf
37,84,inf,inf,inf,98.37174391053561,inf
37,85,inf,inf,inf,429.4147179592241,inf
37,86,inf,inf,inf,195.54283418218117,inf
38,39,inf,inf,inf,1140.3231997990745,inf
38,40,inf,inf,inf,390.6622582231358,inf
38,41,inf,inf,inf,1391.6770458694791,inf
38,42,inf,inf,inf,1204.8053784740505,inf
38,43,inf,inf,inf,289.60662975836726,inf
38,44,inf,inf,inf,883.4687317613453,inf
38,45,inf,inf,inf,1084.345424668726,inf
38,46,inf,inf,inf,551.2349771195584,inf
38,47,inf,inf,inf,911.0329302500542,inf
38,48,inf,inf,inf,399.42208251422454,inf
38,49,inf,inf,inf,1227.5504062970285,inf
38,50,inf,inf,inf,688.4184773813091,inf
38,51,inf,inf,inf,1443.9213967526073,inf
38,52,inf,inf,inf,767.4066718500693,inf
38,53,inf,inf,inf,360.25130117738644,inf
38,54,inf,inf,inf,1121.4000178348492,inf
38,55,inf,inf,inf,1179.536349588261,inf
38,56,inf,inf,inf,791.8396302282426,inf
38,57,inf,inf,inf,1120.4824853606592,inf
38,58,inf,inf,inf,797.8753035405971,inf
38,59,inf,inf,inf,659.1092473937837,inf
38,60,inf,inf,inf,1027.582113507237,inf
38,61,inf,inf,inf,616.000811687777,inf
38,62,inf,inf,inf,143.50261321662404,inf
38,63,inf,inf,inf,1320.892122771576,inf
38,64,inf,inf,inf,924.4338808157131,inf
38,65,inf,inf,inf,1106.1631886842013,inf
38,66,inf,inf,inf,856.5068592836838,inf
38,67,inf,inf,inf,1377.6737639949451,inf
38,68,inf,inf,inf,633.5203232730581,inf
38,69,inf,inf,inf,305.94934221207274,inf
38,70,inf,inf,inf,1181.1032977686584,inf
38,71,inf,inf,inf,1243.447626560926,inf
38,72,inf,inf,inf,1023.2350658573034,inf
38,73,inf,inf,inf,646.4711903867023,inf
38,74,inf,inf,inf,1296.5685481300247,inf
38,75,inf,inf,inf,1452.1377345141887,inf
38,76,inf,inf,inf,1101.8257575497134,inf
38,77,inf,inf,inf,517.4871979092816,inf
38,78,inf,inf,inf,996.2554893198833,inf
38,79,inf,inf,inf,1088.4135243555181,inf
38,80,inf,inf,inf,48.703182647543684,inf
38,81,inf,inf,inf,1165.3570268376984,inf
38,82,inf,inf,inf,1314.5539167337336,inf
38,83,inf,inf,inf,457.5784085815239,inf
38,84,inf,inf,inf,1067.5916822456047,inf
38,85,inf,inf,inf,1319.167161507593,inf
38,86,inf,inf,inf,975.6597767664709,inf
39,40,inf,inf,inf,849.8964642825619,inf
39,41,inf,inf,inf,307.04071391266666,inf
39,42,inf,inf,inf,96.33794683301072,inf
39,43,inf,inf,inf,1138.76819414664,inf
39,44,inf,inf,inf,948.152941249459,inf
39,45,inf,inf,inf,819.332655275011,inf
39,46,inf,inf,inf,1088.2191874801695,inf
39,47,inf,inf,inf,926.2159575390612,inf
39,48,inf,inf,inf,1124.8808825826848,inf
39,49,inf,inf,inf,680.4123749609497,inf
39,50,inf,inf,inf,735.1414829813374,inf
39,51,inf,inf,inf,322.56782232578627,inf
39,52,inf,inf,inf,891.8407929669959,inf
39,53,inf,inf,inf,872.1123780797977,inf
39,54,inf,inf,inf,255.1960031034969,inf
39,55,inf,inf,inf,55.14526271584895,inf
39,56,inf,inf,inf,349.4009158545524,inf
39,57,inf,inf,inf,466.92183500024925,inf
39,58,inf,inf,inf,448.3079298874826,inf
39,59,inf,inf,inf,610.0770443148964,inf
39,60,inf,inf,inf,864.1157329895111,inf
39,61,inf,inf,inf,656.592720032746,inf
39,62,inf,inf,inf,1043.805537444595,inf
39,63,inf,inf,inf,199.90247622278218,inf
39,64,inf,inf,inf,775.4205310668527,inf
39,65,inf,inf,inf,790.7275131168765,inf
39,66,inf,inf,inf,320.66337489647924,inf
39,67,inf,inf,inf,465.4460226492434,inf
39,68,inf,inf,inf,576.6151229373021,inf
39,69,inf,inf,inf,864.6768182390459,inf
39,70,inf,inf,inf,273.3093485411723,inf
39,71,inf,inf,inf,653.737714989735,inf
39,72,inf,inf,inf,827.8725747359916,inf
39,73,inf,inf,inf,638.2491676453641,inf
39,74,inf,inf,inf,476.68123520860354,inf
39,75,inf,inf,inf,312.06569821112987,inf
39,76,inf,inf,inf,568.1909890168973,inf
39,77,inf,inf,inf,833.3894647762233,inf
39,78,inf,inf,inf,369.9621602272319,inf
39,79,inf,inf,inf,147.59742545180114,inf
39,80,inf,inf,inf,1165.885500381577,inf
39,81,inf,inf,inf,336.4342432036311,inf
39,82,inf,inf,inf,289.98103386256145,inf
39,83,inf,inf,inf,1115.7746188186932,inf
39,84,inf,inf,inf,426.67669259053747,inf
39,85,inf,inf,inf,266.17475462560304,inf
39,86,inf,inf,inf,251.24689052802225,inf
40,41,inf,inf,inf,1058.086007846243,inf
40,42,inf,inf,inf,894.8659117432063,inf
40,43,inf,inf,inf,583.3429523016456,inf
40,44,inf,inf,inf,959.713498915171,inf
40,45,inf,inf,inf,1073.7085265564394,inf
40,46,inf,inf,inf,325.8297101247828,inf
40,47,inf,inf,inf,550.5270202269821,inf
40,48,inf,inf,inf,288.1405906844782,inf
40,49,inf,inf,inf,1140.6002805540597,inf
40,50,inf,inf,inf,299.2407057871639,inf
40,51,inf,inf,inf,1122.9078323709386,inf
40,52,inf,inf,inf,407.8627220033721,inf
40,53,1.0,33.3137,33.31370849898477,30.59411708155671,1.0888926263234944
40,54,inf,inf,inf,906.6294722762988,inf
40,55,inf,inf,inf,897.898101122839,inf
40,56,inf,inf,inf,530.9284320885444,inf
40,57,inf,inf,inf,740.9426428543575,inf
40,58,inf,inf,inf,639.1306595681356,inf
40,59,inf,inf,inf,282.44999557443793,inf
40,60,inf,inf,inf,1044.185807220152,inf
40,61,inf,inf,inf,554.5250219782693,inf
40,62,inf,inf,inf,391.89029077026134,inf
40,63,inf,inf,inf,1005.9150063499401,inf
40,64,inf,inf,inf,922.0330796668849,inf
40,65,inf,inf,inf,719.106389903469,inf
40,66,inf,inf,inf,534.8130514488217,inf
40,67,inf,inf,inf,1009.2948033156616,inf
40,68,inf,inf,inf,509.6636145537564,inf
40,69,inf,inf,inf,340.93107807883985,inf
40,70,inf,inf,inf,830.2011804376093,inf
40,71,inf,inf,inf,853.8202386919626,inf
40,72,inf,inf,inf,1026.5987531650328,inf
40,73,inf,inf,inf,264.50330810785715,inf
40,74,inf,inf,inf,921.3756020212387,inf
40,75,inf,inf,inf,1156.4017467990957,inf
40,76,inf,inf,inf,996.0045180620417,inf
40,77,inf,inf,inf,574.9521719238915,inf
40,78,inf,inf,inf,631.5473062249573,inf
40,79,inf,inf,inf,839.9386882386118,inf
40,80,inf,inf,inf,435.4595273960601,inf
40,81,inf,inf,inf,803.4824204673056,inf
40,82,inf,inf,inf,970.9340863313018,inf
40,83,inf,inf,inf,696.7962399439308,inf
40,84,inf,inf,inf,692.4081166479781,inf
40,85,inf,inf,inf,981.8416369252222,inf
40,86,inf,inf,inf,641.3649507105919,inf
41,42,inf,inf,inf,213.03755537463343,inf
41,43,inf,inf,inf,1423.574725822287,inf
41,44,inf,inf,inf,1251.8530265170907,inf
41,45,inf,inf,inf,1104.3550153822819,inf
41,46,inf,inf,inf,1237.402521413303,inf
41,47,inf,inf,inf,974.2330316715811,inf
41,48,inf,inf,inf,1307.507934966362,inf
41,49,inf,inf,inf,933.5421790149602,inf
41,50,inf,inf,inf,868.4405563998033,inf
41,51,inf,inf,inf,94.0,inf
41,52,inf,inf,inf,985.3659218787709,inf
41,53,inf,inf,inf,1084.5653507281154,inf
41,54,inf,inf,inf,528.546119085175,inf
41,55,inf,inf,inf,307.0977043222564,inf
41,56,inf,inf,inf,624.7919653772766,inf
41,57,inf,inf,inf,437.30309854836383,inf
41,58,inf,inf,inf,753.9827584235597,inf
41,59,inf,inf,inf,785.1038147913944,inf
41,60,inf,inf,inf,1156.6615753970561,inf
41,61,inf,inf,inf,957.5740180268051,inf
41,62,inf,inf,inf,1310.4045176967302,inf
41,63,inf,inf,inf,118.59595271340417,inf
41,64,inf,inf,inf,1075.4984890737876,inf
41,65,inf,inf,inf,763.4029080374269,inf
41,66,inf,inf,inf,535.306454285767,inf
41,67,inf,inf,inf,250.28383887099062,inf
41,68,inf,inf,inf,872.983963197492,inf
41,69,inf,inf,inf,1137.627355507945,inf
41,70,inf,inf,inf,242.15697388264496,inf
41,71,inf,inf,inf,554.350971858082,inf
41,72,inf,inf,inf,1120.048659657249,inf
41,73,inf,inf,inf,809.6418961491555,inf
41,74,inf,inf,inf,325.70692347569155,inf
41,75,inf,inf,inf,221.2080468699093,inf
41,76,inf,inf,inf,843.7683331341607,inf
41,77,inf,inf,inf,1133.1743025677913,inf
41,78,inf,inf,inf,449.0545623863541,inf
41,79,inf,inf,inf,443.9380587424331,inf
41,80,inf,inf,inf,1422.6035990394514,inf
41,81,inf,inf,inf,297.6743186773088,inf
41,82,inf,inf,inf,102.1420579389313,inf
41,83,inf,inf,inf,1413.5802064262218,inf
41,84,inf,inf,inf,438.79949863234805,inf
41,85,inf,inf,inf,77.80102827083971,inf
41,86,inf,inf,inf,418.6275194011975,inf
42,43,inf,inf,inf,1218.7944863675746,inf
42,44,inf,inf,inf,1044.4831257612543,inf
42,45,inf,inf,inf,912.7151801082307,inf
42,46,inf,inf,inf,1111.802140670722,inf
42,47,inf,inf,inf,913.0854286429063,inf
42,48,inf,inf,inf,1161.279466795138,inf
42,49,inf,inf,inf,764.808472756415,inf
42,50,inf,inf,inf,749.4664769020693,inf
42,51,inf,inf,inf,241.18250351134512,inf
42,52,inf,inf,inf,893.7522027944882,inf
42,53,inf,inf,inf,918.9934711411175,inf
42,54,inf,inf,inf,342.31272252138103,inf
42,55,inf,inf,inf,115.42096863222038,inf
42,56,inf,inf,inf,421.7511114389623,inf
42,57,inf,inf,inf,418.4459343810141,inf
42,58,inf,inf,inf,540.9593330371517,inf
42,59,inf,inf,inf,638.8340942686137,inf
42,60,inf,inf,inf,959.12303694573,inf
42,61,inf,inf,inf,745.4535532144173,inf
42,62,inf,inf,inf,1114.919279589334,inf
42,63,inf,inf,inf,116.61903789690601,inf
42,64,inf,inf,inf,871.5560796644127,inf
42,65,inf,inf,inf,752.1442680762781,inf
42,66,inf,inf,inf,360.1110939696249,inf
42,67,inf,inf,inf,375.8097923152083,inf
42,68,inf,inf,inf,662.3654580365736,inf
42,69,inf,inf,inf,938.3906436021194,inf
42,70,inf,inf,inf,206.6712365086153,inf
42,71,inf,inf,inf,592.5622330186088,inf
42,72,inf,inf,inf,922.7838316745693,inf
42,73,inf,inf,inf,665.9737232053529,inf
42,74,inf,inf,inf,398.3992971881351,inf
42,75,inf,inf,inf,264.4617174564213,inf
42,76,inf,inf,inf,658.5924384625138,inf
42,77,inf,inf,inf,921.5492390534539,inf
42,78,inf,inf,inf,352.3932462462923,inf
42,79,inf,inf,inf,241.6278129686233,inf
42,80,inf,inf,inf,1232.7854638987271,inf
42,81,inf,inf,inf,275.94383486499567,inf
42,82,inf,inf,inf,195.386795869117,inf
42,83,inf,inf,inf,1202.8374786312572,inf
42,84,inf,inf,inf,388.9730067755345,inf
42,85,inf,inf,inf,170.01764614298128,inf
42,86,inf,inf,inf,262.9752840097335,inf
43,44,inf,inf,inf,643.3265111900799,inf
43,45,inf,inf,inf,879.4390257431154,inf
43,46,inf,inf,inf,819.6999451018647,inf
43,47,inf,inf,inf,1133.3865183599107,inf
43,48,inf,inf,inf,678.8946899188416,inf
43,49,inf,inf,inf,1061.4556043471625,inf
43,50,inf,inf,inf,872.2018115092401,inf
43,51,inf,inf,inf,1459.0534602954067,inf
43,52,inf,inf,inf,989.9217140764213,inf
43,53,inf,inf,inf,557.6925676391967,inf
43,54,inf,inf,inf,1055.2961669597782,inf
43,55,inf,inf,inf,1167.1203879634697,inf
43,56,inf,inf,inf,798.8103654810697,inf
43,57,inf,inf,inf,1233.1038074712121,inf
43,58,inf,inf,inf,724.4232188437916,inf
43,59,inf,inf,inf,795.176081129205,inf
43,60,inf,inf,inf,810.489358350867,inf
43,61,inf,inf,inf,509.20428120745413,inf
43,62,inf,inf,inf,196.02295783912658,inf
43,63,inf,inf,inf,1334.3837528986928,inf
43,64,inf,inf,inf,726.2630377487209,inf
43,65,inf,inf,inf,1289.1132611217681,inf
43,66,inf,inf,inf,909.182049976791,inf
43,67,inf,inf,inf,1459.8112891740493,inf
43,68,inf,inf,inf,568.3836732349022,inf
43,69,inf,inf,inf,299.220654367308,inf
43,70,inf,inf,inf,1244.0341635180282,inf
43,71,inf,inf,inf,1386.091627562911,inf
43,72,inf,inf,inf,814.018427309849,inf
43,73,inf,inf,inf,792.2101993789274,inf
43,74,inf,inf,inf,1394.0279767637378,inf
43,75,inf,inf,inf,1439.8444360416163,inf
43,76,inf,inf,inf,956.4036804613417,inf
43,77,inf,inf,inf,350.0528531522061,inf
43,78,inf,inf,inf,1088.318427667197,inf
43,79,inf,inf,inf,1052.79247717677,inf
43,80,inf,inf,inf,253.14817795117546,inf
43,81,inf,inf,inf,1244.598328779209,inf
43,82,inf,inf,inf,1362.0587358847636,inf
43,83,inf,inf,inf,173.90227140552247,inf
43,84,inf,inf,inf,1173.4564329364769,inf
43,85,inf,inf,inf,1358.5264075460586,inf
43,86,inf,inf,inf,1030.8093907216794,inf
44,45,inf,inf,inf,274.37201023428025,inf
44,46,inf,inf,inf,1279.4705936441055,inf
44,47,inf,inf,inf,1436.2764357880415,inf
44,48,inf,inf,inf,1187.4615783258,inf
44,49,inf,inf,inf,511.61411239331545,inf
44,50,inf,inf,inf,1141.474923071024,inf
44,51,inf,inf,inf,1244.8501917901608,inf
44,52,inf,inf,inf,1315.1433381954987,inf
44,53,inf,inf,inf,951.2234227561893,inf
44,54,inf,inf,inf,739.173186743134,inf
44,55,inf,inf,inf,945.294134119111,inf
44,56,inf,inf,inf,746.300877662622,inf
44,57,inf,inf,inf,1273.2266098381701,inf
44,58,inf,inf,inf,534.6943051875529,inf
44,59,inf,inf,inf,997.0295883272472,inf
44,60,inf,inf,inf,190.14205216100936,inf
44,61,inf,inf,inf,434.22114181601063,inf
44,62,inf,inf,inf,742.1105039008678,inf
44,63,inf,inf,inf,1136.4968103782783,inf
44,64,inf,inf,inf,186.50737250843463,inf
44,65,inf,inf,inf,1477.6955031399398,inf
44,66,inf,inf,inf,906.1484425854298,inf
44,67,inf,inf,inf,1394.6992507347238,inf
44,68,inf,inf,inf,519.7662936358994,inf
44,69,inf,inf,inf,644.4873932048632,inf
44,70,inf,inf,inf,1172.8188265883184,inf
44,71,inf,inf,inf,1468.2945889704831,inf
44,72,inf,inf,inf,210.535032714273,inf
44,73,inf,inf,inf,1012.9718653546109,inf
44,74,inf,inf,inf,1373.0597219349202,inf
44,75,inf,inf,inf,1167.9233707739563,inf
44,76,inf,inf,inf,476.5553483069936,inf
44,77,inf,inf,inf,391.637587573001,inf
44,78,inf,inf,inf,1114.9896860509518,inf
44,79,inf,inf,inf,808.0699227170876,inf
44,80,inf,inf,inf,865.2311829794393,inf
44,81,inf,inf,inf,1209.1790603545862,inf
44,82,inf,inf,inf,1234.9546550379896,inf
44,83,inf,inf,inf,485.98868299580806,inf
44,84,inf,inf,inf,1210.6233931326456,inf
44,85,inf,inf,inf,1213.9246269847235,inf
44,86,inf,inf,inf,993.8656850902943,inf
45,46,inf,inf,inf,1399.473115140123,inf
45,47,inf,inf,inf,1480.0385130124148,inf
45,48,inf,inf,inf,1333.7469775036043,inf
45,49,inf,inf,inf,246.73264883269908,inf
45,50,inf,inf,inf,1193.588287476046,inf
45,51,inf,inf,inf,1079.4757987097255,inf
45,52,inf,inf,inf,1376.13734779636,inf
45,53,inf,inf,inf,1072.6126980415625,inf
45,54,inf,inf,inf,575.8550164755014,inf
45,55,inf,inf,inf,801.746219199068,inf
45,56,inf,inf,inf,720.2256590819297,inf
45,57,inf,inf,inf,1216.4382433975018,inf
45,58,inf,inf,inf,503.00099403480306,inf
45,59,inf,inf,inf,1037.938341135927,inf
45,60,inf,inf,inf,85.80209787645055,inf
45,61,inf,inf,inf,519.7730273879167,inf
45,62,inf,inf,inf,940.9314534013623,inf
45,63,inf,inf,inf,985.8037330016558,inf
45,64,inf,inf,inf,160.25292509030842,inf
45,65,inf,inf,inf,1470.2435172446774,inf
45,66,inf,inf,inf,872.0418567935831,inf
45,67,inf,inf,inf,1283.9914329932267,inf
45,68,inf,inf,inf,571.8644944390236,inf
45,69,inf,inf,inf,806.1587932907511,inf
45,70,inf,inf,inf,1075.695124094183,inf
45,71,inf,inf,inf,1416.0342509981883,inf
45,72,inf,inf,inf,66.73080248281148,inf
45,73,inf,inf,inf,1059.547073045837,inf
45,74,inf,inf,inf,1282.6398559221525,inf
45,75,inf,inf,inf,982.5054707226825,inf
45,76,inf,inf,inf,263.86549603917524,inf
45,77,inf,inf,inf,566.974426231025,inf
45,78,inf,inf,inf,1066.887997870442,inf
45,79,inf,inf,inf,671.7685613364174,inf
45,80,inf,inf,inf,1074.8511524857756,inf
45,81,inf,inf,inf,1124.7301898677745,inf
45,82,inf,inf,inf,1108.1015296442831,inf
45,83,inf,inf,inf,738.3935265155025,inf
45,84,inf,inf,inf,1157.8397989359323,inf
45,85,inf,inf,inf,1080.9389436966364,inf
45,86,inf,inf,inf,931.4939613330835,inf
46,47,inf,inf,inf,424.2275332884465,inf
46,48,inf,inf,inf,162.8066337714775,inf
46,49,inf,inf,inf,1459.2779036221991,inf
46,50,inf,inf,inf,368.982384403375,inf
46,51,inf,inf,inf,1315.8924728107536,inf
46,52,inf,inf,inf,305.9885618777277,inf
46,53,inf,inf,inf,329.4738229359049,inf
46,54,inf,inf,inf,1191.400016786973,inf
46,55,inf,inf,inf,1141.0354946275772,inf
46,56,inf,inf,inf,813.1727983645296,inf
46,57,inf,inf,inf,843.5857988373205,inf
46,58,inf,inf,inf,953.2601953296906,inf
46,59,inf,inf,inf,478.5404894050241,inf
46,60,inf,inf,inf,1369.6630972615128,inf
46,61,inf,inf,inf,880.3459547246184,inf
46,62,inf,inf,inf,626.5277328259301,inf
46,63,inf,inf,inf,1211.389285077262,inf
46,64,inf,inf,inf,1247.7603936653863,inf
46,65,inf,inf,inf,681.1615080140685,inf
46,66,inf,inf,inf,769.1501803939202,inf
46,67,inf,inf,inf,1126.458609980855,inf
46,68,inf,inf,inf,833.2490624057132,inf
46,69,inf,inf,inf,642.6173044666631,inf
46,70,inf,inf,inf,995.8940706721775,inf
46,71,inf,inf,inf,886.0575602070105,inf
46,72,inf,inf,inf,1352.3675535888904,inf
46,73,inf,inf,inf,450.1610822805543,inf
46,74,inf,inf,inf,1024.6023618946035,inf
46,75,inf,inf,inf,1375.6642032123973,inf
46,76,inf,inf,inf,1313.0879635424278,inf
46,77,inf,inf,inf,890.0252805398283,inf
46,78,inf,inf,inf,788.3558841031124,inf
46,79,inf,inf,inf,1109.381809838254,inf
46,80,inf,inf,inf,599.0993239855976,inf
46,81,inf,inf,inf,949.8489353576178,inf
46,82,inf,inf,inf,1139.7297925385649,inf
46,83,inf,inf,inf,964.5776277729025,inf
46,84,inf,inf,inf,814.8545882548616,inf
46,85,inf,inf,inf,1159.6870267447161,inf
46,86,inf,inf,inf,848.8792611437742,inf
47,48,inf,inf,inf,576.4416709433834,inf
47,49,inf,inf,inf,1468.4948076176504,inf
47,50,inf,inf,inf,294.96609974707263,inf
47,51,inf,inf,inf,1064.421908831268,inf
47,52,inf,inf,inf,144.2497833620557,inf
47,53,inf,inf,inf,575.6943633561127,inf
47,54,inf,inf,inf,1108.6446680519416,inf
47,55,inf,inf,inf,981.1304704268439,inf
47,56,inf,inf,inf,777.2316257075493,inf
47,57,inf,inf,inf,538.4161958931028,inf
47,58,inf,inf,inf,980.7099469262051,inf
47,59,inf,inf,inf,443.6146976825723,inf
47,60,inf,inf,inf,1474.5209391527812,inf
47,61,inf,inf,inf,1002.5497493890266,inf
47,62,inf,inf,inf,939.9627652199847,inf
47,63,inf,inf,inf,985.6596775763935,inf
47,64,inf,inf,inf,1350.749791782327,inf
47,65,inf,inf,inf,274.71075697904513,inf
47,66,inf,inf,inf,658.0007598779807,inf
47,67,inf,inf,inf,802.0897705369393,inf
47,68,inf,inf,inf,923.4679203957222,inf
47,69,inf,inf,inf,879.5009948828938,inf
47,70,inf,inf,inf,741.1464092876656,inf
47,71,inf,inf,inf,507.8237883360723,inf
47,72,inf,inf,inf,1448.6148556465932,inf
47,73,inf,inf,inf,424.671637856827,inf
47,74,inf,inf,inf,695.5407967905262,inf
47,75,inf,inf,inf,1157.0328430947843,inf
47,76,inf,inf,inf,1322.2363631363341,inf
47,77,inf,inf,inf,1082.376089905907,inf
47,78,inf,inf,inf,561.031193428672,inf
47,79,inf,inf,inf,1001.7529635593797,inf
47,80,inf,inf,inf,959.3774022771227,inf
47,81,inf,inf,inf,677.7905281132217,inf
47,82,inf,inf,inf,872.1129514002185,inf
47,83,inf,inf,inf,1243.926444770751,inf
47,84,inf,inf,inf,538.2425103984262,inf
47,85,inf,inf,inf,901.5325839923923,inf
47,86,inf,inf,inf,677.4961254501756,inf
48,49,inf,inf,inf,1419.4315763713305,inf
48,50,inf,inf,inf,457.08861285313156,inf
48,51,inf,inf,inf,1379.6394456523776,inf
48,52,inf,inf,inf,446.22976144582736,inf
48,53,inf,inf,inf,276.21187519728403,inf
48,54,inf,inf,inf,1194.293096354492,inf
48,55,inf,inf,inf,1174.9553182993811,inf
48,56,inf,inf,inf,817.297987272696,inf
48,57,inf,inf,inf,941.8306641854468,inf
48,58,inf,inf,inf,923.5740360144389,inf
48,59,inf,inf,inf,524.2299113938464,inf
48,60,inf,inf,inf,1295.3613395497027,inf
48,61,inf,inf,inf,816.0300239574522,inf
48,62,inf,inf,inf,491.9562988721661,inf
48,63,inf,inf,inf,1267.8840641004997,inf
48,64,inf,inf,inf,1177.115117564973,inf
48,65,inf,inf,inf,820.1810775676308,inf
48,66,inf,inf,inf,805.0155278005512,inf
48,67,inf,inf,inf,1222.8936993868274,inf
48,68,inf,inf,inf,785.0770662807569,inf
48,69,inf,inf,inf,542.9742166990989,inf
48,70,inf,inf,inf,1070.207923723236,inf
48,71,inf,inf,inf,1009.1422099981746,inf
48,72,inf,inf,inf,1281.725399607888,inf
48,73,inf,inf,inf,498.5107822304348,inf
48,74,inf,inf,inf,1125.3195101836634,inf
48,75,inf,inf,inf,1425.3315403792901,inf
48,76,inf,inf,inf,1276.8656937986862,inf
48,77,inf,inf,inf,795.9503753375583,inf
48,78,inf,inf,inf,863.3846188113383,inf
48,79,inf,inf,inf,1124.762197088789,inf
48,80,inf,inf,inf,445.92600283006595,inf
48,81,inf,inf,inf,1032.159386916575,inf
48,82,inf,inf,inf,1214.0881351862392,inf
48,83,inf,inf,inf,833.3858650109204,inf
48,84,inf,inf,inf,904.8414225708282,inf
48,85,inf,inf,inf,1229.910565854282,inf
48,86,inf,inf,inf,900.7119406336301,inf
49,50,inf,inf,inf,1200.0,inf
49,51,inf,inf,inf,893.6201653946715,inf
49,52,inf,inf,inf,1383.3932918732835,inf
49,53,inf,inf,inf,1146.0213785091446,inf
49,54,inf,inf,inf,425.30224546785547,inf
49,55,inf,inf,inf,649.4259003150398,inf
49,56,inf,inf,inf,691.6082706272388,inf
49,57,inf,inf,inf,1123.5341561341158,inf
49,58,inf,inf,inf,507.5716698161945,inf
49,59,inf,inf,inf,1042.4322519953034,inf
49,60,inf,inf,inf,330.94561486745823,inf
49,61,inf,inf,inf,617.9846276405264,inf
49,62,inf,inf,inf,1087.5150573670232,inf
49,63,inf,inf,inf,816.4631038816145,inf
49,64,inf,inf,inf,349.7227473299385,inf
49,65,inf,inf,inf,1412.990091968093,inf
49,66,inf,inf,inf,820.2853162162542,inf
49,67,inf,inf,inf,1140.2740898573466,inf
49,68,inf,inf,inf,634.4540960542378,inf
49,69,inf,inf,inf,929.0452088031024,inf
49,70,inf,inf,inf,951.9732139088788,inf
49,71,inf,inf,inf,1320.3401076995276,inf
49,72,inf,inf,inf,302.8696089078599,inf
49,73,inf,inf,inf,1067.8225508013961,inf
49,74,inf,inf,inf,1157.0108037524974,inf
49,75,inf,inf,inf,781.9769817584147,inf
49,76,inf,inf,inf,147.95945390545344,inf
49,77,inf,inf,inf,721.2662476506162,inf
49,78,inf,inf,inf,988.9211293121408,inf
49,79,inf,inf,inf,538.861763349377,inf
49,80,inf,inf,inf,1226.3784081595697,inf
49,81,inf,inf,inf,1010.4617756253821,inf
49,82,inf,inf,inf,955.7510136013459,inf
49,83,inf,inf,inf,939.9840424177423,inf
49,84,inf,inf,inf,1071.0779616815948,inf
49,85,inf,inf,inf,924.040042422405,inf
49,86,inf,inf,inf,848.6082724084181,inf
50,51,inf,inf,inf,947.5341682493566,inf
50,52,inf,inf,inf,183.87223825254318,inf
50,53,inf,inf,inf,329.05470669783773,inf
50,54,inf,inf,inf,873.1288564696507,inf
50,55,inf,inf,inf,789.4669087428554,inf
50,56,inf,inf,inf,512.2675082415436,inf
50,57,inf,inf,inf,484.8020214479308,inf
50,58,inf,inf,inf,700.4434309778342,inf
50,59,inf,inf,inf,157.8131806916013,inf
50,60,inf,inf,inf,1184.1304826749458,inf
50,61,inf,inf,inf,708.0459024667822,inf
50,62,inf,inf,inf,686.3942016072106,inf
50,63,inf,inf,inf,845.2336954949205,inf
50,64,inf,inf,inf,1059.9481119375607,inf
50,65,inf,inf,inf,420.2059019100041,inf
50,66,inf,inf,inf,426.07511074926686,inf
50,67,inf,inf,inf,766.4365596707923,inf
50,68,inf,inf,inf,630.8121748983607,inf
50,69,inf,inf,inf,599.2703897240377,inf
50,70,inf,inf,inf,626.9266304760072,inf
50,71,inf,inf,inf,565.6023337999942,inf
50,72,inf,inf,inf,1159.331704043325,inf
50,73,inf,inf,inf,134.18271125595876,inf
50,74,inf,inf,inf,668.240974499469,inf
50,75,inf,inf,inf,1011.6916526293968,inf
50,76,inf,inf,inf,1052.2680266928194,inf
50,77,inf,inf,inf,789.6334592708189,inf
50,78,inf,inf,inf,419.38645662443605,inf
50,79,inf,inf,inf,777.6091563246924,inf
50,80,inf,inf,inf,734.0435954355845,inf
50,81,inf,inf,inf,582.0317860735786,inf
50,82,inf,inf,inf,770.8203422328708,inf
50,83,inf,inf,inf,966.7191939751688,inf
50,84,inf,inf,inf,449.86220112385524,inf
50,85,inf,inf,inf,790.7426888691416,inf
50,86,inf,inf,inf,488.27041687982694,inf
51,52,inf,inf,inf,1070.9407079759364,inf
51,53,inf,inf,inf,1148.384082091005,inf
51,54,inf,inf,inf,508.7917059072406,inf
51,55,inf,inf,inf,306.1780527732189,inf
51,56,inf,inf,inf,662.8974279630296,inf
51,57,inf,inf,inf,529.1219141180981,inf
51,58,inf,inf,inf,768.0637994333543,inf
51,59,inf,inf,inf,855.5746606813458,inf
51,60,inf,inf,inf,1137.1552224740474,inf
51,61,inf,inf,inf,978.8360434720413,inf
51,62,inf,inf,inf,1355.883475819364,inf
51,63,inf,inf,inf,124.77579893553076,inf
51,64,inf,inf,inf,1064.1639911216691,inf
51,65,inf,inf,inf,857.0297544426331,inf
51,66,inf,inf,inf,592.0076013025508,inf
51,67,inf,inf,inf,338.42281246984516,inf
51,68,inf,inf,inf,899.0823099138365,inf
51,69,inf,inf,inf,1179.5728040269494,inf
51,70,inf,inf,inf,326.4659247149693,inf
51,71,inf,inf,inf,648.0100307865612,inf
51,72,inf,inf,inf,1100.4912539407117,inf
51,73,inf,inf,inf,881.1379006716259,inf
51,74,inf,inf,inf,418.87587660308157,inf
51,75,inf,inf,inf,137.3062270984095,inf
51,76,inf,inf,inf,816.1329548547834,inf
51,77,inf,inf,inf,1155.7612210140985,inf
51,78,inf,inf,inf,529.371325252889,inf
51,79,inf,inf,inf,441.3898503590675,inf
51,80,inf,inf,inf,1472.7311363585684,inf
51,81,inf,inf,inf,386.6807468700763,inf
51,82,inf,inf,inf,193.6620768245554,inf
51,83,inf,inf,inf,1438.300733504645,inf
51,84,inf,inf,inf,527.159368692239,inf
51,85,inf,inf,inf,162.92636373527768,inf
51,86,inf,inf,inf,481.6897341650536,inf
52,53,inf,inf,inf,432.3424568556736,inf
52,54,inf,inf,inf,1048.057727417722,inf
52,55,inf,inf,inf,946.892285320775,inf
52,56,inf,inf,inf,694.1678471378518,inf
52,57,inf,inf,inf,564.7831442244005,inf
52,58,inf,inf,inf,884.2850219244924,inf
52,59,inf,inf,inf,341.6577234601905,inf
52,60,inf,inf,inf,1364.8047479401587,inf
52,61,inf,inf,inf,883.955881252,inf
52,62,inf,inf,inf,796.0917032603719,inf
52,63,inf,inf,inf,979.3635688547946,inf
52,64,inf,inf,inf,1240.4519337725262,inf
52,65,inf,inf,inf,375.8324094593227,inf
52,66,inf,inf,inf,596.4436268416321,inf
52,67,inf,inf,inf,843.9644542277832,inf
52,68,inf,inf,inf,810.38571063414,inf
52,69,inf,inf,inf,740.8657098287111,inf
52,70,inf,inf,inf,744.5549005949796,inf
52,71,inf,inf,inf,583.219512705122,inf
52,72,inf,inf,inf,1340.7046654651426,inf
52,73,inf,inf,inf,317.77035733371986,inf
52,74,inf,inf,inf,739.0297693598005,inf
52,75,inf,inf,inf,1149.6195022702077,inf
52,76,inf,inf,inf,1235.7544254422073,inf
52,77,inf,inf,inf,951.9170131897002,inf
52,78,inf,inf,inf,545.8094905734051,inf
52,79,inf,inf,inf,948.1186634593795,inf
52,80,inf,inf,inf,815.6574035708865,inf
52,81,inf,inf,inf,688.7670143089026,inf
52,82,inf,inf,inf,884.1453500414963,inf
52,83,inf,inf,inf,1103.2773903239383,inf
52,84,inf,inf,inf,548.1286345375509,inf
52,85,inf,inf,inf,909.2925821758363,inf
52,86,inf,inf,inf,640.7846752224963,inf
53,54,inf,inf,inf,922.108995726644,inf
53,55,inf,inf,inf,919.4438536419719,inf
53,56,inf,inf,inf,548.4824518614976,inf
53,57,inf,inf,inf,771.0071335597356,inf
53,58,inf,inf,inf,647.5801108743226,inf
53,59,inf,inf,inf,311.7338608492828,inf
53,60,inf,inf,inf,1040.7785547367894,inf
53,61,inf,inf,inf,552.8562200066126,inf
53,62,inf,inf,inf,364.9356107589392,inf
53,63,inf,inf,inf,1030.7031580430905,inf
53,64,inf,inf,inf,919.4199258227983,inf
53,65,inf,inf,inf,748.6053700047843,inf
53,66,inf,inf,inf,558.8962336605964,inf
53,67,inf,inf,inf,1038.6163873153553,inf
53,68,inf,inf,inf,512.937618039465,inf
53,69,inf,inf,inf,324.29924452579286,inf
53,70,inf,inf,inf,857.924239079419,inf
53,71,inf,inf,inf,884.4099728067295,inf
53,72,inf,inf,inf,1024.146962110419,inf
53,73,inf,inf,inf,294.3908965983833,inf
53,74,inf,inf,inf,951.1808450552397,inf
53,75,inf,inf,inf,1179.747854416358,inf
53,76,inf,inf,inf,1002.3637064459188,inf
53,77,inf,inf,inf,563.888286808655,inf
53,78,inf,inf,inf,660.2696418888271,inf
53,79,inf,inf,inf,858.2196688494153,inf
53,80,inf,inf,inf,405.2419030653173,inf
53,81,inf,inf,inf,832.1394113969125,inf
53,82,inf,inf,inf,998.1808453381582,inf
53,83,inf,inf,inf,675.148131894031,inf
53,84,inf,inf,inf,722.1087175765156,inf
53,85,inf,inf,inf,1008.5558983021218,inf
53,86,inf,inf,inf,667.1618993917443,inf
54,55,inf,inf,inf,228.12277396174193,inf
54,56,inf,inf,inf,378.9775718957522,inf
54,57,inf,inf,inf,706.5161003119462,inf
54,58,inf,inf,inf,332.0316249997882,inf
54,59,inf,inf,inf,724.9448254867401,inf
54,60,inf,inf,inf,629.3623757423063,inf
54,61,inf,inf,inf,546.4000366032199,inf
54,62,inf,inf,inf,1002.7148148900563,inf
54,63,inf,inf,inf,410.0463388447701,inf
54,64,inf,inf,inf,556.3595959449248,inf
54,65,inf,inf,inf,1013.1855703670478,inf
54,66,inf,inf,inf,452.6035793053343,inf
54,67,inf,inf,inf,717.9561267932742,inf
54,68,inf,inf,inf,495.025251881154,inf
54,69,inf,inf,inf,820.8757518650432,inf
54,70,inf,inf,inf,526.9316843766372,inf
54,71,inf,inf,inf,900.222194794152,inf
54,72,inf,inf,inf,592.692162931146,inf
54,73,inf,inf,inf,753.2283850201079,inf
54,74,inf,inf,inf,731.7103251970686,inf
54,75,inf,inf,inf,430.03488230607525,inf
54,76,inf,inf,inf,317.1655719021218,inf
54,77,inf,inf,inf,716.575885723208,inf
54,78,inf,inf,inf,584.1515214394293,inf
54,79,inf,inf,inf,116.76472069936193,inf
54,80,inf,inf,inf,1137.1552224740474,inf
54,81,inf,inf,inf,586.7750846789594,inf
54,82,inf,inf,inf,536.4121549704108,inf
54,83,inf,inf,inf,995.5681794834545,inf
54,84,inf,inf,inf,658.2172893505609,inf
54,85,inf,inf,inf,507.235645435137,inf
54,86,inf,inf,inf,445.92600283006595,inf
55,56,inf,inf,inf,387.7524983800878,inf
55,57,inf,inf,inf,515.3882032022076,inf
55,58,inf,inf,inf,463.0259172011865,inf
55,59,inf,inf,inf,662.6047087064806,inf
55,60,inf,inf,inf,851.0869520795158,inf
55,61,inf,inf,inf,676.4650767038902,inf
55,62,inf,inf,inf,1079.200166790202,inf
55,63,inf,inf,inf,191.3164917094185,inf
55,64,inf,inf,inf,768.4009370114017,inf
55,65,inf,inf,inf,842.2950789361173,inf
55,66,inf,inf,inf,372.38958094984343,inf
55,67,inf,inf,inf,490.97555947317784,inf
55,68,inf,inf,inf,601.0074874741579,inf
55,69,inf,inf,inf,898.7151940409153,inf
55,70,inf,inf,inf,314.0143308831621,inf
55,71,inf,inf,inf,698.3695296904068,inf
55,72,inf,inf,inf,814.5600039285013,inf
55,73,inf,inf,inf,690.8986901131019,inf
55,74,inf,inf,inf,512.1406056933974,inf
55,75,inf,inf,inf,274.36107595648474,inf
55,76,inf,inf,inf,545.16236113657,inf
55,77,inf,inf,inf,853.5414459767024,inf
55,78,inf,inf,inf,423.95872440604404,inf
55,79,inf,inf,inf,137.2953021774598,inf
55,80,inf,inf,inf,1203.6884979096544,inf
55,81,inf,inf,inf,380.2170432792302,inf
55,82,inf,inf,inf,308.3018001893599,inf
55,83,inf,inf,inf,1136.691690829136,inf
55,84,inf,inf,inf,477.67143519369046,inf
55,85,inf,inf,inf,279.42798714516766,inf
55,86,inf,inf,inf,306.3755864947467,inf
56,57,inf,inf,inf,527.99337117051,inf
56,58,inf,inf,inf,220.238507078122,inf
56,59,inf,inf,inf,356.84870743775997,inf
56,60,inf,inf,inf,730.860451796374,inf
56,61,inf,inf,inf,357.4758733117523,inf
56,62,inf,inf,inf,694.7639887040779,inf
56,63,inf,inf,inf,538.1765509570256,inf
56,64,inf,inf,inf,613.8208207612381,inf
56,65,inf,inf,inf,750.5604572584409,inf
56,66,inf,inf,inf,159.88120589988054,inf
56,67,inf,inf,inf,688.163498014825,inf
56,68,inf,inf,inf,263.4274093559742,inf
56,69,inf,inf,inf,516.852977160817,inf
56,70,inf,inf,inf,463.03887525779083,inf
56,71,inf,inf,inf,722.0027700777886,inf
56,72,inf,inf,inf,700.0485697435571,inf
56,73,inf,inf,inf,383.98567681620625,inf
56,74,inf,inf,inf,645.1046426743494,inf
56,75,inf,inf,inf,660.5467432362376,inf
56,76,inf,inf,inf,545.0229352972221,inf
56,77,inf,inf,inf,523.1873469418006,inf
56,78,inf,inf,inf,369.0596157804319,inf
56,79,inf,inf,inf,310.0612842649014,inf
56,80,inf,inf,inf,816.6333326530334,inf
56,81,inf,inf,inf,482.1337988567074,inf
56,82,inf,inf,inf,567.1983779948599,inf
56,83,inf,inf,inf,796.203491577373,inf
56,84,inf,inf,inf,464.94945961899987,inf
56,85,inf,inf,inf,560.9848482802365,inf
56,86,inf,inf,inf,258.2750471880704,inf
57,58,inf,inf,inf,740.3161486824396,inf
57,59,inf,inf,inf,461.7033679755867,inf
57,60,inf,inf,inf,1241.1381873103414,inf
57,61,inf,inf,inf,876.3161529950249,inf
57,62,inf,inf,inf,1076.9856080746854,inf
57,63,inf,inf,inf,464.08727627462486,inf
57,64,inf,inf,inf,1130.913347697338,inf
57,65,inf,inf,inf,336.4312708414603,inf
57,66,inf,inf,inf,369.3900377649619,inf
57,67,inf,inf,inf,282.8992753613908,inf
57,68,inf,inf,inf,780.4389790367983,inf
57,69,inf,inf,inf,934.0845786115945,inf
57,70,inf,inf,inf,218.01376103356412,inf
57,71,inf,inf,inf,199.6121238802894,inf
57,72,inf,inf,inf,1207.6973958736519,inf
57,73,inf,inf,inf,476.7242389474234,inf
57,74,inf,inf,inf,183.61100184901775,inf
57,75,inf,inf,inf,632.4942687487373,inf
57,76,inf,inf,inf,993.6684557738562,inf
57,77,inf,inf,inf,1026.0886901238118,inf
57,78,inf,inf,inf,159.42396306703708,inf
57,79,inf,inf,inf,589.7669031066426,inf
57,80,inf,inf,inf,1160.4486201465363,inf
57,81,inf,inf,inf,148.12157169028418,inf
57,82,inf,inf,inf,335.5964838909967,inf
57,83,inf,inf,inf,1275.6931449216147,inf
57,84,inf,inf,inf,63.60031446463138,inf
57,85,inf,inf,inf,367.29416004069543,inf
57,86,inf,inf,inf,285.20343616443336,inf
58,59,inf,inf,inf,542.8462028972847,inf
58,60,inf,inf,inf,510.68972967938174,inf
58,61,inf,inf,inf,217.9587116864109,inf
58,62,inf,inf,inf,673.9332311141809,inf
58,63,inf,inf,inf,647.7321977484213,inf
58,64,inf,inf,inf,393.88957843537827,inf
58,65,inf,inf,inf,970.2010101004843,inf
58,66,inf,inf,inf,378.00132274900835,inf
58,67,inf,inf,inf,867.2646654856867,inf
58,68,inf,inf,inf,165.0,inf
58,69,inf,inf,inf,493.592949706537,inf
58,70,inf,inf,inf,642.6585407508408,inf
58,71,inf,inf,inf,937.2454321040995,inf
58,72,inf,inf,inf,480.1885046520793,inf
58,73,inf,inf,inf,566.6127425323225,inf
58,74,inf,inf,inf,839.6576683387106,inf
58,75,inf,inf,inf,726.6395254870189,inf
58,76,inf,inf,inf,360.34011711159775,inf
58,77,inf,inf,inf,393.4488530927495,inf
58,78,inf,inf,inf,583.4552253600956,inf
58,79,inf,inf,inf,335.5547645318123,inf
58,80,inf,inf,inf,810.3659667088691,inf
58,81,inf,inf,inf,675.4731674907598,inf
58,82,inf,inf,inf,719.6255970989359,inf
58,83,inf,inf,inf,676.3852452559858,inf
58,84,inf,inf,inf,678.3575753244007,inf
58,85,inf,inf,inf,704.0177554579145,inf
58,86,inf,inf,inf,459.24394389039037,inf
59,60,inf,inf,inf,1030.9461673627775,inf
59,61,inf,inf,inf,562.8641043804446,inf
59,62,inf,inf,inf,624.720737610014,inf
59,63,inf,inf,inf,743.87431734131,inf
59,64,inf,inf,inf,907.1367041411123,inf
59,65,inf,inf,inf,507.70463854489253,inf
59,66,inf,inf,inf,290.6217472936256,inf
59,67,inf,inf,inf,726.8906382668579,inf
59,68,inf,inf,inf,480.6506007486103,inf
59,69,inf,inf,inf,503.62684598817805,inf
59,70,inf,inf,inf,551.6556897195932,inf
59,71,inf,inf,inf,593.2158123313976,inf
59,72,inf,inf,inf,1005.2686208173416,inf
59,73,1.0,32.1421,32.14213562373095,28.635642126552707,1.1224520645174152
59,74,inf,inf,inf,640.1538877488756,inf
59,75,inf,inf,inf,903.2834549575233,inf
59,76,inf,inf,inf,894.6401511222264,inf
59,77,inf,inf,inf,661.9848940874708,inf
59,78,inf,inf,inf,349.7570585420686,inf
59,79,inf,inf,inf,635.2424733910666,inf
59,80,inf,inf,inf,699.837838359716,inf
59,81,inf,inf,inf,521.6991470186624,inf
59,82,inf,inf,inf,694.2197058568706,inf
59,83,inf,inf,inf,866.8846520731579,inf
59,84,inf,inf,inf,410.85885654321726,inf
59,85,inf,inf,inf,707.8566239006315,inf
59,86,inf,inf,inf,376.9204160031664,inf
60,61,inf,inf,inf,490.8054604423223,inf
60,62,inf,inf,inf,884.1459155591909,inf
60,63,inf,inf,inf,1038.5552464842685,inf
60,64,inf,inf,inf,124.42266674525185,inf
60,65,inf,inf,inf,1480.684301260738,inf
60,66,inf,inf,inf,887.1375316150253,inf
60,67,inf,inf,inf,1325.699815191961,inf
60,68,inf,inf,inf,554.7044257981001,inf
60,69,inf,inf,inf,759.7697019492157,inf
60,70,inf,inf,inf,1112.2310910957308,inf
60,71,inf,inf,inf,1440.1920010887436,inf
60,72,inf,inf,inf,36.6742416417845,inf
60,73,inf,inf,inf,1050.947191822691,inf
60,74,inf,inf,inf,1318.0853538371482,inf
60,75,inf,inf,inf,1045.9125202424914,inf
60,76,inf,inf,inf,329.05470669783773,inf
60,77,inf,inf,inf,513.117920170403,inf
60,78,inf,inf,inf,1088.0073529163303,inf
60,79,inf,inf,inf,717.5214282514495,inf
60,80,inf,inf,inf,1015.238395649022,inf
60,81,inf,inf,inf,1157.5785070568647,inf
60,82,inf,inf,inf,1154.055891194183,inf
60,83,inf,inf,inf,663.5397501280537,inf
60,84,inf,inf,inf,1180.979678063937,inf
60,85,inf,inf,inf,1128.6651407747117,inf
60,86,inf,inf,inf,956.0967524262385,inf
61,62,inf,inf,inf,481.3023997446927,inf
61,63,inf,inf,inf,856.4000233535728,inf
61,64,inf,inf,inf,367.78390394360656,inf
61,65,inf,inf,inf,1050.0685691896506,inf
61,66,inf,inf,inf,508.60298858736564,inf
61,67,inf,inf,inf,1044.556365161785,inf
61,68,inf,inf,inf,95.88013350011565,inf
61,69,inf,inf,inf,312.47399891831,inf
61,70,inf,inf,inf,818.7917928264792,inf
61,71,inf,inf,inf,1063.225752133572,inf
61,72,inf,inf,inf,472.1747557843388,inf
61,73,inf,inf,inf,578.8022114677863,inf
61,74,inf,inf,inf,1002.2878827961555,inf
61,75,inf,inf,inf,943.4707202664002,inf
61,76,inf,inf,inf,486.69189432329773,inf
61,77,inf,inf,inf,177.08754896942924,inf
61,78,inf,inf,inf,717.1624641599698,inf
61,79,inf,inf,inf,552.5984075257546,inf
61,80,inf,inf,inf,620.7519633476804,inf
61,81,inf,inf,inf,839.5915673707068,inf
61,82,inf,inf,inf,913.0854286429063,inf
61,83,inf,inf,inf,460.2445002387318,inf
61,84,inf,inf,inf,812.7170479324277,inf
61,85,inf,inf,inf,901.7344398435716,inf
61,86,inf,inf,inf,615.6208248589386,inf
62,63,inf,inf,inf,1231.537656752728,inf
62,64,inf,inf,inf,781.0896235388101,inf
62,65,inf,inf,inf,1105.9294733390552,inf
62,66,inf,inf,inf,780.0955069733449,inf
62,67,inf,inf,inf,1319.64010245218,inf
62,68,inf,inf,inf,508.9764238154848,inf
62,69,inf,inf,inf,182.43903091169938,inf
62,70,inf,inf,inf,1112.5933668685968,inf
62,71,inf,inf,inf,1217.8690405786658,inf
62,72,inf,inf,inf,879.7368924854749,inf
62,73,inf,inf,inf,618.0032362374812,inf
62,74,inf,inf,inf,1245.9538514728386,inf
62,75,inf,inf,inf,1353.428609125727,inf
62,76,inf,inf,inf,964.467210432786,inf
62,77,inf,inf,inf,374.2138426087416,inf
62,78,inf,inf,inf,940.7964710818169,inf
62,79,inf,inf,inf,979.1450352220553,inf
62,80,inf,inf,inf,139.61733416735902,inf
62,81,inf,inf,inf,1104.6673707501277,inf
62,82,inf,inf,inf,1239.7406986946908,inf
62,83,inf,inf,inf,341.4395993437199,inf
62,84,inf,inf,inf,1020.0416658156665,inf
62,85,inf,inf,inf,1240.7485643755547,inf
62,86,inf,inf,inf,901.7787977103919,inf
63,64,inf,inf,inf,958.8378382187469,inf
63,65,inf,inf,inf,800.0006249997558,inf
63,66,inf,inf,inf,472.3557981013888,inf
63,67,inf,inf,inf,342.33463161065083,inf
63,68,inf,inf,inf,775.427623959838,inf
63,69,inf,inf,inf,1054.9203761421998,inf
63,70,inf,inf,inf,247.29132617218906,inf
63,71,inf,inf,inf,613.0660649554826,inf
63,72,inf,inf,inf,1001.9231507456049,inf
63,73,inf,inf,inf,770.2733281115218,inf
63,74,inf,inf,inf,395.27458810300465,inf
63,75,inf,inf,inf,171.40595088852663,inf
63,76,inf,inf,inf,725.1923882667274,inf
63,77,inf,inf,inf,1033.0987368107658,inf
63,78,inf,inf,inf,433.56775710377724,inf
63,79,inf,inf,inf,328.60919037665394,inf
63,80,inf,inf,inf,1349.162703308982,inf
63,81,inf,inf,inf,316.0142401854701,inf
63,82,inf,inf,inf,157.78466338652817,inf
63,83,inf,inf,inf,1315.2406623884467,inf
63,84,inf,inf,inf,449.02115763068446,inf
63,85,inf,inf,inf,120.10828447696687,inf
63,86,inf,inf,inf,367.2002178648591,inf
64,65,inf,inf,inf,1361.6963685051085,inf
64,66,inf,inf,inf,771.8354746965184,inf
64,67,inf,inf,inf,1230.55637822897,inf
64,68,inf,inf,inf,430.2859514323004,inf
64,69,inf,inf,inf,646.4835651429972,inf
64,70,inf,inf,inf,1012.6327073524734,inf
64,71,inf,inf,inf,1329.1079715357967,inf
64,72,inf,inf,inf,104.78549517943789,inf
64,73,inf,inf,inf,926.9050652574945,inf
64,74,inf,inf,inf,1216.5952490454663,inf
64,75,inf,inf,inf,983.4886882928547,inf
64,76,inf,inf,inf,292.5508502807674,inf
64,77,inf,inf,inf,406.960686061934,inf
64,78,inf,inf,inf,975.7422815477456,inf
64,79,inf,inf,inf,631.9256285355106,inf
64,80,inf,inf,inf,915.6254692831562,inf
64,81,inf,inf,inf,1054.2831687929008,inf
64,82,inf,inf,inf,1064.5985158734725,inf
64,83,inf,inf,inf,593.8114178760795,inf
64,84,inf,inf,inf,1069.8121330401893,inf
64,85,inf,inf,inf,1041.5565275106292,inf
64,86,inf,inf,inf,846.8777951983391,inf
65,66,inf,inf,inf,599.5540009040053,inf
65,67,inf,inf,inf,558.4711272751708,inf
65,68,inf,inf,inf,959.1689110891783,inf
65,69,inf,inf,inf,1006.6757173986069,inf
65,70,inf,inf,inf,554.4438655084931,inf
65,71,inf,inf,inf,241.6464359348178,inf
65,72,inf,inf,inf,1450.3837423247683,inf
65,73,inf,inf,inf,503.4600282048218,inf
65,74,inf,inf,inf,454.4062059435368,inf
65,75,inf,inf,inf,967.0186140917867,inf
65,76,inf,inf,inf,1273.9705648090933,inf
65,77,inf,inf,inf,1166.391015054557,inf
65,78,inf,inf,inf,429.0477828867083,inf
65,79,inf,inf,inf,897.8780540808423,inf
65,80,inf,inf,inf,1152.531561389969,inf
65,81,inf,inf,inf,484.4151112424137,inf
65,82,inf,inf,inf,664.2055404767412,inf
65,83,inf,inf,inf,1372.7465170234452,inf
65,84,inf,inf,inf,364.7917213972927,inf
65,85,inf,inf,inf,698.4475642451622,inf
65,86,inf,inf,inf,568.000880281008,inf
66,67,inf,inf,inf,552.7178303619307,inf
66,68,inf,inf,inf,412.84379612633154,inf
66,69,inf,inf,inf,614.0627003816467,inf
66,70,inf,inf,inf,334.96417718914364,inf
66,71,inf,inf,inf,562.2117038980957,inf
66,72,inf,inf,inf,855.4589411538113,inf
66,73,inf,inf,inf,319.07522623983203,inf
66,74,inf,inf,inf,497.84535751576516,inf
66,75,inf,inf,inf,622.0128616033594,inf
66,76,inf,inf,inf,677.7846265592043,inf
66,77,inf,inf,inf,665.1834333475241,inf
66,78,inf,inf,inf,210.02142747824567,inf
66,79,inf,inf,inf,352.0908973546462,inf
66,80,inf,inf,inf,888.1441324469807,inf
66,81,inf,inf,inf,339.37737107827326,inf
66,82,inf,inf,inf,459.8608485183317,inf
66,83,inf,inf,inf,927.660498242757,inf
66,84,inf,inf,inf,306.0261426741186,inf
66,85,inf,inf,inf,462.77640389285193,inf
66,86,inf,inf,inf,122.06555615733703,inf
67,68,inf,inf,inf,951.4730684575366,inf
67,69,inf,inf,inf,1162.2607280640605,inf
67,70,inf,inf,inf,225.97787502319778,inf
67,71,inf,inf,inf,326.8470590352619,inf
67,72,inf,inf,inf,1289.8236313543027,inf
67,73,inf,inf,inf,745.5803108988326,inf
67,74,inf,inf,inf,106.55045753069294,inf
67,75,inf,inf,inf,471.3141203061924,inf
67,76,inf,inf,inf,1033.3677951242723,inf
67,77,inf,inf,inf,1211.0004128818455,inf
67,78,inf,inf,inf,381.41840542899865,inf
67,79,inf,inf,inf,612.8825336065631,inf
67,80,inf,inf,inf,1414.7936245262063,inf
67,81,inf,inf,inf,215.4158768521949,inf
67,82,inf,inf,inf,187.3846311734236,inf
67,83,inf,inf,inf,1479.31639617764,inf
67,84,inf,inf,inf,319.23189063751136,inf
67,85,inf,inf,inf,223.14345161801185,inf
67,86,inf,inf,inf,433.7798981050182,inf
68,69,inf,inf,inf,328.68982338977276,inf
68,70,inf,inf,inf,726.0557829808946,inf
68,71,inf,inf,inf,967.682799268438,inf
68,72,inf,inf,inf,531.7461800520997,inf
68,73,inf,inf,inf,498.8115876761485,inf
68,74,inf,inf,inf,907.3753357899916,inf
68,75,inf,inf,inf,872.2499641731148,inf
68,76,inf,inf,inf,493.42071298233924,inf
68,77,inf,inf,inf,261.6123085789352,inf
68,78,inf,inf,inf,621.2833492054974,inf
68,79,inf,inf,inf,484.4213042383665,inf
68,80,inf,inf,inf,645.4083978381441,inf
68,81,inf,inf,inf,745.0939538071692,inf
68,82,inf,inf,inf,824.3348834060099,inf
68,83,inf,inf,inf,540.6163149591399,inf
68,84,inf,inf,inf,716.8402890463119,inf
68,85,inf,inf,inf,814.6029707777894,inf
68,86,inf,inf,inf,521.018233845995,inf
69,70,inf,inf,inf,948.8877699707168,inf
69,71,inf,inf,inf,1090.088528515001,inf
69,72,inf,inf,inf,749.6032283815218,inf
69,73,inf,inf,inf,504.0039682383463,inf
69,74,inf,inf,inf,1095.0474875547636,inf
69,75,inf,inf,inf,1173.0699041404139,inf
69,76,inf,inf,inf,799.1601841933818,inf
69,77,inf,inf,inf,253.06125740618614,inf
69,78,inf,inf,inf,789.2338056621751,inf
69,79,inf,inf,inf,796.9046367037903,inf
69,80,inf,inf,inf,316.8106690122667,inf
69,81,inf,inf,inf,946.8780280479635,inf
69,82,inf,inf,inf,1071.0485516539388,inf
69,83,inf,inf,inf,367.5391135648014,inf
69,84,inf,inf,inf,874.2728407082082,inf
69,85,inf,inf,inf,1069.85279361228,inf
69,86,inf,inf,inf,736.0984988437349,inf
70,71,inf,inf,inf,385.9546605496557,inf
70,72,inf,inf,inf,1076.9015739611489,inf
70,73,inf,inf,inf,574.7347214150194,inf
70,74,inf,inf,inf,207.18349355100662,inf
70,75,inf,inf,inf,417.5416146924759,inf
70,76,inf,inf,inf,833.8015351389082,inf
70,77,inf,inf,inf,986.2028188968028,inf
70,78,inf,inf,inf,207.87015177749788,inf
70,79,inf,inf,inf,413.69674883905,inf
70,80,inf,inf,inf,1215.437781213008,inf
70,81,1.0,75.2132,75.21320343559641,70.61161377563892,1.065167603654812
70,82,inf,inf,inf,144.1700384962146,inf
70,83,inf,inf,inf,1256.7422170039486,inf
70,84,inf,inf,inf,202.98029461009264,inf
70,85,inf,inf,inf,165.0605949341029,inf
70,86,inf,inf,inf,213.243991709028,inf
71,72,inf,inf,inf,1406.9100895224258,inf
71,73,inf,inf,inf,600.6138526540992,inf
71,74,inf,inf,inf,230.00869548780108,inf
71,75,inf,inf,inf,769.8844069079462,inf
71,76,inf,inf,inf,1192.1820330805192,inf
71,77,inf,inf,inf,1205.3617714196846,inf
71,78,inf,inf,inf,353.8036178447021,inf
71,79,inf,inf,inf,783.8379934654864,inf
71,80,inf,inf,inf,1286.68333322539,inf
71,81,inf,inf,inf,318.15876539866065,inf
71,82,inf,inf,inf,462.5083783024909,inf
71,83,inf,inf,inf,1443.4860581245666,inf
71,84,inf,inf,inf,259.3260495977988,inf
71,85,inf,inf,inf,499.7039123320929,inf
71,86,inf,inf,inf,484.6627693561782,inf
72,73,inf,inf,inf,1025.7899395100344,inf
72,74,inf,inf,inf,1282.948167308407,inf
72,75,inf,inf,inf,1009.4998761763173,inf
72,76,inf,inf,inf,293.28825411188905,inf
72,77,inf,inf,inf,506.6172124987464,inf
72,78,inf,inf,inf,1055.1895564305023,inf
72,79,inf,inf,inf,681.1651782056978,inf
72,80,inf,inf,inf,1012.5857988338569,inf
72,81,inf,inf,inf,1122.7648907941502,inf
72,82,inf,inf,inf,1117.780837194841,inf
72,83,inf,inf,inf,671.815450849413,inf
72,84,inf,inf,inf,1147.8092175967224,inf
72,85,inf,inf,inf,1092.265535481185,inf
72,86,inf,inf,inf,922.5497276569973,inf
73,74,inf,inf,inf,656.8751784014981,inf
73,75,inf,inf,inf,930.4348445753737,inf
73,76,inf,inf,inf,919.9483681163852,inf
73,77,inf,inf,inf,671.764839806312,inf
73,78,inf,inf,inf,371.01212918178294,inf
73,79,inf,inf,inf,663.844108206136,inf
73,80,inf,inf,inf,688.1983725641902,inf
73,81,inf,inf,inf,542.6619573915239,inf
73,82,inf,inf,inf,717.8140427715244,inf
73,83,inf,inf,inf,869.3405546734836,inf
73,84,inf,inf,inf,427.9918223517828,inf
73,85,inf,inf,inf,732.2274236874771,inf
73,86,inf,inf,inf,403.6545552821125,inf
74,75,inf,inf,inf,544.0312491024757,inf
74,76,inf,inf,inf,1040.696881901738,inf
74,77,inf,inf,inf,1162.8056587409608,inf
74,78,inf,inf,inf,305.94934221207274,inf
74,79,inf,inf,inf,619.9048314055957,inf
74,80,inf,inf,inf,1335.2670144956028,inf
74,81,inf,inf,inf,164.28329190760695,inf
74,82,inf,inf,inf,239.1359446005556,inf
74,83,inf,inf,inf,1424.012640393336,inf
74,84,inf,inf,inf,229.3338178289456,inf
74,85,inf,inf,inf,277.1569952211201,inf
74,86,inf,inf,inf,386.84622267769396,inf
75,76,inf,inf,inf,718.924196282195,inf
75,77,inf,inf,inf,1119.9325872569295,inf
75,78,inf,inf,inf,603.9114173452924,inf
75,79,inf,inf,inf,391.08566836436233,inf
75,80,inf,inf,inf,1477.139126825906,inf
75,81,inf,inf,inf,484.9917525071947,inf
75,82,inf,inf,inf,307.46056657724415,inf
75,83,inf,inf,inf,1403.0089094513976,inf
75,84,inf,inf,inf,619.9935483535293,inf
75,85,inf,inf,inf,270.78035379251577,inf
75,86,inf,inf,inf,527.2191195319077,inf
76,77,inf,inf,inf,608.6747900151607,inf
76,78,inf,inf,inf,853.677339514175,inf
76,79,inf,inf,inf,421.5779880401727,inf
76,80,inf,inf,inf,1104.0289851267494,inf
76,81,inf,inf,inf,888.3203251080097,inf
76,82,inf,inf,inf,853.3135414371437,inf
76,83,inf,inf,inf,850.3234678638477,inf
76,84,inf,inf,inf,938.9291773078521,inf
76,85,inf,inf,inf,824.3991751572778,inf
76,86,inf,inf,inf,713.9439753930276,inf
77,78,inf,inf,inf,868.8486634621705,inf
77,79,inf,inf,inf,728.8820206315971,inf
77,80,inf,inf,inf,509.90685423908553,inf
77,81,inf,inf,inf,1002.1985831161408,inf
77,82,inf,inf,inf,1085.9304765959928,inf
77,83,inf,inf,inf,283.24018076537095,inf
77,84,inf,inf,inf,962.7860613864328,inf
77,85,inf,inf,inf,1075.883357990075,inf
77,86,inf,inf,inf,778.4683680150401,inf
78,79,inf,inf,inf,468.9019087186573,inf
78,80,inf,inf,inf,1033.5168116678121,inf
78,81,inf,inf,inf,171.96511274092776,inf
78,82,inf,inf,inf,352.0184654247558,inf
78,83,inf,inf,inf,1122.8236727109027,inf
78,84,inf,inf,inf,96.00520819205592,inf
78,85,inf,inf,inf,371.3717813727909,inf
78,86,inf,inf,inf,140.34600101178515,inf
79,80,inf,inf,inf,1108.7434329005066,inf
79,81,inf,inf,inf,471.65347449160174,inf
79,82,inf,inf,inf,436.8065933568311,inf
79,83,inf,inf,inf,1011.9258866142322,inf
79,84,inf,inf,inf,541.6013293927555,inf
79,85,inf,inf,inf,411.2055447096987,inf
79,86,inf,inf,inf,332.05421244128195,inf
80,81,inf,inf,inf,1201.635968170061,inf
80,82,inf,inf,inf,1347.311396819607,inf
80,83,inf,inf,inf,424.7469835090062,inf
80,84,inf,inf,inf,1106.6724899445182,inf
80,85,inf,inf,inf,1350.8878561894026,inf
80,86,inf,inf,inf,1008.247985368679,inf
81,82,inf,inf,inf,195.77793542685038,inf
81,83,inf,inf,inf,1267.0268347592328,inf
81,84,inf,inf,inf,141.15594213493105,inf
81,85,inf,inf,inf,223.76103324752503,inf
81,86,inf,inf,inf,224.08257406590099,inf
82,83,inf,inf,inf,1362.721541621765,inf
82,84,inf,inf,inf,336.93322780634145,inf
82,85,inf,inf,inf,38.07886552931954,inf
82,86,inf,inf,inf,339.0634158973805,inf
83,84,inf,inf,inf,1213.5740603687934,inf
83,85,inf,inf,inf,1354.3780860601667,inf
83,86,inf,inf,inf,1045.5515290983988,inf
84,85,inf,inf,inf,364.2993274767331,inf
84,86,inf,inf,inf,226.55683613610074,inf
85,86,inf,inf,inf,344.200522951375,inf
