u,v,unweighted_hops,weighted_cost,path_length_sum,euclidean,tortuosity
0,1,inf,inf,inf,585.8882145938762,inf
0,2,inf,inf,inf,1215.5805197517768,inf
0,3,inf,inf,inf,1377.5329397150545,inf
0,4,inf,inf,inf,463.54827148852576,inf
0,5,inf,inf,inf,618.8521632829605,inf
0,6,inf,inf,inf,251.02390324429265,inf
0,7,inf,inf,inf,527.0768444923377,inf
0,8,inf,inf,inf,824.2293370173134,inf
0,9,inf,inf,inf,1279.3939971720986,inf
0,10,inf,inf,inf,970.0108246818692,inf
0,11,inf,inf,inf,1048.9885604714668,inf
0,12,inf,inf,inf,843.7778143563625,inf
0,13,inf,inf,inf,561.6342226040005,inf
0,14,inf,inf,inf,457.93012567421243,inf
0,15,inf,inf,inf,881.0278088687099,inf
0,16,inf,inf,inf,1080.4022399088221,inf
0,17,inf,inf,inf,846.622702270616,inf
0,18,inf,inf,inf,1484.9269342294253,inf
0,19,inf,inf,inf,689.1973592520505,inf
0,20,inf,inf,inf,1394.1165661450266,inf
0,21,inf,inf,inf,1122.5083518620252,inf
0,22,inf,inf,inf,1388.2236851458774,inf
0,23,inf,inf,inf,797.9674178812065,inf
0,24,inf,inf,inf,491.97764176840394,inf
0,25,inf,inf,inf,310.8649224341659,inf
0,26,inf,inf,inf,1485.5426617906332,inf
0,27,inf,inf,inf,1138.2310837435427,inf
0,28,inf,inf,inf,1485.331612805706,inf
0,29,inf,inf,inf,1389.9730213209175,inf
0,30,inf,inf,inf,105.6882207249228,inf
0,31,inf,inf,inf,534.2817608715461,inf
0,32,inf,inf,inf,734.2492764722346,inf
0,33,inf,inf,inf,1325.093958932724,inf
0,34,inf,inf,inf,1069.6695751492607,inf
0,35,inf,inf,inf,314.8412298286233,inf
0,36,inf,inf,inf,759.953288038153,inf
0,37,inf,inf,inf,513.9737347374863,inf
0,38,inf,inf,inf,943.7462582707282,inf
0,39,inf,inf,inf,96.93296652842108,inf
0,40,inf,inf,inf,1443.8074663887842,inf
0,41,inf,inf,inf,516.575260731677,inf
0,42,inf,inf,inf,1256.7103882756758,inf
0,43,inf,inf,inf,694.472461657048,inf
0,44,inf,inf,inf,1089.0766731502424,inf
0,45,inf,inf,inf,1408.7867120327335,inf
0,46,inf,inf,inf,304.4355432599814,inf
0,47,inf,inf,inf,927.4680587491948,inf
0,48,inf,inf,inf,563.0435151922096,inf
0,49,inf,inf,inf,687.0007278016524,inf
0,50,inf,inf,inf,831.1299537376811,inf
0,51,inf,inf,inf,378.05951912364276,inf
0,52,inf,inf,inf,468.6875291705552,inf
0,53,inf,inf,inf,869.9339055353573,inf
0,54,inf,inf,inf,1272.0318392241602,inf
0,55,inf,inf,inf,162.8649747490233,inf
0,56,inf,inf,inf,200.124960961895,inf
0,57,inf,inf,inf,1021.0044074341697,inf
0,58,inf,inf,inf,922.3692319239622,inf
0,59,inf,inf,inf,839.2866018232389,inf
0,60,inf,inf,inf,913.9037148409016,inf
0,61,inf,inf,inf,323.12381527829234,inf
0,62,inf,inf,inf,1013.6513207212823,inf
0,63,inf,inf,inf,479.5633430528234,inf
0,64,inf,inf,inf,510.22054055084845,inf
0,65,inf,inf,inf,1139.1035949377037,inf
0,66,inf,inf,inf,467.85040344109996,inf
0,67,inf,inf,inf,638.305569457137,inf
0,68,inf,inf,inf,1412.6436210169925,inf
0,69,inf,inf,inf,1047.7351764639766,inf
0,70,inf,inf,inf,510.43902672111585,inf
0,71,inf,inf,inf,1000.3769289622787,inf
0,72,inf,inf,inf,598.0777541423857,inf
0,73,inf,inf,inf,467.2740095490011,inf
0,74,inf,inf,inf,1174.4415694277855,inf
0,75,inf,inf,inf,1068.5302990556702,inf
0,76,inf,inf,inf,722.6686654338903,inf
0,77,inf,inf,inf,434.7159992454844,inf
0,78,inf,inf,inf,1202.685744490222,inf
0,79,inf,inf,inf,558.6528439021859,inf
0,80,inf,inf,inf,787.1626261453221,inf
0,81,inf,inf,inf,361.4484748895754,inf
0,82,inf,inf,inf,1431.3629868066312,inf
0,83,inf,inf,inf,1181.1591764025711,inf
0,84,inf,inf,inf,245.12037858978596,inf
0,85,inf,inf,inf,1460.1595803199045,inf
0,86,inf,inf,inf,656.3269002562671,inf
0,87,inf,inf,inf,496.5047834613479,inf
0,88,inf,inf,inf,575.4754556017137,inf
0,89,inf,inf,inf,973.7319959824674,inf
0,90,inf,inf,inf,432.69966489471653,inf
0,91,inf,inf,inf,1349.5869738553347,inf
0,92,inf,inf,inf,1392.9142112851027,inf
0,93,inf,inf,inf,402.24370722237535,inf
0,94,inf,inf,inf,669.9283543782873,inf
0,95,inf,inf,inf,295.357410606201,inf
0,96,inf,inf,inf,435.61106505689224,inf
0,97,inf,inf,inf,1373.7321427410805,inf
0,98,inf,inf,inf,287.9392296996017,inf
0,99,inf,inf,inf,893.5076944268583,inf
0,100,inf,inf,inf,749.2082487533089,inf
0,101,inf,inf,inf,367.76351096866586,inf
0,102,inf,inf,inf,402.44875450173777,inf
0,103,inf,inf,inf,214.46211786700232,inf
0,104,inf,inf,inf,697.6854592149674,inf
0,105,inf,inf,inf,767.2248692528156,inf
0,106,inf,inf,inf,594.9268862641862,inf
0,107,inf,inf,inf,874.7045215385593,inf
0,108,inf,inf,inf,786.211803523707,inf
0,109,inf,inf,inf,700.9764618016785,inf
0,110,inf,inf,inf,1307.5511462271754,inf
0,111,inf,inf,inf,1380.971397241811,inf
0,112,inf,inf,inf,536.5305210330537,inf
0,113,inf,inf,inf,1205.98839132058,inf
0,114,inf,inf,inf,1028.2771999806278,inf
0,115,inf,inf,inf,633.2021794024402,inf
0,116,inf,inf,inf,458.68180692065823,inf
0,117,inf,inf,inf,204.00245096566854,inf
0,118,inf,inf,inf,447.764447003109,inf
0,119,inf,inf,inf,967.8615603483796,inf
0,120,inf,inf,inf,669.2458442157113,inf
0,121,inf,inf,inf,565.4060487826425,inf
0,122,inf,inf,inf,247.39644298170498,inf
0,123,inf,inf,inf,1326.2978549330464,inf
0,124,inf,inf,inf,596.9128914674234,inf
0,125,inf,inf,inf,1220.6391768249944,inf
0,126,inf,inf,inf,740.607858451421,inf
0,127,inf,inf,inf,1284.9980544732355,inf
0,128,inf,inf,inf,914.5151720994027,inf
0,129,inf,inf,inf,1300.4280064655636,inf
0,130,inf,inf,inf,434.4156995321417,inf
0,131,inf,inf,inf,877.2924255913761,inf
0,132,inf,inf,inf,880.3005168690974,inf
0,133,inf,inf,inf,353.0354089889568,inf
0,134,inf,inf,inf,831.1395791321696,inf
0,135,inf,inf,inf,369.0663896916109,inf
0,136,inf,inf,inf,1485.7055562930361,inf
0,137,inf,inf,inf,662.4394311935243,inf
0,138,inf,inf,inf,1025.2385088358708,inf
0,139,inf,inf,inf,650.0769185258004,inf
0,140,inf,inf,inf,846.7071512630563,inf
0,141,inf,inf,inf,1178.7590932841197,inf
0,142,inf,inf,inf,721.0166433585289,inf
0,143,inf,inf,inf,1456.160018679266,inf
0,144,inf,inf,inf,1074.3565516158963,inf
0,145,inf,inf,inf,923.822493772478,inf
0,146,inf,inf,inf,538.0009293672271,inf
0,147,inf,inf,inf,1114.4796992318882,inf
0,148,inf,inf,inf,1210.3098776759612,inf
0,149,inf,inf,inf,277.1028689855087,inf
0,150,inf,inf,inf,592.6390132281201,inf
0,151,inf,inf,inf,805.8945340427617,inf
0,152,inf,inf,inf,321.50427679892533,inf
0,153,inf,inf,inf,1109.3655844670864,inf
0,154,inf,inf,inf,625.4998001598402,inf
0,155,inf,inf,inf,1064.0042293149027,inf
0,156,inf,inf,inf,662.2001208094122,inf
0,157,inf,inf,inf,1111.9802156513397,inf
0,158,inf,inf,inf,252.6024544615511,inf
0,159,inf,inf,inf,515.139786854015,inf
0,160,inf,inf,inf,378.4032240877448,inf
0,161,inf,inf,inf,486.14092606979716,inf
0,162,inf,inf,inf,781.74484328328,inf
0,163,inf,inf,inf,874.7348169588313,inf
0,164,inf,inf,inf,956.0083681642122,inf
0,165,inf,inf,inf,508.27158094861056,inf
0,166,inf,inf,inf,1470.6396567480424,inf
0,167,inf,inf,inf,897.6057040816976,inf
0,168,inf,inf,inf,861.4232409216737,inf
0,169,inf,inf,inf,1467.059644322616,inf
0,170,inf,inf,inf,230.08042072284204,inf
0,171,inf,inf,inf,343.92586410446074,inf
0,172,inf,inf,inf,569.0869880782726,inf
0,173,inf,inf,inf,1121.2782883833968,inf
0,174,inf,inf,inf,788.818103240538,inf
0,175,inf,inf,inf,660.1310475958543,inf
0,176,inf,inf,inf,810.1610950915873,inf
0,177,inf,inf,inf,555.972121603233,inf
0,178,inf,inf,inf,592.7039733290136,inf
0,179,inf,inf,inf,623.0264841882727,inf
0,180,inf,inf,inf,1379.1566263481461,inf
0,181,inf,inf,inf,1379.3494843584783,inf
0,182,inf,inf,inf,469.8638100556373,inf
0,183,inf,inf,inf,668.3187862090965,inf
0,184,inf,inf,inf,1013.0922958941105,inf
0,185,inf,inf,inf,1113.0300984250157,inf
0,186,inf,inf,inf,1231.2680455530387,inf
0,187,inf,inf,inf,318.68009037277494,inf
0,188,inf,inf,inf,1245.9486345752782,inf
0,189,inf,inf,inf,316.6891220108452,inf
0,190,inf,inf,inf,423.51505286117043,inf
0,191,inf,inf,inf,610.0131146131205,inf
0,192,inf,inf,inf,341.08796519373124,inf
0,193,inf,inf,inf,532.2593352868506,inf
0,194,inf,inf,inf,944.7502315427078,inf
0,195,inf,inf,inf,573.8379562210921,inf
0,196,inf,inf,inf,897.0752476799257,inf
0,197,inf,inf,inf,525.76135270672,inf
0,198,inf,inf,inf,791.8970892736,inf
0,199,inf,inf,inf,1301.7545851657294,inf
0,200,inf,inf,inf,538.042749230951,inf
0,201,inf,inf,inf,680.0360284573163,inf
0,202,inf,inf,inf,916.376014526788,inf
1,2,inf,inf,inf,987.7008656470845,inf
1,3,inf,inf,inf,954.8905696465957,inf
1,4,inf,inf,inf,472.69863549623244,inf
1,5,inf,inf,inf,129.61867149450345,inf
1,6,inf,inf,inf,516.4261805911857,inf
1,7,inf,inf,inf,389.08225351460067,inf
1,8,inf,inf,inf,256.40007800310826,inf
1,9,inf,inf,inf,715.1573253487654,inf
1,10,inf,inf,inf,457.5609249050885,inf
1,11,inf,inf,inf,791.8989834568548,inf
1,12,inf,inf,inf,377.7009398982216,inf
1,13,inf,inf,inf,199.2786993132984,inf
1,14,inf,inf,inf,514.5726382154419,inf
1,15,inf,inf,inf,453.01765969992823,inf
1,16,inf,inf,inf,608.8234555271339,inf
1,17,inf,inf,inf,413.3920657196991,inf
1,18,inf,inf,inf,943.5894234252522,inf
1,19,inf,inf,inf,164.77863939236784,inf
1,20,inf,inf,inf,808.5752902482242,inf
1,21,inf,inf,inf,894.4383712699271,inf
1,22,inf,inf,inf,844.8550171479128,inf
1,23,inf,inf,inf,219.91134577370036,inf
1,24,inf,inf,inf,538.3576877875898,inf
1,25,inf,inf,inf,488.72282533149604,inf
1,26,inf,inf,inf,967.9194181335552,inf
1,27,inf,inf,inf,632.3171672507398,inf
1,28,inf,inf,inf,959.4086720475274,inf
1,29,inf,inf,inf,814.6778504415104,inf
1,30,inf,inf,inf,520.6812844725648,inf
1,31,inf,inf,inf,112.44554237496477,inf
1,32,inf,inf,inf,749.9793330485847,inf
1,33,inf,inf,inf,919.8222654404491,inf
1,34,inf,inf,inf,499.4597080846462,inf
1,35,inf,inf,inf,295.78708558691335,inf
1,36,inf,inf,inf,492.38399649054395,inf
1,37,inf,inf,inf,223.1815404552984,inf
1,38,inf,inf,inf,383.01174916704576,inf
1,39,inf,inf,inf,516.6323644527122,inf
1,40,inf,inf,inf,1001.2117658118086,inf
1,41,inf,inf,inf,69.31810730249349,inf
1,42,inf,inf,inf,750.3092695682228,inf
1,43,inf,inf,inf,276.9205662279348,inf
1,44,inf,inf,inf,555.1765484960617,inf
1,45,inf,inf,inf,1002.7028473082142,inf
1,46,inf,inf,inf,361.1121709386157,inf
1,47,inf,inf,inf,401.1682938618155,inf
1,48,inf,inf,inf,221.35265979879256,inf
1,49,inf,inf,inf,301.0398644698074,inf
1,50,inf,inf,inf,299.2824752637548,inf
1,51,inf,inf,inf,264.0378760708395,inf
1,52,inf,inf,inf,748.1904837673358,inf
1,53,inf,inf,inf,284.6928169097352,inf
1,54,inf,inf,inf,998.5639689073505,inf
1,55,inf,inf,inf,481.6845440742312,inf
1,56,inf,inf,inf,386.2809858121417,inf
1,57,inf,inf,inf,454.80215478821117,inf
1,58,inf,inf,inf,425.9060929359898,inf
1,59,inf,inf,inf,504.04860876705135,inf
1,60,inf,inf,inf,347.4665451521916,inf
1,61,inf,inf,inf,284.3448610402516,inf
1,62,inf,inf,inf,444.7920862605359,inf
1,63,inf,inf,inf,337.1527843574779,inf
1,64,inf,inf,inf,80.62257748298549,inf
1,65,inf,inf,inf,746.00268096033,inf
1,66,inf,inf,inf,156.97452022541748,inf
1,67,inf,inf,inf,52.69724850502159,inf
1,68,inf,inf,inf,836.9593777478092,inf
1,69,inf,inf,inf,462.3613305630132,inf
1,70,inf,inf,inf,157.68639763784319,inf
1,71,inf,inf,inf,459.0697114818184,inf
1,72,inf,inf,inf,432.511271529425,inf
1,73,inf,inf,inf,289.0882218285622,inf
1,74,inf,inf,inf,979.5519383881592,inf
1,75,inf,inf,inf,706.9893917167358,inf
1,76,inf,inf,inf,137.56816492197603,inf
1,77,inf,inf,inf,157.9271984174987,inf
1,78,inf,inf,inf,645.5152980371573,inf
1,79,inf,inf,inf,297.3112846832424,inf
1,80,inf,inf,inf,211.36697944570244,inf
1,81,inf,inf,inf,570.3069349043548,inf
1,82,inf,inf,inf,846.3622156027525,inf
1,83,inf,inf,inf,597.3809504830231,inf
1,84,inf,inf,inf,342.8308620879981,inf
1,85,inf,inf,inf,1000.8261587308757,inf
1,86,inf,inf,inf,241.3047865252573,inf
1,87,inf,inf,inf,473.76154339498686,inf
1,88,inf,inf,inf,170.06175348972502,inf
1,89,inf,inf,inf,423.151273187261,inf
1,90,inf,inf,inf,219.18029108475972,inf
1,91,inf,inf,inf,1006.4372807085397,inf
1,92,inf,inf,inf,867.4566271578078,inf
1,93,inf,inf,inf,411.1216365018995,inf
1,94,inf,inf,inf,84.50443775329198,inf
1,95,inf,inf,inf,427.16858498723894,inf
1,96,inf,inf,inf,632.0664522026145,inf
1,97,inf,inf,inf,790.5371591519275,inf
1,98,inf,inf,inf,319.0015673942685,inf
1,99,inf,inf,inf,501.72203459684727,inf
1,100,inf,inf,inf,226.11943746613204,inf
1,101,inf,inf,inf,574.2516869805434,inf
1,102,inf,inf,inf,472.9333991166198,inf
1,103,inf,inf,inf,548.7631547398204,inf
1,104,inf,inf,inf,823.2630199395574,inf
1,105,inf,inf,inf,497.31780583445834,inf
1,106,inf,inf,inf,70.77428911688199,inf
1,107,inf,inf,inf,608.8686229393004,inf
1,108,inf,inf,inf,818.5120646636798,inf
1,109,inf,inf,inf,180.96684779262748,inf
1,110,inf,inf,inf,1005.1392938294672,inf
1,111,inf,inf,inf,827.3288342612024,inf
1,112,inf,inf,inf,78.587530817554,inf
1,113,inf,inf,inf,643.4197696682936,inf
1,114,inf,inf,inf,464.02262875855524,inf
1,115,inf,inf,inf,604.0033112492017,inf
1,116,inf,inf,inf,332.61389026918283,inf
1,117,inf,inf,inf,525.9087373299668,inf
1,118,inf,inf,inf,460.5257864658612,inf
1,119,inf,inf,inf,552.8191385977877,inf
1,120,inf,inf,inf,469.6519988246617,inf
1,121,inf,inf,inf,46.010868281309364,inf
1,122,inf,inf,inf,513.078941294612,inf
1,123,inf,inf,inf,751.4499317985197,inf
1,124,inf,inf,inf,310.20315923600776,inf
1,125,inf,inf,inf,677.8532289515186,inf
1,126,inf,inf,inf,176.13914953808538,inf
1,127,inf,inf,inf,996.0808200141191,inf
1,128,inf,inf,inf,902.9756364376616,inf
1,129,inf,inf,inf,1000.0769970357283,inf
1,130,inf,inf,inf,299.8966488642379,inf
1,131,inf,inf,inf,331.3502678435616,inf
1,132,inf,inf,inf,434.6331786690933,inf
1,133,inf,inf,inf,267.36678926149375,inf
1,134,inf,inf,inf,338.85985303662045,inf
1,135,inf,inf,inf,711.6888365008966,inf
1,136,inf,inf,inf,942.1167655869415,inf
1,137,inf,inf,inf,390.69809316145887,inf
1,138,inf,inf,inf,456.6366170162003,inf
1,139,inf,inf,inf,130.18832512940628,inf
1,140,inf,inf,inf,320.2030605725061,inf
1,141,inf,inf,inf,805.6761135841126,inf
1,142,inf,inf,inf,223.10983842045155,inf
1,143,inf,inf,inf,995.5506014261656,inf
1,144,inf,inf,inf,756.4291110209865,inf
1,145,inf,inf,inf,452.6599164936078,inf
1,146,inf,inf,inf,155.08062419270823,inf
1,147,inf,inf,inf,616.8468205316454,inf
1,148,inf,inf,inf,989.9520190393067,inf
1,149,inf,inf,inf,317.02523558858843,inf
1,150,inf,inf,inf,27.892651361962706,inf
1,151,inf,inf,inf,258.3118270617898,inf
1,152,inf,inf,inf,541.5994830130472,inf
1,153,inf,inf,inf,579.1243389808444,inf
1,154,inf,inf,inf,472.51772453528133,inf
1,155,inf,inf,inf,949.7052174227538,inf
1,156,inf,inf,inf,205.8834621818858,inf
1,157,inf,inf,inf,564.1498028006391,inf
1,158,inf,inf,inf,473.42264415636055,inf
1,159,inf,inf,inf,395.60080889704966,inf
1,160,inf,inf,inf,217.07602354935472,inf
1,161,inf,inf,inf,435.5800730061007,inf
1,162,inf,inf,inf,271.4590208484515,inf
1,163,inf,inf,inf,506.48593267730547,inf
1,164,inf,inf,inf,635.6925357434992,inf
1,165,inf,inf,inf,316.3558123379433,inf
1,166,inf,inf,inf,899.627700774048,inf
1,167,inf,inf,inf,333.80383460949037,inf
1,168,inf,inf,inf,807.4360655804272,inf
1,169,inf,inf,inf,891.9983183840651,inf
1,170,inf,inf,inf,447.4639650295876,inf
1,171,inf,inf,inf,400.8241509689754,inf
1,172,inf,inf,inf,785.8657646188692,inf
1,173,inf,inf,inf,705.0248222580535,inf
1,174,inf,inf,inf,486.5603765207356,inf
1,175,inf,inf,inf,349.0128937446294,inf
1,176,inf,inf,inf,641.0569397487246,inf
1,177,inf,inf,inf,475.02631506054485,inf
1,178,inf,inf,inf,320.8067954392488,inf
1,179,inf,inf,inf,385.1610052951882,inf
1,180,inf,inf,inf,1004.0717105864501,inf
1,181,inf,inf,inf,908.1244408119408,inf
1,182,inf,inf,inf,127.56566936288148,inf
1,183,inf,inf,inf,102.18121158021175,inf
1,184,inf,inf,inf,623.099510511764,inf
1,185,inf,inf,inf,586.3079395675961,inf
1,186,inf,inf,inf,647.8595526809804,inf
1,187,inf,inf,inf,416.74212650030955,inf
1,188,inf,inf,inf,953.7321426899694,inf
1,189,inf,inf,inf,385.4205495299907,inf
1,190,inf,inf,inf,162.4130536625674,inf
1,191,inf,inf,inf,157.0636813525011,inf
1,192,inf,inf,inf,435.29530206516125,inf
1,193,inf,inf,inf,164.00304875214974,inf
1,194,inf,inf,inf,617.9838185583826,inf
1,195,inf,inf,inf,242.6375898330677,inf
1,196,inf,inf,inf,325.04307406865325,inf
1,197,inf,inf,inf,225.01999911119012,inf
1,198,inf,inf,inf,359.8055030151707,inf
1,199,inf,inf,inf,796.7785137665297,inf
1,200,inf,inf,inf,79.07591289387686,inf
1,201,inf,inf,inf,669.7223305221352,inf
1,202,inf,inf,inf,557.7813191565311,inf
2,3,inf,inf,inf,457.21439172449504,inf
2,4,inf,inf,inf,1412.3614976343697,inf
2,5,inf,inf,inf,1112.5547177554909,inf
2,6,inf,inf,inf,1342.0629642457168,inf
2,7,inf,inf,inf,1358.9709341998453,inf
2,8,inf,inf,inf,871.7166970983176,inf
2,9,inf,inf,inf,1344.7932926662002,inf
2,10,inf,inf,inf,1308.6164449524545,inf
2,11,inf,inf,inf,195.8187937865005,inf
2,12,inf,inf,inf,656.1440390645944,inf
2,13,inf,inf,inf,1184.969619863733,inf
2,14,inf,inf,inf,759.3681584053943,inf
2,15,inf,inf,inf,1388.818922682147,inf
2,16,inf,inf,inf,567.0141091718971,inf
2,17,inf,inf,inf,604.0215227953388,inf
2,18,inf,inf,inf,871.3598567756034,inf
2,19,inf,inf,inf,841.114142075854,inf
2,20,inf,inf,inf,1217.3204179672664,inf
2,21,inf,inf,inf,96.42095207992918,inf
2,22,inf,inf,inf,836.4000239120035,inf
2,23,inf,inf,inf,913.5097153287425,inf
2,24,inf,inf,inf,727.4957044546724,inf
2,25,inf,inf,inf,905.2518986447916,inf
2,26,inf,inf,inf,778.5248872065683,inf
2,27,inf,inf,inf,1439.4450319480768,inf
2,28,inf,inf,inf,809.0797241310648,inf
2,29,inf,inf,inf,1015.6933592379148,inf
2,30,inf,inf,inf,1240.6425754422585,inf
2,31,inf,inf,inf,1091.0659925045782,inf
2,32,inf,inf,inf,537.7080992508854,inf
2,33,inf,inf,inf,399.2818553353007,inf
2,34,inf,inf,inf,877.6018459415409,inf
2,35,inf,inf,inf,985.6576484763865,inf
2,36,inf,inf,inf,1477.5807930532935,inf
2,37,inf,inf,inf,1197.9770448552008,inf
2,38,inf,inf,inf,1169.2480489613827,inf
2,39,inf,inf,inf,1121.1886549550882,inf
2,40,inf,inf,inf,534.1610244111788,inf
2,41,inf,inf,inf,998.7962755236925,inf
2,42,inf,inf,inf,662.0339870429614,inf
2,43,inf,inf,inf,711.3761311711266,inf
2,44,inf,inf,inf,735.6004350189035,inf
2,45,inf,inf,inf,429.10604749875057,inf
2,46,inf,inf,inf,941.6140398273594,inf
2,47,inf,inf,inf,1251.7048374117599,inf
2,48,inf,inf,inf,792.1224652792016,inf
2,49,inf,inf,inf,686.8493284556665,inf
2,50,inf,inf,inf,780.1929248589736,inf
2,51,inf,inf,inf,1166.1324967601238,inf
2,52,inf,inf,inf,881.1129326028531,inf
2,53,inf,inf,inf,1012.6346824003215,inf
2,54,inf,inf,inf,101.76934705499491,inf
2,55,inf,inf,inf,1055.46056297713,inf
2,56,inf,inf,inf,1119.0540648243943,inf
2,57,inf,inf,inf,853.1506314830928,inf
2,58,inf,inf,inf,671.3069342707552,inf
2,59,inf,inf,inf,1474.7155657956555,inf
2,60,inf,inf,inf,1135.6372660317202,inf
2,61,inf,inf,inf,1134.471242473779,inf
2,62,inf,inf,inf,864.944506890471,inf
2,63,inf,inf,inf,1296.8103176640755,inf
2,64,inf,inf,inf,1026.4214534001128,inf
2,65,inf,inf,inf,374.4609458942281,inf
2,66,inf,inf,inf,1102.1433663548496,inf
2,67,inf,inf,inf,976.2427976686947,inf
2,68,inf,inf,inf,1030.0533966741725,inf
2,69,inf,inf,inf,1003.5940414330886,inf
2,70,inf,inf,inf,1129.6725189186466,inf
2,71,inf,inf,inf,1258.2980569006693,inf
2,72,inf,inf,inf,1413.5929399936886,inf
2,73,inf,inf,inf,1246.2684301545955,inf
2,74,inf,inf,inf,70.2353187506115,inf
2,75,inf,inf,inf,340.50697496527147,inf
2,76,inf,inf,inf,962.032223992523,inf
2,77,inf,inf,inf,982.3532969354762,inf
2,78,inf,inf,inf,838.513565781735,inf
2,79,inf,inf,inf,1279.8535072421375,inf
2,80,inf,inf,inf,1054.9090008147623,inf
2,81,inf,inf,inf,873.4855465318244,inf
2,82,inf,inf,inf,1159.5533622908433,inf
2,83,inf,inf,inf,1144.965064969233,inf
2,84,inf,inf,inf,1110.5205986383144,inf
2,85,inf,inf,inf,586.046073274107,inf
2,86,inf,inf,inf,1223.3711619945927,inf
2,87,inf,inf,inf,1424.9214013411406,inf
2,88,inf,inf,inf,1157.410903698423,inf
2,89,inf,inf,inf,794.9402493269541,inf
2,90,inf,inf,inf,1153.7716411838176,inf
2,91,inf,inf,inf,266.8951104835006,inf
2,92,inf,inf,inf,766.7711523003458,inf
2,93,inf,inf,inf,820.8215396783883,inf
2,94,inf,inf,inf,989.1612608670034,inf
2,95,inf,inf,inf,925.418824100742,inf
2,96,inf,inf,inf,824.8036129891769,inf
2,97,inf,inf,inf,1258.230503524692,inf
2,98,inf,inf,inf,1003.127609030875,inf
2,99,inf,inf,inf,509.0304509555396,inf
2,100,inf,inf,inf,1153.9865683793723,inf
2,101,inf,inf,inf,868.5309436053502,inf
2,102,inf,inf,inf,813.1377497078831,inf
2,103,inf,inf,inf,1011.0044510287776,inf
2,104,inf,inf,inf,660.0189391222043,inf
2,105,inf,inf,inf,1482.0371115461312,inf
2,106,inf,inf,inf,917.109589961854,inf
2,107,inf,inf,inf,382.2669224507922,inf
2,108,inf,inf,inf,526.806416058119,inf
2,109,inf,inf,inf,1130.8138662043368,inf
2,110,inf,inf,inf,169.59363195591985,inf
2,111,inf,inf,inf,880.3783277659668,inf
2,112,inf,inf,inf,1053.713908041457,inf
2,113,inf,inf,inf,865.3900854527974,inf
2,114,inf,inf,inf,844.9674549945696,inf
2,115,inf,inf,inf,588.7690548933427,inf
2,116,inf,inf,inf,1284.7898660870578,inf
2,117,inf,inf,inf,1014.9093555584163,inf
2,118,inf,inf,inf,768.6644261314556,inf
2,119,inf,inf,inf,1477.6955031399398,inf
2,120,inf,inf,inf,569.7385365235531,inf
2,121,inf,inf,inf,1030.9025172148918,inf
2,122,inf,inf,inf,1337.0538508227708,inf
2,123,inf,inf,inf,1311.5494653271755,inf
2,124,inf,inf,inf,1296.8781746949094,inf
2,125,inf,inf,inf,1393.2594876762907,inf
2,126,inf,inf,inf,884.0,inf
2,127,inf,inf,inf,135.35139452550905,inf
2,128,inf,inf,inf,427.2821082142336,inf
2,129,inf,inf,inf,162.8649747490233,inf
2,130,inf,inf,inf,1242.4013039271972,inf
2,131,inf,inf,inf,1177.9074666543208,inf
2,132,inf,inf,inf,1362.3233830482393,inf
2,133,inf,inf,inf,1145.2659079881842,inf
2,134,inf,inf,inf,706.606679843886,inf
2,135,inf,inf,inf,962.4853245634449,inf
2,136,inf,inf,inf,881.6399491856072,inf
2,137,inf,inf,inf,1378.3765813448806,inf
2,138,inf,inf,inf,1178.8341698474812,inf
2,139,inf,inf,inf,863.4836419990827,inf
2,140,inf,inf,inf,1203.5302239661453,inf
2,141,inf,inf,inf,320.2577087284551,inf
2,142,inf,inf,inf,783.7327350570474,inf
2,143,inf,inf,inf,587.7159177698014,inf
2,144,inf,inf,inf,259.04825805243314,inf
2,145,inf,inf,inf,1354.307202963936,inf
2,146,inf,inf,inf,1136.570719313145,inf
2,147,inf,inf,inf,1441.3302883100737,inf
2,148,inf,inf,inf,15.297058540778355,inf
2,149,inf,inf,inf,1121.2501950947433,inf
2,150,inf,inf,inf,959.9088498394001,inf
2,151,inf,inf,inf,1138.420836070739,inf
2,152,inf,inf,inf,904.2040698868813,inf
2,153,inf,inf,inf,1357.2973145188198,inf
2,154,inf,inf,inf,1454.7858949000022,inf
2,155,inf,inf,inf,234.47174669882938,inf
2,156,inf,inf,inf,1182.7007229219064,inf
2,157,inf,inf,inf,784.9178300943354,inf
2,158,inf,inf,inf,963.1303130937163,inf
2,159,inf,inf,inf,720.0340269737258,inf
2,160,inf,inf,inf,989.8206908324356,inf
2,161,inf,inf,inf,1388.3317326921544,inf
2,162,inf,inf,inf,763.9378246951777,inf
2,163,inf,inf,inf,1464.7952075290252,inf
2,164,inf,inf,inf,358.82586305894955,inf
2,165,inf,inf,inf,1286.40895519271,inf
2,166,inf,inf,inf,1023.7465506657397,inf
2,167,inf,inf,inf,847.0962164949151,inf
2,168,inf,inf,inf,404.675178383849,inf
2,169,inf,inf,inf,1053.0811934509134,inf
2,170,inf,inf,inf,1264.2883373661248,inf
2,171,inf,inf,inf,1293.4902396230132,inf
2,172,inf,inf,inf,793.7455511686348,inf
2,173,inf,inf,inf,430.359152336743,inf
2,174,inf,inf,inf,1466.9594404754346,inf
2,175,inf,inf,inf,1336.1530600945387,inf
2,176,inf,inf,inf,406.77880967425034,inf
2,177,inf,inf,inf,1443.3755575040059,inf
2,178,inf,inf,inf,702.1524051087484,inf
2,179,inf,inf,inf,643.622560201241,inf
2,180,inf,inf,inf,346.5616828213991,inf
2,181,inf,inf,inf,587.1771453317984,inf
2,182,inf,inf,inf,964.9538849084965,inf
2,183,inf,inf,inf,1044.2882743763812,inf
2,184,inf,inf,inf,424.4997055358225,inf
2,185,inf,inf,inf,712.9039205951949,inf
2,186,inf,inf,inf,1175.422051860522,inf
2,187,inf,inf,inf,1293.856638117222,inf
2,188,inf,inf,inf,134.01492454200763,inf
2,189,inf,inf,inf,915.8384136953417,inf
2,190,inf,inf,inf,1025.639800319781,inf
2,191,inf,inf,inf,1143.0240592393495,inf
2,192,inf,inf,inf,877.1869812075416,inf
2,193,inf,inf,inf,1144.0279716860073,inf
2,194,inf,inf,inf,377.18032822510776,inf
2,195,inf,inf,inf,1228.902762630144,inf
2,196,inf,inf,inf,878.6557915361396,inf
2,197,inf,inf,inf,1203.1413050843196,inf
2,198,inf,inf,inf,643.5503088337383,inf
2,199,inf,inf,inf,667.0629655437334,inf
2,200,inf,inf,inf,1055.2544716796988,inf
2,201,inf,inf,inf,557.4952914599369,inf
2,202,inf,inf,inf,444.05517675171853,inf
3,4,inf,inf,inf,1426.6618379980591,inf
3,5,inf,inf,inf,1052.3863359052132,inf
3,6,inf,inf,inf,1426.8398648762236,inf
3,7,inf,inf,inf,1342.1136315528577,inf
3,8,inf,inf,inf,741.3885620914313,inf
3,9,inf,inf,inf,1045.333439625845,inf
3,10,inf,inf,inf,1118.52849762534,inf
3,11,inf,inf,inf,437.3831272465823,inf
3,12,inf,inf,inf,578.9732290874941,inf
3,13,inf,inf,inf,1145.8621208504974,inf
3,14,inf,inf,inf,972.3399611247087,inf
3,15,inf,inf,inf,1242.4737421772743,inf
3,16,inf,inf,inf,351.00142449853394,inf
3,17,inf,inf,inf,553.1663402630352,inf
3,18,inf,inf,inf,434.0011520722036,inf
3,19,inf,inf,inf,790.2657780772238,inf
3,20,inf,inf,inf,858.4322920300704,inf
3,21,inf,inf,inf,461.3068393163058,inf
3,22,inf,inf,inf,425.6994244769424,inf
3,23,inf,inf,inf,790.3954706347956,inf
3,24,inf,inf,inf,952.4331997573373,inf
3,25,inf,inf,inf,1095.3145666884925,inf
3,26,inf,inf,inf,329.95151158920305,inf
3,27,inf,inf,inf,1205.549252415678,inf
3,28,inf,inf,inf,363.98488979626615,inf
3,29,inf,inf,inf,628.6779779823689,inf
3,30,inf,inf,inf,1367.3715661808974,inf
3,31,inf,inf,inf,1067.2225634796146,inf
3,32,inf,inf,inf,867.0,inf
3,33,inf,inf,inf,64.8459713474939,inf
3,34,inf,inf,inf,619.409396118593,inf
3,35,inf,inf,inf,1084.0857899631376,inf
3,36,inf,inf,inf,1389.8525101607004,inf
3,37,inf,inf,inf,1177.2348958470438,inf
3,38,inf,inf,inf,976.3493227323917,inf
3,39,inf,inf,inf,1281.249780487786,inf
3,40,inf,inf,inf,82.34682750416071,inf
3,41,inf,inf,inf,995.687199877552,inf
3,42,inf,inf,inf,300.1932710771512,inf
3,43,inf,inf,inf,710.8086943756387,inf
3,44,inf,inf,inf,474.4438849853584,inf
3,45,inf,inf,inf,61.587336360651285,inf
3,46,inf,inf,inf,1073.8277329255377,inf
3,47,inf,inf,inf,1072.0074626605917,inf
3,48,inf,inf,inf,836.6749667582985,inf
3,49,inf,inf,inf,706.3065906530959,inf
3,50,inf,inf,inf,665.5478945951223,inf
3,51,inf,inf,inf,1198.2203470146883,inf
3,52,inf,inf,inf,1174.046421569437,inf
3,53,inf,inf,inf,847.5010324477487,inf
3,54,inf,inf,inf,363.85986313414674,inf
3,55,inf,inf,inf,1217.047246412398,inf
3,56,inf,inf,inf,1225.851948646328,inf
3,57,inf,inf,inf,621.0450869300876,inf
3,58,inf,inf,inf,532.8451932784981,inf
3,59,inf,inf,inf,1356.727312321824,inf
3,60,inf,inf,inf,953.0335775826579,inf
3,61,inf,inf,inf,1190.403293006198,inf
3,62,inf,inf,inf,636.0440236335846,inf
3,63,inf,inf,inf,1292.0433429262348,inf
3,64,inf,inf,inf,1021.0837379960568,inf
3,65,inf,inf,inf,239.63305281200255,inf
3,66,inf,inf,inf,1104.4442041135442,inf
3,67,inf,inf,inf,921.0238867695018,inf
3,68,inf,inf,inf,637.200910231616,inf
3,69,inf,inf,inf,757.6080780984321,inf
3,70,inf,inf,inf,1112.5704472077261,inf
3,71,inf,inf,inf,1050.8458497800711,inf
3,72,inf,inf,inf,1377.0439353920412,inf
3,73,inf,inf,inf,1243.6864556631626,inf
3,74,inf,inf,inf,521.1237856786043,inf
3,75,inf,inf,inf,317.9213739275798,inf
3,76,inf,inf,inf,869.1472832610133,inf
3,77,inf,inf,inf,1021.2820374411762,inf
3,78,inf,inf,inf,512.1113160241629,inf
3,79,inf,inf,inf,1244.4798110053855,inf
3,80,inf,inf,inf,925.4642078438258,inf
3,81,inf,inf,inf,1100.5789385591568,inf
3,82,inf,inf,inf,779.5415319275811,inf
3,83,inf,inf,inf,854.1334790300635,inf
3,84,inf,inf,inf,1200.960032640554,inf
3,85,inf,inf,inf,129.71121771072848,inf
3,86,inf,inf,inf,1148.0017421589569,inf
3,87,inf,inf,inf,1428.6476122543306,inf
3,88,inf,inf,inf,1113.2497473613007,inf
3,89,inf,inf,inf,594.4787632876383,inf
3,90,inf,inf,inf,1165.7238094849054,inf
3,91,inf,inf,inf,208.24024587000469,inf
3,92,inf,inf,inf,345.0637622237374,inf
3,93,inf,inf,inf,983.7931693196492,inf
3,94,inf,inf,inf,917.4186612446904,inf
3,95,inf,inf,inf,1087.4764365263277,inf
3,96,inf,inf,inf,1082.3622314179297,inf
3,97,inf,inf,inf,912.5486288412251,inf
3,98,inf,inf,inf,1108.4989851145558,inf
3,99,inf,inf,inf,487.01642682767897,inf
3,100,inf,inf,inf,1039.8547975558895,inf
3,101,inf,inf,inf,1097.823756347074,inf
3,102,inf,inf,inf,1004.8452617194351,inf
3,103,inf,inf,inf,1207.881202767888,inf
3,104,inf,inf,inf,1008.8736293510699,inf
3,105,inf,inf,inf,1392.3135422741532,inf
3,106,inf,inf,inf,895.0558641783205,inf
3,107,inf,inf,inf,534.0009363287671,inf
3,108,inf,inf,inf,886.2336035154614,inf
3,109,inf,inf,inf,1036.3517742542829,inf
3,110,inf,inf,inf,301.3784995649159,inf
3,111,inf,inf,inf,478.2603893278221,inf
3,112,inf,inf,inf,1032.9491759036357,inf
3,113,inf,inf,inf,538.7995916850717,inf
3,114,inf,inf,inf,609.4792859482593,inf
3,115,inf,inf,inf,844.551952220821,inf
3,116,inf,inf,inf,1287.0120434556936,inf
3,117,inf,inf,inf,1202.1663778362793,inf
3,118,inf,inf,inf,955.7928645893942,inf
3,119,inf,inf,inf,1312.364659688762,inf
3,120,inf,inf,inf,723.2378585223536,inf
3,121,inf,inf,inf,1000.6123125366787,inf
3,122,inf,inf,inf,1422.4014904379144,inf
3,123,inf,inf,inf,990.4751385067674,inf
3,124,inf,inf,inf,1248.2123216824932,inf
3,125,inf,inf,inf,1122.3230372758103,inf
3,126,inf,inf,inf,795.0578595297326,inf
3,127,inf,inf,inf,330.3649497147057,inf
3,128,inf,inf,inf,827.0870570864956,inf
3,129,inf,inf,inf,305.4995908344232,inf
3,130,inf,inf,inf,1251.949679499939,inf
3,131,inf,inf,inf,1012.5477766505638,inf
3,132,inf,inf,inf,1212.8157320879375,inf
3,133,inf,inf,inf,1188.5356536511642,inf
3,134,inf,inf,inf,616.0860329531907,inf
3,135,inf,inf,inf,1228.9056106959558,inf
3,136,inf,inf,inf,445.39420741630664,inf
3,137,inf,inf,inf,1313.006092902847,inf
3,138,inf,inf,inf,953.7216575081013,inf
3,139,inf,inf,inf,827.4206910635,inf
3,140,inf,inf,inf,1051.9971482851083,inf
3,141,inf,inf,inf,215.52262062252305,inf
3,142,inf,inf,inf,733.3880282633471,inf
3,143,inf,inf,inf,130.86252328302402,inf
3,144,inf,inf,inf,348.6387815490411,inf
3,145,inf,inf,inf,1187.3403050515888,inf
3,146,inf,inf,inf,1108.073102281614,inf
3,147,inf,inf,inf,1216.3371243203917,inf
3,148,inf,inf,inf,472.3060448480413,inf
3,149,inf,inf,inf,1196.9482027222398,inf
3,150,inf,inf,inf,929.1555305760172,inf
3,151,inf,inf,inf,1000.7122463525666,inf
3,152,inf,inf,inf,1115.8001613192212,inf
3,153,inf,inf,inf,1121.2265605130838,inf
3,154,inf,inf,inf,1414.1898740975344,inf
3,155,inf,inf,inf,665.1345728497354,inf
3,156,inf,inf,inf,1104.0018115927166,inf
3,157,inf,inf,inf,506.6724780368478,inf
3,158,inf,inf,inf,1138.7559000944848,inf
3,159,inf,inf,inf,868.3616758010455,inf
3,160,inf,inf,inf,1053.7029942066217,inf
3,161,inf,inf,inf,1390.4596362354428,inf
3,162,inf,inf,inf,683.8143022780381,inf
3,163,inf,inf,inf,1331.9609603888546,inf
3,164,inf,inf,inf,437.34311472801306,inf
3,165,inf,inf,inf,1270.3027198270497,inf
3,166,inf,inf,inf,611.3018894130788,inf
3,167,inf,inf,inf,681.5020176052305,inf
3,168,inf,inf,inf,764.3906069543241,inf
3,169,inf,inf,inf,645.9543327511628,inf
3,170,inf,inf,inf,1348.4005339660764,inf
3,171,inf,inf,inf,1338.3288086266393,inf
3,172,inf,inf,inf,1112.757385956166,inf
3,173,inf,inf,inf,258.897663179875,inf
3,174,inf,inf,inf,1366.6371135016054,inf
3,175,inf,inf,inf,1267.0193368690157,inf
3,176,inf,inf,inf,648.5260210662329,inf
3,177,inf,inf,inf,1427.398332631785,inf
3,178,inf,inf,inf,786.2474165299368,inf
3,179,inf,inf,inf,755.5190268947566,inf
3,180,inf,inf,inf,131.4838393111488,inf
3,181,inf,inf,inf,147.49237268414933,inf
3,182,inf,inf,inf,991.873479835004,inf
3,183,inf,inf,inf,967.465244853788,inf
3,184,inf,inf,inf,364.5065157167976,inf
3,185,inf,inf,inf,439.36431352580286,inf
3,186,inf,inf,inf,868.9453377514607,inf
3,187,inf,inf,inf,1347.8998479115576,inf
3,188,inf,inf,inf,323.2228333518534,inf
3,189,inf,inf,inf,1061.3241729085416,inf
3,190,inf,inf,inf,1058.800264450288,inf
3,191,inf,inf,inf,1085.3943983640233,inf
3,192,inf,inf,inf,1047.8291845525205,inf
3,193,inf,inf,inf,1117.4708049877634,inf
3,194,inf,inf,inf,443.8468204234429,inf
3,195,inf,inf,inf,1185.568639936128,inf
3,196,inf,inf,inf,709.3553411372892,inf
3,197,inf,inf,inf,1177.8667157195673,inf
3,198,inf,inf,inf,610.9828148156051,inf
3,199,inf,inf,inf,278.10789273229915,inf
3,200,inf,inf,inf,1033.6503277220977,inf
3,201,inf,inf,inf,847.4196127067157,inf
3,202,inf,inf,inf,461.6925383845834,inf
4,5,inf,inf,inf,398.02638103522736,inf
4,6,inf,inf,inf,220.22715545545242,inf
4,7,inf,inf,inf,117.44360348695028,inf
4,8,inf,inf,inf,713.7261379548881,inf
4,9,inf,inf,inf,973.7771819055938,inf
4,10,inf,inf,inf,633.5692543045315,inf
4,11,inf,inf,inf,1220.5326705991938,inf
4,12,inf,inf,inf,847.9681597795993,inf
4,13,inf,inf,inf,298.75073221667594,inf
4,14,inf,inf,inf,752.4234180300344,inf
4,15,inf,inf,inf,496.5571467615787,inf
4,16,inf,inf,inf,1081.5220755953158,inf
4,17,inf,inf,inf,878.8338864654685,inf
4,18,inf,inf,inf,1393.0990632399405,inf
4,19,inf,inf,inf,636.6568934677454,inf
4,20,inf,inf,inf,1155.6928657736016,inf
4,21,inf,inf,inf,1316.179319089918,inf
4,22,inf,inf,inf,1295.1355141451415,inf
4,23,inf,inf,inf,668.5424444266796,inf
4,24,inf,inf,inf,788.2417141968573,inf
4,25,inf,inf,inf,634.647933897212,inf
4,26,inf,inf,inf,1429.2319615793651,inf
4,27,inf,inf,inf,773.7913155366891,inf
4,28,inf,inf,inf,1417.3217701002127,inf
4,29,inf,inf,inf,1228.0488589628671,inf
4,30,inf,inf,inf,358.235955761004,inf
4,31,inf,inf,inf,361.386219991853,inf
4,32,inf,inf,inf,1046.7688379007086,inf
4,33,inf,inf,inf,1389.685216155083,inf
4,34,inf,inf,inf,936.8244232512302,inf
4,35,inf,inf,inf,451.4000443065995,inf
4,36,inf,inf,inf,319.6904753038476,inf
4,37,inf,inf,inf,255.7381473304286,inf
4,38,inf,inf,inf,670.4580523791179,inf
4,39,inf,inf,inf,478.4150917352002,inf
4,40,inf,inf,inf,1473.9026426463859,inf
4,41,inf,inf,inf,432.6719311441407,inf
4,42,inf,inf,inf,1218.1198627392955,inf
4,43,inf,inf,inf,728.3632335586414,inf
4,44,inf,inf,inf,1018.147828166421,inf
4,45,inf,inf,inf,1473.2308033706056,inf
4,46,inf,inf,inf,522.8097168186529,inf
4,47,inf,inf,inf,612.800130548289,inf
4,48,inf,inf,inf,623.3434045532206,inf
4,49,inf,inf,inf,743.0430673924628,inf
4,50,inf,inf,inf,770.2324324513997,inf
4,51,inf,inf,inf,246.3331078032346,inf
4,52,inf,inf,inf,880.4731682453476,inf
4,53,inf,inf,inf,676.6165827113609,inf
4,54,inf,inf,inf,1439.1587820668017,inf
4,55,inf,inf,inf,506.48593267730547,inf
4,56,inf,inf,inf,363.6880531444496,inf
4,57,inf,inf,inf,899.8427640426966,inf
4,58,inf,inf,inf,898.5410396860012,inf
4,59,inf,inf,inf,412.8353182565658,inf
4,60,inf,inf,inf,655.9031940766869,inf
4,61,inf,inf,inf,286.34245231889736,inf
4,62,inf,inf,inf,887.2722242919588,inf
4,63,inf,inf,inf,138.92443989449805,inf
4,64,inf,inf,inf,406.3889762284405,inf
4,65,inf,inf,inf,1211.96864645914,inf
4,66,inf,inf,inf,323.3032632065442,inf
4,67,inf,inf,inf,511.68056441494826,inf
4,68,inf,inf,inf,1248.626845778994,inf
4,69,inf,inf,inf,857.6770954152851,inf
4,70,inf,inf,inf,315.53922101697594,inf
4,71,inf,inf,inf,690.229671920876,inf
4,72,inf,inf,inf,158.47397262642215,inf
4,73,inf,inf,inf,183.84776310850236,inf
4,74,inf,inf,inf,1391.3453920576299,inf
4,75,inf,inf,inf,1165.2682094693907,inf
4,76,inf,inf,inf,579.9284438618268,inf
4,77,inf,inf,inf,430.40097583532497,inf
4,78,inf,inf,inf,1090.802456909591,inf
4,79,inf,inf,inf,216.00462958001617,inf
4,80,inf,inf,inf,576.4512121593639,inf
4,81,inf,inf,inf,721.2336653262936,inf
4,82,inf,inf,inf,1221.0376734564745,inf
4,83,inf,inf,inf,940.4786015641185,inf
4,84,inf,inf,inf,343.3729750577351,inf
4,85,inf,inf,inf,1473.1615661562719,inf
4,86,inf,inf,inf,348.45946679635495,inf
4,87,inf,inf,inf,33.734255586866,inf
4,88,inf,inf,inf,331.4045865705543,inf
4,89,inf,inf,inf,882.6193970222952,inf
4,90,inf,inf,inf,264.06817301598466,inf
4,91,inf,inf,inf,1466.3069255786797,inf
4,92,inf,inf,inf,1327.1175531956467,inf
4,93,inf,inf,inf,647.1483601153602,inf
4,94,inf,inf,inf,523.550379619765,inf
4,95,inf,inf,inf,575.8515433686013,inf
4,96,inf,inf,inf,804.0795980498448,inf
4,97,inf,inf,inf,1116.4555521828893,inf
4,98,inf,inf,inf,444.2994485704433,inf
4,99,inf,inf,inf,960.7918609147353,inf
4,100,inf,inf,inf,481.54958207852286,inf
4,101,inf,inf,inf,727.7616368015011,inf
4,102,inf,inf,inf,689.4243975955594,inf
4,103,inf,inf,inf,603.7921827913972,inf
4,104,inf,inf,inf,1062.040488870363,inf
4,105,inf,inf,inf,326.553211590393,inf
4,106,inf,inf,inf,531.8956664610081,inf
4,107,inf,inf,inf,1031.40923013128,inf
4,108,inf,inf,inf,1111.5403726361,inf
4,109,inf,inf,inf,452.142676596669,inf
4,110,inf,inf,inf,1454.5903203307796,inf
4,111,inf,inf,inf,1269.9956692839546,inf
4,112,inf,inf,inf,394.202993392998,inf
4,113,inf,inf,inf,1083.3249743267254,inf
4,114,inf,inf,inf,910.6464736658238,inf
4,115,inf,inf,inf,910.0549433962765,inf
4,116,inf,inf,inf,140.18559127100045,inf
4,117,inf,inf,inf,580.0758571083613,inf
4,118,inf,inf,inf,712.0449424018121,inf
4,119,inf,inf,inf,561.2316812155208,inf
4,120,inf,inf,inf,848.4273687240411,inf
4,121,inf,inf,inf,427.6178200215702,inf
4,122,inf,inf,inf,222.4275162833951,inf
4,123,inf,inf,inf,1041.0019212278141,inf
4,124,inf,inf,inf,237.7940285204824,inf
4,125,inf,inf,inf,887.0811687776942,inf
4,126,inf,inf,inf,642.4305409925652,inf
4,127,inf,inf,inf,1441.403829605014,inf
4,128,inf,inf,inf,1225.416255808613,inf
4,129,inf,inf,inf,1448.8402258358235,inf
4,130,inf,inf,inf,175.4821928287882,inf
4,131,inf,inf,inf,596.1618907645808,inf
4,132,inf,inf,inf,507.71054745789945,inf
4,133,inf,inf,inf,269.3640659033792,inf
4,134,inf,inf,inf,811.1781555244199,inf
4,135,inf,inf,inf,795.7518457408692,inf
4,136,inf,inf,inf,1390.0920832808163,inf
4,137,inf,inf,inf,252.54900514553606,inf
4,138,inf,inf,inf,753.6822938082067,inf
4,139,inf,inf,inf,599.2603774654219,inf
4,140,inf,inf,inf,550.7177135338939,inf
4,141,inf,inf,inf,1268.770270774028,inf
4,142,inf,inf,inf,693.3065699962751,inf
4,143,inf,inf,inf,1467.8313935871518,inf
4,144,inf,inf,inf,1204.1233325536052,inf
4,145,inf,inf,inf,560.8074535881277,inf
4,146,inf,inf,inf,324.45955063767195,inf
4,147,inf,inf,inf,745.401905015006,inf
4,148,inf,inf,inf,1411.8941178431194,inf
4,149,inf,inf,inf,316.16609558901155,inf
4,150,inf,inf,inf,497.76500479644005,inf
4,151,inf,inf,inf,545.4731890753202,inf
4,152,inf,inf,inf,676.7170752980894,inf
4,153,inf,inf,inf,771.8892407593204,inf
4,154,inf,inf,inf,172.07265907168403,inf
4,155,inf,inf,inf,1325.6273986305503,inf
4,156,inf,inf,inf,382.4133888869478,inf
4,157,inf,inf,inf,1019.6259117931438,inf
4,158,inf,inf,inf,578.3536980084073,inf
4,159,inf,inf,inf,713.4647853958876,inf
4,160,inf,inf,inf,425.72526352097077,inf
4,161,inf,inf,inf,48.27007354458868,inf
4,162,inf,inf,inf,744.071233149085,inf
4,163,inf,inf,inf,457.75539319597317,inf
4,164,inf,inf,inf,1079.5059054956578,inf
4,165,inf,inf,inf,168.94081803992782,inf
4,166,inf,inf,inf,1318.4179913820958,inf
4,167,inf,inf,inf,788.8605706967487,inf
4,168,inf,inf,inf,1146.1801778080094,inf
4,169,inf,inf,inf,1303.0982311399246,inf
4,170,inf,inf,inf,238.53720883753127,inf
4,171,2.0,184.02439999999999,184.0243866176396,139.31259813814398,1.320945765688462
4,172,inf,inf,inf,963.8324543197328,inf
4,173,inf,inf,inf,1174.1379816699568,inf
4,174,inf,inf,inf,357.1064267133819,inf
4,175,inf,inf,inf,275.77164466275354,inf
4,176,inf,inf,inf,1023.887689153454,inf
4,177,inf,inf,inf,95.88534820294495,inf
4,178,inf,inf,inf,710.2091241317588,inf
4,179,inf,inf,inf,769.7564549907977,inf
4,180,inf,inf,inf,1470.2720836634287,inf
4,181,inf,inf,inf,1379.9775360490473,inf
4,182,inf,inf,inf,450.809272309255,inf
4,183,inf,inf,inf,484.2323822298546,inf
4,184,inf,inf,inf,1085.8291762519555,inf
4,185,inf,inf,inf,1051.2016933015282,inf
4,186,inf,inf,inf,984.4643213443543,inf
4,187,inf,inf,inf,155.72411502397438,inf
4,188,inf,inf,inf,1399.094349927838,inf
4,189,inf,inf,inf,558.2338219778519,inf
4,190,inf,inf,inf,387.3938564303776,inf
4,191,inf,inf,inf,368.2404106015525,inf
4,192,inf,inf,inf,618.9426467775507,inf
4,193,inf,inf,inf,314.6505998723028,inf
4,194,inf,inf,inf,1063.0841923384996,inf
4,195,inf,inf,inf,271.53084539329967,inf
4,196,inf,inf,inf,772.0783638983804,inf
4,197,inf,inf,inf,258.4143958838207,inf
4,198,inf,inf,inf,822.4937689733582,inf
4,199,inf,inf,inf,1264.3243254798192,inf
4,200,inf,inf,inf,393.6356183070836,inf
4,201,inf,inf,inf,973.1700776328873,inf
4,202,inf,inf,inf,1010.0079207610206,inf
5,6,inf,inf,inf,495.1009997970111,inf
5,7,inf,inf,inf,296.1621177666043,inf
5,8,inf,inf,inf,319.6623218335248,inf
5,9,inf,inf,inf,660.5671805350308,inf
5,10,inf,inf,inf,363.79252328765637,inf
5,11,inf,inf,inf,916.790597683026,inf
5,12,inf,inf,inf,484.90514536350304,inf
5,13,inf,inf,inf,99.40321926376429,inf
5,14,inf,inf,inf,627.5938176878418,inf
5,15,inf,inf,inf,330.9924470437354,inf
5,16,inf,inf,inf,702.0035612445282,inf
5,17,inf,inf,inf,526.4598750142312,inf
5,18,inf,inf,inf,995.1130589033589,inf
5,19,inf,inf,inf,275.61023203067043,inf
5,20,inf,inf,inf,793.5017328273454,inf
5,21,inf,inf,inf,1020.155380322037,inf
5,22,inf,inf,inf,897.1114757932818,inf
5,23,inf,inf,inf,272.69396766338633,inf
5,24,inf,inf,inf,654.1712314065791,inf
5,25,inf,inf,inf,581.6227299547362,inf
5,26,inf,inf,inf,1032.3531372548834,inf
5,27,inf,inf,inf,538.7132818113918,inf
5,28,inf,inf,inf,1019.7274145574395,inf
5,29,inf,inf,inf,837.3655115897717,inf
5,30,inf,inf,inf,536.6600413669719,inf
5,31,inf,inf,inf,86.28441342444185,inf
5,32,inf,inf,inf,875.3170854039123,inf
5,33,inf,inf,inf,1022.0078277586723,inf
5,34,inf,inf,inf,539.181787526248,inf
5,35,inf,inf,inf,370.6656175045104,inf
5,36,inf,inf,inf,365.1643465619282,inf
5,37,inf,inf,inf,145.4269576110289,inf
5,38,inf,inf,inf,325.44277530773365,inf
5,39,inf,inf,inf,565.7296173968621,inf
5,40,inf,inf,inf,1092.6417528174547,inf
5,41,inf,inf,inf,156.58863304850706,inf
5,42,inf,inf,inf,825.2302708941305,inf
5,43,inf,inf,inf,401.3103537164223,inf
5,44,inf,inf,inf,623.0971031869752,inf
5,45,inf,inf,inf,1103.1998912255203,inf
5,46,inf,inf,inf,447.4203839790941,inf
5,47,inf,inf,inf,314.1926160812822,inf
5,48,inf,inf,inf,350.13711599886125,inf
5,49,inf,inf,inf,427.61197363965385,inf
5,50,inf,inf,inf,386.9431482789171,inf
5,51,inf,inf,inf,250.01799935204664,inf
5,52,inf,inf,inf,848.2369951847184,inf
5,53,inf,inf,inf,284.1918366174511,inf
5,54,inf,inf,inf,1119.4896158517952,inf
5,55,inf,inf,inf,544.0744434358224,inf
5,56,inf,inf,inf,422.0426518730068,inf
5,57,inf,inf,inf,501.8246705772844,inf
5,58,inf,inf,inf,519.5546169557152,inf
5,59,inf,inf,inf,374.5130171302461,inf
5,60,inf,inf,inf,297.6071235706565,inf
5,61,inf,inf,inf,296.31908477180474,inf
5,62,inf,inf,inf,489.25351301753574,inf
5,63,inf,inf,inf,259.47061490658245,inf
5,64,inf,inf,inf,140.11780757633915,inf
5,65,inf,inf,inf,854.5671418911448,inf
5,66,inf,inf,inf,151.10923201446033,inf
5,67,inf,inf,inf,137.7679207943562,inf
5,68,inf,inf,inf,858.6337985427781,inf
5,69,inf,inf,inf,469.046905969968,inf
5,70,inf,inf,inf,111.36426715962351,inf
5,71,inf,inf,inf,383.5413928117798,inf
5,72,inf,inf,inf,324.6798423062325,inf
5,73,inf,inf,inf,221.22612865572637,inf
5,74,inf,inf,inf,1106.4542466817143,inf
5,75,inf,inf,inf,821.9884427411373,inf
5,76,inf,inf,inf,185.9247159470736,inf
5,77,inf,inf,inf,240.41630560342617,inf
5,78,inf,inf,inf,692.8470249629423,inf
5,79,inf,inf,inf,193.96133635340834,inf
5,80,inf,inf,inf,186.00268815261785,inf
5,81,inf,inf,inf,668.3838717383895,inf
5,82,inf,inf,inf,845.9515352548277,inf
5,83,inf,inf,inf,576.3896251668657,inf
5,84,inf,inf,inf,376.1515651967967,inf
5,85,inf,inf,inf,1087.3398732687035,inf
5,86,inf,inf,inf,112.0044641967453,inf
5,87,inf,inf,inf,391.0818328687744,inf
5,88,inf,inf,inf,66.64833081180653,inf
5,89,inf,inf,inf,487.03182647543684,inf
5,90,inf,inf,inf,193.77564346429094,inf
5,91,inf,inf,inf,1118.569175330699,inf
5,92,inf,inf,inf,929.9634401416004,inf
5,93,inf,inf,inf,519.4246817393259,inf
5,94,inf,inf,inf,135.03332921912278,inf
5,95,inf,inf,inf,516.4281169727303,inf
5,96,inf,inf,inf,736.5548180549769,inf
5,97,inf,inf,inf,765.1888655750291,inf
5,98,inf,inf,inf,388.4906691286163,inf
5,99,inf,inf,inf,618.3672048225068,inf
5,100,inf,inf,inf,131.7459676802292,inf
5,101,inf,inf,inf,673.0289741162709,inf
5,102,inf,inf,inf,580.2732115133354,inf
5,103,inf,inf,inf,624.0064102234847,inf
5,104,inf,inf,inf,942.3698849178065,inf
5,105,inf,inf,inf,369.78912909927465,inf
5,106,inf,inf,inf,199.28873525616044,inf
5,107,inf,inf,inf,735.8328614570023,inf
5,108,inf,inf,inf,943.972986901638,inf
5,109,inf,inf,inf,82.37718130647589,inf
5,110,inf,inf,inf,1122.832133491022,inf
5,111,inf,inf,inf,872.4608873754743,inf
5,112,inf,inf,inf,100.2845950283492,inf
5,113,inf,inf,inf,685.7885971638782,inf
5,114,inf,inf,inf,512.659731205797,inf
5,115,inf,inf,inf,728.9204346154661,inf
5,116,inf,inf,inf,262.68802789621,inf
5,117,inf,inf,inf,599.4038705247073,inf
5,118,inf,inf,inf,574.1437102328998,inf
5,119,inf,inf,inf,431.1496260000697,inf
5,120,inf,inf,inf,599.0826320300064,inf
5,121,inf,inf,inf,97.0051545022222,inf
5,122,inf,inf,inf,492.82958515089166,inf
5,123,inf,inf,inf,709.7323439156482,inf
5,124,inf,inf,inf,196.0025510038071,inf
5,125,inf,inf,inf,605.1793122703386,inf
5,126,inf,inf,inf,257.3285837212804,inf
5,127,inf,inf,inf,1115.4308584578428,inf
5,128,inf,inf,inf,1031.1799067088148,inf
5,129,inf,inf,inf,1118.079156410672,inf
5,130,inf,inf,inf,244.3215094910802,inf
5,131,inf,inf,inf,258.58847615468096,inf
5,132,inf,inf,inf,315.7356489216889,inf
5,133,inf,inf,inf,268.5218799278748,inf
5,134,inf,inf,inf,440.70965498840616,inf
5,135,inf,inf,inf,800.9444425177068,inf
5,136,inf,inf,inf,992.1819389607937,inf
5,137,inf,inf,inf,268.3430640057611,inf
5,138,inf,inf,inf,408.16663263917104,inf
5,139,inf,inf,inf,249.22680433693324,inf
5,140,inf,inf,inf,231.42385356743154,inf
5,141,inf,inf,inf,916.5047735827676,inf
5,142,inf,inf,inf,335.17905662496275,inf
5,143,inf,inf,inf,1081.7633752350835,inf
5,144,inf,inf,inf,876.184911990614,inf
5,145,inf,inf,inf,341.5406271587613,inf
5,146,inf,inf,inf,86.83893136145792,inf
5,147,inf,inf,inf,519.4429708832337,inf
5,148,inf,inf,inf,1115.2936832960186,inf
5,149,inf,inf,inf,341.9766073871135,inf
5,150,inf,inf,inf,155.92626462530293,inf
5,151,inf,inf,inf,187.21111078138497,inf
5,152,inf,inf,inf,634.9716529105847,inf
5,153,inf,inf,inf,497.44346412431634,inf
5,154,inf,inf,inf,362.0220987729893,inf
5,155,inf,inf,inf,1079.1834876423934,inf
5,156,inf,inf,inf,77.10382610480494,inf
5,157,inf,inf,inf,622.2684308238688,inf
5,158,inf,inf,inf,555.5411775917245,inf
5,159,inf,inf,inf,518.2557283812694,inf
5,160,inf,inf,inf,292.0359566902678,inf
5,161,inf,inf,inf,354.39667041325316,inf
5,162,inf,inf,inf,372.9785516621566,inf
5,163,inf,inf,inf,378.3556527924487,inf
5,164,inf,inf,inf,757.7136662354718,inf
5,165,inf,inf,inf,229.78685776170926,inf
5,166,inf,inf,inf,926.451833610361,inf
5,167,inf,inf,inf,392.75692228145385,inf
5,168,inf,inf,inf,936.2585113097771,inf
5,169,inf,inf,inf,913.6049474471994,inf
5,170,inf,inf,inf,439.2095172010734,inf
5,171,inf,inf,inf,362.9008128952042,inf
5,172,inf,inf,inf,895.0318430089512,inf
5,173,inf,inf,inf,809.8919681043886,inf
5,174,inf,inf,inf,357.4688797643789,inf
5,175,inf,inf,inf,224.44821228960592,inf
5,176,inf,inf,inf,770.6523210890888,inf
5,177,inf,inf,inf,378.76245854097,inf
5,178,inf,inf,inf,449.92888326934514,inf
5,179,inf,inf,inf,514.4706016868214,inf
5,180,inf,inf,inf,1110.8451737303449,inf
5,181,inf,inf,inf,992.6414256920774,inf
5,182,inf,inf,inf,223.28905033610582,inf
5,183,inf,inf,inf,87.36131867136622,inf
5,184,inf,inf,inf,735.7295698828476,inf
5,185,inf,inf,inf,657.0007610345668,inf
5,186,inf,inf,inf,624.7919653772766,inf
5,187,inf,inf,inf,384.94804844290354,inf
5,188,inf,inf,inf,1073.257657787728,inf
5,189,inf,inf,inf,477.12681752339176,inf
5,190,inf,inf,inf,220.7826985975124,inf
5,191,inf,inf,inf,33.015148038438355,inf
5,192,inf,inf,inf,533.4838329321705,inf
5,193,inf,inf,inf,95.42536350467836,inf
5,194,inf,inf,inf,739.7303562785564,inf
5,195,inf,inf,inf,134.16407864998737,inf
5,196,inf,inf,inf,374.55306700119274,inf
5,197,inf,inf,inf,140.45995870709916,inf
5,198,inf,inf,inf,476.3538600662327,inf
5,199,inf,inf,inf,871.0206656561026,inf
5,200,inf,inf,inf,98.08159868191383,inf
5,201,inf,inf,inf,795.0503128733426,inf
5,202,inf,inf,inf,677.3544124016614,inf
6,7,inf,inf,inf,306.71974178392884,inf
6,8,inf,inf,inf,772.8188662293384,inf
6,9,inf,inf,inf,1134.8101162749651,inf
6,10,inf,inf,inf,803.72258895716,inf
6,11,inf,inf,inf,1159.2583836229092,inf
6,12,inf,inf,inf,856.117982523437,inf
6,13,inf,inf,inf,410.23895475685873,inf
6,14,inf,inf,inf,620.3458712686013,inf
6,15,inf,inf,inf,687.3870816359586,inf
6,16,inf,inf,inf,1098.3050578049797,inf
6,17,inf,inf,inf,874.6113422543752,inf
6,18,inf,inf,inf,1459.4947755987343,inf
6,19,inf,inf,inf,662.0996903790244,inf
6,20,inf,inf,inf,1287.7926851787906,inf
6,21,inf,inf,inf,1246.0064205292042,inf
6,22,inf,inf,inf,1360.795355665208,inf
6,23,inf,inf,inf,735.0625823696919,inf
6,24,inf,inf,inf,657.0121764472863,inf
6,25,inf,inf,inf,483.0424411995285,inf
6,26,inf,inf,inf,1479.3471533078366,inf
6,27,inf,inf,inf,959.414925879309,inf
6,28,inf,inf,inf,1472.8031097196936,inf
6,29,inf,inf,inf,1325.2456376083642,inf
6,30,inf,inf,inf,150.6286825275983,inf
6,31,inf,inf,inf,425.6994244769424,inf
6,32,inf,inf,inf,915.589973732784,inf
6,33,inf,inf,inf,1382.0003617944533,inf
6,34,inf,inf,inf,1014.5994283459852,inf
6,35,inf,inf,inf,357.7401291440478,inf
6,36,inf,inf,inf,533.9007398384085,inf
6,37,inf,inf,inf,357.76249104678374,inf
6,38,inf,inf,inf,810.1715867641866,inf
6,39,inf,inf,inf,288.20999288713085,inf
6,40,inf,inf,inf,1483.7321186791098,inf
6,41,inf,inf,inf,455.1318490283887,inf
6,42,inf,inf,inf,1256.6702033548818,inf
6,43,inf,inf,inf,716.3413990549478,inf
6,44,inf,inf,inf,1068.0004681646915,inf
6,45,inf,inf,inf,1466.7600349068691,inf
6,46,inf,inf,inf,403.74496900890296,inf
6,47,inf,inf,inf,771.6683225324207,inf
6,48,inf,inf,inf,591.0676780200386,inf
6,49,inf,inf,inf,721.052702650784,inf
6,50,inf,inf,inf,807.0749655391376,inf
6,51,inf,inf,inf,253.62176562747922,inf
6,52,inf,inf,inf,699.4004575348804,inf
6,53,inf,inf,inf,776.073450132138,inf
6,54,inf,inf,inf,1383.3734130739972,inf
6,55,inf,inf,inf,333.66450215748154,inf
6,56,inf,inf,inf,224.28776159211185,inf
6,57,inf,inf,inf,970.9340863313018,inf
6,58,inf,inf,inf,922.1561689865769,inf
6,59,inf,inf,inf,622.0972592770362,inf
6,60,inf,inf,inf,787.4674596451589,inf
6,61,inf,inf,inf,239.70815588961506,inf
6,62,inf,inf,inf,960.554006810653,inf
6,63,inf,inf,inf,278.5677655436824,inf
6,64,inf,inf,inf,436.4263970018312,inf
6,65,inf,inf,inf,1197.3637709568468,inf
6,66,inf,inf,inf,363.2478492709902,inf
6,67,inf,inf,inf,566.467121729055,inf
6,68,inf,inf,inf,1347.0920532762414,inf
6,69,inf,inf,inf,961.3168052208388,inf
6,70,inf,inf,inf,386.26027494424017,inf
6,71,inf,inf,inf,848.7337627312819,inf
6,72,inf,inf,inf,369.48883609657275,inf
6,73,inf,inf,inf,288.9221348391293,inf
6,74,inf,inf,inf,1311.1468262555495,inf
6,75,inf,inf,inf,1138.3716440600583,inf
6,76,inf,inf,inf,648.3463580525458,inf
6,77,inf,inf,inf,407.7070026379238,inf
6,78,inf,inf,inf,1161.9302905079978,inf
6,79,inf,inf,inf,369.3589040486232,inf
6,80,inf,inf,inf,680.391064021273,inf
6,81,inf,inf,inf,559.4658166501328,inf
6,82,inf,inf,inf,1340.8463744963478,inf
6,83,inf,inf,inf,1070.420478129973,inf
6,84,inf,inf,inf,232.94849216082082,inf
6,85,inf,inf,inf,1491.077798104445,inf
6,86,inf,inf,inf,492.11787205912367,inf
6,87,inf,inf,inf,253.9488137400921,inf
6,88,inf,inf,inf,435.19765624368887,inf
6,89,inf,inf,inf,938.512120326637,inf
6,90,inf,inf,inf,305.522503262853,inf
6,91,inf,inf,inf,1434.897905775878,inf
6,92,inf,inf,inf,1380.3322063909109,inf
6,93,inf,inf,inf,530.2235377649695,inf
6,94,inf,inf,inf,589.956778077852,inf
6,95,inf,inf,inf,436.86725672680024,inf
6,96,inf,inf,inf,641.4265351542607,inf
6,97,inf,inf,inf,1256.8408809391904,inf
6,98,inf,inf,inf,339.01327407639957,inf
6,99,inf,inf,inf,942.5884573874221,inf
6,100,inf,inf,inf,610.9026108963686,inf
6,101,inf,inf,inf,566.1740015225001,inf
6,102,inf,inf,inf,557.1373259798701,inf
6,103,inf,inf,inf,424.08607616850617,inf
6,104,inf,inf,inf,906.5020683925658,inf
6,105,inf,inf,inf,541.0073936648186,inf
6,106,inf,inf,inf,554.4555888436873,inf
6,107,inf,inf,inf,972.8951639308318,inf
6,108,inf,inf,inf,975.443488880827,inf
6,109,inf,inf,inf,569.4216363996015,inf
6,110,inf,inf,inf,1408.586880529561,inf
6,111,inf,inf,inf,1343.7458837146255,inf
6,112,inf,inf,inf,444.9629198034371,inf
6,113,inf,inf,inf,1159.4658252833501,inf
6,114,inf,inf,inf,980.3188256888674,inf
6,115,inf,inf,inf,792.0227269466451,inf
6,116,inf,inf,inf,261.83964558485025,inf
6,117,inf,inf,inf,403.7078151336682,inf
6,118,inf,inf,inf,591.0972847171606,inf
6,119,inf,inf,inf,763.4166621184005,inf
6,120,inf,inf,inf,773.1655708837532,inf
6,121,inf,inf,inf,480.067703558571,inf
6,122,inf,inf,inf,5.0990195135927845,inf
6,123,inf,inf,inf,1193.4592577880487,inf
6,124,inf,inf,inf,403.98267289575676,inf
6,125,inf,inf,inf,1059.9325450235028,inf
6,126,inf,inf,inf,691.5583850984673,inf
6,127,inf,inf,inf,1390.7627403694707,inf
6,128,inf,inf,inf,1097.896625370531,inf
6,129,inf,inf,inf,1402.1076991443988,inf
6,130,inf,inf,inf,258.18210627384695,inf
6,131,inf,inf,inf,737.5181353702429,inf
6,132,inf,inf,inf,692.9314540414514,inf
6,133,inf,inf,inf,249.897979183506,inf
6,134,inf,inf,inf,829.6083413274001,inf
6,135,inf,inf,inf,606.2153082857608,inf
6,136,inf,inf,inf,1458.2318059897061,inf
6,137,inf,inf,inf,450.05888503616944,inf
6,138,inf,inf,inf,894.709450045097,inf
6,139,inf,inf,inf,621.1674492437606,inf
6,140,inf,inf,inf,698.1418194034791,inf
6,141,inf,inf,inf,1247.070968309342,inf
6,142,inf,inf,inf,709.7393887899981,inf
6,143,inf,inf,inf,1486.3098600224653,inf
6,144,inf,inf,inf,1162.3446132709526,inf
6,145,inf,inf,inf,742.445284179245,inf
6,146,inf,inf,inf,408.3944171998437,inf
6,147,inf,inf,inf,932.8000857632894,inf
6,148,inf,inf,inf,1339.2927237911808,inf
6,149,inf,inf,inf,230.41918322917473,inf
6,150,inf,inf,inf,534.0580492792894,inf
6,151,inf,inf,inf,674.0867896643576,inf
6,152,inf,inf,inf,514.7756793011885,inf
6,153,inf,inf,inf,945.0105819513345,inf
6,154,inf,inf,inf,390.1858531520588,inf
6,155,inf,inf,inf,1223.1320452019888,inf
6,156,inf,inf,inf,512.2694603428941,inf
6,157,inf,inf,inf,1079.839339902006,inf
6,158,inf,inf,inf,421.1662379631112,inf
6,159,inf,inf,inf,622.3214603402329,inf
6,160,inf,inf,inf,373.48360071092816,inf
6,161,inf,inf,inf,251.87695408671274,inf
6,162,inf,inf,inf,768.1783647044481,inf
6,163,inf,inf,inf,663.3309882705616,inf
6,164,inf,inf,inf,1037.9426766445245,inf
6,165,inf,inf,inf,313.4278226322609,inf
6,166,inf,inf,inf,1412.2528102291035,inf
6,167,inf,inf,inf,850.2076217018994,inf
6,168,inf,inf,inf,1029.9344639344777,inf
6,169,inf,inf,inf,1402.2442725859144,inf
6,170,inf,inf,inf,79.2464510246358,inf
6,171,inf,inf,inf,137.88400922514546,inf
6,172,inf,inf,inf,792.2101993789274,inf
6,173,inf,inf,inf,1168.2893477217021,inf
6,174,inf,inf,inf,568.0220066159409,inf
6,175,inf,inf,inf,459.6977267727131,inf
6,176,inf,inf,inf,938.3869138047482,inf
6,177,inf,inf,inf,315.7625690293262,inf
6,178,inf,inf,inf,656.6589678059685,inf
6,179,inf,inf,inf,705.9072176993234,inf
6,180,inf,inf,inf,1451.0933808683712,inf
6,181,inf,inf,inf,1402.4984848476665,inf
6,182,inf,inf,inf,439.7419697959248,inf
6,183,inf,inf,inf,568.0818602983201,inf
6,184,inf,inf,inf,1068.5284273242337,inf
6,185,inf,inf,inf,1097.4629834304208,inf
6,186,inf,inf,inf,1118.07423724903,inf
6,187,inf,inf,inf,112.29425630903836,inf
6,188,inf,inf,inf,1349.435808032379,inf
6,189,inf,inf,inf,433.84905209070126,inf
6,190,inf,inf,inf,374.33941817553756,inf
6,191,inf,inf,inf,474.663038375646,inf
6,192,inf,inf,inf,485.3143311298359,inf
6,193,inf,inf,inf,399.67611887627214,inf
6,194,inf,inf,inf,1023.5506826728221,inf
6,195,inf,inf,inf,404.82712359722143,inf
6,196,inf,inf,inf,840.8715716445645,inf
6,197,inf,inf,inf,367.03405836516043,inf
6,198,inf,inf,inf,816.766796582721,inf
6,199,inf,inf,inf,1303.1162649587334,inf
6,200,inf,inf,inf,445.53899941531495,inf
6,201,inf,inf,inf,849.3997880856812,inf
6,202,inf,inf,inf,980.7466543404571,inf
7,8,inf,inf,inf,615.6947295535346,inf
7,9,inf,inf,inf,856.8062791553292,inf
7,10,inf,inf,inf,517.1160411358363,inf
7,11,inf,inf,inf,1164.5913446355335,inf
7,12,inf,inf,inf,766.627027960794,inf
7,13,inf,inf,inf,197.9520143873257,inf
7,14,inf,inf,inf,744.8288393986903,inf
7,15,inf,inf,inf,385.25316351718647,inf
7,16,inf,inf,inf,993.4913185327791,inf
7,17,inf,inf,inf,802.0623417166523,inf
7,18,inf,inf,inf,1287.2769709740014,inf
7,19,inf,inf,inf,553.5205506573355,inf
7,20,inf,inf,inf,1038.8094146666174,inf
7,21,inf,inf,inf,1263.615843522073,inf
7,22,inf,inf,inf,1189.884448171334,inf
7,23,inf,inf,inf,568.8532323895154,inf
7,24,inf,inf,inf,779.0173297173818,inf
7,25,inf,inf,inf,643.6932499257701,inf
7,26,inf,inf,inf,1327.759390853629,inf
7,27,inf,inf,inf,661.2866246946176,inf
7,28,inf,inf,inf,1314.3591594385455,inf
7,29,inf,inf,inf,1115.7799962358172,inf
7,30,inf,inf,inf,422.43579393796637,inf
7,31,inf,inf,inf,277.0072201225087,inf
7,32,inf,inf,inf,1031.8081216970527,inf
7,33,inf,inf,inf,1308.4479355327824,inf
7,34,inf,inf,inf,830.3667864263358,inf
7,35,inf,inf,inf,439.30058046854435,inf
7,36,inf,inf,inf,232.8797973204202,inf
7,37,inf,inf,inf,166.00301202086666,inf
7,38,inf,inf,inf,553.6650612057799,inf
7,39,inf,inf,inf,521.5841255253077,inf
7,40,inf,inf,inf,1385.4710390332957,inf
7,41,inf,inf,inf,362.04972034238614,inf
7,42,inf,inf,inf,1121.3228794597924,inf
7,43,inf,inf,inf,658.6243238751512,inf
7,44,inf,inf,inf,919.2399033984545,inf
7,45,inf,inf,inf,1390.9687271826065,inf
7,46,inf,inf,inf,518.6607754592591,inf
7,47,inf,inf,inf,495.40791273454647,inf
7,48,inf,inf,inf,567.1155085165632,inf
7,49,inf,inf,inf,677.4215821775979,inf
7,50,inf,inf,inf,679.1325349296704,inf
7,51,inf,inf,inf,218.1857007230309,inf
7,52,inf,inf,inf,903.4079919947576,inf
7,53,inf,inf,inf,566.961197966845,inf
7,54,inf,inf,inf,1378.4864888710372,inf
7,55,inf,inf,inf,535.9337645642416,inf
7,56,inf,inf,inf,386.9160115580641,inf
7,57,inf,inf,inf,795.5501241279521,inf
7,58,inf,inf,inf,810.2302141984092,inf
7,59,inf,inf,inf,316.15818825391824,inf
7,60,inf,inf,inf,540.0685141720446,inf
7,61,inf,inf,inf,276.5013562353718,inf
7,62,inf,inf,inf,782.4685297186079,inf
7,63,inf,inf,inf,66.85057965343307,inf
7,64,inf,inf,inf,334.46225497057213,inf
7,65,inf,inf,inf,1135.0158589200416,inf
7,66,inf,inf,inf,256.8462575160479,inf
7,67,inf,inf,inf,421.2220317124925,inf
7,68,inf,inf,inf,1136.0651389775148,inf
7,69,inf,inf,inf,745.5876876665816,inf
7,70,inf,inf,inf,233.4823333787805,inf
7,71,inf,inf,inf,572.880441278981,inf
7,72,inf,inf,inf,74.62573282722254,inf
7,73,inf,inf,inf,114.63420083029322,inf
7,74,inf,inf,inf,1343.1697584445535,inf
7,75,inf,inf,inf,1094.0534721849751,inf
7,76,inf,inf,inf,481.7053041019997,inf
7,77,inf,inf,inf,382.9255802372048,inf
7,78,inf,inf,inf,985.1035478567723,inf
7,79,inf,inf,inf,104.21612159354233,inf
7,80,inf,inf,inf,467.00428263560923,inf
7,81,inf,inf,inf,733.7744885181005,inf
7,82,inf,inf,inf,1105.2610551358443,inf
7,83,inf,inf,inf,824.0345866527691,inf
7,84,inf,inf,inf,354.60682452541715,inf
7,85,inf,inf,inf,1381.8436959367004,inf
7,86,inf,inf,inf,233.60008561642266,inf
7,87,inf,inf,inf,99.40321926376429,inf
7,88,inf,inf,inf,231.1579546543878,inf
7,89,inf,inf,inf,783.1526032645235,inf
7,90,inf,inf,inf,209.46837470128995,inf
7,91,inf,inf,inf,1394.3790732795728,inf
7,92,inf,inf,inf,1225.1889650172336,inf
7,93,inf,inf,inf,634.647933897212,inf
7,94,inf,inf,inf,427.9369112380936,inf
7,95,inf,inf,inf,579.9672404541484,inf
7,96,inf,inf,inf,814.8772913758243,inf
7,97,inf,inf,inf,999.1406307422394,inf
7,98,inf,inf,inf,439.2413914921953,inf
7,99,inf,inf,inf,888.5820164734373,inf
7,100,inf,inf,inf,367.4629232997528,inf
7,101,inf,inf,inf,739.9729724794007,inf
7,102,inf,inf,inf,684.2024554179852,inf
7,103,inf,inf,inf,633.2456079595025,inf
7,104,inf,inf,inf,1062.836299718823,inf
7,105,inf,inf,inf,240.14995315427402,inf
7,106,inf,inf,inf,454.440315112997,inf
7,107,inf,inf,inf,976.7097828935676,inf
7,108,inf,inf,inf,1098.677841771645,inf
7,109,inf,inf,inf,341.50549043902646,inf
7,110,inf,inf,inf,1389.2443989449805,inf
7,111,inf,inf,inf,1162.7639485295372,inf
7,112,inf,inf,inf,313.22994748267604,inf
7,113,inf,inf,inf,976.3534196181217,inf
7,114,inf,inf,inf,806.6647382897061,inf
7,115,inf,inf,inf,889.7668233868916,inf
7,116,inf,inf,inf,85.63293758829018,inf
7,117,inf,inf,inf,608.1290981362428,inf
7,118,inf,inf,inf,699.2002574370235,inf
7,119,inf,inf,inf,457.08861285313156,inf
7,120,inf,inf,inf,805.9801486389104,inf
7,121,inf,inf,inf,343.0714211355997,inf
7,122,inf,inf,inf,307.4166553718259,inf
7,123,inf,inf,inf,923.6146382555876,inf
7,124,inf,inf,inf,120.96693763173474,inf
7,125,inf,inf,inf,771.5244649393823,inf
7,126,inf,inf,inf,549.6271463455931,inf
7,127,inf,inf,inf,1378.2982260744589,inf
7,128,inf,inf,inf,1205.6881852286685,inf
7,129,inf,inf,inf,1383.8717426120095,inf
7,130,inf,inf,inf,129.0155029444136,inf
7,131,inf,inf,inf,479.4371700233514,inf
7,132,inf,inf,inf,394.23977475642914,inf
7,133,inf,inf,inf,249.30302846134862,inf
7,134,inf,inf,inf,726.4000275330392,inf
7,135,inf,inf,inf,827.4345895598032,inf
7,136,inf,inf,inf,1283.8321541385385,inf
7,137,inf,inf,inf,143.69411957348845,inf
7,138,inf,inf,inf,636.6223370256498,inf
7,139,inf,inf,inf,519.0009633902426,inf
7,140,inf,inf,inf,433.6231082403243,inf
7,141,inf,inf,inf,1194.2616966142723,inf
7,142,inf,inf,inf,612.1837959306013,inf
7,143,inf,inf,inf,1376.3444336357088,inf
7,144,inf,inf,inf,1139.1382707994671,inf
7,145,inf,inf,inf,446.45492493643746,inf
7,146,inf,inf,inf,234.3608329051593,inf
7,147,inf,inf,inf,633.4705991598979,inf
7,148,inf,inf,inf,1359.6617226354501,inf
7,149,inf,inf,inf,319.85621769789,inf
7,150,inf,inf,inf,416.0012019213406,inf
7,151,inf,inf,inf,430.82246923761994,inf
7,152,inf,inf,inf,690.8871108943921,inf
7,153,inf,inf,inf,656.1905211141045,inf
7,154,2.0,235.03660000000002,235.0365799264593,111.73182178770737,2.103577800539522
7,155,inf,inf,inf,1290.0872063546713,inf
7,156,inf,inf,inf,270.11293934204633,inf
7,157,inf,inf,inf,917.5020435944543,inf
7,158,inf,inf,inf,593.6210912695067,inf
7,159,inf,inf,inf,683.7228970862392,inf
7,160,inf,inf,inf,394.2752845411439,inf
7,161,inf,inf,inf,69.20260110718382,inf
7,162,inf,inf,inf,658.4717154138058,inf
7,163,inf,inf,inf,356.61884414595926,inf
7,164,inf,inf,inf,1015.9852361132026,inf
7,165,inf,inf,inf,73.33484846919642,inf
7,166,inf,inf,inf,1206.5624724812221,inf
7,167,inf,inf,inf,688.8381522534884,inf
7,168,inf,inf,inf,1120.680150622826,inf
7,169,inf,inf,inf,1190.281479314872,inf
7,170,inf,inf,inf,297.5113443215233,inf
7,171,inf,inf,inf,183.3712082089225,inf
7,172,inf,inf,inf,977.8803607803973,inf
7,173,inf,inf,inf,1093.9675497929543,inf
7,174,inf,inf,inf,263.28691574022434,inf
7,175,inf,inf,inf,160.15305179733542,inf
7,176,inf,inf,inf,983.1098616126277,inf
7,177,inf,inf,inf,86.05230967266364,inf
7,178,inf,inf,inf,660.9235961894536,inf
7,179,inf,inf,inf,723.6629049495352,inf
7,180,inf,inf,inf,1393.1435676196477,inf
7,181,inf,inf,inf,1287.5655323128217,inf
7,182,inf,inf,inf,395.3353007258522,inf
7,183,inf,inf,inf,383.5205340004626,inf
7,184,inf,inf,inf,1011.4158393064645,inf
7,185,inf,inf,inf,953.160007553821,inf
7,186,inf,inf,inf,867.6341394850712,inf
7,187,inf,inf,inf,209.45882650296693,inf
7,188,inf,inf,inf,1335.8719998562738,inf
7,189,inf,inf,inf,554.7774328503278,inf
7,190,inf,inf,inf,339.9544087079913,inf
7,191,inf,inf,inf,264.3671689147501,inf
7,192,inf,inf,inf,617.5993847147195,inf
7,193,inf,inf,inf,225.17992805754247,inf
7,194,inf,inf,inf,998.8598500290218,inf
7,195,inf,inf,inf,163.41358572652396,inf
7,196,inf,inf,inf,669.9149199711856,inf
7,197,inf,inf,inf,164.3684884641822,inf
7,198,inf,inf,inf,747.5245815356175,inf
7,199,inf,inf,inf,1167.1559450219152,inf
7,200,inf,inf,inf,312.1602152741441,inf
7,201,inf,inf,inf,954.9874344723077,inf
7,202,inf,inf,inf,941.9049845923951,inf
8,9,inf,inf,inf,571.5181536924265,inf
8,10,inf,inf,inf,439.06833181180355,inf
8,11,inf,inf,inf,682.8213529174377,inf
8,12,inf,inf,inf,216.20592036297248,inf
8,13,inf,inf,inf,418.0011961705373,inf
8,14,inf,inf,inf,633.2282368940918,inf
8,15,inf,inf,inf,522.3370559322783,inf
8,16,inf,inf,inf,390.80046059338264,inf
8,17,inf,inf,inf,269.9036865253974,inf
8,18,inf,inf,inf,687.5710872338947,inf
8,19,inf,inf,inf,143.96180048887967,inf
8,20,inf,inf,inf,595.8061765373031,inf
8,21,inf,inf,inf,788.000634517511,inf
8,22,inf,inf,inf,588.8403858432266,inf
8,23,inf,inf,inf,49.01020301937138,inf
8,24,inf,inf,inf,644.2515036847024,inf
8,25,inf,inf,inf,661.6471869508704,inf
8,26,inf,inf,inf,716.1319710779571,inf
8,27,inf,inf,inf,585.0299137650998,inf
8,28,inf,inf,inf,705.7393286476247,inf
8,29,inf,inf,inf,565.8277122941223,inf
8,30,inf,inf,inf,769.3347775838553,inf
8,31,inf,inf,inf,356.91035288990986,inf
8,32,inf,inf,inf,787.4642849044012,inf
8,33,inf,inf,inf,716.7063554901687,inf
8,34,inf,inf,inf,246.22144504490262,inf
8,35,inf,inf,inf,514.3821536562092,inf
8,36,inf,inf,inf,649.2618886089033,inf
8,37,inf,inf,inf,457.98799110893725,inf
8,38,inf,inf,inf,305.3604427557702,inf
8,39,inf,inf,inf,744.9899328178872,inf
8,40,inf,inf,inf,776.676251729123,inf
8,41,inf,inf,inf,319.924991208877,inf
8,42,inf,inf,inf,505.63326631067304,inf
8,43,inf,inf,inf,238.91839611047115,inf
8,44,inf,inf,inf,304.4240463563941,inf
8,45,inf,inf,inf,795.0459106240344,inf
8,46,inf,inf,inf,557.6925676391967,inf
8,47,inf,inf,inf,380.9160012391183,inf
8,48,inf,inf,inf,311.4161203277698,inf
8,49,inf,inf,inf,272.80029325497435,inf
8,50,inf,inf,inf,91.52595260361949,inf
8,51,inf,inf,inf,520.2163011671203,inf
8,52,inf,inf,inf,888.7035501223116,inf
8,53,inf,inf,inf,145.24806367039804,inf
8,54,inf,inf,inf,858.2103471760289,inf
8,55,inf,inf,inf,699.0314728250796,inf
8,56,inf,inf,inf,629.0691535912407,inf
8,57,inf,inf,inf,199.40912717325654,inf
8,58,inf,inf,inf,215.8633827215723,inf
8,59,inf,inf,inf,623.3233510787159,inf
8,60,inf,inf,inf,268.73406929527937,inf
8,61,inf,inf,inf,538.8886712485242,inf
8,62,inf,inf,inf,190.50721771103582,inf
8,63,inf,inf,inf,574.9095581045771,inf
8,64,inf,inf,inf,336.55460181076114,inf
8,65,inf,inf,inf,563.0426271606796,inf
8,66,inf,inf,inf,411.8859065323794,inf
8,67,inf,inf,inf,207.5475849052453,inf
8,68,inf,inf,inf,588.4658018950634,inf
8,69,inf,inf,inf,245.0979396078229,inf
8,70,inf,inf,inf,402.0572098594925,inf
8,71,inf,inf,inf,397.200201409818,inf
8,72,inf,inf,inf,641.6829435165002,inf
8,73,inf,inf,inf,531.3990967248627,inf
8,74,inf,inf,inf,881.183862766449,inf
8,75,inf,inf,inf,548.1286345375509,inf
8,76,inf,inf,inf,134.1044369139217,inf
8,77,inf,inf,inf,390.4663877979768,inf
8,78,inf,inf,inf,389.1850459614295,inf
8,79,inf,inf,inf,513.5065724993206,inf
8,80,inf,inf,inf,189.46503635235712,inf
8,81,inf,inf,inf,726.006198320648,inf
8,82,inf,inf,inf,615.6183882893688,inf
8,83,inf,inf,inf,406.01108359255414,inf
8,84,inf,inf,inf,588.6408072840346,inf
8,85,inf,inf,inf,769.0643666169952,inf
8,86,inf,inf,inf,407.5941609002759,inf
8,87,inf,inf,inf,709.3074086741235,inf
8,88,inf,inf,inf,384.7622642619726,inf
8,89,inf,inf,inf,169.162643630324,inf
8,90,inf,inf,inf,473.1944631966862,inf
8,91,inf,inf,inf,829.805398873736,inf
8,92,inf,inf,inf,614.5502420469786,inf
8,93,inf,inf,inf,556.4907905796824,inf
8,94,inf,inf,inf,190.3943276465977,inf
8,95,inf,inf,inf,612.2172816900876,inf
8,96,inf,inf,inf,767.440551443563,inf
8,97,inf,inf,inf,592.5757335564797,inf
8,98,inf,inf,inf,540.7411580414422,inf
8,99,inf,inf,inf,363.41986737106157,inf
8,100,inf,inf,inf,300.70749907509787,inf
8,101,inf,inf,inf,728.0549429816407,inf
8,102,inf,inf,inf,613.7238792812285,inf
8,103,inf,inf,inf,746.7261881037788,inf
8,104,inf,inf,inf,894.731803391385,inf
8,105,inf,inf,inf,651.987729945894,inf
8,106,inf,inf,inf,229.61707253599414,inf
8,107,inf,inf,inf,529.5979607211493,inf
8,108,inf,inf,inf,851.1409988950127,inf
8,109,inf,inf,inf,295.01525384291574,inf
8,110,inf,inf,inf,849.3997880856812,inf
8,111,inf,inf,inf,570.9816109122955,inf
8,112,inf,inf,inf,330.5102116425452,inf
8,113,inf,inf,inf,387.806652856807,inf
8,114,inf,inf,inf,208.12496246245908,inf
8,115,inf,inf,inf,655.5737944732081,inf
8,116,inf,inf,inf,574.7703889380524,inf
8,117,inf,inf,inf,727.5554961650691,inf
8,118,inf,inf,inf,583.0514557052405,inf
8,119,inf,inf,inf,607.2643575906625,inf
8,120,inf,inf,inf,478.81938139553205,inf
8,121,inf,inf,inf,295.0016949103852,inf
8,122,inf,inf,inf,769.4550019331865,inf
8,123,inf,inf,inf,581.6665711556751,inf
8,124,inf,inf,inf,512.1298663425127,inf
8,125,inf,inf,inf,575.0217387195027,inf
8,126,inf,inf,inf,83.86894538504703,inf
8,127,inf,inf,inf,847.9681597795993,inf
8,128,inf,inf,inf,903.116825222518,inf
8,129,inf,inf,inf,845.7712456687092,inf
8,130,inf,inf,inf,547.8549077995012,inf
8,131,inf,inf,inf,306.23520372419625,inf
8,132,inf,inf,inf,494.4946915791918,inf
8,133,inf,inf,inf,523.4959407674523,inf
8,134,inf,inf,inf,165.85837331892532,inf
8,135,inf,inf,inf,877.9703867443366,inf
8,136,inf,inf,inf,685.9190914386331,inf
8,137,inf,inf,inf,572.349543548346,inf
8,138,inf,inf,inf,338.1360672865289,inf
8,139,inf,inf,inf,177.61193653580833,inf
8,140,inf,inf,inf,333.2041416309227,inf
8,141,inf,inf,inf,628.4655917391182,inf
8,142,inf,inf,inf,148.0979405663698,inf
8,143,inf,inf,inf,763.3950484513244,inf
8,144,inf,inf,inf,617.1968891690884,inf
8,145,inf,inf,inf,482.94306082601497,inf
8,146,inf,inf,inf,389.61647809095547,inf
8,147,inf,inf,inf,581.6536770278342,inf
8,148,inf,inf,inf,877.6058340735891,inf
8,149,inf,inf,inf,567.2424525720902,inf
8,150,inf,inf,inf,240.01041644062033,inf
8,151,inf,inf,inf,271.1162112452887,inf
8,152,inf,inf,inf,709.4737486334501,inf
8,153,inf,inf,inf,509.00098231732323,inf
8,154,inf,inf,inf,676.9844902211571,inf
8,155,inf,inf,inf,894.910610061139,inf
8,156,inf,inf,inf,363.6660556059639,inf
8,157,inf,inf,inf,308.72965520014435,inf
8,158,inf,inf,inf,666.1486320634457,inf
8,159,inf,inf,inf,488.0502023357843,inf
8,160,inf,inf,inf,445.8261993198695,inf
8,161,inf,inf,inf,672.0007440472071,inf
8,162,inf,inf,inf,121.93850909372314,inf
8,163,inf,inf,inf,604.9504111908677,inf
8,164,inf,inf,inf,515.4046953608397,inf
8,165,inf,inf,inf,547.7243832439816,inf
8,166,inf,inf,inf,647.8803901955978,inf
8,167,inf,inf,inf,77.42092740338364,inf
8,168,inf,inf,inf,802.0897705369393,inf
8,169,inf,inf,inf,643.0007776045064,inf
8,170,inf,inf,inf,703.1962741653286,inf
8,171,inf,inf,inf,655.3205322588328,inf
8,172,inf,inf,inf,898.448662974129,inf
8,173,inf,inf,inf,512.3055728761888,inf
8,174,inf,inf,inf,628.0127387243033,inf
8,175,inf,inf,inf,526.2746431284714,inf
8,176,inf,inf,inf,610.774098992418,inf
8,177,inf,inf,inf,698.341606951784,inf
8,178,inf,inf,inf,369.56731457205467,inf
8,179,inf,inf,inf,413.4730946506677,inf
8,180,inf,inf,inf,811.5201784305798,inf
8,181,inf,inf,inf,673.9176507556394,inf
8,182,inf,inf,inf,355.0352095215346,inf
8,183,inf,inf,inf,232.36178687555318,inf
8,184,inf,inf,inf,458.66109492739844,inf
8,185,inf,inf,inf,337.7365837453799,inf
8,186,inf,inf,inf,455.2812317677943,inf
8,187,inf,inf,inf,672.3131710743141,inf
8,188,inf,inf,inf,807.3722809212612,inf
8,189,inf,inf,inf,570.5173091151573,inf
8,190,inf,inf,inf,409.552194475869,inf
8,191,inf,inf,inf,351.98011307458836,inf
8,192,inf,inf,inf,602.4624469624642,inf
8,193,inf,inf,inf,399.46213838109867,inf
8,194,inf,inf,inf,497.2212787079813,inf
8,195,inf,inf,inf,453.61657818029533,inf
8,196,inf,inf,inf,73.06161783043132,inf
8,197,inf,inf,inf,455.7422517169107,inf
8,198,inf,inf,inf,243.9446658568291,inf
8,199,inf,inf,inf,551.5224383468002,inf
8,200,inf,inf,inf,330.3150011731226,inf
8,201,inf,inf,inf,712.7222460397879,inf
8,202,inf,inf,inf,429.2004193846972,inf
9,10,inf,inf,inf,341.2037514447929,inf
9,11,inf,inf,inf,1180.2889476734076,inf
9,12,inf,inf,inf,750.5624557623436,inf
9,13,inf,inf,inf,728.1167488802878,inf
9,14,inf,inf,inf,1195.1656788914247,inf
9,15,inf,inf,inf,497.09657009478553,inf
9,16,inf,inf,inf,779.1328513161283,inf
9,17,inf,inf,inf,802.7060483140762,inf
9,18,inf,inf,inf,725.6783033824286,inf
9,19,inf,inf,inf,700.4241572076166,inf
9,20,inf,inf,inf,261.1053427258814,inf
9,21,inf,inf,inf,1278.6406844770738,inf
9,22,inf,inf,inf,663.9774092542607,inf
9,23,inf,inf,inf,561.5843658792506,inf
9,24,inf,inf,inf,1209.8417251855715,inf
9,25,inf,inf,inf,1198.5407794480755,inf
9,26,inf,inf,inf,824.0934413038366,inf
9,27,inf,inf,inf,255.92381678929377,inf
9,28,inf,inf,inf,791.6823858088545,inf
9,29,inf,inf,inf,473.88817246266024,inf
9,30,inf,inf,inf,1195.6642505318957,inf
9,31,inf,inf,inf,745.3603155521496,inf
9,32,inf,inf,inf,1357.0545309603442,inf
9,33,inf,inf,inf,1055.4245591230099,inf
9,34,inf,inf,inf,467.4719242906466,inf
9,35,inf,inf,inf,1010.3979414072458,inf
9,36,inf,inf,inf,714.4144455426416,inf
9,37,inf,inf,inf,780.0,inf
9,38,inf,inf,inf,336.24395905354197,inf
9,39,inf,inf,inf,1222.8822510773473,inf
9,40,inf,inf,inf,1035.1062747370436,inf
9,41,inf,inf,inf,780.5081677983902,inf
9,42,inf,inf,inf,745.2959143856888,inf
9,43,inf,inf,inf,810.3486903796414,inf
9,44,inf,inf,inf,610.7937458749885,inf
9,45,inf,inf,inf,1106.9042415674446,inf
9,46,inf,inf,inf,1075.4440943163897,inf
9,47,inf,inf,inf,363.7059251648232,inf
9,48,inf,inf,inf,868.8780121513031,inf
9,49,inf,inf,inf,844.0242887500335,inf
9,50,inf,inf,inf,641.3111569277428,inf
9,51,inf,inf,inf,907.0049613976762,inf
9,52,inf,inf,inf,1445.8440441486073,inf
9,53,inf,inf,inf,449.14140312378237,inf
9,54,inf,inf,inf,1300.1430690504794,inf
9,55,inf,inf,inf,1194.370964148074,inf
9,56,inf,inf,inf,1081.7102199757567,inf
9,57,inf,inf,inf,496.7786227284745,inf
9,58,inf,inf,inf,697.7750353803151,inf
9,59,inf,inf,inf,623.686620026436,inf
9,60,inf,inf,inf,368.7505932198618,inf
9,61,inf,inf,inf,956.7747906377969,inf
9,62,inf,inf,inf,487.08315511830216,inf
9,63,inf,inf,inf,861.3768048885458,inf
9,64,inf,inf,inf,778.7900872507303,inf
9,65,inf,inf,inf,977.7167278920823,inf
9,66,inf,inf,inf,811.5497520177059,inf
9,67,inf,inf,inf,668.7249060712484,inf
9,68,inf,inf,inf,480.8710845954454,inf
9,69,inf,inf,inf,352.41452864489,inf
9,70,inf,inf,inf,770.0941500881564,inf
9,71,inf,inf,inf,286.2254356272342,inf
9,72,inf,inf,inf,828.4757087567505,inf
9,73,inf,inf,inf,845.8995212198669,inf
9,74,inf,inf,inf,1373.2020972893974,inf
9,75,inf,inf,inf,1004.8243627619704,inf
9,76,inf,inf,inf,597.0,inf
9,77,inf,inf,inf,872.2207289442277,inf
9,78,inf,inf,inf,534.0599217316349,inf
9,79,inf,inf,inf,769.8441400699235,inf
9,80,inf,inf,inf,503.7955934702089,inf
9,81,inf,inf,inf,1274.0769207547871,inf
9,82,inf,inf,inf,363.19829294753026,inf
9,83,inf,inf,inf,199.90497742677644,inf
9,84,inf,inf,inf,1035.8769231911676,inf
9,85,inf,inf,inf,998.6535935948962,inf
9,86,inf,inf,inf,642.7145556154769,inf
9,87,inf,inf,inf,950.4735661763561,inf
9,88,inf,inf,inf,708.2633690937291,inf
9,89,inf,inf,inf,562.7548311654019,inf
9,90,inf,inf,inf,850.6762016184537,inf
9,91,inf,inf,inf,1212.1427308695952,inf
9,92,inf,inf,inf,741.488368081388,inf
9,93,inf,inf,inf,1106.6187238611137,inf
9,94,inf,inf,inf,633.7452169444753,inf
9,95,inf,inf,inf,1139.8548153164068,inf
9,96,inf,inf,inf,1325.4772725324262,inf
9,97,inf,inf,inf,195.63486396856774,inf
9,98,inf,inf,inf,1032.6606412563617,inf
9,99,inf,inf,inf,879.3321329281672,inf
9,100,inf,inf,inf,531.2626469082877,inf
9,101,inf,inf,inf,1277.1566074683246,inf
9,102,inf,inf,inf,1167.158943760446,inf
9,103,inf,inf,inf,1263.9117848963986,inf
9,104,inf,inf,inf,1466.245545602782,inf
9,105,inf,inf,inf,711.0731326663946,inf
9,106,inf,inf,inf,739.097422536434,inf
9,107,inf,inf,inf,1065.734019350044,inf
9,108,inf,inf,inf,1419.3406920116115,inf
9,109,inf,inf,inf,578.6233662755074,inf
9,110,inf,inf,inf,1268.0839877547544,inf
9,111,inf,inf,inf,610.7249790208356,inf
9,112,inf,inf,inf,746.8400096406191,inf
9,113,inf,inf,inf,506.95660563799737,inf
9,114,inf,inf,inf,503.401430272104,inf
9,115,inf,inf,inf,1227.0362667826896,inf
9,116,inf,inf,inf,875.2930937691672,inf
9,117,inf,inf,inf,1241.0358576608494,inf
9,118,inf,inf,inf,1142.7904444822768,inf
9,119,inf,inf,inf,484.5420518386407,inf
9,120,inf,inf,inf,1048.750208581624,inf
9,121,inf,inf,inf,722.5461922949978,inf
9,122,inf,inf,inf,1133.5784048754633,inf
9,123,inf,inf,inf,87.09190547921202,inf
9,124,inf,inf,inf,739.8513364183375,inf
9,125,inf,inf,inf,116.09048195265622,inf
9,126,inf,inf,inf,626.5053870478689,inf
9,127,inf,inf,inf,1279.1798153504456,inf
9,128,inf,inf,inf,1461.38461740912,inf
9,129,inf,inf,inf,1267.2489889520527,inf
9,130,inf,inf,inf,877.0974860299167,inf
9,131,inf,inf,inf,402.57297475116235,inf
9,132,inf,inf,inf,477.0618408550405,inf
9,133,inf,inf,inf,928.2375773475237,inf
9,134,inf,inf,inf,708.6353081804491,inf
9,135,inf,inf,inf,1421.2758352972867,inf
9,136,inf,inf,inf,715.727601815104,inf
9,137,inf,inf,inf,728.0556297426729,inf
9,138,inf,inf,inf,258.5207922005501,inf
9,139,inf,inf,inf,719.953470718768,inf
9,140,inf,inf,inf,437.53856972842976,inf
9,141,inf,inf,inf,1040.9226676367462,inf
9,142,inf,inf,inf,718.979832818696,inf
9,143,inf,inf,inf,992.3996170898092,inf
9,144,inf,inf,inf,1088.882454629516,inf
9,145,inf,inf,inf,422.4559148597638,inf
9,146,inf,inf,inf,743.1419783594519,inf
9,147,inf,inf,inf,284.05985284795173,inf
9,148,inf,inf,inf,1354.5157806389707,inf
9,149,inf,inf,inf,1002.3896447988676,inf
9,150,inf,inf,inf,719.7388415251743,inf
9,151,inf,inf,inf,473.5240226218729,inf
9,152,inf,inf,inf,1250.230378770249,inf
9,153,inf,inf,inf,212.04952251773642,inf
9,154,inf,inf,inf,839.2002144899631,inf
9,155,inf,inf,inf,1423.8686737195956,inf
9,156,inf,inf,inf,624.872787053493,inf
9,157,inf,inf,inf,563.5858408441433,inf
9,158,inf,inf,inf,1187.9667503764572,inf
9,159,inf,inf,inf,1053.6840133550475,inf
9,160,inf,inf,inf,930.8426290195351,inf
9,161,inf,inf,inf,925.818556737766,inf
9,162,inf,inf,inf,688.726360755852,inf
9,163,inf,inf,inf,574.276936677767,inf
9,164,inf,inf,inf,1021.7362673410395,inf
9,165,inf,inf,inf,825.5452743490208,inf
9,166,inf,inf,inf,549.508871629931,inf
9,167,inf,inf,inf,546.465918424928,inf
9,168,inf,inf,inf,1360.6384530800237,inf
9,169,inf,inf,inf,514.716426782748,inf
9,170,inf,inf,inf,1090.5970841699514,inf
9,171,inf,inf,inf,996.9764290092319,inf
9,172,inf,inf,inf,1464.9767916250414,inf
9,173,inf,inf,inf,919.8141116551757,inf
9,174,inf,inf,inf,671.5005584509963,inf
9,175,inf,inf,inf,698.4840728320153,inf
9,176,inf,inf,inf,1166.308706989706,inf
9,177,inf,inf,inf,904.0796425094418,inf
9,178,inf,inf,inf,939.0788039350052,inf
9,179,inf,inf,inf,984.9756342164003,inf
9,180,inf,inf,inf,1161.0038759625224,inf
9,181,inf,inf,inf,914.6321665019223,inf
9,182,inf,inf,inf,842.7128811166945,inf
9,183,inf,inf,inf,618.8093405888441,inf
9,184,inf,inf,inf,925.4885196478668,inf
9,185,inf,inf,inf,637.1067414491861,inf
9,186,inf,inf,inf,176.4652940382329,inf
9,187,inf,inf,inf,1022.6592785478456,inf
9,188,inf,inf,inf,1245.6584604136078,inf
9,189,inf,inf,inf,1097.5868986098549,inf
9,190,inf,inf,inf,867.7741641694572,inf
9,191,inf,inf,inf,671.3575798335787,inf
9,192,inf,inf,inf,1142.1120785632206,inf
9,193,inf,inf,inf,749.7873031733733,inf
9,194,inf,inf,inf,1005.6888186710639,inf
9,195,inf,inf,inf,729.984246405359,inf
9,196,inf,inf,inf,520.8272266308666,inf
9,197,inf,inf,inf,769.7194294026882,inf
9,198,inf,inf,inf,798.104003247697,inf
9,199,inf,inf,inf,769.7077367416804,inf
9,200,inf,inf,inf,745.088585337341,inf
9,201,inf,inf,inf,1283.489774014581,inf
9,202,inf,inf,inf,941.3107882097177,inf
10,11,inf,inf,inf,1121.4856218427412,inf
10,12,inf,inf,inf,655.0511430415186,inf
10,13,inf,inf,inf,408.53151653207857,inf
10,14,inf,inf,inf,971.191536206942,inf
10,15,inf,inf,inf,166.00301202086666,inf
10,16,inf,inf,inf,787.5760280760201,inf
10,17,inf,inf,inf,708.9520435121124,inf
10,18,inf,inf,inf,913.6438036784357,inf
10,19,inf,inf,inf,514.5658364096863,inf
10,20,inf,inf,inf,552.0615907668274,inf
10,21,inf,inf,inf,1226.4884834355355,inf
10,22,inf,inf,inf,827.8272766706833,inf
10,23,inf,inf,inf,402.3443798538759,inf
10,24,inf,inf,inf,993.4510556640423,inf
10,25,inf,inf,inf,941.475437810249,inf
10,26,inf,inf,inf,987.0410325817261,inf
10,27,inf,inf,inf,175.58188972670274,inf
10,28,inf,inf,inf,962.7112755130689,inf
10,29,inf,inf,inf,690.50850827488,inf
10,30,inf,inf,inf,878.8043013094554,inf
10,31,inf,inf,inf,449.32171102674306,inf
10,32,inf,inf,inf,1187.1415248402357,inf
10,33,inf,inf,inf,1108.5147721162764,inf
10,34,inf,inf,inf,502.4519877560442,inf
10,35,inf,inf,inf,733.9455020640156,inf
10,36,inf,inf,inf,381.7643252060098,inf
10,37,inf,inf,inf,457.75539319597317,inf
10,38,inf,inf,inf,143.38758663147937,inf
10,39,inf,inf,inf,925.2983302697569,inf
10,40,inf,inf,inf,1133.4182811301396,inf
10,41,inf,inf,inf,510.4948579564734,inf
10,42,inf,inf,inf,834.4111696280198,inf
10,43,inf,inf,inf,649.8315166256558,inf
10,44,inf,inf,inf,644.0846217695312,inf
10,45,inf,inf,inf,1177.7491243894008,inf
10,46,inf,inf,inf,808.9499366462674,inf
10,47,inf,inf,inf,60.21627686929839,inf
10,48,inf,inf,inf,659.2366798047573,inf
10,49,inf,inf,inf,683.6000292568748,inf
10,50,inf,inf,inf,530.0905583011265,inf
10,51,inf,inf,inf,592.0354719102564,inf
10,52,inf,inf,inf,1204.7510116202434,inf
10,53,inf,inf,inf,296.00675667964066,inf
10,54,inf,inf,inf,1289.0244373168416,inf
10,55,inf,inf,inf,907.1240268011867,inf
10,56,inf,inf,inf,779.1617290396134,inf
10,57,inf,inf,inf,497.5952170188134,inf
10,58,inf,inf,inf,640.1327987222651,inf
10,59,inf,inf,inf,300.1016494456503,inf
10,60,inf,inf,inf,173.4156855650607,inf
10,61,inf,inf,inf,648.4705081960166,inf
10,62,inf,inf,inf,482.66965929090674,inf
10,63,inf,inf,inf,526.5453446760307,inf
10,64,inf,inf,inf,500.0659956445749,inf
10,65,inf,inf,inf,979.8499885186508,inf
10,66,inf,inf,inf,510.1186136576473,inf
10,67,inf,inf,inf,425.4280197636258,inf
10,68,inf,inf,inf,706.3150854965509,inf
10,69,inf,inf,inf,368.40195439221003,inf
10,70,inf,inf,inf,462.78828852943116,inf
10,71,inf,inf,inf,77.87810988975015,inf
10,72,inf,inf,inf,487.29457210192686,inf
10,73,inf,inf,inf,516.7920278022872,inf
10,74,inf,inf,inf,1319.9878787322252,inf
10,75,inf,inf,inf,977.9672796162456,inf
10,76,inf,inf,inf,384.78695404080423,inf
10,77,inf,inf,inf,600.4040306327065,inf
10,78,inf,inf,inf,639.3809506076952,inf
10,79,inf,inf,inf,434.92528093915166,inf
10,80,inf,inf,inf,275.40878707840824,inf
10,81,inf,inf,inf,1025.867437830054,inf
10,82,inf,inf,inf,635.9378900490204,inf
10,83,inf,inf,inf,358.06424004639166,inf
10,84,inf,inf,inf,733.6381942074718,inf
10,85,inf,inf,inf,1110.8451737303449,inf
10,86,inf,inf,inf,315.55982000248383,inf
10,87,inf,inf,inf,609.619553492176,inf
10,88,inf,inf,inf,395.55151371218386,inf
10,89,inf,inf,inf,533.262599476093,inf
10,90,inf,inf,inf,537.4476718714111,inf
10,91,inf,inf,inf,1242.0829279883046,inf
10,92,inf,inf,inf,888.2032425070289,inf
10,93,inf,inf,inf,868.6800331537498,inf
10,94,inf,inf,inf,393.54923453108125,inf
10,95,inf,inf,inf,877.4035559535874,inf
10,96,inf,inf,inf,1089.4815280673647,inf
10,97,inf,inf,inf,501.61439373287527,inf
10,98,inf,inf,inf,752.2393236198171,inf
10,99,inf,inf,inf,801.9532405321397,inf
10,100,inf,inf,inf,235.0914715594762,inf
10,101,inf,inf,inf,1030.097568194392,inf
10,102,inf,inf,inf,930.4837451562494,inf
10,103,inf,inf,inf,987.7757842749538,inf
10,104,inf,inf,inf,1273.5242439781034,inf
10,105,inf,inf,inf,379.42719986843326,inf
10,106,inf,inf,inf,505.69259436934607,inf
10,107,inf,inf,inf,966.6462641525079,inf
10,108,inf,inf,inf,1254.3699613750323,inf
10,109,inf,inf,inf,284.6840353795766,inf
10,110,inf,inf,inf,1273.9109074028686,inf
10,111,inf,inf,inf,785.0382156302966,inf
10,112,inf,inf,inf,462.0497808678195,inf
10,113,inf,inf,inf,619.3908297674418,inf
10,114,inf,inf,inf,509.0864366686663,inf
10,115,inf,inf,inf,1044.6482661642626,inf
10,116,inf,inf,inf,542.0645717993383,inf
10,117,inf,inf,inf,963.1957225818645,inf
10,118,inf,inf,inf,917.109589961854,inf
10,119,inf,inf,inf,199.090431713832,inf
10,120,inf,inf,inf,886.1337370848714,inf
10,121,inf,inf,inf,447.7599803466138,inf
10,122,inf,inf,inf,802.9271448892483,inf
10,123,inf,inf,inf,413.67257583746107,inf
10,124,inf,inf,inf,402.5916044827562,inf
10,125,inf,inf,inf,256.25963396524236,inf
10,126,inf,inf,inf,448.8440709199577,inf
10,127,inf,inf,inf,1275.9580714114395,inf
10,128,inf,inf,inf,1322.7822950130533,inf
10,129,inf,inf,inf,1271.0389451153728,inf
10,130,inf,inf,inf,549.2176253544673,inf
10,131,inf,inf,inf,138.00362314084367,inf
10,132,inf,inf,inf,140.91131963046828,inf
10,133,inf,inf,inf,617.4504028664975,inf
10,134,inf,inf,inf,604.8470881140125,inf
10,135,inf,inf,inf,1162.7058957449215,inf
10,136,inf,inf,inf,906.6432595017734,inf
10,137,inf,inf,inf,386.87077946001557,inf
10,138,inf,inf,inf,178.63090438107287,inf
10,139,inf,inf,inf,515.748969945651,inf
10,140,inf,inf,inf,137.3608386695422,inf
10,141,inf,inf,inf,1046.4893692723304,inf
10,142,inf,inf,inf,557.2503925525759,inf
10,143,inf,inf,inf,1104.5999275755905,inf
10,144,inf,inf,inf,1051.7513964811267,inf
10,145,inf,inf,inf,89.47066558375433,inf
10,146,inf,inf,inf,434.7781043244933,inf
10,147,inf,inf,inf,159.38004893963358,inf
10,148,inf,inf,inf,1315.0380222639951,inf
10,149,inf,inf,inf,697.4159447560688,inf
10,150,inf,inf,inf,472.49550262409906,inf
10,151,inf,inf,inf,202.35859260234045,inf
10,152,inf,inf,inf,994.7904301912037,inf
10,153,inf,inf,inf,141.35416513141735,inf
10,154,inf,inf,inf,498.9318590749643,inf
10,155,inf,inf,inf,1330.9673174049017,inf
10,156,inf,inf,inf,308.36666486505965,inf
10,157,inf,inf,inf,614.8991787277,inf
10,158,inf,inf,inf,918.49060964171,inf
10,159,inf,inf,inf,844.8727714869264,inf
10,160,inf,inf,inf,654.6632722247369,inf
10,161,inf,inf,inf,585.8395684827033,inf
10,162,inf,inf,inf,555.8021230617961,inf
10,163,inf,inf,inf,255.7381473304286,inf
10,164,inf,inf,inf,954.0655113774944,inf
10,165,inf,inf,inf,491.0040733028597,inf
10,166,inf,inf,inf,780.7714134111212,inf
10,167,inf,inf,inf,463.9062405271134,inf
10,168,inf,inf,inf,1222.8871575088194,inf
10,169,inf,inf,inf,754.8913829154496,inf
10,170,inf,inf,inf,766.3745820419673,inf
10,171,inf,inf,inf,666.1486320634457,inf
10,172,inf,inf,inf,1243.1206699270992,inf
10,173,inf,inf,inf,924.4944564463326,inf
10,174,inf,inf,inf,340.618554984898,inf
10,175,inf,inf,inf,357.865896670806,inf
10,176,inf,inf,inf,1037.6666131277425,inf
10,177,inf,inf,inf,562.8960827719446,inf
10,178,inf,inf,inf,749.5552014361584,inf
10,179,inf,inf,inf,807.9634892741132,inf
10,180,inf,inf,inf,1210.7923025853775,inf
10,181,inf,inf,inf,1016.4270755937191,inf
10,182,inf,inf,inf,577.9662619911304,inf
10,183,inf,inf,inf,355.78785814021256,inf
10,184,inf,inf,inf,889.1439703445106,inf
10,185,inf,inf,inf,679.2827099227537,inf
10,186,inf,inf,inf,389.1015291668744,inf
10,187,inf,inf,inf,692.6037828369117,inf
10,188,inf,inf,inf,1236.686298137082,inf
10,189,inf,inf,inf,837.00955789047,inf
10,190,inf,inf,inf,584.3184063505103,inf
10,191,inf,inf,inf,364.1112467364885,inf
10,192,inf,inf,inf,890.5054744357275,inf
10,193,inf,inf,inf,439.39617658782606,inf
10,194,inf,inf,inf,935.9540587016011,inf
10,195,inf,inf,inf,401.78725713989485,inf
10,196,inf,inf,inf,432.3482392701513,inf
10,197,inf,inf,inf,446.44372545708376,inf
10,198,inf,inf,inf,680.2896441957646,inf
10,199,inf,inf,inf,872.5881044341597,inf
10,200,inf,inf,inf,459.9489102063402,inf
10,201,inf,inf,inf,1108.0478329025332,inf
10,202,inf,inf,inf,867.8582833619784,inf
11,12,inf,inf,inf,466.6154733825272,inf
11,13,inf,inf,inf,989.318957667344,inf
11,14,inf,inf,inf,601.2994262428662,inf
11,15,inf,inf,inf,1196.2144456576339,inf
11,16,inf,inf,inf,418.0071769718793,inf
11,17,inf,inf,inf,413.26625799839985,inf
11,18,inf,inf,inf,791.6470173000085,inf
11,19,inf,inf,inf,645.9349812481129,inf
11,20,inf,inf,inf,1076.5435430116145,inf
11,21,inf,inf,inf,105.39449701004318,inf
11,22,inf,inf,inf,737.6964145229391,inf
11,23,inf,inf,inf,722.9723369534964,inf
11,24,inf,inf,inf,573.1710041514661,inf
11,25,inf,inf,inf,742.5483149263757,inf
11,26,inf,inf,inf,716.4942428240439,inf
11,27,inf,inf,inf,1258.1863931866376,inf
11,28,inf,inf,inf,740.8920299206895,inf
11,29,inf,inf,inf,894.5188650889371,inf
11,30,inf,inf,inf,1065.3886614752385,inf
11,31,inf,inf,inf,895.6003573022958,inf
11,32,inf,inf,inf,436.033255612459,inf
11,33,inf,inf,inf,372.5385886052611,inf
11,34,inf,inf,inf,714.0448165206438,inf
11,35,inf,inf,inf,801.5996506985267,inf
11,36,inf,inf,inf,1281.8588065773858,inf
11,37,inf,inf,inf,1002.9167462955238,inf
11,38,inf,inf,inf,984.1107661234074,inf
11,39,inf,inf,inf,952.9433351464294,inf
11,40,inf,inf,inf,519.6623904036157,inf
11,41,inf,inf,inf,803.7692454927595,inf
11,42,inf,inf,inf,552.843558341779,inf
11,43,inf,inf,inf,515.570557731917,inf
11,44,inf,inf,inf,581.3819742647686,inf
11,45,inf,inf,inf,435.83138941567756,inf
11,46,inf,inf,inf,763.7080594049012,inf
11,47,inf,inf,inf,1063.7029660577243,inf
11,48,inf,inf,inf,598.4621959656265,inf
11,49,inf,inf,inf,491.1140397097196,inf
11,50,inf,inf,inf,591.4879542306842,inf
11,51,inf,inf,inf,974.6896942104189,inf
11,52,inf,inf,inf,762.4519657001351,inf
11,53,inf,inf,inf,825.7420904858853,inf
11,54,inf,inf,inf,224.62858233092243,inf
11,55,inf,inf,inf,886.7400972099998,inf
11,56,inf,inf,inf,938.2478350627835,inf
11,57,inf,inf,inf,683.8983842647971,inf
11,58,inf,inf,inf,491.0763688063192,inf
11,59,inf,inf,inf,1279.9347639626014,inf
11,60,inf,inf,inf,949.3940172552174,inf
11,61,inf,inf,inf,945.5432301063764,inf
11,62,inf,inf,inf,694.4004608293402,inf
11,63,inf,inf,inf,1102.9596547471715,inf
11,64,inf,inf,inf,831.4156601844832,inf
11,65,inf,inf,inf,258.00775182152955,inf
11,66,inf,inf,inf,907.8904118890121,inf
11,67,inf,inf,inf,780.6260308239791,inf
11,68,inf,inf,inf,911.5420999602816,inf
11,69,inf,inf,inf,832.3280603223707,inf
11,70,inf,inf,inf,934.550694184109,inf
11,71,inf,inf,inf,1074.3635325158798,inf
11,72,inf,inf,inf,1218.422750936636,inf
11,73,inf,inf,inf,1052.3592542473316,inf
11,74,inf,inf,inf,198.600100704909,inf
11,75,inf,inf,inf,190.3943276465977,inf
11,76,inf,inf,inf,768.1907315244047,inf
11,77,inf,inf,inf,790.1423922306662,inf
11,78,inf,inf,inf,699.120876529946,inf
11,79,inf,inf,inf,1084.462078636224,inf
11,80,inf,inf,inf,863.1778495767834,inf
11,81,inf,inf,inf,723.5039737278573,inf
11,82,inf,inf,inf,1030.1228082126906,inf
11,83,inf,inf,inf,981.8350166906862,inf
11,84,inf,inf,inf,926.5878263823673,inf
11,85,inf,inf,inf,562.3922118948661,inf
11,86,inf,inf,inf,1027.6983993370818,inf
11,87,inf,inf,inf,1232.2085862385475,inf
11,88,inf,inf,inf,961.6491044034722,inf
11,89,inf,inf,inf,620.948468071224,inf
11,90,inf,inf,inf,960.454059286544,inf
11,91,inf,inf,inf,318.80401503117866,inf
11,92,inf,inf,inf,680.0889647685808,inf
11,93,inf,inf,inf,648.2136993307068,inf
11,94,inf,inf,inf,794.0056674860703,inf
11,95,inf,inf,inf,754.7085530189784,inf
11,96,inf,inf,inf,687.0254725990878,inf
11,97,inf,inf,inf,1111.077405044311,inf
11,98,inf,inf,inf,820.5863757094679,inf
11,99,inf,inf,inf,319.53247096343745,inf
11,100,inf,inf,inf,960.2135179219256,inf
11,101,inf,inf,inf,719.3309391371957,inf
11,102,inf,inf,inf,648.9884436567419,inf
11,103,inf,inf,inf,852.4112857066124,inf
11,104,inf,inf,inf,575.4042057545287,inf
11,105,inf,inf,inf,1286.3424893860888,inf
11,106,inf,inf,inf,721.3272488960888,inf
11,107,inf,inf,inf,189.16923639957952,inf
11,108,inf,inf,inf,449.7577125519917,inf
11,109,inf,inf,inf,936.0197647485869,inf
11,110,inf,inf,inf,259.83263844251746,inf
11,111,inf,inf,inf,773.8533452793235,inf
11,112,inf,inf,inf,858.2400596569703,inf
11,113,inf,inf,inf,724.4949965320671,inf
11,114,inf,inf,inf,676.9320497657058,inf
11,115,inf,inf,inf,443.5538298786293,inf
11,116,inf,inf,inf,1091.3807768143986,inf
11,117,inf,inf,inf,853.2221281706189,inf
11,118,inf,inf,inf,601.9202604996779,inf
11,119,inf,inf,inf,1286.3906871553447,inf
11,120,inf,inf,inf,386.87077946001557,inf
11,121,inf,inf,inf,835.1748319962713,inf
11,122,inf,inf,inf,1154.3110499341155,inf
11,123,inf,inf,inf,1154.385117714188,inf
11,124,inf,inf,inf,1101.1929894437214,inf
11,125,inf,inf,inf,1220.4478686121747,inf
11,126,inf,inf,inf,690.6641730971718,inf
11,127,inf,inf,inf,236.01906702637396,inf
11,128,inf,inf,inf,393.4018301940142,inf
11,129,inf,inf,inf,252.46385879963097,inf
11,130,inf,inf,inf,1049.358851870989,inf
11,131,inf,inf,inf,988.8220264536991,inf
11,132,inf,inf,inf,1170.1324711330765,inf
11,133,inf,inf,inf,954.8806208107901,inf
11,134,inf,inf,inf,517.0009671170839,inf
11,135,inf,inf,inf,831.3248462544591,inf
11,136,inf,inf,inf,800.3599190364295,inf
11,137,inf,inf,inf,1182.5654315935335,inf
11,138,inf,inf,inf,999.1981785411741,inf
11,139,inf,inf,inf,667.782150105856,inf
11,140,inf,inf,inf,1012.6253008887345,inf
11,141,inf,inf,inf,234.04700382615454,inf
11,142,inf,inf,inf,588.9940576949822,inf
11,143,inf,inf,inf,561.9332700597109,inf
11,144,1.0,115.0416,115.04163056034258,108.2266141020775,1.062969875892424
11,145,inf,inf,inf,1163.9093607321836,inf
11,146,inf,inf,inf,941.0812929816425,inf
11,147,inf,inf,inf,1258.4450723015289,inf
11,148,inf,inf,inf,198.70832896484234,inf
11,149,inf,inf,inf,935.0085561105844,inf
11,150,inf,inf,inf,764.1007786934914,inf
11,151,inf,inf,inf,946.6894950299175,inf
11,152,inf,inf,inf,748.9098744174762,inf
11,153,inf,inf,inf,1177.3330030199613,inf
11,154,inf,inf,inf,1259.5431711537321,inf
11,155,inf,inf,inf,262.42713274354844,inf
11,156,inf,inf,inf,987.1676655968832,inf
11,157,inf,inf,inf,632.4057241992675,inf
11,158,inf,inf,inf,796.9899622956365,inf
11,159,inf,inf,inf,541.084096975692,inf
11,160,inf,inf,inf,800.5010930660869,inf
11,161,inf,inf,inf,1195.3451384432865,inf
11,162,inf,inf,inf,571.700970788051,inf
11,163,inf,inf,inf,1270.8737152054093,inf
11,164,inf,inf,inf,167.4305826305338,inf
11,165,inf,inf,inf,1091.8429374227778,inf
11,166,inf,inf,inf,917.5543580627799,inf
11,167,inf,inf,inf,664.1392926186494,inf
11,168,inf,inf,inf,327.0611563607027,inf
11,169,inf,inf,inf,942.3401721246951,inf
11,170,inf,inf,inf,1080.7404868885037,inf
11,171,inf,inf,inf,1104.3495823334204,inf
11,172,inf,inf,inf,689.458483159066,inf
11,173,inf,inf,inf,301.2308085173228,inf
11,174,inf,inf,inf,1271.5207430474738,inf
11,175,inf,inf,inf,1140.337669289233,inf
11,176,inf,inf,inf,244.6752950340512,inf
11,177,inf,inf,inf,1249.3014047858908,inf
11,178,inf,inf,inf,511.07435858199733,inf
11,179,inf,inf,inf,455.1098768429444,inf
11,180,inf,inf,inf,373.52376095772007,inf
11,181,inf,inf,inf,531.4301459270071,inf
11,182,inf,inf,inf,771.5497391613842,inf
11,183,inf,inf,inf,849.0942232756032,inf
11,184,inf,inf,inf,256.1347301714471,inf
11,185,inf,inf,inf,564.4864923096035,inf
11,186,inf,inf,inf,1016.3119599807925,inf
11,187,inf,inf,inf,1105.915910004011,inf
11,188,inf,inf,inf,197.69926656414282,inf
11,189,inf,inf,inf,740.6247362868729,inf
11,190,inf,inf,inf,833.2550629909188,inf
11,191,inf,inf,inf,947.2175040612373,inf
11,192,inf,inf,inf,707.9618633796597,inf
11,193,inf,inf,inf,948.6121441347881,inf
11,194,inf,inf,inf,185.6017241299229,inf
11,195,inf,inf,inf,1033.2323068894043,inf
11,196,inf,inf,inf,695.3883806909632,inf
11,197,inf,inf,inf,1007.9176553667467,inf
11,198,inf,inf,inf,449.75104224448444,inf
11,199,inf,inf,inf,570.1719039026739,inf
11,200,inf,inf,inf,859.7610133054418,inf
11,201,inf,inf,inf,429.79064671069796,inf
11,202,inf,inf,inf,253.64542179980305,inf
12,13,inf,inf,inf,573.1474504872198,inf
12,14,inf,inf,inf,536.4000372856065,inf
12,15,inf,inf,inf,733.943458312696,inf
12,16,inf,inf,inf,242.404620418011,inf
12,17,inf,inf,inf,54.56189146281496,inf
12,18,inf,inf,inf,648.4388945768136,inf
12,19,inf,inf,inf,213.11499243366245,inf
12,20,inf,inf,inf,713.1227103381297,inf
12,21,inf,inf,inf,571.8059111271936,inf
12,22,inf,inf,inf,555.2026656996525,inf
12,23,inf,inf,inf,257.41989045137905,inf
12,24,inf,inf,inf,535.6164672599228,inf
12,25,inf,inf,inf,610.733984644706,inf
12,26,inf,inf,inf,641.8613557459274,inf
12,27,inf,inf,inf,796.3774230853107,inf
12,28,inf,inf,inf,642.7635646176594,inf
12,29,inf,inf,inf,609.2109651015812,inf
12,30,inf,inf,inf,814.3396097452218,inf
12,31,inf,inf,inf,490.11223204486544,inf
12,32,inf,inf,inf,619.0032310093382,inf
12,33,inf,inf,inf,542.2185906071462,inf
12,34,inf,inf,inf,319.2647803939545,inf
12,35,inf,inf,inf,532.4434242245837,inf
12,36,inf,inf,inf,841.1539692588985,inf
12,37,inf,inf,inf,600.8527273800128,inf
12,38,inf,inf,inf,519.1107781581885,inf
12,39,inf,inf,inf,752.3888622248471,inf
12,40,inf,inf,inf,629.8674463726475,inf
12,41,inf,inf,inf,416.7601228524629,inf
12,42,inf,inf,inf,412.93340867505503,inf
12,43,inf,inf,inf,149.40214188558343,inf
12,44,inf,inf,inf,263.46346995361614,inf
12,45,inf,inf,inf,625.3934761412211,inf
12,46,inf,inf,inf,544.474058151534,inf
12,47,inf,inf,inf,597.1013314337861,inf
12,48,inf,inf,inf,280.8077634254438,inf
12,49,inf,inf,inf,162.40997506310995,inf
12,50,inf,inf,inf,124.96399481450646,inf
12,51,inf,inf,inf,620.4595071396682,inf
12,52,inf,inf,inf,789.3446648961403,inf
12,53,inf,inf,inf,359.7554725087584,inf
12,54,inf,inf,inf,646.8168210552351,inf
12,55,inf,inf,inf,694.3788591251897,inf
12,56,inf,inf,inf,669.639455229454,inf
12,57,inf,inf,inf,272.6554602424092,inf
12,58,inf,inf,inf,85.42833253669417,inf
12,59,inf,inf,inf,826.6807122462699,inf
12,60,inf,inf,inf,483.5876342505048,inf
12,61,inf,inf,inf,617.0656367032602,inf
12,62,inf,inf,inf,276.6839352040519,inf
12,63,inf,inf,inf,714.3402550605698,inf
12,64,inf,inf,inf,442.11536955867075,inf
12,65,inf,inf,inf,369.845913861435,inf
12,66,inf,inf,inf,525.4759747124506,inf
12,67,inf,inf,inf,348.63304490538474,inf
12,68,inf,inf,inf,631.4467515159137,inf
12,69,inf,inf,inf,399.3444628387878,inf
12,70,inf,inf,inf,534.9813080846844,inf
12,71,inf,inf,inf,610.2368392681648,inf
12,72,inf,inf,inf,806.6349856037735,inf
12,73,inf,inf,inf,665.4697588921679,inf
12,74,inf,inf,inf,665.0022556352723,inf
12,75,inf,inf,inf,340.4115156689033,inf
12,76,inf,inf,inf,313.4980063732463,inf
12,77,inf,inf,inf,448.41164124050124,inf
12,78,inf,inf,inf,396.6106403010388,inf
12,79,inf,inf,inf,672.145817512837,inf
12,80,inf,inf,inf,399.4721517202419,inf
12,81,inf,inf,inf,652.067481170469,inf
12,82,inf,inf,inf,702.8292822585013,inf
12,83,inf,inf,inf,562.9653630553127,inf
12,84,inf,inf,inf,638.6556192503124,inf
12,85,inf,inf,inf,635.0787352761861,inf
12,86,inf,inf,inf,589.1706034757674,inf
12,87,inf,inf,inf,850.7737654629461,inf
12,88,inf,inf,inf,541.4471350002694,inf
12,89,inf,inf,inf,201.80436070610565,inf
12,90,inf,inf,inf,586.7827536661247,inf
12,91,inf,inf,inf,633.8596059065446,inf
12,92,inf,inf,inf,550.9382905553035,inf
12,93,inf,inf,inf,493.85524194848836,inf
12,94,inf,inf,inf,351.4896869041822,inf
12,95,inf,inf,inf,579.4178112554015,inf
12,96,inf,inf,inf,671.7038037706799,inf
12,97,inf,inf,inf,727.9072743145242,inf
12,98,inf,inf,inf,558.8022906180682,inf
12,99,inf,inf,inf,147.29901561110313,inf
12,100,inf,inf,inf,502.8717530345088,inf
12,101,inf,inf,inf,652.1663898116799,inf
12,102,inf,inf,inf,538.5053388778982,inf
12,103,inf,inf,inf,714.412345917958,inf
12,104,inf,inf,inf,742.3880386967452,inf
12,105,inf,inf,inf,844.7538102903118,inf
12,106,inf,inf,inf,316.1407914205315,inf
12,107,inf,inf,inf,319.5825401989289,inf
12,108,inf,inf,inf,676.9933529954337,inf
12,109,inf,inf,inf,485.84462536905767,inf
12,110,inf,inf,inf,643.0217725707272,inf
12,111,inf,inf,inf,558.0331531369799,inf
12,112,inf,inf,inf,455.0362622912596,inf
12,113,inf,inf,inf,409.8841299684583,inf
12,114,inf,inf,inf,271.59712811441875,inf
12,115,inf,inf,inf,505.1672990208293,inf
12,116,inf,inf,inf,708.6113180016249,inf
12,117,inf,inf,inf,701.0748890097262,inf
12,118,inf,inf,inf,496.2358310319802,inf
12,119,inf,inf,inf,821.6501688675053,inf
12,120,inf,inf,inf,321.3051509079803,inf
12,121,inf,inf,inf,423.68030400291207,inf
12,122,inf,inf,inf,851.920184054821,inf
12,123,inf,inf,inf,743.0861322888485,inf
12,124,inf,inf,inf,679.9911764133415,inf
12,125,inf,inf,inf,772.4228116776459,inf
12,126,inf,inf,inf,234.48027635602958,inf
12,127,inf,inf,inf,638.8153097727073,inf
12,128,inf,inf,inf,711.0309416614723,inf
12,129,inf,inf,inf,638.811396266535,inf
12,130,inf,inf,inf,673.0497752766878,inf
12,131,inf,inf,inf,522.3035515866228,inf
12,132,inf,inf,inf,706.9512005789367,inf
12,133,inf,inf,inf,612.5430597109072,inf
12,134,inf,inf,inf,50.47771785649585,inf
12,135,inf,inf,inf,803.0398495716137,inf
12,136,inf,inf,inf,650.6258525450706,inf
12,137,inf,inf,inf,752.2346708308519,inf
12,138,inf,inf,inf,541.6133307074338,inf
12,139,inf,inf,inf,248.81519246219673,inf
12,140,inf,inf,inf,547.4303608679372,inf
12,141,inf,inf,inf,431.6480047446067,inf
12,142,inf,inf,inf,154.82893786369524,inf
12,143,inf,inf,inf,630.2578837269709,inf
12,144,inf,inf,inf,403.8824086290464,inf
12,145,inf,inf,inf,698.1783439780985,inf
12,146,inf,inf,inf,532.3044241784958,inf
12,147,inf,inf,inf,794.8194763592548,inf
12,148,inf,inf,inf,661.762041824703,inf
12,149,inf,inf,inf,629.2352501251023,inf
12,150,inf,inf,inf,351.2833614050059,inf
12,151,inf,inf,inf,482.84262446474213,inf
12,152,inf,inf,inf,648.7064050863071,inf
12,153,inf,inf,inf,717.6496359645143,inf
12,154,inf,inf,inf,845.4211968007427,inf
12,155,inf,inf,inf,684.2821055675795,inf
12,156,inf,inf,inf,545.9908424140464,inf
12,157,inf,inf,inf,301.3652269257354,inf
12,158,inf,inf,inf,635.3148825582476,inf
12,159,inf,inf,inf,393.2861553627333,inf
12,160,inf,inf,inf,487.79093882523074,inf
12,161,inf,inf,inf,812.5638436455316,inf
12,162,inf,inf,inf,113.03096920755833,inf
12,163,inf,inf,inf,812.8037893612455,inf
12,164,inf,inf,inf,299.20060160367325,inf
12,165,inf,inf,inf,694.0410650674786,inf
12,166,inf,inf,inf,672.6009217953838,inf
12,167,inf,inf,inf,207.01932276963907,inf
12,168,inf,inf,inf,610.4891481427004,inf
12,169,inf,inf,inf,680.2095265431086,inf
12,170,inf,inf,inf,779.1084648494073,inf
12,171,inf,inf,inf,760.8429535718918,inf
12,172,inf,inf,inf,775.4979045748609,inf
12,173,inf,inf,inf,327.3438559069041,inf
12,174,inf,inf,inf,825.0,inf
12,175,inf,inf,inf,707.2481884034769,inf
12,176,inf,inf,inf,415.98557667303805,inf
12,177,inf,inf,inf,852.4599697346498,inf
12,178,inf,inf,inf,274.2498860528478,inf
12,179,inf,inf,inf,285.63088068344433,inf
12,180,inf,inf,inf,627.0964838045259,inf
12,181,inf,inf,inf,546.6186970823446,inf
12,182,inf,inf,inf,416.9184572551328,inf
12,183,inf,inf,inf,405.3800685776251,inf
12,184,inf,inf,inf,252.23996511258878,inf
12,185,inf,inf,inf,279.1003403795846,inf
12,186,inf,inf,inf,606.4091028340521,inf
12,187,inf,inf,inf,771.621668954417,inf
12,188,inf,inf,inf,597.4152659582779,inf
12,189,inf,inf,inf,543.4565300003304,inf
12,190,inf,inf,inf,483.3963177352513,inf
12,191,inf,inf,inf,517.618585446852,inf
12,192,inf,inf,inf,553.1473583051808,inf
12,193,inf,inf,inf,541.4471350002694,inf
12,194,inf,inf,inf,281.0160137785746,inf
12,195,inf,inf,inf,614.6844719040819,inf
12,196,inf,inf,inf,236.34931774811622,inf
12,197,inf,inf,inf,602.3321342913725,inf
12,198,inf,inf,inf,61.98386886924694,inf
12,199,inf,inf,inf,458.0589481715208,inf
12,200,inf,inf,inf,455.84756223983476,inf
12,201,inf,inf,inf,552.110496187131,inf
12,202,inf,inf,inf,213.00234740490538,inf
13,14,inf,inf,inf,642.4025217883254,inf
13,15,inf,inf,inf,333.492128842646,inf
13,16,inf,inf,inf,796.4483661857811,inf
13,17,inf,inf,inf,611.3894012820307,inf
13,18,inf,inf,inf,1094.3495785168466,inf
13,19,inf,inf,inf,360.5551275463989,inf
13,20,inf,inf,inf,879.0278721405823,inf
13,21,inf,inf,inf,1091.0270390783173,inf
13,22,inf,inf,inf,996.4115615547623,inf
13,23,inf,inf,inf,371.5709891797259,inf
13,24,inf,inf,inf,672.4856875800406,inf
13,25,inf,inf,inf,574.193347227221,inf
13,26,inf,inf,inf,1131.6624938558316,inf
13,27,inf,inf,inf,577.1871446939891,inf
13,28,inf,inf,inf,1119.125104713499,inf
13,29,inf,inf,inf,933.3659518109711,inf
13,30,inf,inf,inf,470.791886081313,inf
13,31,inf,inf,inf,95.77055915050303,inf
13,32,inf,inf,inf,908.9317906201763,inf
13,33,inf,inf,inf,1113.5820580451177,inf
13,34,inf,inf,inf,638.1504524796641,inf
13,35,inf,inf,inf,356.90054637111444,inf
13,36,inf,inf,inf,305.80058861944656,inf
13,37,inf,inf,inf,52.478567053607705,inf
13,38,inf,inf,inf,400.0124998046936,inf
13,39,inf,inf,inf,521.3108477674333,inf
13,40,inf,inf,inf,1188.0812261794224,inf
13,41,inf,inf,inf,191.9088325221119,inf
13,42,inf,inf,inf,923.6124728477848,inf
13,43,inf,inf,inf,475.6185446342478,inf
13,44,inf,inf,inf,721.9563698728615,inf
13,45,inf,inf,inf,1195.5571922747988,inf
13,46,inf,inf,inf,438.83709961670286,inf
13,47,inf,inf,inf,368.40195439221003,inf
13,48,inf,inf,inf,402.6474885057648,inf
13,49,inf,inf,inf,498.26197928399074,inf
13,50,inf,inf,inf,481.6824680222439,inf
13,51,inf,inf,inf,183.5755975068582,inf
13,52,inf,inf,inf,843.2538170681471,inf
13,53,inf,inf,inf,380.2025775820043,inf
13,54,inf,inf,inf,1197.6017702057725,inf
13,55,inf,inf,inf,510.6270654792987,inf
13,56,inf,inf,inf,374.1082730975085,inf
13,57,inf,inf,inf,601.1763468400932,inf
13,58,inf,inf,inf,613.3481882259049,inf
13,59,inf,inf,inf,339.40094283899685,inf
13,60,inf,inf,inf,377.5142381420865,inf
13,61,inf,inf,inf,242.0,inf
13,62,inf,inf,inf,588.5439660722043,inf
13,63,inf,inf,inf,160.52414148656894,inf
13,64,inf,inf,inf,165.8553586713435,inf
13,65,inf,inf,inf,942.7661427947018,inf
13,66,inf,inf,inf,120.7683733433551,inf
13,67,inf,inf,inf,225.14217730136662,inf
13,68,inf,inf,inf,954.3819989920179,inf
13,69,inf,inf,inf,563.7463968842728,inf
13,70,inf,inf,inf,71.28113354878694,inf
13,71,inf,inf,inf,443.6766840842552,inf
13,72,inf,inf,inf,233.77339455121918,inf
13,73,inf,inf,inf,125.8729518204765,inf
13,74,inf,inf,inf,1174.5850331074375,inf
13,75,inf,inf,inf,905.8266942412329,inf
13,76,inf,inf,inf,283.9242856819402,inf
13,77,inf,inf,inf,249.04015740438328,inf
13,78,inf,inf,inf,792.051765985027,inf
13,79,inf,inf,inf,99.00505037623081,inf
13,80,inf,inf,inf,280.49242414011826,inf
13,81,inf,inf,inf,664.2062932553409,inf
13,82,inf,inf,inf,936.1970946333897,inf
13,83,inf,inf,inf,661.6585222000847,inf
13,84,inf,inf,inf,329.49203328760467,inf
13,85,inf,inf,inf,1183.9987331074303,inf
13,86,inf,inf,inf,96.18731725128839,inf
13,87,inf,inf,inf,291.78416680827627,inf
13,88,inf,inf,inf,33.24154027718932,inf
13,89,inf,inf,inf,585.9769620044801,inf
13,90,inf,inf,inf,130.01538370516005,inf
13,91,inf,inf,inf,1204.672569622136,inf
13,92,inf,inf,inf,1029.3109345576777,inf
13,93,inf,inf,inf,530.9058296911045,inf
13,94,inf,inf,inf,230.05434140654683,inf
13,95,inf,inf,inf,507.57561013114093,inf
13,96,inf,inf,inf,738.3901407792496,inf
13,97,inf,inf,inf,846.7614776310977,inf
13,98,inf,inf,inf,368.8278731332544,inf
13,99,inf,inf,inf,700.7460310269335,inf
13,100,inf,inf,inf,200.66389809828772,inf
13,101,inf,inf,inf,669.5169900756814,inf
13,102,inf,inf,inf,588.8174589802853,inf
13,103,inf,inf,inf,598.8363716408682,inf
13,104,inf,inf,inf,962.5144154764645,inf
13,105,inf,inf,inf,311.62316987027776,inf
13,106,inf,inf,inf,268.7322087134328,inf
13,107,inf,inf,inf,804.4631750428356,inf
13,108,inf,inf,inf,977.4221196596689,inf
13,109,inf,inf,inf,160.86329600005092,inf
13,110,inf,inf,inf,1204.4023414125365,inf
13,111,inf,inf,inf,971.3830346469924,inf
13,112,inf,inf,inf,132.4235628579748,inf
13,113,inf,inf,inf,784.70185420961,inf
13,114,inf,inf,inf,612.0367636016647,inf
13,115,inf,inf,inf,762.8394326462155,inf
13,116,inf,inf,inf,165.23922052587878,inf
13,117,inf,inf,inf,573.4003836761883,inf
13,118,inf,inf,inf,590.975464803743,inf
13,119,inf,inf,inf,429.7731959999367,inf
13,120,inf,inf,inf,651.1812343733502,inf
13,121,inf,inf,inf,154.49595463959565,inf
13,122,inf,inf,inf,408.5119337302155,inf
13,123,inf,inf,inf,783.9980867323593,inf
13,124,inf,inf,inf,112.00892821556681,inf
13,125,inf,inf,inf,661.1542936410532,inf
13,126,inf,inf,inf,352.0127838587684,inf
13,127,inf,inf,inf,1195.3279884617443,inf
13,128,inf,inf,inf,1073.0801461214348,inf
13,129,inf,inf,inf,1199.3506576477123,inf
13,130,inf,inf,inf,153.00326793895613,inf
13,131,inf,inf,inf,327.81854737034024,inf
13,132,inf,inf,inf,326.6955769519998,inf
13,133,inf,inf,inf,210.11663427725088,inf
13,134,inf,inf,inf,531.2118221576022,inf
13,135,inf,inf,inf,785.2012480886667,inf
13,136,inf,inf,inf,1091.3477905782372,inf
13,137,inf,inf,inf,197.0913493789111,inf
13,138,inf,inf,inf,484.509029843614,inf
13,139,inf,inf,inf,328.8236609491476,inf
13,140,inf,inf,inf,290.6303494131334,inf
13,141,inf,inf,inf,1003.3753036625926,inf
13,142,inf,inf,inf,420.00238094563224,inf
13,143,inf,inf,inf,1178.4841959059104,inf
13,144,inf,inf,inf,955.6741076329315,inf
13,145,inf,inf,inf,365.2683944717911,inf
13,146,inf,inf,inf,51.40038910358559,inf
13,147,inf,inf,inf,554.2309987721726,inf
13,148,inf,inf,inf,1186.8062183861357,inf
13,149,inf,inf,inf,292.138665705175,inf
13,150,inf,inf,inf,227.1079038695043,inf
13,151,inf,inf,inf,264.0549185302179,inf
13,152,inf,inf,inf,626.5987551854855,inf
13,153,inf,inf,inf,548.555375509164,inf
13,154,inf,inf,inf,273.3806869550225,inf
13,155,inf,inf,inf,1136.2130081987268,inf
13,156,inf,inf,inf,103.24727599312246,inf
13,157,inf,inf,inf,721.6321777747996,inf
13,158,inf,inf,inf,538.5694012845513,inf
13,159,inf,inf,inf,550.7848944914884,inf
13,160,inf,inf,inf,286.41578168809065,inf
13,161,inf,inf,inf,255.0019607767752,inf
13,162,inf,inf,inf,463.1824694437388,inf
13,163,inf,inf,inf,356.2695608664877,inf
13,164,inf,inf,inf,834.6214710873427,inf
13,165,inf,inf,inf,130.3878828726044,inf
13,166,inf,inf,inf,1023.0004887584365,inf
13,167,inf,inf,inf,491.7977226462115,inf
13,168,inf,inf,inf,981.6195800818156,inf
13,169,inf,inf,inf,1009.2001783590805,inf
13,170,inf,inf,inf,362.48034429469413,inf
13,171,inf,inf,inf,274.11676344215067,inf
13,172,inf,inf,inf,900.6358864713309,inf
13,173,inf,inf,inf,900.0022222194788,inf
13,174,inf,inf,inf,309.00647242412253,inf
13,175,inf,inf,inf,160.70469812671936,inf
13,176,inf,inf,inf,826.7587314325746,inf
13,177,inf,inf,inf,281.99645387841315,inf
13,178,inf,inf,inf,501.72203459684727,inf
13,179,inf,inf,inf,566.4953662652503,inf
13,180,inf,inf,inf,1200.2399760047988,inf
13,181,inf,inf,inf,1089.6467317438253,inf
13,182,inf,inf,inf,245.81497106563708,inf
13,183,inf,inf,inf,186.33571852975479,inf
13,184,inf,inf,inf,821.2508751897924,inf
13,185,inf,inf,inf,755.6540213616282,inf
13,186,inf,inf,inf,708.6734085599657,inf
13,187,inf,inf,inf,298.197920851236,inf
13,188,inf,inf,inf,1152.970511331491,inf
13,189,inf,inf,inf,472.2679324281927,inf
13,190,inf,inf,inf,214.94650497274898,inf
13,191,inf,inf,inf,69.8927750200262,inf
13,192,inf,inf,inf,533.0459642469868,inf
13,193,inf,inf,inf,47.4236228055175,inf
13,194,inf,inf,inf,816.9895960169872,inf
13,195,inf,inf,inf,44.01136216933077,inf
13,196,inf,inf,inf,473.92509956743163,inf
13,197,inf,inf,inf,43.93176527297759,inf
13,198,inf,inf,inf,558.6591089385369,inf
13,199,inf,inf,inf,969.5235943493072,inf
13,200,inf,inf,inf,130.6789960169575,inf
13,201,inf,inf,inf,829.3129686674386,inf
13,202,inf,inf,inf,757.0574614915304,inf
14,15,inf,inf,inf,958.2744909471398,inf
14,16,inf,inf,inf,731.6508730261995,inf
14,17,inf,inf,inf,512.9775823561883,inf
14,18,inf,inf,inf,1170.7108951402136,inf
14,19,inf,inf,inf,495.58147665141803,inf
14,20,inf,inf,inf,1223.1095617318997,inf
14,21,inf,inf,inf,667.7012805139735,inf
14,22,inf,inf,inf,1082.64721862664,inf
14,23,inf,inf,inf,634.8070573016655,inf
14,24,inf,inf,inf,36.68787265568828,inf
14,25,inf,inf,inf,147.2175261305528,inf
14,26,inf,inf,inf,1143.7783876258547,inf
14,27,inf,inf,inf,1144.8537024441157,inf
14,28,inf,inf,inf,1152.410517133543,inf
14,29,inf,inf,inf,1144.4758625676645,inf
14,30,inf,inf,inf,496.2841927766791,inf
14,31,inf,inf,inf,556.7414121475068,inf
14,32,inf,inf,inf,296.5569085352759,inf
14,33,inf,inf,inf,913.8063252133901,inf
14,34,inf,inf,inf,839.6529044789877,inf
14,35,inf,inf,inf,305.6550343115585,inf
14,36,inf,inf,inf,939.5983184318712,inf
14,37,inf,inf,inf,624.3564686939666,inf
14,38,inf,inf,inf,881.6286066139188,inf
14,39,inf,inf,inf,366.04917702407147,inf
14,40,inf,inf,inf,1046.4798134699015,inf
14,41,inf,inf,inf,471.00955404322747,inf
14,42,inf,inf,inf,919.4438536419719,inf
14,43,inf,inf,inf,409.4972527380373,inf
14,44,inf,inf,inf,799.2521504506573,inf
14,45,inf,inf,inf,993.9195138440537,inf
14,46,inf,inf,inf,229.6366695456107,inf
14,47,inf,inf,inf,913.6109675348692,inf
14,48,inf,inf,inf,326.29128091323554,inf
14,49,inf,inf,inf,382.4787575800779,inf
14,50,inf,inf,inf,589.3835762896689,inf
14,51,inf,inf,inf,526.6431429345681,inf
14,52,inf,inf,inf,256.82678987987214,inf
14,53,inf,inf,inf,746.1936745912552,inf
14,54,inf,inf,inf,820.7344272052927,inf
14,55,inf,inf,inf,302.2002647252315,inf
14,56,inf,inf,inf,400.6320007188642,inf
14,57,inf,inf,inf,789.1831219685328,inf
14,58,inf,inf,inf,621.5440451005866,inf
14,59,inf,inf,inf,981.8034426503098,inf
14,60,inf,inf,inf,843.3125162121098,inf
14,61,inf,inf,inf,471.1528414431988,inf
14,62,inf,inf,inf,788.2645495009908,inf
14,63,inf,inf,inf,678.2130933563581,inf
14,64,inf,inf,inf,489.33117619869677,inf
14,65,inf,inf,inf,734.0933183185908,inf
14,66,inf,inf,inf,523.4959407674523,inf
14,67,inf,inf,inf,546.6351616937937,inf
14,68,inf,inf,inf,1166.8975961925707,inf
14,69,inf,inf,inf,877.3693634952157,inf
14,70,inf,inf,inf,571.2022408919629,inf
14,71,inf,inf,inf,965.5599411740319,inf
14,72,inf,inf,inf,815.9932597760842,inf
14,73,inf,inf,inf,635.1448653653747,inf
14,74,inf,inf,inf,716.6735658582644,inf
14,75,inf,inf,inf,654.554046660778,inf
14,76,inf,inf,inf,603.2992623897364,inf
14,77,inf,inf,inf,394.14971774694953,inf
14,78,inf,inf,inf,932.9614139930976,inf
14,79,inf,inf,inf,706.7849743733946,inf
14,80,inf,inf,inf,708.2492499113571,inf
14,81,inf,inf,inf,128.3160161476345,inf
14,82,inf,inf,inf,1228.1319147388035,inf
14,83,inf,inf,inf,1039.1924749535092,inf
14,84,inf,inf,inf,410.55084946934403,inf
14,85,inf,inf,inf,1072.385191990266,inf
14,86,inf,inf,inf,724.8592966914338,inf
14,87,inf,inf,inf,775.4953255823016,inf
14,88,inf,inf,inf,631.2527227664052,inf
14,89,inf,inf,inf,723.4984450570713,inf
14,90,inf,inf,inf,545.1797868593442,inf
14,91,inf,inf,inf,912.7633866451919,inf
14,92,inf,inf,inf,1065.0079811907515,inf
14,93,inf,inf,inf,111.94641575325224,inf
14,94,inf,inf,inf,579.937927712958,inf
14,95,inf,inf,inf,183.52111595127138,inf
14,96,inf,inf,inf,136.34148304899725,inf
14,97,inf,inf,inf,1224.7481373735582,inf
14,98,inf,inf,inf,308.71507899679926,inf
14,99,inf,inf,inf,520.4075326126631,inf
14,100,inf,inf,inf,740.5653246000652,inf
14,101,inf,inf,inf,125.89678312014172,inf
14,102,inf,inf,inf,63.694583757176716,inf
14,103,inf,inf,inf,252.06745129032427,inf
14,104,inf,inf,inf,320.887830869293,inf
14,105,inf,inf,inf,946.1426953689386,inf
14,106,inf,inf,inf,467.4719242906466,inf
14,107,inf,inf,inf,442.7008018967212,inf
14,108,inf,inf,inf,359.5622338344226,inf
14,109,inf,inf,inf,694.1037386443038,inf
14,110,inf,inf,inf,861.1213619461545,inf
14,111,inf,inf,inf,1091.051786121997,inf
14,112,inf,inf,inf,529.5063738993139,inf
14,113,inf,inf,inf,945.5263084652906,inf
14,114,inf,inf,inf,791.6880698861137,inf
14,115,inf,inf,inf,176.02556632489498,inf
14,116,inf,inf,inf,659.3671208060044,inf
14,117,inf,inf,inf,255.64232826353307,inf
14,118,2.0,62.2132,62.2132034355964,54.08326913195984,1.1503225384508473
14,119,inf,inf,inf,1058.3156428967684,inf
14,120,inf,inf,inf,251.76576415390556,inf
14,121,inf,inf,inf,532.202968800438,inf
14,122,inf,inf,inf,615.260107596779,inf
14,123,inf,inf,inf,1213.300457430063,inf
14,124,inf,inf,inf,738.9431642555468,inf
14,125,inf,inf,inf,1177.1236128801427,inf
14,126,inf,inf,inf,569.1397016550505,inf
14,127,inf,inf,inf,836.267899658955,inf
14,128,inf,inf,inf,478.20706812007705,inf
14,129,inf,inf,inf,853.7241943391319,inf
14,130,inf,inf,inf,615.8644331344359,inf
14,131,inf,inf,inf,840.520077095128,inf
14,132,inf,inf,inf,943.2565928738585,inf
14,133,inf,inf,inf,495.88910050534486,inf
14,134,inf,inf,inf,550.0081817573263,inf
14,135,inf,inf,inf,269.59599403551977,inf
14,136,inf,inf,inf,1174.4858449551446,inf
14,137,inf,inf,inf,826.9183756574769,inf
14,138,inf,inf,inf,943.2974080320586,inf
14,139,inf,inf,inf,475.5502076542497,inf
14,140,inf,inf,inf,834.0485597373812,inf
14,141,inf,inf,inf,761.3179362132486,inf
14,142,inf,inf,inf,487.25865820937446,inf
14,143,inf,inf,inf,1069.4157283301943,inf
14,144,inf,inf,inf,642.4468849640413,inf
14,145,inf,inf,inf,965.8177881981674,inf
14,146,inf,inf,inf,593.2158123313976,inf
14,147,inf,inf,inf,1130.5684410950096,inf
14,148,inf,inf,inf,753.5582260184013,inf
14,149,inf,inf,inf,436.29577123781525,inf
14,150,inf,inf,inf,498.703318617392,inf
14,151,inf,inf,inf,769.749309840548,inf
14,152,inf,inf,inf,147.73286702694156,inf
14,153,inf,inf,inf,1086.5946806422346,inf
14,154,inf,inf,inf,855.9357452519436,inf
14,155,inf,inf,inf,609.2495383666696,inf
14,156,inf,inf,inf,702.1659348045873,inf
14,157,inf,inf,inf,837.6156636548769,inf
14,158,inf,inf,inf,208.08652046684813,inf
14,159,inf,inf,inf,146.972786596703,inf
14,160,inf,inf,inf,359.0891254271006,inf
14,161,inf,inf,inf,745.7995709304209,inf
14,162,inf,inf,inf,533.8773267333986,inf
14,163,inf,inf,inf,996.5264672852397,inf
14,164,inf,inf,inf,535.6005974604584,inf
14,165,inf,inf,inf,685.0635007063214,inf
14,166,inf,inf,inf,1208.9702229583654,inf
14,167,inf,inf,inf,682.7034495298819,inf
14,168,inf,inf,inf,410.8357335967747,inf
14,169,inf,inf,inf,1216.3502784971113,inf
14,170,inf,inf,inf,549.9463610207818,inf
14,171,inf,inf,inf,615.1788357867979,inf
14,172,inf,inf,inf,272.6169473822198,inf
14,173,inf,inf,inf,730.441647224472,inf
14,174,inf,inf,inf,949.1564676068957,inf
14,175,inf,inf,inf,799.0851018508604,inf
14,176,inf,inf,inf,357.6548615634911,inf
14,177,inf,inf,inf,815.0122698462889,inf
14,178,inf,inf,inf,269.8629281690985,inf
14,179,inf,inf,inf,251.92459189209774,inf
14,180,inf,inf,inf,952.3323999528736,inf
14,181,inf,inf,inf,1004.0841598192852,inf
14,182,inf,inf,inf,404.8505897241598,inf
14,183,inf,inf,inf,615.5664058409945,inf
14,184,inf,inf,inf,619.4513701655684,inf
14,185,inf,inf,inf,811.7191632578351,inf
14,186,inf,inf,inf,1088.5003445107402,inf
14,187,inf,inf,inf,605.574933431033,inf
14,188,inf,inf,inf,798.9443034404838,inf
14,189,inf,inf,inf,194.25756098540927,inf
14,190,inf,inf,inf,427.9263955401676,inf
14,191,inf,inf,inf,642.800124455495,inf
14,192,inf,inf,inf,135.76818478568535,inf
14,193,inf,inf,inf,595.2344076076248,inf
14,194,inf,inf,inf,528.4931409204854,inf
14,195,inf,inf,inf,680.1367509552766,inf
14,196,inf,inf,inf,698.0916845228855,inf
14,197,inf,inf,inf,634.738528844752,inf
14,198,inf,inf,inf,474.4986828221971,inf
14,199,inf,inf,inf,959.4983064080936,inf
14,200,inf,inf,inf,531.7386576129293,inf
14,201,inf,inf,inf,229.2967509582288,inf
14,202,inf,inf,inf,519.8317035349037,inf
15,16,inf,inf,inf,900.144988321326,inf
15,17,inf,inf,inf,785.0019108256998,inf
15,18,inf,inf,inf,1068.7684501331428,inf
15,19,inf,inf,inf,557.7248425523109,inf
15,20,inf,inf,inf,717.7527429414673,inf
15,21,inf,inf,inf,1301.5394730856226,inf
15,22,inf,inf,inf,979.8902999826051,inf
15,23,inf,inf,inf,477.2693160051251,inf
15,24,inf,inf,inf,985.1416141854936,inf
15,25,inf,inf,inf,904.0271013636705,inf
15,26,inf,inf,inf,1136.4123371382414,inf
15,27,inf,inf,inf,277.41665415039523,inf
15,28,inf,inf,inf,1114.0556539060335,inf
15,29,inf,inf,inf,852.4816713572204,inf
15,30,inf,inf,inf,782.5752359997089,inf
15,31,inf,inf,inf,404.31299756500533,inf
15,32,inf,inf,inf,1202.9729839027973,inf
15,33,inf,inf,inf,1226.2984954732676,inf
15,34,inf,inf,inf,639.2534708548715,inf
15,35,inf,inf,inf,687.8117475007242,inf
15,36,inf,inf,inf,217.8003673091485,inf
15,37,inf,inf,inf,372.6459445640057,inf
15,38,inf,inf,inf,278.94981627525766,inf
15,39,inf,inf,inf,850.5492343186254,inf
15,40,inf,inf,inf,1264.5354878373323,inf
15,41,inf,inf,inf,487.46281909495417,inf
15,42,inf,inf,inf,969.5302986498152,inf
15,43,inf,inf,inf,695.449494931156,inf
15,44,inf,inf,inf,771.3792841397803,inf
15,45,inf,inf,inf,1299.883840964261,inf
15,46,inf,inf,inf,768.5030904297003,inf
15,47,inf,inf,inf,183.4693434882242,inf
15,48,inf,inf,inf,672.7198525389302,inf
15,49,inf,inf,inf,726.7461730205396,inf
15,50,inf,inf,inf,612.5234689381298,inf
15,51,inf,inf,inf,508.9803532554081,inf
15,52,inf,inf,inf,1172.720768128543,inf
15,53,inf,inf,inf,396.06186385462564,inf
15,54,inf,inf,inf,1379.9148524456139,inf
15,55,inf,inf,inf,843.5075577610435,inf
15,56,inf,inf,inf,703.5254082120986,inf
15,57,inf,inf,inf,625.4918065010924,inf
15,58,inf,inf,inf,736.4244699899645,inf
15,59,inf,inf,inf,134.46189051177288,inf
15,60,inf,inf,inf,293.28825411188905,inf
15,61,inf,inf,inf,571.4866577620163,inf
15,62,inf,inf,inf,610.3646451097901,inf
15,63,inf,inf,inf,410.2645487974802,inf
15,64,inf,inf,inf,469.1961210410845,inf
15,65,inf,inf,inf,1083.275126641427,inf
15,66,inf,inf,inf,451.648093099041,inf
15,67,inf,inf,inf,438.4883122729727,inf
15,68,inf,inf,inf,869.0086305670387,inf
15,69,inf,inf,inf,513.3351731568762,inf
15,70,inf,inf,inf,401.06109260310956,inf
15,71,inf,inf,inf,241.8677324489565,inf
15,72,inf,inf,inf,341.6738210633059,inf
15,73,inf,inf,inf,414.09781453178425,inf
15,74,inf,inf,inf,1392.5792616580213,inf
15,75,inf,inf,inf,1070.3779706253301,inf
15,76,inf,inf,inf,429.4414977619187,inf
15,77,inf,inf,inf,567.2706585043862,inf
15,78,inf,inf,inf,784.8726011270874,inf
15,79,inf,inf,inf,323.6186026791414,inf
15,80,inf,inf,inf,334.51606837340415,inf
15,81,inf,inf,inf,992.917418519788,inf
15,82,inf,inf,inf,801.8690666187342,inf
15,83,inf,inf,inf,522.7705041411575,inf
15,84,inf,inf,inf,660.1651308574242,inf
15,85,inf,inf,inf,1246.181367217469,inf
15,86,inf,inf,inf,239.40133667128927,inf
15,87,inf,inf,inf,469.00426437293726,inf
15,88,inf,inf,inf,333.9850296046217,inf
15,89,inf,inf,inf,648.422701638368,inf
15,90,inf,inf,inf,460.483441613268,inf
15,91,inf,inf,inf,1349.3483612470131,inf
15,92,inf,inf,inf,1035.73934945043,inf
15,93,inf,inf,inf,849.3209051942616,inf
15,94,inf,inf,inf,414.71194822430664,inf
15,95,inf,inf,inf,837.6980362875396,inf
15,96,inf,inf,inf,1064.0831734408735,inf
15,97,inf,inf,inf,666.1186080571538,inf
15,98,inf,inf,inf,701.3251742237691,inf
15,99,inf,inf,inf,880.2102021676413,inf
15,100,inf,inf,inf,239.30106560565082,inf
15,101,inf,inf,inf,997.9278531036199,inf
15,102,inf,inf,inf,909.6378400220607,inf
15,103,inf,inf,inf,932.3282683690333,inf
15,104,inf,inf,inf,1273.2701991329257,inf
15,105,inf,inf,inf,214.89532335534898,inf
15,106,inf,inf,inf,515.8914614528912,inf
15,107,inf,inf,inf,1027.6312568231856,inf
15,108,inf,inf,inf,1271.4782735068657,inf
15,109,inf,inf,inf,274.6525077256714,inf
15,110,inf,inf,inf,1371.6923853400951,inf
15,111,inf,inf,inf,939.7276201112746,inf
15,112,inf,inf,inf,428.9533774199709,inf
15,113,inf,inf,inf,767.1205902594454,inf
15,114,inf,inf,inf,637.4260741450729,inf
15,115,inf,inf,inf,1057.01702919111,inf
15,116,inf,inf,inf,429.0419559903204,inf
15,117,inf,inf,inf,906.8875343723719,inf
15,118,inf,inf,inf,904.969060244603,inf
15,119,inf,inf,inf,100.16985574512923,inf
15,120,inf,inf,inf,916.5195033385814,inf
15,121,inf,inf,inf,427.5067250933019,inf
15,122,inf,inf,inf,687.4045388270287,inf
15,123,inf,inf,inf,574.4318932649893,inf
15,124,inf,inf,inf,286.1835075611451,inf
15,125,inf,inf,inf,398.20848810641894,inf
15,126,inf,inf,inf,505.7370858459957,inf
15,127,inf,inf,inf,1370.2123922954427,inf
15,128,inf,inf,inf,1353.2922818075924,inf
15,129,inf,inf,inf,1368.0968532965785,inf
15,130,inf,inf,inf,447.16104481495256,inf
15,131,inf,inf,inf,230.23466289853056,inf
15,132,inf,inf,inf,30.01666203960727,inf
15,133,inf,inf,inf,538.8320703150472,inf
15,134,inf,inf,inf,683.7989470597333,inf
15,135,inf,inf,inf,1117.9785328887133,inf
15,136,inf,inf,inf,1062.3601084378122,inf
15,137,inf,inf,inf,244.00819658363937,inf
15,138,inf,inf,inf,337.3603414748094,inf
15,139,inf,inf,inf,546.5473447012619,inf
15,140,inf,inf,inf,191.48106956041372,inf
15,141,inf,inf,inf,1149.2819497407936,inf
15,142,inf,inf,inf,610.4203469741159,inf
15,143,inf,inf,inf,1240.0387090732288,inf
15,144,inf,inf,inf,1137.7170122662314,inf
15,145,inf,inf,inf,76.8505042273634,inf
15,146,inf,inf,inf,374.73323845103465,inf
15,147,inf,inf,inf,248.84734276258607,inf
15,148,inf,inf,inf,1393.7072863410021,inf
15,149,inf,inf,inf,622.2539674441618,inf
15,150,inf,inf,inf,475.28202154089524,inf
15,151,inf,inf,inf,251.4358765172544,inf
15,152,inf,inf,inf,956.9665615892752,inf
15,153,inf,inf,inf,286.09439001839934,inf
15,154,inf,inf,inf,346.132922444543,inf
15,155,inf,inf,inf,1384.891692516061,inf
15,156,inf,inf,inf,256.26743843102656,inf
15,157,inf,inf,inf,748.7389398181451,inf
15,158,inf,inf,inf,871.1567023216891,inf
15,159,inf,inf,inf,847.823684500498,inf
15,160,inf,inf,inf,613.365307137598,inf
15,161,inf,inf,inf,450.8491987350094,inf
15,162,inf,inf,inf,624.8879899630012,inf
15,163,inf,inf,inf,93.7709976485267,inf
15,164,inf,inf,inf,1030.1310596229978,inf
15,165,inf,inf,inf,377.2346749703691,inf
15,166,inf,inf,inf,943.3583624476968,inf
15,167,inf,inf,inf,566.3656063003826,inf
15,168,inf,inf,inf,1256.1401195726535,inf
15,169,inf,inf,inf,918.5347026650653,inf
15,170,inf,inf,inf,662.4567910437631,inf
15,171,inf,inf,inf,553.6650612057799,inf
15,172,inf,inf,inf,1224.1609371320424,inf
15,173,inf,inf,inf,1030.5944886326533,inf
15,174,inf,inf,inf,175.60182231400674,inf
15,175,inf,inf,inf,227.69497139814047,inf
15,176,inf,inf,inf,1081.123952190497,inf
15,177,inf,inf,inf,416.20307543313515,inf
15,178,inf,inf,inf,770.5011356253799,inf
15,179,inf,inf,inf,833.5010497893809,inf
15,180,inf,inf,inf,1325.49801961376,inf
15,181,inf,inf,inf,1150.619398411134,inf
15,182,inf,inf,inf,553.4780935140974,inf
15,183,inf,inf,inf,363.477647180676,inf
15,184,inf,inf,inf,980.9271124808407,inf
15,185,inf,inf,inf,807.3425543101267,inf
15,186,inf,inf,inf,554.992792745996,inf
15,187,inf,inf,inf,580.8175272837417,inf
15,188,inf,inf,inf,1329.4698191384414,inf
15,189,inf,inf,inf,800.5460636340672,inf
15,190,inf,inf,inf,540.5672946081736,inf
15,191,inf,inf,inf,316.21827904155066,inf
15,192,inf,inf,inf,859.4050267481567,inf
15,193,inf,inf,inf,375.7685457831722,inf
15,194,inf,inf,inf,1011.7751726544786,inf
15,195,inf,inf,inf,310.3353025358217,inf
15,196,inf,inf,inf,536.4121549704108,inf
15,197,inf,inf,inf,360.4843963336,inf
15,198,inf,inf,inf,746.6625743935476,inf
15,199,inf,inf,inf,1010.2380907489086,inf
15,200,inf,inf,inf,426.7177052806691,inf
15,201,inf,inf,inf,1122.7257011398644,inf
15,202,inf,inf,inf,944.7883360838024,inf
16,17,inf,inf,inf,233.95084953895764,inf
16,18,inf,inf,inf,442.52570546805526,inf
16,19,inf,inf,inf,445.56705443737644,inf
16,20,inf,inf,inf,658.6349520030045,inf
16,21,inf,inf,inf,507.8287112796991,inf
16,22,inf,inf,inf,361.96408661633825,inf
16,23,inf,inf,inf,439.76925767952446,inf
16,24,inf,inf,inf,722.1807253035767,inf
16,25,inf,inf,inf,828.4757087567505,inf
16,26,inf,inf,inf,413.43681500321185,inf
16,27,inf,inf,inf,895.4356481623903,inf
16,28,inf,inf,inf,420.7766628509713,inf
16,29,inf,inf,inf,484.13427889377965,inf
16,30,inf,inf,inf,1055.2729504730044,inf
16,31,inf,inf,inf,720.5345238085404,inf
16,32,inf,inf,inf,731.0164156843539,inf
16,33,inf,inf,inf,327.00611615075337,inf
16,34,inf,inf,inf,314.21330334662787,inf
16,35,inf,inf,inf,772.2072260734161,inf
16,36,inf,inf,inf,1039.901918451928,inf
16,37,inf,inf,inf,829.5589189442785,inf
16,38,inf,inf,inf,644.1894131387135,inf
16,39,inf,inf,inf,987.18032800497,inf
16,40,inf,inf,inf,392.4296115228819,inf
16,41,inf,inf,inf,654.4898776910152,inf
16,42,inf,inf,inf,187.9627622695517,inf
16,43,inf,inf,inf,388.171353914737,inf
16,44,inf,inf,inf,168.66831356244717,inf
16,45,inf,inf,inf,404.26847514986866,inf
16,46,inf,inf,inf,777.7634601856788,inf
16,47,inf,inf,inf,736.778121282113,inf
16,48,inf,inf,inf,519.7932281205672,inf
16,49,inf,inf,inf,393.4018301940142,inf
16,50,inf,inf,inf,315.0745943423557,inf
16,51,inf,inf,inf,860.1453365565612,inf
16,52,inf,inf,inf,970.0871094906889,inf
16,53,inf,inf,inf,504.13490258064854,inf
16,54,inf,inf,inf,521.93869371795,inf
16,55,inf,inf,inf,926.8710805716187,inf
16,56,inf,inf,inf,910.8309393076192,inf
16,57,inf,inf,inf,297.87413449307746,inf
16,58,inf,inf,inf,183.30848316430968,inf
16,59,inf,inf,inf,1009.9886137972052,inf
16,60,inf,inf,inf,616.8087223767187,inf
16,61,inf,inf,inf,859.0145516811691,inf
16,62,inf,inf,inf,311.5413295214617,inf
16,63,inf,inf,inf,945.3390926011682,inf
16,64,inf,inf,inf,678.7002283777426,inf
16,65,inf,inf,inf,199.90497742677644,inf
16,66,inf,inf,inf,761.7250159998686,inf
16,67,inf,inf,inf,572.3469227662537,inf
16,68,inf,inf,inf,502.92842433093796,inf
16,69,inf,inf,inf,447.2001788908408,inf
16,70,inf,inf,inf,766.2277729239524,inf
16,71,inf,inf,inf,725.8326253345189,inf
16,72,inf,inf,inf,1026.6703463137524,inf
16,73,inf,inf,inf,897.8474257912644,inf
16,74,inf,inf,inf,600.6163500938015,inf
16,75,inf,inf,inf,230.82460874005614,inf
16,76,inf,inf,inf,518.2171359575058,inf
16,77,inf,inf,inf,690.6439024562513,inf
16,78,inf,inf,inf,281.46047679914136,inf
16,79,inf,inf,inf,894.7424210352385,inf
16,80,inf,inf,inf,576.7165681684548,inf
16,81,inf,inf,inf,856.0841080174307,inf
16,82,inf,inf,inf,613.8900553030649,inf
16,83,inf,inf,inf,579.2495144581478,inf
16,84,inf,inf,inf,880.6889348686061,inf
16,85,inf,inf,inf,393.7321424522006,inf
16,86,inf,inf,inf,797.0056461531499,inf
16,87,inf,inf,inf,1081.9020288362528,inf
16,88,inf,inf,inf,763.6340746718942,inf
16,89,inf,inf,inf,254.40322325002094,inf
16,90,inf,inf,inf,823.758459744117,inf
16,91,inf,inf,inf,454.84282999735194,inf
16,92,inf,inf,inf,334.0314356464074,inf
16,93,inf,inf,inf,711.2924855500725,inf
16,94,inf,inf,inf,567.2080746956975,inf
16,95,inf,inf,inf,805.6208785775106,inf
16,96,inf,inf,inf,860.2615881230546,inf
16,97,inf,inf,inf,694.7092917184857,inf
16,98,inf,inf,inf,798.2205209088526,inf
16,99,inf,inf,inf,213.32838535928593,inf
16,100,inf,inf,inf,690.4201619304001,inf
16,101,inf,inf,inf,855.0023391780867,inf
16,102,inf,inf,inf,747.1358644851684,inf
16,103,inf,inf,inf,937.0832406995656,inf
16,104,inf,inf,inf,869.9080411169907,inf
16,105,inf,inf,inf,1042.5224218212288,inf
16,106,inf,inf,inf,552.7648686376514,inf
16,107,inf,inf,inf,369.66065519608657,inf
16,108,inf,inf,inf,774.7877128607552,inf
16,109,inf,inf,inf,685.5720239332991,inf
16,110,inf,inf,inf,495.0,inf
16,111,inf,inf,inf,383.4123107048077,inf
16,112,inf,inf,inf,687.3441641565017,inf
16,113,inf,inf,inf,306.54363474063524,inf
16,114,inf,inf,inf,287.9600666759195,inf
16,115,inf,inf,inf,653.2090017750827,inf
16,116,inf,inf,inf,941.41701705461,inf
16,117,inf,inf,inf,926.3271560307405,inf
16,118,inf,inf,inf,700.6240075818127,inf
16,119,inf,inf,inf,975.5946904324562,inf
16,120,inf,inf,inf,485.9557593032518,inf
16,121,inf,inf,inf,654.0496923017394,inf
16,122,inf,inf,inf,1094.1371029263198,inf
16,123,inf,inf,inf,744.5676597865368,inf
16,124,inf,inf,inf,897.6257572061978,inf
16,125,inf,inf,inf,834.2331808313548,inf
16,126,inf,inf,inf,444.8022032319534,inf
16,127,inf,inf,inf,502.73750606056836,inf
16,128,inf,inf,inf,768.261023350788,inf
16,129,inf,inf,inf,493.25855289087485,inf
16,130,inf,inf,inf,908.0638744053196,inf
16,131,inf,inf,inf,672.1346591271722,inf
16,132,inf,inf,inf,870.9190547921202,inf
16,133,inf,inf,inf,853.5883082610727,inf
16,134,inf,inf,inf,271.4479692316743,inf
16,135,inf,inf,inf,1001.01798185647,inf
16,136,inf,inf,inf,447.49301670528894,inf
16,137,inf,inf,inf,962.0129936752413,inf
16,138,inf,inf,inf,635.4061693121968,inf
16,139,inf,inf,inf,484.4801337516328,inf
16,140,inf,inf,inf,708.7171509142416,inf
16,141,inf,inf,inf,265.2244332636041,inf
16,142,inf,inf,inf,391.4945721207383,inf
16,143,inf,inf,inf,388.73770077006935,inf
16,144,inf,inf,inf,316.6654385941099,inf
16,145,inf,inf,inf,849.7111273838892,inf
16,146,inf,inf,inf,760.1815572611584,inf
16,147,inf,inf,inf,901.746083994824,inf
16,148,inf,inf,inf,577.4054035077954,inf
16,149,inf,inf,inf,871.6358184471311,inf
16,150,inf,inf,inf,584.0547919502073,inf
16,151,inf,inf,inf,654.0558080164108,inf
16,152,inf,inf,inf,860.2255518176613,inf
16,153,inf,inf,inf,811.2810856910199,inf
16,154,inf,inf,inf,1063.5285609705081,inf
16,155,inf,inf,inf,677.5027675220227,inf
16,156,inf,inf,inf,753.0059760719034,inf
16,157,inf,inf,inf,218.01146758828995,inf
16,158,inf,inf,inf,860.5980478713625,inf
16,159,inf,inf,inf,600.8810198367061,inf
16,160,inf,inf,inf,730.0109588218522,inf
16,161,inf,inf,inf,1043.810327597883,inf
16,162,inf,inf,inf,337.61516553614706,inf
16,163,inf,inf,inf,987.5879707651364,inf
16,164,inf,inf,inf,286.7699426369507,inf
16,165,inf,inf,inf,922.3106851815173,inf
16,166,inf,inf,inf,520.7533005176251,inf
16,167,inf,inf,inf,334.4084329080234,inf
16,168,inf,inf,inf,677.0029542033033,inf
16,169,inf,inf,inf,540.0231476520242,inf
16,170,inf,inf,inf,1021.4548448169405,inf
16,171,inf,inf,inf,1000.5448515683842,inf
16,172,inf,inf,inf,935.5773618466834,inf
16,173,inf,inf,inf,141.9929575718458,inf
16,174,inf,inf,inf,1017.7057531526488,inf
16,175,inf,inf,inf,916.0349338316744,inf
16,176,inf,inf,inf,498.6581995716104,inf
16,177,inf,inf,inf,1078.3580110519883,inf
16,178,inf,inf,inf,494.35311266340784,inf
16,179,inf,inf,inf,484.6080890781746,inf
16,180,inf,inf,inf,425.40568872548005,inf
16,181,inf,inf,inf,304.2367499169027,inf
16,182,inf,inf,inf,658.7753790177651,inf
16,183,inf,inf,inf,616.6822520553028,inf
16,184,inf,inf,inf,168.1814496310458,inf
16,185,inf,inf,inf,147.1767644704829,inf
16,186,inf,inf,inf,608.5030813397743,inf
16,187,inf,inf,inf,1012.2450296247446,inf
16,188,inf,inf,inf,467.552136130293,inf
16,189,inf,inf,inf,772.7386362800814,inf
16,190,inf,inf,inf,724.9606885893883,inf
16,191,inf,inf,inf,734.986394431897,inf
16,192,inf,inf,inf,773.7932540414138,inf
16,193,inf,inf,inf,769.7174806381885,inf
16,194,inf,inf,inf,277.04512267859906,inf
16,195,inf,inf,inf,835.555503841606,inf
16,196,inf,inf,inf,363.8035183996988,inf
16,197,inf,inf,inf,829.6240112243618,inf
16,198,inf,inf,inf,288.7801932266131,inf
16,199,inf,inf,inf,228.21481108815001,inf
16,200,inf,inf,inf,687.8902528746864,inf
16,201,inf,inf,inf,682.0102638523852,inf
16,202,inf,inf,inf,237.6930794112441,inf
17,18,inf,inf,inf,660.3711077871291,inf
17,19,inf,inf,inf,251.3105648396024,inf
17,20,inf,inf,inf,756.8256073891791,inf
17,21,inf,inf,inf,518.5836480260441,inf
17,22,inf,inf,inf,570.3165787525381,inf
17,23,inf,inf,inf,309.8031633150314,inf
17,24,inf,inf,inf,508.8064465000419,inf
17,25,inf,inf,inf,598.6192445954273,inf
17,26,inf,inf,inf,644.3454042669972,inf
17,27,inf,inf,inf,850.9312545676061,inf
17,28,inf,inf,inf,648.4103638900291,inf
17,29,inf,inf,inf,640.7128842156992,inf
17,30,inf,inf,inf,823.85678367056,inf
17,31,inf,inf,inf,525.0609488430844,inf
17,32,inf,inf,inf,574.1811560822943,inf
17,33,inf,inf,inf,511.9726555198041,inf
17,34,inf,inf,inf,363.319418693799,inf
17,35,inf,inf,inf,540.0786979691015,inf
17,36,inf,inf,inf,886.2759164052694,inf
17,37,inf,inf,inf,636.0636760576728,inf
17,38,inf,inf,inf,573.4989101994877,inf
17,39,inf,inf,inf,753.239669693518,inf
17,40,inf,inf,inf,609.2766202637354,inf
17,41,inf,inf,inf,446.1748536168304,inf
17,42,inf,inf,inf,415.5779108663019,inf
17,43,inf,inf,inf,158.39823231336896,inf
17,44,inf,inf,inf,289.4304752440558,inf
17,45,inf,inf,inf,596.1962764056817,inf
17,46,inf,inf,inf,543.8133871099534,inf
17,47,inf,inf,inf,650.778764250955,inf
17,48,inf,inf,inf,288.11803136909015,inf
17,49,inf,inf,inf,159.76232346833217,inf
17,50,inf,inf,inf,179.06702655709677,inf
17,51,inf,inf,inf,645.8118921172015,inf
17,52,inf,inf,inf,761.8359403441137,inf
17,53,inf,inf,inf,413.9770525041213,inf
17,54,inf,inf,inf,597.987458062458,inf
17,55,inf,inf,inf,692.9855698353322,inf
17,56,inf,inf,inf,680.0,inf
17,57,inf,inf,inf,318.90437438203946,inf
17,58,inf,inf,inf,118.00423721205946,inf
17,59,inf,inf,inf,874.9971428524781,inf
17,60,inf,inf,inf,537.8196723809942,inf
17,61,inf,inf,inf,637.3578272838579,inf
17,62,inf,inf,inf,324.27920068977596,inf
17,63,inf,inf,inf,747.5245815356175,inf
17,64,inf,inf,inf,472.53042230104086,inf
17,65,inf,inf,inf,333.384162791216,inf
17,66,inf,inf,inf,555.533977358721,inf
17,67,inf,inf,inf,388.9730067755345,inf
17,68,inf,inf,inf,662.5315086846814,inf
17,69,inf,inf,inf,450.7782159776579,inf
17,70,inf,inf,inf,569.0219679414847,inf
17,71,inf,inf,inf,664.7044455996966,inf
17,72,inf,inf,inf,845.1585650042246,inf
17,73,inf,inf,inf,697.9290794916056,inf
17,74,inf,inf,inf,611.4221127829775,inf
17,75,inf,inf,inf,295.5486423585803,inf
17,76,inf,inf,inf,360.99861495579177,inf
17,77,inf,inf,inf,468.187996428785,inf
17,78,inf,inf,inf,425.9589182069088,inf
17,79,inf,inf,inf,710.1330861183698,inf
17,80,inf,inf,inf,450.89355728375625,inf
17,81,inf,inf,inf,633.0157975911818,inf
17,82,inf,inf,inf,741.4917396707801,inf
17,83,inf,inf,inf,613.2772619297083,inf
17,84,inf,inf,inf,651.8481418244589,inf
17,85,inf,inf,inf,618.9442624340256,inf
17,86,inf,inf,inf,633.0284353802758,inf
17,87,inf,inf,inf,883.3600624886774,inf
17,88,inf,inf,inf,580.4291515766588,inf
17,89,inf,inf,inf,247.95160818191923,inf
17,90,inf,inf,inf,615.7085349416557,inf
17,91,inf,inf,inf,593.2832375855565,inf
17,92,inf,inf,inf,558.1755996100152,inf
17,93,inf,inf,inf,481.17564360636544,inf
17,94,inf,inf,inf,395.0923942573433,inf
17,95,inf,inf,inf,572.7844271626107,inf
17,96,inf,inf,inf,646.4216889925647,inf
17,97,inf,inf,inf,774.3190556869952,inf
17,98,inf,inf,inf,565.7782251023806,inf
17,99,inf,inf,inf,95.25754563287887,inf
17,100,inf,inf,inf,551.9429318326307,inf
17,101,inf,inf,inf,632.5820104935011,inf
17,102,inf,inf,inf,521.1765535785354,inf
17,103,inf,inf,inf,705.5551006122768,inf
17,104,inf,inf,inf,701.1027028902399,inf
17,105,inf,inf,inf,890.0966239684319,inf
17,106,inf,inf,inf,348.1436485130815,inf
17,107,inf,inf,inf,265.42418879973997,inf
17,108,inf,inf,inf,630.353075664742,inf
17,109,inf,inf,inf,532.5729996911222,inf
17,110,inf,inf,inf,597.146548177246,inf
17,111,inf,inf,inf,578.1660661090376,inf
17,112,inf,inf,inf,489.004089962446,inf
17,113,inf,inf,inf,441.7623795662098,inf
17,114,inf,inf,inf,316.6385952470103,inf
17,115,inf,inf,inf,466.58011102060493,inf
17,116,inf,inf,inf,740.5572226371166,inf
17,117,inf,inf,inf,693.9344349432445,inf
17,118,inf,inf,inf,476.60151069840305,inf
17,119,inf,inf,inf,873.7562589189275,inf
17,120,inf,inf,inf,284.42925306655786,inf
17,121,inf,inf,inf,459.31470692761405,inf
17,122,inf,inf,inf,870.2488149948841,inf
17,123,inf,inf,inf,793.1002458705962,inf
17,124,inf,inf,inf,720.0312493218611,inf
17,125,inf,inf,inf,826.3377033634614,inf
17,126,inf,inf,inf,282.0815484926301,inf
17,127,inf,inf,inf,591.3797426358126,inf
17,128,inf,inf,inf,659.9060539197985,inf
17,129,inf,inf,inf,592.6288889347194,inf
17,130,inf,inf,inf,703.3924935624491,inf
17,131,inf,inf,inf,575.6005559413577,inf
17,132,inf,inf,inf,758.3488643098241,inf
17,133,inf,inf,inf,635.4462998554637,inf
17,134,inf,inf,inf,104.1393297462587,inf
17,135,inf,inf,inf,781.8951336336606,inf
17,136,inf,inf,inf,663.509608069092,inf
17,137,inf,inf,inf,794.6722594881489,inf
17,138,inf,inf,inf,596.0536888569686,inf
17,139,inf,inf,inf,283.21370023358685,inf
17,140,inf,inf,inf,599.7007587122098,inf
17,141,inf,inf,inf,392.28688481773133,inf
17,142,inf,inf,inf,191.637678967368,inf
17,143,inf,inf,inf,614.4818955835884,inf
17,144,inf,inf,inf,354.3162429243119,inf
17,145,inf,inf,inf,750.7929141913901,inf
17,146,inf,inf,inf,568.4654782834223,inf
17,147,inf,inf,inf,849.3014776862218,inf
17,148,inf,inf,inf,609.288109189733,inf
17,149,inf,inf,inf,645.4796666046112,inf
17,150,inf,inf,inf,386.15670394284234,inf
17,151,inf,inf,inf,534.4005988020597,inf
17,152,inf,inf,inf,633.277980037203,inf
17,153,inf,inf,inf,772.1981610959715,inf
17,154,inf,inf,inf,884.5903006477066,inf
17,155,inf,inf,inf,629.832517420306,inf
17,156,inf,inf,inf,590.3736105213376,inf
17,157,inf,inf,inf,332.28000240760804,inf
17,158,inf,inf,inf,628.1034946567326,inf
17,159,inf,inf,inf,374.50901190759083,inf
17,160,inf,inf,inf,502.5385557347814,inf
17,161,inf,inf,inf,845.1987931841834,inf
17,162,inf,inf,inf,160.63934760823702,inf
17,163,inf,inf,inf,862.5062318615443,inf
17,164,inf,inf,inf,246.02845363900494,inf
17,165,inf,inf,inf,729.006172813372,inf
17,166,inf,inf,inf,699.2774842650091,inf
17,167,inf,inf,inf,260.98658969380017,inf
17,168,inf,inf,inf,559.7320787662612,inf
17,169,inf,inf,inf,709.4349864504851,inf
17,170,inf,inf,inf,796.5858396933754,inf
17,171,inf,inf,inf,785.6137727916944,inf
17,172,inf,inf,inf,741.8045564702336,inf
17,173,inf,inf,inf,296.33933252270106,inf
17,174,inf,inf,inf,871.5319844962662,inf
17,175,inf,inf,inf,750.1873099433234,inf
17,176,inf,inf,inf,365.24649211183396,inf
17,177,inf,inf,inf,888.0951525596793,inf
17,178,inf,inf,inf,262.09158704544484,inf
17,179,inf,inf,inf,261.19724347703215,inf
17,180,inf,inf,inf,591.7609314579664,inf
17,181,inf,inf,inf,534.2181202467771,inf
17,182,inf,inf,inf,438.75505695091425,inf
17,183,inf,inf,inf,449.7554891271478,inf
17,184,inf,inf,inf,209.86185932655795,inf
17,185,inf,inf,inf,299.16216338300535,inf
17,186,inf,inf,inf,655.738514958516,inf
17,187,inf,inf,inf,794.8012330136385,inf
17,188,inf,inf,inf,549.6053129291965,inf
17,189,inf,inf,inf,539.1790055259942,inf
17,190,inf,inf,inf,505.69259436934607,inf
17,191,inf,inf,inf,558.7933428379404,inf
17,192,inf,inf,inf,542.6536648729095,inf
17,193,inf,inf,inf,577.3127402023968,inf
17,194,inf,inf,inf,227.74766738651792,inf
17,195,inf,inf,inf,653.7583651472461,inf
17,196,inf,inf,inf,290.6303494131334,inf
17,197,inf,inf,inf,638.3455177253146,inf
17,198,inf,inf,inf,57.87054518492115,inf
17,199,inf,inf,inf,458.93899376714546,inf
17,200,inf,inf,inf,490.0,inf
17,201,inf,inf,inf,510.00098039121457,inf
17,202,inf,inf,inf,160.0656115472652,inf
18,19,inf,inf,inf,802.9202949234749,inf
18,20,inf,inf,inf,487.71405556944944,inf
18,21,inf,inf,inf,850.844874227964,inf
18,22,inf,inf,inf,98.73702446397704,inf
18,23,inf,inf,inf,728.5272815756456,inf
18,24,inf,inf,inf,1163.0520194729038,inf
18,25,inf,inf,inf,1257.952701813546,inf
18,26,inf,inf,inf,113.89907813498755,inf
18,27,inf,inf,inf,942.4871351907144,inf
18,28,inf,inf,inf,76.38062581571324,inf
18,29,inf,inf,inf,252.66776604861965,inf
18,30,inf,inf,inf,1444.1031819091045,inf
18,31,inf,inf,inf,1043.2377485501568,inf
18,32,inf,inf,inf,1164.95922675431,inf
18,33,inf,inf,inf,479.0093944798995,inf
18,34,inf,inf,inf,456.92121859243963,inf
18,35,inf,inf,inf,1170.2875714968523,inf
18,36,inf,inf,inf,1260.2321214760398,inf
18,37,inf,inf,inf,1139.1264196743045,inf
18,38,inf,inf,inf,790.9696580779821,inf
18,39,inf,inf,inf,1396.4311655072727,inf
18,40,inf,inf,inf,382.4604554721965,inf
18,41,inf,inf,inf,1004.6740765044154,inf
18,42,inf,inf,inf,256.56383221335,inf
18,43,inf,inf,inf,796.1532515791165,inf
18,44,inf,inf,inf,396.23225512317896,inf
18,45,inf,inf,inf,485.6747883100378,inf
18,46,inf,inf,inf,1190.8757281933326,inf
18,47,inf,inf,inf,885.3005139499243,inf
18,48,inf,inf,inf,924.5896387046525,inf
18,49,inf,inf,inf,810.753970079703,inf
18,50,inf,inf,inf,657.4077882106357,inf
18,51,inf,inf,inf,1207.6129346773328,inf
18,52,inf,inf,inf,1412.3016674917578,inf
18,53,inf,inf,inf,722.5406562955471,inf
18,54,inf,inf,inf,787.5131744929731,inf
18,55,inf,inf,inf,1340.6106817417203,inf
18,56,inf,inf,inf,1300.0961502904313,inf
18,57,inf,inf,inf,493.6172606382398,inf
18,58,inf,inf,inf,565.4352305967501,inf
18,59,inf,inf,inf,1199.9041628396828,inf
18,60,inf,inf,inf,783.9005038906405,inf
18,61,inf,inf,inf,1223.006541274412,inf
18,62,inf,inf,inf,505.8942577258611,inf
18,63,inf,inf,inf,1254.561676443211,inf
18,64,inf,inf,inf,1023.138798013251,inf
18,65,inf,inf,inf,534.083326832059,inf
18,66,inf,inf,inf,1099.4562292333424,inf
18,67,inf,inf,inf,895.0810019210552,inf
18,68,inf,inf,inf,249.48346638605133,inf
18,69,inf,inf,inf,559.2897281373939,inf
18,70,inf,inf,inf,1087.6635509200444,inf
18,71,inf,inf,inf,836.3695355523179,inf
18,72,inf,inf,inf,1299.3294424432936,inf
18,73,inf,inf,inf,1214.2162080947528,inf
18,74,inf,inf,inf,927.6642711671071,inf
18,75,inf,inf,inf,610.872327086438,inf
18,76,inf,inf,inf,817.3726200454723,inf
18,77,inf,inf,inf,1064.6360880601408,inf
18,78,inf,inf,inf,302.3193675568934,inf
18,79,inf,inf,inf,1183.0726943007348,inf
18,80,inf,inf,inf,821.3263663124422,inf
18,81,inf,inf,inf,1292.8870793692695,inf
18,82,inf,inf,inf,390.4663877979768,inf
18,83,inf,inf,inf,572.734668061922,inf
18,84,inf,inf,inf,1263.6217788563158,inf
18,85,inf,inf,inf,330.9048201522607,inf
18,86,inf,inf,inf,1059.9646220511324,inf
18,87,inf,inf,inf,1384.7761551962108,inf
18,88,inf,inf,inf,1061.758918022354,inf
18,89,inf,inf,inf,521.0470228299937,inf
18,90,inf,inf,inf,1160.6502487829828,inf
18,91,inf,inf,inf,641.3867787848452,inf
18,92,inf,inf,inf,112.96902230257638,inf
18,93,inf,inf,inf,1140.6278972565945,inf
18,94,inf,inf,inf,875.673455118973,inf
18,95,inf,inf,inf,1227.838751628242,inf
18,96,inf,inf,inf,1301.2812916506562,inf
18,97,inf,inf,inf,552.307885151027,inf
18,98,inf,inf,inf,1197.148695860293,inf
18,99,inf,inf,inf,655.7347024521426,inf
18,100,inf,inf,inf,929.3099590556425,inf
18,101,inf,inf,inf,1292.2453327445219,inf
18,102,inf,inf,inf,1181.5231694723552,inf
18,103,inf,inf,inf,1362.7743760432245,inf
18,104,inf,inf,inf,1306.1933241293189,inf
18,105,inf,inf,inf,1260.457853321562,inf
18,106,inf,inf,inf,907.5825031367672,inf
18,107,inf,inf,inf,800.812087820857,inf
18,108,inf,inf,inf,1202.9235220910762,inf
18,109,inf,inf,inf,946.982576397264,inf
18,110,inf,inf,inf,730.1520389617494,inf
18,111,inf,inf,inf,129.0658746532173,inf
18,112,inf,inf,inf,1018.0063850487383,inf
18,113,inf,inf,inf,311.60231064611827,inf
18,114,inf,inf,inf,483.125242561388,inf
18,115,inf,inf,inf,1095.0913203929615,inf
18,116,inf,inf,inf,1256.8392896468506,inf
18,117,inf,inf,inf,1349.4980548337223,inf
18,118,inf,inf,inf,1136.5654402629002,inf
18,119,inf,inf,inf,1111.3325334930134,inf
18,120,inf,inf,inf,927.9709047163063,inf
18,121,inf,inf,inf,982.496819333274,inf
18,122,inf,inf,inf,1456.0017170319545,inf
18,123,inf,inf,inf,651.436873380683,inf
18,124,inf,inf,inf,1173.2420892552398,inf
18,125,inf,inf,inf,826.9897218224662,inf
18,126,inf,inf,inf,767.9505192393583,inf
18,127,inf,inf,inf,755.8544833498046,inf
18,128,inf,inf,inf,1177.4727173060105,inf
18,129,inf,inf,inf,733.2400698270656,inf
18,130,inf,inf,inf,1233.0502828352135,inf
18,131,inf,inf,inf,851.5503508307656,inf
18,132,inf,inf,inf,1039.331034848859,inf
18,133,inf,inf,inf,1209.6751630086483,inf
18,134,inf,inf,inf,654.5418244848835,inf
18,135,inf,inf,inf,1440.292331438309,inf
18,136,inf,inf,inf,12.041594578792296,inf
18,137,inf,inf,inf,1213.7619206417708,inf
18,138,inf,inf,inf,735.0442163570842,inf
18,139,inf,inf,inf,843.7677405542357,inf
18,140,inf,inf,inf,899.3425376351327,inf
18,141,inf,inf,inf,564.553806115945,inf
18,142,inf,inf,inf,764.7385174031709,inf
18,143,inf,inf,inf,325.88648330361906,inf
18,144,inf,inf,inf,684.1125638372679,inf
18,145,inf,inf,inf,998.4988733093293,inf
18,146,inf,inf,inf,1072.8005406411762,inf
18,147,inf,inf,inf,961.81131205658,inf
18,148,inf,inf,inf,885.6240737468692,inf
18,149,inf,inf,inf,1246.7790501929362,inf
18,150,inf,inf,inf,925.4474593406154,inf
18,151,inf,inf,inf,872.1570959408632,inf
18,152,inf,inf,inf,1293.6108379261516,inf
18,153,inf,inf,inf,865.0202309772876,inf
18,154,inf,inf,inf,1328.7926851093064,inf
18,155,inf,inf,inf,1049.1220138763651,inf
18,156,inf,inf,inf,1019.3355679068596,inf
18,157,inf,inf,inf,379.6682762623182,inf
18,158,inf,inf,inf,1283.7507546248999,inf
18,159,inf,inf,inf,1034.8183415459932,inf
18,160,inf,inf,inf,1114.0578979568343,inf
18,161,inf,inf,inf,1348.835423615498,inf
18,162,inf,inf,inf,703.9126366247448,inf
18,163,inf,inf,inf,1162.4943010613,inf
18,164,inf,inf,inf,707.2764664542431,inf
18,165,inf,inf,inf,1224.4721311650992,inf
18,166,inf,inf,inf,196.4001018329675,inf
18,167,inf,inf,inf,610.2196325914138,inf
18,168,inf,inf,inf,1095.0844716276458,inf
18,169,inf,inf,inf,234.82759633399138,inf
18,170,inf,inf,inf,1388.2020746274657,inf
18,171,inf,inf,inf,1342.7274481442614,inf
18,172,inf,inf,inf,1377.552902795388,inf
18,173,inf,inf,inf,498.8236161209692,inf
18,174,inf,inf,inf,1226.6841484261545,inf
18,175,inf,inf,inf,1169.3746191875382,inf
18,176,inf,inf,inf,931.0343710089332,inf
18,177,inf,inf,inf,1364.6688242940115,inf
18,178,inf,inf,inf,920.7095090200818,inf
18,179,inf,inf,inf,920.3966536227737,inf
18,180,inf,inf,inf,565.2760387633638,inf
18,181,inf,inf,inf,288.71612355391585,inf
18,182,inf,inf,inf,1029.6737347334833,inf
18,183,inf,inf,inf,909.5944151103831,inf
18,184,inf,inf,inf,589.5659420285402,inf
18,185,inf,inf,inf,372.1558813185679,inf
18,186,inf,inf,inf,564.4156269984027,inf
18,187,inf,inf,inf,1359.8841862452846,inf
18,188,inf,inf,inf,740.197271002805,inf
18,189,inf,inf,inf,1191.5116449284078,inf
18,190,inf,inf,inf,1090.286659553349,inf
18,191,inf,inf,inf,1025.0170730285422,inf
18,192,inf,inf,inf,1201.0016652777797,inf
18,193,inf,inf,inf,1082.606114891284,inf
18,194,inf,inf,inf,702.453557183676,inf
18,195,inf,inf,inf,1124.1574622800847,inf
18,196,inf,inf,inf,622.9285673333661,inf
18,197,inf,inf,inf,1135.2572395717193,inf
18,198,inf,inf,inf,706.8047821004043,inf
18,199,inf,inf,inf,225.73657213663896,inf
18,200,inf,inf,inf,1017.7671639427164,inf
18,201,inf,inf,inf,1121.1177458233367,inf
18,202,inf,inf,inf,676.0539919266804,inf
19,20,inf,inf,inf,739.5201146689656,inf
19,21,inf,inf,inf,750.4265453726966,inf
19,22,inf,inf,inf,704.8091940376487,inf
19,23,inf,inf,inf,139.2300254973761,inf
19,24,inf,inf,inf,509.4281107280987,inf
19,25,inf,inf,inf,517.8204321963358,inf
19,26,inf,inf,inf,817.4717120488024,inf
19,27,inf,inf,inf,677.89748487511,inf
19,28,inf,inf,inf,811.8873074509787,inf
19,29,inf,inf,inf,703.002133709422,inf
19,30,inf,inf,inf,641.7203440752054,inf
19,31,inf,inf,inf,277.22193275424655,inf
19,32,inf,inf,inf,675.7492138360207,inf
19,33,inf,inf,inf,755.0794660166571,inf
19,34,inf,inf,inf,382.4604554721965,inf
19,35,inf,inf,inf,375.9494646890723,inf
19,36,inf,inf,inf,638.148885449156,inf
19,37,inf,inf,inf,387.806652856807,inf
19,38,inf,inf,inf,400.7617746242773,inf
19,39,inf,inf,inf,606.601186942459,inf
19,40,inf,inf,inf,837.6019340951882,inf
19,41,inf,inf,inf,210.02142747824567,inf
19,42,inf,inf,inf,594.8613283783036,inf
19,43,inf,inf,inf,138.03260484392808,inf
19,44,inf,inf,inf,407.8001961745482,inf
19,45,inf,inf,inf,837.924220917381,inf
19,46,inf,inf,inf,414.79874638190506,inf
19,47,inf,inf,inf,454.35668807666957,inf
19,48,inf,inf,inf,170.07351351694948,inf
19,49,inf,inf,inf,170.48460341039598,inf
19,50,inf,inf,inf,145.8012345626744,inf
19,51,inf,inf,inf,416.77331968349415,inf
19,52,inf,inf,inf,749.1308296953209,inf
19,53,inf,inf,inf,253.04940229133123,inf
19,54,inf,inf,inf,844.5412956155549,inf
19,55,inf,inf,inf,558.1576838134542,inf
19,56,inf,inf,inf,498.5147941636236,inf
19,57,inf,inf,inf,332.8257802514703,inf
19,58,inf,inf,inf,263.73471519691907,inf
19,59,inf,inf,inf,634.2184166357833,inf
19,60,inf,inf,inf,361.7692634815733,inf
19,61,inf,inf,inf,422.9468051658506,inf
19,62,inf,inf,inf,326.5333061113368,inf
19,63,inf,inf,inf,501.8445974602098,inf
19,64,inf,inf,inf,233.3838040653207,inf
19,65,inf,inf,inf,582.2782839845567,inf
19,66,inf,inf,inf,316.2040480449294,inf
19,67,inf,inf,inf,137.87313008704777,inf
19,68,inf,inf,inf,725.7857810676646,inf
19,69,inf,inf,inf,387.9304061297593,inf
19,70,inf,inf,inf,322.3678023624568,inf
19,71,inf,inf,inf,490.6006522621021,inf
19,72,inf,inf,inf,594.2810782786206,inf
19,73,inf,inf,inf,453.4357727396461,inf
19,74,inf,inf,inf,839.1960438419619,inf
19,75,inf,inf,inf,546.6278441499298,inf
19,76,inf,inf,inf,131.04579352272242,inf
19,77,inf,inf,inf,261.72695696087555,inf
19,78,inf,inf,inf,513.9902722814898,inf
19,79,inf,inf,inf,459.48014102896764,inf
19,80,inf,inf,inf,239.240464804765,inf
19,81,inf,inf,inf,583.5837557711832,inf
19,82,inf,inf,inf,758.9631084578485,inf
19,83,inf,inf,inf,545.776511037256,inf
19,84,inf,inf,inf,460.9175631281585,inf
19,85,inf,inf,inf,838.6733571540234,inf
19,86,inf,inf,inf,383.9427040588218,inf
19,87,inf,inf,inf,638.4183581320324,inf
19,88,inf,inf,inf,329.2795165205391,inf
19,89,inf,inf,inf,285.112258592997,inf
19,90,inf,inf,inf,378.3437590340298,inf
19,91,inf,inf,inf,844.3909047354786,inf
19,92,inf,inf,inf,719.1946885232121,inf
19,93,inf,inf,inf,414.03019213579097,inf
19,94,inf,inf,inf,148.07092894960846,inf
19,95,inf,inf,inf,468.35136382848293,inf
19,96,inf,inf,inf,628.0286617663241,inf
19,97,inf,inf,inf,734.6870081878405,inf
19,98,inf,inf,inf,402.6834985444524,inf
19,99,inf,inf,inf,342.7608495729931,inf
19,100,inf,inf,inf,318.6000627746329,inf
19,101,inf,inf,inf,585.8438358470626,inf
19,102,inf,inf,inf,472.29863434060445,inf
19,103,inf,inf,inf,603.1624988342694,inf
19,104,inf,inf,inf,772.2654983876982,inf
19,105,inf,inf,inf,642.2997742487537,inf
19,106,inf,inf,inf,108.33743581975715,inf
19,107,inf,inf,inf,471.0,inf
19,108,inf,inf,inf,742.0741202871853,inf
19,109,inf,inf,inf,290.5116176678654,inf
19,110,inf,inf,inf,847.2219307831921,inf
19,111,inf,inf,inf,693.6749959455076,inf
19,112,inf,inf,inf,242.6849809938802,inf
19,113,inf,inf,inf,516.7949303156911,inf
19,114,inf,inf,inf,339.57178916983077,inf
19,115,inf,inf,inf,536.6600413669719,inf
19,116,inf,inf,inf,496.8138484382254,inf
19,117,inf,inf,inf,584.3184063505103,inf
19,118,inf,inf,inf,444.0405386898813,inf
19,119,inf,inf,inf,652.7671866753108,inf
19,120,inf,inf,inf,371.74857094547116,inf
19,121,inf,inf,inf,210.68697159530296,inf
19,122,inf,inf,inf,658.2719802634774,inf
19,123,inf,inf,inf,718.0062673821169,inf
19,124,inf,inf,inf,468.72806615350015,inf
19,125,inf,inf,inf,690.0181157042183,inf
19,126,inf,inf,inf,73.97972695272672,inf
19,127,inf,inf,inf,839.9815474163703,inf
19,128,inf,inf,inf,808.2951193716315,inf
19,129,inf,inf,inf,842.4737384631048,inf
19,130,inf,inf,inf,462.61214856508036,inf
19,131,inf,inf,inf,376.64970463283254,inf
19,132,inf,inf,inf,533.7883475685845,inf
19,133,inf,inf,inf,413.26625799839985,inf
19,134,inf,inf,inf,174.54512310574592,inf
19,135,inf,inf,inf,735.0516988620597,inf
19,136,inf,inf,inf,802.6456254163477,inf
19,137,inf,inf,inf,543.9531229802803,inf
19,138,inf,inf,inf,452.8454482491792,inf
19,139,inf,inf,inf,41.048751503547585,inf
19,140,inf,inf,inf,386.9185960896684,inf
19,141,inf,inf,inf,642.870126853006,inf
19,142,inf,inf,inf,59.682493245507096,inf
19,143,inf,inf,inf,833.5136471588213,inf
19,144,inf,inf,inf,600.9600652289635,inf
19,145,inf,inf,inf,536.7504075452575,inf
19,146,inf,inf,inf,319.189598828032,inf
19,147,inf,inf,inf,669.1875671289777,inf
19,148,inf,inf,inf,844.6235847997616,inf
19,149,inf,inf,inf,444.05517675171853,inf
19,150,inf,inf,inf,138.91724155050014,inf
19,151,inf,inf,inf,318.06445887587,inf
19,152,inf,inf,inf,565.9911660087992,inf
19,153,inf,inf,inf,609.7155074294897,inf
19,154,inf,inf,inf,633.4800707204607,inf
19,155,inf,inf,inf,827.3934976781,inf
19,156,inf,inf,inf,342.257213218363,inf
19,157,inf,inf,inf,425.1035168050248,inf
19,158,inf,inf,inf,522.4720088196113,inf
19,159,inf,inf,inf,353.2760959929217,inf
19,160,inf,inf,inf,312.65636088203934,inf
19,161,inf,inf,inf,600.2216257350279,inf
19,162,inf,inf,inf,108.15729286552988,inf
19,163,inf,inf,inf,627.0948891515542,inf
19,164,inf,inf,inf,483.97623908617663,inf
19,165,inf,inf,inf,481.0,inf
19,166,inf,inf,inf,781.9015283269371,inf
19,167,inf,inf,inf,210.48752932181043,inf
19,168,inf,inf,inf,708.6162572224829,inf
19,169,inf,inf,inf,779.6698019033443,inf
19,170,inf,inf,inf,588.1088334653714,inf
19,171,inf,inf,inf,556.7225520849681,inf
19,172,inf,inf,inf,764.5554263753544,inf
19,173,inf,inf,inf,540.4479623423517,inf
19,174,inf,inf,inf,626.0071884571295,inf
19,175,inf,inf,inf,499.8659820391862,inf
19,176,inf,inf,inf,526.2413894782508,inf
19,177,inf,inf,inf,639.3449773009874,inf
19,178,inf,inf,inf,241.91940806805889,inf
19,179,inf,inf,inf,295.62983611266304,inf
19,180,inf,inf,inf,840.0095237555346,inf
19,181,inf,inf,inf,746.9471199489292,inf
19,182,inf,inf,inf,226.77080940897133,inf
19,183,inf,inf,inf,203.1772625073977,inf
19,184,inf,inf,inf,461.0563956827841,inf
19,185,inf,inf,inf,435.9965596194539,inf
19,186,inf,inf,inf,595.7331617427386,inf
19,187,inf,inf,inf,569.914028604315,inf
19,188,inf,inf,inf,797.8602634546979,inf
19,189,inf,inf,inf,426.7516842380355,inf
19,190,inf,inf,inf,288.7247824486149,inf
19,191,inf,inf,inf,307.7092783781471,inf
19,192,inf,inf,inf,458.7134181599662,inf
19,193,inf,inf,inf,328.34280866192273,inf
19,194,inf,inf,inf,465.82400109912754,inf
19,195,inf,inf,inf,402.61271713645607,inf
19,196,inf,inf,inf,215.60380330597138,inf
19,197,inf,inf,inf,389.21716303369766,inf
19,198,inf,inf,inf,200.84820138602188,inf
19,199,inf,inf,inf,641.3548159950153,inf
19,200,inf,inf,inf,243.38652386687312,inf
19,201,inf,inf,inf,597.8628605290681,inf
19,202,inf,inf,inf,402.31331074176506,inf
20,21,inf,inf,inf,1165.2510459124248,inf
20,22,inf,inf,inf,444.2994485704433,inf
20,23,inf,inf,inf,607.5862078750636,inf
20,24,inf,inf,inf,1230.2930545199383,inf
20,25,inf,inf,inf,1257.3384588089239,inf
20,26,inf,inf,inf,594.8193002921139,inf
20,27,inf,inf,inf,511.0234828263766,inf
20,28,inf,inf,inf,559.5507126257637,inf
20,29,inf,inf,inf,238.39882550046258,inf
20,30,inf,inf,inf,1323.182904968168,inf
20,31,inf,inf,inf,869.8425144817883,inf
20,32,inf,inf,inf,1330.9774603651258,inf
20,33,inf,inf,inf,880.8910261774722,inf
20,34,inf,inf,inf,393.92638906272833,inf
20,35,inf,inf,inf,1097.6228860587776,inf
20,36,inf,inf,inf,933.5630669644124,inf
20,37,inf,inf,inf,931.2013745694322,inf
20,38,inf,inf,inf,485.24220756236775,inf
20,39,inf,inf,inf,1324.2450679538135,inf
20,40,inf,inf,inf,833.2760646988488,inf
20,41,inf,inf,inf,877.8570498663207,inf
20,42,inf,inf,inf,569.2538976590323,inf
20,43,inf,inf,inf,815.0981535986939,inf
20,44,inf,inf,inf,498.0813186619229,inf
20,45,inf,inf,inf,918.6756772659218,inf
20,46,inf,inf,inf,1149.3180586765354,inf
20,47,inf,inf,inf,552.074270365863,inf
20,48,inf,inf,inf,906.6449139547411,inf
20,49,inf,inf,inf,844.8579762303248,inf
20,50,inf,inf,inf,634.4761618847473,inf
20,51,inf,inf,inf,1042.3099347123195,inf
20,52,inf,inf,inf,1479.8624936121598,inf
20,53,inf,inf,inf,524.1831740908897,inf
20,54,inf,inf,inf,1157.1430335096868,inf
20,55,inf,inf,inf,1284.7606781031243,inf
20,56,inf,inf,inf,1194.1126412529095,inf
20,57,inf,inf,inf,441.11336411403363,inf
20,58,inf,inf,inf,639.6514675977849,inf
20,59,inf,inf,inf,850.8965859609498,inf
20,60,inf,inf,inf,502.2997113278087,inf
20,61,inf,inf,inf,1081.4665968026936,inf
20,62,inf,inf,inf,439.0284728807461,inf
20,63,inf,inf,inf,1029.6611092976175,inf
20,64,inf,inf,inf,884.1413914075056,inf
20,65,inf,inf,inf,842.8819608936948,inf
20,66,inf,inf,inf,936.5708729188625,inf
20,67,inf,inf,inf,756.5348637042447,inf
20,68,inf,inf,inf,238.371558706151,inf
20,69,inf,inf,inf,352.4826236851967,inf
20,70,inf,inf,inf,904.2195529847826,inf
20,71,inf,inf,inf,479.5216366338437,inf
20,72,inf,inf,inf,1024.2831639737128,inf
20,73,inf,inf,inf,1004.0727065307572,inf
20,74,inf,inf,inf,1256.6702033548818,inf
20,75,inf,inf,inf,888.8509436345331,inf
20,76,inf,inf,inf,673.2317580150241,inf
20,77,inf,inf,inf,963.6934159783391,inf
20,78,inf,inf,inf,379.2466216065741,inf
20,79,inf,inf,inf,941.6092607870846,inf
20,80,inf,inf,inf,611.2233634278061,inf
20,81,inf,inf,inf,1321.1055975961951,inf
20,82,inf,inf,inf,103.69667304209909,inf
20,83,inf,inf,inf,217.40745157422734,inf
20,84,inf,inf,inf,1149.7865019211176,inf
20,85,inf,inf,inf,790.2082004130303,inf
20,86,inf,inf,inf,808.7830364195332,inf
20,87,inf,inf,inf,1137.0312220867113,inf
20,88,inf,inf,inf,852.7021754399364,inf
20,89,inf,inf,inf,511.47336196521513,inf
20,90,inf,inf,inf,986.6438060414711,inf
20,91,inf,inf,inf,1045.4252723174432,inf
20,92,inf,inf,inf,526.6013672599037,inf
20,93,inf,inf,inf,1151.7938183546567,inf
20,94,inf,inf,inf,724.282403486375,inf
20,95,inf,inf,inf,1206.593966502402,inf
20,96,inf,inf,inf,1358.841418267783,inf
20,97,inf,inf,inf,67.47592163134935,inf
20,98,inf,inf,inf,1122.7555388418264,inf
20,99,inf,inf,inf,812.1188336690635,inf
20,100,inf,inf,inf,679.6822787155775,inf
20,101,inf,inf,inf,1322.9516242100465,inf
20,102,inf,inf,inf,1208.0413900193982,inf
20,103,inf,inf,inf,1339.6361446303247,inf
20,104,inf,inf,inf,1455.407846618947,inf
20,105,inf,inf,inf,931.3866007195937,inf
20,106,inf,inf,inf,810.0327153887058,inf
20,107,inf,inf,inf,999.2021817430144,inf
20,108,inf,inf,inf,1386.7083327073506,inf
20,109,inf,inf,inf,718.618814114966,inf
20,110,inf,inf,inf,1114.9551560488878,inf
20,111,inf,inf,inf,389.08225351460067,inf
20,112,inf,inf,inf,860.5777129347471,inf
20,113,inf,inf,inf,352.89233485583105,inf
20,114,inf,inf,inf,441.54841184178207,inf
20,115,inf,inf,inf,1217.2994701387165,inf
20,116,inf,inf,inf,1039.7932486797556,inf
20,117,inf,inf,inf,1319.4127481573005,inf
20,118,inf,inf,inf,1174.9289340211178,inf
20,119,inf,inf,inf,725.4825979994282,inf
20,120,inf,inf,inf,1033.3271505191374,inf
20,121,inf,inf,inf,829.689701032862,inf
20,122,inf,inf,inf,1285.715365078912,inf
20,123,inf,inf,inf,176.00284088616297,inf
20,124,inf,inf,inf,917.9564259811028,inf
20,125,inf,inf,inf,375.50632484686594,inf
20,126,inf,inf,inf,671.9680051907234,inf
20,127,inf,inf,inf,1131.6700049042565,inf
20,128,inf,inf,inf,1405.8211123752553,inf
20,129,inf,inf,inf,1115.5124382990984,inf
20,130,inf,inf,inf,1032.017441713075,inf
20,131,inf,inf,inf,559.5578611725512,inf
20,132,inf,inf,inf,692.8924880528003,inf
20,133,inf,inf,inf,1057.2989170523158,inf
20,134,inf,inf,inf,684.0029239703584,inf
20,135,inf,inf,inf,1473.4208495877883,inf
20,136,inf,inf,inf,476.7074574621211,inf
20,137,inf,inf,inf,925.6441000730248,inf
20,138,inf,inf,inf,402.37420394453716,inf
20,139,inf,inf,inf,770.3330448578719,inf
20,140,inf,inf,inf,605.2834046956847,inf
20,141,inf,inf,inf,899.3597722824832,inf
20,142,inf,inf,inf,736.8717663203008,inf
20,143,inf,inf,inf,784.21999464436,inf
20,144,inf,inf,inf,974.6717396128812,inf
20,145,inf,inf,inf,640.9095099934156,inf
20,146,inf,inf,inf,880.3203962194674,inf
20,147,inf,inf,inf,536.9487871296479,inf
20,148,inf,inf,inf,1228.98047177325,inf
20,149,inf,inf,inf,1121.007136462565,inf
20,150,inf,inf,inf,804.154214065934,inf
20,151,inf,inf,inf,615.4811126265371,inf
20,152,inf,inf,inf,1305.2708531182332,inf
20,153,inf,inf,inf,451.0931167730228,inf
20,154,inf,inf,inf,1042.1060406695665,inf
20,155,inf,inf,inf,1334.4249697903588,inf
20,156,inf,inf,inf,780.1499855796961,inf
20,157,inf,inf,inf,446.8791783021447,inf
20,158,inf,inf,inf,1259.6479666954574,inf
20,159,inf,inf,inf,1076.2834199224662,inf
20,160,inf,inf,inf,1022.477383612958,inf
20,161,inf,inf,inf,1107.5323923028166,inf
20,162,inf,inf,inf,689.5621799373861,inf
20,163,inf,inf,inf,804.2350402711884,inf
20,164,inf,inf,inf,934.614893953654,inf
20,165,inf,inf,inf,994.439037849983,inf
20,166,inf,inf,inf,298.6502971704532,inf
20,167,inf,inf,inf,540.4229824868664,inf
20,168,inf,inf,inf,1308.2908697992202,inf
20,169,inf,inf,inf,261.4670151281037,inf
20,170,inf,inf,inf,1232.3903602349378,inf
20,171,inf,inf,inf,1153.0004336512627,inf
20,172,inf,inf,inf,1480.217889366292,inf
20,173,inf,inf,inf,787.7169542418139,inf
20,174,inf,inf,inf,892.6729524299479,inf
20,175,inf,inf,inf,889.1389092824585,inf
20,176,inf,inf,inf,1116.288493177279,inf
20,177,inf,inf,inf,1098.6100309026856,inf
20,178,inf,inf,inf,954.0466445619942,inf
20,179,inf,inf,inf,985.9822513615546,inf
20,180,inf,inf,inf,983.675759587477,inf
20,181,inf,inf,inf,716.6868214220211,inf
20,182,inf,inf,inf,929.9704296374159,inf
20,183,inf,inf,inf,728.9643338325957,inf
20,184,inf,inf,inf,822.9270927609566,inf
20,185,inf,inf,inf,512.1493922675297,inf
20,186,inf,inf,inf,171.26587517658035,inf
20,187,inf,inf,inf,1176.4930939023825,inf
20,188,inf,inf,inf,1103.445966053617,inf
20,189,inf,inf,inf,1164.5432581059408,inf
20,190,inf,inf,inf,970.7110795700232,inf
20,191,inf,inf,inf,813.1574263326875,inf
20,192,inf,inf,inf,1198.2203470146883,inf
20,193,inf,inf,inf,888.6827330380623,inf
20,194,inf,inf,inf,921.3349011081692,inf
20,195,inf,inf,inf,892.1687060192147,inf
20,196,inf,inf,inf,526.6393452828985,inf
20,197,inf,inf,inf,922.8586023871696,inf
20,198,inf,inf,inf,771.2859391950562,inf
20,199,inf,inf,inf,581.5788854489131,inf
20,200,inf,inf,inf,859.3049516906091,inf
20,201,inf,inf,inf,1265.2248811970146,inf
20,202,inf,inf,inf,865.1254244327813,inf
21,22,inf,inf,inf,805.903219996049,inf
21,23,inf,inf,inf,828.3290409010178,inf
21,24,inf,inf,inf,636.6733856539003,inf
21,25,inf,inf,inf,812.7644185125232,inf
21,26,inf,inf,inf,766.3158617698057,inf
21,27,inf,inf,inf,1361.9563135431326,inf
21,28,inf,inf,inf,794.0056674860703,inf
21,29,inf,inf,inf,974.0636529508737,inf
21,30,inf,inf,inf,1145.7298983617386,inf
21,31,inf,inf,inf,996.7788119738501,inf
21,32,inf,inf,inf,461.64163590386863,inf
21,33,inf,inf,inf,398.32273347123936,inf
21,34,inf,inf,inf,811.4086516669637,inf
21,35,inf,inf,inf,889.4099167425558,inf
21,36,inf,inf,inf,1385.3151266047737,inf
21,37,inf,inf,inf,1103.160006526705,inf
21,38,inf,inf,inf,1088.7102461169363,inf
21,39,inf,inf,inf,1027.659963217406,inf
21,40,inf,inf,inf,542.4619802345599,inf
21,41,inf,inf,inf,904.0049778624009,inf
21,42,inf,inf,inf,624.8199740725323,inf
21,43,inf,inf,inf,618.8545871204317,inf
21,44,inf,inf,inf,674.5050036878896,inf
21,45,inf,inf,inf,445.49859707972143,inf
21,46,inf,inf,inf,846.0933754615976,inf
21,47,inf,inf,inf,1168.83018441517,inf
21,48,inf,inf,inf,696.5809357138623,inf
21,49,inf,inf,inf,593.4012133455744,inf
21,50,inf,inf,inf,696.6103645510882,inf
21,51,inf,inf,inf,1069.915884544201,inf
21,52,inf,inf,inf,801.7611863890644,inf
21,53,inf,inf,inf,930.6395650304149,inf
21,54,inf,inf,inf,159.53056133543816,inf
21,55,inf,inf,inf,961.7692030835673,inf
21,56,inf,inf,inf,1023.1954847437512,inf
21,57,inf,inf,inf,783.3677297412754,inf
21,58,inf,inf,inf,593.9764305088207,inf
21,59,inf,inf,inf,1384.5941643673066,inf
21,60,inf,inf,inf,1054.205387958153,inf
21,61,inf,inf,inf,1038.059728532034,inf
21,62,inf,inf,inf,794.3626375906662,inf
21,63,inf,inf,inf,1201.201065600593,inf
21,64,inf,inf,inf,931.6007728635695,inf
21,65,inf,inf,inf,328.5665838152139,inf
21,66,inf,inf,inf,1006.7695863503228,inf
21,67,inf,inf,inf,884.4732895910424,inf
21,68,inf,inf,inf,989.9136325962987,inf
21,69,inf,inf,inf,932.7518426677054,inf
21,70,inf,inf,inf,1034.9342974314843,inf
21,71,inf,inf,inf,1178.7268555522098,inf
21,72,inf,inf,inf,1318.8457074275216,inf
21,73,inf,inf,inf,1150.6937038152246,inf
21,74,inf,inf,inf,94.92101980067429,inf
21,75,inf,inf,inf,277.01624501101014,inf
21,76,inf,inf,inf,873.3298345985896,inf
21,77,inf,inf,inf,886.3052521563889,inf
21,78,inf,inf,inf,786.2277023865288,inf
21,79,inf,inf,inf,1185.4054158809972,inf
21,80,inf,inf,inf,968.5700800664864,inf
21,81,inf,inf,inf,784.2512352556417,inf
21,82,inf,inf,inf,1113.776009797302,inf
21,83,inf,inf,inf,1079.4757987097255,inf
21,84,inf,inf,inf,1014.3081385851145,inf
21,85,inf,inf,inf,590.7088961578283,inf
21,86,inf,inf,inf,1131.3461008904392,inf
21,87,inf,inf,inf,1328.919109652653,inf
21,88,inf,inf,inf,1063.846323488501,inf
21,89,inf,inf,inf,722.0062326600789,inf
21,90,inf,inf,inf,1057.9848770185706,inf
21,91,inf,inf,inf,299.5463236295849,inf
21,92,inf,inf,inf,742.0060646652424,inf
21,93,inf,inf,inf,726.0943464867358,inf
21,94,inf,inf,inf,898.4681407818532,inf
21,95,inf,inf,inf,831.1780795954619,inf
21,96,inf,inf,inf,738.9993234097038,inf
21,97,inf,inf,inf,1202.5294175195882,inf
21,98,inf,inf,inf,907.0270117256707,inf
21,99,inf,inf,inf,424.60923211819124,inf
21,100,inf,inf,inf,1065.3421985446741,inf
21,101,inf,inf,inf,779.5030468189332,inf
21,102,inf,inf,inf,720.151372976543,inf
21,103,inf,inf,inf,919.7091931692322,inf
21,104,inf,inf,inf,591.6299519125109,inf
21,105,inf,inf,inf,1389.883808093324,inf
21,106,inf,inf,inf,823.7360013985063,inf
21,107,inf,inf,inf,287.0836115141371,inf
21,108,inf,inf,inf,459.6281105415551,inf
21,109,inf,inf,inf,1040.7213844252458,inf
21,110,inf,inf,inf,215.6965461012299,inf
21,111,inf,inf,inf,846.0289593152235,inf
21,112,inf,inf,inf,959.4519268832597,inf
21,113,inf,inf,inf,812.3675276622029,inf
21,114,inf,inf,inf,775.9336311824613,inf
21,115,inf,inf,inf,499.6798975344115,inf
21,116,inf,inf,inf,1189.011354024847,inf
21,117,inf,inf,inf,922.8304286270583,inf
21,118,inf,inf,inf,675.0229625723854,inf
21,119,inf,inf,inf,1391.784825323225,inf
21,120,inf,inf,inf,473.42264415636055,inf
21,121,inf,inf,inf,937.236896414135,inf
21,122,inf,inf,inf,1241.0036261026798,inf
21,123,inf,inf,inf,1249.9315981284735,inf
21,124,inf,inf,inf,1203.0037406425633,inf
21,125,inf,inf,inf,1321.712903772979,inf
21,126,inf,inf,inf,795.9302733280095,inf
21,127,inf,inf,inf,183.74166647769363,inf
21,128,inf,inf,inf,375.7778599119432,inf
21,129,inf,inf,inf,207.90863377935992,inf
21,130,inf,inf,inf,1146.5121019858448,inf
21,131,inf,inf,inf,1094.0772367616466,inf
21,132,inf,inf,inf,1275.495981961527,inf
21,133,inf,inf,inf,1048.931360957427,inf
21,134,inf,inf,inf,622.2234325385054,inf
21,135,inf,inf,inf,879.2229523846611,inf
21,136,inf,inf,inf,860.3836353627374,inf
21,137,inf,inf,inf,1285.1120573708738,inf
21,138,inf,inf,inf,1102.430496675414,inf
21,139,inf,inf,inf,771.4641922992927,inf
21,140,inf,inf,inf,1118.0134167352376,inf
21,141,inf,inf,inf,286.6810073932349,inf
21,142,inf,inf,inf,693.825626508563,inf
21,143,inf,inf,inf,591.3619872802107,inf
21,144,inf,inf,inf,191.26160095534075,inf
21,145,inf,inf,inf,1269.2820805478977,inf
21,146,inf,inf,inf,1042.3099347123195,inf
21,147,inf,inf,inf,1362.6151327502569,inf
21,148,inf,inf,inf,96.04686356149273,inf
21,149,inf,inf,inf,1024.8770657986254,inf
21,150,inf,inf,inf,866.7191009779351,inf
21,151,inf,inf,inf,1052.0803201276983,inf
21,152,inf,inf,inf,813.5908062410736,inf
21,153,inf,inf,inf,1280.7345548551425,inf
21,154,inf,inf,inf,1360.1135981968564,inf
21,155,inf,inf,inf,203.9607805437114,inf
21,156,inf,inf,inf,1091.1168590027376,inf
21,157,inf,inf,inf,725.0,inf
21,158,inf,inf,inf,869.9201112745928,inf
21,159,inf,inf,inf,624.2050945001971,inf
21,160,inf,inf,inf,893.4304673560221,inf
21,161,inf,inf,inf,1292.406282869284,inf
21,162,inf,inf,inf,677.0893589475469,inf
21,163,inf,inf,inf,1375.9258700962055,inf
21,164,inf,inf,inf,272.6187814513153,inf
21,165,inf,inf,inf,1191.1813463952496,inf
21,166,inf,inf,inf,990.1807915729329,inf
21,167,inf,inf,inf,768.0579405227186,inf
21,168,inf,inf,inf,334.5878061137315,inf
21,169,inf,inf,inf,1017.1946716337045,inf
21,170,inf,inf,inf,1168.1386903959649,inf
21,171,inf,inf,inf,1197.0797801316335,inf
21,172,inf,inf,inf,719.0445048813043,inf
21,173,inf,inf,inf,379.68407920269715,inf
21,174,inf,inf,inf,1375.5671557579442,inf
21,175,inf,inf,inf,1243.2513824645441,inf
21,176,inf,inf,inf,312.553995335206,inf
21,177,inf,inf,inf,1347.8464304215076,inf
21,178,inf,inf,inf,605.9909240244444,inf
21,179,inf,inf,inf,547.2412630641078,inf
21,180,inf,inf,inf,370.30257898102735,inf
21,181,inf,inf,inf,576.064232529672,inf
21,182,inf,inf,inf,869.2439243388475,inf
21,183,inf,inf,inf,953.5056371097131,inf
21,184,inf,inf,inf,353.20956951928696,inf
21,185,inf,inf,inf,655.0030534279974,inf
21,186,inf,inf,inf,1112.4540439946272,inf
21,187,inf,inf,inf,1197.4380986088593,inf
21,188,inf,inf,inf,158.83639381451596,inf
21,189,inf,inf,inf,820.7393008745225,inf
21,190,inf,inf,inf,929.6203526171315,inf
21,191,inf,inf,inf,1050.2975768800002,inf
21,192,inf,inf,inf,783.1947395124663,inf
21,193,inf,inf,inf,1049.6480362483417,inf
21,194,inf,inf,inf,290.8539152220578,inf
21,195,inf,inf,inf,1135.0017621131697,inf
21,196,inf,inf,inf,799.4129095780228,inf
21,197,inf,inf,inf,1108.4953766254507,inf
21,198,inf,inf,inf,554.9846844733645,inf
21,199,inf,inf,inf,636.2295183343822,inf
21,200,inf,inf,inf,961.0249736609346,inf
21,201,inf,inf,inf,473.1553656041533,inf
21,202,inf,inf,inf,358.8035674293108,inf
22,23,inf,inf,inf,629.9245986624113,inf
22,24,inf,inf,inf,1076.4669061332077,inf
22,25,inf,inf,inf,1165.769273913153,inf
22,26,inf,inf,inf,162.43152403397562,inf
22,27,inf,inf,inf,867.7240344717899,inf
22,28,inf,inf,inf,135.0,inf
22,29,inf,inf,inf,207.17142660125697,inf
22,30,inf,inf,inf,1346.258890407042,inf
22,31,inf,inf,inf,944.6142069649387,inf
22,32,inf,inf,inf,1091.5956210978495,inf
22,33,inf,inf,inf,459.53998737868284,inf
22,34,inf,inf,inf,359.8777570231314,inf
22,35,inf,inf,inf,1073.4477164724885,inf
22,36,inf,inf,inf,1167.6343605769744,inf
22,37,inf,inf,inf,1040.896728787251,inf
22,38,inf,inf,inf,701.1946947888297,inf
22,39,inf,inf,inf,1300.3449542332987,inf
22,40,inf,inf,inf,391.10740212887816,inf
22,41,inf,inf,inf,906.0270415390481,inf
22,42,inf,inf,inf,186.09674903124989,inf
22,43,inf,inf,inf,701.7357052338152,inf
22,44,inf,inf,inf,299.1471209956733,inf
22,45,inf,inf,inf,483.3642518846424,inf
22,46,inf,inf,inf,1095.6358884227916,inf
22,47,inf,inf,inf,796.6555089874167,inf
22,48,inf,inf,inf,829.1085574277954,inf
22,49,inf,inf,inf,717.5966833814102,inf
22,50,inf,inf,inf,559.4801158218226,inf
22,51,inf,inf,inf,1108.876909309595,inf
22,52,inf,inf,inf,1327.3978303432623,inf
22,53,inf,inf,inf,626.3305836377464,inf
22,54,inf,inf,inf,759.7433777269796,inf
22,55,inf,inf,inf,1245.1827175157869,inf
22,56,inf,inf,inf,1202.4229705058033,inf
22,57,inf,inf,inf,395.37956446938426,inf
22,58,inf,inf,inf,471.20271646076066,inf
22,59,inf,inf,inf,1109.7896197027615,inf
22,60,inf,inf,inf,692.1278783577498,inf
22,61,inf,inf,inf,1124.43763722138,inf
22,62,inf,inf,inf,407.86762558457616,inf
22,63,inf,inf,inf,1156.5068093184752,inf
22,64,inf,inf,inf,924.4241450762739,inf
22,65,inf,inf,inf,480.4039966528172,inf
22,66,inf,inf,inf,1000.7262362904253,inf
22,67,inf,inf,inf,796.3573318554932,inf
22,68,inf,inf,inf,212.8966885604377,inf
22,69,inf,inf,inf,467.72000171042504,inf
22,70,inf,inf,inf,989.0990850263688,inf
22,71,inf,inf,inf,751.2662643830082,inf
22,72,inf,inf,inf,1203.0669141822495,inf
22,73,inf,inf,inf,1115.8960525066839,inf
22,74,inf,inf,inf,888.0461699709086,inf
22,75,inf,inf,inf,551.0226855584078,inf
22,76,inf,inf,inf,718.8080411347664,inf
22,77,inf,inf,inf,966.5345311989635,inf
22,78,inf,inf,inf,204.84628383253624,inf
22,79,inf,inf,inf,1085.7117481173352,inf
22,80,inf,inf,inf,724.590919070892,inf
22,81,inf,inf,inf,1203.3162510329528,inf
22,82,inf,inf,inf,357.17362724590964,inf
22,83,inf,inf,inf,497.1478653278117,inf
22,84,inf,inf,inf,1165.6487464069096,inf
22,85,inf,inf,inf,346.2441335243097,inf
22,86,inf,inf,inf,963.5019460281334,inf
22,87,inf,inf,inf,1287.143348660125,inf
22,88,inf,inf,inf,963.7452983024093,inf
22,89,inf,inf,inf,422.4038352098617,inf
22,90,inf,inf,inf,1061.9397346365754,inf
22,91,inf,inf,inf,625.9009506303693,inf
22,92,inf,inf,inf,82.80700453464067,inf
22,93,inf,inf,inf,1048.664388639187,inf
22,94,inf,inf,inf,777.0669211850418,inf
22,95,inf,inf,inf,1134.0216047324673,inf
22,96,inf,inf,inf,1214.6373944515294,inf
22,97,inf,inf,inf,504.453169283334,inf
22,98,inf,inf,inf,1100.331768149952,inf
22,99,inf,inf,inf,573.0349029509459,inf
22,100,inf,inf,inf,833.5958253254391,inf
22,101,inf,inf,inf,1202.8985825912341,inf
22,102,inf,inf,inf,1091.110443539058,inf
22,103,inf,inf,inf,1269.4459421338113,inf
22,104,inf,inf,inf,1231.354538709303,inf
22,105,inf,inf,inf,1168.067206970558,inf
22,106,inf,inf,inf,809.1384306779651,inf
22,107,inf,inf,inf,728.1957154501803,inf
22,108,inf,inf,inf,1132.8768688608661,inf
22,109,inf,inf,inf,850.1205796826706,inf
22,110,inf,inf,inf,707.5203177294628,inf
22,111,inf,inf,inf,55.21775076911409,inf
22,112,inf,inf,inf,919.2888555834885,inf
22,113,inf,inf,inf,216.20592036297248,inf
22,114,inf,inf,inf,384.76616275343133,inf
22,115,inf,inf,inf,1014.5540892431512,inf
22,116,inf,inf,inf,1158.5939754719943,inf
22,117,inf,inf,inf,1255.6464470542653,inf
22,118,inf,inf,inf,1046.9001862641921,inf
22,119,inf,inf,inf,1026.4682167510107,inf
22,120,inf,inf,inf,843.3866254571506,inf
22,121,inf,inf,inf,883.7788184834484,inf
22,122,inf,inf,inf,1357.3098393513546,inf
22,123,inf,inf,inf,595.7625365865161,inf
22,124,inf,inf,inf,1076.4766602207408,inf
22,125,inf,inf,inf,759.0948557327997,inf
22,126,inf,inf,inf,669.2421086572482,inf
22,127,inf,inf,inf,730.0061643575348,inf
22,128,inf,inf,inf,1115.561293699275,inf
22,129,inf,inf,inf,709.6266624077762,inf
22,130,inf,inf,inf,1134.545724067567,inf
22,131,inf,inf,inf,759.5584243493057,inf
22,132,inf,inf,inf,950.2304983528996,inf
22,133,inf,inf,inf,1110.9909990634487,inf
22,134,inf,inf,inf,558.9221770515104,inf
22,135,inf,inf,inf,1351.9604284149739,inf
22,136,inf,inf,inf,97.83659846908007,inf
22,137,inf,inf,inf,1118.5655993279966,inf
22,138,inf,inf,inf,649.3727742983995,inf
22,139,inf,inf,inf,745.5957349663422,inf
22,140,inf,inf,inf,806.8965237253163,inf
22,141,inf,inf,inf,520.124984979572,inf
22,142,inf,inf,inf,667.5222842722181,inf
22,143,inf,inf,inf,340.3307215048327,inf
22,144,inf,inf,inf,629.4704123308736,inf
22,145,inf,inf,inf,911.0922017007938,inf
22,146,inf,inf,inf,974.3972495856092,inf
22,147,inf,inf,inf,885.3699791612544,inf
22,148,inf,inf,inf,849.9911764247909,inf
22,149,inf,inf,inf,1148.4985851101428,inf
22,150,inf,inf,inf,826.7587314325746,inf
22,151,inf,inf,inf,777.3731407760368,inf
22,152,inf,inf,inf,1202.6013470805694,inf
22,153,inf,inf,inf,787.993020273657,inf
22,154,inf,inf,inf,1233.0616367400294,inf
22,155,inf,inf,inf,998.8193029772702,inf
22,156,inf,inf,inf,922.5356361680562,inf
22,157,inf,inf,inf,281.0071173475861,inf
22,158,inf,inf,inf,1190.0105041553204,inf
22,159,inf,inf,inf,944.6142069649387,inf
22,160,inf,inf,inf,1016.3513172127048,inf
22,161,inf,inf,inf,1251.0643468662993,inf
22,162,inf,inf,inf,606.704211292455,inf
22,163,inf,inf,inf,1073.6573010043753,inf
22,164,inf,inf,inf,638.2891194435324,inf
22,165,inf,inf,inf,1126.6219419130803,inf
22,166,inf,inf,inf,188.55768348173987,inf
22,167,inf,inf,inf,511.4968230595377,inf
22,168,inf,inf,inf,1029.369224331095,inf
22,169,inf,inf,inf,221.16283593768642,inf
22,170,inf,inf,inf,1289.603039698651,inf
22,171,inf,inf,inf,1244.0257232067188,inf
22,172,inf,inf,inf,1296.6591687872337,inf
22,173,inf,inf,inf,438.0410939626555,inf
22,174,inf,inf,inf,1134.9242265455434,inf
22,175,inf,inf,inf,1073.909679628599,inf
22,176,inf,inf,inf,858.2085993509969,inf
22,177,inf,inf,inf,1267.789414689995,inf
22,178,inf,inf,inf,828.722510856318,inf
22,179,inf,inf,inf,831.3248462544591,inf
22,180,inf,inf,inf,555.8165164872307,inf
22,181,inf,inf,inf,279.0877998050076,inf
22,182,inf,inf,inf,931.5089908315432,inf
22,183,inf,inf,inf,811.3796891714754,inf
22,184,inf,inf,inf,518.5990744303349,inf
22,185,inf,inf,inf,276.89889851713025,inf
22,186,inf,inf,inf,495.1949111208636,inf
22,187,inf,inf,inf,1261.1526473825443,inf
22,188,inf,inf,inf,709.4060896270909,inf
22,189,inf,inf,inf,1097.1421968003965,inf
22,190,inf,inf,inf,991.8598691347482,inf
22,191,inf,inf,inf,927.198468506069,inf
22,192,inf,inf,inf,1108.3402004799789,inf
22,193,inf,inf,inf,984.2098353501656,inf
22,194,inf,inf,inf,631.6486365060879,inf
22,195,inf,inf,inf,1026.6455084399872,inf
22,196,inf,inf,inf,524.4206326986001,inf
22,197,inf,inf,inf,1037.1393349015357,inf
22,198,inf,inf,inf,614.6088186806304,inf
22,199,inf,inf,inf,169.85876486069242,inf
22,200,inf,inf,inf,919.0544053536765,inf
22,201,inf,inf,inf,1043.9406113376374,inf
22,202,inf,inf,inf,599.0826320300064,inf
23,24,inf,inf,inf,648.4705081960166,inf
23,25,inf,inf,inf,652.2185216627936,inf
23,26,inf,inf,inf,760.6924477080076,inf
23,27,inf,inf,inf,555.0441423886932,inf
23,28,inf,inf,inf,749.2462879454258,inf
23,29,inf,inf,inf,595.3830699642039,inf
23,30,inf,inf,inf,738.5458685823108,inf
23,31,inf,inf,inf,314.72051092993604,inf
23,32,inf,inf,inf,805.7754029504748,inf
23,33,inf,inf,inf,765.5128999566239,inf
23,34,inf,inf,inf,279.7016267382083,inf
23,35,inf,inf,inf,492.5413688209347,inf
23,36,inf,inf,inf,600.4206858528444,inf
23,37,inf,inf,inf,412.96125726271225,inf
23,38,inf,inf,inf,274.57785781085846,inf
23,39,inf,inf,inf,721.9113518985555,inf
23,40,inf,inf,inf,825.5155964607816,inf
23,41,inf,inf,inf,286.457675756821,inf
23,42,inf,inf,inf,552.7395408327507,inf
23,43,inf,inf,inf,256.75669416784444,inf
23,44,inf,inf,inf,350.4168945698823,inf
23,45,inf,inf,inf,843.9952606502005,inf
23,46,inf,inf,inf,541.7388669829774,inf
23,47,inf,inf,inf,343.11076928595526,inf
23,48,inf,inf,inf,309.01456276363416,inf
23,49,inf,inf,inf,291.1940933466886,inf
23,50,inf,inf,inf,135.38463723776047,inf
23,51,inf,inf,inf,481.63990698446077,inf
23,52,inf,inf,inf,888.020270038922,inf
23,53,inf,inf,inf,117.78370006074695,inf
23,54,inf,inf,inf,902.6455561293149,inf
23,55,inf,inf,inf,678.9911634181994,inf
23,56,inf,inf,inf,600.5813849929084,inf
23,57,inf,inf,inf,236.22446951998856,inf
23,58,inf,inf,inf,263.79727064547126,inf
23,59,inf,inf,inf,575.7030484546699,inf
23,60,inf,inf,inf,236.44872594285638,inf
23,61,inf,inf,inf,504.2072986381693,inf
23,62,inf,inf,inf,225.51496624392803,inf
23,63,inf,inf,inf,529.623451142413,inf
23,64,inf,inf,inf,300.5278689239985,inf
23,65,inf,inf,inf,610.5317354568884,inf
23,66,inf,inf,inf,372.4137484035733,inf
23,67,inf,inf,inf,168.67127793433,inf
23,68,inf,inf,inf,617.7782773778955,inf
23,69,inf,inf,inf,255.1960031034969,inf
23,70,inf,inf,inf,359.20467702968455,inf
23,71,inf,inf,inf,366.44508456247576,inf
23,72,inf,inf,inf,593.4854673873658,inf
23,73,inf,inf,inf,487.11497616065964,inf
23,74,inf,inf,inf,920.8610101421386,inf
23,75,inf,inf,inf,593.3877315887142,inf
23,76,inf,inf,inf,89.00561780022652,inf
23,77,inf,inf,inf,363.2657429486023,inf
23,78,inf,inf,inf,427.98714933979034,inf
23,79,inf,inf,inf,466.1812952060604,inf
23,80,inf,inf,inf,143.0,inf
23,81,inf,inf,inf,720.9361968995591,inf
23,82,inf,inf,inf,635.0433056099403,inf
23,83,inf,inf,inf,408.324625757497,inf
23,84,inf,inf,inf,558.8022906180682,inf
23,85,inf,inf,inf,817.5145258648314,inf
23,86,inf,inf,inf,358.73806600359546,inf
23,87,inf,inf,inf,663.2563606932089,inf
23,88,inf,inf,inf,338.3784863137726,inf
23,89,inf,inf,inf,214.40615662802222,inf
23,90,inf,inf,inf,432.80134010883097,inf
23,91,inf,inf,inf,877.3420085690642,inf
23,92,inf,inf,inf,658.6607624566686,inf
23,93,inf,inf,inf,551.6013052921467,inf
23,94,inf,inf,inf,147.14618581533128,inf
23,95,inf,inf,inf,599.5498311233188,inf
23,96,inf,inf,inf,767.0026075574972,inf
23,97,inf,inf,inf,598.9490796386617,inf
23,98,inf,inf,inf,518.3483384751995,inf
23,99,inf,inf,inf,404.49969097639615,inf
23,100,inf,inf,inf,252.41434190631878,inf
23,101,inf,inf,inf,723.4099805780952,inf
23,102,inf,inf,inf,610.5972486017276,inf
23,103,inf,inf,inf,732.0669368302327,inf
23,104,inf,inf,inf,907.6899250294673,inf
23,105,inf,inf,inf,603.1931697226022,inf
23,106,inf,inf,inf,204.37710243566914,inf
23,107,inf,inf,inf,564.3155145838186,inf
23,108,inf,inf,inf,870.7611612836208,inf
23,109,inf,inf,inf,246.0081299469593,inf
23,110,inf,inf,inf,895.2954819499538,inf
23,111,inf,inf,inf,609.6047900074277,inf
23,112,inf,inf,inf,290.6011011679068,inf
23,113,inf,inf,inf,424.4997055358225,inf
23,114,inf,inf,inf,246.02845363900494,inf
23,115,inf,inf,inf,670.0992463807133,inf
23,116,inf,inf,inf,530.2499410655319,inf
23,117,inf,inf,inf,711.849000842173,inf
23,118,inf,inf,inf,583.1680718283537,inf
23,119,inf,inf,inf,564.2304493733035,inf
23,120,inf,inf,inf,498.0542139165173,inf
23,121,inf,inf,inf,255.22539058643832,inf
23,122,inf,inf,inf,731.8613256621776,inf
23,123,inf,inf,inf,579.0215885439851,inf
23,124,inf,inf,inf,463.9493506838866,inf
23,125,inf,inf,inf,555.5033753272792,inf
23,126,inf,inf,inf,66.12110101926616,inf
23,127,inf,inf,inf,893.1494835692399,inf
23,128,inf,inf,inf,928.5138663477245,inf
23,129,inf,inf,inf,891.5295844782718,inf
23,130,inf,inf,inf,504.79005536955657,inf
23,131,inf,inf,inf,266.7170785682837,inf
23,132,inf,inf,inf,449.9077683259092,inf
23,133,inf,inf,inf,486.9517429889742,inf
23,134,inf,inf,inf,207.01932276963907,inf
23,135,inf,inf,inf,871.5927948302464,inf
23,136,inf,inf,inf,726.4165471683585,inf
23,137,inf,inf,inf,523.4214363206765,inf
23,138,inf,inf,inf,317.56889016400834,inf
23,139,inf,inf,inf,164.07315441594946,inf
23,140,inf,inf,inf,290.0224129270012,inf
23,141,inf,inf,inf,675.6811378157599,inf
23,142,inf,inf,inf,162.45922565370057,inf
23,143,inf,inf,inf,811.8189453320241,inf
23,144,inf,inf,inf,660.6617894202751,inf
23,145,inf,inf,inf,440.989795800311,inf
23,146,inf,inf,inf,345.28394112671964,inf
23,147,inf,inf,inf,549.6553465581864,inf
23,148,inf,inf,inf,918.9874863130618,inf
23,149,inf,inf,inf,535.3223328051988,inf
23,150,inf,inf,inf,207.0869382650678,inf
23,151,inf,inf,inf,225.85393509965684,inf
23,152,inf,inf,inf,701.6017388803994,inf
23,153,inf,inf,inf,482.0,inf
23,154,inf,inf,inf,628.504574366806,inf
23,155,inf,inf,inf,928.7243939942571,inf
23,156,inf,inf,inf,314.8412298286233,inf
23,157,inf,inf,inf,351.52809276073515,inf
23,158,inf,inf,inf,652.196289471199,inf
23,159,inf,inf,inf,492.1960991312304,inf
23,160,inf,inf,inf,420.48186643421377,inf
23,161,inf,inf,inf,626.1732986961357,inf
23,162,inf,inf,inf,153.48289807011074,inf
23,163,inf,inf,inf,558.4129296497351,inf
23,164,inf,inf,inf,555.8273113117059,inf
23,165,inf,inf,inf,501.68117365514127,inf
23,166,inf,inf,inf,679.7977640445723,inf
23,167,inf,inf,inf,120.33287165193059,inf
23,168,inf,inf,inf,827.7547946100947,inf
23,169,inf,inf,inf,672.7198525389302,inf
23,170,inf,inf,inf,667.2098620374252,inf
23,171,inf,inf,inf,614.6128862951052,inf
23,172,inf,inf,inf,903.5507733381672,inf
23,173,inf,inf,inf,560.3507829922253,inf
23,174,inf,inf,inf,579.518765873893,inf
23,175,inf,inf,inf,477.33950182234025,inf
23,176,inf,inf,inf,638.7808700955281,inf
23,177,inf,inf,inf,650.969277308845,inf
23,178,inf,inf,inf,378.21951298154886,inf
23,179,inf,inf,inf,427.5441497670153,inf
23,180,inf,inf,inf,859.9726739844702,inf
23,181,inf,inf,inf,722.2388801497742,inf
23,182,inf,inf,inf,328.2499047981583,inf
23,183,inf,inf,inf,185.34832073693033,inf
23,184,inf,inf,inf,504.0039682383463,inf
23,185,inf,inf,inf,384.33839256571804,inf
23,186,inf,inf,inf,458.6294800816886,inf
23,187,inf,inf,inf,632.5100789710785,inf
23,188,inf,inf,inf,852.2839902286092,inf
23,189,inf,inf,inf,557.3544653091064,inf
23,190,inf,inf,inf,378.276354005904,inf
23,191,inf,inf,inf,304.69000639994744,inf
23,192,inf,inf,inf,593.6505706221463,inf
23,193,inf,inf,inf,355.12814588539726,inf
23,194,inf,inf,inf,537.5360453030104,inf
23,195,inf,inf,inf,406.2733070237325,inf
23,196,inf,inf,inf,106.01886624558857,inf
23,197,inf,inf,inf,410.20117015922807,inf
23,198,inf,inf,inf,278.0017985553331,inf
23,199,inf,inf,inf,598.4220918381941,inf
23,200,inf,inf,inf,290.20337696174386,inf
23,201,inf,inf,inf,729.4004387166216,inf
23,202,inf,inf,inf,469.83507744739535,inf
24,25,inf,inf,inf,182.02472359545007,inf
24,26,inf,inf,inf,1132.7263570695263,inf
24,27,inf,inf,inf,1166.3309993308076,inf
24,28,inf,inf,inf,1142.4780085410835,inf
24,29,inf,inf,inf,1144.7659149363244,inf
24,30,inf,inf,inf,532.3607799227889,inf
24,31,inf,inf,inf,585.3417805009309,inf
24,32,inf,inf,inf,260.0,inf
24,33,inf,inf,inf,893.0173570541616,inf
24,34,inf,inf,inf,843.8631405624967,inf
24,35,inf,inf,inf,340.2601945570478,inf
24,36,inf,inf,inf,971.3789167981772,inf
24,37,inf,inf,inf,655.9550289463448,inf
24,38,inf,inf,inf,900.2938409208407,inf
24,39,inf,inf,inf,401.03117085832616,inf
24,40,inf,inf,inf,1027.6546112386204,inf
24,41,inf,inf,inf,497.69468552517213,inf
24,42,inf,inf,inf,910.1433952954886,inf
24,43,inf,inf,inf,415.23246501207007,inf
24,44,inf,inf,inf,797.0508139384841,inf
24,45,inf,inf,inf,972.2108824735506,inf
24,46,inf,inf,inf,265.452443951831,inf
24,47,inf,inf,inf,935.3550128159895,inf
24,48,inf,inf,inf,342.0409332229112,inf
24,49,inf,inf,inf,386.37805320695946,inf
24,50,inf,inf,inf,595.8296736484346,inf
24,51,inf,inf,inf,560.8787747811465,inf
24,52,inf,inf,inf,253.7282010340987,inf
24,53,inf,inf,inf,761.5805932401377,inf
24,54,inf,inf,inf,790.919085621279,inf
24,55,inf,inf,inf,337.71733742880303,inf
24,56,inf,inf,inf,437.2687960511246,inf
24,57,inf,inf,inf,793.7455511686348,inf
24,58,inf,inf,inf,620.1459505632525,inf
24,59,inf,inf,inf,1011.7746784734237,inf
24,60,inf,inf,inf,861.7389395866941,inf
24,61,inf,inf,inf,506.1788221567552,inf
24,62,inf,inf,inf,793.5218963582543,inf
24,63,inf,inf,inf,712.3096236890248,inf
24,64,inf,inf,inf,517.0270785945355,inf
24,65,inf,inf,inf,715.3132181079837,inf
24,66,inf,inf,inf,554.3735202911481,inf
24,67,inf,inf,inf,568.1478680766126,inf
24,68,inf,inf,inf,1167.0407019465945,inf
24,69,inf,inf,inf,887.110477900019,inf
24,70,inf,inf,inf,601.4399388135112,inf
24,71,inf,inf,inf,985.4400032472804,inf
24,72,inf,inf,inf,849.7817366830144,inf
24,73,inf,inf,inf,668.6890159109838,inf
24,74,inf,inf,inf,683.5034747534207,inf
24,75,inf,inf,inf,634.5273831758564,inf
24,76,inf,inf,inf,621.3952043587076,inf
24,77,inf,inf,inf,423.6271945944925,inf
24,78,inf,inf,inf,931.9683471019817,inf
24,79,inf,inf,inf,738.9539904486611,inf
24,80,inf,inf,inf,727.7369030082232,inf
24,81,inf,inf,inf,150.8409758653132,inf
24,82,inf,inf,inf,1232.257278331112,inf
24,83,inf,inf,inf,1050.1071373912282,inf
24,84,inf,inf,inf,446.7773494706284,inf
24,85,inf,inf,inf,1055.007108980788,inf
24,86,inf,inf,inf,753.3319321520893,inf
24,87,inf,inf,inf,811.0443884276618,inf
24,88,inf,inf,inf,660.2984173841401,inf
24,89,inf,inf,inf,726.8369830986863,inf
24,90,inf,inf,inf,577.9766431266925,inf
24,91,inf,inf,inf,886.7699814495302,inf
24,92,inf,inf,inf,1056.1230988857312,inf
24,93,inf,inf,inf,144.58907289280197,inf
24,94,inf,inf,inf,600.841077157679,inf
24,95,inf,inf,inf,220.20445045457188,inf
24,96,inf,inf,inf,138.23530663329106,inf
24,97,inf,inf,inf,1233.895457484142,inf
24,98,inf,inf,inf,344.2048808486016,inf
24,99,inf,inf,inf,509.5743321636207,inf
24,100,inf,inf,inf,764.4638644174098,inf
24,101,inf,inf,inf,147.14618581533128,inf
24,102,inf,inf,inf,100.30453628824571,inf
24,103,inf,inf,inf,283.58420266298333,inf
24,104,inf,inf,inf,290.0431002454635,inf
24,105,inf,inf,inf,977.8609308076482,inf
24,106,inf,inf,inf,488.27041687982694,inf
24,107,inf,inf,inf,420.2023322162789,inf
24,108,inf,inf,inf,323.4145945995635,inf
24,109,inf,inf,inf,718.7336085087437,inf
24,110,inf,inf,inf,832.7712771223561,inf
24,111,inf,inf,inf,1086.694069184147,inf
24,112,inf,inf,inf,557.0466766797914,inf
24,113,inf,inf,inf,945.482945377652,inf
24,114,inf,inf,inf,795.7084893351333,inf
24,115,inf,inf,inf,141.2267680009707,inf
24,116,inf,inf,inf,693.6692295323471,inf
24,117,inf,inf,inf,288.7784618007375,inf
24,118,inf,inf,inf,81.5659242576212,inf
24,119,inf,inf,inf,1085.2769231859672,inf
24,120,inf,inf,inf,237.62154784446633,inf
24,121,inf,inf,inf,558.1057247511443,inf
24,122,inf,inf,inf,651.9271431686212,inf
24,123,inf,inf,inf,1225.5692554890563,inf
24,124,inf,inf,inf,770.584842830431,inf
24,125,inf,inf,inf,1194.9635977719154,inf
24,126,inf,inf,inf,583.336952369726,inf
24,127,inf,inf,inf,807.2731879605565,inf
24,128,inf,inf,inf,441.54274991216874,inf
24,129,inf,inf,inf,825.307821361218,inf
24,130,inf,inf,inf,650.006923040055,inf
24,131,inf,inf,inf,861.4081494854805,inf
24,132,inf,inf,inf,969.4457179233915,inf
24,133,inf,inf,inf,530.4073905970768,inf
24,134,inf,inf,inf,552.4717187331855,inf
24,135,inf,inf,inf,280.49242414011826,inf
24,136,inf,inf,inf,1167.1765076456945,inf
24,137,inf,inf,inf,858.7642284119664,inf
24,138,inf,inf,inf,959.902078339244,inf
24,139,inf,inf,inf,491.8719345520742,inf
24,140,inf,inf,inf,856.6241883113038,inf
24,141,inf,inf,inf,739.9817565318756,inf
24,142,inf,inf,inf,497.0,inf
24,143,inf,inf,inf,1052.209104693549,inf
24,144,inf,inf,inf,618.5208161412193,inf
24,145,inf,inf,inf,990.6412064920377,inf
24,146,inf,inf,inf,622.8234099646544,inf
24,147,inf,inf,inf,1152.7397798289082,inf
24,148,inf,inf,inf,721.345964153124,inf
24,149,inf,inf,inf,472.07626502504866,inf
24,150,inf,inf,inf,521.253297351681,inf
24,151,inf,inf,inf,791.4771001109256,inf
24,152,inf,inf,inf,176.92088627406318,inf
24,153,inf,inf,inf,1106.4438530716325,inf
24,154,inf,inf,inf,889.9123552350535,inf
24,155,inf,inf,inf,573.6837107675274,inf
24,156,inf,inf,inf,729.4141484780782,inf
24,157,inf,inf,inf,836.9002330027158,inf
24,158,inf,inf,inf,243.5939243905726,inf
24,159,inf,inf,inf,156.3873396410336,inf
24,160,inf,inf,inf,391.0460330958492,inf
24,161,inf,inf,inf,781.0537753573693,inf
24,162,inf,inf,inf,540.7929363444016,inf
24,163,inf,inf,inf,1025.4389304098027,inf
24,164,inf,inf,inf,515.1096970549089,inf
24,165,inf,inf,inf,718.4330170586538,inf
24,166,inf,inf,inf,1207.1955102633542,inf
24,167,inf,inf,inf,690.4679572579744,inf
24,168,inf,inf,inf,374.5183573604904,inf
24,169,inf,inf,inf,1215.7178949081897,inf
24,170,inf,inf,inf,586.6216838815285,inf
24,171,inf,inf,inf,651.2549423996719,inf
24,172,inf,inf,inf,255.14309710435043,inf
24,173,inf,inf,inf,714.2443559454986,inf
24,174,inf,inf,inf,980.091832432043,inf
24,175,inf,inf,inf,830.0993916393386,inf
24,176,inf,inf,inf,328.6959080974389,inf
24,177,inf,inf,inf,849.9582342680139,inf
24,178,inf,inf,inf,276.4633791300396,inf
24,179,inf,inf,inf,250.0,inf
24,180,inf,inf,inf,928.4207020526848,inf
24,181,inf,inf,inf,988.8948376849785,inf
24,182,inf,inf,inf,432.4280286937932,inf
24,183,inf,inf,inf,638.4637812750227,inf
24,184,inf,inf,inf,603.6638137241622,inf
24,185,inf,inf,inf,807.9665834674105,inf
24,186,inf,inf,inf,1099.001819834708,inf
24,187,inf,inf,inf,641.8917354196111,inf
24,188,inf,inf,inf,770.5387725481437,inf
24,189,inf,inf,inf,230.32585612562042,inf
24,190,inf,inf,inf,458.70360800848295,inf
24,191,inf,inf,inf,670.481916236374,inf
24,192,inf,inf,inf,172.40939649566667,inf
24,193,inf,inf,inf,625.1799740874623,inf
24,194,inf,inf,inf,509.0117876827608,inf
24,195,inf,inf,inf,710.8895835500757,inf
24,196,inf,inf,inf,707.2552580221655,inf
24,197,inf,inf,inf,666.1478814797807,inf
24,198,inf,inf,inf,473.64649265037315,inf
24,199,inf,inf,inf,949.2739330667413,inf
24,200,inf,inf,inf,559.2709540106656,inf
24,201,inf,inf,inf,192.78226059469267,inf
24,202,inf,inf,inf,504.59984145855617,inf
25,26,inf,inf,inf,1241.6577628316106,inf
25,27,inf,inf,inf,1117.0501331632345,inf
25,28,inf,inf,inf,1246.849229056986,inf
25,29,inf,inf,inf,1205.159740449373,inf
25,30,inf,inf,inf,352.05255289516083,inf
25,31,inf,inf,inf,500.93712180272684,inf
25,32,inf,inf,inf,434.3880753427746,inf
25,33,inf,inf,inf,1039.1616813566598,inf
25,34,inf,inf,inf,889.7021973671865,inf
25,35,inf,inf,inf,217.375251581223,inf
25,36,inf,inf,inf,854.8450151928126,inf
25,37,inf,inf,inf,546.0586049134287,inf
25,38,inf,inf,inf,870.8294896246911,inf
25,39,inf,inf,inf,219.0091322296858,inf
25,40,inf,inf,inf,1166.441168683616,inf
25,41,inf,inf,inf,431.0556808580534,inf
25,42,inf,inf,inf,1013.6715444363623,inf
25,43,inf,inf,inf,467.68044645890427,inf
25,44,inf,inf,inf,872.4133194764968,inf
25,45,inf,inf,inf,1121.1177458233367,inf
25,46,inf,inf,inf,135.55810562264435,inf
25,47,inf,inf,inf,887.3297019710317,inf
25,48,inf,inf,inf,353.28883367579,inf
25,49,inf,inf,inf,448.59893000318226,inf
25,50,inf,inf,inf,636.9458375717671,inf
25,51,inf,inf,inf,429.4205397975276,inf
25,52,inf,inf,inf,269.0669061776271,inf
25,53,inf,inf,inf,753.0763573503021,inf
25,54,inf,inf,inf,964.0622386547458,inf
25,55,inf,inf,inf,156.16017418023074,inf
25,56,inf,inf,inf,272.3692346796899,inf
25,57,inf,inf,inf,838.8068907680719,inf
25,58,inf,inf,inf,695.4840041294983,inf
25,59,inf,inf,inf,908.6390922693124,inf
25,60,inf,inf,inf,834.3170860050752,inf
25,61,inf,inf,inf,367.6003264416396,inf
25,62,inf,inf,inf,835.3262835563119,inf
25,63,inf,inf,inf,578.8834079501675,inf
25,64,inf,inf,inf,442.2239251781839,inf
25,65,inf,inf,inf,855.716074407861,inf
25,66,inf,inf,inf,453.6705853369821,inf
25,67,inf,inf,inf,531.1355759125913,inf
25,68,inf,inf,inf,1227.9206000389438,inf
25,69,inf,inf,inf,905.4678348787438,inf
25,70,inf,inf,inf,504.0882859182506,inf
25,71,inf,inf,inf,947.6734669705594,inf
25,72,inf,inf,inf,717.4008642314282,inf
25,73,inf,inf,inf,541.4000369412621,inf
25,74,inf,inf,inf,863.5786009391386,inf
25,75,inf,inf,inf,779.7358527091081,inf
25,76,inf,inf,inf,602.0772375700645,inf
25,77,inf,inf,inf,341.5625857730908,inf
25,78,inf,inf,inf,1000.2399712069099,inf
25,79,inf,inf,inf,622.4724893519392,inf
25,80,inf,inf,inf,697.2072862499358,inf
25,81,inf,inf,inf,90.97252332435328,inf
25,82,inf,inf,inf,1274.088301492483,inf
25,83,inf,inf,inf,1060.2348796375263,inf
25,84,inf,inf,inf,292.56964982718216,inf
25,85,inf,inf,inf,1188.4868531035588,inf
25,86,inf,inf,inf,664.9887217088723,inf
25,87,inf,inf,inf,660.6814663663572,inf
25,88,inf,inf,inf,570.1306867727784,inf
25,89,inf,inf,inf,778.8741875296677,inf
25,90,inf,inf,inf,459.96739014847566,inf
25,91,inf,inf,inf,1049.408404769087,inf
25,92,inf,inf,inf,1156.7942773025807,inf
25,93,inf,inf,inf,117.44360348695028,inf
25,94,inf,inf,inf,566.1068803680097,inf
25,95,inf,inf,inf,66.64082832618455,inf
25,96,inf,inf,inf,171.21331723905124,inf
25,97,inf,inf,inf,1251.1358839071,inf
25,98,inf,inf,inf,208.61447696648477,inf
25,99,inf,inf,inf,624.7599539022967,inf
25,100,inf,inf,inf,706.441788118455,inf
25,101,inf,inf,inf,96.83491106000976,inf
25,102,inf,inf,inf,93.637599285757,inf
25,103,inf,inf,inf,112.6809655620682,inf
25,104,inf,inf,inf,428.28028205837353,inf
25,105,inf,inf,inf,861.7569262849008,inf
25,106,inf,inf,inf,459.6270227042792,inf
25,107,inf,inf,inf,575.2086577929787,inf
25,108,inf,inf,inf,492.6865129065337,inf
25,109,inf,inf,inf,657.188709580437,inf
25,110,inf,inf,inf,1002.1282353072385,inf
25,111,inf,inf,inf,1168.14767902008,inf
25,112,inf,inf,inf,481.43327678921406,inf
25,113,inf,inf,inf,1009.3646516497395,inf
25,114,inf,inf,inf,843.2585605850675,inf
25,115,inf,inf,inf,323.03869737231173,inf
25,116,inf,inf,inf,558.5069381842986,inf
25,117,inf,inf,inf,110.67971810589327,inf
25,118,inf,inf,inf,141.85203558638133,inf
25,119,inf,inf,inf,1002.3896447988676,inf
25,120,inf,inf,inf,373.36978988664845,inf
25,121,inf,inf,inf,493.72563231009184,inf
25,122,inf,inf,inf,478.0167361086848,inf
25,123,inf,inf,inf,1226.8826349736962,inf
25,124,inf,inf,inf,657.8814482868474,inf
25,125,inf,inf,inf,1166.4137344870387,inf
25,126,inf,inf,inf,586.5978179297977,inf
25,127,inf,inf,inf,978.3501418204016,inf
25,128,inf,inf,inf,616.769811193771,inf
25,129,inf,inf,inf,994.8527529237681,inf
25,130,inf,inf,inf,517.2852211304707,inf
25,131,inf,inf,inf,819.7371529947877,inf
25,132,inf,inf,inf,893.0352736594451,inf
25,133,inf,inf,inf,396.86899601757756,inf
25,134,inf,inf,inf,613.0905316509137,inf
25,135,inf,inf,inf,223.14345161801185,inf
25,136,inf,inf,inf,1260.5911311761638,inf
25,137,inf,inf,inf,743.0376841049181,inf
25,138,inf,inf,inf,941.0340057617472,inf
25,139,inf,inf,inf,488.18131877408007,inf
25,140,inf,inf,inf,804.8975090034755,inf
25,141,inf,inf,inf,888.7136771761758,inf
25,142,inf,inf,inf,526.4598750142312,inf
25,143,inf,inf,inf,1185.077634587709,inf
25,144,inf,inf,inf,776.0315715227055,inf
25,145,inf,inf,inf,922.7919592194115,inf
25,146,inf,inf,inf,529.6036253652348,inf
25,147,inf,inf,inf,1099.4407669356272,inf
25,148,inf,inf,inf,899.7605236950552,inf
25,149,inf,inf,inf,324.56894491001447,inf
25,150,inf,inf,inf,480.2041232642635,inf
25,151,inf,inf,inf,746.2070758174302,inf
25,152,inf,inf,inf,53.36665625650534,inf
25,153,inf,inf,inf,1067.3448364984954,inf
25,154,inf,inf,inf,755.3442923594512,inf
25,155,inf,inf,inf,755.6361558316278,inf
25,156,inf,inf,inf,650.2015072267981,inf
25,157,inf,inf,inf,905.1944542472628,inf
25,158,inf,inf,inf,62.5859409132754,inf
25,159,inf,inf,inf,229.4558781116753,inf
25,160,inf,inf,inf,290.9295447354909,inf
25,161,inf,inf,inf,634.4761618847473,inf
25,162,inf,inf,inf,581.6975158963635,inf
25,163,inf,inf,inf,929.788147913276,inf
25,164,inf,inf,inf,662.9668166658117,inf
25,165,inf,inf,inf,591.8048664889467,inf
25,166,inf,inf,inf,1276.4090253519832,inf
25,167,inf,inf,inf,722.5821752575965,inf
25,168,inf,inf,inf,555.3602434456395,inf
25,169,inf,inf,inf,1279.7409894193434,inf
25,170,inf,inf,inf,417.2505242656982,inf
25,171,inf,inf,inf,495.40488491737744,inf
25,172,inf,inf,inf,334.3067453701765,inf
25,173,inf,inf,inf,845.6914330889251,inf
25,174,inf,inf,inf,870.0672387810037,inf
25,175,inf,inf,inf,721.4014139159973,inf
25,176,inf,inf,inf,501.0788361126421,inf
25,177,inf,inf,inf,706.1019756380801,inf
25,178,inf,inf,inf,337.2432356623332,inf
25,179,inf,inf,inf,345.9378556908741,inf
25,180,inf,inf,inf,1084.6059192167447,inf
25,181,inf,inf,inf,1114.6461321872516,inf
25,182,inf,inf,inf,363.8804748815193,inf
25,183,inf,inf,inf,590.2651946371224,inf
25,184,inf,inf,inf,734.8884269057446,inf
25,185,inf,inf,inf,889.7982917493155,inf
25,186,inf,inf,inf,1110.682672953891,inf
25,187,inf,inf,inf,482.06638546988523,inf
25,188,inf,inf,inf,940.1515835225722,inf
25,189,inf,inf,inf,104.5609869884557,inf
25,190,inf,inf,inf,363.6756796927724,inf
25,191,inf,inf,inf,589.8177684675157,inf
25,192,inf,inf,inf,59.464274989274024,inf
25,193,inf,inf,inf,529.3099281139548,inf
25,194,inf,inf,inf,653.7598947625955,inf
25,195,inf,inf,inf,606.4692902365297,inf
25,196,inf,inf,inf,732.1318187321187,inf
25,197,inf,inf,inf,557.5446170487165,inf
25,198,inf,inf,inf,551.2621880738783,inf
25,199,inf,inf,inf,1056.1524511167884,inf
25,200,inf,inf,inf,483.61658366933614,inf
25,201,inf,inf,inf,373.25862347707385,inf
25,202,inf,inf,inf,635.403808613074,inf
26,27,inf,inf,inf,1030.1383402242632,inf
26,28,inf,inf,inf,37.53664875824692,inf
26,29,inf,inf,inf,356.8865365911132,inf
26,30,inf,inf,inf,1452.4011153947797,inf
26,31,inf,inf,inf,1072.6900763967196,inf
26,32,inf,inf,inf,1110.616495465469,inf
26,33,inf,inf,inf,380.60084077679073,inf
26,34,inf,inf,inf,505.24449526936957,inf
26,35,inf,inf,inf,1173.048166104018,inf
26,36,inf,inf,inf,1319.0307047222213,inf
26,37,inf,inf,inf,1173.6311175152098,inf
26,38,inf,inf,inf,857.4672005388894,inf
26,39,inf,inf,inf,1394.1969014454164,inf
26,40,inf,inf,inf,271.9062338380641,inf
26,41,inf,inf,inf,1024.9004829738349,inf
26,42,inf,inf,inf,229.17242417009948,inf
26,43,inf,inf,inf,791.2578593606512,inf
26,44,inf,inf,inf,412.78686994622296,inf
26,45,inf,inf,inf,377.8901956918173,inf
26,46,inf,inf,inf,1185.8203911216908,inf
26,47,inf,inf,inf,953.7651702594303,inf
26,48,inf,inf,inf,922.4993224929761,inf
26,49,inf,inf,inf,801.2895856056036,inf
26,50,inf,inf,inf,672.2752412516767,inf
26,51,inf,inf,inf,1230.8208643015441,inf
26,52,inf,inf,inf,1376.962236228721,inf
26,53,inf,inf,inf,771.5089111604609,inf
26,54,inf,inf,inf,690.3115238788934,inf
26,55,inf,inf,inf,1335.6047319472927,inf
26,56,inf,inf,inf,1307.601238910395,inf
26,57,inf,inf,inf,533.701227279833,inf
26,58,inf,inf,inf,564.1276451300716,inf
26,59,inf,inf,inf,1264.7723115248848,inf
26,60,inf,inf,inf,846.0502349151615,inf
26,61,inf,inf,inf,1240.4160592317403,inf
26,62,inf,inf,inf,547.5216890681136,inf
26,63,inf,inf,inf,1290.310040261642,inf
26,64,inf,inf,inf,1045.500836919799,inf
26,65,inf,inf,inf,463.7283687677518,inf
26,66,inf,inf,inf,1124.8844385091297,inf
26,67,inf,inf,inf,922.2022554732774,inf
26,68,inf,inf,inf,356.8935415498577,inf
26,69,inf,inf,inf,623.0906836087345,inf
26,70,inf,inf,inf,1118.050535530483,inf
26,71,inf,inf,inf,911.0351255577361,inf
26,72,inf,inf,inf,1345.6663776731586,inf
26,73,inf,inf,inf,1247.4646287570642,inf
26,74,inf,inf,inf,838.0035799446205,inf
26,75,inf,inf,inf,545.4851052045326,inf
26,76,inf,inf,inf,849.421567891939,inf
26,77,inf,inf,inf,1076.9647162279737,inf
26,78,inf,inf,inf,352.706676999458,inf
26,79,inf,inf,inf,1224.062906880198,inf
26,80,inf,inf,inf,867.2946442818611,inf
26,81,inf,inf,inf,1269.0193063937206,inf
26,82,inf,inf,inf,500.348878283943,inf
26,83,inf,inf,inf,659.5786533841131,inf
26,84,inf,inf,inf,1273.7256376472917,inf
26,85,inf,inf,inf,219.04565734111233,inf
26,86,inf,inf,inf,1106.0994530330445,inf
26,87,inf,inf,inf,1423.4303635935269,inf
26,88,inf,inf,inf,1098.5868195095006,inf
26,89,inf,inf,inf,546.9707487608455,inf
26,90,inf,inf,inf,1186.9709347747316,inf
26,91,inf,inf,inf,538.1821253070377,inf
26,92,inf,inf,inf,102.88342918079665,inf
26,93,inf,inf,inf,1124.3598178519187,inf
26,94,inf,inf,inf,906.5015168216763,inf
26,95,inf,inf,inf,1217.103528875009,inf
26,96,inf,inf,inf,1270.2755606560333,inf
26,97,inf,inf,inf,657.8518070203958,inf
26,98,inf,inf,inf,1199.6341108854815,inf
26,99,inf,inf,inf,623.4428602526458,inf
26,100,inf,inf,inf,979.1230770439435,inf
26,101,inf,inf,inf,1267.800063101434,inf
26,102,inf,inf,inf,1160.5386680330819,inf
26,103,inf,inf,inf,1349.6684778122367,inf
26,104,inf,inf,inf,1253.2908680749254,inf
26,105,inf,inf,inf,1319.8049098256909,inf
26,106,inf,inf,inf,924.8918855736599,inf
26,107,inf,inf,inf,748.8477815951651,inf
26,108,inf,inf,inf,1143.5567323049609,inf
26,109,inf,inf,inf,991.6577030407216,inf
26,110,inf,inf,inf,630.1944144468436,inf
26,111,inf,inf,inf,213.60009363293827,inf
26,112,inf,inf,inf,1044.6913419761838,inf
26,113,inf,inf,inf,369.3033983055125,inf
26,114,inf,inf,inf,522.2231323869137,inf
26,115,inf,inf,inf,1053.0603021669747,inf
26,116,inf,inf,inf,1290.7563674063358,inf
26,117,inf,inf,inf,1338.2765035671814,inf
26,118,inf,inf,inf,1113.8761151941449,inf
26,119,inf,inf,inf,1186.0037942603726,inf
26,120,inf,inf,inf,895.2882217476113,inf
26,121,inf,inf,inf,1009.3646516497395,inf
26,122,inf,inf,inf,1475.5805637104334,inf
26,123,inf,inf,inf,753.3956463903943,inf
26,124,inf,inf,inf,1217.5426070573465,inf
26,125,inf,inf,inf,920.9261642498817,inf
26,126,inf,inf,inf,792.0334588892063,inf
26,127,inf,inf,inf,657.6724108551308,inf
26,128,inf,inf,inf,1107.8614534317908,inf
26,129,inf,inf,inf,633.8532953294476,inf
26,130,inf,inf,inf,1263.8235636353675,inf
26,131,inf,inf,inf,912.9211356957402,inf
26,132,inf,inf,inf,1106.5848363320365,inf
26,133,inf,inf,inf,1229.8800754545136,inf
26,134,inf,inf,inf,656.6109959481337,inf
26,135,inf,inf,inf,1412.6022086914631,inf
26,136,inf,inf,inf,125.93649193144932,inf
26,137,inf,inf,inf,1264.6030997906023,inf
26,138,inf,inf,inf,809.0222493850215,inf
26,139,inf,inf,inf,858.492283017151,inf
26,140,inf,inf,inf,959.4175316305201,inf
26,141,inf,inf,inf,483.911148869294,inf
26,142,inf,inf,inf,773.1144805266553,inf
26,143,inf,inf,inf,214.36650857818253,inf
26,144,inf,inf,inf,611.3010714860559,inf
26,145,inf,inf,inf,1069.0336758025915,inf
26,146,inf,inf,inf,1105.6301370711635,inf
26,147,inf,inf,inf,1047.6678863074883,inf
26,148,inf,inf,inf,793.184089603416,inf
26,149,inf,inf,inf,1260.0162697362284,inf
26,150,inf,inf,inf,947.4101540515596,inf
26,151,inf,inf,inf,925.5598305890333,inf
26,152,inf,inf,inf,1273.6537991149714,inf
26,153,inf,inf,inf,950.2573335681235,inf
26,154,inf,inf,inf,1377.3165939608803,inf
26,155,inf,inf,inf,967.987603226405,inf
26,156,inf,inf,inf,1064.0075187704267,inf
26,157,inf,inf,inf,410.2645487974802,inf
26,158,inf,inf,inf,1272.4484272456782,inf
26,159,inf,inf,inf,1014.3175045319882,inf
26,160,inf,inf,inf,1122.7475228206918,inf
26,161,inf,inf,inf,1386.593667950348,inf
26,162,inf,inf,inf,713.0792382337323,inf
26,163,inf,inf,inf,1230.0715426348177,inf
26,164,inf,inf,inf,651.604941663275,inf
26,165,inf,inf,inf,1262.0003961964512,inf
26,166,inf,inf,inf,309.23453882126427,inf
26,167,inf,inf,inf,640.3912866365375,inf
26,168,inf,inf,inf,1030.6507652934624,inf
26,169,inf,inf,inf,347.3686802231888,inf
26,170,inf,inf,inf,1405.5618093844184,inf
26,171,inf,inf,inf,1368.7366437704516,inf
26,172,inf,inf,inf,1334.4980329697005,inf
26,173,inf,inf,inf,437.96803536331277,inf
26,174,inf,inf,inf,1287.6975576586296,inf
26,175,inf,inf,inf,1219.3285037265389,inf
26,176,inf,inf,inf,877.7983823179444,inf
26,177,inf,inf,inf,1407.8700224097392,inf
26,178,inf,inf,inf,906.3139632599732,inf
26,179,inf,inf,inf,898.013919713943,inf
26,180,inf,inf,inf,459.795606764571,inf
26,181,inf,inf,inf,191.44189719076647,inf
26,182,inf,inf,inf,1042.84466724436,inf
26,183,inf,inf,inf,945.3808756263265,inf
26,184,inf,inf,inf,539.3709298803561,inf
26,185,inf,inf,inf,382.0274859221519,inf
26,186,inf,inf,inf,657.0312016944097,inf
26,187,inf,inf,inf,1384.1221044402116,inf
26,188,inf,inf,inf,645.4897365566706,inf
26,189,inf,inf,inf,1183.0,inf
26,190,inf,inf,inf,1106.1220547480282,inf
26,191,inf,inf,inf,1063.5530076117504,inf
26,192,inf,inf,inf,1186.5285500147056,inf
26,193,inf,inf,inf,1115.4788209553778,inf
26,194,inf,inf,inf,649.4459176867616,inf
26,195,inf,inf,inf,1164.4058570790512,inf
26,196,inf,inf,inf,657.8882883894499,inf
26,197,inf,inf,inf,1170.860367422179,inf
26,198,inf,inf,inf,695.8850479784718,inf
26,199,inf,inf,inf,185.52627846210896,inf
26,200,inf,inf,inf,1044.6918205863392,inf
26,201,inf,inf,inf,1073.0759525774492,inf
26,202,inf,inf,inf,633.0908307660126,inf
27,28,inf,inf,inf,1001.2791818469012,inf
27,29,inf,inf,inf,699.0028612244731,inf
27,30,inf,inf,inf,1044.2566734285206,inf
27,31,inf,inf,inf,623.7731959614808,inf
27,32,inf,inf,inf,1353.3986847932135,inf
27,33,inf,inf,inf,1203.9003281002958,inf
27,34,inf,inf,inf,588.5821947697705,inf
27,35,inf,inf,inf,909.2001979762213,inf
27,36,inf,inf,inf,483.70755627755085,inf
27,37,inf,inf,inf,624.2891958059181,inf
27,38,inf,inf,inf,280.5084668953862,inf
27,39,inf,inf,inf,1097.164527315753,inf
27,40,inf,inf,inf,1209.532967719359,inf
27,41,inf,inf,inf,686.0466456444489,inf
27,42,inf,inf,inf,909.8818604632143,inf
27,43,inf,inf,inf,809.5344341039485,inf
27,44,inf,inf,inf,737.8360251437985,inf
27,45,inf,inf,inf,1266.4414712097832,inf
27,46,inf,inf,inf,984.4942864232377,inf
27,47,inf,inf,inf,231.32012450281968,inf
27,48,inf,inf,inf,829.3853145553037,inf
27,49,inf,inf,inf,843.8009243891595,inf
27,50,inf,inf,inf,672.8157251432223,inf
27,51,inf,inf,inf,760.4505243603952,inf
27,52,inf,inf,inf,1380.0384052626941,inf
27,53,inf,inf,inf,440.028408173836,inf
27,54,inf,inf,inf,1411.0014174337316,inf
27,55,inf,inf,inf,1080.9370934517883,inf
27,56,inf,inf,inf,950.4125420047865,inf
27,57,inf,inf,inf,597.6286472384,inf
27,58,inf,inf,inf,768.4224098762347,inf
27,59,inf,inf,inf,387.31898998112655,inf
27,60,inf,inf,inf,318.67538342332,inf
27,61,inf,inf,inf,818.8363694902664,inf
27,62,inf,inf,inf,583.8981075495964,inf
27,63,inf,inf,inf,680.8737034134891,inf
27,64,inf,inf,inf,675.5923326977594,inf
27,65,inf,inf,inf,1093.6274502772872,inf
27,66,inf,inf,inf,683.2642241475841,inf
27,67,inf,inf,inf,598.304270417653,inf
27,68,inf,inf,inf,710.2281323631162,inf
27,69,inf,inf,inf,450.60071016366584,inf
27,70,inf,inf,inf,635.0070865746303,inf
27,71,inf,inf,inf,188.60540819393276,inf
27,72,inf,inf,inf,618.9903068707943,inf
27,73,inf,inf,inf,677.6289545171458,inf
27,74,inf,inf,inf,1456.490645352726,inf
27,75,inf,inf,inf,1102.2762811564078,inf
27,76,inf,inf,inf,551.0898293381941,inf
27,77,inf,inf,inf,775.9716489666359,inf
27,78,inf,inf,inf,701.7471054446894,inf
27,79,inf,inf,inf,590.8646207042693,inf
27,80,inf,inf,inf,441.6933325283505,inf
27,81,inf,inf,inf,1201.3013776733962,inf
27,82,inf,inf,inf,609.1978332200468,inf
27,83,inf,inf,inf,370.6656175045104,inf
27,84,inf,inf,inf,905.1994255411346,inf
27,85,inf,inf,inf,1180.3355455123767,inf
27,86,inf,inf,inf,481.92219289009716,inf
27,87,inf,inf,inf,746.4187832577634,inf
27,88,inf,inf,inf,567.022045426807,inf
27,89,inf,inf,inf,647.2001236093826,inf
27,90,inf,inf,inf,707.0763749412082,inf
27,91,inf,inf,inf,1348.218454108977,inf
27,92,inf,inf,inf,937.8635295180211,inf
27,93,inf,inf,inf,1043.3494141465744,inf
27,94,inf,inf,inf,565.5174621530267,inf
27,95,inf,inf,inf,1052.9776825745168,inf
27,96,inf,inf,inf,1264.3832488608823,inf
27,97,inf,inf,inf,448.5554592243862,inf
27,98,inf,inf,inf,927.1855262028199,inf
27,99,inf,inf,inf,940.5200688980539,inf
27,100,inf,inf,inf,410.6689664437769,inf
27,101,inf,inf,inf,1205.495748644515,inf
27,102,inf,inf,inf,1105.1845999650918,inf
27,103,inf,inf,inf,1162.6607415751166,inf
27,104,inf,inf,inf,1444.0086564837484,inf
27,105,inf,inf,inf,479.22019990814243,inf
27,106,inf,inf,inf,678.0678432133469,inf
27,107,inf,inf,inf,1114.0745037922734,inf
27,108,inf,inf,inf,1419.941195965523,inf
27,109,inf,inf,inf,460.2021295039822,inf
27,110,inf,inf,inf,1389.5682782792646,inf
27,111,inf,inf,inf,818.6330069084681,inf
27,112,inf,inf,inf,637.426858549277,inf
27,113,inf,inf,inf,677.662157715775,inf
27,114,inf,inf,inf,607.8223424652964,inf
27,115,inf,inf,inf,1212.5860794186942,inf
27,116,inf,inf,inf,698.264276617385,inf
27,117,inf,inf,inf,1137.9723195227552,inf
27,118,inf,inf,inf,1090.7983314985406,inf
27,119,inf,inf,inf,237.59208741033444,inf
27,120,inf,inf,inf,1049.0872223032745,inf
27,121,inf,inf,inf,623.3281639714348,inf
27,122,inf,inf,inf,959.0855019235772,inf
27,123,inf,inf,inf,342.4675167077894,inf
27,124,inf,inf,inf,555.4574691189237,inf
27,125,inf,inf,inf,140.8900280360537,inf
27,126,inf,inf,inf,608.481717063052,inf
27,127,inf,inf,inf,1394.9716843004378,inf
27,128,inf,inf,inf,1483.0050573076276,inf
27,129,inf,inf,inf,1387.4296378555562,inf
27,130,inf,inf,inf,710.6229661360517,inf
27,131,inf,inf,inf,305.28675044947494,inf
27,132,inf,inf,inf,267.21714016881475,inf
27,133,inf,inf,inf,787.2305888365873,inf
27,134,inf,inf,inf,747.5005016720725,inf
27,135,inf,inf,inf,1338.2630533643228,inf
27,136,inf,inf,inf,933.7799526655089,inf
27,137,inf,inf,inf,521.2945424613613,inf
27,138,inf,inf,inf,261.20490041344937,inf
27,139,inf,inf,inf,683.141273822626,inf
27,140,inf,inf,inf,312.488399784696,inf
27,141,inf,inf,inf,1159.8797351449848,inf
27,142,inf,inf,inf,715.5061145790439,inf
27,143,inf,inf,inf,1174.011924982025,inf
27,144,inf,inf,inf,1180.5490248185376,inf
27,145,inf,inf,inf,217.07602354935472,inf
27,146,inf,inf,inf,607.0131794285854,inf
27,147,inf,inf,inf,30.4138126514911,inf
27,148,inf,inf,inf,1447.0176225602784,inf
27,149,inf,inf,inf,868.451495479166,inf
27,150,inf,inf,inf,646.3412411412411,inf
27,151,inf,inf,inf,375.11065034200243,inf
27,152,inf,inf,inf,1170.361055401281,inf
27,153,inf,inf,inf,84.53401682163222,inf
27,154,inf,inf,inf,621.6622877415036,inf
27,155,inf,inf,inf,1479.5016052711806,inf
27,156,inf,inf,inf,480.0010416655364,inf
27,157,inf,inf,inf,699.978571100573,inf
27,158,inf,inf,inf,1093.867450836709,inf
27,159,inf,inf,inf,1016.1481191243726,inf
27,160,inf,inf,inf,830.0560222057304,inf
27,161,inf,inf,inf,727.7423994793762,inf
27,162,inf,inf,inf,706.0063739089046,inf
27,163,inf,inf,inf,336.71501303030726,inf
27,164,inf,inf,inf,1091.7811135937459,inf
27,165,inf,inf,inf,646.3574862256954,inf
27,166,inf,inf,inf,782.8748303528477,inf
27,167,inf,inf,inf,594.0521862597595,inf
27,168,inf,inf,inf,1382.4268515910705,inf
27,169,inf,inf,inf,751.1657606680433,inf
27,170,inf,inf,inf,928.2634324371503,inf
27,171,inf,inf,inf,823.4227346873537,inf
27,172,inf,inf,inf,1417.127376067515,inf
27,173,inf,inf,inf,1036.4579103851734,inf
27,174,inf,inf,inf,440.1136216933077,inf
27,175,inf,inf,inf,501.8655198357425,inf
27,176,inf,inf,inf,1193.7859942217449,inf
27,177,inf,inf,inf,693.2135313162893,inf
27,178,inf,inf,inf,916.8860343575967,inf
27,179,inf,inf,inf,973.318036409477,inf
27,180,inf,inf,inf,1308.6515961095222,inf
27,181,inf,inf,inf,1089.4608758463978,inf
27,182,inf,inf,inf,753.478599563385,inf
27,183,inf,inf,inf,530.2716285075037,inf
27,184,inf,inf,inf,1015.4614714502958,inf
27,185,inf,inf,inf,770.6062548409532,inf
27,186,inf,inf,inf,380.01184192074857,inf
27,187,inf,inf,inf,850.372271419994,inf
27,188,inf,inf,inf,1357.4512882604665,inf
27,189,inf,inf,inf,1012.5897491086902,inf
27,190,inf,inf,inf,759.4399252080443,inf
27,191,inf,inf,inf,537.4104576578316,inf
27,192,inf,inf,inf,1065.949811201259,inf
27,193,inf,inf,inf,611.020457922646,inf
27,194,inf,inf,inf,1074.095433376383,inf
27,195,inf,inf,inf,565.4060487826425,inf
27,196,inf,inf,inf,562.8729874492113,inf
27,197,inf,inf,inf,612.5659148206012,inf
27,198,inf,inf,inf,828.9710489516507,inf
27,199,inf,inf,inf,942.6839343067219,inf
27,200,inf,inf,inf,635.314095546447,inf
27,201,inf,inf,inf,1275.006274494365,inf
27,202,inf,inf,inf,1006.233074391813,inf
28,29,inf,inf,inf,322.18783341398847,inf
28,30,inf,inf,inf,1449.6371959907763,inf
28,31,inf,inf,inf,1062.648107324339,inf
28,32,inf,inf,inf,1128.386458621336,inf
28,33,inf,inf,inf,412.6402791778815,inf
28,34,inf,inf,inf,487.7673625817947,inf
28,35,inf,inf,inf,1171.8724333305227,inf
28,36,inf,inf,inf,1299.6634179663595,inf
28,37,inf,inf,inf,1162.0503431435318,inf
28,38,inf,inf,inf,835.1939894419739,inf
28,39,inf,inf,inf,1394.8627172593008,inf
28,40,inf,inf,inf,308.3018001893599,inf
28,41,inf,inf,inf,1017.8113774172501,inf
28,42,inf,inf,inf,233.40308481251913,inf
28,43,inf,inf,inf,792.021464355607,inf
28,44,inf,inf,inf,404.8135373230495,inf
28,45,inf,inf,inf,413.359407779719,inf
28,46,inf,inf,inf,1187.23754994525,inf
28,47,inf,inf,inf,930.9806657498318,inf
28,48,inf,inf,inf,922.5920008324373,inf
28,49,inf,inf,inf,803.5919362462517,inf
28,50,inf,inf,inf,666.2079255007403,inf
28,51,inf,inf,inf,1222.9852820046528,inf
28,52,inf,inf,inf,1388.5856113326251,inf
28,53,inf,inf,inf,754.6820522577704,inf
28,54,inf,inf,inf,722.3053370978232,inf
28,55,inf,inf,inf,1337.1406059199608,inf
28,56,inf,inf,inf,1304.9888888415871,inf
28,57,inf,inf,inf,518.960499460219,inf
28,58,inf,inf,inf,562.9715800997418,inf
28,59,inf,inf,inf,1243.401785425773,inf
28,60,inf,inf,inf,825.1460476788336,inf
28,61,inf,inf,inf,1234.4897731451647,inf
28,62,inf,inf,inf,532.354205393364,inf
28,63,inf,inf,inf,1278.4259853429137,inf
28,64,inf,inf,inf,1037.740333609521,inf
28,65,inf,inf,inf,485.85285838409965,inf
28,66,inf,inf,inf,1116.2159289313156,inf
28,67,inf,inf,inf,912.7102497507082,inf
28,68,inf,inf,inf,321.30981933330327,inf
28,69,inf,inf,inf,601.2129406458248,inf
28,70,inf,inf,inf,1107.755388161123,inf
28,71,inf,inf,inf,886.2257048856121,inf
28,72,inf,inf,inf,1330.37024921636,inf
28,73,inf,inf,inf,1236.3611931794042,inf
28,74,inf,inf,inf,867.5142650123973,inf
28,75,inf,inf,inf,566.1280773817882,inf
28,76,inf,inf,inf,838.2004533522993,inf
28,77,inf,inf,inf,1072.531584616509,inf
28,78,inf,inf,inf,333.492128842646,inf
28,79,inf,inf,inf,1210.41521801405,inf
28,80,inf,inf,inf,851.608478116558,inf
28,81,inf,inf,inf,1276.7478216155296,inf
28,82,inf,inf,inf,464.1745361391553,inf
28,83,inf,inf,inf,630.6195366463047,inf
28,84,inf,inf,inf,1270.2291131917896,inf
28,85,inf,inf,inf,255.8906016249913,inf
28,86,inf,inf,inf,1090.6699775825866,inf
28,87,inf,inf,inf,1410.6923831934446,inf
28,88,inf,inf,inf,1086.1721778797319,inf
28,89,inf,inf,inf,536.8239935025259,inf
28,90,inf,inf,inf,1178.0751249389828,inf
28,91,inf,inf,inf,572.1512037914454,inf
28,92,inf,inf,inf,92.80086206496145,inf
28,93,inf,inf,inf,1129.425517685872,inf
28,94,inf,inf,inf,895.7778742523171,inf
28,95,inf,inf,inf,1220.4302520013177,inf
28,96,inf,inf,inf,1280.3784596751073,inf
28,97,inf,inf,inf,623.1035226990776,inf
28,98,inf,inf,inf,1198.576238709912,inf
28,99,inf,inf,inf,632.9249560571933,inf
28,100,inf,inf,inf,962.360119705716,inf
28,101,inf,inf,inf,1275.7194048849458,inf
28,102,inf,inf,inf,1167.2090643924935,inf
28,103,inf,inf,inf,1353.8936442719569,inf
28,104,inf,inf,inf,1270.6883961066144,inf
28,105,inf,inf,inf,1300.2599740051987,inf
28,106,inf,inf,inf,918.6076420322225,inf
28,107,inf,inf,inf,765.3456735358213,inf
28,108,inf,inf,inf,1163.0412718386222,inf
28,109,inf,inf,inf,976.5705299669861,inf
28,110,inf,inf,inf,663.0987860040161,inf
28,111,inf,inf,inf,182.82231811242303,inf
28,112,inf,inf,inf,1035.517744898657,inf
28,113,inf,inf,inf,348.037354317033,inf
28,114,inf,inf,inf,507.74009099144416,inf
28,115,inf,inf,inf,1066.6419267964297,inf
28,116,inf,inf,inf,1279.4705936441055,inf
28,117,inf,inf,inf,1341.86921866477,inf
28,118,inf,inf,inf,1121.064226527633,inf
28,119,inf,inf,inf,1161.4137936153504,inf
28,120,inf,inf,inf,905.525261933647,inf
28,121,inf,inf,inf,1000.084996387807,inf
28,122,inf,inf,inf,1469.1238885812184,inf
28,123,inf,inf,inf,719.8249787274682,inf
28,124,inf,inf,inf,1202.812121654916,inf
28,125,inf,inf,inf,889.9943820047405,inf
28,126,inf,inf,inf,783.2815585726502,inf
28,127,inf,inf,inf,689.98115916306,inf
28,128,inf,inf,inf,1130.7661119789539,inf
28,129,inf,inf,inf,666.562075128791,inf
28,130,inf,inf,inf,1253.542580050634,inf
28,131,inf,inf,inf,892.3586722837404,inf
28,132,inf,inf,inf,1084.3306691226621,inf
28,133,inf,inf,inf,1223.0273913531128,inf
28,134,inf,inf,inf,654.6976401362693,inf
28,135,inf,inf,inf,1421.7074241910675,inf
28,136,inf,inf,inf,88.41379982785493,inf
28,137,inf,inf,inf,1247.7836350906355,inf
28,138,inf,inf,inf,784.3086127284336,inf
28,139,inf,inf,inf,852.9349330400297,inf
28,140,inf,inf,inf,939.3279512502543,inf
28,141,inf,inf,inf,509.7695557798641,inf
28,142,inf,inf,inf,769.4550019331865,inf
28,143,inf,inf,inf,251.07767722360344,inf
28,144,inf,inf,inf,634.7030801878939,inf
28,145,inf,inf,inf,1045.693071603709,inf
28,146,inf,inf,inf,1094.5250111349671,inf
28,147,inf,inf,inf,1019.3944280797301,inf
28,148,inf,inf,inf,823.6139872537377,inf
28,149,inf,inf,inf,1255.4775983664542,inf
28,150,inf,inf,inf,939.6408888506289,inf
28,151,inf,inf,inf,907.5703829455873,inf
28,152,inf,inf,inf,1280.087887607722,inf
28,153,inf,inf,inf,922.1160447579252,inf
28,154,inf,inf,inf,1361.3287626433228,inf
28,155,inf,inf,inf,994.6883934177578,inf
28,156,inf,inf,inf,1049.0076262830505,inf
28,157,inf,inf,inf,397.75620673975664,inf
28,158,inf,inf,inf,1276.0133228144603,inf
28,159,inf,inf,inf,1020.6571412575331,inf
28,160,inf,inf,inf,1119.5646475304586,inf
28,161,inf,inf,inf,1374.1240846444691,inf
28,162,inf,inf,inf,709.0028208688594,inf
28,163,inf,inf,inf,1207.8017221381992,inf
28,164,inf,inf,inf,669.1621627079643,inf
28,165,inf,inf,inf,1249.5127050174399,inf
28,166,inf,inf,inf,272.0827080135744,inf
28,167,inf,inf,inf,629.2487584413656,inf
28,168,inf,inf,inf,1051.7490194908669,inf
28,169,inf,inf,inf,310.31919051196303,inf
28,170,inf,inf,inf,1399.7860550812757,inf
28,171,inf,inf,inf,1360.0974229811627,inf
28,172,inf,inf,inf,1348.6623002071349,inf
28,173,inf,inf,inf,456.6015768698133,inf
28,174,inf,inf,inf,1267.5914168216823,inf
28,175,inf,inf,inf,1202.7622375182887,inf
28,176,inf,inf,inf,894.939662770625,inf
28,177,inf,inf,inf,1393.6373272842543,inf
28,178,inf,inf,inf,910.45922478714,inf
28,179,inf,inf,inf,904.8071617753697,inf
28,180,inf,inf,inf,494.5068250287351,inf
28,181,inf,inf,inf,222.27235545609355,inf
28,182,inf,inf,inf,1038.0915181235227,inf
28,183,inf,inf,inf,933.1087825114497,inf
28,184,inf,inf,inf,554.698116095593,inf
28,185,inf,inf,inf,375.9494646890723,inf
28,186,inf,inf,inf,626.2850788578633,inf
28,187,inf,inf,inf,1376.0744892628452,inf
28,188,inf,inf,inf,676.5811111758885,inf
28,189,inf,inf,inf,1185.557252940574,inf
28,190,inf,inf,inf,1100.5730325607656,inf
28,191,inf,inf,inf,1050.5436687734593,inf
28,192,inf,inf,inf,1191.063810213374,inf
28,193,inf,inf,inf,1104.3704088755728,inf
28,194,inf,inf,inf,666.0818268050856,inf
28,195,inf,inf,inf,1150.9456981109056,inf
28,196,inf,inf,inf,645.2611874272309,inf
28,197,inf,inf,inf,1158.9188927616979,inf
28,198,inf,inf,inf,698.4046105231552,inf
28,199,inf,inf,inf,193.27959023135372,inf
28,200,inf,inf,inf,1035.4400030904735,inf
28,201,inf,inf,inf,1088.6950904638084,inf
28,202,inf,inf,inf,646.2391198310421,inf
29,30,inf,inf,inf,1333.8099564780584,inf
29,31,inf,inf,inf,899.7244022477105,inf
29,32,inf,inf,inf,1202.4678789888735,inf
29,33,inf,inf,inf,656.942158793299,inf
29,34,inf,inf,inf,320.62439083762797,inf
29,35,inf,inf,inf,1078.6333946248837,inf
29,36,inf,inf,inf,1056.0501882012995,inf
29,37,inf,inf,inf,982.5120864396529,inf
29,38,inf,inf,inf,583.0077186453024,inf
29,39,inf,inf,inf,1309.4078814487104,inf
29,40,inf,inf,inf,598.0175582706581,inf
29,41,inf,inf,inf,881.8304825758747,inf
29,42,inf,inf,inf,354.2654372077525,inf
29,43,inf,inf,inf,739.6249049349271,inf
29,44,inf,inf,inf,352.56346946330103,inf
29,45,inf,inf,inf,687.7012432735598,inf
29,46,inf,inf,inf,1115.4559605829359,inf
29,47,inf,inf,inf,671.085687524328,inf
29,48,inf,inf,inf,853.7312223410831,inf
29,49,inf,inf,inf,763.2856608112064,inf
29,50,inf,inf,inf,569.3241607379754,inf
29,51,inf,inf,inf,1071.9776117065132,inf
29,52,inf,inf,inf,1398.4809616151376,inf
29,53,inf,inf,inf,553.3263051762495,inf
29,54,inf,inf,inf,946.7893113042627,inf
29,55,inf,inf,inf,1260.8727136392476,inf
29,56,inf,inf,inf,1194.668573287169,inf
29,57,inf,inf,inf,370.2769233965303,inf
29,58,inf,inf,inf,525.3341793563408,inf
29,59,inf,inf,inf,986.3696061821856,inf
29,60,inf,inf,inf,584.5109066561547,inf
29,61,inf,inf,inf,1098.8867093563376,inf
29,62,inf,inf,inf,376.64306710730784,inf
29,63,inf,inf,inf,1092.8000732064397,inf
29,64,inf,inf,inf,895.0754158170137,inf
29,65,inf,inf,inf,645.7398857125057,inf
29,66,inf,inf,inf,962.3725889695737,inf
29,67,inf,inf,inf,762.5463920313308,inf
29,68,inf,inf,inf,22.825424421026653,inf
29,69,inf,inf,inf,370.37548514986787,inf
29,70,inf,inf,inf,940.8001913265111,inf
29,71,inf,inf,inf,612.6703844645994,inf
29,72,inf,inf,inf,1116.68527347682,inf
29,73,inf,inf,inf,1058.2400483822184,inf
29,74,inf,inf,inf,1061.5469843582055,inf
29,75,inf,inf,inf,704.1264091056378,inf
29,76,inf,inf,inf,678.516764715508,inf
29,77,inf,inf,inf,956.2013386311484,inf
29,78,inf,inf,inf,215.24404753674375,inf
29,79,inf,inf,inf,1012.6964007045744,inf
29,80,inf,inf,inf,652.8828378813461,inf
29,81,inf,inf,inf,1255.997611462697,inf
29,82,inf,inf,inf,150.89400253157845,inf
29,83,inf,inf,inf,335.7439500571827,inf
29,84,inf,inf,inf,1153.660695351974,inf
29,85,inf,inf,inf,553.383230681957,inf
29,86,inf,inf,inf,882.636958211019,inf
29,87,inf,inf,inf,1215.076129302193,inf
29,88,inf,inf,inf,902.6854380126002,inf
29,89,inf,inf,inf,426.32968463385237,inf
29,90,inf,inf,inf,1019.9313702401745,inf
29,91,inf,inf,inf,823.2229345687595,inf
29,92,inf,inf,inf,289.932750823359,inf
29,93,inf,inf,inf,1091.5589768766506,inf
29,94,inf,inf,inf,736.2479202007976,inf
29,95,inf,inf,inf,1163.6807981572954,inf
29,96,inf,inf,inf,1280.3155860958657,inf
29,97,inf,inf,inf,300.98006578509484,inf
29,98,inf,inf,inf,1105.2429597151931,inf
29,99,inf,inf,inf,672.3131710743141,inf
29,100,inf,inf,inf,748.712227761775,inf
29,101,inf,inf,inf,1256.6721927376288,inf
29,102,inf,inf,inf,1141.5542037065081,inf
29,103,inf,inf,inf,1300.1388387399247,inf
29,104,inf,inf,inf,1336.2492282504788,inf
29,105,inf,inf,inf,1055.3411770607645,inf
29,106,inf,inf,inf,795.4049283226751,inf
29,107,inf,inf,inf,849.2355385874993,inf
29,108,inf,inf,inf,1251.384033780198,inf
29,109,inf,inf,inf,775.95682869603,inf
29,110,inf,inf,inf,899.269147697173,inf
29,111,inf,inf,inf,152.22680447279973,inf
29,112,inf,inf,inf,881.1106627433355,inf
29,113,inf,inf,inf,199.37151250868314,inf
29,114,inf,inf,inf,364.16617086159994,inf
29,115,inf,inf,inf,1106.092220386709,inf
29,116,inf,inf,inf,1098.604569442527,inf
29,117,inf,inf,inf,1283.058845104152,inf
29,118,inf,inf,inf,1101.9727764332474,inf
29,119,inf,inf,inf,883.5434341332632,inf
29,120,inf,inf,inf,925.0908063536249,inf
29,121,inf,inf,inf,846.5914008540366,inf
29,122,inf,inf,inf,1322.3653050500077,inf
29,123,inf,inf,inf,398.76935689694113,inf
29,124,inf,inf,inf,996.7477113091356,inf
29,125,inf,inf,inf,577.8970496550402,inf
29,126,inf,inf,inf,649.6037253587759,inf
29,127,inf,inf,inf,919.0087050730259,inf
29,128,inf,inf,inf,1251.920524634052,inf
29,129,inf,inf,inf,900.6186762442804,inf
29,130,inf,inf,inf,1081.5442663155309,inf
29,131,inf,inf,inf,651.2242317358899,inf
29,132,inf,inf,inf,824.1516850677428,inf
29,133,inf,inf,inf,1080.1411944741299,inf
29,134,inf,inf,inf,595.4040644805845,inf
29,135,inf,inf,inf,1408.3611042626817,inf
29,136,inf,inf,inf,242.33035303073365,inf
29,137,inf,inf,inf,1024.3168455121686,inf
29,138,inf,inf,inf,515.1863740434135,inf
29,139,inf,inf,inf,740.8029427587339,inf
29,140,inf,inf,inf,699.978571100573,inf
29,141,inf,inf,inf,695.4667497443713,inf
29,142,inf,inf,inf,681.2473853160833,inf
29,143,inf,inf,inf,547.4860728822241,inf
29,144,inf,inf,inf,788.06408368863,inf
29,145,inf,inf,inf,778.5762647294098,inf
29,146,inf,inf,inf,921.4390918557775,inf
29,147,inf,inf,inf,720.2777242147642,inf
29,148,inf,inf,inf,1028.4089653440406,inf
29,149,inf,inf,inf,1130.7011099313559,inf
29,150,inf,inf,inf,802.407627082395,inf
29,151,inf,inf,inf,686.5165693557585,inf
29,152,inf,inf,inf,1247.9463129477967,inf
29,153,inf,inf,inf,625.0959926283323,inf
29,154,inf,inf,inf,1141.7061793649011,inf
29,155,inf,inf,inf,1156.684918203743,inf
29,156,inf,inf,inf,845.983451374789,inf
29,157,inf,inf,inf,308.58548248418947,inf
29,158,inf,inf,inf,1219.2165517249182,inf
29,159,inf,inf,inf,999.359795068823,inf
29,160,inf,inf,inf,1011.5937919936046,inf
29,161,inf,inf,inf,1181.427103125707,inf
29,162,inf,inf,inf,623.8990302925627,inf
29,163,inf,inf,inf,945.043914323562,inf
29,164,inf,inf,inf,770.7561222591748,inf
29,165,inf,inf,inf,1059.8872581553192,inf
29,166,inf,inf,inf,91.706052144883,inf
29,167,inf,inf,inf,492.8539337369643,inf
29,168,inf,inf,inf,1159.212232509647,inf
29,169,inf,inf,inf,77.33692520394123,inf
29,170,inf,inf,inf,1260.3507448325645,inf
29,171,inf,inf,inf,1198.3488640625483,inf
29,172,inf,inf,inf,1382.4850812938273,inf
29,173,inf,inf,inf,595.0462166924516,inf
29,174,inf,inf,inf,1019.1962519554318,inf
29,175,inf,inf,inf,982.369584219707,inf
29,176,inf,inf,inf,975.0866628151572,inf
29,177,inf,inf,inf,1186.7813614984018,inf
29,178,inf,inf,inf,877.2553790088722,inf
29,179,inf,inf,inf,894.7675675838949,inf
29,180,inf,inf,inf,756.9015788066504,inf
29,181,inf,inf,inf,483.911148869294,inf
29,182,inf,inf,inf,920.8001954821686,inf
29,183,inf,inf,inf,758.1695061132438,inf
29,184,inf,inf,inf,652.1755898529168,inf
29,185,inf,inf,inf,351.27909132198573,inf
29,186,inf,inf,inf,319.0015673942685,inf
29,187,inf,inf,inf,1218.70176827639,inf
29,188,inf,inf,inf,894.4523464109197,inf
29,189,inf,inf,inf,1123.6142576525094,inf
29,190,inf,inf,inf,973.4978171521495,inf
29,191,inf,inf,inf,863.6602341198766,inf
29,192,inf,inf,inf,1145.9153546401235,inf
29,193,inf,inf,inf,930.8582061732066,inf
29,194,inf,inf,inf,760.3709620967912,inf
29,195,inf,inf,inf,956.6049341290269,inf
29,196,inf,inf,inf,493.20685315595523,inf
29,197,inf,inf,inf,976.5623379999865,inf
29,198,inf,inf,inf,671.148269758628,inf
29,199,inf,inf,inf,357.26180876214573,inf
29,200,inf,inf,inf,880.3823033205517,inf
29,201,inf,inf,inf,1145.1759690108765,inf
29,202,inf,inf,inf,714.0448165206438,inf
30,31,inf,inf,inf,454.9648338058668,inf
30,32,inf,inf,inf,786.1602889996416,inf
30,33,inf,inf,inf,1318.0743529862038,inf
30,34,inf,inf,inf,1015.5082471353937,inf
30,35,inf,inf,inf,284.01584462842914,inf
30,36,inf,inf,inf,655.2686471974681,inf
30,37,inf,inf,inf,421.06175319066915,inf
30,38,inf,inf,inf,861.9100881182445,inf
30,39,inf,inf,inf,141.76741515595182,inf
30,40,inf,inf,inf,1429.8090781639344,inf
30,41,inf,inf,inf,452.411317276657,inf
30,42,inf,inf,inf,1225.1338702362284,inf
30,43,inf,inf,inf,667.1326704636792,inf
30,44,inf,inf,inf,1048.1001860509327,inf
30,45,inf,inf,inf,1402.558376681698,inf
30,46,inf,inf,inf,302.2201184567301,inf
30,47,inf,inf,inf,838.9666262730598,inf
30,48,inf,inf,inf,535.8357957434348,inf
30,49,inf,inf,inf,664.824788948186,inf
30,50,inf,inf,inf,786.778876178053,inf
30,51,inf,inf,inf,288.7923129170858,inf
30,52,inf,inf,inf,551.131563240575,inf
30,53,inf,inf,inf,800.3880308950153,inf
30,54,inf,inf,inf,1289.9213154297436,inf
30,55,inf,inf,inf,196.46119209655632,inf
30,56,inf,inf,inf,144.84474446799925,inf
30,57,inf,inf,inf,968.3800906668827,inf
30,58,inf,inf,inf,888.5071749850982,inf
30,59,inf,inf,inf,736.0271734114169,inf
30,60,inf,inf,inf,834.080331862585,inf
30,61,inf,inf,inf,241.9442084448396,inf
30,62,inf,inf,inf,959.8400908484705,inf
30,63,inf,inf,inf,377.1166928153672,inf
30,64,inf,inf,inf,441.54841184178207,inf
30,65,inf,inf,inf,1131.8131471227925,inf
30,66,inf,inf,inf,387.8479083352133,inf
30,67,inf,inf,inf,573.3341085266077,inf
30,68,inf,inf,inf,1356.2595621782727,inf
30,69,inf,inf,inf,982.1023368264633,inf
30,70,inf,inf,inf,425.9131366839957,inf
30,71,inf,inf,inf,913.4484112417077,inf
30,72,inf,inf,inf,492.8539337369643,inf
30,73,inf,inf,inf,368.5986977730659,inf
30,74,inf,inf,inf,1204.4521576218792,inf
30,75,inf,inf,inf,1066.0548766362826,inf
30,76,inf,inf,inf,658.1945001289513,inf
30,77,inf,inf,inf,380.4260769190251,inf
30,78,inf,inf,inf,1154.7107863010547,inf
30,79,inf,inf,inf,459.10891953870816,inf
30,80,inf,inf,inf,712.5061403244185,inf
30,81,inf,inf,inf,420.3534227290174,inf
30,82,inf,inf,inf,1366.0344065945044,inf
30,83,inf,inf,inf,1107.9228312477362,inf
30,84,inf,inf,inf,181.02486017119307,inf
30,85,inf,inf,inf,1442.3536320888854,inf
30,86,inf,inf,inf,563.4935669552937,inf
30,87,inf,inf,inf,391.05114754978024,inf
30,88,inf,inf,inf,487.8216887347261,inf
30,89,inf,inf,inf,926.3973229667711,inf
30,90,inf,inf,inf,345.01159400808547,inf
30,91,inf,inf,inf,1355.501752119856,inf
30,92,inf,inf,inf,1356.8566615527227,inf
30,93,inf,inf,inf,419.86902719776793,inf
30,94,inf,inf,inf,602.6823375543703,inf
30,95,inf,inf,inf,317.0394297244429,inf
30,96,inf,inf,inf,500.4687802450818,inf
30,97,inf,inf,inf,1299.1728137549676,inf
30,98,inf,inf,inf,258.9922778771599,inf
30,99,inf,inf,inf,880.4146750253542,inf
30,100,inf,inf,inf,664.4072546262571,inf
30,101,inf,inf,inf,427.0128803677941,inf
30,102,inf,inf,inf,435.2528001058695,inf
30,103,inf,inf,inf,279.0627169652012,inf
30,104,inf,inf,inf,765.9275422649325,inf
30,105,inf,inf,inf,662.5315086846814,inf
30,106,inf,inf,inf,540.4960684408352,inf
30,107,inf,inf,inf,884.1459155591909,inf
30,108,inf,inf,inf,842.9454312112973,inf
30,109,inf,inf,inf,617.629338681381,inf
30,110,inf,inf,inf,1320.6558976508604,inf
30,111,inf,inf,inf,1335.1644093518971,inf
30,112,inf,inf,inf,462.6499756835614,inf
30,113,inf,inf,inf,1155.8313025697132,inf
30,114,inf,inf,inf,976.4998719917991,inf
30,115,inf,inf,inf,671.6851941199835,inf
30,116,inf,inf,inf,356.61884414595926,inf
30,117,inf,inf,inf,260.9233603953467,inf
30,118,inf,inf,inf,475.0378932253721,inf
30,119,inf,inf,inf,867.3050213160304,inf
30,120,inf,inf,inf,679.4115100585211,inf
30,121,inf,inf,inf,494.2893889211056,inf
30,122,inf,inf,inf,146.4547711752676,inf
30,123,inf,inf,inf,1246.3915917559777,inf
30,124,inf,inf,inf,497.01609631882144,inf
30,125,inf,inf,inf,1131.9196084528264,inf
30,126,inf,inf,inf,685.5435799422237,inf
30,127,inf,inf,inf,1300.2653575328384,inf
30,128,inf,inf,inf,968.396612963924,inf
30,129,inf,inf,inf,1313.811630333664,inf
30,130,inf,inf,inf,335.4832335601885,inf
30,131,inf,inf,inf,793.1355495752287,inf
30,132,inf,inf,inf,783.3013468646661,inf
30,133,inf,inf,inf,268.15667062372324,inf
30,134,inf,inf,inf,795.8197031991606,inf
30,135,inf,inf,inf,456.3551248753541,inf
30,136,inf,inf,inf,1444.0820613801695,inf
30,137,inf,inf,inf,559.4461546922993,inf
30,138,inf,inf,inf,944.8237930958344,inf
30,139,inf,inf,inf,601.2071190529932,inf
30,140,inf,inf,inf,759.7611466770329,inf
30,141,inf,inf,inf,1176.189185462951,inf
30,142,inf,inf,inf,680.312428226914,inf
30,143,inf,inf,inf,1438.0125173307777,inf
30,144,inf,inf,inf,1080.2851475420737,inf
30,145,inf,inf,inf,828.464845361588,inf
30,146,inf,inf,inf,452.58037960123727,inf
30,147,inf,inf,inf,1019.6906393607818,inf
30,148,inf,inf,inf,1236.5904738433012,inf
30,149,inf,inf,inf,203.66639388961548,inf
30,150,inf,inf,inf,531.4593117069264,inf
30,151,inf,inf,inf,723.5606401677747,inf
30,152,inf,inf,inf,376.6337743750552,inf
30,153,inf,inf,inf,1019.247761832225,inf
30,154,inf,inf,inf,519.8846025802264,inf
30,155,inf,inf,inf,1105.1773613316552,inf
30,156,inf,inf,inf,573.1710041514661,inf
30,157,inf,inf,inf,1066.8130107943005,inf
30,158,inf,inf,inf,289.5272007946749,inf
30,159,inf,inf,inf,524.4358874066495,inf
30,160,inf,inf,inf,330.20751051422195,inf
30,161,inf,inf,inf,380.46944686794495,inf
30,162,inf,inf,inf,740.962212261867,inf
30,163,inf,inf,inf,772.5729738995534,inf
30,164,inf,inf,inf,958.3663182729243,inf
30,165,inf,inf,inf,407.14862151307847,inf
30,166,inf,inf,inf,1417.118555379189,inf
30,167,inf,inf,inf,844.9674549945696,inf
30,168,inf,inf,inf,906.7965593229828,inf
30,169,inf,inf,inf,1411.1364214702985,inf
30,170,inf,inf,inf,124.95199078045935,inf
30,171,inf,inf,inf,239.07530194480566,inf
30,172,inf,inf,inf,646.3451090555261,inf
30,173,inf,inf,inf,1108.9098250083277,inf
30,174,inf,inf,inf,684.8912322405654,inf
30,175,inf,inf,inf,559.228933443183,inf
30,176,inf,inf,inf,833.9502383236064,inf
30,177,inf,inf,inf,450.32099662351965,inf
30,178,inf,inf,inf,582.4087911424415,inf
30,179,inf,inf,inf,622.2443250042543,inf
30,180,inf,inf,inf,1379.071064158769,inf
30,181,inf,inf,inf,1357.945875210054,inf
30,182,inf,inf,inf,415.7811924558397,inf
30,183,inf,inf,inf,594.2558371610666,inf
30,184,inf,inf,inf,1003.7698939498036,inf
30,185,inf,inf,inf,1074.3937825583318,inf
30,186,inf,inf,inf,1157.4268875397702,inf
30,187,inf,inf,inf,213.43148783626094,inf
30,188,inf,inf,inf,1259.9849205446865,inf
30,189,inf,inf,inf,325.1122882943676,inf
30,190,inf,inf,inf,360.3123644839294,inf
30,191,inf,inf,inf,524.3071618812774,inf
30,192,inf,inf,inf,366.1106390150387,inf
30,193,inf,inf,inf,445.8811500837415,inf
30,194,inf,inf,inf,945.5691407824179,inf
30,195,inf,inf,inf,478.85279575251514,inf
30,196,inf,inf,inf,841.1480250229445,inf
30,197,inf,inf,inf,432.46387132337424,inf
30,198,inf,inf,inf,767.1799006751936,inf
30,199,inf,inf,inf,1270.9622338999693,inf
30,200,inf,inf,inf,463.89654018972806,inf
30,201,inf,inf,inf,724.7930739183425,inf
30,202,inf,inf,inf,910.3477357581552,inf
31,32,inf,inf,inf,816.7159849054015,inf
31,33,inf,inf,inf,1032.2620791252577,inf
31,34,inf,inf,inf,592.0135133592813,inf
31,35,inf,inf,inf,287.1271495348359,inf
31,36,inf,inf,inf,400.85159348566896,inf
31,37,inf,inf,inf,111.00450441310929,inf
31,38,inf,inf,inf,409.48015824945657,inf
31,39,inf,inf,inf,479.5633430528234,inf
31,40,inf,inf,inf,1112.964060515882,inf
31,41,inf,inf,inf,96.25487000666512,inf
31,42,inf,inf,inf,858.146840581494,inf
31,43,inf,inf,inf,383.89191187103694,inf
31,44,inf,inf,inf,660.1855799697537,inf
31,45,inf,inf,inf,1115.1452820148593,inf
31,46,inf,inf,inf,365.80049207183964,inf
31,47,inf,inf,inf,400.4047951760818,inf
31,48,inf,inf,inf,306.88271375233893,inf
31,49,inf,inf,inf,405.03456642612616,inf
31,50,inf,inf,inf,408.92297563233103,inf
31,51,inf,inf,inf,173.6663467687393,inf
31,52,inf,inf,inf,769.007802301121,inf
31,53,inf,inf,inf,351.2406582387637,inf
31,54,inf,inf,inf,1105.7205795317368,inf
31,55,inf,inf,inf,458.00436679140955,inf
31,56,inf,inf,inf,336.4654514210932,inf
31,57,inf,inf,inf,550.5424597612795,inf
31,58,inf,inf,inf,537.3788235500167,inf
31,59,inf,inf,inf,428.3608292082739,inf
31,60,inf,inf,inf,379.93288881064245,inf
31,61,inf,inf,inf,213.24164696418944,inf
31,62,inf,inf,inf,539.2327883205917,inf
31,63,inf,inf,inf,224.89997776789573,inf
31,64,inf,inf,inf,70.9365914038728,inf
31,65,inf,inf,inf,858.0372952267285,inf
31,66,inf,inf,inf,67.11929677819934,inf
31,67,inf,inf,inf,150.98675438593943,inf
31,68,inf,inf,inf,921.5036624995041,inf
31,69,inf,inf,inf,536.1436374704077,inf
31,70,inf,inf,inf,45.880278987817846,inf
31,71,inf,inf,inf,469.7201294387968,inf
31,72,inf,inf,inf,323.5954264200902,inf
31,73,inf,inf,inf,177.53872816937718,inf
31,74,inf,inf,inf,1079.704589227998,inf
31,75,inf,inf,inf,817.5879157619687,inf
31,76,inf,inf,inf,226.04645540242387,inf
31,77,inf,inf,inf,163.29421300217592,inf
31,78,inf,inf,inf,742.4890571584203,inf
31,79,inf,inf,inf,188.939143641544,inf
31,80,inf,inf,inf,258.6426105652354,inf
31,81,inf,inf,inf,589.0823371991389,inf
31,82,inf,inf,inf,917.6017654734542,inf
31,83,inf,inf,inf,653.6818798161687,inf
31,84,inf,inf,inf,290.5942188000305,inf
31,85,inf,inf,inf,1111.784601440405,inf
31,86,inf,inf,inf,168.11900546934007,inf
31,87,inf,inf,inf,361.52178357603844,inf
31,88,inf,inf,inf,75.69015788066504,inf
31,89,inf,inf,inf,525.9248995816798,inf
31,90,inf,inf,inf,120.21647141718975,inf
31,91,inf,inf,inf,1117.6117393800048,inf
31,92,inf,inf,inf,971.360386262483,inf
31,93,inf,inf,inf,446.4314057052886,inf
31,94,inf,inf,inf,167.5857989210303,inf
31,95,inf,inf,inf,435.0459745819975,inf
31,96,inf,inf,inf,659.775719468366,inf
31,97,inf,inf,inf,844.353598914578,inf
31,98,inf,inf,inf,303.7795253140014,inf
31,99,inf,inf,inf,612.1282545349463,inf
31,100,inf,inf,inf,218.01376103356412,inf
31,101,inf,inf,inf,593.9840065186941,inf
31,102,inf,inf,inf,506.06916523337003,inf
31,103,inf,inf,inf,539.0222629910568,inf
31,104,inf,inf,inf,875.128561983895,inf
31,105,inf,inf,inf,406.51814227657786,inf
31,106,inf,inf,inf,177.91290003819284,inf
31,107,inf,inf,inf,709.9471811339207,inf
31,108,inf,inf,inf,885.3259286838944,inf
31,109,inf,inf,inf,168.44286865284622,inf
31,110,inf,inf,inf,1114.2589465649355,inf
31,111,inf,inf,inf,923.877156336274,inf
31,112,inf,inf,inf,37.36308338453881,inf
31,113,inf,inf,inf,738.0602956398617,inf
31,114,inf,inf,inf,560.5863002250412,inf
31,115,inf,inf,inf,670.3431956841212,inf
31,116,inf,inf,inf,221.20578654275752,inf
31,117,inf,inf,inf,514.2450777596223,inf
31,118,inf,inf,inf,504.2301062015238,inf
31,119,inf,inf,inf,503.66754908371854,inf
31,120,inf,inf,inf,555.4898738951053,inf
31,121,inf,inf,inf,66.61080993352356,inf
31,122,inf,inf,inf,422.9349831829947,inf
31,123,inf,inf,inf,792.5055204855042,inf
31,124,inf,inf,inf,207.23416706711276,inf
31,125,inf,inf,inf,691.413769026912,inf
31,126,inf,inf,inf,281.95212359547855,inf
31,127,inf,inf,inf,1104.2938920414258,inf
31,128,inf,inf,inf,978.9713989693468,inf
31,129,inf,inf,inf,1109.0437322306095,inf
31,130,inf,inf,inf,191.19100397246729,inf
31,131,inf,inf,inf,344.19325966671687,inf
31,132,inf,inf,inf,392.23717314910374,inf
31,133,inf,inf,inf,187.55532517100121,inf
31,134,inf,inf,inf,451.1429928525988,inf
31,135,inf,inf,inf,718.2764091907794,inf
31,136,inf,inf,inf,1041.1320761555664,inf
31,137,inf,inf,inf,292.8497908484826,inf
31,138,inf,inf,inf,491.1384733453489,inf
31,139,inf,inf,inf,242.0185943269649,inf
31,140,inf,inf,inf,317.6948221170751,inf
31,141,inf,inf,inf,917.2883952171204,inf
31,142,inf,inf,inf,335.431065943511,inf
31,143,inf,inf,inf,1106.4488239408092,inf
31,144,inf,inf,inf,864.7386888534594,inf
31,145,inf,inf,inf,422.5221887664599,inf
31,146,inf,inf,inf,45.5411901469428,inf
31,147,inf,inf,inf,603.8410386848512,inf
31,148,inf,inf,inf,1092.6595993263409,inf
31,149,inf,inf,inf,257.1789260417735,inf
31,150,inf,inf,inf,139.0323703315167,inf
31,151,inf,inf,inf,271.88416651213805,inf
31,152,inf,inf,inf,554.1353625243565,inf
31,153,inf,inf,inf,583.6719969297825,inf
31,154,inf,inf,inf,364.3473617305332,inf
31,155,inf,inf,inf,1040.446058188506,inf
31,156,inf,inf,inf,149.26486525636233,inf
31,157,inf,inf,inf,665.4449639151235,inf
31,158,inf,inf,inf,472.0519039258289,inf
31,159,inf,inf,inf,458.2051942088828,inf
31,160,inf,inf,inf,210.05237442123808,inf
31,161,inf,inf,inf,323.37284981890485,inf
31,162,inf,inf,inf,383.5648576186301,inf
31,163,inf,inf,inf,440.1136216933077,inf
31,164,inf,inf,inf,742.6930725407367,inf
31,165,inf,inf,inf,204.0612653102004,inf
31,166,inf,inf,inf,987.1707045896368,inf
31,167,inf,inf,inf,433.68306399950643,inf
31,168,inf,inf,inf,886.8308745189242,inf
31,169,inf,inf,inf,976.6498860901996,inf
31,170,inf,inf,inf,364.0054944640259,inf
31,171,inf,inf,inf,300.4130489842277,inf
31,172,inf,inf,inf,820.1908314532661,inf
31,173,inf,inf,inf,817.4105455644673,inf
31,174,inf,inf,inf,401.8768468075761,inf
31,175,inf,inf,inf,255.51907952244974,inf
31,176,inf,inf,inf,730.9897400100771,inf
31,177,inf,inf,inf,363.03443362854716,inf
31,178,inf,inf,inf,405.97660031090464,inf
31,179,inf,inf,inf,470.7706447942565,inf
31,180,inf,inf,inf,1116.216824814964,inf
31,181,inf,inf,inf,1018.6157273476588,inf
31,182,inf,inf,inf,153.91231269784754,inf
31,183,inf,inf,inf,142.76203977248295,inf
31,184,inf,inf,inf,734.4964261315367,inf
31,185,inf,inf,inf,692.3907856117094,inf
31,186,inf,inf,inf,702.8869041318098,inf
31,187,inf,inf,inf,319.4526568992658,inf
31,188,inf,inf,inf,1061.8874704976984,inf
31,189,inf,inf,inf,396.8941924493227,inf
31,190,inf,inf,inf,137.5281789307195,inf
31,191,inf,inf,inf,88.88756943465155,inf
31,192,inf,inf,inf,455.1593127686173,inf
31,193,inf,inf,inf,53.150729063673246,inf
31,194,inf,inf,inf,725.2503016200683,inf
31,195,inf,inf,inf,139.5313584826006,inf
31,196,inf,inf,inf,420.52942822114125,inf
31,197,inf,inf,inf,113.7453295744489,inf
31,198,inf,inf,inf,470.7185995900311,inf
31,199,inf,inf,inf,904.4976506326592,inf
31,200,inf,inf,inf,35.90264614203248,inf
31,201,inf,inf,inf,736.8174807915458,inf
31,202,inf,inf,inf,666.6603333032497,inf
32,33,inf,inf,inf,802.7203747258444,inf
32,34,inf,inf,inf,937.2432981888961,inf
32,35,inf,inf,inf,596.3698516860154,inf
32,36,inf,inf,inf,1213.1351944445435,inf
32,37,inf,inf,inf,898.9755280317702,inf
32,38,inf,inf,inf,1076.2569395827375,inf
32,39,inf,inf,inf,649.5429162110845,inf
32,40,inf,inf,inf,948.3216753823567,inf
32,41,inf,inf,inf,723.0629294881601,inf
32,42,inf,inf,inf,909.3079786299029,inf
32,43,inf,inf,inf,549.5252496473661,inf
32,44,inf,inf,inf,851.4282118887064,inf
32,45,inf,inf,inf,870.7433605833581,inf
32,46,inf,inf,inf,524.6189093046495,inf
32,47,inf,inf,inf,1127.2306773682128,inf
32,48,inf,inf,inf,531.5185791672761,inf
32,49,inf,inf,inf,515.2164593644112,inf
32,50,inf,inf,inf,716.5005233773385,inf
32,51,inf,inf,inf,814.6318186763883,inf
32,52,inf,inf,inf,344.11916540640397,inf
32,53,inf,inf,inf,923.5393873571392,inf
32,54,inf,inf,inf,620.896931865507,inf
32,55,inf,inf,inf,589.7567295080235,inf
32,56,inf,inf,inf,697.1398711879848,inf
32,57,inf,inf,inf,891.5783756911111,inf
32,58,inf,inf,inf,691.7376670385963,inf
32,59,inf,inf,inf,1244.76825152315,inf
32,60,inf,inf,inf,1037.301306275086,inf
32,61,inf,inf,inf,762.7168544092887,inf
32,62,inf,inf,inf,895.6321789663433,inf
32,63,inf,inf,inf,964.9585483325178,inf
32,64,inf,inf,inf,746.0542875689409,inf
32,65,inf,inf,inf,652.558809610291,inf
32,66,inf,inf,inf,795.5941176253127,inf
32,67,inf,inf,inf,768.3176426452799,inf
32,68,inf,inf,inf,1223.1696529917672,inf
32,69,inf,inf,inf,1012.5438262119818,inf
32,70,inf,inf,inf,839.4343333459741,inf
32,71,inf,inf,inf,1166.3498617481805,inf
32,72,inf,inf,inf,1100.76745954811,inf
32,73,inf,inf,inf,919.4046987045476,inf
32,74,inf,inf,inf,480.1010310340939,inf
32,75,inf,inf,inf,568.1769090697017,inf
32,76,inf,inf,inf,802.877325623286,inf
32,77,inf,inf,inf,661.8912297349165,inf
32,78,inf,inf,inf,988.0713536987093,inf
32,79,inf,inf,inf,983.7138811666733,inf
32,80,inf,inf,inf,912.5354787623328,inf
32,81,inf,inf,inf,372.9785516621566,inf
32,82,inf,inf,inf,1313.2014316166428,inf
32,83,inf,inf,inf,1177.932510800173,inf
32,84,inf,inf,inf,706.463020971374,inf
32,85,inf,inf,inf,986.4684485577833,inf
32,86,inf,inf,inf,981.5849428348013,inf
32,87,inf,inf,inf,1068.7155842411955,inf
32,88,inf,inf,inf,892.3866874847473,inf
32,89,inf,inf,inf,820.6168411627926,inf
32,90,inf,inf,inf,826.4000242013549,inf
32,91,inf,inf,inf,750.3872333668797,inf
32,92,inf,inf,inf,1052.480878686164,inf
32,93,inf,inf,inf,399.78244083501215,inf
32,94,inf,inf,inf,796.900244698168,inf
32,95,inf,inf,inf,479.5518741491894,inf
32,96,inf,inf,inf,305.7924132479418,inf
32,97,inf,inf,inf,1346.8994023311466,inf
32,98,inf,inf,inf,602.4923236025502,inf
32,99,inf,inf,inf,530.1565806438698,inf
32,100,inf,inf,inf,970.6312379065491,inf
32,101,inf,inf,inf,366.7860411738702,inf
32,102,inf,inf,inf,360.25130117738644,inf
32,103,inf,inf,inf,519.8653671865438,inf
32,104,inf,inf,inf,143.1258187749506,inf
32,105,inf,inf,inf,1219.2997990650208,inf
32,106,inf,inf,inf,688.6566633671673,inf
32,107,inf,inf,inf,364.156559737704,inf
32,108,inf,inf,inf,68.6804193347711,inf
32,109,inf,inf,inf,929.4180975212394,inf
32,110,inf,inf,inf,675.9201136229044,inf
32,111,inf,inf,inf,1114.3177284778342,inf
32,112,inf,inf,inf,784.4877309429384,inf
32,113,inf,inf,inf,1007.3619012053215,inf
32,114,inf,inf,inf,890.0966239684319,inf
32,115,inf,inf,inf,146.50938536489735,inf
32,116,inf,inf,inf,947.1520469280526,inf
32,117,inf,inf,inf,531.3689866749846,inf
32,118,inf,inf,inf,334.8029271078734,inf
32,119,inf,inf,inf,1302.653445855804,inf
32,120,inf,inf,inf,308.6486675817668,inf
32,121,inf,inf,inf,778.4613028275716,inf
32,122,inf,inf,inf,910.5212792680904,inf
32,123,inf,inf,inf,1358.0058910034227,inf
32,124,inf,inf,inf,1012.87758391624,inf
32,125,inf,inf,inf,1360.9915503044094,inf
32,126,inf,inf,inf,746.8346537219601,inf
32,127,inf,inf,inf,645.0193795538239,inf
32,128,inf,inf,inf,182.42806801586207,inf
32,129,inf,inf,inf,668.1115176375872,inf
32,130,inf,inf,inf,903.055369288063,inf
32,131,inf,inf,inf,1050.154274380674,inf
32,132,inf,inf,inf,1184.0038006695756,inf
32,133,inf,inf,inf,785.2464581263642,inf
32,134,inf,inf,inf,653.655107835929,inf
32,135,inf,inf,inf,431.0406013358834,inf
32,136,inf,inf,inf,1171.4866623227088,inf
32,137,inf,inf,inf,1101.3972943493188,inf
32,138,inf,inf,inf,1123.0903792660679,inf
32,139,inf,inf,inf,671.400029788501,inf
32,140,inf,inf,inf,1054.2888598481918,inf
32,141,inf,inf,inf,653.6153302975688,inf
32,142,inf,inf,inf,643.4353114338691,inf
32,143,inf,inf,inf,985.1416141854936,inf
32,144,inf,inf,inf,518.7754813018827,inf
32,145,inf,inf,inf,1197.919028983178,inf
32,146,inf,inf,inf,857.8746994753955,inf
32,147,inf,inf,inf,1343.8188121915841,inf
32,148,inf,inf,inf,527.8825626974242,inf
32,149,inf,inf,inf,730.7913518919063,inf
32,150,inf,inf,inf,728.0006868128628,inf
32,151,inf,inf,inf,986.1216963438134,inf
32,152,inf,inf,inf,413.1597753896185,inf
32,153,inf,inf,inf,1285.2151570846027,inf
32,154,inf,inf,inf,1141.5533277074708,inf
32,155,inf,inf,inf,340.6948781534586,inf
32,156,inf,inf,inf,952.3260996108423,inf
32,157,inf,inf,inf,899.0450489269156,inf
32,158,inf,inf,inf,496.9688118986945,inf
32,159,inf,inf,inf,358.52057123685387,inf
32,160,inf,inf,inf,638.6211709613141,inf
32,161,inf,inf,inf,1037.7692421728445,inf
32,162,inf,inf,inf,668.3838717383895,inf
32,163,inf,inf,inf,1253.1580107871473,inf
32,164,inf,inf,inf,459.2363226052573,inf
32,165,inf,inf,inf,968.2282788681603,inf
32,166,inf,inf,inf,1249.2881973347862,inf
32,167,inf,inf,inf,812.7398107635678,inf
32,168,inf,inf,inf,136.61625086350452,inf
32,169,inf,inf,inf,1265.3892681700759,inf
32,170,inf,inf,inf,846.2416912442923,inf
32,171,inf,inf,inf,910.5454409308742,inf
32,172,inf,inf,inf,257.40629362935164,inf
32,173,inf,inf,inf,672.6551865554892,inf
32,174,inf,inf,inf,1217.8751988607044,inf
32,175,inf,inf,inf,1069.1982977913872,inf
32,176,inf,inf,inf,233.92520172054998,inf
32,177,inf,inf,inf,1105.472297255793,inf
32,178,inf,inf,inf,437.6665397308778,inf
32,179,inf,inf,inf,380.13155617496426,inf
32,180,inf,inf,inf,809.3732142837443,inf
32,181,inf,inf,inf,940.1452015513348,inf
32,182,inf,inf,inf,663.320435385493,inf
32,183,inf,inf,inf,842.8261979791563,inf
32,184,inf,inf,inf,575.4042057545287,inf
32,185,inf,inf,inf,851.3342469324255,inf
32,186,inf,inf,inf,1223.1782372164737,inf
32,187,inf,inf,inf,901.6789894413644,inf
32,188,inf,inf,inf,615.995129850878,inf
32,189,inf,inf,inf,489.9489769353539,inf
32,190,inf,inf,inf,701.0057061108704,inf
32,191,inf,inf,inf,896.3403371487864,inf
32,192,inf,inf,inf,432.30197778867495,inf
32,193,inf,inf,inf,861.6321721012976,inf
32,194,inf,inf,inf,462.74507020604767,inf
32,195,inf,inf,inf,949.82314143213,inf
32,196,inf,inf,inf,836.7138100927939,inf
32,197,inf,inf,inf,908.2912528478957,inf
32,198,inf,inf,inf,563.8625719091488,inf
32,199,inf,inf,inf,939.91542172687,inf
32,200,inf,inf,inf,786.6282476494217,inf
32,201,inf,inf,inf,80.2807573457052,inf
32,202,inf,inf,inf,493.3771376948875,inf
33,34,inf,inf,inf,615.3933701300332,inf
33,35,inf,inf,inf,1035.6973496152243,inf
33,36,inf,inf,inf,1365.933014463008,inf
33,37,inf,inf,inf,1142.8740088041202,inf
33,38,inf,inf,inf,965.4620655416762,inf
33,39,inf,inf,inf,1228.5251320180635,inf
33,40,inf,inf,inf,147.16657229140046,inf
33,41,inf,inf,inf,957.4236261968889,inf
33,42,inf,inf,inf,313.28740798187215,inf
33,43,inf,inf,inf,667.8338116627519,inf
33,44,inf,inf,inf,466.9582422444217,inf
33,45,inf,inf,inf,84.77027781009096,inf
33,46,inf,inf,inf,1022.2352958101183,inf
33,47,inf,inf,inf,1059.832533941094,inf
33,48,inf,inf,inf,790.9740830141023,inf
33,49,inf,inf,inf,660.9810889881797,inf
33,50,inf,inf,inf,636.7550549465626,inf
33,51,inf,inf,inf,1157.710240086007,inf
33,52,inf,inf,inf,1111.8965779244038,inf
33,53,inf,inf,inf,830.2680290123184,inf
33,54,inf,inf,inf,309.7434422227531,inf
33,55,inf,inf,inf,1163.8560907603655,inf
33,56,inf,inf,inf,1177.673978654534,inf
33,57,inf,inf,inf,611.7058116447807,inf
33,58,inf,inf,inf,503.7787212655969,inf
33,59,inf,inf,inf,1336.9936424680561,inf
33,60,inf,inf,inf,940.1202050801802,inf
33,61,inf,inf,inf,1147.19353205987,inf
33,62,inf,inf,inf,626.4191887226955,inf
33,63,inf,inf,inf,1256.5528241980119,inf
33,64,inf,inf,inf,983.3661576442419,inf
33,65,inf,inf,inf,186.3249849054066,inf
33,66,inf,inf,inf,1066.6292701777877,inf
33,67,inf,inf,inf,888.441331771547,inf
33,68,inf,inf,inf,667.3230102431655,inf
33,69,inf,inf,inf,753.6743328520615,inf
33,70,inf,inf,inf,1077.197289265063,inf
33,71,inf,inf,inf,1043.2430205853284,inf
33,72,inf,inf,inf,1346.1073508453924,inf
33,73,inf,inf,inf,1207.5914044079645,inf
33,74,inf,inf,inf,461.351276144328,inf
33,75,inf,inf,inf,259.6247291765559,inf
33,76,inf,inf,inf,841.049344569033,inf
33,77,inf,inf,inf,978.4579704821255,inf
33,78,inf,inf,inf,521.6215102926642,inf
33,79,inf,inf,inf,1212.5052577205593,inf
33,80,inf,inf,inf,903.6000221336872,inf
33,81,inf,inf,inf,1041.8737927407522,inf
33,82,inf,inf,inf,807.0501843132186,inf
33,83,inf,inf,inf,860.7119146381093,inf
33,84,inf,inf,inf,1154.2313459614584,inf
33,85,inf,inf,inf,192.60321908005588,inf
33,86,inf,inf,inf,1120.6074245693717,inf
33,87,inf,inf,inf,1392.9526194382922,inf
33,88,inf,inf,inf,1081.3371352173197,inf
33,89,inf,inf,inf,578.3320845327536,inf
33,90,inf,inf,inf,1127.2892264188458,inf
33,91,inf,inf,inf,166.5322791533221,inf
33,92,inf,inf,inf,382.1884351991829,inf
33,93,inf,inf,inf,928.9230323336805,inf
33,94,inf,inf,inf,887.0276207649906,inf
33,95,inf,inf,inf,1033.4534338807916,inf
33,96,inf,inf,inf,1021.7323524289519,inf
33,97,inf,inf,inf,932.1212367498125,inf
33,98,inf,inf,inf,1059.6381457837388,inf
33,99,inf,inf,inf,439.6020928066653,inf
33,100,inf,inf,inf,1017.0,inf
33,101,inf,inf,inf,1038.962944478772,inf
33,102,inf,inf,inf,947.9836496480306,inf
33,103,inf,inf,inf,1151.8281121764653,inf
33,104,inf,inf,inf,944.42416318093,inf
33,105,inf,inf,inf,1368.6913457752262,inf
33,106,inf,inf,inf,857.8484714680093,inf
33,107,inf,inf,inf,473.4659438650261,inf
33,108,inf,inf,inf,821.4821970073363,inf
33,109,inf,inf,inf,1010.5810209973271,inf
33,110,inf,inf,inf,251.14935795259362,inf
33,111,inf,inf,inf,509.6979497702536,inf
33,112,inf,inf,inf,997.2527262434533,inf
33,113,inf,inf,inf,548.9571932309476,inf
33,114,inf,inf,inf,600.5397572184543,inf
33,115,inf,inf,inf,782.7675261531996,inf
33,116,inf,inf,inf,1250.6370376732011,inf
33,117,inf,inf,inf,1146.8203869830706,inf
33,118,inf,inf,inf,898.8932083401231,inf
33,119,inf,inf,inf,1299.674574653209,inf
33,120,inf,inf,inf,666.195166599098,inf
33,121,inf,inf,inf,965.7629108637378,inf
33,122,inf,inf,inf,1377.4806713707455,inf
33,123,inf,inf,inf,1004.8781020601454,inf
33,124,inf,inf,inf,1218.0036945756774,inf
33,125,inf,inf,inf,1127.1317580478335,inf
33,126,inf,inf,inf,765.1888655750291,inf
33,127,inf,inf,inf,277.34815665513264,inf
33,128,inf,inf,inf,762.4854096964741,inf
33,129,inf,inf,inf,254.26167623139747,inf
33,130,inf,inf,inf,1214.4533749798713,inf
33,131,inf,inf,inf,997.4126528172781,inf
33,132,inf,inf,inf,1196.9181258548974,inf
33,133,inf,inf,inf,1146.6978677925586,inf
33,134,inf,inf,inf,582.3787427439295,inf
33,135,inf,inf,inf,1168.3098903972352,inf
33,136,inf,inf,inf,489.94795641986303,inf
33,137,inf,inf,inf,1285.4960132182441,inf
33,138,inf,inf,inf,948.3396016195886,inf
33,139,inf,inf,inf,790.9551188278637,inf
33,140,inf,inf,inf,1035.0309174126153,inf
33,141,inf,inf,inf,153.52198539622916,inf
33,142,inf,inf,inf,697.03730172782,inf
33,143,inf,inf,inf,193.08029417835473,inf
33,144,inf,inf,inf,284.8719010362377,inf
33,145,inf,inf,inf,1174.040033388981,inf
33,146,inf,inf,inf,1074.0917093060536,inf
33,147,inf,inf,inf,1213.150031941639,inf
33,148,inf,inf,inf,414.1738765301356,inf
33,149,inf,inf,inf,1151.6944039110374,inf
33,150,inf,inf,inf,893.4993005033635,inf
33,151,inf,inf,inf,981.0300708948732,inf
33,152,inf,inf,inf,1058.2140615206358,inf
33,153,inf,inf,inf,1119.3757188719076,inf
33,154,inf,inf,inf,1384.0,inf
33,155,inf,inf,inf,602.2798352925324,inf
33,156,inf,inf,inf,1076.6731165957474,inf
33,157,inf,inf,inf,504.1765563768312,inf
33,158,inf,inf,inf,1083.971401836783,inf
33,159,inf,inf,inf,813.5484005269755,inf
33,160,inf,inf,inf,1008.5202030698244,inf
33,161,inf,inf,inf,1354.7431490876786,inf
33,162,inf,inf,inf,650.4067957824549,inf
33,163,inf,inf,inf,1314.3062808949824,inf
33,164,inf,inf,inf,378.2089369647417,inf
33,165,inf,inf,inf,1236.0655322433354,inf
33,166,inf,inf,inf,647.5839713890392,inf
33,167,inf,inf,inf,661.3093073592719,inf
33,168,inf,inf,inf,699.5541437229859,inf
33,169,inf,inf,inf,680.6893564615212,inf
33,170,inf,inf,inf,1303.2210096526221,inf
33,171,inf,inf,inf,1297.320700520885,inf
33,172,inf,inf,inf,1049.3550400126737,inf
33,173,inf,inf,inf,215.6965461012299,inf
33,174,inf,inf,inf,1344.3764353781273,inf
33,175,inf,inf,inf,1239.7052068939615,inf
33,176,inf,inf,inf,585.7209233073376,inf
33,177,inf,inf,inf,1394.128042899934,inf
33,178,inf,inf,inf,735.8532462386777,inf
33,179,inf,inf,inf,702.1823125086532,inf
33,180,inf,inf,inf,105.68348972285122,inf
33,181,inf,inf,inf,190.63315556324403,inf
33,182,inf,inf,inf,950.0747339025494,inf
33,183,inf,inf,inf,938.417817392658,inf
33,184,inf,inf,inf,314.4932431706602,inf
33,185,inf,inf,inf,433.4166586553867,inf
33,186,inf,inf,inf,879.0819074466269,inf
33,187,inf,inf,inf,1305.926873909868,inf
33,188,inf,inf,inf,265.5447231635379,inf
33,189,inf,inf,inf,1008.4889687051614,inf
33,190,inf,inf,inf,1016.9862339284638,inf
33,191,inf,inf,inf,1055.004265394221,inf
33,192,inf,inf,inf,992.8469166996491,inf
33,193,inf,inf,inf,1083.3291281969668,inf
33,194,inf,inf,inf,385.86137407105156,inf
33,195,inf,inf,inf,1154.1732972132045,inf
33,196,inf,inf,inf,690.3984356876832,inf
33,197,inf,inf,inf,1144.0826019129913,inf
33,198,inf,inf,inf,569.3373340999166,inf
33,199,inf,inf,inf,300.22158483360255,inf
33,200,inf,inf,inf,998.0661300735538,inf
33,201,inf,inf,inf,784.23529632375,inf
33,202,inf,inf,inf,408.8239229790742,inf
34,35,inf,inf,inf,758.009234772242,inf
34,36,inf,inf,inf,814.3426797116801,inf
34,37,inf,inf,inf,683.9371316137178,inf
34,38,inf,inf,inf,363.3207948906861,inf
34,39,inf,inf,inf,988.78359614225,inf
34,40,inf,inf,inf,631.0507111159926,inf
34,41,inf,inf,inf,565.014159114619,inf
34,42,inf,inf,inf,332.0963715550051,inf
34,43,inf,inf,inf,430.3080292069856,inf
34,44,inf,inf,inf,149.78985279383915,inf
34,45,inf,inf,inf,679.6918419401545,inf
34,46,inf,inf,inf,795.8253577261785,inf
34,47,inf,inf,inf,460.5084146896775,inf
34,48,inf,inf,inf,536.6945127351313,inf
34,49,inf,inf,inf,457.5904282215702,inf
34,50,inf,inf,inf,253.00197627686626,inf
34,51,inf,inf,inf,761.0519036176179,inf
34,52,inf,inf,inf,1096.0935179080295,inf
34,53,inf,inf,inf,266.9569253643741,inf
34,54,inf,inf,inf,836.1064525525443,inf
34,55,inf,inf,inf,940.5232586172444,inf
34,56,inf,inf,inf,875.2148307701373,inf
34,57,inf,inf,inf,50.92150822589606,inf
34,58,inf,inf,inf,247.1113109511582,inf
34,59,inf,inf,inf,763.7571603592336,inf
34,60,inf,inf,inf,346.0361252817399,inf
34,61,inf,inf,inf,783.5202613844775,inf
34,62,inf,inf,inf,56.0357029044876,inf
34,63,inf,inf,inf,798.5912596566532,inf
34,64,inf,inf,inf,580.0758571083613,inf
34,65,inf,inf,inf,514.0622530394544,inf
34,66,inf,inf,inf,651.6018723116133,inf
34,67,inf,inf,inf,448.36257649362307,inf
34,68,inf,inf,inf,343.3846240005513,inf
34,69,inf,inf,inf,138.3979768638256,inf
34,70,inf,inf,inf,635.3148825582476,inf
34,71,inf,inf,inf,432.30197778867495,inf
34,72,inf,inf,inf,843.3374176449187,inf
34,73,inf,inf,inf,759.4208319502435,inf
34,74,inf,inf,inf,905.8620203982503,inf
34,75,inf,inf,inf,537.4104576578316,inf
34,76,inf,inf,inf,366.54194848611803,inf
34,77,inf,inf,inf,636.5665715382798,inf
34,78,inf,inf,inf,155.08062419270823,inf
34,79,inf,inf,inf,726.1583849271452,inf
34,80,inf,inf,inf,364.72455360175576,inf
34,81,inf,inf,inf,945.2798527420332,inf
34,82,inf,inf,inf,388.5061132080163,inf
34,83,inf,inf,inf,268.06715576511795,inf
34,84,inf,inf,inf,834.8586706742644,inf
34,85,inf,inf,inf,608.8226342704417,inf
34,86,inf,inf,inf,603.7019131988899,inf
34,87,inf,inf,inf,927.992456865895,inf
34,88,inf,inf,inf,605.799471772632,inf
34,89,inf,inf,inf,118.10588469674151,inf
34,90,inf,inf,inf,711.2945943840709,inf
34,91,inf,inf,inf,761.1465036377688,inf
34,92,inf,inf,inf,402.62761951957543,inf
34,93,inf,inf,inf,778.247389973137,inf
34,94,inf,inf,inf,425.1176307799995,inf
34,95,inf,inf,inf,845.7334095328149,inf
34,96,inf,inf,inf,975.9877048405887,inf
34,97,inf,inf,inf,411.8701251608327,inf
34,98,inf,inf,inf,784.6234765796904,inf
34,99,inf,inf,inf,424.69400749245335,inf
34,100,inf,inf,inf,474.60509900337144,inf
34,101,inf,inf,inf,946.4422856149233,inf
34,102,inf,inf,inf,830.9235825272983,inf
34,103,inf,inf,inf,981.8884865400959,inf
34,104,inf,inf,inf,1061.6449500656988,inf
34,105,inf,inf,inf,815.2944253458379,inf
34,106,inf,inf,inf,475.7110467500203,inf
34,107,inf,inf,inf,613.1696339513235,inf
34,108,inf,inf,inf,993.636754553695,inf
34,109,inf,inf,inf,490.2458566882539,inf
34,110,inf,inf,inf,808.2258347763947,inf
34,111,inf,inf,inf,333.28216273902206,inf
34,112,inf,inf,inf,569.7753943441222,inf
34,113,inf,inf,inf,146.63219291819925,inf
34,114,inf,inf,inf,48.25971404805462,inf
34,115,inf,inf,inf,824.0,inf
34,116,inf,inf,inf,801.6008982030896,inf
34,117,inf,inf,inf,964.1991495536594,inf
34,118,inf,inf,inf,794.0629697952172,inf
34,119,inf,inf,inf,699.6234701609145,inf
34,120,inf,inf,inf,640.0007812495231,inf
34,121,inf,inf,inf,534.5549550794567,inf
34,122,inf,inf,inf,1011.4395681403807,inf
34,123,inf,inf,inf,441.4442207119717,inf
34,124,inf,inf,inf,716.598911525827,inf
34,125,inf,inf,inf,520.2201457075648,inf
34,126,inf,inf,inf,330.0802932621092,inf
34,127,inf,inf,inf,816.8384173139752,inf
34,128,inf,inf,inf,1017.8531328241811,inf
34,129,inf,inf,inf,806.762666463936,inf
34,130,inf,inf,inf,779.6422256394275,inf
34,131,inf,inf,inf,411.2383736958408,inf
34,132,inf,inf,inf,609.2372280154915,inf
34,133,inf,inf,inf,766.6452895570415,inf
34,134,inf,inf,inf,292.4414471308744,inf
34,135,inf,inf,inf,1098.1479863843488,inf
34,136,inf,inf,inf,453.50633953672576,inf
34,137,inf,inf,inf,760.0164471904538,inf
34,138,inf,inf,inf,334.3187102152675,inf
34,139,inf,inf,inf,420.18686319303225,inf
34,140,inf,inf,inf,456.3441683641854,inf
34,141,inf,inf,inf,578.8834079501675,inf
34,142,inf,inf,inf,363.46389091627793,inf
34,143,inf,inf,inf,602.6051775416471,inf
34,144,inf,inf,inf,621.4217569412903,inf
34,145,inf,inf,inf,577.0242629214131,inf
34,146,inf,inf,inf,618.8133805922429,inf
34,147,inf,inf,inf,597.8628605290681,inf
34,148,inf,inf,inf,887.1758562990767,inf
34,149,inf,inf,inf,813.1451284979822,inf
34,150,inf,inf,inf,485.14946150645164,inf
34,151,inf,inf,inf,420.31535779697606,inf
34,152,inf,inf,inf,934.2815421488322,inf
34,153,inf,inf,inf,504.04860876705135,inf
34,154,inf,inf,inf,873.7625535578874,inf
34,155,inf,inf,inf,962.405320018546,inf
34,156,inf,inf,inf,562.6579778160086,inf
34,157,inf,inf,inf,112.92918134831227,inf
34,158,inf,inf,inf,900.9334048640887,inf
34,159,inf,inf,inf,692.8780556490442,inf
34,160,inf,inf,inf,691.4000289268146,inf
34,161,inf,inf,inf,892.2163414777831,inf
34,162,inf,inf,inf,308.6389476394708,inf
34,163,inf,inf,inf,732.0245897509182,inf
34,164,inf,inf,inf,559.021466493014,inf
34,165,inf,inf,inf,768.0162758692031,inf
34,166,inf,inf,inf,401.6590594023742,inf
34,167,inf,inf,inf,172.23530416264836,inf
34,168,inf,inf,inf,918.9891185427606,inf
34,169,inf,inf,inf,397.49842766984625,inf
34,170,inf,inf,inf,946.8790841496078,inf
34,171,inf,inf,inf,892.4259072886667,inf
34,172,inf,inf,inf,1090.361866537894,inf
34,173,inf,inf,inf,456.0877108627243,inf
34,174,inf,inf,inf,783.9547180800687,inf
34,175,inf,inf,inf,715.0174823037546,inf
34,176,inf,inf,inf,725.5466904341856,inf
34,177,inf,inf,inf,907.9262084552907,inf
34,178,inf,inf,inf,569.8780571315235,inf
34,179,inf,inf,inf,596.2424003708559,inf
34,180,inf,inf,inf,720.0694410957876,inf
34,181,inf,inf,inf,514.0758698869263,inf
34,182,inf,inf,inf,601.1131341103769,inf
34,183,inf,inf,inf,454.7405853890765,inf
34,184,inf,inf,inf,458.48118827275783,inf
34,185,inf,inf,inf,182.02472359545007,inf
34,186,inf,inf,inf,302.8828156234685,inf
34,187,inf,inf,inf,911.0927504925061,inf
34,188,inf,inf,inf,781.74484328328,inf
34,189,inf,inf,inf,805.1366343671116,inf
34,190,inf,inf,inf,655.5196412007805,inf
34,191,inf,inf,inf,568.5886034735483,inf
34,192,inf,inf,inf,830.2638134954456,inf
34,193,inf,inf,inf,628.5419635951127,inf
34,194,inf,inf,inf,543.8713083073973,inf
34,195,inf,inf,inf,667.3087741068598,inf
34,196,inf,inf,inf,174.6682569902156,inf
34,197,inf,inf,inf,679.5895820272704,inf
34,198,inf,inf,inf,378.0476160485607,inf
34,199,inf,inf,inf,371.3812057711052,inf
34,200,inf,inf,inf,569.2811256312649,inf
34,201,inf,inf,inf,871.3231317943993,inf
34,202,inf,inf,inf,482.4645064665379,inf
35,36,inf,inf,inf,640.815105939303,inf
35,37,inf,inf,inf,329.2779980502797,inf
35,38,inf,inf,inf,676.3224083231311,inf
35,39,inf,inf,inf,230.7834482799839,inf
35,40,inf,inf,inf,1145.9079369652695,inf
35,41,inf,inf,inf,230.05434140654683,inf
35,42,inf,inf,inf,944.7676963148136,inf
35,43,inf,inf,inf,384.1314879048579,inf
35,44,inf,inf,inf,774.3080782220989,inf
35,45,inf,inf,inf,1120.332539918394,inf
35,46,inf,inf,inf,82.68010643437755,inf
35,47,inf,inf,inf,682.233097995106,inf
35,48,inf,inf,inf,252.41434190631878,inf
35,49,inf,inf,inf,380.8477386042879,inf
35,50,inf,inf,inf,516.5191187168197,inf
35,51,inf,inf,inf,221.16509670379727,inf
35,52,inf,inf,inf,486.38770543672257,inf
35,53,inf,inf,inf,577.2001386001219,inf
35,54,inf,inf,inf,1025.6412628204855,inf
35,55,inf,inf,inf,187.21645226849054,inf
35,56,inf,inf,inf,142.00352108310554,inf
35,57,inf,inf,inf,708.6783473480758,inf
35,58,inf,inf,inf,609.0730662244063,inf
35,59,inf,inf,inf,691.7492320198122,inf
35,60,inf,inf,inf,641.938470571752,inf
35,61,inf,inf,inf,166.35504200354134,inf
35,62,inf,inf,inf,701.9928774567446,inf
35,63,inf,inf,inf,372.80826171103024,inf
35,64,inf,inf,inf,235.05318547086316,inf
35,65,inf,inf,inf,849.6599319727864,inf
35,66,inf,inf,inf,236.57768280207665,inf
35,67,inf,inf,inf,344.88983748437704,inf
35,68,inf,inf,inf,1101.388668908483,inf
35,69,inf,inf,inf,746.621724837953,inf
35,70,inf,inf,inf,287.1114766079545,inf
35,71,inf,inf,inf,747.0,inf
35,72,inf,inf,inf,510.9716234782515,inf
35,73,inf,inf,inf,330.9531688925187,inf
35,74,inf,inf,inf,957.0308249999056,inf
35,75,inf,inf,inf,786.251868042296,inf
35,76,inf,inf,inf,425.3527947480773,inf
35,77,inf,inf,inf,138.1774221788784,inf
35,78,inf,inf,inf,888.362538606846,inf
35,79,inf,inf,inf,407.6125611410914,inf
35,80,inf,inf,inf,506.88262941237195,inf
35,81,inf,inf,inf,307.7661449867415,inf
35,82,inf,inf,inf,1127.495011075437,inf
35,83,inf,inf,inf,890.1247103636658,inf
35,84,inf,inf,inf,125.01599897613104,inf
35,85,inf,inf,inf,1158.3613425870185,inf
35,86,inf,inf,inf,448.4751944087878,inf
35,87,inf,inf,inf,472.4743379274688,inf
35,88,inf,inf,inf,353.8601418639856,inf
35,89,inf,inf,inf,659.5217964555834,inf
35,90,inf,inf,inf,244.60989350392188,inf
35,91,inf,inf,inf,1079.8564719443043,inf
35,92,inf,inf,inf,1079.2891178919576,inf
35,93,inf,inf,inf,196.73586353280888,inf
35,94,inf,inf,inf,379.1952003915661,inf
35,95,inf,inf,inf,150.7348665704123,inf
35,96,inf,inf,inf,384.1379960378822,inf
35,97,inf,inf,inf,1083.275126641427,inf
35,98,1.0,30.6274,30.62741699796953,26.90724809414742,1.1382589884630856
35,99,inf,inf,inf,597.0770469545786,inf
35,100,inf,inf,inf,499.44769495914187,inf
35,101,inf,inf,inf,313.2491021535417,inf
35,102,inf,inf,inf,244.989795705862,inf
35,103,inf,inf,inf,255.00784301664135,inf
35,104,inf,inf,inf,623.9390995922599,inf
35,105,inf,inf,inf,647.6025015393316,inf
35,106,inf,inf,inf,288.2585644868162,inf
35,107,inf,inf,inf,615.201592975831,inf
35,108,inf,inf,inf,662.0755243927991,inf
35,109,inf,inf,inf,449.5253051831454,inf
35,110,inf,inf,inf,1051.2207189738986,inf
35,111,inf,inf,inf,1066.2255858869642,inf
35,112,inf,inf,inf,271.97426348829407,inf
35,113,inf,inf,inf,892.2516461178427,inf
35,114,inf,inf,inf,715.5200905635005,inf
35,115,inf,inf,inf,458.66109492739844,inf
35,116,inf,inf,inf,353.7711124441904,inf
35,117,inf,inf,inf,231.26175645791503,inf
35,118,inf,inf,inf,261.721225734559,inf
35,119,inf,inf,inf,785.6977790473892,inf
35,120,inf,inf,inf,416.0588900624526,inf
35,121,inf,inf,inf,290.0844704564517,inf
35,122,inf,inf,inf,352.8172331391991,inf
35,123,inf,inf,inf,1047.1012367483863,inf
35,124,inf,inf,inf,442.10858394742803,inf
35,125,inf,inf,inf,968.1864489859379,inf
35,126,inf,inf,inf,431.76961449365564,inf
35,127,inf,inf,inf,1033.1045445645857,inf
35,128,inf,inf,inf,774.1272505215147,inf
35,129,inf,inf,inf,1044.6855986372168,inf
35,130,inf,inf,inf,310.4383996866367,inf
35,131,inf,inf,inf,619.0290784769323,inf
35,132,inf,inf,inf,677.7639707154697,inf
35,133,inf,inf,inf,190.23406634985227,inf
35,134,inf,inf,inf,517.2117554735198,inf
35,135,inf,inf,inf,431.2365939945264,inf
35,136,inf,inf,inf,1170.9765155629723,inf
35,137,inf,inf,inf,528.413663714329,inf
35,138,inf,inf,inf,751.9501313252097,inf
35,139,inf,inf,inf,337.85351855500926,inf
35,140,inf,inf,inf,599.2061414905559,inf
35,141,inf,inf,inf,895.9508915113596,inf
35,142,inf,inf,inf,406.1773011875479,inf
35,143,inf,inf,inf,1154.0350947869827,inf
35,144,inf,inf,inf,806.0750585398359,inf
35,145,inf,inf,inf,709.5864993078716,inf
35,146,inf,inf,inf,313.0814590485997,inf
35,147,inf,inf,inf,890.1067351728107,inf
35,148,inf,inf,inf,983.3234462779783,inf
35,149,inf,inf,inf,138.49548729110273,inf
35,150,inf,inf,inf,295.05253769456044,inf
35,151,inf,inf,inf,545.0330265222466,inf
35,152,inf,inf,inf,269.7035409482048,inf
35,153,inf,inf,inf,864.5559553898174,inf
35,154,inf,inf,inf,550.6042135690573,inf
35,155,inf,inf,inf,878.8230766200896,inf
35,156,inf,inf,inf,435.83712554118193,inf
35,157,inf,inf,inf,797.2609359550987,inf
35,158,inf,inf,inf,184.967564724197,inf
35,159,inf,inf,inf,268.4660127464927,inf
35,160,inf,inf,inf,80.02499609497022,inf
35,161,inf,inf,inf,441.4385574459938,inf
35,162,inf,inf,inf,466.9047011971501,inf
35,163,inf,inf,inf,712.4226273778788,inf
35,164,inf,inf,inf,682.2880623314467,inf
35,165,inf,inf,inf,381.24139334547607,inf
35,166,inf,inf,inf,1157.8324576552516,inf
35,167,inf,inf,inf,585.7823828009853,inf
35,168,inf,inf,inf,695.244561287609,inf
35,169,inf,inf,inf,1155.443205008364,inf
35,170,inf,inf,inf,279.1451235468748,inf
35,171,inf,inf,inf,318.1351913888182,inf
35,172,inf,inf,inf,547.5262550782383,inf
35,173,inf,inf,inf,825.4029319065932,inf
35,174,inf,inf,inf,654.2698220153517,inf
35,175,inf,inf,inf,504.9831680363218,inf
35,176,inf,inf,inf,584.7016333139493,inf
35,177,inf,inf,inf,509.7842680977906,inf
35,178,inf,inf,inf,301.9817875303079,inf
35,179,inf,inf,inf,348.4207226902556,inf
35,180,inf,inf,inf,1099.57173481315,inf
35,181,inf,inf,inf,1074.2811550055228,inf
35,182,inf,inf,inf,169.04733065032408,inf
35,183,inf,inf,inf,392.3072775261759,inf
35,184,inf,inf,inf,721.2080143758803,inf
35,185,inf,inf,inf,798.5868769269878,inf
35,186,inf,inf,inf,940.7847787884326,inf
35,187,inf,inf,inf,313.3560275469422,inf
35,188,inf,inf,inf,991.8533157680122,inf
35,189,inf,inf,inf,117.80067911519016,inf
35,190,inf,inf,inf,149.9333185119305,inf
35,191,inf,inf,inf,375.7406020115473,inf
35,192,inf,inf,inf,180.54362353736008,inf
35,193,inf,inf,inf,312.385979198811,inf
35,194,inf,inf,inf,668.4743824560519,inf
35,195,inf,inf,inf,389.23643200502187,inf
35,196,inf,inf,inf,587.4427631693151,inf
35,197,inf,inf,inf,340.61708706405204,inf
35,198,inf,inf,inf,483.6796460468437,inf
35,199,inf,inf,inf,990.2373452864722,inf
35,200,inf,inf,inf,274.05291459862275,inf
35,201,inf,inf,inf,521.9137859838538,inf
35,202,inf,inf,inf,629.4203682754476,inf
36,37,inf,inf,inf,315.4488865093678,inf
36,38,inf,inf,inf,473.3201876108814,inf
36,39,inf,inf,inf,751.5217894379377,inf
36,40,inf,inf,inf,1421.068963843768,inf
36,41,inf,inf,inf,497.0523111303276,inf
36,42,inf,inf,inf,1135.2224451621805,inf
36,43,inf,inf,inf,766.4626540151842,inf
36,44,inf,inf,inf,931.9468868986044,inf
36,45,inf,inf,inf,1444.1623869911582,inf
36,46,inf,inf,inf,723.2039822899208,inf
36,47,inf,inf,inf,386.84622267769396,inf
36,48,inf,inf,inf,706.4906227261619,inf
36,49,inf,inf,inf,792.5988897292249,inf
36,50,inf,inf,inf,731.2591879764657,inf
36,51,inf,inf,inf,426.69192633561744,inf
36,52,inf,inf,inf,1120.5288929786684,inf
36,53,inf,inf,inf,551.7571929753159,inf
36,54,inf,inf,inf,1482.5815323279865,inf
36,55,inf,inf,inf,760.8534681527054,inf
36,56,inf,inf,inf,612.1805289291714,inf
36,57,inf,inf,inf,791.5611157706018,inf
36,58,inf,inf,inf,863.2415652643239,inf
36,59,inf,inf,inf,98.41239759298622,inf
36,60,inf,inf,inf,476.5133786159629,inf
36,61,inf,inf,inf,490.5609034564414,inf
36,62,inf,inf,inf,776.8255917514562,inf
36,63,inf,inf,inf,285.78663369723927,inf
36,64,inf,inf,inf,471.5018557757753,inf
36,65,inf,inf,inf,1207.3980288206537,inf
36,66,inf,inf,inf,417.9724871328255,inf
36,67,inf,inf,inf,501.52268144122854,inf
36,68,inf,inf,inf,1073.7713909394308,inf
36,69,inf,inf,inf,700.9764618016785,inf
36,70,inf,inf,inf,373.8836717483126,inf
36,71,inf,inf,inf,454.6570135827666,inf
36,72,inf,inf,inf,164.43843832875572,inf
36,73,inf,inf,inf,314.92538798896476,inf
36,74,inf,inf,inf,1471.4836050734646,inf
36,75,inf,inf,inf,1181.1739922636293,inf
36,76,inf,inf,inf,528.5347670683548,inf
36,77,inf,inf,inf,551.3302095840568,inf
36,78,inf,inf,inf,966.5319446350442,inf
36,79,inf,inf,inf,233.32380932943812,inf
36,80,inf,inf,inf,465.0870886188951,inf
36,81,inf,inf,inf,945.8054768291416,inf
36,82,inf,inf,inf,1014.9763544043773,inf
36,83,inf,inf,inf,733.1316389298719,inf
36,84,inf,inf,inf,575.5979499616029,inf
36,85,inf,inf,inf,1408.5400242804603,inf
36,86,inf,inf,inf,254.34228905158497,inf
36,87,inf,inf,inf,287.3673607075097,inf
36,88,inf,inf,inf,327.11618730964693,inf
36,89,inf,inf,inf,800.0156248474151,inf
36,90,inf,inf,inf,396.25496842311014,inf
36,91,inf,inf,inf,1473.6166394283148,inf
36,92,inf,inf,inf,1216.7173048822804,inf
36,93,inf,inf,inf,827.6599543290711,inf
36,94,inf,inf,inf,491.3664620219821,inf
36,95,inf,inf,inf,789.002534850174,inf
36,96,inf,inf,inf,1024.3837171685227,inf
36,97,inf,inf,inf,883.23100036174,inf
36,98,inf,inf,inf,646.3745044476925,inf
36,99,inf,inf,inf,979.8576427216353,inf
36,100,inf,inf,inf,350.20565386641033,inf
36,101,inf,inf,inf,951.6664331581734,inf
36,102,inf,inf,inf,882.7094652262431,inf
36,103,inf,inf,inf,856.8669675042912,inf
36,104,inf,inf,inf,1260.4792739271836,inf
36,105,inf,inf,inf,7.280109889280518,inf
36,106,inf,inf,inf,563.0674915141168,inf
36,107,inf,inf,inf,1100.8019803761256,inf
36,108,inf,inf,inf,1281.4444974324874,inf
36,109,inf,inf,inf,356.4337245547901,inf
36,110,inf,inf,inf,1483.3721717761864,inf
36,111,inf,inf,inf,1131.5286120995793,inf
36,112,inf,inf,inf,436.2866030489591,inf
36,113,inf,inf,inf,951.8219371289989,inf
36,114,inf,inf,inf,803.5079339994098,inf
36,115,inf,inf,inf,1067.4389912308807,inf
36,116,inf,inf,inf,307.3271872125862,inf
36,117,inf,inf,inf,831.390401676613,inf
36,118,inf,inf,inf,889.9044892571337,inf
36,119,inf,inf,inf,252.67568145747623,inf
36,120,inf,inf,inf,955.8791764653104,inf
36,121,inf,inf,inf,452.133829745132,inf
36,122,inf,inf,inf,535.2121074863684,inf
36,123,inf,inf,inf,792.2303957814293,inf
36,124,inf,inf,inf,200.83824337013107,inf
36,125,inf,inf,inf,612.7095559888062,inf
36,126,inf,inf,inf,607.0823667345313,inf
36,127,inf,inf,inf,1477.3669144799474,inf
36,128,inf,inf,inf,1378.712805481983,inf
36,129,inf,inf,inf,1478.8982385546342,inf
36,130,inf,inf,inf,342.566781810496,inf
36,131,inf,inf,inf,408.7994618391761,inf
36,132,inf,inf,inf,240.86510747719356,inf
36,133,inf,inf,inf,459.44858254216,inf
36,134,inf,inf,inf,793.9773296511684,inf
36,135,inf,inf,inf,1050.3051937413238,inf
36,136,inf,inf,inf,1254.754956156779,inf
36,137,inf,inf,inf,112.69871339105873,inf
36,138,inf,inf,inf,543.4381289530576,inf
36,139,inf,inf,inf,614.0985262968801,inf
36,140,inf,inf,inf,360.89333604265954,inf
36,141,inf,inf,inf,1271.2277530010113,inf
36,142,inf,inf,inf,697.0222378088091,inf
36,143,inf,inf,inf,1402.5993725936141,inf
36,144,inf,inf,inf,1238.856327424613,inf
36,145,inf,inf,inf,294.0833215264001,inf
36,146,inf,inf,inf,357.2002239640955,inf
36,147,inf,inf,inf,453.60996461718076,inf
36,148,inf,inf,inf,1480.4124425307969,inf
36,149,inf,inf,inf,538.6473800177627,inf
36,150,inf,inf,inf,519.7114584074513,inf
36,151,inf,inf,inf,395.55151371218386,inf
36,152,inf,inf,inf,904.7651629014017,inf
36,153,inf,inf,inf,502.7573967630909,inf
36,154,inf,inf,inf,149.2816130673835,inf
36,155,inf,inf,inf,1439.9090249040041,inf
36,156,inf,inf,inf,296.0709374457412,inf
36,157,inf,inf,inf,917.4252013107117,inf
36,158,inf,inf,inf,810.0030864138729,inf
36,159,inf,inf,inf,855.6973764129466,inf
36,160,inf,inf,inf,580.5170109479997,inf
36,161,inf,inf,inf,282.177249260106,inf
36,162,inf,inf,inf,728.1236158785127,inf
36,163,inf,inf,inf,148.22280526288793,inf
36,164,inf,inf,inf,1121.8845751680517,inf
36,165,inf,inf,inf,265.2941763401526,inf
36,166,inf,inf,inf,1147.6044614761656,inf
36,167,inf,inf,inf,709.2820313528322,inf
36,168,inf,inf,inf,1287.4179585511458,inf
36,169,inf,inf,inf,1124.9271087497182,inf
36,170,inf,inf,inf,530.3225433639419,inf
36,171,inf,inf,inf,416.19466599176883,inf
36,172,inf,inf,inf,1187.9616997193134,inf
36,173,inf,inf,inf,1159.2178397523046,inf
36,174,inf,inf,inf,43.60045871318328,inf
36,175,inf,inf,inf,145.3409783921933,inf
36,176,inf,inf,inf,1130.522003324128,inf
36,177,inf,inf,inf,226.56566377101365,inf
36,178,inf,inf,inf,806.1569326129994,inf
36,179,inf,inf,inf,871.0436269211779,inf
36,180,inf,inf,inf,1459.751348689221,inf
36,181,inf,inf,inf,1312.5501895165762,inf
36,182,inf,inf,inf,551.1415426185908,inf
36,183,inf,inf,inf,436.5329311747282,inf
36,184,inf,inf,inf,1093.3915126796987,inf
36,185,inf,inf,inf,967.8269473413106,inf
36,186,inf,inf,inf,768.3384670833551,inf
36,187,inf,inf,inf,442.0542953077144,inf
36,188,inf,inf,inf,1435.3985509258396,inf
36,189,inf,inf,inf,758.615185716711,inf
36,190,inf,inf,inf,513.361471090303,inf
36,191,inf,inf,inf,335.47727195743084,inf
36,192,inf,inf,inf,821.2819247980561,inf
36,193,inf,inf,inf,352.4953900407777,inf
36,194,inf,inf,inf,1103.7979887642484,inf
36,195,inf,inf,inf,263.6380093992518,inf
36,196,inf,inf,inf,683.0029282514095,inf
36,197,inf,inf,inf,305.47012947258855,inf
36,198,inf,inf,inf,838.7049540809927,inf
36,199,inf,inf,inf,1178.51856158484,inf
36,200,inf,inf,inf,434.35584490138956,inf
36,201,inf,inf,inf,1133.850960223609,inf
36,202,inf,inf,inf,1040.4085735902026,inf
37,38,inf,inf,inf,452.48204384262584,inf
37,39,inf,inf,inf,478.1223692738084,inf
37,40,inf,inf,inf,1221.8858375478455,inf
37,41,inf,inf,inf,199.1808223700264,inf
37,42,inf,inf,inf,962.6141490753188,inf
37,43,inf,inf,inf,493.7053777304841,inf
37,44,inf,inf,inf,762.4099946878976,inf
37,45,inf,inf,inf,1225.5925097682345,inf
37,46,inf,inf,inf,411.9465984809196,inf
37,47,inf,inf,inf,419.33518812520373,inf
37,48,inf,inf,inf,408.59393044929095,inf
37,49,inf,inf,inf,513.63119064169,inf
37,50,inf,inf,inf,516.2944896084017,inf
37,51,inf,inf,inf,137.03284277865654,inf
37,52,inf,inf,inf,814.4353872468951,inf
37,53,inf,inf,inf,429.19459456055597,inf
37,54,inf,inf,inf,1214.8300292633535,inf
37,55,inf,inf,inf,471.7647718937903,inf
37,56,inf,inf,inf,330.9637442379452,inf
37,57,inf,inf,inf,645.5300147940451,inf
37,58,inf,inf,inf,646.2584622269948,inf
37,59,inf,inf,inf,362.58102542742085,inf
37,60,inf,inf,inf,429.9034775388541,inf
37,61,inf,inf,inf,198.84164553734712,inf
37,62,inf,inf,inf,633.2850858815483,inf
37,63,inf,inf,inf,117.00427342623003,inf
37,64,inf,inf,inf,171.56339936011994,inf
37,65,inf,inf,inf,969.0252834678773,inf
37,66,inf,inf,inf,103.60019305001319,inf
37,67,inf,inf,inf,257.51310646256434,inf
37,68,inf,inf,inf,1003.691685728242,inf
37,69,inf,inf,inf,613.5438044671301,inf
37,70,inf,inf,inf,68.4470598345904,inf
37,71,inf,inf,inf,495.1009997970111,inf
37,72,inf,inf,inf,215.7127719909046,inf
37,73,inf,inf,inf,75.8023746329889,inf
37,74,inf,inf,inf,1184.6028870469631,inf
37,75,inf,inf,inf,928.3490722783106,inf
37,76,inf,inf,inf,324.2360251421794,inf
37,77,inf,inf,inf,237.42156599601478,inf
37,78,inf,inf,inf,837.0543590472485,inf
37,79,inf,inf,inf,85.44003745317531,inf
37,80,inf,inf,inf,330.1060435678208,inf
37,81,inf,inf,inf,636.7982412036013,inf
37,82,inf,inf,inf,987.6198661428394,inf
37,83,inf,inf,inf,713.8080974603748,inf
37,84,inf,inf,inf,287.5430402565849,inf
37,85,inf,inf,inf,1219.5855853526639,inf
37,86,inf,inf,inf,142.55525244620065,inf
37,87,inf,inf,inf,252.74493071078598,inf
37,88,inf,inf,inf,79.98124780221924,inf
37,89,inf,inf,inf,626.9074891879982,inf
37,90,inf,inf,inf,88.60022573334675,inf
37,91,inf,inf,inf,1228.5153641692887,inf
37,92,inf,inf,inf,1071.6179356468424,inf
37,93,inf,inf,inf,512.4109678763716,inf
37,94,inf,inf,inf,267.86750456149025,inf
37,95,inf,inf,inf,479.529978207828,inf
37,96,inf,inf,inf,713.2811507393141,inf
37,97,inf,inf,inf,899.1957517693241,inf
37,98,inf,inf,inf,338.09466130064817,inf
37,99,inf,inf,inf,722.872741220749,inf
37,100,inf,inf,inf,253.14027731674784,inf
37,101,inf,inf,inf,642.3776148030066,inf
37,102,inf,inf,inf,568.1725090146477,inf
37,103,inf,inf,inf,562.6659755130037,inf
37,104,inf,inf,inf,945.2385942184121,inf
37,105,inf,inf,inf,321.90837205639747,inf
37,106,inf,inf,inf,288.62605564986677,inf
37,107,inf,inf,inf,816.081491028929,inf
37,108,inf,inf,inf,967.0822095354665,inf
37,109,inf,inf,inf,212.70872102478543,inf
37,110,inf,inf,inf,1224.3680002352235,inf
37,111,inf,inf,inf,1017.1848406263239,inf
37,112,inf,inf,inf,147.41099009232656,inf
37,113,inf,inf,inf,830.5690820154576,inf
37,114,inf,inf,inf,656.1501352586921,inf
37,115,inf,inf,inf,753.8554238048566,inf
37,116,inf,inf,inf,117.72000679578642,inf
37,117,inf,inf,inf,537.0754136990447,inf
37,118,inf,inf,inf,574.4649684706632,inf
37,119,inf,inf,inf,465.98390530145997,inf
37,120,inf,inf,inf,653.388858184772,inf
37,121,inf,inf,inf,177.18069872308325,inf
37,122,inf,inf,inf,356.03370626950476,inf
37,123,inf,inf,inf,836.3641551381791,inf
37,124,inf,inf,inf,114.6298390472568,inf
37,125,inf,inf,inf,711.5595547809052,inf
37,126,inf,inf,inf,387.5938596004844,inf
37,127,inf,inf,inf,1213.960872516079,inf
37,128,inf,inf,inf,1067.0918423453531,inf
37,129,inf,inf,inf,1219.081621549599,inf
37,130,inf,inf,inf,100.89598604503551,inf
37,131,inf,inf,inf,380.1907416021595,inf
37,132,inf,inf,inf,368.65702217643974,inf
37,133,inf,inf,inf,166.20770138594662,inf
37,134,inf,inf,inf,561.2165357506851,inf
37,135,inf,inf,inf,751.9208734966732,inf
37,136,inf,inf,inf,1136.4092572660609,inf
37,137,inf,inf,inf,202.94087809014724,inf
37,138,inf,inf,inf,536.9851022142049,inf
37,139,inf,inf,inf,353.0056656769123,inf
37,140,inf,inf,inf,342.4616766880639,inf
37,141,inf,inf,inf,1028.280117477723,inf
37,142,inf,inf,inf,446.2869032360237,inf
37,143,inf,inf,inf,1214.173381358692,inf
37,144,inf,inf,inf,974.5486134616374,inf
37,145,inf,inf,inf,410.2060457867485,inf
37,146,inf,inf,inf,69.42621983083913,inf
37,147,inf,inf,inf,600.5414223848343,inf
37,148,inf,inf,inf,1199.1634584159076,inf
37,149,inf,inf,inf,249.6096953245206,inf
37,150,inf,inf,inf,250.0079998720041,inf
37,151,inf,inf,inf,316.45694809878955,inf
37,152,inf,inf,inf,597.5583653501974,inf
37,153,inf,inf,inf,598.3686154871426,inf
37,154,inf,inf,inf,257.0933682536366,inf
37,155,inf,inf,inf,1139.0531155306148,inf
37,156,inf,inf,inf,155.2610704587599,inf
37,157,inf,inf,inf,764.2964084699076,inf
37,158,inf,inf,inf,506.4632267006164,inf
37,159,inf,inf,inf,543.0009208095323,inf
37,160,inf,inf,inf,265.3073689138694,inf
37,161,inf,inf,inf,214.89532335534898,inf
37,162,inf,inf,inf,493.42071298233924,inf
37,163,inf,inf,inf,385.32324092896346,inf
37,164,inf,inf,inf,851.9536372362055,inf
37,165,inf,inf,inf,93.1933474020544,inf
37,166,inf,inf,inf,1071.7648995931897,inf
37,167,inf,inf,inf,533.2400960167943,inf
37,168,inf,inf,inf,977.9452949935389,inf
37,169,inf,inf,inf,1058.608992971437,inf
37,170,inf,inf,inf,310.7442678473732,inf
37,171,inf,inf,inf,221.81523843054606,inf
37,172,inf,inf,inf,876.4684820345796,inf
37,173,inf,inf,inf,928.1907131619018,inf
37,174,inf,inf,inf,325.6270873253636,inf
37,175,inf,inf,inf,175.84083712266613,inf
37,176,inf,inf,inf,830.202384964052,inf
37,177,inf,inf,inf,252.03174403237384,inf
37,178,inf,inf,inf,505.4394127885161,inf
37,179,inf,inf,inf,569.5059262202633,inf
37,180,inf,inf,inf,1227.1796934434662,inf
37,181,inf,inf,inf,1125.873882812813,inf
37,182,inf,inf,inf,241.75400720567177,inf
37,183,inf,inf,inf,229.53213282675696,inf
37,184,inf,inf,inf,845.4637780532055,inf
37,185,inf,inf,inf,795.5029855380808,inf
37,186,inf,inf,inf,760.959920100921,inf
37,187,inf,inf,inf,245.7478382407463,inf
37,188,inf,inf,inf,1171.5395853320535,inf
37,189,inf,inf,inf,446.6060904197344,inf
37,190,inf,inf,inf,198.17164277464119,inf
37,191,inf,inf,inf,119.50313803411188,inf
37,192,inf,inf,inf,508.66491917567896,inf
37,193,inf,inf,inf,59.841457201508724,inf
37,194,inf,inf,inf,834.6556176052492,inf
37,195,inf,inf,inf,62.5859409132754,inf
37,196,inf,inf,inf,517.0116052856067,inf
37,197,inf,inf,inf,12.165525060596439,inf
37,198,inf,inf,inf,581.6270282578002,inf
37,199,inf,inf,inf,1008.766573593713,inf
37,200,inf,inf,inf,146.27713423498562,inf
37,201,inf,inf,inf,820.1134067920119,inf
37,202,inf,inf,inf,776.8307408953382,inf
38,39,inf,inf,inf,886.6707393390176,inf
38,40,inf,inf,inf,993.0825746130078,inf
38,41,inf,inf,inf,446.2969863218886,inf
38,42,inf,inf,inf,695.2481571352779,inf
38,43,inf,inf,inf,529.8764006822723,inf
38,44,inf,inf,inf,502.04880240869016,inf
38,45,inf,inf,inf,1035.287882668391,inf
38,46,inf,inf,inf,744.0967679005198,inf
38,47,inf,inf,inf,97.25224933131366,inf
38,48,inf,inf,inf,559.2003218883194,inf
38,49,inf,inf,inf,564.2384247815811,inf
38,50,inf,inf,inf,394.5681183268613,inf
38,51,inf,inf,inf,574.0818756937027,inf
38,52,inf,inf,inf,1125.639818059045,inf
38,53,inf,inf,inf,160.11246047700348,inf
38,54,inf,inf,inf,1147.379623315666,inf
38,55,inf,inf,inf,859.0052386336185,inf
38,56,inf,inf,inf,745.6145116613544,inf
38,57,inf,inf,inf,355.3266103178877,inf
38,58,inf,inf,inf,499.00901795458566,inf
38,59,inf,inf,inf,408.93642537685486,inf
38,60,inf,inf,inf,39.0,inf
38,61,inf,inf,inf,621.7089351135304,inf
38,62,inf,inf,inf,340.3086834037592,inf
38,63,inf,inf,inf,545.5364332471297,inf
38,64,inf,inf,inf,443.21777942677346,inf
38,65,inf,inf,inf,836.8237568329426,inf
38,66,inf,inf,inf,475.988445237907,inf
38,67,inf,inf,inf,339.99558820667073,inf
38,68,inf,inf,inf,601.0931708146417,inf
38,69,inf,inf,inf,234.4184293096428,inf
38,70,inf,inf,inf,436.02408190374075,inf
38,71,inf,inf,inf,92.00543462209176,inf
38,72,inf,inf,inf,542.4094394458857,inf
38,73,inf,inf,inf,522.8173677298795,inf
38,74,inf,inf,inf,1182.7087553578015,inf
38,75,inf,inf,inf,836.5189776687675,inf
38,76,inf,inf,inf,278.9928314491252,inf
38,77,inf,inf,inf,538.3428275736568,inf
38,78,inf,inf,inf,506.1936388379451,inf
38,79,inf,inf,inf,456.6399018920707,inf
38,80,inf,inf,inf,174.26990560621763,inf
38,81,inf,inf,inf,950.0842067943241,inf
38,82,inf,inf,inf,553.6867345349715,inf
38,83,inf,inf,inf,270.8394358286843,inf
38,84,inf,inf,inf,699.8121176430143,inf
38,85,inf,inf,inf,972.0704706964408,inf
38,86,inf,inf,inf,324.0771513081414,inf
38,87,inf,inf,inf,652.1380222008221,inf
38,88,inf,inf,inf,377.0053050024628,inf
38,89,inf,inf,inf,389.89357522277794,inf
38,90,inf,inf,inf,517.6195514081747,inf
38,91,inf,inf,inf,1098.7310862990998,inf
38,92,inf,inf,inf,756.9048817387823,inf
38,93,inf,inf,inf,785.8784893353425,inf
38,94,inf,inf,inf,305.19665791092797,inf
38,95,inf,inf,inf,810.0499984568854,inf
38,96,inf,inf,inf,1007.0004965242073,inf
38,97,inf,inf,inf,448.20642565675024,inf
38,98,inf,inf,inf,697.9340943097708,inf
38,99,inf,inf,inf,664.951877958097,inf
38,100,inf,inf,inf,199.52944644838766,inf
38,101,inf,inf,inf,953.6440635792791,inf
38,102,inf,inf,inf,847.4196127067157,inf
38,103,inf,inf,inf,930.8087880977489,inf
38,104,inf,inf,inf,1171.6688952088812,inf
38,105,inf,inf,inf,472.826606696366,inf
38,106,inf,inf,inf,415.6500932274646,inf
38,107,inf,inf,inf,834.9449083622225,inf
38,108,inf,inf,inf,1142.1961302683528,inf
38,109,inf,inf,inf,244.38698819699874,inf
38,110,inf,inf,inf,1131.258149141919,inf
38,111,inf,inf,inf,661.9101147436863,inf
38,112,inf,inf,inf,410.67018396762137,inf
38,113,inf,inf,inf,488.18541559534526,inf
38,114,inf,inf,inf,366.9564006799718,inf
38,115,inf,inf,inf,937.3078469745145,inf
38,116,inf,inf,inf,556.6345300104908,inf
38,117,inf,inf,inf,907.4767214645233,inf
38,118,inf,inf,inf,828.0157003342389,inf
38,119,inf,inf,inf,336.7565886512096,inf
38,120,inf,inf,inf,770.299292483123,inf
38,121,inf,inf,inf,387.1136783943445,inf
38,122,inf,inf,inf,808.497371671671,inf
38,123,inf,inf,inf,384.92207003496173,inf
38,124,inf,inf,inf,432.7585932133526,inf
38,125,inf,inf,inf,296.31908477180474,inf
38,126,inf,inf,inf,329.6012742693814,inf
38,127,inf,inf,inf,1133.7781970032763,inf
38,128,inf,inf,inf,1202.886943981021,inf
38,129,inf,inf,inf,1128.4768495631622,inf
38,130,inf,inf,inf,552.268050859363,inf
38,131,inf,inf,inf,74.33034373659252,inf
38,132,inf,inf,inf,249.15858403835898,inf
38,133,inf,inf,inf,593.8728820210601,inf
38,134,inf,inf,inf,469.51890270786754,inf
38,135,inf,inf,inf,1093.9675497929543,inf
38,136,inf,inf,inf,784.8630453779818,inf
38,137,inf,inf,inf,445.98318353946934,inf
38,138,inf,inf,inf,84.59905436823747,inf
38,139,inf,inf,inf,410.1572869034512,inf
38,140,inf,inf,inf,120.88010589009261,inf
38,141,inf,inf,inf,903.4710842080116,inf
38,142,inf,inf,inf,435.63287295611656,inf
38,143,inf,inf,inf,965.8638620426794,inf
38,144,inf,inf,inf,911.5201588555242,inf
38,145,inf,inf,inf,213.75921032788273,inf
38,146,inf,inf,inf,409.6925676650725,inf
38,147,inf,inf,inf,276.29332239487803,inf
38,148,inf,inf,inf,1176.0531450576543,inf
38,149,inf,inf,inf,666.649083101447,inf
38,150,inf,inf,inf,390.7377637239585,inf
38,151,inf,inf,inf,138.351002887583,inf
38,152,inf,inf,inf,923.3547530608157,inf
38,153,inf,inf,inf,208.9712898940905,inf
38,154,inf,inf,inf,563.5787433890672,inf
38,155,inf,inf,inf,1200.27080277744,inf
38,156,inf,inf,inf,298.197920851236,inf
38,157,inf,inf,inf,474.8020640224724,inf
38,158,inf,inf,inf,856.3089395773,inf
38,159,inf,inf,inf,746.8400096406191,inf
38,160,inf,inf,inf,596.4494949281121,inf
38,161,inf,inf,inf,622.3118189460971,inf
38,162,inf,inf,inf,425.7370080225584,inf
38,163,inf,inf,inf,372.6472863177726,inf
38,164,inf,inf,inf,816.9265572865164,inf
38,165,inf,inf,inf,510.0637215093816,inf
38,166,inf,inf,inf,674.6525031451376,inf
38,167,inf,inf,inf,322.61587065735,inf
38,168,inf,inf,inf,1102.207330768581,inf
38,169,inf,inf,inf,652.9663084723438,inf
38,170,inf,inf,inf,760.7325416991177,inf
38,171,inf,inf,inf,673.4166615105391,inf
38,172,inf,inf,inf,1154.0732212472483,inf
38,173,inf,inf,inf,781.297638547564,inf
38,174,inf,inf,inf,437.4528546026417,inf
38,175,inf,inf,inf,406.80707958441434,inf
38,176,inf,inf,inf,913.2798037841414,inf
38,177,inf,inf,inf,615.6524993858143,inf
38,178,inf,inf,inf,641.9540481997134,inf
38,179,inf,inf,inf,696.2679082077531,inf
38,180,inf,inf,inf,1067.5401631788848,inf
38,181,inf,inf,inf,877.0974860299167,inf
38,182,inf,inf,inf,510.22054055084845,inf
38,183,inf,inf,inf,284.01584462842914,inf
38,184,inf,inf,inf,748.0381006339182,inf
38,185,inf,inf,inf,537.4988372080446,inf
38,186,inf,inf,inf,314.00636936215164,inf
38,187,inf,inf,inf,698.0,inf
38,188,inf,inf,inf,1094.7771462722449,inf
38,189,inf,inf,inf,768.1464704078253,inf
38,190,inf,inf,inf,532.0488699358359,inf
38,191,inf,inf,inf,338.74031351464504,inf
38,192,inf,inf,inf,816.0637230020704,inf
38,193,inf,inf,inf,416.9088629424901,inf
38,194,inf,inf,inf,798.9806005154318,inf
38,195,inf,inf,inf,408.8532744151623,inf
38,196,inf,inf,inf,290.9931270666027,inf
38,197,inf,inf,inf,443.15234400824284,inf
38,198,inf,inf,inf,549.1684623137057,inf
38,199,inf,inf,inf,734.63596427074,inf
38,200,inf,inf,inf,408.90218879335924,inf
38,201,inf,inf,inf,998.600020028039,inf
38,202,inf,inf,inf,730.8857639877795,inf
39,40,inf,inf,inf,1347.985163123096,inf
39,41,inf,inf,inf,447.81469381877145,inf
39,42,inf,inf,inf,1165.1287482505957,inf
39,43,inf,inf,inf,602.9925372672534,inf
39,44,inf,inf,inf,1001.369062833479,inf
39,45,inf,inf,inf,1312.1356637177423,inf
39,46,inf,inf,inf,209.6115454835444,inf
39,47,inf,inf,inf,879.0227528340777,inf
39,48,inf,inf,inf,472.36638322387,inf
39,49,inf,inf,inf,593.9781140749211,inf
39,50,inf,inf,inf,745.9390055493814,inf
39,51,inf,inf,inf,341.5918617297549,inf
39,52,inf,inf,inf,411.2031128286847,inf
39,53,inf,inf,inf,801.1697697741721,inf
39,54,inf,inf,inf,1176.3099081449582,inf
39,55,inf,inf,inf,66.21933252457322,inf
39,56,inf,inf,inf,147.27525250360293,inf
39,57,inf,inf,inf,939.39661485445,inf
39,58,inf,inf,inf,832.279400201639,inf
39,59,inf,inf,inf,823.2192903473533,inf
39,60,inf,inf,inf,854.774824149612,inf
39,61,inf,inf,inf,279.5800422061632,inf
39,62,inf,inf,inf,932.7706041680344,inf
39,63,inf,inf,inf,465.89376471466113,inf
39,64,inf,inf,inf,445.46717050754705,inf
39,65,inf,inf,inf,1042.6240933337383,inf
39,66,inf,inf,inf,415.74030355499576,inf
39,67,inf,inf,inf,568.0580956205096,inf
39,68,inf,inf,inf,1332.1659055838354,inf
39,69,inf,inf,inf,974.75586687129,inf
39,70,inf,inf,inf,462.52351291583005,inf
39,71,inf,inf,inf,949.2660322586077,inf
39,72,inf,inf,inf,595.4838368923207,inf
39,73,inf,inf,inf,443.8434408662586,inf
39,74,inf,inf,inf,1081.2700865186273,inf
39,75,inf,inf,inf,971.7309298360324,inf
39,76,inf,inf,inf,651.0192009457171,inf
39,77,inf,inf,inf,360.568994784632,inf
39,78,inf,inf,inf,1117.9861358711028,inf
39,79,inf,inf,inf,534.9513996616889,inf
39,80,inf,inf,inf,723.7603194428387,inf
39,81,inf,inf,inf,280.0803456153252,inf
39,82,inf,inf,inf,1356.9038285744498,inf
39,83,inf,inf,inf,1114.0112207693421,inf
39,84,inf,inf,inf,192.0,inf
39,85,inf,inf,inf,1364.9446875240037,inf
39,86,inf,inf,inf,617.4665982869033,inf
39,87,inf,inf,inf,509.3181716766053,inf
39,88,inf,inf,inf,530.1848734168111,inf
39,89,inf,inf,inf,889.4099167425558,inf
39,90,inf,inf,inf,391.51117480858704,inf
39,91,inf,inf,inf,1252.7366043985464,inf
39,92,inf,inf,inf,1302.6872226286707,inf
39,93,inf,inf,inf,305.5552323230614,inf
39,94,inf,inf,inf,601.1322649800126,inf
39,95,inf,inf,inf,198.65548066942426,inf
39,96,inf,inf,inf,359.2005011132362,inf
39,97,inf,inf,inf,1307.167931063182,inf
39,98,inf,inf,inf,204.26698215815497,inf
39,99,inf,inf,inf,797.9674178812065,inf
39,100,inf,inf,inf,697.4474890627968,inf
39,101,inf,inf,inf,286.6810073932349,inf
39,102,inf,inf,inf,308.4623153644542,inf
39,103,inf,inf,inf,137.2953021774598,inf
39,104,inf,inf,inf,624.4973979129137,inf
39,105,inf,inf,inf,758.7792827957284,inf
39,106,inf,inf,inf,517.5886397516854,inf
39,107,inf,inf,inf,777.9203044014213,inf
39,108,inf,inf,inf,704.4891766379382,inf
39,109,inf,inf,inf,648.0030864124028,inf
39,110,inf,inf,inf,1211.218394840501,inf
39,111,inf,inf,inf,1294.8397584257289,inf
39,112,inf,inf,inf,476.0556690136144,inf
39,113,inf,inf,inf,1122.4205985280205,inf
39,114,inf,inf,inf,946.1553783602353,inf
39,115,inf,inf,inf,542.0083025194356,inf
39,116,inf,inf,inf,444.3703410444941,inf
39,117,inf,inf,inf,119.85407794480753,inf
39,118,inf,inf,inf,352.6372073392143,inf
39,119,inf,inf,inf,942.0191080864549,inf
39,120,inf,inf,inf,572.4071977185472,inf
39,121,inf,inf,inf,501.67718704362073,inf
39,122,inf,inf,inf,283.600070521853,inf
39,123,inf,inf,inf,1265.2596571455206,inf
39,124,inf,inf,inf,573.3489338962793,inf
39,125,inf,inf,inf,1170.8885514855801,inf
39,126,inf,inf,inf,662.0996903790244,inf
39,127,inf,inf,inf,1188.9121077691152,inf
39,128,inf,inf,inf,831.2027430176106,inf
39,129,inf,inf,inf,1204.1233325536052,inf
39,130,inf,inf,inf,412.6560310961176,inf
39,131,inf,inf,inf,823.4864904781377,inf
39,132,inf,inf,inf,846.6551836491642,inf
39,133,inf,inf,inf,312.0032051117424,inf
39,134,inf,inf,inf,741.9332854104875,inf
39,135,inf,inf,inf,319.61539387207245,inf
39,136,inf,inf,inf,1397.5424859373686,inf
39,137,inf,inf,inf,647.2109393389453,inf
39,138,inf,inf,inf,966.0486530190909,inf
39,139,inf,inf,inf,568.6369667898844,inf
39,140,inf,inf,inf,796.7640805156818,inf
39,141,inf,inf,inf,1081.939462262099,inf
39,142,inf,inf,inf,634.7164721353937,inf
39,143,inf,inf,inf,1361.009184392229,inf
39,144,inf,inf,inf,977.4712271980184,inf
39,145,inf,inf,inf,886.5776897711785,inf
39,146,inf,inf,inf,490.5394989193021,inf
39,147,inf,inf,inf,1075.0018604635063,inf
39,148,inf,inf,inf,1116.1980111073483,inf
39,149,inf,inf,inf,229.17678765529462,inf
39,150,inf,inf,inf,520.1047971322703,inf
39,151,inf,inf,inf,750.5211522668765,inf
39,152,inf,inf,inf,237.22773868163057,inf
39,153,inf,inf,inf,1062.1675950620975,inf
39,154,inf,inf,inf,627.5109560796528,inf
39,155,inf,inf,inf,974.5588745683865,inf
39,156,inf,inf,inf,617.3240640052841,inf
39,157,inf,inf,inf,1026.1266978302435,inf
39,158,inf,inf,inf,158.45504094221806,inf
39,159,inf,inf,inf,418.21166889507043,inf
39,160,inf,inf,inf,302.00165562460086,inf
39,161,inf,inf,inf,492.02947066207327,inf
39,162,inf,inf,inf,695.1122211556923,inf
39,163,inf,inf,inf,854.3939372444072,inf
39,164,inf,inf,inf,859.0809042226465,inf
39,165,inf,inf,inf,489.8407904615539,inf
39,166,inf,inf,inf,1388.3648655882935,inf
39,167,inf,inf,inf,816.561081609943,inf
39,168,inf,inf,inf,773.5696478016702,inf
39,169,inf,inf,inf,1386.1962343045086,inf
39,170,inf,inf,inf,240.7093683262037,inf
39,171,inf,inf,inf,345.23180618245476,inf
39,172,inf,inf,inf,504.8960289010006,inf
39,173,inf,inf,inf,1025.4038228912548,inf
39,174,inf,inf,inf,776.073450132138,inf
39,175,inf,inf,inf,638.2264488408483,inf
39,176,inf,inf,inf,715.139846463613,inf
39,177,inf,inf,inf,564.4546040205537,inf
39,178,inf,inf,inf,497.3228327756529,inf
39,179,inf,inf,inf,526.3705918837031,inf
39,180,inf,inf,inf,1282.2374975019254,inf
39,181,inf,inf,inf,1284.8988287020888,inf
39,182,inf,inf,inf,394.6137351892354,inf
39,183,inf,inf,inf,605.70124649038,inf
39,184,inf,inf,inf,916.8991220412418,inf
39,185,inf,inf,inf,1024.281211386795,inf
39,186,inf,inf,inf,1164.4900171319632,inf
39,187,inf,inf,inf,323.94598315151245,inf
39,188,inf,inf,inf,1149.6990910668756,inf
39,189,inf,inf,inf,220.03636063160107,inf
39,190,inf,inf,inf,356.6020190632689,inf
39,191,inf,inf,inf,561.426753904728,inf
39,192,inf,inf,inf,245.0244885720609,inf
39,193,inf,inf,inf,486.2016042754281,inf
39,194,inf,inf,inf,847.8519918004557,inf
39,195,inf,inf,inf,540.2314318882233,inf
39,196,inf,inf,inf,818.0488982939834,inf
39,197,inf,inf,inf,490.2580952926734,inf
39,198,inf,inf,inf,699.2116989867947,inf
39,199,inf,inf,inf,1209.8632154090808,inf
39,200,inf,inf,inf,477.7970280359642,inf
39,201,inf,inf,inf,591.5648738726802,inf
39,202,inf,inf,inf,819.9006037319402,inf
40,41,inf,inf,inf,1045.6624694422192,inf
40,42,inf,inf,inf,300.2815345638156,inf
40,43,inf,inf,inf,767.6718048749739,inf
40,44,inf,inf,inf,493.18961870663907,inf
40,45,inf,inf,inf,109.48972554536796,inf
40,46,inf,inf,inf,1139.5073496910848,inf
40,47,inf,inf,inf,1089.8169571079357,inf
40,48,inf,inf,inf,896.0591498333132,inf
40,49,inf,inf,inf,765.8785804551528,inf
40,50,inf,inf,inf,706.402859563861,inf
40,51,inf,inf,inf,1250.2803685573888,inf
40,52,inf,inf,inf,1252.4951097708924,inf
40,53,inf,inf,inf,872.928977637929,inf
40,54,inf,inf,inf,438.092455995307,inf
40,55,inf,inf,inf,1284.4317809833265,inf
40,56,inf,inf,inf,1287.143348660125,inf
40,57,inf,inf,inf,639.2260945862582,inf
40,58,inf,inf,inf,575.6570159391788,inf
40,59,inf,inf,inf,1382.8412779491362,inf
40,60,inf,inf,inf,972.4237759331062,inf
40,61,inf,inf,inf,1245.7515803722667,inf
40,62,inf,inf,inf,654.3584644520158,inf
40,63,inf,inf,inf,1337.758199376853,inf
40,64,inf,inf,inf,1070.3107025532352,inf
40,65,inf,inf,inf,312.41798923877604,inf
40,66,inf,inf,inf,1153.5059601059718,inf
40,67,inf,inf,inf,964.5320108736672,inf
40,68,inf,inf,inf,603.8758150480942,inf
40,69,inf,inf,inf,767.4066718500693,inf
40,70,inf,inf,inf,1158.6543919564626,inf
40,71,inf,inf,inf,1063.0569128696732,inf
40,72,inf,inf,inf,1416.9618908072298,inf
40,73,inf,inf,inf,1290.262376418068,inf
40,74,inf,inf,inf,599.497289401712,inf
40,75,inf,inf,inf,393.86418979135436,inf
40,76,inf,inf,inf,907.5736884683249,inf
40,77,inf,inf,inf,1076.6178523505914,inf
40,78,inf,inf,inf,508.63051422422546,inf
40,79,inf,inf,inf,1286.0206063667877,inf
40,80,inf,inf,inf,956.0130752243925,inf
40,81,inf,inf,inf,1174.7957269244725,inf
40,82,inf,inf,inf,748.2806959958275,inf
40,83,inf,inf,inf,849.7111273838892,inf
40,84,inf,inf,inf,1260.5427402511982,inf
40,85,inf,inf,inf,54.57105459856901,inf
40,86,inf,inf,inf,1184.252084650899,inf
40,87,inf,inf,inf,1474.3083123960198,inf
40,88,inf,inf,inf,1155.1346241888864,inf
40,89,inf,inf,inf,621.2905922352277,inf
40,90,inf,inf,inf,1215.3538579360334,inf
40,91,inf,inf,inf,276.04528613979267,inf
40,92,inf,inf,inf,308.3277476971542,inf
40,93,inf,inf,inf,1053.5444936024296,inf
40,94,inf,inf,inf,958.3193622170012,inf
40,95,inf,inf,inf,1156.0484418916017,inf
40,96,inf,inf,inf,1158.9534071739035,inf
40,97,inf,inf,inf,890.8108665704522,inf
40,98,inf,inf,inf,1170.8360260941752,inf
40,99,inf,inf,inf,550.5270202269821,inf
40,100,inf,inf,inf,1071.001867412004,inf
40,101,inf,inf,inf,1172.232912010237,inf
40,102,inf,inf,inf,1076.9405740336836,inf
40,103,inf,inf,inf,1278.759555194017,inf
40,104,inf,inf,inf,1090.4205610680679,inf
40,105,inf,inf,inf,1423.1549458860761,inf
40,106,inf,inf,inf,944.2001906375575,inf
40,107,inf,inf,inf,611.1759157558485,inf
40,108,inf,inf,inf,968.2752707778919,inf
40,109,inf,inf,inf,1071.0760944022604,inf
40,110,inf,inf,inf,373.1621631409058,inf
40,111,inf,inf,inf,445.8004037683232,inf
40,112,inf,inf,inf,1079.7041261382676,inf
40,113,inf,inf,inf,533.8951207868452,inf
40,114,inf,inf,inf,627.3452000294575,inf
40,115,inf,inf,inf,922.7269368561861,inf
40,116,inf,inf,inf,1333.8204526846932,inf
40,117,inf,inf,inf,1272.18905827711,inf
40,118,inf,inf,inf,1028.0024319037382,inf
40,119,inf,inf,inf,1329.8360801241633,inf
40,120,inf,inf,inf,796.0515058713223,inf
40,121,inf,inf,inf,1046.4759911244978,inf
40,122,inf,inf,inf,1479.4002163038913,inf
40,123,inf,inf,inf,974.9882050568611,inf
40,124,inf,inf,inf,1287.5795121078932,inf
40,125,inf,inf,inf,1118.472172206354,inf
40,126,inf,inf,inf,836.0861199661193,inf
40,127,inf,inf,inf,404.01980149492675,inf
40,128,inf,inf,inf,909.3569156277418,inf
40,129,inf,inf,inf,378.033067336708,inf
40,130,inf,inf,inf,1300.2126749113008,inf
40,131,inf,inf,inf,1034.339402710735,inf
40,132,inf,inf,inf,1234.6420533903743,inf
40,133,inf,inf,inf,1242.2278373953789,inf
40,134,inf,inf,inf,663.1297007373445,inf
40,135,inf,inf,inf,1305.368147305579,inf
40,136,inf,inf,inf,394.32093527988087,inf
40,137,inf,inf,inf,1348.8698973585258,inf
40,138,inf,inf,inf,963.7229892453537,inf
40,139,inf,inf,inf,876.0388119255904,inf
40,140,inf,inf,inf,1075.8461785961783,inf
40,141,inf,inf,inf,295.4132698441287,inf
40,142,inf,inf,inf,782.4659737010933,inf
40,143,inf,inf,inf,58.18934610390462,inf
40,144,inf,inf,inf,429.6161077054723,inf
40,145,inf,inf,inf,1206.0331670397793,inf
40,146,inf,inf,inf,1152.486442436526,inf
40,147,inf,inf,inf,1222.2213383835187,inf
40,148,inf,inf,inf,549.3723691632116,inf
40,149,inf,inf,inf,1254.754956156779,inf
40,150,inf,inf,inf,976.2955495135682,inf
40,151,inf,inf,inf,1028.1682741652749,inf
40,152,inf,inf,inf,1188.639979135819,inf
40,153,inf,inf,inf,1125.8419071965654,inf
40,154,inf,inf,inf,1453.0994460118688,inf
40,155,inf,inf,inf,746.0462452154022,inf
40,156,inf,inf,inf,1140.3389846883251,inf
40,157,inf,inf,inf,518.536401808012,inf
40,158,inf,inf,inf,1208.1738285528288,inf
40,159,inf,inf,inf,938.2670195631945,inf
40,160,inf,inf,inf,1111.763014315551,inf
40,161,inf,inf,inf,1436.2259571529823,inf
40,162,inf,inf,inf,729.8664261356321,inf
40,163,inf,inf,inf,1355.5637203761394,inf
40,164,inf,inf,inf,513.361471090303,inf
40,165,inf,inf,inf,1314.5402238045058,inf
40,166,inf,inf,inf,569.7236172039912,inf
40,167,inf,inf,inf,712.0252804500694,inf
40,168,inf,inf,inf,846.6274269122163,inf
40,169,inf,inf,inf,606.1319988253384,inf
40,170,inf,inf,inf,1405.8339162219697,inf
40,171,inf,inf,inf,1390.6850829716984,inf
40,172,inf,inf,inf,1192.8453378372235,inf
40,173,inf,inf,inf,322.59107241211746,inf
40,174,inf,inf,inf,1395.8603081970632,inf
40,175,inf,inf,inf,1302.7758824909217,inf
40,176,inf,inf,inf,728.0858465867882,inf
40,177,inf,inf,inf,1470.076528620194,inf
40,178,inf,inf,inf,851.2590674994306,inf
40,179,inf,inf,inf,824.0109222577089,inf
40,180,inf,inf,inf,194.48650338776724,inf
40,181,inf,inf,inf,120.7683733433551,inf
40,182,inf,inf,inf,1046.0822147422257,inf
40,183,inf,inf,inf,1006.4919274390629,inf
40,184,inf,inf,inf,432.12035360533525,inf
40,185,inf,inf,inf,457.20017497809425,inf
40,186,inf,inf,inf,859.8238191629724,inf
40,187,inf,inf,inf,1401.4167831162863,inf
40,188,inf,inf,inf,400.64947273146385,inf
40,189,inf,inf,inf,1128.5140672583573,inf
40,190,inf,inf,inf,1112.8131020077,inf
40,191,inf,inf,inf,1125.532762739495,inf
40,192,inf,inf,inf,1117.6121867624745,inf
40,193,inf,inf,inf,1162.0464706714615,inf
40,194,inf,inf,inf,518.6607754592591,inf
40,195,inf,inf,inf,1226.5797976487302,inf
40,196,inf,inf,inf,738.0975545278551,inf
40,197,inf,inf,inf,1221.8138156036705,inf
40,198,inf,inf,inf,667.0569690813521,inf
40,199,inf,inf,inf,267.4714938082187,inf
40,200,inf,inf,inf,1080.2675594499726,inf
40,201,inf,inf,inf,927.3149411068497,inf
40,202,inf,inf,inf,531.1355759125913,inf
41,42,inf,inf,inf,804.1349389250538,inf
41,43,inf,inf,inf,297.37854663711033,inf
41,44,inf,inf,inf,613.0008156601425,inf
41,45,inf,inf,inf,1041.2117940169521,inf
41,46,inf,inf,inf,299.80827206733306,inf
41,47,inf,inf,inf,456.3693679466228,inf
41,48,inf,inf,inf,211.10187114282053,inf
41,49,inf,inf,inf,315.37279527568637,inf
41,50,inf,inf,inf,352.9433382286738,inf
41,51,inf,inf,inf,206.8260138377182,inf
41,52,inf,inf,inf,694.9834530404303,inf
41,53,inf,inf,inf,353.8714455844099,inf
41,54,inf,inf,inf,1016.4865960749311,inf
41,55,inf,inf,inf,414.3971524998694,inf
41,56,inf,inf,inf,317.03627552694974,inf
41,57,inf,inf,inf,519.2494583531118,inf
41,58,inf,inf,inf,473.57048049894325,inf
41,59,inf,inf,inf,521.8467207906934,inf
41,60,inf,inf,inf,411.92475040958635,inf
41,61,inf,inf,inf,219.0,inf
41,62,inf,inf,inf,509.8362482209361,inf
41,63,inf,inf,inf,303.42214816983943,inf
41,64,inf,inf,inf,27.65863337187866,inf
41,65,inf,inf,inf,779.3131591343752,inf
41,66,inf,inf,inf,109.37092849564732,inf
41,67,inf,inf,inf,121.8031198286809,inf
41,68,inf,inf,inf,904.2057288029091,inf
41,69,inf,inf,inf,531.5119942202622,inf
41,70,inf,inf,inf,130.9427355755179,inf
41,71,inf,inf,inf,518.4669709827233,inf
41,72,inf,inf,inf,414.8409333708524,inf
41,73,inf,inf,inf,253.12645061312736,inf
41,74,inf,inf,inf,985.8138769564973,inf
41,75,inf,inf,inf,734.1151135891428,inf
41,76,inf,inf,inf,206.49455198624491,inf
41,77,inf,inf,inf,92.0869154657707,inf
41,78,inf,inf,inf,708.7178564139612,inf
41,79,inf,inf,inf,281.95212359547855,inf
41,80,inf,inf,inf,277.50495491071865,inf
41,81,inf,inf,inf,515.6403785585454,inf
41,82,inf,inf,inf,915.4594474907121,inf
41,83,inf,inf,inf,666.337001824152,inf
41,84,inf,inf,inf,273.80650101851126,inf
41,85,inf,inf,inf,1048.0477088377227,inf
41,86,inf,inf,inf,258.6058777367599,inf
41,87,inf,inf,inf,438.0285378830927,inf
41,88,inf,inf,inf,170.6985647274165,inf
41,89,inf,inf,inf,483.62795618119515,inf
41,90,inf,inf,inf,170.03823099526764,inf
41,91,inf,inf,inf,1035.0309174126153,inf
41,92,inf,inf,inf,925.431791111587,inf
41,93,inf,inf,inf,363.19966960337393,inf
41,94,inf,inf,inf,153.62942426501507,inf
41,95,inf,inf,inf,367.52414886643845,inf
41,96,inf,inf,inf,581.5677088697412,inf
41,97,inf,inf,inf,859.4335343701688,inf
41,98,inf,inf,inf,252.19238687954083,inf
41,99,inf,inf,inf,529.0009451787397,inf
41,100,inf,inf,inf,275.61023203067043,inf
41,101,inf,inf,inf,520.0,inf
41,102,inf,inf,inf,424.32181183625244,inf
41,103,inf,inf,inf,484.5946759922152,inf
41,104,inf,inf,inf,786.3033765665768,inf
41,105,inf,inf,inf,502.68081324037024,inf
41,106,inf,inf,inf,101.84301645179212,inf
41,107,inf,inf,inf,616.9359772294042,inf
41,108,inf,inf,inf,791.7329095092612,inf
41,109,inf,inf,inf,226.80828909014767,inf
41,110,inf,inf,inf,1027.4823599459019,inf
41,111,inf,inf,inf,890.3684630533586,inf
41,112,inf,inf,inf,61.554853586049575,inf
41,113,inf,inf,inf,707.7301745722024,inf
41,114,inf,inf,inf,528.0492401282289,inf
41,115,inf,inf,inf,576.5630928181234,inf
41,116,inf,inf,inf,295.0271173977063,inf
41,117,inf,inf,inf,461.182176585349,inf
41,118,inf,inf,inf,417.5607740197827,inf
41,119,inf,inf,inf,587.5865893636443,inf
41,120,inf,inf,inf,459.2733390912214,inf
41,121,inf,inf,inf,62.81719509815764,inf
41,122,inf,inf,inf,451.5362665390234,inf
41,123,inf,inf,inf,818.8284313578761,inf
41,124,inf,inf,inf,302.768888758406,inf
41,125,inf,inf,inf,739.0060892847906,inf
41,126,inf,inf,inf,237.25513693068902,inf
41,127,inf,inf,inf,1016.2765371688948,inf
41,128,inf,inf,inf,883.5587133858169,inf
41,129,inf,inf,inf,1022.0454980087726,inf
41,130,inf,inf,inf,257.21780653757236,inf
41,131,inf,inf,inf,390.3280671435248,inf
41,132,inf,inf,inf,472.2679324281927,inf
41,133,inf,inf,inf,205.25106577068,inf
41,134,inf,inf,inf,383.0469945058961,inf
41,135,inf,inf,inf,652.9195968877026,inf
41,136,inf,inf,inf,1003.6000199282581,inf
41,137,inf,inf,inf,388.9884317045945,inf
41,138,inf,inf,inf,522.1647249671314,inf
41,139,inf,inf,inf,170.13524032369074,inf
41,140,inf,inf,inf,373.84622507121827,inf
41,141,inf,inf,inf,836.5028392061798,inf
41,142,inf,inf,inf,263.20524310887123,inf
41,143,inf,inf,inf,1042.9515808511917,inf
41,144,inf,inf,inf,777.2284091565361,inf
41,145,inf,inf,inf,496.3970185244871,inf
41,146,inf,inf,inf,140.9432509913121,inf
41,147,inf,inf,inf,668.8086422886594,inf
41,148,inf,inf,inf,1000.0,inf
41,149,inf,inf,inf,248.9417602572939,inf
41,150,inf,inf,inf,79.93122043357026,inf
41,151,inf,inf,inf,316.4048040090416,inf
41,152,inf,inf,inf,484.3397567823645,inf
41,153,inf,inf,inf,637.2079723292859,inf
41,154,inf,inf,inf,456.12717524830725,inf
41,155,inf,inf,inf,944.3860439460126,inf
41,156,inf,inf,inf,231.87280996270349,inf
41,157,inf,inf,inf,625.0199996800102,inf
41,158,inf,inf,inf,411.1471755953092,inf
41,159,inf,inf,inf,364.73689147109866,inf
41,160,inf,inf,inf,150.3362896974646,inf
41,161,inf,inf,inf,400.0012499980469,inf
41,162,inf,inf,inf,318.0015723231569,inf
41,163,inf,inf,inf,530.7249758584949,inf
41,164,inf,inf,inf,653.9373058634902,inf
41,165,inf,inf,inf,288.84944175123485,inf
41,166,inf,inf,inf,966.0419245560722,inf
41,167,inf,inf,inf,396.8904130865345,inf
41,168,inf,inf,inf,790.9310968725405,inf
41,169,inf,inf,inf,959.1673472340476,inf
41,170,inf,inf,inf,383.7251620626409,inf
41,171,inf,inf,inf,346.70592726401435,inf
41,172,inf,inf,inf,739.0060892847906,inf
41,173,inf,inf,inf,741.7715281675349,inf
41,174,inf,inf,inf,497.3047355495421,inf
41,175,inf,inf,inf,351.7115295238415,inf
41,176,inf,inf,inf,634.9590537979594,inf
41,177,inf,inf,inf,447.6438316340347,inf
41,178,inf,inf,inf,309.84512260159914,inf
41,179,inf,inf,inf,374.59311259018097,inf
41,180,inf,inf,inf,1037.6420384699147,inf
41,181,inf,inf,inf,956.7470930188396,inf
41,182,inf,inf,inf,67.72001181334805,inf
41,183,inf,inf,inf,162.30834852218786,inf
41,184,inf,inf,inf,653.4783852584567,inf
41,185,inf,inf,inf,642.8763489194481,inf
41,186,inf,inf,inf,716.760071432554,inf
41,187,inf,inf,inf,360.1180362047977,inf
41,188,inf,inf,inf,973.8511179846743,inf
41,189,inf,inf,inf,326.6955769519998,inf
41,190,inf,inf,inf,93.15041599477696,inf
41,191,inf,inf,inf,173.83325343558406,inf
41,192,inf,inf,inf,380.2959373961284,inf
41,193,inf,inf,inf,147.16657229140046,inf
41,194,inf,inf,inf,636.8335732355824,inf
41,195,inf,inf,inf,235.44001359157284,inf
41,196,inf,inf,inf,390.3460003637798,inf
41,197,inf,inf,inf,204.59960899278374,inf
41,198,inf,inf,inf,389.8679263545541,inf
41,199,inf,inf,inf,850.6521028011392,inf
41,200,inf,inf,inf,63.655321851358195,inf
41,201,inf,inf,inf,642.9657844706824,inf
41,202,inf,inf,inf,580.521317438042,inf
42,43,inf,inf,inf,562.285514663147,inf
42,44,inf,inf,inf,204.07106605298068,inf
42,45,inf,inf,inf,361.7803200838874,inf
42,46,inf,inf,inf,956.6619047500533,inf
42,47,inf,inf,inf,792.3357874032953,inf
42,48,inf,inf,inf,693.7038272923106,inf
42,49,inf,inf,inf,572.1232384722719,inf
42,50,inf,inf,inf,451.54180315891017,inf
42,51,inf,inf,inf,1010.8610191317103,inf
42,52,inf,inf,inf,1157.710240086007,inf
42,53,inf,inf,inf,583.624879524511,inf
42,54,inf,inf,inf,592.7647088010553,inf
42,55,inf,inf,inf,1106.4357188738982,inf
42,56,inf,inf,inf,1080.2893131008934,inf
42,57,inf,inf,inf,345.023187626571,inf
42,58,inf,inf,inf,336.72540741678523,inf
42,59,inf,inf,inf,1091.1484775226513,inf
42,60,inf,inf,inf,676.4059432027486,inf
42,61,inf,inf,inf,1017.1332262786424,inf
42,62,inf,inf,inf,360.04999652825995,inf
42,63,inf,inf,inf,1079.6165986126741,inf
42,64,inf,inf,inf,825.9636795888788,inf
42,65,inf,inf,inf,296.95117443781896,inf
42,66,inf,inf,inf,906.9426663246139,inf
42,67,inf,inf,inf,707.1668827087423,inf
42,68,inf,inf,inf,368.0774375046642,inf
42,69,inf,inf,inf,467.4120238076894,inf
42,70,inf,inf,inf,903.9209036193377,inf
42,71,inf,inf,inf,763.26993914342,inf
42,72,inf,inf,inf,1145.3671900312145,inf
42,73,inf,inf,inf,1034.8487812236144,inf
42,74,inf,inf,inf,709.8520972709738,inf
42,75,inf,inf,inf,365.1657158058516,inf
42,76,inf,inf,inf,639.6882053000509,inf
42,77,inf,inf,inf,851.8597302373203,inf
42,78,inf,inf,inf,211.9858485842864,inf
42,79,inf,inf,inf,1018.9102021277439,inf
42,80,inf,inf,inf,672.7733645143809,inf
42,81,inf,inf,inf,1043.4605886184681,inf
42,82,inf,inf,inf,500.99201590444534,inf
42,83,inf,inf,inf,554.2165641696394,inf
42,84,inf,inf,inf,1047.2769452250918,inf
42,85,inf,inf,inf,276.85555800814257,inf
42,86,inf,inf,inf,907.8546139112804,inf
42,87,inf,inf,inf,1214.648097187,inf
42,88,inf,inf,inf,890.3712708752456,inf
42,89,inf,inf,inf,339.4775397577872,inf
42,90,inf,inf,inf,969.3069689216105,inf
42,91,inf,inf,inf,476.386397790701,inf
42,92,inf,inf,inf,146.24978632463024,inf
42,93,inf,inf,inf,896.2750693843939,inf
42,94,inf,inf,inf,694.8129244624052,inf
42,95,inf,inf,inf,988.174579717572,inf
42,96,inf,inf,inf,1048.2175346749357,inf
42,97,inf,inf,inf,619.1066144049828,inf
42,98,inf,inf,inf,971.272361389945,inf
42,99,inf,inf,inf,401.04488526846967,inf
42,100,inf,inf,inf,787.3868172632814,inf
42,101,inf,inf,inf,1042.4782971362042,inf
42,102,inf,inf,inf,933.8061897417472,inf
42,103,inf,inf,inf,1121.1177458233367,inf
42,104,inf,inf,inf,1050.124754493484,inf
42,105,inf,inf,inf,1136.8029732543805,inf
42,106,inf,inf,inf,703.0312937558327,inf
42,107,inf,inf,inf,545.2201390264303,inf
42,108,inf,inf,inf,948.8150504708491,inf
42,109,inf,inf,inf,793.2294749944684,inf
42,110,inf,inf,inf,546.9597791428544,inf
42,111,inf,inf,inf,221.46105752479374,inf
42,112,inf,inf,inf,828.2052885607529,inf
42,113,inf,inf,inf,238.6063704095094,inf
42,114,inf,inf,inf,333.02402315748935,inf
42,115,inf,inf,inf,838.7896041320494,inf
42,116,inf,inf,inf,1078.4525951565975,inf
42,117,inf,inf,inf,1109.4503143449012,inf
42,118,inf,inf,inf,887.6981468945398,inf
42,119,inf,inf,inf,1031.7097460041753,inf
42,120,inf,inf,inf,673.7840900466558,inf
42,121,inf,inf,inf,793.3000693306411,inf
42,122,inf,inf,inf,1252.7705296661477,inf
42,123,inf,inf,inf,692.1683321273807,inf
42,124,inf,inf,inf,1016.0088582291003,inf
42,125,inf,inf,inf,822.7059012794305,inf
42,126,inf,inf,inf,576.195279397532,inf
42,127,inf,inf,inf,565.4882845824483,inf
42,128,inf,inf,inf,929.5122376816779,inf
42,129,inf,inf,inf,547.9215272281242,inf
42,130,inf,inf,inf,1049.080549814932,inf
42,131,inf,inf,inf,739.9763509734619,inf
42,132,inf,inf,inf,939.5371200756254,inf
42,133,inf,inf,inf,1008.1274720986429,inf
42,134,inf,inf,inf,429.6161077054723,inf
42,135,inf,inf,inf,1188.8856126642293,inf
42,136,inf,inf,inf,262.48809496813374,inf
42,137,inf,inf,inf,1070.428418905253,inf
42,138,inf,inf,inf,663.5849606493505,inf
42,139,inf,inf,inf,635.651634151915,inf
42,140,inf,inf,inf,783.184524872651,inf
42,141,inf,inf,inf,342.1958503547347,inf
42,142,inf,inf,inf,547.768199149969,inf
42,143,inf,inf,inf,270.667692937299,inf
42,144,inf,inf,inf,444.7077692147957,inf
42,145,inf,inf,inf,908.8041593214679,inf
42,146,inf,inf,inf,893.6632475379079,inf
42,147,inf,inf,inf,922.1626754537401,inf
42,148,inf,inf,inf,674.976295880085,inf
42,149,inf,inf,inf,1034.7738883446953,inf
42,150,inf,inf,inf,728.3090003563049,inf
42,151,inf,inf,inf,739.8763410192273,inf
42,152,inf,inf,inf,1046.6909763631288,inf
42,153,inf,inf,inf,825.9933413775199,inf
42,154,inf,inf,inf,1179.3239588849199,inf
42,155,inf,inf,inf,814.6655755584619,inf
42,156,inf,inf,inf,864.5600037013047,inf
42,157,inf,inf,inf,220.81893034792103,inf
42,158,inf,inf,inf,1043.6057684777331,inf
42,159,inf,inf,inf,787.2585344091228,inf
42,160,inf,inf,inf,896.1305708433342,inf
42,161,inf,inf,inf,1177.1737339917163,inf
42,162,inf,inf,inf,488.5754803507847,inf
42,163,inf,inf,inf,1061.5856065339244,inf
42,164,inf,inf,inf,453.4148211075593,inf
42,165,inf,inf,inf,1053.1329450738876,inf
42,166,inf,inf,inf,365.57078657901536,inf
42,167,inf,inf,inf,433.65539314068263,inf
42,168,inf,inf,inf,843.8275890251515,inf
42,169,inf,inf,inf,392.48566852816424,inf
42,170,inf,inf,inf,1181.81047549935,inf
42,171,inf,inf,inf,1150.0434774390053,inf
42,172,inf,inf,inf,1121.2426142454628,inf
42,173,inf,inf,inf,252.28555249954366,inf
42,174,inf,inf,inf,1107.5852111688744,inf
42,175,inf,inf,inf,1024.4891409868628,inf
42,176,inf,inf,inf,675.4628043053148,inf
42,177,inf,inf,inf,1203.7084364579323,inf
42,178,inf,inf,inf,677.661419884591,inf
42,179,inf,inf,inf,671.4171579577037,inf
42,180,inf,inf,inf,417.88515168644125,inf
42,181,inf,inf,inf,182.0164827701052,inf
42,182,inf,inf,inf,818.2328519437483,inf
42,183,inf,inf,inf,737.8814267888846,inf
42,184,inf,inf,inf,334.4084329080234,inf
42,185,inf,inf,inf,168.8697723099075,inf
42,186,inf,inf,inf,568.8602640367843,inf
42,187,inf,inf,inf,1164.2276409706137,inf
42,188,inf,inf,inf,540.2342084688825,inf
42,189,inf,inf,inf,953.8873099061544,inf
42,190,inf,inf,inf,882.5247871873062,inf
42,191,inf,inf,inf,857.3943083552631,inf
42,192,inf,inf,inf,958.124209066862,inf
42,193,inf,inf,inf,903.4694239430574,inf
42,194,inf,inf,inf,447.55781749400825,inf
42,195,inf,inf,inf,959.0020855034675,inf
42,196,inf,inf,inf,455.8826603414523,inf
42,197,inf,inf,inf,960.8631536280284,inf
42,198,inf,inf,inf,466.72475828907983,inf
42,199,inf,inf,inf,46.51881339845203,inf
42,200,inf,inf,inf,828.3869868606097,inf
42,201,inf,inf,inf,864.5947027364903,inf
42,202,inf,inf,inf,419.49016675006817,inf
43,44,inf,inf,inf,405.48736108539805,inf
43,45,inf,inf,inf,752.3961722390671,inf
43,46,inf,inf,inf,395.32391781929914,inf
43,47,inf,inf,inf,589.6515920439798,inf
43,48,inf,inf,inf,131.8256424221024,inf
43,49,inf,inf,inf,34.438350715445125,inf
43,50,inf,inf,inf,180.62391868188442,inf
43,51,inf,inf,inf,490.87371084628273,inf
43,52,inf,inf,inf,666.1771536160633,inf
43,53,inf,inf,inf,374.49833110442563,inf
43,54,inf,inf,inf,722.0533221307136,inf
43,55,inf,inf,inf,545.2348118013009,inf
43,56,inf,inf,inf,522.8097168186529,inf
43,57,inf,inf,inf,379.73938431508526,inf
43,58,inf,inf,inf,230.72277737579356,inf
43,59,inf,inf,inf,768.4074440035052,inf
43,60,inf,inf,inf,491.20260585628006,inf
43,61,inf,inf,inf,479.67176277116835,inf
43,62,inf,inf,inf,378.7941393422026,inf
43,63,inf,inf,inf,600.800299600458,inf
43,64,inf,inf,inf,324.6798423062325,inf
43,65,inf,inf,inf,485.8240422210494,inf
43,66,inf,inf,inf,406.0443325549564,inf
43,67,inf,inf,inf,266.101484400219,inf
43,68,inf,inf,inf,762.2821000128496,inf
43,69,inf,inf,inf,474.8863021819012,inf
43,70,inf,inf,inf,425.4409477236529,inf
43,71,inf,inf,inf,621.1682541791716,inf
43,72,inf,inf,inf,707.4242008865684,inf
43,73,inf,inf,inf,550.4806990258605,inf
43,74,inf,inf,inf,705.7145315210677,inf
43,75,inf,inf,inf,437.0045766350737,inf
43,76,inf,inf,inf,268.7042984397533,inf
43,77,inf,inf,inf,310.69277429641005,inf
43,78,inf,inf,inf,532.6584271369411,inf
43,79,inf,inf,inf,572.4657194976832,inf
43,80,inf,inf,inf,375.41044204976504,inf
43,81,inf,inf,inf,516.5471904869873,inf
43,82,inf,inf,inf,818.7038536613835,inf
43,83,inf,inf,inf,639.6350521977356,inf
43,84,inf,inf,inf,493.7529746745836,inf
43,85,inf,inf,inf,776.9337166065069,inf
43,86,inf,inf,inf,512.54755876894,inf
43,87,inf,inf,inf,735.0680240630795,inf
43,88,inf,inf,inf,446.97203491941195,inf
43,89,inf,inf,inf,315.03968004046726,inf
43,90,inf,inf,inf,464.31131797534294,inf
43,91,inf,inf,inf,738.0331970853343,inf
43,92,inf,inf,inf,700.0414273455536,inf
43,93,inf,inf,inf,352.4599268001967,inf
43,94,inf,inf,inf,282.8992753613908,inf
43,95,inf,inf,inf,432.4534657046929,inf
43,96,inf,inf,inf,545.7920849554342,inf
43,97,inf,inf,inf,820.0097560395242,inf
43,98,inf,inf,inf,410.27429848821873,inf
43,99,inf,inf,inf,232.55106965997814,inf
43,100,inf,inf,inf,456.18526938076377,inf
43,101,inf,inf,inf,517.3799377633424,inf
43,102,inf,inf,inf,402.06094065452316,inf
43,103,inf,inf,inf,568.3326490709468,inf
43,104,inf,inf,inf,656.0403950977409,inf
43,105,inf,inf,inf,771.0317762582811,inf
43,106,inf,inf,inf,206.8864422817503,inf
43,107,inf,inf,inf,335.67841753678476,inf
43,108,inf,inf,inf,614.121323518407,inf
43,109,inf,inf,inf,426.0187789288167,inf
43,110,inf,inf,inf,730.6887162123143,inf
43,111,inf,inf,inf,701.4228396623538,inf
43,112,inf,inf,inf,346.7174642269985,inf
43,113,inf,inf,inf,542.4131266848176,inf
43,114,inf,inf,inf,382.4787575800779,inf
43,115,inf,inf,inf,416.6881327803805,inf
43,116,inf,inf,inf,592.1021871265128,inf
43,117,inf,inf,inf,554.0081226841354,inf
43,118,inf,inf,inf,363.8914673360726,inf
43,119,inf,inf,inf,790.7717749135967,inf
43,120,inf,inf,inf,241.3503677229434,inf
43,121,inf,inf,inf,321.1230293828208,inf
43,122,inf,inf,inf,711.9585662101412,inf
43,123,inf,inf,inf,817.7689160147871,inf
43,124,inf,inf,inf,587.0204425741917,inf
43,125,inf,inf,inf,811.489987615374,inf
43,126,inf,inf,inf,201.37527157027003,inf
43,127,inf,inf,inf,720.4054414008823,inf
43,128,inf,inf,inf,673.6839021380873,inf
43,129,inf,inf,inf,725.3805897596103,inf
43,130,inf,inf,inf,553.0904085228743,inf
43,131,inf,inf,inf,511.85349466424475,inf
43,132,inf,inf,inf,671.7268790215261,inf
43,133,inf,inf,inf,478.92588153074377,inf
43,134,inf,inf,inf,145.41320435228707,inf
43,135,inf,inf,inf,669.1621627079643,inf
43,136,inf,inf,inf,797.950499717871,inf
43,137,inf,inf,inf,667.240586295528,inf
43,138,inf,inf,inf,573.6287998348758,inf
43,139,inf,inf,inf,152.95751043999115,inf
43,140,inf,inf,inf,524.3138373150188,inf
43,141,inf,inf,inf,540.7929363444016,inf
43,142,inf,inf,inf,94.36630754670864,inf
43,143,inf,inf,inf,772.3949766796778,inf
43,144,inf,inf,inf,480.88460154178364,inf
43,145,inf,inf,inf,674.581351654491,inf
43,146,inf,inf,inf,428.9114127649205,inf
43,147,inf,inf,inf,802.374600794417,inf
43,148,inf,inf,inf,713.9985994384023,inf
43,149,inf,inf,inf,487.08315511830216,inf
43,150,inf,inf,inf,249.04015740438328,inf
43,151,inf,inf,inf,455.554607045083,inf
43,152,inf,inf,inf,508.7366705870533,inf
43,153,inf,inf,inf,738.24115301167,inf
43,154,inf,inf,inf,747.990641652688,inf
43,155,inf,inf,inf,689.4787886512536,inf
43,156,inf,inf,inf,472.7123861292403,inf
43,157,inf,inf,inf,437.5294275817342,inf
43,158,inf,inf,inf,488.4792728458394,inf
43,159,inf,inf,inf,262.6118809193522,inf
43,160,inf,inf,inf,344.15839376659113,inf
43,161,inf,inf,inf,697.1405884038026,inf
43,162,inf,inf,inf,126.00396819148197,inf
43,163,inf,inf,inf,763.26993914342,inf
43,164,inf,inf,inf,359.02646142032484,inf
43,165,inf,inf,inf,585.2930889733792,inf
43,166,inf,inf,inf,809.027193609708,inf
43,167,inf,inf,inf,276.00724628168734,inf
43,168,inf,inf,inf,573.384687622542,inf
43,169,inf,inf,inf,813.3215846145976,inf
43,170,inf,inf,inf,638.2264488408483,inf
43,171,inf,inf,inf,629.8579204868349,inf
43,172,inf,inf,inf,666.0750708441204,inf
43,173,inf,inf,inf,452.8454482491792,inf
43,174,inf,inf,inf,757.1802955703483,inf
43,175,inf,inf,inf,624.7919653772766,inf
43,176,inf,inf,inf,388.6708118704053,inf
43,177,inf,inf,inf,744.4897581565511,inf
43,178,inf,inf,inf,139.6352391053204,inf
43,179,inf,inf,inf,175.09426032854418,inf
43,180,inf,inf,inf,743.3471598116186,inf
43,181,inf,inf,inf,691.0723551119665,inf
43,182,inf,inf,inf,282.4606167238187,inf
43,183,inf,inf,inf,337.19134033957636,inf
43,184,inf,inf,inf,358.24014292091834,inf
43,185,inf,inf,inf,424.8482081873478,inf
43,186,inf,inf,inf,687.4743631583653,inf
43,187,inf,inf,inf,638.1010891700467,inf
43,188,inf,inf,inf,677.9970501410754,inf
43,189,inf,inf,inf,395.43393885704853,inf
43,190,inf,inf,inf,349.2921413373052,inf
43,191,inf,inf,inf,431.6480047446067,inf
43,192,inf,inf,inf,409.07334305720775,inf
43,193,inf,inf,inf,437.0171621343949,inf
43,194,inf,inf,inf,341.4630287454265,inf
43,195,inf,inf,inf,519.2783453986889,inf
43,196,inf,inf,inf,294.9779652787645,inf
43,197,inf,inf,inf,497.4746224683225,inf
43,198,inf,inf,inf,100.72239075796404,inf
43,199,inf,inf,inf,607.2832946821442,inf
43,200,inf,inf,inf,348.037354317033,inf
43,201,inf,inf,inf,474.0432469722567,inf
43,202,inf,inf,inf,283.28960446864266,inf
44,45,inf,inf,inf,533.8164478545036,inf
44,46,inf,inf,inf,797.4239775677679,inf
44,47,inf,inf,inf,598.0777541423857,inf
44,48,inf,inf,inf,530.8351909962263,inf
44,49,inf,inf,inf,424.07782304666677,inf
44,50,inf,inf,inf,262.0019083899963,inf
44,51,inf,inf,inf,818.3819401721912,inf
44,52,inf,inf,inf,1050.5408131053262,inf
44,53,inf,inf,inf,381.0052493076703,inf
44,54,inf,inf,inf,689.4903915211581,inf
44,55,inf,inf,inf,946.7085084649868,inf
44,56,inf,inf,inf,903.952432376837,inf
44,57,inf,inf,inf,146.75830470538966,inf
44,58,inf,inf,inf,178.03651310896873,inf
44,59,inf,inf,inf,890.2415402574742,inf
44,60,inf,inf,inf,479.7707786016151,inf
44,61,inf,inf,inf,829.8704718207534,inf
44,62,inf,inf,inf,161.83015788165073,inf
44,63,inf,inf,inf,879.3321329281672,inf
44,64,inf,inf,inf,633.0821431694311,inf
44,65,inf,inf,inf,367.02179771779225,inf
44,66,inf,inf,inf,712.1263932758004,inf
44,67,inf,inf,inf,509.51938137817683,inf
44,68,inf,inf,inf,374.00802130435653,inf
44,69,inf,inf,inf,287.2368360778262,inf
44,70,inf,inf,inf,705.6713115891846,inf
44,71,inf,inf,inf,576.9523377195035,inf
44,72,inf,inf,inf,941.805181552958,inf
44,73,inf,inf,inf,835.6440629837563,inf
44,74,inf,inf,inf,767.972004698088,inf
44,75,inf,inf,inf,397.82533855952414,inf
44,76,inf,inf,inf,438.3811127318329,inf
44,77,inf,inf,inf,669.215959164155,inf
44,78,inf,inf,inf,137.32079230764728,inf
44,79,inf,inf,inf,816.3338777730593,inf
44,80,inf,inf,inf,468.7824655423878,inf
44,81,inf,inf,inf,915.5200707794451,inf
44,82,inf,inf,inf,464.69775123191636,inf
44,83,inf,inf,inf,411.0048661512416,inf
44,84,inf,inf,inf,867.8363901104861,inf
44,85,inf,inf,inf,477.00943386897495,inf
44,86,inf,inf,inf,703.9211603581754,inf
44,87,inf,inf,inf,1013.5408230554899,inf
44,88,inf,inf,inf,688.7466878323263,inf
44,89,inf,inf,inf,136.12494260788506,inf
44,90,inf,inf,inf,774.1892533483011,inf
44,91,inf,inf,inf,611.3566880308091,inf
44,92,inf,inf,inf,312.4771991681953,inf
44,93,inf,inf,inf,756.1163931565034,inf
44,94,inf,inf,inf,494.6958661642525,inf
44,95,inf,inf,inf,837.7517532061631,inf
44,96,inf,inf,inf,933.9983940029019,inf
44,97,inf,inf,inf,529.833936247953,inf
44,98,inf,inf,inf,801.1897403237264,inf
44,99,inf,inf,inf,322.0993635510632,inf
44,100,inf,inf,inf,583.5040702514422,inf
44,101,inf,inf,inf,915.6298378711782,inf
44,102,inf,inf,inf,801.858466314349,inf
44,103,inf,inf,inf,973.7936126305204,inf
44,104,inf,inf,inf,984.0330279009947,inf
44,105,inf,inf,inf,933.6562536608428,inf
44,106,inf,inf,inf,513.9513595662531,inf
44,107,inf,inf,inf,504.8762224545735,inf
44,108,inf,inf,inf,902.2000886721304,inf
44,109,inf,inf,inf,589.2503712345033,inf
44,110,inf,inf,inf,659.5771372629588,inf
44,111,inf,inf,inf,295.93580384941595,inf
44,112,inf,inf,inf,631.9153424312469,inf
44,113,inf,inf,inf,156.0,inf
44,114,inf,inf,inf,135.09256086106296,inf
44,115,inf,inf,inf,753.6079882803791,inf
44,116,inf,inf,inf,879.0819074466269,inf
44,117,inf,inf,inf,959.1689110891783,inf
44,118,inf,inf,inf,759.6848030597953,inf
44,119,inf,inf,inf,838.4390258092714,inf
44,120,inf,inf,inf,573.2451482568343,inf
44,121,inf,inf,inf,596.6070733740927,inf
44,122,inf,inf,inf,1064.3312454306695,inf
44,123,inf,inf,inf,576.1683781673548,inf
44,124,inf,inf,inf,812.5743042946904,inf
44,125,inf,inf,inf,669.0530621707071,inf
44,126,inf,inf,inf,379.2466216065741,inf
44,127,inf,inf,inf,669.175612227463,inf
44,128,inf,inf,inf,911.2639573691039,inf
44,129,inf,inf,inf,658.3167930411619,inf
44,130,inf,inf,inf,851.3712468717745,inf
44,131,inf,inf,inf,541.1635612271026,inf
44,132,inf,inf,inf,741.5045515706562,inf
44,133,inf,inf,inf,818.2139084615953,inf
44,134,inf,inf,inf,261.00766272276377,inf
44,135,inf,inf,inf,1066.4529994331676,inf
44,136,inf,inf,inf,396.69257618463195,inf
44,137,inf,inf,inf,866.3590479702974,inf
44,138,inf,inf,inf,481.3834230631545,inf
44,139,inf,inf,inf,448.8028520408488,inf
44,140,inf,inf,inf,582.8181534578346,inf
44,141,inf,inf,inf,430.883975102347,inf
44,142,inf,inf,inf,368.517299458248,inf
44,143,inf,inf,inf,471.00106156992894,inf
44,144,inf,inf,inf,483.2908027264744,inf
44,145,inf,inf,inf,713.8627319029898,inf
44,146,inf,inf,inf,693.9459633141474,inf
44,147,inf,inf,inf,746.4187832577634,inf
44,148,inf,inf,inf,745.8753247024599,inf
44,149,inf,inf,inf,851.8321430892356,inf
44,150,inf,inf,inf,534.9700926220082,inf
44,151,inf,inf,inf,537.0456218981773,inf
44,152,inf,inf,inf,911.5750106272111,inf
44,153,inf,inf,inf,653.3146255824984,inf
44,154,inf,inf,inf,975.4844950074809,inf
44,155,inf,inf,inf,836.9450400115888,inf
44,156,inf,inf,inf,660.7155212343661,inf
44,157,inf,inf,inf,51.264022471905186,inf
44,158,inf,inf,inf,893.7874467679662,inf
44,159,inf,inf,inf,656.7411971241031,inf
44,160,inf,inf,inf,717.9589124734089,inf
44,161,inf,inf,inf,976.3283259232009,inf
44,162,inf,inf,inf,307.6897788357618,inf
44,163,inf,inf,inf,862.3995593690896,inf
44,164,inf,inf,inf,436.5775990588615,inf
44,165,inf,inf,inf,851.9460076788904,inf
44,166,inf,inf,inf,410.1621630526151,inf
44,167,inf,inf,inf,230.4951192541829,inf
44,168,inf,inf,inf,815.5305021886061,inf
44,169,inf,inf,inf,420.07618356674305,inf
44,170,inf,inf,inf,995.1909364539048,inf
44,171,inf,inf,inf,956.0005230124092,inf
44,172,inf,inf,inf,1030.9083373413953,inf
44,173,inf,inf,inf,309.0711892105118,inf
44,174,inf,inf,inf,905.0270714183084,inf
44,175,inf,inf,inf,820.4248899198512,inf
44,176,inf,inf,inf,627.0924971644932,inf
44,177,inf,inf,inf,1000.9900099401592,inf
44,178,inf,inf,inf,537.2392390732457,inf
44,179,inf,inf,inf,547.6586528121326,inf
44,180,inf,inf,inf,571.1365861157907,inf
44,181,inf,inf,inf,381.02099679676445,inf
44,182,inf,inf,inf,634.4667051942126,inf
44,183,inf,inf,inf,535.7630073082687,inf
44,184,inf,inf,inf,325.92637205356675,inf
44,185,inf,inf,inf,36.05551275463989,inf
44,186,inf,inf,inf,439.8465641561839,inf
44,187,inf,inf,inf,971.588904835785,inf
44,188,inf,inf,inf,635.0212594866412,inf
44,189,inf,inf,inf,800.0624975587845,inf
44,190,inf,inf,inf,696.2075839862706,inf
44,191,inf,inf,inf,654.9656479541503,inf
44,192,inf,inf,inf,814.189781316371,inf
44,193,inf,inf,inf,703.7868995654864,inf
44,194,inf,inf,inf,423.5339419692358,inf
44,195,inf,inf,inf,756.4456358523063,inf
44,196,inf,inf,inf,251.87298386289865,inf
44,197,inf,inf,inf,760.1243319352434,inf
44,198,inf,inf,inf,325.0123074592715,inf
44,199,inf,inf,inf,248.8714527622644,inf
44,200,inf,inf,inf,631.9256285355106,inf
44,201,inf,inf,inf,792.846138919778,inf
44,202,inf,inf,inf,369.57949077295945,inf
45,46,inf,inf,inf,1106.2608191561337,inf
45,47,inf,inf,inf,1130.6250483692638,inf
45,48,inf,inf,inf,875.740829241163,inf
45,49,inf,inf,inf,745.7305143280647,inf
45,50,inf,inf,inf,717.0251041630272,inf
45,51,inf,inf,inf,1242.003623183121,inf
45,52,inf,inf,inf,1186.593443433765,inf
45,53,inf,inf,inf,904.3655234472398,inf
45,54,inf,inf,inf,331.1027030998086,inf
45,55,inf,inf,inf,1247.3046941305079,inf
45,56,inf,inf,inf,1262.3192939981548,inf
45,57,inf,inf,inf,680.1543942370732,inf
45,58,inf,inf,inf,584.0077054286185,inf
45,59,inf,inf,inf,1412.8446482186214,inf
45,60,inf,inf,inf,1011.3851887386921,inf
45,61,inf,inf,inf,1231.8461754618554,inf
45,62,inf,inf,inf,695.0949575417736,inf
45,63,inf,inf,inf,1339.6540598229083,inf
45,64,inf,inf,inf,1067.02624147675,inf
45,65,inf,inf,inf,270.74896121684384,inf
45,66,inf,inf,inf,1150.3338645801923,inf
45,67,inf,inf,inf,970.4483499908689,inf
45,68,inf,inf,inf,695.6277740286108,inf
45,69,inf,inf,inf,817.9981662571133,inf
45,70,inf,inf,inf,1160.222392474822,inf
45,71,inf,inf,inf,1110.6223480553595,inf
45,72,inf,inf,inf,1427.6179460906199,inf
45,73,inf,inf,inf,1290.8621150223598,inf
45,74,inf,inf,inf,495.98084640437474,inf
45,75,inf,inf,inf,341.4805997417716,inf
45,76,inf,inf,inf,921.1568813182693,inf
45,77,inf,inf,inf,1063.0569128696732,inf
45,78,inf,inf,inf,573.6906832082948,inf
45,79,inf,inf,inf,1294.391362764755,inf
45,80,inf,inf,inf,980.5330183119792,inf
45,81,inf,inf,inf,1121.7169874794622,inf
45,82,inf,inf,inf,838.5940615100968,inf
45,83,inf,inf,inf,915.6795290930119,inf
45,84,inf,inf,inf,1238.98184006062,inf
45,85,inf,inf,inf,163.95731151735808,inf
45,86,inf,inf,inf,1200.5103081606587,inf
45,87,inf,inf,inf,1476.1385436333542,inf
45,88,inf,inf,inf,1163.162929257978,inf
45,89,inf,inf,inf,651.4982732133677,inf
45,90,inf,inf,inf,1211.155233650914,inf
45,91,inf,inf,inf,167.10774967068403,inf
45,92,inf,inf,inf,401.8084120572888,inf
45,93,inf,inf,inf,1011.6916526293968,inf
45,94,inf,inf,inf,968.167340907552,inf
45,95,inf,inf,inf,1116.5894500665856,inf
45,96,inf,inf,inf,1099.218358653093,inf
45,97,inf,inf,inf,973.2933781753578,inf
45,98,inf,inf,inf,1144.2137038158562,inf
45,99,inf,inf,inf,524.3700983084372,inf
45,100,inf,inf,inf,1094.541456501306,inf
45,101,inf,inf,inf,1118.6465035926228,inf
45,102,inf,inf,inf,1029.4974502153952,inf
45,103,inf,inf,inf,1233.7982006795114,inf
45,104,inf,inf,inf,1011.0712141090755,inf
45,105,inf,inf,inf,1446.7625928257892,inf
45,106,inf,inf,inf,941.3362842257808,inf
45,107,inf,inf,inf,552.0326077325506,inf
45,108,inf,inf,inf,885.3050321781753,inf
45,109,inf,inf,inf,1089.6531558252836,inf
45,110,inf,inf,inf,265.09243670840556,inf
45,111,inf,inf,inf,536.6060007118817,inf
45,112,inf,inf,inf,1080.3541086143932,inf
45,113,inf,inf,inf,600.3865421543024,inf
45,114,inf,inf,inf,668.6777998408501,inf
45,115,inf,inf,inf,858.6017703219578,inf
45,116,inf,inf,inf,1333.995877055098,inf
45,117,inf,inf,inf,1229.2294334256726,inf
45,118,inf,inf,inf,980.4126682168076,inf
45,119,inf,inf,inf,1370.904810699853,inf
45,120,inf,inf,inf,747.8301946297702,inf
45,121,inf,inf,inf,1048.5895288433887,inf
45,122,inf,inf,inf,1462.2424559559197,inf
45,123,inf,inf,inf,1051.8260312428097,inf
45,124,inf,inf,inf,1299.1862837945912,inf
45,125,inf,inf,inf,1183.817553510675,inf
45,126,inf,inf,inf,846.0378242135513,inf
45,127,inf,inf,inf,296.8164415931166,inf
45,128,inf,inf,inf,817.9889974810175,inf
45,129,inf,inf,inf,270.31278179176064,inf
45,130,inf,inf,inf,1298.1066982340087,inf
45,131,inf,inf,inf,1070.2270787080656,inf
45,132,inf,inf,inf,1270.3121663591198,inf
45,133,inf,inf,inf,1231.1953541172904,inf
45,134,inf,inf,inf,664.59386094065,inf
45,135,inf,inf,inf,1245.732716115299,inf
45,136,inf,inf,inf,497.31780583445834,inf
45,137,inf,inf,inf,1365.5013731227077,inf
45,138,inf,inf,inf,1013.928005333712,inf
45,139,inf,inf,inf,874.2082131849369,inf
45,140,inf,inf,inf,1109.0631181316958,inf
45,141,inf,inf,inf,232.69937687926884,inf
45,142,inf,inf,inf,780.2083055184686,inf
45,143,inf,inf,inf,167.14664220378464,inf
45,144,inf,inf,inf,357.8407467016578,inf
45,145,inf,inf,inf,1245.6644813110793,inf
45,146,inf,inf,inf,1156.6646013430168,inf
45,147,inf,inf,inf,1277.001566169752,inf
45,148,inf,inf,inf,444.3894688221133,inf
45,149,inf,inf,inf,1236.4602702877276,inf
45,150,inf,inf,inf,976.5536339597534,inf
45,151,inf,inf,inf,1056.7279687790988,inf
45,152,inf,inf,inf,1139.0877929290614,inf
45,153,inf,inf,inf,1182.0744477400735,inf
45,154,inf,inf,inf,1465.2132950529763,inf
45,155,inf,inf,inf,647.3244935888029,inf
45,156,inf,inf,inf,1156.529722921119,inf
45,157,inf,inf,inf,567.1155085165632,inf
45,158,inf,inf,inf,1166.715046615925,inf
45,159,inf,inf,inf,896.4134090920327,inf
45,160,inf,inf,inf,1093.2817569135598,inf
45,161,inf,inf,inf,1437.9294141229605,inf
45,162,inf,inf,inf,732.5742283209258,inf
45,163,inf,inf,inf,1388.8689643015284,inf
45,164,inf,inf,inf,458.73739764706346,inf
45,165,inf,inf,inf,1318.7645733791912,inf
45,166,inf,inf,inf,667.3297535701522,inf
45,167,inf,inf,inf,737.0915818268446,inf
45,168,inf,inf,inf,761.6101364871663,inf
45,169,inf,inf,inf,702.6008824361097,inf
45,170,inf,inf,inf,1387.9873918735718,inf
45,171,inf,inf,inf,1381.7123434347686,inf
45,172,inf,inf,inf,1120.7872233390244,inf
45,173,inf,inf,inf,299.8616347584332,inf
45,174,inf,inf,inf,1421.6954666875745,inf
45,175,inf,inf,inf,1319.6063807060043,inf
45,176,inf,inf,inf,659.7613204788531,inf
45,177,inf,inf,inf,1476.527344819594,inf
45,178,inf,inf,inf,820.2450853251119,inf
45,179,inf,inf,inf,785.7696863585411,inf
45,180,inf,inf,inf,85.21150157109074,inf
45,181,inf,inf,inf,204.27677303110113,inf
45,182,inf,inf,inf,1034.5414443124064,inf
45,183,inf,inf,inf,1019.0044160846409,inf
45,184,inf,inf,inf,399.1641266446673,inf
45,185,inf,inf,inf,499.02705337486464,inf
45,186,inf,inf,inf,930.5229712371425,inf
45,187,inf,inf,inf,1390.4563998917765,inf
45,188,inf,inf,inf,296.97811367169805,inf
45,189,inf,inf,inf,1092.1190411305904,inf
45,190,inf,inf,inf,1101.4649336224916,inf
45,191,inf,inf,inf,1136.2130081987268,inf
45,192,inf,inf,inf,1075.5245231978674,inf
45,193,inf,inf,inf,1165.9588328924826,inf
45,194,inf,inf,inf,467.3638839277164,inf
45,195,inf,inf,inf,1235.8195661179668,inf
45,196,inf,inf,inf,765.464564823219,inf
45,197,inf,inf,inf,1226.6071090614141,inf
45,198,inf,inf,inf,653.6734658833874,inf
45,199,inf,inf,inf,339.21232288936676,inf
45,200,inf,inf,inf,1081.1336642617323,inf
45,201,inf,inf,inf,856.7502553253194,inf
45,202,inf,inf,inf,492.8498757228209,inf
46,47,inf,inf,inf,755.794945735945,inf
46,48,inf,inf,inf,266.59519875646674,inf
46,49,inf,inf,inf,384.8493211634912,inf
46,50,inf,inf,inf,547.170905659283,inf
46,51,inf,inf,inf,301.24076749337894,inf
46,52,inf,inf,inf,404.5553114223072,inf
46,53,inf,inf,inf,635.0590523722971,inf
46,54,inf,inf,inf,988.3238335687347,inf
46,55,inf,inf,inf,149.91330828182,inf
46,56,inf,inf,inf,179.47980387776224,inf
46,57,inf,inf,inf,745.4937960841794,inf
46,58,inf,inf,inf,625.6596518875099,inf
46,59,inf,inf,inf,774.3778147648601,inf
46,60,inf,inf,inf,708.5146434619401,inf
46,61,inf,inf,inf,242.88680491125902,inf
46,62,inf,inf,inf,740.2229393905595,inf
46,63,inf,inf,inf,452.6035793053343,inf
46,64,inf,inf,inf,308.91099041633333,inf
46,65,inf,inf,inf,836.0059808398502,inf
46,66,inf,inf,inf,318.2153358969363,inf
46,67,inf,inf,inf,406.77880967425034,inf
46,68,inf,inf,inf,1138.27984256948,inf
46,69,inf,inf,inf,796.919067408981,inf
46,70,inf,inf,inf,368.5824195481928,inf
46,71,inf,inf,inf,818.1839646436491,inf
46,72,inf,inf,inf,591.1480356052957,inf
46,73,inf,inf,inf,412.15773679502854,inf
46,74,inf,inf,inf,908.4316154780172,inf
46,75,inf,inf,inf,767.2939462813453,inf
46,76,inf,inf,inf,482.72248756402473,inf
46,77,inf,inf,inf,208.62646045025065,inf
46,78,inf,inf,inf,918.0893202733599,inf
46,79,inf,inf,inf,490.10203019371386,inf
46,80,inf,inf,inf,571.952795254993,inf
46,81,inf,inf,inf,225.39742678211746,inf
46,82,inf,inf,inf,1173.3102743946292,inf
46,83,inf,inf,inf,946.2187907667021,inf
46,84,inf,inf,inf,182.16750533506243,inf
46,85,inf,inf,inf,1155.7408879156262,inf
46,86,inf,inf,inf,529.4317708638196,inf
46,87,inf,inf,inf,545.9267350112101,inf
46,88,inf,inf,inf,434.5814077937527,inf
46,89,inf,inf,inf,691.1215522612503,inf
46,90,inf,inf,inf,327.1238297648155,inf
46,91,inf,inf,inf,1053.9686902370488,inf
46,92,inf,inf,inf,1095.3469769894834,inf
46,93,inf,inf,inf,127.61269529321916,inf
46,94,inf,inf,inf,441.7250275906947,inf
46,95,inf,inf,inf,69.26037828369117,inf
46,96,inf,inf,inf,301.4796842243271,inf
46,97,inf,inf,inf,1138.7084789356757,inf
46,98,inf,inf,inf,79.64923100695951,inf
46,99,inf,inf,inf,589.1086487227972,inf
46,100,inf,inf,inf,573.8884909109086,inf
46,101,inf,inf,inf,230.7834482799839,inf
46,102,inf,inf,inf,166.97305171793442,inf
46,103,inf,inf,inf,190.63315556324403,inf
46,104,inf,inf,inf,544.3013871009333,inf
46,105,inf,inf,inf,730.0171230868492,inf
46,106,inf,inf,inf,341.1231449198368,inf
46,107,inf,inf,inf,581.9321266264649,inf
46,108,inf,inf,inf,588.8327436547665,inf
46,109,inf,inf,inf,524.2947644216944,inf
46,110,inf,inf,inf,1018.4542208661123,inf
46,111,inf,inf,inf,1092.4307758389086,inf
46,112,inf,inf,inf,347.51978360950903,inf
46,113,inf,inf,inf,924.2753918611054,inf
46,114,inf,inf,inf,751.2982097675996,inf
46,115,inf,inf,inf,392.13518077316144,inf
46,116,inf,inf,inf,433.0288673980062,inf
46,117,inf,inf,inf,170.13524032369074,inf
46,118,inf,inf,inf,191.12822920751398,inf
46,119,inf,inf,inf,866.8315868725597,inf
46,120,inf,inf,inf,377.2969652674137,inf
46,121,inf,inf,inf,361.8963940135353,inf
46,122,inf,inf,inf,398.6627647523656,inf
46,123,inf,inf,inf,1108.117773524096,inf
46,124,inf,inf,inf,524.7475583554439,inf
46,125,inf,inf,inf,1038.3010160834863,inf
46,126,inf,inf,inf,477.93409587515305,inf
46,127,inf,inf,inf,998.2329387472645,inf
46,128,inf,inf,inf,704.7219309770344,inf
46,129,inf,inf,inf,1011.62245922083,inf
46,130,inf,inf,inf,390.3331910048132,inf
46,131,inf,inf,inf,690.0470998417427,inf
46,132,inf,inf,inf,757.6912299875194,inf
46,133,inf,inf,inf,269.45314991664134,inf
46,134,inf,inf,inf,536.7308450238351,inf
46,135,inf,inf,inf,353.78665887791755,inf
46,136,inf,inf,inf,1192.3766183551236,inf
46,137,inf,inf,inf,610.891970809897,inf
46,138,inf,inf,inf,817.0611972184213,inf
46,139,inf,inf,inf,380.3117142555564,inf
46,140,inf,inf,inf,673.0141157509254,inf
46,141,inf,inf,inf,877.5989972646961,inf
46,142,inf,inf,inf,435.02643597832076,inf
46,143,inf,inf,inf,1151.7556164395291,inf
46,144,inf,inf,inf,778.5762647294098,inf
46,145,inf,inf,inf,788.06408368863,inf
46,146,inf,inf,inf,394.04568263083405,inf
46,147,inf,inf,inf,966.2515200505508,inf
46,148,inf,inf,inf,938.1924109690933,inf
46,149,inf,inf,inf,206.66155907667007,inf
46,150,inf,inf,inf,355.8258000763857,inf
46,151,inf,inf,inf,616.1728653551696,inf
46,152,inf,inf,inf,188.4887264533346,inf
46,153,inf,inf,inf,937.0064033932746,inf
46,154,inf,inf,inf,630.2800964650557,inf
46,155,inf,inf,inf,820.1670561538058,inf
46,156,inf,inf,inf,515.0242712727236,inf
46,157,inf,inf,inf,824.7793644363321,inf
46,158,inf,inf,inf,112.53888216967503,inf
46,159,inf,inf,inf,222.64321233758733,inf
46,160,inf,inf,inf,155.76905982896602,inf
46,161,inf,inf,inf,516.6120401229534,inf
46,162,inf,inf,inf,494.2428552847274,inf
46,163,inf,inf,inf,794.7087516820235,inf
46,164,inf,inf,inf,657.4503783556596,inf
46,165,inf,inf,inf,462.5635091530675,inf
46,166,inf,inf,inf,1191.4377868776867,inf
46,167,inf,inf,inf,624.7631551236036,inf
46,168,inf,inf,inf,630.3752850485178,inf
46,169,inf,inf,inf,1191.512064563343,inf
46,170,inf,inf,inf,328.70959827787203,inf
46,171,inf,inf,inf,385.94559202042973,inf
46,172,inf,inf,inf,464.91827238773914,inf
46,173,inf,inf,inf,817.049570099636,inf
46,174,inf,inf,inf,736.9267263439425,inf
46,175,inf,inf,inf,587.6631688305811,inf
46,176,inf,inf,inf,536.0149251653353,inf
46,177,inf,inf,inf,586.4230554812797,inf
46,178,inf,inf,inf,288.29325347638644,inf
46,179,inf,inf,inf,321.7530108639234,inf
46,180,inf,inf,inf,1079.4896942537248,inf
46,181,inf,inf,inf,1075.3250671308654,inf
46,182,inf,inf,inf,234.01922997907673,inf
46,183,inf,inf,inf,461.15615576505104,inf
46,184,inf,inf,inf,709.3215067936401,inf
46,185,inf,inf,inf,818.91696770796,inf
46,186,inf,inf,inf,996.8951800465283,inf
46,187,inf,inf,inf,377.385744298854,inf
46,188,inf,inf,inf,957.8481090444351,inf
46,189,inf,inf,inf,36.124783736376884,inf
46,190,inf,inf,inf,228.35936591258962,inf
46,191,inf,inf,inf,454.6834063389602,inf
46,192,inf,inf,inf,98.99494936611666,inf
46,193,inf,inf,inf,393.78801403801003,inf
46,194,inf,inf,inf,645.174395028197,inf
46,195,inf,inf,inf,471.75523314532506,inf
46,196,inf,inf,inf,630.1468082915283,inf
46,197,inf,inf,inf,423.2635113023564,inf
46,198,inf,inf,inf,490.21831871116365,inf
46,199,inf,inf,inf,1001.1443452369892,inf
46,200,inf,inf,inf,349.67556391603915,inf
46,201,inf,inf,inf,452.9127951383136,inf
46,202,inf,inf,inf,613.4313327504555,inf
47,48,inf,inf,inf,599.9541649159543,inf
47,49,inf,inf,inf,623.4011549556193,inf
47,50,inf,inf,inf,472.2224052287227,inf
47,51,inf,inf,inf,550.6105701854987,inf
47,52,inf,inf,inf,1149.2018969702408,inf
47,53,inf,inf,inf,239.45354455509738,inf
47,54,inf,inf,inf,1233.837104321312,inf
47,55,inf,inf,inf,858.2330685775281,inf
47,56,inf,inf,inf,733.9162077512664,inf
47,57,inf,inf,inf,451.32804034316325,inf
47,58,inf,inf,inf,584.9478609243733,inf
47,59,inf,inf,inf,315.83065082414026,inf
47,60,inf,inf,inf,119.97082978791136,inf
47,61,inf,inf,inf,604.6651966171031,inf
47,62,inf,inf,inf,436.2476360967472,inf
47,63,inf,inf,inf,497.6906669810074,inf
47,64,inf,inf,inf,447.4505559276913,inf
47,65,inf,inf,inf,926.9649400058236,inf
47,66,inf,inf,inf,463.28932644730764,inf
47,67,inf,inf,inf,367.21247255505904,inf
47,68,inf,inf,inf,688.2041848172678,inf
47,69,inf,inf,inf,331.074009852782,inf
47,70,inf,inf,inf,417.6278247435149,inf
47,71,inf,inf,inf,77.69813382572325,inf
47,72,inf,inf,inf,473.76154339498686,inf
47,73,inf,inf,inf,482.94513145905097,inf
47,74,inf,inf,inf,1262.0974605790157,inf
47,75,inf,inf,inf,922.7318136923642,inf
47,76,inf,inf,inf,324.6798423062325,inf
47,77,inf,inf,inf,547.1900949395923,inf
47,78,inf,inf,inf,603.0406288136812,inf
47,79,inf,inf,inf,406.21422919439937,inf
47,80,inf,inf,inf,215.23010941780427,inf
47,81,inf,inf,inf,970.7903996229052,inf
47,82,inf,inf,inf,629.3210627334827,inf
47,83,inf,inf,inf,346.56024007378574,inf
47,84,inf,inf,inf,688.1460600773647,inf
47,85,inf,inf,inf,1069.1795920237162,inf
47,86,inf,inf,inf,279.69268849936,inf
47,87,inf,inf,inf,591.1632600221363,inf
47,88,inf,inf,inf,352.02982828163863,inf
47,89,inf,inf,inf,482.4572519923397,inf
47,90,inf,inf,inf,495.04747247107525,inf
47,91,inf,inf,inf,1190.4637751733565,inf
47,92,inf,inf,inf,853.5273867896683,inf
47,93,inf,inf,inf,812.089280805996,inf
47,94,inf,inf,inf,334.8089007180066,inf
47,95,inf,inf,inf,823.8476800962663,inf
47,96,inf,inf,inf,1033.202787452686,inf
47,97,inf,inf,inf,507.05522381689354,inf
47,98,inf,inf,inf,701.3772166245493,inf
47,99,inf,inf,inf,744.2210693066946,inf
47,100,inf,inf,inf,183.02458851203573,inf
47,101,inf,inf,inf,974.8933274979371,inf
47,102,inf,inf,inf,873.9302031627011,inf
47,103,inf,inf,inf,936.8121476582165,inf
47,104,inf,inf,inf,1214.457080344958,inf
47,105,inf,inf,inf,385.61249979740023,inf
47,106,inf,inf,inf,447.21918563496354,inf
47,107,inf,inf,inf,907.3902137448915,inf
47,108,inf,inf,inf,1194.391058238465,inf
47,109,inf,inf,inf,233.03433223454437,inf
47,110,inf,inf,inf,1220.0774565575744,inf
47,111,inf,inf,inf,756.2625205575112,inf
47,112,inf,inf,inf,410.39493174258376,inf
47,113,inf,inf,inf,584.6238106680227,inf
47,114,inf,inf,inf,463.06047121299395,inf
47,115,inf,inf,inf,984.9609129300512,inf
47,116,inf,inf,inf,511.6248625702234,inf
47,117,inf,inf,inf,912.4932876465448,inf
47,118,inf,inf,inf,859.5463919998734,inf
47,119,inf,inf,inf,240.3767875648562,inf
47,120,inf,inf,inf,825.9497563411469,inf
47,121,inf,inf,inf,393.93527387122873,inf
47,122,inf,inf,inf,770.5491548240125,inf
47,123,inf,inf,inf,428.20672577623066,inf
47,124,inf,inf,inf,376.92704864469465,inf
47,125,inf,inf,inf,293.2047066470796,inf
47,126,inf,inf,inf,388.73770077006935,inf
47,127,inf,inf,inf,1221.401244472921,inf
47,128,inf,inf,inf,1262.5660378768312,inf
47,129,inf,inf,inf,1217.0497113922668,inf
47,130,inf,inf,inf,514.5658364096863,inf
47,131,inf,inf,inf,77.80102827083971,inf
47,132,inf,inf,inf,154.14927829866735,inf
47,133,inf,inf,inf,574.4362453745412,inf
47,134,inf,inf,inf,546.774176420211,inf
47,135,inf,inf,inf,1109.2560570039723,inf
47,136,inf,inf,inf,878.8947604804571,inf
47,137,inf,inf,inf,374.25258850140233,inf
47,138,inf,inf,inf,156.66843970627906,inf
47,139,inf,inf,inf,455.83439975499874,inf
47,140,inf,inf,inf,83.05419917138447,inf
47,141,inf,inf,inf,993.544161071867,inf
47,142,inf,inf,inf,497.16999104933916,inf
47,143,inf,inf,inf,1062.9793036555322,inf
47,144,inf,inf,inf,995.4843042459283,inf
47,145,inf,inf,inf,116.52038448271615,inf
47,146,inf,inf,inf,389.8025141016923,inf
47,147,inf,inf,inf,217.70622407271685,inf
47,148,inf,inf,inf,1257.9161339294444,inf
47,149,inf,inf,inf,652.6599420831648,inf
47,150,inf,inf,inf,415.03011938894264,inf
47,151,inf,inf,inf,143.8923208513922,inf
47,152,inf,inf,inf,940.558344814398,inf
47,153,inf,inf,inf,183.273020382161,inf
47,154,inf,inf,inf,490.15609758524886,inf
47,155,inf,inf,inf,1271.4417013768268,inf
47,156,inf,inf,inf,265.81948762270986,inf
47,157,inf,inf,inf,571.7665607570977,inf
47,158,inf,inf,inf,866.1668430504599,inf
47,159,inf,inf,inf,786.0101780511496,inf
47,160,inf,inf,inf,602.5363059600642,inf
47,161,inf,inf,inf,564.6042862040634,inf
47,162,inf,inf,inf,496.59037445363356,inf
47,163,inf,inf,inf,277.2002886001384,inf
47,164,inf,inf,inf,896.2750693843939,inf
47,165,inf,inf,inf,461.85387299447865,inf
47,166,inf,inf,inf,762.3450662265743,inf
47,167,inf,inf,inf,409.2981798151563,inf
47,168,inf,inf,inf,1162.674933074589,inf
47,169,inf,inf,inf,738.7130701429345,inf
47,170,inf,inf,inf,729.893142864077,inf
47,171,inf,inf,inf,633.7854526572853,inf
47,172,inf,inf,inf,1185.828402425916,inf
47,173,inf,inf,inf,872.1857600305109,inf
47,174,inf,inf,inf,348.6215713348788,inf
47,175,inf,inf,inf,339.90881130091344,inf
47,176,inf,inf,inf,977.5817101398737,inf
47,177,inf,inf,inf,548.8041545032253,inf
47,178,inf,inf,inf,689.7137087226845,inf
47,179,inf,inf,inf,747.9097539142006,inf
47,180,inf,inf,inf,1161.2441603728305,inf
47,181,inf,inf,inf,974.1221689295445,inf
47,182,inf,inf,inf,523.4625105965088,inf
47,183,inf,inf,inf,299.0468190768797,inf
47,184,inf,inf,inf,833.6576035759525,inf
47,185,inf,inf,inf,633.6884092359588,inf
47,186,inf,inf,inf,383.64827641995214,inf
47,187,inf,inf,inf,659.6923525401821,inf
47,188,inf,inf,inf,1181.809206259623,inf
47,189,inf,inf,inf,783.051083901938,inf
47,190,inf,inf,inf,533.2710380285057,inf
47,191,inf,inf,inf,318.0581707801263,inf
47,192,inf,inf,inf,835.5034410461755,inf
47,193,inf,inf,inf,395.2480233979672,inf
47,194,inf,inf,inf,878.1116102182,inf
47,195,inf,inf,inf,367.0054495508207,inf
47,196,inf,inf,inf,377.9219496139381,inf
47,197,inf,inf,inf,408.57067931999234,inf
47,198,inf,inf,inf,621.1119061811647,inf
47,199,inf,inf,inf,831.8557567270902,inf
47,200,inf,inf,inf,408.35401308178666,inf
47,201,inf,inf,inf,1048.2175346749357,inf
47,202,inf,inf,inf,810.0617260431454,inf
48,49,inf,inf,inf,130.38404810405297,inf
48,50,inf,inf,inf,284.48725806264156,inf
48,51,inf,inf,inf,379.0844233149128,inf
48,52,inf,inf,inf,579.0699439618672,inf
48,53,inf,inf,inf,419.98690455774926,inf
48,54,inf,inf,inf,815.8339291792172,inf
48,55,inf,inf,inf,416.08292442733097,inf
48,56,inf,inf,inf,391.8826354918013,inf
48,57,inf,inf,inf,485.8477127660477,inf
48,58,inf,inf,inf,359.9180462271932,inf
48,59,inf,inf,inf,724.4363326062546,inf
48,60,inf,inf,inf,520.4632551871457,inf
48,61,inf,inf,inf,358.7882383802457,inf
48,62,inf,inf,inf,482.1089088577393,inf
48,63,inf,inf,inf,504.69099456994473,inf
48,64,inf,inf,inf,238.10291892372928,inf
48,65,inf,inf,inf,606.3604538556253,inf
48,66,inf,inf,inf,310.3063002905355,inf
48,67,inf,inf,inf,236.86282950264695,inf
48,68,inf,inf,inf,876.5386471799176,inf
48,69,inf,inf,inf,556.493486035551,inf
48,70,inf,inf,inf,341.1539242043099,inf
48,71,inf,inf,inf,645.7894393685917,inf
48,72,inf,inf,inf,624.0392615853589,inf
48,73,inf,inf,inf,454.1464521495241,inf
48,74,inf,inf,inf,776.418057492225,inf
48,75,inf,inf,inf,549.7062852105659,inf
48,76,inf,inf,inf,280.26416110519733,inf
48,77,inf,inf,inf,194.0,inf
48,78,inf,inf,inf,652.7641227886227,inf
48,79,inf,inf,inf,492.5413688209347,inf
48,80,inf,inf,inf,388.2280257786653,inf
48,81,inf,inf,inf,414.61427857708907,inf
48,82,inf,inf,inf,920.918020238501,inf
48,83,inf,inf,inf,715.679397495834,inf
48,84,inf,inf,inf,364.5408070436011,inf
48,85,inf,inf,inf,906.9773977338134,inf
48,86,inf,inf,inf,460.5616136848576,inf
48,87,inf,inf,inf,633.9976340649861,inf
48,88,inf,inf,inf,379.38107491017524,inf
48,89,inf,inf,inf,427.6493891028023,inf
48,90,inf,inf,inf,362.00690601147375,inf
48,91,inf,inf,inf,849.1648838712067,inf
48,92,inf,inf,inf,830.3469154516081,inf
48,93,inf,inf,inf,245.16525039246488,inf
48,94,inf,inf,inf,266.32686683847726,inf
48,95,inf,inf,inf,310.0612842649014,inf
48,96,inf,inf,inf,458.0010917017557,inf
48,97,inf,inf,inf,903.8418003168475,inf
48,98,inf,inf,inf,278.4762108331697,inf
48,99,inf,inf,inf,351.5252480263687,inf
48,100,inf,inf,inf,439.11388044560834,inf
48,101,inf,inf,inf,416.63893241030655,inf
48,102,inf,inf,inf,302.49132218957953,inf
48,103,inf,inf,inf,446.6094490715574,inf
48,104,inf,inf,inf,614.6454262418292,inf
48,105,inf,inf,inf,711.9016786045669,inf
48,106,inf,inf,inf,157.20050890502867,inf
48,107,inf,inf,inf,409.90974616371346,inf
48,108,inf,inf,inf,599.7241032341454,inf
48,109,inf,inf,inf,398.3992971881351,inf
48,110,inf,inf,inf,832.1177801249052,inf
48,111,inf,inf,inf,826.0024213039572,inf
48,112,inf,inf,inf,270.5198698801994,inf
48,113,inf,inf,inf,660.001515149776,inf
48,114,inf,inf,inf,490.61593940678284,inf
48,115,inf,inf,inf,386.79322641432077,inf
48,116,inf,inf,inf,492.9188574197583,inf
48,117,inf,inf,inf,430.2940854810812,inf
48,118,inf,inf,inf,274.2207140243056,inf
48,119,inf,inf,inf,771.9909325892371,inf
48,120,inf,inf,inf,249.70382456021773,inf
48,121,inf,inf,inf,255.80070367377803,inf
48,122,inf,inf,inf,586.5296241452771,inf
48,123,inf,inf,inf,888.0022522493961,inf
48,124,inf,inf,inf,513.8491996685409,inf
48,125,inf,inf,inf,853.1178113250245,inf
48,126,inf,inf,inf,243.10080213771406,inf
48,127,inf,inf,inf,818.2383515822269,inf
48,128,inf,inf,inf,681.6568051446417,inf
48,129,inf,inf,inf,826.2184941043138,inf
48,130,inf,inf,inf,451.00443456799843,inf
48,131,inf,inf,inf,524.1755431150904,inf
48,132,inf,inf,inf,652.9816230185961,inf
48,133,inf,inf,inf,362.55206522649956,inf
48,134,inf,inf,inf,270.1869722988138,inf
48,135,inf,inf,inf,566.7768520326143,inf
48,136,inf,inf,inf,925.9616622733363,inf
48,137,inf,inf,inf,599.6832497243857,inf
48,138,inf,inf,inf,617.8705366013174,inf
48,139,inf,inf,inf,149.83324063771698,inf
48,140,inf,inf,inf,524.4244464172127,inf
48,141,inf,inf,inf,657.2343569838691,inf
48,142,inf,inf,inf,173.25414857947845,inf
48,143,inf,inf,inf,902.5519375637061,inf
48,144,inf,inf,inf,582.0034364159717,inf
48,145,inf,inf,inf,666.4728051466166,inf
48,146,inf,inf,inf,351.961645637703,inf
48,147,inf,inf,inf,817.5921966359513,inf
48,148,inf,inf,inf,792.6184454073725,inf
48,149,inf,inf,inf,360.72149922065915,inf
48,150,inf,inf,inf,197.56770991232347,inf
48,151,inf,inf,inf,457.05579528105756,inf
48,152,inf,inf,inf,399.3256816184003,inf
48,153,inf,inf,inf,766.5363657387691,inf
48,154,inf,inf,inf,665.5463920719577,inf
48,155,inf,inf,inf,733.665455095168,inf
48,156,inf,inf,inf,426.94847464301824,inf
48,157,inf,inf,inf,558.8720783864586,inf
48,158,inf,inf,inf,365.78955698598065,inf
48,159,inf,inf,inf,187.6406139405859,inf
48,160,inf,inf,inf,217.59825366946308,inf
48,161,inf,inf,inf,596.9765489531394,inf
48,162,inf,inf,inf,229.94129685639334,inf
48,163,inf,inf,inf,727.8275894743205,inf
48,164,inf,inf,inf,457.0098467210526,inf
48,165,inf,inf,inf,494.92019558712695,inf
48,166,inf,inf,inf,927.4184600276188,inf
48,167,inf,inf,inf,369.4455304913026,inf
48,168,inf,inf,inf,586.1672116384539,inf
48,169,inf,inf,inf,929.0263720691679,inf
48,170,inf,inf,inf,512.2470107282228,inf
48,171,inf,inf,inf,514.1254710671316,inf
48,172,inf,inf,inf,596.9338321790783,inf
48,173,inf,inf,inf,577.83129025694,inf
48,174,inf,inf,inf,704.230076040494,inf
48,175,inf,inf,inf,561.3207639131124,inf
48,176,inf,inf,inf,424.19924563817887,inf
48,177,inf,inf,inf,651.2733681028267,inf
48,178,inf,inf,inf,100.0,inf
48,179,inf,inf,inf,164.83931569865243,inf
48,180,inf,inf,inf,861.1509739877207,inf
48,181,inf,inf,inf,822.1100899514614,inf
48,182,inf,inf,inf,173.11845655504212,inf
48,183,inf,inf,inf,311.3133469673281,inf
48,184,inf,inf,inf,477.55418540726873,inf
48,185,inf,inf,inf,552.5015837081374,inf
48,186,inf,inf,inf,765.5148594246881,inf
48,187,inf,inf,inf,519.5931100389996,inf
48,188,inf,inf,inf,775.9806698623362,inf
48,189,inf,inf,inf,270.6325922722539,inf
48,190,inf,inf,inf,236.25621684941964,inf
48,191,inf,inf,inf,375.0333318519835,inf
48,192,inf,inf,inf,293.82477771624366,inf
48,193,inf,inf,inf,358.2652648527345,inf
48,194,inf,inf,inf,441.0408144378477,inf
48,195,inf,inf,inf,446.3765226801248,inf
48,196,inf,inf,inf,380.1710141502111,inf
48,197,inf,inf,inf,414.85539649376625,inf
48,198,inf,inf,inf,231.3547060251855,inf
48,199,inf,inf,inf,738.8646696114248,inf
48,200,inf,inf,inf,272.3820845797315,inf
48,201,inf,inf,inf,451.5362665390234,inf
48,202,inf,inf,inf,392.20020397750943,inf
49,50,inf,inf,inf,211.0,inf
49,51,inf,inf,inf,502.4390510300727,inf
49,52,inf,inf,inf,638.58123993741,inf
49,53,inf,inf,inf,408.93153461184676,inf
49,54,inf,inf,inf,701.2310603502957,inf
49,55,inf,inf,inf,534.4389581607987,inf
49,56,inf,inf,inf,521.463325651958,inf
49,57,inf,inf,inf,407.3818847224309,inf
49,58,inf,inf,inf,246.88661365088225,inf
49,59,inf,inf,inf,797.1549410246417,inf
49,60,inf,inf,inf,525.5416253732905,inf
49,61,inf,inf,inf,486.96303761168565,inf
49,62,inf,inf,inf,407.2063359035564,inf
49,63,inf,inf,inf,618.1173027832177,inf
49,64,inf,inf,inf,342.96501279285036,inf
49,65,inf,inf,inf,476.92871584755727,inf
49,66,inf,inf,inf,422.62276322980995,inf
49,67,inf,inf,inf,294.29237163066256,inf
49,68,inf,inf,inf,785.8396783059507,inf
49,69,inf,inf,inf,506.91320756121553,inf
49,70,inf,inf,inf,445.18984714388984,inf
49,71,inf,inf,inf,655.4784512094963,inf
49,72,inf,inf,inf,728.4703151124279,inf
49,73,inf,inf,inf,567.5746646917919,inf
49,74,inf,inf,inf,678.8851154650542,inf
49,75,inf,inf,inf,423.28831781659176,inf
49,76,inf,inf,inf,301.4962686336267,inf
49,77,inf,inf,inf,319.3305497443049,inf
49,78,inf,inf,inf,554.0839286606317,inf
49,79,inf,inf,inf,593.9705379898905,inf
49,80,inf,inf,inf,408.8679493430611,inf
49,81,inf,inf,inf,493.0770730829005,inf
49,82,inf,inf,inf,846.0744648079151,inf
49,83,inf,inf,inf,671.9769341279506,inf
49,84,inf,inf,inf,494.87978338178254,inf
49,85,inf,inf,inf,777.5294206652247,inf
49,86,inf,inf,inf,539.3412648778137,inf
49,87,inf,inf,inf,751.1198306528726,inf
49,88,inf,inf,inf,470.567742200844,inf
49,89,inf,inf,inf,341.03958714495303,inf
49,90,inf,inf,inf,479.20454922715413,inf
49,91,inf,inf,inf,723.9979281738312,inf
49,92,inf,inf,inf,712.2274917468435,inf
49,93,inf,inf,inf,332.05120087119093,inf
49,94,inf,inf,inf,313.0015974400131,inf
49,95,inf,inf,inf,417.2792829748441,inf
49,96,inf,inf,inf,518.7918657804881,inf
49,97,inf,inf,inf,851.0710898626506,inf
49,98,inf,inf,inf,406.3409898102824,inf
49,99,inf,inf,inf,222.03152929257593,inf
49,100,inf,inf,inf,487.4515360525598,inf
49,101,inf,inf,inf,493.5787677767349,inf
49,102,inf,inf,inf,378.8310969284333,inf
49,103,inf,inf,inf,552.0326077325506,inf
49,104,inf,inf,inf,622.6724660686386,inf
49,105,inf,inf,inf,797.3280378865402,inf
49,106,inf,inf,inf,230.3388807822075,inf
49,107,inf,inf,inf,308.22394455979565,inf
49,108,inf,inf,inf,579.718034910076,inf
49,109,inf,inf,inf,455.9232391532592,inf
49,110,inf,inf,inf,712.5307010929424,inf
49,111,inf,inf,inf,719.6110060303414,inf
49,112,inf,inf,inf,367.6860073486616,inf
49,113,inf,inf,inf,565.0716768694039,inf
49,114,inf,inf,inf,409.4972527380373,inf
49,115,inf,inf,inf,383.09920386239384,inf
49,116,inf,inf,inf,608.4513127605198,inf
49,117,inf,inf,inf,538.9072276375591,inf
49,118,inf,inf,inf,338.7048862948393,inf
49,119,inf,inf,inf,822.611694543665,inf
49,120,inf,inf,inf,206.93960471596537,inf
49,121,inf,inf,inf,344.06104109590785,inf
49,122,inf,inf,inf,716.550765821934,inf
49,123,inf,inf,inf,850.5080834418918,inf
49,124,inf,inf,inf,610.0926159199109,inf
49,125,inf,inf,inf,845.8427749883544,inf
49,126,inf,inf,inf,235.47823678633233,inf
49,127,inf,inf,inf,700.9322363823767,inf
49,128,inf,inf,inf,639.5811129168841,inf
49,129,inf,inf,inf,706.9943422687342,inf
49,130,inf,inf,inf,568.3880716552732,inf
49,131,inf,inf,inf,545.6005865099487,inf
49,132,inf,inf,inf,703.3953369194311,inf
49,133,inf,inf,inf,488.4792728458394,inf
49,134,inf,inf,inf,167.91962362987834,inf
49,135,inf,inf,inf,645.1573451492279,inf
49,136,inf,inf,inf,813.0098400388522,inf
49,137,inf,inf,inf,691.713813654173,inf
49,138,inf,inf,inf,608.0032894647857,inf
49,139,inf,inf,inf,181.6645259812713,inf
49,140,inf,inf,inf,557.3230660936258,inf
49,141,inf,inf,inf,529.340155287694,inf
49,142,inf,inf,inf,128.79829191413992,inf
49,143,inf,inf,inf,773.1907914609434,inf
49,144,inf,inf,inf,462.09955637286646,inf
49,145,inf,inf,inf,707.2213232079474,inf
49,146,inf,inf,inf,450.40537296972826,inf
49,147,inf,inf,inf,836.4956664561987,inf
49,148,inf,inf,inf,688.9557315241669,inf
49,149,inf,inf,inf,490.8441707915049,inf
49,150,inf,inf,inf,273.34410547879025,inf
49,151,inf,inf,inf,488.4956499294543,inf
49,152,inf,inf,inf,487.5910171444917,inf
49,153,inf,inf,inf,772.6486911915401,inf
49,154,inf,inf,inf,769.3529749081367,inf
49,155,inf,inf,inf,658.2742589529079,inf
49,156,inf,inf,inf,500.32089702509927,inf
49,157,inf,inf,inf,458.66109492739844,inf
49,158,inf,inf,inf,473.102525886303,inf
49,159,inf,inf,inf,236.29853998702575,inf
49,160,inf,inf,inf,347.61041411327136,inf
49,161,inf,inf,inf,713.4206332872634,inf
49,162,inf,inf,inf,157.62296786953354,inf
49,163,inf,inf,inf,793.1815681166577,inf
49,164,inf,inf,inf,338.5646171707847,inf
49,165,inf,inf,inf,604.2002979145244,inf
49,166,inf,inf,inf,830.6702113354012,inf
49,167,inf,inf,inf,307.2751210234893,inf
49,168,inf,inf,inf,539.3922505932023,inf
49,169,inf,inf,inf,836.1877779542104,inf
49,170,inf,inf,inf,642.3651609481947,inf
49,171,inf,inf,inf,640.0195309519859,inf
49,172,inf,inf,inf,635.4919354327009,inf
49,173,inf,inf,inf,447.4874299910557,inf
49,174,inf,inf,inf,784.5125875344512,inf
49,175,inf,inf,inf,649.9453823206993,inf
49,176,inf,inf,inf,355.75975039343615,inf
49,177,inf,inf,inf,762.9842724460315,inf
49,178,inf,inf,inf,114.0175425099138,inf
49,179,inf,inf,inf,142.50614021858848,inf
49,180,inf,inf,inf,732.8908513550978,inf
49,181,inf,inf,inf,693.7759004174186,inf
49,182,inf,inf,inf,293.6153946917634,inf
49,183,inf,inf,inf,366.69878647194895,inf
49,184,inf,inf,inf,348.3130775609782,inf
49,185,inf,inf,inf,441.2640932593541,inf
49,186,inf,inf,inf,719.5060805858419,inf
49,187,inf,inf,inf,646.9103492756936,inf
49,188,inf,inf,inf,658.508921731513,inf
49,189,inf,inf,inf,381.9659670703661,inf
49,190,inf,inf,inf,359.70682506730395,inf
49,191,inf,inf,inf,457.21985958617324,inf
49,192,inf,inf,inf,390.80557826110925,inf
49,193,inf,inf,inf,458.15499560738175,inf
49,194,inf,inf,inf,321.49805598168086,inf
49,195,inf,inf,inf,542.1475813835195,inf
49,196,inf,inf,inf,327.33163611236847,inf
49,197,inf,inf,inf,518.0318523025394,inf
49,198,inf,inf,inf,105.41821474489122,inf
49,199,inf,inf,inf,616.3870537251736,inf
49,200,inf,inf,inf,369.139540011633,inf
49,201,inf,inf,inf,439.95567958602373,inf
49,202,inf,inf,inf,267.02996086581743,inf
50,51,inf,inf,inf,559.4658166501328,inf
50,52,inf,inf,inf,846.2015126434128,inf
50,53,inf,inf,inf,234.91274976041638,inf
50,54,inf,inf,inf,767.460748181951,inf
50,55,inf,inf,inf,694.3097291555117,inf
50,56,inf,inf,inf,643.043544404265,inf
50,57,inf,inf,inf,202.08166665979377,inf
50,58,inf,inf,inf,133.0338302838793,inf
50,59,inf,inf,inf,710.2288363619151,inf
50,60,inf,inf,inf,358.75479090877656,inf
50,61,inf,inf,inf,568.3396871590088,inf
50,62,inf,inf,inf,199.6246477767713,inf
50,63,inf,inf,inf,632.7922249838409,inf
50,64,inf,inf,inf,374.43557523290974,inf
50,65,inf,inf,inf,476.7074574621211,inf
50,66,inf,inf,inf,455.54033849923763,inf
50,67,inf,inf,inf,258.81460546112925,inf
50,68,inf,inf,inf,592.1393417093649,inf
50,69,inf,inf,inf,297.2742841215836,inf
50,70,inf,inf,inf,454.80215478821117,inf
50,71,inf,inf,inf,485.96810594935135,inf
50,72,inf,inf,inf,711.6206854778745,inf
50,73,inf,inf,inf,586.4077079984539,inf
50,74,inf,inf,inf,789.9291107434894,inf
50,75,inf,inf,inf,458.00436679140955,inf
50,76,inf,inf,inf,204.29635336931494,inf
50,77,inf,inf,inf,407.3143748997818,inf
50,78,inf,inf,inf,372.0483839502599,inf
50,79,inf,inf,inf,579.7689194843063,inf
50,80,inf,inf,inf,278.38462601228537,inf
50,81,inf,inf,inf,692.5720179158266,inf
50,82,inf,inf,inf,640.0632781217807,inf
50,83,inf,inf,inf,462.7936905360746,inf
50,84,inf,inf,inf,606.2153082857608,inf
50,85,inf,inf,inf,703.2929688259367,inf
50,86,inf,inf,inf,483.86981720293323,inf
50,87,inf,inf,inf,769.0253571892152,inf
50,88,inf,inf,inf,448.7638577247504,inf
50,89,inf,inf,inf,143.96180048887967,inf
50,90,inf,inf,inf,517.9285665031424,inf
50,91,inf,inf,inf,743.4097120699998,inf
50,92,inf,inf,inf,573.5616793336179,inf
50,93,inf,inf,inf,525.255176081112,inf
50,94,inf,inf,inf,252.14479966876175,inf
50,95,inf,inf,inf,594.3576364445905,inf
50,96,inf,inf,inf,725.5025844199316,inf
50,97,inf,inf,inf,640.0945242696581,inf
50,98,inf,inf,inf,543.415126767741,inf
50,99,inf,inf,inf,272.0018382290826,inf
50,100,inf,inf,inf,386.2641583165593,inf
50,101,inf,inf,inf,693.8422010803321,inf
50,102,inf,inf,inf,578.3320845327536,inf
50,103,inf,inf,inf,730.8194031359594,inf
50,104,inf,inf,inf,830.7129468113519,inf
50,105,inf,inf,inf,734.3738829778739,inf
50,106,inf,inf,inf,252.62026838715852,inf
50,107,inf,inf,inf,441.3671940686122,inf
50,108,inf,inf,inf,778.1516561699268,inf
50,109,inf,inf,inf,374.9093223700899,inf
50,110,inf,inf,inf,759.9611832192484,inf
50,111,inf,inf,inf,549.9172665046989,inf
50,112,inf,inf,inf,377.59502115361636,inf
50,113,inf,inf,inf,377.19623540008985,inf
50,114,inf,inf,inf,206.31286920597077,inf
50,115,inf,inf,inf,590.8586971518656,inf
50,116,inf,inf,inf,630.0872955392769,inf
50,117,inf,inf,inf,713.8977517824244,inf
50,118,inf,inf,inf,542.4776493091674,inf
50,119,inf,inf,inf,698.4590181249005,inf
50,120,inf,inf,inf,409.2981798151563,inf
50,121,inf,inf,inf,343.13991315496946,inf
50,122,inf,inf,inf,803.3181188047485,inf
50,123,inf,inf,inf,642.309115613347,inf
50,124,inf,inf,inf,582.6731502308992,inf
50,125,inf,inf,inf,654.752625042466,inf
50,126,inf,inf,inf,129.75746606650424,inf
50,127,inf,inf,inf,757.7789915272131,inf
50,128,inf,inf,inf,822.9489656108694,inf
50,129,inf,inf,inf,756.1692932141585,inf
50,130,inf,inf,inf,598.9357227616332,inf
50,131,inf,inf,inf,397.75494968636156,inf
50,132,inf,inf,inf,584.9888887833682,inf
50,133,inf,inf,inf,557.6602908581532,inf
50,134,inf,inf,inf,74.96665925596525,inf
50,135,inf,inf,inf,845.4543157379942,inf
50,136,inf,inf,inf,657.3051041943916,inf
50,137,inf,inf,inf,648.7410885707795,inf
50,138,inf,inf,inf,420.7433897282285,inf
50,139,inf,inf,inf,186.81809334215998,inf
50,140,inf,inf,inf,424.26406871192853,inf
50,141,inf,inf,inf,541.3612472277638,inf
50,142,inf,inf,inf,112.16059914247963,inf
50,143,inf,inf,inf,697.8889596490261,inf
50,144,inf,inf,inf,525.9515186782903,inf
50,145,inf,inf,inf,574.3561612797412,inf
50,146,inf,inf,inf,446.8780594300866,inf
50,147,inf,inf,inf,670.5892930848211,inf
50,148,inf,inf,inf,786.0846010449511,inf
50,149,inf,inf,inf,589.8347226130385,inf
50,150,inf,inf,inf,276.7959537276512,inf
50,151,inf,inf,inf,361.08863177895813,inf
50,152,inf,inf,inf,681.2840817162837,inf
50,153,inf,inf,inf,595.0840276801251,inf
50,154,inf,inf,inf,748.6421040791121,inf
50,155,inf,inf,inf,806.762666463936,inf
50,156,inf,inf,inf,439.95681606266766,inf
50,157,inf,inf,inf,280.9216972752372,inf
50,158,inf,inf,inf,649.9053777281736,inf
50,159,inf,inf,inf,442.4138334184409,inf
50,160,inf,inf,inf,456.9682702332844,inf
50,161,inf,inf,inf,731.0950690573695,inf
50,162,inf,inf,inf,55.78530272392541,inf
50,163,inf,inf,inf,693.7045480606279,inf
50,164,inf,inf,inf,424.05777908204914,inf
50,165,inf,inf,inf,608.5499157834138,inf
50,166,inf,inf,inf,644.2670253862136,inf
50,167,inf,inf,inf,96.87620966986684,inf
50,168,inf,inf,inf,721.9037331943921,inf
50,169,inf,inf,inf,644.8542470977453,inf
50,170,inf,inf,inf,733.6061613699819,inf
50,171,inf,inf,inf,698.5026843183925,inf
50,172,inf,inf,inf,846.3693047364135,inf
50,173,inf,inf,inf,427.9649518360119,inf
50,174,inf,inf,inf,712.1916876796583,inf
50,175,inf,inf,inf,602.9593684486542,inf
50,176,inf,inf,inf,528.7154244014449,inf
50,177,inf,inf,inf,763.6753236814714,inf
50,178,inf,inf,inf,319.7702300089863,inf
50,179,inf,inf,inf,353.2039071131575,inf
50,180,inf,inf,inf,728.7043296152425,inf
50,181,inf,inf,inf,609.7671686799806,inf
50,182,inf,inf,inf,372.4902683292545,inf
50,183,inf,inf,inf,302.0149002946709,inf
50,184,inf,inf,inf,368.62040095469484,inf
50,185,inf,inf,inf,290.4496514027862,inf
50,186,inf,inf,inf,509.5448949798241,inf
50,187,inf,inf,inf,712.859032347911,inf
50,188,inf,inf,inf,716.9553682064177,inf
50,189,inf,inf,inf,554.3581874564495,inf
50,190,inf,inf,inf,434.37311150668614,inf
50,191,inf,inf,inf,419.934518705,inf
50,192,inf,inf,inf,577.5430719868433,inf
50,193,inf,inf,inf,456.5402501423067,inf
50,194,inf,inf,inf,405.9088567646683,inf
50,195,inf,inf,inf,520.5045629002689,inf
50,196,inf,inf,inf,120.48651376813922,inf
50,197,inf,inf,inf,515.7867776513857,inf
50,198,inf,inf,inf,158.90248582070703,inf
50,199,inf,inf,inf,498.0542139165173,inf
50,200,inf,inf,inf,377.89548819746443,inf
50,201,inf,inf,inf,644.4548083457831,inf
50,202,inf,inf,inf,337.843158877015,inf
51,52,inf,inf,inf,693.8796725657843,inf
51,53,inf,inf,inf,524.9018955957389,inf
51,54,inf,inf,inf,1194.1733542497086,inf
51,55,inf,inf,inf,338.9985250705377,inf
51,56,inf,inf,inf,194.81529714065064,inf
51,57,inf,inf,inf,717.6970112798297,inf
51,58,inf,inf,inf,680.0529391157721,inf
51,59,inf,inf,inf,488.01331949035983,inf
51,60,inf,inf,inf,547.4422343955571,inf
51,61,inf,inf,inf,64.62197768561404,inf
51,62,inf,inf,inf,707.1548628129485,inf
51,63,inf,inf,inf,151.6443206981389,inf
51,64,inf,inf,inf,185.32134253776601,inf
51,65,inf,inf,inf,976.6739476406648,inf
51,66,inf,inf,inf,109.65856099730654,inf
51,67,inf,inf,inf,313.2107916403903,inf
51,68,inf,inf,inf,1093.8999040131596,inf
51,69,inf,inf,inf,709.7168449459263,inf
51,70,inf,inf,inf,138.6542462386205,inf
51,71,inf,inf,inf,624.7343435413168,inf
51,72,inf,inf,inf,289.968963856479,inf
51,73,inf,inf,inf,112.0714058089752,inf
51,74,inf,inf,inf,1145.0807831764535,inf
51,75,inf,inf,inf,925.7267415387761,inf
51,76,inf,inf,inf,394.7264875834912,inf
51,77,inf,inf,inf,185.17289218457435,inf
51,78,inf,inf,inf,909.0049504815692,inf
51,79,inf,inf,inf,197.7725966861941,inf
51,80,inf,inf,inf,431.59240030380516,inf
51,81,inf,inf,inf,520.2018838874,inf
51,82,inf,inf,inf,1091.2199594948765,inf
51,83,inf,inf,inf,825.602810072737,inf
51,84,inf,inf,inf,152.88230767489088,inf
51,85,inf,inf,inf,1253.8680153827993,inf
51,86,inf,inf,inf,278.5821243367923,inf
51,87,inf,inf,inf,261.23169792351007,inf
51,88,inf,inf,inf,199.04019694524018,inf
51,89,inf,inf,inf,687.1251705475503,inf
51,90,inf,inf,inf,56.462376853972415,inf
51,91,inf,inf,inf,1226.3572073421349,inf
51,92,inf,inf,inf,1130.8390690102638,inf
51,93,inf,inf,inf,416.60172827293934,inf
51,94,inf,inf,inf,336.34060117684277,inf
51,95,inf,inf,inf,364.3967617858315,inf
51,96,inf,inf,inf,600.0333324074588,inf
51,97,inf,inf,inf,1015.0965471323406,inf
51,98,inf,inf,inf,222.31958978011812,inf
51,99,inf,inf,inf,723.0138311263485,inf
51,100,inf,inf,inf,375.8324094593227,inf
51,101,inf,inf,inf,526.2024325295351,inf
51,102,inf,inf,inf,466.1351735280229,inf
51,103,inf,inf,inf,432.6950427263987,inf
51,104,inf,inf,inf,844.9674549945696,inf
51,105,inf,inf,inf,433.7199557318063,inf
51,106,inf,inf,inf,308.4623153644542,inf
51,107,inf,inf,inf,785.5246654306916,inf
51,108,inf,inf,inf,881.1730817495505,inf
51,109,inf,inf,inf,329.7104790570054,inf
51,110,inf,inf,inf,1211.1998183619414,inf
51,111,inf,inf,inf,1090.8001650164892,inf
51,112,inf,inf,inf,191.34262462922368,inf
51,113,inf,inf,inf,906.1285780726706,inf
51,114,inf,inf,inf,727.2145488093593,inf
51,115,inf,inf,inf,673.7596010447643,inf
51,116,inf,inf,inf,132.80060240827223,inf
51,117,inf,inf,inf,407.07738821997964,inf
51,118,inf,inf,inf,481.27331112373145,inf
51,119,inf,inf,inf,600.7869838803101,inf
51,120,inf,inf,inf,602.4890040490366,inf
51,121,inf,inf,inf,226.497240601293,inf
51,122,inf,inf,inf,250.57134712492567,inf
51,123,inf,inf,inf,958.9374327869364,inf
51,124,inf,inf,inf,235.37629447333902,inf
51,125,inf,inf,inf,843.756481456587,inf
51,126,inf,inf,inf,440.01022715386966,inf
51,127,inf,inf,inf,1197.173755141667,inf
51,128,inf,inf,inf,989.9217140764213,inf
51,129,inf,inf,inf,1205.3024516692894,inf
51,130,inf,inf,inf,89.27485648266257,inf
51,131,inf,inf,inf,504.5839870626098,inf
51,132,inf,inf,inf,505.61843320828405,inf
51,133,inf,inf,inf,32.7566787083184,inf
51,134,inf,inf,inf,588.9261413793754,inf
51,135,inf,inf,inf,624.8655855462036,inf
51,136,inf,inf,inf,1206.0928654129416,inf
51,137,inf,inf,inf,316.2419959461425,inf
51,138,inf,inf,inf,657.5416336628426,inf
51,139,inf,inf,inf,376.5912903931794,inf
51,140,inf,inf,inf,471.00955404322747,inf
51,141,inf,inf,inf,1031.209968920006,inf
51,142,inf,inf,inf,468.67686096072634,inf
51,143,inf,inf,inf,1248.8382601442029,inf
51,144,inf,inf,inf,961.018730306543,inf
51,145,inf,inf,inf,547.0914000420771,inf
51,146,inf,inf,inf,164.39586369492392,inf
51,147,inf,inf,inf,737.0861550727974,inf
51,148,inf,inf,inf,1165.5972717881593,inf
51,149,inf,inf,inf,114.84337159801605,inf
51,150,inf,inf,inf,283.425475213503,inf
51,151,inf,inf,inf,435.8084441586693,inf
51,152,inf,inf,inf,478.5164573972352,inf
51,153,inf,inf,inf,731.7492740003231,inf
51,154,inf,inf,inf,329.4434701128556,inf
51,155,inf,inf,inf,1081.961182298145,inf
51,156,inf,inf,inf,284.829773724588,inf
51,157,inf,inf,inf,828.1841582643319,inf
51,158,inf,inf,inf,383.3131878764413,inf
51,159,inf,inf,inf,471.1348002429878,inf
51,160,inf,inf,inf,181.06904760339356,inf
51,161,inf,inf,inf,226.73773395709856,inf
51,162,inf,inf,inf,524.589363216602,inf
51,163,inf,inf,inf,515.6937075435379,inf
51,164,inf,inf,inf,836.0723652890341,inf
51,165,inf,inf,inf,162.40997506310995,inf
51,166,inf,inf,inf,1158.738106735081,inf
51,167,inf,inf,inf,597.6361769504922,inf
51,168,inf,inf,inf,906.9581026706802,inf
51,169,inf,inf,inf,1149.053958698198,inf
51,170,inf,inf,inf,190.4205871222962,inf
51,171,inf,inf,inf,140.42791745233566,inf
51,172,inf,inf,inf,763.5345440777385,inf
51,173,inf,inf,inf,942.1422397918479,inf
51,174,inf,inf,inf,445.0,inf
51,175,inf,inf,inf,300.48294460751015,inf
51,176,inf,inf,inf,778.4407491903286,inf
51,177,inf,inf,inf,291.3863414781139,inf
51,178,inf,inf,inf,464.00969817451016,inf
51,179,inf,inf,inf,523.4357649224975,inf
51,180,inf,inf,inf,1234.155581764309,inf
51,181,inf,inf,inf,1163.0520194729038,inf
51,182,inf,inf,inf,208.86598574205422,inf
51,183,inf,inf,inf,316.4127051810657,inf
51,184,inf,inf,inf,849.0259124431951,inf
51,185,inf,inf,inf,848.8468648702191,inf
51,186,inf,inf,inf,874.3603376183071,inf
51,187,inf,inf,inf,153.39491516996253,inf
51,188,inf,inf,inf,1154.956709145412,inf
51,189,inf,inf,inf,337.2906758272455,inf
51,190,inf,inf,inf,143.0314650697531,inf
51,191,inf,inf,inf,235.72229423624742,inf
51,192,inf,inf,inf,400.23243246893423,inf
51,193,inf,inf,inf,157.30543537970962,inf
51,194,inf,inf,inf,820.002439020763,inf
51,195,inf,inf,inf,198.72845795205075,inf
51,196,inf,inf,inf,587.5482958872402,inf
51,197,inf,inf,inf,149.08386901338454,inf
51,198,inf,inf,inf,588.3740306981606,inf
51,199,inf,inf,inf,1057.37978040059,inf
51,200,inf,inf,inf,191.91925385432282,inf
51,201,inf,inf,inf,738.4768107395113,inf
51,202,inf,inf,inf,769.147580117106,inf
52,53,inf,inf,inf,996.8435183116757,inf
52,54,inf,inf,inf,961.2705134352141,inf
52,55,inf,inf,inf,374.06015558997996,inf
52,56,inf,inf,inf,519.2244216136218,inf
52,57,inf,inf,inf,1045.7236728696544,inf
52,58,inf,inf,inf,873.8335081696055,inf
52,59,inf,inf,inf,1176.895067540008,inf
52,60,inf,inf,inf,1088.0367640847437,inf
52,61,inf,inf,inf,630.4323912998126,inf
52,62,inf,inf,inf,1044.9712914716845,inf
52,63,inf,inf,inf,840.3719414640162,inf
52,64,inf,inf,inf,708.2323065209607,inf
52,65,inf,inf,inf,943.173897009454,inf
52,66,inf,inf,inf,722.7336992281458,inf
52,67,inf,inf,inf,786.3650551747579,inf
52,68,inf,inf,inf,1420.7638790453536,inf
52,69,inf,inf,inf,1133.3441666148901,inf
52,70,inf,inf,inf,773.133882325694,inf
52,71,inf,inf,inf,1206.2047918989545,inf
52,72,inf,inf,inf,977.847125066081,inf
52,73,inf,inf,inf,805.8517233337657,inf
52,74,inf,inf,inf,824.2190242890539,inf
52,75,inf,inf,inf,859.5190515631401,inf
52,76,inf,inf,inf,850.1399884724868,inf
52,77,inf,inf,inf,607.8371492431176,inf
52,78,inf,inf,inf,1185.6563583096074,inf
52,79,inf,inf,inf,889.3396426562801,inf
52,80,inf,inf,inf,951.3805757949865,inf
52,81,inf,inf,inf,179.94721448246983,inf
52,82,inf,inf,inf,1484.599609322325,inf
52,83,inf,inf,inf,1294.3001970176779,inf
52,84,inf,inf,inf,548.8023323565599,inf
52,85,inf,inf,inf,1284.355869687214,inf
52,86,inf,inf,inf,933.878471751009,inf
52,87,inf,inf,inf,909.2397923540302,inf
52,88,inf,inf,inf,838.9755657943799,inf
52,89,inf,inf,inf,979.5560218793001,inf
52,90,inf,inf,inf,727.6159701380942,inf
52,91,inf,inf,inf,1081.149850853248,inf
52,92,inf,inf,inf,1303.951686221541,inf
52,93,inf,inf,inf,339.91175325369375,inf
52,94,inf,inf,inf,820.8191030915399,inf
52,95,inf,inf,inf,335.67841753678476,inf
52,96,inf,inf,inf,121.26417442921878,inf
52,97,inf,inf,inf,1480.8700145522564,inf
52,98,inf,inf,inf,476.366455578056,inf
52,99,inf,inf,inf,756.7615212205229,inf
52,100,inf,inf,inf,970.4024938137783,inf
52,101,inf,inf,inf,175.20844728494114,inf
52,102,inf,inf,inf,278.792037189013,inf
52,103,inf,inf,inf,277.4779270500629,inf
52,104,inf,inf,inf,251.3901350490906,inf
52,105,inf,inf,inf,1127.5327046254579,inf
52,106,inf,inf,inf,710.105625945887,inf
52,107,inf,inf,inf,641.9781927760475,inf
52,108,inf,inf,inf,370.600863463646,inf
52,109,inf,inf,inf,921.7917335276987,inf
52,110,inf,inf,inf,1013.1663239567332,inf
52,111,inf,inf,inf,1339.0631053090815,inf
52,112,inf,inf,inf,747.9605604575685,inf
52,113,inf,inf,inf,1199.2080720208648,inf
52,114,inf,inf,inf,1048.0505712989236,inf
52,115,inf,inf,inf,329.84390247509504,inf
52,116,inf,inf,inf,819.4296797163256,inf
52,117,inf,inf,inf,300.5278689239985,inf
52,118,inf,inf,inf,305.6550343115585,inf
52,119,inf,inf,inf,1271.2859631097954,inf
52,120,inf,inf,inf,484.34904769184794,inf
52,121,inf,inf,inf,757.7862495453451,inf
52,122,inf,inf,inf,694.8014104764037,inf
52,123,inf,inf,inf,1467.0412400474636,inf
52,124,inf,inf,inf,925.3458812789951,inf
52,125,inf,inf,inf,1421.9549922553808,inf
52,126,inf,inf,inf,822.0024330864234,inf
52,127,inf,inf,inf,983.5812116953027,inf
52,128,inf,inf,inf,498.1425498790482,inf
52,129,inf,inf,inf,1005.3979311695444,inf
52,130,inf,inf,inf,779.9262785674041,inf
52,131,inf,inf,inf,1079.1339119868303,inf
52,132,inf,inf,inf,1161.2445909454218,inf
52,133,inf,inf,inf,661.1278242518613,inf
52,134,inf,inf,inf,805.531501556581,inf
52,135,inf,inf,inf,103.58571330062848,inf
52,136,inf,inf,inf,1416.8320295645494,inf
52,137,inf,inf,inf,1009.4444016388421,inf
52,138,inf,inf,inf,1191.289217612583,inf
52,139,inf,inf,inf,726.2754298473824,inf
52,140,inf,inf,inf,1067.5584293142929,inf
52,141,inf,inf,inf,958.6579160472206,inf
52,142,inf,inf,inf,743.5919579984711,inf
52,143,inf,inf,inf,1282.0959402478427,inf
52,144,inf,inf,inf,828.7593136731557,inf
52,145,inf,inf,inf,1189.7714066155734,inf
52,146,inf,inf,inf,798.541796025731,inf
52,147,inf,inf,inf,1363.5354780862872,inf
52,148,inf,inf,inf,871.6203301896991,inf
52,149,inf,inf,inf,584.0359577971205,inf
52,150,inf,inf,inf,736.3457068524267,inf
52,151,inf,inf,inf,1006.468081957893,inf
52,152,inf,inf,inf,216.8985938174796,inf
52,153,inf,inf,inf,1326.797648475456,inf
52,154,inf,inf,inf,1014.2553919008762,inf
52,155,inf,inf,inf,680.8384536731162,inf
52,156,inf,inf,inf,918.1987802213636,inf
52,157,inf,inf,inf,1090.61817333107,inf
52,158,inf,inf,inf,310.64449134018133,inf
52,159,inf,inf,inf,403.7883108758846,inf
52,160,inf,inf,inf,559.3612428475896,inf
52,161,inf,inf,inf,886.8263640645783,inf
52,162,inf,inf,inf,790.7041165948234,inf
52,163,inf,inf,inf,1198.7013806615892,inf
52,164,inf,inf,inf,740.8994533673243,inf
52,165,inf,inf,inf,855.9672890946242,inf
52,166,inf,inf,inf,1460.7029129840196,inf
52,167,inf,inf,inf,939.4402588775936,inf
52,168,inf,inf,inf,480.07707714491016,inf
52,169,inf,inf,inf,1469.423016016831,inf
52,170,inf,inf,inf,647.9297801459661,inf
52,171,inf,inf,inf,742.3213589814051,inf
52,172,inf,inf,inf,106.47065323364932,inf
52,173,inf,inf,inf,949.3982304596949,inf
52,174,inf,inf,inf,1137.2748128750588,inf
52,175,inf,inf,inf,989.3133982717509,inf
52,176,inf,inf,inf,526.8329906146729,inf
52,177,inf,inf,inf,959.4837153386189,inf
52,178,inf,inf,inf,526.5757305459491,inf
52,179,inf,inf,inf,503.72413084941644,inf
52,180,inf,inf,inf,1133.2876951595301,inf
52,181,inf,inf,inf,1224.720784505595,inf
52,182,inf,inf,inf,627.279841856886,inf
52,183,inf,inf,inf,850.3705074848257,inf
52,184,inf,inf,inf,840.9518416651455,inf
52,185,inf,inf,inf,1060.8675694920644,inf
52,186,inf,inf,inf,1343.8768544773736,inf
52,187,inf,inf,inf,724.8261860611825,inf
52,188,inf,inf,inf,951.9747895821612,inf
52,189,inf,inf,inf,372.19349806249977,inf
52,190,inf,inf,inf,632.1621627399096,inf
52,191,inf,inf,inf,857.792515705284,inf
52,192,inf,inf,inf,314.8412298286233,inf
52,193,inf,inf,inf,798.3432845587166,inf
52,194,inf,inf,inf,738.0548760085526,inf
52,195,inf,inf,inf,875.2108317428435,inf
52,196,inf,inf,inf,954.4443409649407,inf
52,197,inf,inf,inf,826.0272392603043,inf
52,198,inf,inf,inf,727.3740440791106,inf
52,199,inf,inf,inf,1195.368144129665,inf
52,200,inf,inf,inf,750.1693142217962,inf
52,201,inf,inf,inf,332.6695056659086,inf
52,202,inf,inf,inf,744.3419912916374,inf
53,54,inf,inf,inf,994.5149571524804,inf
53,55,inf,inf,inf,764.257809904485,inf
53,56,inf,inf,inf,669.9380568380931,inf
53,57,inf,inf,inf,240.01041644062033,inf
53,58,inf,inf,inf,345.8236544830327,inf
53,59,inf,inf,inf,509.9892155722511,inf
53,60,inf,inf,inf,123.84264209067892,inf
53,61,inf,inf,inf,559.4515171129666,inf
53,62,inf,inf,inf,225.42848089804446,inf
53,63,inf,inf,inf,540.1203569575952,inf
53,64,inf,inf,inf,360.06943774777665,inf
53,65,inf,inf,inf,689.9231841299436,inf
53,66,inf,inf,inf,416.60172827293934,inf
53,67,inf,inf,inf,233.15445524372893,inf
53,68,inf,inf,inf,574.5023933805672,inf
53,69,inf,inf,inf,185.31055015837603,inf
53,70,inf,inf,inf,389.8987047939503,inf
53,71,inf,inf,inf,251.9781736579579,inf
53,72,inf,inf,inf,576.8084604095193,inf
53,73,inf,inf,inf,504.9138540384884,inf
53,74,inf,inf,inf,1024.306594726403,inf
53,75,inf,inf,inf,683.4325131276679,inf
53,76,inf,inf,inf,152.3975065412817,inf
53,77,inf,inf,inf,441.16323509558225,inf
53,78,inf,inf,inf,421.8483139707921,inf
53,79,inf,inf,inf,462.9168391838862,inf
53,80,inf,inf,inf,100.16985574512923,inf
53,81,inf,inf,inf,826.1961026293939,inf
53,82,inf,inf,inf,566.7106845648844,inf
53,83,inf,inf,inf,313.06548835666956,inf
53,84,inf,inf,inf,625.7036039531816,inf
53,85,inf,inf,inf,858.0145686408827,inf
53,86,inf,inf,inf,337.4640721617636,inf
53,87,inf,inf,inf,665.5704320355585,inf
53,88,inf,inf,inf,349.3608449726443,inf
53,89,inf,inf,inf,253.02371430362015,inf
53,90,inf,inf,inf,470.84817085765553,inf
53,91,inf,inf,inf,954.9418830483874,inf
53,92,inf,inf,inf,668.6920068312467,inf
53,93,inf,inf,inf,658.0189966862658,inf
53,94,inf,inf,inf,200.24235316236172,inf
53,95,inf,inf,inf,696.7847587311306,inf
53,96,inf,inf,inf,876.3709260353176,inf
53,97,inf,inf,inf,506.2815422272473,inf
53,98,inf,inf,inf,601.561301946859,inf
53,99,inf,inf,inf,506.25783944547464,inf
53,100,inf,inf,inf,207.69207977195472,inf
53,101,inf,inf,inf,829.0868470793636,inf
53,102,inf,inf,inf,718.2784975202864,inf
53,103,inf,inf,inf,825.4556317573949,inf
53,104,inf,inf,inf,1024.4940214564456,inf
53,105,inf,inf,inf,553.2386465170342,inf
53,106,inf,inf,inf,294.3076621496627,inf
53,107,inf,inf,inf,674.8370173604883,inf
53,108,inf,inf,inf,988.54236125722,inf
53,109,inf,inf,inf,225.47061892849808,inf
53,110,inf,inf,inf,981.6745896680834,inf
53,111,inf,inf,inf,596.6246726376643,inf
53,112,inf,inf,inf,338.10353443878694,inf
53,113,inf,inf,inf,410.94646853331153,inf
53,114,inf,inf,inf,251.91466809219347,inf
53,115,inf,inf,inf,787.4325367928353,inf
53,116,inf,inf,inf,545.4044370923287,inf
53,117,inf,inf,inf,803.83704816337,inf
53,118,inf,inf,inf,693.6872494143164,inf
53,119,inf,inf,inf,473.3846216344591,inf
53,120,inf,inf,inf,615.8222146041827,inf
53,121,inf,inf,inf,306.13885738337757,inf
53,122,inf,inf,inf,773.4856171901324,inf
53,123,inf,inf,inf,473.86179419742206,inf
53,124,inf,inf,inf,451.047669321104,inf
53,125,inf,inf,inf,438.0011415510238,inf
53,126,inf,inf,inf,179.2344832893492,inf
53,127,inf,inf,inf,982.4118281046905,inf
53,128,inf,inf,inf,1045.323394935749,inf
53,129,inf,inf,inf,978.5049821027995,inf
53,130,inf,inf,inf,528.5035477648187,inf
53,131,inf,inf,inf,169.0,inf
53,132,inf,inf,inf,366.7860411738702,inf
53,133,inf,inf,inf,536.9478559413382,inf
53,134,inf,inf,inf,309.87094087700444,inf
53,135,inf,inf,inf,974.8481933101174,inf
53,136,inf,inf,inf,718.5387950556324,inf
53,137,inf,inf,inf,493.1703559623186,inf
53,138,inf,inf,inf,200.2023975880409,inf
53,139,inf,inf,inf,270.8154353060401,inf
53,140,inf,inf,inf,204.78281177872327,inf
53,141,inf,inf,inf,756.3279711871035,inf
53,142,inf,inf,inf,280.2356151526783,inf
53,143,inf,inf,inf,852.0052816737699,inf
53,144,inf,inf,inf,756.0747317560613,inf
53,145,inf,inf,inf,347.57013680694723,inf
53,146,inf,inf,inf,369.1341219665286,inf
53,147,inf,inf,inf,436.4057744805859,inf
53,148,inf,inf,inf,1019.0314028527285,inf
53,149,inf,inf,inf,597.4755225111737,inf
53,150,inf,inf,inf,282.177249260106,inf
53,151,inf,inf,inf,156.259399717265,inf
53,152,inf,inf,inf,803.9527349291126,inf
53,153,inf,inf,inf,365.1698235068172,inf
53,154,inf,inf,inf,606.8418245309069,inf
53,155,inf,inf,inf,1040.1586417465367,inf
53,156,inf,inf,inf,297.40544715926103,inf
53,157,inf,inf,inf,365.90299260869676,inf
53,158,inf,inf,inf,747.219512593187,inf
53,159,inf,inf,inf,605.8201053117996,inf
53,160,inf,inf,inf,500.27592386602015,inf
53,161,inf,inf,inf,630.7741275607299,inf
53,162,inf,inf,inf,266.00751869073173,inf
53,163,inf,inf,inf,484.5141896786925,inf
53,164,inf,inf,inf,658.368437882619,inf
53,165,inf,inf,inf,507.8474180302584,inf
53,166,inf,inf,inf,642.800124455495,inf
53,167,inf,inf,inf,171.39719951037708,inf
53,168,inf,inf,inf,944.4453398688565,inf
53,169,inf,inf,inf,629.4418162149699,inf
53,170,inf,inf,inf,715.1573253487654,inf
53,171,inf,inf,inf,646.3512976702375,inf
53,172,inf,inf,inf,1016.6833331967235,inf
53,173,inf,inf,inf,636.121057661197,inf
53,174,inf,inf,inf,524.0772843770277,inf
53,175,inf,inf,inf,448.08034993737454,inf
53,176,inf,inf,inf,754.3924708001797,inf
53,177,inf,inf,inf,642.5573904329481,inf
53,178,inf,inf,inf,494.39761326284736,inf
53,179,inf,inf,inf,545.0,inf
53,180,inf,inf,inf,929.5299887577593,inf
53,181,inf,inf,inf,762.023621681113,inf
53,182,inf,inf,inf,408.33931968400987,inf
53,183,inf,inf,inf,208.4922060893404,inf
53,184,inf,inf,inf,594.2802369253078,inf
53,185,inf,inf,inf,417.0191842109905,inf
53,186,inf,inf,inf,363.6756796927724,inf
53,187,inf,inf,inf,667.5627311346852,inf
53,188,inf,inf,inf,942.6351362006404,inf
53,189,inf,inf,inf,654.3584644520158,inf
53,190,inf,inf,inf,446.57810067221163,inf
53,191,inf,inf,inf,310.4077962938431,inf
53,192,inf,inf,inf,695.6579619324427,inf
53,193,inf,inf,inf,378.38208202820596,inf
53,194,inf,inf,inf,640.3139854789993,inf
53,195,inf,inf,inf,405.2616438796053,inf
53,196,inf,inf,inf,140.73023839957068,inf
53,197,inf,inf,inf,423.2682364647742,inf
53,198,inf,inf,inf,389.1040991816971,inf
53,199,inf,inf,inf,626.764708642725,inf
53,200,inf,inf,inf,336.98219537536403,inf
53,201,inf,inf,inf,847.0478144709424,inf
53,202,inf,inf,inf,572.1975183448457,inf
54,55,inf,inf,inf,1110.1576464628797,inf
54,56,inf,inf,inf,1162.7506181464707,inf
54,57,inf,inf,inf,816.7649600711333,inf
54,58,inf,inf,inf,648.951461975393,inf
54,59,inf,inf,inf,1472.9497615329587,inf
54,60,inf,inf,inf,1115.6204551728156,inf
54,61,inf,inf,inf,1167.3122975450915,inf
54,62,inf,inf,inf,829.5553025567373,inf
54,63,inf,inf,inf,1318.3300042098715,inf
54,64,inf,inf,inf,1044.1120629510992,inf
54,65,inf,inf,inf,322.4686031228467,inf
54,66,inf,inf,inf,1122.7488588281888,inf
54,67,inf,inf,inf,981.8823758475351,inf
54,68,inf,inf,inf,959.7754945819361,inf
54,69,inf,inf,inf,967.2931303384719,inf
54,70,inf,inf,inf,1146.398272852851,inf
54,71,inf,inf,inf,1234.2191863684504,inf
54,72,inf,inf,inf,1429.3159202919417,inf
54,73,inf,inf,inf,1267.7010688644227,inf
54,74,inf,inf,inf,171.81385275931623,inf
54,75,inf,inf,inf,311.1076983939806,inf
54,76,inf,inf,inf,958.9812302647013,inf
54,77,inf,inf,inf,1009.0971211929999,inf
54,78,inf,inf,inf,781.2451599850075,inf
54,79,inf,inf,inf,1294.4713206556567,inf
54,80,inf,inf,inf,1045.4941415426488,inf
54,81,inf,inf,inf,939.8404119849284,inf
54,82,inf,inf,inf,1093.570756741419,inf
54,83,inf,inf,inf,1100.462629987952,inf
54,84,inf,inf,inf,1150.565513128218,inf
54,85,inf,inf,inf,491.0162930086944,inf
54,86,inf,inf,inf,1228.4762919975299,inf
54,87,inf,inf,inf,1449.536477636903,inf
54,88,inf,inf,inf,1168.5499561422266,inf
54,89,inf,inf,inf,763.8016758295311,inf
54,90,inf,inf,inf,1177.2348958470438,inf
54,91,inf,inf,inf,166.30694513459142,inf
54,92,inf,inf,inf,686.5515275636636,inf
54,93,inf,inf,inf,872.1771609025313,inf
54,94,inf,inf,inf,991.3753073382451,inf
54,95,inf,inf,inf,978.4257764388672,inf
54,96,inf,inf,inf,897.0005574134277,inf
54,97,inf,inf,inf,1201.6559407750624,inf
54,98,inf,inf,inf,1044.9153075728195,inf
54,99,inf,inf,inf,503.3020961609439,inf
54,100,inf,inf,inf,1149.5407778761048,inf
54,101,inf,inf,inf,935.2887254746526,inf
54,102,inf,inf,inf,870.774368019638,inf
54,103,inf,inf,inf,1072.6812201208709,inf
54,104,inf,inf,inf,749.063415205949,inf
54,105,inf,inf,inf,1486.6327724088421,inf
54,106,inf,inf,inf,928.9031165842862,inf
54,107,inf,inf,inf,411.04379328728464,inf
54,108,inf,inf,inf,616.3667739260447,inf
54,109,inf,inf,inf,1130.4074486661877,inf
54,110,inf,inf,inf,68.00735254367721,inf
54,111,inf,inf,inf,806.352900410236,inf
54,112,inf,inf,inf,1068.446535864102,inf
54,113,inf,inf,inf,808.6167200843673,inf
54,114,inf,inf,inf,807.6341993749398,inf
54,115,inf,inf,inf,656.0868844901565,inf
54,116,inf,inf,inf,1307.707153761881,inf
54,117,inf,inf,inf,1074.5910850179243,inf
54,118,inf,inf,inf,824.3943231245592,inf
54,119,inf,inf,inf,1465.293485961089,inf
54,120,inf,inf,inf,611.4646351180091,inf
54,121,inf,inf,inf,1043.1265503283867,inf
54,122,inf,inf,inf,1378.4411485442533,inf
54,123,inf,inf,inf,1261.4234023514864,inf
54,124,inf,inf,inf,1308.7581900412315,inf
54,125,inf,inf,inf,1355.7746862956249,inf
54,126,inf,inf,inf,880.0255678103904,inf
54,127,inf,inf,inf,34.36568055487916,inf
54,128,inf,inf,inf,523.6878841447451,inf
54,129,inf,inf,inf,61.61168720299745,inf
54,130,inf,inf,inf,1266.443840049767,inf
54,131,inf,inf,inf,1162.3446132709526,inf
54,132,inf,inf,inf,1352.4496293762663,inf
54,133,inf,inf,inf,1175.4816034289945,inf
54,134,inf,inf,inf,696.5285349502919,inf
54,135,inf,inf,inf,1038.0814033591007,inf
54,136,inf,inf,inf,798.204234516455,inf
54,137,inf,inf,inf,1387.419547217063,inf
54,138,inf,inf,inf,1149.8056357489295,inf
54,139,inf,inf,inf,870.8369537404807,inf
54,140,inf,inf,inf,1191.4042135228497,inf
54,141,inf,inf,inf,259.9153708421262,inf
54,142,inf,inf,inf,785.5596730993769,inf
54,143,inf,inf,inf,493.1014094484014,inf
54,144,inf,inf,inf,243.8462630429263,inf
54,145,inf,inf,inf,1340.4167262459835,inf
54,146,inf,inf,inf,1150.8779257592876,inf
54,147,inf,inf,inf,1414.9664306972093,inf
54,148,inf,inf,inf,116.81181447096864,inf
54,149,inf,inf,inf,1158.2283885313811,inf
54,150,inf,inf,inf,970.6760530681696,inf
54,151,inf,inf,inf,1128.4914709469451,inf
54,152,inf,inf,inf,967.6569640115241,inf
54,153,inf,inf,inf,1327.65243945846,inf
54,154,inf,inf,inf,1469.9894557444961,inf
54,155,inf,inf,inf,334.43983016381287,inf
54,156,inf,inf,inf,1186.535292353329,inf
54,157,inf,inf,inf,736.7258648914127,inf
54,158,inf,inf,inf,1019.6474881055707,inf
54,159,inf,inf,inf,765.6905380112778,inf
54,160,inf,inf,inf,1022.2367631816027,inf
54,161,inf,inf,inf,1412.2690961711228,inf
54,162,inf,inf,inf,758.3798520530461,inf
54,163,inf,inf,inf,1459.617073070879,inf
54,164,inf,inf,inf,363.04407445928655,inf
54,165,inf,inf,inf,1305.3325246848024,inf
54,166,inf,inf,inf,948.1708706767995,inf
54,167,inf,inf,inf,825.1260509764553,inf
54,168,inf,inf,inf,492.04572958211924,inf
54,169,inf,inf,inf,979.1654609921655,inf
54,170,inf,inf,inf,1304.7214262056095,inf
54,171,inf,inf,inf,1325.7639307206996,inf
54,172,inf,inf,inf,878.2511030451371,inf
54,173,inf,inf,inf,380.4339627320358,inf
54,174,inf,inf,inf,1469.0694333488802,inf
54,175,inf,inf,inf,1343.9360103814467,inf
54,176,inf,inf,inf,463.20621757485077,inf
54,177,inf,inf,inf,1463.8647478507023,inf
54,178,inf,inf,inf,732.2465431806421,inf
54,179,inf,inf,inf,678.2130933563581,inf
54,180,inf,inf,inf,247.212459232944,inf
54,181,inf,inf,inf,500.0999900019995,inf
54,182,inf,inf,inf,988.6986396268582,inf
54,183,inf,inf,inf,1046.4000191131497,inf
54,184,inf,inf,inf,400.2711580916117,inf
54,185,inf,inf,inf,663.3920409531606,inf
54,186,inf,inf,inf,1127.592124839474,inf
54,187,inf,inf,inf,1328.121982349513,inf
54,188,inf,inf,inf,54.48853090330111,inf
54,189,inf,inf,inf,965.0455947777805,inf
54,190,inf,inf,inf,1051.857404784508,inf
54,191,inf,inf,inf,1150.9756730704607,inf
54,192,inf,inf,inf,931.2915762531088,inf
54,193,inf,inf,inf,1158.8705708576779,inf
54,194,inf,inf,inf,380.61266400370863,inf
54,195,inf,inf,inf,1241.164372675916,inf
54,196,inf,inf,inf,856.703566001683,inf
54,197,inf,inf,inf,1219.061934439756,inf
54,198,inf,inf,inf,643.8773175069922,inf
54,199,inf,inf,inf,592.4677206396987,inf
54,200,inf,inf,inf,1069.8266214672358,inf
54,201,inf,inf,inf,632.064870088506,inf
54,202,inf,inf,inf,442.2329702769797,inf
55,56,inf,inf,inf,149.093930124603,inf
55,57,inf,inf,inf,890.5981136292621,inf
55,58,inf,inf,inf,775.5049967601756,inf
55,59,inf,inf,inf,826.6807122462699,inf
55,60,inf,inf,inf,825.620372810652,inf
55,61,inf,inf,inf,274.5323296080081,inf
55,62,inf,inf,inf,884.6536045255227,inf
55,63,inf,inf,inf,475.9033515326405,inf
55,64,inf,inf,inf,415.7884077268148,inf
55,65,inf,inf,inf,978.1390494198665,inf
55,66,inf,inf,inf,397.85047442475167,inf
55,67,inf,inf,inf,531.5947704784162,inf
55,68,inf,inf,inf,1283.6779191058793,inf
55,69,inf,inf,inf,933.5020085677373,inf
55,70,inf,inf,inf,446.9776280755,inf
55,71,inf,inf,inf,926.0113390234485,inf
55,72,inf,inf,inf,610.5358302343934,inf
55,73,inf,inf,inf,447.54441120407256,inf
55,74,inf,inf,inf,1016.0757845751467,inf
55,75,inf,inf,inf,906.6079637858913,inf
55,76,inf,inf,inf,612.5397946256227,inf
55,77,inf,inf,inf,323.7854227725516,inf
55,78,inf,inf,inf,1065.9990619132832,inf
55,79,inf,inf,inf,536.4568948200778,inf
55,80,inf,inf,inf,691.901727126042,inf
55,81,inf,inf,inf,225.94247055390008,inf
55,82,inf,inf,inf,1313.5436802786576,inf
55,83,inf,inf,inf,1077.2502030633366,inf
55,84,inf,inf,inf,186.33571852975479,inf
55,85,inf,inf,inf,1302.1662720251973,inf
55,86,inf,inf,inf,606.4189970639112,inf
55,87,inf,inf,inf,535.5613877045282,inf
55,88,inf,inf,inf,515.4308877046466,inf
55,89,inf,inf,inf,838.2082080247127,inf
55,90,inf,inf,inf,383.31710110559897,inf
55,91,inf,inf,inf,1186.7299608588298,inf
55,92,inf,inf,inf,1245.2602137705999,inf
55,93,inf,inf,inf,239.40133667128927,inf
55,94,inf,inf,inf,565.6368092689867,inf
55,95,inf,inf,inf,132.5028301584536,inf
55,96,inf,inf,inf,307.7661449867415,inf
55,97,inf,inf,inf,1270.4239449884435,inf
55,98,inf,inf,inf,162.7820628939196,inf
55,99,inf,inf,inf,734.9782309701424,inf
55,100,inf,inf,inf,675.3917381786662,inf
55,101,inf,inf,inf,232.64780248263682,inf
55,102,inf,inf,inf,243.34748817277733,inf
55,103,inf,inf,inf,97.8008179924892,inf
55,104,inf,inf,inf,572.9101151140552,inf
55,105,inf,inf,inf,768.0345044332319,inf
55,106,inf,inf,inf,475.0168418066879,inf
55,107,inf,inf,inf,711.8405720384305,inf
55,108,inf,inf,inf,646.5740483502257,inf
55,109,inf,inf,inf,625.460630255814,inf
55,110,inf,inf,inf,1145.0,inf
55,111,inf,inf,inf,1241.315834105084,inf
55,112,inf,inf,inf,449.6087187766714,inf
55,113,inf,inf,inf,1071.466751700677,inf
55,114,inf,inf,inf,896.8684407425651,inf
55,115,inf,inf,inf,478.20497697117287,inf
55,116,inf,inf,inf,454.4755218930938,inf
55,117,inf,inf,inf,73.59347797189639,inf
55,118,inf,inf,inf,286.8030683238936,inf
55,119,inf,inf,inf,937.7446347487145,inf
55,120,inf,inf,inf,506.38819101554884,inf
55,121,inf,inf,inf,471.9247821422393,inf
55,122,inf,inf,inf,328.7704366271396,inf
55,123,inf,inf,inf,1233.056770793624,inf
55,124,inf,inf,inf,574.2978321393874,inf
55,125,inf,inf,inf,1147.7913573467958,inf
55,126,inf,inf,inf,617.2560246769568,inf
55,127,inf,inf,inf,1122.7025429738726,inf
55,128,inf,inf,inf,771.9514233421686,inf
55,129,inf,inf,inf,1137.904213895001,inf
55,130,inf,inf,inf,418.43757001493066,inf
55,131,inf,inf,inf,798.8147469845559,inf
55,132,inf,inf,inf,837.311172742846,inf
55,133,inf,inf,inf,307.17584540455,inf
55,134,inf,inf,inf,686.2667120005166,inf
55,135,inf,inf,inf,291.7755987055806,inf
55,136,inf,inf,inf,1342.0357670345452,inf
55,137,inf,inf,inf,653.0030627799536,inf
55,138,inf,inf,inf,936.2974954575068,inf
55,139,inf,inf,inf,521.590835809066,inf
55,140,inf,inf,inf,775.3412152078594,inf
55,141,inf,inf,inf,1016.7526739576346,inf
55,142,inf,inf,inf,582.4036400985145,inf
55,143,inf,inf,inf,1298.3100554181963,inf
55,144,inf,inf,inf,911.5267412424059,inf
55,145,inf,inf,inf,874.2865662927688,inf
55,146,inf,inf,inf,474.77363027025837,inf
55,147,inf,inf,inf,1060.056602262351,inf
55,148,inf,inf,inf,1050.5831713862544,inf
55,149,inf,inf,inf,224.2164133153503,inf
55,150,inf,inf,inf,482.08090607282924,inf
55,151,inf,inf,inf,725.1020617816501,inf
55,152,inf,inf,inf,181.46625030566977,inf
55,153,inf,inf,inf,1041.4321869425776,inf
55,154,inf,inf,inf,645.142619891137,inf
55,155,inf,inf,inf,911.3725912051558,inf
55,156,inf,inf,inf,601.6111701090664,inf
55,157,inf,inf,inf,973.2034730723067,inf
55,158,inf,inf,inf,94.13288479590966,inf
55,159,inf,inf,inf,352.4656011584677,inf
55,160,inf,inf,inf,264.60914572251653,inf
55,161,inf,inf,inf,514.3092454934093,inf
55,162,inf,inf,inf,642.2227028064331,inf
55,163,inf,inf,inf,854.6180433386602,inf
55,164,inf,inf,inf,793.4866098429135,inf
55,165,inf,inf,inf,495.99697579723204,inf
55,166,inf,inf,inf,1338.2294272657437,inf
55,167,inf,inf,inf,768.6436105244094,inf
55,168,inf,inf,inf,711.5117708091694,inf
55,169,inf,inf,inf,1337.3051259903255,inf
55,170,inf,inf,inf,275.2235455043772,inf
55,171,inf,inf,inf,368.7817782917155,inf
55,172,inf,inf,inf,461.00433837438015,inf
55,173,inf,inf,inf,961.8523795260892,inf
55,174,inf,inf,inf,782.2307843597055,inf
55,175,inf,inf,inf,639.4325609475951,inf
55,176,inf,inf,inf,649.2226120522913,inf
55,177,inf,inf,inf,587.1030573928226,inf
55,178,inf,inf,inf,434.8850422812907,inf
55,179,inf,inf,inf,461.7066168033549,inf
55,180,inf,inf,inf,1216.685661952174,inf
55,181,inf,inf,inf,1223.0494675196094,inf
55,182,inf,inf,inf,355.92836357896516,inf
55,183,inf,inf,inf,575.5632024374039,inf
55,184,inf,inf,inf,852.9108980426971,inf
55,185,inf,inf,inf,968.5705962912564,inf
55,186,inf,inf,inf,1127.8980450377596,inf
55,187,inf,inf,inf,350.7962371519968,inf
55,188,inf,inf,inf,1083.4800413482474,inf
55,189,inf,inf,inf,155.92626462530293,inf
55,190,inf,inf,inf,327.099373279742,inf
55,191,inf,inf,inf,543.5301279598032,inf
55,192,inf,inf,inf,178.86866690396056,inf
55,193,inf,inf,inf,471.6577148738267,inf
55,194,inf,inf,inf,782.4295495442385,inf
55,195,inf,inf,inf,534.3491368010245,inf
55,196,inf,inf,inf,771.9851034832213,inf
55,197,inf,inf,inf,483.90288281844323,inf
55,198,inf,inf,inf,639.849982417754,inf
55,199,inf,inf,inf,1150.820576805959,inf
55,200,inf,inf,inf,451.51854889915654,inf
55,201,inf,inf,inf,529.4109934634905,inf
55,202,inf,inf,inf,755.4733615422849,inf
56,57,inf,inf,inf,827.3934976781,inf
56,58,inf,inf,inf,743.669953675688,inf
56,59,inf,inf,inf,679.8970510305219,inf
56,60,inf,inf,inf,715.0174823037546,inf
56,61,inf,inf,inf,132.30646242719968,inf
56,62,inf,inf,inf,819.3393680276812,inf
56,63,inf,inf,inf,326.91436187478826,inf
56,64,inf,inf,inf,310.10482098800077,inf
56,65,inf,inf,inf,991.6577030407216,inf
56,66,inf,inf,inf,271.1051456538588,inf
56,67,inf,inf,inf,438.8393783606936,inf
56,68,inf,inf,inf,1217.2378567888857,inf
56,69,inf,inf,inf,848.5287266793034,inf
56,70,inf,inf,inf,316.5217212135685,inf
56,71,inf,inf,inf,805.227918045568,inf
56,72,inf,inf,inf,461.5333140738597,inf
56,73,inf,inf,inf,300.10831378020833,inf
56,74,inf,inf,inf,1087.1968543000849,inf
56,75,inf,inf,inf,928.0457962837826,inf
56,76,inf,inf,inf,523.4500931320961,inf
56,77,inf,inf,inf,238.66294224282078,inf
56,78,inf,inf,inf,1012.2455235761727,inf
56,79,inf,inf,inf,390.242232465939,inf
56,80,inf,inf,inf,587.2180174347513,inf
56,81,inf,inf,inf,357.64367742209566,inf
56,82,inf,inf,inf,1232.4163257600899,inf
56,83,inf,inf,inf,981.0346578995056,inf
56,84,inf,inf,inf,45.89117562233506,inf
56,85,inf,inf,inf,1298.8194639748822,inf
56,86,inf,inf,inf,470.2393007820593,inf
56,87,inf,inf,inf,391.10740212887816,inf
56,88,inf,inf,inf,383.6899790195204,inf
56,89,inf,inf,inf,783.5559967226337,inf
56,90,inf,inf,inf,244.24782496472716,inf
56,91,inf,inf,inf,1220.780488048527,inf
56,92,inf,inf,inf,1212.2211019446906,inf
56,93,inf,inf,inf,306.3494736408078,inf
56,94,inf,inf,inf,470.08297139973064,inf
56,95,inf,inf,inf,217.9954127957742,inf
56,96,inf,inf,inf,440.56895033581293,inf
56,97,inf,inf,inf,1173.6311175152098,inf
56,98,inf,inf,inf,119.10079764636339,inf
56,99,inf,inf,inf,738.8870008330097,inf
56,100,inf,inf,inf,553.3904588985972,inf
56,101,inf,inf,inf,364.1977484828812,inf
56,102,inf,inf,inf,336.964389809962,inf
56,103,inf,inf,inf,246.34934544260514,inf
56,104,inf,inf,inf,700.646130368248,inf
56,105,inf,inf,inf,619.3803354966963,inf
56,106,inf,inf,inf,399.50469333913964,inf
56,107,inf,inf,inf,753.5316848016413,inf
56,108,inf,inf,inf,759.0948557327997,inf
56,109,inf,inf,inf,504.4145120830684,inf
56,110,inf,inf,inf,1190.2033439711047,inf
56,111,inf,inf,inf,1192.1895822393349,inf
56,112,inf,inf,inf,336.81597349294464,inf
56,113,inf,inf,inf,1014.077906277422,inf
56,114,inf,inf,inf,835.1886014547852,inf
56,115,inf,inf,inf,569.5059262202633,inf
56,116,inf,inf,inf,305.45867150892934,inf
56,117,inf,inf,inf,221.32555207205516,inf
56,118,inf,inf,inf,368.16979778357705,inf
56,119,inf,inf,inf,795.5941176253127,inf
56,120,inf,inf,inf,551.4526271584895,inf
56,121,inf,inf,inf,365.3080891521566,inf
56,122,inf,inf,inf,219.20994502987313,inf
56,123,inf,inf,inf,1127.0705390524588,inf
56,124,inf,inf,inf,428.4448622635123,inf
56,125,inf,inf,inf,1026.466755428543,inf
56,126,inf,inf,inf,545.2063829413592,inf
56,127,inf,inf,inf,1171.277080796854,inf
56,128,inf,inf,inf,878.7923531756521,inf
56,129,inf,inf,inf,1183.5577721429572,inf
56,130,inf,inf,inf,270.1869722988138,inf
56,131,inf,inf,inf,680.5556553287909,inf
56,132,inf,inf,inf,699.4090362584687,inf
56,133,inf,inf,inf,164.77863939236784,inf
56,134,inf,inf,inf,651.0030721893714,inf
56,135,inf,inf,inf,440.54511687226767,inf
56,136,inf,inf,inf,1300.217289532792,inf
56,137,inf,inf,inf,505.1574012127309,inf
56,138,inf,inf,inf,826.4139398630689,inf
56,139,inf,inf,inf,458.31212072123947,inf
56,140,inf,inf,inf,652.1050528864196,inf
56,141,inf,inf,inf,1037.8289839853192,inf
56,142,inf,inf,inf,535.8404613315422,inf
56,143,inf,inf,inf,1294.414153198272,inf
56,144,inf,inf,inf,946.4565494516903,inf
56,145,inf,inf,inf,739.3578294709538,inf
56,146,inf,inf,inf,344.4894773429226,inf
56,147,inf,inf,inf,928.0264004865379,inf
56,148,inf,inf,inf,1116.0071684357588,inf
56,149,inf,inf,inf,82.0,inf
56,150,inf,inf,inf,394.153523389047,inf
56,151,inf,inf,inf,608.3288584310299,inf
56,152,inf,inf,inf,313.0511140373086,inf
56,153,inf,inf,inf,916.8042321019248,inf
56,154,inf,inf,inf,496.4876634922564,inf
56,155,inf,inf,inf,999.3442850189318,inf
56,156,inf,inf,inf,470.89383092157834,inf
56,157,inf,inf,inf,923.5204383228343,inf
56,158,inf,inf,inf,214.74170531128786,inf
56,159,inf,inf,inf,399.02004962156974,inf
56,160,inf,inf,inf,186.07794065928394,inf
56,161,inf,inf,inf,367.6424893833682,inf
56,162,inf,inf,inf,596.560977604134,inf
56,163,inf,inf,inf,709.4765676186917,inf
56,164,inf,inf,inf,823.1464025311658,inf
56,165,inf,inf,inf,347.80741797724784,inf
56,166,inf,inf,inf,1276.8198776648178,inf
56,167,inf,inf,inf,703.8423118852688,inf
56,168,inf,inf,inf,807.7747210701756,inf
56,169,inf,inf,inf,1271.919022579661,inf
56,170,inf,inf,inf,149.8966310495336,inf
56,171,inf,inf,inf,224.47494292236718,inf
56,172,inf,inf,inf,600.2282899031001,inf
56,173,inf,inf,inf,967.0868626964178,inf
56,174,inf,inf,inf,634.3878939576322,inf
56,175,inf,inf,inf,493.53925882344964,inf
56,176,inf,inf,inf,714.5103218288732,inf
56,177,inf,inf,inf,440.2646931108603,inf
56,178,inf,inf,inf,443.6800649116433,inf
56,179,inf,inf,inf,488.0,inf
56,180,inf,inf,inf,1241.3625578371534,inf
56,181,inf,inf,inf,1213.832360748386,inf
56,182,inf,inf,inf,274.1277074649697,inf
56,183,inf,inf,inf,468.4015371452148,inf
56,184,inf,inf,inf,863.1813250991937,inf
56,185,inf,inf,inf,929.9344062889597,inf
56,186,inf,inf,inf,1031.1512983068974,inf
56,187,inf,inf,inf,209.83088428541686,inf
56,188,inf,inf,inf,1130.3388872369208,inf
56,189,inf,inf,inf,210.3188056261256,inf
56,190,inf,inf,inf,223.8861317723811,inf
56,191,inf,inf,inf,415.8966217703626,inf
56,192,inf,inf,inf,264.86411610484345,inf
56,193,inf,inf,inf,339.7793401606401,inf
56,194,inf,inf,inf,809.6104001308283,inf
56,195,inf,inf,inf,393.19206502675,inf
56,196,inf,inf,inf,701.4741620330716,inf
56,197,inf,inf,inf,343.11076928595526,inf
56,198,inf,inf,inf,623.0802516530274,inf
56,199,inf,inf,inf,1126.1194430432324,inf
56,200,inf,inf,inf,338.3784863137726,inf
56,201,inf,inf,inf,628.4114893921021,inf
56,202,inf,inf,inf,771.3501150580066,inf
57,58,inf,inf,inf,205.24375751773792,inf
57,59,inf,inf,inf,746.1313557276627,inf
57,60,inf,inf,inf,333.24165405903267,inf
57,61,inf,inf,inf,738.1388758221585,inf
57,62,inf,inf,inf,15.132745950421556,inf
57,63,inf,inf,inf,761.1576709197642,inf
57,64,inf,inf,inf,535.2803004034429,inf
57,65,inf,inf,inf,496.8068034960874,inf
57,66,inf,inf,inf,608.6000328623061,inf
57,67,inf,inf,inf,404.50463532572775,inf
57,68,inf,inf,inf,393.0801444998208,inf
57,69,inf,inf,inf,150.6950563223625,inf
57,70,inf,inf,inf,594.5569779255811,inf
57,71,inf,inf,inf,431.5599610714599,inf
57,72,inf,inf,inf,811.971058597534,inf
57,73,inf,inf,inf,720.6004440742456,inf
57,74,inf,inf,inf,878.1759504791736,inf
57,75,inf,inf,inf,512.7348242512888,inf
57,76,inf,inf,inf,324.49961479175903,inf
57,77,inf,inf,inf,588.7512208055283,inf
57,78,inf,inf,inf,191.9713520294109,inf
57,79,inf,inf,inf,691.5294643035827,inf
57,80,inf,inf,inf,333.7439138021846,inf
57,81,inf,inf,inf,894.418805705694,inf
57,82,inf,inf,inf,438.96469106296007,inf
57,83,inf,inf,inf,300.1283058959951,inf
57,84,inf,inf,inf,787.5239678892319,inf
57,85,inf,inf,inf,621.0442818350396,inf
57,86,inf,inf,inf,572.4028301816825,inf
57,87,inf,inf,inf,892.2875097187004,inf
57,88,inf,inf,inf,568.438211241996,inf
57,89,inf,inf,inf,71.02112361825881,inf
57,90,inf,inf,inf,669.0059790465255,inf
57,91,inf,inf,inf,751.0958660517312,inf
57,92,inf,inf,inf,430.8363958627451,inf
57,93,inf,inf,inf,727.3307363228919,inf
57,94,inf,inf,inf,383.03263568526376,inf
57,95,inf,inf,inf,795.025785745343,inf
57,96,inf,inf,inf,925.5036466702873,inf
57,97,inf,inf,inf,455.554607045083,inf
57,98,inf,inf,inf,735.3563761877638,inf
57,99,inf,inf,inf,385.7797298977747,inf
57,100,inf,inf,inf,446.5568272907716,inf
57,101,inf,inf,inf,895.6003573022958,inf
57,102,inf,inf,inf,780.0801240898271,inf
57,103,inf,inf,inf,931.2378858272466,inf
57,104,inf,inf,inf,1014.4382682056114,inf
57,105,inf,inf,inf,792.9211814550044,inf
57,106,inf,inf,inf,428.0280364649026,inf
57,107,inf,inf,inf,573.9843203433348,inf
57,108,inf,inf,inf,948.9304505599976,inf
57,109,inf,inf,inf,457.97161484092004,inf
57,110,inf,inf,inf,792.578071864217,inf
57,111,inf,inf,inf,373.4059453195677,inf
57,112,inf,inf,inf,526.806416058119,inf
57,113,inf,inf,inf,188.62131374794313,inf
57,114,inf,inf,inf,12.0,inf
57,115,inf,inf,inf,776.1861890036437,inf
57,116,inf,inf,inf,763.2358744189112,inf
57,117,inf,inf,inf,913.6613158058078,inf
57,118,inf,inf,inf,743.3794455054565,inf
57,119,inf,inf,inf,691.6834536115491,inf
57,120,inf,inf,inf,592.2161767462959,inf
57,121,inf,inf,inf,491.400040700039,inf
57,122,inf,inf,inf,967.6698817262011,inf
57,123,inf,inf,inf,477.6986497782886,inf
57,124,inf,inf,inf,684.0065789157294,inf
57,125,inf,inf,inf,540.2314318882233,inf
57,126,inf,inf,inf,282.93108701590216,inf
57,127,inf,inf,inf,799.1808306009348,inf
57,128,inf,inf,inf,976.671899872214,inf
57,129,inf,inf,inf,790.653527153329,inf
57,130,inf,inf,inf,739.6735766539183,inf
57,131,inf,inf,inf,395.4642841016114,inf
57,132,inf,inf,inf,595.5577218036888,inf
57,133,inf,inf,inf,722.1661858602907,inf
57,134,inf,inf,inf,243.29611587528478,inf
57,135,inf,inf,inf,1047.2917454081264,inf
57,136,inf,inf,inf,491.06109599519283,inf
57,137,inf,inf,inf,731.7075918698671,inf
57,138,inf,inf,inf,338.2366035780279,inf
57,139,inf,inf,inf,371.06603185956,inf
57,140,inf,inf,inf,438.1928799056416,inf
57,141,inf,inf,inf,562.7548311654019,inf
57,142,inf,inf,inf,312.64196775225173,inf
57,143,inf,inf,inf,614.9406475425088,inf
57,144,inf,inf,inf,595.1067131195883,inf
57,145,inf,inf,inf,567.1842734068003,inf
57,146,inf,inf,inf,579.2451985126851,inf
57,147,inf,inf,inf,604.4377552734442,inf
57,148,inf,inf,inf,862.1020821225292,inf
57,149,inf,inf,inf,766.5872422627447,inf
57,150,inf,inf,inf,439.31879085693566,inf
57,151,inf,inf,inf,396.0252517201397,inf
57,152,inf,inf,inf,883.3600624886774,inf
57,153,inf,inf,inf,513.4218538395108,inf
57,154,inf,inf,inf,843.7298145733621,inf
57,155,inf,inf,inf,927.8712195127081,inf
57,156,inf,inf,inf,530.347998959174,inf
57,157,inf,inf,inf,125.89678312014172,inf
57,158,inf,inf,inf,850.2811299799614,inf
57,159,inf,inf,inf,642.3464797132464,inf
57,160,inf,inf,inf,642.9844477123844,inf
57,161,inf,inf,inf,855.9982476617578,inf
57,162,inf,inf,inf,257.73047937719747,inf
57,163,inf,inf,inf,717.036261286694,inf
57,164,inf,inf,inf,525.1304599811365,inf
57,165,inf,inf,inf,731.4711204141965,inf
57,166,inf,inf,inf,449.6676550520395,inf
57,167,inf,inf,inf,123.5556554755791,inf
57,168,inf,inf,inf,877.2000911992657,inf
57,169,inf,inf,inf,446.8489677732287,inf
57,170,inf,inf,inf,902.1513176845667,inf
57,171,inf,inf,inf,850.7202830543068,inf
57,172,inf,inf,inf,1040.9851103642166,inf
57,173,inf,inf,inf,439.30058046854435,inf
57,174,inf,inf,inf,763.0491465167889,inf
57,175,inf,inf,inf,686.201865342845,inf
57,176,inf,inf,inf,683.1405419092033,inf
57,177,inf,inf,inf,874.6913741429031,inf
57,178,inf,inf,inf,519.353444197687,inf
57,179,inf,inf,inf,546.6735771920937,inf
57,180,inf,inf,inf,714.9636354388942,inf
57,181,inf,inf,inf,525.3046734991037,inf
57,182,inf,inf,inf,553.2829294312269,inf
57,183,inf,inf,inf,416.0048076645269,inf
57,184,inf,inf,inf,430.3324296401562,inf
57,185,inf,inf,inf,182.3896926912264,inf
57,186,inf,inf,inf,339.2653828494738,inf
57,187,inf,inf,inf,868.7329854448949,inf
57,188,inf,inf,inf,762.7175099602736,inf
57,189,inf,inf,inf,754.507786573472,inf
57,190,inf,inf,inf,608.888331305503,inf
57,191,inf,inf,inf,532.1522338579441,inf
57,192,inf,inf,inf,779.3721832346854,inf
57,193,inf,inf,inf,589.0415944566224,inf
57,194,inf,inf,inf,509.28675616002425,inf
57,195,inf,inf,inf,632.1550442731593,inf
57,196,inf,inf,inf,130.20752666416791,inf
57,197,inf,inf,inf,641.7670917085107,inf
57,198,inf,inf,inf,330.18328243568,inf
57,199,inf,inf,inf,387.3306081372863,inf
57,200,inf,inf,inf,526.4218840435873,inf
57,201,inf,inf,inf,824.5659464227225,inf
57,202,inf,inf,inf,445.87554317320433,inf
58,59,inf,inf,inf,839.1859150390931,inf
58,60,inf,inf,inf,466.71725916233265,inf
58,61,inf,inf,inf,682.4485328579731,inf
58,62,inf,inf,inf,212.46176126540982,inf
58,63,inf,inf,inf,762.1154768143736,inf
58,64,inf,inf,inf,497.11165747747253,inf
58,65,inf,inf,inf,347.3154186038967,inf
58,66,inf,inf,inf,579.7904793975148,inf
58,67,inf,inf,inf,389.0514104845271,inf
58,68,inf,inf,inf,547.4203138357217,inf
58,69,inf,inf,inf,345.74267888127434,inf
58,70,inf,inf,inf,583.1200562491398,inf
58,71,inf,inf,inf,587.2180174347513,inf
58,72,inf,inf,inf,844.2002132195893,inf
58,73,inf,inf,inf,714.7866814651767,inf
58,74,inf,inf,inf,688.7278127097816,inf
58,75,inf,inf,inf,337.85499848307705,inf
58,76,inf,inf,inf,337.2906758272455,inf
58,77,inf,inf,inf,515.8652924940774,inf
58,78,inf,inf,inf,311.8236681203016,inf
58,79,inf,inf,inf,711.7935093831637,inf
58,80,inf,inf,inf,405.2159917870962,inf
58,81,inf,inf,inf,737.4944067584513,inf
58,82,inf,inf,inf,623.542300088775,inf
58,83,inf,inf,inf,504.0198408793051,inf
58,84,inf,inf,inf,710.5723045545752,inf
58,85,inf,inf,inf,575.128681253161,inf
58,86,inf,inf,inf,616.8306088384395,inf
58,87,inf,inf,inf,898.6534370935216,inf
58,88,inf,inf,inf,580.6108851890395,inf
58,89,inf,inf,inf,135.6502856613284,inf
58,90,inf,inf,inf,642.0124609382593,inf
58,91,inf,inf,inf,614.00325732035,inf
58,92,inf,inf,inf,470.5581791872287,inf
58,93,inf,inf,inf,578.8134414472421,inf
58,94,inf,inf,inf,384.573790058553,inf
58,95,inf,inf,inf,662.8219972209733,inf
58,96,inf,inf,inf,756.6240810336399,inf
58,97,inf,inf,inf,658.9271583414968,inf
58,98,inf,inf,inf,635.7247832199088,inf
58,99,inf,inf,inf,181.59570479501986,inf
58,100,inf,inf,inf,516.2111970889434,inf
58,101,inf,inf,inf,737.5940617982225,inf
58,102,inf,inf,inf,623.8990302925627,inf
58,103,inf,inf,inf,798.2963109021612,inf
58,104,inf,inf,inf,819.103168105215,inf
58,105,inf,inf,inf,866.2130222987877,inf
58,106,inf,inf,inf,371.7324306540929,inf
58,107,inf,inf,inf,369.10296666377525,inf
58,108,inf,inf,inf,747.064923550825,inf
58,109,inf,inf,inf,507.21297302020974,inf
58,110,inf,inf,inf,636.2020119427476,inf
58,111,inf,inf,inf,472.84775562542325,inf
58,112,inf,inf,inf,504.47993022517755,inf
58,113,inf,inf,inf,325.9831283977746,inf
58,114,inf,inf,inf,201.64572894063488,inf
58,115,inf,inf,inf,584.1438179078847,inf
58,116,inf,inf,inf,758.3904007831322,inf
58,117,inf,inf,inf,784.4539502099534,inf
58,118,inf,inf,inf,581.6528174091483,inf
58,119,inf,inf,inf,818.284180465442,inf
58,120,inf,inf,inf,401.2542834662329,inf
58,121,inf,inf,inf,470.9575352407051,inf
58,122,inf,inf,inf,918.1426904354246,inf
58,123,inf,inf,inf,682.6162904589958,inf
58,124,inf,inf,inf,715.4369294354325,inf
58,125,inf,inf,inf,730.5018822699911,inf
58,126,inf,inf,inf,262.23081436017395,inf
58,127,inf,inf,inf,636.5885641448485,inf
58,128,inf,inf,inf,771.5367781253204,inf
58,129,inf,inf,inf,632.9059961795274,inf
58,130,inf,inf,inf,725.5136111748697,inf
58,131,inf,inf,inf,514.3004958193216,inf
58,132,inf,inf,inf,708.0692056571871,inf
58,133,inf,inf,inf,675.103695738662,inf
58,134,inf,inf,inf,92.9623579735368,inf
58,135,inf,inf,inf,888.4396434198555,inf
58,136,inf,inf,inf,567.2424525720902,inf
58,137,inf,inf,inf,781.7397265074866,inf
58,138,inf,inf,inf,508.46927144125436,inf
58,139,inf,inf,inf,303.48805577814755,inf
58,140,inf,inf,inf,545.7783432859901,inf
58,141,inf,inf,inf,413.0012106519786,inf
58,142,inf,inf,inf,212.43822631532208,inf
58,143,inf,inf,inf,569.9201698483745,inf
58,144,inf,inf,inf,412.8353182565658,inf
58,145,inf,inf,inf,692.8037240084669,inf
58,146,inf,inf,inf,576.8760698798313,inf
58,147,inf,inf,inf,770.023376268539,inf
58,148,inf,inf,inf,678.6670759658228,inf
58,149,inf,inf,inf,698.5248742886685,inf
58,150,inf,inf,inf,401.51961346863243,inf
58,151,inf,inf,inf,486.04217923962113,inf
58,152,inf,inf,inf,733.9223392158056,inf
58,153,inf,inf,inf,686.8282172421282,inf
58,154,inf,inf,inf,881.4448366176978,inf
58,155,inf,inf,inf,726.5314858972046,inf
58,156,inf,inf,inf,572.8944056281227,inf
58,157,inf,inf,inf,216.8985938174796,inf
58,158,inf,inf,inf,718.8080411347664,inf
58,159,inf,inf,inf,478.70659072128933,inf
58,160,inf,inf,inf,559.4157666709082,inf
58,161,inf,inf,inf,860.5777129347471,inf
58,162,inf,inf,inf,155.59562975867928,inf
58,163,inf,inf,inf,820.3828374606578,inf
58,164,inf,inf,inf,326.8837713928301,inf
58,165,inf,inf,inf,739.0027063549903,inf
58,166,inf,inf,inf,587.436805111835,inf
58,167,inf,inf,inf,176.40011337864837,inf
58,168,inf,inf,inf,672.2685475314162,inf
58,169,inf,inf,inf,595.5980188012717,inf
58,170,inf,inf,inf,846.4726811894168,inf
58,171,inf,inf,inf,820.224359550483,inf
58,172,inf,inf,inf,857.6788443234449,inf
58,173,inf,inf,inf,296.5535364820322,inf
58,174,inf,inf,inf,843.182661112051,inf
58,175,inf,inf,inf,735.9307032594849,inf
58,176,inf,inf,inf,478.5331754434587,inf
58,177,inf,inf,inf,895.179311646555,inf
58,178,inf,inf,inf,359.4732257067277,inf
58,179,inf,inf,inf,370.32553247109496,inf
58,180,inf,inf,inf,596.5266129855398,inf
58,181,inf,inf,inf,483.2163076718334,inf
58,182,inf,inf,inf,482.70591461054215,inf
58,183,inf,inf,inf,435.0,inf
58,184,inf,inf,inf,249.06424873915566,inf
58,185,inf,inf,inf,194.48650338776724,inf
58,186,inf,inf,inf,544.3620119001693,inf
58,187,inf,inf,inf,832.8661357024909,inf
58,188,inf,inf,inf,596.8659816072617,inf
58,189,inf,inf,inf,626.1317752677945,inf
58,190,inf,inf,inf,547.8412178724781,inf
58,191,inf,inf,inf,552.5658331818934,inf
58,192,inf,inf,inf,637.6284184381998,inf
58,193,inf,inf,inf,586.4170870634655,inf
58,194,inf,inf,inf,310.0,inf
58,195,inf,inf,inf,652.7671866753108,inf
58,196,inf,inf,inf,208.02163349036562,inf
58,197,inf,inf,inf,646.3203540041116,inf
58,198,inf,inf,inf,147.07821048680188,inf
58,199,inf,inf,inf,382.7531841800928,inf
58,200,inf,inf,inf,504.9801976315507,inf
58,201,inf,inf,inf,628.0031847053007,inf
58,202,inf,inf,inf,244.07375934335914,inf
59,60,inf,inf,inf,418.81977030699016,inf
59,61,inf,inf,inf,552.6345989892417,inf
59,62,inf,inf,inf,731.0984885772915,inf
59,63,inf,inf,inf,359.9180462271932,inf
59,64,inf,inf,inf,498.7755006012224,inf
59,65,inf,inf,inf,1186.2229975851926,inf
59,66,inf,inf,inf,459.04466013667997,inf
59,67,inf,inf,inf,502.8717530345088,inf
59,68,inf,inf,inf,1003.087234491597,inf
59,69,inf,inf,inf,642.1970102702129,inf
59,70,inf,inf,inf,410.62148019800424,inf
59,71,inf,inf,inf,376.3243282064023,inf
59,72,inf,inf,inf,254.77244748991205,inf
59,73,inf,inf,inf,379.82759246795115,inf
59,74,inf,inf,inf,1473.3000373311609,inf
59,75,inf,inf,inf,1166.6589047360844,inf
59,76,inf,inf,inf,514.0155639666955,inf
59,77,inf,inf,inf,588.1666430528002,inf
59,78,inf,inf,inf,912.3513577564293,inf
59,79,inf,inf,inf,290.27056344038743,inf
59,80,inf,inf,inf,434.2038691674684,inf
59,81,inf,inf,inf,999.3703017400508,inf
59,82,inf,inf,inf,936.0267090206347,inf
59,83,inf,inf,inf,657.231313922275,inf
59,84,inf,inf,inf,640.3452193934144,inf
59,85,inf,inf,inf,1366.9147742269815,inf
59,86,inf,inf,inf,264.1685068285014,inf
59,87,inf,inf,inf,381.4773912042495,inf
59,88,inf,inf,inf,352.6953359487477,inf
59,89,inf,inf,inf,762.6401510542177,inf
59,90,inf,inf,inf,449.4496634774577,inf
59,91,inf,inf,inf,1453.0289054248026,inf
59,92,inf,inf,inf,1163.4036272936405,inf
59,93,inf,inf,inf,870.2746692855078,inf
59,94,inf,inf,inf,486.2941496666395,inf
59,95,inf,inf,inf,842.1080690742726,inf
59,96,inf,inf,inf,1075.476173608695,inf
59,97,inf,inf,inf,797.9887217248123,inf
59,98,inf,inf,inf,700.5319407421763,inf
59,99,inf,inf,inf,969.932987375932,inf
59,100,inf,inf,inf,324.13731658048874,inf
59,101,inf,inf,inf,1004.9338286673407,inf
59,102,inf,inf,inf,927.8755304457598,inf
59,103,inf,inf,inf,920.6801833427284,inf
59,104,inf,inf,inf,1301.8175755458212,inf
59,105,inf,inf,inf,93.05912099305473,inf
59,106,inf,inf,inf,572.880441278981,inf
59,107,inf,inf,inf,1104.0335139840638,inf
59,108,inf,inf,inf,1313.417298500366,inf
59,109,inf,inf,inf,343.92150267175793,inf
59,110,inf,inf,inf,1469.243342676767,inf
59,111,inf,inf,inf,1070.8426588439593,inf
59,112,inf,inf,inf,460.3400916713642,inf
59,113,inf,inf,inf,895.6573005340827,inf
59,114,inf,inf,inf,758.1292765749124,inf
59,115,inf,inf,inf,1098.3027815679973,inf
59,116,inf,inf,inf,381.0577384071868,inf
59,117,inf,inf,inf,895.0558641783205,inf
59,118,inf,inf,inf,930.2994141672884,inf
59,119,inf,inf,inf,154.30489298787643,inf
59,120,inf,inf,inf,973.5912900185581,inf
59,121,inf,inf,inf,469.13750649463105,inf
59,122,inf,inf,inf,623.0288917859267,inf
59,123,inf,inf,inf,703.6163727486734,inf
59,124,inf,inf,inf,252.77064703006954,inf
59,125,inf,inf,inf,519.0240842196054,inf
59,126,inf,inf,inf,592.9266396443999,inf
59,127,inf,inf,inf,1465.49445580664,inf
59,128,inf,inf,inf,1404.4073483145835,inf
59,129,inf,inf,inf,1465.2020338506222,inf
59,130,inf,inf,inf,410.5715528382355,inf
59,131,inf,inf,inf,352.5677239907249,inf
59,132,inf,inf,inf,162.22515218054195,inf
59,133,inf,inf,inf,520.3268203735033,inf
59,134,inf,inf,inf,777.6920984554234,inf
59,135,inf,inf,inf,1112.2176046080192,inf
59,136,inf,inf,inf,1193.760863824912,inf
59,137,inf,inf,inf,176.91806012954132,inf
59,138,inf,inf,inf,471.1899829155964,inf
59,139,inf,inf,inf,615.6833601779408,inf
59,140,inf,inf,inf,308.00162337234525,inf
59,141,inf,inf,inf,1251.3580622667519,inf
59,142,inf,inf,inf,691.0028943499441,inf
59,143,inf,inf,inf,1360.8467951977548,inf
59,144,inf,inf,inf,1229.3087488503447,inf
59,145,inf,inf,inf,210.6418761785035,inf
59,146,inf,inf,inf,389.03084710598466,inf
59,147,inf,inf,inf,357.0504166080751,inf
59,148,inf,inf,inf,1478.5411729133552,inf
59,149,inf,inf,inf,602.5280076477774,inf
59,150,inf,inf,inf,529.8122308893973,inf
59,151,inf,inf,inf,356.1179579858337,inf
59,152,inf,inf,inf,960.058852362708,inf
59,153,inf,inf,inf,411.6430492550554,inf
59,154,inf,inf,inf,245.60130292814003,inf
59,155,inf,inf,inf,1452.6875094114357,inf
59,156,inf,inf,inf,298.4241947295829,inf
59,157,inf,inf,inf,871.0005740526237,inf
59,158,inf,inf,inf,868.1025285068579,inf
59,159,inf,inf,inf,886.2759164052694,inf
59,160,inf,inf,inf,624.871986890115,inf
59,161,inf,inf,inf,372.37749663479934,inf
59,162,inf,inf,inf,714.5886928856347,inf
59,163,inf,inf,inf,50.60632371551998,inf
59,164,inf,inf,inf,1116.445251680529,inf
59,165,inf,inf,inf,333.4936281250363,inf
59,166,inf,inf,inf,1077.388045227902,inf
59,167,inf,inf,inf,675.8476159608762,inf
59,168,inf,inf,inf,1310.267148332736,inf
59,169,inf,inf,inf,1052.825721570289,inf
59,170,inf,inf,inf,611.6804721421144,inf
59,171,inf,inf,inf,498.03714720892054,inf
59,172,inf,inf,inf,1238.3965439228261,inf
59,173,inf,inf,inf,1135.5654978908085,inf
59,174,1.0,62.6274,62.627416997969505,56.32051136131489,1.111982392989895
59,175,inf,inf,inf,187.94946129212502,inf
59,176,inf,inf,inf,1144.7292256249948,inf
59,177,inf,inf,inf,322.09470656935673,inf
59,178,inf,inf,inf,824.3348834060099,inf
59,179,inf,inf,inf,888.9476924993957,inf
59,180,inf,inf,inf,1433.8845839188034,inf
59,181,inf,inf,inf,1271.0236032426778,inf
59,182,inf,inf,inf,582.2319125571871,inf
59,183,inf,inf,inf,431.4487223297805,inf
59,184,inf,inf,inf,1077.7133199510897,inf
59,185,inf,inf,inf,926.2969286357372,inf
59,186,inf,inf,inf,689.2031630803793,inf
59,187,inf,inf,inf,524.6837142507856,inf
59,188,inf,inf,inf,1424.0400275273164,inf
59,189,inf,inf,inf,808.7879821065593,inf
59,190,inf,inf,inf,554.152506084742,inf
59,191,inf,inf,inf,349.87140494758927,inf
59,192,inf,inf,inf,870.4717112003124,inf
59,193,inf,inf,inf,386.61867518266627,inf
59,194,inf,inf,inf,1098.1516288746286,inf
59,195,inf,inf,inf,302.95214143491376,inf
59,196,inf,inf,inf,647.4272159864768,inf
59,197,inf,inf,inf,351.14242124813114,inf
59,198,inf,inf,inf,831.4956403974708,inf
59,199,inf,inf,inf,1133.001765223691,inf
59,200,inf,inf,inf,458.21392383907323,inf
59,201,inf,inf,inf,1164.7390265634615,inf
59,202,inf,inf,inf,1032.7405288841917,inf
60,61,inf,inf,inf,592.9628993453132,inf
60,62,inf,inf,inf,318.1147591671911,inf
60,63,inf,inf,inf,527.5916981909401,inf
60,64,inf,inf,inf,410.1036454361263,inf
60,65,inf,inf,inf,807.3320258728747,inf
60,66,inf,inf,inf,446.8646327468756,inf
60,67,inf,inf,inf,303.19960422137757,inf
60,68,inf,inf,inf,603.4716231936677,inf
60,69,inf,inf,inf,224.6352599215003,inf
60,70,inf,inf,inf,408.87161799273866,inf
60,71,inf,inf,inf,130.08458786497346,inf
60,72,inf,inf,inf,533.9222789882438,inf
60,73,inf,inf,inf,502.00099601494816,inf
60,74,inf,inf,inf,1147.9795294342143,inf
60,75,inf,inf,inf,804.5551565927597,inf
60,76,inf,inf,inf,240.35390573069537,inf
60,77,inf,inf,inf,503.7955934702089,inf
60,78,inf,inf,inf,493.53925882344964,inf
60,79,inf,inf,inf,440.5326321624767,inf
60,80,inf,inf,inf,137.13132391981054,inf
60,81,inf,inf,inf,912.9233264628525,inf
60,82,inf,inf,inf,565.2079263421559,inf
60,83,inf,inf,inf,285.4277491765648,inf
60,84,inf,inf,inf,669.3399734066388,inf
60,85,inf,inf,inf,953.1642041117574,inf
60,86,inf,inf,inf,307.6117683054405,inf
60,87,inf,inf,inf,639.1908948037354,inf
60,88,inf,inf,inf,352.60175836203655,inf
60,89,inf,inf,inf,362.5051723768917,inf
60,90,inf,inf,inf,491.0570231653346,inf
60,91,inf,inf,inf,1070.5535951086242,inf
60,92,inf,inf,inf,744.5871339205372,inf
60,93,inf,inf,inf,748.1844692320203,inf
60,94,inf,inf,inf,268.26852219371546,inf
60,95,inf,inf,inf,774.0232554645887,inf
60,96,inf,inf,inf,969.1651046132439,inf
60,97,inf,inf,inf,469.38257317459073,inf
60,98,inf,inf,inf,663.9917168158049,inf
60,99,inf,inf,inf,629.971427923521,inf
60,100,inf,inf,inf,177.4288589829738,inf
60,101,inf,inf,inf,916.4114796312845,inf
60,102,inf,inf,inf,809.6449839281412,inf
60,103,inf,inf,inf,895.9787943919208,inf
60,104,inf,inf,inf,1132.7157631109403,inf
60,105,inf,inf,inf,476.615148731133,inf
60,106,inf,inf,inf,377.9338566469006,inf
60,107,inf,inf,inf,798.2230264781892,inf
60,108,inf,inf,inf,1103.2792031031854,inf
60,109,inf,inf,inf,218.54976549975981,inf
60,110,inf,inf,inf,1100.8878235315349,inf
60,111,inf,inf,inf,655.0923599004952,inf
60,112,inf,inf,inf,378.8469347902923,inf
60,113,inf,inf,inf,477.16244613338966,inf
60,114,inf,inf,inf,345.094190040922,inf
60,115,inf,inf,inf,898.3078536893686,inf
60,116,inf,inf,inf,537.4988372080446,inf
60,117,inf,inf,inf,872.8602408175091,inf
60,118,inf,inf,inf,789.7651549669687,inf
60,119,inf,inf,inf,359.6109008358896,inf
60,120,inf,inf,inf,731.4711204141965,inf
60,121,inf,inf,inf,353.83612025908263,inf
60,122,inf,inf,inf,785.6035896048337,inf
60,123,inf,inf,inf,412.57484169541897,inf
60,124,inf,inf,inf,419.2195129046357,inf
60,125,inf,inf,inf,334.0718485595576,inf
60,126,inf,inf,inf,290.7232360854564,inf
60,127,inf,inf,inf,1102.6694881060234,inf
60,128,inf,inf,inf,1164.4165921181302,inf
60,129,inf,inf,inf,1097.9476308094115,inf
60,130,inf,inf,inf,530.4535794958877,inf
60,131,inf,inf,inf,67.72001181334805,inf
60,132,inf,inf,inf,263.2736219221364,inf
60,133,inf,inf,inf,565.9346251997663,inf
60,134,inf,inf,inf,433.7107330929222,inf
60,135,inf,inf,inf,1057.4544907465286,inf
60,136,inf,inf,inf,778.3090645752495,inf
60,137,inf,inf,inf,439.99318176535417,inf
60,138,inf,inf,inf,111.40017953306898,inf
60,139,inf,inf,inf,371.29503093900945,inf
60,140,inf,inf,inf,116.1077086157504,inf
60,141,inf,inf,inf,873.9387850416069,inf
60,142,inf,inf,inf,397.0201506221063,inf
60,143,inf,inf,inf,947.0047518360191,inf
60,144,inf,inf,inf,878.4816446574168,inf
60,145,inf,inf,inf,234.30749027719963,inf
60,146,inf,inf,inf,383.2662260100673,inf
60,147,inf,inf,inf,313.453345810824,inf
60,148,inf,inf,inf,1142.2092627885663,inf
60,149,inf,inf,inf,636.8940257217051,inf
60,150,inf,inf,inf,354.1143882984706,inf
60,151,inf,inf,inf,113.46365056704283,inf
60,152,inf,inf,inf,886.6910397652612,inf
60,153,inf,inf,inf,247.95160818191923,inf
60,154,inf,inf,inf,557.5392362874562,inf
60,155,inf,inf,inf,1163.4040570670193,inf
60,156,inf,inf,inf,277.8506793225455,inf
60,157,inf,inf,inf,455.58753275303746,inf
60,158,inf,inf,inf,820.880015593022,inf
60,159,inf,inf,inf,708.0939203241333,inf
60,160,inf,inf,inf,562.2499444197393,inf
60,161,inf,inf,inf,608.0304268702348,inf
60,162,inf,inf,inf,388.33619455312174,inf
60,163,inf,inf,inf,386.00129533461416,inf
60,164,inf,inf,inf,782.0613786653832,inf
60,165,inf,inf,inf,492.54441424099,inf
60,166,inf,inf,inf,676.187104284014,inf
60,167,inf,inf,inf,290.5236651290218,inf
60,168,inf,inf,inf,1063.7903928876215,inf
60,169,inf,inf,inf,656.4053625618852,inf
60,170,inf,inf,inf,735.6011147354251,inf
60,171,inf,inf,inf,651.6202882047182,inf
60,172,inf,inf,inf,1115.6809579803717,inf
60,173,inf,inf,inf,752.3808875828785,inf
60,174,inf,inf,inf,442.87470011279714,inf
60,175,inf,inf,inf,398.77437229591374,inf
60,176,inf,inf,inf,875.2285415821401,inf
60,177,inf,inf,inf,605.7664566481046,inf
60,178,inf,inf,inf,602.9610269329188,inf
60,179,inf,inf,inf,657.2929331736345,inf
60,180,inf,inf,inf,1041.3553668176874,inf
60,181,inf,inf,inf,857.7348075017126,inf
60,182,inf,inf,inf,474.94841825191924,inf
60,183,inf,inf,inf,250.05999280172747,inf
60,184,inf,inf,inf,715.731793341612,inf
60,185,inf,inf,inf,515.5657087122843,inf
60,186,inf,inf,inf,331.4407941095966,inf
60,187,inf,inf,inf,675.6248959296867,inf
60,188,inf,inf,inf,1063.3230929496453,inf
60,189,inf,inf,inf,732.0,inf
60,190,inf,inf,inf,499.1242330322181,inf
60,191,inf,inf,inf,313.5602015562562,inf
60,192,inf,inf,inf,779.1873972286769,inf
60,193,inf,inf,inf,390.9475668168303,inf
60,194,inf,inf,inf,764.034685076535,inf
60,195,inf,inf,inf,389.9358921669048,inf
60,196,inf,inf,inf,258.9903473104741,inf
60,197,inf,inf,inf,421.17098665506387,inf
60,198,inf,inf,inf,512.1415819868564,inf
60,199,inf,inf,inf,716.9553682064177,inf
60,200,inf,inf,inf,377.1604433129222,inf
60,201,inf,inf,inf,959.6150269769644,inf
60,202,inf,inf,inf,695.9173801537077,inf
61,62,inf,inf,inf,728.5519885361648,inf
61,63,inf,inf,inf,211.29126815843574,inf
61,64,inf,inf,inf,203.82345301755635,inf
61,65,inf,inf,inf,963.836085649422,inf
61,66,inf,inf,inf,146.15402833996743,inf
61,67,inf,inf,inf,336.34060117684277,inf
61,68,inf,inf,inf,1121.1177458233367,inf
61,69,inf,inf,inf,742.359751064132,inf
61,70,inf,inf,inf,187.3205808233575,inf
61,71,inf,inf,inf,677.2687797322419,inf
61,72,inf,inf,inf,349.87140494758927,inf
61,73,inf,inf,inf,175.6359872008012,inf
61,74,inf,inf,inf,1110.186470823708,inf
61,75,inf,inf,inf,908.4943588157277,inf
61,76,inf,inf,inf,420.6292904684599,inf
61,77,inf,inf,inf,169.1892431568863,inf
61,78,inf,inf,inf,927.7036164637929,inf
61,79,inf,inf,inf,262.39283526803854,inf
61,80,inf,inf,inf,470.59111763823165,inf
61,81,inf,inf,inf,458.0589481715208,inf
61,82,inf,inf,inf,1125.8494570767443,inf
61,83,inf,inf,inf,866.0092378260176,inf
61,84,inf,inf,inf,88.84255736976509,inf
61,85,inf,inf,inf,1252.144161029392,inf
61,86,inf,inf,inf,338.0532502432124,inf
61,87,inf,inf,inf,306.3494736408078,inf
61,88,inf,inf,inf,253.03161857759991,inf
61,89,inf,inf,inf,702.0861770466643,inf
61,90,inf,inf,inf,112.01785571952357,inf
61,91,inf,inf,inf,1207.6820773697025,inf
61,92,inf,inf,inf,1141.8848453324879,inf
61,93,inf,inf,inf,363.0716182793692,inf
61,94,inf,inf,inf,363.73204423036475,inf
61,95,inf,inf,inf,303.48805577814755,inf
61,96,inf,inf,inf,538.6575906826154,inf
61,97,inf,inf,inf,1057.2402754341135,inf
61,98,inf,inf,inf,163.24827717314508,inf
61,99,inf,inf,inf,708.9858954873503,inf
61,100,inf,inf,inf,426.1384751462839,inf
61,101,inf,inf,inf,464.16484140873916,inf
61,102,inf,inf,inf,409.42154315570644,inf
61,103,inf,inf,inf,368.0774375046642,inf
61,104,inf,inf,inf,787.1327715195195,inf
61,105,inf,inf,inf,497.627370629872,inf
61,106,inf,inf,inf,315.9192934912333,inf
61,107,inf,inf,inf,756.7198953377663,inf
61,108,inf,inf,inf,828.4020762890445,inf
61,109,inf,inf,inf,378.1600190395595,inf
61,110,inf,inf,inf,1187.6081003428699,inf
61,111,inf,inf,inf,1109.3227663759542,inf
61,112,inf,inf,inf,221.3504009483606,inf
61,113,inf,inf,inf,926.6741606411608,inf
61,114,inf,inf,inf,747.010709427917,inf
61,115,inf,inf,inf,624.3204305482882,inf
61,116,inf,inf,inf,191.049731745428,inf
61,117,inf,inf,inf,342.4616766880639,inf
61,118,inf,inf,inf,428.06541556168725,inf
61,119,inf,inf,inf,664.2476947645358,inf
61,120,inf,inf,inf,566.5200790792856,inf
61,121,inf,inf,inf,254.01771591761076,inf
61,122,inf,inf,inf,235.71593073019056,inf
61,123,inf,inf,inf,1005.5093236763148,inf
61,124,inf,inf,inf,299.9766657591887,inf
61,125,inf,inf,inf,897.7377122523037,inf
61,126,inf,inf,inf,456.21157372429735,inf
61,127,inf,inf,inf,1172.0209042504318,inf
61,128,inf,inf,inf,940.1324374788906,inf
61,129,inf,inf,inf,1181.4609599982557,inf
61,130,inf,inf,inf,149.80654191322887,inf
61,131,inf,inf,inf,554.3978715687858,inf
61,132,inf,inf,inf,567.1207984195254,inf
61,133,inf,inf,inf,32.7566787083184,inf
61,134,inf,inf,inf,589.9237238830118,inf
61,135,inf,inf,inf,560.3936116695122,inf
61,136,inf,inf,inf,1222.104741828621,inf
61,137,inf,inf,inf,380.5798207997897,inf
61,138,inf,inf,inf,704.0063920164362,inf
61,139,inf,inf,inf,381.93847672105517,inf
61,140,inf,inf,inf,523.6353693172377,inf
61,141,inf,inf,inf,1015.8395542604156,inf
61,142,inf,inf,inf,470.03191381011567,inf
61,143,inf,inf,inf,1247.3191251640455,inf
61,144,inf,inf,inf,938.5547400125365,inf
61,145,inf,inf,inf,607.1614282874036,inf
61,146,inf,inf,inf,214.94650497274898,inf
61,147,inf,inf,inf,796.1607877809607,inf
61,148,inf,inf,inf,1133.1906282704601,inf
61,149,inf,inf,inf,50.80354318352215,inf
61,150,inf,inf,inf,298.8812473207377,inf
61,151,inf,inf,inf,483.5297302131483,inf
61,152,inf,inf,inf,415.80043290020757,inf
61,153,inf,inf,inf,787.0101651185962,inf
61,154,inf,inf,inf,388.2331773560833,inf
61,155,inf,inf,inf,1039.9076882108334,inf
61,156,inf,inf,inf,340.12938714553906,inf
61,157,inf,inf,inf,843.4743623845362,inf
61,158,inf,inf,inf,319.7889929312765,inf
61,159,inf,inf,inf,427.60729647656854,inf
61,160,inf,inf,inf,145.08618128546908,inf
61,161,inf,inf,inf,275.0890764825096,inf
61,162,inf,inf,inf,528.577335874326,inf
61,163,inf,inf,inf,580.086200490927,inf
61,164,inf,inf,inf,813.477104779231,inf
61,165,inf,inf,inf,225.5681715136247,inf
61,166,inf,inf,inf,1183.970438820159,inf
61,167,inf,inf,inf,615.8904123299859,inf
61,168,inf,inf,inf,859.9331369356573,inf
61,169,inf,inf,inf,1176.189185462951,inf
61,170,inf,inf,inf,165.32392446346051,inf
61,171,inf,inf,inf,159.02201105507376,inf
61,172,inf,inf,inf,701.9066889551631,inf
61,173,inf,inf,inf,932.489142027938,inf
61,174,inf,inf,inf,509.47129457899786,inf
61,175,inf,inf,inf,365.0671171168392,inf
61,176,inf,inf,inf,740.2769751923938,inf
61,177,inf,inf,inf,343.86334494970527,inf
61,178,inf,inf,inf,435.0735569992734,inf
61,179,inf,inf,inf,490.97555947317784,inf
61,180,inf,inf,inf,1219.6409307661006,inf
61,181,inf,inf,inf,1163.124240999215,inf
61,182,inf,inf,inf,200.24235316236172,inf
61,183,inf,inf,inf,352.5067375242635,inf
61,184,inf,inf,inf,835.2754036843178,inf
61,185,inf,inf,inf,858.7834418524848,inf
61,186,inf,inf,inf,915.4856634595651,inf
61,187,inf,inf,inf,161.25135658344087,inf
61,188,inf,inf,inf,1130.07477628695,inf
61,189,inf,inf,inf,278.9928314491252,inf
61,190,inf,inf,inf,134.6476884316994,inf
61,191,inf,inf,inf,286.9233347080715,inf
61,192,inf,inf,inf,341.57576026410305,inf
61,193,inf,inf,inf,209.45882650296693,inf
61,194,inf,inf,inf,798.1102680707722,inf
61,195,inf,inf,inf,261.2374398894615,inf
61,196,inf,inf,inf,608.9113235931814,inf
61,197,inf,inf,inf,211.00236965494014,inf
61,198,inf,inf,inf,579.4963330341271,inf
61,199,inf,inf,inf,1063.5581789446217,inf
61,200,inf,inf,inf,222.49719099350446,inf
61,201,inf,inf,inf,688.0029069706028,inf
61,202,inf,inf,inf,750.959386385176,inf
62,63,inf,inf,inf,748.6788363510751,inf
62,64,inf,inf,inf,525.3608283836929,inf
62,65,inf,inf,inf,510.09802979427394,inf
62,66,inf,inf,inf,597.8904581944756,inf
62,67,inf,inf,inf,394.0977036218303,inf
62,68,inf,inf,inf,399.39579366838603,inf
62,69,inf,inf,inf,138.6578522839583,inf
62,70,inf,inf,inf,583.013721965444,inf
62,71,inf,inf,inf,416.92325432865937,inf
62,72,inf,inf,inf,798.2493344814012,inf
62,73,inf,inf,inf,708.4885320172797,inf
62,74,inf,inf,inf,889.221007399173,inf
62,75,inf,inf,inf,524.6732316404183,inf
62,76,inf,inf,inf,313.28740798187215,inf
62,77,inf,inf,inf,580.679774057957,inf
62,78,inf,inf,inf,203.78910667648555,inf
62,79,inf,inf,inf,678.3877947015261,inf
62,80,inf,inf,inf,319.7811751807789,inf
62,81,inf,inf,inf,892.1670247212683,inf
62,82,inf,inf,inf,440.4463644985618,inf
62,83,inf,inf,inf,291.67104758614624,inf
62,84,inf,inf,inf,779.1155241682712,inf
62,85,inf,inf,inf,636.1359917501917,inf
62,86,inf,inf,inf,558.6161472782541,inf
62,87,inf,inf,inf,879.4145780006152,inf
62,88,inf,inf,inf,555.8929753108956,inf
62,89,inf,inf,inf,76.89603370785778,inf
62,90,inf,inf,inf,658.027355054484,inf
62,91,inf,inf,inf,765.205854656118,inf
62,92,inf,inf,inf,444.6403040661069,inf
62,93,inf,inf,inf,724.5722876290536,inf
62,94,inf,inf,inf,371.87766805765574,inf
62,95,inf,inf,inf,790.6509975962846,inf
62,96,inf,inf,inf,924.5214978571347,inf
62,97,inf,inf,inf,451.27929267804876,inf
62,98,inf,inf,inf,728.6000274499035,inf
62,99,inf,inf,inf,393.70674365573166,inf
62,100,inf,inf,inf,432.26149493101974,inf
62,101,inf,inf,inf,893.4590085728612,inf
62,102,inf,inf,inf,777.9524407057285,inf
62,103,inf,inf,inf,926.6784771429625,inf
62,104,inf,inf,inf,1017.3426168209016,inf
62,105,inf,inf,inf,778.1548689046416,inf
62,106,inf,inf,inf,419.8392549536072,inf
62,107,inf,inf,inf,581.5573918367817,inf
62,108,inf,inf,inf,953.5711824504765,inf
62,109,inf,inf,inf,444.30282465903815,inf
62,110,inf,inf,inf,805.9633986726692,inf
62,111,inf,inf,inf,384.68818541774846,inf
62,112,inf,inf,inf,516.0620117776544,inf
62,113,inf,inf,inf,199.01004999748127,inf
62,114,inf,inf,inf,27.073972741361768,inf
62,115,inf,inf,inf,778.6578195844437,inf
62,116,inf,inf,inf,751.0046604382692,inf
62,117,inf,inf,inf,908.8124118870736,inf
62,118,inf,inf,inf,741.9029586138607,inf
62,119,inf,inf,inf,676.6099319401097,inf
62,120,inf,inf,inf,594.8083725032794,inf
62,121,inf,inf,inf,480.7213329986511,inf
62,122,inf,inf,inf,957.3348421529429,inf
62,123,inf,inf,inf,470.1967673219373,inf
62,124,inf,inf,inf,670.4699844139184,inf
62,125,inf,inf,inf,528.3152467987271,inf
62,126,inf,inf,inf,274.3155117743071,inf
62,127,inf,inf,inf,812.2567328129696,inf
62,128,inf,inf,inf,983.1607193129718,inf
62,129,inf,inf,inf,803.9713925258784,inf
62,130,inf,inf,inf,727.9079612148778,inf
62,131,inf,inf,inf,380.34852438257207,inf
62,132,inf,inf,inf,580.4291515766588,inf
62,133,inf,inf,inf,712.1270953980055,inf
62,134,inf,inf,inf,245.01836665850175,inf
62,135,inf,inf,inf,1045.0478457946315,inf
62,136,inf,inf,inf,503.1262267065791,inf
62,137,inf,inf,inf,717.5270029761946,inf
62,138,inf,inf,inf,324.11880537852164,inf
62,139,inf,inf,inf,364.1606788218629,inf
62,140,inf,inf,inf,423.14300183271376,inf
62,141,inf,inf,inf,576.1683781673548,inf
62,142,inf,inf,inf,308.8721418321827,inf
62,143,inf,inf,inf,630.0293643950256,inf
62,144,inf,inf,inf,606.6176720142597,inf
62,145,inf,inf,inf,552.0769873849117,inf
62,146,inf,inf,inf,567.3182528352141,inf
62,147,inf,inf,inf,590.4066395290622,inf
62,148,inf,inf,inf,873.7579756431411,inf
62,149,inf,inf,inf,757.6707728294658,inf
62,150,inf,inf,inf,429.9232489642773,inf
62,151,inf,inf,inf,381.3200755271088,inf
62,152,inf,inf,inf,880.3783277659668,inf
62,153,inf,inf,inf,499.78495375511255,inf
62,154,inf,inf,inf,829.805398873736,inf
62,155,inf,inf,inf,936.9589105184923,inf
62,156,inf,inf,inf,516.7165567310574,inf
62,157,inf,inf,inf,140.60227594174995,inf
62,158,inf,inf,inf,845.7334095328149,inf
62,159,inf,inf,inf,641.3267497929585,inf
62,160,inf,inf,inf,635.403808613074,inf
62,161,inf,inf,inf,843.2378075015375,inf
62,162,inf,inf,inf,255.4094751570505,inf
62,163,inf,inf,inf,701.9287713151527,inf
62,164,inf,inf,inf,534.6634455430818,inf
62,165,inf,inf,inf,718.7663041629038,inf
62,166,inf,inf,inf,457.48224009244336,inf
62,167,inf,inf,inf,116.21101496846157,inf
62,168,inf,inf,inf,883.4347740495616,inf
62,169,inf,inf,inf,453.5339017096737,inf
62,170,inf,inf,inf,892.2510857376415,inf
62,171,inf,inf,inf,839.5546438439846,inf
62,172,inf,inf,inf,1041.7758876073108,inf
62,173,inf,inf,inf,452.71182887130306,inf
62,174,inf,inf,inf,748.179791226681,inf
62,175,inf,inf,inf,672.0788644199429,inf
62,176,inf,inf,inf,689.1632607735268,inf
62,177,inf,inf,inf,861.307146144742,inf
62,178,inf,inf,inf,518.4100693466515,inf
62,179,inf,inf,inf,547.3910850571098,inf
62,180,inf,inf,inf,729.5478051505604,inf
62,181,inf,inf,inf,540.409104290444,inf
62,182,inf,inf,inf,545.2201390264303,inf
62,183,inf,inf,inf,403.7635446644484,inf
62,184,inf,inf,inf,441.5755880933637,inf
62,185,inf,inf,inf,197.4968354176846,inf
62,186,inf,inf,inf,332.0993827154757,inf
62,187,inf,inf,inf,857.8123337886906,inf
62,188,inf,inf,inf,775.5804278087477,inf
62,189,inf,inf,inf,749.9046606069335,inf
62,190,inf,inf,inf,600.0016666643519,inf
62,191,inf,inf,inf,519.3659596084441,inf
62,192,inf,inf,inf,775.8672566876372,inf
62,193,inf,inf,inf,577.0970455651285,inf
62,194,inf,inf,inf,518.6135362676142,inf
62,195,inf,inf,inf,619.1098448579218,inf
62,196,inf,inf,inf,119.75391434103521,inf
62,197,inf,inf,inf,629.363170196668,inf
62,198,inf,inf,inf,333.01651610693426,inf
62,199,inf,inf,inf,402.24370722237535,inf
62,200,inf,inf,inf,515.6326211557993,inf
62,201,inf,inf,inf,827.8743866070504,inf
62,202,inf,inf,inf,454.5943246456119,inf
63,64,inf,inf,inf,276.181100005051,inf
63,65,inf,inf,inf,1080.8959246847035,inf
63,66,inf,inf,inf,195.6041921841145,inf
63,67,inf,inf,inf,373.99064159414473,inf
63,68,inf,inf,inf,1113.6431205731933,inf
63,69,inf,inf,inf,722.6963401041962,inf
63,70,inf,inf,inf,179.47980387776224,inf
63,71,inf,inf,inf,575.2955762040935,inf
63,72,inf,inf,inf,138.6578522839583,inf
63,73,inf,inf,inf,50.635955604688654,inf
63,74,inf,inf,inf,1279.8195185259522,inf
63,75,inf,inf,inf,1037.405417375483,inf
63,76,inf,inf,inf,441.04534914223956,inf
63,77,inf,inf,inf,317.90721916936707,inf
63,78,inf,inf,inf,952.3119236888721,inf
63,79,inf,inf,inf,91.706052144883,inf
63,80,inf,inf,inf,440.1136216933077,inf
63,81,inf,inf,inf,669.2637746060965,inf
63,82,inf,inf,inf,1091.0714916997877,inf
63,83,inf,inf,inf,813.0190649671138,inf
63,84,inf,inf,inf,292.138665705175,inf
63,85,inf,inf,inf,1336.0452836636937,inf
63,86,inf,inf,inf,221.60324907365415,inf
63,87,inf,inf,inf,136.6235704408284,inf
63,88,inf,inf,inf,192.8237537234456,inf
63,89,inf,inf,inf,743.7398738806465,inf
63,90,inf,inf,inf,144.22205101855957,inf
63,91,inf,inf,inf,1338.2152293259855,inf
63,92,inf,inf,inf,1188.1940077276943,inf
63,93,inf,inf,inf,567.8952368174961,inf
63,94,inf,inf,inf,384.8649113650139,inf
63,95,inf,inf,inf,514.662025022247,inf
63,96,inf,inf,inf,749.9466647702355,inf
63,97,inf,inf,inf,993.6483281322421,inf
63,98,inf,inf,inf,373.35505889166683,inf
63,99,inf,inf,inf,832.1352053602828,inf
63,100,inf,inf,inf,350.7962371519968,inf
63,101,inf,inf,inf,675.3969203364788,inf
63,102,inf,inf,inf,617.7782773778955,inf
63,103,inf,inf,inf,572.5740126830766,inf
63,104,inf,inf,inf,996.5711213957587,inf
63,105,inf,inf,inf,293.027302482209,inf
63,106,inf,inf,inf,399.4058086708304,inf
63,107,inf,inf,inf,914.595539022578,inf
63,108,inf,inf,inf,1031.8304124225065,inf
63,109,inf,inf,inf,317.40352865083275,inf
63,110,inf,inf,inf,1330.6047497284835,inf
63,111,inf,inf,inf,1131.8502551132813,inf
63,112,inf,inf,inf,259.3067681338071,inf
63,113,inf,inf,inf,945.1692970045102,inf
63,114,inf,inf,inf,771.9125598149054,inf
63,115,inf,inf,inf,822.9823813423955,inf
63,116,inf,inf,inf,21.540659228538015,inf
63,117,inf,inf,inf,547.2440040786194,inf
63,118,inf,inf,inf,632.4080960898588,inf
63,119,inf,inf,inf,491.03665850932146,inf
63,120,inf,inf,inf,741.1565286766352,inf
63,121,inf,inf,inf,291.49442533262965,inf
63,122,inf,inf,inf,278.21214926742505,inf
63,123,inf,inf,inf,923.8100454097693,inf
63,124,inf,inf,inf,125.41929676090518,inf
63,125,inf,inf,inf,782.7700811860402,inf
63,126,inf,inf,inf,504.4016256912739,inf
63,127,inf,inf,inf,1318.9044696262122,inf
63,128,inf,inf,inf,1138.9438089739108,inf
63,129,inf,inf,inf,1325.0999962267,inf
63,130,inf,inf,inf,62.369864518050704,inf
63,131,inf,inf,inf,471.42867965366725,inf
63,132,inf,inf,inf,414.66371917494786,inf
63,133,inf,inf,inf,183.15294155431957,inf
63,134,inf,inf,inf,675.9955621156104,inf
63,135,inf,inf,inf,766.5409317185873,inf
63,136,inf,inf,inf,1251.651708743291,inf
63,137,inf,inf,inf,183.0,inf
63,138,inf,inf,inf,629.832517420306,inf
63,139,inf,inf,inf,465.63612402819433,inf
63,140,inf,inf,inf,428.5533805723623,inf
63,141,inf,inf,inf,1139.074185468181,inf
63,142,inf,inf,inf,559.5158621522718,inf
63,143,inf,inf,inf,1330.6618653887997,inf
63,144,inf,inf,inf,1080.2134048418395,inf
63,145,inf,inf,inf,463.88037250998235,inf
63,146,inf,inf,inf,186.12361483702168,inf
63,147,inf,inf,inf,654.3790950206158,inf
63,148,inf,inf,inf,1297.222031881975,inf
63,149,inf,inf,inf,256.33766793040775,inf
63,150,inf,inf,inf,363.10053704174,inf
63,151,inf,inf,inf,415.17345772580404,inf
63,152,inf,inf,inf,626.7519445522287,inf
63,153,inf,inf,inf,667.5784598082835,inf
63,154,inf,inf,inf,177.80044994318772,inf
63,155,inf,inf,inf,1224.6158581367465,inf
63,156,inf,inf,inf,250.3197954617253,inf
63,157,inf,inf,inf,880.7161858396836,inf
63,158,inf,inf,inf,530.0235843809216,inf
63,159,inf,inf,inf,617.3005750847799,inf
63,160,inf,inf,inf,327.5881560740559,inf
63,161,inf,inf,inf,98.47842403288143,inf
63,162,inf,inf,inf,608.4619955264257,inf
63,163,inf,inf,inf,395.4642841016114,inf
63,164,inf,inf,inf,956.4627541101639,inf
63,165,inf,inf,inf,35.84689665786984,inf
63,166,inf,inf,inf,1182.7400390618388,inf
63,167,inf,inf,inf,649.9453823206993,inf
63,168,inf,inf,inf,1054.197799276777,inf
63,169,inf,inf,inf,1168.3325725152065,inf
63,170,inf,inf,inf,254.00787389370433,inf
63,171,inf,inf,inf,143.4015341619468,inf
63,172,inf,inf,inf,913.1861803597336,inf
63,173,inf,inf,inf,1041.3932974625868,inf
63,174,inf,inf,inf,310.7426588030681,inf
63,175,inf,inf,inf,183.46116755324545,inf
63,176,inf,inf,inf,918.1949684026808,inf
63,177,inf,inf,inf,146.84004903295286,inf
63,178,inf,inf,inf,597.1205908357206,inf
63,179,inf,inf,inf,659.3519545735797,inf
63,180,inf,inf,inf,1339.2565101577816,inf
63,181,inf,inf,inf,1242.5111669518305,inf
63,182,inf,inf,inf,332.0316249997882,inf
63,183,inf,inf,inf,345.37660604042077,inf
63,184,inf,inf,inf,956.0423630781222,inf
63,185,inf,inf,inf,912.4828765516644,inf
63,186,inf,inf,inf,858.5161617581815,inf
63,187,inf,inf,inf,170.55790805471318,inf
63,188,inf,inf,inf,1276.492459828886,inf
63,189,inf,inf,inf,488.6972477925367,inf
63,190,inf,inf,inf,274.69619582367716,inf
63,191,inf,inf,inf,230.3410514867031,inf
63,192,inf,inf,inf,551.5886148208644,inf
63,193,inf,inf,inf,176.3774361986249,inf
63,194,inf,inf,inf,939.5530852485133,inf
63,195,inf,inf,inf,137.88763541376724,inf
63,196,inf,inf,inf,633.2021794024402,inf
63,197,inf,inf,inf,119.50732195141852,inf
63,198,inf,inf,inf,692.0722505634798,inf
63,199,inf,inf,inf,1125.770847019943,inf
63,200,inf,inf,inf,258.5207922005501,inf
63,201,inf,inf,inf,888.1666510289609,inf
63,202,inf,inf,inf,883.904972267947,inf
64,65,inf,inf,inf,805.8113923245315,inf
64,66,inf,inf,inf,83.3606621854697,inf
64,67,inf,inf,inf,132.5481044753187,inf
64,68,inf,inf,inf,917.320554659057,inf
64,69,inf,inf,inf,540.586718297814,inf
64,70,inf,inf,inf,103.40696301506973,inf
64,71,inf,inf,inf,512.0244134804511,inf
64,72,inf,inf,inf,387.2492737243028,inf
64,73,inf,inf,inf,226.00884938426637,inf
64,74,inf,inf,inf,1013.28081004231,inf
64,75,inf,inf,inf,761.2371509588849,inf
64,76,inf,inf,inf,217.0829334609241,inf
64,77,inf,inf,inf,100.66280345788111,inf
64,78,inf,inf,inf,725.7396227298052,inf
64,79,inf,inf,inf,254.5937941113255,inf
64,80,inf,inf,inf,278.3522947633089,inf
64,81,inf,inf,inf,528.441103624614,inf
64,82,inf,inf,inf,924.5782822454787,inf
64,83,inf,inf,inf,670.9783901140185,inf
64,84,inf,inf,inf,265.64826368715455,inf
64,85,inf,inf,inf,1072.0172573237803,inf
64,86,inf,inf,inf,236.81216184985095,inf
64,87,inf,inf,inf,411.1471755953092,inf
64,88,inf,inf,inf,146.4137971640651,inf
64,89,inf,inf,inf,502.283784329138,inf
64,90,inf,inf,inf,145.06550244630873,inf
64,91,inf,inf,inf,1062.09227471063,inf
64,92,inf,inf,inf,945.5501044365656,inf
64,93,inf,inf,inf,380.13813278859567,inf
64,94,inf,inf,inf,161.14899937635357,inf
64,95,inf,inf,inf,377.54602368453044,inf
64,96,inf,inf,inf,596.4830257433987,inf
64,97,inf,inf,inf,863.7042317830798,inf
64,98,inf,inf,inf,255.3311575190149,inf
64,99,inf,inf,inf,556.0224815598737,inf
64,100,inf,inf,inf,265.06225683789836,inf
64,101,inf,inf,inf,533.0337700371338,inf
64,102,inf,inf,inf,440.6472512112154,inf
64,103,inf,inf,inf,490.0091835874099,inf
64,104,inf,inf,inf,806.3808033429367,inf
64,105,inf,inf,inf,477.23055224911997,inf
64,106,inf,inf,inf,126.14673994994877,inf
64,107,inf,inf,inf,644.5254067916951,inf
64,108,inf,inf,inf,814.6864427496017,inf
64,109,inf,inf,inf,215.3903433304288,inf
64,110,inf,inf,inf,1054.9620846267414,inf
64,111,inf,inf,inf,907.5334704571507,inf
64,112,inf,inf,inf,40.24922359499622,inf
64,113,inf,inf,inf,723.9012363575573,inf
64,114,inf,inf,inf,544.4162010814888,inf
64,115,inf,inf,inf,599.6332212277769,inf
64,116,inf,inf,inf,268.1865022703417,inf
64,117,inf,inf,inf,466.0386250087003,inf
64,118,inf,inf,inf,436.31181510474823,inf
64,119,inf,inf,inf,569.1230095506594,inf
64,120,inf,inf,inf,485.5975700103945,inf
64,121,inf,inf,inf,56.293871780150276,inf
64,122,inf,inf,inf,433.0011547328713,inf
64,123,inf,inf,inf,819.7932666227505,inf
64,124,inf,inf,inf,276.06158733152284,inf
64,125,inf,inf,inf,733.3928006191497,inf
64,126,inf,inf,inf,255.1960031034969,inf
64,127,inf,inf,inf,1043.8414630584473,inf
64,128,inf,inf,inf,908.037994799777,inf
64,129,inf,inf,inf,1049.5418047891185,inf
64,130,inf,inf,inf,231.08872754853275,inf
64,131,inf,inf,inf,384.15751977541714,inf
64,132,inf,inf,inf,455.18567640030153,inf
64,133,inf,inf,inf,186.94651641579205,inf
64,134,inf,inf,inf,407.3057819378458,inf
64,135,inf,inf,inf,662.6952542458713,inf
64,136,inf,inf,inf,1021.8199450000964,inf
64,137,inf,inf,inf,362.74095440134687,inf
64,138,inf,inf,inf,521.1036365254037,inf
64,139,inf,inf,inf,194.28072472584614,inf
64,140,inf,inf,inf,364.4969135671796,inf
64,141,inf,inf,inf,863.306434587395,inf
64,142,inf,inf,inf,287.9756934187328,inf
64,143,inf,inf,inf,1066.8725322174155,inf
64,144,inf,inf,inf,804.7465439503297,inf
64,145,inf,inf,inf,481.6149914610217,inf
64,146,inf,inf,inf,114.58621208504974,inf
64,147,inf,inf,inf,657.4191965557441,inf
64,148,inf,inf,inf,1027.601576487697,inf
64,149,inf,inf,inf,237.9936973955403,inf
64,150,inf,inf,inf,98.11218069128827,inf
64,151,inf,inf,inf,310.195099896823,inf
64,152,inf,inf,inf,495.59055681076086,inf
64,153,inf,inf,inf,629.5371315498396,inf
64,154,inf,inf,inf,428.5615475051396,inf
64,155,inf,inf,inf,970.9582895263833,inf
64,156,inf,inf,inf,212.94130646729863,inf
64,157,inf,inf,inf,643.5254462723288,inf
64,158,inf,inf,inf,418.7278352342963,inf
64,159,inf,inf,inf,387.5358047974406,inf
64,160,inf,inf,inf,155.15798400340216,inf
64,161,inf,inf,inf,373.06567786383135,inf
64,162,inf,inf,inf,341.5406271587613,inf
64,163,inf,inf,inf,509.23079247036895,inf
64,164,inf,inf,inf,681.5254947542314,inf
64,165,inf,inf,inf,261.2374398894615,inf
64,166,inf,inf,inf,980.1969189912811,inf
64,167,inf,inf,inf,413.88524979757375,inf
64,168,inf,inf,inf,816.0055146872477,inf
64,169,inf,inf,inf,972.3831549343088,inf
64,170,inf,inf,inf,366.8950803703969,inf
64,171,inf,inf,inf,324.09875038327436,inf
64,172,inf,inf,inf,755.3575312393463,inf
64,173,inf,inf,inf,767.7760090026258,inf
64,174,inf,inf,inf,472.8096868720014,inf
64,175,inf,inf,inf,326.2177187094533,inf
64,176,inf,inf,inf,661.5935308027127,inf
64,177,inf,inf,inf,420.1071291944473,inf
64,178,inf,inf,inf,336.41194984720744,inf
64,179,inf,inf,inf,401.04488526846967,inf
64,180,inf,inf,inf,1064.1747976718862,inf
64,181,inf,inf,inf,980.311175086768,inf
64,182,inf,inf,inf,84.59905436823747,inf
64,183,inf,inf,inf,160.3277892319357,inf
64,184,inf,inf,inf,680.2653893885827,inf
64,185,inf,inf,inf,663.5367359837735,inf
64,186,inf,inf,inf,721.1560164069908,inf
64,187,inf,inf,inf,338.64730915806786,inf
64,188,inf,inf,inf,1001.4154981824478,inf
64,189,inf,inf,inf,337.66403421152216,inf
64,190,inf,inf,inf,89.05054744357274,inf
64,191,inf,inf,inf,153.4959282847594,inf
64,192,inf,inf,inf,393.4285195559671,inf
64,193,inf,inf,inf,120.3536455617361,inf
64,194,inf,inf,inf,664.4004816373931,inf
64,195,inf,inf,inf,209.05740838343903,inf
64,196,inf,inf,inf,405.62174497923553,inf
64,197,inf,inf,inf,177.11578134090706,inf
64,198,inf,inf,inf,416.48049174000937,inf
64,199,inf,inf,inf,872.4792261137225,inf
64,200,inf,inf,inf,42.485291572496,inf
64,201,inf,inf,inf,666.0960891643186,inf
64,202,inf,inf,inf,607.8980177628481,inf
65,66,inf,inf,inf,888.6827330380623,inf
65,67,inf,inf,inf,718.4740774725279,inf
65,68,inf,inf,inf,661.3992742663088,inf
65,69,inf,inf,inf,646.7472458387434,inf
65,70,inf,inf,inf,902.2444236458323,inf
65,71,inf,inf,inf,920.958739575232,inf
65,72,inf,inf,inf,1176.381740762751,inf
65,73,inf,inf,inf,1031.3117860278724,inf
65,74,inf,inf,inf,416.1466087810881,inf
65,75,inf,inf,inf,84.72307831990054,inf
65,76,inf,inf,inf,678.9823267213956,inf
65,77,inf,inf,inf,795.6538191952578,inf
65,78,inf,inf,inf,464.0797345284536,inf
65,79,inf,inf,inf,1041.7302913902427,inf
65,80,inf,inf,inf,752.4812290017605,inf
65,81,inf,inf,inf,862.4070964457563,inf
65,82,inf,inf,inf,786.931382014976,inf
65,83,inf,inf,inf,778.0025706898404,inf
65,84,inf,inf,inf,968.7399031731892,inf
65,85,inf,inf,inf,341.23452345857385,inf
65,86,inf,inf,inf,957.4236261968889,inf
65,87,inf,inf,inf,1216.7374408638866,inf
65,88,inf,inf,inf,911.2129279153144,inf
65,89,inf,inf,inf,448.1573384426501,inf
65,90,inf,inf,inf,948.4724561103501,inf
65,91,inf,inf,inf,266.8107943843352,inf
65,92,inf,inf,inf,422.2001894836145,inf
65,93,inf,inf,inf,744.226444034341,inf
65,94,inf,inf,inf,720.5671377463726,inf
65,95,inf,inf,inf,848.163309746419,inf
65,96,inf,inf,inf,847.2567497518093,inf
65,97,inf,inf,inf,884.0820097705869,inf
65,98,inf,inf,inf,873.4815395874145,inf
65,99,inf,inf,inf,254.9215565620138,inf
65,100,inf,inf,inf,862.6992523469578,inf
65,101,inf,inf,inf,859.8238191629724,inf
65,102,inf,inf,inf,765.4397428929334,inf
65,103,inf,inf,inf,968.2649430811796,inf
65,104,inf,inf,inf,795.684610885494,inf
65,105,inf,inf,inf,1210.6630414776855,inf
65,106,inf,inf,inf,681.4961481916093,inf
65,107,inf,inf,inf,301.27230207903284,inf
65,108,inf,inf,inf,681.5350321150044,inf
65,109,inf,inf,inf,850.9858988255916,inf
65,110,inf,inf,inf,295.9408724728641,inf
65,111,inf,inf,inf,518.4100693466515,inf
65,112,inf,inf,inf,822.1970566719392,inf
65,113,inf,inf,inf,491.0162930086944,inf
65,114,inf,inf,inf,487.2217154438008,inf
65,115,inf,inf,inf,613.4525246504411,inf
65,116,inf,inf,inf,1073.9087484511895,inf
65,117,inf,inf,inf,962.5487000666511,inf
65,118,inf,inf,inf,716.4160802215428,inf
65,119,inf,inf,inf,1163.3077838646143,inf
65,120,inf,inf,inf,484.05061718791353,inf
65,121,inf,inf,inf,792.0006313128797,inf
65,122,inf,inf,inf,1192.7992287053173,inf
65,123,inf,inf,inf,940.1707291763555,inf
65,124,inf,inf,inf,1049.8276048952036,inf
65,125,inf,inf,inf,1034.1378051304382,inf
65,126,inf,inf,inf,600.9301124090887,inf
65,127,inf,inf,inf,302.8349385391322,inf
65,128,inf,inf,inf,644.9379815145019,inf
65,129,inf,inf,inf,293.87412271242937,inf
65,130,inf,inf,inf,1036.4911962964277,inf
65,131,inf,inf,inf,858.9231630361356,inf
65,132,inf,inf,inf,1054.7046980079306,inf
65,133,inf,inf,inf,964.4609893614153,inf
65,134,inf,inf,inf,414.40318531594323,inf
65,135,inf,inf,inf,993.5154754708152,inf
65,136,inf,inf,inf,542.6232578870905,inf
65,137,inf,inf,inf,1121.2782883833968,inf
65,138,inf,inf,inf,832.91356094135,inf
65,139,inf,inf,inf,616.0202918735713,inf
65,140,inf,inf,inf,892.2163414777831,inf
65,141,inf,inf,inf,66.64833081180653,inf
65,142,inf,inf,inf,523.0774321264491,inf
65,143,inf,inf,inf,338.92329515688357,inf
65,144,inf,inf,inf,150.08331019803634,inf
65,145,inf,inf,inf,1037.4704815077873,inf
65,146,inf,inf,inf,901.0271915985666,inf
65,147,inf,inf,inf,1099.0632374890902,inf
65,148,inf,inf,inf,386.1204475290062,inf
65,149,inf,inf,inf,966.9565657256793,inf
65,150,inf,inf,inf,719.0173850471211,inf
65,151,inf,inf,inf,833.2976659033674,inf
65,152,inf,inf,inf,876.7086175007064,inf
65,153,inf,inf,inf,1009.7153064106734,inf
65,154,inf,inf,inf,1215.2551172490491,inf
65,155,inf,inf,inf,518.4168207147603,inf
65,156,inf,inf,inf,913.8774534914405,inf
65,157,inf,inf,inf,414.48401657965053,inf
65,158,inf,inf,inf,899.2202177442409,inf
65,159,inf,inf,inf,628.7924935938723,inf
65,160,inf,inf,inf,823.9478138814375,inf
65,161,inf,inf,inf,1178.5796536509529,inf
65,162,inf,inf,inf,481.7073800555686,inf
65,163,inf,inf,inf,1167.6883145771392,inf
65,164,inf,inf,inf,202.2992832414391,inf
65,165,inf,inf,inf,1062.0795638745715,inf
65,166,inf,inf,inf,662.5179242858264,inf
65,167,inf,inf,inf,518.5412230478885,inf
65,168,inf,inf,inf,567.031745143074,inf
65,169,inf,inf,inf,688.8954927998876,inf
65,170,inf,inf,inf,1118.4310439182202,inf
65,171,inf,inf,inf,1115.6146288033337,inf
65,172,inf,inf,inf,888.3585987651609,inf
65,173,inf,inf,inf,58.0,inf
65,174,inf,inf,inf,1188.8889771547215,inf
65,175,inf,inf,inf,1076.0157991405144,inf
65,176,inf,inf,inf,423.94575124654807,inf
65,177,inf,inf,inf,1221.0036854981233,inf
65,178,inf,inf,inf,549.5388976223612,inf
65,179,inf,inf,inf,516.4426396028895,inf
65,180,inf,inf,inf,258.37956575549856,inf
65,181,inf,inf,inf,287.5865087238968,inf
65,182,inf,inf,inf,768.2375934566077,inf
65,183,inf,inf,inf,773.7525444223107,inf
65,184,inf,inf,inf,128.84486796143648,inf
65,185,inf,inf,inf,341.35172476494097,inf
65,186,inf,inf,inf,805.5718465785656,inf
65,187,inf,inf,inf,1123.3779417453416,inf
65,188,inf,inf,inf,268.00186566514793,inf
65,189,inf,inf,inf,822.6013615354645,inf
65,190,inf,inf,inf,834.9910179157617,inf
65,191,inf,inf,inf,887.3471699397029,inf
65,192,inf,inf,inf,808.2487240942605,inf
65,193,inf,inf,inf,910.0049450415091,inf
65,194,inf,inf,inf,206.47518010647187,inf
65,195,inf,inf,inf,984.4820973486517,inf
65,196,inf,inf,inf,549.5243397703144,inf
65,197,inf,inf,inf,971.0128732411326,inf
65,198,inf,inf,inf,389.48684188300894,inf
65,199,inf,inf,inf,312.23068395018447,inf
65,200,inf,inf,inf,823.1555138611416,inf
65,201,inf,inf,inf,623.0826590429234,inf
65,202,inf,inf,inf,222.72853431924702,inf
66,67,inf,inf,inf,204.41624201613726,inf
66,68,inf,inf,inf,984.3180380344556,inf
66,69,inf,inf,inf,600.9600652289635,inf
66,70,inf,inf,inf,50.59644256269407,inf
66,71,inf,inf,inf,534.1329422531436,inf
66,72,inf,inf,inf,315.27289766169247,inf
66,73,inf,inf,inf,145.0,inf
66,74,inf,inf,inf,1086.574893875245,inf
66,75,inf,inf,inf,843.0094898635483,inf
66,76,inf,inf,inf,285.156097602699,inf
66,77,inf,inf,inf,133.843191832831,inf
66,78,inf,inf,inf,800.1406126425529,inf
66,79,inf,inf,inf,188.91532494744834,inf
66,80,inf,inf,inf,325.35672730097343,inf
66,81,inf,inf,inf,543.5301279598032,inf
66,82,inf,inf,inf,983.278190544263,inf
66,83,inf,inf,inf,720.6004440742456,inf
66,84,inf,inf,inf,225.22877258467668,inf
66,85,inf,inf,inf,1154.854969249386,inf
66,86,inf,inf,inf,212.25691979297164,inf
66,87,inf,inf,inf,329.02431521089744,inf
66,88,inf,inf,inf,118.45674315968678,inf
66,89,inf,inf,inf,579.6774965444148,inf
66,90,inf,inf,inf,62.39390995922599,inf
66,91,inf,inf,inf,1144.0004370628535,inf
66,92,inf,inf,inf,1024.3446685564386,inf
66,93,inf,inf,inf,411.69406116678437,inf
66,94,inf,inf,inf,226.71568097509268,inf
66,95,inf,inf,inf,387.09172039711723,inf
66,96,inf,inf,inf,617.6447198835266,inf
66,97,inf,inf,inf,911.4252574950949,inf
66,98,inf,inf,inf,249.7218452598811,inf
66,99,inf,inf,inf,638.0783650931913,inf
66,100,inf,inf,inf,282.2853166567471,inf
66,101,inf,inf,inf,548.8114430293888,inf
66,102,inf,inf,inf,468.8464567425033,inf
66,103,inf,inf,inf,482.5453346577915,inf
66,104,inf,inf,inf,844.1474989597493,inf
66,105,inf,inf,inf,424.28528138506056,inf
66,106,inf,inf,inf,209.4612135933524,inf
66,107,inf,inf,inf,719.8777674022167,inf
66,108,inf,inf,inf,863.7713817903439,inf
66,109,inf,inf,inf,233.4180798481557,inf
66,110,inf,inf,inf,1135.151972204603,inf
66,111,inf,inf,inf,981.8808481684526,inf
66,112,inf,inf,inf,81.83520025025906,inf
66,113,inf,inf,inf,796.8964801026542,inf
66,114,inf,inf,inf,618.2442882874051,inf
66,115,inf,inf,inf,650.336066968456,inf
66,116,inf,inf,inf,186.06719216455113,inf
66,117,inf,inf,inf,457.3587213555679,inf
66,118,inf,inf,inf,472.8096868720014,inf
66,119,inf,inf,inf,549.1812087098392,inf
66,120,inf,inf,inf,551.8496171965693,inf
66,121,inf,inf,inf,117.2006825918689,inf
66,122,inf,inf,inf,360.22354170709053,inf
66,123,inf,inf,inf,859.4335343701688,inf
66,124,inf,inf,inf,217.3407462948446,inf
66,125,inf,inf,inf,755.4733615422849,inf
66,126,inf,inf,inf,332.9624603465081,inf
66,127,inf,inf,inf,1123.3165181728612,inf
66,128,inf,inf,inf,963.4988323812333,inf
66,129,inf,inf,inf,1129.6145360254532,inf
66,130,inf,inf,inf,147.8681845428556,inf
66,131,inf,inf,inf,409.69500851242987,inf
66,132,inf,inf,inf,442.6341604530766,inf
66,133,inf,inf,inf,120.7393887677091,inf
66,134,inf,inf,inf,490.417169356865,inf
66,135,inf,inf,inf,666.3647649748597,inf
66,136,inf,inf,inf,1097.7545262944718,inf
66,137,inf,inf,inf,305.8659837248987,inf
66,138,inf,inf,inf,557.9838707346297,inf
66,139,inf,inf,inf,277.48153091692427,inf
66,140,inf,inf,inf,381.16269492173546,inf
66,141,inf,inf,inf,945.7637125624983,inf
66,142,inf,inf,inf,371.28560435330644,inf
66,143,inf,inf,inf,1149.6790856582545,inf
66,144,inf,inf,inf,884.715773567986,inf
66,145,inf,inf,inf,477.16244613338966,inf
66,146,inf,inf,inf,77.46612162745726,inf
66,147,inf,inf,inf,662.2091814525076,inf
66,148,inf,inf,inf,1102.8154877403563,inf
66,149,inf,inf,inf,190.87692369692047,inf
66,150,inf,inf,inf,178.84350701101786,inf
66,151,inf,inf,inf,338.04437578519185,inf
66,152,inf,inf,inf,506.23413555389567,inf
66,153,inf,inf,inf,646.430197314451,inf
66,154,inf,inf,inf,356.90054637111444,inf
66,155,inf,inf,inf,1037.2584056058547,inf
66,156,inf,inf,inf,203.79646709401024,inf
66,157,inf,inf,inf,720.3776787213774,inf
66,158,inf,inf,inf,419.5283065539202,inf
66,159,inf,inf,inf,439.4007282652135,inf
66,160,inf,inf,inf,165.89454481688057,inf
66,161,inf,inf,inf,291.10994486619654,inf
66,162,inf,inf,inf,424.32181183625244,inf
66,163,inf,inf,inf,477.0167711936342,inf
66,164,inf,inf,inf,760.8758111544879,inf
66,165,inf,inf,inf,184.69434208984313,inf
66,166,inf,inf,inf,1049.080073206998,inf
66,167,inf,inf,inf,489.24840316550853,inf
66,168,inf,inf,inf,874.5387355629252,inf
66,169,inf,inf,inf,1039.471019317037,inf
66,170,inf,inf,inf,298.8394217635953,inf
66,171,inf,inf,inf,243.89546941261537,inf
66,172,inf,inf,inf,780.0,inf
66,173,inf,inf,inf,851.0094006531302,inf
66,174,inf,inf,inf,425.73465914816,inf
66,175,inf,inf,inf,275.72631357924473,inf
66,176,inf,inf,inf,728.9204346154661,inf
66,177,inf,inf,inf,341.4395993437199,inf
66,178,inf,inf,inf,405.0802389650722,inf
66,179,inf,inf,inf,468.5402864215627,inf
66,180,inf,inf,inf,1147.0069746954462,inf
66,181,inf,inf,inf,1062.8758158881967,inf
66,182,inf,inf,inf,139.71399357258383,inf
66,183,inf,inf,inf,208.33146665830392,inf
66,184,inf,inf,inf,762.7581530209952,inf
66,185,inf,inf,inf,743.2738391736924,inf
66,186,inf,inf,inf,769.8837574595271,inf
66,187,inf,inf,inf,260.43233286210835,inf
66,188,inf,inf,inf,1080.907026529109,inf
66,189,inf,inf,inf,351.51102400920513,inf
66,190,inf,inf,inf,95.67131231461184,inf
66,191,inf,inf,inf,146.01369798755184,inf
66,192,inf,inf,inf,412.3117752381079,inf
66,193,inf,inf,inf,75.8946638440411,inf
66,194,inf,inf,inf,743.995295684052,inf
66,195,inf,inf,inf,156.64609794054877,inf
66,196,inf,inf,inf,478.40150501435505,inf
66,197,inf,inf,inf,112.69871339105873,inf
66,198,inf,inf,inf,499.22840464060135,inf
66,199,inf,inf,inf,953.4343186607035,inf
66,200,inf,inf,inf,82.3286098510111,inf
66,201,inf,inf,inf,716.6261228841718,inf
66,202,inf,inf,inf,688.7909697433613,inf
67,68,inf,inf,inf,784.780224011793,inf
67,69,inf,inf,inf,409.72307721191396,inf
67,70,inf,inf,inf,196.7587355112855,inf
67,71,inf,inf,inf,420.0809445809224,inf
67,72,inf,inf,inf,458.1320770258289,inf
67,73,inf,inf,inf,327.98323127867377,inf
67,74,inf,inf,inf,971.796789457549,inf
67,75,inf,inf,inf,684.424575829945,inf
67,76,inf,inf,inf,84.87638069569178,inf
67,77,inf,inf,inf,208.08652046684813,inf
67,78,inf,inf,inf,595.8263169750057,inf
67,79,inf,inf,inf,324.07560846197606,inf
67,80,inf,inf,inf,166.0752841334315,inf
67,81,inf,inf,inf,610.1581762133488,inf
67,82,inf,inf,inf,793.701455208443,inf
67,83,inf,inf,inf,546.1657257646254,inf
67,84,inf,inf,inf,395.4971554891388,inf
67,85,inf,inf,inf,962.1018657086161,inf
67,86,inf,inf,inf,247.19425559668656,inf
67,87,inf,inf,inf,510.22054055084845,inf
67,88,inf,inf,inf,193.00259065618783,inf
67,89,inf,inf,inf,375.89892258425004,inf
67,90,inf,inf,inf,265.6557923328607,inf
67,91,inf,inf,inf,981.6419917668559,inf
67,92,inf,inf,inf,821.143105676471,inf
67,93,inf,inf,inf,447.15321758878133,inf
67,94,inf,inf,inf,35.014282800023196,inf
67,95,inf,inf,inf,471.30669420240577,inf
67,96,inf,inf,inf,668.5633851775013,inf
67,97,inf,inf,inf,739.3794695553834,inf
67,98,inf,inf,inf,368.81567211820055,inf
67,99,inf,inf,inf,480.6100290256124,inf
67,100,inf,inf,inf,202.4080037943164,inf
67,101,inf,inf,inf,613.7784616618605,inf
67,102,inf,inf,inf,508.9214084708954,inf
67,103,inf,inf,inf,595.9496623037888,inf
67,104,inf,inf,inf,848.8539332535369,inf
67,105,inf,inf,inf,505.8735019745549,inf
67,106,inf,inf,inf,80.49844718999243,inf
67,107,inf,inf,inf,601.705908230923,inf
67,108,inf,inf,inf,836.4358911476719,inf
67,109,inf,inf,inf,164.10362579784763,inf
67,110,inf,inf,inf,985.0827376418694,inf
67,111,inf,inf,inf,777.6065843342635,inf
67,112,inf,inf,inf,122.96747537458837,inf
67,113,inf,inf,inf,593.000843169721,inf
67,114,inf,inf,inf,414.004830889689,inf
67,115,inf,inf,inf,623.6192748785111,inf
67,116,inf,inf,inf,371.6517186829626,inf
67,117,inf,inf,inf,573.5895745217132,inf
67,118,inf,inf,inf,492.610393719012,inf
67,119,inf,inf,inf,536.8891878218446,inf
67,120,inf,inf,inf,478.0376554205746,inf
67,121,inf,inf,inf,87.46427842267951,inf
67,122,inf,inf,inf,563.2379603684396,inf
67,123,inf,inf,inf,702.5126333383621,inf
67,124,inf,inf,inf,331.4528624103283,inf
67,125,inf,inf,inf,636.1273457414011,inf
67,126,inf,inf,inf,130.97327971765844,inf
67,127,inf,inf,inf,977.6799067179401,inf
67,128,inf,inf,inf,914.9994535517494,inf
67,129,inf,inf,inf,980.3188256888674,inf
67,130,inf,inf,inf,342.0774766043506,inf
67,131,inf,inf,inf,293.99319720020736,inf
67,132,inf,inf,inf,417.4937125275062,inf
67,133,inf,inf,inf,318.35200643313055,inf
67,134,inf,inf,inf,306.08005488760614,inf
67,135,inf,inf,inf,754.2652053488879,inf
67,136,inf,inf,inf,893.344838234374,inf
67,137,inf,inf,inf,406.0985102164252,inf
67,138,inf,inf,inf,410.48751503547584,inf
67,139,inf,inf,inf,113.14592347937243,inf
67,140,inf,inf,inf,289.0830330545188,inf
67,141,inf,inf,inf,779.8108745074026,inf
67,142,inf,inf,inf,197.4968354176846,inf
67,143,inf,inf,inf,956.7026706349261,inf
67,144,inf,inf,inf,738.4849355267852,inf
67,145,inf,inf,inf,429.6161077054723,inf
67,146,inf,inf,inf,188.08774548066654,inf
67,147,inf,inf,inf,584.6340735879153,inf
67,148,inf,inf,inf,979.2834114800474,inf
67,149,inf,inf,inf,369.6701232179847,inf
67,150,inf,inf,inf,51.03920062069938,inf
67,151,inf,inf,inf,223.32935319836486,inf
67,152,inf,inf,inf,583.4937874562162,inf
67,153,inf,inf,inf,540.9343767962987,inf
67,154,inf,inf,inf,496.78969393496885,inf
67,155,inf,inf,inf,950.8590852487029,inf
67,156,inf,inf,inf,206.6712365086153,inf
67,157,inf,inf,inf,516.2111970889434,inf
67,158,inf,inf,inf,519.3168589599225,inf
67,159,inf,inf,inf,419.9678559128067,inf
67,160,inf,inf,inf,267.25456029785533,inf
67,161,inf,inf,inf,472.28063690987796,inf
67,162,inf,inf,inf,238.05251521460553,inf
67,163,inf,inf,inf,500.02499937503126,inf
67,164,inf,inf,inf,620.4595071396682,inf
67,165,inf,inf,inf,350.00857132361773,inf
67,166,inf,inf,inf,847.8567095918979,inf
67,167,inf,inf,inf,284.8613697923957,inf
67,168,inf,inf,inf,817.6551840476523,inf
67,169,inf,inf,inf,839.8487959150742,inf
67,170,inf,inf,inf,498.6551914900716,inf
67,171,inf,inf,inf,447.78677961726385,inf
67,172,inf,inf,inf,819.0836343133709,inf
67,173,inf,inf,inf,675.0266661399385,inf
67,174,inf,inf,inf,491.1578157781875,inf
67,175,inf,inf,inf,362.144998584821,inf
67,176,inf,inf,inf,644.4261012715112,inf
67,177,inf,inf,inf,506.3763422593911,inf
67,178,inf,inf,inf,332.66199061509866,inf
67,179,inf,inf,inf,395.13541982464693,inf
67,180,inf,inf,inf,975.5249868660464,inf
67,181,inf,inf,inf,868.523459671643,inf
67,182,inf,inf,inf,175.8465239918037,inf
67,183,inf,inf,inf,75.07329751649384,inf
67,184,inf,inf,inf,598.5064744846125,inf
67,185,inf,inf,inf,541.5108493834634,inf
67,186,inf,inf,inf,596.7319331156998,inf
67,187,inf,inf,inf,464.8408329740407,inf
67,188,inf,inf,inf,935.5180383081878,inf
67,189,inf,inf,inf,429.1410024688855,inf
67,190,inf,inf,inf,214.9534833400008,inf
67,191,inf,inf,inf,169.85287751463028,inf
67,192,inf,inf,inf,476.07667449687136,inf
67,193,inf,inf,inf,197.7321420508057,inf
67,194,inf,inf,inf,602.415969243844,inf
67,195,inf,inf,inf,266.12027356065903,inf
67,196,inf,inf,inf,274.40481045346127,inf
67,197,inf,inf,inf,257.2877766237642,inf
67,198,inf,inf,inf,338.58676879051256,inf
67,199,inf,inf,inf,753.5124418349043,inf
67,200,inf,inf,inf,122.80065146407001,inf
67,201,inf,inf,inf,688.3843403215968,inf
67,202,inf,inf,inf,539.6897256757812,inf
68,69,inf,inf,inf,391.0051150560565,inf
68,70,inf,inf,inf,962.4229839317014,inf
68,71,inf,inf,inf,628.563441507697,inf
68,72,inf,inf,inf,1136.2328106510568,inf
68,73,inf,inf,inf,1079.3891791193757,inf
68,74,inf,inf,inf,1076.7845652682806,inf
68,75,inf,inf,inf,721.1996949527918,inf
68,76,inf,inf,inf,700.6653980324703,inf
68,77,inf,inf,inf,978.8013077228698,inf
68,78,inf,inf,inf,236.75514777930383,inf
68,79,inf,inf,inf,1033.1335828439612,inf
68,80,inf,inf,inf,673.8909407315103,inf
68,81,inf,inf,inf,1278.6121382186234,inf
68,82,inf,inf,inf,144.81022063376605,inf
68,83,inf,inf,inf,350.06999300139967,inf
68,84,inf,inf,inf,1176.1675050774018,inf
68,85,inf,inf,inf,558.0680962033217,inf
68,86,inf,inf,inf,902.7807042687609,inf
68,87,inf,inf,inf,1235.3983163336432,inf
68,88,inf,inf,inf,923.8235762308732,inf
68,89,inf,inf,inf,449.1102314577124,inf
68,90,inf,inf,inf,1041.7182920540467,inf
68,91,inf,inf,inf,833.7919404743608,inf
68,92,inf,inf,inf,295.57401780264786,inf
68,93,inf,inf,inf,1114.268369828382,inf
68,94,inf,inf,inf,758.31523787934,inf
68,95,inf,inf,inf,1186.494837746882,inf
68,96,inf,inf,inf,1302.694515226037,inf
68,97,inf,inf,inf,302.8696089078599,inf
68,98,inf,inf,inf,1127.9915779827436,inf
68,99,inf,inf,inf,693.0295808982471,inf
68,100,inf,inf,inf,768.8257279774136,inf
68,101,inf,inf,inf,1279.2701043954712,inf
68,102,inf,inf,inf,1164.1773919811362,inf
68,103,inf,inf,inf,1322.9557815739724,inf
68,104,inf,inf,inf,1357.3138914783124,inf
68,105,inf,inf,inf,1072.9641186917668,inf
68,106,inf,inf,inf,818.0220045940084,inf
68,107,inf,inf,inf,869.0466040437648,inf
68,108,inf,inf,inf,1271.693752441994,inf
68,109,inf,inf,inf,796.6241271766754,inf
68,110,inf,inf,inf,911.265054745325,inf
68,111,inf,inf,inf,159.02201105507376,inf
68,112,inf,inf,inf,903.1218079528364,inf
68,113,inf,inf,inf,221.56263222845138,inf
68,114,inf,inf,inf,386.98837191833036,inf
68,115,inf,inf,inf,1127.613852344853,inf
68,116,inf,inf,inf,1119.6182385081086,inf
68,117,inf,inf,inf,1305.8824602543675,inf
68,118,inf,inf,inf,1124.5110048372137,inf
68,119,inf,inf,inf,898.2572014740545,inf
68,120,inf,inf,inf,946.8516251240212,inf
68,121,inf,inf,inf,868.6598874127894,inf
68,122,inf,inf,inf,1344.2324947716447,inf
68,123,inf,inf,inf,403.6285421027606,inf
68,124,inf,inf,inf,1016.8229934457619,inf
68,125,inf,inf,inf,586.884997252443,inf
68,126,inf,inf,inf,672.2216896232968,inf
68,127,inf,inf,inf,931.5932588850136,inf
68,128,inf,inf,inf,1271.0499596790048,inf
68,129,inf,inf,inf,912.7787245548617,inf
68,130,inf,inf,inf,1102.8748795761014,inf
68,131,inf,inf,inf,669.9313397655017,inf
68,132,inf,inf,inf,840.866814662108,inf
68,133,inf,inf,inf,1102.2395383944454,inf
68,134,inf,inf,inf,617.9781549537167,inf
68,135,inf,inf,inf,1430.9451422049694,inf
68,136,inf,inf,inf,238.62313383240948,inf
68,137,inf,inf,inf,1043.4270458446053,inf
68,138,inf,inf,inf,531.9586450091774,inf
68,139,inf,inf,inf,763.5509151327108,inf
68,140,inf,inf,inf,718.6744742927774,inf
68,141,inf,inf,inf,709.9894365411361,inf
68,142,inf,inf,inf,704.0688886749648,inf
68,143,inf,inf,inf,552.268050859363,inf
68,144,inf,inf,inf,804.7508931340182,inf
68,145,inf,inf,inf,794.7087516820235,inf
68,146,inf,inf,inf,942.9003128645148,inf
68,147,inf,inf,inf,732.0935732541299,inf
68,148,inf,inf,inf,1042.91322745471,inf
68,149,inf,inf,inf,1153.100169109345,inf
68,150,inf,inf,inf,824.8302855739477,inf
68,151,inf,inf,inf,706.385164057117,inf
68,152,inf,inf,inf,1270.6553427267365,inf
68,153,inf,inf,inf,637.5531350405236,inf
68,154,inf,inf,inf,1160.8996511326893,inf
68,155,inf,inf,inf,1173.8522053478453,inf
68,156,inf,inf,inf,866.4207984576548,inf
68,157,inf,inf,inf,330.57828119826627,inf
68,158,inf,inf,inf,1242.0346210955636,inf
68,159,inf,inf,inf,1021.8693654278907,inf
68,160,inf,inf,inf,1034.2557710740607,inf
68,161,inf,inf,inf,1201.9039063086532,inf
68,162,inf,inf,inf,646.6969924160774,inf
68,163,inf,inf,inf,961.2933995404317,inf
68,164,inf,inf,inf,789.6796818964003,inf
68,165,inf,inf,inf,1080.6081621013234,inf
68,166,inf,inf,inf,74.46475676452586,inf
68,167,inf,inf,inf,515.6064390598706,inf
68,168,inf,inf,inf,1178.7484888643548,inf
68,169,inf,inf,inf,55.154328932550705,inf
68,170,inf,inf,inf,1282.4152993472903,inf
68,171,inf,inf,inf,1219.8971268102896,inf
68,172,inf,inf,inf,1404.3340058547326,inf
68,173,inf,inf,inf,611.4515516375766,inf
68,174,inf,inf,inf,1036.5963534568314,inf
68,175,inf,inf,inf,1001.7150293371863,inf
68,176,inf,inf,inf,995.2894051480705,inf
68,177,inf,inf,inf,1206.6072268969717,inf
68,178,inf,inf,inf,899.8222046604541,inf
68,179,inf,inf,inf,917.0408933084718,inf
68,180,inf,inf,inf,766.2460440354652,inf
68,181,inf,inf,inf,491.4560000651126,inf
68,182,inf,inf,inf,943.407653138345,inf
68,183,inf,inf,inf,779.7974095879006,inf
68,184,inf,inf,inf,670.7682163012795,inf
68,185,inf,inf,inf,371.8413640250369,inf
68,186,inf,inf,inf,330.667506719363,inf
68,187,inf,inf,inf,1240.3584159427467,inf
68,188,inf,inf,inf,907.7543720632801,inf
68,189,inf,inf,inf,1146.435344884307,inf
68,190,inf,inf,inf,995.9482918304544,inf
68,191,inf,inf,inf,884.7293371421567,inf
68,192,inf,inf,inf,1168.6834473029896,inf
68,193,inf,inf,inf,952.2951223229068,inf
68,194,inf,inf,inf,779.5415319275811,inf
68,195,inf,inf,inf,977.2553402258798,inf
68,196,inf,inf,inf,515.8003489723519,inf
68,197,inf,inf,inf,997.649738134582,inf
68,198,inf,inf,inf,693.4010383609185,inf
68,199,inf,inf,inf,368.6312520663434,inf
68,200,inf,inf,inf,902.3790777716425,inf
68,201,inf,inf,inf,1166.312565310003,inf
68,202,inf,inf,inf,734.006130764587,inf
69,70,inf,inf,inf,575.1947496283324,inf
69,71,inf,inf,inf,295.9408724728641,inf
69,72,inf,inf,inf,748.6788363510751,inf
69,73,inf,inf,inf,689.0878028234138,inf
69,74,inf,inf,inf,1027.638068582514,inf
69,75,inf,inf,inf,663.2797298274688,inf
69,76,inf,inf,inf,325.0984466280945,inf
69,77,inf,inf,inf,614.47945449787,inf
69,78,inf,inf,inf,272.0,inf
69,79,inf,inf,inf,642.3581555487561,inf
69,80,inf,inf,inf,283.43958791954236,inf
69,81,inf,inf,inf,971.0386192114091,inf
69,82,inf,inf,inf,384.0377585602749,inf
69,83,inf,inf,inf,165.55965692160635,inf
69,84,inf,inf,inf,805.1863138429514,inf
69,85,inf,inf,inf,743.1157379574194,inf
69,86,inf,inf,inf,512.7826050091793,inf
69,87,inf,inf,inf,844.8266094294142,inf
69,88,inf,inf,inf,533.5775482532974,inf
69,89,inf,inf,inf,211.69081227110448,inf
69,90,inf,inf,inf,655.977133747816,inf
69,91,inf,inf,inf,897.9855232686103,inf
69,92,inf,inf,inf,522.5064592902178,inf
69,93,inf,inf,inf,801.4942295487847,inf
69,94,inf,inf,inf,379.4377419287649,inf
69,95,inf,inf,inf,854.1668455284365,inf
69,96,inf,inf,inf,1012.087940843087,inf
69,97,inf,inf,inf,347.57013680694723,inf
69,98,inf,inf,inf,772.093258615823,inf
69,99,inf,inf,inf,527.1479868120526,inf
69,100,inf,inf,inf,379.05672398732094,inf
69,101,inf,inf,inf,973.1233220923235,inf
69,102,inf,inf,inf,858.8177920839787,inf
69,103,inf,inf,inf,987.1742500693583,inf
69,104,inf,inf,inf,1127.9858155136526,inf
69,105,inf,inf,inf,701.1711631263796,inf
69,106,inf,inf,inf,458.48555048114656,inf
69,107,inf,inf,inf,713.319703919638,inf
69,108,inf,inf,inf,1073.0461313475764,inf
69,109,inf,inf,inf,405.62174497923553,inf
69,110,inf,inf,inf,942.2000849076591,inf
69,111,inf,inf,inf,430.5542939049615,inf
69,112,inf,inf,inf,521.4000383582649,inf
69,113,inf,inf,inf,253.78928267363852,inf
69,114,inf,inf,inf,159.66527487215245,inf
69,115,inf,inf,inf,888.127243135802,inf
69,116,inf,inf,inf,728.929351857915,inf
69,117,inf,inf,inf,967.037744868317,inf
69,118,inf,inf,inf,827.7161349158297,inf
69,119,inf,inf,inf,567.0352722714875,inf
69,120,inf,inf,inf,706.3292433419417,inf
69,121,inf,inf,inf,488.35745105404095,inf
69,122,inf,inf,inf,958.701204755684,inf
69,123,inf,inf,inf,345.46345682285994,inf
69,124,inf,inf,inf,626.999202551327,inf
69,125,inf,inf,inf,389.6678072409883,inf
69,126,inf,inf,inf,319.513692977312,inf
69,127,inf,inf,inf,949.3876974134434,inf
69,128,inf,inf,inf,1110.328329819608,inf
69,129,inf,inf,inf,940.4275623353454,inf
69,130,inf,inf,inf,713.3246105385682,inf
69,131,inf,inf,inf,292.2618688778952,inf
69,132,inf,inf,inf,483.49560494382985,inf
69,133,inf,inf,inf,720.8612904019747,inf
69,134,inf,inf,inf,359.6109008358896,inf
69,135,inf,inf,inf,1122.8503907466925,inf
69,136,inf,inf,inf,553.7815453768751,inf
69,137,inf,inf,inf,658.7753790177651,inf
69,138,inf,inf,inf,196.45101170520857,inf
69,139,inf,inf,inf,417.92941987852447,inf
69,140,inf,inf,inf,340.12350697945004,inf
69,141,inf,inf,inf,712.4071869373582,inf
69,142,inf,inf,inf,390.25120115125844,inf
69,143,inf,inf,inf,736.8480168935789,inf
69,144,inf,inf,inf,745.263040811766,inf
69,145,inf,inf,inf,447.017896733453,inf
69,146,inf,inf,inf,554.3717164502533,inf
69,147,inf,inf,inf,459.4975516800933,inf
69,148,inf,inf,inf,1012.415428566752,inf
69,149,inf,inf,inf,778.5788335165554,inf
69,150,inf,inf,inf,455.31966792573326,inf
69,151,inf,inf,inf,317.9701243827791,inf
69,152,inf,inf,inf,953.9140422490907,inf
69,153,inf,inf,inf,366.0833238485468,inf
69,154,inf,inf,inf,775.3973175089013,inf
69,155,inf,inf,inf,1072.243442507344,inf
69,156,inf,inf,inf,475.6574397610112,inf
69,157,inf,inf,inf,250.9362468835461,inf
69,158,inf,inf,inf,907.1653653000648,inf
69,159,inf,inf,inf,731.4273716508017,inf
69,160,inf,inf,inf,672.7614733321165,inf
69,161,inf,inf,inf,811.0634993636442,inf
69,162,inf,inf,inf,349.2907098678692,inf
69,163,inf,inf,inf,606.9810540700591,inf
69,164,inf,inf,inf,671.2354281472336,inf
69,165,inf,inf,inf,689.6035092718133,inf
69,166,inf,inf,inf,460.9772228646444,inf
69,167,inf,inf,inf,200.4120754844877,inf
69,168,inf,inf,inf,1009.8321642728558,inf
69,169,inf,inf,inf,445.6377452595325,inf
69,170,inf,inf,inf,899.7610793983034,inf
69,171,inf,inf,inf,831.5683976679248,inf
69,172,inf,inf,inf,1140.1583223394898,inf
69,173,inf,inf,inf,589.0415944566224,inf
69,174,inf,inf,inf,667.4975655386318,inf
69,175,inf,inf,inf,615.6005198178442,inf
69,176,inf,inf,inf,815.31834273491,inf
69,177,inf,inf,inf,817.6478459581484,inf
69,178,inf,inf,inf,611.0032733136542,inf
69,179,inf,inf,inf,649.4189710810733,inf
69,180,inf,inf,inf,858.2039384668425,inf
69,181,inf,inf,inf,649.2734400851463,inf
69,182,inf,inf,inf,580.1525661410109,inf
69,183,inf,inf,inf,393.41199778349414,inf
69,184,inf,inf,inf,580.1560134998172,inf
69,185,inf,inf,inf,320.2577087284551,inf
69,186,inf,inf,inf,212.60291625469299,inf
69,187,inf,inf,inf,852.8657573147136,inf
69,188,inf,inf,inf,913.1861803597336,inf
69,189,inf,inf,inf,812.0868180188618,inf
69,190,inf,inf,inf,624.6567057192294,inf
69,191,inf,inf,inf,494.2762385549198,inf
69,192,inf,inf,inf,846.4986709971847,inf
69,193,inf,inf,inf,563.5751946280105,inf
69,194,inf,inf,inf,654.8236403796063,inf
69,195,inf,inf,inf,586.260181148268,inf
69,196,inf,inf,inf,180.06943105369106,inf
69,197,inf,inf,inf,607.1902502511055,inf
69,198,inf,inf,inf,449.5887009256349,inf
69,199,inf,inf,inf,504.5572316397814,inf
69,200,inf,inf,inf,520.4046502482468,inf
69,201,inf,inf,inf,941.4085191881366,inf
69,202,inf,inf,inf,589.6795740060868,inf
70,71,inf,inf,inf,489.9489769353539,inf
70,72,inf,inf,inf,283.9242856819402,inf
70,73,inf,inf,inf,131.70041761513136,inf
70,74,inf,inf,inf,1116.6830347059097,inf
70,75,inf,inf,inf,860.5724838733806,inf
70,76,inf,inf,inf,270.29243422633937,inf
70,77,inf,inf,inf,178.33115263464205,inf
70,78,inf,inf,inf,786.5271768985481,inf
70,79,inf,inf,inf,151.3968295572929,inf
70,80,inf,inf,inf,294.4299577149037,inf
70,81,inf,inf,inf,593.8088918162139,inf
70,82,inf,inf,inf,954.8465845359661,inf
70,83,inf,inf,inf,687.302698961673,inf
70,84,inf,inf,inf,270.89481353470023,inf
70,85,inf,inf,inf,1157.6225637054592,inf
70,86,inf,inf,inf,161.68178623456632,inf
70,87,inf,inf,inf,316.07752213657966,inf
70,88,inf,inf,inf,68.46897107449476,inf
70,89,inf,inf,inf,571.1689767485626,inf
70,90,inf,inf,inf,82.49242389456137,inf
70,91,inf,inf,inf,1160.9517647172083,inf
70,92,inf,inf,inf,1016.5992327362834,inf
70,93,inf,inf,inf,459.6563934070753,inf
70,94,inf,inf,inf,212.13203435596427,inf
70,95,inf,inf,inf,437.53856972842976,inf
70,96,inf,inf,inf,667.4705986034141,inf
70,97,inf,inf,inf,876.4884482980937,inf
70,98,inf,inf,inf,300.2815345638156,inf
70,99,inf,inf,inf,655.1030453295115,inf
70,100,inf,inf,inf,239.0083680543424,inf
70,101,inf,inf,inf,599.0475774093406,inf
70,102,inf,inf,inf,517.5413026996009,inf
70,103,inf,inf,inf,532.6631205555722,inf
70,104,inf,inf,inf,891.4398465404157,inf
70,105,inf,inf,inf,379.9605242653505,inf
70,106,inf,inf,inf,221.05655384991417,inf
70,107,inf,inf,inf,747.871646741605,inf
70,108,inf,inf,inf,907.8265252789213,inf
70,109,inf,inf,inf,191.7185437040455,inf
70,110,inf,inf,inf,1156.1288855486657,inf
70,111,inf,inf,inf,967.6993334708875,inf
70,112,inf,inf,inf,80.05623023850174,inf
70,113,inf,inf,inf,781.6111565222185,inf
70,114,inf,inf,inf,604.7429205869217,inf
70,115,inf,inf,inf,693.6000288350629,inf
70,116,inf,inf,inf,175.35392781457733,inf
70,117,inf,inf,inf,507.41009055792335,inf
70,118,inf,inf,inf,519.904798977659,inf
70,119,inf,inf,inf,498.60605692269723,inf
70,120,inf,inf,inf,587.3550885112004,inf
70,121,inf,inf,inf,112.17842929904127,inf
70,122,inf,inf,inf,383.7512214964273,inf
70,123,inf,inf,inf,820.6936090892874,inf
70,124,inf,inf,inf,175.0114281982751,inf
70,125,inf,inf,inf,710.5518981749327,inf
70,126,inf,inf,inf,327.7315975001495,inf
70,127,inf,inf,inf,1145.600279329575,inf
70,128,inf,inf,inf,1005.1119340650572,inf
70,129,inf,inf,inf,1150.8175354937898,inf
70,130,inf,inf,inf,145.79780519610026,inf
70,131,inf,inf,inf,367.535032343857,inf
70,132,inf,inf,inf,392.23079940259663,inf
70,133,inf,inf,inf,158.14550262337528,inf
70,134,inf,inf,inf,496.5450634131811,inf
70,135,inf,inf,inf,716.9337486825405,inf
70,136,inf,inf,inf,1085.4275655242961,inf
70,137,inf,inf,inf,263.0019011338131,inf
70,138,inf,inf,inf,519.1859011953233,inf
70,139,inf,inf,inf,286.44720281406137,inf
70,140,inf,inf,inf,336.34060117684277,inf
70,141,inf,inf,inf,961.0520277279477,inf
70,142,inf,inf,inf,380.1854810483956,inf
70,143,inf,inf,inf,1152.2924975890453,inf
70,144,inf,inf,inf,906.2284480195929,inf
70,145,inf,inf,inf,427.4248471953871,inf
70,146,inf,inf,inf,28.0178514522438,inf
70,147,inf,inf,inf,613.4696406506193,inf
70,148,inf,inf,inf,1130.9226321901954,inf
70,149,inf,inf,inf,235.05318547086316,inf
70,150,inf,inf,inf,183.69812192834198,inf
70,151,inf,inf,inf,297.6743186773088,inf
70,152,inf,inf,inf,556.7198577381625,inf
70,153,inf,inf,inf,600.3332407921454,inf
70,154,inf,inf,inf,325.1861005639694,inf
70,155,inf,inf,inf,1073.0,inf
70,156,inf,inf,inf,155.0129026887762,inf
70,157,inf,inf,inf,710.357656395706,inf
70,158,inf,inf,inf,470.1021165661776,inf
70,159,inf,inf,inf,481.814279572534,inf
70,160,inf,inf,inf,215.3346233191495,inf
70,161,inf,inf,inf,277.89386463180506,inf
70,162,inf,inf,inf,429.0839078781678,inf
70,163,inf,inf,inf,427.29966065982313,inf
70,164,inf,inf,inf,783.5432342889574,inf
70,165,inf,inf,inf,160.1998751560063,inf
70,166,inf,inf,inf,1028.7978421439268,inf
70,167,inf,inf,inf,478.60213121130164,inf
70,168,inf,inf,inf,914.672619028251,inf
70,169,inf,inf,inf,1017.5362401408611,inf
70,170,inf,inf,inf,328.18439938546743,inf
70,171,inf,inf,inf,257.7382393049196,inf
70,172,inf,inf,inf,829.5444532995203,inf
70,173,inf,inf,inf,862.1606578822766,inf
70,174,inf,inf,inf,379.22288960451743,inf
70,175,inf,inf,inf,229.83689869122406,inf
70,176,inf,inf,inf,763.8409520312458,inf
70,177,inf,inf,inf,319.50743340335606,inf
70,178,inf,inf,inf,438.75505695091425,inf
70,179,inf,inf,inf,503.12026395286443,inf
70,180,inf,inf,inf,1160.5278971226844,inf
70,181,inf,inf,inf,1064.4853216460995,inf
70,182,inf,inf,inf,177.62882648939615,inf
70,183,inf,inf,inf,182.6307750626931,inf
70,184,inf,inf,inf,778.1259538146764,inf
70,185,inf,inf,inf,738.0027100221245,inf
70,186,inf,inf,inf,735.9028468486856,inf
70,187,inf,inf,inf,277.96582523756405,inf
70,188,inf,inf,inf,1103.177229641729,inf
70,189,inf,inf,inf,401.6466108409232,inf
70,190,inf,inf,inf,143.6697602141801,inf
70,191,inf,inf,inf,99.6393496566492,inf
70,192,inf,inf,inf,462.1179503113897,inf
70,193,inf,inf,inf,25.298221281347036,inf
70,194,inf,inf,inf,766.2643147113142,inf
70,195,inf,inf,inf,110.39021695784459,inf
70,196,inf,inf,inf,464.76230483979657,inf
70,197,inf,inf,inf,73.7360156233031,inf
70,198,inf,inf,inf,514.1643706053542,inf
70,199,inf,inf,inf,950.2573335681235,inf
70,200,inf,inf,inf,79.1580697086532,inf
70,201,inf,inf,inf,760.0322361584408,inf
70,202,inf,inf,inf,708.644480681251,inf
71,72,inf,inf,inf,549.7062852105659,inf
71,73,inf,inf,inf,559.8758791017881,inf
71,74,inf,inf,inf,1272.9214429806734,inf
71,75,inf,inf,inf,923.8490136380511,inf
71,76,inf,inf,inf,365.8742953529258,inf
71,77,inf,inf,inf,610.265515984641,inf
71,78,inf,inf,inf,565.0884886458049,inf
71,79,inf,inf,inf,483.86465049639656,inf
71,80,inf,inf,inf,257.76927667974707,inf
71,81,inf,inf,inf,1029.124385096379,inf
71,82,inf,inf,inf,560.6585413600689,inf
71,83,inf,inf,inf,280.95729212818094,inf
71,84,inf,inf,inf,759.3589401593953,inf
71,85,inf,inf,inf,1039.0399414844455,inf
71,86,inf,inf,inf,356.61884414595926,inf
71,87,inf,inf,inf,668.2701549523216,inf
71,88,inf,inf,inf,425.72526352097077,inf
71,89,inf,inf,inf,472.8297790960294,inf
71,90,inf,inf,inf,568.792580823625,inf
71,91,inf,inf,inf,1180.646009606605,inf
71,92,inf,inf,inf,812.797637791843,inf
71,93,inf,inf,inf,867.2312263750655,inf
71,94,inf,inf,inf,386.02849635745804,inf
71,95,inf,inf,inf,885.389179965511,inf
71,96,inf,inf,inf,1088.6436515223886,inf
71,97,inf,inf,inf,432.0856396595471,inf
71,98,inf,inf,inf,767.2111834429944,inf
71,99,inf,inf,inf,755.5726305260137,inf
71,100,inf,inf,inf,251.88290930509754,inf
71,101,inf,inf,inf,1032.9491759036357,inf
71,102,inf,inf,inf,929.0021528500351,inf
71,103,inf,inf,inf,1002.001996005996,inf
71,104,inf,inf,inf,1259.6590808627548,inf
71,105,inf,inf,inf,452.76925690687085,inf
71,106,inf,inf,inf,498.17667548772295,inf
71,107,inf,inf,inf,926.7113898080675,inf
71,108,inf,inf,inf,1232.5798148598735,inf
71,109,inf,inf,inf,301.2806001056158,inf
71,110,inf,inf,inf,1216.2697069318137,inf
71,111,inf,inf,inf,707.9124239621734,inf
71,112,inf,inf,inf,476.5553483069936,inf
71,113,inf,inf,inf,544.3987509170094,inf
71,114,inf,inf,inf,442.7053195975851,inf
71,115,inf,inf,inf,1026.5149779715832,inf
71,116,inf,inf,inf,589.0780932949383,inf
71,117,inf,inf,inf,978.0618589843896,inf
71,118,inf,inf,inf,911.6934791913344,inf
71,119,inf,inf,inf,275.21991207032966,inf
71,120,inf,inf,inf,861.1457484073181,inf
71,121,inf,inf,inf,457.05360735913683,inf
71,122,inf,inf,inf,847.5523582646679,inf
71,123,inf,inf,inf,350.8275929855005,inf
71,124,inf,inf,inf,454.60422347356166,inf
71,125,inf,inf,inf,221.81523843054606,inf
71,126,inf,inf,inf,420.37364332222353,inf
71,127,inf,inf,inf,1219.7811279077898,inf
71,128,inf,inf,inf,1294.488315899375,inf
71,129,inf,inf,inf,1213.7071310658102,inf
71,130,inf,inf,inf,591.2740481367333,inf
71,131,inf,inf,inf,128.14054783713078,inf
71,132,inf,inf,inf,215.11159894343214,inf
71,133,inf,inf,inf,647.6109943476871,inf
71,134,inf,inf,inf,560.8645112680958,inf
71,135,inf,inf,inf,1170.4529037940827,inf
71,136,inf,inf,inf,829.2653375126685,inf
71,137,inf,inf,inf,449.7554891271478,inf
71,138,inf,inf,inf,102.0196059588548,inf
71,139,inf,inf,inf,497.8533920744138,inf
71,140,inf,inf,inf,153.7693077307692,inf
71,141,inf,inf,inf,987.565187721803,inf
71,142,inf,inf,inf,527.045538829426,inf
71,143,inf,inf,inf,1032.769093263349,inf
71,144,inf,inf,inf,1000.0499987500625,inf
71,145,inf,inf,inf,166.35504200354134,inf
71,146,inf,inf,inf,462.3905275846381,inf
71,147,inf,inf,inf,184.6212338816963,inf
71,148,inf,inf,inf,1265.3568666585722,inf
71,149,inf,inf,inf,724.4998274671982,inf
71,150,inf,inf,inf,469.8606176303777,inf
71,151,inf,inf,inf,202.08908926510605,inf
71,152,inf,inf,inf,1000.6303013600977,inf
71,153,inf,inf,inf,121.03718436910205,inf
71,154,inf,inf,inf,564.6698150246744,inf
71,155,inf,inf,inf,1292.0824277111735,inf
71,156,inf,inf,inf,340.58919536591293,inf
71,157,inf,inf,inf,545.1917094013811,inf
71,158,inf,inf,inf,929.5859293255251,inf
71,159,inf,inf,inf,833.261663584735,inf
71,160,inf,inf,inf,667.0029984940097,inf
71,161,inf,inf,inf,642.0630810130731,inf
71,162,inf,inf,inf,517.7344879375914,inf
71,163,inf,inf,inf,333.0,inf
71,164,inf,inf,inf,907.3753357899916,inf
71,165,inf,inf,inf,539.4534270907916,inf
71,166,inf,inf,inf,703.0113797087498,inf
71,167,inf,inf,inf,411.2055447096987,inf
71,168,inf,inf,inf,1193.8726900302227,inf
71,169,inf,inf,inf,677.3610558631194,inf
71,170,inf,inf,inf,805.8393140074514,inf
71,171,inf,inf,inf,710.8705930055062,inf
71,172,inf,inf,inf,1238.1768855862235,inf
71,173,inf,inf,inf,864.7386888534594,inf
71,174,inf,inf,inf,414.54553429026345,inf
71,175,inf,inf,inf,416.63533215511137,inf
71,176,inf,inf,inf,1005.2069438677789,inf
71,177,inf,inf,inf,624.9839997951948,inf
71,178,inf,inf,inf,730.8652406565795,inf
71,179,inf,inf,inf,786.2264304893342,inf
71,180,inf,inf,inf,1146.4663100152572,inf
71,181,inf,inf,inf,945.1862250371616,inf
71,182,inf,inf,inf,584.4399028129411,inf
71,183,inf,inf,inf,357.4353088322417,inf
71,184,inf,inf,inf,835.8672143349086,inf
71,185,inf,inf,inf,611.5962720618888,inf
71,186,inf,inf,inf,313.82319863260585,inf
71,187,inf,inf,inf,736.6525639675735,inf
71,188,inf,inf,inf,1181.257804207024,inf
71,189,inf,inf,inf,843.991706120386,inf
71,190,inf,inf,inf,599.4806085270816,inf
71,191,inf,inf,inf,390.3664944638564,inf
71,192,inf,inf,inf,894.2958123574101,inf
71,193,inf,inf,inf,468.3438907469596,inf
71,194,inf,inf,inf,889.508291136176,inf
71,195,inf,inf,inf,443.92792207744714,inf
71,196,inf,inf,inf,379.6656423749718,inf
71,197,inf,inf,inf,484.55443450658873,inf
71,198,inf,inf,inf,641.081118112209,inf
71,199,inf,inf,inf,800.42801050438,inf
71,200,inf,inf,inf,474.60720601356235,inf
71,201,inf,inf,inf,1088.3386421514215,inf
71,202,inf,inf,inf,821.4627197870881,inf
72,73,inf,inf,inf,181.40011025354974,inf
72,74,inf,inf,inf,1400.257119246319,inf
72,75,inf,inf,inf,1139.44021343816,inf
72,76,inf,inf,inf,509.4281107280987,inf
72,77,inf,inf,inf,446.0011210748242,inf
72,78,inf,inf,inf,998.4027243552573,inf
72,79,inf,inf,inf,135.20355024924456,inf
72,80,inf,inf,inf,478.7838760860687,inf
72,81,inf,inf,inf,807.66577245789,inf
72,82,inf,inf,inf,1096.0770958285736,inf
72,83,inf,inf,inf,812.8923667989508,inf
72,84,inf,inf,inf,429.074585590897,inf
72,85,inf,inf,inf,1410.6824589538214,inf
72,86,inf,inf,inf,239.70398411373975,inf
72,87,inf,inf,inf,128.39003076563228,inf
72,88,inf,inf,inf,265.1886121235224,inf
72,89,inf,inf,inf,805.9187303940764,inf
72,90,inf,inf,inf,274.8854306797652,inf
72,91,inf,inf,inf,1438.4415177545454,inf
72,92,inf,inf,inf,1242.8069037465152,inf
72,93,inf,inf,inf,705.2297497978939,inf
72,94,inf,inf,inf,459.6270227042792,inf
72,95,inf,inf,inf,653.3031455610787,inf
72,96,inf,inf,inf,888.5144905965237,inf
72,97,inf,inf,inf,980.7879485393364,inf
72,98,inf,inf,inf,511.97656196353364,inf
72,99,inf,inf,inf,934.2296291597693,inf
72,100,inf,inf,inf,370.6049109226698,inf
72,101,inf,inf,inf,813.8286060344648,inf
72,102,inf,inf,inf,755.9523794525684,inf
72,103,inf,inf,inf,707.8679255341352,inf
72,104,inf,inf,inf,1134.8903030689794,inf
72,105,inf,inf,inf,171.572142260916,inf
72,106,inf,inf,inf,500.9241459542552,inf
72,107,inf,inf,inf,1031.7737155016114,inf
72,108,inf,inf,inf,1168.015410857237,inf
72,109,inf,inf,inf,354.0127116361784,inf
72,110,inf,inf,inf,1437.4035619825074,inf
72,111,inf,inf,inf,1173.0017050285987,inf
72,112,inf,inf,inf,360.8794812676387,inf
72,113,inf,inf,inf,987.7271890557635,inf
72,114,inf,inf,inf,823.4470231897131,inf
72,115,inf,inf,inf,957.7149889189373,inf
72,116,inf,inf,inf,158.90248582070703,inf
72,117,inf,inf,inf,682.7547143740569,inf
72,118,inf,inf,inf,769.4738462092133,inf
72,119,inf,inf,inf,402.86598267910387,inf
72,120,inf,inf,inf,867.106106540601,inf
72,121,inf,inf,inf,387.07234465923807,inf
72,122,inf,inf,inf,370.7775613491194,inf
72,123,inf,inf,inf,899.5226511878398,inf
72,124,inf,inf,inf,129.55307792561317,inf
72,125,inf,inf,inf,736.8235881131928,inf
72,126,inf,inf,inf,581.9939862232255,inf
72,127,inf,inf,inf,1427.774842193264,inf
72,128,inf,inf,inf,1273.1351067345524,inf
72,129,inf,inf,inf,1432.2639421559143,inf
72,130,inf,inf,inf,200.8183258569795,inf
72,131,inf,inf,inf,469.5242272769319,inf
72,132,inf,inf,inf,355.34771703220497,inf
72,133,inf,inf,inf,321.74057872764513,inf
72,134,inf,inf,inf,764.0104711324316,inf
72,135,inf,inf,inf,902.058202113367,inf
72,136,inf,inf,inf,1295.2320255460022,inf
72,137,inf,inf,inf,100.42410069301094,inf
72,138,inf,inf,inf,622.643557743915,inf
72,139,inf,inf,inf,562.4277731406941,inf
72,140,inf,inf,inf,421.6017077764273,inf
72,141,inf,inf,inf,1237.1337841963577,inf
72,142,inf,inf,inf,653.7644835871707,inf
72,143,inf,inf,inf,1405.0355867379303,inf
72,144,inf,inf,inf,1188.1704423187778,inf
72,145,inf,inf,inf,409.48382141422877,inf
72,146,inf,inf,inf,278.52468472291645,inf
72,147,inf,inf,inf,590.1067700001416,inf
72,148,inf,inf,inf,1414.8402736704945,inf
72,149,inf,inf,inf,394.06217783491985,inf
72,150,inf,inf,inf,460.1956105831519,inf
72,151,inf,inf,inf,430.7261310856354,inf
72,152,inf,inf,inf,764.9575151601558,inf
72,153,inf,inf,inf,622.3736819628542,inf
72,154,inf,inf,inf,41.6293165929973,inf
72,155,inf,inf,inf,1352.3882578608852,inf
72,156,inf,inf,inf,281.7268180347764,inf
72,157,inf,inf,inf,936.1180481114548,inf
72,158,inf,inf,inf,667.8809774203784,inf
72,159,inf,inf,inf,749.801307014065,inf
72,160,inf,inf,inf,462.21207253813697,inf
72,161,inf,inf,inf,118.01694793545543,inf
72,162,inf,inf,inf,696.0258615884901,inf
72,163,inf,inf,inf,299.2824752637548,inf
72,164,inf,inf,inf,1066.2874846869395,inf
72,165,inf,inf,inf,132.92479076530458,inf
72,166,inf,inf,inf,1208.1142330094451,inf
72,167,inf,inf,inf,711.7197482155459,inf
72,168,inf,inf,inf,1186.6309451552324,inf
72,169,inf,inf,inf,1189.6877741659785,inf
72,170,inf,inf,inf,368.01358670570846,inf
72,171,inf,inf,inf,254.31083343027288,inf
72,172,inf,inf,inf,1051.6791335763965,inf
72,173,inf,inf,inf,1133.1275303336338,inf
72,174,inf,inf,inf,199.49185447030163,inf
72,175,inf,inf,inf,135.60235986147143,inf
72,176,inf,inf,inf,1044.1915533081083,inf
72,177,1.0,81.9828,81.98275605729684,75.6042326857432,1.084367278721902
72,178,inf,inf,inf,720.1284607623837,inf
72,179,inf,inf,inf,783.7786677372637,inf
72,180,inf,inf,inf,1433.6450048739403,inf
72,181,inf,inf,inf,1315.6002432350033,inf
72,182,inf,inf,inf,454.9868129957175,inf
72,183,inf,inf,inf,410.47411611452435,inf
72,184,inf,inf,inf,1055.0189571756518,inf
72,185,inf,inf,inf,976.545441851018,inf
72,186,inf,inf,inf,854.058546002556,inf
72,187,inf,inf,inf,279.43514453268045,inf
72,188,inf,inf,inf,1385.3782876889618,inf
72,189,inf,inf,inf,627.2232457426941,inf
72,190,inf,inf,inf,403.86631451508805,inf
72,191,inf,inf,inf,291.6864755178066,inf
72,192,inf,inf,inf,690.1420143709554,inf
72,193,inf,inf,inf,270.4459280521709,inf
72,194,inf,inf,inf,1048.8326844640187,inf
72,195,inf,inf,inf,192.02343606966312,inf
72,196,inf,inf,inf,690.2789291293774,inf
72,197,inf,inf,inf,210.52315787105226,inf
72,198,inf,inf,inf,792.2436493907667,inf
72,199,inf,inf,inf,1190.6275656140338,inf
72,200,inf,inf,inf,359.489916409348,inf
72,201,inf,inf,inf,1023.313246274082,inf
72,202,inf,inf,inf,989.853524517643,inf
73,74,inf,inf,inf,1229.5177916565501,inf
73,75,inf,inf,inf,987.2233789776253,inf
73,76,inf,inf,inf,398.1770962775232,inf
73,77,inf,inf,inf,268.33002068348594,inf
73,78,inf,inf,inf,912.2773701018787,inf
73,79,inf,inf,inf,91.6624241442479,inf
73,80,inf,inf,inf,405.65995612088705,inf
73,81,inf,inf,inf,632.2230619014147,inf
73,82,inf,inf,inf,1062.0287190090482,inf
73,83,inf,inf,inf,786.8036603880284,inf
73,84,inf,inf,inf,261.45171638373307,inf
73,85,inf,inf,inf,1289.31958799981,inf
73,86,inf,inf,inf,203.2732151563506,inf
73,87,inf,inf,inf,185.4561942885705,inf
73,88,inf,inf,inf,155.56670594957006,inf
73,89,inf,inf,inf,700.5233757698596,inf
73,90,inf,inf,inf,94.847245611035,inf
73,91,inf,inf,inf,1288.0993750483694,inf
73,92,inf,inf,inf,1145.6548345815156,inf
73,93,inf,inf,inf,524.1039973135103,inf
73,94,inf,inf,inf,341.0058650522011,inf
73,95,inf,inf,inf,476.1774879181081,inf
73,96,inf,inf,inf,711.8482984456731,inf
73,97,inf,inf,inf,970.6312379065491,inf
73,98,inf,inf,inf,333.79334924470857,inf
73,99,inf,inf,inf,782.0313292957003,inf
73,100,inf,inf,inf,324.6074552440224,inf
73,101,inf,inf,inf,638.2045126759916,inf
73,102,inf,inf,inf,575.6474615595903,inf
73,103,inf,inf,inf,542.6831488078471,inf
73,104,inf,inf,inf,954.6989054146862,inf
73,105,inf,inf,inf,321.99534158120986,inf
73,106,inf,inf,inf,349.967141314724,inf
73,107,inf,inf,inf,864.037614921943,inf
73,108,inf,inf,inf,986.6194808536876,inf
73,109,inf,inf,inf,286.6304240655552,inf
73,110,inf,inf,inf,1280.086325214046,inf
73,111,inf,inf,inf,1092.6174994022383,inf
73,112,inf,inf,inf,210.76052761368766,inf
73,113,inf,inf,inf,906.0447008840126,inf
73,114,inf,inf,inf,731.1313151548086,inf
73,115,inf,inf,inf,776.5874065422385,inf
73,116,inf,inf,inf,43.68065933568311,inf
73,117,inf,inf,inf,517.130544446951,inf
73,118,inf,inf,inf,588.2108465507926,inf
73,119,inf,inf,inf,500.9361236724698,inf
73,120,inf,inf,inf,691.480296176254,inf
73,121,inf,inf,inf,243.82985871299684,inf
73,122,inf,inf,inf,287.68385425671704,inf
73,123,inf,inf,inf,904.969060244603,inf
73,124,inf,inf,inf,130.11533345459327,inf
73,125,inf,inf,inf,772.5677963777678,inf
73,126,inf,inf,inf,458.85182793577275,inf
73,127,inf,inf,inf,1268.315812406358,inf
73,128,inf,inf,inf,1092.2385270626557,inf
73,129,inf,inf,inf,1274.5673775834684,inf
73,130,inf,inf,inf,33.13608305156178,inf
73,131,inf,inf,inf,449.5475503214315,inf
73,132,inf,inf,inf,414.8373175113348,inf
73,133,inf,inf,inf,144.77914214416384,inf
73,134,inf,inf,inf,627.8423368967722,inf
73,135,inf,inf,inf,735.6799575902554,inf
73,136,inf,inf,inf,1211.598943545264,inf
73,137,inf,inf,inf,205.50669088864237,inf
73,138,inf,inf,inf,607.4150146316767,inf
73,139,inf,inf,inf,416.6593332687989,inf
73,140,inf,inf,inf,409.35314827175813,inf
73,141,inf,inf,inf,1089.2024605187046,inf
73,142,inf,inf,inf,510.65644028054714,inf
73,143,inf,inf,inf,1283.9863706441747,inf
73,144,inf,inf,inf,1029.674220324079,inf
73,145,inf,inf,inf,460.9783075156574,inf
73,146,inf,inf,inf,141.85203558638133,inf
73,147,inf,inf,inf,652.3434678143102,inf
73,148,inf,inf,inf,1246.720898998649,inf
73,149,inf,inf,inf,224.08257406590099,inf
73,150,inf,inf,inf,314.5313974788527,inf
73,151,inf,inf,inf,388.6296437483893,inf
73,152,inf,inf,inf,590.58784274653,inf
73,153,inf,inf,inf,658.1253679960985,inf
73,154,inf,inf,inf,222.1823575354263,inf
73,155,inf,inf,inf,1175.4556563307694,inf
73,156,inf,inf,inf,224.65974272218867,inf
73,157,inf,inf,inf,838.6328159570194,inf
73,158,inf,inf,inf,495.2342879890285,inf
73,159,inf,inf,inf,569.575280362482,inf
73,160,inf,inf,inf,280.9590717524529,inf
73,161,inf,inf,inf,147.27525250360293,inf
73,162,inf,inf,inf,560.5443782609901,inf
73,163,inf,inf,inf,410.68235900754246,inf
73,164,inf,inf,inf,905.8747153994309,inf
73,165,inf,inf,inf,50.44799302251776,inf
73,166,inf,inf,inf,1147.5443346555287,inf
73,167,inf,inf,inf,607.2174239924279,inf
73,168,inf,inf,inf,1006.5609767917689,inf
73,169,inf,inf,inf,1134.2861191075203,inf
73,170,inf,inf,inf,250.63918289046507,inf
73,171,inf,inf,inf,151.18200951171406,inf
73,172,inf,inf,inf,875.3976239401155,inf
73,173,inf,inf,inf,992.274155664653,inf
73,174,inf,inf,inf,334.7013594235912,inf
73,175,inf,inf,inf,194.5507645834372,inf
73,176,inf,inf,inf,868.5862075810322,inf
73,177,inf,inf,inf,197.18519214180358,inf
73,178,inf,inf,inf,546.9268689687864,inf
73,179,inf,inf,inf,609.3808333054134,inf
73,180,inf,inf,inf,1289.6898852049667,inf
73,181,inf,inf,inf,1196.1379519102302,inf
73,182,inf,inf,inf,281.6256380374486,inf
73,183,inf,inf,inf,304.77040538739976,inf
73,184,inf,inf,inf,906.1594782376886,inf
73,185,inf,inf,inf,868.3714642939391,inf
73,186,inf,inf,inf,833.4230618359442,inf
73,187,inf,inf,inf,176.7766952966369,inf
73,188,inf,inf,inf,1225.90578757097,inf
73,189,inf,inf,inf,448.06807518501023,inf
73,190,inf,inf,inf,225.32199182503248,inf
73,191,inf,inf,inf,194.82556300444764,inf
73,192,inf,inf,inf,511.0322886080683,inf
73,193,inf,inf,inf,132.00378782444085,inf
73,194,inf,inf,inf,888.9836893891811,inf
73,195,inf,inf,inf,115.95257651298655,inf
73,196,inf,inf,inf,591.7068530953483,inf
73,197,inf,inf,inf,82.03657720797473,inf
73,198,inf,inf,inf,642.2522868779838,inf
73,199,inf,inf,inf,1081.119789847545,inf
73,200,inf,inf,inf,210.10711553871752,inf
73,201,inf,inf,inf,842.076006070711,inf
73,202,inf,inf,inf,833.5010497893809,inf
74,75,inf,inf,inf,370.1513204082892,inf
74,76,inf,inf,inf,963.6871899117473,inf
74,77,inf,inf,inf,963.1100663994744,inf
74,78,inf,inf,inf,877.4371772383479,inf
74,79,inf,inf,inf,1267.7192118130893,inf
74,80,inf,inf,inf,1060.389551061307,inf
74,81,inf,inf,inf,826.5228369500749,inf
74,82,inf,inf,inf,1203.0066500231826,inf
74,83,inf,inf,inf,1173.9173735829963,inf
74,84,inf,inf,inf,1081.2700865186273,inf
74,85,inf,inf,inf,650.5636018099998,inf
74,86,inf,inf,inf,1218.048439102485,inf
74,87,inf,inf,inf,1405.3853564058506,inf
74,88,inf,inf,inf,1148.1833477280534,inf
74,89,inf,inf,inf,816.9265572865164,inf
74,90,inf,inf,inf,1135.972710939836,inf
74,91,inf,inf,inf,335.83626963149766,inf
74,92,inf,inf,inf,821.0243601745323,inf
74,93,inf,inf,inf,785.0229296014226,inf
74,94,inf,inf,inf,987.0081053365266,inf
74,95,inf,inf,inf,887.8136065639003,inf
74,96,inf,inf,inf,773.8281462960623,inf
74,97,inf,inf,inf,1295.0154439233534,inf
74,98,inf,inf,inf,973.1310292041869,inf
74,99,inf,inf,inf,518.0588769628409,inf
74,100,inf,inf,inf,1155.5587393118535,inf
74,101,inf,inf,inf,821.2995799341431,inf
74,102,inf,inf,inf,772.823395091013,inf
74,103,inf,inf,inf,966.8324570472383,inf
74,104,inf,inf,inf,597.4144290189182,inf
74,105,inf,inf,inf,1476.2076412212477,inf
74,106,inf,inf,inf,908.777750607925,inf
74,107,inf,inf,inf,370.70338547145747,inf
74,108,inf,inf,inf,464.3317779347005,inf
74,109,inf,inf,inf,1129.7065990778315,inf
74,110,inf,inf,inf,239.38462774372127,inf
74,111,inf,inf,inf,930.1209598756498,inf
74,112,inf,inf,inf,1042.490287724543,inf
74,113,inf,inf,inf,903.8346087642362,inf
74,114,inf,inf,inf,870.6830651850305,inf
74,115,inf,inf,inf,543.0230197698804,inf
74,116,inf,inf,inf,1266.8677910500369,inf
74,117,inf,inf,inf,972.1409362844464,inf
74,118,inf,inf,inf,730.0424645183319,inf
74,119,inf,inf,inf,1483.6054057599008,inf
74,120,inf,inf,inf,543.6699366343518,inf
74,121,inf,inf,inf,1021.5522502544841,inf
74,122,inf,inf,inf,1306.098005511072,inf
74,123,inf,inf,inf,1343.790534272362,inf
74,124,inf,inf,inf,1286.583071550376,inf
74,125,inf,inf,inf,1416.6315681926617,inf
74,126,inf,inf,inf,886.8444057443222,inf
74,127,inf,inf,inf,205.00975586542216,inf
74,128,inf,inf,inf,360.0013888862097,inf
74,129,inf,inf,inf,232.4908600354001,inf
74,130,inf,inf,inf,1223.8463955905577,inf
74,131,inf,inf,inf,1187.0151641828338,inf
74,132,inf,inf,inf,1366.835761896798,inf
74,133,inf,inf,inf,1122.7773599427449,inf
74,134,inf,inf,inf,715.3292948006533,inf
74,135,inf,inf,inf,908.5928681208102,inf
74,136,inf,inf,inf,937.6406561151239,inf
74,137,inf,inf,inf,1369.7755290557648,inf
74,138,inf,inf,inf,1197.1420132966682,inf
74,139,inf,inf,inf,858.6530149018287,inf
74,140,inf,inf,inf,1210.1718886174806,inf
74,141,inf,inf,inf,368.2010320463537,inf
74,142,inf,inf,inf,783.4487858181925,inf
74,143,inf,inf,inf,651.9547530312207,inf
74,144,inf,inf,inf,284.83855076165514,inf
74,145,inf,inf,inf,1361.609709131071,inf
74,146,inf,inf,inf,1125.2341978450531,inf
74,147,inf,inf,inf,1456.9426893327,inf
74,148,inf,inf,inf,55.758407437802596,inf
74,149,inf,inf,inf,1094.1137966409162,inf
74,150,inf,inf,inf,952.0021008380181,inf
74,151,inf,inf,inf,1143.8378381571401,inf
74,152,inf,inf,inf,859.1949720523276,inf
74,153,inf,inf,inf,1375.4028500770237,inf
74,154,inf,inf,inf,1441.6924082480284,inf
74,155,inf,inf,inf,165.07574019219177,inf
74,156,inf,inf,inf,1178.4269175472868,inf
74,157,inf,inf,inf,818.2499618087372,inf
74,158,inf,inf,inf,922.8309704382488,inf
74,159,inf,inf,inf,689.1980847332645,inf
74,160,inf,inf,inf,966.5319446350442,inf
74,161,inf,inf,inf,1369.3706583682886,inf
74,162,inf,inf,inf,768.9395294820002,inf
74,163,inf,inf,inf,1465.7619179116368,inf
74,164,inf,inf,inf,365.9412521156914,inf
74,165,inf,inf,inf,1271.259611566418,inf
74,166,inf,inf,inf,1074.0670370139844,inf
74,167,inf,inf,inf,862.4992753620145,inf
74,168,inf,inf,inf,344.84344273887535,inf
74,169,inf,inf,inf,1102.200072582106,inf
74,170,inf,inf,inf,1234.2131096370674,inf
74,171,inf,inf,inf,1269.0193063937206,inf
74,172,inf,inf,inf,734.006130764587,inf
74,173,inf,inf,inf,469.4187895685472,inf
74,174,inf,inf,inf,1462.8892644352818,inf
74,175,inf,inf,inf,1328.5616282280623,inf
74,176,inf,inf,inf,372.7733896082176,inf
74,177,inf,inf,inf,1426.6506229627491,inf
74,178,inf,inf,inf,682.8067076413354,inf
74,179,inf,inf,inf,621.7370826965366,inf
74,180,inf,inf,inf,414.5189983583382,inf
74,181,inf,inf,inf,646.6065264130884,inf
74,182,inf,inf,inf,947.9266849287449,inf
74,183,inf,inf,inf,1041.8833907880478,inf
74,184,inf,inf,inf,447.9207519193546,inf
74,185,inf,inf,inf,747.6850941405746,inf
74,186,inf,inf,inf,1206.5189596521059,inf
74,187,inf,inf,inf,1267.9952681299721,inf
74,188,inf,inf,inf,199.1004771465905,inf
74,189,inf,inf,inf,881.0090805434414,inf
74,190,inf,inf,inf,1006.5247140532616,inf
74,191,inf,inf,inf,1136.074381367699,inf
74,192,inf,inf,inf,839.0518458355241,inf
74,193,inf,inf,inf,1132.28485815187,inf
74,194,inf,inf,inf,384.03385267447453,inf
74,195,inf,inf,inf,1218.5963236445448,inf
74,196,inf,inf,inf,893.8036697172372,inf
74,197,inf,inf,inf,1190.3948924621611,inf
74,198,inf,inf,inf,645.9798758475375,inf
74,199,inf,inf,inf,718.2102756157141,inf
74,200,inf,inf,inf,1044.1345698711445,inf
74,201,inf,inf,inf,506.4484179065031,inf
74,202,inf,inf,inf,452.1349356110408,inf
75,76,inf,inf,inf,653.9090150777859,inf
75,77,inf,inf,inf,742.2162757579491,inf
75,78,inf,inf,inf,510.31362905570137,inf
75,79,inf,inf,inf,1004.2649052914276,inf
75,80,inf,inf,inf,736.3871264491253,inf
75,81,inf,inf,inf,782.743891704049,inf
75,82,inf,inf,inf,840.2219944752696,inf
75,83,inf,inf,inf,805.1397394241574,inf
75,84,inf,inf,inf,907.5709338668796,inf
75,85,inf,inf,inf,424.95293857084926,inf
75,86,inf,inf,inf,928.3716928041268,inf
75,87,inf,inf,inf,1172.0273034362297,inf
75,88,inf,inf,inf,875.2651026974628,inf
75,89,inf,inf,inf,455.78174601447125,inf
75,90,inf,inf,inf,901.2003106967951,inf
75,91,inf,inf,inf,301.04152537482264,inf
75,92,inf,inf,inf,498.1576055828115,inf
75,93,inf,inf,inf,670.3141054759328,inf
75,94,inf,inf,inf,690.3948145807585,inf
75,95,inf,inf,inf,775.4901675714528,inf
75,96,inf,inf,inf,765.1104495430709,inf
75,97,inf,inf,inf,925.5338999734154,inf
75,98,inf,inf,inf,809.1798316814378,inf
75,99,inf,inf,inf,205.47749268472205,inf
75,100,inf,inf,inf,842.5912413501579,inf
75,101,inf,inf,inf,779.9467930570648,inf
75,102,inf,inf,inf,688.3865193334337,inf
75,103,inf,inf,inf,892.4152620837455,inf
75,104,inf,inf,inf,711.2945943840709,inf
75,105,inf,inf,inf,1184.8700350671377,inf
75,106,inf,inf,inf,639.7288488101815,inf
75,107,inf,inf,inf,217.5890622251036,inf
75,108,inf,inf,inf,598.3243267660107,inf
75,109,inf,inf,inf,826.2402798217961,inf
75,110,inf,inf,inf,302.64335446198055,inf
75,111,inf,inf,inf,585.140154151123,inf
75,112,inf,inf,inf,780.9391781694654,inf
75,113,inf,inf,inf,536.1277832755918,inf
75,114,inf,inf,inf,504.4769568572979,inf
75,115,inf,inf,inf,529.6885877569952,inf
75,116,inf,inf,inf,1029.039357847891,inf
75,117,inf,inf,inf,887.7488383546329,inf
75,118,inf,inf,inf,639.2949241156228,inf
75,119,inf,inf,inf,1154.7125183351916,inf
75,120,inf,inf,inf,406.60668956621953,inf
75,121,inf,inf,inf,752.646663448394,inf
75,122,inf,inf,inf,1133.6948443033514,inf
75,123,inf,inf,inf,973.7787222978329,inf
75,124,inf,inf,inf,1015.143339632389,inf
75,125,inf,inf,inf,1052.9354206217968,inf
75,126,inf,inf,inf,574.8886848773421,inf
75,127,inf,inf,inf,299.8416248621929,inf
75,128,inf,inf,inf,566.6259789314288,inf
75,129,inf,inf,inf,298.54312921251426,inf
75,130,inf,inf,inf,990.072724601582,inf
75,131,inf,inf,inf,851.4158795794215,inf
75,132,inf,inf,inf,1042.6216955348666,inf
75,133,inf,inf,inf,911.3928900315166,inf
75,134,inf,inf,inf,388.9730067755345,inf
75,135,inf,inf,inf,911.5596524638418,inf
75,136,inf,inf,inf,618.8586268284542,inf
75,137,inf,inf,inf,1090.2206198747115,inf
75,138,inf,inf,inf,841.1640743636167,inf
75,139,inf,inf,inf,577.0207968522452,inf
75,140,inf,inf,inf,881.1129326028531,inf
75,141,inf,inf,inf,110.30865786510141,inf
75,142,inf,inf,inf,486.9537965762255,inf
75,143,inf,inf,inf,422.8344829835902,inf
75,144,inf,inf,inf,85.86617494683223,inf
75,145,inf,inf,inf,1029.6334299157152,inf
75,146,inf,inf,inf,861.7215327470934,inf
75,147,inf,inf,inf,1105.4021892505912,inf
75,148,inf,inf,inf,349.80708969373393,inf
75,149,inf,inf,inf,908.2185860243117,inf
75,150,inf,inf,inf,679.4115100585211,inf
75,151,inf,inf,inf,818.9877898967725,inf
75,152,inf,inf,inf,798.621312012145,inf
75,153,inf,inf,inf,1019.4473993296565,inf
75,154,inf,inf,inf,1179.1984565797227,inf
75,155,inf,inf,inf,452.6566027354511,inf
75,156,inf,inf,inf,885.5337373584363,inf
75,157,inf,inf,inf,448.12609832501386,inf
75,158,inf,inf,inf,825.307821361218,inf
75,159,inf,inf,inf,555.1234097027435,inf
75,160,inf,inf,inf,766.1670836051363,inf
75,161,inf,inf,inf,1134.063490286148,inf
75,162,inf,inf,inf,453.290194025858,inf
75,163,inf,inf,inf,1151.5077073124608,inf
75,164,inf,inf,inf,119.55333537798099,inf
75,165,inf,inf,inf,1020.7649092714737,inf
75,166,inf,inf,inf,728.4064799272451,inf
75,167,inf,inf,inf,514.1021299313979,inf
75,168,inf,inf,inf,485.62228120217054,inf
75,169,inf,inf,inf,752.5323913294365,inf
75,170,inf,inf,inf,1059.1742066345837,inf
75,171,inf,inf,inf,1063.0230477275645,inf
75,172,inf,inf,inf,803.7617806290617,inf
75,173,inf,inf,inf,113.00442469213318,inf
75,174,inf,inf,inf,1165.4033636471108,inf
75,175,inf,inf,inf,1045.7150663541192,inf
75,176,inf,inf,inf,339.22853653547486,inf
75,177,inf,inf,inf,1180.0779635261392,inf
75,178,inf,inf,inf,484.3727903175404,inf
75,179,inf,inf,inf,445.7858230136979,inf
75,180,inf,inf,inf,313.3209217399949,inf
75,181,inf,inf,inf,372.08601156184307,inf
75,182,inf,inf,inf,716.8884153060363,inf
75,183,inf,inf,inf,744.8496492581573,inf
75,184,inf,inf,inf,89.47066558375433,inf
75,185,inf,inf,inf,378.00132274900835,inf
75,186,inf,inf,inf,836.7675901945533,inf
75,187,inf,inf,inf,1069.2053123698927,inf
75,188,inf,inf,inf,259.3935234349539,inf
75,189,inf,inf,inf,751.8809746229784,inf
75,190,inf,inf,inf,782.9584918755272,inf
75,191,inf,inf,inf,854.2722048621271,inf
75,192,inf,inf,inf,734.0980860893181,inf
75,193,inf,inf,inf,870.3246520695596,inf
75,194,inf,inf,inf,126.24579200908045,inf
75,195,inf,inf,inf,948.54045775602,inf
75,196,inf,inf,inf,545.6968022629416,inf
75,197,inf,inf,inf,931.2722480563887,inf
75,198,inf,inf,inf,347.1973502203034,inf
75,199,inf,inf,inf,386.24603557836036,inf
75,200,inf,inf,inf,782.0799191898485,inf
75,201,inf,inf,inf,538.4143385906434,inf
75,202,inf,inf,inf,157.68956845650888,inf
76,77,inf,inf,inf,290.46170143411337,inf
76,78,inf,inf,inf,516.4426396028895,inf
76,79,inf,inf,inf,379.8855090681928,inf
76,80,inf,inf,inf,109.65856099730654,inf
76,81,inf,inf,inf,677.1447408050956,inf
76,82,inf,inf,inf,708.9781378857884,inf
76,83,inf,inf,inf,464.8408329740407,inf
76,84,inf,inf,inf,480.285331860135,inf
76,85,inf,inf,inf,901.5741788671635,inf
76,86,inf,inf,inf,279.5800422061632,inf
76,87,inf,inf,inf,575.2190886957768,inf
76,88,inf,inf,inf,250.68306683938587,inf
76,89,inf,inf,inf,302.6945655276949,inf
76,90,inf,inf,inf,344.8028422156639,inf
76,91,inf,inf,inf,945.084652293116,inf
76,92,inf,inf,inf,747.5025083569955,inf
76,93,inf,inf,inf,510.3430218980171,inf
76,94,inf,inf,inf,58.60034129593445,inf
76,95,inf,inf,inf,544.8908147509921,inf
76,96,inf,inf,inf,730.5046201085931,inf
76,97,inf,inf,inf,657.943766594076,inf
76,98,inf,inf,inf,450.0322210686697,inf
76,99,inf,inf,inf,455.9232391532592,inf
76,100,inf,inf,inf,192.02343606966312,inf
76,101,inf,inf,inf,680.2940540677979,inf
76,102,inf,inf,inf,571.3711578300046,inf
76,103,inf,inf,inf,673.0705757942476,inf
76,104,inf,inf,inf,893.7924815078721,inf
76,105,inf,inf,inf,531.9248067161373,inf
76,106,inf,inf,inf,142.50614021858848,inf
76,107,inf,inf,inf,598.2457688943566,inf
76,108,inf,inf,inf,869.8557351653204,inf
76,109,inf,inf,inf,172.44709333589824,inf
76,110,inf,inf,inf,956.5145059015049,inf
76,111,inf,inf,inf,697.862450630495,inf
76,112,inf,inf,inf,203.38387350033435,inf
76,113,inf,inf,inf,512.2284646522487,inf
76,114,inf,inf,inf,334.5504446268156,inf
76,115,inf,inf,inf,661.5020786059557,inf
76,116,inf,inf,inf,441.37172541974184,inf
76,117,inf,inf,inf,651.4422460970734,inf
76,118,inf,inf,inf,549.9209034033895,inf
76,119,inf,inf,inf,523.0544904692053,inf
76,120,inf,inf,inf,501.5376356765263,inf
76,121,inf,inf,inf,168.3864602632884,inf
76,122,inf,inf,inf,645.263512063095,inf
76,123,inf,inf,inf,625.664446808351,inf
76,124,inf,inf,inf,380.00657889041867,inf
76,125,inf,inf,inf,573.8379562210921,inf
76,126,inf,inf,inf,79.05694150420949,inf
76,127,inf,inf,inf,951.9296192471375,inf
76,128,inf,inf,inf,938.8013634417027,inf
76,129,inf,inf,inf,952.2777956037828,inf
76,130,inf,inf,inf,415.8088503146608,inf
76,131,inf,inf,inf,247.329739416836,inf
76,132,inf,inf,inf,404.6096884653159,inf
76,133,inf,inf,inf,401.67648674026213,inf
76,134,inf,inf,inf,265.58049627184596,inf
76,135,inf,inf,inf,824.4755909061225,inf
76,136,inf,inf,inf,815.1693075674525,inf
76,137,inf,inf,inf,444.45022218466715,inf
76,138,inf,inf,inf,341.15099296352633,inf
76,139,inf,inf,inf,132.09844813622905,inf
76,140,inf,inf,inf,255.87692353942353,inf
76,141,inf,inf,inf,742.6930725407367,inf
76,142,inf,inf,inf,181.01104938649465,inf
76,143,inf,inf,inf,895.9754460921348,inf
76,144,inf,inf,inf,715.2985390730223,inf
76,145,inf,inf,inf,405.87929240107826,inf
76,146,inf,inf,inf,256.3298656028985,inf
76,147,inf,inf,inf,540.9482415166908,inf
76,148,inf,inf,inf,966.3539724138355,inf
76,149,inf,inf,inf,454.5283269500373,inf
76,150,inf,inf,inf,130.92364186807515,inf
76,151,inf,inf,inf,187.01871564097536,inf
76,152,inf,inf,inf,653.4408925067362,inf
76,153,inf,inf,inf,486.4175161319748,inf
76,154,inf,inf,inf,545.6189146281496,inf
76,155,inf,inf,inf,957.2800008357011,inf
76,156,inf,inf,inf,235.68835355188853,inf
76,157,inf,inf,inf,440.51106683033515,inf
76,158,inf,inf,inf,594.9605028907381,inf
76,159,inf,inf,inf,467.89849326536626,inf
76,160,inf,inf,inf,349.2978671563856,inf
76,161,inf,inf,inf,537.9526001424289,inf
76,162,inf,inf,inf,200.81085628023203,inf
76,163,inf,inf,inf,502.7733087585299,inf
76,164,inf,inf,inf,603.2926321446334,inf
76,165,inf,inf,inf,413.63026968537974,inf
76,166,inf,inf,inf,764.4220038695903,inf
76,167,inf,inf,inf,209.0598000573042,inf
76,168,inf,inf,inf,839.3449827097318,inf
76,169,inf,inf,inf,755.7737756762932,inf
76,170,inf,inf,inf,581.9596205923569,inf
76,171,inf,inf,inf,526.2746431284714,inf
76,172,inf,inf,inf,875.4941461826002,inf
76,173,inf,inf,inf,631.5892652665972,inf
76,174,inf,inf,inf,511.53103522660285,inf
76,175,inf,inf,inf,398.6640189432701,inf
76,176,inf,inf,inf,657.2221846529528,inf
76,177,inf,inf,inf,564.6813260592207,inf
76,178,inf,inf,inf,365.82509481991525,inf
76,179,inf,inf,inf,423.2635113023564,inf
76,180,inf,inf,inf,932.5947673024978,inf
76,181,inf,inf,inf,806.7744418361306,inf
76,182,inf,inf,inf,256.90854403853524,inf
76,183,inf,inf,inf,98.99494936611666,inf
76,184,inf,inf,inf,565.5316083120376,inf
76,185,inf,inf,inf,471.8325974326064,inf
76,186,inf,inf,inf,515.5201256983087,inf
76,187,inf,inf,inf,544.607197895878,inf
76,188,inf,inf,inf,910.3285121317468,inf
76,189,inf,inf,inf,502.4758700674093,inf
76,190,inf,inf,inf,299.60807732769825,inf
76,191,inf,inf,inf,218.50858106719744,inf
76,192,inf,inf,inf,545.2348118013009,inf
76,193,inf,inf,inf,266.1766330841233,inf
76,194,inf,inf,inf,584.9555538671293,inf
76,195,inf,inf,inf,320.0624938976762,inf
76,196,inf,inf,inf,194.50963986394095,inf
76,197,inf,inf,inf,321.7530108639234,inf
76,198,inf,inf,inf,318.5294334908471,inf
76,199,inf,inf,inf,685.6128645234131,inf
76,200,inf,inf,inf,202.82997806044352,inf
76,201,inf,inf,inf,724.1470845070081,inf
76,202,inf,inf,inf,519.003853550241,inf
77,78,inf,inf,inf,774.2977463482637,inf
77,79,inf,inf,inf,322.61587065735,inf
77,80,inf,inf,inf,368.7505932198618,inf
77,81,inf,inf,inf,427.9684567815717,inf
77,82,inf,inf,inf,997.3735508825166,inf
77,83,inf,inf,inf,754.2181382067128,inf
77,84,inf,inf,inf,199.42417105255822,inf
77,85,inf,inf,inf,1083.3965109783214,inf
77,86,inf,inf,inf,331.1872582090078,inf
77,87,inf,inf,inf,442.6341604530766,inf
77,88,inf,inf,inf,237.15395843207003,inf
77,89,inf,inf,inf,546.0036629913759,inf
77,90,inf,inf,inf,173.69225659193907,inf
77,91,inf,inf,inf,1042.3900421627213,inf
77,92,inf,inf,inf,979.7509887721471,inf
77,93,inf,inf,inf,283.3407842157567,inf
77,94,inf,inf,inf,241.89667215569543,inf
77,95,inf,inf,inf,277.01624501101014,inf
77,96,inf,inf,inf,497.00402412857784,inf
77,97,inf,inf,inf,947.4354859303086,inf
77,98,inf,inf,inf,161.07451691686057,inf
77,99,inf,inf,inf,541.052677657176,inf
77,100,inf,inf,inf,365.3176699805253,inf
77,101,inf,inf,inf,432.62917146211953,inf
77,102,inf,inf,inf,342.7783540423753,inf
77,103,inf,inf,inf,392.50987248730445,inf
77,104,inf,inf,inf,713.6672894283442,inf
77,105,inf,inf,inf,557.5517913162867,inf
77,106,inf,inf,inf,160.86018774078315,inf
77,107,inf,inf,inf,601.0407640085654,inf
77,108,inf,inf,inf,730.1403974579135,inf
77,109,inf,inf,inf,315.8259014077218,inf
77,110,inf,inf,inf,1026.095512123506,inf
77,111,inf,inf,inf,954.7711767748333,inf
77,112,inf,inf,inf,140.13208055259867,inf
77,113,inf,inf,inf,775.6713221461781,inf
77,114,inf,inf,inf,596.6070733740927,inf
77,115,inf,inf,inf,516.5123425437189,inf
77,116,inf,inf,inf,304.0148022712052,inf
77,117,inf,inf,inf,369.14089451048363,inf
77,118,inf,inf,inf,342.20023378133453,inf
77,119,inf,inf,inf,666.8208155119335,inf
77,120,inf,inf,inf,423.24933549859236,inf
77,121,inf,inf,inf,153.39491516996253,inf
77,122,inf,inf,inf,403.510842481339,inf
77,123,inf,inf,inf,909.373410651532,inf
77,124,inf,inf,inf,350.9943019480516,inf
77,125,inf,inf,inf,831.0006016844994,inf
77,126,inf,inf,inf,306.62354769325856,inf
77,127,inf,inf,inf,1012.00098814181,inf
77,128,inf,inf,inf,829.778283639672,inf
77,129,inf,inf,inf,1020.1769454364277,inf
77,130,inf,inf,inf,260.7546739753671,inf
77,131,inf,inf,inf,482.14935445357594,inf
77,132,inf,inf,inf,554.3185005030953,inf
77,133,inf,inf,inf,169.1862878604528,inf
77,134,inf,inf,inf,422.9952718411874,inf
77,135,inf,inf,inf,562.3095233054479,inf
77,136,inf,inf,inf,1064.370706098209,inf
77,137,inf,inf,inf,439.5088167488793,inf
77,138,inf,inf,inf,613.7752031485143,inf
77,139,inf,inf,inf,220.98416232843476,inf
77,140,inf,inf,inf,464.3888456886104,inf
77,141,inf,inf,inf,848.6701361542068,inf
77,142,inf,inf,inf,304.11346566701053,inf
77,143,inf,inf,inf,1078.615779599019,inf
77,144,inf,inf,inf,776.0025773153076,inf
77,145,inf,inf,inf,581.936422644261,inf
77,146,inf,inf,inf,199.20090361240835,inf
77,147,inf,inf,inf,757.9980211055963,inf
77,148,inf,inf,inf,982.1608829514644,inf
77,149,inf,inf,inf,183.05190520723897,inf
77,150,inf,inf,inf,159.5399636454766,inf
77,151,inf,inf,inf,408.17643244067875,inf
77,152,inf,inf,inf,394.92910756235733,inf
77,153,inf,inf,inf,728.6494355998638,inf
77,154,inf,inf,inf,487.54486972995625,inf
77,155,inf,inf,inf,907.2248894292969,inf
77,156,inf,inf,inf,311.3278015211619,inf
77,157,inf,inf,inf,686.5988639664356,inf
77,158,inf,inf,inf,319.35246985110354,inf
77,159,inf,inf,inf,305.62885989382613,inf
77,160,inf,inf,inf,59.20304046246274,inf
77,161,inf,inf,inf,406.3213014352066,inf
77,162,inf,inf,inf,363.88597115030416,inf
77,163,inf,inf,inf,602.4060092661759,inf
77,164,inf,inf,inf,651.0069124056979,inf
77,165,inf,inf,inf,313.4996012756635,inf
77,166,inf,inf,inf,1038.1584657459573,inf
77,167,inf,inf,inf,465.207480593337,inf
77,168,inf,inf,inf,741.3636084945092,inf
77,169,inf,inf,inf,1033.418598632713,inf
77,170,inf,inf,inf,330.94561486745823,inf
77,171,inf,inf,inf,320.8067954392488,inf
77,172,inf,inf,inf,656.9642303809242,inf
77,173,inf,inf,inf,763.5345440777385,inf
77,174,inf,inf,inf,557.5517913162867,inf
77,175,inf,inf,inf,408.0159310615212,inf
77,176,inf,inf,inf,600.3040896079253,inf
77,177,inf,inf,inf,464.5438622993527,inf
77,178,inf,inf,inf,280.49242414011826,inf
77,179,inf,inf,inf,341.76014981270123,inf
77,180,inf,inf,inf,1052.1772664337507,inf
77,181,inf,inf,inf,994.865317517904,inf
77,182,inf,inf,inf,35.4682957019364,inf
77,183,inf,inf,inf,254.3855341799136,inf
77,184,inf,inf,inf,667.3364968289985,inf
77,185,inf,inf,inf,696.6275906106505,inf
77,186,inf,inf,inf,804.8012176929158,inf
77,187,inf,inf,inf,327.72702055216627,inf
77,188,inf,inf,inf,969.7845121468996,inf
77,189,inf,inf,inf,237.00210969525145,inf
77,190,inf,inf,inf,43.41658669218482,inf
77,191,inf,inf,inf,251.09759058979438,inf
77,192,inf,inf,inf,293.1637767528587,inf
77,193,inf,inf,inf,201.65812654093563,inf
77,194,inf,inf,inf,635.0283458240269,inf
77,195,inf,inf,inf,288.51343122981297,inf
77,196,inf,inf,inf,463.0010799123475,inf
77,197,inf,inf,inf,246.4731222669117,inf
77,198,inf,inf,inf,410.33279176785277,inf
77,199,inf,inf,inf,898.1408575496384,inf
77,200,inf,inf,inf,142.33762678926468,inf
77,201,inf,inf,inf,582.8250166216271,inf
77,202,inf,inf,inf,585.140154151123,inf
78,79,inf,inf,inf,880.9177033071818,inf
78,80,inf,inf,inf,519.8018853370965,inf
78,81,inf,inf,inf,1047.0549173753973,inf
78,82,inf,inf,inf,333.2221481234403,inf
78,83,inf,inf,inf,342.3010371003862,inf
78,84,inf,inf,inf,973.6883484976083,inf
78,85,inf,inf,inf,478.6282482261155,inf
78,86,inf,inf,inf,758.7792827957284,inf
78,87,inf,inf,inf,1082.4878752207806,inf
78,88,inf,inf,inf,759.4952271081103,inf
78,89,inf,inf,inf,228.97379762758882,inf
78,90,inf,inf,inf,860.7729084956147,inf
78,91,inf,inf,inf,680.5247974908776,inf
78,92,inf,inf,inf,251.05577069647293,inf
78,93,inf,inf,inf,885.0361574534681,inf
78,94,inf,inf,inf,574.9478237196832,inf
78,95,inf,inf,inf,962.281143949106,inf
78,96,inf,inf,inf,1068.308008020159,inf
78,97,inf,inf,inf,420.5199162941037,inf
78,98,inf,inf,inf,915.2398592718741,inf
78,99,inf,inf,inf,458.1320770258289,inf
78,100,inf,inf,inf,629.3647591023825,inf
78,101,inf,inf,inf,1047.431620679842,inf
78,102,inf,inf,inf,932.9008521809807,inf
78,103,inf,inf,inf,1098.7925190862923,inf
78,104,inf,inf,inf,1121.2136281726155,inf
78,105,inf,inf,inf,967.2357520273948,inf
78,106,inf,inf,inf,614.6226484600124,inf
78,107,inf,inf,inf,638.0415346981731,inf
78,108,inf,inf,inf,1038.0,inf
78,109,inf,inf,inf,645.2914070402611,inf
78,110,inf,inf,inf,742.6634500229562,inf
78,111,inf,inf,inf,181.8158408940211,inf
78,112,inf,inf,inf,718.4107460220789,inf
78,113,1.0,28.4558,28.45584412271572,27.586228448267445,1.0315235435709913
78,114,inf,inf,inf,181.95878654244757,inf
78,115,inf,inf,inf,890.8793408761929,inf
78,116,inf,inf,inf,954.7743188837874,inf
78,117,inf,inf,inf,1083.0004616804188,inf
78,118,inf,inf,inf,891.9338540497272,inf
78,119,inf,inf,inf,838.3752143282863,inf
78,120,inf,inf,inf,710.1696980299849,inf
78,121,inf,inf,inf,682.9560747222328,inf
78,122,inf,inf,inf,1158.5939754719943,inf
78,123,inf,inf,inf,484.4305935838487,inf
78,124,inf,inf,inf,871.6558954082741,inf
78,125,inf,inf,inf,610.9410773552553,inf
78,126,inf,inf,inf,471.5007953333695,inf
78,127,inf,inf,inf,757.169069627121,inf
78,128,inf,inf,inf,1043.1323022512533,inf
78,129,inf,inf,inf,742.6143009665246,inf
78,130,inf,inf,inf,931.5964791689587,inf
78,131,inf,inf,inf,560.2651158157181,inf
78,132,inf,inf,inf,754.9569524151692,inf
78,133,inf,inf,inf,912.6801192093536,inf
78,134,inf,inf,inf,387.28800652744206,inf
78,135,inf,inf,inf,1198.7697860723717,inf
78,136,inf,inf,inf,299.36265632172626,inf
78,137,inf,inf,inf,914.6283398189671,inf
78,138,inf,inf,inf,463.51806868772655,inf
78,139,inf,inf,inf,553.9467483431958,inf
78,140,inf,inf,inf,606.7124524847005,inf
78,141,inf,inf,inf,522.0306504411403,inf
78,142,inf,inf,inf,483.62795618119515,inf
78,143,inf,inf,inf,472.3060448480413,inf
78,144,inf,inf,inf,596.007550287746,inf
78,145,inf,inf,inf,719.0111264785824,inf
78,146,inf,inf,inf,771.0771686413754,inf
78,147,inf,inf,inf,715.5207893555574,inf
78,148,inf,inf,inf,850.0123528514159,inf
78,149,inf,inf,inf,954.3715209497819,inf
78,150,inf,inf,inf,628.9197087069223,inf
78,151,inf,inf,inf,574.0949398836398,inf
78,152,inf,inf,inf,1041.1685742472253,inf
78,153,inf,inf,inf,618.5668920981789,inf
78,154,inf,inf,inf,1028.6889714583315,inf
78,155,inf,inf,inf,958.9546391774743,inf
78,156,inf,inf,inf,717.7144278889759,inf
78,157,inf,inf,inf,95.46203433826454,inf
78,158,inf,inf,inf,1018.2047927602777,inf
78,159,inf,inf,inf,789.0310513534939,inf
78,160,inf,inf,inf,826.5978465977273,inf
78,161,inf,inf,inf,1046.5180361560904,inf
78,162,inf,inf,inf,423.8726223761096,inf
78,163,inf,inf,inf,878.3678045101608,inf
78,164,inf,inf,inf,564.2384247815811,inf
78,165,inf,inf,inf,922.1545423626129,inf
78,166,inf,inf,inf,276.5863337187866,inf
78,167,inf,inf,inf,311.9054343867705,inf
78,168,inf,inf,inf,948.7259878384275,inf
78,169,inf,inf,inf,283.8045101826255,inf
78,170,inf,inf,inf,1092.2865924289283,inf
78,171,inf,inf,inf,1042.5900440729329,inf
78,172,inf,inf,inf,1167.7366997743968,inf
78,173,inf,inf,inf,408.54130758100825,inf
78,174,inf,inf,inf,935.0,inf
78,175,inf,inf,inf,869.7700845625814,inf
78,176,inf,inf,inf,762.2125687759288,inf
78,177,inf,inf,inf,1062.9487287729357,inf
78,178,inf,inf,inf,667.9977544872438,inf
78,179,inf,inf,inf,682.1033646009965,inf
78,180,inf,inf,inf,627.0964838045259,inf
78,181,inf,inf,inf,388.1288445864337,inf
78,182,inf,inf,inf,738.9296312910993,inf
78,183,inf,inf,inf,607.5434140865984,inf
78,184,inf,inf,inf,448.4696199298231,inf
78,185,inf,inf,inf,139.04315876734103,inf
78,186,inf,inf,inf,357.61431738676237,inf
78,187,inf,inf,inf,1060.4244433244644,inf
78,188,inf,inf,inf,727.1347880551446,inf
78,189,inf,inf,inf,923.3661245681477,inf
78,190,inf,inf,inf,796.8663626982883,inf
78,191,inf,inf,inf,722.6984156617475,inf
78,192,inf,inf,inf,941.4287014957638,inf
78,193,inf,inf,inf,780.8617035045322,inf
78,194,inf,inf,inf,552.5450207901615,inf
78,195,inf,inf,inf,821.913012428931,inf
78,196,inf,inf,inf,322.0077638815561,inf
78,197,inf,inf,inf,833.0618224357662,inf
78,198,inf,inf,inf,458.5738762729512,inf
78,199,inf,inf,inf,241.2343259156955,inf
78,200,inf,inf,inf,718.0675455693566,inf
78,201,inf,inf,inf,930.0720402205412,inf
78,202,inf,inf,inf,502.5156713974202,inf
79,80,inf,inf,inf,362.8911682584739,inf
79,81,inf,inf,inf,713.4395559541116,inf
79,82,inf,inf,inf,1005.3959419054763,inf
79,83,inf,inf,inf,725.6293819850462,inf
79,84,inf,inf,inf,350.1271197722336,inf
79,85,inf,inf,inf,1281.2045113876238,inf
79,86,inf,inf,inf,132.94359706281458,inf
79,87,inf,inf,inf,202.71161782196896,inf
79,88,inf,inf,inf,131.24404748406687,inf
79,89,inf,inf,inf,680.2095265431086,inf
79,90,inf,inf,inf,163.00306745579974,inf
79,91,inf,inf,inf,1303.399401565,inf
79,92,inf,inf,inf,1121.429890809051,inf
79,93,inf,inf,inf,594.8991511172293,inf
79,94,inf,inf,inf,327.70260908329675,inf
79,95,inf,inf,inf,556.3676841801652,inf
79,96,inf,inf,inf,791.4606749548584,inf
79,97,inf,inf,inf,904.246094821537,inf
79,98,inf,inf,inf,413.85987966943594,inf
79,99,inf,inf,inf,799.0325400132338,inf
79,100,inf,inf,inf,265.5484889808262,inf
79,101,inf,inf,inf,719.2169352844801,inf
79,102,inf,inf,inf,649.4921092669256,inf
79,103,inf,inf,inf,630.4672870181291,inf
79,104,inf,inf,inf,1027.595251059482,inf
79,105,inf,inf,inf,240.05207768315609,inf
79,106,inf,inf,inf,365.8209944768069,inf
79,107,inf,inf,inf,898.4436543267474,inf
79,108,inf,inf,inf,1051.7128885774862,inf
79,109,inf,inf,inf,237.53947040439405,inf
79,110,inf,inf,inf,1302.2369216083532,inf
79,111,inf,inf,inf,1058.5579814067814,inf
79,112,inf,inf,inf,226.29626598775332,inf
79,113,inf,inf,inf,872.1381771256204,inf
79,114,inf,inf,inf,702.6841395677008,inf
79,115,inf,inf,inf,838.8337141531688,inf
79,116,inf,inf,inf,107.56393447619885,inf
79,117,inf,inf,inf,604.848741422184,inf
79,118,inf,inf,inf,657.6093065034892,inf
79,119,inf,inf,inf,409.332383277942,inf
79,120,inf,inf,inf,738.369148867963,inf
79,121,inf,inf,inf,251.88290930509754,inf
79,122,inf,inf,inf,368.78720151328463,inf
79,123,inf,inf,inf,832.91356094135,inf
79,124,inf,inf,inf,38.47076812334269,inf
79,125,inf,inf,inf,691.1736395436388,inf
79,126,inf,inf,inf,450.0144442126275,inf
79,127,inf,inf,inf,1292.7246419868386,inf
79,128,inf,inf,inf,1152.3805794962009,inf
79,129,inf,inf,inf,1297.1121771072847,inf
79,130,inf,inf,inf,124.25779653607253,inf
79,131,inf,inf,inf,382.3414704161713,inf
79,132,inf,inf,inf,325.8588651548397,inf
79,133,inf,inf,inf,230.18470844085192,inf
79,134,inf,inf,inf,630.1555363559063,inf
79,135,inf,inf,inf,822.4019698419988,inf
79,136,inf,inf,inf,1179.6177346920485,inf
79,137,inf,inf,inf,120.80149005703531,inf
79,138,inf,inf,inf,540.5783939448561,inf
79,139,inf,inf,inf,427.27157640077115,inf
79,140,inf,inf,inf,338.4021276528858,inf
79,141,inf,inf,inf,1102.2250223978767,inf
79,142,inf,inf,inf,518.8679986277821,inf
79,143,inf,inf,inf,1275.642975130581,inf
79,144,inf,inf,inf,1053.0987608007142,inf
79,145,inf,inf,inf,373.7927233106605,inf
79,146,inf,inf,inf,143.61058456812992,inf
79,147,inf,inf,inf,564.8309481605979,inf
79,148,inf,inf,inf,1281.3340704125526,inf
79,149,inf,inf,inf,312.27071588607214,inf
79,150,inf,inf,inf,324.99230760127233,inf
79,151,inf,inf,inf,329.53452019477413,inf
79,152,inf,inf,inf,672.9635948548777,inf
79,153,inf,inf,inf,576.0355891783076,inf
79,154,inf,inf,inf,175.524927004685,inf
79,155,inf,inf,inf,1224.0531034232133,inf
79,156,inf,inf,inf,166.715326230074,inf
79,157,inf,inf,inf,813.8015728665066,inf
79,158,inf,inf,inf,579.4178112554015,inf
79,159,inf,inf,inf,628.2435833337257,inf
79,160,inf,inf,inf,347.90803382503253,inf
79,161,inf,inf,inf,168.80758276807353,inf
79,162,inf,inf,inf,562.1280992798705,inf
79,163,inf,inf,inf,319.4526568992658,inf
79,164,inf,inf,inf,931.4273992104806,inf
79,165,inf,inf,inf,56.08029957123981,inf
79,166,inf,inf,inf,1103.2986902919806,inf
79,167,inf,inf,inf,585.8438358470626,inf
79,168,inf,inf,inf,1063.376226930055,inf
79,169,inf,inf,inf,1087.496666661558,inf
79,170,inf,inf,inf,339.0250728191058,inf
79,171,inf,inf,inf,232.606964642076,inf
79,172,inf,inf,inf,954.9874344723077,inf
79,173,inf,inf,inf,999.0005005003751,inf
79,174,inf,inf,inf,247.9697562203907,inf
79,175,inf,inf,inf,103.32473082471591,inf
79,176,inf,inf,inf,915.0344255819012,inf
79,177,inf,inf,inf,184.83506160899236,inf
79,178,inf,inf,inf,590.0483031074659,inf
79,179,inf,inf,inf,654.3034464222238,inf
79,180,inf,inf,inf,1299.2405473968245,inf
79,181,inf,inf,inf,1186.5732172942385,inf
79,182,inf,inf,inf,327.08561570328953,inf
79,183,inf,inf,inf,281.1494264621573,inf
79,184,inf,inf,inf,919.9809780642206,inf
79,185,inf,inf,inf,850.4851556611674,inf
79,186,inf,inf,inf,770.3505695460996,inf
79,187,inf,inf,inf,259.5149321330085,inf
79,188,inf,inf,inf,1250.3363547461938,inf
79,189,inf,inf,inf,525.4074609291345,inf
79,190,inf,inf,inf,282.7083302628347,inf
79,191,inf,inf,inf,161.533278305122,inf
79,192,inf,inf,inf,588.0136052847757,inf
79,193,inf,inf,inf,135.85654198455074,inf
79,194,inf,inf,inf,913.9201278011116,inf
79,195,inf,inf,inf,59.90826320300064,inf
79,196,inf,inf,inf,566.3647234777251,inf
79,197,inf,inf,inf,77.82030583337487,inf
79,198,inf,inf,inf,657.0677286246829,inf
79,199,inf,inf,inf,1064.5985158734725,inf
79,200,inf,inf,inf,224.83104767802868,inf
79,201,inf,inf,inf,905.0270714183084,inf
79,202,inf,inf,inf,854.7104772962597,inf
80,81,inf,inf,inf,775.8981891975261,inf
80,82,inf,inf,inf,660.4733151308991,inf
80,83,inf,inf,inf,395.41876536148357,inf
80,84,inf,inf,inf,542.0452010672172,inf
80,85,inf,inf,inf,944.2208428116803,inf
80,86,inf,inf,inf,239.0815760362977,inf
80,87,inf,inf,inf,565.4891687733727,inf
80,88,inf,inf,inf,250.13796193301008,inf
80,89,inf,inf,inf,335.2924096963723,inf
80,90,inf,inf,inf,376.4306044943742,inf
80,91,inf,inf,inf,1019.2153844992725,inf
80,92,inf,inf,inf,764.4115383744544,inf
80,93,inf,inf,inf,611.657583947097,inf
80,94,inf,inf,inf,131.13733259449805,inf
80,95,inf,inf,inf,637.1130198010397,inf
80,96,inf,inf,inf,832.8505268053806,inf
80,97,inf,inf,inf,587.0306635943305,inf
80,98,inf,inf,inf,529.5904077681166,inf
80,99,inf,inf,inf,546.0009157501478,inf
80,100,inf,inf,inf,115.03912377969506,inf
80,101,inf,inf,inf,779.4260709008905,inf
80,102,inf,inf,inf,673.238442158497,inf
80,103,inf,inf,inf,760.1164384487419,inf
80,104,inf,inf,inf,1002.5816674964689,inf
80,105,inf,inf,inf,467.2740095490011,inf
80,106,inf,inf,inf,241.50569351466643,inf
80,107,inf,inf,inf,699.2116989867947,inf
80,108,inf,inf,inf,979.5029351666078,inf
80,109,inf,inf,inf,125.7179382586272,inf
80,110,inf,inf,inf,1038.254785686057,inf
80,111,inf,inf,inf,696.0208330215411,inf
80,112,inf,inf,inf,250.79872407968904,inf
80,113,inf,inf,inf,509.90685423908553,inf
80,114,inf,inf,inf,345.37081521170836,inf
80,115,inf,inf,inf,771.014915549628,inf
80,116,inf,inf,inf,445.73086049767744,inf
80,117,inf,inf,inf,737.2706423017263,inf
80,118,inf,inf,inf,654.492169548269,inf
80,119,inf,inf,inf,423.2363405947084,inf
80,120,inf,inf,inf,610.7249790208356,inf
80,121,inf,inf,inf,222.3083444227859,inf
80,122,inf,inf,inf,677.9867255337674,inf
80,123,inf,inf,inf,541.6133307074338,inf
80,124,inf,inf,inf,351.9232870953555,inf
80,125,inf,inf,inf,470.5879301469599,inf
80,126,inf,inf,inf,176.13914953808538,inf
80,127,inf,inf,inf,1036.1394693765892,inf
80,128,inf,inf,inf,1047.534724961421,inf
80,129,inf,inf,inf,1034.5095456301985,inf
80,130,inf,inf,inf,430.03488230607525,inf
80,131,inf,inf,inf,137.71347065556077,inf
80,132,inf,inf,inf,307.5093494513622,inf
80,133,inf,inf,inf,446.07734755308974,inf
80,134,inf,inf,inf,349.2878469113977,inf
80,135,inf,inf,inf,920.3396112305501,inf
80,136,inf,inf,inf,817.5597837467301,inf
80,137,inf,inf,inf,398.31771238547753,inf
80,138,inf,inf,inf,245.27739398485136,inf
80,139,inf,inf,inf,241.50569351466643,inf
80,140,inf,inf,inf,150.4460036026215,inf
80,141,inf,inf,inf,817.9303148801858,inf
80,142,inf,inf,inf,284.27099746544667,inf
80,143,inf,inf,inf,938.3330965067789,inf
80,144,inf,inf,inf,803.2017181256524,inf
80,145,inf,inf,inf,302.0546308203203,inf
80,146,inf,inf,inf,272.15069355046666,inf
80,147,inf,inf,inf,431.2957222138889,inf
80,148,inf,inf,inf,1060.0608473101909,inf
80,149,inf,inf,inf,511.54374202017175,inf
80,150,inf,inf,inf,217.02073633641555,inf
80,151,inf,inf,inf,83.52843827104634,inf
80,152,inf,inf,inf,749.561204972616,inf
80,153,inf,inf,inf,378.7254942567242,inf
80,154,inf,inf,inf,510.02450921499843,inf
80,155,inf,inf,inf,1061.1163932387437,inf
80,156,inf,inf,inf,198.01010075246163,inf
80,157,inf,inf,inf,458.80823881007194,inf
80,158,inf,inf,inf,684.4158092855541,inf
80,159,inf,inf,inf,575.5692834055689,inf
80,160,inf,inf,inf,427.62834330759694,inf
80,161,inf,inf,inf,530.6166224309223,inf
80,162,inf,inf,inf,291.49614062625255,inf
80,163,inf,inf,inf,415.58152028212226,inf
80,164,inf,inf,inf,696.5292527956022,inf
80,165,inf,inf,inf,407.7070026379238,inf
80,166,inf,inf,inf,742.6452719838725,inf
80,167,inf,inf,inf,244.24782496472716,inf
80,168,inf,inf,inf,947.8000844059891,inf
80,169,inf,inf,inf,728.7228554121244,inf
80,170,inf,inf,inf,621.9614135941232,inf
80,171,inf,inf,inf,548.8970759623338,inf
80,172,inf,inf,inf,980.8328094022957,inf
80,173,inf,inf,inf,701.4157112583093,inf
80,174,inf,inf,inf,441.1995013596457,inf
80,175,inf,inf,inf,352.63862522418043,inf
80,176,inf,inf,inf,763.9594230062222,inf
80,177,inf,inf,inf,543.3470345920736,inf
80,178,inf,inf,inf,475.39562471692983,inf
80,179,inf,inf,inf,532.8799114247037,inf
80,180,inf,inf,inf,999.8019803941179,inf
80,181,inf,inf,inf,848.3030119008183,inf
80,182,inf,inf,inf,338.91739406527955,inf
80,183,inf,inf,inf,118.84864324004712,inf
80,184,inf,inf,inf,647.0030911827238,inf
80,185,inf,inf,inf,504.38576506479643,inf
80,186,inf,inf,inf,444.98314574824064,inf
80,187,inf,inf,inf,570.7766638537354,inf
80,188,inf,inf,inf,995.2431863620067,inf
80,189,inf,inf,inf,595.0302513318126,inf
80,190,inf,inf,inf,367.16481312892716,inf
80,191,inf,inf,inf,210.87674124947966,inf
80,192,inf,inf,inf,642.0669746996804,inf
80,193,inf,inf,inf,281.1138559374119,inf
80,194,inf,inf,inf,678.1887642832193,inf
80,195,inf,inf,inf,305.09834480049216,inf
80,196,inf,inf,inf,218.11235636707977,inf
80,197,inf,inf,inf,323.80549717384355,inf
80,198,inf,inf,inf,414.81562169233695,inf
80,199,inf,inf,inf,717.0076708097341,inf
80,200,inf,inf,inf,249.3692041933005,inf
80,201,inf,inf,inf,833.7793473095865,inf
80,202,inf,inf,inf,610.8780565710312,inf
81,82,inf,inf,inf,1332.515290719022,inf
81,83,inf,inf,inf,1129.0783852328411,inf
81,84,inf,inf,inf,381.1312110021954,inf
81,85,inf,inf,inf,1200.590271491486,inf
81,86,inf,inf,inf,754.2373631689164,inf
81,87,inf,inf,inf,748.0748625639014,inf
81,88,inf,inf,inf,659.3094872667918,inf
81,89,inf,inf,inf,831.3801777766896,inf
81,90,inf,inf,inf,550.8920039354356,inf
81,91,inf,inf,inf,1037.6020431745496,inf
81,92,inf,inf,inf,1188.4919015289922,inf
81,93,inf,inf,inf,169.5670958647343,inf
81,94,inf,inf,inf,644.8914637363407,inf
81,95,inf,inf,inf,157.2800050864699,inf
81,96,inf,inf,inf,83.00602387778854,inf
81,97,inf,inf,inf,1318.2097708634994,inf
81,98,inf,inf,inf,299.5797055876783,inf
81,99,inf,inf,inf,646.2607832756062,inf
81,100,inf,inf,inf,791.2167844529083,inf
81,101,inf,inf,inf,6.708203932499369,inf
81,102,inf,inf,inf,114.49017425089369,inf
81,103,inf,inf,inf,146.98639392814562,inf
81,104,inf,inf,inf,347.0389027184128,inf
81,105,inf,inf,inf,952.7208405403967,inf
81,106,inf,inf,inf,535.6314031122522,inf
81,107,inf,inf,inf,570.0324552163675,inf
81,108,inf,inf,inf,425.21523961401004,inf
81,109,inf,inf,inf,742.4021821088621,inf
81,110,inf,inf,inf,982.8657080191576,inf
81,111,inf,inf,inf,1209.4978296797394,inf
81,112,inf,inf,inf,568.1003432493242,inf
81,113,inf,inf,inf,1058.1119978527793,inf
81,114,inf,inf,inf,897.9270571711268,inf
81,115,inf,inf,inf,284.76305940202286,inf
81,116,inf,inf,inf,648.766521947611,inf
81,117,inf,inf,inf,160.3309078125612,inf
81,118,inf,inf,inf,156.41611170208776,inf
81,119,inf,inf,inf,1091.615774895178,inf
81,120,inf,inf,inf,379.74860105074777,inf
81,121,inf,inf,inf,578.4574314502321,inf
81,122,inf,inf,inf,554.5448584199479,inf
81,123,inf,inf,inf,1298.8876009878607,inf
81,124,inf,inf,inf,748.8043803290683,inf
81,125,inf,inf,inf,1246.2844779583834,inf
81,126,inf,inf,inf,654.8473104472523,inf
81,127,inf,inf,inf,956.9331220101016,inf
81,128,inf,inf,inf,553.1084884541187,inf
81,129,inf,inf,inf,975.3645472334946,inf
81,130,inf,inf,inf,607.8322136905874,inf
81,131,inf,inf,inf,901.6235356289232,inf
81,132,inf,inf,inf,981.315443677516,inf
81,133,inf,inf,inf,487.6033223840871,inf
81,134,inf,inf,inf,660.7056833416827,inf
81,135,inf,inf,inf,152.88230767489088,inf
81,136,inf,inf,inf,1296.2908624224735,inf
81,137,inf,inf,inf,834.0101917842492,inf
81,138,inf,inf,inf,1017.8668871714021,inf
81,139,inf,inf,inf,557.366127424335,inf
81,140,inf,inf,inf,888.8329426838319,inf
81,141,inf,inf,inf,889.2108861231964,inf
81,142,inf,inf,inf,585.0846092660445,inf
81,143,inf,inf,inf,1197.5930026515687,inf
81,144,inf,inf,inf,769.039010714021,inf
81,145,inf,inf,inf,1009.8994999503664,inf
81,146,inf,inf,inf,618.9830369242763,inf
81,147,inf,inf,inf,1184.4196891305041,inf
81,148,inf,inf,inf,866.6516024331808,inf
81,149,inf,inf,inf,414.16542588680676,inf
81,150,inf,inf,inf,559.6713321227022,inf
81,151,inf,inf,inf,828.5728694568752,inf
81,152,inf,inf,inf,44.94441010848846,inf
81,153,inf,inf,inf,1149.4002784060913,inf
81,154,inf,inf,inf,845.3336619347416,inf
81,155,inf,inf,inf,706.434710358997,inf
81,156,inf,inf,inf,738.2587622236529,inf
81,157,inf,inf,inf,951.6012820504184,inf
81,158,inf,inf,inf,142.90206436577463,inf
81,159,inf,inf,inf,259.0019304947359,inf
81,160,inf,inf,inf,379.5629065122144,inf
81,161,inf,inf,inf,722.8305472238981,inf
81,162,inf,inf,inf,636.8045225970054,inf
81,163,inf,inf,inf,1020.0990148019946,inf
81,164,inf,inf,inf,663.6723589241908,inf
81,165,inf,inf,inf,682.607500691283,inf
81,166,inf,inf,inf,1323.6192806090428,inf
81,167,inf,inf,inf,782.2870317217332,inf
81,168,inf,inf,inf,502.22405358564816,inf
81,169,inf,inf,inf,1329.2196959118535,inf
81,170,inf,inf,inf,498.0943685688486,inf
81,171,inf,inf,inf,581.936422644261,inf
81,172,inf,inf,inf,244.1823089414956,inf
81,173,inf,inf,inf,858.4695684763672,inf
81,174,inf,inf,inf,961.0020811631991,inf
81,175,inf,inf,inf,812.2462680739136,inf
81,176,inf,inf,inf,478.85279575251514,inf
81,177,inf,inf,inf,794.808152952648,inf
81,178,inf,inf,inf,379.0844233149128,inf
81,179,inf,inf,inf,372.52248254300036,inf
81,180,inf,inf,inf,1078.9782203547948,inf
81,181,inf,inf,inf,1131.7243480636087,inf
81,182,inf,inf,inf,448.0011160700384,inf
81,183,inf,inf,inf,672.3934859886732,inf
81,184,inf,inf,inf,747.4202298573407,inf
81,185,inf,inf,inf,930.0048386970898,inf
81,186,inf,inf,inf,1179.1878561111457,inf
81,187,inf,inf,inf,567.2812353674321,inf
81,188,inf,inf,inf,920.6242447383188,inf
81,189,inf,inf,inf,192.38762953994728,inf
81,190,inf,inf,inf,452.3538437992983,inf
81,191,inf,inf,inf,677.8532289515186,inf
81,192,inf,inf,inf,135.36617007214173,inf
81,193,inf,inf,inf,618.9676889789968,inf
81,194,inf,inf,inf,656.7389131154024,inf
81,195,inf,inf,inf,697.0,inf
81,196,inf,inf,inf,794.4815919830994,inf
81,197,inf,inf,inf,648.2376107570433,inf
81,198,inf,inf,inf,590.7774538690521,inf
81,199,inf,inf,inf,1084.240748173578,inf
81,200,inf,inf,inf,570.3060581827972,inf
81,201,inf,inf,inf,322.9024620531717,inf
81,202,inf,inf,inf,647.7113554663065,inf
82,83,inf,inf,inf,283.5365937581955,inf
82,84,inf,inf,inf,1189.193003679386,inf
82,85,inf,inf,inf,702.8186110227873,inf
82,86,inf,inf,inf,872.608159485115,inf
82,87,inf,inf,inf,1204.3176491275049,inf
82,88,inf,inf,inf,908.0198235721509,inf
82,89,inf,inf,inf,505.53140357449604,inf
82,90,inf,inf,inf,1036.5968358045475,inf
82,91,inf,inf,inf,973.110990586377,inf
82,92,inf,inf,inf,439.9659077701362,inf
82,93,inf,inf,inf,1164.560002747819,inf
82,94,inf,inf,inf,763.436965308859,inf
82,95,inf,inf,inf,1227.0631605585754,inf
82,96,inf,inf,inf,1364.4592335427249,inf
82,97,inf,inf,inf,171.1724276862369,inf
82,98,inf,inf,inf,1153.3763479454572,inf
82,99,inf,inf,inf,786.1424807247093,inf
82,100,inf,inf,inf,740.4167745263475,inf
82,101,inf,inf,inf,1333.8553144925427,inf
82,102,inf,inf,inf,1218.3616047791395,inf
82,103,inf,inf,inf,1362.1255448746272,inf
82,104,inf,inf,inf,1442.5272961022263,inf
82,105,inf,inf,inf,1013.2610719849056,inf
82,106,inf,inf,inf,839.4200378832995,inf
82,107,inf,inf,inf,969.4555172879259,inf
82,108,inf,inf,inf,1365.7441195187332,inf
82,109,inf,inf,inf,775.4069899091702,inf
82,110,inf,inf,inf,1047.6077510213447,inf
82,111,inf,inf,inf,302.6450065671,inf
82,112,inf,inf,inf,904.6021224825863,inf
82,113,inf,inf,inf,310.0580590792634,inf
82,114,inf,inf,inf,436.5798895963945,inf
82,115,inf,inf,inf,1207.3943017920865,inf
82,116,inf,inf,inf,1099.6713145299373,inf
82,117,inf,inf,inf,1343.1459339922822,inf
82,118,inf,inf,inf,1182.2440526388789,inf
82,119,inf,inf,inf,816.766796582721,inf
82,120,inf,inf,inf,1023.8994091218141,inf
82,121,inf,inf,inf,871.9931192389078,inf
82,122,inf,inf,inf,1338.4576945126057,inf
82,123,inf,inf,inf,279.21676167450977,inf
82,124,inf,inf,inf,984.3703571319079,inf
82,125,inf,inf,inf,476.2268367070466,inf
82,126,inf,inf,inf,696.3476143421474,inf
82,127,inf,inf,inf,1066.4801920335885,inf
82,128,inf,inf,inf,1375.4715555037842,inf
82,129,inf,inf,inf,1048.7330451549622,inf
82,130,inf,inf,inf,1088.4066335703765,inf
82,131,inf,inf,inf,627.0518319883931,inf
82,132,inf,inf,inf,775.7067744966522,inf
82,133,inf,inf,inf,1103.6566495065392,inf
82,134,inf,inf,inf,680.1536591094691,inf
82,135,inf,inf,inf,1485.3854718557066,inf
82,136,inf,inf,inf,379.0949749073443,inf
82,137,inf,inf,inf,999.084581004031,inf
82,138,inf,inf,inf,474.5966708690654,inf
82,139,inf,inf,inf,793.095202355934,inf
82,140,inf,inf,inf,674.5494792822836,inf
82,141,inf,inf,inf,839.5004466943421,inf
82,142,inf,inf,inf,748.1610789128234,inf
82,143,inf,inf,inf,697.0007173597456,inf
82,144,inf,inf,inf,925.3248078377668,inf
82,145,inf,inf,inf,725.3854147968513,inf
82,146,inf,inf,inf,932.4961125924333,inf
82,147,inf,inf,inf,634.1048809148215,inf
82,148,inf,inf,inf,1171.8984597651795,inf
82,149,inf,inf,inf,1162.5704279741508,inf
82,150,inf,inf,inf,838.7305884489965,inf
82,151,inf,inf,inf,676.1138957305936,inf
82,152,inf,inf,inf,1320.0049242332393,inf
82,153,inf,inf,inf,545.0467869825488,inf
82,154,inf,inf,inf,1116.445251680529,inf
82,155,inf,inf,inf,1291.052671272555,inf
82,156,inf,inf,inf,840.7645330293137,inf
82,157,inf,inf,inf,415.234873294621,inf
82,158,inf,inf,inf,1281.411721500939,inf
82,159,inf,inf,inf,1081.3107786385929,inf
82,160,inf,inf,inf,1055.195242597312,inf
82,161,inf,inf,inf,1173.2165188063113,inf
82,162,inf,inf,inf,695.8484030304302,inf
82,163,inf,inf,inf,890.7799952850311,inf
82,164,inf,inf,inf,897.4274343923302,inf
82,165,inf,inf,inf,1056.4942025397015,inf
82,166,inf,inf,inf,197.39554199626699,inf
82,167,inf,inf,inf,551.507026247173,inf
82,168,inf,inf,inf,1280.1757691817168,inf
82,169,inf,inf,inf,159.42396306703708,inf
82,170,inf,inf,inf,1281.6056335706394,inf
82,171,inf,inf,inf,1208.452315981065,inf
82,172,inf,inf,inf,1477.5019458532026,inf
82,173,inf,inf,inf,734.1123892157113,inf
82,174,inf,inf,inf,975.185110632848,inf
82,175,inf,inf,inf,960.477485420663,inf
82,176,inf,inf,inf,1091.472858114209,inf
82,177,inf,inf,inf,1169.277127117434,inf
82,178,inf,inf,inf,958.3162317314676,inf
82,179,inf,inf,inf,984.0416657845337,inf
82,180,inf,inf,inf,907.5334704571507,inf
82,181,inf,inf,inf,634.7574339856131,inf
82,182,inf,inf,inf,962.7066012030872,inf
82,183,inf,inf,inf,775.0161288644256,inf
82,184,inf,inf,inf,781.4883236491764,inf
82,185,inf,inf,inf,471.90253230937424,inf
82,186,inf,inf,inf,246.89471440271862,inf
82,187,inf,inf,inf,1230.8748920991118,inf
82,188,inf,inf,inf,1040.717060492428,inf
82,189,inf,inf,inf,1185.642441885411,inf
82,190,inf,inf,inf,1008.585643364013,inf
82,191,inf,inf,inf,868.324824014608,inf
82,192,inf,inf,inf,1214.642745831053,inf
82,193,inf,inf,inf,941.3288479590966,inf
82,194,inf,inf,inf,885.573825268114,inf
82,195,inf,inf,inf,953.189383071381,inf
82,196,inf,inf,inf,543.3599175500526,inf
82,197,inf,inf,inf,980.114789195633,inf
82,198,inf,inf,inf,763.4166621184005,inf
82,199,inf,inf,inf,506.95660563799737,inf
82,200,inf,inf,inf,903.5319584829305,inf
82,201,inf,inf,inf,1251.3133100866464,inf
82,202,inf,inf,inf,834.0221819592091,inf
83,84,inf,inf,inf,936.2718622280603,inf
83,85,inf,inf,inf,816.8751434582889,inf
83,86,inf,inf,inf,592.692162931146,inf
83,87,inf,inf,inf,922.7448184628294,inf
83,88,inf,inf,inf,635.3022902524435,inf
83,89,inf,inf,inf,368.3707371656983,inf
83,90,inf,inf,inf,769.7739928056806,inf
83,91,inf,inf,inf,1015.143339632389,inf
83,92,inf,inf,inf,568.5076956383265,inf
83,93,inf,inf,inf,959.6150269769644,inf
83,94,inf,inf,inf,512.8791280604037,inf
83,95,inf,inf,inf,1006.2728258280654,inf
83,96,inf,inf,inf,1173.0660680456153,inf
83,97,inf,inf,inf,193.2174940319846,inf
83,98,inf,inf,inf,914.593898951879,inf
83,99,inf,inf,inf,685.3765388456188,inf
83,100,inf,inf,inf,462.61214856508036,inf
83,101,inf,inf,inf,1131.4579090713007,inf
83,102,inf,inf,inf,1018.0697422082635,inf
83,103,inf,inf,inf,1136.8399183702163,inf
83,104,inf,inf,inf,1293.4798027027712,inf
83,105,inf,inf,inf,731.6809413945398,inf
83,106,inf,inf,inf,605.1388270471496,inf
83,107,inf,inf,inf,873.1007960138394,inf
83,108,inf,inf,inf,1238.1445796028831,inf
83,109,inf,inf,inf,501.2115321897532,inf
83,110,inf,inf,inf,1069.1459208171727,inf
83,111,inf,inf,inf,448.02790091689604,inf
83,112,inf,inf,inf,645.7987302557973,inf
83,113,inf,inf,inf,316.18507238641104,inf
83,114,inf,inf,inf,305.87088779418025,inf
83,115,inf,inf,inf,1053.612832116238,inf
83,116,inf,inf,inf,822.8195427917351,inf
83,117,inf,inf,inf,1115.6648242191739,inf
83,118,inf,inf,inf,988.7304991755842,inf
83,119,inf,inf,inf,548.1979569462112,inf
83,120,inf,inf,inf,871.8881809039506,inf
83,121,inf,inf,inf,615.8222146041827,inf
83,122,inf,inf,inf,1068.3604260735233,inf
83,123,inf,inf,inf,180.23595645708434,inf
83,124,inf,inf,inf,703.0689866577817,inf
83,125,inf,inf,inf,268.799181546373,inf
83,126,inf,inf,inf,474.3174042769251,inf
83,127,inf,inf,inf,1079.7708090145798,inf
83,128,inf,inf,inf,1273.1712375010677,inf
83,129,inf,inf,inf,1068.1844410025826,inf
83,130,inf,inf,inf,814.6373426255391,inf
83,131,inf,inf,inf,344.7448331737548,inf
83,132,inf,inf,inf,495.59055681076086,inf
83,133,inf,inf,inf,841.2354010620332,inf
83,134,inf,inf,inf,524.6046130182235,inf
83,135,inf,inf,inf,1279.9144502661106,inf
83,136,inf,inf,inf,564.354498520212,inf
83,137,inf,inf,inf,715.6123252152663,inf
83,138,inf,inf,inf,191.09421759959145,inf
83,139,inf,inf,inf,572.3399339553374,inf
83,140,inf,inf,inf,391.6758864163072,inf
83,141,inf,inf,inf,841.4618232575973,inf
83,142,inf,inf,inf,553.2033983988168,inf
83,143,inf,inf,inf,810.5609168964415,inf
83,144,inf,inf,inf,889.4003597930462,inf
83,145,inf,inf,inf,447.21918563496354,inf
83,146,inf,inf,inf,663.1696615497425,inf
83,147,inf,inf,inf,389.1580655723327,inf
83,148,inf,inf,inf,1154.7488904519457,inf
83,149,inf,inf,inf,906.5765273819966,inf
83,150,inf,inf,inf,595.1890455981192,inf
83,151,inf,inf,inf,398.32273347123936,inf
83,152,inf,inf,inf,1109.876569713948,inf
83,153,inf,inf,inf,292.2892403082946,inf
83,154,inf,inf,inf,832.9279680740706,inf
83,155,inf,inf,inf,1227.9364804418835,inf
83,156,inf,inf,inf,563.151844532183,inf
83,157,inf,inf,inf,364.2759942680824,inf
83,158,inf,inf,inf,1057.8624674313764,inf
83,159,inf,inf,inf,894.0089485010762,inf
83,160,inf,inf,inf,813.3400272948578,inf
83,161,inf,inf,inf,892.4404742054229,inf
83,162,inf,inf,inf,514.3947900202722,inf
83,163,inf,inf,inf,613.7752031485143,inf
83,164,inf,inf,inf,824.9563624822831,inf
83,165,inf,inf,inf,777.9466562689244,inf
83,166,inf,inf,inf,424.43609648567826,inf
83,167,inf,inf,inf,365.95218266871973,inf
83,168,inf,inf,inf,1172.9829495776996,inf
83,169,inf,inf,inf,397.24677468797654,inf
83,170,inf,inf,inf,1015.4801819828883,inf
83,171,inf,inf,inf,935.6003420264445,inf
83,172,inf,inf,inf,1303.8838138423223,inf
83,173,inf,inf,inf,720.0694410957876,inf
83,174,inf,inf,inf,694.0929332589404,inf
83,175,inf,inf,inf,677.3256233156989,inf
83,176,inf,inf,inf,978.461036526238,inf
83,177,inf,inf,inf,886.4050992633108,inf
83,178,inf,inf,inf,774.620552270594,inf
83,179,inf,inf,inf,814.4476655992084,inf
83,180,inf,inf,inf,966.3953642272918,inf
83,181,inf,inf,inf,728.9567888427955,inf
83,182,inf,inf,inf,721.3660651846606,inf
83,183,inf,inf,inf,513.8491996685409,inf
83,184,inf,inf,inf,726.5018926334603,inf
83,185,inf,inf,inf,437.86413417862855,inf
83,186,inf,inf,inf,50.695167422546305,inf
83,187,inf,inf,inf,959.0881085698019,inf
83,188,inf,inf,inf,1045.9851815393945,inf
83,189,inf,inf,inf,963.9113029734634,inf
83,190,inf,inf,inf,758.5736615517309,inf
83,191,inf,inf,inf,595.7692506331625,inf
83,192,inf,inf,inf,1001.8433011204896,inf
83,193,inf,inf,inf,671.46481665088,inf
83,194,inf,inf,inf,809.2762198409143,inf
83,195,inf,inf,inf,675.3436162428724,inf
83,196,inf,inf,inf,344.6810119516304,inf
83,197,inf,inf,inf,705.5054925370886,inf
83,198,inf,inf,inf,614.5860395420644,inf
83,199,inf,inf,inf,582.3881866933772,inf
83,200,inf,inf,inf,644.4447222221623,inf
83,201,inf,inf,inf,1106.95980053478,inf
83,202,inf,inf,inf,745.9865950538253,inf
84,85,inf,inf,inf,1270.6793458618897,inf
84,86,inf,inf,inf,425.677107676699,inf
84,87,inf,inf,inf,368.4521678590045,inf
84,88,inf,inf,inf,338.28981657744293,inf
84,89,inf,inf,inf,745.4247111546545,inf
84,90,inf,inf,inf,200.0024999843752,inf
84,91,inf,inf,inf,1202.8520274747016,inf
84,92,inf,inf,inf,1177.4285540957464,inf
84,93,inf,inf,inf,309.30244098616487,inf
84,94,inf,inf,inf,426.20183012277175,inf
84,95,inf,inf,inf,232.4994623649698,inf
84,96,inf,inf,inf,463.3109107284222,inf
84,97,inf,inf,inf,1128.716084761797,inf
84,98,inf,inf,inf,108.50345616615168,inf
84,99,inf,inf,inf,714.7027354082255,inf
84,100,inf,inf,inf,507.51256142089727,inf
84,101,inf,inf,inf,387.4970967633177,inf
84,102,inf,inf,inf,347.1210163617294,inf
84,103,inf,inf,inf,281.31477031965454,inf
84,104,inf,inf,inf,718.8302998622137,inf
84,105,inf,inf,inf,582.7400792806343,inf
84,106,inf,inf,inf,359.54693713060607,inf
84,107,inf,inf,inf,739.9729724794007,inf
84,108,inf,inf,inf,770.1123294688899,inf
84,109,inf,inf,inf,458.5237180343019,inf
84,110,inf,inf,inf,1175.6640676655895,inf
84,111,inf,inf,inf,1154.1932247245259,inf
84,112,inf,inf,inf,291.43266803843386,inf
84,113,inf,inf,inf,974.8456288048893,inf
84,114,inf,inf,inf,795.5740066140925,inf
84,115,inf,inf,inf,574.0078396677175,inf
84,116,inf,inf,inf,270.9852394504173,inf
84,117,inf,inf,inf,255.80656754665233,inf
84,118,inf,inf,inf,373.26800023575555,inf
84,119,inf,inf,inf,753.089636099183,inf
84,120,inf,inf,inf,541.0231048670657,inf
84,121,inf,inf,inf,320.4496840379157,inf
84,122,inf,inf,inf,228.06358762415363,inf
84,123,inf,inf,inf,1081.5035829806575,inf
84,124,inf,inf,inf,388.0115977648091,inf
84,125,inf,inf,inf,980.6304094815742,inf
84,126,inf,inf,inf,504.80095087073676,inf
84,127,inf,inf,inf,1157.8220934150463,inf
84,128,inf,inf,inf,886.8562453971895,inf
84,129,inf,inf,inf,1169.1744951032758,inf
84,130,inf,inf,inf,233.0600780914655,inf
84,131,inf,inf,inf,634.6668417366706,inf
84,132,inf,inf,inf,655.433444370975,inf
84,133,inf,inf,inf,121.59769734661919,inf
84,134,inf,inf,inf,617.6609102088297,inf
84,135,inf,inf,inf,474.78205526325445,inf
84,136,inf,inf,inf,1263.482884727767,inf
84,137,inf,inf,inf,466.9582422444217,inf
84,138,inf,inf,inf,780.7291463753611,inf
84,139,inf,inf,inf,420.3094098399416,inf
84,140,inf,inf,inf,606.2746902188809,inf
84,141,inf,inf,inf,1016.8033241487756,inf
84,142,inf,inf,inf,500.80035942479117,inf
84,143,inf,inf,inf,1266.1477007047795,inf
84,144,inf,inf,inf,929.7537308341387,inf
84,145,inf,inf,inf,694.7373604463776,inf
84,146,inf,inf,inf,298.88626599427414,inf
84,147,inf,inf,inf,883.0022650027576,inf
84,148,inf,inf,inf,1108.0839318391004,inf
84,149,inf,inf,inf,38.07886552931954,inf
84,150,inf,inf,inf,351.8820825219721,inf
84,151,inf,inf,inf,562.4677768548169,inf
84,152,inf,inf,inf,337.4566638844164,inf
84,153,inf,inf,inf,871.0866776618731,inf
84,154,inf,inf,inf,465.55987799637546,inf
84,155,inf,inf,inf,999.6504389035199,inf
84,156,inf,inf,inf,425.47032799009617,inf
84,157,inf,inf,inf,885.9480797428256,inf
84,158,inf,inf,inf,239.50782868207042,inf
84,159,inf,inf,inf,392.149206297807,inf
84,160,inf,inf,inf,151.17208737065187,inf
84,161,inf,inf,inf,341.91958118832565,inf
84,162,inf,inf,inf,561.2388083516677,inf
84,163,inf,inf,inf,668.5663766597899,inf
84,164,inf,inf,inf,805.5631570522575,inf
84,165,inf,inf,inf,310.36752407428196,inf
84,166,inf,inf,inf,1236.5132429537503,inf
84,167,inf,inf,inf,664.0632499995764,inf
84,168,inf,inf,inf,812.0751196779765,inf
84,169,inf,inf,inf,1230.9622252530742,inf
84,170,inf,inf,inf,154.1590088188167,inf
84,171,inf,inf,inf,204.94145505485218,inf
84,172,inf,inf,inf,625.1847726872433,inf
84,173,inf,inf,inf,942.064222863813,inf
84,174,inf,inf,inf,596.1358905484554,inf
84,175,inf,inf,inf,453.15449903978663,inf
84,176,inf,inf,inf,708.6670586389635,inf
84,177,inf,inf,inf,413.7064176442033,inf
84,178,inf,inf,inf,424.4172475288911,inf
84,179,inf,inf,inf,472.95877198758035,inf
84,180,inf,inf,inf,1220.716592825706,inf
84,181,inf,inf,inf,1184.4412184654839,inf
84,182,inf,inf,inf,234.75945135393377,inf
84,183,inf,inf,inf,423.19971644602975,inf
84,184,inf,inf,inf,839.961903898028,inf
84,185,inf,inf,inf,894.6060585531488,inf
84,186,inf,inf,inf,986.3087751814844,inf
84,187,inf,inf,inf,195.25624189766637,inf
84,188,inf,inf,inf,1116.4873487863622,inf
84,189,inf,inf,inf,216.51789764358972,inf
84,190,inf,inf,inf,180.83417818543043,inf
84,191,inf,inf,inf,370.1675296402968,inf
84,192,inf,inf,inf,275.98007174431996,inf
84,193,inf,inf,inf,294.3331445828009,inf
84,194,inf,inf,inf,791.396866306659,inf
84,195,inf,inf,inf,350.00857132361773,inf
84,196,inf,inf,inf,660.6814663663572,inf
84,197,inf,inf,inf,299.7081914129142,inf
84,198,inf,inf,inf,594.4282967692571,inf
84,199,inf,inf,inf,1093.322001973801,inf
84,200,inf,inf,inf,292.9607482240582,inf
84,201,inf,inf,inf,635.0787352761861,inf
84,202,inf,inf,inf,750.1979738708976,inf
85,86,inf,inf,inf,1175.770811000171,inf
85,87,inf,inf,inf,1472.3182400554576,inf
85,88,inf,inf,inf,1150.8822702605162,inf
85,89,inf,inf,inf,608.949915838733,inf
85,90,inf,inf,inf,1217.0164337427823,inf
85,91,inf,inf,inf,330.0802932621092,inf
85,92,inf,inf,inf,263.6436989575135,inf
85,93,inf,inf,inf,1074.2522981125057,inf
85,94,inf,inf,inf,953.9444428267299,inf
85,95,inf,inf,inf,1175.2659273543159,inf
85,96,inf,inf,inf,1188.0155722885117,inf
85,97,inf,inf,inf,849.1372091717569,inf
85,98,inf,inf,inf,1183.7250525354273,inf
85,99,inf,inf,inf,567.2054301573637,inf
85,100,inf,inf,inf,1059.2284928191839,inf
85,101,inf,inf,inf,1198.2804346228806,inf
85,102,inf,inf,inf,1100.2786010824714,inf
85,103,inf,inf,inf,1300.3461077728498,inf
85,104,inf,inf,inf,1129.1080550593906,inf
85,105,inf,inf,inf,1410.363073821773,inf
85,106,inf,inf,inf,946.2557793746889,inf
85,107,inf,inf,inf,642.384619990236,inf
85,108,inf,inf,inf,1008.9425157064202,inf
85,109,inf,inf,inf,1061.814484738271,inf
85,110,inf,inf,inf,426.6755207414646,inf
85,111,inf,inf,inf,401.36766187624033,inf
85,112,inf,inf,inf,1079.4132665480818,inf
85,113,inf,inf,inf,502.80214796677234,inf
85,114,inf,inf,inf,609.0648569733769,inf
85,115,inf,inf,inf,954.5726792654397,inf
85,116,inf,inf,inf,1332.9759937823337,inf
85,117,inf,inf,inf,1292.8112777973436,inf
85,118,inf,inf,inf,1051.5726318234038,inf
85,119,inf,inf,inf,1308.4318858847791,inf
85,120,inf,inf,inf,820.9457960182268,inf
85,121,inf,inf,inf,1045.5859601199702,inf
85,122,inf,inf,inf,1486.8466632440616,inf
85,123,inf,inf,inf,936.0619637609468,inf
85,124,inf,inf,inf,1281.1373852948013,inf
85,125,inf,inf,inf,1085.1552884264997,inf
85,126,inf,inf,inf,832.3376718616069,inf
85,127,inf,inf,inf,457.08861285313156,inf
85,128,inf,inf,inf,954.1488353501251,inf
85,129,inf,inf,inf,431.3757063164313,inf
85,130,inf,inf,inf,1300.592557259959,inf
85,131,inf,inf,inf,1016.4133017626245,inf
85,132,inf,inf,inf,1216.2010524580219,inf
85,133,inf,inf,inf,1247.2064784950405,inf
85,134,inf,inf,inf,665.0360892462904,inf
85,135,inf,inf,inf,1334.0719620770087,inf
85,136,inf,inf,inf,342.8541964159109,inf
85,137,inf,inf,inf,1339.7507230824694,inf
85,138,inf,inf,inf,938.6905773469765,inf
85,139,inf,inf,inf,877.9487456566015,inf
85,140,inf,inf,inf,1059.1340802750142,inf
85,141,inf,inf,inf,333.0540496676178,inf
85,142,inf,inf,inf,785.1987009668317,inf
85,143,inf,inf,inf,6.324555320336759,inf
85,144,inf,inf,inf,468.162364997444,inf
85,145,inf,inf,inf,1185.6550931868846,inf
85,146,inf,inf,inf,1150.1708568730126,inf
85,147,inf,inf,inf,1194.082492962693,inf
85,148,inf,inf,inf,601.2021290714131,inf
85,149,inf,inf,inf,1263.2941066909161,inf
85,150,inf,inf,inf,976.639646952754,inf
85,151,inf,inf,inf,1014.0078895156586,inf
85,152,inf,inf,inf,1212.6850374272785,inf
85,153,inf,inf,inf,1097.1900473482249,inf
85,154,inf,inf,inf,1446.0124480791997,inf
85,155,inf,inf,inf,794.6175180550703,inf
85,156,inf,inf,inf,1132.034010089803,inf
85,157,inf,inf,inf,497.620337204982,inf
85,158,inf,inf,inf,1228.2222925838792,inf
85,159,inf,inf,inf,959.4211796703261,inf
85,160,inf,inf,inf,1120.8412019550317,inf
85,161,inf,inf,inf,1434.3796568551857,inf
85,162,inf,inf,inf,730.5347356560125,inf
85,163,inf,inf,inf,1338.030268715921,inf
85,164,inf,inf,inf,543.5310478712324,inf
85,165,inf,inf,inf,1311.7232939915339,inf
85,166,inf,inf,inf,520.7849844225542,inf
85,167,inf,inf,inf,701.4855664944218,inf
85,168,inf,inf,inf,888.5448778761825,inf
85,169,inf,inf,inf,557.718567021038,inf
85,170,inf,inf,inf,1413.7768565088338,inf
85,171,inf,inf,inf,1394.258584337927,inf
85,172,inf,inf,inf,1227.8118748407674,inf
85,173,inf,inf,inf,342.8833620927093,inf
85,174,inf,inf,inf,1382.0057886998882,inf
85,175,inf,inf,inf,1293.671132861826,inf
85,176,inf,inf,inf,762.7116099811252,inf
85,177,inf,inf,inf,1465.787501652269,inf
85,178,inf,inf,inf,867.6220375255575,inf
85,179,inf,inf,inf,844.0023696649198,inf
85,180,inf,inf,inf,248.766959220874,inf
85,181,inf,inf,inf,96.00520819205592,inf
85,182,inf,inf,inf,1051.9819390084604,inf
85,183,inf,inf,inf,1000.5538466269569,inf
85,184,inf,inf,inf,453.9273069556402,inf
85,185,inf,inf,inf,441.0011337853906,inf
85,186,inf,inf,inf,824.4495133117613,inf
85,187,inf,inf,inf,1405.953413168445,inf
85,188,inf,inf,inf,452.20570540407823,inf
85,189,inf,inf,inf,1146.320199595209,inf
85,190,inf,inf,inf,1118.3635366015828,inf
85,191,inf,inf,inf,1120.0508917009083,inf
85,192,inf,inf,inf,1138.2253731137785,inf
85,193,inf,inf,inf,1159.8318843694547,inf
85,194,inf,inf,inf,547.2887720390397,inf
85,195,inf,inf,inf,1221.4958043317217,inf
85,196,inf,inf,inf,726.1583849271452,inf
85,197,inf,inf,inf,1218.9704672386447,inf
85,198,inf,inf,inf,676.2521719003939,inf
85,199,inf,inf,inf,238.73206738936435,inf
85,200,inf,inf,inf,1079.8666584351977,inf
85,201,inf,inf,inf,962.1959259942852,inf
85,202,inf,inf,inf,553.7192429381519,inf
86,87,inf,inf,inf,333.0015014981164,inf
86,88,inf,inf,inf,94.93682109698007,inf
86,89,inf,inf,inf,568.4936235350402,inf
86,90,inf,inf,inf,226.03539545832197,inf
86,91,inf,inf,inf,1222.8000654236162,inf
86,92,inf,inf,inf,1003.2272922922302,inf
86,93,inf,inf,inf,614.47945449787,inf
86,94,inf,inf,inf,237.9768896342668,inf
86,95,inf,inf,inf,598.5624445285555,inf
86,96,inf,inf,inf,826.5204171706831,inf
86,97,inf,inf,inf,772.0783638983804,inf
86,98,inf,inf,inf,461.96320199773487,inf
86,99,inf,inf,inf,726.1191362304122,inf
86,100,inf,inf,inf,133.96268137059664,inf
86,101,inf,inf,inf,759.345112580571,inf
86,102,inf,inf,inf,673.8916826909203,inf
86,103,inf,inf,inf,693.7528378320337,inf
86,104,inf,inf,inf,1042.9813037633992,inf
86,105,inf,inf,inf,258.68320393871727,inf
86,106,inf,inf,inf,311.2699792784392,inf
86,107,inf,inf,inf,847.5169614821876,inf
86,108,inf,inf,inf,1050.2618721061904,inf
86,109,inf,inf,inf,114.75626344561765,inf
86,110,inf,inf,inf,1230.1418617379054,inf
86,111,inf,inf,inf,934.0240896251017,inf
86,112,inf,inf,inf,197.43353311937665,inf
86,113,inf,inf,inf,748.3909406186048,inf
86,114,inf,inf,inf,583.922083843384,inf
86,115,inf,inf,inf,835.0760444414628,inf
86,116,inf,inf,inf,233.62362894193728,inf
86,117,inf,inf,inf,668.4010771984139,inf
86,118,inf,inf,inf,672.297553171213,inf
86,119,inf,inf,inf,337.40924705763473,inf
86,120,inf,inf,inf,710.0176054155277,inf
86,121,inf,inf,inf,205.0,inf
86,122,inf,inf,inf,490.9358410220219,inf
86,123,inf,inf,inf,702.9743949817803,inf
86,124,inf,inf,inf,114.23659658795863,inf
86,125,inf,inf,inf,570.3060581827972,inf
86,126,inf,inf,inf,356.6020190632689,inf
86,127,inf,inf,inf,1223.6196304407674,inf
86,128,inf,inf,inf,1140.2547960872605,inf
86,129,inf,inf,inf,1225.558648127457,inf
86,130,inf,inf,inf,234.9170066214875,inf
86,131,inf,inf,inf,249.88197213884797,inf
86,132,inf,inf,inf,231.03679360655957,inf
86,133,inf,inf,inf,306.0016339825655,inf
86,134,inf,inf,inf,543.0745805135792,inf
86,135,inf,inf,inf,878.6153879827054,inf
86,136,inf,inf,inf,1056.0018939376955,inf
86,137,inf,inf,inf,165.01212076693034,inf
86,138,inf,inf,inf,408.27074350239695,inf
86,139,inf,inf,inf,359.9236030048599,inf
86,140,inf,inf,inf,207.23416706711276,inf
86,141,inf,inf,inf,1020.4283414331454,inf
86,142,inf,inf,inf,443.00112866673373,inf
86,143,inf,inf,inf,1170.0226493534217,inf
86,144,inf,inf,inf,984.8375500558456,inf
86,145,inf,inf,inf,269.1189328159578,inf
86,146,inf,inf,inf,135.41787178950938,inf
86,147,inf,inf,inf,458.5280798380836,inf
86,148,inf,inf,inf,1226.3103196173472,inf
86,149,inf,inf,inf,388.28984019672725,inf
86,150,inf,inf,inf,267.88430338487547,inf
86,151,inf,inf,inf,197.25364381932212,inf
86,152,inf,inf,inf,717.8203117772581,inf
86,153,inf,inf,inf,456.51396473711515,inf
86,154,inf,inf,inf,271.7075633838705,inf
86,155,inf,inf,inf,1191.0096557123288,inf
86,156,inf,inf,inf,44.0,inf
86,157,inf,inf,inf,696.8536431705011,inf
86,158,inf,inf,inf,631.7823992483488,inf
86,159,inf,inf,inf,623.3393939099309,inf
86,160,inf,inf,inf,374.7665940288702,inf
86,161,inf,inf,inf,300.77566390916667,inf
86,162,inf,inf,inf,476.28772816439437,inf
86,163,inf,inf,inf,272.4187952399761,inf
86,164,inf,inf,inf,867.5511512297128,inf
86,165,inf,inf,inf,186.02419197512995,inf
86,166,inf,inf,inf,973.6087509877877,inf
86,167,inf,inf,inf,474.75151395229904,inf
86,168,inf,inf,inf,1046.1476951176635,inf
86,169,inf,inf,inf,956.8871406806552,inf
86,170,inf,inf,inf,451.1363430272494,inf
86,171,inf,inf,inf,354.2654372077525,inf
86,172,inf,inf,inf,987.6178410701176,inf
86,173,inf,inf,inf,910.8633267400769,inf
86,174,inf,inf,inf,245.46486510293076,inf
86,175,inf,inf,inf,119.10499569707393,inf
86,176,inf,inf,inf,882.29813555283,inf
86,177,inf,inf,inf,305.447213115458,inf
86,178,inf,inf,inf,560.5327822705823,inf
86,179,inf,inf,inf,625.2591462745667,inf
86,180,inf,inf,inf,1211.955444725589,inf
86,181,inf,inf,inf,1080.256451033735,inf
86,182,inf,inf,inf,321.21799451462863,inf
86,183,inf,inf,inf,183.8069639594757,inf
86,184,inf,inf,inf,841.152185992523,inf
86,185,inf,inf,inf,738.9945872602857,inf
86,186,inf,inf,inf,637.5405869432941,inf
86,187,inf,inf,inf,380.0447342090139,inf
86,188,inf,inf,inf,1181.5756429446233,inf
86,189,inf,inf,inf,561.8620827213739,inf
86,190,inf,inf,inf,302.0761493398643,inf
86,191,inf,inf,inf,85.70297544426332,inf
86,192,inf,inf,inf,621.400032185387,inf
86,193,inf,inf,inf,136.40014662748717,inf
86,194,inf,inf,inf,849.472777668596,inf
86,195,inf,inf,inf,87.32124598286491,inf
86,196,inf,inf,inf,452.06304870006795,inf
86,197,inf,inf,inf,131.03434664239754,inf
86,198,inf,inf,inf,584.6571644989908,inf
86,199,inf,inf,inf,952.7748947154307,inf
86,200,inf,inf,inf,195.25624189766637,inf
86,201,inf,inf,inf,901.4410685119688,inf
86,202,inf,inf,inf,786.2544117523285,inf
87,88,inf,inf,inf,324.91383473161005,inf
87,89,inf,inf,inf,877.6474235135656,inf
87,90,inf,inf,inf,272.3416971379888,inf
87,91,inf,inf,inf,1473.0030549866487,inf
87,92,inf,inf,inf,1321.0423914469966,inf
87,93,inf,inf,inf,668.9342269610668,inf
87,94,inf,inf,inf,519.9201861824563,inf
87,95,inf,inf,inf,600.800299600458,inf
87,96,inf,inf,inf,830.7550782270307,inf
87,97,inf,inf,inf,1096.4583895433516,inf
87,98,inf,inf,inf,466.84044383493597,inf
87,99,inf,inf,inf,967.0186140917867,inf
87,100,inf,inf,inf,466.8618639383603,inf
87,101,inf,inf,inf,754.5574862129458,inf
87,102,inf,inf,inf,712.8450041909531,inf
87,103,inf,inf,inf,633.1168928404927,inf
87,104,inf,inf,inf,1087.2000735835147,inf
87,105,inf,inf,inf,294.15132160165456,inf
87,106,inf,inf,inf,535.4222632651728,inf
87,107,inf,inf,inf,1043.2760900164444,inf
87,108,inf,inf,inf,1134.0017636670589,inf
87,109,inf,inf,inf,440.2465218488387,inf
87,110,inf,inf,inf,1463.4893235005168,inf
87,111,inf,inf,inf,1260.7573120945997,inf
87,112,inf,inf,inf,395.80045477487766,inf
87,113,inf,inf,inf,1074.2145968101531,inf
87,114,inf,inf,inf,903.2745983365191,inf
87,115,inf,inf,inf,930.6524592993885,inf
87,116,inf,inf,inf,143.0034964607509,inf
87,117,inf,inf,inf,609.1387362497971,inf
87,118,inf,inf,inf,733.9223392158056,inf
87,119,inf,inf,inf,531.0602602341847,inf
87,120,inf,inf,inf,863.4726399834566,inf
87,121,inf,inf,inf,428.117974394909,inf
87,122,inf,inf,inf,256.12496949731394,inf
87,123,inf,inf,inf,1019.0686924834852,inf
87,124,inf,inf,inf,219.97272558205938,inf
87,125,inf,inf,inf,861.8358312346963,inf
87,126,inf,inf,inf,640.2944635087828,inf
87,127,inf,inf,inf,1451.01654022275,inf
87,128,inf,inf,inf,1246.4770354884201,inf
87,129,inf,inf,inf,1457.85870371583,inf
87,130,inf,inf,inf,183.09560344257315,inf
87,131,inf,inf,inf,578.021625893011,inf
87,132,inf,inf,inf,481.3023997446927,inf
87,133,inf,inf,inf,286.7141433553636,inf
87,134,inf,inf,inf,812.6130690556238,inf
87,135,inf,inf,inf,825.6954644419454,inf
87,136,inf,inf,inf,1381.4955664062045,inf
87,137,inf,inf,inf,225.39964507514205,inf
87,138,inf,inf,inf,734.6870081878405,inf
87,139,inf,inf,inf,601.9975083004912,inf
87,140,inf,inf,inf,531.7518218116418,inf
87,141,inf,inf,inf,1274.4536084142098,inf
87,142,inf,inf,inf,695.945400157225,inf
87,143,inf,inf,inf,1466.9113810997583,inf
87,144,inf,inf,inf,1212.981863013623,inf
87,145,inf,inf,inf,534.8878387101356,inf
87,146,inf,inf,inf,322.14903383372115,inf
87,147,inf,inf,inf,717.7534395598533,inf
87,148,inf,inf,inf,1424.7908618460465,inf
87,149,inf,inf,inf,339.4775397577872,inf
87,150,inf,inf,inf,499.61585243064496,inf
87,151,inf,inf,inf,530.2122216622322,inf
87,152,inf,inf,inf,703.7527975077612,inf
87,153,inf,inf,inf,746.8768305416897,inf
87,154,inf,inf,inf,139.01438774457844,inf
87,155,inf,inf,inf,1342.991437053863,inf
87,156,inf,inf,inf,369.218092731112,inf
87,157,inf,inf,inf,1013.3395284898345,inf
87,158,inf,inf,inf,605.3404001055935,inf
87,159,inf,inf,inf,731.4711204141965,inf
87,160,inf,inf,inf,442.10858394742803,inf
87,161,1.0,43.5563,43.55634918610403,38.2099463490856,1.1399217572349818
87,162,inf,inf,inf,745.0852300240557,inf
87,163,inf,inf,inf,427.11356803548165,inf
87,164,inf,inf,inf,1088.7263200639543,inf
87,165,inf,inf,inf,161.5951731952412,inf
87,166,inf,inf,inf,1305.802435286441,inf
87,167,inf,inf,inf,783.53366232728,inf
87,168,inf,inf,inf,1165.8494757043038,inf
87,169,inf,inf,inf,1289.6421984411024,inf
87,170,inf,inf,inf,270.29243422633937,inf
87,171,inf,inf,inf,166.93112352104984,inf
87,172,inf,inf,inf,991.2623265311761,inf
87,173,inf,inf,inf,1177.6901120413638,inf
87,174,inf,inf,inf,325.5103684984551,inf
87,175,inf,inf,inf,252.03174403237384,inf
87,176,inf,inf,inf,1039.624932367438,inf
87,177,inf,inf,inf,62.289646009589745,inf
87,178,inf,inf,inf,723.0995782048279,inf
87,179,inf,inf,inf,783.666383099339,inf
87,180,inf,inf,inf,1475.1169445166033,inf
87,181,inf,inf,inf,1378.6137965362163,inf
87,182,inf,inf,inf,460.92190227846623,inf
87,183,inf,inf,inf,478.1140031415102,inf
87,184,inf,inf,inf,1091.41238768854,inf
87,185,inf,inf,inf,1047.0439341307508,inf
87,186,inf,inf,inf,965.958591244987,inf
87,187,inf,inf,inf,185.6017241299229,inf
87,188,inf,inf,inf,1408.6465135015242,inf
87,189,inf,inf,inf,581.6296072243915,inf
87,190,inf,inf,inf,399.2993864257745,inf
87,191,inf,inf,inf,360.17356926904006,inf
87,192,inf,inf,inf,642.9587856153768,inf
87,193,inf,inf,inf,312.488399784696,inf
87,194,inf,inf,inf,1072.0643637394164,inf
87,195,inf,inf,inf,260.7393334347543,inf
87,196,inf,inf,inf,765.6219693817569,inf
87,197,inf,inf,inf,253.84247083575278,inf
87,198,inf,inf,inf,827.5808117640235,inf
87,199,inf,inf,inf,1260.689493888166,inf
87,200,inf,inf,inf,395.05062966662894,inf
87,201,inf,inf,inf,994.3248966007036,inf
87,202,inf,inf,inf,1017.6728354436901,inf
88,89,inf,inf,inf,552.7838637297583,inf
88,90,inf,inf,inf,143.09786860746738,inf
88,91,inf,inf,inf,1173.6477324989812,inf
88,92,inf,inf,inf,996.2700437130487,inf
88,93,inf,inf,inf,520.4651765488254,inf
88,94,inf,inf,inf,196.95684806576287,inf
88,95,inf,inf,inf,503.7459677257973,inf
88,96,inf,inf,inf,731.6645406195383,inf
88,97,inf,inf,inf,821.9245707484355,inf
88,98,inf,inf,inf,367.947007054005,inf
88,99,inf,inf,inf,670.4326961000635,inf
88,100,inf,inf,inf,177.6879286839711,inf
88,101,inf,inf,inf,664.4110173680144,inf
88,102,inf,inf,inf,579.5248053362341,inf
88,103,inf,inf,inf,600.9675532006698,inf
88,104,inf,inf,inf,950.2215531127464,inf
88,105,inf,inf,inf,332.5687898766209,inf
88,106,inf,inf,inf,240.35390573069537,inf
88,107,inf,inf,inf,777.7094573168055,inf
88,108,inf,inf,inf,961.0020811631991,inf
88,109,inf,inf,inf,134.23859355639868,inf
88,110,inf,inf,inf,1174.476053395726,inf
88,111,inf,inf,inf,939.0729471132687,inf
88,112,inf,inf,inf,109.40292500660117,inf
88,113,inf,inf,inf,752.3961722390671,inf
88,114,inf,inf,inf,579.2495144581478,inf
88,115,inf,inf,inf,745.9979892734297,inf
88,116,inf,inf,inf,196.3797341886377,inf
88,117,inf,inf,inf,575.7508141548738,inf
88,118,inf,inf,inf,579.0379952990995,inf
88,119,inf,inf,inf,432.31470018957253,inf
88,120,inf,inf,inf,628.7909032420873,inf
88,121,inf,inf,inf,126.64912159190051,inf
88,122,inf,inf,inf,433.22165227513733,inf
88,123,inf,inf,inf,761.8044368471478,inf
88,124,inf,inf,inf,140.24621207005913,inf
88,125,inf,inf,inf,645.2317413147,inf
88,126,inf,inf,inf,319.0485856417483,inf
88,127,inf,inf,inf,1165.8198831723535,inf
88,128,inf,inf,inf,1054.181198845815,inf
88,129,inf,inf,inf,1169.4977554488935,inf
88,130,inf,inf,inf,180.42449944505873,inf
88,131,inf,inf,inf,306.23193824289456,inf
88,132,inf,inf,inf,324.27920068977596,inf
88,133,inf,inf,inf,222.4454989429995,inf
88,134,inf,inf,inf,499.03607084057563,inf
88,135,inf,inf,inf,784.4705220720534,inf
88,136,inf,inf,inf,1058.8300146860213,inf
88,137,inf,inf,inf,221.65288177689007,inf
88,138,inf,inf,inf,461.1398920067532,inf
88,139,inf,inf,inf,298.563226134767,inf
88,140,inf,inf,inf,271.9797786601055,inf
88,141,inf,inf,inf,972.1342499881382,inf
88,142,inf,inf,inf,388.8611577414232,inf
88,143,inf,inf,inf,1145.3602053502646,inf
88,144,inf,inf,inf,926.1932843634745,inf
88,145,inf,inf,inf,358.9596077555245,inf
88,146,1.0,50.2132,50.21320343559643,41.0,1.224712278916986
88,147,inf,inf,inf,545.2348118013009,inf
88,148,inf,inf,inf,1159.4904053074351,inf
88,149,inf,inf,inf,301.8774585821207,inf
88,150,inf,inf,inf,197.9520143873257,inf
88,151,inf,inf,inf,239.52035404115452,inf
88,152,inf,inf,inf,623.0128409591571,inf
88,153,inf,inf,inf,534.0262165849164,inf
88,154,inf,inf,inf,304.20059171540083,inf
88,155,inf,inf,inf,1112.910149113575,inf
88,156,inf,inf,inf,87.20665112249179,inf
88,157,inf,inf,inf,688.6160032993715,inf
88,158,inf,inf,inf,537.6430042323624,inf
88,159,inf,inf,inf,533.8698343229369,inf
88,160,inf,inf,inf,279.8303057211638,inf
88,161,inf,inf,inf,288.01562457616774,inf
88,162,inf,inf,inf,431.0185610852507,inf
88,163,inf,inf,inf,365.2738698565776,inf
88,164,inf,inf,inf,805.7319653582077,inf
88,165,inf,inf,inf,163.41358572652396,inf
88,166,inf,inf,inf,992.0609860285808,inf
88,167,inf,inf,inf,458.62838987572496,inf
88,168,inf,inf,inf,961.6121879427278,inf
88,169,inf,inf,inf,978.719571685373,inf
88,170,inf,inf,inf,383.7303740909755,inf
88,171,inf,inf,inf,300.647634283059,inf
88,172,inf,inf,inf,892.9412074711302,inf
88,173,inf,inf,inf,868.0282253475402,inf
88,174,inf,inf,inf,326.6221058042459,inf
88,175,inf,inf,inf,181.96977771047588,inf
88,176,inf,inf,inf,803.4805535916846,inf
88,177,inf,inf,inf,314.9936507296615,inf
88,178,inf,inf,inf,479.0511454949252,inf
88,179,inf,inf,inf,543.9430117208971,inf
88,180,inf,inf,inf,1168.466088510916,inf
88,181,inf,inf,inf,1056.488996629875,inf
88,182,inf,inf,inf,229.53866776645717,inf
88,183,inf,inf,inf,153.2122710490253,inf
88,184,inf,inf,inf,790.2657780772238,inf
88,185,inf,inf,inf,722.4236983931244,inf
88,186,inf,inf,inf,682.8770021021355,inf
88,187,inf,inf,inf,323.80395303331306,inf
88,188,inf,inf,inf,1123.498108587638,inf
88,189,inf,inf,inf,466.93040166602987,inf
88,190,inf,inf,inf,207.15453169071634,inf
88,191,inf,inf,inf,39.698866482558415,inf
88,192,inf,inf,inf,526.4988129141414,inf
88,193,inf,inf,inf,44.0,inf
88,194,inf,inf,inf,788.000634517511,inf
88,195,inf,inf,inf,73.33484846919642,inf
88,196,inf,inf,inf,440.9308335782382,inf
88,197,inf,inf,inf,74.06078584514209,inf
88,198,inf,inf,inf,528.2471012698508,inf
88,199,inf,inf,inf,936.2846789305056,inf
88,200,inf,inf,inf,107.41508273980894,inf
88,201,inf,inf,inf,812.4684609263304,inf
88,202,inf,inf,inf,727.4235355004676,inf
89,90,inf,inf,inf,641.3836605340052,inf
89,91,inf,inf,inf,708.8448349251055,inf
89,92,inf,inf,inf,445.43910919451156,inf
89,93,inf,inf,inf,665.72216426975,inf
89,94,inf,inf,inf,359.53581184633055,inf
89,95,inf,inf,inf,737.7059034601797,inf
89,96,inf,inf,inf,859.8238191629724,inf
89,97,inf,inf,inf,526.5757305459491,inf
89,98,inf,inf,inf,686.3854602189647,inf
89,99,inf,inf,inf,317.08989261721985,inf
89,100,inf,inf,inf,450.32099662351965,inf
89,101,inf,inf,inf,832.3124413343826,inf
89,102,inf,inf,inf,716.89678476054,inf
89,103,inf,inf,inf,874.2402415812257,inf
89,104,inf,inf,inf,943.934849446719,inf
89,105,inf,inf,inf,802.0024937617089,inf
89,106,inf,inf,inf,387.22086720630125,inf
89,107,inf,inf,inf,504.74746160827794,inf
89,108,inf,inf,inf,877.9094486335136,inf
89,109,inf,inf,inf,453.97136473570663,inf
89,110,inf,inf,inf,743.6988637882944,inf
89,111,inf,inf,inf,408.7688833558641,inf
89,112,inf,inf,inf,498.75946106314615,inf
89,113,inf,inf,inf,233.25951213187426,inf
89,114,inf,inf,inf,70.0,inf
89,115,inf,inf,inf,706.0177051604301,inf
89,116,inf,inf,inf,743.85818540902,inf
89,117,inf,inf,inf,857.5808999738742,inf
89,118,inf,inf,inf,678.8409239284267,inf
89,119,inf,inf,inf,721.6716704984337,inf
89,120,inf,inf,inf,522.0153254455275,inf
89,121,inf,inf,inf,463.303356344415,inf
89,122,inf,inf,inf,934.9957219153465,inf
89,123,inf,inf,inf,547.0868304026336,inf
89,124,inf,inf,inf,676.6099319401097,inf
89,125,inf,inf,inf,599.7149322803293,inf
89,126,inf,inf,inf,247.13154391942766,inf
89,127,inf,inf,inf,748.0761993273145,inf
89,128,inf,inf,inf,906.335478727386,inf
89,129,inf,inf,inf,741.2725544629317,inf
89,130,inf,inf,inf,716.9637368793487,inf
89,131,inf,inf,inf,419.1085778172525,inf
89,132,inf,inf,inf,618.9030618764137,inf
89,133,inf,inf,inf,688.6566633671673,inf
89,134,inf,inf,inf,174.6568063374571,inf
89,135,inf,inf,inf,984.1016207689123,inf
89,136,inf,inf,inf,520.0240379059414,inf
89,137,inf,inf,inf,731.5572431464267,inf
89,138,inf,inf,inf,386.00518131237567,inf
89,139,inf,inf,inf,325.27219370859234,inf
89,140,inf,inf,inf,457.5904282215702,inf
89,141,inf,inf,inf,514.7475109216168,inf
89,142,inf,inf,inf,256.09568524284043,inf
89,143,inf,inf,inf,603.0754513325841,inf
89,144,inf,inf,inf,536.0037313302959,inf
89,145,inf,inf,inf,595.8942859266231,inf
89,146,inf,inf,inf,558.7101216194316,inf
89,147,inf,inf,inf,651.5189943508938,inf
89,148,inf,inf,inf,803.278283037703,inf
89,149,inf,inf,inf,726.9910590922009,inf
89,150,inf,inf,inf,404.45642534146987,inf
89,151,inf,inf,inf,407.1068655770865,inf
89,152,inf,inf,inf,822.073597678456,inf
89,153,inf,inf,inf,563.9592183837409,inf
89,154,inf,inf,inf,839.86903741,inf
89,155,inf,inf,inf,861.1231038591404,inf
89,156,inf,inf,inf,525.1218906120749,inf
89,157,inf,inf,inf,141.40014144264495,inf
89,158,inf,inf,inf,793.3788502348673,inf
89,159,inf,inf,inf,577.0381269898896,inf
89,160,inf,inf,inf,597.7666768899049,inf
89,161,inf,inf,inf,840.5171027409258,inf
89,162,inf,inf,inf,197.70938268074178,inf
89,163,inf,inf,inf,737.499152541886,inf
89,164,inf,inf,inf,459.5758914477564,inf
89,165,inf,inf,inf,716.0628464038614,inf
89,166,inf,inf,inf,500.32089702509927,inf
89,167,inf,inf,inf,94.37160589923221,inf
89,168,inf,inf,inf,806.6845728040174,inf
89,169,inf,inf,inf,501.3840843106211,inf
89,170,inf,inf,inf,867.212200098684,inf
89,171,inf,inf,inf,823.4761684469078,inf
89,172,inf,inf,inf,972.4700509527273,inf
89,173,inf,inf,inf,391.94514922371474,inf
89,174,inf,inf,inf,774.5811771531761,inf
89,175,inf,inf,inf,685.5428505936007,inf
89,176,inf,inf,inf,612.4908162576808,inf
89,177,inf,inf,inf,864.8681980510094,inf
89,178,inf,inf,inf,454.1409472839902,inf
89,179,inf,inf,inf,478.57287846262244,inf
89,180,inf,inf,inf,678.9469787840579,inf
89,181,inf,inf,inf,513.0623743756698,inf
89,182,inf,inf,inf,510.72693291033715,inf
89,183,inf,inf,inf,399.7199019313399,inf
89,184,inf,inf,inf,370.52665221276595,inf
89,185,inf,inf,inf,170.6282508847817,inf
89,186,inf,inf,inf,408.98532981025124,inf
89,187,inf,inf,inf,839.867251415365,inf
89,188,inf,inf,inf,710.2914894604891,inf
89,189,inf,inf,inf,697.9699133916877,inf
89,190,inf,inf,inf,569.8991138789391,inf
89,191,inf,inf,inf,518.854507545227,inf
89,192,inf,inf,inf,719.6033629715748,inf
89,193,inf,inf,inf,568.5578246757317,inf
89,194,inf,inf,inf,443.24372527989607,inf
89,195,inf,inf,inf,620.3224967708329,inf
89,196,inf,inf,inf,117.2092146548214,inf
89,197,inf,inf,inf,624.4173283950406,inf
89,198,inf,inf,inf,260.00192306981114,inf
89,199,inf,inf,inf,384.7349737156735,inf
89,200,inf,inf,inf,498.6581995716104,inf
89,201,inf,inf,inf,753.8653725964604,inf
89,202,inf,inf,inf,378.55646870711377,inf
90,91,inf,inf,inf,1202.2395767899175,inf
90,92,inf,inf,inf,1086.298761851453,inf
90,93,inf,inf,inf,433.5262391136204,inf
90,94,inf,inf,inf,286.2044723619811,inf
90,95,inf,inf,inf,393.68642343875666,inf
90,96,inf,inf,inf,628.5379861233528,inf
90,97,inf,inf,inf,958.9541177762364,inf
90,98,inf,inf,inf,251.43189932862538,inf
90,99,inf,inf,inf,696.781888398371,inf
90,100,inf,inf,inf,319.4526568992658,inf
90,101,inf,inf,inf,556.6048867913396,inf
90,102,inf,inf,inf,487.08315511830216,inf
90,103,inf,inf,inf,474.0812166707304,inf
90,104,inf,inf,inf,865.6939412979624,inf
90,105,inf,inf,inf,403.01985062773275,inf
90,106,inf,inf,inf,271.15493725912495,inf
90,107,inf,inf,inf,771.7441285814879,inf
90,108,inf,inf,inf,893.9004418837704,inf
90,109,inf,inf,inf,273.2489707208428,inf
90,110,inf,inf,inf,1191.300549819398,inf
90,111,inf,inf,inf,1042.4034727493956,inf
90,112,inf,inf,inf,142.68847185389575,inf
90,113,inf,inf,inf,857.0093348383085,inf
90,114,inf,inf,inf,678.8173539325583,inf
90,115,inf,inf,inf,682.926057490853,inf
90,116,inf,inf,inf,131.0267148332736,inf
90,117,inf,inf,inf,448.4863431588525,inf
90,118,inf,inf,inf,496.9708240933264,inf
90,119,inf,inf,inf,554.4555888436873,inf
90,120,inf,inf,inf,596.9396954467009,inf
90,121,inf,inf,inf,178.1937148162078,inf
90,122,inf,inf,inf,302.80356668969404,inf
90,123,inf,inf,inf,902.4771465250519,inf
90,124,inf,inf,inf,197.91412279066898,inf
90,125,inf,inf,inf,788.2493260384052,inf
90,126,inf,inf,inf,394.95442775084825,inf
90,127,inf,inf,inf,1178.6861329463413,inf
90,128,inf,inf,inf,998.2509704478127,inf
90,129,inf,inf,inf,1185.6348510397288,inf
90,130,inf,inf,inf,89.27485648266257,inf
90,131,inf,inf,inf,448.20196340489184,inf
90,132,inf,inf,inf,455.43166337003845,inf
90,133,inf,inf,inf,80.15609770940699,inf
90,134,inf,inf,inf,552.3712519673702,inf
90,135,inf,inf,inf,663.6753724525266,inf
90,136,inf,inf,inf,1158.8166377818366,inf
90,137,inf,inf,inf,283.8045101826255,inf
90,138,inf,inf,inf,601.0931708146417,inf
90,139,inf,inf,inf,339.3420103671221,inf
90,140,inf,inf,inf,415.03011938894264,inf
90,141,inf,inf,inf,1004.8532231127091,inf
90,142,inf,inf,inf,432.9457240809753,inf
90,143,inf,inf,inf,1211.856839729842,inf
90,144,inf,inf,inf,940.7895620169263,inf
90,145,inf,inf,inf,495.1454331809999,inf
90,146,inf,inf,inf,107.93516572461452,inf
90,147,inf,inf,inf,684.2368011149357,inf
90,148,inf,inf,inf,1153.9640375678957,inf
90,149,inf,inf,inf,162.3730273167314,inf
90,150,inf,inf,inf,241.2343259156955,inf
90,151,inf,inf,inf,379.3481250777444,inf
90,152,inf,inf,inf,510.907036553618,inf
90,153,inf,inf,inf,676.6720032630285,inf
90,154,inf,inf,inf,316.09650425147066,inf
90,155,inf,inf,inf,1080.6535059860769,inf
90,156,inf,inf,inf,229.5125268912353,inf
90,157,inf,inf,inf,781.8625198844104,inf
90,158,inf,inf,inf,418.7182823808867,inf
90,159,inf,inf,inf,475.0789408087881,inf
90,160,inf,inf,inf,187.8776197422141,inf
90,161,inf,inf,inf,235.05318547086316,inf
90,162,inf,inf,inf,486.4915209949707,inf
90,163,inf,inf,inf,473.56520142426007,inf
90,164,inf,inf,inf,816.4343206896682,inf
90,165,inf,inf,inf,142.00352108310554,inf
90,166,inf,inf,inf,1107.2894833782175,inf
90,167,inf,inf,inf,550.4588994648011,inf
90,168,inf,inf,inf,912.0290565546692,inf
90,169,inf,inf,inf,1096.8650783027053,inf
90,170,inf,inf,inf,245.7478382407463,inf
90,171,inf,inf,inf,182.1318203939114,inf
90,172,inf,inf,inf,792.0334588892063,inf
90,173,inf,inf,inf,911.6073716244291,inf
90,174,inf,inf,inf,410.11339895204594,inf
90,175,inf,inf,inf,261.70594185077266,inf
90,176,inf,inf,inf,773.9935400247214,inf
90,177,inf,inf,inf,290.9467305195231,inf
90,178,inf,inf,inf,453.1765660313869,inf
90,179,inf,inf,inf,515.1863740434135,inf
90,180,inf,inf,inf,1206.664825044635,inf
90,181,inf,inf,inf,1125.1497678087126,inf
90,182,inf,inf,inf,188.904737897174,inf
90,183,inf,inf,inf,262.6118809193522,inf
90,184,inf,inf,inf,821.9787101865838,inf
90,185,inf,inf,inf,805.47191136625,inf
90,186,inf,inf,inf,818.3947702667705,inf
90,187,inf,inf,inf,199.80490484470096,inf
90,188,inf,inf,inf,1136.3208173750932,inf
90,189,inf,inf,inf,362.4044701711059,inf
90,190,inf,inf,inf,130.5450113945378,inf
90,191,inf,inf,inf,179.3348822733603,inf
90,192,inf,inf,inf,425.0294107470682,inf
90,193,inf,inf,inf,100.90094152187085,inf
90,194,inf,inf,inf,799.8249808551868,inf
90,195,inf,inf,inf,151.11915828246265,inf
90,196,inf,inf,inf,538.8144393016951,inf
90,197,inf,inf,inf,100.68763578513501,inf
90,198,inf,inf,inf,559.0169943749474,inf
90,199,inf,inf,inf,1015.7952549603684,inf
90,200,inf,inf,inf,142.88806808127822,inf
90,201,inf,inf,inf,748.6360931721099,inf
90,202,inf,inf,inf,746.0670211180762,inf
91,92,inf,inf,inf,547.8366544874485,inf
91,93,inf,inf,inf,947.4835090913192,inf
91,94,inf,inf,inf,985.330908882899,inf
91,95,inf,inf,inf,1054.2831687929008,inf
91,96,inf,inf,inf,1004.7288191347952,inf
91,97,inf,inf,inf,1095.3195880655107,inf
91,98,inf,inf,inf,1101.6832575654403,inf
91,99,inf,inf,inf,506.0800331963315,inf
91,100,inf,inf,inf,1129.492806528665,inf
91,101,inf,inf,inf,1033.7625452684963,inf
91,102,inf,inf,inf,955.9550198623364,inf
91,103,inf,inf,inf,1161.0585687208031,inf
91,104,inf,inf,inf,885.8950276415372,inf
91,105,inf,inf,inf,1476.964793080729,inf
91,106,inf,inf,inf,939.938827796788,inf
91,107,inf,inf,inf,475.0757834282863,inf
91,108,inf,inf,inf,755.6890895070538,inf
91,109,inf,inf,inf,1117.30255526424,inf
91,110,inf,inf,inf,98.85848471426213,inf
91,111,inf,inf,inf,676.228511673384,inf
91,112,inf,inf,inf,1081.1567878897122,inf
91,113,inf,inf,inf,708.0713240910127,inf
91,114,inf,inf,inf,740.6220358590473,inf
91,115,inf,inf,inf,761.1465036377688,inf
91,116,inf,inf,inf,1330.0060150239922,inf
91,117,inf,inf,inf,1159.7103086547088,inf
91,118,inf,inf,inf,907.5902159014277,inf
91,119,inf,inf,inf,1428.092784100529,inf
91,120,inf,inf,inf,680.3418258493299,inf
91,121,inf,inf,inf,1052.264700538795,inf
91,122,inf,inf,inf,1430.1419509964737,inf
91,123,inf,inf,inf,1164.9313284481623,inf
91,124,inf,inf,inf,1313.0308450299253,inf
91,125,inf,inf,inf,1278.848310003966,inf
91,126,inf,inf,inf,866.7092938234827,inf
91,127,inf,inf,inf,132.00378782444085,inf
91,128,inf,inf,inf,675.1659055372983,inf
91,129,inf,inf,inf,104.7377677822093,inf
91,130,inf,inf,inf,1291.1119238857646,inf
91,131,inf,inf,inf,1123.8349522950423,inf
91,132,inf,inf,inf,1320.6218232332828,inf
91,133,inf,inf,inf,1211.4722448327077,inf
91,134,inf,inf,inf,679.8543961761223,inf
91,135,inf,inf,inf,1149.6195022702077,inf
91,136,inf,inf,inf,652.6285314020527,inf
91,137,inf,inf,inf,1386.0941526462045,inf
91,138,inf,inf,inf,1089.3121682970404,inf
91,139,inf,inf,inf,876.2676531745309,inf
91,140,inf,inf,inf,1158.0820350907788,inf
91,141,inf,inf,inf,202.41047403728888,inf
91,142,inf,inf,inf,784.7865951964267,inf
91,143,inf,inf,inf,332.78972339902566,inf
91,144,inf,inf,inf,275.48684179103725,inf
91,145,inf,inf,inf,1302.1662720251973,inf
91,146,inf,inf,inf,1161.4241258041784,inf
91,147,inf,inf,inf,1355.5279414309393,inf
91,148,inf,inf,inf,282.15066896961275,inf
91,149,inf,inf,inf,1205.436435487164,inf
91,150,inf,inf,inf,979.0291109052887,inf
91,151,inf,inf,inf,1099.8077104657887,inf
91,152,inf,inf,inf,1060.359373042932,inf
91,153,inf,inf,inf,1263.801012818078,inf
91,154,inf,inf,inf,1477.8379478143063,inf
91,155,inf,inf,inf,493.9311692938602,inf
91,156,inf,inf,inf,1179.426979511661,inf
91,157,inf,inf,inf,653.1959889650273,inf
91,158,inf,inf,inf,1100.4476361917455,inf
91,159,inf,inf,inf,834.8413022844521,inf
91,160,inf,inf,inf,1064.3805710365066,inf
91,161,inf,inf,inf,1435.0170730691673,inf
91,162,inf,inf,inf,746.5453770535319,inf
91,163,inf,inf,inf,1434.2621796589353,inf
91,164,inf,inf,inf,397.63425405767043,inf
91,165,inf,inf,inf,1321.1453364410745,inf
91,166,inf,inf,inf,813.7087931195041,inf
91,167,inf,inf,inf,783.6178915772662,inf
91,168,inf,inf,inf,630.4006662433028,inf
91,169,inf,inf,inf,847.0637520281457,inf
91,170,inf,inf,inf,1355.6533480207984,inf
91,171,inf,inf,inf,1363.117016253557,inf
91,172,inf,inf,inf,1006.1972967564562,inf
91,173,inf,inf,inf,318.84792613407416,inf
91,174,inf,inf,inf,1455.519494888337,inf
91,175,inf,inf,inf,1341.0719592922671,inf
91,176,inf,inf,inf,560.8511388951617,inf
91,177,inf,inf,inf,1480.4276409200147,inf
91,178,inf,inf,inf,778.4349683820736,inf
91,179,inf,inf,inf,733.4309783476562,inf
91,180,2.0,352.6934,352.69343417595206,82.0,4.301139441170147
91,181,inf,inf,inf,353.01274764518064,inf
91,182,inf,inf,inf,1017.5976611608343,inf
91,183,inf,inf,inf,1039.0019249260322,inf
91,184,inf,inf,inf,383.4227431960707,inf
91,185,inf,inf,inf,580.2801047769948,inf
91,186,inf,inf,inf,1036.4024314907795,inf
91,187,inf,inf,inf,1368.7023051050949,inf
91,188,inf,inf,inf,141.52384958020326,inf
91,189,inf,inf,inf,1035.0946816596054,inf
91,190,inf,inf,inf,1083.4620436360474,inf
91,191,inf,inf,inf,1151.168536748638,inf
91,192,inf,inf,inf,1009.7375896736736,inf
91,193,inf,inf,inf,1170.1559725096479,inf
91,194,inf,inf,inf,411.4608122288197,inf
91,195,inf,inf,inf,1246.982357533578,inf
91,196,inf,inf,inf,814.2561022184605,inf
91,197,inf,inf,inf,1231.1661138936533,inf
91,198,inf,inf,inf,646.8941180749753,inf
91,199,inf,inf,inf,466.1544808322666,inf
91,200,inf,inf,inf,1082.2499711249707,inf
91,201,inf,inf,inf,748.4838007599095,inf
91,202,inf,inf,inf,457.2657870429407,inf
92,93,inf,inf,inf,1039.3507588874893,inf
92,94,inf,inf,inf,804.8117792378539,inf
92,95,inf,inf,inf,1129.3440574067763,inf
92,96,inf,inf,inf,1194.2466244457214,inf
92,97,inf,inf,inf,586.046073274107,inf
92,98,inf,inf,inf,1106.0113019314042,inf
92,99,inf,inf,inf,547.2494860664558,inf
92,100,inf,inf,inf,876.281347513457,inf
92,101,inf,inf,inf,1187.6194676747261,inf
92,102,inf,inf,inf,1078.2045260524553,inf
92,103,inf,inf,inf,1263.230778599065,inf
92,104,inf,inf,inf,1193.9367654947225,inf
92,105,inf,inf,inf,1217.5549268924174,inf
92,106,inf,inf,inf,826.0387400116292,inf
92,107,inf,inf,inf,688.3908773364157,inf
92,108,inf,inf,inf,1090.0555031740357,inf
92,109,inf,inf,inf,888.8025652528237,inf
92,110,inf,inf,inf,632.113913784533,inf
92,111,inf,inf,inf,137.7679207943562,inf
92,112,inf,inf,inf,943.8352610492999,inf
92,113,inf,inf,inf,269.0167281044062,inf
92,114,inf,inf,inf,419.3757265269415,inf
92,115,inf,inf,inf,984.6974154530924,inf
92,116,inf,inf,inf,1188.8738368725253,inf
92,117,inf,inf,inf,1250.8768924238707,inf
92,118,inf,inf,inf,1032.4848667171834,inf
92,119,inf,inf,inf,1087.2874504931988,inf
92,120,inf,inf,inf,819.9634138179581,inf
92,121,inf,inf,inf,908.4415226089129,inf
92,122,inf,inf,inf,1376.633938271173,inf
92,123,inf,inf,inf,675.4257916307313,inf
92,124,inf,inf,inf,1114.7309092332553,inf
92,125,inf,inf,inf,833.6054222472404,inf
92,126,inf,inf,inf,691.3826726205973,inf
92,127,inf,inf,inf,655.9344479443049,inf
92,128,inf,inf,inf,1064.7835460787323,inf
92,129,inf,inf,inf,634.606177089382,inf
92,130,inf,inf,inf,1162.3962319278226,inf
92,131,inf,inf,inf,811.2336284942828,inf
92,132,inf,inf,inf,1005.851380672115,inf
92,133,inf,inf,inf,1130.610454577526,inf
92,134,inf,inf,inf,562.0827341237231,inf
92,135,inf,inf,inf,1334.541119636259,inf
92,136,inf,inf,inf,120.70211265756701,inf
92,137,inf,inf,inf,1161.7538465613102,inf
92,138,inf,inf,inf,710.8136183276176,inf
92,139,inf,inf,inf,760.2433820823434,inf
92,140,inf,inf,inf,857.4782796082942,inf
92,141,inf,inf,inf,455.3295509847785,inf
92,142,inf,inf,inf,676.6572248930769,inf
92,143,inf,inf,inf,257.68973592287296,inf
92,144,inf,inf,inf,572.2831467027489,inf
92,145,inf,inf,inf,969.1862566091205,inf
92,146,inf,inf,inf,1003.8032675778655,inf
92,147,inf,inf,inf,954.2646383472459,inf
92,148,inf,inf,inf,780.7329889277128,inf
92,149,inf,inf,inf,1162.708905960559,inf
92,150,inf,inf,inf,847.4390833564381,inf
92,151,inf,inf,inf,822.9167637130745,inf
92,152,inf,inf,inf,1190.84717743294,inf
92,153,inf,inf,inf,856.7718482770077,inf
92,154,inf,inf,inf,1274.4332073514092,inf
92,155,inf,inf,inf,938.7294604943429,inf
92,156,inf,inf,inf,961.1623171972567,inf
92,157,inf,inf,inf,307.7174028227848,inf
92,158,inf,inf,inf,1185.0274258429633,inf
92,159,inf,inf,inf,931.5175790075032,inf
92,160,inf,inf,inf,1026.7721266181704,inf
92,161,inf,inf,inf,1284.2854044175695,inf
92,162,inf,inf,inf,616.2020772441456,inf
92,163,inf,inf,inf,1129.297569288095,inf
92,164,inf,inf,inf,594.4560538845576,inf
92,165,inf,inf,inf,1159.6766790791303,inf
92,166,inf,inf,inf,266.3400082601185,inf
92,167,inf,inf,inf,538.4440546612062,inf
92,168,inf,inf,inf,982.1303375825431,inf
92,169,inf,inf,inf,300.93520897362606,inf
92,170,inf,inf,inf,1307.1652535161727,inf
92,171,inf,inf,inf,1268.2401192203313,inf
92,172,inf,inf,inf,1267.1140438018988,inf
92,173,inf,inf,inf,385.9391143690932,inf
92,174,inf,inf,inf,1185.6778651893608,inf
92,175,inf,inf,inf,1116.462717693699,inf
92,176,inf,inf,inf,818.565208153877,inf
92,177,inf,inf,inf,1305.136391340001,inf
92,178,inf,inf,inf,819.9731702927846,inf
92,179,inf,inf,inf,816.1225398186231,inf
92,180,inf,inf,inf,475.908604671107,inf
92,181,inf,inf,inf,197.77006851391846,inf
92,182,inf,inf,inf,945.3306299914332,inf
92,183,inf,inf,inf,843.0895563343197,inf
92,184,inf,inf,inf,477.0932822834545,inf
92,185,inf,inf,inf,283.21370023358685,inf
92,186,inf,inf,inf,570.2324087597968,inf
92,187,inf,inf,inf,1284.0097351655866,inf
92,188,inf,inf,inf,637.4903920844612,inf
92,189,inf,inf,inf,1094.1233934067948,inf
92,190,inf,inf,inf,1007.9012848488685,inf
92,191,inf,inf,inf,961.0587911257043,inf
92,192,inf,inf,inf,1100.6384510819164,inf
92,193,inf,inf,inf,1013.6518139874264,inf
92,194,inf,inf,inf,589.8347226130385,inf
92,195,inf,inf,inf,1061.809775807324,inf
92,196,inf,inf,inf,555.4259626628917,inf
92,197,inf,inf,inf,1068.7118414240576,inf
92,198,inf,inf,inf,607.2371859496089,inf
92,199,inf,inf,inf,112.80514172678478,inf
92,200,inf,inf,inf,943.7902309305813,inf
92,201,inf,inf,inf,1009.5112678915476,inf
92,202,inf,inf,inf,564.8867143065058,inf
93,94,inf,inf,inf,481.3855004048211,inf
93,95,inf,inf,inf,106.90182411914213,inf
93,96,inf,inf,inf,221.41589825484527,inf
93,97,inf,inf,inf,1148.6426772499792,inf
93,98,inf,inf,inf,203.1772625073977,inf
93,99,inf,inf,inf,508.93221552580064,inf
93,100,inf,inf,inf,635.9473248626807,inf
93,101,inf,inf,inf,171.8429515575195,inf
93,102,inf,inf,inf,61.84658438426491,inf
93,103,inf,inf,inf,226.63186007267382,inf
93,104,inf,inf,inf,432.83368630456664,inf
93,105,inf,inf,inf,834.2002157755654,inf
93,106,inf,inf,inf,370.25666773199373,inf
93,107,inf,inf,inf,472.49550262409906,inf
93,108,inf,inf,inf,465.33966089298684,inf
93,109,inf,inf,inf,588.4895920914829,inf
93,110,inf,inf,inf,905.9017606782758,inf
93,111,inf,inf,inf,1051.6320649352606,inf
93,112,inf,inf,inf,420.38672671719786,inf
93,113,inf,inf,inf,894.8295927158422,inf
93,114,inf,inf,inf,731.2632904775134,inf
93,115,inf,inf,inf,264.70549673174526,inf
93,116,inf,inf,inf,549.400582453277,inf
93,117,inf,inf,inf,218.66183937761065,inf
93,118,inf,inf,inf,65.0,inf
93,119,inf,inf,inf,949.1912346835068,inf
93,120,inf,inf,inf,267.22649569232465,inf
93,121,inf,inf,inf,425.2481628414166,inf
93,122,inf,inf,inf,525.1295078359242,inf
93,123,inf,inf,inf,1129.9778758896123,inf
93,124,inf,inf,inf,626.9968101992226,inf
93,125,inf,inf,inf,1082.168193951384,inf
93,126,inf,inf,inf,485.4894437575342,inf
93,127,inf,inf,inf,884.0022624405437,inf
93,128,inf,inf,inf,578.5101554856233,inf
93,129,inf,inf,inf,898.8464829991826,inf
93,130,inf,inf,inf,505.63326631067304,inf
93,131,inf,inf,inf,740.7091196954443,inf
93,132,inf,inf,inf,835.1029876608035,inf
93,133,inf,inf,inf,386.4324002979046,inf
93,134,inf,inf,inf,497.7519462543567,inf
93,135,inf,inf,inf,321.6364407215078,inf
93,136,inf,inf,inf,1143.3236637103248,inf
93,137,inf,inf,inf,714.9839159030083,inf
93,138,inf,inf,inf,851.4845858851469,inf
93,139,inf,inf,inf,388.329756778952,inf
93,140,inf,inf,inf,731.3200393808445,inf
93,141,inf,inf,inf,780.0801240898271,inf
93,142,inf,inf,inf,416.51530584121394,inf
93,143,inf,inf,inf,1070.716582481097,inf
93,144,inf,inf,inf,672.4418190445922,inf
93,145,inf,inf,inf,859.4137536716527,inf
93,146,inf,inf,inf,482.0383802146879,inf
93,147,inf,inf,inf,1027.940173356407,inf
93,148,inf,inf,inf,816.7214947581581,inf
93,149,inf,inf,inf,331.5448687583628,inf
93,150,inf,inf,inf,397.63425405767043,inf
93,151,inf,inf,inf,668.6718178598527,inf
93,152,inf,inf,inf,156.3873396410336,inf
93,153,inf,inf,inf,988.0425092069672,inf
93,154,inf,inf,inf,745.4193450669227,inf
93,155,inf,inf,inf,693.0028859968767,inf
93,156,inf,inf,inf,593.0539604454218,inf
93,157,inf,inf,inf,789.7974423863375,inf
93,158,inf,inf,inf,155.04837954651444,inf
93,159,inf,inf,inf,115.43396380615195,inf
93,160,inf,inf,inf,247.14570601165622,inf
93,161,inf,inf,inf,638.1606380841739,inf
93,162,inf,inf,inf,469.6221885728995,inf
93,163,inf,inf,inf,885.6483500803239,inf
93,164,inf,inf,inf,555.5609777513176,inf
93,165,inf,inf,inf,573.846669416143,inf
93,166,inf,inf,inf,1161.471910981923,inf
93,167,inf,inf,inf,613.6383299631796,inf
93,168,inf,inf,inf,502.8419234709851,inf
93,169,inf,inf,inf,1165.6208646039242,inf
93,170,inf,inf,inf,456.00548242318314,inf
93,171,inf,inf,inf,511.73528312986195,inf
93,172,inf,inf,inf,375.85635554025157,inf
93,173,inf,inf,inf,731.8394632704634,inf
93,174,inf,inf,inf,837.2825090732518,inf
93,175,inf,inf,inf,687.2037543552858,inf
93,176,inf,inf,inf,414.0881548656035,inf
93,177,inf,inf,inf,706.4141844555501,inf
93,178,inf,inf,inf,219.9681795169474,inf
93,179,inf,inf,inf,230.36058690670154,inf
93,180,inf,inf,inf,978.6465143247586,inf
93,181,inf,inf,inf,999.0760731796153,inf
93,182,inf,inf,inf,296.1418578992169,inf
93,183,inf,inf,inf,513.078941294612,inf
93,184,inf,inf,inf,621.4724450850576,inf
93,185,inf,inf,inf,772.9553674048716,inf
93,186,inf,inf,inf,1009.6855946283476,inf
93,187,inf,inf,inf,504.22316487840976,inf
93,188,inf,inf,inf,844.5140614578303,inf
93,189,inf,inf,inf,96.51942809610924,inf
93,190,inf,inf,inf,316.2040480449294,inf
93,191,inf,inf,inf,533.2954153187518,inf
93,192,inf,inf,inf,64.07027391856539,inf
93,193,inf,inf,inf,483.83881613611777,inf
93,194,inf,inf,inf,545.1651126035121,inf
93,195,inf,inf,inf,568.3396871590088,inf
93,196,inf,inf,inf,625.2423530120141,inf
93,197,inf,inf,inf,522.8049349422785,inf
93,198,inf,inf,inf,434.0702708087712,inf
93,199,inf,inf,inf,938.8423722862108,inf
93,200,inf,inf,inf,422.62276322980995,inf
93,201,inf,inf,inf,326.3326523656497,inf
93,202,inf,inf,inf,522.5294250087741,inf
94,95,inf,inf,inf,506.32005688102066,inf
94,96,inf,inf,inf,702.7552916912117,inf
94,97,inf,inf,inf,706.0424916391364,inf
94,98,inf,inf,inf,402.86598267910387,inf
94,99,inf,inf,inf,488.49155571002456,inf
94,100,inf,inf,inf,176.13914953808538,inf
94,101,inf,inf,inf,648.4705081960166,inf
94,102,inf,inf,inf,543.0994384088424,inf
94,103,inf,inf,inf,630.7535176279241,inf
94,104,inf,inf,inf,880.0255678103904,inf
94,105,inf,inf,inf,495.31606071275337,inf
94,106,inf,inf,inf,112.57886124845996,inf
94,107,inf,inf,inf,618.0809008536019,inf
94,108,inf,inf,inf,864.7780061958098,inf
94,109,inf,inf,inf,143.12232530251876,inf
94,110,inf,inf,inf,992.2348512323078,inf
94,111,inf,inf,inf,756.4191959489129,inf
94,112,inf,inf,inf,145.04137340772803,inf
94,113,inf,inf,inf,570.8274695562575,inf
94,114,inf,inf,inf,393.02162790360535,inf
94,115,inf,inf,inf,652.898920201282,inf
94,116,inf,inf,inf,384.39693026870026,inf
94,117,inf,inf,inf,608.3066660821662,inf
94,118,inf,inf,inf,525.9743339745771,inf
94,119,inf,inf,inf,511.97656196353364,inf
94,120,inf,inf,inf,503.0089462425097,inf
94,121,inf,inf,inf,110.34491379306978,inf
94,122,inf,inf,inf,586.907999604708,inf
94,123,inf,inf,inf,667.9715562806548,inf
94,124,inf,inf,inf,331.02416830195347,inf
94,125,inf,inf,inf,601.4149981501957,inf
94,126,inf,inf,inf,122.40914998479485,inf
94,127,inf,inf,inf,986.0020283954796,inf
94,128,inf,inf,inf,940.7284411561075,inf
94,129,inf,inf,inf,987.6887161449198,inf
94,130,inf,inf,inf,357.8337602854152,inf
94,131,inf,inf,inf,260.6338427756457,inf
94,132,inf,inf,inf,392.4601890638081,inf
94,133,inf,inf,inf,343.9447630070852,inf
94,134,inf,inf,inf,306.28254929068356,inf
94,135,inf,inf,inf,789.22873743928,inf
94,136,inf,inf,inf,873.5473656305078,inf
94,137,inf,inf,inf,400.79171648126663,inf
94,138,inf,inf,inf,375.48102482016316,inf
94,139,inf,inf,inf,131.89389675038038,inf
94,140,inf,inf,inf,258.11818998280614,inf
94,141,inf,inf,inf,783.051083901938,inf
94,142,inf,inf,inf,205.9927183179056,inf
94,143,inf,inf,inf,948.4313364709119,inf
94,144,inf,inf,inf,747.5841089803876,inf
94,145,inf,inf,inf,401.6017928246835,inf
94,146,inf,inf,inf,199.25109786397664,inf
94,147,inf,inf,inf,552.468098626518,inf
94,148,inf,inf,inf,992.6943134721786,inf
94,149,inf,inf,inf,399.1415788915006,inf
94,150,inf,inf,inf,86.05230967266364,inf
94,151,inf,inf,inf,191.19100397246729,inf
94,152,inf,inf,inf,618.4278454274192,inf
94,153,inf,inf,inf,506.98323443680067,inf
94,154,inf,inf,inf,497.0492933301485,inf
94,155,inf,inf,inf,971.1668239803088,inf
94,156,inf,inf,inf,195.3279293905508,inf
94,157,inf,inf,inf,498.26097579481376,inf
94,158,inf,inf,inf,554.259866849477,inf
94,159,inf,inf,inf,451.3236089548164,inf
94,160,inf,inf,inf,301.09965127844305,inf
94,161,inf,inf,inf,482.3743359674103,inf
94,162,inf,inf,inf,238.89118861942146,inf
94,163,inf,inf,inf,480.38005787084876,inf
94,164,inf,inf,inf,631.7372871692789,inf
94,165,inf,inf,inf,358.54148992829266,inf
94,166,inf,inf,inf,822.5259874314003,inf
94,167,inf,inf,inf,266.54080363051355,inf
94,168,inf,inf,inf,842.6731276123619,inf
94,169,inf,inf,inf,813.4494452638098,inf
94,170,inf,inf,inf,524.1039973135103,inf
94,171,inf,inf,inf,467.7018280913599,inf
94,172,inf,inf,inf,852.5021994106526,inf
94,173,inf,inf,inf,675.2458811425657,inf
94,174,inf,inf,inf,478.17360864020924,inf
94,175,inf,inf,inf,355.75975039343615,inf
94,176,inf,inf,inf,666.4420454923294,inf
94,177,inf,inf,inf,511.93847286563647,inf
94,178,inf,inf,inf,359.90276464623054,inf
94,179,inf,inf,inf,421.2006647668068,inf
94,180,inf,inf,inf,976.3016951741915,inf
94,181,inf,inf,inf,859.6307346762329,inf
94,182,inf,inf,inf,210.23796041628637,inf
94,183,inf,inf,inf,55.154328932550705,inf
94,184,inf,inf,inf,603.257822162299,inf
94,185,inf,inf,inf,527.6514000739503,inf
94,186,inf,inf,inf,563.3657781583827,inf
94,187,inf,inf,inf,486.00925917105735,inf
94,188,inf,inf,inf,944.0338976964757,inf
94,189,inf,inf,inf,464.15514647583086,inf
94,190,inf,inf,inf,246.44066222926767,inf
94,191,inf,inf,inf,168.04761230080004,inf
94,192,inf,inf,inf,510.9412882122563,inf
94,193,inf,inf,inf,209.093280618962,inf
94,194,inf,inf,inf,613.5380998764462,inf
94,195,inf,inf,inf,268.3616962235855,inf
94,196,inf,inf,inf,252.9584946191766,inf
94,197,inf,inf,inf,266.0845730214362,inf
94,198,inf,inf,inf,347.57589099360735,inf
94,199,inf,inf,inf,740.929821238152,inf
94,200,inf,inf,inf,144.42298985964803,inf
94,201,inf,inf,inf,717.1980200753485,inf
94,202,inf,inf,inf,549.3750995449284,inf
95,96,inf,inf,inf,235.6713813766958,inf
95,97,inf,inf,inf,1198.1085092761841,inf
95,98,inf,inf,inf,142.63590010933433,inf
95,99,inf,inf,inf,608.4011834308017,inf
95,100,inf,inf,inf,642.3122293713549,inf
95,101,inf,inf,inf,162.92943257741985,inf
95,102,inf,inf,inf,120.30378215168466,inf
95,103,inf,inf,inf,136.56500283747664,inf
95,104,inf,inf,inf,486.4000411184193,inf
95,105,inf,inf,inf,795.8856701813396,inf
95,106,inf,inf,inf,402.5046583581363,inf
95,107,inf,inf,inf,579.3513614379447,inf
95,108,inf,inf,inf,541.114590451967,inf
95,109,inf,inf,inf,592.8406193910805,inf
95,110,inf,inf,inf,1012.6806011768963,inf
95,111,inf,inf,inf,1133.6251585069908,inf
95,112,inf,inf,inf,416.4048510764494,inf
95,113,inf,inf,inf,969.9587620100145,inf
95,114,inf,inf,inf,800.1562347441904,inf
95,115,inf,inf,inf,356.2709642954362,inf
95,116,inf,inf,inf,494.53513525330027,inf
95,117,inf,inf,inf,121.65936051122412,inf
95,118,inf,inf,inf,158.00316452527144,inf
95,119,inf,inf,inf,935.9401690279138,inf
95,120,inf,inf,inf,373.9545426920229,inf
95,121,inf,inf,inf,429.93022689734204,inf
95,122,inf,inf,inf,431.7788785941248,inf
95,123,inf,inf,inf,1170.5221057288923,inf
95,124,inf,inf,inf,591.5851587049831,inf
95,125,inf,inf,inf,1104.957917750717,inf
95,126,inf,inf,inf,534.6550289672772,inf
95,127,inf,inf,inf,990.5957803261631,inf
95,128,inf,inf,inf,661.5512073906298,inf
95,129,inf,inf,inf,1005.6067819978144,inf
95,130,inf,inf,inf,452.7703612207849,inf
95,131,inf,inf,inf,757.3017892491738,inf
95,132,inf,inf,inf,826.949212467126,inf
95,133,inf,inf,inf,332.01505989939676,inf
95,134,inf,inf,inf,576.8994713119436,inf
95,135,inf,inf,inf,285.40847920130193,inf
95,136,inf,inf,inf,1229.914224651459,inf
95,137,inf,inf,inf,677.0243717917399,inf
95,138,inf,inf,inf,881.7766157026393,inf
95,139,inf,inf,inf,436.26138953613577,inf
95,140,inf,inf,inf,741.1916081554081,inf
95,141,inf,inf,inf,885.4857424035691,inf
95,142,inf,inf,inf,482.5733104928204,inf
95,143,inf,inf,inf,1171.5673262770688,inf
95,144,inf,inf,inf,779.144402533959,inf
95,145,inf,inf,inf,857.2444225540345,inf
95,146,inf,inf,inf,463.1554814530429,inf
95,147,inf,inf,inf,1034.9652168068258,inf
95,148,inf,inf,inf,920.9310506221408,inf
95,149,inf,inf,inf,262.37759050650646,inf
95,150,inf,inf,inf,420.267771783657,inf
95,151,inf,inf,inf,683.5510222360873,inf
95,152,inf,inf,inf,119.26860441876563,inf
95,153,inf,inf,inf,1004.5974318103745,inf
95,154,inf,inf,inf,691.695019499201,inf
95,155,inf,inf,inf,789.2635808144197,inf
95,156,inf,inf,inf,584.2781871677223,inf
95,157,inf,inf,inf,867.9262641492076,inf
95,158,inf,inf,inf,56.0357029044876,inf
95,159,inf,inf,inf,220.56518310921152,inf
95,160,inf,inf,inf,225.0,inf
95,161,inf,inf,inf,573.3628868352049,inf
95,162,inf,inf,inf,540.0009259251322,inf
95,163,inf,inf,inf,863.1483070712703,inf
95,164,inf,inf,inf,661.6010882699635,inf
95,165,inf,inf,inf,526.6194071623263,inf
95,166,inf,inf,inf,1237.3750441963828,inf
95,167,inf,inf,inf,676.3224083231311,inf
95,168,inf,inf,inf,593.4660900169445,inf
95,169,inf,inf,inf,1239.0722335683258,inf
95,170,inf,inf,inf,366.69469589837263,inf
95,171,inf,inf,inf,437.12355232817185,inf
95,172,inf,inf,inf,399.23927662493327,inf
95,173,inf,inf,inf,833.7199769706853,inf
95,174,inf,inf,inf,803.7972381141901,inf
95,175,inf,inf,inf,654.9694649371069,inf
95,176,inf,inf,inf,518.7186135083259,inf
95,177,inf,inf,inf,644.4012725002955,inf
95,178,inf,inf,inf,311.28443584606026,inf
95,179,inf,inf,inf,332.0993827154757,inf
95,180,inf,inf,inf,1084.797216073124,inf
95,181,inf,inf,inf,1098.0605629927704,inf
95,182,inf,inf,inf,300.9584688956269,inf
95,183,inf,inf,inf,528.0321959880855,inf
95,184,inf,inf,inf,724.016574395918,inf
95,185,inf,inf,inf,857.2000933271064,inf
95,186,inf,inf,inf,1056.8713261319942,inf
95,187,inf,inf,inf,425.5643312120977,inf
95,188,inf,inf,inf,951.2307816718296,inf
95,189,1.0,44.4853,44.485281374238575,42.42640687119285,1.048528137423857
95,190,inf,inf,inf,297.61888380947875,inf
95,191,inf,inf,inf,523.9312932055118,inf
95,192,inf,inf,inf,49.16299421312742,inf
95,193,inf,inf,inf,462.77424301704605,inf
95,194,inf,inf,inf,650.8340802385812,inf
95,195,inf,inf,inf,539.853683881105,inf
95,196,inf,inf,inf,683.8391623766513,inf
95,197,inf,inf,inf,490.9877798886648,inf
95,198,inf,inf,inf,522.1082263286032,inf
95,199,inf,inf,inf,1031.7233156229436,inf
95,200,inf,inf,inf,418.5713798147217,inf
95,201,inf,inf,inf,412.5542388583591,inf
95,202,inf,inf,inf,625.7994886543133,inf
96,97,inf,inf,inf,1359.6209030461396,inf
96,98,inf,inf,inf,378.2089369647417,inf
96,99,inf,inf,inf,647.4573345016643,inf
96,100,inf,inf,inf,856.0151867811692,inf
96,101,inf,inf,inf,76.40026177965623,inf
96,102,inf,inf,inf,159.65587994182988,inf
96,103,inf,inf,inf,222.9910312097776,inf
96,104,inf,inf,inf,265.51459470243816,inf
96,105,inf,inf,inf,1031.2346968561521,inf
96,106,inf,inf,inf,591.358605247273,inf
96,107,inf,inf,inf,548.3912836652312,inf
96,108,inf,inf,inf,352.1959681768092,inf
96,109,inf,inf,inf,808.0006188116442,inf
96,110,inf,inf,inf,943.9412057962085,inf
96,111,inf,inf,inf,1224.5101061240778,inf
96,112,inf,inf,inf,636.5689279253269,inf
96,113,inf,inf,inf,1081.2330923533557,inf
96,114,inf,inf,inf,928.028555595139,inf
96,115,inf,inf,inf,243.58981916328113,inf
96,116,inf,inf,inf,729.6382665403453,inf
96,117,inf,inf,inf,239.54957733212555,inf
96,118,inf,inf,inf,184.39088914585776,inf
96,119,inf,inf,inf,1163.3765512507118,inf
96,120,inf,inf,inf,374.9946666287402,inf
96,121,inf,inf,inf,644.1560369972481,inf
96,122,inf,inf,inf,636.5359377128678,inf
96,123,inf,inf,inf,1346.0033432350754,inf
96,124,inf,inf,inf,826.2263612352247,inf
96,125,inf,inf,inf,1303.2210096526221,inf
96,126,inf,inf,inf,701.0256771331561,inf
96,127,inf,inf,inf,916.347641454923,inf
96,128,inf,inf,inf,481.7021901548715,inf
96,129,inf,inf,inf,936.2958934012261,inf
96,130,inf,inf,inf,688.2223477917584,inf
96,131,inf,inf,inf,962.0940702446928,inf
96,132,inf,inf,inf,1051.30870822989,inf
96,133,inf,inf,inf,567.5958068907838,inf
96,134,inf,inf,inf,686.2200813150254,inf
96,135,inf,inf,inf,146.57762448614045,inf
96,136,inf,inf,inf,1305.4118124178285,inf
96,137,inf,inf,inf,912.2176275429016,inf
96,138,inf,inf,inf,1071.558211204599,inf
96,139,inf,inf,inf,605.647587298092,inf
96,140,inf,inf,inf,952.1354945594666,inf
96,141,inf,inf,inf,868.2453570276089,inf
96,142,inf,inf,inf,622.4034061603455,inf
96,143,inf,inf,inf,1185.4083684536733,inf
96,144,inf,inf,inf,742.6230537762749,inf
96,145,inf,inf,inf,1077.7722393901226,inf
96,146,inf,inf,inf,691.8511400583221,inf
96,147,inf,inf,inf,1248.6184365129325,inf
96,148,inf,inf,inf,816.9094197033108,inf
96,149,inf,inf,inf,495.7428769029365,inf
96,150,inf,inf,inf,619.0201935316811,inf
96,151,inf,inf,inf,889.933143556301,inf
96,152,inf,inf,inf,127.88275880665071,inf
96,153,inf,inf,inf,1209.4581431368347,inf
96,154,inf,inf,inf,926.5424976761724,inf
96,155,inf,inf,inf,644.8875871033648,inf
96,156,inf,inf,inf,808.3266666391751,inf
96,157,inf,inf,inf,973.055496875692,inf
96,158,inf,inf,inf,225.84286572747877,inf
96,159,inf,inf,inf,283.1960451701259,inf
96,160,inf,inf,inf,452.1968597856469,inf
96,161,inf,inf,inf,805.1844509179248,inf
96,162,inf,inf,inf,669.9268616796911,inf
96,163,inf,inf,inf,1094.6579374398195,inf
96,164,inf,inf,inf,645.5919764061508,inf
96,165,inf,inf,inf,762.2893151553418,inf
96,166,inf,inf,inf,1344.0037202329463,inf
96,167,inf,inf,inf,818.4259282305271,inf
96,168,inf,inf,inf,439.682840238279,inf
96,169,inf,inf,inf,1351.8820214796851,inf
96,170,inf,inf,inf,580.8993028055723,inf
96,171,inf,inf,inf,664.7706371373513,inf
96,172,inf,inf,inf,163.6001222493431,inf
96,173,inf,inf,inf,848.8910413003543,inf
96,174,inf,inf,inf,1038.405026952393,inf
96,175,inf,inf,inf,889.0680513886437,inf
96,176,inf,inf,inf,444.0382866375376,inf
96,177,inf,inf,inf,877.0051311138379,inf
96,178,inf,inf,inf,406.15883592506026,inf
96,179,inf,inf,inf,386.3534651067595,inf
96,180,inf,inf,inf,1051.2335611080916,inf
96,181,inf,inf,inf,1124.0685032505803,inf
96,182,inf,inf,inf,513.9309292113095,inf
96,183,inf,inf,inf,734.1559779774323,inf
96,184,inf,inf,inf,738.8646696114248,inf
96,185,inf,inf,inf,945.5501044365656,inf
96,186,inf,inf,inf,1222.6242268170545,inf
96,187,inf,inf,inf,650.2568723204699,inf
96,188,inf,inf,inf,881.8939845582347,inf
96,189,inf,inf,inf,266.7002062241422,inf
96,190,inf,inf,inf,524.581738149547,inf
96,191,inf,inf,inf,748.0541424255333,inf
96,192,inf,inf,inf,205.35335400231475,inf
96,193,inf,inf,inf,692.4254472504604,inf
96,194,inf,inf,inf,640.8275899179123,inf
96,195,inf,inf,inf,772.6066269454334,inf
96,196,inf,inf,inf,833.2448619703574,inf
96,197,inf,inf,inf,724.5094892408242,inf
96,198,inf,inf,inf,609.7343683933193,inf
96,199,inf,inf,inf,1087.133846405308,inf
96,200,inf,inf,inf,638.7965247244227,inf
96,201,inf,inf,inf,267.52943763257156,inf
96,202,inf,inf,inf,640.4404734243457,inf
97,98,inf,inf,inf,1107.7892398827496,inf
97,99,inf,inf,inf,835.7032966310471,inf
97,100,inf,inf,inf,646.2329301420657,inf
97,101,inf,inf,inf,1320.3825203326496,inf
97,102,inf,inf,inf,1206.2690413004887,inf
97,103,inf,inf,inf,1329.3404379616231,inf
97,104,inf,inf,inf,1467.857281890852,inf
97,105,inf,inf,inf,880.7144826786943,inf
97,106,inf,inf,inf,797.7881924420792,inf
97,107,inf,inf,inf,1023.9257785601454,inf
97,108,inf,inf,inf,1404.4846029771918,inf
97,109,inf,inf,inf,687.7470465221934,inf
97,110,inf,inf,inf,1161.7925804548763,inf
97,111,inf,inf,inf,449.34841715532946,inf
97,112,inf,inf,inf,837.7857721398711,inf
97,113,inf,inf,inf,393.28869803237416,inf
97,114,inf,inf,inf,457.7357316181467,inf
97,115,inf,inf,inf,1228.6012371799077,inf
97,116,inf,inf,inf,1004.8368026699659,inf
97,117,inf,inf,inf,1308.3504882102502,inf
97,118,inf,inf,inf,1175.2620984274104,inf
97,119,inf,inf,inf,668.137710356181,inf
97,120,inf,inf,inf,1045.1459228260903,inf
97,121,inf,inf,inf,808.3266666391751,inf
97,122,inf,inf,inf,1254.9856572885603,inf
97,123,inf,inf,inf,109.37092849564732,inf
97,124,inf,inf,inf,878.7860945645419,inf
97,125,inf,inf,inf,311.0819827633867,inf
97,126,inf,inf,inf,664.5600048152161,inf
97,127,inf,inf,inf,1177.2000679578641,inf
97,128,inf,inf,inf,1429.4481452644584,inf
97,129,inf,inf,inf,1162.015920717096,inf
97,130,inf,inf,inf,999.574409436336,inf
97,131,inf,inf,inf,522.220260043595,inf
97,132,inf,inf,inf,642.4025217883254,inf
97,133,inf,inf,inf,1031.8032758234488,inf
97,134,inf,inf,inf,695.0460416404081,inf
97,135,inf,inf,inf,1469.7108559169044,inf
97,136,inf,inf,inf,541.4914588430736,inf
97,137,inf,inf,inf,881.277481840992,inf
97,138,inf,inf,inf,363.8158875035558,inf
97,139,inf,inf,inf,762.954782408499,inf
97,140,inf,inf,inf,566.0538843608442,inf
97,141,inf,inf,inf,942.5502639116919,inf
97,142,inf,inf,inf,737.499152541886,inf
97,143,inf,inf,inf,843.0717644423872,inf
97,144,inf,inf,inf,1011.3683799684466,inf
97,145,inf,inf,inf,589.3759411445296,inf
97,146,inf,inf,inf,851.6272658857278,inf
97,147,inf,inf,inf,475.2988533543922,inf
97,148,inf,inf,inf,1269.4510624675534,inf
97,149,inf,inf,inf,1098.5672487381007,inf
97,150,inf,inf,inf,788.3837897876896,inf
97,151,inf,inf,inf,582.7606712879654,inf
97,152,inf,inf,inf,1300.2357478549804,inf
97,153,inf,inf,inf,392.7034504559388,inf
97,154,inf,inf,inf,996.6995535265379,inf
97,155,inf,inf,inf,1366.3077984114707,inf
97,156,inf,inf,inf,745.9926273094125,inf
97,157,inf,inf,inf,478.70659072128933,inf
97,158,inf,inf,inf,1250.1023958060396,inf
97,159,inf,inf,inf,1078.5606148937575,inf
97,160,inf,inf,inf,1006.5570028567681,inf
97,161,inf,inf,inf,1068.1933345607433,inf
97,162,inf,inf,inf,694.006484119565,inf
97,163,inf,inf,inf,750.3792374526363,inf
97,164,inf,inf,inf,964.2178177154786,inf
97,165,inf,inf,inf,958.1022909898504,inf
97,166,inf,inf,inf,365.301245549478,inf
97,167,inf,inf,inf,544.0036764581652,inf
97,168,inf,inf,inf,1330.7929966752906,inf
97,169,inf,inf,inf,328.4448203275552,inf
97,170,inf,inf,inf,1204.2645058291803,inf
97,171,inf,inf,inf,1120.77517816911,inf
97,172,inf,inf,inf,1486.065947392645,inf
97,173,inf,inf,inf,827.8774063833364,inf
97,174,inf,inf,inf,841.6329366178584,inf
97,175,inf,inf,inf,846.473271875728,inf
97,176,inf,inf,inf,1137.4150517730984,inf
97,177,inf,inf,inf,1055.712555575617,inf
97,178,inf,inf,inf,957.5019582225407,inf
97,179,inf,inf,inf,993.2663288363298,inf
97,180,inf,inf,inf,1035.9136064363668,inf
97,181,inf,inf,inf,772.9146136540569,inf
97,182,inf,inf,inf,914.5621903402742,inf
97,183,inf,inf,inf,705.7832528475013,inf
97,184,inf,inf,inf,855.747626347862,inf
97,185,inf,inf,inf,547.5326474284433,inf
97,186,inf,inf,inf,142.67795905464865,inf
97,187,inf,inf,inf,1144.9423566276164,inf
97,188,inf,inf,inf,1147.6027187141028,inf
97,189,inf,inf,inf,1155.806212130736,inf
97,190,inf,inf,inf,951.527718986683,inf
97,191,inf,inf,inf,782.743891704049,inf
97,192,inf,inf,inf,1192.4583850181104,inf
97,193,inf,inf,inf,859.6045602484901,inf
97,194,inf,inf,inf,950.1478832266059,inf
97,195,inf,inf,inf,857.0472565734051,inf
97,196,inf,inf,inf,526.7447199545526,inf
97,197,inf,inf,inf,890.2948949645842,inf
97,198,inf,inf,inf,783.9547180800687,inf
97,199,inf,inf,inf,634.6534487419099,inf
97,200,inf,inf,inf,836.3791006475473,inf
97,201,inf,inf,inf,1278.9077370944317,inf
97,202,inf,inf,inf,891.455551331641,inf
98,99,inf,inf,inf,621.4989943676499,inf
98,100,inf,inf,inf,518.3859565999063,inf
98,101,inf,inf,inf,305.366992322353,inf
98,102,inf,inf,inf,246.4467488119898,inf
98,103,inf,inf,inf,235.54405108174564,inf
98,104,inf,inf,inf,623.8974274670477,inf
98,105,inf,inf,inf,653.2633465915565,inf
98,106,inf,inf,inf,313.9824835878588,inf
98,107,inf,inf,inf,635.094481160087,inf
98,108,inf,inf,inf,667.3080248281149,inf
98,109,inf,inf,inf,468.3855249684815,inf
98,110,inf,inf,inf,1071.5843410576697,inf
98,111,inf,inf,inf,1093.13173954469,inf
98,112,inf,inf,inf,291.04295215655026,inf
98,113,inf,inf,inf,919.0783426890223,inf
98,114,inf,inf,inf,742.2432215924912,inf
98,115,inf,inf,inf,467.40346596917743,inf
98,116,inf,inf,inf,353.62409420173844,inf
98,117,inf,inf,inf,211.11608181282637,inf
98,118,inf,inf,inf,267.89923478800756,inf
98,119,inf,inf,inf,798.489198424124,inf
98,120,inf,inf,inf,434.1946568072896,inf
98,121,inf,inf,inf,311.0064308016797,inf
98,122,inf,inf,inf,334.0239512370333,inf
98,123,inf,inf,inf,1070.4433660871555,inf
98,124,inf,inf,inf,449.3283877076987,inf
98,125,inf,inf,inf,988.6925710249875,inf
98,126,inf,inf,inf,457.961788799022,inf
98,127,inf,inf,inf,1052.9734089709957,inf
98,128,inf,inf,inf,781.6834397631819,inf
98,129,inf,inf,inf,1064.978873029883,inf
98,130,inf,inf,inf,311.17840542042757,inf
98,131,inf,inf,inf,639.4505453903374,inf
98,132,inf,inf,inf,692.2253968181174,inf
98,133,inf,inf,inf,190.24457942343588,inf
98,134,inf,inf,inf,543.9485269765881,inf
98,135,inf,inf,inf,416.65453315666684,inf
98,136,inf,inf,inf,1197.8522446445554,inf
98,137,inf,inf,inf,534.4539269198048,inf
98,138,inf,inf,inf,774.3545699484184,inf
98,139,inf,inf,inf,364.4406673246003,inf
98,140,inf,inf,inf,618.3235399044743,inf
98,141,inf,inf,inf,919.0538613160819,inf
98,142,inf,inf,inf,433.0819783828461,inf
98,143,inf,inf,inf,1179.4341863792147,inf
98,144,inf,inf,inf,827.4206910635,inf
98,145,inf,inf,inf,725.441245036426,inf
98,146,inf,inf,inf,326.9740050829729,inf
98,147,inf,inf,inf,907.5692811019994,inf
98,148,inf,inf,inf,1000.4803846153106,inf
98,149,inf,inf,inf,128.37834708392222,inf
98,150,inf,inf,inf,319.4056981332675,inf
98,151,inf,inf,inf,565.5095047830762,inf
98,152,inf,inf,inf,259.53805116013336,inf
98,153,inf,inf,inf,884.0955830678038,inf
98,154,inf,inf,inf,550.9128787748567,inf
98,155,inf,inf,inf,891.3686106207689,inf
98,156,inf,inf,inf,451.4620692815732,inf
98,157,inf,inf,inf,824.1656386916407,inf
98,158,inf,inf,inf,169.83815825661793,inf
98,159,inf,inf,inf,283.9330907097656,inf
98,160,inf,inf,inf,101.9803902718557,inf
98,161,inf,inf,inf,437.154434954056,inf
98,162,inf,inf,inf,493.8056297775472,inf
98,163,inf,inf,inf,722.8346975623126,inf
98,164,inf,inf,inf,704.0490039762857,inf
98,165,inf,inf,inf,384.24080990961903,inf
98,166,inf,inf,inf,1184.5826269197096,inf
98,167,inf,inf,inf,612.3895818839508,inf
98,168,inf,inf,inf,705.0283682235772,inf
98,169,inf,inf,inf,1182.0833303959582,inf
98,170,inf,inf,inf,261.23169792351007,inf
98,171,inf,inf,inf,308.5741401997257,inf
98,172,inf,inf,inf,541.8053155885424,inf
98,173,inf,inf,inf,849.9564694735843,inf
98,174,inf,inf,inf,661.4839378246459,inf
98,175,inf,inf,inf,513.0341119262929,inf
98,176,inf,inf,inf,600.4331769647644,inf
98,177,inf,inf,inf,506.80568268321537,inf
98,178,inf,inf,inf,324.82148943689054,inf
98,179,inf,inf,inf,369.0758729583932,inf
98,180,inf,inf,inf,1122.4767258166203,inf
98,181,inf,inf,inf,1099.9945454410217,inf
98,182,inf,inf,inf,193.22784478433744,inf
98,183,inf,inf,inf,414.03019213579097,inf
98,184,inf,inf,inf,745.2013150820387,inf
98,185,inf,inf,inf,825.414441356583,inf
98,186,inf,inf,inf,965.227434338664,inf
98,187,inf,inf,inf,301.6819517306264,inf
98,188,inf,inf,inf,1011.903651540007,inf
98,189,inf,inf,inf,115.74541027617467,inf
98,190,inf,inf,inf,168.1071087134628,inf
98,191,inf,inf,inf,391.7716171444787,inf
98,192,inf,inf,inf,178.39282496782207,inf
98,193,inf,inf,inf,325.56566157996457,inf
98,194,inf,inf,inf,690.5143010828957,inf
98,195,inf,inf,inf,399.15535822534065,inf
98,196,inf,inf,inf,613.8020853662848,inf
98,197,inf,inf,inf,349.7313254485506,inf
98,198,inf,inf,inf,509.5743321636207,inf
98,199,inf,inf,inf,1016.6936608438158,inf
98,200,inf,inf,inf,293.0614270080592,inf
98,201,inf,inf,inf,529.5073181741684,inf
98,202,inf,inf,inf,652.6944154809355,inf
99,100,inf,inf,inf,647.1050919286604,inf
99,101,inf,inf,inf,644.8457179822162,inf
99,102,inf,inf,inf,539.8120043126125,inf
99,103,inf,inf,inf,735.5501342532676,inf
99,104,inf,inf,inf,665.1112688866427,inf
99,105,inf,inf,inf,983.7936775564275,inf
99,106,inf,inf,inf,434.25568505202097,inf
99,107,inf,inf,inf,188.4887264533346,inf
99,108,inf,inf,inf,580.1043009666452,inf
99,109,inf,inf,inf,627.1108354987977,inf
99,110,inf,inf,inf,504.47794798187164,inf
99,111,inf,inf,inf,589.733838269435,inf
99,112,inf,inf,inf,575.4624227523461,inf
99,113,inf,inf,inf,478.0669409193654,inf
99,114,inf,inf,inf,381.24270484823705,inf
99,115,inf,inf,inf,441.8110455839691,inf
99,116,inf,inf,inf,824.0151697632757,inf
99,117,inf,inf,inf,726.8871989518044,inf
99,118,inf,inf,inf,492.21235254715015,inf
99,119,inf,inf,inf,968.6650607924289,inf
99,120,inf,inf,inf,272.75263518433695,inf
99,121,inf,inf,inf,547.2988214860325,inf
99,122,inf,inf,inf,938.04317597859,inf
99,123,inf,inf,inf,863.4778514820168,inf
99,124,inf,inf,inf,810.4918259920947,inf
99,125,inf,inf,inf,909.7626063979548,inf
99,126,inf,inf,inf,377.11536696347974,inf
99,127,inf,inf,inf,497.5218588162735,inf
99,128,inf,inf,inf,593.9781140749211,inf
99,129,inf,inf,inf,499.71291758368625,inf
99,130,inf,inf,inf,785.4304552282143,inf
99,131,inf,inf,inf,669.5864395281613,inf
99,132,inf,inf,inf,853.4922378088743,inf
99,133,inf,inf,inf,710.0492940634474,inf
99,134,inf,inf,inf,197.77006851391846,inf
99,135,inf,inf,inf,789.1780534201391,inf
99,136,inf,inf,inf,660.5126796663332,inf
99,137,inf,inf,inf,886.70739254841,inf
99,138,inf,inf,inf,683.2466611700346,inf
99,139,inf,inf,inf,371.9408555133464,inf
99,140,inf,inf,inf,694.510619069284,inf
99,141,inf,inf,inf,308.27422856930485,inf
99,142,inf,inf,inf,283.28254446753334,inf
99,143,inf,inf,inf,563.3915157330646,inf
99,144,inf,inf,inf,259.4802497301095,inf
99,145,inf,inf,inf,845.4040454126063,inf
99,146,inf,inf,inf,656.3269002562671,inf
99,147,inf,inf,inf,939.938827796788,inf
99,148,inf,inf,inf,514.511418726543,inf
99,149,inf,inf,inf,712.2148552227761,inf
99,150,inf,inf,inf,474.08543533839975,inf
99,151,inf,inf,inf,629.4839156007085,inf
99,152,inf,inf,inf,653.076565189718,inf
99,153,inf,inf,inf,860.6276779188547,inf
99,154,inf,inf,inf,974.1221689295445,inf
99,155,inf,inf,inf,545.5758425736975,inf
99,156,inf,inf,inf,683.801871889804,inf
99,157,inf,inf,inf,370.912388577141,inf
99,158,inf,inf,inf,661.8670561374089,inf
99,159,inf,inf,inf,395.37956446938426,inf
99,160,inf,inf,inf,569.1230095506594,inf
99,161,inf,inf,inf,929.0021528500351,inf
99,162,inf,inf,inf,255.85347369148616,inf
99,163,inf,inf,inf,957.7249083113585,inf
99,164,inf,inf,inf,152.11837495845134,inf
99,165,inf,inf,inf,815.2987182622085,inf
99,166,inf,inf,inf,720.91955168382,inf
99,167,inf,inf,inf,347.1310991541956,inf
99,168,inf,inf,inf,496.1794030388605,inf
99,169,inf,inf,inf,735.7744219528156,inf
99,170,inf,inf,inf,863.7250719991865,inf
99,171,inf,inf,inf,861.413373474083,inf
99,172,inf,inf,inf,723.6629049495352,inf
99,173,inf,inf,inf,228.55415113272392,inf
99,174,inf,inf,inf,965.8126112243514,inf
99,175,inf,inf,inf,842.5942083826591,inf
99,176,inf,inf,inf,305.38009103410786,inf
99,177,inf,inf,inf,974.6101784816327,inf
99,178,inf,inf,inf,300.81555810828667,inf
99,179,inf,inf,inf,278.82969712711736,inf
99,180,inf,inf,inf,511.238691806479,inf
99,181,inf,inf,inf,490.15609758524886,inf
99,182,inf,inf,inf,514.2528560931869,inf
99,183,inf,inf,inf,543.3985645914056,inf
99,184,inf,inf,inf,126.30122723077555,inf
99,185,inf,inf,inf,321.22266420662163,inf
99,186,inf,inf,inf,725.0027586154414,inf
99,187,inf,inf,inf,868.75830931278,inf
99,188,inf,inf,inf,455.543631280254,inf
99,189,inf,inf,inf,579.1165685766554,inf
99,190,inf,inf,inf,580.8175272837417,inf
99,191,inf,inf,inf,650.3783514232312,inf
99,192,inf,inf,inf,572.5984631484789,inf
99,193,inf,inf,inf,664.8969845021106,inf
99,194,inf,inf,inf,134.06341782902598,inf
99,195,inf,inf,inf,743.6356634804439,inf
99,196,inf,inf,inf,377.91533443352097,inf
99,197,inf,inf,inf,725.8271144012189,inf
99,198,inf,inf,inf,142.21462653327893,inf
99,199,inf,inf,inf,439.7010347952345,inf
99,200,inf,inf,inf,576.6055844335883,inf
99,201,inf,inf,inf,474.8526087113769,inf
99,202,inf,inf,inf,65.94694837519019,inf
100,101,inf,inf,inf,795.5331545573698,inf
100,102,inf,inf,inf,697.5987385309695,inf
100,103,inf,inf,inf,753.8600665906107,inf
100,104,inf,inf,inf,1048.5895288433887,inf
100,105,inf,inf,inf,352.51241112902676,inf
100,106,inf,inf,inf,282.0655952079232,inf
100,107,inf,inf,inf,789.1241980829127,inf
100,108,inf,inf,inf,1038.7993068923372,inf
100,109,inf,inf,inf,50.00999900019995,inf
100,110,inf,inf,inf,1145.1414759757852,inf
100,111,inf,inf,inf,802.5814600400386,inf
100,112,inf,inf,inf,227.49505489130968,inf
100,113,inf,inf,inf,617.7871801842443,inf
100,114,inf,inf,inf,458.33284848459203,inf
100,115,inf,inf,inf,825.6791144264217,inf
100,116,inf,inf,inf,360.21382538708866,inf
100,117,inf,inf,inf,729.49982864974,inf
100,118,inf,inf,inf,686.5464296025433,inf
100,119,inf,inf,inf,335.8764653857129,inf
100,120,inf,inf,inf,679.073633709924,inf
100,121,inf,inf,inf,212.81212371479216,inf
100,122,inf,inf,inf,609.1633606841435,inf
100,123,inf,inf,inf,584.1515214394293,inf
100,124,inf,inf,inf,248.04031930313266,inf
100,125,inf,inf,inf,473.44376646017844,inf
100,126,inf,inf,inf,270.135151359463,inf
100,127,inf,inf,inf,1141.6326028981478,inf
100,128,inf,inf,inf,1116.6579601650633,inf
100,129,inf,inf,inf,1141.1292652456164,inf
100,130,inf,inf,inf,353.34402499547093,inf
100,131,inf,inf,inf,128.75169901791588,inf
100,132,inf,inf,inf,216.3792966066763,inf
100,133,inf,inf,inf,397.1208883954608,inf
100,134,inf,inf,inf,453.6650746971823,inf
100,135,inf,inf,inf,927.6254632123894,inf
100,136,inf,inf,inf,925.0178376658474,inf
100,137,inf,inf,inf,285.49080545614777,inf
100,138,inf,inf,inf,283.91724146307143,inf
100,139,inf,inf,inf,307.631272792608,inf
100,140,inf,inf,inf,100.0,inf
100,141,inf,inf,inf,927.5861146006877,inf
100,142,inf,inf,inf,372.2848371878715,inf
100,143,inf,inf,inf,1053.3342299574242,inf
100,144,inf,inf,inf,906.1484425854298,inf
100,145,inf,inf,inf,227.58954281776656,inf
100,146,inf,inf,inf,211.8962010041709,inf
100,147,inf,inf,inf,393.2047812527208,inf
100,148,inf,inf,inf,1158.3613425870185,inf
100,149,inf,inf,inf,472.84775562542325,inf
100,150,inf,inf,inf,244.37675830569486,inf
100,151,inf,inf,inf,64.38167441127949,inf
100,152,inf,inf,inf,759.7710181363856,inf
100,153,inf,inf,inf,366.06693377031473,inf
100,154,inf,inf,inf,399.50093867223893,inf
100,155,inf,inf,inf,1145.5976606121365,inf
100,156,inf,inf,inf,100.56838469419701,inf
100,157,inf,inf,inf,572.1651859384665,inf
100,158,inf,inf,inf,683.6965701244961,inf
100,159,inf,inf,inf,620.0725763973118,inf
100,160,inf,inf,inf,419.90951406225605,inf
100,161,inf,inf,inf,434.1658669218482,inf
100,162,inf,inf,inf,391.31572930307823,inf
100,163,inf,inf,inf,310.82149217838844,inf
100,164,inf,inf,inf,795.2012323934113,inf
100,165,inf,inf,inf,316.0838496348714,inf
100,166,inf,inf,inf,839.7380543955359,inf
100,167,inf,inf,inf,359.0891254271006,inf
100,168,inf,inf,inf,1018.7644477503129,inf
100,169,inf,inf,inf,822.9246624084127,inf
100,170,inf,inf,inf,561.3644092744036,inf
100,171,inf,inf,inf,474.54609891979936,inf
100,172,inf,inf,inf,1011.3896380722911,inf
100,173,inf,inf,inf,812.7644185125232,inf
100,174,inf,inf,inf,327.3912033027155,inf
100,175,inf,inf,inf,240.41630560342617,inf
100,176,inf,inf,inf,842.085506347188,inf
100,177,inf,inf,inf,438.63424398922615,inf
100,178,inf,inf,inf,534.9214895664596,inf
100,179,inf,inf,inf,596.9128914674234,inf
100,180,inf,inf,inf,1112.2274947149976,inf
100,181,inf,inf,inf,963.2984999469271,inf
100,182,inf,inf,inf,343.21567563268434,inf
100,183,inf,inf,inf,127.8632081562167,inf
100,184,inf,inf,inf,753.5947186651456,inf
100,185,inf,inf,inf,619.1873706722384,inf
100,186,inf,inf,inf,508.869334898459,inf
100,187,inf,inf,inf,498.8386512691253,inf
100,188,inf,inf,inf,1100.2840542332694,inf
100,189,inf,inf,inf,601.9509946831221,inf
100,190,inf,inf,inf,350.2798880895105,inf
100,191,inf,inf,inf,140.11780757633915,inf
100,192,inf,inf,inf,655.8566916636591,inf
100,193,inf,inf,inf,218.55205329623422,inf
100,194,inf,inf,inf,776.8564861028065,inf
100,195,inf,inf,inf,212.93426215618754,inf
100,196,inf,inf,inf,333.15011631395237,inf
100,197,inf,inf,inf,244.07375934335914,inf
100,198,inf,inf,inf,510.5389309347525,inf
100,199,inf,inf,inf,831.4048352036449,inf
100,200,inf,inf,inf,225.43513479491168,inf
100,201,inf,inf,inf,890.6368507983486,inf
100,202,inf,inf,inf,710.6630706600703,inf
101,102,inf,inf,inf,115.52056094046635,inf
101,103,inf,inf,inf,153.3101431738944,inf
101,104,inf,inf,inf,340.3307215048327,inf
101,105,inf,inf,inf,958.573940809993,inf
101,106,inf,inf,inf,538.9508326368928,inf
101,107,inf,inf,inf,566.83154464091,inf
101,108,inf,inf,inf,418.7708203779246,inf
101,109,inf,inf,inf,746.7918049898512,inf
101,110,inf,inf,inf,978.5908235825635,inf
101,111,inf,inf,inf,1209.3849676591817,inf
101,112,inf,inf,inf,572.7521278877975,inf
101,113,inf,inf,inf,1058.6491392335802,inf
101,114,inf,inf,inf,899.0239151435294,inf
101,115,inf,inf,inf,279.9017684831591,inf
101,116,inf,inf,inf,654.926713457315,inf
101,117,inf,inf,inf,166.90416411821485,inf
101,118,inf,inf,inf,156.11854470241516,inf
101,119,inf,inf,inf,1096.6977705822146,inf
101,120,inf,inf,inf,377.59766948433355,inf
101,121,inf,inf,inf,582.815579750576,inf
101,122,inf,inf,inf,561.2530623524472,inf
101,123,inf,inf,inf,1301.5744312178233,inf
101,124,inf,inf,inf,754.5097746219064,inf
101,125,inf,inf,inf,1249.8839946171004,inf
101,126,inf,inf,inf,657.3051041943916,inf
101,127,inf,inf,inf,952.5387131240388,inf
101,128,inf,inf,inf,546.761373910045,inf
101,129,inf,inf,inf,971.0782666706119,inf
101,130,inf,inf,inf,613.919375814121,inf
101,131,inf,inf,inf,905.5230532681098,inf
101,132,inf,inf,inf,986.1992699246942,inf
101,133,inf,inf,inf,493.62333818408547,inf
101,134,inf,inf,inf,661.3115755829472,inf
101,135,inf,inf,inf,151.7893276880822,inf
101,136,inf,inf,inf,1295.7086863952097,inf
101,137,inf,inf,inf,839.8190281245121,inf
101,138,inf,inf,inf,1021.1287871762307,inf
101,139,inf,inf,inf,559.9732136450814,inf
101,140,inf,inf,inf,893.0134377488392,inf
101,141,inf,inf,inf,886.2014443680398,inf
101,142,inf,inf,inf,586.6898669655034,inf
101,143,inf,inf,inf,1195.3125114379084,inf
101,144,inf,inf,inf,765.592580946289,inf
101,145,inf,inf,inf,1014.5629600966122,inf
101,146,inf,inf,inf,624.1354019762058,inf
101,147,inf,inf,inf,1188.7241059219755,inf
101,148,inf,inf,inf,861.6263691415206,inf
101,149,inf,inf,inf,420.42359591250346,inf
101,150,inf,inf,inf,563.3657781583827,inf
101,151,inf,inf,inf,832.5478965200741,inf
101,152,inf,inf,inf,51.62363799656123,inf
101,153,inf,inf,inf,1153.2918104278726,inf
101,154,inf,inf,inf,851.5515251586365,inf
101,155,inf,inf,inf,700.646130368248,inf
101,156,inf,inf,inf,743.1211206795296,inf
101,157,inf,inf,inf,951.9716382329885,inf
101,158,inf,inf,inf,149.4590244849738,inf
101,159,inf,inf,inf,258.9382165691268,inf
101,160,inf,inf,inf,384.6153923076922,inf
101,161,inf,inf,inf,729.2413866477958,inf
101,162,inf,inf,inf,638.0634764660958,inf
101,163,inf,inf,inf,1025.4857385649007,inf
101,164,inf,inf,inf,660.7889224253082,inf
101,165,inf,inf,inf,688.6000290444374,inf
101,166,inf,inf,inf,1323.9716764342054,inf
101,167,inf,inf,inf,783.8788171650003,inf
101,168,inf,inf,inf,496.32650543770075,inf
101,169,inf,inf,inf,1329.7646408293463,inf
101,170,inf,inf,inf,504.7742069480175,inf
101,171,inf,inf,inf,588.4598541956792,inf
101,172,inf,inf,inf,237.92856070678022,inf
101,173,inf,inf,inf,856.3089395773,inf
101,174,inf,inf,inf,966.718159548066,inf
101,175,inf,inf,inf,817.8832435011736,inf
101,176,inf,inf,inf,474.65882484159084,inf
101,177,inf,inf,inf,801.1897403237264,inf
101,178,inf,inf,inf,379.5629065122144,inf
101,179,inf,inf,inf,371.8494318941472,inf
101,180,inf,inf,inf,1075.5152253687531,inf
101,181,inf,inf,inf,1129.780952220385,inf
101,182,inf,inf,inf,452.3295258989844,inf
101,183,inf,inf,inf,676.3726783364331,inf
101,184,inf,inf,inf,745.2959143856888,inf
101,185,inf,inf,inf,929.8741850379545,inf
101,186,inf,inf,inf,1181.5248622013842,inf
101,187,inf,inf,inf,573.8614815441092,inf
101,188,inf,inf,inf,916.3503696730852,inf
101,189,inf,inf,inf,197.48924021323288,inf
101,190,inf,inf,inf,457.38933087687997,inf
101,191,inf,inf,inf,682.7195617528474,inf
101,192,inf,inf,inf,139.71757226634023,inf
101,193,inf,inf,inf,624.1874718383892,inf
101,194,inf,inf,inf,654.0129968127545,inf
101,195,inf,inf,inf,702.4813164775273,inf
101,196,inf,inf,inf,796.3127526292669,inf
101,197,inf,inf,inf,653.7927806270118,inf
101,198,inf,inf,inf,590.7799928907546,inf
101,199,inf,inf,inf,1083.1181837638956,inf
101,200,inf,inf,inf,574.9608682336564,inf
101,201,inf,inf,inf,317.28378464711994,inf
101,202,inf,inf,inf,645.6353459964843,inf
102,103,inf,inf,inf,205.27298896834918,inf
102,104,inf,inf,inf,379.0514476954283,inf
102,105,inf,inf,inf,889.3508868832369,inf
102,106,inf,inf,inf,431.76961449365564,inf
102,107,inf,inf,inf,482.0964633763662,inf
102,108,inf,inf,inf,423.07918880512193,inf
102,109,inf,inf,inf,650.0038461424671,inf
102,110,inf,inf,inf,908.5224268007918,inf
102,111,inf,inf,inf,1096.332522549614,inf
102,112,inf,inf,inf,480.88460154178364,inf
102,113,inf,inf,inf,943.7716884925082,inf
102,114,inf,inf,inf,783.5183469453667,inf
102,115,inf,inf,inf,236.54597861726586,inf
102,116,inf,inf,inf,598.6200798503171,inf
102,117,inf,inf,inf,204.29880077964236,inf
102,118,inf,inf,inf,49.09175083453431,inf
102,119,inf,inf,inf,1009.3805030809739,inf
102,120,inf,inf,inf,281.78892810044897,inf
102,121,inf,inf,inf,486.5603765207356,inf
102,122,inf,inf,inf,552.0470994398938,inf
102,123,inf,inf,inf,1189.4305360129274,inf
102,124,inf,inf,inf,682.4954212300622,inf
102,125,inf,inf,inf,1143.6752161343709,inf
102,126,inf,inf,inf,544.4859961468247,inf
102,127,inf,inf,inf,884.8417937688071,inf
102,128,inf,inf,inf,541.8385368354673,inf
102,129,inf,inf,inf,901.2546809864568,inf
102,130,inf,inf,inf,555.409758646713,inf
102,131,inf,inf,inf,802.536603526593,inf
102,132,inf,inf,inf,895.8080151461027,inf
102,133,inf,inf,inf,434.95402055849536,inf
102,134,inf,inf,inf,546.3259100573576,inf
102,135,inf,inf,inf,267.25456029785533,inf
102,136,inf,inf,inf,1184.683079983841,inf
102,137,inf,inf,inf,770.0240255992017,inf
102,138,inf,inf,inf,912.5135615430601,inf
102,139,inf,inf,inf,448.0011160700384,inf
102,140,inf,inf,inf,793.1229412896843,inf
102,141,inf,inf,inf,796.9065189845043,inf
102,142,inf,inf,inf,471.46579939588406,inf
102,143,inf,inf,inf,1097.0182313890687,inf
102,144,inf,inf,inf,682.9004319811198,inf
102,145,inf,inf,inf,920.6828987224646,inf
102,146,inf,inf,inf,540.6070661765345,inf
102,147,inf,inf,inf,1089.7274888704974,inf
102,148,inf,inf,inf,807.9412107325631,inf
102,149,inf,inf,inf,373.43941945113403,inf
102,150,inf,inf,inf,459.4649061680337,inf
102,151,inf,inf,inf,730.51830914769,inf
102,152,inf,inf,inf,113.27841806805037,inf
102,153,inf,inf,inf,1049.8347489009877,inf
102,154,inf,inf,inf,795.5784059412372,inf
102,155,inf,inf,inf,669.9686559832483,inf
102,156,inf,inf,inf,653.4049280499803,inf
102,157,inf,inf,inf,837.463432037483,inf
102,158,inf,inf,inf,150.08331019803634,inf
102,159,inf,inf,inf,146.7310464761974,inf
102,160,inf,inf,inf,303.2094985319556,inf
102,161,inf,inf,inf,683.5671144810874,inf
102,162,inf,inf,inf,522.5514328752721,inf
102,163,inf,inf,inf,944.3611597265106,inf
102,164,inf,inf,inf,570.9404522364832,inf
102,165,inf,inf,inf,625.7994886543133,inf
102,166,inf,inf,inf,1209.4841875774978,inf
102,167,inf,inf,inf,668.60825600646,inf
102,168,inf,inf,inf,473.22827472584515,inf
102,169,inf,inf,inf,1214.8650130775848,inf
102,170,inf,inf,inf,486.3599490089619,inf
102,171,inf,inf,inf,551.8858577640851,inf
102,172,inf,inf,inf,314.75863768926183,inf
102,173,inf,inf,inf,757.4127012402155,inf
102,174,inf,inf,inf,893.6537360745492,inf
102,175,inf,inf,inf,743.6154920387283,inf
102,176,inf,inf,inf,408.0490166634396,inf
102,177,inf,inf,inf,753.2038236759025,inf
102,178,inf,inf,inf,264.9169681239765,inf
102,179,inf,inf,inf,262.5280937347468,inf
102,180,inf,inf,inf,991.8235730209279,inf
102,181,inf,inf,inf,1028.3520797859069,inf
102,182,inf,inf,inf,357.0224082603219,inf
102,183,inf,inf,inf,574.913036902104,inf
102,184,inf,inf,inf,646.353618385478,inf
102,185,inf,inf,inf,816.9485907938149,inf
102,186,inf,inf,inf,1067.9700370328749,inf
102,187,inf,inf,inf,542.0295194913281,inf
102,188,inf,inf,inf,846.5630514025521,inf
102,189,inf,inf,inf,131.2288078129189,inf
102,190,inf,inf,inf,373.87163572541846,inf
102,191,inf,inf,inf,593.4551373103109,inf
102,192,inf,inf,inf,72.11102550927978,inf
102,193,inf,inf,inf,542.0193723475204,inf
102,194,inf,inf,inf,562.21881861069,inf
102,195,inf,inf,inf,625.303926103139,inf
102,196,inf,inf,inf,681.4345162963203,inf
102,197,inf,inf,inf,578.8609504881116,inf
102,198,inf,inf,inf,477.49554971748165,inf
102,199,inf,inf,inf,975.3204601565579,inf
102,200,inf,inf,inf,483.12006789203036,inf
102,201,inf,inf,inf,292.26357966739545,inf
102,202,inf,inf,inf,546.5912549611455,inf
103,104,inf,inf,inf,487.71405556944944,inf
103,105,inf,inf,inf,864.0185183200647,inf
103,106,inf,inf,inf,531.7179703564664,inf
103,107,inf,inf,inf,687.367441766047,inf
103,108,inf,inf,inf,571.9449274187157,inf
103,109,inf,inf,inf,703.8707267673518,inf
103,110,inf,inf,inf,1112.2050170719426,inf
103,111,inf,inf,inf,1269.7165037912991,inf
103,112,inf,inf,inf,526.4190346102617,inf
103,113,inf,inf,inf,1106.5233842987684,inf
103,114,inf,inf,inf,936.4806458224324,inf
103,115,inf,inf,inf,423.8596465812711,inf
103,116,inf,inf,inf,551.217742820385,inf
103,117,2.0,30.3137,30.313708498984766,25.632011235952593,1.1826504061634233
103,118,inf,inf,inf,254.0649523251879,inf
103,119,inf,inf,inf,1027.9153661659116,inf
103,120,inf,inf,inf,486.0329206957076,inf
103,121,inf,inf,inf,545.0743068610004,inf
103,122,inf,inf,inf,419.3578424210045,inf
103,123,inf,inf,inf,1298.0970687895417,inf
103,124,inf,inf,inf,667.9498484167805,inf
103,125,inf,inf,inf,1223.1802810706197,inf
103,126,inf,inf,inf,667.8877151138505,inf
103,127,inf,inf,inf,1087.8281114220206,inf
103,128,inf,inf,inf,700.0714249274855,inf
103,129,inf,inf,inf,1104.8660552302256,inf
103,130,inf,inf,inf,514.3004958193216,inf
103,131,inf,inf,inf,874.0366125054487,inf
103,132,inf,inf,inf,924.7296902338543,inf
103,133,inf,inf,inf,400.35983814563616,inf
103,134,inf,inf,inf,713.098169959789,inf
103,135,inf,inf,inf,194.1957775030137,inf
103,136,inf,inf,inf,1365.0366295451563,inf
103,137,inf,inf,inf,748.160410607244,inf
103,138,inf,inf,inf,1005.3934553198563,inf
103,139,inf,inf,inf,569.8648962692824,inf
103,140,inf,inf,inf,853.7593337703547,inf
103,141,inf,inf,inf,1001.3835429045157,inf
103,142,inf,inf,inf,618.9450702606815,inf
103,143,inf,inf,inf,1296.8777891536272,inf
103,144,inf,inf,inf,888.1734064922232,inf
103,145,inf,inf,inf,959.6009587323264,inf
103,146,inf,inf,inf,560.000892856431,inf
103,147,inf,inf,inf,1142.8565089283957,inf
103,148,inf,inf,inf,1004.9238777141281,inf
103,149,inf,inf,inf,318.62831010442244,inf
103,150,inf,inf,inf,545.2017975025394,inf
103,151,inf,inf,inf,800.03999900005,inf
103,152,inf,inf,inf,108.2266141020775,inf
103,153,inf,inf,inf,1119.3757188719076,inf
103,154,inf,inf,inf,742.7435627455818,inf
103,155,inf,inf,inf,851.4605099474667,inf
103,156,inf,inf,inf,685.7791189588671,inf
103,157,inf,inf,inf,1004.3674626350656,inf
103,158,inf,inf,inf,80.95677859203639,inf
103,159,inf,inf,inf,340.9296115036064,inf
103,160,inf,inf,inf,335.0238797459071,inf
103,161,inf,inf,inf,612.0988482263302,inf
103,162,inf,inf,inf,676.5419425283254,inf
103,163,inf,inf,inf,947.2090582337144,inf
103,164,inf,inf,inf,775.6042805451759,inf
103,165,inf,inf,inf,591.6772769001697,inf
103,166,inf,inf,inf,1373.9392271858314,inf
103,167,inf,inf,inf,812.0061576121205,inf
103,168,inf,inf,inf,648.0030864124028,inf
103,169,inf,inf,inf,1375.590782173245,inf
103,170,inf,inf,inf,370.46592285930967,inf
103,171,inf,inf,inf,466.43863476345956,inf
103,172,inf,inf,inf,368.1439935677343,inf
103,173,inf,inf,inf,957.6726998301664,inf
103,174,inf,inf,inf,877.2684879784523,inf
103,175,inf,inf,inf,732.9699857429362,inf
103,176,inf,inf,inf,609.495693175924,inf
103,177,inf,inf,inf,684.8948824454743,inf
103,178,inf,inf,inf,443.4636399976891,inf
103,179,inf,inf,inf,456.85884034349164,inf
103,180,inf,inf,inf,1197.0150374995294,inf
103,181,inf,inf,inf,1225.6773637462675,inf
103,182,inf,inf,inf,421.2006647668068,inf
103,183,inf,inf,inf,646.8941180749753,inf
103,184,inf,inf,inf,847.0005903185664,inf
103,185,inf,inf,inf,992.7668407032943,inf
103,186,inf,inf,inf,1187.5188419557815,inf
103,187,inf,inf,inf,448.06807518501023,inf
103,188,inf,inf,inf,1050.1095180979935,inf
103,189,inf,inf,inf,176.7766952966369,inf
103,190,inf,inf,inf,403.6000495540108,inf
103,191,inf,inf,inf,626.5221464561329,inf
103,192,inf,inf,inf,163.3431969810803,inf
103,193,inf,inf,inf,557.7544262486851,inf
103,194,inf,inf,inf,766.4391691452101,inf
103,195,inf,inf,inf,625.0823945689081,inf
103,196,inf,inf,inf,818.766144878988,inf
103,197,inf,inf,inf,574.7181918123003,inf
103,198,inf,inf,inf,656.2537618939796,inf
103,199,inf,inf,inf,1164.155058400727,inf
103,200,inf,inf,inf,528.4581345764298,inf
103,201,inf,inf,inf,467.3467663309547,inf
103,202,inf,inf,inf,747.6449692200168,inf
104,105,inf,inf,inf,1267.0284132567824,inf
104,106,inf,inf,inf,768.3599416939954,inf
104,107,inf,inf,inf,505.64908780694935,inf
104,108,inf,inf,inf,133.2216198670471,inf
104,109,inf,inf,inf,1004.2195974984754,inf
104,110,inf,inf,inf,807.2800009909821,inf
104,111,inf,inf,inf,1252.6104741698434,inf
104,112,inf,inf,inf,846.2446454778901,inf
104,113,inf,inf,inf,1139.4810222202036,inf
104,114,inf,inf,inf,1013.87030728787,inf
104,115,inf,inf,inf,239.87079855622275,inf
104,116,inf,inf,inf,977.2092918101015,inf
104,117,inf,inf,inf,505.0089108124727,inf
104,118,inf,inf,inf,371.5400382193015,inf
104,119,inf,inf,inf,1373.4398421481735,inf
104,120,inf,inf,inf,422.7114855312072,inf
104,121,inf,inf,inf,845.7736103710023,inf
104,122,inf,inf,inf,901.5830521920873,inf
104,123,inf,inf,inf,1472.6876790412828,inf
104,124,inf,inf,inf,1059.8301750752335,inf
104,125,inf,inf,inf,1462.2041581119922,inf
104,126,inf,inf,inf,845.496895322508,inf
104,127,inf,inf,inf,775.2580215644338,inf
104,128,inf,inf,inf,251.40604606890423,inf
104,129,inf,inf,inf,799.4823325127329,inf
104,130,inf,inf,inf,934.2205307099604,inf
104,131,inf,inf,inf,1138.820881438341,inf
104,132,inf,inf,inf,1256.7418191498205,inf
104,133,inf,inf,inf,813.5361086024393,inf
104,134,inf,inf,inf,772.823395091013,inf
104,135,inf,inf,inf,352.115038020247,inf
104,136,inf,inf,inf,1312.525047380049,inf
104,137,inf,inf,inf,1147.794842295434,inf
104,138,inf,inf,inf,1224.6766920293699,inf
104,139,inf,inf,inf,761.8300335376651,inf
104,140,inf,inf,inf,1137.8664244980603,inf
104,141,inf,inf,inf,796.1231060583533,inf
104,142,inf,inf,inf,747.5025083569955,inf
104,143,inf,inf,inf,1127.8479507451348,inf
104,144,inf,inf,inf,661.1270679680268,inf
104,145,inf,inf,inf,1275.8216960061466,inf
104,146,inf,inf,inf,912.8592443526001,inf
104,147,inf,inf,inf,1432.1459422838163,inf
104,148,inf,inf,inf,648.778082243844,inf
104,149,inf,inf,inf,748.4069748472418,inf
104,150,inf,inf,inf,804.2512045374878,inf
104,151,inf,inf,inf,1071.1829909030482,inf
104,152,inf,inf,inf,391.7958652155482,inf
104,153,inf,inf,inf,1380.032246000071,inf
104,154,inf,inf,inf,1174.3530133652316,inf
104,155,inf,inf,inf,443.19972924179456,inf
104,156,inf,inf,inf,1018.1758197875257,inf
104,157,inf,inf,inf,1030.4489312915998,inf
104,158,inf,inf,inf,487.6033223840871,inf
104,159,inf,inf,inf,428.88926309713094,inf
104,160,inf,inf,inf,679.976470181138,inf
104,161,inf,inf,inf,1059.5093203931715,inf
104,162,inf,inf,inf,779.6024627975465,inf
104,163,inf,inf,inf,1315.2376211164278,inf
104,164,inf,inf,inf,601.7216964677275,inf
104,165,inf,inf,inf,1004.8407834079984,inf
104,166,inf,inf,inf,1385.8961000017282,inf
104,167,inf,inf,inf,927.5844974987453,inf
104,168,inf,inf,inf,257.1089263327899,inf
104,169,inf,inf,inf,1400.8086950044249,inf
104,170,inf,inf,inf,844.3044474595642,inf
104,171,inf,inf,inf,923.030877056667,inf
104,172,inf,inf,inf,146.972786596703,inf
104,173,inf,inf,inf,815.3882510804285,inf
104,174,inf,inf,inf,1269.875978196296,inf
104,175,inf,inf,inf,1119.8303442932772,inf
104,176,inf,inf,inf,375.7552394844282,inf
104,177,inf,inf,inf,1130.1203475736556,inf
104,178,inf,inf,inf,530.347998959174,inf
104,179,inf,inf,inf,481.27435003332556,inf
104,180,inf,inf,inf,947.6127901205217,inf
104,181,inf,inf,inf,1083.2709725641134,inf
104,182,inf,inf,inf,721.826156356224,inf
104,183,inf,inf,inf,921.3278461003987,inf
104,184,inf,inf,inf,716.9135233764251,inf
104,185,inf,inf,inf,985.9558813658956,inf
104,186,inf,inf,inf,1340.143275922392,inf
104,187,inf,inf,inf,910.2636980567773,inf
104,188,inf,inf,inf,748.8424400366208,inf
104,189,inf,inf,inf,508.17811837976654,inf
104,190,inf,inf,inf,748.5051770028047,inf
104,191,inf,inf,inf,959.6650457321033,inf
104,192,inf,inf,inf,445.58276447816064,inf
104,193,inf,inf,inf,915.2185531336218,inf
104,194,inf,inf,inf,604.6833882289144,inf
104,195,inf,inf,inf,1000.7422245513577,inf
104,196,inf,inf,inf,949.4087633890895,inf
104,197,inf,inf,inf,955.5940560719284,inf
104,198,inf,inf,inf,684.3522484802692,inf
104,199,inf,inf,inf,1081.54056789378,inf
104,200,inf,inf,inf,848.4603703179071,inf
104,201,inf,inf,inf,191.3164917094185,inf
104,202,inf,inf,inf,632.3242838923711,inf
105,106,inf,inf,inf,567.9612662849465,inf
105,107,inf,inf,inf,1105.5469234727218,inf
105,108,inf,inf,inf,1287.6307700579387,inf
105,109,inf,inf,inf,359.6804137008297,inf
105,110,inf,inf,inf,1487.1422258815733,inf
105,111,inf,inf,inf,1131.6978395313831,inf
105,112,inf,inf,inf,441.8200991353834,inf
105,113,inf,inf,inf,952.349725678545,inf
105,114,inf,inf,inf,804.8776304507412,inf
105,115,inf,inf,inf,1073.5515823657474,inf
105,116,inf,inf,inf,314.56795768164307,inf
105,117,inf,inf,inf,838.5374171734974,inf
105,118,inf,inf,inf,896.3732481505681,inf
105,119,inf,inf,inf,247.35804009572846,inf
105,120,inf,inf,inf,961.3594541065272,inf
105,121,inf,inf,inf,457.3160832509611,inf
105,122,inf,inf,inf,542.3329235810786,inf
105,123,inf,inf,inf,789.2274703784708,inf
105,124,inf,inf,inf,207.28000385951367,inf
105,125,inf,inf,inf,608.8365954835501,inf
105,126,inf,inf,inf,610.5685874658145,inf
105,127,inf,inf,inf,1481.278501835492,inf
105,128,inf,inf,inf,1384.6371365812777,inf
105,129,inf,inf,inf,1482.6951810807236,inf
105,130,inf,inf,inf,349.72131762304684,inf
105,131,inf,inf,inf,408.9254210733297,inf
105,132,inf,inf,inf,238.52253562294695,inf
105,133,inf,inf,inf,466.47615158762403,inf
105,134,inf,inf,inf,797.4390258822301,inf
105,135,inf,inf,inf,1057.4308488028898,inf
105,136,inf,inf,inf,1254.9187224677141,inf
105,137,inf,inf,inf,119.33147112141039,inf
105,138,inf,inf,inf,542.2619293293602,inf
105,139,inf,inf,inf,618.561233832189,inf
105,140,inf,inf,inf,361.19939091864484,inf
105,141,inf,inf,inf,1274.5920916120576,inf
105,142,inf,inf,inf,701.0827340621076,inf
105,143,inf,inf,inf,1404.4116205728292,inf
105,144,inf,inf,inf,1242.8756977268483,inf
105,145,inf,inf,inf,291.40006863417176,inf
105,146,inf,inf,inf,363.02203789852757,inf
105,147,inf,inf,inf,449.0712638323677,inf
105,148,inf,inf,inf,1484.9269342294253,inf
105,149,inf,inf,inf,545.7655174156755,inf
105,150,inf,inf,inf,524.584597562681,inf
105,151,inf,inf,inf,396.9886648255842,inf
105,152,inf,inf,inf,911.7241907506897,inf
105,153,inf,inf,inf,499.2894951829049,inf
105,154,inf,inf,inf,155.8589105569521,inf
105,155,inf,inf,inf,1445.2186685757972,inf
105,156,inf,inf,inf,300.1016494456503,inf
105,157,inf,inf,inf,918.7567686825496,inf
105,158,inf,inf,inf,817.0250914139663,inf
105,159,inf,inf,inf,861.7569262849008,inf
105,160,inf,inf,inf,587.0545119492738,inf
105,161,inf,inf,inf,289.2490276561012,inf
105,162,inf,inf,inf,731.7301415139327,inf
105,163,inf,inf,inf,143.20963654726592,inf
105,164,inf,inf,inf,1126.130543054401,inf
105,165,inf,inf,inf,272.41512439657237,inf
105,166,inf,inf,inf,1146.8587532909185,inf
105,167,inf,inf,inf,711.5124735378854,inf
105,168,inf,inf,inf,1293.2022270317973,inf
105,169,inf,inf,inf,1123.9830959582978,inf
105,170,inf,inf,inf,537.5844119763891,inf
105,171,inf,inf,inf,423.4583804814825,inf
105,172,inf,inf,inf,1194.8062604456004,inf
105,173,inf,inf,inf,1162.3050374148777,inf
105,174,inf,inf,inf,39.59797974644666,inf
105,175,inf,inf,inf,151.0132444522665,inf
105,176,inf,inf,inf,1135.861347172268,inf
105,177,inf,inf,inf,233.20591759215716,inf
105,178,inf,inf,inf,811.6181368106555,inf
105,179,inf,inf,inf,876.5112663280489,inf
105,180,inf,inf,inf,1462.7388693816815,inf
105,181,inf,inf,inf,1314.3656264525484,inf
105,182,inf,inf,inf,557.1086070058512,inf
105,183,inf,inf,inf,440.40890090914377,inf
105,184,inf,inf,inf,1096.9931631509833,inf
105,185,inf,inf,inf,969.5617566715387,inf
105,186,inf,inf,inf,766.5409317185873,inf
105,187,inf,inf,inf,449.3072445443096,inf
105,188,inf,inf,inf,1439.336652767517,inf
105,189,inf,inf,inf,765.4031617389622,inf
105,190,inf,inf,inf,519.7278133792726,inf
105,191,inf,inf,inf,340.3321906608307,inf
105,192,inf,inf,inf,828.0489115988258,inf
105,193,inf,inf,inf,358.42153953131776,inf
105,194,inf,inf,inf,1108.0275267338804,inf
105,195,inf,inf,inf,269.65162710430656,inf
105,196,inf,inf,inf,685.0591215362365,inf
105,197,inf,inf,inf,311.8541325684173,inf
105,198,inf,inf,inf,842.7603455312785,inf
105,199,inf,inf,inf,1179.9936440506788,inf
105,200,inf,inf,inf,439.8772556066067,inf
105,201,inf,inf,inf,1139.974122513314,inf
105,202,inf,inf,inf,1044.5003590233946,inf
106,107,inf,inf,inf,538.094787189023,inf
106,108,inf,inf,inf,756.9048817387823,inf
106,109,inf,inf,inf,241.3503677229434,inf
106,110,inf,inf,inf,936.5233579575045,inf
106,111,inf,inf,inf,795.6381086901255,inf
106,112,inf,inf,inf,141.2267680009707,inf
106,113,inf,inf,inf,615.3454314448105,inf
106,114,inf,inf,inf,436.02752206712825,inf
106,115,inf,inf,inf,543.614753295015,inf
106,116,inf,inf,inf,392.84220750830735,inf
106,117,inf,inf,inf,510.5653728955774,inf
106,118,inf,inf,inf,413.5516896350443,inf
106,119,inf,inf,inf,614.9617874307313,inf
106,120,inf,inf,inf,402.1243588742169,inf
106,121,inf,inf,inf,114.23659658795863,inf
106,122,inf,inf,inf,550.6986471746594,inf
106,123,inf,inf,inf,768.023437142383,inf
106,124,inf,inf,inf,380.2170432792302,inf
106,125,inf,inf,inf,711.9171300088234,inf
106,126,inf,inf,inf,145.8012345626744,inf
106,127,inf,inf,inf,926.9099201109027,inf
106,128,inf,inf,inf,837.6013371527054,inf
106,129,inf,inf,inf,931.3565375300697,inf
106,130,inf,inf,inf,356.91035288990986,inf
106,131,inf,inf,inf,373.2023579775455,inf
106,132,inf,inf,inf,495.85179237348734,inf
106,133,inf,inf,inf,305.1884663613617,inf
106,134,inf,inf,inf,281.3201023745015,inf
106,135,inf,inf,inf,682.1876574667707,inf
106,136,inf,inf,inf,906.902971656836,inf
106,137,inf,inf,inf,461.3762022471467,inf
106,138,inf,inf,inf,482.26548705044195,inf
106,139,inf,inf,inf,68.30812543175226,inf
106,140,inf,inf,inf,369.5416079415145,inf
106,141,inf,inf,inf,740.0168916991017,inf
106,142,inf,inf,inf,161.83015788165073,inf
106,143,inf,inf,inf,941.1482348705755,inf
106,144,inf,inf,inf,687.2786916528113,inf
106,145,inf,inf,inf,509.5743321636207,inf
106,146,inf,inf,inf,222.46123257772354,inf
106,147,inf,inf,inf,664.7924488139137,inf
106,148,inf,inf,inf,919.2888555834885,inf
106,149,inf,inf,inf,339.8352542041511,inf
106,150,inf,inf,inf,43.41658669218482,inf
106,151,inf,inf,inf,303.42709173704316,inf
106,152,inf,inf,inf,511.1408807755451,inf
106,153,inf,inf,inf,619.1946382196796,inf
106,154,inf,inf,inf,541.3169127230369,inf
106,155,inf,inf,inf,880.0346584084061,inf
106,156,inf,inf,inf,274.4612905311057,inf
106,157,inf,inf,inf,528.4108250215925,inf
106,158,inf,inf,inf,453.0452516029718,inf
106,159,inf,inf,inf,339.4775397577872,inf
106,160,inf,inf,inf,216.6679487141557,inf
106,161,inf,inf,inf,497.2333456235613,inf
106,162,inf,inf,inf,216.17816726024856,inf
106,163,inf,inf,inf,573.467523056014,inf
106,164,inf,inf,inf,565.8992843254001,inf
106,165,inf,inf,inf,381.22172026263144,inf
106,166,inf,inf,inf,877.3214918147166,inf
106,167,inf,inf,inf,304.52914474644297,inf
106,168,inf,inf,inf,741.0694974157282,inf
106,169,inf,inf,inf,872.6018565187677,inf
106,170,inf,inf,inf,481.2411038138783,inf
106,171,inf,inf,inf,448.50975463193663,inf
106,172,inf,inf,inf,740.0716181559728,inf
106,173,inf,inf,inf,642.3994084679717,inf
106,174,inf,inf,inf,556.7081820846538,inf
106,175,inf,inf,inf,419.78685067543506,inf
106,176,inf,inf,inf,571.8505049398838,inf
106,177,inf,inf,inf,540.4895928692799,inf
106,178,inf,inf,inf,254.69982332149348,inf
106,179,inf,inf,inf,318.2263345482269,inf
106,180,inf,inf,inf,939.8515840280315,inf
106,181,inf,inf,inf,854.904088187675,inf
106,182,inf,inf,inf,125.41929676090518,inf
106,183,inf,inf,inf,154.20765220960988,inf
106,184,inf,inf,inf,557.0727062062905,inf
106,185,inf,inf,inf,543.037751910491,inf
106,186,inf,inf,inf,655.8239092927308,inf
106,187,inf,inf,inf,461.5766458563518,inf
106,188,inf,inf,inf,884.5258616908835,inf
106,189,inf,inf,inf,360.0805465447974,inf
106,190,inf,inf,inf,182.72657168567466,inf
106,191,inf,inf,inf,227.63567382991621,inf
106,192,inf,inf,inf,403.01985062773275,inf
106,193,inf,inf,inf,230.82894099310857,inf
106,194,inf,inf,inf,548.2928049865327,inf
106,195,inf,inf,inf,312.4163888146715,inf
106,196,inf,inf,inf,302.2482423439382,inf
106,197,inf,inf,inf,291.65219011692676,inf
106,198,inf,inf,inf,293.1091946698363,inf
106,199,inf,inf,inf,749.5365234596644,inf
106,200,inf,inf,inf,142.35167719419397,inf
106,201,inf,inf,inf,608.6123561019773,inf
106,202,inf,inf,inf,488.9427369334777,inf
107,108,inf,inf,inf,405.2221612893352,inf
107,109,inf,inf,inf,761.1281101102494,inf
107,110,inf,inf,inf,436.80888269356427,inf
107,111,inf,inf,inf,752.7668961903147,inf
107,112,inf,inf,inf,672.6492399460509,inf
107,113,inf,inf,inf,659.7241847924024,inf
107,114,inf,inf,inf,569.6402373428338,inf
107,115,inf,inf,inf,312.1938500355188,inf
107,116,inf,inf,inf,902.7319646495298,inf
107,117,inf,inf,inf,685.1751600868205,inf
107,118,inf,inf,inf,433.3832022586939,inf
107,119,inf,inf,inf,1120.8925015361642,inf
107,120,inf,inf,inf,205.64532574313475,inf
107,121,inf,inf,inf,651.0606730558989,inf
107,122,inf,inf,inf,967.9881197618079,inf
107,123,inf,inf,inf,1051.6320649352606,inf
107,124,inf,inf,inf,916.4698576603597,inf
107,125,inf,inf,inf,1091.7380638230034,inf
107,126,inf,inf,inf,523.4959407674523,inf
107,127,inf,inf,inf,417.91865237148727,inf
107,128,inf,inf,inf,406.74562075085703,inf
107,129,inf,inf,inf,430.0941757336409,inf
107,130,inf,inf,inf,860.5306502385606,inf
107,131,inf,inf,inf,830.625065838974,inf
107,132,inf,inf,inf,1002.8105504032155,inf
107,133,inf,inf,inf,765.7636711153121,inf
107,134,inf,inf,inf,367.0490430446591,inf
107,135,inf,inf,inf,694.9546747810249,inf
107,136,inf,inf,inf,807.3320258728747,inf
107,137,inf,inf,inf,999.2287025501219,inf
107,138,inf,inf,inf,861.0284548143575,inf
107,139,inf,inf,inf,488.5939009033985,inf
107,140,inf,inf,inf,849.6569896140442,inf
107,141,inf,inf,inf,320.09529830973776,inf
107,142,inf,inf,inf,417.2349458039199,inf
107,143,inf,inf,inf,640.1577930479328,inf
107,144,inf,inf,inf,200.8233054204616,inf
107,145,inf,inf,inf,1001.2492197250393,inf
107,146,inf,inf,inf,755.4872599852363,inf
107,147,inf,inf,inf,1111.233998759937,inf
107,148,inf,inf,inf,383.105729531679,inf
107,149,inf,inf,inf,747.1934153885459,inf
107,150,inf,inf,inf,581.3028470599469,inf
107,151,inf,inf,inf,781.9833757823756,inf
107,152,inf,inf,inf,589.1086487227972,inf
107,153,inf,inf,inf,1036.3783093060179,inf
107,154,inf,inf,inf,1073.0563824888234,inf
107,155,inf,inf,inf,365.4271473221441,inf
107,156,inf,inf,inf,808.1862409123283,inf
107,157,inf,inf,inf,555.020720333935,inf
107,158,inf,inf,inf,625.424655734006,inf
107,159,inf,inf,inf,360.73397400300405,inf
107,160,inf,inf,inf,611.6412347119838,inf
107,161,inf,inf,inf,1006.5073273454099,inf
107,162,inf,inf,inf,410.8442527284518,inf
107,163,inf,inf,inf,1098.0678485412457,inf
107,164,inf,inf,inf,99.29753269845128,inf
107,165,inf,inf,inf,904.1858216096955,inf
107,166,inf,inf,inf,890.2319922357318,inf
107,167,inf,inf,inf,526.4104862177425,inf
107,168,inf,inf,inf,310.75713990188547,inf
107,169,inf,inf,inf,908.4954595373606,inf
107,170,inf,inf,inf,894.0833294497778,inf
107,171,inf,inf,inf,915.4217607201612,inf
107,172,inf,inf,inf,588.5847432613251,inf
107,173,inf,inf,inf,312.1938500355188,inf
107,174,inf,inf,inf,1092.5538888311185,inf
107,175,inf,inf,inf,957.8815166814735,inf
107,176,inf,inf,inf,130.24976007655445,inf
107,177,inf,inf,inf,1061.12251884502,inf
107,178,inf,inf,inf,321.97204847626136,inf
107,179,inf,inf,inf,267.22649569232465,inf
107,180,inf,inf,inf,510.0362732198564,inf
107,181,inf,inf,inf,585.4374432849337,inf
107,182,inf,inf,inf,582.8619047424527,inf
107,183,inf,inf,inf,672.6678229259967,inf
107,184,inf,inf,inf,211.30073355291506,inf
107,185,inf,inf,inf,499.15929321209677,inf
107,186,inf,inf,inf,913.2496920338928,inf
107,187,inf,inf,inf,917.3140138469487,inf
107,188,inf,inf,inf,376.81825858097693,inf
107,189,inf,inf,inf,561.3198731561176,inf
107,190,inf,inf,inf,644.1932939731677,inf
107,191,inf,inf,inf,765.3757247260982,inf
107,192,inf,inf,inf,534.6634455430818,inf
107,193,inf,inf,inf,762.7424204802038,inf
107,194,inf,inf,inf,99.40321926376429,inf
107,195,inf,inf,inf,848.463316826367,inf
107,196,inf,inf,inf,555.9316504751281,inf
107,197,inf,inf,inf,821.4554157104328,inf
107,198,inf,inf,inf,286.379119350556,inf
107,199,inf,inf,inf,575.9140560882327,inf
107,200,inf,inf,inf,674.2477289542769,inf
107,201,inf,inf,inf,324.6921619010844,inf
107,202,inf,inf,inf,135.5322839769182,inf
108,109,inf,inf,inf,997.8000801763849,inf
108,110,inf,inf,inf,675.3169626182953,inf
108,111,inf,inf,inf,1157.9883419102284,inf
108,112,inf,inf,inf,853.1506314830928,inf
108,113,inf,inf,inf,1058.1705911619356,inf
108,114,inf,inf,inf,946.9556483806409,inf
108,115,inf,inf,inf,215.18828964420902,inf
108,116,inf,inf,inf,1013.8293742045552,inf
108,117,inf,inf,inf,585.2264518970413,inf
108,118,inf,inf,inf,400.3623358908777,inf
108,119,inf,inf,inf,1371.1181568340492,inf
108,120,inf,inf,inf,372.7800960351826,inf
108,121,inf,inf,inf,847.1274992585237,inf
108,122,inf,inf,inf,970.3978565516311,inf
108,123,inf,inf,inf,1418.3543280858983,inf
108,124,inf,inf,inf,1081.0901905021615,inf
108,125,inf,inf,inf,1425.4729039866033,inf
108,126,inf,inf,inf,812.618606727658,inf
108,127,inf,inf,inf,643.0031104123836,inf
108,128,inf,inf,inf,130.034610777285,inf
108,129,inf,inf,inf,667.5327707311454,inf
108,130,inf,inf,inf,969.8102907270061,inf
108,131,inf,inf,inf,1117.1826171221965,inf
108,132,inf,inf,inf,1252.4040881440783,inf
108,133,inf,inf,inf,851.4886963430578,inf
108,134,inf,inf,inf,713.5404683688234,inf
108,135,inf,inf,inf,465.14621357160377,inf
108,136,inf,inf,inf,1209.9297500268353,inf
108,137,inf,inf,inf,1169.6157488679776,inf
108,138,inf,inf,inf,1187.6973520219703,inf
108,139,inf,inf,inf,738.64538176313,inf
108,140,inf,inf,inf,1121.9197832287298,inf
108,141,inf,inf,inf,676.2248146881332,inf
108,142,inf,inf,inf,708.3078426785912,inf
108,143,inf,inf,inf,1008.0203370964298,inf
108,144,inf,inf,inf,541.2439376103903,inf
108,145,inf,inf,inf,1265.987756654858,inf
108,146,inf,inf,inf,926.3973229667711,inf
108,147,inf,inf,inf,1410.7026617965955,inf
108,148,inf,inf,inf,515.558920008179,inf
108,149,inf,inf,inf,795.3873270300452,inf
108,150,inf,inf,inf,796.4169762128379,inf
108,151,inf,inf,inf,1053.6417797335107,inf
108,152,inf,inf,inf,467.26865933850087,inf
108,153,inf,inf,inf,1351.0903004610757,inf
108,154,inf,inf,inf,1208.6955778855154,inf
108,155,inf,inf,inf,312.2466973404202,inf
108,156,inf,inf,inf,1020.9887364706822,inf
108,157,inf,inf,inf,950.7202532816896,inf
108,158,inf,inf,inf,555.0360348662058,inf
108,159,inf,inf,inf,427.15102715550154,inf
108,160,inf,inf,inf,706.0453243241541,inf
108,161,inf,inf,inf,1103.487199744519,inf
108,162,inf,inf,inf,731.2072209709091,inf
108,163,inf,inf,inf,1321.8358445737504,inf
108,164,inf,inf,inf,495.68639279286253,inf
108,165,inf,inf,inf,1035.616241664836,inf
108,166,inf,inf,inf,1295.0274128372728,inf
108,167,inf,inf,inf,873.8884368155926,inf
108,168,inf,inf,inf,125.31959144523253,inf
108,169,inf,inf,inf,1312.501809522562,inf
108,170,inf,inf,inf,907.5031680385474,inf
108,171,inf,inf,inf,974.668148653684,inf
108,172,inf,inf,inf,272.7874630550312,inf
108,173,inf,inf,inf,706.4460347400925,inf
108,174,inf,inf,inf,1286.3906871553447,inf
108,175,inf,inf,inf,1137.6220813609411,inf
108,176,inf,inf,inf,276.5863337187866,inf
108,177,inf,inf,inf,1171.6449974288287,inf
108,178,inf,inf,inf,505.20193982208735,inf
108,179,inf,inf,inf,446.6956458261038,inf
108,180,inf,inf,inf,819.4107639029402,inf
108,181,inf,inf,inf,968.2189834949529,inf
108,182,inf,inf,inf,731.8722566131332,inf
108,183,inf,inf,inf,911.0329302500542,inf
108,184,inf,inf,inf,614.47945449787,inf
108,185,inf,inf,inf,900.1605412369507,inf
108,186,inf,inf,inf,1282.7486113810453,inf
108,187,inf,inf,inf,965.1072479263639,inf
108,188,inf,inf,inf,617.5184207778744,inf
108,189,inf,inf,inf,553.7300786484332,inf
108,190,inf,inf,inf,769.0253571892152,inf
108,191,inf,inf,inf,965.0207251660453,inf
108,192,inf,inf,inf,494.77671731802417,inf
108,193,inf,inf,inf,930.1037576528761,inf
108,194,inf,inf,inf,501.32823578968697,inf
108,195,inf,inf,inf,1018.2165781404268,inf
108,196,inf,inf,inf,898.5838859004762,inf
108,197,inf,inf,inf,976.469149538274,inf
108,198,inf,inf,inf,623.5591391359765,inf
108,199,inf,inf,inf,977.2543169513247,inf
108,200,inf,inf,inf,855.2923476800199,inf
108,201,inf,inf,inf,148.92279879185725,inf
108,202,inf,inf,inf,538.4143385906434,inf
109,110,inf,inf,inf,1128.7984762569447,inf
109,111,inf,inf,inf,821.7359673277056,inf
109,112,inf,inf,inf,177.55280904564702,inf
109,113,inf,inf,inf,635.6099432828281,inf
109,114,inf,inf,inf,469.4358316106686,inf
109,115,inf,inf,inf,783.8603191895862,inf
109,116,inf,inf,inf,324.6921619010844,inf
109,117,inf,inf,inf,679.4976085314797,inf
109,118,inf,inf,inf,640.1757571167468,inf
109,119,inf,inf,inf,373.61477486844655,inf
109,120,inf,inf,inf,642.0545148194194,inf
109,121,inf,inf,inf,164.01219466856725,inf
109,122,inf,inf,inf,567.4583685170217,inf
109,123,inf,inf,inf,629.2296877929394,inf
109,124,inf,inf,inf,226.37358503146962,inf
109,125,inf,inf,inf,523.0066921177969,inf
109,126,inf,inf,inf,251.372233947984,inf
109,127,inf,inf,inf,1123.873658379802,inf
109,128,inf,inf,inf,1078.6408113918183,inf
109,129,inf,inf,inf,1124.5110048372137,inf
109,130,inf,inf,inf,313.6000637755037,inf
109,131,inf,inf,inf,176.32356620712955,inf
109,132,inf,inf,inf,254.61539623518448,inf
109,133,inf,inf,inf,349.7570585420686,inf
109,134,inf,inf,inf,438.0194059627952,inf
109,135,inf,inf,inf,878.0717510545479,inf
109,136,inf,inf,inf,943.2565928738585,inf
109,137,inf,inf,inf,277.95323347642494,inf
109,138,inf,inf,inf,327.9176725948146,inf
109,139,inf,inf,inf,274.40116617827994,inf
109,140,inf,inf,inf,150.00333329629711,inf
109,141,inf,inf,inf,914.9453535594353,inf
109,142,inf,inf,inf,347.0864445638867,inf
109,143,inf,inf,inf,1056.0350372975322,inf
109,144,inf,inf,inf,886.5900969444673,inf
109,145,inf,inf,inf,271.91175038971744,inf
109,146,inf,inf,inf,165.3148511174964,inf
109,147,inf,inf,inf,442.2544516452039,inf
109,148,inf,inf,inf,1134.6197600958658,inf
109,149,inf,inf,inf,424.2381406710151,inf
109,150,inf,inf,inf,201.45719148245863,inf
109,151,inf,inf,inf,106.10372283760829,inf
109,152,inf,inf,inf,710.5385281601555,inf
109,153,inf,inf,inf,416.04326698073123,inf
109,154,inf,inf,inf,386.46345234704927,inf
109,155,inf,inf,inf,1113.8316748952689,inf
109,156,inf,inf,inf,72.44998274671983,inf
109,157,inf,inf,inf,582.1924080576798,inf
109,158,inf,inf,inf,633.8769596696192,inf
109,159,inf,inf,inf,576.4416709433834,inf
109,160,inf,inf,inf,370.06080581439585,inf
109,161,inf,inf,inf,405.80906840532776,inf
109,162,inf,inf,inf,372.9785516621566,inf
109,163,inf,inf,inf,337.2906758272455,inf
109,164,inf,inf,inf,772.6784583512083,inf
109,165,inf,inf,inf,284.0070421662111,inf
109,166,inf,inf,inf,866.2753603791349,inf
109,167,inf,inf,inf,360.45526768241297,inf
109,168,inf,inf,inf,981.5874897328307,inf
109,169,inf,inf,inf,851.2015037580702,inf
109,170,inf,inf,inf,517.1199087252395,inf
109,171,inf,inf,inf,434.42030339292387,inf
109,172,inf,inf,inf,964.2178177154786,inf
109,173,inf,inf,inf,802.867984166762,inf
109,174,inf,inf,inf,339.16662571662323,inf
109,175,inf,inf,inf,231.8641843838759,inf
109,176,inf,inf,inf,808.1911902514157,inf
109,177,inf,inf,inf,417.6948647038888,inf
109,178,inf,inf,inf,495.86490095589545,inf
109,179,inf,inf,inf,558.8720783864586,inf
109,180,inf,inf,inf,1103.5673971262472,inf
109,181,inf,inf,inf,966.1889049249116,inf
109,182,inf,inf,inf,294.5165530152762,inf
109,183,inf,inf,inf,89.49860334105779,inf
109,184,inf,inf,inf,737.9566382925219,inf
109,185,inf,inf,inf,624.3877000710376,inf
109,186,inf,inf,inf,548.6574523325096,inf
109,187,inf,inf,inf,457.90064424501526,inf
109,188,inf,inf,inf,1082.1626495125397,inf
109,189,inf,inf,inf,552.6554080075576,inf
109,190,inf,inf,inf,300.2815345638156,inf
109,191,inf,inf,inf,95.01578816175763,inf
109,192,inf,inf,inf,607.0790722797154,inf
109,193,inf,inf,inf,172.66151858477326,inf
109,194,inf,inf,inf,754.4037380607283,inf
109,195,inf,inf,inf,180.64883060789515,inf
109,196,inf,inf,inf,337.3781261433527,inf
109,197,inf,inf,inf,204.79501947068928,inf
109,198,inf,inf,inf,487.80426402400377,inf
109,199,inf,inf,inf,838.0841246557532,inf
109,200,inf,inf,inf,175.4821928287882,inf
109,201,inf,inf,inf,849.2520238421572,inf
109,202,inf,inf,inf,689.3221307922734,inf
110,111,inf,inf,inf,755.7909763949289,inf
110,112,inf,inf,inf,1077.215391646443,inf
110,113,inf,inf,inf,770.2116592210222,inf
110,114,inf,inf,inf,782.8588633974837,inf
110,115,inf,inf,inf,701.2310603502957,inf
110,116,inf,inf,inf,1320.9439806441453,inf
110,117,inf,inf,inf,1112.807710253663,inf
110,118,inf,inf,inf,861.1858103800829,inf
110,119,inf,inf,inf,1454.4861635643015,inf
110,120,inf,inf,inf,641.3142755311159,inf
110,121,inf,inf,inf,1050.3608903610225,inf
110,122,inf,inf,inf,1403.7182765783168,inf
110,123,inf,inf,inf,1225.7666988460733,inf
110,124,inf,inf,inf,1314.6531862053962,inf
110,125,inf,inf,inf,1328.4012947900947,inf
110,126,inf,inf,inf,877.4793444862391,inf
110,127,inf,inf,inf,34.438350715445125,inf
110,128,inf,inf,inf,587.2001362397663,inf
110,129,inf,inf,inf,7.810249675906654,inf
110,130,inf,inf,inf,1280.5643287238638,inf
110,131,inf,inf,inf,1150.4173155859573,inf
110,132,inf,inf,inf,1343.661043567164,inf
110,133,inf,inf,inf,1194.015075281715,inf
110,134,inf,inf,inf,691.5901965759781,inf
110,135,inf,inf,inf,1086.7971291828112,inf
110,136,inf,inf,inf,741.0971596221375,inf
110,137,inf,inf,inf,1391.1750429043786,inf
110,138,inf,inf,inf,1128.8259387522949,inf
110,139,inf,inf,inf,875.9235126425137,inf
110,140,inf,inf,inf,1181.6721203447257,inf
110,141,inf,inf,inf,229.82819670353766,inf
110,142,inf,inf,inf,787.6858510853169,inf
110,143,inf,inf,inf,429.0501136231058,inf
110,144,inf,inf,inf,250.51147678300092,inf
110,145,inf,inf,inf,1328.970278072463,inf
110,146,inf,inf,inf,1158.98446926609,inf
110,147,inf,inf,inf,1394.9211447246757,inf
110,148,inf,inf,inf,184.71599822430107,inf
110,149,inf,inf,inf,1181.282354054271,inf
110,150,inf,inf,inf,977.3520348369875,inf
110,151,inf,inf,inf,1120.5034582722178,inf
110,152,inf,inf,inf,1008.7046148402416,inf
110,153,inf,inf,inf,1305.643902448137,inf
110,154,inf,inf,inf,1477.6210610301953,inf
110,155,inf,inf,inf,400.65571255131255,inf
110,156,inf,inf,inf,1187.5188419557815,inf
110,157,inf,inf,inf,704.9042488168162,inf
110,158,inf,inf,inf,1056.00473483787,inf
110,159,inf,inf,inf,796.490426810015,inf
110,160,inf,inf,inf,1042.8868586764338,inf
110,161,inf,inf,inf,1425.8713125664601,inf
110,162,inf,inf,inf,755.8207459444336,inf
110,163,inf,inf,inf,1453.6633035197663,inf
110,164,inf,inf,inf,375.16129864366343,inf
110,165,inf,inf,inf,1315.9247698861816,inf
110,166,inf,inf,inf,896.0541278293405,inf
110,167,inf,inf,inf,810.8131720686338,inf
110,168,inf,inf,inf,550.276294237722,inf
110,169,inf,inf,inf,928.1002101066457,inf
110,170,inf,inf,inf,1329.5687270690448,inf
110,171,inf,inf,inf,1345.1486906658313,inf
110,172,inf,inf,inf,933.1934418972306,inf
110,173,inf,inf,inf,353.27751131369797,inf
110,174,inf,inf,inf,1467.9645772293009,inf
110,175,inf,inf,inf,1346.9851521082182,inf
110,176,inf,inf,inf,504.0882859182506,inf
110,177,inf,inf,inf,1475.03389791557,inf
110,178,inf,inf,inf,753.4056012534019,inf
110,179,inf,inf,inf,702.8001138303835,inf
110,180,inf,inf,inf,180.46883387443938,inf
110,181,inf,inf,inf,441.61634933503086,inf
110,182,inf,inf,inf,1003.8376362739145,inf
110,183,inf,inf,inf,1046.884902938236,inf
110,184,inf,inf,inf,391.56353252058597,inf
110,185,inf,inf,inf,631.3113336540063,inf
110,186,inf,inf,inf,1093.9053889619522,inf
110,187,inf,inf,inf,1348.8191131504625,inf
110,188,inf,inf,inf,62.24146527838174,inf
110,189,inf,inf,inf,996.904208036058,inf
110,190,inf,inf,inf,1068.2925629245951,inf
110,191,inf,inf,inf,1154.854969249386,inf
110,192,inf,inf,inf,966.4724517543167,inf
110,193,inf,inf,inf,1167.2985907641626,inf
110,194,inf,inf,inf,391.51117480858704,inf
110,195,inf,inf,inf,1247.5512013540767,inf
110,196,inf,inf,inf,842.1555675764425,inf
110,197,inf,inf,inf,1227.964576036296,inf
110,198,inf,inf,inf,646.6165788162256,inf
110,199,inf,inf,inf,542.7089459369544,inf
110,200,inf,inf,inf,1078.482266891765,inf
110,201,inf,inf,inf,681.7924904250559,inf
110,202,inf,inf,inf,447.5991510268982,inf
111,112,inf,inf,inf,900.1249913206499,inf
111,113,inf,inf,inf,186.6815470259447,inf
111,114,inf,inf,inf,363.63718181726136,inf
111,115,inf,inf,inf,1031.3200279253767,inf
111,116,inf,inf,inf,1134.864309069591,inf
111,117,inf,inf,inf,1254.9856572885603,inf
111,118,inf,inf,inf,1053.27346876298,inf
111,119,inf,inf,inf,983.0208543057466,inf
111,120,inf,inf,inf,856.5839129939343,inf
111,121,inf,inf,inf,864.6860702012032,inf
111,122,inf,inf,inf,1340.4077737763237,inf
111,123,inf,inf,inf,541.4240482283734,inf
111,124,inf,inf,inf,1047.6664545550746,inf
111,125,inf,inf,inf,707.4814485200301,inf
111,126,inf,inf,inf,653.1171411010432,inf
111,127,inf,inf,inf,777.2888780884492,inf
111,128,inf,inf,inf,1146.0855116438738,inf
111,129,inf,inf,inf,757.617977611408,inf
111,130,inf,inf,inf,1112.4859549675223,inf
111,131,inf,inf,inf,722.772439983706,inf
111,132,inf,inf,inf,910.2774302376172,inf
111,133,inf,inf,inf,1094.4679072499111,inf
111,134,inf,inf,inf,556.7521890392529,inf
111,135,inf,inf,inf,1359.5366857867425,inf
111,136,inf,inf,inf,123.22743201089601,inf
111,137,inf,inf,inf,1086.4050809895912,inf
111,138,inf,inf,inf,606.4091028340521,inf
111,139,inf,inf,inf,733.9986376009155,inf
111,140,inf,inf,inf,770.6730824415758,inf
111,141,inf,inf,inf,561.9475064452195,inf
111,142,inf,inf,inf,660.2279909243473,inf
111,143,inf,inf,inf,395.43393885704853,inf
111,144,inf,inf,inf,665.8408218185484,inf
111,145,inf,inf,inf,869.6079576452828,inf
111,146,inf,inf,inf,951.7736075349011,inf
111,147,inf,inf,inf,837.0262839361736,inf
111,148,inf,inf,inf,893.6867460133892,inf
111,149,inf,inf,inf,1135.4717081460021,inf
111,150,inf,inf,inf,810.617665733976,inf
111,151,inf,inf,inf,744.6583109050755,inf
111,152,inf,inf,inf,1206.7348507439403,inf
111,153,inf,inf,inf,739.8607977180573,inf
111,154,inf,inf,inf,1201.8718733708681,inf
111,155,inf,inf,inf,1035.9174677550332,inf
111,156,inf,inf,inf,893.9222561274554,inf
111,157,inf,inf,inf,269.0018587296378,inf
111,158,inf,inf,inf,1189.6596151841081,inf
111,159,inf,inf,inf,950.4972382916218,inf
111,160,inf,inf,inf,1006.2688507551051,inf
111,161,inf,inf,inf,1225.1926379145445,inf
111,162,inf,inf,inf,599.7307729306543,inf
111,163,inf,inf,inf,1033.4606910763466,inf
111,164,inf,inf,inf,666.0285279175359,inf
111,165,inf,inf,inf,1101.1312365018077,inf
111,166,inf,inf,inf,144.15616532080756,inf
111,167,inf,inf,inf,493.66587891001745,inf
111,168,inf,inf,inf,1057.703171972175,inf
111,169,inf,inf,inf,172.88724649319857,inf
111,170,inf,inf,inf,1274.0051020306003,inf
111,171,inf,inf,inf,1224.118049862839,inf
111,172,inf,inf,inf,1312.48238083412,inf
111,173,inf,inf,inf,472.75892376559113,inf
111,174,inf,inf,inf,1097.7886864055395,inf
111,175,inf,inf,inf,1042.2653213073916,inf
111,176,inf,inf,inf,882.0459171721163,inf
111,177,inf,inf,inf,1239.1743218772733,inf
111,178,inf,inf,inf,832.2739933459413,inf
111,179,inf,inf,inf,839.1448027605247,inf
111,180,inf,inf,inf,607.6322901228999,inf
111,181,inf,inf,inf,332.4530041975858,inf
111,182,inf,inf,inf,919.4835506957153,inf
111,183,inf,inf,inf,787.8705477424575,inf
111,184,inf,inf,inf,545.8809393997925,inf
111,185,inf,inf,inf,279.5174413162799,inf
111,186,inf,inf,inf,443.64963653766245,inf
111,187,inf,inf,inf,1242.1066781883108,inf
111,188,inf,inf,inf,755.2231458317468,inf
111,189,inf,inf,inf,1095.7527093281585,inf
111,190,inf,inf,inf,978.1109344036596,inf
111,191,inf,inf,inf,901.7593914121438,inf
111,192,inf,inf,inf,1110.0382876279539,inf
111,193,inf,inf,inf,961.5289907225887,inf
111,194,inf,inf,inf,658.1375236225329,inf
111,195,inf,inf,inf,1000.0179998380029,inf
111,196,inf,inf,inf,503.5891182303287,inf
111,197,inf,inf,inf,1012.8716601820786,inf
111,198,inf,inf,inf,618.8384280246339,inf
111,199,inf,inf,inf,213.92755783208483,inf
111,200,inf,inf,inf,899.764413610585,inf
111,201,inf,inf,inf,1063.6620703964206,inf
111,202,inf,inf,inf,620.9420262794265,inf
112,113,inf,inf,inf,715.069926650534,inf
112,114,inf,inf,inf,536.4895152749958,inf
112,115,inf,inf,inf,638.0,inf
112,116,inf,inf,inf,254.19677417308034,inf
112,117,inf,inf,inf,502.1434058115271,inf
112,118,inf,inf,inf,476.4241807465276,inf
112,119,inf,inf,inf,528.8941292924322,inf
112,120,inf,inf,inf,519.6200535006324,inf
112,121,inf,inf,inf,35.510561809129406,inf
112,122,inf,inf,inf,441.88912636542665,inf
112,123,inf,inf,inf,790.3701664410164,inf
112,124,inf,inf,inf,244.23349483639626,inf
112,125,inf,inf,inf,698.264276617385,inf
112,126,inf,inf,inf,252.7152547829276,inf
112,127,inf,inf,inf,1067.1199557687974,inf
112,128,inf,inf,inf,945.0656061882688,inf
112,129,inf,inf,inf,1071.9748131369506,inf
112,130,inf,inf,inf,221.38202275704322,inf
112,131,inf,inf,inf,349.20624278497655,inf
112,132,inf,inf,inf,414.97228823139505,inf
112,133,inf,inf,inf,199.6121238802894,inf
112,134,inf,inf,inf,417.0875207915001,inf
112,135,inf,inf,inf,701.2310603502957,inf
112,136,inf,inf,inf,1016.2204485248267,inf
112,137,inf,inf,inf,329.23699670602025,inf
112,138,inf,inf,inf,490.2050591334202,inf
112,139,inf,inf,inf,206.4097865896867,inf
112,140,inf,inf,inf,327.3438559069041,inf
112,141,inf,inf,inf,881.0959085139369,inf
112,142,inf,inf,inf,300.2165884823822,inf
112,143,inf,inf,inf,1074.136397297848,inf
112,144,inf,inf,inf,827.5947075712845,inf
112,145,inf,inf,inf,441.8110455839691,inf
112,146,inf,inf,inf,82.86132994346639,inf
112,147,inf,inf,inf,618.8020685162583,inf
112,148,inf,inf,inf,1055.324120827341,inf
112,149,inf,inf,inf,260.8006901831358,inf
112,150,inf,inf,inf,103.81714694596457,inf
112,151,inf,inf,inf,275.53039759707093,inf
112,152,inf,inf,inf,534.7915481755485,inf
112,153,inf,inf,inf,593.0539604454218,inf
112,154,inf,inf,inf,401.67773152117854,inf
112,155,inf,inf,inf,1004.1852418752229,inf
112,156,inf,inf,inf,172.70784579746226,inf
112,157,inf,inf,inf,639.1752498337213,inf
112,158,inf,inf,inf,456.4482446017292,inf
112,159,inf,inf,inf,426.07511074926686,inf
112,160,inf,inf,inf,192.62917743685665,inf
112,161,inf,inf,inf,357.59474269066095,inf
112,162,inf,inf,inf,349.87140494758927,inf
112,163,inf,inf,inf,469.7744139478011,inf
112,164,inf,inf,inf,705.4310738831966,inf
112,165,inf,inf,inf,240.05207768315609,inf
112,166,inf,inf,inf,967.5546496193381,inf
112,167,inf,inf,inf,407.7952917825315,inf
112,168,inf,inf,inf,852.2587635219717,inf
112,169,inf,inf,inf,958.2677078979548,inf
112,170,inf,inf,inf,379.38898244414,inf
112,171,inf,inf,inf,324.8199501262199,inf
112,172,inf,inf,inf,795.5834337139003,inf
112,173,inf,inf,inf,782.1534376322845,inf
112,174,inf,inf,inf,435.8864531044754,inf
112,175,inf,inf,inf,290.9879722600231,inf
112,176,inf,inf,inf,694.7186480871231,inf
112,177,inf,inf,inf,399.2818553353007,inf
112,178,inf,inf,inf,369.947293543283,inf
112,179,inf,inf,inf,434.81145339100715,inf
112,180,inf,inf,inf,1080.4739700705427,inf
112,181,inf,inf,inf,986.6802926987039,inf
112,182,inf,inf,inf,124.67958934805648,inf
112,183,inf,inf,inf,132.00378782444085,inf
112,184,inf,inf,inf,698.206989366334,inf
112,185,inf,inf,inf,663.509608069092,inf
112,186,inf,inf,inf,695.5932719628619,inf
112,187,inf,inf,inf,342.0321622303961,inf
112,188,inf,inf,inf,1024.7092270493129,inf
112,189,inf,inf,inf,376.90980353394895,inf
112,190,inf,inf,inf,123.00406497347964,inf
112,191,inf,inf,inf,113.44161493913951,inf
112,192,inf,inf,inf,433.23203944306795,inf
112,193,inf,inf,inf,90.47098982546837,inf
112,194,inf,inf,inf,688.0116278087166,inf
112,195,inf,inf,inf,176.36609651517495,inf
112,196,inf,inf,inf,396.60181542700985,inf
112,197,inf,inf,inf,150.7647173578752,inf
112,198,inf,inf,inf,434.2948307313823,inf
112,199,inf,inf,inf,874.642784226795,inf
112,200,2.0,3.8284000000000002,3.82842712474619,2.23606797749979,1.7121246595673094
112,201,inf,inf,inf,704.4203290649696,inf
112,202,inf,inf,inf,629.6284618725555,inf
113,114,inf,inf,inf,179.6941846582688,inf
113,115,inf,inf,inf,907.7868692595196,inf
113,116,inf,inf,inf,948.232566409739,inf
113,117,inf,inf,inf,1090.2463024472956,inf
113,118,inf,inf,inf,903.5623940824452,inf
113,119,inf,inf,inf,818.4790773135255,inf
113,120,inf,inf,inf,726.1914348159169,inf
113,121,inf,inf,inf,679.7205308065955,inf
113,122,inf,inf,inf,1156.2218645225491,inf
113,123,inf,inf,inf,456.8697845119548,inf
113,124,inf,inf,inf,861.7685304070925,inf
113,125,inf,inf,inf,584.9581181588986,inf
113,126,inf,inf,inf,470.98619937318756,inf
113,127,inf,inf,inf,784.6349469657848,inf
113,128,inf,inf,inf,1065.4698494091704,inf
113,129,inf,inf,inf,770.1460900374682,inf
113,130,inf,inf,inf,926.1452369903977,inf
113,131,inf,inf,inf,544.3252704036438,inf
113,132,inf,inf,inf,737.2848838813936,inf
113,133,inf,inf,inf,910.7853753766581,inf
113,134,inf,inf,inf,397.46823772472686,inf
113,135,inf,inf,inf,1210.2107254523899,inf
113,136,inf,inf,inf,307.6572768520192,inf
113,137,inf,inf,inf,902.5175898562863,inf
113,138,inf,inf,inf,442.5494322671762,inf
113,139,inf,inf,inf,556.2157854645983,inf
113,140,inf,inf,inf,591.3214016082962,inf
113,141,inf,inf,inf,549.2950027080167,inf
113,142,inf,inf,inf,489.27395189198455,inf
113,143,inf,inf,inf,496.47759264643554,inf
113,144,inf,inf,inf,621.9019215278242,inf
113,145,inf,inf,inf,700.1828332657121,inf
113,146,inf,inf,inf,765.3554729666471,inf
113,147,inf,inf,inf,691.9747105205507,inf
113,148,inf,inf,inf,876.8135491653856,inf
113,149,inf,inf,inf,954.5983448550495,inf
113,150,inf,inf,inf,627.8096845382365,inf
113,151,inf,inf,inf,561.1933713079654,inf
113,152,inf,inf,inf,1051.144614218234,inf
113,153,inf,inf,inf,594.8209814725772,inf
113,154,inf,inf,inf,1017.2875699623976,inf
113,155,inf,inf,inf,983.7992681436594,inf
113,156,inf,inf,inf,707.9046545969309,inf
113,157,inf,inf,inf,109.48972554536796,inf
113,158,inf,inf,inf,1025.7680049601859,inf
113,159,inf,inf,inf,800.8027222730951,inf
113,160,inf,inf,inf,828.893841212492,inf
113,161,inf,inf,inf,1038.5764295418994,inf
113,162,inf,inf,inf,430.2940854810812,inf
113,163,inf,inf,inf,860.7700041242143,inf
113,164,inf,inf,inf,587.66657213083,inf
113,165,inf,inf,inf,914.4725255577665,inf
113,166,inf,inf,inf,267.41914665932205,inf
113,167,inf,inf,inf,311.13983994339264,inf
113,168,inf,inf,inf,970.4813238800631,inf
113,169,inf,inf,inf,271.1162112452887,inf
113,170,inf,inf,inf,1090.7671612218621,inf
113,171,inf,inf,inf,1038.4416208916127,inf
113,172,inf,inf,inf,1183.3663845149565,inf
113,173,inf,inf,inf,435.2436099473489,inf
113,174,inf,inf,inf,919.5618521883125,inf
113,175,inf,inf,inf,857.974941359012,inf
113,176,inf,inf,inf,782.8748303528477,inf
113,177,inf,inf,inf,1053.2373901452606,inf
113,178,inf,inf,inf,679.0890957746266,inf
113,179,inf,inf,inf,695.4840041294983,inf
113,180,inf,inf,inf,654.3859717322797,inf
113,181,inf,inf,inf,413.2323801446348,inf
113,182,inf,inf,inf,740.2296940815061,inf
113,183,inf,inf,inf,601.3401699537459,inf
113,184,inf,inf,inf,472.80016920470746,inf
113,185,inf,inf,inf,162.04937519163718,inf
113,186,inf,inf,inf,330.49205739321485,inf
113,187,inf,inf,inf,1056.8031983297553,inf
113,188,inf,inf,inf,754.4773025081669,inf
113,189,inf,inf,inf,930.5847623940551,inf
113,190,inf,inf,inf,796.9247141355323,inf
113,191,inf,inf,inf,715.0860088129259,inf
113,192,inf,inf,inf,950.3394130519896,inf
113,193,inf,inf,inf,775.0948329075611,inf
113,194,inf,inf,inf,575.6083738098326,inf
113,195,inf,inf,inf,813.4826365694599,inf
113,196,inf,inf,inf,318.59692402783804,inf
113,197,inf,inf,inf,826.2088113788185,inf
113,198,inf,inf,inf,471.8400152594097,inf
113,199,inf,inf,inf,266.4301034042512,inf
113,200,inf,inf,inf,714.6425680016549,inf
113,201,inf,inf,inf,948.213583534849,inf
113,202,inf,inf,inf,524.218465909014,inf
114,115,inf,inf,inf,776.0161080802383,inf
114,116,inf,inf,inf,773.8378383098102,inf
114,117,inf,inf,inf,919.1218635197403,inf
114,118,inf,inf,inf,746.3276760244122,inf
114,119,inf,inf,inf,703.3988910994956,inf
114,120,inf,inf,inf,592.0135133592813,inf
114,121,inf,inf,inf,501.0488998091903,inf
114,122,inf,inf,inf,977.0245646860676,inf
114,123,inf,inf,inf,482.4976683881488,inf
114,124,inf,inf,inf,695.385504594394,inf
114,125,inf,inf,inf,548.7604213133451,inf
114,126,inf,inf,inf,291.3314263858261,inf
114,127,inf,inf,inf,789.7708528427723,inf
114,128,inf,inf,inf,973.1515812040794,inf
114,129,inf,inf,inf,781.0025608152639,inf
114,130,inf,inf,inf,749.9846665099227,inf
114,131,inf,inf,inf,407.42115801710645,inf
114,132,inf,inf,inf,607.4874484300067,inf
114,133,inf,inf,inf,731.3467030075408,inf
114,134,inf,inf,inf,244.1823089414956,inf
114,135,inf,inf,inf,1050.7692420317603,inf
114,136,inf,inf,inf,480.71301209765477,inf
114,137,inf,inf,inf,743.4218183507934,inf
114,138,inf,inf,inf,348.85527085024813,inf
114,139,inf,inf,inf,378.2089369647417,inf
114,140,inf,inf,inf,450.18773861579126,inf
114,141,inf,inf,inf,553.0325487708658,inf
114,142,inf,inf,inf,317.59250620882096,inf
114,143,inf,inf,inf,602.9593684486542,inf
114,144,inf,inf,inf,587.2307893835268,inf
114,145,inf,inf,inf,578.9732290874941,inf
114,146,inf,inf,inf,589.6753344002104,inf
114,147,inf,inf,inf,614.9284511225676,inf
114,148,inf,inf,inf,854.046837123117,inf
114,149,inf,inf,inf,774.9941935266354,inf
114,150,inf,inf,inf,448.13502429513363,inf
114,151,inf,inf,inf,407.96568483145734,inf
114,152,inf,inf,inf,887.4260532573968,inf
114,153,inf,inf,inf,523.5360541548213,inf
114,154,inf,inf,inf,855.3128082754286,inf
114,155,inf,inf,inf,922.1241781885994,inf
114,156,inf,inf,inf,541.7868584600405,inf
114,157,inf,inf,inf,113.99122773266372,inf
114,158,inf,inf,inf,855.5290760693058,inf
114,159,inf,inf,inf,644.9751933214176,inf
114,160,inf,inf,inf,650.4805915628843,inf
114,161,inf,inf,inf,866.9192580627102,inf
114,162,inf,inf,inf,261.7040313025384,inf
114,163,inf,inf,inf,729.0027434790626,inf
114,164,inf,inf,inf,519.0857347298229,inf
114,165,inf,inf,inf,742.3651392677326,inf
114,166,inf,inf,inf,442.4036618293298,inf
114,167,inf,inf,inf,131.55227098001768,inf
114,168,inf,inf,inf,873.9107505918439,inf
114,169,inf,inf,inf,440.4384179428493,inf
114,170,inf,inf,inf,911.2173176580875,inf
114,171,inf,inf,inf,860.6352305129044,inf
114,172,inf,inf,inf,1042.1026820808015,inf
114,173,inf,inf,inf,429.60563311018166,inf
114,174,inf,inf,inf,775.0329025273701,inf
114,175,inf,inf,inf,697.8889596490261,inf
114,176,inf,inf,inf,680.0772014999474,inf
114,177,inf,inf,inf,885.9779906972859,inf
114,178,inf,inf,inf,521.9808425603377,inf
114,179,inf,inf,inf,547.9890509855101,inf
114,180,inf,inf,inf,703.9524131644127,inf
114,181,inf,inf,inf,513.3351731568762,inf
114,182,inf,inf,inf,561.1434754142651,inf
114,183,inf,inf,inf,426.65677071857186,inf
114,184,inf,inf,inf,422.7647099747092,inf
114,185,inf,inf,inf,170.6282508847817,inf
114,186,inf,inf,inf,343.9026024908797,inf
114,187,inf,inf,inf,878.4856287953719,inf
114,188,inf,inf,inf,753.5210680531766,inf
114,189,inf,inf,inf,759.8170832509625,inf
114,190,inf,inf,inf,617.3046249624249,inf
114,191,inf,inf,inf,543.111406619305,inf
114,192,inf,inf,inf,783.8552162229961,inf
114,193,inf,inf,inf,599.4814425818367,inf
114,194,inf,inf,inf,503.4332130481659,inf
114,195,inf,inf,inf,643.2573357529628,inf
114,196,inf,inf,inf,140.06427096158393,inf
114,197,inf,inf,inf,652.4852488754057,inf
114,198,inf,inf,inf,330.00151514803684,inf
114,199,inf,inf,inf,375.3411781299782,inf
114,200,inf,inf,inf,536.1343115302359,inf
114,201,inf,inf,inf,823.7068653349928,inf
114,202,inf,inf,inf,440.5961870012041,inf
115,116,inf,inf,inf,805.702178227166,inf
115,117,inf,inf,inf,429.8650951170611,inf
115,118,inf,inf,inf,201.37527157027003,inf
115,119,inf,inf,inf,1156.8029218496986,inf
115,120,inf,inf,inf,184.00271737123884,inf
115,121,inf,inf,inf,632.0292714740355,inf
115,122,inf,inf,inf,786.9243928103893,inf
115,123,inf,inf,inf,1232.8280496484495,inf
115,124,inf,inf,inf,867.4525923645626,inf
115,125,inf,inf,inf,1225.432576684658,inf
115,126,inf,inf,inf,609.0853798934925,inf
115,127,inf,inf,inf,674.2647847841381,inf
115,128,inf,inf,inf,316.16609558901155,inf
115,129,inf,inf,inf,693.6295841441597,inf
115,130,inf,inf,inf,761.4630654207728,inf
115,131,inf,inf,inf,908.3066662752178,inf
115,132,inf,inf,inf,1038.345799818153,inf
115,133,inf,inf,inf,645.2542134693891,inf
115,134,inf,inf,inf,533.7883475685845,inf
115,135,inf,inf,inf,388.8560144835103,inf
115,136,inf,inf,inf,1100.4308247227539,inf
115,137,inf,inf,inf,955.9377594801871,inf
115,138,inf,inf,inf,987.5834141985172,inf
115,139,inf,inf,inf,529.5101509886283,inf
115,140,inf,inf,inf,910.794158962386,inf
115,141,inf,inf,inf,629.3504588065381,inf
115,142,inf,inf,inf,508.9223909399153,inf
115,143,inf,inf,inf,952.3513007288855,inf
115,144,inf,inf,inf,501.0279433325052,inf
115,145,inf,inf,inf,1053.169027269602,inf
115,146,inf,inf,inf,711.7092102818398,inf
115,147,inf,inf,inf,1202.1314404007576,inf
115,148,inf,inf,inf,582.0867632922088,inf
115,149,inf,inf,inf,595.5476471282545,inf
115,150,inf,inf,inf,582.4036400985145,inf
115,151,inf,inf,inf,842.9810199524068,inf
115,152,inf,inf,inf,316.1803282938393,inf
115,153,inf,inf,inf,1146.1801778080094,inf
115,154,inf,inf,inf,998.737703303525,inf
115,155,inf,inf,inf,433.49740483652266,inf
115,156,inf,inf,inf,805.903219996049,inf
115,157,inf,inf,inf,798.3389004677149,inf
115,158,inf,inf,inf,384.1054542700481,inf
115,159,inf,inf,inf,212.1508896988179,inf
115,160,inf,inf,inf,495.6470518423367,inf
115,161,inf,inf,inf,898.6578881866002,inf
115,162,inf,inf,inf,539.786995026742,inf
115,163,inf,inf,inf,1106.6724899445182,inf
115,164,inf,inf,inf,411.25296351515817,inf
115,165,inf,inf,inf,824.9175716397366,inf
115,166,inf,inf,inf,1160.276691138799,inf
115,167,inf,inf,inf,687.7332331653023,inf
115,168,inf,inf,inf,238.32121181296472,inf
115,169,inf,inf,inf,1172.9778344026795,inf
115,170,inf,inf,inf,719.4025298815677,inf
115,171,inf,inf,inf,775.8608122595186,inf
115,172,inf,inf,inf,282.46238687655386,inf
115,173,inf,inf,inf,621.2889826803627,inf
115,174,inf,inf,inf,1071.698185124898,inf
115,175,inf,inf,inf,923.2475291058189,inf
115,176,inf,inf,inf,200.6439632782407,inf
115,177,inf,inf,inf,965.1165732697787,inf
115,178,inf,inf,inf,295.7177708559295,inf
115,179,inf,inf,inf,242.62110378118388,inf
115,180,inf,inf,inf,808.4775816310555,inf
115,181,inf,inf,inf,896.197522870935,inf
115,182,inf,inf,inf,517.10830587025,inf
115,183,inf,inf,inf,697.8173113358539,inf
115,184,inf,inf,inf,514.3821536562092,inf
115,185,inf,inf,inf,758.5018127862319,inf
115,186,inf,inf,inf,1100.331768149952,inf
115,187,inf,inf,inf,768.8497902711556,inf
115,188,inf,inf,inf,639.0782424711391,inf
115,189,inf,inf,inf,359.339672176619,inf
115,190,inf,inf,inf,556.2391571976932,inf
115,191,inf,inf,inf,749.8353152526226,inf
115,192,inf,inf,inf,307.2621030976648,inf
115,193,inf,inf,inf,715.5927612825608,inf
115,194,inf,inf,inf,408.96454614061594,inf
115,195,inf,inf,inf,803.9633076204411,inf
115,196,inf,inf,inf,709.5667692331709,inf
115,197,inf,inf,inf,762.9849277672528,inf
115,198,inf,inf,inf,446.0403569185192,inf
115,199,inf,inf,inf,874.1647441987122,inf
115,200,inf,inf,inf,640.1382663143955,inf
115,201,inf,inf,inf,66.48308055437865,inf
115,202,inf,inf,inf,420.4045670541651,inf
116,117,inf,inf,inf,525.9087373299668,inf
116,118,inf,inf,inf,614.0521150521347,inf
116,119,inf,inf,inf,511.00391387933615,inf
116,120,inf,inf,inf,727.0110040432676,inf
116,121,inf,inf,inf,287.4456470360962,inf
116,122,inf,inf,inf,261.23169792351007,inf
116,123,inf,inf,inf,936.5730083661391,inf
116,124,inf,inf,inf,143.19916200872126,inf
116,125,inf,inf,inf,798.3188586022504,inf
116,126,inf,inf,inf,502.5027363109578,inf
116,127,inf,inf,inf,1308.7753817978087,inf
116,128,inf,inf,inf,1121.7883044496407,inf
116,129,inf,inf,inf,1315.3592665123851,inf
116,130,inf,inf,inf,44.294469180700204,inf
116,131,inf,inf,inf,482.78048842098,inf
116,132,inf,inf,inf,432.64997399745675,inf
116,133,inf,inf,inf,163.68567438844488,inf
116,134,inf,inf,inf,671.2749064280595,inf
116,135,inf,inf,inf,745.2254692373309,inf
116,136,inf,inf,inf,1254.129179949179,inf
116,137,inf,inf,inf,204.15925156602626,inf
116,138,inf,inf,inf,641.1123146532127,inf
116,139,inf,inf,inf,459.80104393095934,inf
116,140,inf,inf,inf,440.8559855553739,inf
116,141,inf,inf,inf,1131.4813299387665,inf
116,142,inf,inf,inf,553.8321045226613,inf
116,143,inf,inf,inf,1327.6464137713776,inf
116,144,inf,inf,inf,1070.4601814173193,inf
116,145,inf,inf,inf,481.1912301777745,inf
116,146,inf,inf,inf,185.15398996510984,inf
116,147,inf,inf,inf,672.0505933335675,inf
116,148,inf,inf,inf,1284.9906614446659,inf
116,149,inf,inf,inf,235.41665191740367,inf
116,150,inf,inf,inf,357.89663312191135,inf
116,151,inf,inf,inf,424.5479949310796,inf
116,152,inf,inf,inf,606.1105509723453,inf
116,153,inf,inf,inf,683.2898360139715,inf
116,154,inf,inf,inf,197.29419656948858,inf
116,155,inf,inf,inf,1209.6230817903568,inf
116,156,inf,inf,inf,259.6690201005888,inf
116,157,inf,inf,inf,881.7193431018738,inf
116,158,inf,inf,inf,509.2003534955568,inf
116,159,inf,inf,inf,601.055737847997,inf
116,160,inf,inf,inf,310.8858311341963,inf
116,161,inf,inf,inf,105.04284840006957,inf
116,162,inf,inf,inf,604.0480113368473,inf
116,163,inf,inf,inf,416.1249812255929,inf
116,164,inf,inf,inf,946.3852281180217,inf
116,165,inf,inf,inf,51.97114584074513,inf
116,166,inf,inf,inf,1188.2028446355446,inf
116,167,inf,inf,inf,650.431395306223,inf
116,168,inf,inf,inf,1037.7306972427866,inf
116,169,inf,inf,inf,1174.4279458527883,inf
116,170,inf,inf,inf,234.07691043757393,inf
116,171,inf,inf,inf,125.1718818265508,inf
116,172,inf,inf,inf,892.7782479429032,inf
116,173,inf,inf,inf,1035.237170893704,inf
116,174,inf,inf,inf,332.14605221197496,inf
116,175,inf,inf,inf,203.0615670184784,inf
116,176,inf,inf,inf,903.8860547657542,inf
116,177,inf,inf,inf,161.00310556011024,inf
116,178,inf,inf,inf,584.0624966559658,inf
116,179,inf,inf,inf,645.7685343836444,inf
116,180,inf,inf,inf,1332.2852547408907,inf
116,181,inf,inf,inf,1239.8136956817343,inf
116,182,inf,inf,inf,319.8702862098948,inf
116,183,inf,inf,inf,347.2477501726973,inf
116,184,inf,inf,inf,948.443461678133,inf
116,185,inf,inf,inf,911.882119574674,inf
116,186,inf,inf,inf,868.8118323319497,inf
116,187,inf,inf,inf,152.190669884852,inf
116,188,inf,inf,inf,1266.3842228960373,inf
116,189,inf,inf,inf,469.14496693452867,inf
116,190,inf,inf,inf,260.6338427756457,inf
116,191,inf,inf,inf,235.0,inf
116,192,inf,inf,inf,531.9718037640716,inf
116,193,inf,inf,inf,175.30829986055994,inf
116,194,inf,inf,inf,929.6235797353679,inf
116,195,inf,inf,inf,147.80054127099805,inf
116,196,inf,inf,inf,634.5967223363197,inf
116,197,inf,inf,inf,122.31925441237777,inf
116,198,inf,inf,inf,684.6575786478961,inf
116,199,inf,inf,inf,1124.711518568206,inf
116,200,inf,inf,inf,253.58430550804994,inf
116,201,inf,inf,inf,870.6824909230689,inf
116,202,inf,inf,inf,874.8256969248217,inf
117,118,inf,inf,inf,252.1745427278495,inf
117,119,inf,inf,inf,1002.3896447988676,inf
117,120,inf,inf,inf,482.18772278024665,inf
117,121,inf,inf,inf,521.3108477674333,inf
117,122,inf,inf,inf,398.911017646793,inf
117,123,inf,inf,inf,1275.9941222435157,inf
117,124,inf,inf,inf,642.3223489806345,inf
117,125,inf,inf,inf,1199.3752540385349,inf
117,126,inf,inf,inf,648.0563247125978,inf
117,127,inf,inf,inf,1089.0036730883878,inf
117,128,inf,inf,inf,712.5061403244185,inf
117,129,inf,inf,inf,1105.5324509031836,inf
117,130,inf,inf,inf,488.8292135296335,inf
117,131,inf,inf,inf,850.1699830033991,inf
117,132,inf,inf,inf,899.4009117184617,inf
117,133,inf,inf,inf,374.73323845103465,inf
117,134,inf,inf,inf,698.2334853041639,inf
117,135,inf,inf,inf,219.3467574412715,inf
117,136,inf,inf,inf,1351.5694580745749,inf
117,137,inf,inf,inf,722.59601438148,inf
117,138,inf,inf,inf,982.5197199038806,inf
117,139,inf,inf,inf,550.3280839644657,inf
117,140,inf,inf,inf,829.4395698301354,inf
117,141,inf,inf,inf,997.1369013330116,inf
117,142,inf,inf,inf,601.8388488623845,inf
117,143,inf,inf,inf,1289.243576675874,inf
117,144,inf,inf,inf,885.9599313738743,inf
117,145,inf,inf,inf,934.4757888784492,inf
117,146,inf,inf,inf,534.7990276730129,inf
117,147,inf,inf,inf,1118.033988749895,inf
117,148,inf,inf,inf,1009.1823422949889,inf
117,149,inf,inf,inf,293.0614270080592,inf
117,150,inf,inf,inf,522.9780110100232,inf
117,151,inf,inf,inf,776.1861890036437,inf
117,152,inf,inf,inf,118.2285921425101,inf
117,153,inf,inf,inf,1095.1826331712898,inf
117,154,inf,inf,inf,717.8056840120452,inf
117,155,inf,inf,inf,860.0093022752719,inf
117,156,inf,inf,inf,660.7208185005222,inf
117,157,inf,inf,inf,988.8665228431995,inf
117,158,inf,inf,inf,65.85590330410783,inf
117,159,inf,inf,inf,333.94610343586885,inf
117,160,inf,inf,inf,311.2715855968868,inf
117,161,inf,inf,inf,587.6818867380549,inf
117,162,inf,inf,inf,660.001515149776,inf
117,163,inf,inf,inf,921.5834199897479,inf
117,164,inf,inf,inf,771.7674520216566,inf
117,165,inf,inf,inf,566.1740015225001,inf
117,166,inf,inf,inf,1357.6487027209948,inf
117,167,inf,inf,inf,793.7663384145236,inf
117,168,inf,inf,inf,657.5142584005308,inf
117,169,inf,inf,inf,1358.74832106612,inf
117,170,inf,inf,inf,348.0057470789814,inf
117,171,inf,inf,inf,442.33019340759455,inf
117,172,inf,inf,inf,388.89715864223024,inf
117,173,inf,inf,inf,950.4861913778653,inf
117,174,inf,inf,inf,851.6906715468945,inf
117,175,inf,inf,inf,707.3400879350753,inf
117,176,inf,inf,inf,611.4981602588841,inf
117,177,inf,inf,inf,660.4619595404416,inf
117,178,inf,inf,inf,432.0567092408125,inf
117,179,inf,inf,inf,448.8128786030989,inf
117,180,inf,inf,inf,1194.0602999848877,inf
117,181,inf,inf,inf,1216.9905504974145,inf
117,182,inf,inf,inf,398.4080822473359,inf
117,183,inf,inf,inf,623.4845627599773,inf
117,184,inf,inf,inf,840.1315373201985,inf
117,185,inf,inf,inf,978.8059051722155,inf
117,186,inf,inf,inf,1166.3558633624646,inf
117,187,inf,inf,inf,424.3795471037689,inf
117,188,inf,inf,inf,1050.8306238400173,inf
117,189,inf,inf,inf,159.66527487215245,inf
117,190,inf,inf,inf,379.22288960451743,inf
117,191,inf,inf,inf,601.568782434727,inf
117,192,inf,inf,inf,154.6156525064652,inf
117,193,inf,inf,inf,532.4744125307807,inf
117,194,inf,inf,inf,762.0839848730585,inf
117,195,inf,inf,inf,599.503961621606,inf
117,196,inf,inf,inf,799.8481105810027,inf
117,197,inf,inf,inf,549.1320424087453,inf
117,198,inf,inf,inf,643.645865363866,inf
117,199,inf,inf,inf,1152.8347669982893,inf
117,200,inf,inf,inf,504.1676308530725,inf
117,201,inf,inf,inf,476.03781362408597,inf
117,202,inf,inf,inf,741.126170095214,inf
118,119,inf,inf,inf,1005.0537299070135,inf
118,120,inf,inf,inf,232.69937687926884,inf
118,121,inf,inf,inf,478.5237716143264,inf
118,122,inf,inf,inf,585.9982935128736,inf
118,123,inf,inf,inf,1162.034853177821,inf
118,124,inf,inf,inf,689.0936075744717,inf
118,125,inf,inf,inf,1123.6729951369305,inf
118,126,inf,inf,inf,517.3132513284384,inf
118,127,inf,inf,inf,837.9003520705788,inf
118,128,inf,inf,inf,513.8686602625227,inf
118,129,inf,inf,inf,853.9613574395506,inf
118,130,inf,inf,inf,570.2017186926045,inf
118,131,inf,inf,inf,786.5271768985481,inf
118,132,inf,inf,inf,889.7156849241222,inf
118,133,inf,inf,inf,451.2704289004543,inf
118,134,inf,inf,inf,506.62214716689994,inf
118,135,inf,inf,inf,306.86316168611705,inf
118,136,inf,inf,inf,1139.924558907299,inf
118,137,inf,inf,inf,777.3113919144631,inf
118,138,inf,inf,inf,890.2611976268538,inf
118,139,inf,inf,inf,422.89596829480416,inf
118,140,inf,inf,inf,779.9653838472577,inf
118,141,inf,inf,inf,747.8301946297702,inf
118,142,inf,inf,inf,438.2168413011987,inf
118,143,inf,inf,inf,1048.3439321138842,inf
118,144,inf,inf,inf,634.20580255939,inf
118,145,inf,inf,inf,911.9435289534106,inf
118,146,inf,inf,inf,541.4000369412621,inf
118,147,inf,inf,inf,1076.486878693837,inf
118,148,inf,inf,inf,763.8566619464675,inf
118,149,inf,inf,inf,396.27389517857466,inf
118,150,inf,inf,inf,444.6234361794259,inf
118,151,inf,inf,inf,715.6905755981421,inf
118,152,inf,inf,inf,161.27616066858735,inf
118,153,inf,inf,inf,1032.723099383373,inf
118,154,inf,inf,inf,809.7956532360495,inf
118,155,inf,inf,inf,632.4365580831013,inf
118,156,inf,inf,inf,648.9869027954262,inf
118,157,inf,inf,inf,796.4753605730689,inf
118,158,inf,inf,inf,195.25624189766637,inf
118,159,inf,inf,inf,102.95630140987001,inf
118,160,inf,inf,inf,309.7256850827842,inf
118,161,inf,inf,inf,703.1543216108396,inf
118,162,inf,inf,inf,486.7627758980754,inf
118,163,inf,inf,inf,944.2563211331974,inf
118,164,inf,inf,inf,521.8783383126761,inf
118,165,inf,inf,inf,637.7813104818923,inf
118,166,inf,inf,inf,1168.3912016101456,inf
118,167,inf,inf,inf,634.6124801798338,inf
118,168,inf,inf,inf,439.69193761086865,inf
118,169,inf,inf,inf,1174.6527146352662,inf
118,170,inf,inf,inf,518.0617723785456,inf
118,171,inf,inf,inf,576.3471176296451,inf
118,172,inf,inf,inf,326.52871236692187,inf
118,173,inf,inf,inf,708.7397265569357,inf
118,174,inf,inf,inf,898.5260152049021,inf
118,175,inf,inf,inf,748.5359042824866,inf
118,176,inf,inf,inf,362.51620653427346,inf
118,177,inf,inf,inf,771.3326130794678,inf
118,178,inf,inf,inf,224.84883811129646,inf
118,179,inf,inf,inf,216.3631207022121,inf
118,180,inf,inf,inf,942.9506880001732,inf
118,181,inf,inf,inf,980.1152993398276,inf
118,182,inf,inf,inf,351.7456467392312,inf
118,183,inf,inf,inf,561.4846391487482,inf
118,184,inf,inf,inf,597.6495628710859,inf
118,185,inf,inf,inf,773.760298800604,inf
118,186,inf,inf,inf,1038.253340952968,inf
118,187,inf,inf,inf,568.4171003761235,inf
118,188,inf,inf,inf,799.3253405216176,inf
118,189,inf,inf,inf,157.96518603793686,inf
118,190,inf,inf,inf,377.1392315843049,inf
118,191,inf,inf,inf,589.8075957462738,inf
118,192,inf,inf,inf,109.04127658827184,inf
118,193,inf,inf,inf,543.6883298361296,inf
118,194,inf,inf,inf,513.1276644267,inf
118,195,inf,inf,inf,629.3242407535245,inf
118,196,inf,inf,inf,649.006163298932,inf
118,197,inf,inf,inf,584.6246659182283,inf
118,198,inf,inf,inf,434.750503162446,inf
118,199,inf,inf,inf,928.8379837194428,inf
118,200,inf,inf,inf,478.65331921966236,inf
118,201,inf,inf,inf,261.8472837361503,inf
118,202,inf,inf,inf,497.8554006938159,inf
119,120,inf,inf,inf,1014.6575777078689,inf
119,121,inf,inf,inf,527.6741418716668,inf
119,122,inf,inf,inf,763.8906989877544,inf
119,123,inf,inf,inf,568.0158448494196,inf
119,124,inf,inf,inf,370.98382714075285,inf
119,125,inf,inf,inf,374.5130171302461,inf
119,126,inf,inf,inf,597.6085675423337,inf
119,127,inf,inf,inf,1454.356214962483,inf
119,128,inf,inf,inf,1451.8877367069397,inf
119,129,inf,inf,inf,1451.1695283460165,inf
119,130,inf,inf,inf,533.5775482532974,inf
119,131,inf,inf,inf,304.38462510448846,inf
119,132,inf,inf,inf,119.5198728245642,inf
119,133,inf,inf,inf,631.4950514453775,inf
119,134,inf,inf,inf,771.2360209430055,inf
119,135,inf,inf,inf,1214.9707815416798,inf
119,136,inf,inf,inf,1104.094651739605,inf
119,137,inf,inf,inf,313.43579884882325,inf
119,138,inf,inf,inf,377.107411754264,inf
119,139,inf,inf,inf,643.4811574552903,inf
119,140,inf,inf,inf,274.2498860528478,inf
119,141,inf,inf,inf,1229.7044360333095,inf
119,142,inf,inf,inf,703.878540658827,inf
119,143,inf,inf,inf,1302.20812468668,inf
119,144,inf,inf,inf,1224.4059784238232,inf
119,145,inf,inf,inf,125.93649193144932,inf
119,146,inf,inf,inf,472.7885362400404,inf
119,147,inf,inf,inf,207.19314660480447,inf
119,148,inf,inf,inf,1483.0434922820032,inf
119,149,inf,inf,inf,715.0398590288517,inf
119,150,inf,inf,inf,574.7425510609077,inf
119,151,inf,inf,inf,339.7675676105652,inf
119,152,inf,inf,inf,1055.185765635606,inf
119,153,inf,inf,inf,275.5358415887124,inf
119,154,inf,inf,inf,398.05778474990285,inf
119,155,inf,inf,inf,1480.11654946494,inf
119,156,inf,inf,inf,356.1867487709221,inf
119,157,inf,inf,inf,811.4776645108601,inf
119,158,inf,inf,inf,968.2912784901039,inf
119,159,inf,inf,inf,947.8612767699713,inf
119,160,inf,inf,inf,712.0849668403343,inf
119,161,inf,inf,inf,518.3367631183418,inf
119,162,inf,inf,inf,714.7314180865425,inf
119,163,inf,inf,inf,104.92378186092989,inf
119,164,inf,inf,inf,1119.6160056019207,inf
119,165,inf,inf,inf,460.15649511878024,inf
119,166,inf,inf,inf,972.634052457552,inf
119,167,inf,inf,inf,644.7728282116113,inf
119,168,inf,inf,inf,1354.3596272777775,inf
119,169,inf,inf,inf,944.9338601193207,inf
119,170,inf,inf,inf,745.0107381776453,inf
119,171,inf,inf,inf,633.5337402222552,inf
119,172,inf,inf,inf,1323.782459469833,inf
119,173,inf,inf,inf,1109.3570209810725,inf
119,174,inf,inf,inf,209.88091861815357,inf
119,175,inf,inf,inf,308.0795351853154,inf
119,176,inf,inf,inf,1177.762709547216,inf
119,177,inf,inf,inf,473.4015209101044,inf
119,178,inf,inf,inf,869.3503321446424,inf
119,179,inf,inf,inf,932.0225319164767,inf
119,180,inf,inf,inf,1400.61165210061,inf
119,181,inf,inf,inf,1213.6494551558123,inf
119,182,inf,inf,inf,653.4829760598205,inf
119,183,inf,inf,inf,461.8159806676248,inf
119,184,inf,inf,inf,1065.2811835379428,inf
119,185,inf,inf,inf,874.0205947230305,inf
119,186,inf,inf,inf,572.9720761084261,inf
119,187,inf,inf,inf,660.6368139908644,inf
119,188,inf,inf,inf,1414.1032494128567,inf
119,189,inf,inf,inf,899.2307823912613,inf
119,190,inf,inf,inf,639.3316823058278,inf
119,191,inf,inf,inf,415.9326868617084,inf
119,192,inf,inf,inf,958.4868282871706,inf
119,193,inf,inf,inf,473.3201876108814,inf
119,194,inf,inf,inf,1101.28697440767,inf
119,195,inf,inf,inf,403.39806643066595,inf
119,196,inf,inf,inf,613.9087880133335,inf
119,197,inf,inf,inf,453.84248368789804,inf
119,198,inf,inf,inf,837.8287414501845,inf
119,199,inf,inf,inf,1070.54612231328,inf
119,200,inf,inf,inf,526.6592826486589,inf
119,201,inf,inf,inf,1222.4275029628545,inf
119,202,inf,inf,inf,1033.8167148967946,inf
120,121,inf,inf,inf,505.460186364861,inf
120,122,inf,inf,inf,768.188127999906,inf
120,123,inf,inf,inf,1051.5835677681541,inf
120,124,inf,inf,inf,761.5937237136346,inf
120,125,inf,inf,inf,1052.7269351546013,inf
120,126,inf,inf,inf,440.78339351658883,inf
120,127,inf,inf,inf,620.9428315070559,inf
120,128,inf,inf,inf,437.92236754931804,inf
120,129,inf,inf,inf,634.4359699764823,inf
120,130,inf,inf,inf,683.3893472977172,inf
120,131,inf,inf,inf,748.315441508459,inf
120,132,inf,inf,inf,895.1608793954302,inf
120,133,inf,inf,inf,579.4238517700147,inf
120,134,inf,inf,inf,350.12140751459344,inf
120,135,inf,inf,inf,518.0154437852216,inf
120,136,inf,inf,inf,932.4832438172817,inf
120,137,inf,inf,inf,848.2476053606046,inf
120,138,inf,inf,inf,814.9233092751734,inf
120,139,inf,inf,inf,372.7868023414992,inf
120,140,inf,inf,inf,756.4000264410361,inf
120,141,inf,inf,inf,515.3532768887766,inf
120,142,inf,inf,inf,335.5964838909967,inf
120,143,inf,inf,inf,817.9046399183709,inf
120,144,inf,inf,inf,405.2159917870962,inf
120,145,inf,inf,inf,903.8418003168475,inf
120,146,inf,inf,inf,600.1108230985341,inf
120,147,inf,inf,inf,1040.8616622779416,inf
120,148,inf,inf,inf,567.7076712534366,inf
120,149,inf,inf,inf,551.6013052921467,inf
120,150,inf,inf,inf,444.49634419194047,inf
120,151,inf,inf,inf,687.6074461493273,inf
120,152,inf,inf,inf,392.65888503891006,inf
120,153,inf,inf,inf,979.0045965162778,inf
120,154,inf,inf,inf,908.7353850269064,inf
120,155,inf,inf,inf,485.68405368099127,inf
120,156,inf,inf,inf,675.5301621689441,inf
120,157,inf,inf,inf,616.7090075554272,inf
120,158,inf,inf,inf,421.0866894120497,inf
120,159,inf,inf,inf,155.23208431248997,inf
120,160,inf,inf,inf,423.0425510513097,inf
120,161,inf,inf,inf,828.0464962790435,inf
120,162,inf,inf,inf,360.0347205478938,inf
120,163,inf,inf,inf,975.5393380074429,inf
120,164,inf,inf,inf,289.6377047278203,inf
120,165,inf,inf,inf,735.615388637296,inf
120,166,inf,inf,inf,982.0432780687418,inf
120,167,inf,inf,inf,505.9980237115556,inf
120,168,inf,inf,inf,339.70575502926056,inf
120,169,inf,inf,inf,993.2864642186563,inf
120,170,inf,inf,inf,695.0028776918841,inf
120,171,inf,inf,inf,725.3888612323738,inf
120,172,inf,inf,inf,457.68329661459137,inf
120,173,inf,inf,inf,478.72434657117657,inf
120,174,inf,inf,inf,953.9329116871899,inf
120,175,inf,inf,inf,810.605329368121,inf
120,176,inf,inf,inf,177.15812146215595,inf
120,177,inf,inf,inf,887.7460222383427,inf
120,178,inf,inf,inf,149.77316181479245,inf
120,179,inf,inf,inf,84.87638069569178,inf
120,180,inf,inf,inf,712.0259826719808,inf
120,181,inf,inf,inf,752.3888622248471,inf
120,182,inf,inf,inf,412.1480316585292,inf
120,183,inf,inf,inf,553.0461101933545,inf
120,184,inf,inf,inf,367.698245848413,inf
120,185,inf,inf,inf,580.3602329588064,inf
120,186,inf,inf,inf,918.0484736657428,inf
120,187,inf,inf,inf,724.7682388184516,inf
120,188,inf,inf,inf,580.5738540444273,inf
120,189,inf,inf,inf,355.8005059018326,inf
120,190,inf,inf,inf,466.50294747193186,inf
120,191,inf,inf,inf,624.6038744676501,inf
120,192,inf,inf,inf,329.9893937689513,inf
120,193,inf,inf,inf,605.9125349421317,inf
120,194,inf,inf,inf,280.47994580718245,inf
120,195,inf,inf,inf,694.6221994724903,inf
120,196,inf,inf,inf,529.023628961883,inf
120,197,inf,inf,inf,660.5641528269605,inf
120,198,inf,inf,inf,262.0477055804916,inf
120,199,inf,inf,inf,712.2534661200323,inf
120,200,inf,inf,inf,521.5361924162119,inf
120,201,inf,inf,inf,235.16164653276266,inf
120,202,inf,inf,inf,268.0690209628856,inf
121,122,inf,inf,inf,476.94548954780987,inf
121,123,inf,inf,inf,763.5928234340603,inf
121,124,inf,inf,inf,266.0845730214362,inf
121,125,inf,inf,inf,678.1061863749659,inf
121,126,inf,inf,inf,217.4948275247023,inf
121,127,inf,inf,inf,1041.0033621463476,inf
121,128,inf,inf,inf,935.4111395530845,inf
121,129,inf,inf,inf,1045.2487742159758,inf
121,130,inf,inf,inf,255.88473967784793,inf
121,131,inf,inf,inf,329.0015197533288,inf
121,132,inf,inf,inf,411.34049156386243,inf
121,133,inf,inf,inf,233.6193485137736,inf
121,134,inf,inf,inf,384.5321833084976,inf
121,135,inf,inf,inf,715.3362845543346,inf
121,136,inf,inf,inf,980.7165747554183,inf
121,137,inf,inf,inf,348.2326808328018,inf
121,138,inf,inf,inf,464.81178986768396,inf
121,139,inf,inf,inf,176.10224302944013,inf
121,140,inf,inf,inf,311.2699792784392,inf
121,141,inf,inf,inf,851.6014325962586,inf
121,142,inf,inf,inf,269.1189328159578,inf
121,143,inf,inf,inf,1040.2740023666843,inf
121,144,inf,inf,inf,801.3551023110791,inf
121,145,inf,inf,inf,434.1658669218482,inf
121,146,inf,inf,inf,109.16501271011697,inf
121,147,inf,inf,inf,606.0008250819466,inf
121,148,inf,inf,inf,1032.911419241747,inf
121,149,inf,inf,inf,291.3863414781139,inf
121,150,inf,inf,inf,73.24616030891995,inf
121,151,inf,inf,inf,255.0019607767752,inf
121,152,inf,inf,inf,547.032905774415,inf
121,153,inf,inf,inf,575.2564645442935,inf
121,154,inf,inf,inf,427.2821082142336,inf
121,155,inf,inf,inf,988.055160403507,inf
121,156,inf,inf,inf,173.87639287723908,inf
121,157,inf,inf,inf,603.675409471017,inf
121,158,inf,inf,inf,472.71555929543933,inf
121,159,inf,inf,inf,421.25170622799857,inf
121,160,inf,inf,inf,210.05951537600004,inf
121,161,inf,inf,inf,389.96025438498214,inf
121,162,inf,inf,inf,316.9684526889072,inf
121,163,inf,inf,inf,474.8526087113769,inf
121,164,inf,inf,inf,680.1323400633145,inf
121,165,inf,inf,inf,270.36271932350434,inf
121,166,inf,inf,inf,932.7706041680344,inf
121,167,inf,inf,inf,372.2848371878715,inf
121,168,inf,inf,inf,841.1480250229445,inf
121,169,inf,inf,inf,923.7943494090013,inf
121,170,inf,inf,inf,413.75959203382826,inf
121,171,inf,inf,inf,360.3234657915024,inf
121,172,inf,inf,inf,801.1042379116466,inf
121,173,inf,inf,inf,751.0133154611841,inf
121,174,inf,inf,inf,448.53762383996286,inf
121,175,inf,inf,inf,307.68327871367984,inf
121,176,inf,inf,inf,678.8409239284267,inf
121,177,inf,inf,inf,429.01864761336424,inf
121,178,inf,inf,inf,355.8005059018326,inf
121,179,inf,inf,inf,420.62096952006567,inf
121,180,inf,inf,inf,1050.0804731067044,inf
121,181,inf,inf,inf,952.6032752410628,inf
121,182,inf,inf,inf,130.50670480860362,inf
121,183,inf,inf,inf,104.04806581575652,inf
121,184,inf,inf,inf,668.9693565478168,inf
121,185,inf,inf,inf,628.3183906269178,inf
121,186,inf,inf,inf,665.8746128213629,inf
121,187,inf,inf,inf,377.5142381420865,inf
121,188,inf,inf,inf,998.6310630057529,inf
121,189,inf,inf,inf,389.29680193908604,inf
121,190,inf,inf,inf,145.34441853748632,inf
121,191,inf,inf,inf,119.33147112141039,inf
121,192,inf,inf,inf,443.11285244280606,inf
121,193,inf,inf,inf,118.01694793545543,inf
121,194,inf,inf,inf,662.514150792268,inf
121,195,inf,inf,inf,198.21705274773913,inf
121,196,inf,inf,inf,361.20354372569494,inf
121,197,inf,inf,inf,179.0446871593793,inf
121,198,inf,inf,inf,405.51325502380314,inf
121,199,inf,inf,inf,839.7148325473357,inf
121,200,inf,inf,inf,35.35533905932738,inf
121,201,inf,inf,inf,698.206989366334,inf
121,202,inf,inf,inf,602.8639979298814,inf
122,123,inf,inf,inf,1191.955116604648,inf
122,124,inf,inf,inf,403.6285421027606,inf
122,125,inf,inf,inf,1059.105754870589,inf
122,126,inf,inf,inf,688.0879304274999,inf
122,127,inf,inf,inf,1385.8632688689024,inf
122,128,inf,inf,inf,1092.824322569735,inf
122,129,inf,inf,inf,1397.2344112567512,inf
122,130,inf,inf,inf,256.7255343747482,inf
122,131,inf,inf,inf,735.9436119703737,inf
122,132,inf,inf,inf,692.7308279555631,inf
122,133,inf,inf,inf,246.34325645326686,inf
122,134,inf,inf,inf,825.5640496048746,inf
122,135,inf,inf,inf,601.7815218166805,inf
122,136,inf,inf,inf,1454.769397533506,inf
122,137,inf,inf,inf,450.6051486612198,inf
122,138,inf,inf,inf,893.0156773539869,inf
122,139,inf,inf,inf,617.3240640052841,inf
122,140,inf,inf,inf,696.7639485507269,inf
122,141,inf,inf,inf,1242.4266577951391,inf
122,142,inf,inf,inf,705.7393286476247,inf
122,143,inf,inf,inf,1482.0867046161638,inf
122,144,inf,inf,inf,1157.5340167787726,inf
122,145,inf,inf,inf,742.0788367821845,inf
122,146,inf,inf,inf,406.07881008493905,inf
122,147,inf,inf,inf,932.5502667416915,inf
122,148,inf,inf,inf,1334.2732104033266,inf
122,149,inf,inf,inf,225.84286572747877,inf
122,150,inf,inf,inf,530.5544269912372,inf
122,151,inf,inf,inf,672.2536723588797,inf
122,152,inf,inf,inf,509.8431131240276,inf
122,153,inf,inf,inf,944.2377878479551,inf
122,154,inf,inf,inf,391.934943581202,inf
122,155,inf,inf,inf,1218.0353032650573,inf
122,156,inf,inf,inf,510.70343644819934,inf
122,157,inf,inf,inf,1076.338701338942,inf
122,158,inf,inf,inf,416.15982506724504,inf
122,159,inf,inf,inf,617.2924752497798,inf
122,160,inf,inf,inf,368.96070251450897,inf
122,161,inf,inf,inf,253.33771926027913,inf
122,162,inf,inf,inf,764.2512675815461,inf
122,163,inf,inf,inf,664.0316257528704,inf
122,164,inf,inf,inf,1033.152941243454,inf
122,165,inf,inf,inf,312.92331328937445,inf
122,166,inf,inf,inf,1409.283505899363,inf
122,167,inf,inf,inf,846.8323328735152,inf
122,168,inf,inf,inf,1024.8380359842233,inf
122,169,inf,inf,inf,1399.385936759406,inf
122,170,inf,inf,inf,74.52516353554684,inf
122,171,inf,inf,inf,136.8575902169843,inf
122,172,inf,inf,inf,787.4674596451589,inf
122,173,inf,inf,inf,1163.8255883078014,inf
122,174,inf,inf,inf,569.0878666778971,inf
122,175,inf,inf,inf,459.7390564222274,inf
122,176,inf,inf,inf,933.3402380696978,inf
122,177,inf,inf,inf,317.80497164141406,inf
122,178,inf,inf,inf,651.8719199351971,inf
122,179,inf,inf,inf,701.0199711848444,inf
122,180,inf,inf,inf,1446.4473720118544,inf
122,181,inf,inf,inf,1398.341875222222,inf
122,182,inf,inf,inf,435.65238436166055,inf
122,183,inf,inf,inf,565.4033958157662,inf
122,184,inf,inf,inf,1063.960995525682,inf
122,185,inf,inf,inf,1093.7261997410503,inf
122,186,inf,inf,inf,1116.0878101654905,inf
122,187,inf,inf,inf,110.92339699089638,inf
122,188,inf,inf,inf,1344.5463919106696,inf
122,189,inf,inf,inf,428.75284255617476,inf
122,190,inf,inf,inf,370.36198509026275,inf
122,191,inf,inf,inf,472.64045531460806,inf
122,192,inf,inf,inf,480.22078255735664,inf
122,193,inf,inf,inf,397.4128835354989,inf
122,194,inf,inf,inf,1018.780643710902,inf
122,195,inf,inf,inf,403.62482579742294,inf
122,196,inf,inf,inf,837.6353621952693,inf
122,197,inf,inf,inf,365.4093594860427,inf
122,198,inf,inf,inf,812.4099950148324,inf
122,199,inf,inf,inf,1299.209759815558,inf
122,200,inf,inf,inf,442.48502799529837,inf
122,201,inf,inf,inf,844.3091850738093,inf
122,202,inf,inf,inf,976.0788902542663,inf
123,124,inf,inf,inf,804.8136430255144,inf
123,125,inf,inf,inf,203.16003544004417,inf
123,126,inf,inf,inf,645.0627876416372,inf
123,127,inf,inf,inf,1238.8357437529803,inf
123,128,inf,inf,inf,1452.8826518339324,inf
123,129,inf,inf,inf,1225.4080952890756,inf
123,130,inf,inf,inf,935.2780335279986,inf
123,131,inf,inf,inf,456.17978911828175,inf
123,132,inf,inf,inf,552.6852630566515,inf
123,133,inf,inf,inf,978.2433235141449,inf
123,134,inf,inf,inf,704.8155787154537,inf
123,135,inf,inf,inf,1448.3369773640388,inf
123,136,inf,inf,inf,641.059279630207,inf
123,137,inf,inf,inf,799.2396386566422,inf
123,138,inf,inf,inf,301.56922919953223,inf
123,139,inf,inf,inf,741.6481645632247,inf
123,140,inf,inf,inf,495.8154898750139,inf
123,141,inf,inf,inf,1001.5113578986511,inf
123,142,inf,inf,inf,729.6389518110996,inf
123,143,inf,inf,inf,929.8795620939305,inf
123,144,inf,inf,inf,1058.959867039351,inf
123,145,inf,inf,inf,498.52783272351,inf
123,146,inf,inf,inf,794.5420064414467,inf
123,147,inf,inf,inf,370.1580743412198,inf
123,148,inf,inf,inf,1321.9682295728594,inf
123,149,inf,inf,inf,1049.3826756717494,inf
123,150,inf,inf,inf,753.0185920679515,inf
123,151,inf,inf,inf,523.1290471766981,inf
123,152,inf,inf,inf,1277.573089885663,inf
123,153,inf,inf,inf,293.16548227920697,inf
123,154,inf,inf,inf,912.4845204166479,inf
123,155,inf,inf,inf,1403.826556238341,inf
123,156,inf,inf,inf,681.2965580420909,inf
123,157,inf,inf,inf,526.6364970261745,inf
123,158,inf,inf,inf,1220.4958008940464,inf
123,159,inf,inf,inf,1069.2170032318043,inf
123,160,inf,inf,inf,968.4879968280453,inf
123,161,inf,inf,inf,992.8106566712507,inf
123,162,inf,inf,inf,693.1529412763102,inf
123,163,inf,inf,inf,654.8564728243892,inf
123,164,inf,inf,inf,1000.4528974419535,inf
123,165,inf,inf,inf,887.9921170821282,inf
123,166,inf,inf,inf,469.75419104037803,inf
123,167,inf,inf,inf,545.595087954428,inf
123,168,inf,inf,inf,1352.8296271149593,inf
123,169,inf,inf,inf,433.89630097524457,inf
123,170,inf,inf,inf,1145.515167948465,inf
123,171,inf,inf,inf,1056.0819097020837,inf
123,172,inf,inf,inf,1480.0520261125957,inf
123,173,inf,inf,inf,882.7598767501839,inf
123,174,inf,inf,inf,749.7839688870388,inf
123,175,inf,inf,inf,767.2893847825604,inf
123,176,inf,inf,inf,1158.3423500848098,inf
123,177,inf,inf,inf,974.9958974272661,inf
123,178,inf,inf,inf,951.2034482696117,inf
123,179,inf,inf,inf,992.8141820099066,inf
123,180,inf,inf,inf,1109.9247722255775,inf
123,181,inf,inf,inf,855.3531434442735,inf
123,182,inf,inf,inf,878.2084035125148,inf
123,183,inf,inf,inf,659.605942968982,inf
123,184,inf,inf,inf,898.3106366953472,inf
123,185,inf,inf,inf,599.0409001061614,inf
123,186,inf,inf,inf,138.6542462386205,inf
123,187,inf,inf,inf,1081.1683495182422,inf
123,188,inf,inf,inf,1207.0037282461062,inf
123,189,inf,inf,inf,1128.100172857003,inf
123,190,inf,inf,inf,908.7205290957171,inf
123,191,inf,inf,inf,723.658759361068,inf
123,192,inf,inf,inf,1169.283968931414,inf
123,193,inf,inf,inf,801.8191816114154,inf
123,194,inf,inf,inf,985.2131749017569,inf
123,195,inf,inf,inf,789.6378916946678,inf
123,196,inf,inf,inf,523.3067933822376,inf
123,197,inf,inf,inf,826.6540993668392,inf
123,198,inf,inf,inf,794.8012330136385,inf
123,199,inf,inf,inf,712.8148427186404,inf
123,200,inf,inf,inf,788.7635894233455,inf
123,201,inf,inf,inf,1286.7186949757122,inf
123,202,inf,inf,inf,923.0455026703721,inf
124,125,inf,inf,inf,658.5537183859796,inf
124,126,inf,inf,inf,453.21628390868744,inf
124,127,inf,inf,inf,1306.0646997756276,inf
124,128,inf,inf,inf,1179.8173587466833,inf
124,129,inf,inf,inf,1309.6946208945046,inf
124,130,inf,inf,inf,162.60381299342276,inf
124,131,inf,inf,inf,358.50383540486706,inf
124,132,inf,inf,inf,289.46847842209,inf
124,133,inf,inf,inf,267.5911059807482,inf
124,134,inf,inf,inf,636.4526690964537,inf
124,135,inf,inf,inf,859.4911285173338,inf
124,136,inf,inf,inf,1169.4246448574615,inf
124,137,inf,inf,inf,88.52683209061533,inf
124,138,inf,inf,inf,515.8885538563537,inf
124,139,inf,inf,inf,438.7311249501225,inf
124,140,inf,inf,inf,312.92810675936414,inf
124,141,inf,inf,inf,1111.2605455067683,inf
124,142,inf,inf,inf,528.3937925449162,inf
124,143,inf,inf,inf,1275.4877498431727,inf
124,144,inf,inf,inf,1066.4394028729434,inf
124,145,inf,inf,inf,338.46270104695435,inf
124,146,inf,inf,inf,161.91355718407277,inf
124,147,inf,inf,inf,529.023628961883,inf
124,148,inf,inf,inf,1298.7644128170436,inf
124,149,inf,inf,inf,350.0814191013285,inf
124,150,inf,inf,inf,338.09466130064817,inf
124,151,inf,inf,inf,310.7362225425288,inf
124,152,inf,inf,inf,708.7397265569357,inf
124,153,inf,inf,inf,543.2246312530389,inf
124,154,inf,inf,inf,166.02710622064097,inf
124,155,inf,inf,inf,1247.0196469983944,inf
124,156,inf,inf,inf,153.9415473483361,inf
124,157,inf,inf,inf,807.6416284466768,inf
124,158,inf,inf,inf,615.8449480185739,inf
124,159,inf,inf,inf,656.0868844901565,inf
124,160,inf,inf,inf,379.8631332466998,inf
124,161,inf,inf,inf,189.58902921846507,inf
124,162,inf,inf,inf,568.59475903318,inf
124,163,inf,inf,inf,281.101405190369,inf
124,164,inf,inf,inf,945.892700045835,inf
124,165,inf,inf,inf,91.2414379544733,inf
124,166,inf,inf,inf,1087.7738735601256,inf
124,167,inf,inf,inf,582.3547029088028,inf
124,168,inf,inf,inf,1089.6627918764593,inf
124,169,inf,inf,inf,1070.848728812805,inf
124,170,inf,inf,inf,376.27915169458964,inf
124,171,inf,inf,inf,268.28715958837836,inf
124,172,inf,inf,inf,989.6327601691447,inf
124,173,inf,inf,inf,1005.6808638927162,inf
124,174,inf,inf,inf,212.2192262732102,inf
124,175,inf,inf,inf,65.14598989960932,inf
124,176,inf,inf,inf,937.6481216319904,inf
124,177,inf,inf,inf,191.5097908724251,inf
124,178,inf,inf,inf,612.4712238138213,inf
124,179,inf,inf,inf,677.0974819034553,inf
124,180,inf,inf,inf,1306.5198046719383,inf
124,181,inf,inf,inf,1186.0472165980577,inf
124,182,inf,inf,inf,352.59750424527965,inf
124,183,inf,inf,inf,281.1138559374119,inf
124,184,inf,inf,inf,929.7704017659413,inf
124,185,inf,inf,inf,847.2219307831921,inf
124,186,inf,inf,inf,746.7529712026595,inf
124,187,inf,inf,inf,295.357410606201,inf
124,188,inf,inf,inf,1263.7440405398556,inf
124,189,inf,inf,inf,559.7865664697573,inf
124,190,inf,inf,inf,312.5699921617557,inf
124,191,inf,inf,inf,163.0,inf
124,192,inf,inf,inf,622.1575363201831,inf
124,193,inf,inf,inf,155.7080601638849,inf
124,194,inf,inf,inf,928.1864036927066,inf
124,195,inf,inf,inf,68.00735254367721,inf
124,196,inf,inf,inf,561.2601892170867,inf
124,197,inf,inf,inf,104.6900186264192,inf
124,198,inf,inf,inf,668.2828742381478,inf
124,199,inf,inf,inf,1061.3434882261256,inf
124,200,inf,inf,inf,242.53865671269807,inf
124,201,inf,inf,inf,933.7976226142365,inf
124,202,inf,inf,inf,867.664681775166,inf
125,126,inf,inf,inf,616.7171150535714,inf
125,127,inf,inf,inf,1336.965220190862,inf
125,128,inf,inf,inf,1477.2115623701297,inf
125,129,inf,inf,inf,1326.9743780495537,inf
125,130,inf,inf,inf,804.8012176929158,inf
125,131,inf,inf,inf,349.24203641600764,inf
125,132,inf,inf,inf,381.63464203345063,inf
125,133,inf,inf,inf,867.6185797918346,inf
125,134,inf,inf,inf,726.6615443244538,inf
125,135,inf,inf,inf,1389.4811981455525,inf
125,136,inf,inf,inf,817.5603953225718,inf
125,137,inf,inf,inf,636.9756667251897,inf
125,138,inf,inf,inf,237.94537188186703,inf
125,139,inf,inf,inf,703.3860959672148,inf
125,140,inf,inf,inf,374.36479535340925,inf
125,141,inf,inf,inf,1099.100086434352,inf
125,142,inf,inf,inf,717.5994704568838,inf
125,143,inf,inf,inf,1078.8484601648186,inf
125,144,inf,inf,inf,1134.8418392005117,inf
125,145,inf,inf,inf,327.34080100103625,inf
125,146,inf,inf,inf,682.8067076413354,inf
125,147,inf,inf,inf,169.95587662684687,inf
125,148,inf,inf,inf,1402.044935085891,inf
125,149,inf,inf,inf,945.4617919302715,inf
125,150,inf,inf,inf,686.7146423369753,inf
125,151,inf,inf,inf,423.19971644602975,inf
125,152,inf,inf,inf,1219.1082806707532,inf
125,153,inf,inf,inf,115.39497389401325,inf
125,154,inf,inf,inf,743.9852149068555,inf
125,155,inf,inf,inf,1454.9656353330136,inf
125,156,inf,inf,inf,558.9284390689027,inf
125,157,inf,inf,inf,625.6676434018304,inf
125,158,inf,inf,inf,1150.0852142341453,inf
125,159,inf,inf,inf,1040.4984382496689,inf
125,160,inf,inf,inf,888.162710318329,inf
125,161,inf,inf,inf,839.7672296535511,inf
125,162,inf,inf,inf,696.4086444035571,inf
125,163,inf,inf,inf,468.825127312946,inf
125,164,inf,inf,inf,1057.3816718668809,inf
125,165,inf,inf,inf,747.2536383317247,inf
125,166,inf,inf,inf,657.5963807686293,inf
125,167,inf,inf,inf,565.4095860524475,inf
125,168,inf,inf,inf,1376.13734779636,inf
125,169,inf,inf,inf,624.0512799442046,inf
125,170,inf,inf,inf,1021.4367332341245,inf
125,171,inf,inf,inf,922.2933372848358,inf
125,172,inf,inf,inf,1449.310180741169,inf
125,173,inf,inf,inf,976.1992624459414,inf
125,174,inf,inf,inf,569.2890302825094,inf
125,175,inf,inf,inf,611.5300483214214,inf
125,176,inf,inf,inf,1183.4208887796428,inf
125,177,inf,inf,inf,812.1606983842545,inf
125,178,inf,inf,inf,931.8851860610297,inf
125,179,inf,inf,inf,982.9842318165638,inf
125,180,inf,inf,inf,1232.7485550589788,inf
125,181,inf,inf,inf,997.7098776698565,inf
125,182,inf,inf,inf,804.3009387039157,inf
125,183,inf,inf,inf,577.1464285603785,inf
125,184,inf,inf,inf,969.6040428958617,inf
125,185,inf,inf,inf,698.8018317091048,inf
125,186,inf,inf,inf,263.9109698364204,inf
125,187,inf,inf,inf,948.6796087194032,inf
125,188,inf,inf,inf,1301.5083557165508,inf
125,189,inf,inf,inf,1063.2723075487295,inf
125,190,inf,inf,inf,821.1266650158184,inf
125,191,inf,inf,inf,610.9173430178587,inf
125,192,inf,inf,inf,1112.0651959305264,inf
125,193,inf,inf,inf,688.3865193334337,inf
125,194,inf,inf,inf,1040.4715277219266,inf
125,195,inf,inf,inf,657.1407763942213,inf
125,196,inf,inf,inf,536.4475743257676,inf
125,197,inf,inf,inf,700.5405056097756,inf
125,198,inf,inf,inf,813.6541034125005,inf
125,199,inf,inf,inf,851.1832940089931,inf
125,200,inf,inf,inf,696.3289452550425,inf
125,201,inf,inf,inf,1284.8894894114435,inf
125,202,inf,inf,inf,974.0046201122457,inf
126,127,inf,inf,inf,872.8802896159358,inf
126,128,inf,inf,inf,875.0417132914293,inf
126,129,inf,inf,inf,873.2313553692401,inf
126,130,inf,inf,inf,472.9661721518781,inf
126,131,inf,inf,inf,311.00160771288625,inf
126,132,inf,inf,inf,480.1135282409776,inf
126,133,inf,inf,inf,441.80765045435777,inf
126,134,inf,inf,inf,186.90371852908652,inf
126,135,inf,inf,inf,805.6115689338131,inf
126,136,inf,inf,inf,766.6818114446174,inf
126,137,inf,inf,inf,520.9472142165653,inf
126,138,inf,inf,inf,379.2545319439176,inf
126,139,inf,inf,inf,98.48857801796105,inf
126,140,inf,inf,inf,326.45520366506645,inf
126,141,inf,inf,inf,664.2988785177948,inf
126,142,inf,inf,inf,108.4665847162157,inf
126,143,inf,inf,inf,826.8748393801809,inf
126,144,inf,inf,inf,636.3976744143555,inf
126,145,inf,inf,inf,477.899571039774,inf
126,146,inf,inf,inf,318.28446396266344,inf
126,147,inf,inf,inf,601.0199663904685,inf
126,148,inf,inf,inf,888.532497998807,inf
126,149,inf,inf,inf,483.6796460468437,inf
126,150,inf,inf,inf,157.610278852618,inf
126,151,inf,inf,inf,258.5072532831526,inf
126,152,inf,inf,inf,635.7554561307359,inf
126,153,inf,inf,inf,538.4719119879885,inf
126,154,inf,inf,inf,619.2333970321691,inf
126,155,inf,inf,inf,884.9774008414,inf
126,156,inf,inf,inf,312.96804948748365,inf
126,157,inf,inf,inf,388.329756778952,inf
126,158,inf,inf,inf,587.7312310912191,inf
126,159,inf,inf,inf,427.2341278502924,inf
126,160,inf,inf,inf,362.22782885913114,inf
126,161,inf,inf,inf,602.4890040490366,inf
126,162,inf,inf,inf,121.75795661885921,inf
126,163,inf,inf,inf,580.9311491046077,inf
126,164,inf,inf,inf,525.1780650408011,inf
126,165,inf,inf,inf,479.4163117792301,inf
126,166,inf,inf,inf,731.7383412122123,inf
126,167,inf,inf,inf,159.86244086714052,inf
126,168,inf,inf,inf,774.7580267412529,inf
126,169,inf,inf,inf,726.8039625648721,inf
126,170,inf,inf,inf,620.948468071224,inf
126,171,inf,inf,inf,576.857868109641,inf
126,172,inf,inf,inf,838.4748058230491,inf
126,173,inf,inf,inf,554.350971858082,inf
126,174,inf,inf,inf,590.5201097337838,inf
126,175,inf,inf,inf,475.42927970414274,inf
126,176,inf,inf,inf,588.8471788163716,inf
126,177,inf,inf,inf,634.0070977520678,inf
126,178,inf,inf,inf,315.2427635965654,inf
126,179,inf,inf,inf,367.1539186771673,inf
126,180,inf,inf,inf,855.472384124701,inf
126,181,inf,inf,inf,738.3664401907769,inf
126,182,inf,inf,inf,271.20471972294285,inf
126,183,inf,inf,inf,173.34935823359717,inf
126,184,inf,inf,inf,486.59634195090285,inf
126,185,inf,inf,inf,410.8235631022155,inf
126,186,inf,inf,inf,524.5579091006064,inf
126,187,inf,inf,inf,592.8718242588359,inf
126,188,inf,inf,inf,831.2929688142442,inf
126,189,inf,inf,inf,492.57689755001707,inf
126,190,inf,inf,inf,325.9831283977746,inf
126,191,inf,inf,inf,290.33773437154184,inf
126,192,inf,inf,inf,527.9024531104208,inf
126,193,inf,inf,inf,328.0243893371345,inf
126,194,inf,inf,inf,506.8264002594971,inf
126,195,inf,inf,inf,390.7556781417258,inf
126,196,inf,inf,inf,156.4736399525492,inf
126,197,inf,inf,inf,386.6846260197061,inf
126,198,inf,inf,inf,240.95850265139018,inf
126,199,inf,inf,inf,622.5471869665785,inf
126,200,inf,inf,inf,252.76471272707352,inf
126,201,inf,inf,inf,669.543874589261,inf
126,202,inf,inf,inf,440.52809218028307,inf
127,128,inf,inf,inf,553.4347296655677,inf
127,129,inf,inf,inf,27.51363298439521,inf
127,130,inf,inf,inf,1267.9562295284486,inf
127,131,inf,inf,inf,1150.7640939827763,inf
127,132,inf,inf,inf,1342.4622899731671,inf
127,133,inf,inf,inf,1179.265025344176,inf
127,134,inf,inf,inf,688.026889009434,inf
127,135,inf,inf,inf,1058.5131080907784,inf
127,136,inf,inf,inf,766.640072002501,inf
127,137,inf,inf,inf,1383.6683128553607,inf
127,138,inf,inf,inf,1133.9038759965501,inf
127,139,inf,inf,inf,867.5136886528073,inf
127,140,inf,inf,inf,1180.9000804471139,inf
127,141,inf,inf,inf,238.32121181296472,inf
127,142,inf,inf,inf,780.6695843953446,inf
127,143,inf,inf,inf,459.24503263508467,inf
127,144,inf,inf,inf,239.6539171388609,inf
127,145,inf,inf,inf,1329.133552356572,inf
127,146,inf,inf,inf,1149.2506254077045,inf
127,147,inf,inf,inf,1399.5917261830323,inf
127,148,inf,inf,inf,150.5257453062432,inf
127,149,inf,inf,inf,1164.3959807556878,inf
127,150,inf,inf,inf,968.2277624608788,inf
127,151,inf,inf,inf,1118.8109759919232,inf
127,152,inf,inf,inf,983.630520063301,inf
127,153,inf,inf,inf,1311.329096756417,inf
127,154,inf,inf,inf,1468.2268217138658,inf
127,155,inf,inf,inf,366.2799475810818,inf
127,156,inf,inf,inf,1181.3200243795075,inf
127,157,inf,inf,inf,715.5976523158806,inf
127,158,inf,inf,inf,1033.001452080296,inf
127,159,inf,inf,inf,775.8356784783747,inf
127,160,inf,inf,inf,1027.07010471535,inf
127,161,inf,inf,inf,1413.5575686897228,inf
127,162,inf,inf,inf,751.1224933391358,inf
127,163,inf,inf,inf,1451.0496201026344,inf
127,164,inf,inf,inf,362.44171945293493,inf
127,165,inf,inf,inf,1305.0363979598424,inf
127,166,inf,inf,inf,918.5385130738939,inf
127,167,inf,inf,inf,812.1994828858241,inf
127,168,inf,inf,inf,518.1602068858626,inf
127,169,inf,inf,inf,949.9578938037201,inf
127,170,inf,inf,inf,1311.8936694717297,inf
127,171,inf,inf,inf,1330.0454879439274,inf
127,172,inf,inf,inf,902.4056737410287,inf
127,173,inf,inf,inf,360.7672379803909,inf
127,174,inf,inf,inf,1462.9046448760766,inf
127,175,inf,inf,inf,1339.8152857763641,inf
127,176,inf,inf,inf,478.7034572676491,inf
127,177,inf,inf,inf,1463.9115410433787,inf
127,178,inf,inf,inf,737.1526300570324,inf
127,179,inf,inf,inf,684.9014527652865,inf
127,180,inf,inf,inf,212.8497122384712,inf
127,181,inf,inf,inf,467.9326874669048,inf
127,182,inf,inf,inf,990.6200078738567,inf
127,183,inf,inf,inf,1040.8698285568662,inf
127,184,inf,inf,inf,389.30707674020005,inf
127,185,inf,inf,inf,642.0778768965646,inf
127,186,inf,inf,inf,1105.8431172639273,inf
127,187,inf,inf,inf,1333.0960205476574,inf
127,188,1.0,46.9706,46.970562748477136,42.42640687119285,1.1071067811865474
127,189,inf,inf,inf,975.8893379886881,inf
127,190,inf,inf,inf,1054.4880274332183,inf
127,191,inf,inf,inf,1147.2018131087486,inf
127,192,inf,inf,inf,943.9539183667813,inf
127,193,inf,inf,inf,1157.410903698423,inf
127,194,inf,inf,inf,379.443012849097,inf
127,195,inf,inf,inf,1238.696895935402,inf
127,196,inf,inf,inf,843.6895163506538,inf
127,197,inf,inf,inf,1217.8690405786658,inf
127,198,inf,inf,inf,639.1345711194161,inf
127,199,inf,inf,inf,563.6000354861593,inf
127,200,inf,inf,inf,1068.4427921044721,inf
127,201,inf,inf,inf,652.9448675041408,inf
127,202,inf,inf,inf,438.4164686687762,inf
128,129,inf,inf,inf,579.604175278267,inf
128,130,inf,inf,inf,1077.532830126303,inf
128,131,inf,inf,inf,1184.8004051315986,inf
128,132,inf,inf,inf,1332.4657594099745,inf
128,133,inf,inf,inf,961.3844184300056,inf
128,134,inf,inf,inf,753.0849885637078,inf
128,135,inf,inf,inf,594.3769847495779,inf
128,136,inf,inf,inf,1185.4842892252939,inf
128,137,inf,inf,inf,1268.077284710991,inf
128,138,inf,inf,inf,1241.1945858728195,inf
128,139,inf,inf,inf,810.7046317864479,inf
128,140,inf,inf,inf,1194.121015642887,inf
128,141,inf,inf,inf,627.3603430246449,inf
128,142,inf,inf,inf,767.5161236091395,inf
128,143,inf,inf,inf,953.9853248347167,inf
128,144,inf,inf,inf,496.58836071740546,inf
128,145,inf,inf,inf,1341.760783448376,inf
128,146,inf,inf,inf,1021.7069051347357,inf
128,147,inf,inf,inf,1476.0572482122773,inf
128,148,inf,inf,inf,414.38629320960894,inf
128,149,inf,inf,inf,910.0549433962765,inf
128,150,inf,inf,inf,879.0364042518376,inf
128,151,inf,inf,inf,1125.2821868313742,inf
128,152,inf,inf,inf,594.30379436783,inf
128,153,inf,inf,inf,1410.4077424631503,inf
128,154,inf,inf,inf,1314.2815527884427,inf
128,155,inf,inf,inf,197.60819821049935,inf
128,156,inf,inf,inf,1108.2007940802064,inf
128,157,inf,inf,inf,961.6121879427278,inf
128,158,inf,inf,inf,679.342329021238,inf
128,159,inf,inf,inf,524.1612347360305,inf
128,160,inf,inf,inf,811.4363807471292,inf
128,161,inf,inf,inf,1214.7118999993372,inf
128,162,inf,inf,inf,781.2509199994583,inf
128,163,inf,inf,inf,1409.3420450692586,inf
128,164,inf,inf,inf,481.54958207852286,inf
128,165,inf,inf,inf,1140.2429565667135,inf
128,166,inf,inf,inf,1287.0994522568953,inf
128,167,inf,inf,inf,915.5380931452279,inf
128,168,inf,inf,inf,101.07423014794622,inf
128,169,inf,inf,inf,1307.9181931604132,inf
128,170,inf,inf,inf,1028.1463903549923,inf
128,171,inf,inf,inf,1090.2059438473082,inf
128,172,inf,inf,inf,397.13221979587604,inf
128,173,inf,inf,inf,679.1178101036668,inf
128,174,inf,inf,inf,1380.789629161517,inf
128,175,inf,inf,inf,1233.7848272693257,inf
128,176,inf,inf,inf,295.0813447170119,inf
128,177,inf,inf,inf,1281.282560561877,inf
128,178,inf,inf,inf,582.9030794222998,inf
128,179,inf,inf,inf,519.8653671865438,inf
128,180,inf,inf,inf,745.469650623015,inf
128,181,inf,inf,inf,924.5804453913137,inf
128,182,inf,inf,inf,827.6001449975706,inf
128,183,inf,inf,inf,990.072724601582,inf
128,184,inf,inf,inf,601.2403845384972,inf
128,185,inf,inf,inf,904.0895973298221,inf
128,186,inf,inf,inf,1315.193141709612,inf
128,187,inf,inf,inf,1082.1021208739958,inf
128,188,inf,inf,inf,533.9007398384085,inf
128,189,inf,inf,inf,670.5594679072095,inf
128,190,inf,inf,inf,870.4487348488709,inf
128,191,inf,inf,inf,1054.5605719919554,inf
128,192,inf,inf,inf,613.9486949249098,inf
128,193,inf,inf,inf,1026.2212237134838,inf
128,194,inf,inf,inf,491.54959058064526,inf
128,195,inf,inf,inf,1115.1125503732796,inf
128,196,inf,inf,inf,942.6738566439615,inf
128,197,inf,inf,inf,1075.8145751011184,inf
128,198,inf,inf,inf,664.3530687819542,inf
128,199,inf,inf,inf,952.748130410131,inf
128,200,inf,inf,inf,947.1304028485201,inf
128,201,inf,inf,inf,252.2478939456185,inf
128,202,inf,inf,inf,541.6982554891607,inf
129,130,inf,inf,inf,1274.903917948329,inf
129,131,inf,inf,inf,1147.1813282999335,inf
129,132,inf,inf,inf,1340.1208900692504,inf
129,133,inf,inf,inf,1188.0004208753464,inf
129,134,inf,inf,inf,687.5143634863202,inf
129,135,inf,inf,inf,1079.1037948223516,inf
129,136,inf,inf,inf,744.1357403054902,inf
129,137,inf,inf,inf,1386.4173253389472,inf
129,138,inf,inf,inf,1126.598863837524,inf
129,139,inf,inf,inf,870.9655561501844,inf
129,140,inf,inf,inf,1178.2088100162891,inf
129,141,inf,inf,inf,228.0350850198276,inf
129,142,inf,inf,inf,782.9712638405065,inf
129,143,inf,inf,inf,433.66461695646785,inf
129,144,inf,inf,inf,244.90202122481554,inf
129,145,inf,inf,inf,1325.7077355133747,inf
129,146,inf,inf,inf,1153.8128097746185,inf
129,147,inf,inf,inf,1392.6212694052895,inf
129,148,inf,inf,inf,178.03651310896873,inf
129,149,inf,inf,inf,1174.9353173685774,inf
129,150,inf,inf,inf,972.2756810699319,inf
129,151,inf,inf,inf,1116.849587008027,inf
129,152,inf,inf,inf,1001.2891690216169,inf
129,153,inf,inf,inf,1303.5631937117587,inf
129,154,inf,inf,inf,1472.5247026790416,inf
129,155,inf,inf,inf,393.37768111574405,inf
129,156,inf,inf,inf,1182.9936601689799,inf
129,157,inf,inf,inf,703.9126366247448,inf
129,158,inf,inf,inf,1048.8207663848004,inf
129,159,inf,inf,inf,789.5885004228469,inf
129,160,inf,inf,inf,1036.696676950399,inf
129,161,inf,inf,inf,1420.2661722367395,inf
129,162,inf,inf,inf,751.5370915663444,inf
129,163,inf,inf,inf,1449.8448192823948,inf
129,164,inf,inf,inf,369.34672057566723,inf
129,165,inf,inf,inf,1310.5590410202815,inf
129,166,inf,inf,inf,898.1803827739726,inf
129,167,inf,inf,inf,807.7580083168473,inf
129,168,inf,inf,inf,542.4841011495175,inf
129,169,inf,inf,inf,930.0478482314768,inf
129,170,inf,inf,inf,1323.1092169582978,inf
129,171,inf,inf,inf,1339.0840152880626,inf
129,172,inf,inf,inf,925.3869460933627,inf
129,173,inf,inf,inf,351.4000569151917,inf
129,174,inf,inf,inf,1463.6697031775986,inf
129,175,inf,inf,inf,1342.2875995851261,inf
129,176,inf,inf,inf,496.6165522815364,inf
129,177,inf,inf,inf,1469.6339680342178,inf
129,178,inf,inf,inf,747.1258260828627,inf
129,179,inf,inf,inf,696.2707806593638,inf
129,180,inf,inf,inf,185.9731163367437,inf
129,181,inf,inf,inf,444.8550325667902,inf
129,182,inf,inf,inf,998.060619401447,inf
129,183,inf,inf,inf,1042.3842861440305,inf
129,184,inf,inf,inf,387.64029718283933,inf
129,185,inf,inf,inf,630.3213466161526,inf
129,186,inf,inf,inf,1093.2611764807164,inf
129,187,inf,inf,inf,1342.6570671619763,inf
129,188,inf,inf,inf,54.78138369920935,inf
129,189,inf,inf,inf,989.9661610378407,inf
129,190,inf,inf,inf,1062.4236443152045,inf
129,191,inf,inf,inf,1150.057824633179,inf
129,192,inf,inf,inf,959.3435255423367,inf
129,193,inf,inf,inf,1162.1002538507596,inf
129,194,inf,inf,inf,385.8108344772085,inf
129,195,inf,inf,inf,1242.5413474005604,inf
129,196,inf,inf,inf,839.1358650421278,inf
129,197,inf,inf,inf,1222.7330043799423,inf
129,198,inf,inf,inf,641.792801455423,inf
129,199,inf,inf,inf,544.3252704036438,inf
129,200,inf,inf,inf,1073.2516014430166,inf
129,201,inf,inf,inf,674.0578610178803,inf
129,202,inf,inf,inf,442.4138334184409,inf
130,131,inf,inf,inf,479.40066750057827,inf
130,132,inf,inf,inf,447.97321348491363,inf
130,133,inf,inf,inf,120.93386622447825,inf
130,134,inf,inf,inf,637.1247915440114,inf
130,135,inf,inf,inf,707.831194565484,inf
130,136,inf,inf,inf,1230.6949256416067,inf
130,137,inf,inf,inf,235.03404008781365,inf
130,138,inf,inf,inf,636.8492757317072,inf
130,139,inf,inf,inf,424.6045218788891,inf
130,140,inf,inf,inf,440.0590869417424,inf
130,141,inf,inf,inf,1093.3343495930237,inf
130,142,inf,inf,inf,518.5903971343859,inf
130,143,inf,inf,inf,1295.342811768375,inf
130,144,inf,inf,inf,1030.0529112623292,inf
130,145,inf,inf,inf,494.0374479733292,inf
130,146,inf,inf,inf,160.89748288895012,inf
130,147,inf,inf,inf,685.4035307758488,inf
130,148,inf,inf,inf,1242.4495965631766,inf
130,149,inf,inf,inf,196.3695495742657,inf
130,150,inf,inf,inf,324.0308627276112,inf
130,151,inf,inf,inf,416.9904075635314,inf
130,152,inf,inf,inf,565.6005657705798,inf
130,153,inf,inf,inf,690.5135769845514,inf
130,154,inf,inf,inf,240.16869071550522,inf
130,155,inf,inf,inf,1165.6114275349225,inf
130,156,inf,inf,inf,254.1692349597016,inf
130,157,inf,inf,inf,856.094036890808,inf
130,158,inf,inf,inf,469.34528867348826,inf
130,159,inf,inf,inf,556.7854164756832,inf
130,160,inf,inf,inf,266.5933232472261,inf
130,161,inf,inf,inf,145.98630072715727,inf
130,162,inf,inf,inf,570.4489460065643,inf
130,163,inf,inf,inf,442.477118052448,inf
130,164,inf,inf,inf,905.7091144512127,inf
130,165,inf,inf,inf,77.62087348130012,inf
130,166,inf,inf,inf,1170.3828433465692,inf
130,167,inf,inf,inf,624.3564686939666,inf
130,168,inf,inf,inf,993.4389764852192,inf
130,169,inf,inf,inf,1157.8708909027812,inf
130,170,inf,inf,inf,217.70163067832084,inf
130,171,inf,inf,inf,121.2023102090055,inf
130,172,inf,inf,inf,851.5779471076033,inf
130,173,inf,inf,inf,998.8523414399148,inf
130,174,inf,inf,inf,364.2320688791694,inf
130,175,inf,inf,inf,226.56566377101365,inf
130,176,inf,inf,inf,860.1627752931419,inf
130,177,inf,inf,inf,205.10485123467947,inf
130,178,inf,inf,inf,541.114590451967,inf
130,179,inf,inf,inf,602.4690863438555,inf
130,180,inf,inf,inf,1294.7903305168757,inf
130,181,inf,inf,inf,1208.0149005703531,inf
130,182,inf,inf,inf,277.89386463180506,inf
130,183,inf,inf,inf,325.1538097577822,inf
130,184,inf,inf,inf,910.3740989285668,inf
130,185,inf,inf,inf,883.5638064112858,inf
130,186,inf,inf,inf,861.6727917254902,inf
130,187,inf,inf,inf,145.89036979869508,inf
130,188,inf,inf,inf,1225.5925097682345,inf
130,189,inf,inf,inf,426.4141179651537,inf
130,190,inf,inf,inf,217.33844574764032,inf
130,191,inf,inf,inf,220.10224896624752,inf
130,192,inf,inf,inf,489.3260671576776,inf
130,193,inf,inf,inf,151.23822268196622,inf
130,194,inf,inf,inf,889.0950455378772,inf
130,195,inf,inf,inf,147.7193284577208,inf
130,196,inf,inf,inf,610.1286749530791,inf
130,197,inf,inf,inf,109.288608738514,inf
130,198,inf,inf,inf,647.0131374245811,inf
130,199,inf,inf,inf,1095.4679365458398,inf
130,200,inf,inf,inf,221.04524423746375,inf
130,201,inf,inf,inf,826.4877494554895,inf
130,202,inf,inf,inf,835.1730359632069,inf
131,132,inf,inf,inf,200.4120754844877,inf
131,133,inf,inf,inf,525.6805113374472,inf
131,134,inf,inf,inf,471.8612084077266,inf
131,135,inf,inf,inf,1042.4298537551579,inf
131,136,inf,inf,inf,845.9934987929872,inf
131,137,inf,inf,inf,374.2138426087416,inf
131,138,inf,inf,inf,158.40454538932903,inf
131,139,inf,inf,inf,378.88520688989695,inf
131,140,inf,inf,inf,48.75448697299562,inf
131,141,inf,inf,inf,925.3242674868092,inf
131,142,inf,inf,inf,419.4532155079992,inf
131,143,inf,inf,inf,1010.291047174031,inf
131,144,inf,inf,inf,922.6830441706404,inf
131,145,inf,inf,inf,178.60011198204776,inf
131,146,inf,inf,inf,340.57745080965066,inf
131,147,inf,inf,inf,293.82477771624366,inf
131,148,inf,inf,inf,1183.8395161507324,inf
131,149,inf,inf,inf,600.546417856272,inf
131,150,inf,inf,inf,343.0757933751666,inf
131,151,inf,inf,inf,74.0,inf
131,152,inf,inf,inf,872.7479590351386,inf
131,153,inf,inf,inf,247.77812655680484,inf
131,154,inf,inf,inf,491.8699014983535,inf
131,155,inf,inf,inf,1194.3052373660596,inf
131,156,inf,inf,inf,225.24875138388668,inf
131,157,inf,inf,inf,519.3476677525374,inf
131,158,inf,inf,inf,801.4549269921547,inf
131,159,inf,inf,inf,710.8621526006291,inf
131,160,inf,inf,inf,539.014842096208,inf
131,161,inf,inf,inf,548.0301086619238,inf
131,162,inf,inf,inf,420.04404530953656,inf
131,163,inf,inf,inf,321.6224494652076,inf
131,164,inf,inf,inf,821.4584590835984,inf
131,165,inf,inf,inf,435.90136498983344,inf
131,166,inf,inf,inf,742.9273181139592,inf
131,167,inf,inf,inf,340.39095170112853,inf
131,168,inf,inf,inf,1084.8852473879438,inf
131,169,inf,inf,inf,722.5302761822511,inf
131,170,inf,inf,inf,689.6441111181912,inf
131,171,inf,inf,inf,600.4206858528444,inf
131,172,inf,inf,inf,1113.0363875453488,inf
131,173,inf,inf,inf,805.0472035849823,inf
131,174,inf,inf,inf,375.3664875824692,inf
131,175,inf,inf,inf,334.0014970026332,inf
131,176,inf,inf,inf,899.8472092527709,inf
131,177,inf,inf,inf,542.2849804300319,inf
131,178,inf,inf,inf,612.8295032062343,inf
131,179,inf,inf,inf,670.5848193927446,inf
131,180,inf,inf,inf,1097.477562413009,inf
131,181,inf,inf,inf,920.7415489701765,inf
131,182,inf,inf,inf,456.3441683641854,inf
131,183,inf,inf,inf,229.47766775876036,inf
131,184,inf,inf,inf,762.0931701570353,inf
131,185,inf,inf,inf,577.1394978685829,inf
131,186,inf,inf,inf,388.3104428160541,inf
131,187,inf,inf,inf,625.2591462745667,inf
131,188,inf,inf,inf,1110.7664020846148,inf
131,189,inf,inf,inf,715.9567026014911,inf
131,190,inf,inf,inf,471.9544469543644,inf
131,191,inf,inf,inf,268.86799735186037,inf
131,192,inf,inf,inf,766.6452895570415,inf
131,193,inf,inf,inf,347.30102216952946,inf
131,194,inf,inf,inf,803.2340879220702,inf
131,195,inf,inf,inf,335.0761107569443,inf
131,196,inf,inf,inf,309.58359129643804,inf
131,197,inf,inf,inf,370.55229050702144,inf
131,198,inf,inf,inf,544.5374183653498,inf
131,199,inf,inf,inf,781.2073988384902,inf
131,200,inf,inf,inf,347.29814281104353,inf
131,201,inf,inf,inf,971.2965561557397,inf
131,202,inf,inf,inf,735.2883788011341,inf
132,133,inf,inf,inf,534.6522234125656,inf
132,134,inf,inf,inf,656.7069361595018,inf
132,135,inf,inf,inf,1108.6915711774848,inf
132,136,inf,inf,inf,1032.981122770402,inf
132,137,inf,inf,inf,255.9472601924076,inf
132,138,inf,inf,inf,308.9676358455688,inf
132,139,inf,inf,inf,524.0047709706467,inf
132,140,inf,inf,inf,162.5423021862309,inf
132,141,inf,inf,inf,1120.7872233390244,inf
132,142,inf,inf,inf,585.6005464478325,inf
132,143,inf,inf,inf,1210.0566102459834,inf
132,144,inf,inf,inf,1110.5480628950734,inf
132,145,inf,inf,inf,54.67174773134658,inf
132,146,inf,inf,inf,365.2615501253862,inf
132,147,inf,inf,inf,239.97083156083784,inf
132,148,inf,inf,inf,1367.3613275210032,inf
132,149,inf,inf,inf,617.7289049413181,inf
132,150,inf,inf,inf,456.0043859438196,inf
132,151,inf,inf,inf,224.1182723474371,inf
132,152,inf,inf,inf,946.1543214507874,inf
132,153,inf,inf,inf,267.8002987302292,inf
132,154,inf,inf,inf,362.840185205553,inf
132,155,inf,inf,inf,1361.179635463299,inf
132,156,inf,inf,inf,243.10080213771406,inf
132,157,inf,inf,inf,718.7412608164359,inf
132,158,inf,inf,inf,861.8868835293875,inf
132,159,inf,inf,inf,830.119268539166,inf
132,160,inf,inf,inf,602.1096245701442,inf
132,161,inf,inf,inf,461.17241894978935,inf
132,162,inf,inf,inf,598.5348778475653,inf
132,163,inf,inf,inf,123.4908903522847,inf
132,164,inf,inf,inf,1003.7813506934665,inf
132,165,inf,inf,inf,380.6796553534218,inf
132,166,inf,inf,inf,915.1633733929697,inf
132,167,inf,inf,inf,537.3723104142974,inf
132,168,inf,inf,inf,1234.865579729227,inf
132,169,inf,inf,inf,890.6879363727792,inf
132,170,inf,inf,inf,664.7179853140728,inf
132,171,inf,inf,inf,557.7544262486851,inf
132,172,inf,inf,inf,1210.5391360877186,inf
132,173,inf,inf,inf,1001.8193449919003,inf
132,174,inf,inf,inf,199.81241202688085,inf
132,175,inf,inf,inf,234.64867355261143,inf
132,176,inf,inf,inf,1058.3761146208847,inf
132,177,inf,inf,inf,430.5763579204042,inf
132,178,inf,inf,inf,750.0566645260876,inf
132,179,inf,inf,inf,812.603839518372,inf
132,180,inf,inf,inf,1296.3062909667606,inf
132,181,inf,inf,inf,1120.6515961707278,inf
132,182,inf,inf,inf,538.9666037891402,inf
132,183,inf,inf,inf,342.4280946417802,inf
132,184,inf,inf,inf,953.155286404057,inf
132,185,inf,inf,inf,777.4580374528261,inf
132,186,inf,inf,inf,528.8251128681391,inf
132,187,inf,inf,inf,584.8247600777519,inf
132,188,inf,inf,inf,1301.8237207855755,inf
132,189,inf,inf,inf,789.1165946804059,inf
132,190,inf,inf,inf,529.365658123003,inf
132,191,inf,inf,inf,303.48805577814755,inf
132,192,inf,inf,inf,847.1930122469141,inf
132,193,inf,inf,inf,367.0490430446591,inf
132,194,inf,inf,inf,985.4308702288557,inf
132,195,inf,inf,inf,307.1042168385188,inf
132,196,inf,inf,inf,507.2800015770383,inf
132,197,inf,inf,inf,356.5613551690648,inf
132,198,inf,inf,inf,720.8564350826036,inf
132,199,inf,inf,inf,980.2254842636974,inf
132,200,inf,inf,inf,412.7384159488913,inf
132,201,inf,inf,inf,1103.8197316591147,inf
132,202,inf,inf,inf,918.2690237615554,inf
133,134,inf,inf,inf,583.154353494853,inf
133,135,inf,inf,inf,592.2837157984338,inf
133,136,inf,inf,inf,1208.4787958421116,inf
133,137,inf,inf,inf,348.9412558010302,inf
133,138,inf,inf,inf,676.6742199906836,inf
133,139,inf,inf,inf,372.52919348689977,inf
133,140,inf,inf,inf,493.86739110817996,inf
133,141,inf,inf,inf,1017.8138336650765,inf
133,142,inf,inf,inf,462.85742945317406,inf
133,143,inf,inf,inf,1242.2769417484976,inf
133,144,inf,inf,inf,944.2563211331974,inf
133,145,inf,inf,inf,575.0426071170726,inf
133,146,inf,inf,inf,185.32404053441098,inf
133,147,inf,inf,inf,764.3461257833391,inf
133,148,inf,inf,inf,1144.398531980883,inf
133,149,inf,inf,inf,83.54639429682169,inf
133,150,inf,inf,inf,284.2340584799788,inf
133,151,inf,inf,inf,455.543631280254,inf
133,152,inf,inf,inf,445.8261993198695,inf
133,153,inf,inf,inf,756.4191959489129,inf
133,154,inf,inf,inf,360.84899889011746,inf
133,155,inf,inf,inf,1056.568502275172,inf
133,156,inf,inf,inf,309.2911249939125,inf
133,157,inf,inf,inf,830.0084336920921,inf
133,158,inf,inf,inf,350.5567001213926,inf
133,159,inf,inf,inf,444.7752241301217,inf
133,160,inf,inf,inf,156.43848631331102,inf
133,161,inf,inf,inf,253.58430550804994,inf
133,162,inf,inf,inf,520.2201457075648,inf
133,163,inf,inf,inf,547.4568476144947,inf
133,164,inf,inf,inf,819.1764156761351,inf
133,165,inf,inf,inf,195.0640920313116,inf
133,166,inf,inf,inf,1166.02101181754,inf
133,167,inf,inf,inf,600.8077895633511,inf
133,168,inf,inf,inf,879.4839395918495,inf
133,169,inf,inf,inf,1157.3668389927197,inf
133,170,inf,inf,inf,180.3247071257846,inf
133,171,inf,inf,inf,151.64761785138597,inf
133,172,inf,inf,inf,731.0554014573725,inf
133,173,inf,inf,inf,931.4467241877014,inf
133,174,inf,inf,inf,477.62746989678055,inf
133,175,inf,inf,inf,332.63343187358663,inf
133,176,inf,inf,inf,754.573389406226,inf
133,177,inf,inf,inf,320.2264823527249,inf
133,178,inf,inf,inf,443.80626403871315,inf
133,179,inf,inf,inf,501.78880019386645,inf
133,180,inf,inf,inf,1221.2473132007292,inf
133,181,inf,inf,inf,1157.2540775473637,inf
133,182,inf,inf,inf,196.69773765857096,inf
133,183,inf,inf,inf,328.93768406797057,inf
133,184,inf,inf,inf,836.2977938509703,inf
133,185,inf,inf,inf,847.8973994534952,inf
133,186,inf,inf,inf,890.4296715631168,inf
133,187,inf,inf,inf,159.3643623900902,inf
133,188,inf,inf,inf,1137.1587400182966,inf
133,189,inf,inf,inf,305.55195957479964,inf
133,190,inf,inf,inf,129.75746606650424,inf
133,191,inf,inf,inf,257.3441275801723,inf
133,192,inf,inf,inf,368.4358831601504,inf
133,193,inf,inf,inf,179.2930561957155,inf
133,194,inf,inf,inf,803.4208112813608,inf
133,195,inf,inf,inf,228.54321254414887,inf
133,196,inf,inf,inf,592.3731931814606,inf
133,197,inf,inf,inf,178.36199146679206,inf
133,198,inf,inf,inf,577.7239825383745,inf
133,199,inf,inf,inf,1054.6207849269804,inf
133,200,inf,inf,inf,200.52929960482084,inf
133,201,inf,inf,inf,709.6062288339921,inf
133,202,inf,inf,inf,754.2552618311655,inf
134,135,inf,inf,inf,812.9680190511801,inf
134,136,inf,inf,inf,655.8124731964161,inf
134,137,inf,inf,inf,706.889666072436,inf
134,138,inf,inf,inf,494.17102302745354,inf
134,139,inf,inf,inf,213.04694318389082,inf
134,140,inf,inf,inf,497.00301809948803,inf
134,141,inf,inf,inf,477.44737929954124,inf
134,142,inf,inf,inf,120.33287165193059,inf
134,143,inf,inf,inf,659.9674234384603,inf
134,144,inf,inf,inf,453.9217994324573,inf
134,145,inf,inf,inf,647.707495710834,inf
134,146,inf,inf,inf,492.15444730287663,inf
134,147,inf,inf,inf,745.4837355704013,inf
134,148,inf,inf,inf,712.2394260359363,inf
134,149,inf,inf,inf,605.5848412898064,inf
134,150,inf,inf,inf,313.41346493091197,inf
134,151,inf,inf,inf,432.588719224161,inf
134,152,inf,inf,inf,653.9296598258868,inf
134,153,inf,inf,inf,669.3616361877935,inf
134,154,inf,inf,inf,802.2748905456284,inf
134,155,inf,inf,inf,732.3127747076381,inf
134,156,inf,inf,inf,499.6098477812462,inf
134,157,inf,inf,inf,292.11812679120067,inf
134,158,inf,inf,inf,632.9304859145276,inf
134,159,inf,inf,inf,404.170755993058,inf
134,160,inf,inf,inf,466.5190242637485,inf
134,161,inf,inf,inf,774.4365693844784,inf
134,162,inf,inf,inf,68.0294054067798,inf
134,163,inf,inf,inf,763.1631542468491,inf
134,164,inf,inf,inf,349.6069221282668,inf
134,165,inf,inf,inf,654.3370691012393,inf
134,166,inf,inf,inf,663.7379000780353,inf
134,167,inf,inf,inf,162.45922565370057,inf
134,168,inf,inf,inf,652.2001226617487,inf
134,169,inf,inf,inf,668.5424444266796,inf
134,170,inf,inf,inf,753.7174536920318,inf
134,171,inf,inf,inf,729.2749824311815,inf
134,172,inf,inf,inf,797.9204220973418,inf
134,173,inf,inf,inf,369.2289262774519,inf
134,174,inf,inf,inf,776.9871298805406,inf
134,175,inf,inf,inf,661.6131800380037,inf
134,176,inf,inf,inf,458.1702740248433,inf
134,177,inf,inf,inf,811.9334948134607,inf
134,178,inf,inf,inf,281.85279846047297,inf
134,179,inf,inf,inf,303.9161068452937,inf
134,180,inf,inf,inf,670.1358071316589,inf
134,181,inf,inf,inf,574.222953215909,inf
134,182,inf,inf,inf,389.991025537768,inf
134,183,inf,inf,inf,359.3563690822802,inf
134,184,inf,inf,inf,300.18827425467504,inf
134,185,inf,inf,inf,282.39157211220027,inf
134,186,inf,inf,inf,569.5261188040457,inf
134,187,inf,inf,inf,741.3636084945092,inf
134,188,inf,inf,inf,646.7897649159269,inf
134,189,inf,inf,inf,539.0593659329184,inf
134,190,inf,inf,inf,455.38994279628093,inf
134,191,inf,inf,inf,473.60848809961163,inf
134,192,inf,inf,inf,554.4366510251645,inf
134,193,inf,inf,inf,501.4987537372351,inf
134,194,inf,inf,inf,331.40006035002466,inf
134,195,inf,inf,inf,572.0008741252062,inf
134,196,inf,inf,inf,190.2761151589973,inf
134,197,inf,inf,inf,562.0533782480095,inf
134,198,inf,inf,inf,89.98888820293314,inf
134,199,inf,inf,inf,475.69107622489616,inf
134,200,inf,inf,inf,417.7379561399706,inf
134,201,inf,inf,inf,584.0975945850146,inf
134,202,inf,inf,inf,263.4274093559742,inf
135,136,inf,inf,inf,1444.0322018570084,inf
135,137,inf,inf,inf,940.9527086947569,inf
135,138,inf,inf,inf,1164.0,inf
135,139,inf,inf,inf,707.6510439475095,inf
135,140,inf,inf,inf,1026.590960412179,inf
135,141,inf,inf,inf,1014.8226446034795,inf
135,142,inf,inf,inf,737.8109513960876,inf
135,143,inf,inf,inf,1331.4067748062573,inf
135,144,inf,inf,inf,888.9476924993957,inf
135,145,inf,inf,inf,1140.7900770956942,inf
135,146,inf,inf,inf,743.5327834063539,inf
135,147,inf,inf,inf,1320.0155302116714,inf
135,148,inf,inf,inf,953.8469478904883,inf
135,149,inf,inf,inf,511.6756785308444,inf
135,150,inf,inf,inf,703.344154735077,inf
135,151,inf,inf,inf,968.7682901499202,inf
135,152,inf,inf,inf,171.04677722775136,inf
135,153,inf,inf,inf,1289.8751877604282,inf
135,154,inf,inf,inf,936.8991407830407,inf
135,155,inf,inf,inf,771.2801047609098,inf
135,156,inf,inf,inf,867.0715080084226,inf
135,157,inf,inf,inf,1103.3086603484992,inf
135,158,inf,inf,inf,246.84002916869053,inf
135,159,inf,inf,inf,409.8109320162165,inf
135,160,inf,inf,inf,508.9214084708954,inf
135,161,inf,inf,inf,805.6109482870748,inf
135,162,inf,inf,inf,789.6866467150119,inf
135,163,inf,inf,inf,1137.2128208914987,inf
135,164,inf,inf,inf,792.021464355607,inf
135,165,inf,inf,inf,785.0159234053791,inf
135,166,inf,inf,inf,1475.248114725113,inf
135,167,inf,inf,inf,935.0090908648964,inf
135,168,inf,inf,inf,567.609020365251,inf
135,169,inf,inf,inf,1481.324407413852,inf
135,170,inf,inf,inf,559.6972395858318,inf
135,171,inf,inf,inf,659.4641764341715,inf
135,172,inf,inf,inf,209.61393083476108,inf
135,173,inf,inf,inf,994.2479570006669,inf
135,174,inf,inf,inf,1069.8560650853926,inf
135,175,inf,inf,inf,924.2883749133708,inf
135,176,inf,inf,inf,589.4989397785207,inf
135,177,inf,inf,inf,878.4082194515258,inf
135,178,inf,inf,inf,531.1459309831904,inf
135,179,inf,inf,inf,520.7072113961933,inf
135,180,inf,inf,inf,1197.2088372543865,inf
135,181,inf,inf,inf,1269.1623221637176,inf
135,182,inf,inf,inf,586.1825654179762,inf
135,183,inf,inf,inf,813.0190649671138,inf
135,184,inf,inf,inf,883.8880019549988,inf
135,185,inf,inf,inf,1080.0416658629426,inf
135,186,inf,inf,inf,1330.1672827129676,inf
135,187,inf,inf,inf,640.2038737777209,inf
135,188,inf,inf,inf,1024.9458522283019,inf
135,189,inf,inf,inf,326.4751139060985,inf
135,190,inf,inf,inf,580.8313008094519,inf
135,191,inf,inf,inf,806.965922452739,inf
135,192,inf,inf,inf,279.2579452764057,inf
135,193,inf,inf,inf,742.219644040765,inf
135,194,inf,inf,inf,787.0482831440521,inf
135,195,inf,inf,inf,813.9041712634233,inf
135,196,inf,inf,inf,946.8780280479635,inf
135,197,inf,inf,inf,763.8357153210368,inf
135,198,inf,inf,inf,741.4560000431584,inf
135,199,inf,inf,inf,1228.6679779338274,inf
135,200,inf,inf,inf,703.3775657497188,inf
135,201,inf,inf,inf,406.07019097688027,inf
135,202,inf,inf,inf,785.007643274892,inf
136,137,inf,inf,inf,1209.1968408824098,inf
136,138,inf,inf,inf,728.0968342191854,inf
136,139,inf,inf,inf,843.4293094267,inf
136,140,inf,inf,inf,893.9004418837704,inf
136,141,inf,inf,inf,573.9494751282555,inf
136,142,inf,inf,inf,765.1731830115324,inf
136,143,inf,inf,inf,337.8179983363823,inf
136,144,inf,inf,inf,692.6940161427699,inf
136,145,inf,inf,inf,991.7887879987352,inf
136,146,inf,inf,inf,1070.3055638461383,inf
136,147,inf,inf,inf,953.312120976126,inf
136,148,inf,inf,inf,895.8643870586664,inf
136,149,inf,inf,inf,1246.313363484481,inf
136,150,inf,inf,inf,924.2478022694996,inf
136,151,inf,inf,inf,867.5004322765493,inf
136,152,inf,inf,inf,1296.611738339585,inf
136,153,inf,inf,inf,856.6358619623626,inf
136,154,inf,inf,inf,1324.4413916817912,inf
136,155,inf,inf,inf,1058.2721767106987,inf
136,156,inf,inf,inf,1015.560928748246,inf
136,157,inf,inf,inf,378.6304266695956,inf
136,158,inf,inf,inf,1285.8588569512597,inf
136,159,inf,inf,inf,1038.01541414374,inf
136,160,inf,inf,inf,1114.1499001480904,inf
136,161,inf,inf,inf,1345.6663776731586,inf
136,162,inf,inf,inf,704.3479253891503,inf
136,163,inf,inf,inf,1156.0553619961286,inf
136,164,inf,inf,inf,714.2443559454986,inf
136,165,inf,inf,inf,1221.3799572614575,inf
136,166,inf,inf,inf,184.6131089603336,inf
136,167,inf,inf,inf,608.5203365541697,inf
136,168,inf,inf,inf,1102.6264099866282,inf
136,169,inf,inf,inf,223.0807028857494,inf
136,170,inf,inf,inf,1387.2332175953688,inf
136,171,inf,inf,inf,1340.8430184029746,inf
136,172,inf,inf,inf,1382.8756270901588,inf
136,173,inf,inf,inf,506.5846424833662,inf
136,174,inf,inf,inf,1220.9688775722336,inf
136,175,inf,inf,inf,1164.9283239753422,inf
136,176,inf,inf,inf,937.5766635321082,inf
136,177,inf,inf,inf,1360.8945587370097,inf
136,178,inf,inf,inf,923.3661245681477,inf
136,179,inf,inf,inf,923.8728267461923,inf
136,180,inf,inf,inf,576.7217700069939,inf
136,181,inf,inf,inf,299.81661061388843,inf
136,182,inf,inf,inf,1029.3420228476052,inf
136,183,inf,inf,inf,906.8897397148123,inf
136,184,inf,inf,inf,596.1786644958037,inf
136,185,inf,inf,inf,373.46619659615783,inf
136,186,inf,inf,inf,555.3035206083246,inf
136,187,inf,inf,inf,1358.1848180568063,inf
136,188,inf,inf,inf,750.6883507821339,inf
136,189,inf,inf,inf,1193.3737888859466,inf
136,190,inf,inf,inf,1089.628377016678,inf
136,191,inf,inf,inf,1021.9222083896601,inf
136,192,inf,inf,inf,1203.4791232090402,inf
136,193,inf,inf,inf,1080.1004582908017,inf
136,194,inf,inf,inf,709.1741676062376,inf
136,195,inf,inf,inf,1120.8144360240906,inf
136,196,inf,inf,inf,620.6681883260975,inf
136,197,inf,inf,inf,1132.4212996937138,inf
136,198,inf,inf,inf,709.3461778285691,inf
136,199,inf,inf,inf,233.1179958733345,inf
136,200,inf,inf,inf,1015.9552155484021,inf
136,201,inf,inf,inf,1127.042146505622,inf
136,202,inf,inf,inf,681.8445570656115,inf
137,138,inf,inf,inf,524.8390229394153,inf
137,139,inf,inf,inf,516.6139758078559,inf
137,140,inf,inf,inf,325.7376244771242,inf
137,141,inf,inf,inf,1183.8382490864196,inf
137,142,inf,inf,inf,603.5138772223884,inf
137,143,inf,inf,inf,1333.9640175057198,inf
137,144,inf,inf,inf,1144.3163898153343,inf
137,145,inf,inf,inf,309.7385994673573,inf
137,146,inf,inf,inf,248.16325271885037,inf
137,147,inf,inf,inf,492.8539337369643,inf
137,148,inf,inf,inf,1380.649122695553,inf
137,149,inf,inf,inf,429.53463189829057,inf
137,150,inf,inf,inf,418.4698316485909,inf
137,151,inf,inf,inf,341.76014981270123,inf
137,152,inf,inf,inf,793.3025904407473,inf
137,153,inf,inf,inf,522.3121671950597,inf
137,154,inf,inf,inf,117.66052864066182,inf
137,155,inf,inf,inf,1333.2940410877115,inf
137,156,inf,inf,inf,209.0095691589263,inf
137,157,inf,inf,inf,857.0565908970073,inf
137,158,inf,inf,inf,699.1838098812071,inf
137,159,inf,inf,inf,744.4897581565511,inf
137,160,inf,inf,inf,467.8471972770597,inf
137,161,inf,inf,inf,207.13522153414664,inf
137,162,inf,inf,inf,639.6725724931467,inf
137,163,inf,inf,inf,214.0023364358436,inf
137,164,inf,inf,inf,1025.1682788693765,inf
137,165,inf,inf,inf,157.48650735856708,inf
137,166,inf,inf,inf,1115.941306700312,inf
137,167,inf,inf,inf,638.3181025162925,inf
137,168,inf,inf,inf,1177.5924592149865,inf
137,169,inf,inf,inf,1096.3913534865185,inf
137,170,inf,inf,inf,435.40900312235163,inf
137,171,inf,inf,inf,322.2623155133098,inf
137,172,inf,inf,inf,1075.7592667506983,inf
137,173,inf,inf,inf,1075.2939133092868,inf
137,174,inf,inf,inf,129.24395537122808,inf
137,175,inf,inf,inf,46.09772228646444,inf
137,176,inf,inf,inf,1023.8344592755218,inf
137,177,inf,inf,inf,176.02556632489498,inf
137,178,inf,inf,inf,698.8132797822319,inf
137,179,inf,inf,inf,763.5810369567856,inf
137,180,inf,inf,inf,1376.4174512116592,inf
137,181,inf,inf,inf,1244.0952535879237,inf
137,182,inf,inf,inf,440.6200177023282,inf
137,183,inf,inf,inf,347.6665068711681,inf
137,184,inf,inf,inf,1003.6742499436757,inf
137,185,inf,inf,inf,901.7061605645156,inf
137,186,inf,inf,inf,755.8895421951544,inf
137,187,inf,inf,inf,349.14323708186015,inf
137,188,inf,inf,inf,1341.4656164061753,inf
137,189,inf,inf,inf,646.2089445372912,inf
137,190,inf,inf,inf,401.034911198514,inf
137,191,inf,inf,inf,236.47832881682837,inf
137,192,inf,inf,inf,708.8081545806313,inf
137,193,inf,inf,inf,242.68910152703603,inf
137,194,inf,inf,inf,1007.280000794218,inf
137,195,inf,inf,inf,153.7010084547268,inf
137,196,inf,inf,inf,614.6299699819397,inf
137,197,inf,inf,inf,193.19679086361657,inf
137,198,inf,inf,inf,744.6643539206103,inf
137,199,inf,inf,inf,1114.978475128556,inf
137,200,inf,inf,inf,327.42021929013487,inf
137,201,inf,inf,inf,1022.29398902664,inf
137,202,inf,inf,inf,945.4464553849679,inf
138,139,inf,inf,inf,468.0619617101992,inf
138,140,inf,inf,inf,203.0,inf
138,141,inf,inf,inf,899.2802677697315,inf
138,142,inf,inf,inf,479.67176277116835,inf
138,143,inf,inf,inf,932.4054911893215,inf
138,144,inf,inf,inf,919.8369420718001,inf
138,145,inf,inf,inf,264.3671689147501,inf
138,146,inf,inf,inf,493.1703559623186,inf
138,147,inf,inf,inf,266.3400082601185,inf
138,148,inf,inf,inf,1186.5984999147774,inf
138,149,inf,inf,inf,748.1951617058212,inf
138,150,inf,inf,inf,461.52464722915937,inf
138,151,inf,inf,inf,221.84679398179276,inf
138,152,inf,inf,inf,993.0080563620821,inf
138,153,inf,inf,inf,178.46568297574746,inf
138,154,inf,inf,inf,642.0124609382593,inf
138,155,inf,inf,inf,1225.8845785798921,inf
138,156,inf,inf,inf,382.7962904731445,inf
138,157,inf,inf,inf,447.16216297893544,inf
138,158,inf,inf,inf,929.5644141209366,inf
138,159,inf,inf,inf,804.6819247379675,inf
138,160,inf,inf,inf,672.4767653978835,inf
138,161,inf,inf,inf,705.4707648088615,inf
138,162,inf,inf,inf,459.9445618767549,inf
138,163,inf,inf,inf,430.2615483633182,inf
138,164,inf,inf,inf,833.5526378099946,inf
138,165,inf,inf,inf,594.294539769633,inf
138,166,inf,inf,inf,606.2186074346448,inf
138,167,inf,inf,inf,336.1339018903032,inf
138,168,inf,inf,inf,1140.1491130549548,inf
138,169,inf,inf,inf,582.1563363908358,inf
138,170,inf,inf,inf,844.7940577442529,inf
138,171,inf,inf,inf,758.0059366522138,inf
138,172,inf,inf,inf,1214.7666442572418,inf
138,173,inf,inf,inf,775.9387862454099,inf
138,174,inf,inf,inf,505.2682455884201,inf
138,175,inf,inf,inf,487.2258203338571,inf
138,176,inf,inf,inf,948.2852946239333,inf
138,177,inf,inf,inf,696.6039046689302,inf
138,178,inf,inf,inf,694.4955003453946,inf
138,179,inf,inf,inf,745.0852300240557,inf
138,180,inf,inf,inf,1052.3255199794405,inf
138,181,inf,inf,inf,845.2768777152253,inf
138,182,inf,inf,inf,584.1934611068494,inf
138,183,inf,inf,inf,360.85454133209964,inf
138,184,inf,inf,inf,754.5926053175979,inf
138,185,inf,inf,inf,515.3193184812694,inf
138,186,inf,inf,inf,231.53617427952807,inf
138,187,inf,inf,inf,782.5579850720328,inf
138,188,inf,inf,inf,1096.2818980535983,inf
138,189,inf,inf,inf,839.5725102693632,inf
138,190,inf,inf,inf,610.151620501003,inf
138,191,inf,inf,inf,422.62276322980995,inf
138,192,inf,inf,inf,885.0813521931191,inf
138,193,inf,inf,inf,500.57766630164394,inf
138,194,inf,inf,inf,816.0912939126357,inf
138,195,inf,inf,inf,493.3558553417604,inf
138,196,inf,inf,inf,305.6435832796102,inf
138,197,inf,inf,inf,527.7092002230016,inf
138,198,inf,inf,inf,579.2935352651538,inf
138,199,inf,inf,inf,699.9721423028205,inf
138,200,inf,inf,inf,488.5284024496426,inf
138,201,inf,inf,inf,1046.9446021638394,inf
138,202,inf,inf,inf,748.5753135122744,inf
139,140,inf,inf,inf,383.97525961967915,inf
139,141,inf,inf,inf,675.5005551441094,inf
139,142,inf,inf,inf,94.04786015641186,inf
139,143,inf,inf,inf,872.8401915585694,inf
139,144,inf,inf,inf,627.9697444941118,inf
139,145,inf,inf,inf,531.0969779616524,inf
139,146,inf,inf,inf,285.25251970841555,inf
139,147,inf,inf,inf,672.6878919677387,inf
139,148,inf,inf,inf,866.3867496678374,inf
139,149,inf,inf,inf,403.10048375064,inf
139,150,inf,inf,inf,103.0,inf
139,151,inf,inf,inf,315.35694062442957,inf
139,152,inf,inf,inf,537.5434866129438,inf
139,153,inf,inf,inf,618.2200255572444,inf
139,154,inf,inf,inf,602.2042842756932,inf
139,155,inf,inf,inf,839.4504154504898,inf
139,156,inf,inf,inf,319.7889929312765,inf
139,157,inf,inf,inf,465.6393454166003,inf
139,158,inf,inf,inf,489.54672912807825,inf
139,159,inf,inf,inf,337.12460604352214,inf
139,160,inf,inf,inf,272.72146963523056,inf
139,161,inf,inf,inf,563.7880807537528,inf
139,162,inf,inf,inf,148.00337833982033,inf
139,163,inf,inf,inf,611.5791036325554,inf
139,164,inf,inf,inf,508.62166686054576,inf
139,165,inf,inf,inf,446.07174310866185,inf
139,166,inf,inf,inf,820.6003899584742,inf
139,167,inf,inf,inf,247.95160818191923,inf
139,168,inf,inf,inf,712.07443431147,inf
139,169,inf,inf,inf,817.664968064549,inf
139,170,inf,inf,inf,547.0767770615016,inf
139,171,inf,inf,inf,516.7368769499618,inf
139,172,inf,inf,inf,746.7074393629676,inf
139,173,inf,inf,inf,575.7612352355792,inf
139,174,inf,inf,inf,604.2731170588346,inf
139,175,inf,inf,inf,473.43109319097323,inf
139,176,inf,inf,inf,534.5774031887244,inf
139,177,inf,inf,inf,605.0033057760925,inf
139,178,inf,inf,inf,233.94443784796422,inf
139,179,inf,inf,inf,292.60553651631403,inf
139,180,inf,inf,inf,874.2064973448779,inf
139,181,inf,inf,inf,786.6237982669987,inf
139,182,inf,inf,inf,185.9139585937538,inf
139,183,inf,inf,inf,185.06755523321746,inf
139,184,inf,inf,inf,492.9137855649809,inf
139,185,inf,inf,inf,477.0450712458939,inf
139,186,inf,inf,inf,622.6853137821704,inf
139,187,inf,inf,inf,529.5592506981632,inf
139,188,inf,inf,inf,825.234512123675,inf
139,189,inf,inf,inf,394.2435795292043,inf
139,190,inf,inf,inf,247.67922803497268,inf
139,191,inf,inf,inf,280.26416110519733,inf
139,192,inf,inf,inf,429.5776996074168,inf
139,193,inf,inf,inf,294.10882339705483,inf
139,194,inf,inf,inf,490.69440591879584,inf
139,195,inf,inf,inf,371.7122543043207,inf
139,196,inf,inf,inf,250.43961347997646,inf
139,197,inf,inf,inf,355.1408171415953,inf
139,198,inf,inf,inf,229.83689869122406,inf
139,199,inf,inf,inf,682.1326850400881,inf
139,200,inf,inf,inf,207.2920644887305,inf
139,201,inf,inf,inf,592.4229907760164,inf
139,202,inf,inf,inf,429.1072127102969,inf
140,141,inf,inf,inf,958.3402318592285,inf
140,142,inf,inf,inf,434.27640967476003,inf
140,143,inf,inf,inf,1053.049381558149,inf
140,144,inf,inf,inf,950.2131339862652,inf
140,145,inf,inf,inf,151.64761785138597,inf
140,146,inf,inf,inf,308.70698080866265,inf
140,147,inf,inf,inf,296.66479400158016,inf
140,148,inf,inf,inf,1208.9669143529115,inf
140,149,inf,inf,inf,571.1260806511991,inf
140,150,inf,inf,inf,335.4400095397089,inf
140,151,inf,inf,inf,68.8839603971781,inf
140,152,inf,inf,inf,858.1678157563356,inf
140,153,inf,inf,inf,266.092089322475,inf
140,154,inf,inf,inf,443.3971132066604,inf
140,155,inf,inf,inf,1211.3603922862924,inf
140,156,inf,inf,inf,187.38729946290383,inf
140,157,inf,inf,inf,563.0035523866612,inf
140,158,inf,inf,inf,783.224744246503,inf
140,159,inf,inf,inf,709.0063469391512,inf
140,160,inf,inf,inf,519.5421060895835,inf
140,161,inf,inf,inf,502.4937810560445,inf
140,162,inf,inf,inf,441.2799564902082,inf
140,163,inf,inf,inf,280.01785657346926,inf
140,164,inf,inf,inf,845.6624622152742,inf
140,165,inf,inf,inf,392.82184256988563,inf
140,166,inf,inf,inf,791.6817542421954,inf
140,167,inf,inf,inf,374.8933181586463,inf
140,168,inf,inf,inf,1094.934244601017,inf
140,169,inf,inf,inf,771.2360209430055,inf
140,170,inf,inf,inf,653.0926427391446,inf
140,171,inf,inf,inf,560.5301062387283,inf
140,172,inf,inf,inf,1105.8521601009784,inf
140,173,inf,inf,inf,839.277069864297,inf
140,174,inf,inf,inf,328.3062594590606,inf
140,175,inf,inf,inf,286.0069929215018,inf
140,176,inf,inf,inf,912.9665930361308,inf
140,177,inf,inf,inf,494.77267507411926,inf
140,178,inf,inf,inf,616.7179257975238,inf
140,179,inf,inf,inf,676.5389863119493,inf
140,180,inf,inf,inf,1134.0414454507384,inf
140,181,inf,inf,inf,963.2984999469271,inf
140,182,inf,inf,inf,441.13149966874954,inf
140,183,inf,inf,inf,218.51544567833184,inf
140,184,inf,inf,inf,791.6470173000085,inf
140,185,inf,inf,inf,618.8642823753847,inf
140,186,inf,inf,inf,434.22114181601063,inf
140,187,inf,inf,inf,585.8668790774915,inf
140,188,inf,inf,inf,1140.4494727957044,inf
140,189,inf,inf,inf,700.5319407421763,inf
140,190,inf,inf,inf,450.21772510642006,inf
140,191,inf,inf,inf,236.7129062810053,inf
140,192,inf,inf,inf,753.4905440680726,inf
140,193,inf,inf,inf,314.58703088334715,inf
140,194,inf,inf,inf,827.3487777231559,inf
140,195,inf,inf,inf,293.8383909566617,inf
140,196,inf,inf,inf,344.9478221412624,inf
140,197,inf,inf,inf,332.2228167961978,inf
140,198,inf,inf,inf,565.022123460666,inf
140,199,inf,inf,inf,825.0054545274231,inf
140,200,inf,inf,inf,325.3013987058771,inf
140,201,inf,inf,inf,974.7994665570966,inf
140,202,inf,inf,inf,759.7644371777347,inf
141,142,inf,inf,inf,583.3729510356133,inf
141,143,inf,inf,inf,331.94125986385,inf
141,144,inf,inf,inf,135.1184665395519,inf
141,145,inf,inf,inf,1103.8935637098352,inf
141,146,inf,inf,inf,960.7517889652873,inf
141,147,inf,inf,inf,1165.484448630697,inf
141,148,inf,inf,inf,332.9519484850629,inf
141,149,inf,inf,inf,1016.7561162835461,inf
141,150,inf,inf,inf,778.4343260673953,inf
141,151,inf,inf,inf,899.0400436020634,inf
141,152,inf,inf,inf,906.3884377020704,inf
141,153,inf,inf,inf,1075.8982293878914,inf
141,154,inf,inf,inf,1276.3263689197995,inf
141,155,inf,inf,inf,485.0834979671026,inf
141,156,inf,inf,inf,977.0332645309472,inf
141,157,inf,inf,inf,477.33950182234025,inf
141,158,inf,inf,inf,935.0,inf
141,159,inf,inf,inf,665.0187967268294,inf
141,160,inf,inf,inf,874.3111574262334,inf
141,161,inf,inf,inf,1236.3640240641103,inf
141,162,inf,inf,inf,544.2131935188635,inf
141,163,inf,inf,inf,1233.3247747450791,inf
141,164,inf,inf,inf,226.04645540242387,inf
141,165,inf,inf,inf,1121.1445045131336,inf
141,166,inf,inf,inf,705.8668429668587,inf
141,167,inf,inf,inf,584.9726489332643,inf
141,168,inf,inf,inf,556.9281820845484,inf
141,169,inf,inf,inf,734.1859437499468,inf
141,170,inf,inf,inf,1167.9289361943218,inf
141,171,inf,inf,inf,1169.318605000365,inf
141,172,inf,inf,inf,897.4970752041479,inf
141,173,inf,inf,inf,123.45849504995596,inf
141,174,inf,inf,inf,1253.3032354542136,inf
141,175,inf,inf,inf,1138.7607299165177,inf
141,176,inf,inf,inf,433.021939397994,inf
141,177,inf,inf,inf,1280.3062133724104,inf
141,178,inf,inf,inf,594.2364849115207,inf
141,179,inf,inf,inf,556.0872233741753,inf
141,180,inf,inf,inf,204.0245083317198,inf
141,181,inf,inf,inf,297.4155342277871,inf
141,182,inf,inf,inf,822.3898102481572,inf
141,183,inf,inf,inf,836.6391097719494,inf
141,184,inf,inf,inf,183.04371062672436,inf
141,185,inf,inf,inf,403.8626003977095,inf
141,186,inf,inf,inf,867.8824805237169,inf
141,187,inf,inf,inf,1176.1666548580604,inf
141,188,inf,inf,inf,205.526154053444,inf
141,189,inf,inf,inf,862.1328203937024,inf
141,190,inf,inf,inf,888.8329426838319,inf
141,191,inf,inf,inf,949.1643693270413,inf
141,192,inf,inf,inf,843.765370230374,inf
141,193,inf,inf,inf,969.5963077487455,inf
141,194,inf,inf,inf,235.05318547086316,inf
141,195,inf,inf,inf,1045.461142271677,inf
141,196,inf,inf,inf,616.0105518576772,inf
141,197,inf,inf,inf,1030.628934195038,inf
141,198,inf,inf,inf,447.0100670007332,inf
141,199,inf,inf,inf,350.27132340515686,inf
141,200,inf,inf,inf,882.1275417988036,inf
141,201,inf,inf,inf,632.0395557241651,inf
141,202,inf,inf,inf,266.62708039507163,inf
142,143,inf,inf,inf,780.1621626303086,inf
142,144,inf,inf,inf,541.8533011803103,inf
142,145,inf,inf,inf,585.4271944486351,inf
142,146,inf,inf,inf,378.0052909682614,inf
142,147,inf,inf,inf,708.7298498017421,inf
142,148,inf,inf,inf,787.5512681724282,inf
142,149,inf,inf,inf,487.1026585844097,inf
142,150,inf,inf,inf,196.4993638666548,inf
142,151,inf,inf,inf,365.9357867167408,inf
142,152,inf,inf,inf,571.8531279970408,inf
142,153,inf,inf,inf,643.8982838927279,inf
142,154,inf,inf,inf,693.0548318856164,inf
142,155,inf,inf,inf,777.1447741572995,inf
142,156,inf,inf,inf,400.98129632191075,inf
142,157,inf,inf,inf,391.41410296513334,inf
142,158,inf,inf,inf,538.0046468200809,inf
142,159,inf,inf,inf,341.1773732239581,inf
142,160,inf,inf,inf,350.14282800023193,inf
142,161,inf,inf,inf,657.7355091524252,inf
142,162,inf,inf,inf,60.8276253029822,inf
142,163,inf,inf,inf,682.3210388079793,inf
142,164,inf,inf,inf,425.8462163739394,inf
142,165,inf,inf,inf,539.4487927505261,inf
142,166,inf,inf,inf,756.4152298836929,inf
142,167,inf,inf,inf,197.20294115453754,inf
142,168,inf,inf,inf,667.026985960838,inf
142,169,inf,inf,inf,756.923377892373,inf
142,170,inf,inf,inf,634.2507390614535,inf
142,171,inf,inf,inf,609.0599313696478,inf
142,172,inf,inf,inf,750.7256489557287,inf
142,173,inf,inf,inf,481.99792530673824,inf
142,174,inf,inf,inf,684.143990692018,inf
142,175,inf,inf,inf,559.3174411727208,inf
142,176,inf,inf,inf,480.41648597857255,inf
142,177,inf,inf,inf,698.1031442415941,inf
142,178,inf,inf,inf,221.5784285529618,inf
142,179,inf,inf,inf,266.3625349030903,inf
142,180,inf,inf,inf,781.0160049576449,inf
142,181,inf,inf,inf,694.553093722863,inf
142,182,inf,inf,inf,270.5198698801994,inf
142,183,inf,inf,inf,261.1225765804252,inf
142,184,inf,inf,inf,401.4187339923238,inf
142,185,inf,inf,inf,394.0977036218303,inf
142,186,inf,inf,inf,602.003322249969,inf
142,187,inf,inf,inf,621.034620613054,inf
142,188,inf,inf,inf,738.5939344457142,inf
142,189,inf,inf,inf,442.36749428501184,inf
142,190,inf,inf,inf,335.4101966249685,inf
142,191,inf,inf,inf,367.3486082728503,inf
142,192,inf,inf,inf,466.99892933496113,inf
142,193,inf,inf,inf,387.04650883324086,inf
142,194,inf,inf,inf,407.6199210048498,inf
142,195,inf,inf,inf,462.1958459354649,inf
142,196,inf,inf,inf,210.85777196963835,inf
142,197,inf,inf,inf,448.0178567869812,inf
142,198,inf,inf,inf,141.6827441857335,inf
142,199,inf,inf,inf,594.0791193098778,inf
142,200,inf,inf,inf,301.0398644698074,inf
142,201,inf,inf,inf,567.4028551214736,inf
142,202,inf,inf,inf,343.43267171310305,inf
143,144,inf,inf,inf,467.0588827974477,inf
143,145,inf,inf,inf,1179.4583502608305,inf
143,146,inf,inf,inf,1144.7624207668593,inf
143,147,inf,inf,inf,1187.763023502584,inf
143,148,inf,inf,inf,602.8498983992615,inf
143,149,inf,inf,inf,1258.6341803717235,inf
143,150,inf,inf,inf,971.4139179567071,inf
143,151,inf,inf,inf,1008.0178569846865,inf
143,152,inf,inf,inf,1209.4895617573557,inf
143,153,inf,inf,inf,1090.868461364614,inf
143,154,inf,inf,inf,1440.3221861791897,inf
143,155,inf,inf,inf,795.3043442607365,inf
143,156,inf,inf,inf,1126.2970300946372,inf
143,157,inf,inf,inf,491.4488783179793,inf
143,158,inf,inf,inf,1224.6019761538848,inf
143,159,inf,inf,inf,955.9482203550567,inf
143,160,inf,inf,inf,1116.236982006957,inf
143,161,inf,inf,inf,1428.9832049397921,inf
143,162,inf,inf,inf,725.366803762069,inf
143,163,inf,inf,inf,1331.9102822637867,inf
143,164,inf,inf,inf,541.215299118567,inf
143,165,inf,inf,inf,1306.2748562228394,inf
143,166,inf,inf,inf,515.3299913647564,inf
143,167,inf,inf,inf,695.6795239188804,inf
143,168,inf,inf,inf,887.8558441548943,inf
143,169,inf,inf,inf,552.1974284619587,inf
143,170,inf,inf,inf,1409.0596154882874,inf
143,171,inf,inf,inf,1389.2188452508121,inf
143,172,inf,inf,inf,1225.9828710059533,inf
143,173,inf,inf,inf,339.60712595586097,inf
143,174,inf,inf,inf,1376.0130813331682,inf
143,175,inf,inf,inf,1287.8870292071429,inf
143,176,inf,inf,inf,760.9080102088557,inf
143,177,inf,inf,inf,1460.2468969321592,inf
143,178,inf,inf,inf,863.6897591149267,inf
143,179,inf,inf,inf,840.4308418900391,inf
143,180,inf,inf,inf,251.70021851400924,inf
143,181,inf,inf,inf,90.0499861188218,inf
143,182,inf,inf,inf,1047.138004276418,inf
143,183,inf,inf,inf,994.949244936645,inf
143,184,inf,inf,inf,450.6994564008259,inf
143,185,inf,inf,inf,435.00114942376877,inf
143,186,inf,inf,inf,818.1692978840015,inf
143,187,inf,inf,inf,1400.9814417043503,inf
143,188,inf,inf,inf,453.8039224158381,inf
143,189,inf,inf,inf,1142.4858861272642,inf
143,190,inf,inf,inf,1113.4868656611986,inf
143,191,inf,inf,inf,1114.4622021405662,inf
143,192,inf,inf,inf,1134.6721993597976,inf
143,193,inf,inf,inf,1154.4288631180355,inf
143,194,inf,inf,inf,544.7797720180147,inf
143,195,inf,inf,inf,1215.9226949111526,inf
143,196,inf,inf,inf,720.2846659481236,inf
143,197,inf,inf,inf,1213.5258546895489,inf
143,198,inf,inf,inf,671.7328337962944,inf
143,199,inf,inf,inf,232.44139046219803,inf
143,200,inf,inf,inf,1074.5827097064237,inf
143,201,inf,inf,inf,960.3879424482587,inf
143,202,inf,inf,inf,550.5133967488892,inf
144,145,inf,inf,inf,1100.095450404191,inf
144,146,inf,inf,inf,909.6510319897405,inf
144,147,inf,inf,inf,1182.7108691476544,inf
144,148,inf,inf,inf,267.2901045680517,inf
144,149,inf,inf,inf,933.8094023943002,inf
144,150,inf,inf,inf,728.5746358472823,inf
144,151,inf,inf,inf,886.4423275092407,inf
144,152,inf,inf,inf,789.3750692794903,inf
144,153,inf,inf,inf,1098.2941318244398,inf
144,154,inf,inf,inf,1228.5926908459126,inf
144,155,inf,inf,inf,370.10944327320266,inf
144,156,inf,inf,inf,942.7921297932011,inf
144,157,inf,inf,inf,533.7433840339381,inf
144,158,inf,inf,inf,825.9309898532686,inf
144,159,inf,inf,inf,559.4327484157501,inf
144,160,inf,inf,inf,794.1945605454623,inf
144,161,inf,inf,inf,1175.3744084333298,inf
144,162,inf,inf,inf,514.856290628754,inf
144,163,inf,inf,inf,1216.5035963777502,inf
144,164,inf,inf,inf,125.09996003196804,inf
144,165,inf,inf,inf,1065.841451624021,inf
144,166,inf,inf,inf,809.6449839281412,inf
144,167,inf,inf,inf,589.0076400183617,inf
144,168,inf,inf,inf,422.7528828996912,inf
144,169,inf,inf,inf,834.7706271785082,inf
144,170,inf,inf,inf,1083.158806454529,inf
144,171,inf,inf,inf,1095.5916209975321,inf
144,172,inf,inf,inf,764.5299209318102,inf
144,173,inf,inf,inf,193.56910910576616,inf
144,174,inf,inf,inf,1225.2232449639534,inf
144,175,inf,inf,inf,1100.6202796605194,inf
144,176,inf,inf,inf,301.93542355940946,inf
144,177,inf,inf,inf,1224.853052410778,inf
144,178,inf,inf,inf,505.8141951349329,inf
144,179,inf,inf,inf,458.5935019164576,inf
144,180,inf,inf,inf,309.9435432461854,inf
144,181,inf,inf,inf,429.16313914407885,inf
144,182,inf,inf,inf,753.4148923402032,inf
144,183,inf,inf,inf,802.5883128977147,inf
144,184,inf,inf,inf,165.48715962273326,inf
144,185,inf,inf,inf,463.83833390525194,inf
144,186,inf,inf,inf,921.6946348981315,inf
144,187,inf,inf,inf,1099.8058919645775,inf
144,188,inf,inf,inf,197.3068675946177,inf
144,189,inf,inf,inf,759.6170087616522,inf
144,190,inf,inf,inf,818.049509504162,inf
144,191,inf,inf,inf,907.8380912916135,inf
144,192,inf,inf,inf,735.0108842731514,inf
144,193,inf,inf,inf,917.8420343392429,inf
144,194,inf,inf,inf,141.05672617780408,inf
144,195,inf,inf,inf,999.0495483208027,inf
144,196,inf,inf,inf,620.6142118901242,inf
144,197,inf,inf,inf,978.3562745748605,inf
144,198,inf,inf,inf,400.1812089541437,inf
144,199,inf,inf,inf,462.053027259859,inf
144,200,inf,inf,inf,828.9028893664203,inf
144,201,inf,inf,inf,499.61685319852853,inf
144,202,inf,inf,inf,198.8793604173143,inf
145,146,inf,inf,inf,399.8012005984975,inf
145,147,inf,inf,inf,191.36614120580475,inf
145,148,inf,inf,inf,1359.915438547559,inf
145,149,inf,inf,inf,657.4024642484998,inf
145,150,inf,inf,inf,471.8400152594097,inf
145,151,inf,inf,inf,219.49487465542333,inf
145,152,inf,inf,inf,976.0988679432018,inf
145,153,inf,inf,inf,213.21350801485352,inf
145,154,inf,inf,inf,417.4805384685614,inf
145,155,inf,inf,inf,1362.5699982019273,inf
145,156,inf,inf,inf,273.97992627198073,inf
145,157,inf,inf,inf,688.1773027352762,inf
145,158,inf,inf,inf,894.4137744914264,inf
145,159,inf,inf,inf,847.5311203725796,inf
145,160,inf,inf,inf,632.3171672507398,inf
145,161,inf,inf,inf,513.9426037992959,inf
145,162,inf,inf,inf,592.8178472347134,inf
145,163,inf,inf,inf,166.652332716947,inf
145,164,inf,inf,inf,996.8149276570851,inf
145,165,inf,inf,inf,429.2924411167753,inf
145,166,inf,inf,inf,869.1334765155465,inf
145,167,inf,inf,inf,518.9296676814691,inf
145,168,inf,inf,inf,1243.1452047126272,inf
145,169,inf,inf,inf,843.6966279415842,inf
145,170,inf,inf,inf,711.5370686057051,inf
145,171,inf,inf,inf,606.347260239543,inf
145,172,inf,inf,inf,1235.2700109692616,inf
145,173,inf,inf,inf,983.445473831671,inf
145,174,inf,inf,inf,252.25780463644728,inf
145,175,inf,inf,inf,286.38610301479366,inf
145,176,inf,inf,inf,1062.9793036555322,inf
145,177,inf,inf,inf,484.83089835529256,inf
145,178,inf,inf,inf,761.4630654207728,inf
145,179,inf,inf,inf,822.6846297336543,inf
145,180,inf,inf,inf,1274.800768747807,inf
145,181,inf,inf,inf,1090.548944339501,inf
145,182,inf,inf,inf,563.9042471909571,inf
145,183,inf,inf,inf,355.4180636940109,inf
145,184,inf,inf,inf,940.2489032165897,inf
145,185,inf,inf,inf,749.5732119012791,inf
145,186,inf,inf,inf,478.56556499606194,inf
145,187,inf,inf,inf,633.2969287782786,inf
145,188,inf,inf,inf,1289.0197826255421,inf
145,189,inf,inf,inf,818.400879764923,inf
145,190,inf,inf,inf,560.0223209837266,inf
145,191,inf,inf,inf,333.8562564937192,inf
145,192,inf,inf,inf,875.0228568443226,inf
145,193,inf,inf,inf,402.6363123216782,inf
145,194,inf,inf,inf,978.5198005150432,inf
145,195,inf,inf,inf,350.04285451927166,inf
145,196,inf,inf,inf,488.01639316727875,inf
145,197,inf,inf,inf,398.2825630127435,inf
145,198,inf,inf,inf,716.6540308963594,inf
145,199,inf,inf,inf,948.3759802947352,inf
145,200,inf,inf,inf,439.6020928066653,inf
145,201,inf,inf,inf,1118.0004472271019,inf
145,202,inf,inf,inf,910.8177644293066,inf
146,147,inf,inf,inf,585.533944361896,inf
146,148,inf,inf,inf,1138.1849586073433,inf
146,149,inf,inf,inf,262.9543686649834,inf
146,150,inf,inf,inf,182.3951753747889,inf
146,151,inf,inf,inf,271.41296947640507,inf
146,152,inf,inf,inf,582.4087911424415,inf
146,153,inf,inf,inf,572.420300129197,inf
146,154,inf,inf,inf,319.11283270968596,inf
146,155,inf,inf,inf,1085.3248361665737,inf
146,156,inf,inf,inf,127.03542812932147,inf
146,157,inf,inf,inf,696.8105911939055,inf
146,158,inf,inf,inf,496.6980974394808,inf
146,159,inf,inf,inf,499.6098477812462,inf
146,160,inf,inf,inf,239.73318502034715,inf
146,161,inf,inf,inf,284.2534080710379,inf
146,162,inf,inf,inf,424.28763828327595,inf
146,163,inf,inf,inf,403.7548761315459,inf
146,164,inf,inf,inf,787.8356427580565,inf
146,165,inf,inf,inf,162.2374802565671,inf
146,166,inf,inf,inf,1009.9603952631014,inf
146,167,inf,inf,inf,465.3654477934519,inf
146,168,inf,inf,inf,930.2220165100373,inf
146,169,inf,inf,inf,997.9584159673187,inf
146,170,inf,inf,inf,352.63862522418043,inf
146,171,inf,inf,inf,277.2183255125822,inf
146,172,inf,inf,inf,853.4781778112432,inf
146,173,inf,inf,inf,859.6336428967866,inf
146,174,inf,inf,inf,360.0013888862097,inf
146,175,inf,inf,inf,212.08488866489287,inf
146,176,inf,inf,inf,775.9020556745548,inf
146,177,inf,inf,inf,320.1562118716424,inf
146,178,inf,inf,inf,450.7737791841935,inf
146,179,inf,inf,inf,515.4890881483332,inf
146,180,inf,inf,inf,1159.0211387200839,inf
146,181,inf,inf,inf,1056.4942025397015,inf
146,182,inf,inf,inf,194.60986614249546,inf
146,183,inf,inf,inf,164.2589419179364,inf
146,184,inf,inf,inf,778.134307173254,inf
146,185,inf,inf,inf,726.8266643430193,inf
146,186,inf,inf,inf,711.471714125024,inf
146,187,inf,inf,inf,298.67038688159226,inf
146,188,inf,inf,inf,1106.8536488623959,inf
146,189,inf,inf,inf,426.64856732444326,inf
146,190,inf,inf,inf,167.29614460590537,inf
146,191,inf,inf,inf,72.03471385380801,inf
146,192,inf,inf,inf,486.5716802281037,inf
146,193,inf,inf,inf,9.848857801796104,inf
146,194,inf,inf,inf,770.3466752053909,inf
146,195,inf,inf,inf,94.51454914456292,inf
146,196,inf,inf,inf,450.05888503616944,inf
146,197,inf,inf,inf,70.02856560004639,inf
146,198,inf,inf,inf,514.6357935472425,inf
146,199,inf,inf,inf,939.8648839061922,inf
146,200,inf,inf,inf,81.32035415564789,inf
146,201,inf,inf,inf,778.1889230771664,inf
146,202,inf,inf,inf,711.4000281135783,inf
147,148,inf,inf,inf,1448.6217587762515,inf
147,149,inf,inf,inf,846.0289593152235,inf
147,150,inf,inf,inf,631.8686572381954,inf
147,151,inf,inf,inf,361.3654659759286,inf
147,152,inf,inf,inf,1152.7922622918668,inf
147,153,inf,inf,inf,97.49358953285082,inf
147,154,inf,inf,inf,592.1933805776623,inf
147,155,inf,inf,inf,1476.5635780419345,inf
147,156,inf,inf,inf,458.5280798380836,inf
147,157,inf,inf,inf,709.9753516848314,inf
147,158,inf,inf,inf,1074.9739531728198,inf
147,159,inf,inf,inf,1003.7131064203555,inf
147,160,inf,inf,inf,811.3211448002572,inf
147,161,inf,inf,inf,699.5784444935392,inf
147,162,inf,inf,inf,701.7763176397448,inf
147,163,inf,inf,inf,306.44412214953644,inf
147,164,inf,inf,inf,1091.615774895178,inf
147,165,inf,inf,inf,620.0975729673517,inf
147,166,inf,inf,inf,805.164579449444,inf
147,167,inf,inf,inf,594.6301371440906,inf
147,168,inf,inf,inf,1375.7081812651984,inf
147,169,inf,inf,inf,774.0419885251704,inf
147,170,inf,inf,inf,902.8864823442646,inf
147,171,inf,inf,inf,797.22017034192,inf
147,172,inf,inf,inf,1402.4924242219636,inf
147,173,inf,inf,inf,1042.19000187106,inf
147,174,inf,inf,inf,410.0256089563187,inf
147,175,inf,inf,inf,474.43650787012587,inf
147,176,inf,inf,inf,1188.2230430352713,inf
147,177,inf,inf,inf,664.115953730973,inf
147,178,inf,inf,inf,906.6294722762988,inf
147,179,inf,inf,inf,964.0171160306231,inf
147,180,inf,inf,inf,1317.5507580355302,inf
147,181,inf,inf,inf,1102.4926303608565,inf
147,182,inf,inf,inf,736.4190383198957,inf
147,183,inf,inf,inf,515.1514340463394,inf
147,184,inf,inf,inf,1018.0044204226227,inf
147,185,inf,inf,inf,779.7416238729339,inf
147,186,inf,inf,inf,401.44987233775527,inf
147,187,inf,inf,inf,824.2293370173134,inf
147,188,inf,inf,inf,1361.647898687469,inf
147,189,inf,inf,inf,994.9015026624495,inf
147,190,inf,inf,inf,740.2013239653115,inf
147,191,inf,inf,inf,516.7097831471744,inf
147,192,inf,inf,inf,1049.0576723898453,inf
147,193,inf,inf,inf,589.2172774113128,inf
147,194,inf,inf,inf,1073.7988638474153,inf
147,195,inf,inf,inf,541.0110904593362,inf
147,196,inf,inf,inf,563.2166545832962,inf
147,197,inf,inf,inf,588.7223454226959,inf
147,198,inf,inf,inf,825.4211046490149,inf
147,199,inf,inf,inf,955.9267754383701,inf
147,200,inf,inf,inf,616.662792780625,inf
147,201,inf,inf,inf,1265.0644252369125,inf
147,202,inf,inf,inf,1005.7932193050418,inf
148,149,inf,inf,inf,1119.3087152345415,inf
148,150,inf,inf,inf,962.2000831427941,inf
148,151,inf,inf,inf,1143.587338160055,inf
148,152,inf,inf,inf,897.8780540808423,inf
148,153,inf,inf,inf,1365.0619033582323,inf
148,154,inf,inf,inf,1456.09477713506,inf
148,155,inf,inf,inf,220.60145058453264,inf
148,156,inf,inf,inf,1185.8520143761616,inf
148,157,inf,inf,inf,795.3929846308679,inf
148,158,inf,inf,inf,957.9989561580952,inf
148,159,inf,inf,inf,717.0446290155168,inf
148,160,inf,inf,inf,988.716845208981,inf
148,161,inf,inf,inf,1388.3230891979,inf
148,162,inf,inf,inf,768.8465386538461,inf
148,163,inf,inf,inf,1469.1184431488157,inf
148,164,inf,inf,inf,363.5849281804734,inf
148,165,inf,inf,inf,1287.2272526636468,inf
148,166,inf,inf,inf,1037.1677781342805,inf
148,167,inf,inf,inf,854.1674308939671,inf
148,168,inf,inf,inf,394.1218085820677,inf
148,169,inf,inf,inf,1066.3217150560145,inf
148,170,inf,inf,inf,1261.6992510103191,inf
148,171,inf,inf,inf,1292.2093483642657,inf
148,172,inf,inf,inf,783.4092161827049,inf
148,173,inf,inf,inf,441.61634933503086,inf
148,174,inf,inf,inf,1470.2217519816527,inf
148,175,inf,inf,inf,1338.634005245646,inf
148,176,inf,inf,inf,402.657422631199,inf
148,177,inf,inf,inf,1443.8784574887181,inf
148,178,inf,inf,inf,701.7720427603255,inf
148,179,inf,inf,inf,642.6196386666065,inf
148,180,inf,inf,inf,361.8577068406862,inf
148,181,inf,inf,inf,601.8014622780506,inf
148,182,inf,inf,inf,965.2491906238513,inf
148,183,inf,inf,inf,1047.7900553068826,inf
148,184,inf,inf,inf,432.75166088647194,inf
148,185,inf,inf,inf,723.6090104469401,inf
148,186,inf,inf,inf,1185.6074392479156,inf
148,187,inf,inf,inf,1292.255779634976,inf
148,188,inf,inf,inf,149.08386901338454,inf
148,189,inf,inf,inf,912.01425427457,inf
148,190,inf,inf,inf,1025.4935397163651,inf
148,191,inf,inf,inf,1145.5906773363688,inf
148,192,inf,inf,inf,872.5508581165914,inf
148,193,inf,inf,inf,1145.5557603189816,inf
148,194,inf,inf,inf,381.93847672105517,inf
148,195,inf,inf,inf,1230.7688653845612,inf
148,196,inf,inf,inf,885.6918199915815,inf
148,197,inf,inf,inf,1204.4671020829087,inf
148,198,inf,inf,inf,647.8248220005158,inf
148,199,inf,inf,inf,680.5358183078978,inf
148,200,inf,inf,inf,1056.8878843094,inf
148,201,inf,inf,inf,549.440624635638,inf
148,202,inf,inf,inf,449.22711405256916,inf
149,150,inf,inf,inf,328.3245345690754,inf
149,151,inf,inf,inf,528.8667128870941,inf
149,152,inf,inf,inf,371.06468438804575,inf
149,153,inf,inf,inf,835.374167663808,inf
149,154,inf,inf,inf,431.2586231021937,inf
149,155,inf,inf,inf,1017.3165682323275,inf
149,156,inf,inf,inf,389.08225351460067,inf
149,157,inf,inf,inf,868.0472337378883,inf
149,158,inf,inf,inf,273.82110948573705,inf
149,159,inf,inf,inf,406.5525796253173,inf
149,160,inf,inf,inf,143.2515270424717,inf
149,161,inf,inf,inf,311.1028768751585,inf
149,162,inf,inf,inf,546.9378392468379,inf
149,163,inf,inf,inf,630.5370726610768,inf
149,164,inf,inf,inf,809.0797241310648,inf
149,165,inf,inf,inf,273.35325130680263,inf
149,166,inf,inf,inf,1214.5472407444677,inf
149,167,inf,inf,inf,643.4671708797582,inf
149,168,inf,inf,inf,832.8649350284835,inf
149,169,inf,inf,inf,1208.0372510812736,inf
149,170,inf,inf,inf,151.52887513606112,inf
149,171,inf,inf,inf,180.31361568112376,inf
149,172,inf,inf,inf,658.3448944132551,inf
149,173,inf,inf,inf,938.2520983189966,inf
149,174,inf,inf,inf,558.6447887522088,inf
149,175,inf,inf,inf,415.21681083501426,inf
149,176,inf,inf,inf,722.2721093881446,inf
149,177,inf,inf,inf,382.0274859221519,inf
149,178,inf,inf,inf,428.06541556168725,inf
149,179,inf,inf,inf,480.0374985352707,inf
149,180,inf,inf,inf,1220.780488048527,inf
149,181,inf,inf,inf,1175.8116345741778,inf
149,182,inf,inf,inf,217.40745157422734,inf
149,183,inf,inf,inf,392.800203665935,inf
149,184,inf,inf,inf,838.1181300986157,inf
149,185,inf,inf,inf,879.5419262320586,inf
149,186,inf,inf,inf,956.393747365592,inf
149,187,inf,inf,inf,174.8742405273001,inf
149,188,inf,inf,inf,1122.7688987498718,inf
149,189,inf,inf,inf,242.21065211918324,inf
149,190,inf,inf,inf,157.69908052997647,inf
149,191,inf,inf,inf,334.6072324382723,inf
149,192,inf,inf,inf,303.52759347380595,inf
149,193,inf,inf,inf,258.02713035648014,inf
149,194,inf,inf,inf,794.3758556250309,inf
149,195,inf,inf,inf,312.03204963593083,inf
149,196,inf,inf,inf,638.5687120427997,inf
149,197,inf,inf,inf,261.7728022541685,inf
149,198,inf,inf,inf,587.7286788986904,inf
149,199,inf,inf,inf,1081.0166511206014,inf
149,200,inf,inf,inf,262.1907702418222,inf
149,201,inf,inf,inf,657.8639677015302,inf
149,202,inf,inf,inf,750.5524631896161,inf
150,151,inf,inf,inf,271.2876701953113,inf
150,152,inf,inf,inf,532.634959423431,inf
150,153,inf,inf,inf,590.5260366825497,inf
150,154,inf,inf,inf,500.27692331347845,inf
150,155,inf,inf,inf,923.2995180330162,inf
150,156,inf,inf,inf,231.40008643040736,inf
150,157,inf,inf,inf,545.78475610812,inf
150,158,inf,inf,inf,468.3641745479686,inf
150,159,inf,inf,inf,375.7046712512369,inf
150,160,inf,inf,inf,218.40329667841556,inf
150,161,inf,inf,inf,461.41087980237313,inf
150,162,inf,inf,inf,246.4467488119898,inf
150,163,inf,inf,inf,531.0837975310487,inf
150,164,inf,inf,inf,607.8001316222299,inf
150,165,inf,inf,inf,343.09328177625395,inf
150,166,inf,inf,inf,886.3137142118472,inf
150,167,inf,inf,inf,317.04416096184457,inf
150,168,inf,inf,inf,782.9667936764624,inf
150,169,inf,inf,inf,879.7414392877034,inf
150,170,inf,inf,inf,463.38968482261237,inf
150,171,inf,inf,inf,421.80801320031844,inf
150,172,inf,inf,inf,770.8028282252213,inf
150,173,inf,inf,inf,678.4939203854371,inf
150,174,inf,inf,inf,513.3078998028376,inf
150,175,inf,inf,inf,376.61651583540515,inf
150,176,inf,inf,inf,614.9504045042983,inf
150,177,inf,inf,inf,502.0039840479356,inf
150,178,inf,inf,inf,296.29883563726673,inf
150,179,inf,inf,inf,360.2846097184835,inf
150,180,inf,inf,inf,977.1847317677451,inf
150,181,inf,inf,inf,884.3257318431936,inf
150,182,inf,inf,inf,126.17844506887855,inf
150,183,inf,inf,inf,117.27318534089538,inf
150,184,inf,inf,inf,595.7558224642039,inf
150,185,inf,inf,inf,565.4706004736232,inf
150,186,inf,inf,inf,645.8266021154594,inf
150,187,inf,inf,inf,436.7150100465978,inf
150,188,inf,inf,inf,925.8752615768498,inf
150,189,inf,inf,inf,378.1071276768001,inf
150,190,inf,inf,inf,171.20747647226156,inf
150,191,inf,inf,inf,184.25254408012933,inf
150,192,inf,inf,inf,425.3610231321154,inf
150,193,inf,inf,inf,191.1674658512792,inf
150,194,inf,inf,inf,590.0932129757128,inf
150,195,inf,inf,inf,270.51247660690257,inf
150,196,inf,inf,inf,310.4851043125902,inf
150,197,inf,inf,inf,252.1983346495373,inf
150,198,inf,inf,inf,332.26796414941964,inf
150,199,inf,inf,inf,774.8148165852276,inf
150,200,inf,inf,inf,104.58011283222064,inf
150,201,inf,inf,inf,647.8163319954198,inf
150,202,inf,inf,inf,529.9528280894442,inf
151,152,inf,inf,inf,799.2803012710873,inf
151,153,inf,inf,inf,321.1385993617086,inf
151,154,inf,inf,inf,457.73791627961083,inf
151,155,inf,inf,inf,1143.0804871049108,inf
151,156,inf,inf,inf,164.93938280471406,inf
151,157,inf,inf,inf,521.9061218265216,inf
151,158,inf,inf,inf,727.5012027481466,inf
151,159,inf,inf,inf,642.5145912740037,inf
151,160,inf,inf,inf,465.0172039828204,inf
151,161,inf,inf,inf,497.94075952868127,inf
151,162,inf,inf,inf,374.9946666287402,inf
151,163,inf,inf,inf,334.48019373350047,inf
151,164,inf,inf,inf,780.0576901742588,inf
151,165,inf,inf,inf,380.42344827836257,inf
151,166,inf,inf,inf,777.7692459849515,inf
151,167,inf,inf,inf,319.7655391063896,inf
151,168,inf,inf,inf,1026.0623762715404,inf
151,169,inf,inf,inf,760.2591663373747,inf
151,170,inf,inf,inf,623.0096307441804,inf
151,171,inf,inf,inf,538.1570402772782,inf
151,172,inf,inf,inf,1042.0259113860845,inf
151,173,inf,inf,inf,781.4454555501619,inf
151,174,inf,inf,inf,368.0,inf
151,175,inf,inf,inf,297.9345565724124,inf
151,176,inf,inf,inf,844.1782987023536,inf
151,177,inf,inf,inf,500.2649298121946,inf
151,178,inf,inf,inf,548.4706008529537,inf
151,179,inf,inf,inf,607.9605250343151,inf
151,180,inf,inf,inf,1078.5012749181153,inf
151,181,inf,inf,inf,918.0049019476966,inf
151,182,inf,inf,inf,382.6042341637113,inf
151,183,inf,inf,inf,156.1793840428371,inf
151,184,inf,inf,inf,729.5491758613672,inf
151,185,inf,inf,inf,573.021814593476,inf
151,186,inf,inf,inf,444.8022032319534,inf
151,187,inf,inf,inf,562.1930273491481,inf
151,188,inf,inf,inf,1078.0398879447828,inf
151,189,inf,inf,inf,642.2974388863777,inf
151,190,inf,inf,inf,398.1318876955223,inf
151,191,inf,inf,inf,200.8033864256278,inf
151,192,inf,inf,inf,693.461606723833,inf
151,193,inf,inf,inf,278.7436097922247,inf
151,194,inf,inf,inf,761.7171391008608,inf
151,195,inf,inf,inf,277.3157045679166,inf
151,196,inf,inf,inf,291.35888522576414,inf
151,197,inf,inf,inf,307.7092783781471,inf
151,198,inf,inf,inf,498.1214711292819,inf
151,199,inf,inf,inf,783.0051085401678,inf
151,200,inf,inf,inf,273.64941074301623,inf
151,201,inf,inf,inf,906.755204010432,inf
151,202,inf,inf,inf,694.398300689165,inf
152,153,inf,inf,inf,1120.4075151479483,inf
152,154,inf,inf,inf,802.3222544588926,inf
152,155,inf,inf,inf,743.2967106075473,inf
152,156,inf,inf,inf,703.3932044027722,inf
152,157,inf,inf,inf,945.8673268487499,inf
152,158,inf,inf,inf,98.41239759298622,inf
152,159,inf,inf,inf,259.43399931389104,inf
152,160,inf,inf,inf,344.0930106817051,inf
152,161,inf,inf,inf,678.846079755934,inf
152,162,inf,inf,inf,625.7315718421119,inf
152,163,inf,inf,inf,981.8401091827528,inf
152,164,inf,inf,inf,680.3624034292312,inf
152,165,inf,inf,inf,640.8876656638041,inf
152,166,inf,inf,inf,1317.6661185596297,inf
152,167,inf,inf,inf,768.6800374668253,inf
152,168,inf,inf,inf,540.0749947923899,inf
152,169,inf,inf,inf,1321.9807109031508,inf
152,170,inf,inf,inf,453.15118889836316,inf
152,171,inf,inf,inf,537.4476718714111,inf
152,172,inf,inf,inf,287.7933286231632,inf
152,173,inf,inf,inf,869.9022933640306,inf
152,174,inf,inf,inf,920.8001954821686,inf
152,175,inf,inf,inf,772.5619716242834,inf
152,176,inf,inf,inf,504.92771759926194,inf
152,177,inf,inf,inf,750.959386385176,inf
152,178,inf,inf,inf,374.4609458942281,inf
152,179,inf,inf,inf,375.66075121045054,inf
152,180,inf,inf,inf,1099.0914429655068,inf
152,181,inf,inf,inf,1141.3763621172466,inf
152,182,inf,inf,inf,417.0959122312277,inf
152,183,inf,inf,inf,643.2705496134578,inf
152,184,inf,inf,inf,758.7918028023233,inf
152,185,inf,inf,inf,927.6491793776352,inf
152,186,inf,inf,inf,1160.227563885637,inf
152,187,inf,inf,inf,522.56674214879,inf
152,188,inf,inf,inf,946.5077918326928,inf
152,189,inf,inf,inf,157.9271984174987,inf
152,190,inf,inf,inf,416.7925143281727,inf
152,191,inf,inf,inf,643.0217725707272,inf
152,192,inf,inf,inf,108.29589096544707,inf
152,193,inf,inf,inf,581.9699304946948,inf
152,194,inf,inf,inf,672.3763826905284,inf
152,195,inf,inf,inf,658.3167930411619,inf
152,196,inf,inf,inf,779.2669632417378,inf
152,197,inf,inf,inf,609.1370945854471,inf
152,198,inf,inf,inf,588.2465469511912,inf
152,199,inf,inf,inf,1088.3758541974366,inf
152,200,inf,inf,inf,536.9739286036148,inf
152,201,inf,inf,inf,359.1684841407999,inf
152,202,inf,inf,inf,658.9764790946639,inf
153,154,inf,inf,inf,630.6266724457506,inf
153,155,inf,inf,inf,1401.670788737498,inf
153,156,inf,inf,inf,447.1655174541078,inf
153,157,inf,inf,inf,615.4932980951133,inf
153,158,inf,inf,inf,1047.9561059510079,inf
153,159,inf,inf,inf,954.0780890472226,inf
153,160,inf,inf,inf,784.6942079561949,inf
153,161,inf,inf,inf,724.5032781154272,inf
153,162,inf,inf,inf,630.6956476780223,inf
153,163,inf,inf,inf,362.32720019341633,inf
153,164,inf,inf,inf,1011.3851887386921,inf
153,165,inf,inf,inf,632.113913784533,inf
153,166,inf,inf,inf,711.0731326663946,inf
153,167,inf,inf,inf,513.595171316865,inf
153,168,inf,inf,inf,1309.5686312675637,inf
153,169,inf,inf,inf,680.8024676806041,inf
153,170,inf,inf,inf,907.5422855162177,inf
153,171,inf,inf,inf,807.4781730796195,inf
153,172,inf,inf,inf,1359.2115361488072,inf
153,173,inf,inf,inf,952.4541983738641,inf
153,174,inf,inf,inf,459.6977267727131,inf
153,175,inf,inf,inf,496.2509445834839,inf
153,176,inf,inf,inf,1119.448524944314,inf
153,177,inf,inf,inf,697.8287755603089,inf
153,178,inf,inf,inf,850.7044140005387,inf
153,179,inf,inf,inf,905.2391949092793,inf
153,180,inf,inf,inf,1224.118049862839,inf
153,181,inf,inf,inf,1005.9229592767033,inf
153,182,inf,inf,inf,703.6931149300808,inf
153,183,inf,inf,inf,477.1771159642927,inf
153,184,inf,inf,inf,933.0251872270115,inf
153,185,inf,inf,inf,686.0728824257668,inf
153,186,inf,inf,inf,307.117241456744,inf
153,187,inf,inf,inf,833.9502383236064,inf
153,188,inf,inf,inf,1274.0015698577456,inf
153,189,inf,inf,inf,963.4147601111372,inf
153,190,inf,inf,inf,716.0342170594922,inf
153,191,inf,inf,inf,500.9191551538032,inf
153,192,inf,inf,inf,1014.416581094769,inf
153,193,inf,inf,inf,577.5673120944432,inf
153,194,inf,inf,inf,993.8294622318258,inf
153,195,inf,inf,inf,543.0009208095323,inf
153,196,inf,inf,inf,482.7131653477042,inf
153,197,inf,inf,inf,587.1805514490411,inf
153,198,inf,inf,inf,752.4925248798156,inf
153,199,inf,inf,inf,859.239780270909,inf
153,200,inf,inf,inf,591.0414537069291,inf
153,201,inf,inf,inf,1207.5665613124604,inf
153,202,inf,inf,inf,926.1495559573518,inf
154,155,inf,inf,inf,1394.0118363916426,inf
154,156,inf,inf,inf,314.77134558278965,inf
154,157,inf,inf,inf,968.4472107451185,inf
154,158,inf,inf,inf,704.8645259906332,inf
154,159,inf,inf,inf,791.1238841041269,inf
154,160,inf,inf,inf,503.1351707046527,inf
154,161,inf,inf,inf,139.71757226634023,inf
154,162,inf,inf,inf,734.3602658096365,inf
154,163,inf,inf,inf,293.218348675522,inf
154,164,inf,inf,inf,1106.946249824263,inf
154,165,inf,inf,inf,174.26990560621763,inf
154,166,inf,inf,inf,1233.3000445957991,inf
154,167,inf,inf,inf,745.8914130086229,inf
154,168,inf,inf,inf,1228.0065146407,inf
154,169,inf,inf,inf,1213.9431617666455,inf
154,170,inf,inf,inf,395.7385500554628,inf
154,171,inf,inf,inf,283.494268019655,inf
154,172,inf,inf,inf,1089.474185100317,inf
154,173,inf,inf,inf,1171.4934912324525,inf
154,174,inf,inf,inf,189.2828571212935,inf
154,175,inf,inf,inf,159.8155186457185,inf
154,176,inf,inf,inf,1085.8199666611404,inf
154,177,inf,inf,inf,77.41446893184762,inf
154,178,inf,inf,inf,761.7296108200075,inf
154,179,inf,inf,inf,825.3992973100959,inf
154,180,inf,inf,inf,1472.2231488466687,inf
154,181,inf,inf,inf,1350.7290623955641,inf
154,182,inf,inf,inf,496.6145386514575,inf
154,183,inf,inf,inf,446.8780594300866,inf
154,184,inf,inf,inf,1094.4414100352747,inf
154,185,inf,inf,inf,1010.4543532490718,inf
154,186,inf,inf,inf,872.7617086009216,inf
154,187,inf,inf,inf,307.35809733924367,inf
154,188,inf,inf,inf,1425.8422072585731,inf
154,189,inf,inf,inf,666.3887754156729,inf
154,190,inf,inf,inf,445.3369510831096,inf
154,191,inf,inf,inf,329.013677527242,inf
154,192,inf,inf,inf,729.2413866477958,inf
154,193,inf,inf,inf,311.20732639190874,inf
154,194,inf,inf,inf,1089.4443537877462,inf
154,195,inf,inf,inf,230.8679276123039,inf
154,196,inf,inf,inf,723.6753415724485,inf
154,197,inf,inf,inf,251.6445906432324,inf
154,198,inf,inf,inf,832.0390615830485,inf
154,199,inf,inf,inf,1224.3549321989926,inf
154,200,inf,inf,inf,400.24992192379,inf
154,201,inf,inf,inf,1064.2560782067444,inf
154,202,inf,inf,inf,1030.1461061422308,inf
155,156,inf,inf,inf,1154.3898821455427,inf
155,157,inf,inf,inf,888.2032425070289,inf
155,158,inf,inf,inf,817.2398668689627,inf
155,159,inf,inf,inf,612.3005797808785,inf
155,160,inf,inf,inf,900.9206402341996,inf
155,161,inf,inf,inf,1308.6458650070308,inf
155,162,inf,inf,inf,775.454705318112,inf
155,163,inf,inf,inf,1450.8108077899062,inf
155,164,inf,inf,inf,403.38691104199205,inf
155,165,inf,inf,inf,1220.472449504699,inf
155,166,inf,inf,inf,1179.7533640553859,inf
155,167,inf,inf,inf,890.4341637650703,inf
155,168,inf,inf,inf,205.20477577288497,inf
155,169,inf,inf,inf,1204.7427111213415,inf
155,170,inf,inf,inf,1148.8724907490823,inf
155,171,inf,inf,inf,1196.4113005150027,inf
155,172,inf,inf,inf,585.0,inf
155,173,inf,inf,inf,563.5601121442148,inf
155,174,inf,inf,inf,1436.1424024100118,inf
155,175,inf,inf,inf,1294.8799172124031,inf
155,176,inf,inf,inf,309.46728421595714,inf
155,177,inf,inf,inf,1370.6239455080304,inf
155,178,inf,inf,inf,634.5589019153383,inf
155,179,inf,inf,inf,569.9412250399158,inf
155,180,inf,inf,inf,569.3540199208222,inf
155,181,inf,inf,inf,778.6205751198719,inf
155,182,inf,inf,inf,897.6329985021719,inf
155,183,inf,inf,inf,1024.4086098818186,inf
155,184,inf,inf,inf,511.50464318518164,inf
155,185,inf,inf,inf,822.5746166762016,inf
155,186,inf,inf,inf,1265.2090736317061,inf
155,187,inf,inf,inf,1192.1484806851872,inf
155,188,inf,inf,inf,353.0849756078556,inf
155,189,inf,inf,inf,789.2863865543355,inf
155,190,inf,inf,inf,950.1336748058138,inf
155,191,inf,inf,inf,1106.3475945651078,inf
155,192,inf,inf,inf,740.1310694735089,inf
155,193,inf,inf,inf,1091.311596199729,inf
155,194,inf,inf,inf,418.70753516028344,inf
155,195,inf,inf,inf,1179.825834604413,inf
155,196,inf,inf,inf,920.4026292878568,inf
155,197,inf,inf,inf,1146.246919297932,inf
155,198,inf,inf,inf,651.2818130425569,inf
155,199,inf,inf,inf,830.3180113667293,inf
155,200,inf,inf,inf,1006.0462216021688,inf
155,201,inf,inf,inf,384.13018626502134,inf
155,202,inf,inf,inf,482.59714048054616,inf
156,157,inf,inf,inf,654.3920843042036,inf
156,158,inf,inf,inf,620.539281593035,inf
156,159,inf,inf,inf,595.0260498499205,inf
156,160,inf,inf,inf,359.30210130195456,inf
156,161,inf,inf,inf,335.49068541466244,inf
156,162,inf,inf,inf,433.0288673980062,inf
156,163,inf,inf,inf,301.2573650551966,inf
156,164,inf,inf,inf,826.1942870778036,inf
156,165,inf,inf,inf,215.8077848456816,inf
156,166,inf,inf,inf,936.6162501259521,inf
156,167,inf,inf,inf,431.2365939945264,inf
156,168,inf,inf,inf,1013.1145048808648,inf
156,169,inf,inf,inf,920.8001954821686,inf
156,170,inf,inf,inf,465.72524088780074,inf
156,171,inf,inf,inf,375.2545802518605,inf
156,172,inf,inf,inf,967.9984504119828,inf
156,173,inf,inf,inf,867.1101429460965,inf
156,174,inf,inf,inf,284.48725806264156,inf
156,175,inf,inf,inf,163.07666908543356,inf
156,176,inf,inf,inf,846.3060911986868,inf
156,177,inf,inf,inf,345.33751606218516,inf
156,178,inf,inf,inf,526.6165587977652,inf
156,179,inf,inf,inf,591.0372238700368,inf
156,180,inf,inf,inf,1168.179780684463,inf
156,181,inf,inf,inf,1036.5645180113006,inf
156,182,inf,inf,inf,297.31632985761144,inf
156,183,inf,inf,inf,140.68759717899798,inf
156,184,inf,inf,inf,798.098364864883,inf
156,185,inf,inf,inf,695.6903046614923,inf
156,186,inf,inf,inf,609.2372280154915,inf
156,187,inf,inf,inf,400.0124998046936,inf
156,188,inf,inf,inf,1139.3370879594854,inf
156,189,inf,inf,inf,546.136429841482,inf
156,190,inf,inf,inf,286.6810073932349,inf
156,191,inf,inf,inf,60.40695324215582,inf
156,192,inf,inf,inf,604.0943634896787,inf
156,193,inf,inf,inf,131.13733259449805,inf
156,194,inf,inf,inf,808.0618788186954,inf
156,195,inf,inf,inf,112.43220179290273,inf
156,196,inf,inf,inf,408.93153461184676,inf
156,197,inf,inf,inf,145.3616180427282,inf
156,198,inf,inf,inf,542.6601146205606,inf
156,199,inf,inf,inf,909.5867193401627,inf
156,200,inf,inf,inf,170.47287174210447,inf
156,201,inf,inf,inf,872.066511224918,inf
156,202,inf,inf,inf,744.4004298762864,inf
157,158,inf,inf,inf,923.898262797371,inf
157,159,inf,inf,inf,693.5769604016558,inf
157,160,inf,inf,inf,737.5154235675346,inf
157,161,inf,inf,inf,976.6232641095542,inf
157,162,inf,inf,inf,331.09666262286606,inf
157,163,inf,inf,inf,840.9048697682753,inf
157,164,inf,inf,inf,487.7417349376615,inf
157,165,inf,inf,inf,852.0093896196215,inf
157,166,inf,inf,inf,372.02284876066415,inf
157,167,inf,inf,inf,231.76712450216058,inf
157,168,inf,inf,inf,865.4998555748002,inf
157,169,inf,inf,inf,378.8456149937597,inf
157,170,inf,inf,inf,1008.6114217080827,inf
157,171,inf,inf,inf,963.9942945889254,inf
157,172,inf,inf,inf,1073.9459949178079,inf
157,173,inf,inf,inf,356.74220383913087,inf
157,174,inf,inf,inf,888.7035501223116,inf
157,175,inf,inf,inf,811.4388455083969,inf
157,176,inf,inf,inf,676.2403418903667,inf
157,177,inf,inf,inf,997.6998546657206,inf
157,178,inf,inf,inf,572.5539275911048,inf
157,179,inf,inf,inf,586.9599645631719,inf
157,180,inf,inf,inf,609.2889298190145,inf
157,181,inf,inf,inf,402.37420394453716,inf
157,182,inf,inf,inf,651.4230576207754,inf
157,183,inf,inf,inf,535.4717546239017,inf
157,184,inf,inf,inf,377.11536696347974,inf
157,185,inf,inf,inf,73.59347797189639,inf
157,186,inf,inf,inf,391.15342258505166,inf
157,187,inf,inf,inf,980.7226927118593,inf
157,188,inf,inf,inf,682.2374953049707,inf
157,189,inf,inf,inf,829.3081453838495,inf
157,190,inf,inf,inf,711.1293834457974,inf
157,191,inf,inf,inf,653.3421768108959,inf
157,192,inf,inf,inf,846.4756346168506,inf
157,193,inf,inf,inf,706.6540879383632,inf
157,194,inf,inf,inf,474.58718903906373,inf
157,195,inf,inf,inf,754.1418964624628,inf
157,196,inf,inf,inf,247.7175811281872,inf
157,197,inf,inf,inf,761.2128480260958,inf
157,198,inf,inf,inf,363.3469416411813,inf
157,199,inf,inf,inf,262.0019083899963,inf
157,200,inf,inf,inf,639.0070422147161,inf
157,201,inf,inf,inf,839.147781978836,inf
157,202,inf,inf,inf,419.934518705,inf
158,159,inf,inf,inf,270.4533231446787,inf
158,160,inf,inf,inf,263.8275952208184,inf
158,161,inf,inf,inf,580.5350979914996,inf
158,162,inf,inf,inf,595.6953919580039,inf
158,163,inf,inf,inf,891.7090332614109,inf
158,164,inf,inf,inf,710.1774426155762,inf
158,165,inf,inf,inf,545.3255908170825,inf
158,166,inf,inf,inf,1293.1871480957425,inf
158,167,inf,inf,inf,731.1142181629352,inf
158,168,inf,inf,inf,617.571048544214,inf
158,169,inf,inf,inf,1294.706144265949,inf
158,170,inf,inf,inf,356.7534162415267,inf
158,171,inf,inf,inf,439.06833181180355,inf
158,172,inf,inf,inf,386.10361303670805,inf
158,173,inf,inf,inf,886.1698482796625,inf
158,174,inf,inf,inf,827.3777855369335,inf
158,175,inf,inf,inf,680.2212875234059,inf
158,176,inf,inf,inf,557.5598622569598,inf
158,177,inf,inf,inf,652.724290952926,inf
158,178,inf,inf,inf,366.2813126546316,inf
158,179,inf,inf,inf,384.3149749879648,inf
158,180,inf,inf,inf,1133.0494252238072,inf
158,181,inf,inf,inf,1151.8598004965709,inf
158,182,inf,inf,inf,346.09247319177575,inf
158,183,inf,inf,inf,573.0008725996846,inf
158,184,inf,inf,inf,776.0541218239872,inf
158,185,inf,inf,inf,913.2031537396266,inf
158,186,inf,inf,inf,1108.5147721162764,inf
158,187,inf,inf,inf,424.42078177205224,inf
158,188,inf,inf,inf,994.2414193745904,inf
158,189,inf,inf,inf,95.85405573057407,inf
158,190,inf,inf,inf,334.8865479531837,inf
158,191,inf,inf,inf,560.5604338516945,inf
158,192,inf,inf,inf,91.2414379544733,inf
158,193,inf,inf,inf,495.3907548592323,inf
158,194,inf,inf,inf,700.0178569150933,inf
158,195,inf,inf,inf,568.0792198276575,inf
158,196,inf,inf,inf,738.0677475679316,inf
158,197,inf,inf,inf,518.2673055480154,inf
158,198,inf,inf,inf,577.8001384561966,inf
158,199,inf,inf,inf,1087.016559211496,inf
158,200,inf,inf,inf,458.5564305513554,inf
158,201,inf,inf,inf,435.4870836201689,inf
158,202,inf,inf,inf,677.3366961858777,inf
159,160,inf,inf,inf,290.34117861577954,inf
159,161,inf,inf,inf,697.7750353803151,inf
159,162,inf,inf,inf,386.9289340434494,inf
159,163,inf,inf,inf,895.278727548019,inf
159,164,inf,inf,inf,441.0725563895355,inf
159,165,inf,inf,inf,616.883295283638,inf
159,166,inf,inf,inf,1065.4623409581402,inf
159,167,inf,inf,inf,535.9337645642416,inf
159,168,inf,inf,inf,436.9862698071874,inf
159,169,inf,inf,inf,1071.864263794628,inf
159,170,inf,inf,inf,545.0614644239675,inf
159,171,inf,inf,inf,584.5271593347909,inf
159,172,inf,inf,inf,411.3599397121698,inf
159,173,inf,inf,inf,616.8046692430271,inf
159,174,inf,inf,inf,859.5772216619051,inf
159,175,inf,inf,inf,711.2875649130948,inf
159,176,inf,inf,inf,316.5217212135685,inf
159,177,inf,inf,inf,761.7151698633814,inf
159,178,inf,inf,inf,123.0,inf
159,179,inf,inf,inf,116.69190203266035,inf
159,180,inf,inf,inf,864.2800472069224,inf
159,181,inf,inf,inf,885.190375004157,inf
159,182,inf,inf,inf,305.0,inf
159,183,inf,inf,inf,492.590093282437,inf
159,184,inf,inf,inf,506.269690975077,inf
159,185,inf,inf,inf,671.0029806193114,inf
159,186,inf,inf,inf,943.0429470602068,inf
159,187,inf,inf,inf,581.3105882400561,inf
159,188,inf,inf,inf,735.6391778582758,inf
159,189,inf,inf,inf,200.59162494979694,inf
159,190,inf,inf,inf,346.4130482530934,inf
159,191,inf,inf,inf,538.3131059151356,inf
159,192,inf,inf,inf,179.47144619688115,inf
159,193,inf,inf,inf,503.5881253564266,inf
159,194,inf,inf,inf,430.27897926810226,inf
159,195,inf,inf,inf,592.1123204257786,inf
159,196,inf,inf,inf,551.8160925525822,inf
159,197,inf,inf,inf,551.8496171965693,inf
159,198,inf,inf,inf,331.84333653096,inf
159,199,inf,inf,inf,828.987334040756,inf
159,200,inf,inf,inf,428.22540793371894,inf
159,201,inf,inf,inf,278.6323742855449,inf
159,202,inf,inf,inf,407.1805496336975,inf
160,161,inf,inf,inf,407.80387442985386,inf
160,162,inf,inf,inf,410.76027071760484,inf
160,163,inf,inf,inf,642.6274192718515,inf
160,164,inf,inf,inf,669.1823368858446,inf
160,165,inf,inf,inf,329.607342151233,inf
160,166,inf,inf,inf,1092.646328873163,inf
160,167,inf,inf,inf,519.481472239386,inf
160,168,inf,inf,inf,726.8459259017691,inf
160,169,inf,inf,inf,1088.706112777916,inf
160,170,inf,inf,inf,294.7575274696136,inf
160,171,inf,inf,inf,303.87168344549644,inf
160,172,inf,inf,inf,614.2255286130658,inf
160,173,inf,inf,inf,795.0006289305688,inf
160,174,inf,inf,inf,590.5260366825497,inf
160,175,inf,inf,inf,440.4588516535909,inf
160,176,inf,inf,inf,598.1638571495272,inf
160,177,inf,inf,inf,471.39367836236414,inf
160,178,inf,inf,inf,290.01551682625535,inf
160,179,inf,inf,inf,346.2036972650639,inf
160,180,inf,inf,inf,1078.310715888514,inf
160,181,inf,inf,inf,1033.9767889077589,inf
160,182,inf,inf,inf,92.61209424259879,inf
160,183,inf,inf,inf,312.44359490954525,inf
160,184,inf,inf,inf,695.1294843408673,inf
160,185,inf,inf,inf,744.1968825519225,inf
160,186,inf,inf,inf,863.9351827538916,inf
160,187,inf,inf,inf,306.0261426741186,inf
160,188,inf,inf,inf,985.1644532767106,inf
160,189,inf,inf,inf,187.18172987767795,inf
160,190,inf,inf,inf,72.80109889280519,inf
160,191,inf,inf,inf,298.93979326948096,inf
160,192,inf,inf,inf,246.86838598735156,inf
160,193,inf,inf,inf,240.23530131935232,inf
160,194,inf,inf,inf,654.0412831006923,inf
160,195,inf,inf,inf,322.1257518423512,inf
160,196,inf,inf,inf,518.683911452823,inf
160,197,inf,inf,inf,275.81152985326776,inf
160,198,inf,inf,inf,444.8662720413855,inf
160,199,inf,inf,inf,942.1602836035916,inf
160,200,inf,inf,inf,194.74342094150447,inf
160,201,inf,inf,inf,561.1220901016106,inf
160,202,inf,inf,inf,608.481717063052,inf
161,162,inf,inf,inf,706.9285678199743,inf
161,163,inf,inf,inf,415.80043290020757,inf
161,164,inf,inf,inf,1051.211206180756,inf
161,165,inf,inf,inf,124.61540835707277,inf
161,166,inf,inf,inf,1271.9512569277174,inf
161,167,inf,inf,inf,746.4884459923006,inf
161,168,inf,inf,inf,1133.0494252238072,inf
161,169,inf,inf,inf,1256.2901734870013,inf
161,170,inf,inf,inf,256.8462575160479,inf
161,171,inf,inf,inf,146.81280598094978,inf
161,172,inf,inf,inf,966.6276428904772,inf
161,173,inf,inf,inf,1139.484971379614,inf
161,174,inf,inf,inf,317.40352865083275,inf
161,175,inf,inf,inf,228.25424421026653,inf
161,176,inf,inf,inf,1004.473991699138,inf
161,177,inf,inf,inf,72.80109889280519,inf
161,178,inf,inf,inf,686.804921356858,inf
161,179,inf,inf,inf,747.759988231518,inf
161,180,inf,inf,inf,1436.9585936971184,inf
161,181,inf,inf,inf,1340.7475526735077,inf
161,182,inf,inf,inf,423.8596465812711,inf
161,183,inf,inf,inf,441.2131004401388,inf
161,184,inf,inf,inf,1053.3209387456418,inf
161,185,inf,inf,inf,1009.7192679155925,inf
161,186,inf,inf,inf,936.3161859115755,inf
161,187,inf,inf,inf,169.0562036720333,inf
161,188,inf,inf,inf,1371.176502132384,inf
161,189,inf,inf,inf,552.5260174869596,inf
161,190,inf,inf,inf,362.92698990292797,inf
161,191,inf,inf,inf,323.87188825212974,inf
161,192,inf,inf,inf,614.4005208331125,inf
161,193,inf,inf,inf,274.5632896073326,inf
161,194,inf,inf,inf,1034.4979458655296,inf
161,195,inf,inf,inf,225.523834660552,inf
161,196,inf,inf,inf,728.9231783939923,inf
161,197,inf,inf,inf,216.31458573105976,inf
161,198,inf,inf,inf,789.461842016446,inf
161,199,inf,inf,inf,1223.2554925280328,inf
161,200,inf,inf,inf,356.84870743775997,inf
161,201,inf,inf,inf,962.7429563492012,inf
161,202,inf,inf,inf,979.8581529997084,inf
162,163,inf,inf,inf,701.8732079229126,inf
162,164,inf,inf,inf,405.2616438796053,inf
162,165,inf,inf,inf,586.5023444113416,inf
162,166,inf,inf,inf,697.664675900966,inf
162,167,inf,inf,inf,150.00333329629711,inf
162,168,inf,inf,inf,680.2095265431086,inf
162,169,inf,inf,inf,699.0915533748066,inf
162,170,inf,inf,inf,693.2546429703879,inf
162,171,inf,inf,inf,664.6878966853541,inf
162,172,inf,inf,inf,792.0763852053664,inf
162,173,inf,inf,inf,437.13842201298206,inf
162,174,inf,inf,inf,712.143946123254,inf
162,175,inf,inf,inf,594.5485682431672,inf
162,176,inf,inf,inf,488.87217143134666,inf
162,177,inf,inf,inf,743.9623646395024,inf
162,178,inf,inf,inf,264.48629454094595,inf
162,179,inf,inf,inf,300.1283058959951,inf
162,180,inf,inf,inf,737.9281807872634,inf
162,181,inf,inf,inf,638.811396266535,inf
162,182,inf,inf,inf,329.874218453034,inf
162,183,inf,inf,inf,292.48076859855246,inf
162,184,inf,inf,inf,365.2683944717911,inf
162,185,inf,inf,inf,333.4381501868075,inf
162,186,inf,inf,inf,561.8861094563559,inf
162,187,inf,inf,inf,677.548522247669,inf
162,188,inf,inf,inf,709.5442199045807,inf
162,189,inf,inf,inf,500.35687264191745,inf
162,190,inf,inf,inf,393.9543120718442,inf
162,191,inf,inf,inf,405.83370978764196,inf
162,192,inf,inf,inf,522.3370559322783,inf
162,193,inf,inf,inf,433.66461695646785,inf
162,194,inf,inf,inf,386.90825785966365,inf
162,195,inf,inf,inf,504.0089284923433,inf
162,196,inf,inf,inf,169.84993376507393,inf
162,197,inf,inf,inf,494.1457274934187,inf
162,198,inf,inf,inf,124.52309022827855,inf
162,199,inf,inf,inf,534.9859811247394,inf
162,200,inf,inf,inf,350.46397817750113,inf
162,201,inf,inf,inf,594.9403331427446,inf
162,202,inf,inf,inf,319.95312156626943,inf
163,164,inf,inf,inf,1106.0203433933755,inf
163,165,inf,inf,inf,366.705603993176,inf
163,166,inf,inf,inf,1035.7036255609034,inf
163,167,inf,inf,inf,653.220483451032,inf
163,168,inf,inf,inf,1313.9014422703096,inf
163,169,inf,inf,inf,1010.3489496208723,inf
163,170,inf,inf,inf,648.9992295835181,inf
163,171,inf,inf,inf,536.1828046478179,inf
163,172,inf,inf,inf,1256.8440635178256,inf
163,173,inf,inf,inf,1115.922936407349,inf
163,174,inf,inf,inf,105.09519494249011,inf
163,175,inf,inf,inf,216.1712284278368,inf
163,176,inf,inf,inf,1144.2875512737173,inf
163,177,inf,inf,inf,368.8604072003391,inf
163,178,inf,inf,inf,827.2200432774824,inf
163,179,inf,inf,inf,891.3613184337763,inf
163,180,inf,inf,inf,1412.543804630497,inf
163,181,inf,inf,inf,1242.3373132929719,inf
163,182,inf,inf,inf,593.6000336927215,inf
163,183,inf,inf,inf,426.5126023929422,inf
163,184,inf,inf,inf,1062.2264353705382,inf
163,185,inf,inf,inf,898.4191672042622,inf
163,186,inf,inf,inf,644.2375338336009,inf
163,187,inf,inf,inf,563.1074497820109,inf
163,188,inf,inf,inf,1409.9237568038918,inf
163,189,inf,inf,inf,828.4232010271079,inf
163,190,inf,inf,inf,570.755639481556,inf
163,191,inf,inf,inf,356.9719876965138,inf
163,192,inf,inf,inf,889.315467086905,inf
163,193,inf,inf,inf,402.5232912515747,inf
163,194,inf,inf,inf,1087.6764224713156,inf
163,195,inf,inf,inf,323.6927555568706,inf
163,196,inf,inf,inf,623.9078457592916,inf
163,197,inf,inf,inf,373.4621801467988,inf
163,198,inf,inf,inf,821.298971142665,inf
163,199,inf,inf,inf,1102.654977769565,inf
163,200,inf,inf,inf,467.5863556606416,inf
163,201,inf,inf,inf,1172.9347807955905,inf
163,202,inf,inf,inf,1021.4499498262262,inf
164,165,inf,inf,inf,942.7555356506797,inf
164,166,inf,inf,inf,806.0303964491662,inf
164,167,inf,inf,inf,497.83531413510633,inf
164,168,inf,inf,inf,391.6758864163072,inf
164,169,inf,inf,inf,826.4090996594846,inf
164,170,inf,inf,inf,958.72467372025,inf
164,171,inf,inf,inf,970.4952344035493,inf
164,172,inf,inf,inf,687.7470465221934,inf
164,173,inf,inf,inf,213.9369065869655,inf
164,174,inf,inf,inf,1109.901797457775,inf
164,175,inf,inf,inf,982.0412414965066,inf
164,176,inf,inf,inf,226.24102192131292,inf
164,177,inf,inf,inf,1101.5375617744498,inf
164,178,inf,inf,inf,381.28467055469196,inf
164,179,inf,inf,inf,336.1220016601115,inf
164,180,inf,inf,inf,423.2079866921228,inf
164,181,inf,inf,inf,486.231426380484,inf
164,182,inf,inf,inf,628.7161521704369,inf
164,183,inf,inf,inf,686.8900931007813,inf
164,184,inf,inf,inf,120.14990636700472,inf
164,185,inf,inf,inf,425.62424742958433,inf
164,186,inf,inf,inf,861.8474342944927,inf
164,187,inf,inf,inf,974.7271413067351,inf
164,188,inf,inf,inf,320.0312484742701,inf
164,189,inf,inf,inf,639.9906249313344,inf
164,190,inf,inf,inf,693.1413997158155,inf
164,191,inf,inf,inf,788.8852895066557,inf
164,192,inf,inf,inf,618.9515328359726,inf
164,193,inf,inf,inf,795.841692800773,inf
164,194,inf,inf,inf,18.35755975068582,inf
164,195,inf,inf,inf,878.2311768549326,inf
164,196,inf,inf,inf,528.9158723275375,inf
164,197,inf,inf,inf,856.0846920719936,inf
164,198,inf,inf,inf,284.96491012052695,inf
164,199,inf,inf,inf,481.67727785312854,inf
164,200,inf,inf,inf,706.8026598704903,inf
164,201,inf,inf,inf,423.38752933925673,inf
164,202,inf,inf,inf,86.21484790916237,inf
165,166,inf,inf,inf,1150.0508684401748,inf
165,167,inf,inf,inf,621.9742759953983,inf
165,168,inf,inf,inf,1053.740954884074,inf
165,169,inf,inf,inf,1135.2057082308916,inf
165,170,inf,inf,inf,285.44876948412303,inf
165,171,inf,inf,inf,177.12425017484196,inf
165,172,inf,inf,inf,925.8336783677724,inf
165,173,inf,inf,inf,1021.376032614825,inf
165,174,inf,inf,inf,286.6391459657944,inf
165,175,inf,inf,inf,152.08221460775746,inf
165,176,inf,inf,inf,912.7699600666095,inf
165,177,inf,inf,inf,159.31415505221122,inf
165,178,inf,inf,inf,589.5981682468154,inf
165,179,inf,inf,inf,652.7679526447357,inf
165,180,inf,inf,inf,1320.276107486612,inf
165,181,inf,inf,inf,1217.765576783972,inf
165,182,inf,inf,inf,323.9753077010654,inf
165,183,inf,inf,inf,316.62280397975127,inf
165,184,inf,inf,inf,938.2579602646598,inf
165,185,inf,inf,inf,885.4603322566178,inf
165,186,inf,inf,inf,823.2526951064297,inf
165,187,inf,inf,inf,204.15925156602626,inf
165,188,inf,inf,inf,1262.6099952083382,inf
165,189,inf,inf,inf,498.4536086738665,inf
165,190,inf,inf,inf,271.1180554666177,inf
165,191,inf,inf,inf,199.45926902503177,inf
165,192,inf,inf,inf,561.4133949239188,inf
165,193,inf,inf,inf,152.8397853963424,inf
165,194,inf,inf,inf,925.605207418368,inf
165,195,inf,inf,inf,103.58571330062848,inf
165,196,inf,inf,inf,604.3078685570791,inf
165,197,inf,inf,inf,92.76313923105448,inf
165,198,inf,inf,inf,674.3270719762036,inf
165,199,inf,inf,inf,1099.1473968490304,inf
165,200,inf,inf,inf,239.0188277102873,inf
165,201,inf,inf,inf,890.5913765582957,inf
165,202,inf,inf,inf,868.571816259312,inf
166,167,inf,inf,inf,573.1710041514661,inf
166,168,inf,inf,inf,1197.3758808327484,inf
166,169,inf,inf,inf,38.58756276314948,inf
166,170,inf,inf,inf,1346.3379961956061,inf
166,171,inf,inf,inf,1286.5061212446678,inf
166,172,inf,inf,inf,1439.566948773137,inf
166,173,inf,inf,inf,616.3456822271087,inf
166,174,inf,inf,inf,1110.616495465469,inf
166,175,inf,inf,inf,1073.9087484511895,inf
166,176,inf,inf,inf,1018.5342409560908,inf
166,177,inf,inf,inf,1278.0140844294322,inf
166,178,inf,inf,inf,944.5766247372418,inf
166,179,inf,inf,inf,957.6539040801745,inf
166,180,inf,inf,inf,742.246589753028,inf
166,181,inf,inf,inf,463.86204845837517,inf
166,182,inf,inf,inf,1002.696863463729,inf
166,183,inf,inf,inf,846.2487813876012,inf
166,184,inf,inf,inf,686.0007288625866,inf
166,185,inf,inf,inf,401.8818234257429,inf
166,186,inf,inf,inf,403.985148241863,inf
166,187,inf,inf,inf,1306.4822999183725,inf
166,188,inf,inf,inf,897.5995766487415,inf
166,189,inf,inf,inf,1197.9904006293207,inf
166,190,inf,inf,inf,1057.0070955296374,inf
166,191,inf,inf,inf,953.2035459438871,inf
166,192,inf,inf,inf,1217.47443504987,inf
166,193,inf,inf,inf,1019.4473993296565,inf
166,194,inf,inf,inf,797.3318004444574,inf
166,195,inf,inf,inf,1046.9044846594172,inf
166,196,inf,inf,inf,576.0078124470189,inf
166,197,inf,inf,inf,1066.030018339071,inf
166,198,inf,inf,inf,734.4725998973686,inf
166,199,inf,inf,inf,356.7099662190559,inf
166,200,inf,inf,inf,966.8965818535092,inf
166,201,inf,inf,inf,1195.7633545145964,inf
166,202,inf,inf,inf,756.7258420326347,inf
167,168,inf,inf,inf,814.6373426255391,inf
167,169,inf,inf,inf,569.7227395847914,inf
167,170,inf,inf,inf,780.3851613145908,inf
167,171,inf,inf,inf,732.5660379788296,inf
167,172,inf,inf,inf,942.0764300204097,inf
167,173,inf,inf,inf,464.7762902730732,inf
167,174,inf,inf,inf,685.210916433765,inf
167,175,inf,inf,inf,592.2541684108268,inf
167,176,inf,inf,inf,620.6262965746779,inf
167,177,inf,inf,inf,770.4965931138178,inf
167,178,inf,inf,inf,414.01690786729955,inf
167,179,inf,inf,inf,449.695452500912,inf
167,180,inf,inf,inf,759.3846192806383,inf
167,181,inf,inf,inf,605.7829644352836,inf
167,182,inf,inf,inf,429.739455949765,inf
167,183,inf,inf,inf,305.486497246605,inf
167,184,inf,inf,inf,425.4550505047507,inf
167,185,inf,inf,inf,264.8848806557294,inf
167,186,inf,inf,inf,412.68510998096355,inf
167,187,inf,inf,inf,749.6805986551873,inf
167,188,inf,inf,inf,772.8001035196618,inf
167,189,inf,inf,inf,635.2605764566223,inf
167,190,inf,inf,inf,485.7869903568847,inf
167,191,inf,inf,inf,424.5138395859433,inf
167,192,inf,inf,inf,663.1357327123912,inf
167,193,inf,inf,inf,475.2136361679871,inf
167,194,inf,inf,inf,480.2426470025335,inf
167,195,inf,inf,inf,525.9600745303773,inf
167,196,inf,inf,inf,31.622776601683793,inf
167,197,inf,inf,inf,530.5327511096747,inf
167,198,inf,inf,inf,251.6445906432324,inf
167,199,inf,inf,inf,479.0375768141785,inf
167,200,inf,inf,inf,407.5708527360611,inf
167,201,inf,inf,inf,741.1241461455699,inf
167,202,inf,inf,inf,412.56393443925754,inf
168,169,inf,inf,inf,1217.003697611474,inf
168,170,inf,inf,inf,957.6685230287147,inf
168,171,inf,inf,inf,1013.1184530942076,inf
168,172,inf,inf,inf,389.3507416199435,inf
168,173,inf,inf,inf,596.4201539183598,inf
168,174,inf,inf,inf,1288.1257702569264,inf
168,175,inf,inf,inf,1142.200070040271,inf
168,176,inf,inf,inf,194.5379140424817,inf
168,177,inf,inf,inf,1198.112265190537,inf
168,178,inf,inf,inf,486.69497634555466,inf
168,179,inf,inf,inf,422.85222004856496,inf
168,180,inf,inf,inf,694.6373154387835,inf
168,181,inf,inf,inf,851.6507500143472,inf
168,182,inf,inf,inf,737.0658043892689,inf
168,183,inf,inf,inf,892.6925562588724,inf
168,184,inf,inf,inf,511.8222347651575,inf
168,185,inf,inf,inf,809.7765123785698,inf
168,186,inf,inf,inf,1215.3324648012988,inf
168,187,inf,inf,inf,1006.6722406026701,inf
168,188,inf,inf,inf,492.245873522572,inf
168,189,inf,inf,inf,597.6570923196679,inf
168,190,inf,inf,inf,782.8952675805366,inf
168,191,inf,inf,inf,960.4634298087565,inf
168,192,inf,inf,inf,544.7136862609567,inf
168,193,inf,inf,inf,935.1203131148419,inf
168,194,inf,inf,inf,400.0612453112648,inf
168,195,inf,inf,inf,1024.1581909060728,inf
168,196,inf,inf,inf,841.6804619331496,inf
168,197,inf,inf,inf,986.2682190966107,inf
168,198,inf,inf,inf,563.3551277835323,inf
168,199,inf,inf,inf,869.5084818447718,inf
168,200,inf,inf,inf,854.2833253669418,inf
168,201,inf,inf,inf,182.10161998181127,inf
168,202,inf,inf,inf,446.27457915503095,inf
169,170,inf,inf,inf,1337.5518681531569,inf
169,171,inf,inf,inf,1274.984313628995,inf
169,172,inf,inf,inf,1450.9651959988564,inf
169,173,inf,inf,inf,641.2152524698707,inf
169,174,inf,inf,inf,1087.313202347879,inf
169,175,inf,inf,inf,1054.9620846267414,inf
169,176,inf,inf,inf,1035.9174677550332,inf
169,177,inf,inf,inf,1260.3574889689037,inf
169,178,inf,inf,inf,950.2052409874406,inf
169,179,inf,inf,inf,965.8001863739725,inf
169,180,inf,inf,inf,776.5597208199766,inf
169,181,inf,inf,inf,498.703318617392,inf
169,182,inf,inf,inf,998.0080159998716,inf
169,183,inf,inf,inf,834.9143668664469,inf
169,184,inf,inf,inf,706.7248403728286,inf
169,185,inf,inf,inf,414.9650587700126,inf
169,186,inf,inf,inf,373.84622507121827,inf
169,187,inf,inf,inf,1295.4786760113036,inf
169,188,inf,inf,inf,928.1055974402913,inf
169,189,inf,inf,inf,1199.2080720208648,inf
169,190,inf,inf,inf,1050.8249140556195,inf
169,191,inf,inf,inf,939.5850147804615,inf
169,192,inf,inf,inf,1220.5904308980962,inf
169,193,inf,inf,inf,1007.3430398826409,inf
169,194,inf,inf,inf,817.0611972184213,inf
169,195,inf,inf,inf,1031.8032758234488,inf
169,196,inf,inf,inf,570.4454399852802,inf
169,197,inf,inf,inf,1052.5117576540415,inf
169,198,inf,inf,inf,742.1920236704245,inf
169,199,inf,inf,inf,386.80356771881,inf
169,200,inf,inf,inf,957.5270231173636,inf
169,201,inf,inf,inf,1210.162385797873,inf
169,202,inf,inf,inf,774.1401681866147,inf
170,171,inf,inf,inf,114.1402645870422,inf
170,172,inf,inf,inf,736.2017386559203,inf
170,173,inf,inf,inf,1089.743088989327,inf
170,174,inf,inf,inf,560.1830058114937,inf
170,175,inf,inf,inf,437.13842201298206,inf
170,176,inf,inf,inf,861.455744655522,inf
170,177,inf,inf,inf,327.8322741891042,inf
170,178,inf,inf,inf,577.440040177333,inf
170,179,inf,inf,inf,626.9968101992226,inf
170,180,inf,inf,inf,1371.947520862223,inf
170,181,inf,inf,inf,1325.6915176616317,inf
170,182,inf,inf,inf,363.77053206657627,inf
170,183,inf,inf,inf,506.67642534461777,inf
170,184,inf,inf,inf,989.5882982331592,inf
170,185,inf,inf,inf,1024.0336908520148,inf
170,186,inf,inf,inf,1063.9971804473919,inf
170,187,inf,inf,inf,88.60022573334675,inf
170,188,inf,inf,inf,1270.5136756446188,inf
170,189,inf,inf,inf,360.17356926904006,inf
170,190,inf,inf,inf,299.4561737550255,inf
170,191,inf,inf,inf,422.2096635559163,inf
170,192,inf,inf,inf,414.2583734820577,inf
170,193,inf,inf,inf,344.7100230628637,inf
170,194,inf,inf,inf,944.3135072633453,inf
170,195,inf,inf,inf,364.59429507330475,inf
170,196,inf,inf,inf,772.5056634096607,inf
170,197,inf,inf,inf,321.33782846095164,inf
170,198,inf,inf,inf,738.7800755299238,inf
170,199,inf,inf,inf,1228.1921673744707,inf
170,200,inf,inf,inf,380.1960020831361,inf
170,201,inf,inf,inf,778.1516561699268,inf
170,202,inf,inf,inf,901.5630870881971,inf
171,172,inf,inf,inf,824.6969140235702,inf
171,173,inf,inf,inf,1081.8687535925974,inf
171,174,inf,inf,inf,446.1894216585597,inf
171,175,inf,inf,inf,326.67108840544796,inf
171,176,inf,inf,inf,898.6044736145041,inf
171,177,inf,inf,inf,219.3855054464629,inf
171,178,inf,inf,inf,593.5697094697471,inf
171,179,inf,inf,inf,649.9638451483282,inf
171,180,inf,inf,inf,1372.6485347677315,inf
171,181,inf,inf,inf,1303.3226768532802,inf
171,182,inf,inf,inf,347.3974668877135,inf
171,183,inf,inf,inf,440.2646931108603,inf
171,184,inf,inf,inf,987.611765827038,inf
171,185,inf,inf,inf,987.0202632165158,inf
171,186,inf,inf,inf,982.76853836496,inf
171,187,inf,inf,inf,27.16615541441225,inf
171,188,inf,inf,inf,1288.0097049323813,inf
171,189,inf,inf,inf,420.9429890139519,inf
171,190,inf,inf,inf,280.6314308839977,inf
171,191,inf,inf,inf,340.3307215048327,inf
171,192,inf,inf,inf,480.9095549061175,inf
171,193,inf,inf,inf,267.9944029266283,inf
171,194,inf,inf,inf,954.8382061899283,inf
171,195,inf,inf,inf,267.0,inf
171,196,inf,inf,inf,720.5837911027419,inf
171,197,inf,inf,inf,230.4821034267086,inf
171,198,inf,inf,inf,728.0439547170212,inf
171,199,inf,inf,inf,1196.5567266118226,inf
171,200,inf,inf,inf,325.0061537878937,inf
171,201,inf,inf,inf,838.0668231113793,inf
171,202,inf,inf,inf,905.9028645500576,inf
172,173,inf,inf,inf,900.3693686482231,inf
172,174,inf,inf,inf,1201.769528653477,inf
172,175,inf,inf,inf,1052.297011304318,inf
172,176,inf,inf,inf,465.1075144523038,inf
172,177,inf,inf,inf,1038.7516546316544,inf
172,178,inf,inf,inf,529.2730864119203,inf
172,179,inf,inf,inf,494.3864884885104,inf
172,180,inf,inf,inf,1062.7930184189206,inf
172,181,inf,inf,inf,1173.9782791857779,inf
172,182,inf,inf,inf,671.7737714439289,inf
172,183,inf,inf,inf,887.3432255897376,inf
172,184,inf,inf,inf,795.2307841123858,inf
172,185,inf,inf,inf,1037.7398517933095,inf
172,186,inf,inf,inf,1352.4529566679944,inf
172,187,inf,inf,inf,809.0444981581668,inf
172,188,inf,inf,inf,873.0315000044386,inf
172,189,inf,inf,inf,429.89300994549797,inf
172,190,inf,inf,inf,686.213523620746,inf
172,191,inf,inf,inf,907.9427294714133,inf
172,192,inf,inf,inf,367.92526415020757,inf
172,193,inf,inf,inf,854.362920543723,inf
172,194,inf,inf,inf,687.2852391838486,inf
172,195,inf,inf,inf,935.4539005210252,inf
172,196,inf,inf,inf,960.1020779063026,inf
172,197,inf,inf,inf,887.6243574846287,inf
172,198,inf,inf,inf,714.3199563220952,inf
172,199,inf,inf,inf,1156.4138532549669,inf
172,200,inf,inf,inf,797.8182750476452,inf
172,201,inf,inf,inf,265.6332057556058,inf
172,202,inf,inf,inf,702.5560475862407,inf
173,174,inf,inf,inf,1139.6565272045784,inf
173,175,inf,inf,inf,1029.7698772055824,inf
173,176,inf,inf,inf,440.15679024638484,inf
173,177,inf,inf,inf,1179.7838785133488,inf
173,178,inf,inf,inf,528.8941292924322,inf
173,179,inf,inf,inf,501.8615346886031,inf
173,180,inf,inf,inf,301.12455894529757,inf
173,181,inf,inf,inf,275.40878707840824,inf
173,182,inf,inf,inf,734.7659491293809,inf
173,183,inf,inf,inf,727.6462052398816,inf
173,184,inf,inf,inf,111.12605455067681,inf
173,185,inf,inf,inf,283.7692724732542,inf
173,186,inf,inf,inf,747.8836807953494,inf
173,187,inf,inf,inf,1090.7474501459997,inf
173,188,inf,inf,inf,325.97699305319077,inf
173,189,inf,inf,inf,805.9311384975766,inf
173,190,inf,inf,inf,801.6994449293326,inf
173,191,inf,inf,inf,842.8125532999612,inf
173,192,inf,inf,inf,795.8705924960414,inf
173,193,inf,inf,inf,868.7882365686129,inf
173,194,inf,inf,inf,213.10091506138588,inf
173,195,inf,inf,inf,941.1041387646746,inf
173,196,inf,inf,inf,495.46442859200295,inf
173,197,inf,inf,inf,929.6590772966184,inf
173,198,inf,inf,inf,353.82481541011225,inf
173,199,inf,inf,inf,273.64941074301623,inf
173,200,inf,inf,inf,783.0051085401678,inf
173,201,inf,inf,inf,636.8830347873933,inf
173,202,inf,inf,inf,210.95023109728987,inf
174,175,inf,inf,inf,150.08331019803634,inf
174,176,inf,inf,inf,1127.1756739745583,inf
174,177,inf,inf,inf,265.8589851782332,inf
174,178,inf,inf,inf,804.2014672953538,inf
174,179,inf,inf,inf,869.0684668079955,inf
174,180,inf,inf,inf,1439.4877561132641,inf
174,181,inf,inf,inf,1286.0034992176343,inf
174,182,inf,inf,inf,554.5899386032892,inf
174,183,inf,inf,inf,423.02718588762116,inf
174,184,inf,inf,inf,1077.0561730940499,inf
174,185,inf,inf,inf,941.0132836469419,inf
174,186,inf,inf,inf,728.3687253033315,inf
174,187,inf,inf,inf,472.5727457228146,inf
174,188,inf,inf,inf,1421.1298322109772,inf
174,189,inf,inf,inf,771.8872974728888,inf
174,190,inf,inf,inf,521.3952435532951,inf
174,191,inf,inf,inf,329.802971484491,inf
174,192,inf,inf,inf,834.1468695619495,inf
174,193,inf,inf,inf,356.384623686264,inf
174,194,inf,inf,inf,1091.7092103669365,inf
174,195,inf,inf,inf,269.23595599399425,inf
174,196,inf,inf,inf,658.0410321552904,inf
174,197,inf,inf,inf,314.80311307228203,inf
174,198,inf,inf,inf,825.6082606175885,inf
174,199,inf,inf,inf,1150.3638554822558,inf
174,200,inf,inf,inf,433.85250950063664,inf
174,201,inf,inf,inf,1138.1796870441856,inf
174,202,inf,inf,inf,1027.391356786692,inf
175,176,inf,inf,inf,985.4481214148211,inf
175,177,inf,inf,inf,209.4755355644186,inf
175,178,inf,inf,inf,660.9092222083151,inf
175,179,inf,inf,inf,725.7857810676646,inf
175,180,inf,inf,inf,1330.8831654206165,inf
175,181,inf,inf,inf,1198.0250414745094,inf
175,182,inf,inf,inf,406.41973377285706,inf
175,183,inf,inf,inf,302.27305536550887,inf
175,184,inf,inf,inf,958.918661826956,inf
175,185,inf,inf,inf,855.7411991951773,inf
175,186,inf,inf,inf,718.7127381645604,inf
175,187,inf,inf,inf,353.83612025908263,inf
175,188,inf,inf,inf,1297.66135798212,inf
175,189,inf,inf,inf,622.4186693858082,inf
175,190,inf,inf,inf,371.39736132611387,inf
175,191,inf,inf,inf,193.2174940319846,inf
175,192,inf,inf,inf,684.5056610430626,inf
175,193,inf,inf,inf,207.7137453323684,inf
175,194,inf,inf,inf,964.0881702417056,inf
175,195,inf,inf,inf,119.50313803411188,inf
175,196,inf,inf,inf,568.6554316983177,inf
175,197,inf,inf,inf,164.83931569865243,inf
175,198,inf,inf,inf,700.6925145882465,inf
175,199,inf,inf,inf,1069.090267470432,inf
175,200,inf,inf,inf,289.0691958683941,inf
175,201,inf,inf,inf,989.703996152385,inf
175,202,inf,inf,inf,901.7993124858767,inf
176,177,inf,inf,inf,1064.708410786728,inf
176,178,inf,inf,inf,325.1845629792411,inf
176,179,inf,inf,inf,260.731662825979,inf
176,180,inf,inf,inf,607.9950657694518,inf
176,181,inf,inf,inf,710.7882947826307,inf
176,182,inf,inf,inf,589.207094322531,inf
176,183,inf,inf,inf,718.699519966446,inf
176,184,inf,inf,inf,341.4805997417716,inf
176,185,inf,inf,inf,624.0008012815368,inf
176,186,inf,inf,inf,1020.9368246860331,inf
176,187,inf,inf,inf,896.6359350371811,inf
176,188,inf,inf,inf,441.85178510446235,inf
176,189,inf,inf,inf,509.3927757634574,inf
176,190,inf,inf,inf,643.5060217278468,inf
176,191,inf,inf,inf,797.3863555391451,inf
176,192,inf,inf,inf,470.6506135128265,inf
176,193,inf,inf,inf,781.9443714229293,inf
176,194,inf,inf,inf,228.9497761518888,inf
176,195,inf,inf,inf,870.3935891308024,inf
176,196,inf,inf,inf,648.0347212919999,inf
176,197,inf,inf,inf,837.2144289248723,inf
176,198,inf,inf,inf,369.86754385860894,inf
176,199,inf,inf,inf,706.0269116683868,inf
176,200,inf,inf,inf,696.5809357138623,inf
176,201,inf,inf,inf,199.48433522459854,inf
176,202,inf,inf,inf,261.84346468835156,inf
177,178,inf,inf,inf,743.9603484057467,inf
177,179,inf,inf,inf,806.1321231659238,inf
177,180,inf,inf,inf,1479.097697922622,inf
177,181,inf,inf,inf,1371.2621922885498,inf
177,182,inf,inf,inf,478.80371761296925,inf
177,183,inf,inf,inf,465.98390530145997,inf
177,184,inf,inf,inf,1097.4666281942243,inf
177,185,inf,inf,inf,1035.227994211903,inf
177,186,inf,inf,inf,928.1228366978155,inf
177,187,inf,inf,inf,240.88171371027732,inf
177,188,inf,inf,inf,1421.48689758295,inf
177,189,inf,inf,inf,622.45401436572,inf
177,190,inf,inf,inf,421.24577149213025,inf
177,191,inf,inf,inf,346.36541397778154,inf
177,192,inf,inf,inf,684.6692632213017,inf
177,193,inf,inf,inf,311.05787242890995,inf
177,194,inf,inf,inf,1084.4694555403578,inf
177,195,inf,inf,inf,244.7304639802736,inf
177,196,inf,inf,inf,750.5817743590634,inf
177,197,inf,inf,inf,250.12796724876648,inf
177,198,inf,inf,inf,833.57663115037,inf
177,199,inf,inf,inf,1249.362237303497,inf
177,200,inf,inf,inf,398.2122549595881,inf
177,201,inf,inf,inf,1029.7077255221502,inf
177,202,inf,inf,inf,1027.7791591582309,inf
178,179,inf,inf,inf,64.89992295835181,inf
178,180,inf,inf,inf,797.6847748327656,inf
178,181,inf,inf,inf,788.2036538864813,inf
178,182,inf,inf,inf,265.6501458685841,inf
178,183,inf,inf,inf,407.67143633077853,inf
178,184,inf,inf,inf,421.921793701155,inf
178,185,inf,inf,inf,553.2612402834668,inf
178,186,inf,inf,inf,823.1968172921953,inf
178,187,inf,inf,inf,596.000838925584,inf
178,188,inf,inf,inf,695.3171938043816,inf
178,189,inf,inf,inf,279.4315658618403,inf
178,190,inf,inf,inf,323.878063474512,inf
178,191,inf,inf,inf,475.02631506054485,inf
178,192,inf,inf,inf,280.6652810733811,inf
178,193,inf,inf,inf,456.7647096700882,inf
178,194,inf,inf,inf,366.98365086199686,inf
178,195,inf,inf,inf,545.2815786362125,inf
178,196,inf,inf,inf,431.010440708807,inf
178,197,inf,inf,inf,512.2352974952039,inf
178,198,inf,inf,inf,214.11445537375565,inf
178,199,inf,inf,inf,720.8335452793523,inf
178,200,inf,inf,inf,371.8494318941472,inf
178,201,inf,inf,inf,358.50383540486706,inf
178,202,inf,inf,inf,327.9954267973869,inf
179,180,inf,inf,inf,757.7367616791468,inf
179,181,inf,inf,inf,768.8517412349405,inf
179,182,inf,inf,inf,328.8677545762126,inf
179,183,inf,inf,inf,470.2084644070117,inf
179,184,inf,inf,inf,391.9311163967464,inf
179,185,inf,inf,inf,559.7946051901537,inf
179,186,inf,inf,inf,862.0121808884142,inf
179,187,inf,inf,inf,650.9416256470314,inf
179,188,inf,inf,inf,643.5293311108671,inf
179,189,inf,inf,inf,306.3494736408078,inf
179,190,inf,inf,inf,385.1610052951882,inf
179,191,inf,inf,inf,539.8018154841645,inf
179,192,inf,inf,inf,294.25329225006135,inf
179,193,inf,inf,inf,521.3923666491484,inf
179,194,inf,inf,inf,323.5011591942137,inf
179,195,inf,inf,inf,610.0032786797133,inf
179,196,inf,inf,inf,469.77654262425665,inf
179,197,inf,inf,inf,576.4833041814828,inf
179,198,inf,inf,inf,223.6537502480117,inf
179,199,inf,inf,inf,712.7980078535574,inf
179,200,inf,inf,inf,436.7195896682447,inf
179,201,inf,inf,inf,302.39874338363245,inf
179,202,inf,inf,inf,293.8383909566617,inf
180,181,inf,inf,inf,278.77230852435827,inf
180,182,inf,inf,inf,1025.4642850923674,inf
180,183,inf,inf,inf,1028.7706255526546,inf
180,184,inf,inf,inf,385.12984823303424,inf
180,185,inf,inf,inf,538.0455371062936,inf
180,186,inf,inf,inf,984.630895310522,inf
180,187,inf,inf,inf,1379.8007102476793,inf
180,188,inf,inf,inf,216.6217902243447,inf
180,189,inf,inf,inf,1062.922857031497,inf
180,190,inf,inf,inf,1092.0558593771657,inf
180,191,inf,inf,inf,1143.7364206844163,inf
180,192,inf,inf,inf,1041.8723530260318,inf
180,193,inf,inf,inf,1168.0517967967003,inf
180,194,inf,inf,inf,434.52963075030914,inf
180,195,inf,inf,inf,1241.644474074604,inf
180,196,inf,inf,inf,789.0937840333049,inf
180,197,inf,inf,inf,1229.032953179043,inf
180,198,inf,inf,inf,647.7808271321404,inf
180,199,inf,inf,inf,402.1243588742169,inf
180,200,inf,inf,inf,1081.4162010992807,inf
180,201,inf,inf,inf,801.2889616112279,inf
180,202,inf,inf,inf,470.52311314110807,inf
181,182,inf,inf,inf,962.8836897569716,inf
181,183,inf,inf,inf,905.7113226630216,inf
181,184,inf,inf,inf,385.2752262993301,inf
181,185,inf,inf,inf,345.0057970527452,inf
181,186,inf,inf,inf,739.1914501670051,inf
181,187,inf,inf,inf,1315.5865611961838,inf
181,188,inf,inf,inf,454.38860020911613,inf
181,189,inf,inf,inf,1067.601517421177,inf
181,190,inf,inf,inf,1028.9334283616215,inf
181,191,inf,inf,inf,1025.2828877924376,inf
181,192,inf,inf,inf,1062.753028694814,inf
181,193,inf,inf,inf,1066.189945553793,inf
181,194,inf,inf,inf,487.3048327279343,inf
181,195,inf,inf,inf,1126.804774572774,inf
181,196,inf,inf,inf,630.2705768160212,inf
181,197,inf,inf,inf,1125.0475545504733,inf
181,198,inf,inf,inf,590.7774538690521,inf
181,199,inf,inf,inf,146.8945199794737,inf
181,200,inf,inf,inf,987.0810503702318,inf
181,201,inf,inf,inf,909.3437193932776,inf
181,202,inf,inf,inf,484.4068537913146,inf
182,183,inf,inf,inf,227.17834403833479,inf
182,184,inf,inf,inf,640.3561509035421,inf
182,185,inf,inf,inf,662.148019705564,inf
182,186,inf,inf,inf,772.0006476681222,inf
182,187,inf,inf,inf,356.046345297912,inf
182,188,inf,inf,inf,948.2995307391014,inf
182,189,inf,inf,inf,259.73832986296037,inf
182,190,inf,inf,inf,66.94027188471824,inf
182,191,inf,inf,inf,238.0756182392477,inf
182,192,inf,inf,inf,312.64196775225173,inf
182,193,inf,inf,inf,198.71587757398754,inf
182,194,inf,inf,inf,612.3601881246037,inf
182,195,inf,inf,inf,287.51695602172754,inf
182,196,inf,inf,inf,427.61197363965385,inf
182,197,inf,inf,inf,249.5375723212839,inf
182,198,inf,inf,inf,381.02624581516693,inf
182,199,inf,inf,inf,864.5721485220305,inf
182,200,inf,inf,inf,126.90941651429968,inf
182,201,inf,inf,inf,583.5897531656977,inf
182,202,inf,inf,inf,560.4721224110973,inf
183,184,inf,inf,inf,657.4328863085569,inf
183,185,inf,inf,inf,569.6402373428338,inf
183,186,inf,inf,inf,563.6000354861593,inf
183,187,inf,inf,inf,460.5659561886875,inf
183,188,inf,inf,inf,998.9364344141222,inf
183,189,inf,inf,inf,486.56551460209346,inf
183,190,inf,inf,inf,249.3692041933005,inf
183,191,inf,inf,inf,119.64113005150027,inf
183,192,inf,inf,inf,537.2941466273386,inf
183,193,inf,inf,inf,173.92527130926086,inf
183,194,inf,inf,inf,668.6890159109838,inf
183,195,inf,inf,inf,221.2690669750293,inf
183,196,inf,inf,inf,287.8506557227202,inf
183,197,inf,inf,inf,225.88713996153035,inf
183,198,inf,inf,inf,402.6623896020089,inf
183,199,inf,inf,inf,783.6612788698955,inf
183,200,inf,inf,inf,130.61393493804556,inf
183,201,inf,inf,inf,762.8060041714407,inf
183,202,inf,inf,inf,604.4642255750128,inf
184,185,inf,inf,inf,311.17840542042757,inf
184,186,inf,inf,inf,760.3400555014841,inf
184,187,inf,inf,inf,995.0502499874065,inf
184,188,inf,inf,inf,348.82660448996717,inf
184,189,inf,inf,inf,697.0796224248705,inf
184,190,inf,inf,inf,706.9915133861226,inf
184,191,inf,inf,inf,768.2083050839792,inf
184,192,inf,inf,inf,685.5340983496006,inf
184,193,inf,inf,inf,786.9180389341701,inf
184,194,inf,inf,inf,113.1591799192624,inf
184,195,inf,inf,inf,863.5982862419309,inf
184,196,inf,inf,inf,457.07329827938975,inf
184,197,inf,inf,inf,847.9439839989432,inf
184,198,inf,inf,inf,264.0018939326004,inf
184,199,inf,inf,inf,364.6272068839625,inf
184,200,inf,inf,inf,699.2581783576078,inf
184,201,inf,inf,inf,534.0234077266651,inf
184,202,inf,inf,inf,99.82484660644363,inf
185,186,inf,inf,inf,464.24670165764235,inf
185,187,inf,inf,inf,1002.1801235306955,inf
185,188,inf,inf,inf,608.9072178911989,inf
185,189,inf,inf,inf,820.2438661763952,inf
185,190,inf,inf,inf,724.7158063682618,inf
185,191,inf,inf,inf,689.0224960043032,inf
185,192,inf,inf,inf,832.0606949015198,inf
185,193,inf,inf,inf,736.6573151744303,inf
185,194,inf,inf,inf,413.67257583746107,inf
185,195,inf,inf,inf,790.5807991597064,inf
185,196,inf,inf,inf,287.08883642524313,inf
185,197,inf,inf,inf,793.4336771274585,inf
185,198,inf,inf,inf,339.48343111262443,inf
185,199,inf,inf,inf,214.1611542740653,inf
185,200,inf,inf,inf,663.579686247251,inf
185,201,inf,inf,inf,795.2138077272049,inf
185,202,inf,inf,inf,363.6660556059639,inf
186,187,inf,inf,inf,1006.5088176464228,inf
186,188,inf,inf,inf,1073.1136938833647,inf
186,189,inf,inf,inf,1014.5171265188183,inf
186,190,inf,inf,inf,808.8930708072606,inf
186,191,inf,inf,inf,643.4570692750217,inf
186,192,inf,inf,inf,1052.2357150372725,inf
186,193,inf,inf,inf,719.6450513968674,inf
186,194,inf,inf,inf,846.5754544043904,inf
186,195,inf,inf,inf,721.1192689146504,inf
186,196,inf,inf,inf,392.56209699867867,inf
186,197,inf,inf,inf,752.4307277085379,inf
186,198,inf,inf,inf,659.3891112234111,inf
186,199,inf,inf,inf,593.7760520600339,inf
186,200,inf,inf,inf,694.2139439682842,inf
186,201,inf,inf,inf,1152.9310473744733,inf
186,202,inf,inf,inf,784.4093319179725,inf
187,188,inf,inf,inf,1291.1874379810238,inf
187,189,inf,inf,inf,411.7341375208036,inf
187,190,inf,inf,inf,289.10897599348243,inf
187,191,inf,inf,inf,363.40198128243605,inf
187,192,inf,inf,inf,470.5103612036615,inf
187,193,inf,inf,inf,289.66359798911566,inf
187,194,inf,inf,inf,959.3424831622959,inf
187,195,inf,inf,inf,292.72683512107324,inf
187,196,inf,inf,inf,738.5289432378395,inf
187,197,inf,inf,inf,254.8489748851268,inf
187,198,inf,inf,inf,737.0658043892689,inf
187,199,inf,inf,inf,1210.7460509950054,inf
187,200,inf,inf,inf,342.35799976048463,inf
187,201,inf,inf,inf,830.258995735668,inf
187,202,inf,inf,inf,911.7817721362936,inf
188,189,inf,inf,inf,935.9059781837062,inf
188,190,inf,inf,inf,1012.2356445018127,inf
188,191,inf,inf,inf,1104.992307665533,inf
188,192,inf,inf,inf,904.8607627696098,inf
188,193,inf,inf,inf,1115.0067264371098,inf
188,194,inf,inf,inf,337.01780368401904,inf
188,195,inf,inf,inf,1196.355298395924,inf
188,196,inf,inf,inf,804.3407238229331,inf
188,197,inf,inf,inf,1175.4560816976532,inf
188,198,inf,inf,inf,597.013400184619,inf
188,199,inf,inf,inf,541.303057445642,inf
188,200,inf,inf,inf,1026.034112493342,inf
188,201,inf,inf,inf,620.2491434899366,inf
188,202,inf,inf,inf,396.1275047254356,inf
189,190,inf,inf,inf,259.97884529322766,inf
189,191,inf,inf,inf,485.7324366356441,inf
189,192,inf,inf,inf,62.96824596572466,inf
189,193,inf,inf,inf,426.75519914817676,inf
189,194,inf,inf,inf,628.4051241038698,inf
189,195,inf,inf,inf,505.95849632158564,inf
189,196,inf,inf,inf,642.3239058294499,inf
189,197,inf,inf,inf,457.8132807160579,inf
189,198,inf,inf,inf,487.2381347965284,inf
189,199,inf,inf,inf,997.8381632308918,inf
189,200,inf,inf,inf,379.09629383574827,inf
189,201,inf,inf,inf,419.1479452412954,inf
189,202,inf,inf,inf,599.8841554833733,inf
190,191,inf,inf,inf,226.37358503146962,inf
190,192,inf,inf,inf,319.3556011721103,inf
190,193,inf,inf,inf,168.24089871371942,inf
190,194,inf,inf,inf,677.0184635591559,inf
190,195,inf,inf,inf,252.23996511258878,inf
190,196,inf,inf,inf,481.0,inf
190,197,inf,inf,inf,207.8942038634074,inf
190,198,inf,inf,inf,447.9665166058731,inf
190,199,inf,inf,inf,928.940256421262,inf
190,200,inf,inf,inf,125.0,inf
190,201,inf,inf,inf,622.371271830569,inf
190,202,inf,inf,inf,626.2156178186551,inf
191,192,inf,inf,inf,543.7251143730626,inf
191,193,inf,inf,inf,78.43468620451031,inf
191,194,inf,inf,inf,770.9559001655024,inf
191,195,inf,inf,inf,101.6366075781753,inf
191,196,inf,inf,inf,405.664886328605,inf
191,197,inf,inf,inf,112.92918134831227,inf
191,198,inf,inf,inf,508.26862976186123,inf
191,199,inf,inf,inf,903.1107351814616,inf
191,200,inf,inf,inf,111.22050170719426,inf
191,201,inf,inf,inf,816.1550097867439,inf
191,202,inf,inf,inf,708.9689697017776,inf
192,193,inf,inf,inf,487.0821285984531,inf
192,194,inf,inf,inf,608.7774634462087,inf
192,195,inf,inf,inf,567.5323779309864,inf
192,196,inf,inf,inf,672.8038347096425,inf
192,197,inf,inf,inf,519.7614837596184,inf
192,198,inf,inf,inf,494.2003642248759,inf
192,199,inf,inf,inf,1001.0044954944009,inf
192,200,inf,inf,inf,435.44574863006756,inf
192,201,inf,inf,inf,364.156559737704,inf
192,202,inf,inf,inf,586.5986703019365,inf
193,194,inf,inf,inf,778.393859174133,inf
193,195,inf,inf,inf,89.05054744357274,inf
193,196,inf,inf,inf,459.8825937127867,inf
193,197,inf,inf,inf,61.032778078668514,inf
193,198,inf,inf,inf,523.3096597617896,inf
193,199,inf,inf,inf,949.6762606277994,inf
193,200,inf,inf,inf,89.05054744357274,inf
193,201,inf,inf,inf,782.0594606550068,inf
193,202,inf,inf,inf,719.7006322075868,inf
194,195,inf,inf,inf,860.5631876858317,inf
194,196,inf,inf,inf,511.2621636694818,inf
194,197,inf,inf,inf,838.7049540809927,inf
194,198,inf,inf,inf,266.66083326952986,inf
194,199,inf,inf,inf,477.20016764456403,inf
194,200,inf,inf,inf,689.3685516470853,inf
194,201,inf,inf,inf,423.96226247155533,inf
194,202,1.0,75.1543,75.15432893255065,68.11754546370561,1.1033035383313157
195,196,inf,inf,inf,506.62214716689994,inf
195,197,inf,inf,inf,50.44799302251776,inf
195,198,inf,inf,inf,601.472360129707,inf
195,199,inf,inf,inf,1004.6914949376251,inf
195,200,inf,inf,inf,174.64249196572982,inf
195,201,inf,inf,inf,870.4027803264418,inf
195,202,inf,inf,inf,800.3505481974757,inf
196,197,inf,inf,inf,513.6973817336428,inf
196,198,inf,inf,inf,278.32534918688236,inf
196,199,inf,inf,inf,500.71249235464455,inf
196,200,inf,inf,inf,396.21458832304495,inf
196,201,inf,inf,inf,764.1498544133866,inf
196,202,inf,inf,inf,443.4828068820707,inf
197,198,inf,inf,inf,584.3030035863242,inf
197,199,inf,inf,inf,1006.9409118711982,inf
197,200,inf,inf,inf,149.4824404403407,inf
197,201,inf,inf,inf,829.294881209332,inf
197,202,inf,inf,inf,780.3704248624496,inf
198,199,inf,inf,inf,510.9716234782515,inf
198,200,inf,inf,inf,435.37225451330727,inf
198,201,inf,inf,inf,494.9545433673682,inf
198,202,inf,inf,inf,201.8018830437417,inf
199,200,inf,inf,inf,874.8171237464434,inf
199,201,inf,inf,inf,897.7349274702416,inf
199,202,inf,inf,inf,453.86341557785863,inf
200,201,inf,inf,inf,706.5557302860121,inf
200,202,inf,inf,inf,630.8890552228656,inf
201,202,inf,inf,inf,445.2774416024239,inf
