u,v,unweighted_hops,weighted_cost,path_length_sum,euclidean,tortuosity
0,1,inf,inf,inf,829.4486120309082,inf
0,2,inf,inf,inf,964.7098009246097,inf
0,3,inf,inf,inf,253.1896522372113,inf
0,4,inf,inf,inf,728.1792361774675,inf
0,5,inf,inf,inf,1171.8993130811195,inf
0,6,inf,inf,inf,1218.1371023000654,inf
0,7,inf,inf,inf,621.1191512101361,inf
0,8,inf,inf,inf,1040.2004614496188,inf
0,9,inf,inf,inf,1245.681339669179,inf
0,10,inf,inf,inf,577.984428856003,inf
0,11,inf,inf,inf,324.7845439672276,inf
0,12,inf,inf,inf,812.7244305421118,inf
0,13,inf,inf,inf,310.38202267528317,inf
0,14,inf,inf,inf,415.5237658666469,inf
0,15,inf,inf,inf,441.85178510446235,inf
0,16,inf,inf,inf,752.6925002947751,inf
0,17,inf,inf,inf,514.8689153561322,inf
0,18,inf,inf,inf,765.5880093104907,inf
0,19,inf,inf,inf,221.92115717073935,inf
0,20,inf,inf,inf,247.759964481754,inf
0,21,inf,inf,inf,549.5243397703144,inf
0,22,inf,inf,inf,268.972117514065,inf
0,23,inf,inf,inf,340.58772731852804,inf
0,24,inf,inf,inf,783.4207043472875,inf
0,25,inf,inf,inf,315.49326458737596,inf
0,26,inf,inf,inf,127.534309109353,inf
0,27,inf,inf,inf,439.2083787907512,inf
0,28,inf,inf,inf,271.8124353299532,inf
0,29,inf,inf,inf,962.3247892473726,inf
0,30,inf,inf,inf,198.66806487203723,inf
0,31,inf,inf,inf,841.8942926519932,inf
0,32,inf,inf,inf,855.8469489342122,inf
0,33,inf,inf,inf,228.3703133071372,inf
0,34,inf,inf,inf,772.4720059652648,inf
0,35,inf,inf,inf,371.43640101637857,inf
0,36,inf,inf,inf,1022.4680924116899,inf
0,37,inf,inf,inf,601.5197419869111,inf
0,38,inf,inf,inf,783.4570824237917,inf
0,39,inf,inf,inf,281.95389694061686,inf
0,40,inf,inf,inf,798.3338900485185,inf
0,41,inf,inf,inf,167.47537132366656,inf
0,42,inf,inf,inf,893.4002462502459,inf
0,43,inf,inf,inf,364.72592449673766,inf
0,44,inf,inf,inf,696.6010335909644,inf
0,45,inf,inf,inf,411.3003768537053,inf
0,46,inf,inf,inf,1088.4208744782507,inf
0,47,inf,inf,inf,1231.9456156827703,inf
0,48,inf,inf,inf,469.12791432614625,inf
0,49,inf,inf,inf,508.43386983952985,inf
0,50,inf,inf,inf,904.8690512996894,inf
0,51,inf,inf,inf,642.5573904329481,inf
0,52,inf,inf,inf,272.13232075591463,inf
0,53,inf,inf,inf,564.5750614400179,inf
0,54,inf,inf,inf,322.49030993194197,inf
0,55,inf,inf,inf,862.1879145522744,inf
0,56,inf,inf,inf,532.3692327698888,inf
0,57,inf,inf,inf,965.2673204869209,inf
0,58,inf,inf,inf,592.7731437911134,inf
0,59,inf,inf,inf,643.0054432117973,inf
0,60,inf,inf,inf,967.4466393553704,inf
0,61,inf,inf,inf,490.7555399585419,inf
0,62,inf,inf,inf,1033.2323068894043,inf
0,63,inf,inf,inf,781.9622753048897,inf
0,64,inf,inf,inf,1230.2007966181782,inf
0,65,inf,inf,inf,977.941204776647,inf
0,66,inf,inf,inf,1186.2183610111588,inf
0,67,inf,inf,inf,543.9485269765881,inf
0,68,inf,inf,inf,340.7007484582328,inf
0,69,inf,inf,inf,217.4143509522773,inf
0,70,inf,inf,inf,764.0235598461608,inf
0,71,inf,inf,inf,1215.7980917899156,inf
0,72,inf,inf,inf,612.2948636073962,inf
0,73,inf,inf,inf,536.3105443677199,inf
0,74,inf,inf,inf,521.2312346742087,inf
0,75,inf,inf,inf,997.8121065611501,inf
0,76,inf,inf,inf,426.6954417380153,inf
0,77,inf,inf,inf,546.0567736050896,inf
0,78,inf,inf,inf,396.69257618463195,inf
0,79,inf,inf,inf,417.9964114678498,inf
0,80,inf,inf,inf,729.9054733319925,inf
0,81,inf,inf,inf,572.8464017518133,inf
0,82,inf,inf,inf,961.016649179399,inf
0,83,inf,inf,inf,443.3012519720647,inf
0,84,inf,inf,inf,460.19669707636973,inf
0,85,inf,inf,inf,247.42675683927152,inf
0,86,inf,inf,inf,1121.3001382324003,inf
0,87,inf,inf,inf,1203.5468416310184,inf
0,88,inf,inf,inf,1183.4006084162709,inf
0,89,inf,inf,inf,1244.2077800753377,inf
0,90,inf,inf,inf,686.201865342845,inf
0,91,inf,inf,inf,1189.9247875391115,inf
0,92,inf,inf,inf,796.0760013968516,inf
0,93,inf,inf,inf,320.87692344573486,inf
0,94,inf,inf,inf,629.3250352560273,inf
0,95,inf,inf,inf,304.6325655605454,inf
0,96,inf,inf,inf,307.1025887224007,inf
0,97,inf,inf,inf,679.8426288487652,inf
0,98,inf,inf,inf,599.4731019820656,inf
0,99,inf,inf,inf,943.7059923514314,inf
0,100,inf,inf,inf,219.14607000811125,inf
0,101,inf,inf,inf,487.37049561909265,inf
0,102,inf,inf,inf,545.6390748471007,inf
0,103,inf,inf,inf,510.24895884264185,inf
0,104,inf,inf,inf,373.5679322425842,inf
0,105,inf,inf,inf,261.00766272276377,inf
0,106,inf,inf,inf,784.2971375696841,inf
0,107,inf,inf,inf,775.3534677809856,inf
0,108,inf,inf,inf,423.96226247155533,inf
0,109,inf,inf,inf,284.8876971720611,inf
0,110,inf,inf,inf,95.42536350467836,inf
0,111,inf,inf,inf,495.2918331650543,inf
0,112,inf,inf,inf,856.7059005282969,inf
0,113,inf,inf,inf,522.7245928785062,inf
0,114,inf,inf,inf,1132.618647206552,inf
0,115,inf,inf,inf,514.6882551603446,inf
0,116,inf,inf,inf,437.0823720993561,inf
0,117,inf,inf,inf,598.9398968177024,inf
0,118,inf,inf,inf,610.9541717674084,inf
0,119,inf,inf,inf,313.9697437652233,inf
0,120,inf,inf,inf,211.8962010041709,inf
0,121,inf,inf,inf,290.0431002454635,inf
0,122,inf,inf,inf,1077.9615020955061,inf
0,123,inf,inf,inf,608.7405030060017,inf
0,124,inf,inf,inf,563.3702157551462,inf
0,125,inf,inf,inf,1027.8229419506065,inf
0,126,inf,inf,inf,1157.1572926789167,inf
0,127,inf,inf,inf,282.1931962326519,inf
0,128,inf,inf,inf,365.3080891521566,inf
0,129,inf,inf,inf,632.7187368807723,inf
1,2,inf,inf,inf,795.0371060522899,inf
1,3,inf,inf,inf,1040.4383691502346,inf
1,4,inf,inf,inf,683.8143022780381,inf
1,5,inf,inf,inf,789.4536085166753,inf
1,6,inf,inf,inf,662.0339870429614,inf
1,7,inf,inf,inf,419.63079010005924,inf
1,8,inf,inf,inf,322.74448097527556,inf
1,9,inf,inf,inf,545.1797868593442,inf
1,10,inf,inf,inf,305.00655730656024,inf
1,11,inf,inf,inf,980.657942403976,inf
1,12,1.0,55.598,55.59797974644663,50.11985634456667,1.1093004609633887
1,13,inf,inf,inf,534.1497917251302,inf
1,14,inf,inf,inf,854.8947303615809,inf
1,15,inf,inf,inf,815.2705072551073,inf
1,16,inf,inf,inf,1095.5897954982968,inf
1,17,inf,inf,inf,570.5479822065801,inf
1,18,inf,inf,inf,645.0193795538239,inf
1,19,inf,inf,inf,926.2062405317727,inf
1,20,inf,inf,inf,608.8234555271339,inf
1,21,inf,inf,inf,366.19393768876074,inf
1,22,inf,inf,inf,1090.6388036375747,inf
1,23,inf,inf,inf,896.7636254889022,inf
1,24,inf,inf,inf,467.07708143303284,inf
1,25,inf,inf,inf,514.0204276096428,inf
1,26,inf,inf,inf,813.2724020892385,inf
1,27,inf,inf,inf,455.05713926934493,inf
1,28,inf,inf,inf,1012.8143956322896,inf
1,29,inf,inf,inf,1017.2472659093265,inf
1,30,inf,inf,inf,1023.0874840403435,inf
1,31,inf,inf,inf,875.0274281415411,inf
1,32,inf,inf,inf,957.1650850297456,inf
1,33,inf,inf,inf,983.9186958280649,inf
1,34,inf,inf,inf,752.6486564128046,inf
1,35,inf,inf,inf,753.3312684337482,inf
1,36,inf,inf,inf,741.6872656315463,inf
1,37,inf,inf,inf,690.8784263530017,inf
1,38,inf,inf,inf,1059.5187586824502,inf
1,39,inf,inf,inf,553.6686734862286,inf
1,40,inf,inf,inf,618.8521632829605,inf
1,41,inf,inf,inf,994.9758791046143,inf
1,42,inf,inf,inf,550.7059106274419,inf
1,43,inf,inf,inf,945.9228298333855,inf
1,44,inf,inf,inf,1050.2304509011344,inf
1,45,inf,inf,inf,923.2166592950974,inf
1,46,inf,inf,inf,394.7416876895573,inf
1,47,inf,inf,inf,609.3020597372046,inf
1,48,inf,inf,inf,439.5816192699599,inf
1,49,inf,inf,inf,448.5888986588946,inf
1,50,inf,inf,inf,794.3431248522265,inf
1,51,inf,inf,inf,207.13522153414664,inf
1,52,inf,inf,inf,655.4059810529653,inf
1,53,inf,inf,inf,361.4000553403389,inf
1,54,inf,inf,inf,833.2976659033674,inf
1,55,inf,inf,inf,566.3611921733338,inf
1,56,inf,inf,inf,1130.9438536019372,inf
1,57,inf,inf,inf,904.3295859364549,inf
1,58,inf,inf,inf,766.7261571121726,inf
1,59,inf,inf,inf,317.90721916936707,inf
1,60,inf,inf,inf,465.6973265974371,inf
1,61,inf,inf,inf,807.5840513531703,inf
1,62,inf,inf,inf,417.22895393296955,inf
1,63,inf,inf,inf,126.84636376341263,inf
1,64,inf,inf,inf,460.8871879321446,inf
1,65,inf,inf,inf,397.4317551479751,inf
1,66,inf,inf,inf,360.70070695799865,inf
1,67,inf,inf,inf,1003.4565262132685,inf
1,68,inf,inf,inf,695.4840041294983,inf
1,69,inf,inf,inf,614.8333107436519,inf
1,70,inf,inf,inf,678.4578100368511,inf
1,71,inf,inf,inf,391.21605284037105,inf
1,72,inf,inf,inf,283.1713262320181,inf
1,73,inf,inf,inf,308.60978597575286,inf
1,74,inf,inf,inf,365.1205280451922,inf
1,75,inf,inf,inf,283.5947813342128,inf
1,76,inf,inf,inf,977.4620197225056,inf
1,77,inf,inf,inf,835.6536363829215,inf
1,78,inf,inf,inf,738.9248946949886,inf
1,79,inf,inf,inf,440.55646630142655,inf
1,80,inf,inf,inf,100.40418317978589,inf
1,81,inf,inf,inf,993.9034158307335,inf
1,82,inf,inf,inf,1008.698170911398,inf
1,83,inf,inf,inf,693.6749959455076,inf
1,84,inf,inf,inf,851.3753578768885,inf
1,85,inf,inf,inf,780.6260308239791,inf
1,86,inf,inf,inf,362.49827585796874,inf
1,87,inf,inf,inf,727.4957044546724,inf
1,88,inf,inf,inf,358.6000557724441,inf
1,89,inf,inf,inf,474.91472918830385,inf
1,90,inf,inf,inf,800.9519336389669,inf
1,91,inf,inf,inf,362.22092705971585,inf
1,92,inf,inf,inf,1090.6218409696369,inf
1,93,inf,inf,inf,559.0465096930666,inf
1,94,inf,inf,inf,729.7924362447175,inf
1,95,inf,inf,inf,748.8404369423436,inf
1,96,inf,inf,inf,1068.5602463127664,inf
1,97,inf,inf,inf,618.4278454274192,inf
1,98,inf,inf,inf,1105.7761979713616,inf
1,99,inf,inf,inf,501.40003988831114,inf
1,100,inf,inf,inf,619.4319978819306,inf
1,101,inf,inf,inf,615.9521085279276,inf
1,102,inf,inf,inf,704.0177554579145,inf
1,103,inf,inf,inf,1049.8347489009877,inf
1,104,inf,inf,inf,456.1688283958035,inf
1,105,inf,inf,inf,1019.0358188012824,inf
1,106,inf,inf,inf,643.7740286777652,inf
1,107,inf,inf,inf,137.31715115017496,inf
1,108,inf,inf,inf,488.8118247342222,inf
1,109,inf,inf,inf,873.184974676042,inf
1,110,inf,inf,inf,853.6937389954315,inf
1,111,inf,inf,inf,651.2917932846997,inf
1,112,inf,inf,inf,1059.101505994586,inf
1,113,inf,inf,inf,714.2618567444296,inf
1,114,inf,inf,inf,356.3593691766782,inf
1,115,inf,inf,inf,504.43334544813746,inf
1,116,inf,inf,inf,1131.8277254070074,inf
1,117,inf,inf,inf,1058.6264685903145,inf
1,118,inf,inf,inf,785.9974554666192,inf
1,119,inf,inf,inf,552.4219401870276,inf
1,120,inf,inf,inf,772.8939125132246,inf
1,121,inf,inf,inf,605.2189686386242,inf
1,122,inf,inf,inf,392.3263947276553,inf
1,123,inf,inf,inf,729.0774993099157,inf
1,124,inf,inf,inf,366.3017881474236,inf
1,125,inf,inf,inf,932.7834689787336,inf
1,126,inf,inf,inf,816.6480269981677,inf
1,127,inf,inf,inf,580.2516695365899,inf
1,128,inf,inf,inf,486.51926991641346,inf
1,129,inf,inf,inf,951.0636151173064,inf
2,3,inf,inf,inf,1212.0808553887814,inf
2,4,inf,inf,inf,1337.7032555839878,inf
2,5,inf,inf,inf,273.72431386341987,inf
2,6,inf,inf,inf,469.7030977117353,inf
2,7,inf,inf,inf,1065.841451624021,inf
2,8,inf,inf,inf,637.2189576589824,inf
2,9,inf,inf,inf,666.3520090762839,inf
2,10,inf,inf,inf,617.6026230514245,inf
2,11,inf,inf,inf,1274.9533324792715,inf
2,12,inf,inf,inf,745.0449650860007,inf
2,13,inf,inf,inf,886.2505289138055,inf
2,14,inf,inf,inf,624.7343435413168,inf
2,15,inf,inf,inf,573.1265130841532,inf
2,16,inf,inf,inf,562.0827341237231,inf
2,17,inf,inf,inf,463.9062405271134,inf
2,18,inf,inf,inf,209.97618912629116,inf
2,19,inf,inf,inf,1176.830489067988,inf
2,20,inf,inf,inf,757.792847683323,inf
2,21,inf,inf,inf,952.0682748626803,inf
2,22,inf,inf,inf,1094.9378977823353,inf
2,23,inf,inf,inf,1250.6898096650505,inf
2,24,inf,inf,inf,1193.5698555174724,inf
2,25,inf,inf,inf,814.0374684251334,inf
2,26,inf,inf,inf,852.3379611398286,inf
2,27,inf,inf,inf,621.7692498025292,inf
2,28,inf,inf,inf,1236.3611931794042,inf
2,29,inf,inf,inf,281.23299948619115,inf
2,30,inf,inf,inf,1128.6983653749128,inf
2,31,inf,inf,inf,214.45046047980406,inf
2,32,inf,inf,inf,293.51831288694746,inf
2,33,inf,inf,inf,1193.048196847051,inf
2,34,inf,inf,inf,201.32560691576222,inf
2,35,inf,inf,inf,609.1633606841435,inf
2,36,inf,inf,inf,121.6552506059644,inf
2,37,inf,inf,inf,365.44356609468446,inf
2,38,inf,inf,inf,486.95790372474704,inf
2,39,inf,inf,inf,867.4335709436199,inf
2,40,inf,inf,inf,1320.8005148393909,inf
2,41,inf,inf,inf,1094.3057159678917,inf
2,42,inf,inf,inf,1303.2409600683982,inf
2,43,inf,inf,inf,1290.941516878282,inf
2,44,inf,inf,inf,556.089920786198,inf
2,45,inf,inf,inf,1311.9455019169052,inf
2,46,inf,inf,inf,610.1843983583979,inf
2,47,inf,inf,inf,555.0900827793629,inf
2,48,inf,inf,inf,597.0360123141652,inf
2,49,inf,inf,inf,541.4240482283734,inf
2,50,inf,inf,inf,71.19691004531025,inf
2,51,inf,inf,inf,682.4902929712628,inf
2,52,inf,inf,inf,697.6223906957115,inf
2,53,inf,inf,inf,961.4499466950945,inf
2,54,inf,inf,inf,694.9712224257922,inf
2,55,inf,inf,inf,1305.0352485661067,inf
2,56,inf,inf,inf,822.5193006854004,inf
2,57,inf,inf,inf,134.72935834479432,inf
2,58,inf,inf,inf,1326.0184764926921,inf
2,59,inf,inf,inf,536.4932432006949,inf
2,60,inf,inf,inf,1250.8660999483518,inf
2,61,inf,inf,inf,521.5093479507342,inf
2,62,inf,inf,inf,1212.2656474552102,inf
2,63,inf,inf,inf,891.6288465499532,inf
2,64,inf,inf,inf,774.2848313120954,inf
2,65,inf,inf,inf,1190.181498763949,inf
2,66,inf,inf,inf,1012.5872801887252,inf
2,67,inf,inf,inf,645.7468544251686,inf
2,68,inf,inf,inf,625.0071999585285,inf
2,69,inf,inf,inf,822.3916341986949,inf
2,70,inf,inf,inf,202.38824076511955,inf
2,71,inf,inf,inf,923.2301988128421,inf
2,72,inf,inf,inf,604.7230771187751,inf
2,73,inf,inf,inf,685.2065382058172,inf
2,74,inf,inf,inf,613.7988269783513,inf
2,75,inf,inf,inf,1074.2746390006607,inf
2,76,inf,inf,inf,728.3213576437258,inf
2,77,inf,inf,inf,1345.0,inf
2,78,inf,inf,inf,1187.4754734309251,inf
2,79,inf,inf,inf,676.5279003854904,inf
2,80,inf,inf,inf,759.3977877239306,inf
2,81,inf,inf,inf,607.1704867662788,inf
2,82,inf,inf,inf,271.0350530835449,inf
2,83,inf,inf,inf,524.2756908345074,inf
2,84,inf,inf,inf,580.086200490927,inf
2,85,inf,inf,inf,733.6381942074718,inf
2,86,inf,inf,inf,1124.6479449143185,inf
2,87,inf,inf,inf,376.92704864469465,inf
2,88,inf,inf,inf,1015.0359599541289,inf
2,89,inf,inf,inf,780.7406739756806,inf
2,90,inf,inf,inf,319.3994364428341,inf
2,91,inf,inf,inf,998.3826921576716,inf
2,92,inf,inf,inf,516.0038759544351,inf
2,93,inf,inf,inf,950.9621443569665,inf
2,94,inf,inf,inf,1320.2821668113222,inf
2,95,inf,inf,inf,670.1358071316589,inf
2,96,inf,inf,inf,975.8099200151636,inf
2,97,inf,inf,inf,1264.503459860826,inf
2,98,inf,inf,inf,720.6587264440777,inf
2,99,inf,inf,inf,1276.7466467549464,inf
2,100,inf,inf,inf,898.9883202800802,inf
2,101,inf,inf,inf,480.27596233832065,inf
2,102,inf,inf,inf,424.3642303493545,inf
2,103,inf,inf,inf,734.196840091266,inf
2,104,inf,inf,inf,801.6246004209202,inf
2,105,inf,inf,inf,1225.4998980008118,inf
2,106,inf,inf,inf,1333.7469775036043,inf
2,107,inf,inf,inf,897.6881418399154,inf
2,108,inf,inf,inf,973.7027267087219,inf
2,109,inf,inf,inf,757.8073633846533,inf
2,110,inf,inf,inf,905.7974387245749,inf
2,111,inf,inf,inf,469.4262455381037,inf
2,112,inf,inf,inf,420.97505864362086,inf
2,113,inf,inf,inf,1248.49108927537,inf
2,114,inf,inf,inf,1105.6310415323912,inf
2,115,inf,inf,inf,495.0202016079748,inf
2,116,inf,inf,inf,925.925482962857,inf
2,117,inf,inf,inf,659.5892661346151,inf
2,118,inf,inf,inf,389.0758280849634,inf
2,119,inf,inf,inf,708.509703532704,inf
2,120,inf,inf,inf,762.4781964095761,inf
2,121,inf,inf,inf,697.9240646374074,inf
2,122,inf,inf,inf,1181.32975921205,inf
2,123,inf,inf,inf,1308.5297092538633,inf
2,124,inf,inf,inf,559.9973214221653,inf
2,125,inf,inf,inf,140.21768789992225,inf
2,126,inf,inf,inf,232.26278221015093,inf
2,127,inf,inf,inf,730.6435519458172,inf
2,128,inf,inf,inf,706.4736371585284,inf
2,129,inf,inf,inf,502.8419234709851,inf
3,4,inf,inf,inf,772.172260574025,inf
3,5,inf,inf,inf,1424.5381707767608,inf
3,6,inf,inf,inf,1469.6724124783727,inf
3,7,inf,inf,inf,755.0801281983257,inf
3,8,inf,inf,inf,1277.0982734308272,inf
3,9,inf,inf,inf,1488.3349757363092,inf
3,10,inf,inf,inf,816.0618849082464,inf
3,11,inf,inf,inf,180.93645293306707,inf
3,12,inf,inf,inf,1030.7589436914918,inf
3,13,inf,inf,inf,506.31610679495475,inf
3,14,inf,inf,inf,628.8950627886977,inf
3,15,inf,inf,inf,666.0825774631851,inf
3,16,inf,inf,inf,937.4161295817349,inf
3,17,inf,inf,inf,767.5135177962666,inf
3,18,inf,inf,inf,1016.2332409442234,inf
3,19,inf,inf,inf,137.26616480400406,inf
3,20,inf,inf,inf,496.5178748041202,inf
3,21,inf,inf,inf,715.86171849038,inf
3,22,inf,inf,inf,237.49736840647307,inf
3,23,inf,inf,inf,271.26555254952666,inf
3,24,inf,inf,inf,896.0139507842498,inf
3,25,inf,inf,inf,536.4037658331641,inf
3,26,inf,inf,inf,360.1388621073821,inf
3,27,inf,inf,inf,686.3330095514859,inf
3,28,inf,inf,inf,75.58438992278762,inf
3,29,inf,inf,inf,1187.269135453289,inf
3,30,inf,inf,inf,107.20074626605917,inf
3,31,inf,inf,inf,1076.6731165957474,inf
3,32,inf,inf,inf,1080.6391627180647,inf
3,33,inf,inf,inf,67.05221845696084,inf
3,34,inf,inf,inf,1016.5038120931962,inf
3,35,inf,inf,inf,607.8980177628481,inf
3,36,inf,inf,inf,1273.855564811019,inf
3,37,inf,inf,inf,847.0094450476925,inf
3,38,inf,inf,inf,981.5925835090646,inf
3,39,inf,inf,inf,489.2003679475313,inf
3,40,inf,inf,inf,867.3972561635181,inf
3,41,inf,inf,inf,132.84953895290718,inf
3,42,inf,inf,inf,988.9656212427204,inf
3,43,inf,inf,inf,257.390753524675,inf
3,44,inf,inf,inf,885.2073203493067,inf
3,45,inf,inf,inf,325.35672730097343,inf
3,46,inf,inf,inf,1329.0616990945152,inf
3,47,inf,inf,inf,1480.5623931466043,inf
3,48,inf,inf,inf,716.8151784107254,inf
3,49,inf,inf,inf,758.946638440411,inf
3,50,inf,inf,inf,1150.1917231487976,inf
3,51,inf,inf,inf,869.2347208895881,inf
3,52,inf,inf,inf,524.9276140574051,inf
3,53,inf,inf,inf,728.6000274499035,inf
3,54,inf,inf,inf,539.1335641564157,inf
3,55,inf,inf,inf,950.9600412215016,inf
3,56,inf,inf,inf,655.4769256045555,inf
3,57,inf,inf,inf,1203.9950166009824,inf
3,58,inf,inf,inf,599.4038705247073,inf
3,59,inf,inf,inf,887.4418290795178,inf
3,60,inf,inf,inf,1092.00824172714,inf
3,61,inf,inf,inf,718.0974864181046,inf
3,62,inf,inf,inf,1177.665487309533,inf
3,63,inf,inf,inf,973.7278880672977,inf
3,64,inf,inf,inf,1463.2952538705235,inf
3,65,inf,inf,inf,1120.235689486815,inf
3,66,inf,inf,inf,1386.8096480771974,inf
3,67,inf,inf,inf,724.1802261868243,inf
3,68,inf,inf,inf,587.2461153553934,inf
3,69,inf,inf,inf,454.440315112997,inf
3,70,inf,inf,inf,1013.0,inf
3,71,inf,inf,inf,1431.4195751071732,inf
3,72,inf,inf,inf,850.535125670892,inf
3,73,inf,inf,inf,766.3784965668074,inf
3,74,inf,inf,inf,763.0157272297865,inf
3,75,inf,inf,inf,1169.2262398697696,inf
3,76,inf,inf,inf,598.404545437282,inf
3,77,inf,inf,inf,519.1810859420824,inf
3,78,inf,inf,inf,427.68446312673086,inf
3,79,inf,inf,inf,658.800425015042,inf
3,80,inf,inf,inf,944.1615327898081,inf
3,81,inf,inf,inf,760.2973102675032,inf
3,82,inf,inf,inf,1187.0568646867764,inf
3,83,inf,inf,inf,688.0065406665841,inf
3,84,inf,inf,inf,676.7037756655419,inf
3,85,inf,inf,inf,481.27435003332556,inf
3,86,inf,inf,inf,1295.8938999779264,inf
3,87,inf,inf,inf,1456.6406557555642,inf
3,88,inf,inf,inf,1383.3618470956903,inf
3,89,inf,inf,inf,1477.4816411718962,inf
3,90,inf,inf,inf,922.1127913655682,inf
3,91,inf,inf,inf,1393.0010768122183,inf
3,92,inf,inf,inf,988.54236125722,inf
3,93,inf,inf,inf,487.82476361906845,inf
3,94,inf,inf,inf,652.3227728663165,inf
3,95,inf,inf,inf,543.5752017890441,inf
3,96,inf,inf,inf,374.30068127108717,inf
3,97,inf,inf,inf,744.9597304552777,inf
3,98,inf,inf,inf,752.2107417472845,inf
3,99,inf,inf,inf,1056.8415207589073,inf
3,100,inf,inf,inf,424.0754649823543,inf
3,101,inf,inf,inf,738.3258088405146,inf
3,102,inf,inf,inf,789.2534447184884,inf
3,103,inf,inf,inf,666.6160814141825,inf
3,104,inf,inf,inf,590.7706830911635,inf
3,105,inf,inf,inf,50.695167422546305,inf
3,106,inf,inf,inf,844.7182962384561,inf
3,107,inf,inf,inf,965.5547628177285,inf
3,108,inf,inf,inf,579.2003107733973,inf
3,109,inf,inf,inf,485.7200839990045,inf
3,110,inf,inf,inf,307.9366818032564,inf
3,111,inf,inf,inf,743.7775204992417,inf
3,112,inf,inf,inf,1063.9172900183548,inf
3,113,inf,inf,inf,553.2612402834668,inf
3,114,inf,inf,inf,1312.097557348538,inf
3,115,inf,inf,inf,767.6437976040711,inf
3,116,inf,inf,inf,521.8448045156721,inf
3,117,inf,inf,inf,769.2762832688917,inf
3,118,inf,inf,inf,845.931439302264,inf
3,119,inf,inf,inf,561.9199231207236,inf
3,120,inf,inf,inf,450.18773861579126,inf
3,121,inf,inf,inf,542.5808695484941,inf
3,122,inf,inf,inf,1235.5597921590036,inf
3,123,inf,inf,inf,631.5773903489579,inf
3,124,inf,inf,inf,808.980222255155,inf
3,125,inf,inf,inf,1267.4119298791534,inf
3,126,inf,inf,inf,1408.9009901337993,inf
3,127,inf,inf,inf,530.7391072834184,inf
3,128,inf,inf,inf,606.601186942459,inf
3,129,inf,inf,inf,838.6381818162109,inf
4,5,inf,inf,inf,1420.8691002340786,inf
4,6,inf,inf,inf,1335.1617879493106,inf
4,7,inf,inf,inf,280.0285699709942,inf
4,8,inf,inf,inf,1006.543590710308,inf
4,9,inf,inf,inf,1227.6811475297648,inf
4,10,inf,inf,inf,721.5517999423188,inf
4,11,inf,inf,inf,612.721796576554,inf
4,12,inf,inf,inf,714.0266101483894,inf
4,13,inf,inf,inf,516.7842876868452,inf
4,14,inf,inf,inf,1047.7351764639766,inf
4,15,inf,inf,inf,1042.8307628757411,inf
4,16,inf,inf,inf,1387.5406300357479,inf
4,17,inf,inf,inf,922.7767877444686,inf
4,18,inf,inf,inf,1136.802533424341,inf
4,19,inf,inf,inf,637.2220962898258,inf
4,20,inf,inf,inf,703.4912934784624,inf
4,21,inf,inf,inf,386.55918046270745,inf
4,22,inf,inf,inf,959.5337409387957,inf
4,23,inf,inf,inf,507.66622893393253,inf
4,24,inf,inf,inf,243.55902775302746,inf
4,25,inf,inf,inf,581.8496369338044,inf
4,26,inf,inf,inf,815.8737647455027,inf
4,27,inf,inf,inf,739.0757741936885,inf
4,28,inf,inf,inf,704.7219309770344,inf
4,29,inf,inf,inf,1470.8970052318416,inf
4,30,inf,inf,inf,829.2177036219138,inf
4,31,inf,inf,inf,1323.5274836587264,inf
4,32,inf,inf,inf,1378.5865950313023,inf
4,33,inf,inf,inf,706.1345480855614,inf
4,34,inf,inf,inf,1210.425545004731,inf
4,35,inf,inf,inf,954.9712037543331,inf
4,36,inf,inf,inf,1328.9160996842502,inf
4,37,inf,inf,inf,1068.6089088155686,inf
4,38,inf,inf,inf,1389.8611441435435,inf
4,39,inf,inf,inf,551.0326669082333,inf
4,40,inf,inf,inf,115.96551211459379,inf
4,41,inf,inf,inf,822.1368499222012,inf
4,42,inf,inf,inf,262.5509474368737,inf
4,43,inf,inf,inf,538.924855615326,inf
4,44,inf,inf,inf,1330.6246653357964,inf
4,45,inf,inf,inf,476.94548954780987,inf
4,46,inf,inf,inf,1078.3900036628677,inf
4,47,inf,inf,inf,1291.0557695157866,inf
4,48,inf,inf,inf,756.3028493930193,inf
4,49,inf,inf,inf,808.6099183166133,inf
4,50,inf,inf,inf,1307.601238910395,inf
4,51,inf,inf,inf,674.9140686042928,inf
4,52,inf,inf,inf,795.5934891639072,inf
4,53,inf,inf,inf,378.61325914447315,inf
4,54,inf,inf,inf,970.9814622329305,inf
4,55,inf,inf,inf,218.68927728629038,inf
4,56,inf,inf,inf,1245.3513560437473,inf
4,57,inf,inf,inf,1406.369083846769,inf
4,58,inf,inf,inf,185.59364213248256,inf
4,59,inf,inf,inf,807.8446632862039,inf
4,60,inf,inf,inf,409.4532940397476,inf
4,61,inf,inf,inf,1070.9033569841865,inf
4,62,inf,inf,inf,529.5904077681166,inf
4,63,inf,inf,inf,558.2436743931811,inf
4,64,inf,inf,inf,1128.2344614485057,inf
4,65,inf,inf,inf,478.18197372966705,inf
4,66,inf,inf,inf,890.4835764908862,inf
4,67,inf,inf,inf,1207.9639895294893,inf
4,68,inf,inf,inf,889.8471778906758,inf
4,69,inf,inf,inf,645.5896529530194,inf
4,70,inf,inf,inf,1158.0367006274023,inf
4,71,inf,inf,inf,997.5730549689081,inf
4,72,inf,inf,inf,738.769246788197,inf
4,73,inf,inf,inf,652.6147408693739,inf
4,74,inf,inf,inf,725.4054038949531,inf
4,75,inf,inf,inf,606.5805799726859,inf
4,76,inf,inf,inf,1114.5483390145087,inf
4,77,inf,inf,inf,283.91724146307143,inf
4,78,inf,inf,inf,348.1436485130815,inf
4,79,inf,inf,inf,683.1017493755963,inf
4,80,inf,inf,inf,645.4463571823766,inf
4,81,inf,inf,inf,1223.2424126067572,inf
4,82,inf,inf,inf,1465.3716252200327,inf
4,83,inf,inf,inf,964.2162620491318,inf
4,84,inf,inf,inf,1075.982341862542,inf
4,85,inf,inf,inf,883.5298523536146,inf
4,86,inf,inf,inf,717.3290737172166,inf
4,87,inf,inf,inf,1384.4464597809479,inf
4,88,inf,inf,inf,884.9519760981383,inf
4,89,inf,inf,inf,1141.3684768732664,inf
4,90,inf,inf,inf,1190.11007894228,inf
4,91,inf,inf,inf,906.3564420248802,inf
4,92,inf,inf,inf,1412.6662733993476,inf
4,93,inf,inf,inf,460.1010758518176,inf
4,94,inf,inf,inf,125.39936203984452,inf
4,95,inf,inf,inf,903.296186198082,inf
4,96,inf,inf,inf,1033.9057016962427,inf
4,97,inf,inf,inf,73.24616030891995,inf
4,98,inf,inf,inf,1287.8668409428049,inf
4,99,inf,inf,inf,354.5193929815406,inf
4,100,inf,inf,inf,569.5700132556137,inf
4,101,inf,inf,inf,938.04317597859,inf
4,102,inf,inf,inf,1041.1921052332273,inf
4,103,inf,inf,inf,1202.9285099289982,inf
4,104,inf,inf,inf,565.2079263421559,inf
4,105,inf,inf,inf,725.658321801659,inf
4,106,inf,inf,inf,83.24061508662703,inf
4,107,inf,inf,inf,547.3810373039972,inf
4,108,inf,inf,inf,387.6248186068586,inf
4,109,inf,inf,inf,965.8126112243514,inf
4,110,inf,inf,inf,814.4476655992084,inf
4,111,inf,inf,inf,970.2602743594113,inf
4,112,inf,inf,inf,1433.837508227484,inf
4,113,inf,inf,inf,219.10727965998757,inf
4,114,inf,inf,inf,747.4289263869844,inf
4,115,inf,inf,inf,867.1430101200148,inf
4,116,inf,inf,inf,1164.324696981044,inf
4,117,inf,inf,inf,1269.195020475577,inf
4,118,inf,inf,inf,1135.099114615107,inf
4,119,inf,inf,inf,709.2136490508343,inf
4,120,inf,inf,inf,851.0634523935333,inf
4,121,inf,inf,inf,755.502481796056,inf
4,122,inf,inf,inf,614.1807551527481,inf
4,123,inf,inf,inf,144.22205101855957,inf
4,124,inf,inf,inf,777.8618129205213,inf
4,125,inf,inf,inf,1454.8446652478058,inf
4,126,inf,inf,inf,1434.9466889052012,inf
4,127,inf,inf,inf,707.5266779422526,inf
4,128,inf,inf,inf,673.9324892005134,inf
4,129,inf,inf,inf,1241.4201545004817,inf
5,6,inf,inf,inf,241.16799124261908,inf
5,7,inf,inf,inf,1140.9596837750228,inf
5,8,inf,inf,inf,535.1233502660858,inf
5,9,inf,inf,inf,473.97257304616267,inf
5,10,inf,inf,inf,714.8216560793328,inf
5,11,inf,inf,inf,1463.3075548222937,inf
5,12,inf,inf,inf,743.8904489237646,inf
5,13,inf,inf,inf,1033.8302568603804,inf
5,14,inf,inf,inf,875.634626999184,inf
5,15,inf,inf,inf,821.5844448381432,inf
5,16,inf,inf,inf,835.0197602452291,inf
5,17,inf,inf,inf,657.0555532068806,inf
5,18,inf,inf,inf,415.3227660506946,inf
5,19,inf,inf,inf,1370.8920453485753,inf
5,20,inf,inf,inf,941.8497757073577,inf
5,21,inf,inf,inf,1038.857545575908,inf
5,22,inf,inf,inf,1333.4684098245448,inf
5,23,inf,inf,inf,1423.6249506102372,inf
5,24,inf,inf,inf,1239.6676974092695,inf
5,25,inf,inf,inf,966.3891555682939,inf
5,26,inf,inf,inf,1071.38648488769,inf
5,27,inf,inf,inf,773.6174765347536,inf
5,28,inf,inf,inf,1438.9753298788692,inf
5,29,inf,inf,inf,528.8941292924322,inf
5,30,inf,inf,inf,1350.6535455104688,inf
5,31,inf,inf,inf,487.9118772893318,inf
5,32,inf,inf,inf,563.0222020489068,inf
5,33,inf,inf,inf,1396.9327113358038,inf
5,34,inf,inf,inf,458.76028598822717,inf
5,35,inf,inf,inf,842.2689594185458,inf
5,36,inf,inf,inf,163.47782724271815,inf
5,37,inf,inf,inf,599.8483141595049,inf
5,38,inf,inf,inf,758.9736490814421,inf
5,39,inf,inf,inf,1023.0552282257297,inf
5,40,inf,inf,inf,1382.1957169663058,inf
5,41,inf,inf,inf,1315.9407281484982,inf
5,42,inf,inf,inf,1335.7185332247209,inf
5,43,inf,inf,inf,1467.7850660093254,inf
5,44,inf,inf,inf,829.805398873736,inf
5,45,inf,inf,inf,1478.557405040467,inf
5,46,inf,inf,inf,481.76342742055465,inf
5,47,inf,inf,inf,342.5930530527436,inf
5,48,inf,inf,inf,744.186132630809,inf
5,49,inf,inf,inf,690.9913168774265,inf
5,50,inf,inf,inf,343.1850812608264,inf
5,51,inf,inf,inf,746.1608405699136,inf
5,52,inf,inf,inf,899.7710819980824,inf
5,53,inf,inf,inf,1044.571203891817,inf
5,54,inf,inf,inf,935.5575877518177,inf
5,55,inf,inf,inf,1346.4159832681726,inf
5,56,inf,inf,inf,1091.4472044034012,inf
5,57,inf,inf,inf,386.35864167894573,inf
5,58,inf,inf,inf,1443.3849105488114,inf
5,59,inf,inf,inf,623.9390995922599,inf
5,60,inf,inf,inf,1254.0243219331912,inf
5,61,inf,inf,inf,772.7438126572092,inf
5,62,inf,inf,inf,1190.1214223767254,inf
5,63,inf,inf,inf,907.2733876842194,inf
5,64,inf,inf,inf,611.1906412896061,inf
5,65,inf,inf,inf,1180.7408691156581,inf
5,66,inf,inf,inf,909.3261241160951,inf
5,67,inf,inf,inf,914.1837889614976,inf
5,68,inf,inf,inf,843.756481456587,inf
5,69,inf,inf,inf,1000.0244996998823,inf
5,70,inf,inf,inf,428.214899320423,inf
5,71,inf,inf,inf,793.7990929700034,inf
5,72,inf,inf,inf,690.5946712797602,inf
5,73,inf,inf,inf,786.6441380954923,inf
5,74,inf,inf,inf,734.4181370309424,inf
5,75,inf,inf,inf,1041.6549332672505,inf
5,76,inf,inf,inf,988.2352958683473,inf
5,77,inf,inf,inf,1478.9354279345666,inf
5,78,inf,inf,inf,1332.2991405836754,inf
5,79,inf,inf,inf,821.3068853966829,inf
5,80,inf,inf,inf,788.2702582236628,inf
5,81,inf,inf,inf,876.8563166220564,inf
5,82,inf,inf,inf,519.1579721048305,inf
5,83,inf,inf,inf,750.8128928035267,inf
5,84,inf,inf,inf,834.1612553937039,inf
5,85,inf,inf,inf,959.9708328902499,inf
5,86,inf,inf,inf,1061.4490096090344,inf
5,87,inf,inf,inf,126.3210196285638,inf
5,88,inf,inf,inf,913.14675709877,inf
5,89,inf,inf,inf,613.3326992750345,inf
5,90,inf,inf,inf,582.6808732059085,inf
5,91,inf,inf,inf,891.3837557415998,inf
5,92,inf,inf,inf,787.175329897984,inf
5,93,inf,inf,inf,1094.6095194177694,inf
5,94,inf,inf,inf,1426.826548673664,inf
5,95,inf,inf,inf,896.4781090467296,inf
5,96,inf,inf,inf,1224.8510113479108,inf
5,97,inf,inf,inf,1348.5466250745653,inf
5,98,inf,inf,inf,992.6711439343848,inf
5,99,inf,inf,inf,1290.8342263823035,inf
5,100,inf,inf,inf,1066.9493896150839,inf
5,101,inf,inf,inf,687.9781973289561,inf
5,102,inf,inf,inf,659.8257345693634,inf
5,103,inf,inf,inf,1001.5637773002776,inf
5,104,inf,inf,inf,939.4897551330722,inf
5,105,inf,inf,inf,1431.3088415852114,inf
5,106,inf,inf,inf,1401.1202660728306,inf
5,107,inf,inf,inf,915.8171214822313,inf
5,108,inf,inf,inf,1093.3636174667602,inf
5,109,inf,inf,inf,999.1261181652694,inf
5,110,inf,inf,inf,1126.1163350204986,inf
5,111,inf,inf,inf,688.0770305714325,inf
5,112,inf,inf,inf,687.6488929679157,inf
5,113,inf,inf,inf,1370.8628669564291,inf
5,114,inf,inf,inf,1035.6973496152243,inf
5,115,inf,inf,inf,664.3643578639661,inf
5,116,inf,inf,inf,1187.798383565157,inf
5,117,inf,inf,inf,931.3479478691087,inf
5,118,inf,inf,inf,645.5300147940451,inf
5,119,inf,inf,inf,883.0362393469478,inf
5,120,inf,inf,inf,984.0,inf
5,121,inf,inf,inf,887.4576046212011,inf
5,122,inf,inf,inf,1140.8089235275118,inf
5,123,inf,inf,inf,1418.479820089098,inf
5,124,inf,inf,inf,677.1838745865114,inf
5,125,inf,inf,inf,352.5677239907249,inf
5,126,inf,inf,inf,54.74486277268398,inf
5,127,inf,inf,inf,910.343341822194,inf
5,128,inf,inf,inf,862.7548898731319,inf
5,129,inf,inf,inf,774.0316530995357,inf
6,7,inf,inf,inf,1058.4824041995219,inf
6,8,inf,inf,inf,356.9495762709349,inf
6,9,inf,inf,inf,237.19190542680835,inf
6,10,inf,inf,inf,684.4618323909668,inf
6,11,inf,inf,inf,1479.0392151663864,inf
6,12,inf,inf,inf,624.551839321605,inf
6,13,inf,inf,inf,1023.3694347595105,inf
6,14,inf,inf,inf,991.0045408574069,inf
6,15,inf,inf,inf,935.8103440334478,inf
6,16,inf,inf,inf,1020.1372456684444,inf
6,17,inf,inf,inf,721.8476293512364,inf
6,18,inf,inf,inf,531.331346713141,inf
6,19,inf,inf,inf,1395.5532952918709,inf
6,20,inf,inf,inf,973.4397772846556,inf
6,21,inf,inf,inf,971.8153116719246,inf
6,22,inf,inf,inf,1415.8884136823776,inf
6,23,inf,inf,inf,1423.551193319018,inf
6,24,inf,inf,inf,1128.6921635237838,inf
6,25,inf,inf,inf,964.5776277729025,inf
6,26,inf,inf,inf,1135.6922998770397,inf
6,27,inf,inf,inf,786.5430693865403,inf
6,28,inf,inf,inf,1471.78802821602,inf
6,29,inf,inf,inf,746.6491813428847,inf
6,30,inf,inf,inf,1409.712382012728,inf
6,31,inf,inf,inf,676.2396025078685,inf
6,32,inf,inf,inf,761.1832893594026,inf
6,33,inf,inf,inf,1432.3271274398178,inf
6,34,inf,inf,inf,612.2099313144143,inf
6,35,inf,inf,inf,934.9272698985734,inf
6,36,inf,inf,inf,348.3862798676205,inf
6,37,inf,inf,inf,712.4745609493717,inf
6,38,inf,inf,inf,948.907266280536,inf
6,39,inf,inf,inf,1021.077861869505,inf
6,40,inf,inf,inf,1279.1422907558017,inf
6,41,inf,inf,inf,1375.4860958948295,inf
6,42,inf,inf,inf,1210.6238061429322,inf
6,43,inf,inf,inf,1470.718531874811,inf
6,44,inf,inf,inf,1005.0497500124061,inf
6,45,inf,inf,inf,1470.3230937450448,inf
6,46,inf,inf,inf,289.0847626562147,inf
6,47,inf,inf,inf,102.83968105745953,inf
6,48,inf,inf,inf,755.7413578731814,inf
6,49,inf,inf,inf,710.8987269646782,inf
6,50,inf,inf,inf,528.4183948350019,inf
6,51,inf,inf,inf,682.3562119597066,inf
6,52,inf,inf,inf,953.189383071381,inf
6,53,inf,inf,inf,973.9697120547435,inf
6,54,inf,inf,inf,1033.4108573070055,inf
6,55,inf,inf,inf,1228.082244802847,inf
6,56,inf,inf,inf,1236.977364384652,inf
6,57,inf,inf,inf,599.4205535348283,inf
6,58,inf,inf,inf,1387.683681535529,inf
6,59,inf,inf,inf,597.9782604744089,inf
6,60,inf,inf,inf,1108.8845746965733,inf
6,61,inf,inf,inf,893.5015388906726,inf
6,62,inf,inf,inf,1028.4673062377822,inf
6,63,inf,inf,inf,788.061545819868,inf
6,64,inf,inf,inf,382.83155564817275,inf
6,65,inf,inf,inf,1028.622865777346,inf
6,66,inf,inf,inf,703.420215802759,inf
6,67,inf,inf,inf,1062.0894500935408,inf
6,68,inf,inf,inf,919.198020015274,inf
6,69,inf,inf,inf,1021.5600814440627,inf
6,70,inf,inf,inf,557.2450089502821,inf
6,71,inf,inf,inf,576.6879572177661,inf
6,72,inf,inf,inf,653.2878385520429,inf
6,73,inf,inf,inf,751.9607702533424,inf
6,74,inf,inf,inf,722.7309319518572,inf
6,75,inf,inf,inf,877.8092047819958,inf
6,76,inf,inf,inf,1114.9910313540643,inf
6,77,inf,inf,inf,1437.9054210899965,inf
6,78,inf,inf,inf,1306.2790666622504,inf
6,79,inf,inf,inf,823.1117785574447,inf
6,80,inf,inf,inf,689.8695528866309,inf
6,81,inf,inf,inf,1029.3323078578658,inf
6,82,inf,inf,inf,736.5439565972964,inf
6,83,inf,inf,inf,841.5331247194016,inf
6,84,inf,inf,inf,956.2703592603924,inf
6,85,inf,inf,inf,1038.1146372149851,inf
6,86,inf,inf,inf,875.7282683572571,inf
6,87,inf,inf,inf,116.40017182117903,inf
6,88,inf,inf,inf,707.9357315463036,inf
6,89,inf,inf,inf,382.78584090846414,inf
6,90,inf,inf,inf,733.2973476019124,inf
6,91,inf,inf,inf,683.8515920870551,inf
6,92,inf,inf,inf,979.4615867914372,inf
6,93,inf,inf,inf,1077.1258050942795,inf
6,94,inf,inf,inf,1361.6725010074927,inf
6,95,inf,inf,inf,977.8164449425055,inf
6,96,inf,inf,inf,1326.1711805042364,inf
6,97,inf,inf,inf,1265.8119923590548,inf
6,98,inf,inf,inf,1151.2888429929303,inf
6,99,inf,inf,inf,1152.8247915446648,inf
6,100,inf,inf,inf,1075.0186044901734,inf
6,101,inf,inf,inf,763.8272055903743,inf
6,102,inf,inf,inf,768.010416596025,inf
6,103,inf,inf,inf,1144.4841632805585,inf
6,104,inf,inf,inf,925.527417205995,inf
6,105,inf,inf,inf,1468.1352117567374,inf
6,106,inf,inf,inf,1302.5098847993438,inf
6,107,inf,inf,inf,798.0607746280981,inf
6,108,inf,inf,inf,1053.171401054928,inf
6,109,inf,inf,inf,1095.429139652584,inf
6,110,inf,inf,inf,1189.8991553909095,inf
6,111,inf,inf,inf,775.283174072545,inf
6,112,inf,inf,inf,889.508291136176,inf
6,113,inf,inf,inf,1322.0185323965773,inf
6,114,inf,inf,inf,846.414201204115,inf
6,115,inf,inf,inf,705.8285910899331,inf
6,116,inf,inf,inf,1313.7705279081274,inf
6,117,inf,inf,inf,1089.9747703502132,inf
6,118,inf,inf,inf,781.4454555501619,inf
6,119,inf,inf,inf,908.777750607925,inf
6,120,inf,inf,inf,1055.106629682517,inf
6,121,inf,inf,inf,928.2375773475237,inf
6,122,inf,inf,inf,967.8186813654714,inf
6,123,inf,inf,inf,1356.6727682090475,inf
6,124,inf,inf,inf,669.5819591356983,inf
6,125,inf,inf,inf,577.9636666781053,inf
6,126,inf,inf,inf,295.0,inf
6,127,inf,inf,inf,939.4450489517734,inf
6,128,inf,inf,inf,872.066511224918,inf
6,129,inf,inf,inf,934.2146434305128,inf
7,8,inf,inf,inf,739.244208634738,inf
7,9,inf,inf,inf,964.0420115326925,inf
7,10,inf,inf,inf,448.26443088873333,inf
7,11,inf,inf,inf,642.5480526777744,inf
7,12,inf,inf,inf,443.4974633523849,inf
7,13,inf,inf,inf,331.5448687583628,inf
7,14,inf,inf,inf,850.0711734907849,inf
7,15,inf,inf,inf,834.0407663897491,inf
7,16,inf,inf,inf,1172.827779343583,inf
7,17,inf,inf,inf,674.1253592619106,inf
7,18,inf,inf,inf,869.6574038091092,inf
7,19,inf,inf,inf,621.1891821337522,inf
7,20,inf,inf,inf,508.74355032766755,inf
7,21,inf,inf,inf,118.40608092492548,inf
7,22,inf,inf,inf,884.8779576868213,inf
7,23,inf,inf,inf,542.4287971706517,inf
7,24,inf,inf,inf,169.84993376507393,inf
7,25,inf,inf,inf,375.2932186970609,inf
7,26,inf,inf,inf,671.0186286534823,inf
7,27,inf,inf,inf,490.9103787861894,inf
7,28,inf,inf,inf,705.311987704732,inf
7,29,inf,inf,inf,1216.8722200790023,inf
7,30,inf,inf,inf,776.8307408953382,inf
7,31,inf,inf,inf,1068.0959694709086,inf
7,32,inf,inf,inf,1130.0995531368021,inf
7,33,inf,inf,inf,689.517222409999,inf
7,34,inf,inf,inf,950.8154395044287,inf
7,35,inf,inf,inf,748.8404369423436,inf
7,36,inf,inf,inf,1051.6320649352606,inf
7,37,inf,inf,inf,821.3093205364225,inf
7,38,inf,inf,inf,1164.4165921181302,inf
7,39,inf,inf,inf,367.9198282234868,inf
7,40,inf,inf,inf,257.4490240804964,inf
7,41,inf,inf,inf,758.6494579184777,inf
7,42,inf,inf,inf,289.8499611868182,inf
7,43,inf,inf,inf,588.3740306981606,inf
7,44,inf,inf,inf,1117.6806341706024,inf
7,45,inf,inf,inf,548.6392257212384,inf
7,46,inf,inf,inf,809.8919681043886,inf
7,47,inf,inf,inf,1018.7408895298156,inf
7,48,inf,inf,inf,502.6032232288209,inf
7,49,inf,inf,inf,550.695923355167,inf
7,50,inf,inf,inf,1039.8793199213071,inf
7,51,inf,inf,inf,395.3492127221199,inf
7,52,inf,inf,inf,595.9739927211589,inf
7,53,inf,inf,inf,106.15083607772479,inf
7,54,inf,inf,inf,787.0635298373315,inf
7,55,inf,inf,inf,270.74896121684384,inf
7,56,inf,inf,inf,1083.6106311770848,inf
7,57,inf,inf,inf,1141.862513615365,inf
7,58,inf,inf,inf,348.5584599461043,inf
7,59,inf,inf,inf,531.6812955145216,inf
7,60,inf,inf,inf,346.4390278245221,inf
7,61,inf,inf,inf,853.0005861662698,inf
7,62,inf,inf,inf,422.6700841081611,inf
7,63,inf,inf,inf,300.8853602287755,inf
7,64,inf,inf,inf,877.2416998752396,inf
7,65,inf,inf,inf,365.37378121589404,inf
7,66,inf,inf,inf,687.1862920635132,inf
7,67,inf,inf,inf,1014.0537461101359,inf
7,68,inf,inf,inf,681.1901349843522,inf
7,69,inf,inf,inf,467.17234507192313,inf
7,70,inf,inf,inf,893.344838234374,inf
7,71,inf,inf,inf,772.0103626247513,inf
7,72,inf,inf,inf,462.6229566288296,inf
7,73,inf,inf,inf,382.4264635194589,inf
7,74,inf,inf,inf,460.3531253288067,inf
7,75,inf,inf,inf,429.0314673773941,inf
7,76,inf,inf,inf,939.0729471132687,inf
7,77,inf,inf,inf,424.79289071263895,inf
7,78,inf,inf,inf,363.91757308489514,inf
7,79,inf,inf,inf,438.0182644593716,inf
7,80,inf,inf,inf,369.0758729583932,inf
7,81,inf,inf,inf,1022.0812100806863,inf
7,82,inf,inf,inf,1210.6171979614364,inf
7,83,inf,inf,inf,738.3935265155025,inf
7,84,inf,inf,inf,869.8333173660342,inf
7,85,inf,inf,inf,705.4367441521599,inf
7,86,inf,inf,inf,555.1801509420163,inf
7,87,inf,inf,inf,1105.0520349739193,inf
7,88,inf,inf,inf,682.4456022277526,inf
7,89,inf,inf,inf,890.9826036461094,inf
7,90,inf,inf,inf,944.3992799658415,inf
7,91,inf,inf,inf,699.132319378814,inf
7,92,inf,inf,inf,1190.0596623699166,inf
7,93,inf,inf,inf,301.4050430898594,inf
7,94,inf,inf,inf,310.195099896823,inf
7,95,inf,inf,inf,708.7171509142416,inf
7,96,inf,inf,inf,920.5090982711687,inf
7,97,inf,inf,inf,208.39625716408634,inf
7,98,inf,inf,inf,1104.268536181304,inf
7,99,inf,inf,inf,324.49961479175903,inf
7,100,inf,inf,inf,413.533553656774,inf
7,101,inf,inf,inf,697.2668068967574,inf
7,102,inf,inf,inf,802.207579121514,inf
7,103,inf,inf,inf,1025.8952188211035,inf
7,104,inf,inf,inf,338.49667649771686,inf
7,105,inf,inf,inf,719.324683296771,inf
7,106,inf,inf,inf,268.00186566514793,inf
7,107,inf,inf,inf,289.88618456214846,inf
7,108,inf,inf,inf,198.72845795205075,inf
7,109,inf,inf,inf,797.677879848752,inf
7,110,inf,inf,inf,687.4510891692587,inf
7,111,inf,inf,inf,732.1290869785191,inf
7,112,inf,inf,inf,1197.7019662670675,inf
7,113,inf,inf,inf,304.1710045352778,inf
7,114,inf,inf,inf,576.9454046961463,inf
7,115,inf,inf,inf,612.8303190933034,inf
7,116,inf,inf,inf,1030.0077669610068,inf
7,117,inf,inf,inf,1075.6393447619885,inf
7,118,inf,inf,inf,897.0763624129219,inf
7,119,inf,inf,inf,493.3558553417604,inf
7,120,inf,inf,inf,679.3386489814928,inf
7,121,inf,inf,inf,547.8831992313691,inf
7,122,inf,inf,inf,482.66965929090674,inf
7,123,inf,inf,inf,309.6578757273905,inf
7,124,inf,inf,inf,509.0825080475659,inf
7,125,inf,inf,inf,1187.389152721213,inf
7,126,inf,inf,inf,1155.6123917646435,inf
7,127,inf,inf,inf,501.51171471860954,inf
7,128,inf,inf,inf,443.0180583226828,inf
7,129,inf,inf,inf,1022.7824793180611,inf
8,9,inf,inf,inf,226.73552875542023,inf
8,10,inf,inf,inf,462.34294630717574,inf
8,11,inf,inf,inf,1248.443030338189,inf
8,12,inf,inf,inf,296.00675667964066,inf
8,13,inf,inf,inf,784.6935707650471,inf
8,14,inf,inf,inf,935.9813032320677,inf
8,15,inf,inf,inf,885.3078560591225,inf
8,16,inf,inf,inf,1083.8934449474266,inf
8,17,inf,inf,inf,630.7210159809168,inf
8,18,inf,inf,inf,568.3326490709468,inf
8,19,inf,inf,inf,1179.4447846338549,inf
8,20,inf,inf,inf,795.4030424885235,inf
8,21,inf,inf,inf,671.203396892477,inf
8,22,inf,inf,inf,1278.2742272298226,inf
8,23,inf,inf,inf,1176.0514444530052,inf
8,24,inf,inf,inf,786.5526047252021,inf
8,25,inf,inf,inf,742.1219576323018,inf
8,26,inf,inf,inf,989.262351451828,inf
8,27,inf,inf,inf,607.023063812241,inf
8,28,inf,inf,inf,1262.9445751892677,inf
8,29,inf,inf,inf,905.6113956880181,inf
8,30,inf,inf,inf,1238.8543094327113,inf
8,31,inf,inf,inf,786.8703832271234,inf
8,32,inf,inf,inf,877.3693634952157,inf
8,33,inf,inf,inf,1228.4705938686527,inf
8,34,inf,inf,inf,679.7205308065955,inf
8,35,inf,inf,inf,850.9430063171094,inf
8,36,inf,inf,inf,545.2485671691398,inf
8,37,inf,inf,inf,695.244561287609,inf
8,38,inf,inf,inf,1028.4629307855485,inf
8,39,inf,inf,inf,793.3933450691403,inf
8,40,inf,inf,inf,939.6350355324136,inf
8,41,inf,inf,inf,1207.0033139971074,inf
8,42,inf,inf,inf,860.3702691283562,inf
8,43,inf,inf,inf,1225.0722427677479,inf
8,44,inf,inf,inf,1051.1270142090345,inf
8,45,inf,inf,inf,1211.8386856343545,inf
8,46,inf,inf,inf,72.53275122315436,inf
8,47,inf,inf,inf,290.05689097140925,inf
8,48,inf,inf,inf,579.672321229848,inf
8,49,inf,inf,inf,555.9316504751281,inf
8,50,inf,inf,inf,664.59386094065,inf
8,51,inf,inf,inf,414.10264428037647,inf
8,52,inf,inf,inf,808.483147628941,inf
8,53,inf,inf,inf,669.6043607982253,inf
8,54,inf,inf,inf,946.4549645915541,inf
8,55,inf,inf,inf,880.729811009029,inf
8,56,inf,inf,inf,1211.218394840501,inf
8,57,inf,inf,inf,767.7760090026258,inf
8,58,inf,inf,inf,1082.8540991287791,inf
8,59,inf,inf,inf,404.0309394093477,inf
8,60,inf,inf,inf,753.0059760719034,inf
8,61,inf,inf,inf,858.7549126497036,inf
8,62,inf,inf,inf,671.6933824298108,inf
8,63,inf,inf,inf,448.97438679728714,inf
8,64,inf,inf,inf,194.82556300444764,inf
8,65,inf,inf,inf,671.9315441322873,inf
8,66,inf,inf,inf,380.3117142555564,inf
8,67,inf,inf,inf,1053.9017980817757,inf
8,68,inf,inf,inf,811.1189801749186,inf
8,69,inf,inf,inf,824.9557563893957,inf
8,70,inf,inf,inf,604.0471835875076,inf
8,71,inf,inf,inf,287.39171873942365,inf
8,72,inf,inf,inf,427.9556051741816,inf
8,73,inf,inf,inf,511.6756785308444,inf
8,74,inf,inf,inf,519.6046574079181,inf
8,75,inf,inf,inf,521.0470228299937,inf
8,76,inf,inf,inf,1066.5702039715904,inf
8,77,inf,inf,inf,1145.7298983617386,inf
8,78,inf,inf,inf,1033.7823755510635,inf
8,79,inf,inf,inf,622.2105752878201,inf
8,80,inf,inf,inf,377.3446700299343,inf
8,81,inf,inf,inf,1032.069765083737,inf
8,82,inf,inf,inf,895.7521978761761,inf
8,83,inf,inf,inf,767.5161236091395,inf
8,84,inf,inf,inf,915.923577598044,inf
8,85,inf,inf,inf,920.7089659604711,inf
8,86,inf,inf,inf,527.3869547116235,inf
8,87,inf,inf,inf,444.065310511866,inf
8,88,inf,inf,inf,383.4709897762802,inf
8,89,inf,inf,inf,208.00961516237658,inf
8,90,inf,inf,inf,771.2638977678133,inf
8,91,inf,inf,inf,364.3295211755424,inf
8,92,inf,inf,inf,1061.0202637084742,inf
8,93,inf,inf,inf,825.911012155668,inf
8,94,inf,inf,inf,1049.0305047995507,inf
8,95,inf,inf,inf,871.5560796644127,inf
8,96,inf,inf,inf,1222.0920587255282,inf
8,97,inf,inf,inf,940.7576733675894,inf
8,98,inf,inf,inf,1154.7662101048852,inf
8,99,inf,inf,inf,798.4297088660967,inf
8,100,inf,inf,inf,856.0584092221745,inf
8,101,inf,inf,inf,680.6944982883291,inf
8,102,inf,inf,inf,733.122772801391,inf
8,103,inf,inf,inf,1120.8412019550317,inf
8,104,inf,inf,inf,691.0354549514808,inf
8,105,inf,inf,inf,1264.6493585180044,inf
8,106,inf,inf,inf,965.4807092842404,inf
8,107,inf,inf,inf,459.67379738244813,inf
8,108,inf,inf,inf,776.9021817449093,inf
8,109,inf,inf,inf,1000.2399712069099,inf
8,110,inf,inf,inf,1038.6361249253755,inf
8,111,inf,inf,inf,707.096174505279,inf
8,112,inf,inf,inf,999.0175173639349,inf
8,113,inf,inf,inf,1025.4101618376912,inf
8,114,inf,inf,inf,500.8193287004806,inf
8,115,inf,inf,inf,583.6822765854724,inf
8,116,inf,inf,inf,1249.938398482101,inf
8,117,inf,inf,inf,1098.254068965829,inf
8,118,inf,inf,inf,787.5658702610214,inf
8,119,inf,inf,inf,729.889032661815,inf
8,120,inf,inf,inf,925.6030466674146,inf
8,121,inf,inf,inf,768.2877065266631,inf
8,122,inf,inf,inf,613.2177427309161,inf
8,123,inf,inf,inf,1047.0807036709252,inf
8,124,inf,inf,inf,483.74063298424704,inf
8,125,inf,inf,inf,775.2709203884795,inf
8,126,inf,inf,inf,575.5501715749896,inf
8,127,inf,inf,inf,761.6508386393335,inf
8,128,inf,inf,inf,674.8933249040177,inf
8,129,inf,inf,inf,960.0843712924401,inf
9,10,inf,inf,inf,672.8714587497377,inf
9,11,inf,inf,inf,1468.650060429645,inf
9,12,inf,inf,inf,521.8630088442751,inf
9,13,inf,inf,inf,1004.3032410581975,inf
9,14,inf,inf,inf,1092.8357607618814,inf
9,15,inf,inf,inf,1039.2097959507503,inf
9,16,inf,inf,inf,1184.3124587709108,inf
9,17,inf,inf,inf,796.2637753910446,inf
9,18,inf,inf,inf,668.4137939929127,inf
9,19,inf,inf,inf,1396.2324305071845,inf
9,20,inf,inf,inf,998.323093993122,inf
9,21,inf,inf,inf,897.9270571711268,inf
9,22,inf,inf,inf,1472.1956391730007,inf
9,23,inf,inf,inf,1399.1004252733253,inf
9,24,inf,inf,inf,1001.6995557551177,inf
9,25,inf,inf,inf,957.489425529076,inf
9,26,inf,inf,inf,1183.7909443816504,inf
9,27,inf,inf,inf,807.0749655391376,inf
9,28,inf,inf,inf,1478.346373486268,inf
9,29,inf,inf,inf,947.5573861249777,inf
9,30,inf,inf,inf,1443.5390538534107,inf
9,31,inf,inf,inf,855.1257217509013,inf
9,32,inf,inf,inf,944.6120896960826,inf
9,33,inf,inf,inf,1442.4690637930507,inf
9,34,inf,inf,inf,768.6175902228624,inf
9,35,inf,inf,inf,1018.9470054914534,inf
9,36,inf,inf,inf,551.3846207503434,inf
9,37,inf,inf,inf,828.6132994346639,inf
9,38,inf,inf,inf,1119.3770589037458,inf
9,39,inf,inf,inf,1010.5543033404983,inf
9,40,inf,inf,inf,1155.6353231015396,inf
9,41,inf,inf,inf,1410.7480285295458,inf
9,42,inf,inf,inf,1066.5317623024641,inf
9,43,inf,inf,inf,1447.94923944177,inf
9,44,inf,inf,inf,1160.5278971226844,inf
9,45,inf,inf,inf,1436.5409844484075,inf
9,46,inf,inf,inf,161.96913286178943,inf
9,47,inf,inf,inf,134.8332303254654,inf
9,48,inf,inf,inf,777.8309584993387,inf
9,49,inf,inf,inf,745.5072098913598,inf
9,50,inf,inf,inf,713.8080974603748,inf
9,51,inf,inf,inf,635.9009356810226,inf
9,52,inf,inf,inf,999.9729996354902,inf
9,53,inf,inf,inf,896.2326706832328,inf
9,54,inf,inf,inf,1117.337012722661,inf
9,55,inf,inf,inf,1090.4210196066472,inf
9,56,inf,inf,inf,1358.4141489251354,inf
9,57,inf,inf,inf,800.7877371688455,inf
9,58,inf,inf,inf,1308.9270415114815,inf
9,59,inf,inf,inf,602.7022482121665,inf
9,60,inf,inf,inf,946.987328320712,inf
9,61,inf,inf,inf,1004.8586965339953,inf
9,62,inf,inf,inf,851.6554467623629,inf
9,63,inf,inf,inf,669.5140028408666,inf
9,64,inf,inf,inf,152.11837495845134,inf
9,65,inf,inf,inf,861.8149453333934,inf
9,66,inf,inf,inf,488.6430189821604,inf
9,67,inf,inf,inf,1190.7921733031335,inf
9,68,inf,inf,inf,988.4194453773155,inf
9,69,inf,inf,inf,1034.039167536704,inf
9,70,inf,inf,inf,700.7952625410649,inf
9,71,inf,inf,inf,353.1019682754544,inf
9,72,inf,inf,inf,638.5052858042759,inf
9,73,inf,inf,inf,728.5169867614619,inf
9,74,inf,inf,inf,725.5397990461998,inf
9,75,inf,inf,inf,703.6739301693648,inf
9,76,inf,inf,inf,1222.417686390376,inf
9,77,inf,inf,inf,1372.443077143821,inf
9,78,inf,inf,inf,1259.668607213818,inf
9,79,inf,inf,inf,829.689701032862,inf
9,80,inf,inf,inf,604.0695324215583,inf
9,81,inf,inf,inf,1163.2991876555232,inf
9,82,inf,inf,inf,937.3606563111127,inf
9,83,inf,inf,inf,929.4137937431314,inf
9,84,inf,inf,inf,1065.7509089838957,inf
9,85,inf,inf,inf,1103.551539349205,inf
9,86,inf,inf,inf,677.84363978723,inf
9,87,inf,inf,inf,352.6769059635178,inf
9,88,inf,inf,inf,493.7904413817667,inf
9,89,inf,inf,inf,149.21461054467824,inf
9,90,inf,inf,inf,879.0591561436579,inf
9,91,inf,inf,inf,467.8471972770597,inf
9,92,inf,inf,inf,1151.3144661646531,inf
9,93,inf,inf,inf,1048.269049433398,inf
9,94,inf,inf,inf,1274.1569762003423,inf
9,95,inf,inf,inf,1049.2001715592692,inf
9,96,inf,inf,inf,1403.0858847554557,inf
9,97,inf,inf,inf,1163.3486149903647,inf
9,98,inf,inf,inf,1287.308043942863,inf
9,99,inf,inf,inf,997.066196398213,inf
9,100,inf,inf,inf,1071.5918066129473,inf
9,101,inf,inf,inf,844.2961565706669,inf
9,102,inf,inf,inf,876.184911990614,inf
9,103,inf,inf,inf,1266.0015797778453,inf
9,104,inf,inf,inf,908.8635761213011,inf
9,105,inf,inf,inf,1478.7173495972786,inf
9,106,inf,inf,inf,1182.871083423718,inf
9,107,inf,inf,inf,680.424132435057,inf
9,108,inf,inf,inf,1002.6016157976208,inf
9,109,inf,inf,inf,1175.2961328958756,inf
9,110,inf,inf,inf,1235.3622950373708,inf
9,111,inf,inf,inf,864.8074930295181,inf
9,112,inf,inf,inf,1072.4313497842181,inf
9,113,inf,inf,inf,1252.0563086379143,inf
9,114,inf,inf,inf,645.5548001525509,inf
9,115,inf,inf,inf,760.9270661502323,inf
9,116,inf,inf,inf,1414.6098402032978,inf
9,117,inf,inf,inf,1227.6958092296315,inf
9,118,inf,inf,inf,912.1518513931768,inf
9,119,inf,inf,inf,932.1099720526543,inf
9,120,inf,inf,inf,1113.1621624902637,inf
9,121,inf,inf,inf,964.6268708676946,inf
9,122,inf,inf,inf,780.8232834643188,inf
9,123,inf,inf,inf,1272.660598902944,inf
9,124,inf,inf,inf,682.5657477488891,inf
9,125,inf,inf,inf,789.8468205924488,inf
9,126,inf,inf,inf,525.9515186782903,inf
9,127,inf,inf,inf,964.0046680384903,inf
9,128,inf,inf,inf,882.1247077369503,inf
9,129,inf,inf,inf,1078.4827305061497,inf
10,11,inf,inf,inf,800.8451785457661,inf
10,12,inf,inf,inf,269.14122686797725,inf
10,13,inf,inf,inf,339.6483475596488,inf
10,14,inf,inf,inf,549.9109018741127,inf
10,15,inf,inf,inf,511.0234828263766,inf
10,16,inf,inf,inf,805.6003972193658,inf
10,17,inf,inf,inf,274.9254444390333,inf
10,18,inf,inf,inf,423.6283748759046,inf
10,19,inf,inf,inf,724.3680003975879,inf
10,20,inf,inf,inf,335.00597009605667,inf
10,21,inf,inf,inf,335.08954027244715,inf
10,22,inf,inf,inf,821.6592967891254,inf
10,23,inf,inf,inf,739.9905404800794,inf
10,24,inf,inf,inf,583.0008576323023,inf
10,25,inf,inf,inf,285.87060009731675,inf
10,26,inf,inf,inf,534.506314275145,inf
10,27,inf,inf,inf,155.72411502397438,inf
10,28,inf,inf,inf,805.7046605301474,inf
10,29,inf,inf,inf,782.7036476214992,inf
10,30,inf,inf,inf,776.6524319153324,inf
10,31,inf,inf,inf,634.037853759537,inf
10,32,inf,inf,inf,705.1921723899096,inf
10,33,inf,inf,inf,769.6005457378523,inf
10,34,inf,inf,inf,512.7699289154932,inf
10,35,inf,inf,inf,448.4696199298231,inf
10,36,inf,inf,inf,609.1773140884352,inf
10,37,inf,inf,inf,410.4680255513211,inf
10,38,inf,inf,inf,777.815530829772,inf
10,39,inf,inf,inf,340.6581864567473,inf
10,40,inf,inf,inf,703.9495720575445,inf
10,41,inf,inf,inf,745.0167783345554,inf
10,42,inf,inf,inf,698.2048410029824,inf
10,43,inf,inf,inf,787.655381496248,inf
10,44,inf,inf,inf,757.0158518815838,inf
10,45,inf,inf,inf,785.8613109194268,inf
10,46,inf,inf,inf,513.0243658930831,inf
10,47,inf,inf,inf,676.7037756655419,inf
10,48,inf,inf,inf,135.9301291105103,inf
10,49,inf,inf,inf,146.00342461736986,inf
10,50,inf,inf,inf,592.7984480411534,inf
10,51,inf,inf,inf,101.00495037373169,inf
10,52,inf,inf,inf,361.9419843013518,inf
10,53,inf,inf,inf,343.99563950724723,inf
10,54,inf,inf,inf,530.5713901069299,inf
10,55,inf,inf,inf,694.937407253344,inf
10,56,inf,inf,inf,826.1361873202263,inf
10,57,inf,inf,inf,696.7617957379696,inf
10,58,inf,inf,inf,728.8195935895247,inf
10,59,inf,inf,inf,91.00549433962765,inf
10,60,inf,inf,inf,673.092118509792,inf
10,61,inf,inf,inf,506.119551094403,inf
10,62,inf,inf,inf,669.1644043133197,inf
10,63,inf,inf,inf,334.07334524023315,inf
10,64,inf,inf,inf,652.533524043018,inf
10,65,inf,inf,inf,631.5734319934619,inf
10,66,inf,inf,inf,657.7355091524252,inf
10,67,inf,inf,inf,700.0242852930176,inf
10,68,inf,inf,inf,391.8992217394671,inf
10,69,inf,inf,inf,362.74095440134687,inf
10,70,inf,inf,inf,449.5887009256349,inf
10,71,inf,inf,inf,657.0760990935524,inf
10,72,inf,inf,inf,34.48187929913333,inf
10,73,inf,inf,inf,71.84010022264724,inf
10,74,1.0,69.0122,69.01219330881973,62.76941930590086,1.0994556596500487
10,75,inf,inf,inf,564.1498028006391,inf
10,76,inf,inf,inf,672.8038347096425,inf
10,77,inf,inf,inf,765.4671776111632,inf
10,78,inf,inf,inf,624.7695575170096,inf
10,79,inf,inf,inf,160.2404443328837,inf
10,80,inf,inf,inf,214.23351745233518,inf
10,81,inf,inf,inf,692.3821199308948,inf
10,82,inf,inf,inf,775.5804278087477,inf
10,83,inf,inf,inf,390.2332635744934,inf
10,84,inf,inf,inf,547.4093532266324,inf
10,85,inf,inf,inf,484.10949174747645,inf
10,86,inf,inf,inf,661.6010882699635,inf
10,87,inf,inf,inf,702.3168800477459,inf
10,88,inf,inf,inf,656.4457327152032,inf
10,89,inf,inf,inf,666.4780566530304,inf
10,90,inf,inf,inf,529.974527689775,inf
10,91,inf,inf,inf,655.9153908851355,inf
10,92,inf,inf,inf,807.4781730796195,inf
10,93,inf,inf,inf,392.7340066762745,inf
10,94,inf,inf,inf,714.5572055476034,inf
10,95,inf,inf,inf,447.0984231687694,inf
10,96,inf,inf,inf,780.3242915608869,inf
10,97,inf,inf,inf,648.308568507312,inf
10,98,inf,inf,inf,801.9538640096449,inf
10,99,inf,inf,inf,686.8020093156397,inf
10,100,inf,inf,inf,399.58603579204316,inf
10,101,inf,inf,inf,316.4048040090416,inf
10,102,inf,inf,inf,411.9902911477405,inf
10,103,inf,inf,inf,744.8516630846708,inf
10,104,inf,inf,inf,241.85326129701042,inf
10,105,inf,inf,inf,805.8492414837901,inf
10,106,inf,inf,inf,716.2262212457737,inf
10,107,inf,inf,inf,335.17905662496275,inf
10,108,inf,inf,inf,378.90632087628205,inf
10,109,inf,inf,inf,573.8092017386964,inf
10,110,inf,inf,inf,581.2434945872512,inf
10,111,inf,inf,inf,352.8172331391991,inf
10,112,inf,inf,inf,791.1188279898286,inf
10,113,inf,inf,inf,656.0617349000016,inf
10,114,inf,inf,inf,658.996965091646,inf
10,115,inf,inf,inf,206.77040407176264,inf
10,116,inf,inf,inf,832.1808697632985,inf
10,117,inf,inf,inf,756.2810324211497,inf
10,118,inf,inf,inf,500.83630060130423,inf
10,119,inf,inf,inf,270.8228203087768,inf
10,120,inf,inf,inf,481.20889434839,inf
10,121,inf,inf,inf,315.65329081129505,inf
10,122,inf,inf,inf,669.7738424274271,inf
10,123,inf,inf,inf,705.1900453069371,inf
10,124,inf,inf,inf,70.22819946431775,inf
10,125,inf,inf,inf,740.1743037960721,inf
10,126,inf,inf,inf,722.0062326600789,inf
10,127,inf,inf,inf,302.03476621077914,inf
10,128,inf,inf,inf,212.80037593951755,inf
10,129,inf,inf,inf,657.4077882106357,inf
11,12,inf,inf,inf,979.4947677246673,inf
11,13,inf,inf,inf,464.3468531173653,inf
11,14,inf,inf,inf,738.8132375641356,inf
11,15,inf,inf,inf,766.6159403508383,inf
11,16,inf,inf,inf,1068.9738069756434,inf
11,17,inf,inf,inf,814.1406512390841,inf
11,18,inf,inf,inf,1069.9626161693689,inf
11,19,inf,inf,inf,102.95630140987001,inf
11,20,inf,inf,inf,522.0957766540541,inf
11,21,inf,inf,inf,628.7575049253885,inf
11,22,inf,inf,inf,413.26625799839985,inf
11,23,inf,inf,inf,106.23088063270491,inf
11,24,inf,inf,inf,764.7123642259226,inf
11,25,inf,inf,inf,515.6403785585454,inf
11,26,inf,inf,inf,451.7277941415604,inf
11,27,inf,inf,inf,695.6155547427041,inf
11,28,inf,inf,inf,105.3612832116238,inf
11,29,inf,inf,inf,1286.7579414948252,inf
11,30,inf,inf,inf,274.7544358149655,inf
11,31,inf,inf,inf,1163.996993123264,inf
11,32,inf,inf,inf,1180.386801010584,inf
11,33,inf,inf,inf,131.18688958886096,inf
11,34,inf,inf,inf,1088.4787549603345,inf
11,35,inf,inf,inf,695.0697806695382,inf
11,36,inf,inf,inf,1321.9841148818696,inf
11,37,inf,inf,inf,917.2398813832726,inf
11,38,inf,inf,inf,1104.5587354233364,inf
11,39,inf,inf,inf,460.1923510881075,inf
11,40,inf,inf,inf,715.4550999189257,inf
11,41,inf,inf,inf,287.80027797067885,inf
11,42,inf,inf,inf,846.2275107794594,inf
11,43,inf,inf,inf,78.10249675906654,inf
11,44,inf,inf,inf,1014.1015728219733,inf
11,45,inf,inf,inf,146.4137971640651,inf
11,46,inf,inf,inf,1306.9158350865598,inf
11,47,inf,inf,inf,1477.3425466018366,inf
11,48,inf,inf,inf,726.2299911185161,inf
11,49,inf,inf,inf,775.8981891975261,inf
11,50,inf,inf,inf,1218.5421617654433,inf
11,51,inf,inf,inf,834.3410573620358,inf
11,52,inf,inf,inf,577.741291583006,inf
11,53,inf,inf,inf,638.9053137985316,inf
11,54,inf,inf,inf,645.8211826813982,inf
11,55,inf,inf,inf,805.8293864088105,inf
11,56,inf,inf,inf,811.9359580656593,inf
11,57,inf,inf,inf,1284.854077317732,inf
11,58,inf,inf,inf,432.551731010292,inf
11,59,inf,inf,inf,882.5854066321288,inf
11,60,inf,inf,inf,962.4510377156855,inf
11,61,inf,inf,inf,815.4569271273622,inf
11,62,inf,inf,inf,1058.5546750168364,inf
11,63,inf,inf,inf,896.4150824255469,inf
11,64,inf,inf,inf,1425.48974040503,inf
11,65,inf,inf,inf,1000.892601631164,inf
11,66,inf,inf,inf,1309.0656973582343,inf
11,67,inf,inf,inf,856.799276376912,inf
11,68,inf,inf,inf,658.738187749883,inf
11,69,inf,inf,inf,463.57092229776447,inf
11,70,inf,inf,inf,1072.6644396082122,inf
11,71,inf,inf,inf,1369.5619737711763,inf
11,72,inf,inf,inf,834.3284724855074,inf
11,73,inf,inf,inf,740.6065082079687,inf
11,74,inf,inf,inf,756.8890275330988,inf
11,75,inf,inf,inf,1069.5195182884695,inf
11,76,inf,inf,inf,733.8296805117657,inf
11,77,inf,inf,inf,345.469246098694,inf
11,78,inf,inf,inf,285.3769437077915,inf
11,79,inf,inf,inf,655.9817070620186,inf
11,80,inf,inf,inf,890.9842871790726,inf
11,81,inf,inf,inf,889.0680513886437,inf
11,82,inf,inf,inf,1285.2991869599855,inf
11,83,inf,inf,inf,761.614732000373,inf
11,84,inf,inf,inf,784.2716366157838,inf
11,85,inf,inf,inf,572.1477082013,inf
11,86,inf,inf,inf,1196.3498652150215,inf
11,87,inf,inf,inf,1480.2432232575834,inf
11,88,inf,inf,inf,1305.0363979598424,inf
11,89,inf,inf,inf,1439.8062369638492,inf
11,90,inf,inf,inf,1008.3660049803345,inf
11,91,inf,inf,inf,1317.7017872037663,inf
11,92,inf,inf,inf,1115.427272393857,inf
11,93,inf,inf,inf,424.4066446228193,inf
11,94,inf,inf,inf,489.0736140909669,inf
11,95,inf,inf,inf,628.0286617663241,inf
11,96,inf,inf,inf,538.6213883610639,inf
11,97,inf,inf,inf,595.1546017632729,inf
11,98,inf,inf,inf,898.6350761015285,inf
11,99,inf,inf,inf,921.6506930502467,inf
11,100,inf,inf,inf,404.02227661355505,inf
11,101,inf,inf,inf,794.7030892100521,inf
11,102,inf,inf,inf,863.8362113271243,inf
11,103,inf,inf,inf,810.3486903796414,inf
11,104,inf,inf,inf,560.406994959913,inf
11,105,inf,inf,inf,130.29197979921864,inf
11,106,inf,inf,inf,689.7456052777719,inf
11,107,inf,inf,inf,887.0682048185472,inf
11,108,inf,inf,inf,494.87473162407474,inf
11,109,inf,inf,inf,602.7022482121665,inf
11,110,inf,inf,inf,410.37665625617643,inf
11,111,inf,inf,inf,808.0451720046349,inf
11,112,inf,inf,inf,1180.2008303674422,inf
11,113,inf,inf,inf,397.9597969644673,inf
11,114,inf,inf,inf,1216.2639516157667,inf
11,115,inf,inf,inf,799.0400490588692,inf
11,116,inf,inf,inf,686.9119303083911,inf
11,117,inf,inf,inf,907.605641234121,inf
11,118,inf,inf,inf,933.7976226142365,inf
11,119,inf,inf,inf,580.4170914092726,inf
11,120,inf,inf,inf,536.2881688047947,inf
11,121,inf,inf,inf,579.1200221024999,inf
11,122,inf,inf,inf,1124.2962243110132,inf
11,123,inf,inf,inf,469.07995054148284,inf
11,124,inf,inf,inf,809.4596963407134,inf
11,125,inf,inf,inf,1346.5975642336502,inf
11,126,inf,inf,inf,1454.1980607881444,inf
11,127,inf,inf,inf,553.0226035163481,inf
11,128,inf,inf,inf,607.9712164239356,inf
11,129,inf,inf,inf,955.3554312401222,inf
12,13,inf,inf,inf,525.2389932211812,inf
12,14,inf,inf,inf,817.3450923569554,inf
12,15,inf,inf,inf,776.2280592712427,inf
12,16,inf,inf,inf,1050.5831713862544,inf
12,17,inf,inf,inf,528.2773892568184,inf
12,18,inf,inf,inf,595.4040644805845,inf
12,19,inf,inf,inf,920.5270229602171,inf
12,20,inf,inf,inf,585.1922760939348,inf
12,21,inf,inf,inf,378.1137395017536,inf
12,22,inf,inf,inf,1070.4190768105732,inf
12,23,inf,inf,inf,899.2002001779136,inf
12,24,inf,inf,inf,504.7226961411583,inf
12,25,inf,inf,inf,498.62310415783986,inf
12,26,inf,inf,inf,789.4327077085164,inf
12,27,inf,inf,inf,422.6925596695546,inf
12,28,inf,inf,inf,1006.5709115606312,inf
12,29,inf,inf,inf,967.5246766878869,inf
12,30,inf,inf,inf,1008.4145972763386,inf
12,31,inf,inf,inf,825.6736643492997,inf
12,32,inf,inf,inf,908.2317986065011,inf
12,33,inf,inf,inf,976.0737677040604,inf
12,34,inf,inf,inf,703.4543339833795,inf
12,35,inf,inf,inf,717.0411424737077,inf
12,36,inf,inf,inf,692.7654725807284,inf
12,37,inf,inf,inf,645.1798198951979,inf
12,38,inf,inf,inf,1013.1475706924437,inf
12,39,inf,inf,inf,541.8533011803103,inf
12,40,inf,inf,inf,654.5914756548545,inf
12,41,inf,inf,inf,979.3635688547946,inf
12,42,inf,inf,inf,593.219183776115,inf
12,43,inf,inf,inf,948.4439888575392,inf
12,44,inf,inf,inf,1006.0019880696061,inf
12,45,inf,inf,inf,929.2066508586774,inf
12,46,inf,inf,inf,366.3945960300179,inf
12,47,inf,inf,inf,577.041592954962,inf
12,48,inf,inf,inf,404.96913462633177,inf
12,49,inf,inf,inf,409.56562355744654,inf
12,50,inf,inf,inf,744.2345060530316,inf
12,51,inf,inf,inf,176.50212463310464,inf
12,52,inf,inf,inf,626.1988502065458,inf
12,53,inf,inf,inf,375.3531670307312,inf
12,54,inf,inf,inf,799.6255373610825,inf
12,55,inf,inf,inf,606.8714855716983,inf
12,56,inf,inf,inf,1094.627790621086,inf
12,57,inf,inf,inf,854.2247947700886,inf
12,58,inf,inf,inf,787.068612002791,inf
12,59,inf,inf,inf,273.0,inf
12,60,inf,inf,inf,513.3906894364175,inf
12,61,inf,inf,inf,766.550715869472,inf
12,62,inf,inf,inf,467.24725788387457,inf
12,63,inf,inf,inf,165.0272704737008,inf
12,64,inf,inf,inf,450.0322210686697,inf
12,65,inf,inf,inf,446.6587063967297,inf
12,66,inf,inf,inf,389.08225351460067,inf
12,67,inf,inf,inf,963.3882913965687,inf
12,68,inf,inf,inf,661.0370640138116,inf
12,69,inf,inf,inf,596.2717501274062,inf
12,70,inf,inf,inf,629.0,inf
12,71,inf,inf,inf,403.09056054440174,inf
12,72,inf,inf,inf,244.23349483639626,inf
12,73,inf,inf,inf,282.3473038652928,inf
12,74,inf,inf,inf,330.9153970428091,inf
12,75,inf,inf,inf,333.325666578498,inf
12,76,inf,inf,inf,941.5434137627431,inf
12,77,inf,inf,inf,851.782249169352,inf
12,78,inf,inf,inf,747.0595692446486,inf
12,79,inf,inf,inf,413.3206987316266,inf
12,80,inf,inf,inf,88.54942122905152,inf
12,81,inf,inf,inf,952.6069493762892,inf
12,82,inf,inf,inf,958.9410826531524,inf
12,83,inf,inf,inf,654.1016740538125,inf
12,84,inf,inf,inf,811.9753690845554,inf
12,85,inf,inf,inf,750.4725178179411,inf
12,86,inf,inf,inf,408.27074350239695,inf
12,87,inf,inf,inf,685.5960910040255,inf
12,88,inf,inf,inf,387.62094886628614,inf
12,89,inf,inf,inf,464.2843956025229,inf
12,90,inf,inf,inf,753.7771553980659,inf
12,91,inf,inf,inf,388.19067479783695,inf
12,92,inf,inf,inf,1044.4213709035257,inf
12,93,inf,inf,inf,555.5582777711084,inf
12,94,inf,inf,inf,753.0663981349852,inf
12,95,inf,inf,inf,715.8561307972434,inf
12,96,inf,inf,inf,1042.2000767606958,inf
12,97,inf,inf,inf,646.7433803294781,inf
12,98,inf,inf,inf,1065.966697416012,inf
12,99,inf,inf,inf,547.4029594366475,inf
12,100,inf,inf,inf,607.420776727303,inf
12,101,inf,inf,inf,574.6555490030528,inf
12,102,inf,inf,inf,660.2734282098592,inf
12,103,inf,inf,inf,1012.1388244702404,inf
12,104,inf,inf,inf,441.74426991190273,inf
12,105,inf,inf,inf,1011.5937919936046,inf
12,106,inf,inf,inf,678.1600106169635,inf
12,107,inf,inf,inf,174.4706279005151,inf
12,108,inf,inf,inf,492.8782811201971,inf
12,109,inf,inf,inf,841.7244204607587,inf
12,110,inf,inf,inf,831.8034623635562,inf
12,111,inf,inf,inf,609.476004449724,inf
12,112,inf,inf,inf,1011.1775313959463,inf
12,113,inf,inf,inf,730.9404900537389,inf
12,114,inf,inf,inf,400.0799920015996,inf
12,115,inf,inf,inf,463.1684358848301,inf
12,116,inf,inf,inf,1100.3644850684705,inf
12,117,inf,inf,inf,1017.7278614639574,inf
12,118,inf,inf,inf,740.6915687382974,inf
12,119,inf,inf,inf,526.2945943100689,inf
12,120,inf,inf,inf,744.696582508608,inf
12,121,inf,inf,inf,577.1464285603785,inf
12,122,inf,inf,inf,441.9773749865484,inf
12,123,inf,inf,inf,751.080554934023,inf
12,124,inf,inf,inf,326.5348373451139,inf
12,125,inf,inf,inf,882.7032343885458,inf
12,126,inf,inf,inf,769.8896024755758,inf
12,127,inf,inf,inf,555.2548964214543,inf
12,128,inf,inf,inf,461.52464722915937,inf
12,129,inf,inf,inf,907.093159493555,inf
13,14,inf,inf,inf,533.2588489654906,inf
13,15,inf,inf,inf,526.1577710155007,inf
13,16,inf,inf,inf,870.7933164649347,inf
13,17,inf,inf,inf,432.7597485903697,inf
13,18,inf,inf,inf,676.4924242000054,inf
13,19,inf,inf,inf,396.547601177967,inf
13,20,inf,inf,inf,187.38729946290383,inf
13,21,inf,inf,inf,242.85386552410483,inf
13,22,inf,inf,inf,579.2969877359972,inf
13,23,inf,inf,inf,400.37107787651195,inf
13,24,inf,inf,inf,500.9361236724698,inf
13,25,inf,inf,inf,72.94518489934754,inf
13,26,inf,inf,inf,340.84600628436294,inf
13,27,inf,inf,inf,265.41476974727686,inf
13,28,inf,inf,inf,481.88484101494623,inf
13,29,inf,inf,inf,974.4434308876016,inf
13,30,inf,inf,inf,494.00404856640597,inf
13,31,inf,inf,inf,831.3633381380249,inf
13,32,inf,inf,inf,876.5483443598533,inf
13,33,inf,inf,inf,450.8347812669293,inf
13,34,inf,inf,inf,728.3323417231999,inf
13,35,inf,inf,inf,438.36970698258796,inf
13,36,inf,inf,inf,908.140958221795,inf
13,37,inf,inf,inf,570.8984147814741,inf
13,38,inf,inf,inf,874.0022883265237,inf
13,39,inf,inf,inf,36.6742416417845,inf
13,40,inf,inf,inf,553.2612402834668,inf
13,41,inf,inf,inf,468.4709169201435,inf
13,42,inf,inf,inf,619.0032310093382,inf
13,43,inf,inf,inf,448.02008883531107,inf
13,44,inf,inf,inf,813.9410298049853,inf
13,45,inf,inf,inf,448.13502429513363,inf
13,46,inf,inf,inf,842.5847138418783,inf
13,47,inf,inf,inf,1015.7977160832761,inf
13,48,inf,inf,inf,292.4995726492605,inf
13,49,inf,inf,inf,347.84479297525786,inf
13,50,inf,inf,inf,842.5894611256422,inf
13,51,inf,inf,inf,370.87059737865445,inf
13,52,inf,inf,inf,279.25078334715556,inf
13,53,inf,inf,inf,258.4917793663853,inf
13,54,inf,inf,inf,462.0140690498505,inf
13,55,inf,inf,inf,594.821822061027,inf
13,56,inf,inf,inf,753.4414376711703,inf
13,57,inf,inf,inf,930.1053703747764,inf
13,58,inf,inf,inf,451.00443456799843,inf
13,59,inf,inf,inf,425.61132503729266,inf
13,60,inf,inf,inf,671.4238601658419,inf
13,61,inf,inf,inf,554.505184826977,inf
13,62,inf,inf,inf,727.6070367993976,inf
13,63,inf,inf,inf,474.2931582892589,inf
13,64,inf,inf,inf,964.6579704745097,inf
13,65,inf,inf,inf,673.5725647619564,inf
13,66,inf,inf,inf,883.8082371193425,inf
13,67,inf,inf,inf,695.5436722449568,inf
13,68,inf,inf,inf,373.06567786383135,inf
13,69,inf,inf,inf,136.49908424601244,inf
13,70,inf,inf,inf,689.6441111181912,inf
13,71,inf,inf,inf,925.1086422685717,inf
13,72,inf,inf,inf,372.2284244922733,inf
13,73,inf,inf,inf,276.64417579265967,inf
13,74,inf,inf,inf,303.00660058817203,inf
13,75,inf,inf,inf,687.4314511280379,inf
13,76,inf,inf,inf,611.7025420905164,inf
13,77,inf,inf,inf,459.24394389039037,inf
13,78,inf,inf,inf,301.8111992620552,inf
13,79,inf,inf,inf,213.37759957408838,inf
13,80,inf,inf,inf,438.092455995307,inf
13,81,inf,inf,inf,708.4066628709812,inf
13,82,inf,inf,inf,970.0,inf
13,83,inf,inf,inf,450.89355728375625,inf
13,84,inf,inf,inf,559.6606114423276,inf
13,85,inf,inf,inf,377.41356626385334,inf
13,86,inf,inf,inf,811.0591840303641,inf
13,87,inf,inf,inf,1035.0004830916746,inf
13,88,inf,inf,inf,880.6327270775258,inf
13,89,inf,inf,inf,978.9484153927622,inf
13,90,inf,inf,inf,687.8371900384567,inf
13,91,inf,inf,inf,889.0084364054145,inf
13,92,inf,inf,inf,896.2700485902673,inf
13,93,inf,inf,inf,65.36818798161687,inf
13,94,inf,inf,inf,458.956424946857,inf
13,95,inf,inf,inf,388.98071931652345,inf
13,96,inf,inf,inf,595.2520474555296,inf
13,97,inf,inf,inf,451.558412611259,inf
13,98,inf,inf,inf,780.7669306521633,inf
13,99,inf,inf,inf,655.0007633583338,inf
13,100,inf,inf,inf,91.23595782365635,inf
13,101,inf,inf,inf,436.8077380266975,inf
13,102,inf,inf,inf,535.2803004034429,inf
13,103,inf,inf,inf,699.4605063904609,inf
13,104,inf,inf,inf,97.86725703727473,inf
13,105,inf,inf,inf,486.38462146741443,inf
13,106,inf,inf,inf,549.1165632176833,inf
13,107,inf,inf,inf,467.1316730858656,inf
13,108,inf,inf,inf,137.78606605894515,inf
13,109,inf,inf,inf,467.60667232194197,inf
13,110,inf,inf,inf,362.27751793342077,inf
13,111,inf,inf,inf,465.29238119702757,inf
13,112,inf,inf,inf,921.6962623337473,inf
13,113,inf,inf,inf,371.06603185956,inf
13,114,inf,inf,inf,822.8948900072232,inf
13,115,inf,inf,inf,391.46519640959144,inf
13,116,inf,inf,inf,699.1609256816345,inf
13,117,inf,inf,inf,757.1538813213599,inf
13,118,inf,inf,inf,626.76630413576,inf
13,119,inf,inf,inf,196.65706191235543,inf
13,120,inf,inf,inf,349.2921413373052,inf
13,121,inf,inf,inf,239.0188277102873,inf
13,122,inf,inf,inf,768.7522357691065,inf
13,123,inf,inf,inf,443.0914126904289,inf
13,124,inf,inf,inf,359.1392487601432,inf
13,125,inf,inf,inf,985.2375348107684,inf
13,126,inf,inf,inf,1032.981122770402,inf
13,127,inf,inf,inf,191.2066944434739,inf
13,128,inf,inf,inf,180.02499826412998,inf
13,129,inf,inf,inf,724.7965231704688,inf
14,15,inf,inf,inf,55.21775076911409,inf
14,16,inf,inf,inf,346.8976794387648,inf
14,17,inf,inf,inf,305.761344842673,inf
14,18,inf,inf,inf,466.00965655230794,inf
14,19,inf,inf,inf,635.9378900490204,inf
14,20,inf,inf,inf,346.03034549010295,inf
14,21,inf,inf,inf,740.4924037422667,inf
14,22,inf,inf,inf,474.77363027025837,inf
14,23,inf,inf,inf,752.7682246216294,inf
14,24,inf,inf,inf,1018.4419472900751,inf
14,25,inf,inf,inf,476.39059604488415,inf
14,26,inf,inf,inf,288.00868042473996,inf
14,27,inf,inf,inf,406.96437190496175,inf
14,28,inf,inf,inf,671.7990771056477,inf
14,29,inf,inf,inf,558.7351787743456,inf
14,30,inf,inf,inf,531.5044684666348,inf
14,31,inf,inf,inf,457.08861285313156,inf
14,32,inf,inf,inf,452.3118393321139,inf
14,33,inf,inf,inf,628.6405968436974,inf
14,34,inf,inf,inf,423.64725893129537,inf
14,35,inf,inf,inf,105.07616285342742,inf
14,36,inf,inf,inf,713.1542610123003,inf
14,37,inf,inf,inf,279.94642344563005,inf
14,38,inf,inf,inf,369.08671067921154,inf
14,39,inf,inf,inf,497.76500479644005,inf
14,40,inf,inf,inf,1085.7849695036307,inf
14,41,inf,inf,inf,499.31553150287647,inf
14,42,inf,inf,inf,1139.543768356442,inf
14,43,inf,inf,inf,779.8108745074026,inf
14,44,inf,inf,inf,289.4563870430224,inf
14,45,inf,inf,inf,822.8365572821859,inf
14,46,inf,inf,inf,959.3080839855359,inf
14,47,inf,inf,inf,1036.3869933572112,inf
14,48,inf,inf,inf,417.0527544567953,inf
14,49,inf,inf,inf,408.1041533726409,inf
14,50,inf,inf,inf,555.8992714512225,inf
14,51,inf,inf,inf,649.3843238021688,inf
14,52,inf,inf,inf,255.16269319788896,inf
14,53,inf,inf,inf,756.0588601425156,inf
14,54,inf,inf,inf,93.05912099305473,inf
14,55,inf,inf,inf,1120.130349557586,inf
14,56,inf,inf,inf,278.9283062007153,inf
14,57,inf,inf,inf,588.9252923758667,inf
14,58,inf,inf,inf,954.5931070356626,inf
14,59,inf,inf,inf,556.4207041439058,inf
14,60,inf,inf,inf,1164.330279602828,inf
14,61,inf,inf,inf,103.40696301506973,inf
14,62,inf,inf,inf,1190.0508392501558,inf
14,63,inf,inf,inf,869.4969810183356,inf
14,64,inf,inf,inf,1128.5433088721052,inf
14,65,inf,inf,inf,1143.9427433224096,inf
14,66,inf,inf,inf,1202.591368670173,inf
14,67,inf,inf,inf,164.01219466856725,inf
14,68,inf,inf,inf,171.5488268686207,inf
14,69,inf,inf,inf,402.2449502479801,inf
14,70,inf,inf,inf,448.11605639610815,inf
14,71,inf,inf,inf,1183.2856797916554,inf
14,72,inf,inf,inf,573.1116819608549,inf
14,73,inf,inf,inf,560.4292997336952,inf
14,74,inf,inf,inf,491.07433245894657,inf
14,75,inf,inf,inf,1104.415229884123,inf
14,76,inf,inf,inf,130.6330739131557,inf
14,77,inf,inf,inf,930.7341188545738,inf
14,78,inf,inf,inf,768.1959385469308,inf
14,79,inf,inf,inf,440.32828662260613,inf
14,80,inf,inf,inf,762.3450662265743,inf
14,81,inf,inf,inf,175.5135322418189,inf
14,82,inf,inf,inf,558.8389750187437,inf
14,83,inf,inf,inf,169.06803364326444,inf
14,84,inf,inf,inf,48.25971404805462,inf
14,85,inf,inf,inf,175.56765077883796,inf
14,86,inf,inf,inf,1208.977253714891,inf
14,87,inf,inf,inf,941.7032441273631,inf
14,88,inf,inf,inf,1201.7907471768951,inf
14,89,inf,inf,inf,1140.747561908418,inf
14,90,inf,inf,inf,309.58843647655834,inf
14,91,inf,inf,inf,1198.8315144339508,inf
14,92,inf,inf,inf,383.98567681620625,inf
14,93,inf,inf,inf,587.6342399826614,inf
14,94,inf,inf,inf,976.1321631828346,inf
14,95,inf,inf,inf,144.4749113168096,inf
14,96,inf,inf,inf,351.14099732158877,inf
14,97,inf,inf,inf,984.3221017532828,inf
14,98,inf,inf,inf,258.7740327003465,inf
14,99,inf,inf,inf,1160.4193207629733,inf
14,100,inf,inf,inf,481.20369907140156,inf
14,101,inf,inf,inf,255.64428411368795,inf
14,102,inf,inf,inf,223.0022421411946,inf
14,103,inf,inf,inf,194.94101672044292,inf
14,104,inf,inf,inf,512.5007317067947,inf
14,105,inf,inf,inf,654.9297672269905,inf
14,106,inf,inf,inf,1082.3576118825054,inf
14,107,inf,inf,inf,867.9222315392088,inf
14,108,inf,inf,inf,669.4027188471824,inf
14,109,inf,inf,inf,143.85061696079026,inf
14,110,inf,inf,inf,329.31747600150226,inf
14,111,inf,inf,inf,229.4733099948663,inf
14,112,inf,inf,inf,441.4034435751493,inf
14,113,inf,inf,inf,876.2014608524686,inf
14,114,inf,inf,inf,1208.0351816068935,inf
14,115,inf,inf,inf,360.6272313622475,inf
14,116,inf,inf,inf,323.6309626719916,inf
14,117,inf,inf,inf,225.5681715136247,inf
14,118,inf,inf,inf,236.02754076590298,inf
14,119,inf,inf,inf,357.76109346881196,inf
14,120,inf,inf,inf,212.60291625469299,inf
14,121,inf,inf,inf,302.2002647252315,inf
14,122,inf,inf,inf,1205.599021233843,inf
14,123,inf,inf,inf,957.7750257758864,inf
14,124,inf,inf,inf,491.3430573438481,inf
14,125,inf,inf,inf,652.9931086925803,inf
14,126,inf,inf,inf,846.6906164591645,inf
14,127,inf,inf,inf,348.79936926548476,inf
14,128,inf,inf,inf,415.5021058911735,inf
14,129,inf,inf,inf,217.30393461693234,inf
15,16,inf,inf,inf,344.7680379617577,inf
15,17,inf,inf,inf,256.9844353263442,inf
15,18,inf,inf,inf,411.05717363889903,inf
15,19,inf,inf,inf,663.7017402418047,inf
15,20,inf,inf,inf,339.4878495616596,inf
15,21,inf,inf,inf,721.711853858588,inf
15,22,inf,inf,inf,523.1185334128394,inf
15,23,inf,inf,inf,773.6620709327814,inf
15,24,inf,inf,inf,1000.8621283673391,inf
15,25,inf,inf,inf,464.65578657754816,inf
15,26,inf,inf,inf,315.1920049747455,inf
15,27,inf,inf,inf,374.3861642742691,inf
15,28,inf,inf,inf,704.9347487533864,inf
15,29,inf,inf,inf,522.3887441360122,inf
15,30,inf,inf,inf,571.8478818706947,inf
15,31,inf,inf,inf,412.6414908852477,inf
15,32,inf,inf,inf,415.6549049391815,inf
15,33,inf,inf,inf,661.4000302388865,inf
15,34,inf,inf,inf,371.80909079795236,inf
15,35,inf,inf,inf,87.92041856133307,inf
15,36,inf,inf,inf,659.4073096349479,inf
15,37,inf,inf,inf,224.8399430706208,inf
15,38,inf,inf,inf,355.0126758300329,inf
15,39,inf,inf,inf,491.8546533275862,inf
15,40,inf,inf,inf,1075.196726185492,inf
15,41,inf,inf,inf,538.8144393016951,inf
15,42,inf,inf,inf,1122.29452462355,inf
15,43,inf,inf,inf,803.3230981367335,inf
15,44,inf,inf,inf,287.7950659757738,inf
15,45,inf,inf,inf,842.9478038407835,inf
15,46,inf,inf,inf,907.1367041411123,inf
15,47,inf,inf,inf,981.5849428348013,inf
15,48,inf,inf,inf,381.22172026263144,inf
15,49,inf,inf,inf,366.80512537313325,inf
15,50,inf,inf,inf,505.0,inf
15,51,inf,inf,inf,611.4646351180091,inf
15,52,inf,inf,inf,247.39644298170498,inf
15,53,inf,inf,inf,736.9803253818924,inf
15,54,inf,inf,inf,127.56566936288148,inf
15,55,inf,inf,inf,1104.7520083711095,inf
15,56,inf,inf,inf,326.4659247149693,inf
15,57,inf,inf,inf,543.0009208095323,inf
15,58,inf,inf,inf,958.6912954648122,inf
15,59,inf,inf,inf,511.42252590201775,inf
15,60,inf,inf,inf,1140.2613735455568,inf
15,61,inf,inf,inf,53.009433122794285,inf
15,62,inf,inf,inf,1160.8936213107556,inf
15,63,inf,inf,inf,836.0215308232199,inf
15,64,inf,inf,inf,1077.2023950957405,inf
15,65,inf,inf,inf,1116.2481802896702,inf
15,66,inf,inf,inf,1159.2191337275278,inf
15,67,inf,inf,inf,190.0026315607234,inf
15,68,inf,inf,inf,153.8440769090575,inf
15,69,inf,inf,inf,400.6419848193646,inf
15,70,inf,inf,inf,393.70674365573166,inf
15,71,inf,inf,inf,1136.158439655315,inf
15,72,inf,inf,inf,532.3645367602917,inf
15,73,inf,inf,inf,527.0237186313344,inf
15,74,inf,inf,inf,454.12883634492977,inf
15,75,inf,inf,inf,1070.3662924438531,inf
15,76,inf,inf,inf,183.22117781522965,inf
15,77,inf,inf,inf,940.4366007339357,inf
15,78,inf,inf,inf,776.5590769542263,inf
15,79,inf,inf,inf,412.68389840167015,inf
15,80,inf,inf,inf,724.7875550807975,inf
15,81,inf,inf,inf,189.4887859478761,inf
15,82,inf,inf,inf,521.7144813017941,inf
15,83,inf,inf,inf,122.5275479229059,inf
15,84,inf,inf,inf,37.12142238654117,inf
15,85,inf,inf,inf,194.9897433200013,inf
15,86,inf,inf,inf,1172.1727688357207,inf
15,87,inf,inf,inf,886.6769422963473,inf
15,88,inf,inf,inf,1158.5939754719943,inf
15,89,inf,inf,inf,1089.2685619258457,inf
15,90,inf,inf,inf,261.43067914841214,inf
15,91,inf,inf,inf,1154.854969249386,inf
15,92,inf,inf,inf,373.9545426920229,inf
15,93,inf,inf,inf,583.8433008950261,inf
15,94,inf,inf,inf,976.9549631380148,inf
15,95,inf,inf,inf,147.5127113166862,inf
15,96,inf,inf,inf,403.87745666229006,inf
15,97,inf,inf,inf,977.5239127509874,inf
15,98,inf,inf,inf,291.0755915565577,inf
15,99,inf,inf,inf,1138.9556619991843,inf
15,100,inf,inf,inf,482.57849102503525,inf
15,101,inf,inf,inf,207.07728026029315,inf
15,102,inf,inf,inf,167.80047675736802,inf
15,103,inf,inf,inf,238.29603437741048,inf
15,104,inf,inf,inf,495.5522172284168,inf
15,105,inf,inf,inf,689.2923907892789,inf
15,106,inf,inf,inf,1073.5012808562456,inf
15,107,inf,inf,inf,835.0149699256895,inf
15,108,inf,inf,inf,659.7764773012145,inf
15,109,inf,inf,inf,187.21645226849054,inf
15,110,inf,inf,inf,361.2658301029866,inf
15,111,inf,inf,inf,178.23860412379804,inf
15,112,inf,inf,inf,418.5235955116509,inf
15,113,inf,inf,inf,879.4361830172784,inf
15,114,inf,inf,inf,1170.019657954515,inf
15,115,inf,inf,inf,315.41242841714404,inf
15,116,inf,inf,inf,378.549864614954,inf
15,117,inf,inf,inf,248.8051446413438,inf
15,118,inf,inf,inf,186.18807695446023,inf
15,119,inf,inf,inf,340.93987739776054,inf
15,120,inf,inf,inf,231.70886905770354,inf
15,121,inf,inf,inf,288.9013672518702,inf
15,122,inf,inf,inf,1173.020886429564,inf
15,123,inf,inf,inf,959.2205168781577,inf
15,124,inf,inf,inf,449.694340635948,inf
15,125,inf,inf,inf,607.0131794285854,inf
15,126,inf,inf,inf,793.3574226034568,inf
15,127,inf,inf,inf,336.78776699874356,inf
15,128,inf,inf,inf,393.54415254199876,inf
15,129,inf,inf,inf,202.27703774773843,inf
16,17,inf,inf,inf,530.6901167348041,inf
16,18,inf,inf,inf,519.5969591904864,inf
16,19,inf,inf,inf,967.4114946598474,inf
16,20,inf,inf,inf,684.2550694002931,inf
16,21,inf,inf,inf,1058.0004725896865,inf
16,22,inf,inf,inf,738.3034606447405,inf
16,23,inf,inf,inf,1093.0626697495436,inf
16,24,inf,inf,inf,1337.2097815974873,inf
16,25,inf,inf,inf,808.1150908131837,inf
16,26,inf,inf,inf,627.1275787270083,inf
16,27,inf,inf,inf,693.9697399743018,inf
16,28,inf,inf,inf,991.1003985469888,inf
16,29,inf,inf,inf,348.0359176866664,inf
16,30,inf,inf,inf,832.3250566935973,inf
16,31,inf,inf,inf,347.75278575447817,inf
16,32,inf,inf,inf,275.5358415887124,inf
16,33,inf,inf,inf,949.7394379512731,inf
16,34,inf,inf,inf,415.7078300922416,inf
16,35,inf,inf,inf,432.681175925184,inf
16,36,inf,inf,inf,680.917763022819,inf
16,37,inf,inf,inf,406.0197039553622,inf
16,38,inf,inf,inf,79.07591289387686,inf
16,39,inf,inf,inf,836.6122160236486,inf
16,40,inf,inf,inf,1417.8804604056013,inf
16,41,inf,inf,inf,804.573178772447,inf
16,42,inf,inf,inf,1458.641148466613,inf
16,43,inf,inf,inf,1116.6561691048862,inf
16,44,inf,inf,inf,57.48912940721924,inf
16,45,inf,inf,inf,1163.6537285636136,inf
16,46,inf,inf,inf,1084.7349906774466,inf
16,47,inf,inf,inf,1093.284958279405,inf
16,48,inf,inf,inf,692.4774364555137,inf
16,49,inf,inf,inf,661.5353354130073,inf
16,50,inf,inf,inf,495.5501992734944,inf
16,51,inf,inf,inf,905.3938369571554,inf
16,52,inf,inf,inf,592.1570737566174,inf
16,53,inf,inf,inf,1072.7930834974654,inf
16,54,inf,inf,inf,435.6902569486722,inf
16,55,inf,inf,inf,1443.349576505983,inf
16,56,inf,inf,inf,334.0134727821619,inf
16,57,inf,inf,inf,458.3939353874569,inf
16,58,inf,inf,inf,1300.815897811831,inf
16,59,inf,inf,inf,777.7878888231676,inf
16,60,inf,inf,inf,1465.225238657866,inf
16,61,inf,inf,inf,319.88279103446627,inf
16,62,inf,inf,inf,1473.4330660060539,inf
16,63,inf,inf,inf,1139.6266932640706,inf
16,64,inf,inf,inf,1259.8825342070586,inf
16,65,inf,inf,inf,1433.0488477368801,inf
16,66,inf,inf,inf,1411.283104129005,inf
16,67,inf,inf,inf,213.35885264033456,inf
16,68,inf,inf,inf,497.86042220686716,inf
16,69,inf,inf,inf,744.7986305035745,inf
16,70,inf,inf,inf,485.3720222674562,inf
16,71,inf,inf,inf,1361.409930917209,inf
16,72,inf,inf,inf,818.4161533107714,inf
16,73,inf,inf,inf,838.513565781735,inf
16,74,inf,inf,inf,758.2216034906945,inf
16,75,inf,inf,inf,1368.3862758738849,inf
16,76,inf,inf,inf,339.01179920468843,inf
16,77,inf,inf,inf,1277.524168068847,inf
16,78,inf,inf,inf,1115.0932696416028,inf
16,79,inf,inf,inf,740.4788990916621,inf
16,80,inf,inf,inf,1016.4133017626245,inf
16,81,inf,inf,inf,180.06943105369106,inf
16,82,inf,inf,inf,354.1934499676695,inf
16,83,inf,inf,inf,435.5157861662422,inf
16,84,inf,inf,inf,312.61637832973497,inf
16,85,inf,inf,inf,521.9137859838538,inf
16,86,inf,inf,inf,1458.087788852235,inf
16,87,inf,inf,inf,936.9615787213476,inf
16,88,inf,inf,inf,1411.773707079148,inf
16,89,inf,inf,inf,1269.655465077042,inf
16,90,inf,inf,inf,312.64196775225173,inf
16,91,inf,inf,inf,1403.1026334520222,inf
16,92,inf,inf,inf,61.814237842102365,inf
16,93,inf,inf,inf,928.5687912050458,inf
16,94,inf,inf,inf,1320.8118715396224,inf
16,95,inf,inf,inf,488.082984747471,inf
16,96,inf,inf,inf,589.733838269435,inf
16,97,inf,inf,inf,1321.9198160251626,inf
16,98,inf,inf,inf,213.00234740490538,inf
16,99,inf,inf,inf,1468.8856320353875,inf
16,100,inf,inf,inf,825.8117218833843,inf
16,101,inf,inf,inf,492.0,inf
16,102,inf,inf,inf,393.72071319655004,inf
16,103,inf,inf,inf,279.89283663573815,inf
16,104,inf,inf,inf,835.4956612694048,inf
16,105,inf,inf,inf,971.2965561557397,inf
16,106,inf,inf,inf,1417.1083233119477,inf
16,107,inf,inf,inf,1140.4494727957044,inf
16,108,inf,inf,inf,1003.5706253174213,inf
16,109,inf,inf,inf,468.0010683748489,inf
16,110,inf,inf,inf,660.5240343848209,inf
16,111,inf,inf,inf,455.1219616762083,inf
16,112,inf,inf,inf,171.1286066091815,inf
16,113,inf,inf,inf,1222.0675104101247,inf
16,114,inf,inf,inf,1450.6374460905108,inf
16,115,inf,inf,inf,598.9073384088728,inf
16,116,inf,inf,inf,475.76990236878163,inf
16,117,inf,inf,inf,172.93062192682936,inf
16,118,inf,inf,inf,310.01451578918045,inf
16,119,inf,inf,inf,682.5547597079666,inf
16,120,inf,inf,inf,558.6215176664787,inf
16,121,inf,inf,inf,632.7187368807723,inf
16,122,inf,inf,inf,1474.9471176960888,inf
16,123,inf,inf,inf,1302.8111912322522,inf
16,124,inf,inf,inf,736.8174807915458,inf
16,125,inf,inf,inf,511.2827006656885,inf
16,126,inf,inf,inf,789.8385911058031,inf
16,127,inf,inf,inf,680.7297554830404,inf
16,128,inf,inf,inf,729.8355979259986,inf
16,129,inf,inf,inf,150.8409758653132,inf
17,18,inf,inf,inf,256.1347301714471,inf
17,19,inf,inf,inf,718.2012252843906,inf
17,20,inf,inf,inf,294.11052344314373,inf
17,21,inf,inf,inf,555.7814318596835,inf
17,22,inf,inf,inf,694.0806869521728,inf
17,23,inf,inf,inf,786.8227246337004,inf
17,24,inf,inf,inf,828.7255275421411,inf
17,25,inf,inf,inf,359.83607378916304,inf
17,26,inf,inf,inf,417.8241256796931,inf
17,27,inf,inf,inf,184.2878183711555,inf
17,28,inf,inf,inf,783.1270650411719,inf
17,29,inf,inf,inf,548.2490310068956,inf
17,30,inf,inf,inf,696.1415086029564,inf
17,31,inf,inf,inf,401.78103489338565,inf
17,32,inf,inf,inf,456.85884034349164,inf
17,33,inf,inf,inf,740.689543601096,inf
17,34,inf,inf,inf,295.5757094214611,inf
17,35,inf,inf,inf,222.82953125651906,inf
17,36,inf,inf,inf,509.0628644872851,inf
17,37,inf,inf,inf,147.20054347725758,inf
17,38,inf,inf,inf,505.0990001969911,inf
17,39,inf,inf,inf,409.66327636242914,inf
17,40,inf,inf,inf,929.7704017659413,inf
17,41,inf,inf,inf,661.4846937004666,inf
17,42,inf,inf,inf,948.5578527427834,inf
17,43,inf,inf,inf,827.4206910635,inf
17,44,inf,inf,inf,482.2955525401411,inf
17,45,inf,inf,inf,848.1473928510303,inf
17,46,inf,inf,inf,656.7389131154024,inf
17,47,inf,inf,inf,752.8771480128747,inf
17,48,inf,inf,inf,172.03778654702577,inf
17,49,inf,inf,inf,131.89768762188365,inf
17,50,inf,inf,inf,413.6496101775028,inf
17,51,inf,inf,inf,375.0333318519835,inf
17,52,inf,inf,inf,242.7385424690525,inf
17,53,inf,inf,inf,568.8980576518081,inf
17,54,inf,inf,inf,321.0763149159402,inf
17,55,inf,inf,inf,938.8556864609171,inf
17,56,inf,inf,inf,583.2915223110996,inf
17,57,inf,inf,inf,497.4706021464987,inf
17,58,inf,inf,inf,882.2663996775577,inf
17,59,inf,inf,inf,257.70137756713683,inf
17,60,inf,inf,inf,940.3983198623869,inf
17,61,inf,inf,inf,239.49321493520438,inf
17,62,inf,inf,inf,943.2311487647129,inf
17,63,inf,inf,inf,608.9375994303522,inf
17,64,inf,inf,inf,823.9854367645098,inf
17,65,inf,inf,inf,904.0116149696308,inf
17,66,inf,inf,inf,905.7372687485041,inf
17,67,inf,inf,inf,437.77848279695064,inf
17,68,inf,inf,inf,197.46645284705957,inf
17,69,inf,inf,inf,358.50383540486706,inf
17,70,inf,inf,inf,262.2403477728017,inf
17,71,inf,inf,inf,879.2752697534487,inf
17,72,inf,inf,inf,289.1729586251107,inf
17,73,inf,inf,inf,311.6809265899984,inf
17,74,inf,inf,inf,229.5822292774421,inf
17,75,inf,inf,inf,838.4515489877755,inf
17,76,inf,inf,inf,436.1387393937851,inf
17,77,inf,inf,inf,890.8714834363035,inf
17,78,inf,inf,inf,729.8664261356321,inf
17,79,inf,inf,inf,239.7602969634464,inf
17,80,inf,inf,inf,486.92504556656354,inf
17,81,inf,inf,inf,424.6987167392904,inf
17,82,inf,inf,inf,542.9152788419202,inf
17,83,inf,inf,inf,136.8575902169843,inf
17,84,inf,inf,inf,290.1465147128257,inf
17,85,inf,inf,inf,316.2941668763431,inf
17,86,inf,inf,inf,932.0193131046159,inf
17,87,inf,inf,inf,694.1361537911708,inf
17,88,inf,inf,inf,905.3667765055221,inf
17,89,inf,inf,inf,836.4024151088996,inf
17,90,inf,inf,inf,270.27578507887085,inf
17,91,inf,inf,inf,900.5603810961262,inf
17,92,inf,inf,inf,534.0608579553458,inf
17,93,inf,inf,inf,498.1244824338591,inf
17,94,inf,inf,inf,884.8231461710301,inf
17,95,inf,inf,inf,256.8598839834668,inf
17,96,inf,inf,inf,609.4144730805135,inf
17,97,inf,inf,inf,851.4740160451169,inf
17,98,inf,inf,inf,540.6163149591399,inf
17,99,inf,inf,inf,948.692257794908,inf
17,100,inf,inf,inf,436.0974661701212,inf
17,101,inf,inf,inf,50.11985634456667,inf
17,102,inf,inf,inf,137.31715115017496,inf
17,103,inf,inf,inf,495.0838312851673,inf
17,104,inf,inf,inf,360.17356926904006,inf
17,105,inf,inf,inf,774.7315664151035,inf
17,106,inf,inf,inf,935.4464174927391,inf
17,107,inf,inf,inf,609.8204653830503,inf
17,108,inf,inf,inf,539.1864241614397,inf
17,109,inf,inf,inf,379.75913418902775,inf
17,110,inf,inf,inf,472.5970799740515,inf
17,111,inf,inf,inf,81.58431221748455,inf
17,112,inf,inf,inf,526.479819176386,inf
17,113,inf,inf,inf,802.7857746622071,inf
17,114,inf,inf,inf,926.9072229732596,inf
17,115,inf,inf,inf,68.24954212300622,inf
17,116,inf,inf,inf,620.7970682920467,inf
17,117,inf,inf,inf,490.24993625700756,inf
17,118,inf,inf,inf,228.81652038259824,inf
17,119,inf,inf,inf,245.73359558676546,inf
17,120,inf,inf,inf,334.0808285430339,inf
17,121,inf,inf,inf,235.1276249188938,inf
17,122,inf,inf,inf,944.5448639424175,inf
17,123,inf,inf,inf,870.648608796913,inf
17,124,inf,inf,inf,206.6204249342257,inf
17,125,inf,inf,inf,553.5070008590677,inf
17,126,inf,inf,inf,642.9533420085784,inf
17,127,inf,inf,inf,266.7901797293146,inf
17,128,inf,inf,inf,254.62914208707534,inf
17,129,inf,inf,inf,382.69700808864445,inf
18,19,inf,inf,inf,973.2851586251585,inf
18,20,inf,inf,inf,550.1454353168806,inf
18,21,inf,inf,inf,753.6391709564996,inf
18,22,inf,inf,inf,918.1508590640211,inf
18,23,inf,inf,inf,1042.4610304467021,inf
18,24,inf,inf,inf,1006.1972967564562,inf
18,25,inf,inf,inf,604.1696781534141,inf
18,26,inf,inf,inf,659.310245635543,inf
18,27,inf,inf,inf,412.56393443925754,inf
18,28,inf,inf,inf,1036.0390919265546,inf
18,29,inf,inf,inf,372.38958094984343,inf
18,30,inf,inf,inf,938.2718156270068,inf
18,31,inf,inf,inf,231.38928237928394,inf
18,32,inf,inf,inf,317.7876649588527,inf
18,33,inf,inf,inf,993.1455079695019,inf
18,34,inf,inf,inf,113.03981599418853,inf
18,35,inf,inf,inf,426.9543301103761,inf
18,36,inf,inf,inf,258.2750471880704,inf
18,37,inf,inf,inf,186.49664876345634,inf
18,38,inf,inf,inf,460.66256631074333,inf
18,39,inf,inf,inf,657.4595044563581,inf
18,40,inf,inf,inf,1126.5132045386774,inf
18,41,inf,inf,inf,903.6000221336872,inf
18,42,inf,inf,inf,1119.9415163302056,inf
18,43,inf,inf,inf,1083.4205093129815,inf
18,44,inf,inf,inf,492.603288661373,inf
18,45,inf,inf,inf,1102.9836807496292,inf
18,46,inf,inf,inf,565.4069331021684,inf
18,47,inf,inf,inf,588.952459881101,inf
18,48,inf,inf,inf,388.672098303956,inf
18,49,inf,inf,inf,333.36166546260233,inf
18,50,inf,inf,inf,170.8010538609174,inf
18,51,inf,inf,inf,500.6845314167395,inf
18,52,inf,inf,inf,495.01616135233405,inf
18,53,inf,inf,inf,764.0549718443039,inf
18,54,inf,inf,inf,520.8886637276722,inf
18,55,inf,inf,inf,1118.138184662343,inf
18,56,inf,inf,inf,705.7279929264532,inf
18,57,inf,inf,inf,273.17759791022394,inf
18,58,inf,inf,inf,1118.2150955876066,inf
18,59,inf,inf,inf,351.8820825219721,inf
18,60,inf,inf,inf,1081.6228547881187,inf
18,61,inf,inf,inf,365.2752386899501,inf
18,62,inf,inf,inf,1056.9929044227308,inf
18,63,inf,inf,inf,725.1620508548417,inf
18,64,inf,inf,inf,740.4383836620033,inf
18,65,inf,inf,inf,1028.5300190077098,inf
18,66,inf,inf,inf,916.25815139621,inf
18,67,inf,inf,inf,531.5496213901389,inf
18,68,inf,inf,inf,430.7806866608576,inf
18,69,inf,inf,inf,613.8680640007265,inf
18,70,1.0,36.4142,36.41421356237309,36.013886210738214,1.0111159164909982
18,71,inf,inf,inf,851.3988489538848,inf
18,72,inf,inf,inf,416.3892409753163,inf
18,73,inf,inf,inf,487.2309513977945,inf
18,74,inf,inf,inf,411.4328620808017,inf
18,75,inf,inf,inf,928.6140210011907,inf
18,76,inf,inf,inf,585.8958951895806,inf
18,77,inf,inf,inf,1135.4615801514378,inf
18,78,inf,inf,inf,977.5581824116659,inf
18,79,inf,inf,inf,467.7991021795574,inf
18,80,inf,inf,inf,591.6223457578322,inf
18,81,inf,inf,inf,500.2579334703249,inf
18,82,inf,inf,inf,364.00274724238005,inf
18,83,inf,inf,inf,335.6799070543246,inf
18,84,inf,inf,inf,427.9556051741816,inf
18,85,inf,inf,inf,545.4768556043418,inf
18,86,inf,inf,inf,996.3578674351902,inf
18,87,inf,inf,inf,475.75203625418146,inf
18,88,inf,inf,inf,917.5903225296134,inf
18,89,inf,inf,inf,750.1053259376313,inf
18,90,inf,inf,inf,210.6608648990125,inf
18,91,inf,inf,inf,905.4645216682982,inf
18,92,inf,inf,inf,493.19570152222536,inf
18,93,inf,inf,inf,741.3211180048764,inf
18,94,inf,inf,inf,1114.2374073777994,inf
18,95,inf,inf,inf,481.8049397837262,inf
18,96,inf,inf,inf,811.7986203486676,inf
18,97,inf,inf,inf,1063.8331636116634,inf
18,98,inf,inf,inf,623.5006014431742,inf
18,99,inf,inf,inf,1101.869320745432,inf
18,100,inf,inf,inf,689.5288246331694,inf
18,101,inf,inf,inf,278.21754078418564,inf
18,102,inf,inf,inf,245.7173172570464,inf
18,103,inf,inf,inf,613.1794190936288,inf
18,104,inf,inf,inf,593.0160200196956,inf
18,105,inf,inf,inf,1026.498904042279,inf
18,106,inf,inf,inf,1137.4256019626075,inf
18,107,inf,inf,inf,729.6971974730341,inf
18,108,inf,inf,inf,766.9087299020659,inf
18,109,inf,inf,inf,584.4193699733095,inf
18,110,inf,inf,inf,713.7653676103934,inf
18,111,inf,inf,inf,274.0602123621742,inf
18,112,inf,inf,inf,433.09352338727024,inf
18,113,inf,inf,inf,1040.219207667307,inf
18,114,inf,inf,inf,982.369584219707,inf
18,115,inf,inf,inf,285.112258592997,inf
18,116,inf,inf,inf,785.6436851397713,inf
18,117,inf,inf,inf,562.8001421463929,inf
18,118,inf,inf,inf,250.3797116381437,inf
18,119,inf,inf,inf,499.1913460788358,inf
18,120,inf,inf,inf,570.7933075991693,inf
18,121,inf,inf,inf,491.20260585628006,inf
18,122,inf,inf,inf,1037.336011136218,inf
18,123,inf,inf,inf,1101.9255873242985,inf
18,124,inf,inf,inf,360.58424813072463,inf
18,125,inf,inf,inf,318.1273329973393,inf
18,126,inf,inf,inf,393.91369613152574,inf
18,127,inf,inf,inf,522.0900305502873,inf
18,128,inf,inf,inf,496.6135318333563,inf
18,129,inf,inf,inf,410.64339760916647,inf
19,20,inf,inf,inf,429.19459456055597,inf
19,21,inf,inf,inf,588.992359882537,inf
19,22,inf,inf,inf,338.88198535773483,inf
19,23,inf,inf,inf,149.6963593411677,inf
19,24,inf,inf,inf,759.345112580571,inf
19,25,inf,inf,inf,438.79949863234805,inf
19,26,inf,inf,inf,348.77213191423425,inf
19,27,inf,inf,inf,609.3381655534142,inf
19,28,inf,inf,inf,87.04596486914255,inf
19,29,inf,inf,inf,1184.1190818494565,inf
19,30,inf,inf,inf,200.124960961895,inf
19,31,inf,inf,inf,1062.2151382841425,inf
19,32,inf,inf,inf,1077.6924422115987,inf
19,33,inf,inf,inf,70.21395872616783,inf
19,34,inf,inf,inf,988.5312336997754,inf
19,35,inf,inf,inf,592.6769777880696,inf
19,36,inf,inf,inf,1227.0330068910127,inf
19,37,inf,inf,inf,817.2276304677907,inf
19,38,inf,inf,inf,1002.0788392137616,inf
19,39,inf,inf,inf,386.0945480060551,inf
19,40,inf,inf,inf,730.7338776873562,inf
19,41,inf,inf,inf,203.92400545301183,inf
19,42,inf,inf,inf,851.7000645767264,inf
19,43,inf,inf,inf,154.9322432549145,inf
19,44,inf,inf,inf,912.2686007969363,inf
19,45,inf,inf,inf,215.3346233191495,inf
19,46,inf,inf,inf,1235.2137466851639,inf
19,47,inf,inf,inf,1398.3794191849363,inf
19,48,inf,inf,inf,640.1327987222651,inf
19,49,inf,inf,inf,687.6932455681094,inf
19,50,inf,inf,inf,1119.3681253278567,inf
19,51,inf,inf,inf,766.6661594201221,inf
19,52,inf,inf,inf,479.2128963206228,inf
19,53,inf,inf,inf,600.9326085344346,inf
19,54,inf,inf,inf,542.9263301774929,inf
19,55,inf,inf,inf,813.7253836522491,inf
19,56,inf,inf,inf,717.6071348586216,inf
19,57,inf,inf,inf,1183.9130035606502,inf
19,58,inf,inf,inf,468.3855249684815,inf
19,59,inf,inf,inf,802.4867600153912,inf
19,60,inf,inf,inf,955.732180058828,inf
19,61,inf,inf,inf,712.6640162096021,inf
19,62,inf,inf,inf,1043.2573987276583,inf
19,63,inf,inf,inf,851.7370486247502,inf
19,64,inf,inf,inf,1361.070534542571,inf
19,65,inf,inf,inf,985.7068529740473,inf
19,66,inf,inf,inf,1265.7017816215634,inf
19,67,inf,inf,inf,755.7334186073817,inf
19,68,inf,inf,inf,557.7741478412207,inf
19,69,inf,inf,inf,374.6811978202269,inf
19,70,inf,inf,inf,974.8010053339092,inf
19,71,inf,inf,inf,1317.2349828333593,inf
19,72,inf,inf,inf,758.4510531339514,inf
19,73,inf,inf,inf,668.2110445061501,inf
19,74,inf,inf,inf,676.5478549223255,inf
19,75,inf,inf,inf,1039.8499891811318,inf
19,76,inf,inf,inf,633.6071337982236,inf
19,77,inf,inf,inf,394.3919370372574,inf
19,78,inf,inf,inf,291.05325973092965,inf
19,79,inf,inf,inf,573.6200833304217,inf
19,80,inf,inf,inf,832.6493859962908,inf
19,81,inf,inf,inf,787.3969773881533,inf
19,82,inf,inf,inf,1182.7298930863294,inf
19,83,inf,inf,inf,660.7306561678517,inf
19,84,inf,inf,inf,681.3295825076143,inf
19,85,inf,inf,inf,469.3367660859311,inf
19,86,inf,inf,inf,1166.7908981475643,inf
19,87,inf,inf,inf,1392.1522905199704,inf
19,88,inf,inf,inf,1262.0142629938855,inf
19,89,inf,inf,inf,1375.352318498791,inf
19,90,inf,inf,inf,906.5285434005925,inf
19,91,inf,inf,inf,1272.899838950418,inf
19,92,inf,inf,inf,1013.276862461588,inf
19,93,inf,inf,inf,367.63704927550486,inf
19,94,inf,inf,inf,519.1887903258313,inf
19,95,inf,inf,inf,525.6805113374472,inf
19,96,inf,inf,inf,450.8713785549045,inf
19,97,inf,inf,inf,608.1948700868826,inf
19,98,inf,inf,inf,800.42801050438,inf
19,99,inf,inf,inf,919.9347802969513,inf
19,100,inf,inf,inf,324.8045566182839,inf
19,101,inf,inf,inf,696.6756777726634,inf
19,102,inf,inf,inf,763.089116682973,inf
19,103,inf,inf,inf,711.7056976025975,inf
19,104,inf,inf,inf,488.4096641140509,inf
19,105,inf,inf,inf,98.18350166906862,inf
19,106,inf,inf,inf,708.5598069323436,inf
19,107,inf,inf,inf,843.0717644423872,inf
19,108,inf,inf,inf,452.18690825807863,inf
19,109,inf,inf,inf,500.44979768204524,inf
19,110,inf,inf,inf,307.8652302550582,inf
19,111,inf,inf,inf,708.6698808330999,inf
19,112,inf,inf,inf,1077.3383869518434,inf
19,113,inf,inf,inf,418.11481676687805,inf
19,114,inf,inf,inf,1184.21366315374,inf
19,115,inf,inf,inf,706.7708256570867,inf
19,116,inf,inf,inf,597.9832773581549,inf
19,117,inf,inf,inf,807.4379233105168,inf
19,118,inf,inf,inf,831.7223094278522,inf
19,119,inf,inf,inf,490.1958792156458,inf
19,120,inf,inf,inf,433.60927111859587,inf
19,121,inf,inf,inf,484.0371886539298,inf
19,122,inf,inf,inf,1103.0367174305668,inf
19,123,inf,inf,inf,498.25696181789573,inf
19,124,inf,inf,inf,726.9972489631581,inf
19,125,inf,inf,inf,1245.931378527726,inf
19,126,inf,inf,inf,1360.1191124309664,inf
19,127,inf,inf,inf,461.4000433463352,inf
19,128,inf,inf,inf,523.6344144534429,inf
19,129,inf,inf,inf,852.596035646425,inf
20,21,inf,inf,inf,405.2653451752321,inf
20,22,inf,inf,inf,487.5171791844878,inf
20,23,inf,inf,inf,492.97565862829373,inf
20,24,inf,inf,inf,678.3782130935515,inf
20,25,inf,inf,inf,133.6600164596728,inf
20,26,inf,inf,inf,204.47493733951845,inf
20,27,inf,inf,inf,191.47062437878037,inf
20,28,inf,inf,inf,500.3448810570565,inf
20,29,inf,inf,inf,809.5344341039485,inf
20,30,inf,inf,inf,445.21680112053275,inf
20,31,inf,inf,inf,672.2001190121882,inf
20,32,inf,inf,inf,707.8170667623098,inf
20,33,inf,inf,inf,459.7847322389033,inf
20,34,inf,inf,inf,580.7185204554785,inf
20,35,inf,inf,inf,251.57503850740042,inf
20,36,inf,inf,inf,800.0512483585036,inf
20,37,inf,inf,inf,413.2468995648969,inf
20,38,inf,inf,inf,690.2477815973044,inf
20,39,inf,inf,inf,152.46311029229332,inf
20,40,inf,inf,inf,739.8513364183375,inf
20,41,inf,inf,inf,412.5542388583591,inf
20,42,inf,inf,inf,798.5242638768092,inf
20,43,inf,inf,inf,533.3104161742953,inf
20,44,inf,inf,inf,627.2240429065199,inf
20,45,inf,inf,inf,555.3602434456395,inf
20,46,inf,inf,inf,841.7986695166487,inf
20,47,inf,inf,inf,984.6953843702122,inf
20,48,inf,inf,inf,221.38202275704322,inf
20,49,inf,inf,inf,262.54523419784255,inf
20,50,inf,inf,inf,705.4197332085345,inf
20,51,inf,inf,inf,409.84997255093236,inf
20,52,inf,inf,inf,92.11405973031478,inf
20,53,inf,inf,inf,421.2172835960082,inf
20,54,inf,inf,inf,278.32534918688236,inf
20,55,inf,inf,inf,776.9871298805406,inf
20,56,inf,inf,inf,577.3872184245162,inf
20,57,inf,inf,inf,782.0038363077256,inf
20,58,inf,inf,inf,624.423734334306,inf
20,59,inf,inf,inf,395.6475704462243,inf
20,60,inf,inf,inf,836.4687680959762,inf
20,61,inf,inf,inf,370.4186820342624,inf
20,62,inf,inf,inf,877.7300268305739,inf
20,63,inf,inf,inf,584.4381917705242,inf
20,64,inf,inf,inf,987.0769980097804,inf
20,65,inf,inf,inf,827.1070063782557,inf
20,66,inf,inf,inf,969.4869777361633,inf
20,67,inf,inf,inf,508.82315198897936,inf
20,68,inf,inf,inf,187.72320048411703,inf
20,69,inf,inf,inf,67.60177512462228,inf
20,70,inf,inf,inf,555.6734652653481,inf
20,71,inf,inf,inf,985.4724755161861,inf
20,72,inf,inf,inf,368.7817782917155,inf
20,73,inf,inf,inf,303.00165016052307,inf
20,74,inf,inf,inf,275.835095664058,inf
20,75,inf,inf,inf,814.6115638756916,inf
20,76,inf,inf,inf,430.56474542163807,inf
20,77,inf,inf,inf,616.4746547912574,inf
20,78,inf,inf,inf,452.0973346526166,inf
20,79,inf,inf,inf,175.36248173426378,inf
20,80,inf,inf,inf,508.49680431640866,inf
20,81,inf,inf,inf,521.0470228299937,inf
20,82,inf,inf,inf,806.0434231479096,inf
20,83,inf,inf,inf,274.8035662068453,inf
20,84,inf,inf,inf,372.5077180408481,inf
20,85,inf,inf,inf,198.3053201505194,inf
20,86,inf,inf,inf,931.292113141736,inf
20,87,inf,inf,inf,964.3941103096804,inf
20,88,inf,inf,inf,967.2931303384719,inf
20,89,inf,inf,inf,1000.9445539089566,inf
20,90,inf,inf,inf,521.6991470186624,inf
20,91,inf,inf,inf,970.8522029639732,inf
20,92,inf,inf,inf,711.4731196608907,inf
20,93,inf,inf,inf,244.468811916776,inf
20,94,inf,inf,inf,639.1908948037354,inf
20,95,inf,inf,inf,202.03960007879644,inf
20,96,inf,inf,inf,461.24722221385787,inf
20,97,inf,inf,inf,638.8841835575522,inf
20,98,inf,inf,inf,596.1518262993078,inf
20,99,inf,inf,inf,826.4865395153148,inf
20,100,inf,inf,inf,151.16216457830973,inf
20,101,inf,inf,inf,281.78892810044897,inf
20,102,inf,inf,inf,368.6312520663434,inf
20,103,inf,inf,inf,517.1585830284556,inf
20,104,inf,inf,inf,180.3995565404749,inf
20,105,inf,inf,inf,495.29789016308155,inf
20,106,inf,inf,inf,736.3647194155895,inf
20,107,inf,inf,inf,579.9672404541484,inf
20,108,inf,inf,inf,323.48261158832014,inf
20,109,inf,inf,inf,293.00170647967224,inf
20,110,inf,inf,inf,247.41261083461367,inf
20,111,inf,inf,inf,302.8481467666593,inf
20,112,inf,inf,inf,742.5967950375224,inf
20,113,inf,inf,inf,544.474058151534,inf
20,114,inf,inf,inf,937.3846595715123,inf
20,115,inf,inf,inf,277.58422145359776,inf
20,116,inf,inf,inf,541.3169127230369,inf
20,117,inf,inf,inf,570.4910165813305,inf
20,118,inf,inf,inf,454.76367489059635,inf
20,119,inf,inf,inf,66.24198064671678,inf
20,120,inf,inf,inf,177.02259742756007,inf
20,121,1.0,70.1838,70.18376618407355,61.741396161732524,1.1367375949877472
20,122,inf,inf,inf,906.8417723065033,inf
20,123,inf,inf,inf,622.0128616033594,inf
20,124,inf,inf,inf,315.79265349276255,inf
20,125,inf,inf,inf,840.9809748145317,inf
20,126,inf,inf,inf,932.1051442836264,inf
20,127,inf,inf,inf,34.438350715445125,inf
20,128,inf,inf,inf,124.19742348374221,inf
20,129,inf,inf,inf,539.6072645915731,inf
21,22,inf,inf,inf,817.9981662571133,inf
21,23,inf,inf,inf,537.7889920777479,inf
21,24,inf,inf,inf,279.3796699833401,inf
21,25,inf,inf,inf,272.2223356008834,inf
21,26,inf,inf,inf,582.1151088917037,inf
21,27,inf,inf,inf,372.8230143110803,inf
21,28,inf,inf,inf,675.7403347440494,inf
21,29,inf,inf,inf,1098.672835743198,inf
21,30,inf,inf,inf,722.0540146000159,inf
21,31,inf,inf,inf,949.9584201426924,inf
21,32,inf,inf,inf,1011.6941237350349,inf
21,33,inf,inf,inf,653.3743184423458,inf
21,34,inf,inf,inf,833.0918316728355,inf
21,35,inf,inf,inf,637.7977735928529,inf
21,36,inf,inf,inf,942.648396805511,inf
21,37,inf,inf,inf,702.9516341826086,inf
21,38,inf,inf,inf,1047.8330019616676,inf
21,39,inf,inf,inf,276.8483339303309,inf
21,40,inf,inf,inf,375.3664875824692,inf
21,41,inf,inf,inf,699.9035647858925,inf
21,42,inf,inf,inf,400.8703032153916,inf
21,43,inf,inf,inf,586.4230554812797,inf
21,44,inf,inf,inf,1003.3194904914386,inf
21,45,inf,inf,inf,559.021466493014,inf
21,46,inf,inf,inf,739.1244820732161,inf
21,47,inf,inf,inf,940.2813408762295,inf
21,48,inf,inf,inf,384.2004685057008,inf
21,49,inf,inf,inf,432.45577808603736,inf
21,50,inf,inf,inf,924.1823413158249,inf
21,51,inf,inf,inf,294.0901222414653,inf
21,52,inf,inf,inf,488.7586316373349,inf
21,53,inf,inf,inf,16.0,inf
21,54,inf,inf,inf,682.0975003619351,inf
21,55,inf,inf,inf,385.9494785590466,inf
21,56,inf,inf,inf,982.6413384343242,inf
21,57,inf,inf,inf,1025.2268041755444,inf
21,58,inf,inf,inf,416.23190651366457,inf
21,59,inf,inf,inf,421.4747916542578,inf
21,60,inf,inf,inf,432.0185181216194,inf
21,61,inf,inf,inf,738.5187878449674,inf
21,62,inf,inf,inf,484.8608047677189,inf
21,63,inf,inf,inf,268.47718711279737,inf
21,64,inf,inf,inf,826.1095568990835,inf
21,65,inf,inf,inf,430.72264858026676,inf
21,66,inf,inf,inf,680.312428226914,inf
21,67,inf,inf,inf,904.4185977742828,inf
21,68,inf,inf,inf,570.087712549569,inf
21,69,inf,inf,inf,371.9811823197512,inf
21,70,inf,inf,inf,776.6009271176541,inf
21,71,inf,inf,inf,745.7533104183983,inf
21,72,inf,inf,inf,352.4769496009633,inf
21,73,inf,inf,inf,267.00187265260894,inf
21,74,inf,inf,inf,343.11076928595526,inf
21,75,inf,inf,inf,454.35668807666957,inf
21,76,inf,inf,inf,835.1299300108935,inf
21,77,inf,inf,inf,474.5366160793074,inf
21,78,inf,inf,inf,373.44879167029046,inf
21,79,inf,inf,inf,320.52457004105,inf
21,80,inf,inf,inf,293.8588096348313,inf
21,81,inf,inf,inf,910.6096858698572,inf
21,82,inf,inf,inf,1092.4696792131122,inf
21,83,inf,inf,inf,622.8169875653682,inf
21,84,inf,inf,inf,757.9353534438145,inf
21,85,inf,inf,inf,603.5337604475826,inf
21,86,inf,inf,inf,580.538543078752,inf
21,87,inf,inf,inf,1010.4296116009269,inf
21,88,inf,inf,inf,676.3017078198162,inf
21,89,inf,inf,inf,840.244012177415,inf
21,90,inf,inf,inf,826.0568987666649,inf
21,91,inf,inf,inf,689.035557863308,inf
21,92,inf,inf,inf,1073.861257332622,inf
21,93,inf,inf,inf,232.64780248263682,inf
21,94,inf,inf,inf,390.9130338067535,inf
21,95,inf,inf,inf,601.4149981501957,inf
21,96,inf,inf,inf,838.0053699111958,inf
21,97,inf,inf,inf,313.3384751351165,inf
21,98,inf,inf,inf,996.8615751447138,inf
21,99,inf,inf,inf,421.473605342019,inf
21,100,inf,inf,inf,332.28000240760804,inf
21,101,inf,inf,inf,579.493744573658,inf
21,102,inf,inf,inf,684.4508747894183,inf
21,103,inf,inf,inf,920.8023675034725,inf
21,104,inf,inf,inf,228.2805291740844,inf
21,105,inf,inf,inf,686.1661606345798,inf
21,106,inf,inf,inf,384.14710723888055,inf
21,107,inf,inf,inf,258.8010819142764,inf
21,108,inf,inf,inf,136.88316185711082,inf
21,109,inf,inf,inf,697.6890424823941,inf
21,110,inf,inf,inf,605.1289118857237,inf
21,111,inf,inf,inf,614.593361500106,inf
21,112,inf,inf,inf,1079.8379508055828,inf
21,113,inf,inf,inf,354.5645216318181,inf
21,114,inf,inf,inf,596.2365302461767,inf
21,115,inf,inf,inf,494.4461548035337,inf
21,116,inf,inf,inf,938.4668347895945,inf
21,117,inf,inf,inf,965.7846550862154,inf
21,118,inf,inf,inf,779.2932695718603,inf
21,119,inf,inf,inf,382.7322824116095,inf
21,120,inf,inf,inf,580.1456713619434,inf
21,121,inf,inf,inf,438.91229192174603,inf
21,122,inf,inf,inf,528.9102003175965,inf
21,123,inf,inf,inf,385.0246745339836,inf
21,124,inf,inf,inf,393.24928480545265,inf
21,125,inf,inf,inf,1071.67205804761,inf
21,126,inf,inf,inf,1050.7235602193375,inf
21,127,inf,inf,inf,394.06852196033117,inf
21,128,inf,inf,inf,328.6715685908959,inf
21,129,inf,inf,inf,907.5902159014277,inf
22,23,inf,inf,inf,488.28884894087025,inf
22,24,inf,inf,inf,1042.9467867537635,inf
22,25,inf,inf,inf,579.518765873893,inf
22,26,inf,inf,inf,289.110705439975,inf
22,27,inf,inf,inf,671.4238601658419,inf
22,28,inf,inf,inf,310.4126286090822,inf
22,29,inf,inf,inf,1023.2619410493093,inf
22,30,inf,inf,inf,139.64598096615597,inf
22,31,inf,inf,inf,931.3431161500041,inf
22,32,inf,inf,inf,918.8710464477592,inf
22,33,inf,inf,inf,283.28960446864266,inf
22,34,inf,inf,inf,893.8036697172372,inf
22,35,inf,inf,inf,491.1995521170596,inf
22,36,inf,inf,inf,1174.3155453284267,inf
22,37,inf,inf,inf,734.9829930005184,inf
22,38,inf,inf,inf,792.3414667932002,inf
22,39,inf,inf,inf,550.1454353168806,inf
22,40,inf,inf,inf,1042.2000767606958,inf
22,41,inf,inf,inf,138.0507153186828,inf
22,42,inf,inf,inf,1148.3422834677822,inf
22,43,inf,inf,inf,485.4492764439968,inf
22,44,inf,inf,inf,690.7568313089636,inf
22,45,inf,inf,inf,550.9718686103674,inf
22,46,inf,inf,inf,1320.173473449607,inf
22,47,inf,inf,inf,1442.9982674972275,inf
22,48,inf,inf,inf,698.6250782787574,inf
22,49,inf,inf,inf,726.8046505079615,inf
22,50,inf,inf,inf,1027.6662882473083,inf
22,51,inf,inf,inf,896.4652809785775,inf
22,52,inf,inf,inf,472.2308757377052,inf
22,53,inf,inf,inf,832.9039560477546,inf
22,54,inf,inf,inf,400.13247806195386,inf
22,55,inf,inf,inf,1114.4909151715863,inf
22,56,inf,inf,inf,431.6769625541766,inf
22,57,inf,inf,inf,1063.5774536910794,inf
22,58,inf,inf,inf,801.2952015331178,inf
22,59,inf,inf,inf,874.6210608029056,inf
22,60,inf,inf,inf,1231.1234706559696,inf
22,61,inf,inf,inf,575.7751297164544,inf
22,62,inf,inf,inf,1300.7032713113317,inf
22,63,inf,inf,inf,1049.2173273445308,inf
22,64,inf,inf,inf,1471.577384985241,inf
22,65,inf,inf,inf,1244.991967845576,inf
22,66,inf,inf,inf,1449.7185933828675,inf
22,67,inf,inf,inf,530.0735797981257,inf
22,68,inf,inf,inf,497.0120722879878,inf
22,69,inf,inf,inf,476.0556690136144,inf
22,70,inf,inf,inf,907.0534714116914,inf
22,71,inf,inf,inf,1472.2204318647396,inf
22,72,inf,inf,inf,854.9578937000348,inf
22,73,inf,inf,inf,789.4105395800084,inf
22,74,inf,inf,inf,761.0361358043388,inf
22,75,inf,inf,inf,1266.714253492081,inf
22,76,inf,inf,inf,406.7247226319049,inf
22,77,inf,inf,inf,732.4807164697239,inf
22,78,inf,inf,inf,612.4418339728272,inf
22,79,inf,inf,inf,662.7948400523347,inf
22,80,inf,inf,inf,990.4039579888603,inf
22,81,inf,inf,inf,570.1096385784053,inf
22,82,inf,inf,inf,1024.6428646118607,inf
22,83,inf,inf,inf,583.1654996654038,inf
22,84,inf,inf,inf,522.2422809386463,inf
22,85,inf,inf,inf,378.06084166440723,inf
22,86,inf,inf,inf,1389.9582727549773,inf
22,87,inf,inf,inf,1384.576830659823,inf
22,88,inf,inf,inf,1447.1230079022307,inf
22,89,inf,inf,inf,1485.2693358445129,inf
22,90,inf,inf,inf,783.9547180800687,inf
22,91,inf,inf,inf,1452.518158234175,inf
22,92,inf,inf,inf,794.1819690725797,inf
22,93,inf,inf,inf,587.5678684203212,inf
22,94,inf,inf,inf,847.9740562069102,inf
22,95,inf,inf,inf,439.76925767952446,inf
22,96,inf,inf,inf,149.96666296213968,inf
22,97,inf,inf,inf,920.4890004774636,inf
22,98,inf,inf,inf,538.6445952573923,inf
22,99,inf,inf,inf,1204.3907173338725,inf
22,100,inf,inf,inf,488.0706916011245,inf
22,101,inf,inf,inf,653.6818798161687,inf
22,102,inf,inf,inf,674.8184941152695,inf
22,103,inf,inf,inf,459.190592238125,inf
22,104,inf,inf,inf,637.7342706801949,inf
22,105,inf,inf,inf,285.56785533389433,inf
22,106,inf,inf,inf,1024.1952938771003,inf
22,107,inf,inf,inf,1042.89644740022,inf
22,108,inf,inf,inf,690.0507227733335,inf
22,109,inf,inf,inf,337.13053851586926,inf
22,110,inf,inf,inf,240.41630560342617,inf
22,111,inf,inf,inf,647.47200711691,inf
22,112,inf,inf,inf,881.2791839139286,inf
22,113,inf,inf,inf,742.9650059053926,inf
22,114,inf,inf,inf,1400.8301110413067,inf
22,115,inf,inf,inf,715.1964765013877,inf
22,116,inf,inf,inf,290.6011011679068,inf
22,117,inf,inf,inf,565.7464096218375,inf
22,118,inf,inf,inf,709.2566531235361,inf
22,119,inf,inf,inf,550.8366363995772,inf
22,120,inf,inf,inf,361.56603822815,inf
22,121,inf,inf,inf,510.00490193722646,inf
22,122,inf,inf,inf,1346.713406779631,inf
22,123,inf,inf,inf,826.879072174402,inf
22,124,inf,inf,inf,794.6269565022319,inf
22,125,inf,inf,inf,1127.632032180711,inf
22,126,inf,inf,inf,1309.7118003591477,inf
22,127,inf,inf,inf,519.7624457384354,inf
22,128,inf,inf,inf,611.594636994145,inf
22,129,inf,inf,inf,662.0370080290074,inf
23,24,inf,inf,inf,659.748436906068,inf
23,25,inf,inf,inf,460.6256614649253,inf
23,26,inf,inf,inf,466.20274559466077,inf
23,27,inf,inf,inf,650.2491830060227,inf
23,28,inf,inf,inf,199.3037882229036,inf
23,29,inf,inf,inf,1285.6861981058987,inf
23,30,inf,inf,inf,349.04011230802683,inf
23,31,inf,inf,inf,1156.056227006282,inf
23,32,inf,inf,inf,1180.4719395224945,inf
23,33,inf,inf,inf,209.45882650296693,inf
23,34,inf,inf,inf,1071.7243115652457,inf
23,35,inf,inf,inf,695.4746580573587,inf
23,36,inf,inf,inf,1288.6430847988904,inf
23,37,inf,inf,inf,901.9456746389995,inf
23,38,inf,inf,inf,1121.7865215806437,inf
23,39,inf,inf,inf,403.655793963124,inf
23,40,inf,inf,inf,609.4070888987098,inf
23,41,inf,inf,inf,353.5647041207592,inf
23,42,inf,inf,inf,740.0567545803498,inf
23,43,1.0,54.4558,54.4558441227157,49.24428900898052,1.1058306499822703
23,44,inf,inf,inf,1036.7704664003504,inf
23,45,inf,inf,inf,70.76722405181653,inf
23,46,inf,inf,inf,1237.1337841963577,inf
23,47,inf,inf,inf,1415.574088488483,inf
23,48,inf,inf,inf,680.0889647685808,inf
23,49,inf,inf,inf,732.6561267061103,inf
23,50,inf,inf,inf,1198.1268714122057,inf
23,51,inf,inf,inf,763.2037735755766,inf
23,52,inf,inf,inf,561.6903061296323,inf
23,53,inf,inf,inf,546.7586304760081,inf
23,54,inf,inf,inf,660.3029607687671,inf
23,55,inf,inf,inf,699.6056031793913,inf
23,56,inf,inf,inf,859.8238191629724,inf
23,57,inf,inf,inf,1271.6056778734514,inf
23,58,inf,inf,inf,329.75748664738455,inf
23,59,inf,inf,inf,825.6003875968082,inf
23,60,inf,inf,inf,857.4339624717463,inf
23,61,inf,inf,inf,819.3173988144033,inf
23,62,inf,inf,inf,955.2010259625981,inf
23,63,inf,inf,inf,806.2660851108647,inf
23,64,inf,inf,inf,1348.0778909247047,inf
23,65,inf,inf,inf,897.6018048110197,inf
23,66,inf,inf,inf,1216.615798023353,inf
23,67,inf,inf,inf,884.4659405539594,inf
23,68,inf,inf,inf,650.6281580134694,inf
23,69,inf,inf,inf,428.6128789478916,inf
23,70,inf,inf,inf,1048.642932556168,inf
23,71,inf,inf,inf,1282.6398559221525,inf
23,72,inf,inf,inf,772.3632565056419,inf
23,73,inf,inf,inf,675.6248959296867,inf
23,74,inf,inf,inf,701.65661117102,inf
23,75,inf,inf,inf,970.9320264570533,inf
23,76,inf,inf,inf,765.8909844096613,inf
23,77,inf,inf,inf,248.06853891616325,inf
23,78,inf,inf,inf,181.01104938649465,inf
23,79,inf,inf,inf,605.2115332675014,inf
23,80,inf,inf,inf,810.753970079703,inf
23,81,inf,inf,inf,913.3416666286499,inf
23,82,inf,inf,inf,1283.3990026488254,inf
23,83,inf,inf,inf,751.7153716666967,inf
23,84,inf,inf,inf,795.5758920429904,inf
23,85,inf,inf,inf,579.3962374748389,inf
23,86,inf,inf,inf,1097.4306356212223,inf
23,87,inf,inf,inf,1432.1749194843485,inf
23,88,inf,inf,inf,1212.4013361919394,inf
23,89,inf,inf,inf,1362.3850410218104,inf
23,90,inf,inf,inf,1001.6551302718915,inf
23,91,inf,inf,inf,1226.0672901598834,inf
23,92,inf,inf,inf,1135.4721484915426,inf
23,93,inf,inf,inf,351.00142449853394,inf
23,94,inf,inf,inf,384.87660360172583,inf
23,95,inf,inf,inf,629.0,inf
23,96,inf,inf,inf,598.7253126434525,inf
23,97,inf,inf,inf,488.94375954704645,inf
23,98,inf,inf,inf,936.6365356956774,inf
23,99,inf,inf,inf,815.9785536397387,inf
23,100,inf,inf,inf,356.74220383913087,inf
23,101,inf,inf,inf,773.5696478016702,inf
23,102,inf,inf,inf,852.2218021149189,inf
23,103,inf,inf,inf,847.4160725405201,inf
23,104,inf,inf,inf,498.2298666278448,inf
23,105,inf,inf,inf,222.00225224082752,inf
23,106,inf,inf,inf,583.9880135756213,inf
23,107,inf,inf,inf,796.5506889081197,inf
23,108,inf,inf,inf,408.0,inf
23,109,inf,inf,inf,625.460630255814,inf
23,110,inf,inf,inf,434.4951092935339,inf
23,111,inf,inf,inf,791.3242066308852,inf
23,112,inf,inf,inf,1191.799060244637,inf
23,113,inf,inf,inf,291.89210335327675,inf
23,114,inf,inf,inf,1118.3492298919869,inf
23,115,inf,inf,inf,763.3243085347145,inf
23,116,inf,inf,inf,744.8227977176854,inf
23,117,inf,inf,inf,938.9190593443079,inf
23,118,inf,inf,inf,929.2712198276669,inf
23,119,inf,inf,inf,544.3317003445601,inf
23,120,inf,inf,inf,542.3098745182499,inf
23,121,inf,inf,inf,553.4663494739315,inf
23,122,inf,inf,inf,1022.5267722656458,inf
23,123,inf,inf,inf,364.58880948268285,inf
23,124,inf,inf,inf,756.5883953643487,inf
23,125,inf,inf,inf,1331.7732539738138,inf
23,126,inf,inf,inf,1418.257028891449,inf
23,127,inf,inf,inf,520.3777474104749,inf
23,128,inf,inf,inf,561.1506036707079,inf
23,129,inf,inf,inf,969.8932930998131,inf
24,25,inf,inf,inf,544.8118941432905,inf
24,26,inf,inf,inf,839.2383451678076,inf
24,27,inf,inf,inf,648.5213951752094,inf
24,28,inf,inf,inf,839.53439476891,inf
24,29,inf,inf,inf,1363.6000146670576,inf
24,30,inf,inf,inf,928.4207020526848,inf
24,31,inf,inf,inf,1214.6019924238558,inf
24,32,inf,inf,inf,1281.090941346476,inf
24,33,inf,inf,inf,829.2315719990405,inf
24,34,inf,inf,inf,1094.6675294353076,inf
24,35,inf,inf,inf,916.4523992003076,inf
24,36,inf,inf,inf,1166.633189995896,inf
24,37,inf,inf,inf,975.1604996101923,inf
24,38,inf,inf,inf,1325.786181855883,inf
24,39,inf,inf,inf,537.4253436524929,inf
24,40,inf,inf,inf,154.05518491761322,inf
24,41,inf,inf,inf,912.9052524769479,inf
24,42,inf,inf,inf,121.49074038789952,inf
24,43,inf,inf,inf,701.2082429635293,inf
24,44,inf,inf,inf,1282.6460930435956,inf
24,45,inf,inf,inf,650.6273895249108,inf
24,46,inf,inf,inf,859.0646075819909,inf
24,47,inf,inf,inf,1075.4506032356855,inf
24,48,inf,inf,inf,656.7686046089597,inf
24,49,inf,inf,inf,700.9429363364752,inf
24,50,inf,inf,inf,1174.1379816699568,inf
24,51,inf,inf,inf,511.237713788801,inf
24,52,inf,inf,inf,764.9967320191636,inf
24,53,inf,inf,inf,264.43335644354704,inf
24,54,inf,inf,inf,956.6545876124778,inf
24,55,inf,inf,inf,111.94641575325224,inf
24,56,inf,inf,inf,1253.4452520952002,inf
24,57,inf,inf,inf,1279.361168708821,inf
24,58,inf,inf,inf,392.4589150471677,inf
24,59,inf,inf,inf,657.6229922987791,inf
24,60,inf,inf,inf,197.73972792537162,inf
24,61,inf,inf,inf,1017.8531328241811,inf
24,62,inf,inf,inf,302.07449412355226,inf
24,63,inf,inf,inf,340.64204085814185,inf
24,64,inf,inf,inf,893.940713917875,inf
24,65,inf,inf,inf,246.22144504490262,inf
24,66,inf,inf,inf,646.926580069176,inf
24,67,inf,inf,inf,1182.453381744921,inf
24,68,inf,inf,inf,848.7361191795716,inf
24,69,inf,inf,inf,636.8586970435435,inf
24,70,inf,inf,inf,1032.5889792168034,inf
24,71,inf,inf,inf,755.6460811782193,inf
24,72,inf,inf,inf,590.5565171937399,inf
24,73,inf,inf,inf,524.4320737712368,inf
24,74,inf,inf,inf,606.150146415886,inf
24,75,inf,inf,inf,363.38547026539186,inf
24,76,inf,inf,inf,1108.8214464015387,inf
24,77,inf,inf,inf,487.18169095318024,inf
24,78,inf,inf,inf,479.34225768233705,inf
24,79,inf,inf,inf,598.1412876570217,inf
24,80,inf,inf,inf,451.4000443065995,inf
24,81,inf,inf,inf,1189.521332301359,inf
24,82,inf,inf,inf,1356.8201796848396,inf
24,83,inf,inf,inf,901.8469936746477,inf
24,84,inf,inf,inf,1036.963355186672,inf
24,85,inf,inf,inf,875.2691014767972,inf
24,86,inf,inf,inf,477.1938809331067,inf
24,87,inf,inf,inf,1189.2186510478214,inf
24,88,inf,inf,inf,641.3930152410455,inf
24,89,inf,inf,inf,906.67579652266,inf
24,90,inf,inf,inf,1098.1807683619304,inf
24,91,inf,inf,inf,662.8612222780874,inf
24,92,inf,inf,inf,1352.2340773697429,inf
24,93,inf,inf,inf,467.18090714411693,inf
24,94,inf,inf,inf,336.5501448521453,inf
24,95,inf,inf,inf,877.7955342789116,inf
24,96,inf,inf,inf,1086.007366457521,inf
24,97,inf,inf,inf,201.34050759844627,inf
24,98,inf,inf,inf,1273.459854098275,inf
24,99,inf,inf,inf,161.8177987738061,inf
24,100,inf,inf,inf,581.0137692000079,inf
24,101,inf,inf,inf,855.6319302129859,inf
24,102,inf,inf,inf,960.4176174977217,inf
24,103,inf,inf,inf,1195.5291715386957,inf
24,104,inf,inf,inf,506.0405122122141,inf
24,105,inf,inf,inf,856.1594477665944,inf
24,106,inf,inf,inf,183.0027322200409,inf
24,107,inf,inf,inf,330.6433123473088,inf
24,108,inf,inf,inf,366.0874212534487,inf
24,109,inf,inf,inf,967.5045219532568,inf
24,110,inf,inf,inf,853.6380966194047,inf
24,111,inf,inf,inf,891.3102714543348,inf
24,112,inf,inf,inf,1354.864199837017,inf
24,113,inf,inf,inf,381.54029931319184,inf
24,114,inf,inf,inf,506.0839851249988,inf
24,115,inf,inf,inf,764.6829408323426,inf
24,116,inf,inf,inf,1198.3509502645709,inf
24,117,inf,inf,inf,1243.9569928257167,inf
24,118,inf,inf,inf,1055.0075829111372,inf
24,119,inf,inf,inf,661.0030257116831,inf
24,120,inf,inf,inf,849.1548739776508,inf
24,121,inf,inf,inf,716.3023104807075,inf
24,122,inf,inf,inf,380.2538625707831,inf
24,123,inf,inf,inf,346.5385981387932,inf
24,124,inf,inf,inf,649.2226120522913,inf
24,125,inf,inf,inf,1320.9844813622906,inf
24,126,inf,inf,inf,1260.206729072655,inf
24,127,inf,inf,inf,670.3737763367538,inf
24,128,inf,inf,inf,608.0476954976476,inf
24,129,inf,inf,inf,1186.6933049444579,inf
25,26,inf,inf,inf,317.4413331625231,inf
25,27,inf,inf,inf,194.58674158328466,inf
25,28,inf,inf,inf,521.1237856786043,inf
25,29,inf,inf,inf,902.4128766811785,inf
25,30,inf,inf,inf,509.82840250421515,inf
25,31,inf,inf,inf,758.8688951327496,inf
25,32,inf,inf,inf,805.164579449444,inf
25,33,inf,inf,inf,486.3589209626981,inf
25,34,inf,inf,inf,655.4029295021498,inf
25,35,inf,inf,inf,377.6413642597961,inf
25,36,inf,inf,inf,838.0507144558735,inf
25,37,inf,inf,inf,498.60004011231285,inf
25,38,inf,inf,inf,808.0921977101375,inf
25,39,inf,inf,inf,57.0087712549569,inf
25,40,inf,inf,inf,610.5939731114286,inf
25,41,inf,inf,inf,481.1319985201566,inf
25,42,inf,inf,inf,665.1345728497354,inf
25,43,inf,inf,inf,506.91320756121553,inf
25,44,inf,inf,inf,751.7213579512025,inf
25,45,inf,inf,inf,512.5621913485231,inf
25,46,inf,inf,inf,796.6555089874167,inf
25,47,inf,inf,inf,961.791037596005,inf
25,48,inf,inf,inf,222.76669409945464,inf
25,49,inf,inf,inf,277.50495491071865,inf
25,50,inf,inf,inf,769.8441400699235,inf
25,51,inf,inf,inf,332.938432746957,inf
25,52,inf,inf,inf,221.35943621178654,inf
25,53,inf,inf,inf,288.20999288713085,inf
25,54,inf,inf,inf,411.8446308985951,inf
25,55,inf,inf,inf,644.2421904842929,inf
25,56,inf,inf,inf,710.6229661360517,inf
25,57,inf,inf,inf,857.161011712502,inf
25,58,inf,inf,inf,523.3469212673368,inf
25,59,inf,inf,inf,367.1294049786805,inf
25,60,inf,inf,inf,704.0348002762363,inf
25,61,inf,inf,inf,489.71930735881756,inf
25,62,inf,inf,inf,749.4164396382027,inf
25,63,inf,inf,inf,470.9235606762524,inf
25,64,inf,inf,inf,926.970333937392,inf
25,65,inf,inf,inf,697.6023222438412,inf
25,66,inf,inf,inf,871.0281281336441,inf
25,67,inf,inf,inf,640.0562475282934,inf
25,68,inf,inf,inf,310.81344887247076,inf
25,69,inf,inf,inf,106.04244433244644,inf
25,70,inf,inf,inf,616.9246307289084,inf
25,71,inf,inf,inf,901.5747334525297,inf
25,72,inf,inf,inf,319.7889929312765,inf
25,73,inf,inf,inf,230.4886114323222,inf
25,74,inf,inf,inf,241.84705910967782,inf
25,75,inf,inf,inf,694.939565717768,inf
25,76,inf,inf,inf,564.224246200037,inf
25,77,inf,inf,inf,531.9943608723687,inf
25,78,inf,inf,inf,373.48761692993247,inf
25,79,inf,inf,inf,145.2205219657332,inf
25,80,inf,inf,inf,414.71194822430664,inf
25,81,inf,inf,inf,650.1576731839747,inf
25,82,inf,inf,inf,897.8602341121918,inf
25,83,inf,inf,inf,382.6277564422111,inf
25,84,inf,inf,inf,499.3085218579791,inf
25,85,inf,inf,inf,331.54788492765266,inf
25,86,inf,inf,inf,815.1625604749031,inf
25,87,inf,inf,inf,971.595080267495,inf
25,88,inf,inf,inf,868.2885465097418,inf
25,89,inf,inf,inf,941.1721415341616,inf
25,90,inf,inf,inf,616.2994402074369,inf
25,91,inf,inf,inf,874.5152943202309,inf
25,92,inf,inf,inf,831.2406390450361,inf
25,93,inf,inf,inf,138.31124321616085,inf
25,94,inf,inf,inf,529.5979607211493,inf
25,95,inf,inf,inf,333.80383460949037,inf
25,96,inf,inf,inf,576.8674024418436,inf
25,97,inf,inf,inf,514.511418726543,inf
25,98,inf,inf,inf,729.0816140872022,inf
25,99,inf,inf,inf,693.0548318856164,inf
25,100,inf,inf,inf,114.12712210513327,inf
25,101,inf,inf,inf,364.6834243559748,inf
25,102,inf,inf,inf,464.22623794869673,inf
25,103,inf,inf,inf,650.7303589045158,inf
25,104,inf,inf,inf,58.249463516842795,inf
25,105,inf,inf,inf,522.5294250087741,inf
25,106,inf,inf,inf,609.0205251056815,inf
25,107,inf,inf,inf,465.15051327500436,inf
25,108,inf,inf,inf,195.50959055759898,inf
25,109,inf,inf,inf,425.47032799009617,inf
25,110,inf,inf,inf,348.77213191423425,inf
25,111,inf,inf,inf,393.8857702430998,inf
25,112,inf,inf,inf,853.0797149153178,inf
25,113,inf,inf,inf,443.5414298574599,inf
25,114,inf,inf,inf,823.9714800889652,inf
25,115,inf,inf,inf,319.06112267087633,inf
25,116,inf,inf,inf,668.6830340303244,inf
25,117,inf,inf,inf,701.7300050589258,inf
25,118,inf,inf,inf,556.4970799564002,inf
25,119,inf,inf,inf,127.4401820463232,inf
25,120,inf,inf,inf,308.00649343804423,inf
25,121,inf,inf,inf,175.76404638036757,inf
25,122,inf,inf,inf,782.9744567991985,inf
25,123,inf,inf,inf,514.2343823588617,inf
25,124,inf,inf,inf,296.05742686174926,inf
25,125,inf,inf,inf,912.326695871605,inf
25,126,inf,inf,inf,964.1187686172279,inf
25,127,inf,inf,inf,128.03515142334936,inf
25,128,inf,inf,inf,107.56393447619885,inf
25,129,inf,inf,inf,660.4945117107333,inf
26,27,inf,inf,inf,382.69178198649627,inf
26,28,inf,inf,inf,391.6797160946683,inf
26,29,inf,inf,inf,836.8440714971936,inf
26,30,inf,inf,inf,279.2704782106408,inf
26,31,inf,inf,inf,719.5866869252098,inf
26,32,inf,inf,inf,730.2061352796209,inf
26,33,inf,inf,inf,347.9597677893236,inf
26,34,inf,inf,inf,656.3687987709349,inf
26,35,inf,inf,inf,248.91765706755317,inf
26,36,inf,inf,inf,917.5445493271702,inf
26,37,inf,inf,inf,487.03695958315114,inf
26,38,inf,inf,inf,656.2499523809506,inf
26,39,inf,inf,inf,305.57650433238484,inf
26,40,inf,inf,inf,874.2871381874493,inf
26,41,inf,inf,inf,244.55878638887626,inf
26,42,inf,inf,inf,955.0146595733491,inf
26,43,inf,inf,inf,491.9451188903087,inf
26,44,inf,inf,inf,570.6592678648092,inf
26,45,inf,inf,inf,536.6721531810646,inf
26,46,inf,inf,inf,1031.1571170292139,inf
26,47,inf,inf,inf,1158.1040540469583,inf
26,48,inf,inf,inf,409.59003894137857,inf
26,49,inf,inf,inf,438.2921400162225,inf
26,50,inf,inf,inf,790.0765785669133,inf
26,51,inf,inf,inf,613.6847725013225,inf
26,52,inf,inf,inf,184.36105879496353,inf
26,53,inf,inf,inf,597.9782604744089,inf
26,54,inf,inf,inf,195.0,inf
26,55,inf,inf,inf,927.7742182233778,inf
26,56,inf,inf,inf,429.66265837282157,inf
26,57,inf,inf,inf,845.1887363186994,inf
26,58,inf,inf,inf,696.5091528472544,inf
26,59,inf,inf,inf,585.5194275171406,inf
26,60,inf,inf,inf,1012.2460175273598,inf
26,61,inf,inf,inf,364.97123174299645,inf
26,62,inf,inf,inf,1064.9488250615614,inf
26,63,inf,inf,inf,785.0006369424168,inf
26,64,inf,inf,inf,1182.7649808816627,inf
26,65,inf,inf,inf,1012.0415011253244,inf
26,66,inf,inf,inf,1173.908429137469,inf
26,67,inf,inf,inf,420.75764996016414,inf
26,68,inf,inf,inf,228.60008748904713,inf
26,69,inf,inf,inf,211.98113123577767,inf
26,70,inf,inf,inf,654.31567305086,inf
26,71,inf,inf,inf,1188.7649052693303,inf
26,72,inf,inf,inf,567.3535053209771,inf
26,73,inf,inf,inf,507.1055117034324,inf
26,74,inf,inf,inf,473.1733297640517,inf
26,75,inf,inf,inf,1011.9337923006623,inf
26,76,inf,inf,inf,308.52552568628744,inf
26,77,inf,inf,inf,659.4004852894786,inf
26,78,inf,inf,inf,502.54751019182254,inf
26,79,inf,inf,inf,377.4890726895283,inf
26,80,inf,inf,inf,712.9242596517529,inf
26,81,inf,inf,inf,447.78566301300896,inf
26,82,inf,inf,inf,835.8014118198174,inf
26,83,inf,inf,inf,328.0746866187637,inf
26,84,inf,inf,inf,332.7281172368816,inf
26,85,inf,inf,inf,122.57650672131263,inf
26,86,inf,inf,inf,1131.0,inf
26,87,inf,inf,inf,1111.9361492459898,inf
26,88,inf,inf,inf,1171.686818224051,inf
26,89,inf,inf,inf,1196.4163155022586,inf
26,90,inf,inf,inf,564.2269047112163,inf
26,91,inf,inf,inf,1175.3263376611621,inf
26,92,inf,inf,inf,669.3549133307382,inf
26,93,inf,inf,inf,373.4608413207468,inf
26,94,inf,inf,inf,727.0660217614353,inf
26,95,inf,inf,inf,183.61372497719228,inf
26,96,inf,inf,inf,259.65554105391243,inf
26,97,inf,inf,inf,760.8843538935467,inf
26,98,inf,inf,inf,483.4263128957711,inf
26,99,inf,inf,inf,995.2657936450946,inf
26,100,inf,inf,inf,258.49564793241683,inf
26,101,inf,inf,inf,383.43839140075687,inf
26,102,inf,inf,inf,429.11653428876406,inf
26,103,inf,inf,inf,395.06581730137066,inf
26,104,inf,inf,inf,373.1621631409058,inf
26,105,inf,inf,inf,377.6373922163959,inf
26,106,inf,inf,inf,864.1811152761902,inf
26,107,inf,inf,inf,779.9205087699643,inf
26,108,inf,inf,inf,473.1521953874884,inf
26,109,inf,inf,inf,161.44348856488452,inf
26,110,inf,inf,inf,54.817880294662984,inf
26,111,inf,inf,inf,385.5191305240247,inf
26,112,inf,inf,inf,729.1776189653657,inf
26,113,inf,inf,inf,622.0755581117136,inf
26,114,inf,inf,inf,1138.4638773364748,inf
26,115,inf,inf,inf,430.6704076204912,inf
26,116,inf,inf,inf,359.1127956506145,inf
26,117,inf,inf,inf,477.60443884034413,inf
26,118,inf,inf,inf,488.3646178829912,inf
26,119,inf,inf,inf,264.41255643406953,inf
26,120,inf,inf,inf,90.0499861188218,inf
26,121,inf,inf,inf,220.98416232843476,inf
26,122,inf,inf,inf,1100.3581235216107,inf
26,123,inf,inf,inf,707.1986990938261,inf
26,124,inf,inf,inf,505.5581074416669,inf
26,125,inf,inf,inf,908.3242813004615,inf
26,126,inf,inf,inf,1053.0726470666684,inf
26,127,inf,inf,inf,234.4013651837378,inf
26,128,inf,inf,inf,327.9405433916337,inf
26,129,inf,inf,inf,505.2464745052656,inf
27,28,inf,inf,inf,685.3334954604218,inf
27,29,inf,inf,inf,731.8640584152223,inf
27,30,inf,inf,inf,636.5477201278785,inf
27,31,inf,inf,inf,584.5083404024274,inf
27,32,inf,inf,inf,641.1380506567989,inf
27,33,inf,inf,inf,646.2545937941177,inf
27,34,inf,inf,inf,473.4015209101044,inf
27,35,inf,inf,inf,302.6962173533062,inf
27,36,inf,inf,inf,643.4757182675971,inf
27,37,inf,inf,inf,331.25518863860833,inf
27,38,inf,inf,inf,677.9564882792995,inf
27,39,inf,inf,inf,250.3797116381437,inf
27,40,inf,inf,inf,745.8129792380929,inf
27,41,inf,inf,inf,603.675409471017,inf
27,42,inf,inf,inf,769.2203845452875,inf
27,43,inf,inf,inf,695.0028776918841,inf
27,44,inf,inf,inf,641.3930152410455,inf
27,45,inf,inf,inf,705.0957381802842,inf
27,46,inf,inf,inf,651.3033087586766,inf
27,47,inf,inf,inf,794.2304451480062,inf
27,48,inf,inf,inf,30.805843601498726,inf
27,49,inf,inf,inf,83.02409288875127,inf
27,50,inf,inf,inf,580.706466297733,inf
27,51,inf,inf,inf,247.95160818191923,inf
27,52,inf,inf,inf,206.45580640902304,inf
27,53,inf,inf,inf,386.39487574241974,inf
27,54,inf,inf,inf,378.3437590340298,inf
27,55,inf,inf,inf,757.6173176479007,inf
27,56,inf,inf,inf,678.3782130935515,inf
27,57,inf,inf,inf,672.8513951832158,inf
27,58,inf,inf,inf,706.52105418027,inf
27,59,inf,inf,inf,204.68512403201166,inf
27,60,inf,inf,inf,771.5730684776394,inf
27,61,inf,inf,inf,379.51152815164915,inf
27,62,inf,inf,inf,786.8754666400523,inf
27,63,inf,inf,inf,462.5721565334429,inf
27,64,inf,inf,inf,800.1562347441904,inf
27,65,inf,inf,inf,743.1857103039589,inf
27,66,inf,inf,inf,811.7745992577004,inf
27,67,inf,inf,inf,564.2269047112163,inf
27,68,inf,inf,inf,241.4477169078225,inf
27,69,inf,inf,inf,235.01702066020664,inf
27,70,inf,inf,inf,427.948595043844,inf
27,71,inf,inf,inf,812.6358347993275,inf
27,72,inf,inf,inf,186.60385848100785,inf
27,73,inf,inf,inf,153.46986674914396,inf
27,74,inf,inf,inf,92.9623579735368,inf
27,75,inf,inf,inf,697.4532242380129,inf
27,76,inf,inf,inf,524.6189093046495,inf
27,77,inf,inf,inf,723.2938545294022,inf
27,78,inf,inf,inf,567.2257046361703,inf
27,79,inf,inf,inf,56.4003546088143,inf
27,80,inf,inf,inf,358.73388465546435,inf
27,81,inf,inf,inf,562.0008896790112,inf
27,82,inf,inf,inf,726.2981481457873,inf
27,83,inf,inf,inf,260.83711392361323,inf
27,84,inf,inf,inf,411.4863302711282,inf
27,85,inf,inf,inf,328.4935311387425,inf
27,86,inf,inf,inf,803.1052234919158,inf
27,87,inf,inf,inf,784.6891104125251,inf
27,88,inf,inf,inf,810.2943909468953,inf
27,89,inf,inf,inf,813.8458084920018,inf
27,90,inf,inf,inf,454.0539615508271,inf
27,91,inf,inf,inf,810.5584494655521,inf
27,92,inf,inf,inf,705.0992837891697,inf
27,93,inf,inf,inf,329.548175537356,inf
27,94,inf,inf,inf,705.3353812194594,inf
27,95,inf,inf,inf,293.7839342101606,inf
27,96,inf,inf,inf,624.94799783662,inf
27,97,inf,inf,inf,667.510299546007,inf
27,98,inf,inf,inf,664.0481910223083,inf
27,99,inf,inf,inf,775.1445026574078,inf
27,100,inf,inf,inf,294.0425139329345,inf
27,101,inf,inf,inf,207.1183236703117,inf
27,102,inf,inf,inf,311.9775632958242,inf
27,103,inf,inf,inf,600.747867245486,inf
27,104,inf,inf,inf,180.96684779262748,inf
27,105,inf,inf,inf,682.2147755655839,inf
27,106,inf,inf,inf,751.1923854779147,inf
27,107,inf,inf,inf,461.15615576505104,inf
27,108,inf,inf,inf,358.05027579936313,inf
27,109,inf,inf,inf,419.03341155568967,inf
27,110,inf,inf,inf,431.6132528085763,inf
27,111,inf,inf,inf,242.87033577610913,inf
27,112,inf,inf,inf,707.0933460300698,inf
27,113,inf,inf,inf,628.0613027404252,inf
27,114,inf,inf,inf,803.5004667080163,inf
27,115,inf,inf,inf,129.79984591670362,inf
27,116,inf,inf,inf,677.6761763556397,inf
27,117,inf,inf,inf,623.099510511764,inf
27,118,inf,inf,inf,406.70997037200846,inf
27,119,inf,inf,inf,125.23977004130916,inf
27,120,inf,inf,inf,325.7299494980466,inf
27,121,inf,inf,inf,161.94134740701648,inf
27,122,inf,inf,inf,799.0625757723859,inf
27,123,inf,inf,inf,692.0527436547015,inf
27,124,inf,inf,inf,124.55520864259351,inf
27,125,inf,inf,inf,725.4488265894432,inf
27,126,inf,inf,inf,770.0551928271116,inf
27,127,inf,inf,inf,157.0636813525011,inf
27,128,inf,inf,inf,89.1403387922662,inf
27,129,inf,inf,inf,543.184130843308,inf
28,29,inf,inf,inf,1227.3210663880907,inf
28,30,inf,inf,inf,174.28998823799375,inf
28,31,inf,inf,inf,1111.1957523316942,inf
28,32,inf,inf,inf,1120.5891307700606,inf
28,33,1.0,47.9706,47.97056274847713,43.73785545725808,1.0967744588061794
28,34,inf,inf,inf,1044.192032147344,inf
28,35,inf,inf,inf,640.3444385641216,inf
28,36,inf,inf,inf,1291.967878857675,inf
28,37,inf,inf,inf,873.3132313208131,inf
28,38,inf,inf,inf,1031.5468966556973,inf
28,39,inf,inf,inf,469.7658991455212,inf
28,40,inf,inf,inf,802.9476944359452,inf
28,41,inf,inf,inf,192.5876423865249,inf
28,42,inf,inf,inf,928.2682801862832,inf
28,43,inf,inf,inf,182.20043907740728,inf
28,44,inf,inf,inf,937.5953284866558,inf
28,45,inf,inf,inf,250.3797116381437,inf
28,46,inf,inf,inf,1317.7291072143773,inf
28,47,inf,inf,inf,1477.4247865796756,inf
28,48,inf,inf,inf,716.1180070351534,inf
28,49,inf,inf,inf,761.7565227813938,inf
28,50,inf,inf,inf,1176.6809253149302,inf
28,51,inf,inf,inf,851.0428896360041,inf
28,52,inf,inf,inf,541.1561696959576,inf
28,53,inf,inf,inf,687.547089296435,inf
28,54,inf,inf,inf,579.9672404541484,inf
28,55,inf,inf,inf,889.2704875345859,inf
28,56,inf,inf,inf,719.8951312517678,inf
28,57,inf,inf,inf,1236.003640771337,inf
28,58,inf,inf,inf,528.9177629840011,inf
28,59,inf,inf,inf,881.8083692050104,inf
28,60,inf,inf,inf,1036.6412108342984,inf
28,61,inf,inf,inf,755.7942841805566,inf
28,62,inf,inf,inf,1126.5811111500138,inf
28,63,inf,inf,inf,938.7784616191404,inf
28,64,inf,inf,inf,1445.7496325436157,inf
28,65,inf,inf,inf,1068.9513553010727,inf
28,66,inf,inf,inf,1352.7453566728661,inf
28,67,inf,inf,inf,777.829030057377,inf
28,68,inf,inf,inf,612.4744892646551,inf
28,69,inf,inf,inf,450.40537296972826,inf
28,70,inf,inf,inf,1035.3521140172554,inf
28,71,inf,inf,inf,1403.9205817994123,inf
28,72,inf,inf,inf,839.9672612667711,inf
28,73,inf,inf,inf,751.3221679146703,inf
28,74,inf,inf,inf,756.1084578286371,inf
28,75,inf,inf,inf,1125.861892063143,inf
28,76,inf,inf,inf,652.898920201282,inf
28,77,inf,inf,inf,446.1614057714988,inf
28,78,inf,inf,inf,364.6217217884859,inf
28,79,inf,inf,inf,652.4423346166311,inf
28,80,inf,inf,inf,918.8514569831187,inf
28,81,inf,inf,inf,812.3084389565333,inf
28,82,inf,inf,inf,1226.5663455353729,inf
28,83,inf,inf,inf,714.9447531103365,inf
28,84,inf,inf,inf,718.7913466368387,inf
28,85,inf,inf,inf,514.2548006581951,inf
28,86,inf,inf,inf,1252.84476292955,inf
28,87,inf,inf,inf,1464.7228406766926,inf
28,88,inf,inf,inf,1349.0548543332106,inf
28,89,inf,inf,inf,1460.01541087757,inf
28,90,inf,inf,inf,955.7222399839819,inf
28,91,inf,inf,inf,1359.9430135119633,inf
28,92,inf,inf,inf,1040.2466053777825,inf
28,93,inf,inf,inf,454.53272709454046,inf
28,94,inf,inf,inf,583.2392305049447,inf
28,95,inf,inf,inf,574.2516869805434,inf
28,96,inf,inf,inf,441.74426991190273,inf
28,97,inf,inf,inf,681.0403805942788,inf
28,98,inf,inf,inf,812.2179510451613,inf
28,99,inf,inf,inf,999.2021817430144,inf
28,100,inf,inf,inf,407.0196555450363,inf
28,101,inf,inf,inf,758.0026385178353,inf
28,102,inf,inf,inf,817.1952031185695,inf
28,103,inf,inf,inf,725.1841145529871,inf
28,104,inf,inf,inf,572.2385866052725,inf
28,105,inf,inf,inf,25.079872407968907,inf
28,106,inf,inf,inf,779.0789433683855,inf
28,107,inf,inf,inf,930.1037576528761,inf
28,108,inf,inf,inf,539.0009276429865,inf
28,109,inf,inf,inf,530.9284320885444,inf
28,110,inf,inf,inf,343.6800837988725,inf
28,111,inf,inf,inf,766.9419795525604,inf
28,112,inf,inf,inf,1111.0828051950043,inf
28,113,inf,inf,inf,486.68367550186025,inf
28,114,inf,inf,inf,1270.5719184682148,inf
28,115,inf,inf,inf,776.6865519628881,inf
28,116,inf,inf,inf,590.0381343608225,inf
28,117,inf,inf,inf,825.642174310397,inf
28,118,inf,inf,inf,879.9732950493441,inf
28,119,inf,inf,inf,563.5858408441433,inf
28,120,inf,inf,inf,480.5767368485495,inf
28,121,inf,inf,inf,551.8414627408854,inf
28,122,inf,inf,inf,1187.704087725558,inf
28,123,inf,inf,inf,562.7157364069358,inf
28,124,inf,inf,inf,805.1459495023247,inf
28,125,inf,inf,inf,1298.8248534733234,inf
28,126,inf,inf,inf,1426.0802922696885,inf
28,127,inf,inf,inf,533.6337695461186,inf
28,128,inf,inf,inf,601.4815042875383,inf
28,129,inf,inf,inf,885.4631556422887,inf
29,30,inf,inf,inf,1090.132102086715,inf
29,31,inf,inf,inf,149.01342221424215,inf
29,32,inf,inf,inf,106.7379969832674,inf
29,33,inf,inf,inf,1183.773627008137,inf
29,34,inf,inf,inf,270.3035330882673,inf
29,35,inf,inf,inf,592.0304046246274,inf
29,36,inf,inf,inf,399.4446144335908,inf
29,37,inf,inf,inf,404.0853870161602,inf
29,38,inf,inf,inf,269.7035409482048,inf
29,39,inf,inf,inf,947.3251817617855,inf
29,40,inf,inf,inf,1474.0156037165957,inf
29,41,inf,inf,inf,1058.0496207645463,inf
29,42,inf,inf,inf,1480.4137935050458,inf
29,43,inf,inf,inf,1318.86087211654,inf
29,44,inf,inf,inf,367.04223190254277,inf
29,45,inf,inf,inf,1353.0872107887208,inf
29,46,inf,inf,inf,885.1446209518533,inf
29,47,inf,inf,inf,835.2227247866284,inf
29,48,inf,inf,inf,715.9497189048963,inf
29,49,inf,inf,inf,666.2191831522116,inf
29,50,inf,inf,inf,241.13274352522097,inf
29,51,inf,inf,inf,867.6664105518895,inf
29,52,inf,inf,inf,728.0171701271887,inf
29,53,inf,inf,inf,1110.7952106486596,inf
29,54,inf,inf,inf,648.3124246842721,inf
29,55,inf,inf,inf,1475.2250675744363,inf
29,56,inf,inf,inf,666.3347507071802,inf
29,57,inf,inf,inf,147.52626884728022,inf
29,58,inf,inf,inf,1425.418184253309,inf
29,59,inf,inf,inf,719.820116417984,inf
29,60,inf,inf,inf,1450.5895353269304,inf
29,61,inf,inf,inf,471.8728642335772,inf
29,62,inf,inf,inf,1429.1284057074788,inf
29,63,inf,inf,inf,1096.146887967119,inf
29,64,inf,inf,inf,1052.675163571365,inf
29,65,inf,inf,inf,1399.7856978837867,inf
29,66,inf,inf,inf,1272.718743477914,inf
29,67,inf,inf,inf,506.3763422593911,inf
29,68,inf,inf,inf,635.5171122794413,inf
29,69,inf,inf,inf,877.0792438542825,inf
29,70,inf,inf,inf,339.94852551526094,inf
29,71,inf,inf,inf,1192.9970662160072,inf
29,72,inf,inf,inf,780.7086524434067,inf
29,73,inf,inf,inf,839.2186842533953,inf
29,74,inf,inf,inf,758.0745345940595,inf
29,75,inf,inf,inf,1300.8251227586281,inf
29,76,inf,inf,inf,620.0,inf
29,77,inf,inf,inf,1425.3592529604598,inf
29,78,inf,inf,inf,1261.352448762835,inf
29,79,inf,inf,inf,787.7981975099968,inf
29,80,inf,inf,inf,962.8525328418677,inf
29,81,inf,inf,inf,464.0905084140377,inf
29,82,inf,inf,inf,10.198039027185569,inf
29,83,inf,inf,inf,536.6386121031546,inf
29,84,inf,inf,inf,510.7014783608914,inf
29,85,inf,inf,inf,714.9916083423637,inf
29,86,inf,inf,inf,1365.7646210090522,inf
29,87,inf,inf,inf,646.0665600385149,inf
29,88,inf,inf,inf,1274.6301424334824,inf
29,89,inf,inf,inf,1059.660322933722,inf
29,90,inf,inf,inf,287.92360097775935,inf
29,91,inf,inf,inf,1260.071426546924,inf
29,92,inf,inf,inf,289.0674661735561,inf
29,93,inf,inf,inf,1039.2001732101473,inf
29,94,inf,inf,inf,1431.2068334101818,inf
29,95,inf,inf,inf,659.085730387178,inf
29,96,inf,inf,inf,884.0277144976848,inf
29,97,inf,inf,inf,1399.3659278401772,inf
29,98,inf,inf,inf,548.620998504432,inf
29,99,inf,inf,inf,1468.2077509671442,inf
29,100,inf,inf,inf,960.57066372027,inf
29,101,inf,inf,inf,537.7294858941622,inf
29,102,inf,inf,inf,441.27655727446023,inf
29,103,inf,inf,inf,592.6997553567911,inf
29,104,inf,inf,inf,907.9394252922383,inf
29,105,inf,inf,inf,1211.5948167601246,inf
29,106,inf,inf,inf,1481.3726742450733,inf
29,107,inf,inf,inf,1100.2908706337612,inf
29,108,inf,inf,inf,1087.0717547613865,inf
29,109,inf,inf,inf,702.5126333383621,inf
29,110,inf,inf,inf,883.6543441866849,inf
29,111,inf,inf,inf,509.7460151879561,inf
29,112,inf,inf,inf,178.3704011320264,inf
29,113,inf,inf,inf,1345.4017987203674,inf
29,114,inf,inf,inf,1350.3214432126892,inf
29,115,inf,inf,inf,604.9735531409617,inf
29,116,inf,inf,inf,796.2223307594431,inf
29,117,inf,inf,inf,494.7100160700206,inf
29,118,inf,inf,inf,356.8865365911132,inf
29,119,inf,inf,inf,779.1084648494073,inf
29,120,inf,inf,inf,750.5098267178118,inf
29,121,inf,inf,inf,748.2579769036879,inf
29,122,inf,inf,inf,1409.502039728925,inf
29,123,inf,inf,inf,1416.3622418011573,inf
29,124,inf,inf,inf,714.8069669498193,inf
29,125,inf,inf,inf,178.44046626256053,inf
29,126,inf,inf,inf,477.4620403759863,inf
29,127,inf,inf,inf,791.5579574484739,inf
29,128,inf,inf,inf,800.8002247751932,inf
29,129,inf,inf,inf,363.03443362854716,inf
30,31,inf,inf,inf,984.2565722412018,inf
30,32,inf,inf,inf,983.7992681436594,inf
30,33,inf,inf,inf,144.01388821915754,inf
30,34,inf,inf,inf,930.5503747782814,inf
30,35,inf,inf,inf,520.2460956124514,inf
30,36,inf,inf,inf,1196.5450263153493,inf
30,37,inf,inf,inf,763.3616443075981,inf
30,38,inf,inf,inf,878.2892462053717,inf
30,39,inf,inf,inf,470.3073463172779,inf
30,40,inf,inf,inf,916.5816930312322,inf
30,41,1.0,38.3137,38.31370849898476,34.713109915419565,1.1037244600768485
30,42,inf,inf,inf,1029.0738554642228,inf
30,43,inf,inf,inf,345.9393010341554,inf
30,44,inf,inf,inf,780.7714134111212,inf
30,45,inf,inf,inf,411.32590484918404,inf
30,46,inf,inf,inf,1286.7451185063808,inf
30,47,inf,inf,inf,1427.0056061557711,inf
30,48,inf,inf,inf,666.1080993352356,inf
30,49,inf,inf,inf,703.1159221636216,inf
30,50,inf,inf,inf,1064.8685364870164,inf
30,51,inf,inf,inf,839.9744043719428,inf
30,52,inf,inf,inf,456.97374103989824,inf
30,53,inf,inf,inf,736.0774415779905,inf
30,54,inf,inf,inf,444.2848185567452,inf
30,55,inf,inf,inf,993.4430028944792,inf
30,56,inf,inf,inf,548.3885483851756,inf
30,57,inf,inf,inf,1113.4091790532357,inf
30,58,inf,inf,inf,666.0818268050856,inf
30,59,inf,inf,inf,840.8596791379641,inf
30,60,inf,inf,inf,1120.7113812217667,inf
30,61,inf,inf,inf,624.515812449933,inf
30,62,inf,inf,inf,1197.7796124496358,inf
30,63,inf,inf,inf,968.2282788681603,inf
30,64,inf,inf,inf,1428.815243479716,inf
30,65,inf,inf,inf,1141.0819427192773,inf
30,66,inf,inf,inf,1377.040667518574,inf
30,67,inf,inf,inf,619.3811427546046,inf
30,68,inf,inf,inf,507.50566499301266,inf
30,69,inf,inf,inf,415.42267631895106,inf
30,70,inf,inf,inf,932.3931574180497,inf
30,71,inf,inf,inf,1411.4028482329204,inf
30,72,inf,inf,inf,810.9611581327431,inf
30,73,inf,inf,inf,734.1634695352255,inf
30,74,inf,inf,inf,719.7339786337727,inf
30,75,inf,inf,inf,1175.8307701365873,inf
30,76,inf,inf,inf,493.46529766539817,inf
30,77,inf,inf,inf,594.4451194181007,inf
30,78,inf,inf,inf,481.084192215874,inf
30,79,inf,inf,inf,616.644143732834,inf
30,80,inf,inf,inf,924.3078491498381,inf
30,81,inf,inf,inf,656.2499523809506,inf
30,82,inf,inf,inf,1090.3302252070241,inf
30,83,inf,inf,inf,605.0826389841309,inf
30,84,inf,inf,inf,579.672321229848,inf
30,85,inf,inf,inf,395.06581730137066,inf
30,86,inf,inf,inf,1301.207516117241,inf
30,87,inf,inf,inf,1389.7258722496317,inf
30,88,inf,inf,inf,1373.9905385409318,inf
30,89,inf,inf,inf,1442.831937545049,inf
30,90,inf,inf,inf,831.0619712151434,inf
30,91,inf,inf,inf,1381.6309203256853,inf
30,92,inf,inf,inf,884.3189469868889,inf
30,93,inf,inf,inf,489.4456047407107,inf
30,94,inf,inf,inf,714.6726523381177,inf
30,95,inf,inf,inf,458.66109492739844,inf
30,96,inf,inf,inf,268.00186566514793,inf
30,97,inf,inf,inf,794.1416750177515,inf
30,98,inf,inf,inf,645.2480143324735,inf
30,99,inf,inf,inf,1090.2339198539,inf
30,100,inf,inf,inf,404.85552978809613,inf
30,101,inf,inf,inf,662.6892182614713,inf
30,102,inf,inf,inf,704.3756100263552,inf
30,103,inf,inf,inf,560.0223209837266,inf
30,104,inf,inf,inf,567.1631158670317,inf
30,105,inf,inf,inf,150.23315213360866,inf
30,106,inf,inf,inf,896.8149195904359,inf
30,107,inf,inf,inf,960.9266361174509,inf
30,108,inf,inf,inf,588.5346209017783,inf
30,109,inf,inf,inf,387.6596445337069,inf
30,110,inf,inf,inf,224.59073890078372,inf
30,111,inf,inf,inf,664.2687709052715,inf
30,112,inf,inf,inf,962.1164170722792,inf
30,113,inf,inf,inf,611.007364931062,inf
30,114,inf,inf,inf,1314.7668994920734,inf
30,115,inf,inf,inf,704.0063920164362,inf
30,116,inf,inf,inf,416.06970569845623,inf
30,117,inf,inf,inf,663.2842527906116,inf
30,118,inf,inf,inf,754.8589272175299,inf
30,119,inf,inf,inf,511.4313248130193,inf
30,120,inf,inf,inf,367.5554379954132,inf
30,121,inf,inf,inf,482.8270912034659,inf
30,122,inf,inf,inf,1249.5199078045935,inf
30,123,inf,inf,inf,693.6065166937232,inf
30,124,inf,inf,inf,760.9894874438148,inf
30,125,inf,inf,inf,1177.1936968910427,inf
30,126,inf,inf,inf,1332.1388816486065,inf
30,127,inf,inf,inf,479.54144763513403,inf
30,128,inf,inf,inf,563.961878144259,inf
30,129,inf,inf,inf,737.4889829685593,inf
31,32,inf,inf,inf,90.79647570252934,inf
31,33,inf,inf,inf,1067.4610063135797,inf
31,34,inf,inf,inf,123.06502346320826,inf
31,35,inf,inf,inf,470.8895836605435,inf
31,36,inf,inf,inf,333.4021595610922,inf
31,37,inf,inf,inf,260.76809620810593,inf
31,38,inf,inf,inf,273.5415873317986,inf
31,39,inf,inf,inf,805.4936374671124,inf
31,40,inf,inf,inf,1325.322979503487,inf
31,41,inf,inf,inf,950.9879073889425,inf
31,42,inf,inf,inf,1331.5141756661849,inf
31,43,inf,inf,inf,1191.3861674536934,inf
31,44,inf,inf,inf,342.64413025761877,inf
31,45,inf,inf,inf,1222.1006505194243,inf
31,46,inf,inf,inf,774.4275305023705,inf
31,47,inf,inf,inf,754.6151336939911,inf
31,48,inf,inf,inf,567.8177524523163,inf
31,49,inf,inf,inf,517.5567601722539,inf
31,50,inf,inf,inf,148.38463532320318,inf
31,51,inf,inf,inf,720.1180458785907,inf
31,52,inf,inf,inf,594.8461986093548,inf
31,53,inf,inf,inf,961.9922037106122,inf
31,54,inf,inf,inf,540.135168268092,inf
31,55,inf,inf,inf,1326.2164227606293,inf
31,56,inf,inf,inf,619.4554059817381,inf
31,57,inf,inf,inf,133.18032887780387,inf
31,58,inf,inf,inf,1282.2144906371946,inf
31,59,inf,inf,inf,572.8891690370834,inf
31,60,inf,inf,inf,1303.197989562599,inf
31,61,inf,inf,inf,359.8013340720126,inf
31,62,inf,inf,inf,1284.3087634988715,inf
31,63,inf,inf,inf,950.1142036618545,inf
31,64,inf,inf,inf,946.6678403748592,inf
31,65,inf,inf,inf,1253.7723078773115,inf
31,66,inf,inf,inf,1144.5540616327391,inf
31,67,inf,inf,inf,445.4862511907635,inf
31,68,inf,inf,inf,506.2815422272473,inf
31,69,inf,inf,inf,739.7627998216726,inf
31,70,inf,inf,inf,196.84003657792792,inf
31,71,inf,inf,inf,1073.2255121827845,inf
31,72,inf,inf,inf,632.7187368807723,inf
31,73,inf,inf,inf,690.2093885191653,inf
31,74,inf,inf,inf,609.077991721914,inf
31,75,inf,inf,inf,1158.4925550041312,inf
31,76,inf,inf,inf,542.00092250844,inf
31,77,inf,inf,inf,1285.5535772576732,inf
31,78,inf,inf,inf,1122.2767038480306,inf
31,79,inf,inf,inf,640.6535725335495,inf
31,80,inf,inf,inf,817.1780711693137,inf
31,81,inf,inf,inf,404.82712359722143,inf
31,82,inf,inf,inf,142.52368224263643,inf
31,83,inf,inf,inf,404.3785355332303,inf
31,84,inf,inf,inf,409.23953865676276,inf
31,85,inf,inf,inf,597.0343373709757,inf
31,86,inf,inf,inf,1227.7230958159905,inf
31,87,inf,inf,inf,589.6041044633255,inf
31,88,inf,inf,inf,1146.099908384954,inf
31,89,inf,inf,inf,954.9266987575538,inf
31,90,inf,inf,inf,155.7080601638849,inf
31,91,inf,inf,inf,1133.044129767239,inf
31,92,inf,inf,inf,303.48805577814755,inf
31,93,inf,inf,inf,896.457472499393,inf
31,94,inf,inf,inf,1286.3047850334694,inf
31,95,inf,inf,inf,537.3425350742299,inf
31,96,inf,inf,inf,800.7309161010332,inf
31,97,inf,inf,inf,1251.7587627015039,inf
31,98,inf,inf,inf,512.1113160241629,inf
31,99,inf,inf,inf,1320.0367419128909,inf
31,100,inf,inf,inf,822.4311521337212,inf
31,101,inf,inf,inf,394.9936708353692,inf
31,102,inf,inf,inf,304.4010512465422,inf
31,103,inf,inf,inf,534.8046372274646,inf
31,104,inf,inf,inf,761.9481609663482,inf
31,105,inf,inf,inf,1097.1093837899664,inf
31,106,inf,inf,inf,1332.957613729709,inf
31,107,inf,inf,inf,953.9669805606482,inf
31,108,inf,inf,inf,940.962273420141,inf
31,109,inf,inf,inf,599.1635836731067,inf
31,110,inf,inf,inf,769.4153624668538,inf
31,111,inf,inf,inf,369.67553340733815,inf
31,112,inf,inf,inf,217.33154395991392,inf
31,113,inf,inf,inf,1202.3880405260193,inf
31,114,inf,inf,inf,1213.7318484739535,inf
31,115,inf,inf,inf,456.7997373029017,inf
31,116,inf,inf,inf,733.3682567441817,inf
31,117,inf,inf,inf,451.9834067750718,inf
31,118,inf,inf,inf,231.22499864850255,inf
31,119,inf,inf,inf,637.5899936479556,inf
31,120,inf,inf,inf,630.7535176279241,inf
31,121,inf,inf,inf,610.5120801425636,inf
31,122,inf,inf,inf,1267.2714784133666,inf
31,123,inf,inf,inf,1271.8604483197046,inf
31,124,inf,inf,inf,565.9257901880776,inf
31,125,inf,inf,inf,196.86035659827502,inf
31,126,inf,inf,inf,444.30282465903815,inf
31,127,inf,inf,inf,652.0529119634388,inf
31,128,inf,inf,inf,655.6889506465699,inf
31,129,inf,inf,inf,298.5180061570826,inf
32,33,inf,inf,inf,1077.0464242547764,inf
32,34,inf,inf,inf,205.73040611440985,inf
32,35,inf,inf,inf,486.0010288054954,inf
32,36,inf,inf,inf,414.85539649376625,inf
32,37,inf,inf,inf,310.1032086257735,inf
32,38,inf,inf,inf,197.43606560099397,inf
32,39,inf,inf,inf,848.3395546595715,inf
32,40,inf,inf,inf,1386.3567361974335,inf
32,41,inf,inf,inf,951.6060109099774,inf
32,42,inf,inf,inf,1399.4205943889779,inf
32,43,inf,inf,inf,1213.1648692572662,inf
32,44,inf,inf,inf,281.82441342083905,inf
32,45,inf,inf,inf,1248.1866847551291,inf
32,46,inf,inf,inf,865.222514732482,inf
32,47,inf,inf,inf,842.0023752935617,inf
32,48,inf,inf,inf,627.5388434192739,inf
32,49,inf,inf,inf,580.4317358656399,inf
32,50,inf,inf,inf,233.22521304524517,inf
32,51,inf,inf,inf,795.025785745343,inf
32,52,inf,inf,inf,624.6038744676501,inf
32,53,inf,inf,inf,1024.4086098818186,inf
32,54,inf,inf,inf,541.621639154124,inf
32,55,inf,inf,inf,1392.1673749948316,inf
32,56,inf,inf,inf,574.5928993644109,inf
32,57,inf,inf,inf,182.87974190707948,inf
32,58,inf,inf,inf,1327.0184625693796,inf
32,59,inf,inf,inf,649.7768847843081,inf
32,60,inf,inf,inf,1377.4196891289162,inf
32,61,inf,inf,inf,365.24649211183396,inf
32,62,inf,inf,inf,1363.0572255044906,inf
32,63,inf,inf,inf,1027.539293652559,inf
32,64,inf,inf,inf,1037.3851743687105,inf
32,65,inf,inf,inf,1330.7941238223138,inf
32,66,inf,inf,inf,1233.288287465668,inf
32,67,inf,inf,inf,408.32585027156927,inf
32,68,inf,inf,inf,531.0602602341847,inf
32,69,inf,inf,inf,775.1935242247577,inf
32,70,inf,inf,inf,282.29417280560364,inf
32,71,inf,inf,inf,1163.4968843963443,inf
32,72,inf,inf,inf,706.6859274104728,inf
32,73,inf,inf,inf,757.3803535872844,inf
32,74,inf,inf,inf,675.1148050517038,inf
32,75,inf,inf,inf,1240.110075759406,inf
32,76,inf,inf,inf,517.7576653223011,inf
32,77,inf,inf,inf,1324.23713888412,inf
32,78,inf,inf,inf,1159.914220966361,inf
32,79,inf,inf,inf,696.3368437760564,inf
32,80,inf,inf,inf,895.4507244957704,inf
32,81,inf,inf,inf,366.1488768247146,inf
32,82,inf,inf,inf,106.53168542738823,inf
32,83,inf,inf,inf,433.64732214093056,inf
32,84,inf,inf,inf,404.2091043012267,inf
32,85,inf,inf,inf,608.4619955264257,inf
32,86,inf,inf,inf,1312.4404748406687,inf
32,87,inf,inf,inf,670.4215092014873,inf
32,88,inf,inf,inf,1234.7376239509347,inf
32,89,inf,inf,inf,1045.593133106755,inf
32,90,inf,inf,inf,188.95766721676048,inf
32,91,inf,inf,inf,1222.0642372641464,inf
32,92,inf,inf,inf,224.4036541591959,inf
32,93,inf,inf,inf,940.850678907126,inf
32,94,inf,inf,inf,1334.7119539436214,inf
32,95,inf,inf,inf,553.0144663568938,inf
32,96,inf,inf,inf,781.2822793331486,inf
32,97,inf,inf,inf,1307.7247416792266,inf
32,98,inf,inf,inf,460.3846218109376,inf
32,99,inf,inf,inf,1391.9572550908308,inf
32,100,inf,inf,inf,858.9790451460385,inf
32,101,inf,inf,inf,441.3796551722791,inf
32,102,inf,inf,inf,341.397129454833,inf
32,103,inf,inf,inf,496.342623597853,inf
32,104,inf,inf,inf,813.8826696766555,inf
32,105,inf,inf,inf,1104.8588145097997,inf
32,106,inf,inf,inf,1392.300254973761,inf
32,107,inf,inf,inf,1030.887481736004,inf
32,108,inf,inf,inf,992.803102331978,inf
32,109,inf,inf,inf,596.1417616641196,inf
32,110,inf,inf,inf,776.9195582555507,inf
32,111,inf,inf,inf,411.3003768537053,inf
32,112,inf,inf,inf,128.5496013218244,inf
32,113,inf,inf,inf,1246.8941414570845,inf
32,114,inf,inf,inf,1299.269410091687,inf
32,115,inf,inf,inf,517.4031310303408,inf
32,116,inf,inf,inf,699.1573499577903,inf
32,117,inf,inf,inf,403.2679010285842,inf
32,118,inf,inf,inf,253.3396929026322,inf
32,119,inf,inf,inf,680.312428226914,inf
32,120,inf,inf,inf,644.1009237689385,inf
32,121,inf,inf,inf,646.9474476338862,inf
32,122,inf,inf,inf,1348.8680439538925,inf
32,123,inf,inf,inf,1319.3835681862952,inf
32,124,inf,inf,inf,635.8144383387341,inf
32,125,inf,inf,inf,237.77720664521232,inf
32,126,inf,inf,inf,516.1443596514448,inf
32,127,inf,inf,inf,691.208362217935,inf
32,128,inf,inf,inf,705.7619995437556,inf
32,129,inf,inf,inf,262.08586379276545,inf
33,34,inf,inf,inf,1000.6158103887825,inf
33,35,inf,inf,inf,596.6070733740927,inf
33,36,inf,inf,inf,1249.3470294517854,inf
33,37,inf,inf,inf,829.7909375258324,inf
33,38,inf,inf,inf,989.3048064171123,inf
33,39,inf,inf,inf,436.5100227944371,inf
33,40,inf,inf,inf,800.6110166616495,inf
33,41,inf,inf,inf,156.97452022541748,inf
33,42,inf,inf,inf,921.9137703711774,inf
33,43,inf,inf,inf,202.2325394193526,inf
33,44,inf,inf,inf,895.9330332117462,inf
33,45,inf,inf,inf,268.47904946196456,inf
33,46,inf,inf,inf,1282.2624536342005,inf
33,47,inf,inf,inf,1439.391885484978,inf
33,48,inf,inf,inf,676.9933529954337,inf
33,49,inf,inf,inf,721.7866720853191,inf
33,50,inf,inf,inf,1133.192393197201,inf
33,51,inf,inf,inf,817.88079816071,inf
33,52,inf,inf,inf,498.4425744255801,inf
33,53,inf,inf,inf,665.7702306351644,inf
33,54,inf,inf,inf,536.6497926953853,inf
33,55,inf,inf,inf,883.921376594095,inf
33,56,inf,inf,inf,683.117852204142,inf
33,57,inf,inf,inf,1192.2835233282392,inf
33,58,inf,inf,inf,535.0037383046963,inf
33,59,inf,inf,inf,844.2470017714011,inf
33,60,inf,inf,inf,1025.4101618376912,inf
33,61,inf,inf,inf,712.1797525905943,inf
33,62,inf,inf,inf,1111.9280552265961,inf
33,63,inf,inf,inf,913.6093256967116,inf
33,64,inf,inf,inf,1412.6376039168715,inf
33,65,inf,inf,inf,1054.4382390638154,inf
33,66,inf,inf,inf,1327.2712608958275,inf
33,67,inf,inf,inf,736.6009774633753,inf
33,68,inf,inf,inf,568.9446370254315,inf
33,69,inf,inf,inf,411.73292314314625,inf
33,70,inf,inf,inf,992.1819389607937,inf
33,71,inf,inf,inf,1375.1312664614968,inf
33,72,inf,inf,inf,803.9664172090772,inf
33,73,inf,inf,inf,716.8430790626355,inf
33,74,inf,inf,inf,718.8275175589761,inf
33,75,inf,inf,inf,1105.8001627780673,inf
33,76,inf,inf,inf,612.0457499239742,inf
33,77,inf,inf,inf,457.31936324629856,inf
33,78,inf,inf,inf,360.8794812676387,inf
33,79,inf,inf,inf,614.8642126518668,inf
33,80,inf,inf,inf,888.8065031265241,inf
33,81,inf,inf,inf,770.6335056302704,inf
33,82,inf,inf,inf,1182.9860523269072,inf
33,83,inf,inf,inf,671.3516217303717,inf
33,84,inf,inf,inf,675.5205400282067,inf
33,85,inf,inf,inf,470.5326768673989,inf
33,86,inf,inf,inf,1232.6187569560996,inf
33,87,inf,inf,inf,1423.8771014381823,inf
33,88,inf,inf,inf,1323.7106934674207,inf
33,89,inf,inf,inf,1426.8763085845949,inf
33,90,inf,inf,inf,911.9846489936111,inf
33,91,inf,inf,inf,1333.9340313523753,inf
33,92,inf,inf,inf,998.3746791660934,inf
33,93,inf,inf,inf,427.8469352467071,inf
33,94,inf,inf,inf,587.0442913443585,inf
33,95,inf,inf,inf,530.5186141880415,inf
33,96,inf,inf,inf,407.7707689376471,inf
33,97,inf,inf,inf,678.1246198155616,inf
33,98,inf,inf,inf,773.1267683892468,inf
33,99,inf,inf,inf,989.9545444110048,inf
33,100,inf,inf,inf,372.60166397910785,inf
33,101,inf,inf,inf,715.0251743819933,inf
33,102,inf,inf,inf,773.5741722679215,inf
33,103,inf,inf,inf,685.6128645234131,inf
33,104,inf,inf,inf,538.8524844519138,inf
33,105,inf,inf,inf,36.24913792078372,inf
33,106,inf,inf,inf,778.1548689046416,inf
33,107,inf,inf,inf,905.2071586106686,inf
33,108,inf,inf,inf,516.5123425437189,inf
33,109,inf,inf,inf,488.20077836890016,inf
33,110,inf,inf,inf,300.18827425467504,inf
33,111,inf,inf,inf,723.6221389648053,inf
33,112,inf,inf,inf,1068.3220488223576,inf
33,113,inf,inf,inf,487.09136719921446,inf
33,114,inf,inf,inf,1249.3902512826007,inf
33,115,inf,inf,inf,735.3672551861416,inf
33,116,inf,inf,inf,556.138471965391,inf
33,117,inf,inf,inf,785.18405485593,inf
33,118,inf,inf,inf,836.2392002292167,inf
33,119,inf,inf,inf,523.6506469011568,inf
33,120,inf,inf,inf,436.8397875651896,inf
33,121,inf,inf,inf,510.24895884264185,inf
33,122,inf,inf,inf,1170.695519765921,inf
33,123,inf,inf,inf,566.2102083148978,inf
33,124,inf,inf,inf,766.9843544688509,inf
33,125,inf,inf,inf,1255.1195162214633,inf
33,126,inf,inf,inf,1383.6133853067481,inf
33,127,inf,inf,inf,493.35180145612117,inf
33,128,inf,inf,inf,563.4509739098869,inf
33,129,inf,inf,inf,842.7253407842913,inf
34,35,inf,inf,inf,410.31207635164725,inf
34,36,inf,inf,inf,295.3303235362058,inf
34,37,inf,inf,inf,171.30382365843442,inf
34,38,inf,inf,inf,352.32371478513903,inf
34,39,inf,inf,inf,704.9120512517856,inf
34,40,inf,inf,inf,1208.2557676253816,inf
34,41,inf,inf,inf,896.3487044671845,inf
34,42,inf,inf,inf,1210.8463981859961,inf
34,43,inf,inf,inf,1109.6927502691906,inf
34,44,inf,inf,inf,394.5326348985594,inf
34,45,inf,inf,inf,1135.606005619907,inf
34,46,inf,inf,inf,673.7870583500398,inf
34,47,inf,inf,inf,679.7771693724349,inf
34,48,inf,inf,inf,454.2774482626229,inf
34,49,inf,inf,inf,401.9950248448356,inf
34,50,inf,inf,inf,134.45073447177595,inf
34,51,inf,inf,inf,597.4755225111737,inf
34,52,inf,inf,inf,511.5593807174295,inf
34,53,inf,inf,inf,844.6691660052472,inf
34,54,inf,inf,inf,494.0374479733292,inf
34,55,inf,inf,inf,1206.4514080558736,inf
34,56,inf,inf,inf,634.2002838220747,inf
34,57,inf,inf,inf,202.15835377248203,inf
34,58,inf,inf,inf,1177.3686763287021,inf
34,59,inf,inf,inf,449.9611094305818,inf
34,60,inf,inf,inf,1180.502435406213,inf
34,61,inf,inf,inf,320.3248351283428,inf
34,62,inf,inf,inf,1161.2751611913518,inf
34,63,inf,inf,inf,827.0634800304025,inf
34,64,inf,inf,inf,848.2269743411842,inf
34,65,inf,inf,inf,1130.7271996374723,inf
34,66,inf,inf,inf,1029.2643003621567,inf
34,67,inf,inf,inf,457.0393856113497,inf
34,68,inf,inf,inf,431.7893004695693,inf
34,69,inf,inf,inf,647.47200711691,inf
34,70,inf,inf,inf,77.10382610480494,inf
34,71,inf,inf,inf,963.768644437035,inf
34,72,inf,inf,inf,510.4057209710722,inf
34,73,inf,inf,inf,570.7889277132134,inf
34,74,inf,inf,inf,490.6495694485016,inf
34,75,inf,inf,inf,1035.9777989899205,inf
34,76,inf,inf,inf,530.456407256996,inf
34,77,inf,inf,inf,1186.212881400299,inf
34,78,inf,inf,inf,1024.6179775896967,inf
34,79,inf,inf,inf,529.8018497513953,inf
34,80,inf,inf,inf,694.1131031755559,inf
34,81,inf,inf,inf,421.2790049361587,inf
34,82,inf,inf,inf,262.9372548727167,inf
34,83,inf,inf,inf,329.2795165205391,inf
34,84,inf,inf,inf,379.52602018833966,inf
34,85,inf,inf,inf,536.0083954566384,inf
34,86,inf,inf,inf,1106.8355794787228,inf
34,87,inf,inf,inf,541.0452846111867,inf
34,88,inf,inf,inf,1030.577508002188,inf
34,89,inf,inf,inf,857.4240491145557,inf
34,90,inf,inf,inf,124.4025723206719,inf
34,91,inf,inf,inf,1018.5028227746843,inf
34,92,inf,inf,inf,384.66608896548183,inf
34,93,inf,inf,inf,793.6983054032559,inf
34,94,inf,inf,inf,1178.4078241423892,inf
34,95,inf,inf,inf,473.0517942043979,inf
34,96,inf,inf,inf,774.7857768441545,inf
34,97,inf,inf,inf,1138.1410281683022,inf
34,98,inf,inf,inf,540.9593330371517,inf
34,99,inf,inf,inf,1197.9056724133166,inf
34,100,inf,inf,inf,728.0,inf
34,101,inf,inf,inf,298.93979326948096,inf
34,102,inf,inf,inf,227.31695933211847,inf
34,103,inf,inf,inf,543.4786104346701,inf
34,104,inf,inf,inf,653.3375850201793,inf
34,105,inf,inf,inf,1032.1831232877237,inf
34,106,inf,inf,inf,1216.9326193343657,inf
34,107,inf,inf,inf,830.9464483346685,inf
34,108,inf,inf,inf,831.4138560307977,inf
34,109,inf,inf,inf,556.693811713405,inf
34,110,inf,inf,inf,709.045132555044,inf
34,111,inf,inf,inf,280.86473612755304,inf
34,112,inf,inf,inf,320.22492095400696,inf
34,113,inf,inf,inf,1098.057375550112,inf
34,114,inf,inf,inf,1093.5446950170806,inf
34,115,inf,inf,inf,343.9026024908797,inf
34,116,inf,inf,inf,729.5053118380976,inf
34,117,inf,inf,inf,479.42674101472477,inf
34,118,inf,inf,inf,188.67962264113208,inf
34,119,inf,inf,inf,539.1196527673611,inf
34,120,inf,inf,inf,566.3188148031107,inf
34,121,inf,inf,inf,519.2706423436626,inf
34,122,inf,inf,inf,1144.7619839949264,inf
34,123,inf,inf,inf,1164.7325873349641,inf
34,124,inf,inf,inf,445.4581910797017,inf
34,125,inf,inf,inf,260.2710126003278,inf
34,126,inf,inf,inf,425.42449388816345,inf
34,127,inf,inf,inf,557.0960419891709,inf
34,128,inf,inf,inf,549.7172000219749,inf
34,129,inf,inf,inf,322.5926223582926,inf
35,36,inf,inf,inf,683.4793339962811,inf
35,37,inf,inf,inf,244.98367292536048,inf
35,38,inf,inf,inf,441.3796551722791,inf
35,39,inf,inf,inf,403.966582776348,inf
35,40,inf,inf,inf,988.2236588950904,inf
35,41,inf,inf,inf,486.08332619006796,inf
35,42,inf,inf,inf,1037.7596060745475,inf
35,43,inf,inf,inf,727.303237996367,inf
35,44,inf,inf,inf,375.66474415361364,inf
35,45,inf,inf,inf,763.9299706124901,inf
35,46,inf,inf,inf,879.1274082861937,inf
35,47,inf,inf,inf,972.0622408055978,inf
35,48,inf,inf,inf,314.17829333039543,inf
35,49,inf,inf,inf,309.7418279793674,inf
35,50,inf,inf,inf,544.6696246349708,inf
35,51,inf,inf,inf,547.0109688114125,inf
35,52,inf,inf,inf,159.47727110782904,inf
35,53,inf,inf,inf,653.2396191291523,inf
35,54,inf,inf,inf,99.02019995940222,inf
35,55,inf,inf,inf,1019.3728464109685,inf
35,56,inf,inf,inf,377.6691673938978,inf
35,57,inf,inf,inf,596.3623059852123,inf
35,58,inf,inf,inf,871.5876318535045,inf
35,59,inf,inf,inf,461.55064727503094,inf
35,60,inf,inf,inf,1059.9216952209254,inf
35,61,inf,inf,inf,124.85191228010886,inf
35,62,inf,inf,inf,1084.9755757619616,inf
35,63,inf,inf,inf,764.9797382937668,inf
35,64,inf,inf,inf,1045.0,inf
35,65,inf,inf,inf,1038.932144078717,inf
35,66,inf,inf,inf,1104.0004528984578,inf
35,67,inf,inf,inf,267.3443472377899,inf
35,68,inf,inf,inf,67.72001181334805,inf
35,69,inf,inf,inf,312.9728422722969,inf
35,70,inf,inf,inf,416.51530584121394,inf
35,71,inf,inf,inf,1089.870634525034,inf
35,72,inf,inf,inf,473.12788968734446,inf
35,73,inf,inf,inf,456.12717524830725,inf
35,74,inf,inf,inf,388.53699952514177,inf
35,75,inf,inf,inf,999.9689995194851,inf
35,76,inf,inf,inf,224.54398232862977,inf
35,77,inf,inf,inf,855.1239676210696,inf
35,78,inf,inf,inf,690.9023085791507,inf
35,79,inf,inf,inf,335.2521439155908,inf
35,80,inf,inf,inf,659.5703146746373,inf
35,81,inf,inf,inf,273.2471408816568,inf
35,82,inf,inf,inf,590.3659881802135,inf
35,83,inf,inf,inf,93.53608929178085,inf
35,84,inf,inf,inf,121.67168939404104,inf
35,85,inf,inf,inf,126.66885963013956,inf
35,86,inf,inf,inf,1105.4940072203015,inf
35,87,inf,inf,inf,896.1573522546138,inf
35,88,inf,inf,inf,1103.0113326707028,inf
35,89,inf,inf,inf,1057.6218605910149,inf
35,90,inf,inf,inf,315.37913691301776,inf
35,91,inf,inf,inf,1100.9268822224299,inf
35,92,inf,inf,inf,461.202775360253,inf
35,93,inf,inf,inf,495.9243893982227,inf
35,94,inf,inf,inf,889.2721743088558,inf
35,95,inf,inf,inf,67.06713054842886,inf
35,96,inf,inf,inf,391.24544725785626,inf
35,97,inf,inf,inf,889.8297589988773,inf
35,98,inf,inf,inf,363.79252328765637,inf
35,99,inf,inf,inf,1056.7961014311134,inf
35,100,inf,inf,inf,395.2973564293088,inf
35,101,inf,inf,inf,174.82848738120455,inf
35,102,inf,inf,inf,185.129684275645,inf
35,103,inf,inf,inf,298.0620740718282,inf
35,104,inf,inf,inf,410.4948233534742,inf
35,105,inf,inf,inf,626.5540678983738,inf
35,106,inf,inf,inf,986.146540834576,inf
35,107,inf,inf,inf,763.2692840669013,inf
35,108,inf,inf,inf,572.4377695435549,inf
35,109,inf,inf,inf,160.52414148656894,inf
35,110,inf,inf,inf,299.96166421727963,inf
35,111,inf,inf,inf,159.66527487215245,inf
35,112,inf,inf,inf,500.8193287004806,inf
35,113,inf,inf,inf,792.1830596522498,inf
35,114,inf,inf,inf,1105.1606218102418,inf
35,115,inf,inf,inf,268.40454541605664,inf
35,116,inf,inf,inf,399.0112780360976,inf
35,117,inf,inf,inf,328.3321488980328,inf
35,118,inf,inf,inf,239.70815588961506,inf
35,119,inf,inf,inf,255.51907952244974,inf
35,120,inf,inf,inf,159.8780785473731,inf
35,121,inf,inf,inf,201.95544062985775,inf
35,122,inf,inf,inf,1100.8015261617327,inf
35,123,inf,inf,inf,871.6249193317043,inf
35,124,inf,inf,inf,392.674165180242,inf
35,125,inf,inf,inf,659.6188293249368,inf
35,126,inf,inf,inf,819.0445653320703,inf
35,127,inf,inf,inf,249.6237168219398,inf
35,128,inf,inf,inf,311.26355392175293,inf
35,129,inf,inf,inf,289.2784126062641,inf
36,37,inf,inf,inf,439.45079360492684,inf
36,38,inf,inf,inf,606.8475920690466,inf
36,39,inf,inf,inf,893.7074465394143,inf
36,40,inf,inf,inf,1301.609004271252,inf
36,41,inf,inf,inf,1161.8713353895946,inf
36,42,inf,inf,inf,1270.8032892623469,inf
36,43,inf,inf,inf,1331.2648121241693,inf
36,44,inf,inf,inf,672.0029761838856,inf
36,45,inf,inf,inf,1346.4891384634336,inf
36,46,inf,inf,inf,509.7420916502776,inf
36,47,inf,inf,inf,435.84974475155997,inf
36,48,inf,inf,inf,615.6654935920966,inf
36,49,inf,inf,inf,560.5604338516945,inf
36,50,inf,inf,inf,185.39956850003725,inf
36,51,inf,inf,inf,658.4291913334341,inf
36,52,inf,inf,inf,750.9121120344245,inf
36,53,inf,inf,inf,950.3062664215153,inf
36,54,inf,inf,inf,775.2167438852182,inf
36,55,inf,inf,inf,1276.591163998874,inf
36,56,inf,inf,inf,928.6043290874752,inf
36,57,inf,inf,inf,251.9206224190469,inf
36,58,inf,inf,inf,1334.1832707690498,inf
36,59,inf,inf,inf,521.1765535785354,inf
36,60,inf,inf,inf,1205.4285544983577,inf
36,61,inf,inf,inf,610.052456760892,inf
36,62,inf,inf,inf,1156.1401299150548,inf
36,63,inf,inf,inf,848.5858825127838,inf
36,64,inf,inf,inf,666.9190355657875,inf
36,65,inf,inf,inf,1139.1031559959793,inf
36,66,inf,inf,inf,925.032431863878,inf
36,67,inf,inf,inf,751.3221679146703,inf
36,68,inf,inf,inf,689.0471681967788,inf
36,69,inf,inf,inf,861.185229785091,inf
36,70,inf,inf,inf,267.329384841996,inf
36,71,inf,inf,inf,826.6135735638509,inf
36,72,inf,inf,inf,590.1881056070175,inf
36,73,inf,inf,inf,680.1323400633145,inf
36,74,inf,inf,inf,617.7871801842443,inf
36,75,inf,inf,inf,1012.9925962217098,inf
36,76,inf,inf,inf,824.8369535853737,inf
36,77,inf,inf,inf,1361.8461733984495,inf
36,78,inf,inf,inf,1209.5263535781269,inf
36,79,inf,inf,inf,694.8740893140282,inf
36,80,inf,inf,inf,720.4200163793341,inf
36,81,inf,inf,inf,714.400447928191,inf
36,82,inf,inf,inf,389.2813892289227,inf
36,83,inf,inf,inf,593.3169473392784,inf
36,84,inf,inf,inf,671.1929677819934,inf
36,85,inf,inf,inf,803.4880210681426,inf
36,86,inf,inf,inf,1052.0384973944633,inf
36,87,inf,inf,inf,256.2225595063791,inf
36,88,inf,inf,inf,927.957973186286,inf
36,89,inf,inf,inf,672.3600226069364,inf
36,90,inf,inf,inf,419.39003326259433,inf
36,91,inf,inf,inf,909.4789717195225,inf
36,92,inf,inf,inf,636.380389389868,inf
36,93,inf,inf,inf,971.1235760705225,inf
36,94,inf,inf,inf,1322.9334828327537,inf
36,95,inf,inf,inf,739.7526613672978,inf
36,96,inf,inf,inf,1063.0921879122243,inf
36,97,inf,inf,inf,1255.7933747237241,inf
36,98,inf,inf,inf,831.3440924190176,inf
36,99,inf,inf,inf,1236.1205442836067,inf
36,100,inf,inf,inf,932.5513390693297,inf
36,101,inf,inf,inf,535.5305780251955,inf
36,102,inf,inf,inf,499.6048438516184,inf
36,103,inf,inf,inf,838.4300805672468,inf
36,104,inf,inf,inf,817.4411293787462,inf
36,105,inf,inf,inf,1283.0783296432062,inf
36,106,inf,inf,inf,1317.4160314798055,inf
36,107,inf,inf,inf,855.796704831235,inf
36,108,inf,inf,inf,981.1630853227205,inf
36,109,inf,inf,inf,838.751453053883,inf
36,110,inf,inf,inf,972.0272629921446,inf
36,111,inf,inf,inf,532.3241493676574,inf
36,112,inf,inf,inf,542.5605956941583,inf
36,113,inf,inf,inf,1258.9082571815945,inf
36,114,inf,inf,inf,1030.4115682580432,inf
36,115,inf,inf,inf,525.3237097257271,inf
36,116,inf,inf,inf,1024.3446685564386,inf
36,117,inf,inf,inf,769.8896024755758,inf
36,118,inf,inf,inf,482.14935445357594,inf
36,119,inf,inf,inf,744.5871339205372,inf
36,120,inf,inf,inf,829.0651361624127,inf
36,121,inf,inf,inf,743.1513977649507,inf
36,122,inf,inf,inf,1117.7208953938366,inf
36,123,inf,inf,inf,1312.8480490902214,inf
36,124,inf,inf,inf,561.0962484280215,inf
36,125,inf,inf,inf,239.07530194480566,inf
36,126,inf,inf,inf,135.71293232407882,inf
36,127,inf,inf,inf,770.0389600533209,inf
36,128,inf,inf,inf,731.7492740003231,inf
36,129,inf,inf,inf,612.413259164104,inf
37,38,inf,inf,inf,369.4116944548453,inf
37,39,inf,inf,inf,544.7384693593798,inf
37,40,inf,inf,inf,1076.9405740336836,inf
37,41,inf,inf,inf,728.929351857915,inf
37,42,inf,inf,inf,1094.627790621086,inf
37,43,inf,inf,inf,939.2768494964623,inf
37,44,inf,inf,inf,364.3144246389374,inf
37,45,inf,inf,inf,966.5660867214409,inf
37,46,inf,inf,inf,707.1477921905717,inf
37,47,inf,inf,inf,762.3673655135036,inf
37,48,inf,inf,inf,318.96238022688505,inf
37,49,inf,inf,inf,275.0727176584403,inf
37,50,inf,inf,inf,303.4765229799498,inf
37,51,inf,inf,inf,507.1587522659941,inf
37,52,inf,inf,inf,340.82546853191593,inf
37,53,inf,inf,inf,716.0090781547397,inf
37,54,inf,inf,inf,335.83626963149766,inf
37,55,inf,inf,inf,1085.5643693489576,inf
37,56,inf,inf,inf,530.5892950295926,inf
37,57,inf,inf,inf,369.6714757727461,inf
37,58,inf,inf,inf,1021.877683482715,inf
37,59,inf,inf,inf,373.04423330216486,inf
37,60,inf,inf,inf,1082.0559135275773,inf
37,61,inf,inf,inf,181.04419349981927,inf
37,62,inf,inf,inf,1078.873950005282,inf
37,63,inf,inf,inf,742.6688360231632,inf
37,64,inf,inf,inf,881.0561843605661,inf
37,65,inf,inf,inf,1042.0292702222907,inf
37,66,inf,inf,inf,1006.9379325459936,inf
37,67,inf,inf,inf,362.62652964172383,inf
37,68,inf,inf,inf,260.8466982731428,inf
37,69,inf,inf,inf,480.59234284370365,inf
37,70,inf,inf,inf,172.12204972053988,inf
37,71,inf,inf,inf,963.8739544152025,inf
37,72,inf,inf,inf,418.63229689072006,inf
37,73,inf,inf,inf,454.87250961120964,inf
37,74,inf,inf,inf,372.15050718761626,inf
37,75,inf,inf,inf,967.0082729739182,inf
37,76,inf,inf,inf,402.54813376787627,inf
37,77,inf,inf,inf,1024.8941408750466,inf
37,78,inf,inf,inf,861.8265486743837,inf
37,79,inf,inf,inf,386.26027494424017,inf
37,80,inf,inf,inf,615.4185567562942,inf
37,81,inf,inf,inf,337.64626460246825,inf
37,82,inf,inf,inf,399.34070666537366,inf
37,83,inf,inf,inf,159.00314462299164,inf
37,84,inf,inf,inf,243.79704674175198,inf
37,85,inf,inf,inf,368.30693721405794,inf
37,86,inf,inf,inf,1053.19703759553,inf
37,87,inf,inf,inf,661.8708333202181,inf
37,88,inf,inf,inf,1007.2462459597455,inf
37,89,inf,inf,inf,892.191123022416,inf
37,90,inf,inf,inf,123.14625451064275,inf
37,91,inf,inf,inf,999.4343400143904,inf
37,92,inf,inf,inf,400.0812417497226,inf
37,93,inf,inf,inf,635.8899275818103,inf
37,94,inf,inf,inf,1027.1221933148947,inf
37,95,inf,inf,inf,304.7244657063164,inf
37,96,inf,inf,inf,625.5637457525812,inf
37,97,inf,inf,inf,997.6472322419384,inf
37,98,inf,inf,inf,461.2352978686692,inf
37,99,inf,inf,inf,1092.4362681639602,inf
37,100,inf,inf,inf,562.594880886771,inf
37,101,inf,inf,inf,134.23859355639868,inf
37,102,inf,inf,inf,60.166435825965294,inf
37,103,inf,inf,inf,437.92236754931804,inf
37,104,inf,inf,inf,504.34611131642527,inf
37,105,inf,inf,inf,861.6315918070785,inf
37,106,inf,inf,inf,1082.430598237134,inf
37,107,inf,inf,inf,744.5354256178815,inf
37,108,inf,inf,inf,683.4398290998265,inf
37,109,inf,inf,inf,399.39579366838603,inf
37,110,inf,inf,inf,540.3702434442519,inf
37,111,inf,inf,inf,110.72488428533127,inf
37,112,inf,inf,inf,381.7761124009725,inf
37,113,inf,inf,inf,941.9644366959933,inf
37,114,inf,inf,inf,1045.0574146906954,inf
37,115,inf,inf,inf,210.77476129745705,inf
37,116,inf,inf,inf,601.4224804577893,inf
37,117,inf,inf,inf,403.49597271843993,inf
37,118,inf,inf,inf,96.25487000666512,inf
37,119,inf,inf,inf,376.8302004882305,inf
37,120,inf,inf,inf,397.10200200955927,inf
37,121,inf,inf,inf,351.51813608973293,inf
37,122,inf,inf,inf,1074.5868973703336,inf
37,123,inf,inf,inf,1012.3186257300613,inf
37,124,inf,inf,inf,340.28223579846184,inf
37,125,inf,inf,inf,430.10928843725287,inf
37,126,inf,inf,inf,574.7390712314589,inf
37,127,inf,inf,inf,391.8328725362383,inf
37,128,inf,inf,inf,396.79717740931574,inf
37,129,inf,inf,inf,268.09140232390894,inf
38,39,inf,inf,inf,841.1926057687383,inf
38,40,inf,inf,inf,1413.8436971603332,inf
38,41,inf,inf,inf,849.0117784813118,inf
38,42,inf,inf,inf,1446.8120126678518,inf
38,43,inf,inf,inf,1148.1506869744928,inf
38,44,inf,inf,inf,104.01922899156675,inf
38,45,inf,inf,inf,1191.9081340438952,inf
38,46,inf,inf,inf,1025.5617972604089,inf
38,47,inf,inf,inf,1024.6135856995065,inf
38,48,inf,inf,inf,673.0141157509254,inf
38,49,inf,inf,inf,636.996075341128,inf
38,50,inf,inf,inf,421.9111280826805,inf
38,51,inf,inf,inf,875.8567234428243,inf
38,52,inf,inf,inf,599.0600971521973,inf
38,53,inf,inf,inf,1062.1346430655578,inf
38,54,inf,inf,inf,461.52464722915937,inf
38,55,inf,inf,inf,1433.7702047399366,inf
38,56,inf,inf,inf,403.517038054157,inf
38,57,inf,inf,inf,380.0631526470305,inf
38,58,inf,inf,inf,1312.8720425083322,inf
38,59,inf,inf,inf,742.0437992463787,inf
38,60,inf,inf,inf,1445.2162467949217,inf
38,61,inf,inf,inf,319.85621769789,inf
38,62,inf,inf,inf,1446.967864190494,inf
38,63,inf,inf,inf,1111.2560461027872,inf
38,64,inf,inf,inf,1200.277051351062,inf
38,65,inf,inf,inf,1408.779613708262,inf
38,66,inf,inf,inf,1365.1084206025541,inf
38,67,inf,inf,inf,262.26894593146176,inf
38,68,inf,inf,inf,502.54751019182254,inf
38,69,inf,inf,inf,753.7214339528895,inf
38,70,inf,inf,inf,425.4092147568033,inf
38,71,inf,inf,inf,1309.2937027267794,inf
38,72,inf,inf,inf,787.630624087205,inf
38,73,inf,inf,inf,816.5022963837885,inf
38,74,inf,inf,inf,734.6625075502357,inf
38,75,inf,inf,inf,1336.4198442106433,inf
38,76,inf,inf,inf,386.8074456367147,inf
38,77,inf,inf,inf,1295.3844989037038,inf
38,78,inf,inf,inf,1131.5697062046156,inf
38,79,inf,inf,inf,727.6771262036481,inf
38,80,inf,inf,inf,984.7766244179438,inf
38,81,inf,inf,inf,222.80035906613796,inf
38,82,inf,inf,inf,275.60116110060204,inf
38,83,inf,inf,inf,427.21072083925986,inf
38,84,inf,inf,inf,328.0304863880795,inf
38,85,inf,inf,inf,543.8648729234128,inf
38,86,inf,inf,inf,1421.4151399221832,inf
38,87,inf,inf,inf,863.0701014402017,inf
38,88,inf,inf,inf,1365.8792040294047,inf
38,89,inf,inf,inf,1209.6032407363996,inf
38,90,inf,inf,inf,262.0686932847951,inf
38,91,inf,inf,inf,1356.0206488103343,inf
38,92,inf,inf,inf,32.55764119219941,inf
38,93,inf,inf,inf,934.2317699586115,inf
38,94,inf,inf,inf,1329.4167894230914,inf
38,95,inf,inf,inf,502.332559167729,inf
38,96,inf,inf,inf,645.9605251097005,inf
38,97,inf,inf,inf,1322.4541579956563,inf
38,98,inf,inf,inf,283.28254446753334,inf
38,99,inf,inf,inf,1452.0117079417782,inf
38,100,inf,inf,inf,836.547667500185,inf
38,101,inf,inf,inf,471.66619552391074,inf
38,102,inf,inf,inf,368.4358831601504,inf
38,103,inf,inf,inf,339.84849565652047,inf
38,104,inf,inf,inf,830.3986994209469,inf
38,105,inf,inf,inf,1012.8267374037871,inf
38,106,inf,inf,inf,1414.995759710961,inf
38,107,inf,inf,inf,1112.8000718907238,inf
38,108,inf,inf,inf,1003.1973883538573,inf
38,109,inf,inf,inf,502.0039840479356,inf
38,110,inf,inf,inf,694.2225867832306,inf
38,111,inf,inf,inf,435.3079369825457,inf
38,112,inf,inf,inf,95.35197952848173,inf
38,113,inf,inf,inf,1233.3507205981598,inf
38,114,inf,inf,inf,1412.2903384219549,inf
38,115,inf,inf,inf,572.9720761084261,inf
38,116,inf,inf,inf,541.0009242136283,inf
38,117,inf,inf,inf,235.00212764994276,inf
38,118,inf,inf,inf,276.99097458220547,inf
38,119,inf,inf,inf,680.9243717183282,inf
38,120,inf,inf,inf,581.0550748423078,inf
38,121,inf,inf,inf,635.0196847342609,inf
38,122,inf,inf,inf,1443.968143692928,inf
38,123,inf,inf,inf,1312.1044165766687,inf
38,124,inf,inf,inf,707.9781070061418,inf
38,125,inf,inf,inf,432.3251091481965,inf
38,126,inf,inf,inf,713.0007012619272,inf
38,127,inf,inf,inf,682.8001171646063,inf
38,128,inf,inf,inf,722.6319948632222,inf
38,129,inf,inf,inf,153.05554547287727,inf
39,40,inf,inf,inf,589.4276885250641,inf
39,41,inf,inf,inf,443.4433447465414,inf
39,42,inf,inf,inf,655.6294685262401,inf
39,43,inf,inf,inf,450.05888503616944,inf
39,44,inf,inf,inf,779.6313231265148,inf
39,45,inf,inf,inf,455.6862956025779,inf
39,46,inf,inf,inf,849.3114858519223,inf
39,47,inf,inf,inf,1017.2000786472639,inf
39,48,inf,inf,inf,279.0788419067271,inf
39,49,inf,inf,inf,333.4021595610922,inf
39,50,inf,inf,inf,821.7700408265076,inf
39,51,inf,inf,inf,381.4315141673535,inf
39,52,inf,inf,inf,244.56083087853622,inf
39,53,inf,inf,inf,292.6380016334174,inf
39,54,inf,inf,inf,425.6500910372274,inf
39,55,inf,inf,inf,631.4950514453775,inf
39,56,inf,inf,inf,716.7796035044524,inf
39,57,inf,inf,inf,906.9977949256547,inf
39,58,inf,inf,inf,478.733746460389,inf
39,59,inf,inf,inf,423.3414697380827,inf
39,60,inf,inf,inf,706.7708256570867,inf
39,61,inf,inf,inf,521.4259295432095,inf
39,62,inf,inf,inf,761.0026281163555,inf
39,63,inf,inf,inf,500.1409801246045,inf
39,64,inf,inf,inf,976.2171889492624,inf
39,65,inf,inf,inf,707.3931014648078,inf
39,66,inf,inf,inf,906.7965593229828,inf
39,67,inf,inf,inf,659.6923525401821,inf
39,68,inf,inf,inf,339.3302226445502,inf
39,69,inf,inf,inf,99.82484660644363,inf
39,70,inf,inf,inf,669.0605353777788,inf
39,71,inf,inf,inf,943.6254553582157,inf
39,72,inf,inf,inf,374.22586762542215,inf
39,73,inf,inf,inf,282.17902119044925,inf
39,74,inf,inf,inf,298.4292210893565,inf
39,75,inf,inf,inf,717.1394564518117,inf
39,76,inf,inf,inf,575.1043383595711,inf
39,77,inf,inf,inf,481.3023997446927,inf
39,78,inf,inf,inf,320.5386092189208,inf
39,79,inf,inf,inf,202.12125073826354,inf
39,80,inf,inf,inf,455.93859235647074,inf
39,81,inf,inf,inf,673.0713186579859,inf
39,82,inf,inf,inf,943.1208830261368,inf
39,83,inf,inf,inf,420.0214280248092,inf
39,84,inf,inf,inf,524.9695229249028,inf
39,85,inf,inf,inf,340.82546853191593,inf
39,86,inf,inf,inf,839.86903741,inf
39,87,inf,inf,inf,1028.5956445562076,inf
39,88,inf,inf,inf,903.7881388909682,inf
39,89,inf,inf,inf,990.4670615421797,inf
39,90,inf,inf,inf,660.0189391222043,inf
39,91,inf,inf,inf,911.3248597509014,inf
39,92,inf,inf,inf,863.0208572218866,inf
39,93,inf,inf,inf,93.38094023943002,inf
39,94,inf,inf,inf,489.52221604335796,inf
39,95,inf,inf,inf,353.3624201864143,inf
39,96,inf,inf,inf,561.3287806624563,inf
39,97,inf,inf,inf,486.6210024238576,inf
39,98,inf,inf,inf,744.4098333579427,inf
39,99,inf,inf,inf,691.0463081443963,inf
39,100,inf,inf,inf,65.76473218982953,inf
39,101,inf,inf,inf,410.50213154136,inf
39,102,inf,inf,inf,506.951674225463,inf
39,103,inf,inf,inf,662.9057248206566,inf
39,104,inf,inf,inf,102.47438704378767,inf
39,105,inf,inf,inf,472.4838621582752,inf
39,106,inf,inf,inf,584.8521180606257,inf
39,107,inf,inf,inf,493.4379393601591,inf
39,108,inf,inf,inf,174.38463235044537,inf
39,109,inf,inf,inf,430.9350299059012,inf
39,110,inf,inf,inf,328.9072817679779,inf
39,111,inf,inf,inf,437.61170002640466,inf
39,112,inf,inf,inf,890.5531988601242,inf
39,113,inf,inf,inf,398.58876050385567,inf
39,114,inf,inf,inf,850.7625990839042,inf
39,115,inf,inf,inf,372.550667695013,inf
39,116,inf,inf,inf,663.3649071212616,inf
39,117,inf,inf,inf,721.2662476506162,inf
39,118,inf,inf,inf,597.3583514106085,inf
39,119,inf,inf,inf,168.21712160181556,inf
39,120,inf,inf,inf,312.61797773000836,inf
39,121,inf,inf,inf,206.4097865896867,inf
39,122,inf,inf,inf,800.3830333034302,inf
39,123,inf,inf,inf,473.0549650939096,inf
39,124,inf,inf,inf,352.95892112255785,inf
39,125,inf,inf,inf,963.1002024711655,inf
39,126,inf,inf,inf,1020.3553302649034,inf
39,127,inf,inf,inf,159.17600321656528,inf
39,128,inf,inf,inf,162.04937519163718,inf
39,129,inf,inf,inf,691.3298778441447,inf
40,41,inf,inf,inf,906.4794537108935,inf
40,42,inf,inf,inf,146.7548977036201,inf
40,43,inf,inf,inf,644.012422240441,inf
40,44,inf,inf,inf,1361.8112938289212,inf
40,45,inf,inf,inf,584.6238106680227,inf
40,46,inf,inf,inf,1012.0993034282752,inf
40,47,inf,inf,inf,1227.96946216101,inf
40,48,inf,inf,inf,758.9005204900046,inf
40,49,inf,inf,inf,807.7982421372307,inf
40,50,inf,inf,inf,1296.454009982614,inf
40,51,inf,inf,inf,643.1865981190839,inf
40,52,inf,inf,inf,830.7857726273362,inf
40,53,inf,inf,inf,363.5876785591063,inf
40,54,inf,inf,inf,1014.9960591056499,inf
40,55,inf,inf,inf,102.9417310909429,inf
40,56,inf,inf,inf,1300.4937523879153,inf
40,57,inf,inf,inf,1399.003216579576,inf
40,58,inf,inf,inf,297.87413449307746,inf
40,59,inf,inf,inf,784.8827937979021,inf
40,60,inf,inf,inf,296.00675667964066,inf
40,61,inf,inf,inf,1098.4215948350616,inf
40,62,inf,inf,inf,418.1506905411015,inf
40,63,inf,inf,inf,492.03658400570174,inf
40,64,inf,inf,inf,1047.662636539072,inf
40,65,inf,inf,inf,369.00135501106223,inf
40,66,inf,inf,inf,792.1395079151147,inf
40,67,inf,inf,inf,1248.6204387242747,inf
40,68,inf,inf,inf,921.3576938409968,inf
40,69,inf,inf,inf,688.1351611420536,inf
40,70,inf,inf,inf,1150.5776809933348,inf
40,71,inf,inf,inf,905.7196034093554,inf
40,72,inf,inf,inf,716.2262212457737,inf
40,73,inf,inf,inf,639.4137940332536,inf
40,74,inf,inf,inf,717.7917525299382,inf
40,75,inf,inf,inf,506.3793044744226,inf
40,76,inf,inf,inf,1163.2205293924278,inf
40,77,inf,inf,inf,396.8941924493227,inf
40,78,inf,inf,inf,439.73173640300286,inf
40,79,inf,inf,inf,691.690682313995,inf
40,80,inf,inf,inf,595.628239760339,inf
40,81,inf,inf,inf,1260.353125120099,inf
40,82,inf,inf,inf,1467.8317342256912,inf
40,83,inf,inf,inf,986.6615427794883,inf
40,84,inf,inf,inf,1109.89458958948,inf
40,85,inf,inf,inf,929.3938885101408,inf
40,86,inf,inf,inf,611.2977997670203,inf
40,87,inf,inf,inf,1336.4684807357037,inf
40,88,inf,inf,inf,786.4375372526416,inf
40,89,inf,inf,inf,1060.3254217456074,inf
40,90,inf,inf,inf,1199.854157804189,inf
40,91,inf,inf,inf,809.0302837347932,inf
40,92,inf,inf,inf,1438.4359561690608,inf
40,93,inf,inf,inf,504.801941359183,inf
40,94,inf,inf,inf,237.1349826575573,inf
40,95,inf,inf,inf,941.8704794184814,inf
40,96,inf,inf,inf,1105.4288760476632,inf
40,97,inf,inf,inf,122.64175471673585,inf
40,98,inf,inf,inf,1333.721485168474,inf
40,99,inf,inf,inf,239.70815588961506,inf
40,100,inf,inf,inf,619.2333970321691,inf
40,101,inf,inf,inf,950.8064997674343,inf
40,102,inf,inf,inf,1055.5060397742875,inf
40,103,inf,inf,inf,1251.3740448003546,inf
40,104,inf,inf,inf,583.4826475568918,inf
40,105,inf,inf,inf,822.6809831277249,inf
40,106,inf,inf,inf,34.48187929913333,inf
40,107,inf,inf,inf,481.72398736205776,inf
40,108,inf,inf,inf,416.38563856117804,inf
40,109,inf,inf,inf,1016.6071020802481,inf
40,110,inf,inf,inf,879.2275018446591,inf
40,111,inf,inf,inf,984.9390844108076,inf
40,112,inf,inf,inf,1450.8928285714283,inf
40,113,inf,inf,inf,317.51535395945814,inf
40,114,inf,inf,inf,642.6647648657892,inf
40,115,inf,inf,inf,869.5038815324518,inf
40,116,inf,inf,inf,1229.544631154152,inf
40,117,inf,inf,inf,1310.267148332736,inf
40,118,inf,inf,inf,1150.3121315538665,inf
40,119,inf,inf,inf,735.3257781419063,inf
40,120,inf,inf,inf,899.315851077918,inf
40,121,inf,inf,inf,786.3485232389007,inf
40,122,inf,inf,inf,504.52551967170103,inf
40,123,inf,inf,inf,253.81883302859936,inf
40,124,inf,inf,inf,766.0711455210933,inf
40,125,inf,inf,inf,1443.9255520974757,inf
40,126,inf,inf,inf,1400.3570973148242,inf
40,127,inf,inf,inf,738.6000270782556,inf
40,128,inf,inf,inf,691.3501283720138,inf
40,129,inf,inf,inf,1269.1178038306766,inf
41,42,inf,inf,inf,1015.7184649301203,inf
41,43,inf,inf,inf,355.2365409132343,inf
41,44,inf,inf,inf,752.3808875828785,inf
41,45,inf,inf,inf,418.60721446243616,inf
41,46,inf,inf,inf,1254.3189387073767,inf
41,47,inf,inf,inf,1393.2874793092774,inf
41,48,inf,inf,inf,633.0821431694311,inf
41,49,inf,inf,inf,669.4841297596232,inf
41,50,inf,inf,inf,1030.628934195038,inf
41,51,inf,inf,inf,809.8987591051118,inf
41,52,inf,inf,inf,422.57307060436307,inf
41,53,inf,inf,inf,714.2051525997275,inf
41,54,inf,inf,inf,411.3003768537053,inf
41,55,inf,inf,inf,980.9260930365753,inf
41,56,inf,inf,inf,527.3111036191065,inf
41,57,inf,inf,inf,1079.839339902006,inf
41,58,inf,inf,inf,663.2797298274688,inf
41,59,inf,inf,inf,808.1584003151858,inf
41,60,inf,inf,inf,1103.710559884248,inf
41,61,inf,inf,inf,591.3653692938063,inf
41,62,inf,inf,inf,1178.2397888375694,inf
41,63,inf,inf,inf,942.690299090852,inf
41,64,inf,inf,inf,1397.424058759545,inf
41,65,inf,inf,inf,1121.82396123456,inf
41,66,inf,inf,inf,1350.1236980365911,inf
41,67,inf,inf,inf,591.3307027374784,inf
41,68,inf,inf,inf,472.826606696366,inf
41,69,inf,inf,inf,384.8493211634912,inf
41,70,inf,inf,inf,897.8128981029399,inf
41,71,inf,inf,inf,1382.4460206460142,inf
41,72,inf,inf,inf,779.2566971159118,inf
41,73,inf,inf,inf,703.7535079841521,inf
41,74,inf,inf,inf,687.6118090899836,inf
41,75,inf,inf,inf,1152.8247915446648,inf
41,76,inf,inf,inf,465.56309991235344,inf
41,77,inf,inf,inf,595.5249784853696,inf
41,78,inf,inf,inf,474.65882484159084,inf
41,79,inf,inf,inf,584.863231875624,inf
41,80,inf,inf,inf,895.8403875691249,inf
41,81,inf,inf,inf,627.5165336467239,inf
41,82,inf,inf,inf,1058.1233387464808,inf
41,83,inf,inf,inf,570.5611273124028,inf
41,84,inf,inf,inf,547.3983923980778,inf
41,85,inf,inf,inf,360.67159577654576,inf
41,86,inf,inf,inf,1277.7456710942126,inf
41,87,inf,inf,inf,1355.1372624203054,inf
41,88,inf,inf,inf,1347.1588621985159,inf
41,89,inf,inf,inf,1411.4095791087716,inf
41,90,inf,inf,inf,797.5067397834327,inf
41,91,inf,inf,inf,1354.3799319245688,inf
41,92,inf,inf,inf,855.748210632076,inf
41,93,inf,inf,inf,467.3435567117621,inf
41,94,inf,inf,inf,709.9816899047468,inf
41,95,inf,inf,inf,424.20867506452527,inf
41,96,inf,inf,inf,250.83859352181037,inf
41,97,inf,inf,inf,784.4093319179725,inf
41,98,inf,inf,inf,620.8188141478961,inf
41,99,inf,inf,inf,1074.6780913371222,inf
41,100,inf,inf,inf,378.41907985723975,inf
41,101,inf,inf,inf,627.9761141954366,inf
41,102,inf,inf,inf,670.0223876856653,inf
41,103,inf,inf,inf,534.5745972266172,inf
41,104,inf,inf,inf,538.8144393016951,inf
41,105,inf,inf,inf,170.07351351694948,inf
41,106,inf,inf,inf,887.771366963364,inf
41,107,inf,inf,inf,935.5966011054123,inf
41,108,inf,inf,inf,567.7886930892513,inf
41,109,inf,inf,inf,355.5741835398065,inf
41,110,inf,inf,inf,189.88944151795275,inf
41,111,inf,inf,inf,629.610991009528,inf
41,112,inf,inf,inf,931.9232801041081,inf
41,113,inf,inf,inf,605.1322169575835,inf
41,114,inf,inf,inf,1290.662233119107,inf
41,115,inf,inf,inf,669.716357871002,inf
41,116,inf,inf,inf,399.18041034098854,inf
41,117,inf,inf,inf,636.6859508423286,inf
41,118,inf,inf,inf,721.2828848655706,inf
41,119,inf,inf,inf,478.6992792975565,inf
41,120,inf,inf,inf,332.9204109092742,inf
41,121,inf,inf,inf,449.0668101741655,inf
41,122,inf,inf,inf,1228.2772488326893,inf
41,123,inf,inf,inf,688.8867831509035,inf
41,124,inf,inf,inf,728.18816249648,inf
41,125,inf,inf,inf,1143.575095916311,inf
41,126,inf,inf,inf,1297.4578991242838,inf
41,127,inf,inf,inf,446.79413604030213,inf
41,128,inf,inf,inf,532.2273950108167,inf
41,129,inf,inf,inf,706.9123000768907,inf
42,43,inf,inf,inf,777.7461025296109,inf
42,44,inf,inf,inf,1404.1171603537932,inf
42,45,inf,inf,inf,721.4014139159973,inf
42,46,inf,inf,inf,932.6178209749157,inf
42,47,inf,inf,inf,1150.4094923113248,inf
42,48,inf,inf,inf,776.7811789686978,inf
42,49,inf,inf,inf,819.9347535017649,inf
42,50,inf,inf,inf,1286.5457628860313,inf
42,51,inf,inf,inf,621.3050780413757,inf
42,52,inf,inf,inf,885.7561741246853,inf
42,53,inf,inf,inf,385.9028375122422,inf
42,54,inf,inf,inf,1076.8491073497717,inf
42,55,inf,inf,inf,43.86342439892262,inf
42,56,inf,inf,inf,1372.3181118093573,inf
42,57,inf,inf,inf,1392.827699322497,inf
42,58,inf,inf,inf,441.03514599179056,inf
42,59,inf,inf,inf,769.3347775838553,inf
42,60,inf,inf,inf,153.57408635573907,inf
42,61,inf,inf,inf,1139.3283108919923,inf
42,62,inf,inf,inf,278.01618657912707,inf
42,63,inf,inf,inf,428.66420424383466,inf
42,64,inf,inf,inf,947.7605182745269,inf
42,65,inf,inf,inf,234.3608329051593,inf
42,66,inf,inf,inf,669.1023837948868,inf
42,67,inf,inf,inf,1303.5536045748177,inf
42,68,inf,inf,inf,970.0499987114066,inf
42,69,inf,inf,inf,755.3495879392534,inf
42,70,inf,inf,inf,1147.2575996697517,inf
42,71,inf,inf,inf,791.1238841041269,inf
42,72,inf,inf,inf,703.56307464221,inf
42,73,inf,inf,inf,642.0848853539538,inf
42,74,inf,inf,inf,724.3217517098324,inf
42,75,inf,inf,inf,385.0467504083108,inf
42,76,inf,inf,inf,1228.6679779338274,inf
42,77,inf,inf,inf,539.9203644983212,inf
42,78,inf,inf,inf,563.8129122324177,inf
42,79,inf,inf,inf,719.2781103300725,inf
42,80,inf,inf,inf,550.8266514975469,inf
42,81,inf,inf,inf,1310.8794757718956,inf
42,82,inf,inf,inf,1473.4547838328804,inf
42,83,inf,inf,inf,1023.2379977307332,inf
42,84,inf,inf,inf,1158.3613425870185,inf
42,85,inf,inf,inf,994.7904301912037,inf
42,86,inf,inf,inf,478.22379698212427,inf
42,87,inf,inf,inf,1278.138098954882,inf
42,88,inf,inf,inf,663.202080817001,inf
42,89,inf,inf,inf,959.6379525633613,inf
42,90,inf,inf,inf,1217.5077001809886,inf
42,91,inf,inf,inf,687.3463464658847,inf
42,92,inf,inf,inf,1473.3923442179275,inf
42,93,inf,inf,inf,581.7233019228299,inf
42,94,inf,inf,inf,380.6546991697331,inf
42,95,inf,inf,inf,998.5234098407508,inf
42,96,inf,inf,inf,1198.2403765522174,inf
42,97,inf,inf,inf,253.4758371127315,inf
42,98,inf,inf,inf,1394.1090344732725,inf
42,99,inf,inf,inf,94.81033698917012,inf
42,100,inf,inf,inf,696.5206386030496,inf
42,101,inf,inf,inf,976.2673814073684,inf
42,102,inf,inf,inf,1080.9486574301297,inf
42,103,inf,inf,inf,1315.635967887774,inf
42,104,inf,inf,inf,627.2870156475423,inf
42,105,inf,inf,inf,946.5500515028247,inf
42,106,inf,inf,inf,180.6931099959265,inf
42,107,inf,inf,inf,419.934518705,inf
42,108,inf,inf,inf,482.59714048054616,inf
42,109,inf,inf,inf,1086.3834498002996,inf
42,110,inf,inf,inf,967.0418812026705,inf
42,111,inf,inf,inf,1012.0800363607614,inf
42,112,inf,inf,inf,1474.9444057319583,inf
42,113,inf,inf,inf,450.60071016366584,inf
42,114,inf,inf,inf,511.2856344549493,inf
42,115,inf,inf,inf,883.9389119164288,inf
42,116,inf,inf,inf,1313.9197083535964,inf
42,117,inf,inf,inf,1365.090839468202,inf
42,118,inf,inf,inf,1175.4203503428039,inf
42,119,inf,inf,inf,782.2691352725096,inf
42,120,inf,inf,inf,968.0082644275305,inf
42,121,inf,inf,inf,837.3559577622888,inf
42,122,inf,inf,inf,366.5801413060997,inf
42,123,inf,inf,inf,395.82445604080607,inf
42,124,inf,inf,inf,765.6069487667938,inf
42,125,inf,inf,inf,1432.7930764768512,inf
42,126,inf,inf,inf,1359.0603371447494,inf
42,127,inf,inf,inf,791.2199441369005,inf
42,128,inf,inf,inf,729.5382101028019,inf
42,129,inf,inf,inf,1308.0936510816036,inf
43,44,inf,inf,inf,1060.8760530806603,inf
43,45,inf,inf,inf,68.3593446428504,inf
43,46,inf,inf,inf,1285.9801709202206,inf
43,47,inf,inf,inf,1463.627343281069,inf
43,48,inf,inf,inf,725.0558599170135,inf
43,49,inf,inf,inf,777.0778596768795,inf
43,50,inf,inf,inf,1237.268362159156,inf
43,51,inf,inf,inf,812.0498753155498,inf
43,52,inf,inf,inf,598.4822470215804,inf
43,53,inf,inf,inf,595.1974462310806,inf
43,54,inf,inf,inf,686.8951885113187,inf
43,55,inf,inf,inf,736.5955470948762,inf
43,56,inf,inf,inf,872.4975644665147,inf
43,57,inf,inf,inf,1308.6886566330436,inf
43,58,inf,inf,inf,356.85431200981725,inf
43,59,inf,inf,inf,872.7433757984073,inf
43,60,inf,inf,inf,898.6144890886192,inf
43,61,inf,inf,inf,850.2152668589291,inf
43,62,inf,inf,inf,998.4558077351245,inf
43,63,inf,inf,inf,854.8801085532403,inf
43,64,inf,inf,inf,1397.3077685320438,inf
43,65,inf,inf,inf,940.953771446823,inf
43,66,inf,inf,inf,1264.7169643837312,inf
43,67,inf,inf,inf,906.2918955833159,inf
43,68,inf,inf,inf,685.1948627945192,inf
43,69,inf,inf,inf,470.227604464051,inf
43,70,inf,inf,inf,1088.6675341903056,inf
43,71,inf,inf,inf,1331.5404612703287,inf
43,72,inf,inf,inf,820.2072908722527,inf
43,73,inf,inf,inf,723.7914064148592,inf
43,74,inf,inf,inf,748.3962853996537,inf
43,75,inf,inf,inf,1017.2531641631792,inf
43,76,inf,inf,inf,785.6169550105191,inf
43,77,inf,inf,inf,267.904833849634,inf
43,78,inf,inf,inf,225.07776433935007,inf
43,79,inf,inf,inf,650.9961597428974,inf
43,80,inf,inf,inf,859.9982558121848,inf
43,81,inf,inf,inf,936.6205208087212,inf
43,82,inf,inf,inf,1316.851548201239,inf
43,83,inf,inf,inf,787.109268145154,inf
43,84,inf,inf,inf,823.7147564539559,inf
43,85,inf,inf,inf,608.4118670769004,inf
43,86,inf,inf,inf,1143.5510482702555,inf
43,87,inf,inf,inf,1478.059538719601,inf
43,88,inf,inf,inf,1260.4649935638831,inf
43,89,inf,inf,inf,1411.615386711267,inf
43,90,inf,inf,inf,1036.425588259958,inf
43,91,inf,inf,inf,1274.325704049008,inf
43,92,inf,inf,inf,1160.7420040646414,inf
43,93,inf,inf,inf,399.7211528053025,inf
43,94,inf,inf,inf,414.42128323723915,inf
43,95,inf,inf,inf,660.4362194792167,inf
43,96,inf,inf,inf,604.6461775286436,inf
43,97,inf,inf,inf,525.1675922979254,inf
43,98,inf,inf,inf,954.0508372199041,inf
43,99,inf,inf,inf,855.7780085980243,inf
43,100,inf,inf,inf,401.01122178811903,inf
43,101,inf,inf,inf,812.4192267542663,inf
43,102,inf,inf,inf,888.3450906038711,inf
43,103,inf,inf,inf,865.1063518435176,inf
43,104,inf,inf,inf,545.8094905734051,inf
43,105,inf,inf,inf,206.73654732533385,inf
43,106,inf,inf,inf,617.2819453053847,inf
43,107,inf,inf,inf,845.1141934673681,inf
43,108,inf,inf,inf,457.1312721746348,inf
43,109,inf,inf,inf,648.6801985570394,inf
43,110,inf,inf,inf,456.2028057783073,inf
43,111,inf,inf,inf,828.9083182113689,inf
43,112,inf,inf,inf,1220.3810880212786,inf
43,113,inf,inf,inf,327.438543852125,inf
43,114,inf,inf,inf,1164.8905527988456,inf
43,115,inf,inf,inf,806.0452840876869,inf
43,116,inf,inf,inf,752.2472997625183,inf
43,117,inf,inf,inf,959.2830656276592,inf
43,118,inf,inf,inf,963.2289447478206,inf
43,119,inf,inf,inf,586.6787877535713,inf
43,120,inf,inf,inf,571.6161299333671,inf
43,121,inf,inf,inf,593.0598620712752,inf
43,122,inf,inf,inf,1067.06419675669,inf
43,123,inf,inf,inf,394.81641303269043,inf
43,124,inf,inf,inf,802.9701115234614,inf
43,125,inf,inf,inf,1369.3739445454628,inf
43,126,inf,inf,inf,1461.5635463434355,inf
43,127,inf,inf,inf,561.7632953477826,inf
43,128,inf,inf,inf,606.0404276943907,inf
43,129,inf,inf,inf,997.1098234397252,inf
44,45,inf,inf,inf,1107.3052876239688,inf
44,46,inf,inf,inf,1055.2464167198104,inf
44,47,inf,inf,inf,1074.309545708312,inf
44,48,inf,inf,inf,641.0304204950028,inf
44,49,inf,inf,inf,612.0718912023325,inf
44,50,inf,inf,inf,487.19708537716025,inf
44,51,inf,inf,inf,857.3243260283707,inf
44,52,inf,inf,inf,535.1121377804843,inf
44,53,inf,inf,inf,1018.2151049753681,inf
44,54,inf,inf,inf,378.59344949430914,inf
44,55,inf,inf,inf,1388.3230891979,inf
44,56,inf,inf,inf,300.6958596322869,inf
44,57,inf,inf,inf,462.79585132107655,inf
44,58,inf,inf,inf,1243.3346291324794,inf
44,59,inf,inf,inf,733.0027285078821,inf
44,60,inf,inf,inf,1412.957890384565,inf
44,61,inf,inf,inf,264.8018126826174,inf
44,62,inf,inf,inf,1423.4184205636795,inf
44,63,inf,inf,inf,1090.6814383677756,inf
44,64,inf,inf,inf,1230.4653591223118,inf
44,65,inf,inf,inf,1382.2445514452208,inf
44,66,inf,inf,inf,1371.249430264239,inf
44,67,inf,inf,inf,161.64467204334326,inf
44,68,inf,inf,inf,441.1915683691156,inf
44,69,inf,inf,inf,687.5027272673178,inf
44,70,inf,inf,inf,459.73579369024554,inf
44,71,inf,inf,inf,1325.5617677045457,inf
44,72,inf,inf,inf,771.1095901361881,inf
44,73,inf,inf,inf,787.6039613917644,inf
44,74,inf,inf,inf,708.0713240910127,inf
44,75,inf,inf,inf,1320.7399441222333,inf
44,76,inf,inf,inf,287.4717377412952,inf
44,77,inf,inf,inf,1220.1381069370796,inf
44,78,inf,inf,inf,1057.6436072704264,inf
44,79,inf,inf,inf,686.8609757440001,inf
44,80,inf,inf,inf,969.0639813758429,inf
44,81,inf,inf,inf,125.29964086141668,inf
44,82,inf,inf,inf,371.9032132154816,inf
44,83,inf,inf,inf,381.6975242256622,inf
44,84,inf,inf,inf,255.2802381697416,inf
44,85,inf,inf,inf,464.5826083701369,inf
44,86,inf,inf,inf,1412.5951295399543,inf
44,87,inf,inf,inf,926.7113898080675,inf
44,88,inf,inf,inf,1371.5604252091848,inf
44,89,inf,inf,inf,1240.6449935416658,inf
44,90,inf,inf,inf,282.3118842698621,inf
44,91,inf,inf,inf,1363.6671148047826,inf
44,92,inf,inf,inf,103.73041983911952,inf
44,93,inf,inf,inf,871.4499411899687,inf
44,94,inf,inf,inf,1263.4306470875242,inf
44,95,inf,inf,inf,430.6390600026895,inf
44,96,inf,inf,inf,543.4565300003304,inf
44,97,inf,inf,inf,1265.2213245120397,inf
44,98,inf,inf,inf,181.66177363441105,inf
44,99,inf,inf,inf,1415.6729848379532,inf
44,100,inf,inf,inf,768.4009370114017,inf
44,101,inf,inf,inf,441.74313803385786,inf
44,102,inf,inf,inf,346.41737831696605,inf
44,103,inf,inf,inf,236.02754076590298,inf
44,104,inf,inf,inf,779.9397412621055,inf
44,105,inf,inf,inf,918.1426904354246,inf
44,106,inf,inf,inf,1360.7413420632151,inf
44,107,inf,inf,inf,1091.2085043656873,inf
44,108,inf,inf,inf,947.103479034894,inf
44,109,inf,inf,inf,412.23779545306127,inf
44,110,inf,inf,inf,604.9504111908677,inf
44,111,inf,inf,inf,404.93085829558606,inf
44,112,inf,inf,inf,198.4943324127921,inf
44,113,inf,inf,inf,1164.60207796483,inf
44,114,inf,inf,inf,1406.0128022176755,inf
44,115,inf,inf,inf,550.2808373912361,inf
44,116,inf,inf,inf,437.01029736151526,inf
44,117,inf,inf,inf,131.03434664239754,inf
44,118,inf,inf,inf,268.16412884649577,inf
44,119,inf,inf,inf,626.5476837400327,inf
44,120,inf,inf,inf,501.3431958249758,inf
44,121,inf,inf,inf,576.1683781673548,inf
44,122,inf,inf,inf,1426.7753852656697,inf
44,123,inf,inf,inf,1245.401943149279,inf
44,124,inf,inf,inf,688.8867831509035,inf
44,125,inf,inf,inf,519.5546169557152,inf
44,126,inf,inf,inf,786.9243928103893,inf
44,127,inf,inf,inf,624.1570315233179,inf
44,128,inf,inf,inf,674.8518355905984,inf
44,129,inf,inf,inf,99.60923651951158,inf
45,46,inf,inf,inf,1274.7784121171806,inf
45,47,inf,inf,inf,1458.460146867236,inf
45,48,inf,inf,inf,734.3738829778739,inf
45,49,inf,inf,inf,787.9701771006312,inf
45,50,inf,inf,inf,1260.7124969635227,inf
45,51,inf,inf,inf,801.7979795434758,inf
45,52,inf,inf,inf,627.279841856886,inf
45,53,inf,inf,inf,566.30115662958,inf
45,54,inf,inf,inf,730.5121491118406,inf
45,55,inf,inf,inf,679.511589305142,inf
45,56,inf,inf,inf,929.5983003426803,inf
45,57,inf,inf,inf,1336.1755124234242,inf
45,58,inf,inf,inf,292.9095423505352,inf
45,59,inf,inf,inf,873.3201016809357,inf
45,60,inf,inf,inf,847.0094450476925,inf
45,61,inf,inf,inf,888.0906485263765,inf
45,62,inf,inf,inf,950.5077590425025,inf
45,63,inf,inf,inf,826.0998728967339,inf
45,64,inf,inf,inf,1379.1917923189653,inf
45,65,inf,inf,inf,893.3224501824635,inf
45,66,inf,inf,inf,1231.7345493246505,inf
45,67,inf,inf,inf,955.2088776806883,inf
45,68,inf,inf,inf,717.6384883769822,inf
45,69,inf,inf,inf,489.69888707245394,inf
45,70,inf,inf,inf,1110.3386870680495,inf
45,71,inf,inf,inf,1304.4190277667678,inf
45,72,inf,inf,inf,817.3279635495167,inf
45,73,inf,inf,inf,719.2808908903392,inf
45,74,inf,inf,inf,751.1125082169781,inf
45,75,inf,inf,inf,977.194453524988,inf
45,76,inf,inf,inf,836.6391097719494,inf
45,77,inf,inf,inf,201.10196418732463,inf
45,78,inf,inf,inf,186.77526602845464,inf
45,79,inf,inf,inf,657.7788382123584,inf
45,80,inf,inf,inf,841.314447754227,inf
45,81,inf,inf,inf,983.9842478413971,inf
45,82,inf,inf,inf,1350.6357762180003,inf
45,83,inf,inf,inf,818.0391188690184,inf
45,84,inf,inf,inf,865.3398176439126,inf
45,85,inf,inf,inf,649.0392900279612,inf
45,86,inf,inf,inf,1102.6196080244538,inf
45,87,inf,inf,inf,1483.033715058427,inf
45,88,inf,inf,inf,1227.2786969551782,inf
45,89,inf,inf,inf,1393.4579290384047,inf
45,90,inf,inf,inf,1068.1877175852567,inf
45,91,inf,inf,inf,1242.2531948037001,inf
45,92,inf,inf,inf,1205.8130037447763,inf
45,93,inf,inf,inf,393.35734389992007,inf
45,94,inf,inf,inf,351.7413822682796,inf
45,95,inf,inf,inf,697.699792174256,inf
45,96,inf,inf,inf,666.1231117443682,inf
45,97,inf,inf,inf,467.98504249601825,inf
45,98,inf,inf,inf,1007.2417783233577,inf
45,99,inf,inf,inf,802.1003677844813,inf
45,100,inf,inf,inf,414.13162158907886,inf
45,101,inf,inf,inf,836.9002330027158,inf
45,102,inf,inf,inf,917.8943294301365,inf
45,103,inf,inf,inf,918.038125569957,inf
45,104,inf,inf,inf,545.5281844231332,inf
45,105,inf,inf,inf,274.7744529609694,inf
45,106,inf,inf,inf,556.7423102297867,inf
45,107,inf,inf,inf,815.9785536397387,inf
45,108,inf,inf,inf,436.4401448079679,inf
45,109,inf,inf,inf,696.1501274868805,inf
45,110,inf,inf,inf,505.2623081133205,inf
45,111,inf,inf,inf,855.8469489342122,inf
45,112,inf,inf,inf,1261.2949694659058,inf
45,113,inf,inf,inf,271.28029784707917,inf
45,114,inf,inf,inf,1125.3163999515868,inf
45,115,inf,inf,inf,821.6714671935493,inf
45,116,inf,inf,inf,812.9163548606954,inf
45,117,inf,inf,inf,1009.6855946283476,inf
45,118,inf,inf,inf,996.3819548747358,inf
45,119,inf,inf,inf,603.868363138855,inf
45,120,inf,inf,inf,611.8986844241455,inf
45,121,inf,inf,inf,616.4778990361293,inf
45,122,inf,inf,inf,1021.8771941872468,inf
45,123,inf,inf,inf,332.77770358003255,inf
45,124,inf,inf,inf,807.0006195784487,inf
45,125,inf,inf,inf,1395.8409651532656,inf
45,126,inf,inf,inf,1474.830498735363,inf
45,127,inf,inf,inf,581.3578932120902,inf
45,128,inf,inf,inf,616.0275967844298,inf
45,129,inf,inf,inf,1039.8446999432174,inf
46,47,inf,inf,inf,217.83020910791964,inf
46,48,inf,inf,inf,622.7399136075991,inf
46,49,inf,inf,inf,593.9739051507229,inf
46,50,inf,inf,inf,644.4470498031626,inf
46,51,inf,inf,inf,473.93248464311876,inf
46,52,inf,inf,inf,848.3984912763577,inf
46,53,inf,inf,inf,738.0846834882838,inf
46,54,inf,inf,inf,976.2888916709029,inf
46,55,inf,inf,inf,953.1862357378017,inf
46,56,inf,inf,inf,1231.0649860994342,inf
46,57,inf,inf,inf,743.3875167098248,inf
46,58,inf,inf,inf,1152.2499728791493,inf
46,59,inf,inf,inf,446.6452731195081,inf
46,60,inf,inf,inf,823.8112647930957,inf
46,61,inf,inf,inf,877.0433284621689,inf
46,62,inf,inf,inf,739.9763509734619,inf
46,63,inf,inf,inf,521.1842284643694,inf
46,64,inf,inf,inf,175.231275747225,inf
46,65,inf,inf,inf,741.9845011858401,inf
46,66,inf,inf,inf,427.56286087545067,inf
46,67,inf,inf,inf,1068.9976613632043,inf
46,68,inf,inf,inf,843.685367894928,inf
46,69,inf,inf,inf,875.2285415821401,inf
46,70,inf,inf,inf,600.2732711024205,inf
46,71,inf,inf,inf,317.58620876857987,inf
46,72,inf,inf,inf,478.56556499606194,inf
46,73,inf,inf,inf,567.1551815861335,inf
46,74,inf,inf,inf,567.3182528352141,inf
46,75,inf,inf,inf,589.3700026299268,inf
46,76,inf,inf,inf,1089.8261329221282,inf
46,77,inf,inf,inf,1213.5509878039736,inf
46,78,inf,inf,inf,1098.4885069949526,inf
46,79,inf,inf,inf,671.1609345008096,inf
46,80,inf,inf,inf,445.5939855967538,inf
46,81,inf,inf,inf,1044.7607381596995,inf
46,82,inf,inf,inf,875.1119928329174,inf
46,83,inf,inf,inf,792.5099368462203,inf
46,84,inf,inf,inf,936.0646345205015,inf
46,85,inf,inf,inf,956.3472172804185,inf
46,86,inf,inf,inf,588.3961250722169,inf
46,87,inf,inf,inf,382.70223411942607,inf
46,88,inf,inf,inf,431.39425123661533,inf
46,89,inf,inf,inf,185.53975315279473,inf
46,90,inf,inf,inf,773.3078300392413,inf
46,91,inf,inf,inf,409.71819583709,inf
46,92,inf,inf,inf,1058.0307178905534,inf
46,93,inf,inf,inf,886.301303169526,inf
46,94,inf,inf,inf,1119.3256898686816,inf
46,95,inf,inf,inf,904.4694577485743,inf
46,96,inf,inf,inf,1257.3320961464397,inf
46,97,inf,inf,inf,1012.2539207135727,inf
46,98,inf,inf,inf,1168.3715162567084,inf
46,99,inf,inf,inf,869.899419473309,inf
46,100,inf,inf,inf,910.7826304887462,inf
46,101,inf,inf,inf,706.0665690995432,inf
46,102,inf,inf,inf,749.4491310289178,inf
46,103,inf,inf,inf,1139.6043172961395,inf
46,104,inf,inf,inf,747.428257426758,inf
46,105,inf,inf,inf,1318.501042851313,inf
46,106,inf,inf,inf,1037.8525906890632,inf
46,107,inf,inf,inf,531.8430219529067,inf
46,108,inf,inf,inf,841.353671175208,inf
46,109,inf,inf,inf,1032.2039527147724,inf
46,110,inf,inf,inf,1081.8031244177473,inf
46,111,inf,inf,inf,729.8506696578418,inf
46,112,inf,inf,inf,989.709553353912,inf
46,113,inf,inf,inf,1093.6439091404477,inf
46,114,inf,inf,inf,560.1473020554504,inf
46,115,inf,inf,inf,615.262545585216,inf
46,116,inf,inf,inf,1277.532387065001,inf
46,117,inf,inf,inf,1110.4345996050374,inf
46,118,inf,inf,inf,796.4201152658062,inf
46,119,inf,inf,inf,775.7531823975974,inf
46,120,inf,inf,inf,963.6762941984201,inf
46,121,inf,inf,inf,810.8002220029297,inf
46,122,inf,inf,inf,678.7613719121028,inf
46,123,inf,inf,inf,1117.0161144764206,inf
46,124,inf,inf,inf,526.8491245128913,inf
46,125,inf,inf,inf,745.2140632060026,inf
46,126,inf,inf,inf,525.552090662762,inf
46,127,inf,inf,inf,807.6515337693602,inf
46,128,inf,inf,inf,723.7748268626093,inf
46,129,inf,inf,inf,967.3370663837916,inf
47,48,inf,inf,inf,763.7650162189939,inf
47,49,inf,inf,inf,723.9233384827429,inf
47,50,inf,inf,inf,608.8957217783682,inf
47,51,inf,inf,inf,659.4679673797659,inf
47,52,inf,inf,inf,973.9414766812224,inf
47,53,inf,inf,inf,940.8086946877139,inf
47,54,inf,inf,inf,1071.0788953200413,inf
47,55,inf,inf,inf,1170.6758731604577,inf
47,56,inf,inf,inf,1292.0034829674416,inf
47,57,inf,inf,inf,687.7041515070271,inf
47,58,inf,inf,inf,1356.1157767683408,inf
47,59,inf,inf,inf,595.8942859266231,inf
47,60,inf,inf,inf,1040.7309931005225,inf
47,61,inf,inf,inf,942.5799700821145,inf
47,62,inf,inf,inf,953.7048809773388,inf
47,63,inf,inf,inf,736.1365362485413,inf
47,64,inf,inf,inf,283.3231370714365,inf
47,65,inf,inf,inf,958.0902880209151,inf
47,66,inf,inf,inf,611.594636994145,inf
47,67,inf,inf,inf,1119.7115700036327,inf
47,68,inf,inf,inf,949.6467764384819,inf
47,69,inf,inf,inf,1027.712508438036,inf
47,70,inf,inf,inf,618.2442882874051,inf
47,71,inf,inf,inf,480.8003743758942,inf
47,72,inf,inf,inf,643.6342128880348,inf
47,73,inf,inf,inf,739.9817565318756,inf
47,74,inf,inf,inf,721.8337758791839,inf
47,75,inf,inf,inf,803.5303354572246,inf
47,76,inf,inf,inf,1163.4246860024932,inf
47,77,inf,inf,inf,1412.2393564831707,inf
47,78,inf,inf,inf,1288.2752035182546,inf
47,79,inf,inf,inf,825.0484834238531,inf
47,80,inf,inf,inf,650.415251973691,inf
47,81,inf,inf,inf,1089.1560953325286,inf
47,82,inf,inf,inf,825.0484834238531,inf
47,83,inf,inf,inf,879.7329140142479,inf
47,84,inf,inf,inf,1004.8706384405905,inf
47,85,inf,inf,inf,1067.6375789564547,inf
47,86,inf,inf,inf,791.54785073298,inf
47,87,inf,inf,inf,219.06391761310215,inf
47,88,inf,inf,inf,616.3870537251736,inf
47,89,inf,inf,inf,282.24280327406046,inf
47,90,inf,inf,inf,796.8820489884309,inf
47,91,inf,inf,inf,591.4499133485439,inf
47,92,inf,inf,inf,1055.8716778093824,inf
47,93,inf,inf,inf,1065.6566051031637,inf
47,94,inf,inf,inf,1326.242813364129,inf
47,95,inf,inf,inf,1009.6123018267953,inf
47,96,inf,inf,inf,1361.987518298167,inf
47,97,inf,inf,inf,1223.6110493126482,inf
47,98,inf,inf,inf,1212.4495865808194,inf
47,99,inf,inf,inf,1087.4359751268119,inf
47,100,inf,inf,inf,1074.5720078245106,inf
47,101,inf,inf,inf,798.0225560721952,inf
47,102,inf,inf,inf,814.7637694448619,inf
47,103,inf,inf,inf,1199.2414269028568,inf
47,104,inf,inf,inf,918.2684792586534,inf
47,105,inf,inf,inf,1475.5083869636255,inf
47,106,inf,inf,inf,1253.0746186879694,inf
47,107,inf,inf,inf,746.6116795228963,inf
47,108,inf,inf,inf,1032.1831232877237,inf
47,109,inf,inf,inf,1131.6169846728176,inf
47,110,inf,inf,inf,1211.414049778192,inf
47,111,inf,inf,inf,813.6682370597982,inf
47,112,inf,inf,inf,970.5385103127027,inf
47,113,inf,inf,inf,1294.0034775841987,inf
47,114,inf,inf,inf,760.8843538935467,inf
47,115,inf,inf,inf,727.9629111431433,inf
47,116,inf,inf,inf,1360.0121322988261,inf
47,117,inf,inf,inf,1151.6826819918758,inf
47,118,inf,inf,inf,838.513565781735,inf
47,119,inf,inf,inf,918.8585310046373,inf
47,120,inf,inf,inf,1081.4702954774116,inf
47,121,inf,inf,inf,944.2208428116803,inf
47,122,inf,inf,inf,888.540938843,inf
47,123,inf,inf,inf,1322.7339112610669,inf
47,124,inf,inf,inf,672.4076144720552,inf
47,125,inf,inf,inf,670.9292063996022,inf
47,126,inf,inf,inf,395.7284422429098,inf
47,127,inf,inf,inf,950.3078448587069,inf
47,128,inf,inf,inf,876.0022831020476,inf
47,129,inf,inf,inf,998.2209174326092,inf
48,49,inf,inf,inf,55.71355310873648,inf
48,50,inf,inf,inf,557.9292069788066,inf
48,51,inf,inf,inf,232.8797973204202,inf
48,52,inf,inf,inf,230.4886114323222,inf
48,53,inf,inf,inf,397.10200200955927,inf
48,54,inf,inf,inf,394.66568130507625,inf
48,55,inf,inf,inf,766.8200571190089,inf
48,56,inf,inf,inf,691.5272951952078,inf
48,57,inf,inf,inf,652.1502894272148,inf
48,58,inf,inf,inf,729.5457490795214,inf
48,59,inf,inf,inf,176.207264322445,inf
48,60,inf,inf,inf,773.078262532326,inf
48,61,inf,inf,inf,382.099463490856,inf
48,62,inf,inf,inf,783.4794190021842,inf
48,63,inf,inf,inf,455.0538429680602,inf
48,64,inf,inf,inf,773.3104163271047,inf
48,65,inf,inf,inf,741.3393285129287,inf
48,66,inf,inf,inf,793.665546688276,inf
48,67,inf,inf,inf,571.1716029355802,inf
48,68,inf,inf,inf,256.1444904736387,inf
48,69,inf,inf,inf,265.81948762270986,inf
48,70,inf,inf,inf,405.661188678434,inf
48,71,inf,inf,inf,790.4441789272662,inf
48,72,inf,inf,inf,164.34719346554112,inf
48,73,inf,inf,inf,147.10540438746634,inf
48,74,inf,inf,inf,74.46475676452586,inf
48,75,inf,inf,inf,689.1632607735268,inf
48,76,inf,inf,inf,537.94423502813,inf
48,77,inf,inf,inf,748.8477815951651,inf
48,78,inf,inf,inf,594.1195165957772,inf
48,79,inf,inf,inf,79.71198153351854,inf
48,80,inf,inf,inf,345.42871913030046,inf
48,81,inf,inf,inf,566.692156289462,inf
48,82,inf,inf,inf,710.0760522648261,inf
48,83,inf,inf,inf,263.75936002348806,inf
48,84,inf,inf,inf,418.1196001146084,inf
48,85,inf,inf,inf,349.81280708401744,inf
48,86,inf,inf,inf,791.9627516493437,inf
48,87,inf,inf,inf,754.1631123304825,inf
48,88,inf,inf,inf,792.3698631321108,inf
48,89,inf,inf,inf,786.9180389341701,inf
48,90,inf,inf,inf,442.10858394742803,inf
48,91,inf,inf,inf,791.7903762991818,inf
48,92,inf,inf,inf,700.9251029889,inf
48,93,inf,inf,inf,355.92836357896516,inf
48,94,inf,inf,inf,726.5459379832771,inf
48,95,inf,inf,inf,311.20732639190874,inf
48,96,inf,inf,inf,648.4296415186462,inf
48,97,inf,inf,inf,684.2199938616234,inf
48,98,inf,inf,inf,672.0751446081011,inf
48,99,inf,inf,inf,779.0057766152958,inf
48,100,inf,inf,inf,324.2221460665511,inf
48,101,inf,inf,inf,201.4671189052943,inf
48,102,inf,inf,inf,305.026228380446,inf
48,103,inf,inf,inf,611.7393235684624,inf
48,104,inf,inf,inf,204.59227746911662,inf
48,105,inf,inf,inf,712.9389875718679,inf
48,106,inf,inf,inf,765.520084648339,inf
48,107,inf,inf,inf,454.35668807666957,inf
48,108,inf,inf,inf,378.957781289684,inf
48,109,inf,inf,inf,438.2921400162225,inf
48,110,inf,inf,inf,459.3223269121587,inf
48,111,inf,inf,inf,238.1197177891827,inf
48,112,inf,inf,inf,698.1690339738651,inf
48,113,inf,inf,inf,651.6087783325206,inf
48,114,inf,inf,inf,791.0903867447764,inf
48,115,inf,inf,inf,111.01801655587259,inf
48,116,inf,inf,inf,696.4495674490723,inf
48,117,inf,inf,inf,629.0389495094878,inf
48,118,inf,inf,inf,398.9786961731165,inf
48,119,inf,inf,inf,155.2610704587599,inf
48,120,inf,inf,inf,349.3608449726443,inf
48,121,inf,inf,inf,188.62131374794313,inf
48,122,inf,inf,inf,792.2524850071472,inf
48,123,inf,inf,inf,713.7800781753439,inf
48,124,inf,inf,inf,96.04686356149273,inf
48,125,inf,inf,inf,703.5374901169091,inf
48,126,inf,inf,inf,741.3568641349455,inf
48,127,inf,inf,inf,186.9438418349211,inf
48,128,inf,inf,inf,119.01680553602503,inf
48,129,inf,inf,inf,542.0867089313296,inf
49,50,inf,inf,inf,503.01192828798804,inf
49,51,inf,inf,inf,247.0,inf
49,52,inf,inf,inf,254.61539623518448,inf
49,53,inf,inf,inf,444.67741116454295,inf
49,54,inf,inf,inf,398.32775449370837,inf
49,55,inf,inf,inf,811.8158658218008,inf
49,56,inf,inf,inf,686.2433970538442,inf
49,57,inf,inf,inf,598.4012032073465,inf
49,58,inf,inf,inf,784.9108229601628,inf
49,59,inf,inf,inf,154.50889942006577,inf
49,60,inf,inf,inf,808.6544379399645,inf
49,61,inf,inf,inf,360.1999444752872,inf
49,62,inf,inf,inf,811.9211784403706,inf
49,63,inf,inf,inf,478.65018541728364,inf
49,64,inf,inf,inf,750.6483863967204,inf
49,65,inf,inf,inf,772.2486646152262,inf
49,66,inf,inf,inf,794.7081225204635,inf
49,67,inf,inf,inf,554.9387353573366,inf
49,68,inf,inf,inf,259.64976410541954,inf
49,69,inf,inf,inf,313.10701046127986,inf
49,70,inf,inf,inf,351.12533374850636,inf
49,71,inf,inf,inf,781.5894062741638,inf
49,72,inf,inf,inf,165.55965692160635,inf
49,73,inf,inf,inf,180.15548839821673,inf
49,74,inf,inf,inf,97.73944955850733,inf
49,75,inf,inf,inf,709.964787859229,inf
49,76,inf,inf,inf,533.9737821279243,inf
49,77,inf,inf,inf,804.5551565927597,inf
49,78,inf,inf,inf,649.5798642199434,inf
49,79,inf,inf,inf,135.41787178950938,inf
49,80,inf,inf,inf,360.11248242736605,inf
49,81,inf,inf,inf,546.5272179864421,inf
49,82,inf,inf,inf,660.0484830677213,inf
49,83,inf,inf,inf,245.0979396078229,inf
49,84,inf,inf,inf,402.8001986096829,inf
49,85,inf,inf,inf,365.0,inf
49,86,inf,inf,inf,807.2552260592681,inf
49,87,inf,inf,inf,704.6431721091179,inf
49,88,inf,inf,inf,793.8324760300501,inf
49,89,inf,inf,inf,763.9319341407322,inf
49,90,inf,inf,inf,397.6581446418519,inf
49,91,inf,inf,inf,791.3355798900994,inf
49,92,inf,inf,inf,665.9249206930162,inf
49,93,inf,inf,inf,411.50091129911243,inf
49,94,inf,inf,inf,781.232999815036,inf
49,95,inf,inf,inf,318.67538342332,inf
49,96,inf,inf,inf,666.2889763458495,inf
49,97,inf,inf,inf,736.2098885508127,inf
49,98,inf,inf,inf,657.1917528393064,inf
49,99,inf,inf,inf,817.6759749436203,inf
49,100,inf,inf,inf,376.0850967533811,inf
49,101,inf,inf,inf,170.66048165876012,inf
49,102,inf,inf,inf,269.0,inf
49,103,inf,inf,inf,602.708055363457,inf
49,104,inf,inf,inf,260.2498799231231,inf
49,105,inf,inf,inf,757.4760722293477,inf
49,106,inf,inf,inf,815.5176270320587,inf
49,107,inf,inf,inf,479.1408978578222,inf
49,108,inf,inf,inf,433.7199557318063,inf
49,109,inf,inf,inf,447.6650533602104,inf
49,110,inf,inf,inf,490.1683384307885,inf
49,111,inf,inf,inf,207.28000385951367,inf
49,112,inf,inf,inf,656.5972890592833,inf
49,113,inf,inf,inf,707.1195089940596,inf
49,114,inf,inf,inf,803.9900496896712,inf
49,115,inf,inf,inf,64.47480127925948,inf
49,116,inf,inf,inf,702.9096670269943,inf
49,117,inf,inf,inf,610.6602983656298,inf
49,118,inf,inf,inf,360.5551275463989,inf
49,119,inf,inf,inf,198.17668884104407,inf
49,120,inf,inf,inf,370.01216196227927,inf
49,121,inf,inf,inf,220.53117693423758,inf
49,122,inf,inf,inf,815.185868376041,inf
49,123,inf,inf,inf,768.6936971251944,inf
49,124,inf,inf,inf,83.24061508662703,inf
49,125,inf,inf,inf,649.0092449264494,inf
49,126,inf,inf,inf,687.0531274945191,inf
49,127,inf,inf,inf,228.56946427727394,inf
49,128,inf,inf,inf,171.9447585708852,inf
49,129,inf,inf,inf,512.5173167806138,inf
50,51,inf,inf,inf,665.5554071600651,inf
50,52,inf,inf,inf,640.8275899179123,inf
50,53,inf,inf,inf,934.4436847665032,inf
50,54,inf,inf,inf,628.1942374775496,inf
50,55,inf,inf,inf,1286.0062208247673,inf
50,56,inf,inf,inf,751.3620964621518,inf
50,57,inf,inf,inf,110.02272492535349,inf
50,58,inf,inf,inf,1287.1612175636742,inf
50,59,inf,inf,inf,517.2117554735198,inf
50,60,inf,inf,inf,1242.2081146088203,inf
50,61,inf,inf,inf,452.9514322750288,inf
50,62,inf,inf,inf,1210.516005676918,inf
50,63,inf,inf,inf,883.6385007456387,inf
50,64,inf,inf,inf,813.2465800727354,inf
50,65,inf,inf,inf,1185.3121951621015,inf
50,66,inf,inf,inf,1033.6895085082367,inf
50,67,inf,inf,inf,574.5572208231309,inf
50,68,inf,inf,inf,564.2809583886382,inf
50,69,inf,inf,inf,771.1608133197641,inf
50,70,inf,inf,inf,152.97058540778355,inf
50,71,inf,inf,inf,951.9564065649225,inf
50,72,inf,inf,inf,583.5897531656977,inf
50,73,inf,inf,inf,657.5173001526272,inf
50,74,inf,inf,inf,582.2181721657269,inf
50,75,inf,inf,inf,1076.5635141504656,inf
50,76,inf,inf,inf,657.7423507727019,inf
50,77,inf,inf,inf,1301.8241048620969,inf
50,78,inf,inf,inf,1142.3086272982446,inf
50,79,inf,inf,inf,636.4848780607439,inf
50,80,inf,inf,inf,750.254623444601,inf
50,81,inf,inf,inf,536.0419759683004,inf
50,82,inf,inf,inf,231.21634890292685,inf
50,83,inf,inf,inf,462.35051638340366,inf
50,84,inf,inf,inf,510.71812186371454,inf
50,85,inf,inf,inf,670.1462526941414,inf
50,86,inf,inf,inf,1134.3341659317152,inf
50,87,inf,inf,inf,441.4306287515627,inf
50,88,inf,inf,inf,1035.7630037803049,inf
50,89,inf,inf,inf,820.6345106074933,inf
50,90,inf,inf,inf,248.95983611819798,inf
50,91,inf,inf,inf,1020.5905153390364,inf
50,92,inf,inf,inf,451.83736011976697,inf
50,93,inf,inf,inf,907.7543720632801,inf
50,94,inf,inf,inf,1284.23751697262,inf
50,95,inf,inf,inf,607.0131794285854,inf
50,96,inf,inf,inf,906.7149496947759,inf
50,97,inf,inf,inf,1234.624639313504,inf
50,98,inf,inf,inf,650.0,inf
50,99,inf,inf,inf,1265.0395250742167,inf
50,100,inf,inf,inf,849.7040661312619,inf
50,101,inf,inf,inf,424.8599769335775,inf
50,102,inf,inf,inf,361.0013850388943,inf
50,103,inf,inf,inf,663.0007541473841,inf
50,104,inf,inf,inf,761.614732000373,inf
50,105,inf,inf,inf,1165.104716323816,inf
50,106,inf,inf,inf,1307.7652694577878,inf
50,107,inf,inf,inf,888.9460051094217,inf
50,108,inf,inf,inf,936.7283490959372,inf
50,109,inf,inf,inf,690.6554857524843,inf
50,110,inf,inf,inf,843.005338061391,inf
50,111,inf,inf,inf,410.69940345707835,inf
50,112,inf,inf,inf,361.7692634815733,inf
50,113,inf,inf,inf,1208.7650722948608,inf
50,114,inf,inf,inf,1117.2381124899025,inf
50,115,inf,inf,inf,451.68573145495753,inf
50,116,inf,inf,inf,855.0233914928878,inf
50,117,inf,inf,inf,588.836989327267,inf
50,118,inf,inf,inf,319.90779921721196,inf
50,119,inf,inf,inf,659.3822866895956,inf
50,120,inf,inf,inf,700.0457127931004,inf
50,121,inf,inf,inf,644.6619269043272,inf
50,122,inf,inf,inf,1184.6235689027972,inf
50,123,inf,inf,inf,1271.6717343717285,inf
50,124,inf,inf,inf,530.9708089904755,inf
50,125,inf,inf,inf,147.5127113166862,inf
50,126,inf,inf,inf,303.1517771678075,inf
50,127,inf,inf,inf,679.7801115066547,inf
50,128,inf,inf,inf,662.6024449094646,inf
50,129,inf,inf,inf,431.90392450173454,inf
51,52,inf,inf,inf,449.89776616471437,inf
51,53,inf,inf,inf,298.8394217635953,inf
51,54,inf,inf,inf,626.1629180971994,inf
51,55,inf,inf,inf,622.5688716921205,inf
51,56,inf,inf,inf,924.4030506224003,inf
51,57,inf,inf,inf,772.6143928247777,inf
51,58,inf,inf,inf,706.9285678199743,inf
51,59,inf,inf,inf,148.8086019019062,inf
51,60,inf,inf,inf,583.0823269487765,inf
51,61,inf,inf,inf,607.1186045576268,inf
51,62,inf,inf,inf,571.8400125909344,inf
51,63,inf,inf,inf,235.51008470976353,inf
51,64,inf,inf,inf,594.7856756849479,inf
51,65,inf,inf,inf,536.5305210330537,inf
51,66,inf,inf,inf,564.8946804493737,inf
51,67,inf,inf,inf,800.7246717817554,inf
51,68,inf,inf,inf,488.45572982615323,inf
51,69,inf,inf,inf,425.1834898017561,inf
51,70,inf,inf,inf,529.7433340779287,inf
51,71,inf,inf,inf,575.7820768311567,inf
51,72,inf,inf,inf,88.86506625215557,inf
51,73,inf,inf,inf,107.05606008068857,inf
51,74,inf,inf,inf,158.47397262642215,inf
51,75,inf,inf,inf,463.47923362325525,inf
51,76,inf,inf,inf,770.7950440940834,inf
51,77,inf,inf,inf,755.6361558316278,inf
51,78,inf,inf,inf,628.9077833832239,inf
51,79,inf,inf,inf,236.9155967850154,inf
51,80,1.0,131.7401,131.74011537017753,113.35784048754634,1.1621614773496916
51,81,inf,inf,inf,793.3630946798571,inf
51,82,inf,inf,inf,860.070345960143,inf
51,83,inf,inf,inf,491.04378623499554,inf
51,84,inf,inf,inf,647.9729932643799,inf
51,85,inf,inf,inf,574.5293726172754,inf
51,86,inf,inf,inf,560.8083451590213,inf
51,87,inf,inf,inf,716.6344954019447,inf
51,88,inf,inf,inf,563.2237566012286,inf
51,89,inf,inf,inf,609.0361237233798,inf
51,90,inf,inf,inf,624.551839321605,inf
51,91,inf,inf,inf,564.5325499915838,inf
51,92,inf,inf,inf,905.883546599672,inf
51,93,inf,inf,inf,412.4002909795288,inf
51,94,inf,inf,inf,684.6853291841443,inf
51,95,inf,inf,inf,541.73148330146,inf
51,96,inf,inf,inf,865.725129587908,inf
51,97,inf,inf,inf,602.4367186684424,inf
51,98,inf,inf,inf,902.498753461743,inf
51,99,inf,inf,inf,601.3094045497709,inf
51,100,inf,inf,inf,445.53002143514414,inf
51,101,inf,inf,inf,417.2696969586936,inf
51,102,inf,inf,inf,511.67372416413957,inf
51,103,inf,inf,inf,844.2523319482156,inf
51,104,inf,inf,inf,279.0286723618202,inf
51,105,inf,inf,inf,853.8928504209413,inf
51,106,inf,inf,inf,659.2556408556547,inf
51,107,inf,inf,inf,237.54788990854033,inf
51,108,inf,inf,inf,372.7733896082176,inf
51,109,inf,inf,inf,666.4780566530304,inf
51,110,inf,inf,inf,657.0312016944097,inf
51,111,inf,inf,inf,453.583509400419,inf
51,112,inf,inf,inf,885.7635124569085,inf
51,113,inf,inf,inf,639.8195057983149,inf
51,114,inf,inf,inf,558.7566554413469,inf
51,115,inf,inf,inf,307.1025887224007,inf
51,116,inf,inf,inf,925.1686332771989,inf
51,117,inf,inf,inf,857.1820110104971,inf
51,118,inf,inf,inf,599.1402173114403,inf
51,119,inf,inf,inf,350.0185709358862,inf
51,120,inf,inf,inf,568.242905807015,inf
51,121,inf,inf,inf,400.65571255131255,inf
51,122,inf,inf,inf,569.5691353997336,inf
51,123,inf,inf,inf,678.0361347302959,inf
51,124,inf,inf,inf,168.57639217873896,inf
51,125,inf,inf,inf,811.5294202923268,inf
51,126,inf,inf,inf,760.2664006780781,inf
51,127,inf,inf,inf,379.31649054582374,inf
51,128,inf,inf,inf,285.80062981036275,inf
51,129,inf,inf,inf,757.7209248793384,inf
52,53,inf,inf,inf,504.54434889313745,inf
52,54,inf,inf,inf,194.25756098540927,inf
52,55,inf,inf,inf,865.4987001723342,inf
52,56,inf,inf,inf,498.0813186619229,inf
52,57,inf,inf,inf,710.2288363619151,inf
52,58,inf,inf,inf,714.291257121351,inf
52,59,inf,inf,inf,404.50463532572775,inf
52,60,inf,inf,inf,917.2377009259923,inf
52,61,inf,inf,inf,279.5084971874737,inf
52,62,inf,inf,inf,951.9269929989379,inf
52,63,inf,inf,inf,646.025541290745,inf
52,64,inf,inf,inf,1002.7133189501374,inf
52,65,inf,inf,inf,903.055369288063,inf
52,66,inf,inf,inf,1014.7561283382328,inf
52,67,inf,inf,inf,418.7027585292459,inf
52,68,inf,inf,inf,96.87620966986684,inf
52,69,inf,inf,inf,154.8709139896837,inf
52,70,inf,inf,inf,495.61678744772155,inf
52,71,inf,inf,inf,1019.0078508039081,inf
52,72,inf,inf,inf,393.04579885809744,inf
52,73,inf,inf,inf,347.08068226278453,inf
52,74,inf,inf,inf,299.2824752637548,inf
52,75,inf,inf,inf,879.6141199412388,inf
52,76,inf,inf,inf,347.57589099360735,inf
52,77,inf,inf,inf,702.3517637195766,inf
52,78,inf,inf,inf,537.7294858941622,inf
52,79,inf,inf,inf,215.4738963308549,inf
52,80,inf,inf,inf,556.5482908068266,inf
52,81,inf,inf,inf,429.6102885173957,inf
52,82,inf,inf,inf,725.0744789330266,inf
52,83,inf,inf,inf,191.42622599842477,inf
52,84,inf,inf,inf,280.4442903679802,inf
52,85,inf,inf,inf,125.8729518204765,inf
52,86,inf,inf,inf,992.2348512323078,inf
52,87,inf,inf,inf,933.4543373941759,inf
52,88,inf,inf,inf,1013.0276402941827,inf
52,89,inf,inf,inf,1016.2012595937873,inf
52,90,inf,inf,inf,441.45781225390044,inf
52,91,inf,inf,inf,1014.3751771410813,inf
52,92,inf,inf,inf,619.8556283522801,inf
52,93,inf,inf,inf,336.46693745448454,inf
52,94,inf,inf,inf,730.4751878058556,inf
52,95,inf,inf,inf,112.80514172678478,inf
52,96,inf,inf,inf,418.4925327888181,inf
52,97,inf,inf,inf,730.8091406105974,inf
52,98,inf,inf,inf,508.48795462626254,inf
52,99,inf,inf,inf,910.0686787270508,inf
52,100,inf,inf,inf,238.42189496772312,inf
52,101,inf,inf,inf,217.51781536232843,inf
52,102,inf,inf,inf,290.6303494131334,inf
52,103,inf,inf,inf,432.26149493101974,inf
52,104,inf,inf,inf,260.63959791251983,inf
52,105,inf,inf,inf,532.2189399110107,inf
52,106,inf,inf,inf,827.856267718014,inf
52,107,inf,inf,inf,642.7013303238137,inf
52,108,inf,inf,inf,414.46833413422553,inf
52,109,inf,inf,inf,220.73740054644117,inf
52,110,inf,inf,inf,237.49105246303492,inf
52,111,inf,inf,inf,230.70760715676457,inf
52,112,inf,inf,inf,653.5786104211184,inf
52,113,inf,inf,inf,634.562053703182,inf
52,114,inf,inf,inf,995.7655346516066,inf
52,115,inf,inf,inf,247.38633753705963,inf
52,116,inf,inf,inf,477.8252818761268,inf
52,117,inf,inf,inf,480.38005787084876,inf
52,118,inf,inf,inf,371.36101033899615,inf
52,119,inf,inf,inf,110.3675676999362,inf
52,120,inf,inf,inf,119.28118040998756,inf
52,121,inf,inf,inf,52.46903848937962,inf
52,122,inf,inf,inf,975.69923644533,inf
52,123,inf,inf,inf,713.0617084095878,inf
52,124,inf,inf,inf,325.3459696999488,inf
52,125,inf,inf,inf,770.9344978660638,inf
52,126,inf,inf,inf,885.3163276479204,inf
52,127,inf,inf,inf,94.72592042308166,inf
52,128,inf,inf,inf,175.75551200460256,inf
52,129,inf,inf,inf,447.9207519193546,inf
53,54,inf,inf,inf,697.9577351100853,inf
53,55,inf,inf,inf,371.6732435890429,inf
53,56,inf,inf,inf,998.5990186255943,inf
53,57,inf,inf,inf,1036.0164091364577,inf
53,58,inf,inf,inf,415.3083192039379,inf
53,59,inf,inf,inf,429.29826461331055,inf
53,60,inf,inf,inf,416.01923032475315,inf
53,61,inf,inf,inf,753.4255105848222,inf
53,62,inf,inf,inf,469.40174690769953,inf
53,63,inf,inf,inf,260.0,inf
53,64,inf,inf,inf,821.9738438660928,inf
53,65,inf,inf,inf,415.09757888959075,inf
53,66,inf,inf,inf,670.3379744576612,inf
53,67,inf,inf,inf,919.9592382274336,inf
53,68,inf,inf,inf,585.5390678682337,inf
53,69,inf,inf,inf,387.9407171205415,inf
53,70,inf,inf,inf,787.4446012260164,inf
53,71,inf,inf,inf,738.1192315608638,inf
53,72,inf,inf,inf,360.1999444752872,inf
53,73,inf,inf,inf,276.9440376682625,inf
53,74,inf,inf,inf,354.2612030691478,inf
53,75,inf,inf,inf,440.989795800311,inf
53,76,inf,inf,inf,851.0146884748817,inf
53,77,inf,inf,inf,476.45461483755196,inf
53,78,inf,inf,inf,380.15786194684966,inf
53,79,inf,inf,inf,334.59228921181074,inf
53,80,inf,inf,inf,292.4944443916841,inf
53,81,inf,inf,inf,925.9600423344411,inf
53,82,inf,inf,inf,1104.5152783008482,inf
53,83,inf,inf,inf,637.4927450567575,inf
53,84,inf,inf,inf,773.2541626140786,inf
53,85,inf,inf,inf,619.4941484792249,inf
53,86,inf,inf,inf,567.4090235447442,inf
53,87,inf,inf,inf,1014.3175045319882,inf
53,88,inf,inf,inf,666.2431988395829,inf
53,89,inf,inf,inf,836.0633947255435,inf
53,90,inf,inf,inf,839.1436110702386,inf
53,91,inf,inf,inf,679.4247566875968,inf
53,92,inf,inf,inf,1088.2913212922356,inf
53,93,inf,inf,inf,246.86230980042296,inf
53,94,inf,inf,inf,387.83114882639325,inf
53,95,inf,inf,inf,617.1709649683789,inf
53,96,inf,inf,inf,853.7054527177391,inf
53,97,inf,inf,inf,305.5306858565928,inf
53,98,inf,inf,inf,1012.5635782507684,inf
53,99,inf,inf,inf,405.6106507477337,inf
53,100,inf,inf,inf,347.66938317890464,inf
53,101,inf,inf,inf,593.2731242859396,inf
53,102,inf,inf,inf,698.2213116197471,inf
53,103,inf,inf,inf,936.634934219304,inf
53,104,inf,inf,inf,244.0,inf
53,105,inf,inf,inf,698.3237071731132,inf
53,106,inf,inf,inf,373.3751464679994,inf
53,107,inf,inf,inf,250.05999280172747,inf
53,108,inf,inf,inf,149.40214188558343,inf
53,109,inf,inf,inf,713.6735948597229,inf
53,110,inf,inf,inf,620.7648508090645,inf
53,111,inf,inf,inf,628.5196894290584,inf
53,112,inf,inf,inf,1093.4870826854792,inf
53,113,inf,inf,inf,355.8258000763857,inf
53,114,inf,inf,inf,583.624879524511,inf
53,115,inf,inf,inf,507.03550171560966,inf
53,116,inf,inf,inf,954.4254816380376,inf
53,117,inf,inf,inf,981.2991388970032,inf
53,118,inf,inf,inf,793.0308947323553,inf
53,119,inf,inf,inf,398.3013934196063,inf
53,120,inf,inf,inf,596.1417616641196,inf
53,121,inf,inf,inf,454.5987241513113,inf
53,122,inf,inf,inf,514.278134864783,inf
53,123,inf,inf,inf,382.7740848072137,inf
53,124,inf,inf,inf,403.4910160090309,inf
53,125,inf,inf,inf,1081.9542504191202,inf
53,126,inf,inf,inf,1057.190616681779,inf
53,127,inf,inf,inf,409.8707113224852,inf
53,128,inf,inf,inf,343.7571817431601,inf
53,129,inf,inf,inf,922.3144799904206,inf
54,55,inf,inf,inf,1055.0488140365828,inf
54,56,inf,inf,inf,304.5931712957466,inf
54,57,inf,inf,inf,670.090292423342,inf
54,58,inf,inf,inf,870.2298546935746,inf
54,59,inf,inf,inf,552.2463218528486,inf
54,60,inf,inf,inf,1111.410365256686,inf
54,61,inf,inf,inf,180.33579788827288,inf
54,62,inf,inf,inf,1145.4470742902092,inf
54,63,inf,inf,inf,834.6646032988341,inf
54,64,inf,inf,inf,1140.8917564782384,inf
54,65,inf,inf,inf,1097.0,inf
54,66,inf,inf,inf,1188.2735375324994,inf
54,67,inf,inf,inf,238.0756182392477,inf
54,68,inf,inf,inf,139.12943613772032,inf
54,69,inf,inf,inf,327.03057960991964,inf
54,70,inf,inf,inf,507.90944074706863,inf
54,71,inf,inf,inf,1179.900419527004,inf
54,72,inf,inf,inf,557.6602908581532,inf
54,73,inf,inf,inf,529.2532475101121,inf
54,74,inf,inf,inf,468.78779847602686,inf
54,75,inf,inf,inf,1069.2936921164362,inf
54,76,inf,inf,inf,153.32644912082193,inf
54,77,inf,inf,inf,842.6731276123619,inf
54,78,inf,inf,inf,681.2965580420909,inf
54,79,inf,inf,inf,401.29914029312346,inf
54,80,inf,inf,inf,736.940974569877,inf
54,81,inf,inf,inf,258.90731932488893,inf
54,82,inf,inf,inf,647.97607980542,inf
54,83,inf,inf,inf,191.92706948213427,inf
54,84,inf,inf,inf,138.9280389266328,inf
54,85,inf,inf,inf,88.20430828479978,inf
54,86,inf,inf,inf,1179.064883710816,inf
54,87,inf,inf,inf,992.8368446023748,inf
54,88,inf,inf,inf,1187.0117943811679,inf
54,89,inf,inf,inf,1153.660695351974,inf
54,90,inf,inf,inf,388.0115977648091,inf
54,91,inf,inf,inf,1186.1538686022147,inf
54,92,inf,inf,inf,475.4545193811917,inf
54,93,inf,inf,inf,512.0956941822495,inf
54,94,inf,inf,inf,894.3209714638251,inf
54,95,inf,inf,inf,85.32877591996736,inf
54,96,inf,inf,inf,292.97098832478275,inf
54,97,inf,inf,inf,909.6955534683018,inf
54,98,inf,inf,inf,318.76009787926716,inf
54,99,inf,inf,inf,1103.5673971262472,inf
54,100,inf,inf,inf,401.6279372752847,inf
54,101,inf,inf,inf,273.6603734558586,inf
54,102,inf,inf,inf,275.7571395267945,inf
54,103,inf,inf,inf,238.9016534057477,inf
54,104,inf,inf,inf,454.4370143375207,inf
54,105,inf,inf,inf,563.6000354861593,inf
54,106,inf,inf,inf,1009.6345873631707,inf
54,107,inf,inf,inf,831.9933893968149,inf
54,108,inf,inf,inf,599.65323312728,inf
54,109,1.0,68.6985,68.69848480983495,63.56886030125127,1.0806939826241106
54,110,inf,inf,inf,236.78260071213003,inf
54,111,inf,inf,inf,258.21309029559285,inf
54,112,inf,inf,inf,534.4389581607987,inf
54,113,inf,inf,inf,792.6922479752152,inf
54,114,inf,inf,inf,1180.7561136830925,inf
54,115,inf,inf,inf,362.8002205070995,inf
54,116,inf,inf,inf,304.76384299978895,inf
54,117,inf,inf,inf,298.6787571957537,inf
54,118,inf,inf,inf,312.1297807002722,inf
54,119,inf,inf,inf,304.00164473239283,inf
54,120,inf,inf,inf,123.69316876852982,inf
54,121,inf,inf,inf,246.01829200285087,inf
54,122,inf,inf,inf,1167.1850752986863,inf
54,123,inf,inf,inf,875.491290647714,inf
54,124,inf,inf,inf,479.8603963654429,inf
54,125,inf,inf,inf,734.0435954355845,inf
54,126,inf,inf,inf,910.325765866264,inf
54,127,inf,inf,inf,288.36261893664374,inf
54,128,inf,inf,inf,367.6003264416396,inf
54,129,inf,inf,inf,310.24667604988133,inf
55,56,inf,inf,inf,1348.0819708014792,inf
55,57,inf,inf,inf,1391.2990332778932,inf
55,58,inf,inf,inf,397.6581446418519,inf
55,59,inf,inf,inf,769.3373772279623,inf
55,60,inf,inf,inf,194.9897433200013,inf
55,61,inf,inf,inf,1123.58933779206,inf
55,62,inf,inf,inf,318.69264189811474,inf
55,63,inf,inf,inf,441.8472586765703,inf
55,64,inf,inf,inf,975.045639957433,inf
55,65,inf,inf,inf,272.5233934912744,inf
55,66,inf,inf,inf,703.9105056752599,inf
55,67,inf,inf,inf,1284.0249218765186,inf
55,68,inf,inf,inf,951.765202137586,inf
55,69,inf,inf,inf,731.3173045949344,inf
55,70,inf,inf,inf,1144.5261028041257,inf
55,71,inf,inf,inf,823.1555138611416,inf
55,72,inf,inf,inf,702.416543085369,inf
55,73,inf,inf,inf,636.0070754323414,inf
55,74,inf,inf,inf,717.4970383214136,inf
55,75,inf,inf,inf,418.5510721524913,inf
55,76,inf,inf,inf,1206.0717225770613,inf
55,77,inf,inf,inf,496.6145386514575,inf
55,78,inf,inf,inf,524.64940674702,inf
55,79,inf,inf,inf,706.261283095711,inf
55,80,inf,inf,inf,558.8720783864586,inf
55,81,inf,inf,inf,1292.6178863066996,inf
55,82,inf,inf,inf,1468.4893598524982,inf
55,83,inf,inf,inf,1008.533588929987,inf
55,84,inf,inf,inf,1140.4845461469436,inf
55,85,inf,inf,inf,971.8538984847465,inf
55,86,inf,inf,inf,516.4203714029879,inf
55,87,inf,inf,inf,1292.4646997113693,inf
55,88,inf,inf,inf,698.0723458209758,inf
55,89,inf,inf,inf,987.1985615872827,inf
55,90,inf,inf,inf,1208.6608291824468,inf
55,91,inf,inf,inf,721.7014618247631,inf
55,92,inf,inf,inf,1459.7989587611028,inf
55,93,inf,inf,inf,554.3663048923519,inf
55,94,inf,inf,inf,337.17947743004765,inf
55,95,inf,inf,inf,978.0454999640865,inf
55,96,inf,inf,inf,1168.0273969389589,inf
55,97,inf,inf,inf,211.5892246783848,inf
55,98,inf,inf,inf,1373.1249032771927,inf
55,99,inf,inf,inf,137.37903770226373,inf
55,100,inf,inf,inf,669.5588099636955,inf
55,101,inf,inf,inf,964.6812945216674,inf
55,102,inf,inf,inf,1069.5877710594862,inf
55,103,inf,inf,inf,1293.4736178214073,inf
55,104,inf,inf,inf,609.2002954693965,inf
55,105,inf,inf,inf,907.9300633859416,inf
55,106,inf,inf,inf,137.00364958642524,inf
55,107,inf,inf,inf,432.500867051154,inf
55,108,inf,inf,inf,457.41010045690945,inf
55,109,inf,inf,inf,1062.3808168448827,inf
55,110,inf,inf,inf,937.8965827851171,inf
55,111,inf,inf,inf,1000.084996387807,inf
55,112,inf,inf,inf,1464.5371282422307,inf
55,113,inf,inf,inf,409.2004398824615,inf
55,114,inf,inf,inf,548.8943432027697,inf
55,115,inf,inf,inf,875.3422187921705,inf
55,116,inf,inf,inf,1286.1310197643163,inf
55,117,inf,inf,inf,1345.6615473439076,inf
55,118,inf,inf,inf,1164.3216909428425,inf
55,119,inf,inf,inf,763.9666223075455,inf
55,120,inf,inf,inf,944.1038078516578,inf
55,121,inf,inf,inf,818.0812918041825,inf
55,122,inf,inf,inf,406.5033825197522,inf
55,123,inf,inf,inf,352.6145204043645,inf
55,124,inf,inf,inf,761.0374498012565,inf
55,125,inf,inf,inf,1432.800055834728,inf
55,126,inf,inf,inf,1368.1816399879074,inf
55,127,inf,inf,inf,771.3501150580066,inf
55,128,inf,inf,inf,713.5222491275237,inf
55,129,inf,inf,inf,1293.1515765756155,inf
56,57,inf,inf,inf,748.712227761775,inf
56,58,inf,inf,inf,1123.0819204314528,inf
56,59,inf,inf,inf,835.3448389737019,inf
56,60,inf,inf,inf,1413.6364454837742,inf
56,61,inf,inf,inf,354.18921496849674,inf
56,62,inf,inf,inf,1449.8972377379025,inf
56,63,inf,inf,inf,1138.1950623684852,inf
56,64,inf,inf,inf,1402.346961347298,inf
56,65,inf,inf,inf,1401.1288306219383,inf
56,66,inf,inf,inf,1480.9513834018994,inf
56,67,inf,inf,inf,177.28226081590904,inf
56,68,inf,inf,inf,437.0171621343949,inf
56,69,inf,inf,inf,616.9943273645229,inf
56,70,inf,inf,inf,680.2742094185256,inf
56,71,inf,inf,inf,1461.9726399628687,inf
56,72,inf,inf,inf,850.5621670401288,inf
56,73,inf,inf,inf,831.0487350330304,inf
56,74,inf,inf,inf,765.9693205344454,inf
56,75,inf,inf,inf,1373.0695539556618,inf
56,76,inf,inf,inf,153.7595525487766,inf
56,77,inf,inf,inf,1078.284285334809,inf
56,78,inf,inf,inf,927.521428323896,inf
56,79,inf,inf,inf,705.0219854727936,inf
56,80,inf,inf,inf,1036.6142001728513,inf
56,81,inf,inf,inf,215.44836968517538,inf
56,82,inf,inf,inf,670.6131522718593,inf
56,83,inf,inf,inf,447.37121051761926,inf
56,84,inf,inf,inf,295.3404814785809,inf
56,85,inf,inf,inf,379.11080174534726,inf
56,86,inf,inf,inf,1481.2889657322098,inf
56,87,inf,inf,inf,1174.1652353906584,inf
56,88,inf,inf,inf,1480.0675660252812,inf
56,89,inf,inf,inf,1414.219926319807,inf
56,90,inf,inf,inf,509.80192231885513,inf
56,91,inf,inf,inf,1477.4390004328436,inf
56,92,inf,inf,inf,395.2138661535043,inf
56,93,inf,inf,inf,796.083538329992,inf
56,94,inf,inf,inf,1155.8914308878668,inf
56,95,inf,inf,inf,389.48684188300894,inf
56,96,inf,inf,inf,283.17662332897464,inf
56,97,inf,inf,inf,1189.2371504456123,inf
56,98,inf,inf,inf,121.01652779682617,inf
56,99,inf,inf,inf,1403.6666270877854,inf
56,100,inf,inf,inf,681.2826138982265,inf
56,101,inf,inf,inf,533.2588489654906,inf
56,102,inf,inf,inf,482.54429848460546,inf
56,103,inf,inf,inf,92.76313923105448,inf
56,104,inf,inf,inf,756.5183408219526,inf
56,105,inf,inf,inf,697.0853606266595,inf
56,106,inf,inf,inf,1291.8796383564531,inf
56,107,inf,inf,inf,1135.7860714060548,inf
56,108,inf,inf,inf,890.6722180465719,inf
56,109,inf,inf,inf,285.9545418418809,inf
56,110,inf,inf,inf,438.32065887886233,inf
56,111,inf,inf,inf,504.54434889313745,inf
56,112,inf,inf,inf,498.7444235277223,inf
56,113,inf,inf,inf,1050.274249898568,inf
56,114,inf,inf,inf,1481.8535690141587,inf
56,115,inf,inf,inf,639.5349873150021,inf
56,116,inf,inf,inf,146.75149062275312,inf
56,117,inf,inf,inf,171.73234989366446,inf
56,118,inf,inf,inf,455.554607045083,inf
56,119,inf,inf,inf,608.2663890106045,inf
56,120,inf,inf,inf,404.3278372805909,inf
56,121,inf,inf,inf,550.2326780553841,inf
56,122,inf,inf,inf,1471.5794236126028,inf
56,123,inf,inf,inf,1135.8116040963837,inf
56,124,inf,inf,inf,769.4446048936857,inf
56,125,inf,inf,inf,809.0889938690304,inf
56,126,inf,inf,inf,1054.280797510796,inf
56,127,inf,inf,inf,591.068523946251,inf
56,128,inf,inf,inf,672.1911930395994,inf
56,129,inf,inf,inf,321.1105728561425,inf
57,58,inf,inf,inf,1378.3820225177053,inf
57,59,inf,inf,inf,623.9142569295881,inf
57,60,inf,inf,inf,1351.003330861919,inf
57,61,inf,inf,inf,490.0,inf
57,62,inf,inf,inf,1320.3711599395074,inf
57,63,inf,inf,inf,992.7708698385544,inf
57,64,inf,inf,inf,908.674309089896,inf
57,65,inf,inf,inf,1294.821995488183,inf
57,66,inf,inf,inf,1140.0635947174176,inf
57,67,inf,inf,inf,576.5561551141398,inf
57,68,inf,inf,inf,626.1709031885783,inf
57,69,inf,inf,inf,848.999411071645,inf
57,70,inf,inf,inf,248.63829149992162,inf
57,71,inf,inf,inf,1054.6478085123963,inf
57,72,inf,inf,inf,689.2967430649879,inf
57,73,inf,inf,inf,759.5919957450842,inf
57,74,inf,inf,inf,682.22063879657,inf
57,75,inf,inf,inf,1186.585858671845,inf
57,76,inf,inf,inf,675.1029551112927,inf
57,77,inf,inf,inf,1388.2841928077983,inf
57,78,inf,inf,inf,1226.7754480751562,inf
57,79,inf,inf,inf,729.1597904437682,inf
57,80,inf,inf,inf,859.2793492223585,inf
57,81,inf,inf,inf,535.3503525729669,inf
57,82,inf,inf,inf,137.3608386695422,inf
57,83,inf,inf,inf,523.2485069257245,inf
57,84,inf,inf,inf,541.335385874598,inf
57,85,inf,inf,inf,723.0138311263485,inf
57,86,inf,inf,inf,1243.8026370771208,inf
57,87,inf,inf,inf,500.44180480851116,inf
57,88,inf,inf,inf,1142.282802111631,inf
57,89,inf,inf,inf,915.2595260361949,inf
57,90,inf,inf,inf,282.3473038652928,inf
57,91,inf,inf,inf,1126.5132045386774,inf
57,92,inf,inf,inf,406.0,inf
57,93,inf,inf,inf,995.472249738786,inf
57,94,inf,inf,inf,1378.1687124586742,inf
57,95,inf,inf,inf,661.8534581008095,inf
57,96,inf,inf,inf,933.8099378353178,inf
57,97,inf,inf,inf,1333.6704990363999,inf
57,98,inf,inf,inf,638.2045126759916,inf
57,99,inf,inf,inf,1373.0440633861683,inf
57,100,inf,inf,inf,929.9139745159226,inf
57,101,inf,inf,inf,500.4687802450818,inf
57,102,inf,inf,inf,421.04750325824284,inf
57,103,inf,inf,inf,665.8115348955739,inf
57,104,inf,inf,inf,853.4975102482725,inf
57,105,inf,inf,inf,1222.735457897578,inf
57,106,inf,inf,inf,1409.3193392556564,inf
57,107,inf,inf,inf,997.9278531036199,inf
57,108,inf,inf,inf,1030.7225620893335,inf
57,109,inf,inf,inf,730.0684899377592,inf
57,110,inf,inf,inf,896.1567943167089,inf
57,111,inf,inf,inf,480.3550770003373,inf
57,112,inf,inf,inf,302.42354405700627,inf
57,113,inf,inf,inf,1299.2744128935965,inf
57,114,inf,inf,inf,1226.3784081595697,inf
57,115,inf,inf,inf,543.051562929341,inf
57,116,inf,inf,inf,865.5876616495871,inf
57,117,inf,inf,inf,579.2495144581478,inf
57,118,inf,inf,inf,358.55822400274127,inf
57,119,inf,inf,inf,741.2597385532281,inf
57,120,inf,inf,inf,755.6143196102096,inf
57,121,inf,inf,inf,720.4012770671635,inf
57,122,inf,inf,inf,1294.6366285564457,inf
57,123,inf,inf,inf,1364.8743531915309,inf
57,124,inf,inf,inf,632.9494450586081,inf
57,125,inf,inf,inf,64.07027391856539,inf
57,126,inf,inf,inf,337.0014836762592,inf
57,127,inf,inf,inf,758.9519088848779,inf
57,128,inf,inf,inf,751.0559233505851,inf
57,129,inf,inf,inf,428.9731926356238,inf
58,59,inf,inf,inf,819.5242522341849,inf
58,60,inf,inf,inf,579.2762726022878,inf
58,61,inf,inf,inf,993.7590251162502,inf
58,62,inf,inf,inf,693.1183160182683,inf
58,63,inf,inf,inf,649.4436080215125,inf
58,64,inf,inf,inf,1225.6598222998093,inf
58,65,inf,inf,inf,638.2452506677978,inf
58,66,inf,inf,inf,1023.1607889281137,inf
58,67,inf,inf,inf,1107.9368213034531,inf
58,68,inf,inf,inf,811.1405550211381,inf
58,69,inf,inf,inf,559.422023163193,inf
58,70,inf,inf,inf,1134.4672758612298,inf
58,71,inf,inf,inf,1116.8657036546515,inf
58,72,inf,inf,inf,752.9575021208036,inf
58,73,inf,inf,inf,656.9878233270385,inf
58,74,inf,inf,inf,716.598911525827,inf
58,75,inf,inf,inf,747.9445166588227,inf
58,76,inf,inf,inf,1003.7813506934665,inf
58,77,inf,inf,inf,99.04544411531506,inf
58,78,inf,inf,inf,196.0943650388761,inf
58,79,inf,inf,inf,650.6804131061576,inf
58,80,inf,inf,inf,707.0007072132248,inf
58,81,inf,inf,inf,1128.4063984221289,inf
58,82,inf,inf,inf,1421.0014074588385,inf
58,83,inf,inf,inf,897.7527499261698,inf
58,84,inf,inf,inf,988.7087538805348,inf
58,85,inf,inf,inf,782.1253096531271,inf
58,86,inf,inf,inf,867.0974570369815,inf
58,87,inf,inf,inf,1422.8524168022486,inf
58,88,inf,inf,inf,1018.0240665131645,inf
58,89,inf,inf,inf,1239.4357587224922,inf
58,90,inf,inf,inf,1138.5345844549474,inf
58,91,inf,inf,inf,1036.924780299902,inf
58,92,inf,inf,inf,1332.6383605464762,inf
58,93,inf,inf,inf,386.25639153287807,inf
58,94,1.0,65.8406,65.8406204335659,60.74537019394976,1.0838788244000797
58,95,inf,inf,inf,812.9065136902275,inf
58,96,inf,inf,inf,890.4044025048394,inf
58,97,inf,inf,inf,192.753728887407,inf
58,98,inf,inf,inf,1178.8825217128294,inf
58,99,inf,inf,inf,528.5044938314148,inf
58,100,inf,inf,inf,476.32446924339297,inf
58,101,inf,inf,inf,887.811917018464,inf
58,102,inf,inf,inf,985.6216312561327,inf
58,103,inf,inf,inf,1091.1690978029023,inf
58,104,inf,inf,inf,525.5635071045173,inf
58,105,inf,inf,inf,551.1125111989384,inf
58,106,inf,inf,inf,267.5556016980396,inf
58,107,inf,inf,inf,638.4426364208456,inf
58,108,inf,inf,inf,353.23080273384994,inf
58,109,inf,inf,inf,854.6092674433153,inf
58,110,inf,inf,inf,685.0941541131409,inf
58,111,inf,inf,inf,916.00545849902,inf
58,112,inf,inf,inf,1367.0131674567,inf
58,113,inf,inf,inf,80.15609770940699,inf
58,114,inf,inf,inf,894.2958123574101,inf
58,115,inf,inf,inf,836.0023923410746,inf
58,116,inf,inf,inf,1028.315613029385,inf
58,117,inf,inf,inf,1167.6613378886877,inf
58,118,inf,inf,inf,1075.976300854252,inf
58,119,inf,inf,inf,646.7155479807177,inf
58,120,inf,inf,inf,746.8118906391354,inf
58,121,inf,inf,inf,682.9736451723448,inf
58,122,inf,inf,inf,772.712753874297,inf
58,123,inf,inf,inf,46.09772228646444,inf
58,124,inf,inf,inf,773.0989587368489,inf
58,125,inf,inf,inf,1431.8715026146724,inf
58,126,inf,inf,inf,1450.5657516982812,inf
58,127,inf,inf,inf,636.9654621720082,inf
58,128,inf,inf,inf,627.7021586708142,inf
58,129,inf,inf,inf,1160.8122156490256,inf
59,60,inf,inf,inf,730.8303496708385,inf
59,61,inf,inf,inf,497.16093973682206,inf
59,62,inf,inf,inf,713.4879116004699,inf
59,63,inf,inf,inf,377.7737418085063,inf
59,64,inf,inf,inf,598.2190234353969,inf
59,65,inf,inf,inf,681.2055490085206,inf
59,66,inf,inf,inf,648.297771089798,inf
59,67,inf,inf,inf,695.2697318307478,inf
59,68,inf,inf,inf,413.93356954951116,inf
59,69,inf,inf,inf,433.1801011126896,inf
59,70,inf,inf,inf,381.18237105091833,inf
59,71,inf,inf,inf,628.3351016774409,inf
59,72,inf,inf,inf,69.1158447825099,inf
59,73,inf,inf,inf,162.74212730574712,inf
59,74,inf,inf,inf,125.96031120952345,inf
59,75,inf,inf,inf,595.2722066416338,inf
59,76,inf,inf,inf,684.5005478449232,inf
59,77,inf,inf,inf,856.4169545262401,inf
59,78,inf,inf,inf,714.751005595655,inf
59,79,inf,inf,inf,229.40139493908924,inf
59,80,inf,inf,inf,246.02845363900494,inf
59,81,inf,inf,inf,682.2558171243394,inf
59,82,inf,inf,inf,712.0849668403343,inf
59,83,inf,inf,inf,388.9730067755345,inf
59,84,inf,inf,inf,546.0082416960389,inf
59,85,inf,inf,inf,518.8333065638712,inf
59,86,inf,inf,inf,680.3601987182966,inf
59,87,inf,inf,inf,612.1805289291714,inf
59,88,inf,inf,inf,647.8433452618002,inf
59,89,inf,inf,inf,611.6968203285023,inf
59,90,inf,inf,inf,485.173164962779,inf
59,91,inf,inf,inf,643.5347698454218,inf
59,92,inf,inf,inf,772.984475911386,inf
59,93,inf,inf,inf,481.02598682399685,inf
59,94,inf,inf,inf,804.4240175429871,inf
59,95,inf,inf,inf,473.1691029642574,inf
59,96,inf,inf,inf,819.7804584155443,inf
59,97,inf,inf,inf,734.6849664992473,inf
59,98,inf,inf,inf,798.1027502771808,inf
59,99,inf,inf,inf,750.0326659552902,inf
59,100,inf,inf,inf,479.0167011702202,inf
59,101,inf,inf,inf,305.83982736066275,inf
59,102,inf,inf,inf,387.4661275518158,inf
59,103,inf,inf,inf,749.4598054599059,inf
59,104,inf,inf,inf,327.8795510549568,inf
59,105,inf,inf,inf,880.4345517981448,inf
59,106,inf,inf,inf,798.8554312264516,inf
59,107,inf,inf,inf,381.27811371753296,inf
59,108,inf,inf,inf,469.9106298010293,inf
59,109,inf,inf,inf,602.1702417091034,inf
59,110,inf,inf,inf,635.5171122794413,inf
59,111,inf,inf,inf,339.284541351356,inf
59,112,inf,inf,inf,745.236204166169,inf
59,113,inf,inf,inf,747.010709427917,inf
59,114,inf,inf,inf,673.0475466116789,inf
59,115,inf,inf,inf,196.06121493043952,inf
59,116,inf,inf,inf,856.9813300183382,inf
59,117,inf,inf,inf,747.9204503154062,inf
59,118,inf,inf,inf,468.095075812596,inf
59,119,inf,inf,inf,329.46168214224855,inf
59,120,inf,inf,inf,522.0766227288864,inf
59,121,inf,inf,inf,364.67656903069604,inf
59,122,inf,inf,inf,703.4379858949899,inf
59,123,inf,inf,inf,795.3898415242679,inf
59,124,inf,inf,inf,80.2122185206219,inf
59,125,inf,inf,inf,663.6053043790413,inf
59,126,inf,inf,inf,631.801392844302,inf
59,127,inf,inf,inf,361.3654659759286,inf
59,128,inf,inf,inf,281.00177935379696,inf
59,129,inf,inf,inf,634.1332667507675,inf
60,61,inf,inf,inf,1150.4129693288405,inf
60,62,inf,inf,inf,124.61942063739504,inf
60,63,inf,inf,inf,359.2436499090833,inf
60,64,inf,inf,inf,819.6249142138128,inf
60,65,inf,inf,inf,87.69264507357501,inf
60,66,inf,inf,inf,524.0085877158884,inf
60,67,inf,inf,inf,1327.2034508695342,inf
60,68,inf,inf,inf,992.7940370489742,inf
60,69,inf,inf,inf,803.5981582855949,inf
60,70,inf,inf,inf,1111.8259755915042,inf
60,71,inf,inf,inf,651.769898046849,inf
60,72,inf,inf,inf,670.8800190794178,inf
60,73,inf,inf,inf,628.7527335924672,inf
60,74,inf,inf,inf,710.9184200736397,inf
60,75,inf,inf,inf,247.1113109511582,inf
60,76,inf,inf,inf,1264.7252666093138,inf
60,77,inf,inf,inf,676.7104255144884,inf
60,78,inf,inf,inf,677.0819743576105,inf
60,79,inf,inf,inf,728.0439547170212,inf
60,80,inf,inf,inf,492.0823101880416,inf
60,81,inf,inf,inf,1329.6804127308185,inf
60,82,inf,inf,inf,1442.9005509736282,inf
60,83,inf,inf,inf,1031.9946705288744,inf
60,84,inf,inf,inf,1177.1737339917163,inf
60,85,inf,inf,inf,1034.735231834695,inf
60,86,inf,inf,inf,327.3912033027155,inf
60,87,inf,inf,inf,1185.4889286703608,inf
60,88,inf,inf,inf,518.0038609894718,inf
60,89,inf,inf,inf,830.6924822098729,inf
60,90,inf,inf,inf,1202.7676417330158,inf
60,91,inf,inf,inf,543.1555946503727,inf
60,92,inf,inf,inf,1473.62478263634,inf
60,93,inf,inf,inf,647.1205451845892,inf
60,94,inf,inf,inf,520.3815907581666,inf
60,95,inf,inf,inf,1029.0675390857493,inf
60,96,inf,inf,inf,1265.071144244465,inf
60,97,inf,inf,inf,386.78805565839286,inf
60,98,inf,inf,inf,1422.6106283871213,inf
60,99,inf,inf,inf,59.665735560705194,inf
60,100,inf,inf,inf,757.2384036748268,inf
60,101,inf,inf,inf,974.4111042060225,inf
60,102,inf,inf,inf,1076.7845652682806,inf
60,103,inf,inf,inf,1349.2772139186225,inf
60,104,inf,inf,inf,657.2183807533079,inf
60,105,inf,inf,inf,1052.9083530868202,inf
60,106,inf,inf,inf,330.47995400629065,inf
60,107,inf,inf,inf,353.42042951702723,inf
60,108,inf,inf,inf,544.0082719959321,inf
60,109,inf,inf,inf,1129.3228059328299,inf
60,110,inf,inf,inf,1031.7388235401438,inf
60,111,inf,inf,inf,1011.1523129578451,inf
60,112,inf,inf,inf,1463.6153866368036,inf
60,113,inf,inf,inf,576.6003815468735,inf
60,114,inf,inf,inf,361.33364083627754,inf
60,115,inf,inf,inf,873.0114546785741,inf
60,116,inf,inf,inf,1369.8934265117123,inf
60,117,inf,inf,inf,1387.868869886489,inf
60,118,inf,inf,inf,1169.1886075394336,inf
60,119,inf,inf,inf,808.586420860504,inf
60,120,inf,inf,inf,1012.040018971582,inf
60,121,inf,inf,inf,866.083136886985,inf
60,122,inf,inf,inf,213.67732682715777,inf
60,123,inf,inf,inf,533.2504102201891,inf
60,124,inf,inf,inf,743.1318860067842,inf
60,125,inf,inf,inf,1385.459129675069,inf
60,126,inf,inf,inf,1282.2246293064254,inf
60,127,inf,inf,inf,823.1172455974908,inf
60,128,inf,inf,inf,748.8290859735617,inf
60,129,inf,inf,inf,1314.5615238550076,inf
61,62,inf,inf,inf,1165.4355409030566,inf
61,63,inf,inf,inf,836.3217084352169,inf
61,64,inf,inf,inf,1048.851276397183,inf
61,65,inf,inf,inf,1122.525723535991,inf
61,66,inf,inf,inf,1145.2095878047826,inf
61,67,inf,inf,inf,198.48677537810926,inf
61,68,inf,inf,inf,182.7840255602223,inf
61,69,inf,inf,inf,434.35008921375857,inf
61,70,inf,inf,inf,345.8916015170071,inf
61,71,inf,inf,inf,1116.0474900289862,inf
61,72,inf,inf,inf,524.6046130182235,inf
61,73,inf,inf,inf,529.1880573104423,inf
61,74,inf,inf,inf,452.48756889001936,inf
61,75,inf,inf,inf,1069.292289320371,inf
61,76,inf,inf,inf,221.50395030337495,inf
61,77,inf,inf,inf,979.332936237723,inf
61,78,inf,inf,inf,814.9466240190212,inf
61,79,inf,inf,inf,422.9349831829947,inf
61,80,inf,inf,inf,720.3061848963953,inf
61,81,inf,inf,inf,186.3866948041088,inf
61,82,inf,inf,inf,470.88002718314567,inf
61,83,inf,inf,inf,118.69709347747316,inf
61,84,inf,inf,inf,62.80127387243033,inf
61,85,inf,inf,inf,243.32899539512343,inf
61,86,inf,inf,inf,1167.3923933279675,inf
61,87,inf,inf,inf,840.9054643656443,inf
61,88,inf,inf,inf,1144.8537024441157,inf
61,89,inf,inf,inf,1060.584744374536,inf
61,90,inf,inf,inf,208.47062143141417,inf
61,91,inf,inf,inf,1139.9175408774092,inf
61,92,inf,inf,inf,341.7835572405437,inf
61,93,inf,inf,inf,614.3980794240815,inf
61,94,inf,inf,inf,1009.6083399021622,inf
61,95,inf,inf,inf,190.3943276465977,inf
61,96,inf,inf,inf,454.5118260287624,inf
61,97,inf,inf,inf,1004.1897231101302,inf
61,98,inf,inf,inf,301.27230207903284,inf
61,99,inf,inf,inf,1151.8029345335078,inf
61,100,inf,inf,inf,517.6098917138273,inf
61,101,inf,inf,inf,191.9088325221119,inf
61,102,inf,inf,inf,128.68954891520912,inf
61,103,inf,inf,inf,262.5737991498771,inf
61,104,inf,inf,inf,515.6529840891062,inf
61,105,inf,inf,inf,740.5416936270368,inf
61,106,inf,inf,inf,1098.2262972630003,inf
61,107,inf,inf,inf,836.0143539437586,inf
61,108,inf,inf,inf,685.1926736327528,inf
61,109,inf,inf,inf,240.20824298928628,inf
61,110,inf,inf,inf,412.3311775745317,inf
61,111,inf,inf,inf,157.9271984174987,inf
61,112,inf,inf,inf,376.0850967533811,inf
61,113,inf,inf,inf,914.0645491430023,inf
61,114,inf,inf,inf,1163.642556801701,inf
61,115,inf,inf,inf,303.3891889965758,inf
61,116,inf,inf,inf,420.62096952006567,inf
61,117,inf,inf,inf,251.17722826721374,inf
61,118,inf,inf,inf,133.5065541462291,inf
61,119,inf,inf,inf,363.2987751149183,inf
61,120,inf,inf,inf,279.30807363912703,inf
61,121,inf,inf,inf,315.49643421122846,inf
61,122,inf,inf,inf,1173.5348311831226,inf
61,123,inf,inf,inf,992.3719060916628,inf
61,124,inf,inf,inf,441.3898503590675,inf
61,125,inf,inf,inf,554.0081226841354,inf
61,126,inf,inf,inf,743.3774276906718,inf
61,127,inf,inf,inf,363.4116123626211,inf
61,128,inf,inf,inf,410.07926063140525,inf
61,129,inf,inf,inf,170.8156901458411,inf
62,63,inf,inf,inf,336.51448705813544,inf
62,64,inf,inf,inf,717.2398483073846,inf
62,65,inf,inf,inf,57.688820407423826,inf
62,66,inf,inf,inf,406.97051490249265,inf
62,67,inf,inf,inf,1350.2758977334965,inf
62,68,inf,inf,inf,1019.3576408699745,inf
62,69,inf,inf,inf,853.2877591996735,inf
62,70,inf,inf,inf,1089.21301865154,inf
62,71,inf,inf,inf,539.7128866351071,inf
62,72,inf,inf,inf,660.6133513637157,inf
62,73,inf,inf,inf,636.3961030678928,inf
62,74,inf,inf,inf,715.3635439411208,inf
62,75,inf,inf,inf,150.65855435387664,inf
62,76,inf,inf,inf,1298.1864272900098,inf
62,77,inf,inf,inf,788.8909937374111,inf
62,78,inf,inf,inf,774.2002324980276,inf
62,79,inf,inf,inf,749.7266168410989,inf
62,80,inf,inf,inf,467.60774159545304,inf
62,81,inf,inf,inf,1348.8736041601526,inf
62,82,inf,inf,inf,1420.8954922864666,inf
62,83,inf,inf,inf,1046.8548132382064,inf
62,84,inf,inf,inf,1198.015024947517,inf
62,85,inf,inf,inf,1073.9837056492058,inf
62,86,inf,inf,inf,205.24375751773792,inf
62,87,inf,inf,inf,1112.5331455736498,inf
62,88,inf,inf,inf,400.90148415789133,inf
62,89,inf,inf,inf,727.4338457894298,inf
62,90,inf,inf,inf,1196.202324023825,inf
62,91,inf,inf,inf,426.9379345993982,inf
62,92,inf,inf,inf,1476.6285924361616,inf
62,93,inf,inf,inf,713.1374341597838,inf
62,94,inf,inf,inf,635.6264626335187,inf
62,95,inf,inf,inf,1061.1361835315956,inf
62,96,inf,inf,inf,1322.2998903425803,inf
62,97,inf,inf,inf,500.5486989294848,inf
62,98,inf,inf,inf,1448.6921688198636,inf
62,99,inf,inf,inf,184.20097719610501,inf
62,100,inf,inf,inf,817.0679286326199,inf
62,101,inf,inf,inf,981.723484490414,inf
62,102,inf,inf,inf,1080.5447700118677,inf
62,103,inf,inf,inf,1380.0438398833567,inf
62,104,inf,inf,inf,697.4883511572075,inf
62,105,inf,inf,inf,1141.2703448350876,inf
62,106,inf,inf,inf,452.59805567412684,inf
62,107,inf,inf,inf,334.3411431457397,inf
62,108,inf,inf,inf,610.9607188682428,inf
62,109,inf,inf,inf,1169.6238711654273,inf
62,110,inf,inf,inf,1089.7747473675465,inf
62,111,inf,inf,inf,1018.5740032025165,inf
62,112,inf,inf,inf,1457.285147114318,inf
62,113,inf,inf,inf,683.117852204142,inf
62,114,inf,inf,inf,240.03333101883996,inf
62,115,inf,inf,inf,874.9977142827289,inf
62,116,inf,inf,inf,1417.9231290870462,inf
62,117,inf,inf,inf,1409.6985493359919,inf
62,118,inf,inf,inf,1169.998290597042,inf
62,119,inf,inf,inf,841.6471944942251,inf
62,120,inf,inf,inf,1054.751629531806,inf
62,121,inf,inf,inf,899.681054596572,inf
62,122,inf,inf,inf,89.44271909999159,inf
62,123,inf,inf,inf,647.0378659707637,inf
62,124,inf,inf,inf,739.0162379812774,inf
62,125,inf,inf,inf,1349.8936995185954,inf
62,126,inf,inf,inf,1222.3133804389117,inf
62,127,inf,inf,inf,860.0953435520971,inf
62,128,inf,inf,inf,778.0777596101819,inf
62,129,inf,inf,inf,1324.0219031420893,inf
63,64,inf,inf,inf,576.6394020529641,inf
63,65,inf,inf,inf,303.67416748877406,inf
63,66,inf,inf,inf,413.9770525041213,inf
63,67,inf,inf,inf,1026.023878864425,inf
63,68,inf,inf,inf,701.9116753552402,inf
63,69,inf,inf,inf,576.5084561391966,inf
63,70,inf,inf,inf,756.3735849433136,inf
63,71,inf,inf,inf,478.51854718495497,inf
63,72,inf,inf,inf,324.172793429677,inf
63,73,inf,inf,inf,309.19573088902763,inf
63,74,inf,inf,inf,383.8814921300583,inf
63,75,inf,inf,inf,235.03191272676142,inf
63,76,inf,inf,inf,984.7121406786858,inf
63,77,inf,inf,inf,723.3429338840602,inf
63,78,inf,inf,inf,639.6561576347092,inf
63,79,inf,inf,inf,433.36820372519253,inf
63,80,inf,inf,inf,133.60014970051492,inf
63,81,inf,inf,inf,1021.5997259200885,inf
63,82,inf,inf,inf,1088.1589957354577,inf
63,83,inf,inf,inf,718.5074808239647,inf
63,84,inf,inf,inf,873.0051546239575,inf
63,85,inf,inf,inf,771.5315936499295,inf
63,86,inf,inf,inf,346.95388742598055,inf
63,87,inf,inf,inf,850.6233008800076,inf
63,88,inf,inf,inf,410.2779545625136,inf
63,89,inf,inf,inf,590.3100880046012,inf
63,90,inf,inf,inf,859.6894788236041,inf
63,91,inf,inf,inf,421.62779794505957,inf
63,92,inf,inf,inf,1141.1722043583081,inf
63,93,inf,inf,inf,485.96810594935135,inf
63,94,inf,inf,inf,609.476004449724,inf
63,95,inf,inf,inf,749.3490508434637,inf
63,96,inf,inf,inf,1044.3509946373395,inf
63,97,inf,inf,inf,494.1224544584065,inf
63,98,inf,inf,inf,1126.426650963124,inf
63,99,inf,inf,inf,387.5358047974406,inf
63,100,inf,inf,inf,564.427143216908,inf
63,101,inf,inf,inf,649.2310836674412,inf
63,102,inf,inf,inf,746.0623298357852,inf
63,103,inf,inf,inf,1062.8174819789144,inf
63,104,inf,inf,inf,413.26020858534156,inf
63,105,inf,inf,inf,947.5399727715976,inf
63,106,inf,inf,inf,516.9535762522588,inf
63,107,inf,inf,inf,11.045361017187261,inf
63,108,inf,inf,inf,401.8370316434263,inf
63,109,inf,inf,inf,866.7606359312817,inf
63,110,inf,inf,inf,819.41259448461,inf
63,111,inf,inf,inf,685.9190914386331,inf
63,112,inf,inf,inf,1120.7756242888227,inf
63,113,inf,inf,inf,601.9202604996779,inf
63,114,inf,inf,inf,353.47701481143014,inf
63,115,inf,inf,inf,540.722664588789,inf
63,116,inf,inf,inf,1122.6397463122353,inf
63,117,inf,inf,inf,1084.0904021344345,inf
63,118,inf,inf,inf,834.4255509031348,inf
63,119,inf,inf,inf,536.9878955805242,inf
63,120,inf,inf,inf,757.9610807950498,inf
63,121,inf,inf,inf,593.7844726834813,inf
63,122,inf,inf,inf,337.25064862799,inf
63,123,inf,inf,inf,610.0917963716607,inf
63,124,inf,inf,inf,403.4216156826503,inf
63,125,inf,inf,inf,1026.364944841746,inf
63,126,inf,inf,inf,931.6415619754198,inf
63,127,inf,inf,inf,560.6157329222932,inf
63,128,inf,inf,inf,470.5241757869621,inf
63,129,inf,inf,inf,991.1003985469888,inf
64,65,inf,inf,inf,732.8198960181144,inf
64,66,inf,inf,inf,339.24622326563934,inf
64,67,inf,inf,inf,1242.1924166569365,inf
64,68,inf,inf,inf,1005.861322449571,inf
64,69,inf,inf,inf,1013.8012625756588,inf
64,70,inf,inf,inf,775.1709488880501,inf
64,71,inf,inf,inf,201.5365971728212,inf
64,72,inf,inf,inf,618.4504830623063,inf
64,73,inf,inf,inf,697.0028694345526,inf
64,74,inf,inf,inf,711.3733197133556,inf
64,75,inf,inf,inf,573.0802736092039,inf
64,76,inf,inf,inf,1259.1763180746373,inf
64,77,inf,inf,inf,1296.4273986614137,inf
64,78,inf,inf,inf,1196.9482027222398,inf
64,79,inf,inf,inf,812.7736462263033,inf
64,80,inf,inf,inf,537.9219274206993,inf
64,81,inf,inf,inf,1218.6898703115571,inf
64,82,inf,inf,inf,1042.5588712394135,inf
64,83,inf,inf,inf,960.5758689452905,inf
64,84,inf,inf,inf,1107.041552968993,inf
64,85,inf,inf,inf,1115.4989914831838,inf
64,86,inf,inf,inf,534.4043412997315,inf
64,87,inf,inf,inf,495.2544800403122,inf
64,88,inf,inf,inf,344.6113753200843,inf
64,89,inf,inf,inf,14.317821063276353,inf
64,90,inf,inf,inf,948.538349251099,inf
64,91,inf,inf,inf,318.1273329973393,inf
64,92,inf,inf,inf,1232.714484379899,inf
64,93,inf,inf,inf,1001.1553326032879,inf
64,94,inf,inf,inf,1186.055647935627,inf
64,95,inf,inf,inf,1066.3343753251136,inf
64,96,inf,inf,inf,1416.8733182610222,inf
64,97,inf,inf,inf,1067.801479676817,inf
64,98,inf,inf,inf,1342.0916511177618,inf
64,99,inf,inf,inf,872.5302287027081,inf
64,100,inf,inf,inf,1040.1543154743915,inf
64,101,inf,inf,inf,873.800892652325,inf
64,102,inf,inf,inf,921.9544457292888,inf
64,103,inf,inf,inf,1311.3611249385121,inf
64,104,inf,inf,inf,873.8014648648742,inf
64,105,inf,inf,inf,1448.6673186070016,inf
64,106,inf,inf,inf,1076.819390612929,inf
64,107,inf,inf,inf,587.6776327205248,inf
64,108,inf,inf,inf,942.7884174086994,inf
64,109,inf,inf,inf,1194.968200413718,inf
64,110,inf,inf,inf,1231.5924650630175,inf
64,111,inf,inf,inf,899.2307823912613,inf
64,112,inf,inf,inf,1162.7729787022056,inf
64,113,inf,inf,inf,1174.9812764465653,inf
64,114,inf,inf,inf,500.99201590444534,inf
64,115,inf,inf,inf,778.2146233527099,inf
64,116,inf,inf,inf,1444.0031163401275,inf
64,117,inf,inf,inf,1284.5283180996828,inf
64,118,inf,inf,inf,971.0782666706119,inf
64,119,inf,inf,inf,922.0005422991898,inf
64,120,inf,inf,inf,1120.1294568039893,inf
64,121,inf,inf,inf,961.8029943808659,inf
64,122,inf,inf,inf,641.8107197608965,inf
64,123,inf,inf,inf,1186.7000463470117,inf
64,124,inf,inf,inf,677.5868947965272,inf
64,125,inf,inf,inf,905.4645216682982,inf
64,126,inf,inf,inf,660.7155212343661,inf
64,127,inf,inf,inf,953.6188966248519,inf
64,128,inf,inf,inf,865.3068819788734,inf
64,129,inf,inf,inf,1142.3086272982446,inf
65,66,inf,inf,inf,437.0732204104937,inf
65,67,inf,inf,inf,1305.0965481526644,inf
65,68,inf,inf,inf,972.7908305488904,inf
65,69,inf,inf,inf,800.7421557530239,inf
65,70,inf,inf,inf,1059.9551877320098,inf
65,71,inf,inf,inf,564.0939638039039,inf
65,72,inf,inf,inf,625.352700481896,inf
65,73,inf,inf,inf,594.6494765826335,inf
65,74,inf,inf,inf,674.9940740480615,inf
65,75,inf,inf,inf,159.8311609167624,inf
65,76,inf,inf,inf,1250.0399993600204,inf
65,77,inf,inf,inf,733.3955276656656,inf
65,78,inf,inf,inf,716.6100752850186,inf
65,79,inf,inf,inf,704.0071022369021,inf
65,80,inf,inf,inf,436.972539182956,inf
65,81,inf,inf,inf,1304.8601457627558,inf
65,82,inf,inf,inf,1391.7700959569436,inf
65,83,inf,inf,inf,1003.8331534672483,inf
65,84,inf,inf,inf,1153.3499035418522,inf
65,85,inf,inf,inf,1024.1254805930766,inf
65,86,inf,inf,inf,243.9938523815713,inf
65,87,inf,inf,inf,1108.2247064562314,inf
65,88,inf,inf,inf,431.0939572761372,inf
65,89,inf,inf,inf,743.7472689025486,inf
65,90,inf,inf,inf,1160.7669878145225,inf
65,91,inf,inf,inf,456.0043859438196,inf
65,92,inf,inf,inf,1438.0264253482965,inf
65,93,inf,inf,inf,657.4777562777314,inf
65,94,inf,inf,inf,581.3544529802795,inf
65,95,inf,inf,inf,1013.1110501815682,inf
65,96,inf,inf,inf,1268.6863284515996,inf
65,97,inf,inf,inf,446.0549293528769,inf
65,98,inf,inf,inf,1402.7134418690084,inf
65,99,inf,inf,inf,145.03103116229988,inf
65,100,inf,inf,inf,762.5326222529761,inf
65,101,inf,inf,inf,941.0488828961012,inf
65,102,inf,inf,inf,1041.2420467883537,inf
65,103,inf,inf,inf,1332.693888332951,inf
65,104,inf,inf,inf,646.7101359960272,inf
65,105,inf,inf,inf,1083.6982974979705,inf
65,106,inf,inf,inf,403.24310285484114,inf
65,107,inf,inf,inf,299.93332592427936,inf
65,108,inf,inf,inf,555.0,inf
65,109,inf,inf,inf,1119.6088602721934,inf
65,110,inf,inf,inf,1035.8498926002744,inf
65,111,inf,inf,inf,977.926888882804,inf
65,112,inf,inf,inf,1422.0323484365606,inf
65,113,inf,inf,inf,626.5029928100903,inf
65,114,inf,inf,inf,276.9259828907356,inf
65,115,inf,inf,inf,835.9264321697215,inf
65,116,inf,inf,inf,1366.2832795580864,inf
65,117,inf,inf,inf,1364.9388264680583,inf
65,118,inf,inf,inf,1131.8515803761552,inf
65,119,inf,inf,inf,793.0006305167733,inf
65,120,inf,inf,inf,1004.0343619617806,inf
65,121,inf,inf,inf,851.0052878801636,inf
65,122,inf,inf,inf,136.0,inf
65,123,inf,inf,inf,592.2178653164729,inf
65,124,inf,inf,inf,701.7471054446894,inf
65,125,inf,inf,inf,1326.567374843811,inf
65,126,inf,inf,inf,1210.8055170009757,inf
65,127,inf,inf,inf,810.4838061306345,inf
65,128,inf,inf,inf,730.3019923292007,inf
65,129,inf,inf,inf,1283.0876821168536,inf
66,67,inf,inf,inf,1343.4917193641352,inf
66,68,inf,inf,inf,1049.4403270315088,inf
66,69,inf,inf,inf,973.6657537368766,inf
66,70,inf,inf,inf,952.1607007223098,inf
66,71,inf,inf,inf,140.9432509913121,inf
66,72,inf,inf,inf,631.1140942808994,inf
66,73,inf,inf,inf,668.823594081429,inf
66,74,inf,inf,inf,719.8472060097198,inf
66,75,inf,inf,inf,285.8898389240163,inf
66,76,inf,inf,inf,1328.4927549670717,inf
66,77,inf,inf,inf,1108.3699743316758,inf
66,78,inf,inf,inf,1045.0555009184918,inf
66,79,inf,inf,inf,800.6653483197583,inf
66,80,inf,inf,inf,460.9902385083658,inf
66,81,inf,inf,inf,1329.4980255720577,inf
66,82,inf,inf,inf,1263.1425097747285,inf
66,83,inf,inf,inf,1036.691853927675,inf
66,84,inf,inf,inf,1194.137764246655,inf
66,85,inf,inf,inf,1139.3796557776516,inf
66,86,inf,inf,inf,206.15528128088303,inf
66,87,inf,inf,inf,806.848808637653,inf
66,88,inf,inf,inf,6.082762530298219,inf
66,89,inf,inf,inf,346.07080200444534,inf
66,90,inf,inf,inf,1103.0888450165744,inf
66,91,inf,inf,inf,21.470910553583888,inf
66,92,inf,inf,inf,1397.3321008264284,inf
66,93,inf,inf,inf,899.4442728707544,inf
66,94,inf,inf,inf,973.558421462215,inf
66,95,inf,inf,inf,1104.7737324900515,inf
66,96,inf,inf,inf,1429.154295378914,inf
66,97,inf,inf,inf,842.4393153218812,inf
66,98,inf,inf,inf,1446.3312207098345,inf
66,99,inf,inf,inf,582.1039426081909,inf
66,100,inf,inf,inf,972.185681853009,inf
66,101,inf,inf,inf,954.1362586129928,inf
66,102,inf,inf,inf,1031.1314174245686,inf
66,103,inf,inf,inf,1396.7233083184371,inf
66,104,inf,inf,inf,812.8130166280557,inf
66,105,inf,inf,inf,1361.3570435414804,inf
66,106,inf,inf,inf,824.8757482190879,inf
66,107,inf,inf,inf,422.7871805057481,inf
66,108,inf,inf,inf,815.3391932196072,inf
66,109,inf,inf,inf,1230.8066460659043,inf
66,110,inf,inf,inf,1213.8220627423116,inf
66,111,inf,inf,inf,987.2831407453486,inf
66,112,inf,inf,inf,1348.5640511299416,inf
66,113,inf,inf,inf,989.709553353912,inf
66,114,inf,inf,inf,170.76592165886026,inf
66,115,inf,inf,inf,843.9111327622121,inf
66,116,inf,inf,inf,1489.443184549179,inf
66,117,inf,inf,inf,1395.4658720298394,inf
66,118,inf,inf,inf,1103.1051627111533,inf
66,119,inf,inf,inf,912.9320894787301,inf
66,120,inf,inf,inf,1132.8309670908543,inf
66,121,inf,inf,inf,965.132633372222,inf
66,122,inf,inf,inf,321.90837205639747,inf
66,123,inf,inf,inf,979.3635688547946,inf
66,124,inf,inf,inf,711.5195007868723,inf
66,125,inf,inf,inf,1151.9453112018816,inf
66,126,inf,inf,inf,952.6305684786731,inf
66,127,inf,inf,inf,940.9298592350017,inf
66,128,inf,inf,inf,847.1717653463198,inf
66,129,inf,inf,inf,1274.3896578362521,inf
67,68,inf,inf,inf,334.7730574583325,inf
67,69,inf,inf,inf,562.6588664546218,inf
67,70,inf,inf,inf,504.8762224545735,inf
67,71,inf,inf,inf,1314.087135619248,inf
67,72,inf,inf,inf,720.2923017775491,inf
67,73,inf,inf,inf,717.0111575143026,inf
67,74,inf,inf,inf,643.8462549397954,inf
67,75,inf,inf,inf,1260.333685973679,inf
67,76,inf,inf,inf,125.92458060283545,inf
67,77,inf,inf,inf,1077.9434122438895,inf
67,78,inf,inf,inf,917.8589216214003,inf
67,79,inf,inf,inf,601.1031525453847,inf
67,80,inf,inf,inf,914.0820532096667,inf
67,81,inf,inf,inf,42.2965719651132,inf
67,82,inf,inf,inf,509.4281107280987,inf
67,83,inf,inf,inf,309.87094087700444,inf
67,84,inf,inf,inf,153.05227865013967,inf
67,85,inf,inf,inf,326.2698269837406,inf
67,86,inf,inf,inf,1361.5322251052305,inf
67,87,inf,inf,inf,997.409143731899,inf
67,88,inf,inf,inf,1343.0893492243918,inf
67,89,inf,inf,inf,1253.5904434862289,inf
67,90,inf,inf,inf,332.6695056659086,inf
67,91,inf,inf,inf,1338.3232046109042,inf
67,92,inf,inf,inf,265.3695536417092,inf
67,93,inf,inf,inf,748.2365935985756,inf
67,94,inf,inf,inf,1132.3965736437037,inf
67,95,inf,inf,inf,306.78494096027595,inf
67,96,inf,inf,inf,384.1041525419896,inf
67,97,inf,inf,inf,1145.660508178579,inf
67,98,inf,inf,inf,102.83968105745953,inf
67,99,inf,inf,inf,1324.0305887705163,inf
67,100,inf,inf,inf,639.203410504043,inf
67,101,inf,inf,inf,389.51508314826526,inf
67,102,inf,inf,inf,320.78965070587924,inf
67,103,inf,inf,inf,89.31965069345043,inf
67,104,inf,inf,inf,676.4946415161024,inf
67,105,inf,inf,inf,757.9505260899289,inf
67,106,inf,inf,inf,1244.544093232538,inf
67,107,inf,inf,inf,1025.0078048483338,inf
67,108,inf,inf,inf,832.2932175621762,inf
67,109,inf,inf,inf,259.53227159642404,inf
67,110,inf,inf,inf,450.308782947879,inf
67,111,inf,inf,inf,356.2948217417705,inf
67,112,inf,inf,inf,352.3932462462923,inf
67,113,inf,inf,inf,1030.6333004517173,inf
67,114,inf,inf,inf,1358.8660713992383,inf
67,115,inf,inf,inf,500.5277215100079,inf
67,116,inf,inf,inf,290.84188144075813,inf
67,117,inf,inf,inf,61.68468205316454,inf
67,118,inf,inf,inf,281.27744310555727,inf
67,119,inf,inf,inf,521.6943549627501,inf
67,120,inf,inf,inf,361.13709308239163,inf
67,121,inf,inf,inf,466.20274559466077,inf
67,122,inf,inf,inf,1363.013206098899,inf
67,123,inf,inf,inf,1113.5569136779673,inf
67,124,inf,inf,inf,637.2456355284044,inf
67,125,inf,inf,inf,638.200595424354,inf
67,126,inf,inf,inf,877.2736175219223,inf
67,127,inf,inf,inf,512.6763111359837,inf
67,128,inf,inf,inf,578.6069477633326,inf
67,129,inf,inf,inf,147.7057886475679,inf
68,69,inf,inf,inf,251.7339865810733,inf
68,70,inf,inf,inf,425.9213542427757,inf
68,71,inf,inf,inf,1041.0321800981947,inf
68,72,inf,inf,inf,418.6167698504206,inf
68,73,inf,inf,inf,394.06852196033117,inf
68,74,inf,inf,inf,330.49205739321485,inf
68,75,inf,inf,inf,936.9311607583559,inf
68,76,inf,inf,inf,283.2701890421934,inf
68,77,inf,inf,inf,798.6770310957991,inf
68,78,inf,inf,inf,634.0851677811113,inf
68,79,inf,inf,inf,270.06665843824555,inf
68,80,inf,inf,inf,600.0441650412076,inf
68,81,inf,inf,inf,340.8958785318473,inf
68,82,inf,inf,inf,633.0007898889227,inf
68,83,inf,inf,inf,102.96115772464877,inf
68,84,inf,inf,inf,188.85444130334875,inf
68,85,inf,inf,inf,118.9663818059539,inf
68,86,inf,inf,inf,1044.2820500228854,inf
68,87,inf,inf,inf,888.5763895130233,inf
68,88,inf,inf,inf,1048.2289826178248,inf
68,89,inf,inf,inf,1018.8277577687015,inf
68,90,inf,inf,inf,351.2406582387637,inf
68,91,inf,inf,inf,1047.1723831346967,inf
68,92,inf,inf,inf,523.8110346298558,inf
68,93,inf,inf,inf,432.001157405857,inf
68,94,inf,inf,inf,826.8693971843437,inf
68,95,2.0,78.9705,78.97056274847714,60.8276253029822,1.2982680542783813
68,96,inf,inf,inf,414.67215966351057,inf
68,97,inf,inf,inf,824.063711129182,inf
68,98,inf,inf,inf,430.15462336234395,inf
68,99,inf,inf,inf,989.262351451828,inf
68,100,inf,inf,inf,335.2760057027642,inf
68,101,inf,inf,inf,157.20368952413298,inf
68,102,inf,inf,inf,205.36065835500236,inf
68,103,inf,inf,inf,361.35439668004597,inf
68,104,inf,inf,inf,342.80023337214925,inf
68,105,inf,inf,inf,600.8527273800128,inf
68,106,inf,inf,inf,919.7113677670837,inf
68,107,inf,inf,inf,699.8414106067174,inf
68,108,inf,inf,inf,506.00098814132764,inf
68,109,inf,inf,inf,189.12958520548815,inf
68,110,inf,inf,inf,282.98586537139977,inf
68,111,inf,inf,inf,156.92354826475216,inf
68,112,inf,inf,inf,556.8213357981176,inf
68,113,inf,inf,inf,731.3795184444257,inf
68,114,inf,inf,inf,1044.9392326829345,inf
68,115,inf,inf,inf,228.42285349763057,inf
68,116,inf,inf,inf,443.30576355378014,inf
68,117,inf,inf,inf,395.9040287746514,inf
68,118,inf,inf,inf,278.7436097922247,inf
68,119,inf,inf,inf,187.84035775093702,inf
68,120,inf,inf,inf,140.24621207005913,inf
68,121,inf,inf,inf,135.07035203922436,inf
68,122,inf,inf,inf,1036.7960262269528,inf
68,123,inf,inf,inf,809.5949604586234,inf
68,124,inf,inf,inf,340.8005281686048,inf
68,125,inf,inf,inf,688.1722168178544,inf
68,126,inf,inf,inf,824.6332518156178,inf
68,127,inf,inf,inf,183.0027322200409,inf
68,128,inf,inf,inf,243.97745797511703,inf
68,129,inf,inf,inf,352.0227265390688,inf
69,70,inf,inf,inf,620.6488540229491,inf
69,71,inf,inf,inf,999.1646510961044,inf
69,72,inf,inf,inf,397.20271902392614,inf
69,73,inf,inf,inf,318.90437438203946,inf
69,74,inf,inf,inf,308.58548248418947,inf
69,75,inf,inf,inf,800.9606731918865,inf
69,76,inf,inf,inf,475.5502076542497,inf
69,77,inf,inf,inf,549.280438391902,inf
69,78,inf,inf,inf,384.79345108772316,inf
69,79,inf,inf,inf,204.37710243566914,inf
69,80,inf,inf,inf,514.7591669897681,inf
69,81,inf,inf,inf,577.7542730261715,inf
69,82,inf,inf,inf,873.615476053395,inf
69,83,inf,inf,inf,341.8844834150857,inf
69,84,inf,inf,inf,432.2267923208833,inf
69,85,inf,inf,inf,241.37315509393335,inf
69,86,inf,inf,inf,921.1541673357398,inf
69,87,inf,inf,inf,1017.7278614639574,inf
69,88,inf,inf,inf,971.0829006835617,inf
69,89,inf,inf,inf,1027.861858422619,inf
69,90,inf,inf,inf,589.2707357403725,inf
69,91,inf,inf,inf,976.5121607025691,inf
69,92,inf,inf,inf,774.1136867411659,inf
69,93,inf,inf,inf,185.59364213248256,inf
69,94,inf,inf,inf,576.316753183525,inf
69,95,inf,inf,inf,257.93410011086166,inf
69,96,inf,inf,inf,471.0594442318294,inf
69,97,inf,inf,inf,583.0514557052405,inf
69,98,inf,inf,inf,645.6384437128879,inf
69,99,inf,inf,inf,789.461842016446,inf
69,100,inf,inf,inf,84.02380615040002,inf
69,101,inf,inf,inf,348.5699355939924,inf
69,102,inf,inf,inf,436.23044368773714,inf
69,103,inf,inf,inf,563.4900176578109,inf
69,104,inf,inf,inf,163.24827717314508,inf
69,105,inf,inf,inf,447.81469381877145,inf
69,106,inf,inf,inf,682.6162904589958,inf
69,107,inf,inf,inf,570.8975389682461,inf
69,108,inf,inf,inf,274.10399486326355,inf
69,109,inf,inf,inf,331.1193138432127,inf
69,110,inf,inf,inf,242.9176815301842,inf
69,111,inf,inf,inf,370.3147310059377,inf
69,112,inf,inf,inf,808.1707740323204,inf
69,113,inf,inf,inf,479.7186675542239,inf
69,114,inf,inf,inf,929.7505041676503,inf
69,115,inf,inf,inf,336.3346547711074,inf
69,116,inf,inf,inf,566.4856573647739,inf
69,117,inf,inf,inf,624.0592920548495,inf
69,118,inf,inf,inf,522.0306504411403,inf
69,119,inf,inf,inf,117.00427342623003,inf
69,120,inf,inf,inf,212.79332696304178,inf
69,121,inf,inf,inf,129.25169244539896,inf
69,122,inf,inf,inf,888.4705960244266,inf
69,123,inf,inf,inf,558.6573189353202,inf
69,124,inf,inf,inf,355.33786738820845,inf
69,125,inf,inf,inf,907.6745011291217,inf
69,126,inf,inf,inf,992.1139047508608,inf
69,127,inf,inf,inf,91.78235124467012,inf
69,128,inf,inf,inf,152.2005256232711,inf
69,129,inf,inf,inf,602.1577866307136,inf
70,71,inf,inf,inf,887.3471699397029,inf
70,72,inf,inf,inf,444.2217914510723,inf
70,73,inf,inf,inf,511.238691806479,inf
70,74,inf,inf,inf,433.58274873431026,inf
70,75,inf,inf,inf,962.0067567330284,inf
70,76,inf,inf,inf,564.7344508704954,inf
70,77,inf,inf,inf,1148.8855469540906,inf
70,78,inf,inf,inf,989.5822350871099,inf
70,79,inf,inf,inf,483.86465049639656,inf
70,80,inf,inf,inf,622.9879613604103,inf
70,81,inf,inf,inf,472.28910637447484,inf
70,82,inf,inf,inf,331.8327892177022,inf
70,83,inf,inf,inf,327.53625753494833,inf
70,84,inf,inf,inf,408.0747480548141,inf
70,85,inf,inf,inf,537.9814123183068,inf
70,86,inf,inf,inf,1031.0237630627144,inf
70,87,inf,inf,inf,496.2912451373689,inf
70,88,inf,inf,inf,953.4741737456762,inf
70,89,inf,inf,inf,784.70185420961,inf
70,90,inf,inf,inf,178.932948335403,inf
70,91,inf,inf,inf,941.4164859402027,inf
70,92,inf,inf,inf,457.91811495069726,inf
70,93,inf,inf,inf,754.7940116349625,inf
70,94,inf,inf,inf,1132.1987458039334,inf
70,95,inf,inf,inf,474.19510752431853,inf
70,96,inf,inf,inf,796.6454669424787,inf
70,97,inf,inf,inf,1085.2584945532562,inf
70,98,inf,inf,inf,594.8613283783036,inf
70,99,inf,inf,inf,1131.0353663789651,inf
70,100,inf,inf,inf,698.16402084324,inf
70,101,inf,inf,inf,278.12587078515367,inf
70,102,inf,inf,inf,232.28000344411913,inf
70,103,inf,inf,inf,588.049317659667,inf
70,104,inf,inf,inf,608.9047544567212,inf
70,105,inf,inf,inf,1025.0078048483338,inf
70,106,inf,inf,inf,1160.7109890063073,inf
70,107,inf,inf,inf,760.6608968522045,inf
70,108,inf,inf,inf,784.6145550523518,inf
70,109,inf,inf,inf,571.4551600956981,inf
70,110,inf,inf,inf,708.3685481442552,inf
70,111,inf,inf,inf,269.2248131209306,inf
70,112,inf,inf,inf,397.0805963529319,inf
70,113,inf,inf,inf,1055.9569119997275,inf
70,114,inf,inf,inf,1017.3342616859023,inf
70,115,inf,inf,inf,298.75073221667594,inf
70,116,inf,inf,inf,764.7515936563976,inf
70,117,inf,inf,inf,533.8211310916795,inf
70,118,inf,inf,inf,224.96444163467257,inf
70,119,inf,inf,inf,507.66622893393253,inf
70,120,inf,inf,inf,564.9849555519155,inf
70,121,inf,inf,inf,495.61376090661565,inf
70,122,inf,inf,inf,1070.7684156716614,inf
70,123,inf,inf,inf,1119.4110058419114,inf
70,124,inf,inf,inf,384.68948516953253,inf
70,125,inf,inf,inf,297.89931184881914,inf
70,126,inf,inf,inf,402.6623896020089,inf
70,127,inf,inf,inf,528.9924385092853,inf
70,128,inf,inf,inf,509.64497446752085,inf
70,129,inf,inf,inf,380.04341857214155,inf
71,72,inf,inf,inf,626.3194073314351,inf
71,73,inf,inf,inf,682.8250141873832,inf
71,74,inf,inf,inf,719.7311998239343,inf
71,75,inf,inf,inf,406.49231235043055,inf
71,76,inf,inf,inf,1312.281219861048,inf
71,77,inf,inf,inf,1196.7861128873446,inf
71,78,inf,inf,inf,1118.1144842993494,inf
71,79,inf,inf,inf,811.2829346165245,inf
71,80,inf,inf,inf,487.68945036775193,inf
71,81,inf,inf,inf,1296.0223763500383,inf
71,82,inf,inf,inf,1183.132283390154,inf
71,83,inf,inf,inf,1014.605834794971,inf
71,84,inf,inf,inf,1169.3288673422887,inf
71,85,inf,inf,inf,1140.2530420919736,inf
71,86,inf,inf,inf,344.47786576208347,inf
71,87,inf,inf,inf,684.7627326307996,inf
71,88,inf,inf,inf,146.71059948074645,inf
71,89,inf,inf,inf,207.06037766796427,inf
71,90,inf,inf,inf,1049.358851870989,inf
71,91,2.0,192.8528,192.8528137423857,119.47384651043926,1.6141843539417209
71,92,inf,inf,inf,1341.8144432074057,inf
71,93,inf,inf,inf,949.806822464442,inf
71,94,inf,inf,inf,1070.9794582530517,inf
71,95,inf,inf,inf,1099.1960698619696,inf
71,96,inf,inf,inf,1437.3868651132166,inf
71,97,inf,inf,inf,944.0831531173512,inf
71,98,inf,inf,inf,1416.4324904491566,inf
71,99,inf,inf,inf,708.2174807218472,inf
71,100,inf,inf,inf,1009.3492953383383,inf
71,101,inf,inf,inf,929.0839574548686,inf
71,102,inf,inf,inf,995.2894051480705,inf
71,103,inf,inf,inf,1374.3554853093867,inf
71,104,inf,inf,inf,844.4288010246927,inf
71,105,inf,inf,inf,1410.249623293692,inf
71,106,inf,inf,inf,937.2432981888961,inf
71,107,inf,inf,inf,488.82103064414076,inf
71,108,inf,inf,inf,875.3496444278709,inf
71,109,inf,inf,inf,1227.648972630206,inf
71,110,inf,inf,inf,1232.7745130395906,inf
71,111,inf,inf,inf,959.5524998664742,inf
71,112,inf,inf,inf,1283.8169651472908,inf
71,113,inf,inf,inf,1076.085498461902,inf
71,114,inf,inf,inf,309.58359129643804,inf
71,115,inf,inf,inf,822.893067172157,inf
71,116,inf,inf,inf,1484.3193726418854,inf
71,117,inf,inf,inf,1362.424309824219,inf
71,118,inf,inf,inf,1058.6982572952502,inf
71,119,inf,inf,inf,924.4457799135653,inf
71,120,inf,inf,inf,1138.2815996052998,inf
71,121,inf,inf,inf,972.2962511498232,inf
71,122,inf,inf,inf,457.83184686083166,inf
71,123,inf,inf,inf,1074.720428762755,inf
71,124,inf,inf,inf,700.4262987638314,inf
71,125,inf,inf,inf,1060.209884881291,inf
71,126,inf,inf,inf,840.0857099129827,inf
71,127,inf,inf,inf,954.4223383806564,inf
71,128,inf,inf,inf,861.3019215118471,inf
71,129,inf,inf,inf,1231.6054563048997,inf
72,73,inf,inf,inf,99.04544411531506,inf
72,74,inf,inf,inf,94.26027795418386,inf
72,75,inf,inf,inf,549.9745448654874,inf
72,76,inf,inf,inf,697.6718426309034,inf
72,77,inf,inf,inf,792.3894244624925,inf
72,78,inf,inf,inf,654.1498299319506,inf
72,79,inf,inf,inf,194.40164608356588,inf
72,80,inf,inf,inf,198.01262586006985,inf
72,81,inf,inf,inf,710.9781993844819,inf
72,82,inf,inf,inf,773.2696812884881,inf
72,83,inf,inf,inf,410.55693880386434,inf
72,84,inf,inf,inf,568.3326490709468,inf
72,85,inf,inf,inf,514.0087547892546,inf
72,86,inf,inf,inf,643.1990360689294,inf
72,87,inf,inf,inf,674.0741798941716,inf
72,88,inf,inf,inf,630.0285707807226,inf
72,89,inf,inf,inf,632.3685634185179,inf
72,90,inf,inf,inf,535.695809205187,inf
72,91,inf,inf,inf,628.5809414864565,inf
72,92,inf,inf,inf,817.8227191757392,inf
72,93,inf,inf,inf,423.9870281034551,inf
72,94,inf,inf,inf,736.6444189702383,inf
72,95,inf,inf,inf,474.99473681294614,inf
72,96,inf,inf,inf,811.5349653588562,inf
72,97,inf,inf,inf,665.622265252598,inf
72,98,inf,inf,inf,822.6524174886986,inf
72,99,inf,inf,inf,687.5172725102984,inf
72,100,inf,inf,inf,433.64732214093056,inf
72,101,inf,inf,inf,333.29416436535456,inf
72,102,inf,inf,inf,424.88704381282326,inf
72,103,inf,inf,inf,767.9147088056069,inf
72,104,inf,inf,inf,274.63430230034993,inf
72,105,inf,inf,inf,840.2142583888946,inf
72,106,inf,inf,inf,729.9267086495739,inf
72,107,inf,inf,inf,326.377082528783,inf
72,108,inf,inf,inf,405.4639318114498,inf
72,109,inf,inf,inf,602.5363059600642,inf
72,110,inf,inf,inf,614.5673274751921,inf
72,111,inf,inf,inf,369.04877726392755,inf
72,112,inf,inf,inf,796.900244698168,inf
72,113,inf,inf,inf,681.3897563069172,inf
72,114,inf,inf,inf,639.038340007859,inf
72,115,inf,inf,inf,222.02026934494066,inf
72,116,inf,inf,inf,860.4556932230735,inf
72,117,inf,inf,inf,775.5385225764095,inf
72,118,inf,inf,inf,511.1653352879086,inf
72,119,inf,inf,inf,304.2170277943035,inf
72,120,inf,inf,inf,512.3055728761888,inf
72,121,inf,inf,inf,347.75278575447817,inf
72,122,inf,inf,inf,656.8119974543705,inf
72,123,inf,inf,inf,727.9697795925323,inf
72,124,inf,inf,inf,83.21658488546619,inf
72,125,inf,inf,inf,730.4580754567643,inf
72,126,inf,inf,inf,699.7285187842497,inf
72,127,inf,inf,inf,335.5979737721907,inf
72,128,inf,inf,inf,247.0323865407125,inf
72,129,inf,inf,inf,671.5772479767313,inf
73,74,inf,inf,inf,82.73451516749222,inf
73,75,inf,inf,inf,544.0018382321883,inf
73,76,inf,inf,inf,677.3241469193314,inf
73,77,inf,inf,inf,694.0958147114849,inf
73,78,inf,inf,inf,555.1089983057382,inf
73,79,inf,inf,inf,131.94695904036593,inf
73,80,inf,inf,inf,209.46837470128995,inf
73,81,inf,inf,inf,713.4844076782617,inf
73,82,inf,inf,inf,832.5046546416422,inf
73,83,inf,inf,inf,410.7614879708174,inf
73,84,inf,inf,inf,564.0567347350797,inf
73,85,inf,inf,inf,472.6319921461094,inf
73,86,inf,inf,inf,650.2499519415592,inf
73,87,inf,inf,inf,772.8453920416424,inf
73,88,inf,inf,inf,666.904790806004,inf
73,89,inf,inf,inf,711.1680532757359,inf
73,90,inf,inf,inf,576.9748694700662,inf
73,91,inf,inf,inf,669.295151633418,inf
73,92,inf,inf,inf,845.0751445877461,inf
73,93,inf,inf,inf,325.9831283977746,inf
73,94,inf,inf,inf,643.0870858600723,inf
73,95,inf,inf,inf,444.08332551448046,inf
73,96,inf,inf,inf,760.4584143791164,inf
73,97,inf,inf,inf,579.3867447569024,inf
73,98,inf,inf,inf,817.244761378132,inf
73,99,inf,inf,inf,637.5970514360931,inf
73,100,inf,inf,inf,344.3835071544513,inf
73,101,inf,inf,inf,346.5847659664227,inf
73,102,inf,inf,inf,448.1037826218386,inf
73,103,inf,inf,inf,754.1491894844149,inf
73,104,inf,inf,inf,180.36074961032958,inf
73,105,inf,inf,inf,753.0059760719034,inf
73,106,inf,inf,inf,650.2499519415592,inf
73,107,inf,inf,inf,308.0,inf
73,108,inf,inf,inf,307.33206796558017,inf
73,109,inf,inf,inf,566.0565342790418,inf
73,110,inf,inf,inf,550.0445436507847,inf
73,111,inf,inf,inf,383.4488231824424,inf
73,112,inf,inf,inf,836.588309743807,inf
73,113,inf,inf,inf,584.2687737676899,inf
73,114,inf,inf,inf,651.5028779675497,inf
73,115,inf,inf,inf,244.62420158275427,inf
73,116,inf,inf,inf,824.3700625325982,inf
73,117,inf,inf,inf,775.4031209635411,inf
73,118,inf,inf,inf,540.4960684408352,inf
73,119,inf,inf,inf,244.23349483639626,inf
73,120,inf,inf,inf,464.2854725274096,inf
73,121,inf,inf,inf,296.62434155004877,inf
73,122,inf,inf,inf,646.0030959678135,inf
73,123,inf,inf,inf,633.5440000505096,inf
73,124,inf,inf,inf,126.66885963013956,inf
73,125,inf,inf,inf,805.0298131125331,inf
73,126,inf,inf,inf,793.7568897338781,inf
73,127,inf,inf,inf,272.9175699730598,inf
73,128,inf,inf,inf,179.17868176767013,inf
73,129,inf,inf,inf,688.4431712203993,inf
74,75,inf,inf,inf,617.0129658281096,inf
74,76,inf,inf,inf,612.4026453241364,inf
74,77,inf,inf,inf,745.5736046829984,inf
74,78,inf,inf,inf,598.0710660113897,inf
74,79,inf,inf,inf,104.21612159354233,inf
74,80,inf,inf,inf,271.27108213003464,inf
74,81,inf,inf,inf,638.0634764660958,inf
74,82,inf,inf,inf,751.5217894379377,inf
74,83,inf,inf,inf,335.0014925339886,inf
74,84,inf,inf,inf,490.8574131048649,inf
74,85,inf,inf,inf,421.35258394840776,inf
74,86,inf,inf,inf,718.2478680789801,inf
74,87,inf,inf,inf,732.0061475151695,inf
74,88,inf,inf,inf,718.476861144463,inf
74,89,inf,inf,inf,725.2068670386402,inf
74,90,inf,inf,inf,494.2519600365789,inf
74,91,inf,inf,inf,718.2791936287728,inf
74,92,inf,inf,inf,763.487393478111,inf
74,93,inf,inf,inf,361.24783736376884,inf
74,94,inf,inf,inf,707.4941695872836,inf
74,95,inf,inf,inf,384.94804844290354,inf
74,96,inf,inf,inf,717.7311474361413,inf
74,97,inf,inf,inf,652.4078478988431,inf
74,98,inf,inf,inf,745.1831989517746,inf
74,99,inf,inf,inf,720.2950784227253,inf
74,100,inf,inf,inf,353.1359511576243,inf
74,101,inf,inf,inf,266.36065775560775,inf
74,102,inf,inf,inf,366.4805588295237,inf
74,103,inf,inf,inf,685.8804560563015,inf
74,104,inf,inf,inf,206.29348026537338,inf
74,105,inf,inf,inf,755.0423829163499,inf
74,106,inf,inf,inf,727.2578634844728,inf
74,107,inf,inf,inf,383.7877017310482,inf
74,108,inf,inf,inf,363.43087375730755,inf
74,109,inf,inf,inf,511.27781097951043,inf
74,110,inf,inf,inf,520.7072113961933,inf
74,111,inf,inf,inf,303.2160945596391,inf
74,112,inf,inf,inf,753.8865962464116,inf
74,113,inf,inf,inf,641.1247928445756,inf
74,114,inf,inf,inf,716.9609473325587,inf
74,115,inf,inf,inf,162.1172415260018,inf
74,116,inf,inf,inf,769.7564549907977,inf
74,117,inf,inf,inf,701.1027028902399,inf
74,118,inf,inf,inf,458.29357403306454,inf
74,119,inf,inf,inf,210.63950246807934,inf
74,120,inf,inf,inf,418.5618233905238,inf
74,121,inf,inf,inf,253.51331325987596,inf
74,122,inf,inf,inf,721.0554763678035,inf
74,123,inf,inf,inf,696.4976669020507,inf
74,124,inf,inf,inf,57.271284253105414,inf
74,125,inf,inf,inf,729.5382101028019,inf
74,126,inf,inf,inf,737.0786932207442,inf
74,127,inf,inf,inf,242.24987100099764,inf
74,128,inf,inf,inf,156.58863304850706,inf
74,129,inf,inf,inf,608.6583606589168,inf
75,76,inf,inf,inf,1219.6499497806738,inf
75,77,inf,inf,inf,837.4276088116512,inf
75,78,inf,inf,inf,792.9489264763525,inf
75,79,inf,inf,inf,668.089814321398,inf
75,80,inf,inf,inf,352.0184654247558,inf
75,81,inf,inf,inf,1255.0673288712442,inf
75,82,inf,inf,inf,1292.2577142350515,inf
75,83,inf,inf,inf,952.013130161554,inf
75,84,inf,inf,inf,1107.2822585050299,inf
75,85,inf,inf,inf,1004.7213544062852,inf
75,86,inf,inf,inf,127.01574705523721,inf
75,87,inf,inf,inf,962.338817672861,inf
75,88,inf,inf,inf,280.14282071829007,inf
75,89,inf,inf,inf,583.9469153955691,inf
75,90,inf,inf,inf,1080.4230652850763,inf
75,91,inf,inf,inf,303.2655601943617,inf
75,92,inf,inf,inf,1366.9828089628634,inf
75,93,inf,inf,inf,686.5165693557585,inf
75,94,inf,inf,inf,695.5465476875002,inf
75,95,inf,inf,inf,984.0101625491477,inf
75,96,inf,inf,inf,1271.5726483374829,inf
75,97,inf,inf,inf,562.1254308426189,inf
75,98,inf,inf,inf,1361.032328785764,inf
75,99,inf,inf,inf,302.1522794883401,inf
75,100,inf,inf,inf,778.6668093607175,inf
75,101,inf,inf,inf,880.536768113632,inf
75,102,inf,inf,inf,974.7804881100154,inf
75,103,inf,inf,inf,1297.8416698503713,inf
75,104,inf,inf,inf,638.7800873540126,inf
75,105,inf,inf,inf,1137.7240438700414,inf
75,106,inf,inf,inf,539.2930557683827,inf
75,107,inf,inf,inf,237.30571000294114,inf
75,108,inf,inf,inf,590.2719712132705,inf
75,109,inf,inf,inf,1100.2117977916798,inf
75,110,inf,inf,inf,1043.1227156955217,inf
75,111,inf,inf,inf,916.9651029346754,inf
75,112,inf,inf,inf,1340.0156715501503,inf
75,113,inf,inf,inf,722.2215726492806,inf
75,114,inf,inf,inf,148.22280526288793,inf
75,115,inf,inf,inf,770.5796519504003,inf
75,116,inf,inf,inf,1354.887449200117,inf
75,117,inf,inf,inf,1318.024278987303,inf
75,118,inf,inf,inf,1060.6837417439754,inf
75,119,inf,inf,inf,769.9688305379641,inf
75,120,inf,inf,inf,989.8146291099157,inf
75,121,inf,inf,inf,827.2291097392548,inf
75,122,inf,inf,inf,108.78419002777932,inf
75,123,inf,inf,inf,703.0476513011049,inf
75,124,inf,inf,inf,631.8552049322693,inf
75,125,inf,inf,inf,1213.0939782226271,inf
75,126,inf,inf,inf,1074.9530222293438,inf
75,127,inf,inf,inf,792.42034299985,inf
75,128,inf,inf,inf,703.872857837266,inf
75,129,inf,inf,inf,1221.1470017978997,inf
76,77,inf,inf,inf,967.8476119720501,inf
76,78,inf,inf,inf,810.7342351227065,inf
76,79,inf,inf,inf,551.7481309438211,inf
76,80,inf,inf,inf,882.9071298839987,inf
76,81,inf,inf,inf,164.01219466856725,inf
76,82,inf,inf,inf,622.0803806583198,inf
76,83,inf,inf,inf,299.3008519867593,inf
76,84,inf,inf,inf,158.79546593023366,inf
76,85,inf,inf,inf,234.29255216502295,inf
76,86,inf,inf,inf,1327.551505592156,inf
76,87,inf,inf,inf,1060.8685121163696,inf
76,88,inf,inf,inf,1327.5247643641153,inf
76,89,inf,inf,inf,1271.3772060250255,inf
76,90,inf,inf,inf,408.9254210733297,inf
76,91,inf,inf,inf,1325.2999660454232,inf
76,92,inf,inf,inf,391.1521443121589,inf
76,93,inf,inf,inf,658.7085850359019,inf
76,94,inf,inf,inf,1032.0043604559044,inf
76,95,inf,inf,inf,237.05273674859777,inf
76,96,inf,inf,inf,264.09278672466615,inf
76,97,inf,inf,inf,1055.3601281079364,inf
76,98,inf,inf,inf,175.1142484208524,inf
76,99,inf,inf,inf,1256.5961960789155,inf
76,100,inf,inf,inf,545.6519036895226,inf
76,101,inf,inf,inf,386.0479244860669,inf
76,102,inf,inf,inf,348.66172717979816,inf
76,103,inf,inf,inf,88.3911760301898,inf
76,104,inf,inf,inf,607.6791916792939,inf
76,105,inf,inf,inf,632.7100441750549,inf
76,106,inf,inf,inf,1156.557391572074,inf
76,107,inf,inf,inf,982.4052117125601,inf
76,108,inf,inf,inf,749.483155247668,inf
76,109,inf,inf,inf,149.41218156495808,inf
76,110,inf,inf,inf,331.6700167334997,inf
76,111,inf,inf,inf,360.0569399414487,inf
76,112,inf,inf,inf,474.6114200058823,inf
76,113,inf,inf,inf,928.1734751650685,inf
76,114,inf,inf,inf,1328.0993938708052,inf
76,115,inf,inf,inf,489.4006538614349,inf
76,116,inf,inf,inf,200.02499843769527,inf
76,117,inf,inf,inf,173.83325343558406,inf
76,118,inf,inf,inf,342.70687183072357,inf
76,119,inf,inf,inf,457.13236595104485,inf
76,120,inf,inf,inf,264.09278672466615,inf
76,121,inf,inf,inf,399.21172327475557,inf
76,122,inf,inf,inf,1318.5962232616928,inf
76,123,inf,inf,inf,1012.54234479354,inf
76,124,inf,inf,inf,617.0486204506092,inf
76,125,inf,inf,inf,738.3772748399019,inf
76,126,inf,inf,inf,955.8713302531884,inf
76,127,inf,inf,inf,441.63786069584205,inf
76,128,inf,inf,inf,520.1163331409618,inf
76,129,inf,inf,inf,257.0486335306998,inf
77,78,inf,inf,inf,164.62381358722072,inf
77,79,inf,inf,inf,669.1375045534363,inf
77,80,inf,inf,inf,768.3879228618836,inf
77,81,inf,inf,inf,1101.5157738316777,inf
77,82,inf,inf,inf,1421.5924169747109,inf
77,83,inf,inf,inf,891.1621625719979,inf
77,84,inf,inf,inf,968.1038167469437,inf
77,85,inf,inf,inf,755.6679164818366,inf
77,86,inf,inf,inf,958.5322112480102,inf
77,87,inf,inf,inf,1466.2322462693282,inf
77,88,inf,inf,inf,1103.393402191621,inf
77,89,inf,inf,inf,1310.395741751323,inf
77,90,inf,inf,inf,1137.44318539433,inf
77,91,inf,inf,inf,1121.3317974622855,inf
77,92,inf,inf,inf,1313.1812517699148,inf
77,93,inf,inf,inf,394.1826987578222,inf
77,94,inf,inf,inf,159.76232346833217,inf
77,95,inf,inf,inf,793.0529616614517,inf
77,96,inf,inf,inf,832.4722217587804,inf
77,97,inf,inf,inf,289.9448223369405,inf
77,98,inf,inf,inf,1142.4823849845563,inf
77,99,inf,inf,inf,626.747955720639,inf
77,100,inf,inf,inf,465.33966089298684,inf
77,101,inf,inf,inf,890.8445431162498,inf
77,102,inf,inf,inf,984.0833298049511,inf
77,103,inf,inf,inf,1053.6982490257826,inf
77,104,inf,inf,inf,544.8678738923777,inf
77,105,inf,inf,inf,469.51570793744486,inf
77,106,inf,inf,inf,366.34410053936995,inf
77,107,inf,inf,inf,712.4892981652426,inf
77,108,inf,inf,inf,386.9289340434494,inf
77,109,inf,inf,inf,820.3127452380586,inf
77,110,inf,inf,inf,640.8806441140191,inf
77,111,inf,inf,inf,916.2641540516578,inf
77,112,inf,inf,inf,1355.1461175828974,inf
77,113,inf,inf,inf,121.51131634543344,inf
77,114,inf,inf,inf,984.7380362309561,inf
77,115,inf,inf,inf,850.6056665694157,inf
77,116,inf,inf,inf,974.6717396128812,inf
77,117,inf,inf,inf,1136.1641606739759,inf
77,118,inf,inf,inf,1071.2371352786458,inf
77,119,inf,inf,inf,648.2075284968541,inf
77,120,inf,inf,inf,719.1564502943709,inf
77,121,inf,inf,inf,677.3189795067018,inf
77,122,inf,inf,inf,866.9746247728361,inf
77,123,inf,inf,inf,144.1700384962146,inf
77,124,inf,inf,inf,802.8000996512145,inf
77,125,inf,inf,inf,1444.1031819091045,inf
77,126,inf,inf,inf,1482.6520158149046,inf
77,127,inf,inf,inf,633.8966792782559,inf
77,128,inf,inf,inf,639.262074582874,inf
77,129,inf,inf,inf,1142.4206755832108,inf
78,79,inf,inf,inf,514.6882551603446,inf
78,80,inf,inf,inf,659.8825653099194,inf
78,81,inf,inf,inf,940.1755155288826,inf
78,82,inf,inf,inf,1257.6907410011413,inf
78,83,inf,inf,inf,726.669801216481,inf
78,84,inf,inf,inf,804.7322536098575,inf
78,85,inf,inf,inf,593.7415262553227,inf
78,86,inf,inf,inf,918.9891185427606,inf
78,87,inf,inf,inf,1326.9212486052063,inf
78,88,inf,inf,inf,1040.622890388252,inf
78,89,inf,inf,inf,1211.1688569311877,inf
78,90,inf,inf,inf,973.4320726172937,inf
78,91,inf,inf,inf,1055.5008289906739,inf
78,92,inf,inf,inf,1149.7695421257254,inf
78,93,inf,inf,inf,238.4302833114955,inf
78,94,inf,inf,inf,236.40854468483155,inf
78,95,inf,inf,inf,629.3393361295638,inf
78,96,inf,inf,inf,695.4315207121402,inf
78,97,inf,inf,inf,317.2774810792597,inf
78,98,inf,inf,inf,985.8037330016558,inf
78,99,inf,inf,inf,636.8422096563638,inf
78,100,inf,inf,inf,300.93520897362606,inf
78,101,inf,inf,inf,728.0171701271887,inf
78,102,inf,inf,inf,820.1249904740131,inf
78,103,inf,inf,inf,897.6062611189831,inf
78,104,inf,inf,inf,393.02926099719343,inf
78,105,inf,inf,inf,383.5205340004626,inf
78,106,inf,inf,inf,417.6278247435149,inf
78,107,inf,inf,inf,629.4712066488823,inf
78,108,inf,inf,inf,257.14781741247583,inf
78,109,inf,inf,inf,662.0709931721824,inf
78,110,inf,inf,inf,489.3107397145499,inf
78,111,inf,inf,inf,752.7237208963193,inf
78,112,inf,inf,inf,1190.6477228802817,inf
78,113,inf,inf,inf,130.5526713629407,inf
78,114,inf,inf,inf,940.8262326274709,inf
78,115,inf,inf,inf,692.4572188951458,inf
78,116,inf,inf,inf,832.3893319835377,inf
78,117,inf,inf,inf,976.8295654821264,inf
78,118,inf,inf,inf,906.8153064433793,inf
78,119,inf,inf,inf,485.7036133281283,inf
78,120,inf,inf,inf,557.6064920712455,inf
78,121,inf,inf,inf,513.1276644267,inf
78,122,inf,inf,inf,842.0415666699596,inf
78,123,inf,inf,inf,215.37873618349607,inf
78,124,inf,inf,inf,655.2198104453191,inf
78,125,inf,inf,inf,1283.3725102245255,inf
78,126,inf,inf,inf,1333.2141613409303,inf
78,127,inf,inf,inf,470.2616293086222,inf
78,128,inf,inf,inf,481.0374205818088,inf
78,129,inf,inf,inf,978.7011801362048,inf
79,80,inf,inf,inf,341.2696880767467,inf
79,81,inf,inf,inf,601.878725325958,inf
79,82,inf,inf,inf,782.3106799731165,inf
79,83,inf,inf,inf,305.16389039334257,inf
79,84,inf,inf,inf,449.7221364353772,inf
79,85,inf,inf,inf,341.2521062206064,inf
79,86,inf,inf,inf,778.2448200919811,inf
79,87,inf,inf,inf,827.067107313548,inf
79,88,inf,inf,inf,798.7840759554487,inf
79,89,inf,inf,inf,826.7151867481327,inf
79,90,inf,inf,inf,508.7022704883476,inf
79,91,inf,inf,inf,800.9257144080217,inf
79,92,inf,inf,inf,754.1153757880819,inf
79,93,inf,inf,inf,276.37112729082247,inf
79,94,inf,inf,inf,649.0092449264494,inf
79,95,inf,inf,inf,315.9810120877519,inf
79,96,inf,inf,inf,628.9077833832239,inf
79,97,inf,inf,inf,611.7164375754505,inf
79,98,inf,inf,inf,698.9799711007462,inf
79,99,inf,inf,inf,728.9060296087555,inf
79,100,inf,inf,inf,252.03571175529868,inf
79,101,inf,inf,inf,259.33183375744676,inf
79,102,inf,inf,inf,364.2320688791694,inf
79,103,inf,inf,inf,631.3834017457222,inf
79,104,inf,inf,inf,125.21980673998823,inf
79,105,inf,inf,inf,651.0606730558989,inf
79,106,inf,inf,inf,696.3799250409219,inf
79,107,inf,inf,inf,430.7876507050777,inf
79,108,inf,inf,inf,301.66372005927394,inf
79,109,inf,inf,inf,435.332057170156,inf
79,110,inf,inf,inf,422.5127217019625,inf
79,111,inf,inf,inf,294.1241234581074,inf
79,112,inf,inf,inf,759.7644371777347,inf
79,113,inf,inf,inf,572.4508712544684,inf
79,114,inf,inf,inf,780.9340561148554,inf
79,115,inf,inf,inf,186.1316738225926,inf
79,116,inf,inf,inf,693.189728717903,inf
79,117,inf,inf,inf,661.1051353604811,inf
79,118,inf,inf,inf,459.1056523285245,inf
79,119,inf,inf,inf,113.22543883774529,inf
79,120,inf,inf,inf,332.3386826717588,inf
79,121,inf,inf,inf,164.69365500832143,inf
79,122,inf,inf,inf,766.9745758498126,inf
79,123,inf,inf,inf,635.8144383387341,inf
79,124,inf,inf,inf,153.58710883404245,inf
79,125,inf,inf,inf,781.5222325692341,inf
79,126,inf,inf,inf,819.6999451018647,inf
79,127,inf,inf,inf,143.28293687665675,inf
79,128,inf,inf,inf,52.69724850502159,inf
79,129,inf,inf,inf,589.677878167394,inf
80,81,inf,inf,inf,906.6007941756945,inf
80,82,inf,inf,inf,954.81149972128,inf
80,83,inf,inf,inf,604.3922567339856,inf
80,84,inf,inf,inf,761.3179362132486,inf
80,85,inf,inf,inf,682.0747759593519,inf
80,86,inf,inf,inf,447.4505559276913,inf
80,87,inf,inf,inf,741.3103263816039,inf
80,88,inf,inf,inf,458.8125979089938,inf
80,89,inf,inf,inf,552.2001448750262,inf
80,90,inf,inf,inf,730.3458085044372,inf
80,91,inf,inf,inf,462.62403742131687,inf
80,92,inf,inf,inf,1015.1970252123476,inf
80,93,inf,inf,inf,467.17020452935566,inf
80,94,inf,inf,inf,675.8520548167328,inf
80,95,inf,inf,inf,652.0897177536232,inf
80,96,inf,inf,inf,968.5298136867032,inf
80,97,inf,inf,inf,575.9513868374656,inf
80,98,inf,inf,inf,1015.8356166230834,inf
80,99,inf,inf,inf,517.6301768637528,inf
80,100,inf,inf,inf,521.6598508606926,inf
80,101,inf,inf,inf,530.0339611760741,inf
80,102,inf,inf,inf,622.8964600958975,inf
80,103,inf,inf,inf,957.1311299921239,inf
80,104,inf,inf,inf,357.1456285606755,inf
80,105,inf,inf,inf,924.2104738640436,inf
80,106,inf,inf,inf,616.5095295289441,inf
80,107,inf,inf,inf,138.69751259485514,inf
80,108,inf,inf,inf,404.88269906233336,inf
80,109,inf,inf,inf,775.2554417738711,inf
80,110,inf,inf,inf,753.2994092656651,inf
80,111,inf,inf,inf,566.1731184010771,inf
80,112,inf,inf,inf,990.9233068204622,inf
80,113,inf,inf,inf,648.1705022600149,inf
80,114,inf,inf,inf,445.6915974078937,inf
80,115,inf,inf,inf,419.3447269252351,inf
80,116,inf,inf,inf,1033.7122423576109,inf
80,117,inf,inf,inf,970.5034775826412,inf
80,118,inf,inf,inf,708.746075826879,inf
80,119,inf,inf,inf,452.58037960123727,inf
80,120,inf,inf,inf,673.5057535017796,inf
80,121,inf,inf,inf,505.9496022332659,inf
80,122,inf,inf,inf,459.2003919858954,inf
80,123,inf,inf,inf,672.6254529825644,inf
80,124,inf,inf,inf,280.349781523011,inf
80,125,inf,inf,inf,893.4080814499049,inf
80,126,inf,inf,inf,809.3114357279279,inf
80,127,inf,inf,inf,480.13019067748695,inf
80,128,inf,inf,inf,386.47638996451,inf
80,129,inf,inf,inf,869.5084818447718,inf
81,82,inf,inf,inf,467.1316730858656,inf
81,83,inf,inf,inf,303.10559216220344,inf
81,84,inf,inf,inf,152.80052355931247,inf
81,85,inf,inf,inf,346.5501406723131,inf
81,86,inf,inf,inf,1353.7595798368336,inf
81,87,inf,inf,inf,962.2650362556046,inf
81,88,inf,inf,inf,1329.2772472287336,inf
81,89,inf,inf,inf,1229.8373876248843,inf
81,90,inf,inf,inf,297.3213749463701,inf
81,91,inf,inf,inf,1323.7099380151228,inf
81,92,inf,inf,inf,228.25424421026653,inf
81,93,inf,inf,inf,763.1415333999323,inf
81,94,inf,inf,inf,1151.0069504568598,inf
81,95,inf,inf,inf,319.95312156626943,inf
81,96,inf,inf,inf,425.0705823742688,inf
81,97,inf,inf,inf,1159.6831463809415,inf
81,98,inf,inf,inf,124.02015965156633,inf
81,99,inf,inf,inf,1328.4012947900947,inf
81,100,inf,inf,inf,656.3687987709349,inf
81,101,inf,inf,inf,378.0171953760834,inf
81,102,inf,inf,inf,300.74075214376916,inf
81,103,inf,inf,inf,130.64838307457157,inf
81,104,inf,inf,inf,683.6856002578963,inf
81,105,inf,inf,inf,792.9098309391807,inf
81,106,inf,inf,inf,1257.3849847998026,inf
81,107,inf,inf,inf,1021.0367280367539,inf
81,108,inf,inf,inf,844.0764183413727,inf
81,109,inf,inf,inf,288.0277764383151,inf
81,110,inf,inf,inf,480.46331805872546,inf
81,111,inf,inf,inf,343.233156906497,inf
81,112,inf,inf,inf,311.4161203277698,inf
81,113,inf,inf,inf,1050.4180120314008,inf
81,114,inf,inf,inf,1350.0118517998278,inf
81,115,inf,inf,inf,489.5600065364817,inf
81,116,inf,inf,inf,333.0135132393279,inf
81,117,inf,inf,inf,66.40783086353596,inf
81,118,inf,inf,inf,251.34040662018512,inf
81,119,inf,inf,inf,528.7362291350953,inf
81,120,inf,inf,inf,382.57678967757573,inf
81,121,inf,inf,inf,474.8578734737374,inf
81,122,inf,inf,inf,1358.8480415410695,inf
81,123,inf,inf,inf,1132.4954746046449,inf
81,124,inf,inf,inf,627.7618975375934,inf
81,125,inf,inf,inf,596.7218782649082,inf
81,126,inf,inf,inf,839.0768737130109,inf
81,127,inf,inf,inf,522.1800455781512,inf
81,128,inf,inf,inf,582.8421741775384,inf
81,129,inf,inf,inf,106.4048871058092,inf
82,83,inf,inf,inf,533.6525086608326,inf
82,84,inf,inf,inf,510.7249749131131,inf
82,85,inf,inf,inf,713.7849816296222,inf
82,86,inf,inf,inf,1356.7715356684043,inf
82,87,inf,inf,inf,636.1147695188346,inf
82,88,inf,inf,inf,1265.069958539843,inf
82,89,inf,inf,inf,1049.5294183585327,inf
82,90,inf,inf,inf,284.3448610402516,inf
82,91,inf,inf,inf,1250.44791974716,inf
82,92,inf,inf,inf,295.70255325241953,inf
82,93,inf,inf,inf,1034.8357357571297,inf
82,94,inf,inf,inf,1426.4042204087873,inf
82,95,inf,inf,inf,657.4328863085569,inf
82,96,inf,inf,inf,886.0050789922144,inf
82,97,inf,inf,inf,1393.7478251104108,inf
82,98,inf,inf,inf,553.3362449722591,inf
82,99,inf,inf,inf,1460.7867743103373,inf
82,100,inf,inf,inf,957.0036572552897,inf
82,101,inf,inf,inf,533.2063390470897,inf
82,102,inf,inf,inf,437.5671377057468,inf
82,103,inf,inf,inf,596.1417616641196,inf
82,104,inf,inf,inf,902.8100575425598,inf
82,105,inf,inf,inf,1211.003715931541,inf
82,106,inf,inf,inf,1475.3755454120826,inf
82,107,inf,inf,inf,1092.3625771693207,inf
82,108,inf,inf,inf,1081.9283710116858,inf
82,109,inf,inf,inf,702.6720429901848,inf
82,110,inf,inf,inf,882.9456381907099,inf
82,111,inf,inf,inf,505.6530431036681,inf
82,112,inf,inf,inf,185.29975715040752,inf
82,113,inf,inf,inf,1341.018269823346,inf
82,114,inf,inf,inf,1341.2173574778997,inf
82,115,inf,inf,inf,599.0701127580978,inf
82,116,inf,inf,inf,799.6061530528639,inf
82,117,inf,inf,inf,498.9128180353758,inf
82,118,inf,inf,inf,354.2654372077525,inf
82,119,inf,inf,inf,774.91806018443,inf
82,120,inf,inf,inf,749.1468480878766,inf
82,121,inf,inf,inf,744.6784540994859,inf
82,122,inf,inf,inf,1400.9139873668191,inf
82,123,inf,inf,inf,1411.6550570164086,inf
82,124,inf,inf,inf,707.8651001426755,inf
82,125,inf,inf,inf,169.2010638264429,inf
82,126,inf,inf,inf,467.84826600084773,inf
82,127,inf,inf,inf,787.7182237323192,inf
82,128,inf,inf,inf,795.8775031372604,inf
82,129,inf,inf,inf,365.3080891521566,inf
83,84,inf,inf,inf,157.87653403846943,inf
83,85,inf,inf,inf,210.44714300745449,inf
83,86,inf,inf,inf,1051.8222283256805,inf
83,87,inf,inf,inf,802.8605109232861,inf
83,88,inf,inf,inf,1036.0699783315797,inf
83,89,inf,inf,inf,972.9198322575196,inf
83,90,inf,inf,inf,250.185930859431,inf
83,91,inf,inf,inf,1032.3453879395208,inf
83,92,inf,inf,inf,451.9568563480368,inf
83,93,inf,inf,inf,513.3673148925631,inf
83,94,inf,inf,inf,909.4492839075745,inf
83,95,inf,inf,inf,146.6594695203825,inf
83,96,inf,inf,inf,484.66483264210535,inf
83,97,inf,inf,inf,896.0368296002124,inf
83,98,inf,inf,inf,412.1019291388964,inf
83,99,inf,inf,inf,1034.0062862478158,inf
83,100,inf,inf,inf,425.8368232081392,inf
83,101,inf,inf,inf,86.82165628459296,inf
83,102,inf,inf,inf,102.42070103255493,inf
83,103,inf,inf,inf,360.51352263126,inf
83,104,inf,inf,inf,403.1935019317648,inf
83,105,inf,inf,inf,702.9260274025994,inf
83,106,inf,inf,inf,987.8512033702242,inf
83,107,inf,inf,inf,718.0062673821169,inf
83,108,inf,inf,inf,576.8500671751716,inf
83,109,inf,inf,inf,254.02558926218438,inf
83,110,inf,inf,inf,381.57830126987045,inf
83,111,inf,inf,inf,66.2872536767062,inf
83,112,inf,inf,inf,470.8046303935423,inf
83,113,inf,inf,inf,817.6337811025178,inf
83,114,inf,inf,inf,1048.9961868376834,inf
83,115,inf,inf,inf,192.92485583770693,inf
83,116,inf,inf,inf,485.5069515465252,inf
83,117,inf,inf,inf,366.23080154459973,inf
83,118,inf,inf,inf,180.31361568112376,inf
83,119,inf,inf,inf,255.1960031034969,inf
83,120,inf,inf,inf,238.20999139414786,inf
83,121,inf,inf,inf,214.8697279748825,inf
83,122,inf,inf,inf,1055.7580215181886,inf
83,123,inf,inf,inf,893.0761445699912,inf
83,124,inf,inf,inf,327.6492026543022,inf
83,125,inf,inf,inf,585.2110730326281,inf
83,126,inf,inf,inf,729.0219475434193,inf
83,127,inf,inf,inf,260.969346858975,inf
83,128,inf,inf,inf,295.70593500976605,inf
83,129,inf,inf,inf,284.8596145472362,inf
84,85,inf,inf,inf,216.3631207022121,inf
84,86,inf,inf,inf,1208.745217157032,inf
84,87,inf,inf,inf,903.4876866897523,inf
84,88,inf,inf,inf,1193.576976989754,inf
84,89,inf,inf,inf,1118.9495073505327,inf
84,90,inf,inf,inf,263.18814562969965,inf
84,91,inf,inf,inf,1189.5427693025586,inf
84,92,inf,inf,inf,345.0797009387831,inf
84,93,inf,inf,inf,616.4097663080947,inf
84,94,inf,inf,inf,1008.2028565720293,inf
84,95,inf,inf,inf,175.82377541163197,inf
84,96,inf,inf,inf,396.06186385462564,inf
84,97,inf,inf,inf,1011.2057159648575,inf
84,98,inf,inf,inf,254.54469155729805,inf
84,99,inf,inf,inf,1175.6164340464113,inf
84,100,inf,inf,inf,513.2562712719641,inf
84,101,inf,inf,inf,240.65119987234635,inf
84,102,inf,inf,inf,190.2761151589973,inf
84,103,inf,inf,inf,205.34117950377123,inf
84,104,inf,inf,inf,531.3473440227211,inf
84,105,inf,inf,inf,702.2036741572917,inf
84,106,inf,inf,inf,1107.7657694657296,inf
84,107,inf,inf,inf,872.0366964755555,inf
84,108,inf,inf,inf,694.0756442924647,inf
84,109,inf,inf,inf,192.0520762709948,inf
84,110,inf,inf,inf,375.7086637276282,inf
84,111,inf,inf,inf,209.97380789041284,inf
84,112,inf,inf,inf,396.67619036186176,inf
84,113,inf,inf,inf,909.752713653551,inf
84,114,inf,inf,inf,1206.3863394452044,inf
84,115,inf,inf,inf,350.2356349659469,inf
84,116,inf,inf,inf,357.8295683701949,inf
84,117,inf,inf,inf,211.68372634664195,inf
84,118,inf,inf,inf,191.01832372837953,inf
84,119,inf,inf,inf,376.52357163927996,inf
84,120,inf,inf,inf,253.5527558517162,inf
84,121,inf,inf,inf,323.5954264200902,inf
84,122,inf,inf,inf,1210.0413216084812,inf
84,123,inf,inf,inf,990.2373452864722,inf
84,124,inf,inf,inf,485.4987126656465,inf
84,125,inf,inf,inf,605.3899569698857,inf
84,126,inf,inf,inf,803.9266135661886,inf
84,127,inf,inf,inf,371.29503093900945,inf
84,128,inf,inf,inf,430.04302110370304,inf
84,129,inf,inf,inf,175.07141400011596,inf
85,86,inf,inf,inf,1117.9382809439885,inf
85,87,inf,inf,inf,1007.0834126327372,inf
85,88,inf,inf,inf,1137.7455778863743,inf
85,89,inf,inf,inf,1128.7147558174297,inf
85,90,inf,inf,inf,441.74313803385786,inf
85,91,inf,inf,inf,1138.620656759748,inf
85,92,inf,inf,inf,559.4649229397675,inf
85,93,inf,inf,inf,425.4621017200004,inf
85,94,inf,inf,inf,806.1327434114062,inf
85,95,inf,inf,inf,63.788713735268246,inf
85,96,inf,inf,inf,301.390112644725,inf
85,97,inf,inf,inf,822.854786702976,inf
85,98,inf,inf,inf,404.8160075886328,inf
85,99,inf,inf,inf,1024.601873900297,inf
85,100,inf,inf,inf,313.9824835878588,inf
85,101,inf,inf,inf,275.77164466275354,inf
85,102,inf,inf,inf,309.3638634359223,inf
85,103,inf,inf,inf,322.12109524214645,inf
85,104,inf,inf,inf,378.00132274900835,inf
85,105,inf,inf,inf,500.10498897731463,inf
85,106,inf,inf,inf,923.3385078074022,inf
85,107,inf,inf,inf,768.0501285723478,inf
85,108,inf,inf,inf,515.1970496809935,inf
85,109,inf,inf,inf,95.75489543621255,inf
85,110,inf,inf,inf,173.34935823359717,inf
85,111,inf,inf,inf,271.9007171744863,inf
85,112,inf,inf,inf,612.4255056739554,inf
85,113,inf,inf,inf,704.5090489127872,inf
85,114,inf,inf,inf,1121.6171361030465,inf
85,115,inf,inf,inf,342.65434478494507,inf
85,116,inf,inf,inf,351.961645637703,inf
85,117,inf,inf,inf,386.7570296710843,inf
85,118,inf,inf,inf,365.8209944768069,inf
85,119,inf,inf,inf,234.75306174787156,inf
85,120,inf,inf,inf,37.20215047547655,inf
85,121,inf,inf,inf,177.78920102188434,inf
85,122,inf,inf,inf,1099.9059050664289,inf
85,123,inf,inf,inf,787.2896544474594,inf
85,124,inf,inf,inf,441.80765045435777,inf
85,125,inf,inf,inf,786.2874792338995,inf
85,126,inf,inf,inf,939.2001916524506,inf
85,127,inf,inf,inf,213.9369065869655,inf
85,128,inf,inf,inf,301.01494979485653,inf
85,129,inf,inf,inf,391.21477477211926,inf
86,87,inf,inf,inf,970.4663827253369,inf
86,88,inf,inf,inf,200.09247861926244,inf
86,89,inf,inf,inf,543.0147327651433,inf
86,90,inf,inf,inf,1161.8541216521116,inf
86,91,inf,inf,inf,227.0704736419951,inf
86,92,inf,inf,inf,1452.665481107058,inf
86,93,inf,inf,inf,812.219182240853,inf
86,94,inf,inf,inf,812.967404020604,inf
86,95,inf,inf,inf,1093.7664284480486,inf
86,96,inf,inf,inf,1390.5689483085691,inf
86,97,inf,inf,inf,678.2359471452394,inf
86,98,inf,inf,inf,1463.2409234299046,inf
86,99,inf,inf,inf,386.83976010746363,inf
86,100,inf,inf,inf,902.2444236458323,inf
86,101,inf,inf,inf,976.4609567207488,inf
86,102,inf,inf,inf,1066.2701346281813,inf
86,103,inf,inf,inf,1403.4728355048414,inf
86,104,inf,inf,inf,758.1985228157597,inf
86,105,inf,inf,inf,1264.63156690002,inf
86,106,inf,inf,inf,645.2286416457348,inf
86,107,inf,inf,inf,351.35309874825356,inf
86,108,inf,inf,inf,716.7830913184267,inf
86,109,inf,inf,inf,1212.9241526163125,inf
86,110,inf,inf,inf,1163.9003393761857,inf
86,111,inf,inf,inf,1012.239102188806,inf
86,112,inf,inf,inf,1418.282411933533,inf
86,113,inf,inf,inf,845.059169526016,inf
86,114,inf,inf,inf,35.510561809129406,inf
86,115,inf,inf,inf,865.208645356714,inf
86,116,inf,inf,inf,1469.3675510232285,inf
86,117,inf,inf,inf,1417.859301905517,inf
86,118,inf,inf,inf,1148.4515662403878,inf
86,119,inf,inf,inf,883.6543441866849,inf
86,120,inf,inf,inf,1104.8556466796917,inf
86,121,inf,inf,inf,940.1494562036399,inf
86,122,inf,inf,inf,117.15374513859982,inf
86,123,inf,inf,inf,821.676943816729,inf
86,124,inf,inf,inf,726.3332568456439,inf
86,125,inf,inf,inf,1264.744242920283,inf
86,126,inf,inf,inf,1099.5931065626048,inf
86,127,inf,inf,inf,907.5511004896639,inf
86,128,inf,inf,inf,817.0679286326199,inf
86,129,inf,inf,inf,1313.342681861821,inf
87,88,inf,inf,inf,811.0634993636442,inf
87,89,inf,inf,inf,496.13909340022786,inf
87,90,inf,inf,inf,665.0067668828641,inf
87,91,inf,inf,inf,787.9555825044963,inf
87,92,inf,inf,inf,892.5614824761374,inf
87,93,inf,inf,inf,1092.4985125847998,inf
87,94,inf,inf,inf,1401.2626449028035,inf
87,95,inf,inf,inf,944.8237930958344,inf
87,96,inf,inf,inf,1285.3330307745148,inf
87,97,inf,inf,inf,1313.4355713166901,inf
87,98,inf,inf,inf,1081.7213134629455,inf
87,99,inf,inf,inf,1226.2267327048453,inf
87,100,inf,inf,inf,1078.047308794934,inf
87,101,inf,inf,inf,731.3938747350842,inf
87,102,inf,inf,inf,720.2089974444918,inf
87,103,inf,inf,inf,1082.6047293449258,inf
87,104,inf,inf,inf,938.1044717940534,inf
87,105,inf,inf,inf,1459.1175415298112,inf
87,106,inf,inf,inf,1357.8088967155873,inf
87,107,inf,inf,inf,859.9918604265973,inf
87,108,inf,inf,inf,1079.3502675220866,inf
87,109,inf,inf,inf,1055.974431508642,inf
87,110,inf,inf,inf,1166.6846189094977,inf
87,111,inf,inf,inf,737.5642344908001,inf
87,112,inf,inf,inf,797.4873039741761,inf
87,113,inf,inf,inf,1353.6690880713795,inf
87,114,inf,inf,inf,942.6993157948085,inf
87,115,inf,inf,inf,689.0812724200244,inf
87,116,inf,inf,inf,1260.834644194075,inf
87,117,inf,inf,inf,1020.1666530523335,inf
87,118,inf,inf,inf,720.6122396962184,inf
87,119,inf,inf,inf,902.0088691359969,inf
87,120,inf,inf,inf,1027.582113507237,inf
87,121,inf,inf,inf,914.3850392476902,inf
87,122,inf,inf,inf,1056.9626294245222,inf
87,123,inf,inf,inf,1394.648342773188,inf
87,124,inf,inf,inf,676.059908587989,inf
87,125,inf,inf,inf,472.826606696366,inf
87,126,inf,inf,inf,180.89776118017602,inf
87,127,inf,inf,inf,931.3227152818727,inf
87,128,inf,inf,inf,872.8923186739588,inf
87,129,inf,inf,inf,862.897444659561,inf
88,89,inf,inf,inf,351.5366268257121,inf
88,90,inf,inf,inf,1103.8378504110103,inf
88,91,inf,inf,inf,27.313000567495326,inf
88,92,inf,inf,inf,1398.0822579519418,inf
88,93,inf,inf,inf,895.9068031888138,inf
88,94,inf,inf,inf,968.310384122777,inf
88,95,inf,inf,inf,1103.4219501169985,inf
88,96,inf,inf,inf,1427.1401472875746,inf
88,97,inf,inf,inf,837.0812385903772,inf
88,98,inf,inf,inf,1445.9270382699121,inf
88,99,inf,inf,inf,576.1249864395746,inf
88,100,inf,inf,inf,969.1367292596025,inf
88,101,inf,inf,inf,953.6797156278411,inf
88,102,inf,inf,inf,1031.1105663312737,inf
88,103,inf,inf,inf,1396.0032234919804,inf
88,104,inf,inf,inf,810.0617260431454,inf
88,105,inf,inf,inf,1357.7510817524692,inf
88,106,inf,inf,inf,819.2026611284903,inf
88,107,inf,inf,inf,419.0107397191628,inf
88,108,inf,inf,inf,811.465957388232,inf
88,109,inf,inf,inf,1229.3128161700747,inf
88,110,inf,inf,inf,1211.4227173039146,inf
88,111,inf,inf,inf,986.9270489757589,inf
88,112,inf,inf,inf,1349.7503472864898,inf
88,113,inf,inf,inf,984.8228267053927,inf
88,114,inf,inf,inf,164.7118696390761,inf
88,115,inf,inf,inf,843.3415678122359,inf
88,116,inf,inf,inf,1487.970429813711,inf
88,117,inf,inf,inf,1395.2103784017663,inf
88,118,inf,inf,inf,1103.435544107584,inf
88,119,inf,inf,inf,910.9489557598713,inf
88,120,inf,inf,inf,1131.0088416984192,inf
88,121,inf,inf,inf,963.3047285257143,inf
88,122,inf,inf,inf,315.8259014077218,inf
88,123,inf,inf,inf,974.180681393344,inf
88,124,inf,inf,inf,710.6229661360517,inf
88,125,inf,inf,inf,1154.471740667566,inf
88,126,inf,inf,inf,956.2782021985025,inf
88,127,inf,inf,inf,938.851425945554,inf
88,128,inf,inf,inf,845.1159683735718,inf
88,129,inf,inf,inf,1274.5948375856542,inf
89,90,inf,inf,inf,958.5927185202274,inf
89,91,inf,inf,inf,324.8199501262199,inf
89,92,inf,inf,inf,1242.014492669067,inf
89,93,inf,inf,inf,1015.4727962875224,inf
89,94,inf,inf,inf,1199.673705638329,inf
89,95,inf,inf,inf,1079.3377599250384,inf
89,96,inf,inf,inf,1430.099646877797,inf
89,97,inf,inf,inf,1081.1406014020563,inf
89,98,inf,inf,inf,1353.322208492863,inf
89,99,inf,inf,inf,883.8834764831844,inf
89,100,inf,inf,inf,1054.3813351914002,inf
89,101,inf,inf,inf,886.1698482796625,inf
89,102,inf,inf,inf,933.5121852445205,inf
89,103,inf,inf,inf,1323.128489603334,inf
89,104,inf,inf,inf,888.0461699709086,inf
89,105,inf,inf,inf,1462.9101134382795,inf
89,106,inf,inf,inf,1089.5948788425908,inf
89,107,inf,inf,inf,601.3451587898584,inf
89,108,inf,inf,inf,957.0606041416604,inf
89,109,inf,inf,inf,1207.9155599626988,inf
89,110,inf,inf,inf,1245.329273726431,inf
89,111,inf,inf,inf,911.377528799125,inf
89,112,inf,inf,inf,1171.2728119443395,inf
89,113,inf,inf,inf,1188.9398639123847,inf
89,114,inf,inf,inf,509.34467701154983,inf
89,115,inf,inf,inf,791.05562383438,inf
89,116,inf,inf,inf,1456.6049567401587,inf
89,117,inf,inf,inf,1295.6118245832738,inf
89,118,inf,inf,inf,981.8716820440438,inf
89,119,inf,inf,inf,935.8215641883874,inf
89,120,inf,inf,inf,1133.5188573640935,inf
89,121,inf,inf,inf,975.443488880827,inf
89,122,inf,inf,inf,651.2818130425569,inf
89,123,inf,inf,inf,1200.3941019515216,inf
89,124,inf,inf,inf,691.1475963931293,inf
89,125,inf,inf,inf,911.1404941061504,inf
89,126,inf,inf,inf,663.3626459185051,inf
89,127,inf,inf,inf,967.4564589685677,inf
89,128,inf,inf,inf,879.2638966772149,inf
89,129,inf,inf,inf,1152.8755353462923,inf
90,91,inf,inf,inf,1094.115167612624,inf
90,92,inf,inf,inf,294.24479604574145,inf
90,93,inf,inf,inf,752.2931609419296,inf
90,94,inf,inf,inf,1145.7997207191142,inf
90,95,inf,inf,inf,381.69359439215117,inf
90,96,inf,inf,inf,659.0637298471219,inf
90,97,inf,inf,inf,1119.475323533306,inf
90,98,inf,inf,inf,418.1160126089409,inf
90,99,inf,inf,inf,1214.2363855526648,inf
90,100,inf,inf,inf,672.6812023536855,inf
90,101,inf,inf,inf,252.46187831036985,inf
90,102,inf,inf,inf,153.37861650177967,inf
90,103,inf,inf,inf,419.1288584671783,inf
90,104,inf,inf,inf,625.1607793200083,inf
90,105,inf,inf,inf,941.8418126203571,inf
90,106,inf,inf,inf,1205.0630688889275,inf
90,107,inf,inf,inf,862.0649627493278,inf
90,108,inf,inf,inf,803.9807211618945,inf
90,109,inf,inf,inf,448.6423965699185,inf
90,110,inf,inf,inf,614.4957282194889,inf
90,111,inf,inf,inf,222.55111772354684,inf
90,112,inf,inf,inf,261.2661478263114,inf
90,113,inf,inf,inf,1058.4413068281112,inf
90,114,inf,inf,inf,1151.8558937644934,inf
90,115,inf,inf,inf,333.5700825913499,inf
90,116,inf,inf,inf,606.9415128329912,inf
90,117,inf,inf,inf,356.72117963473937,inf
90,118,1.0,79.3137,79.31370849898475,76.23647421018367,1.0403643311247206
90,119,inf,inf,inf,491.85566988701066,inf
90,120,inf,inf,inf,475.18943590951176,inf
90,121,inf,inf,inf,460.358555910499,inf
90,122,inf,inf,inf,1188.60758873566,inf
90,123,inf,inf,inf,1130.5335023784125,inf
90,124,inf,inf,inf,459.7879946236091,inf
90,125,inf,inf,inf,346.1748113309228,inf
90,126,inf,inf,inf,547.9507277118993,inf
90,127,inf,inf,inf,503.6983224113418,inf
90,128,inf,inf,inf,516.8994099435595,inf
90,129,inf,inf,inf,201.40009930484146,inf
91,92,inf,inf,inf,1388.3068825011278,inf
91,93,inf,inf,inf,906.1042986323373,inf
91,94,inf,inf,inf,987.8952373607234,inf
91,95,inf,inf,inf,1102.9968268313378,inf
91,96,inf,inf,inf,1429.7485792963741,inf
91,97,inf,inf,inf,857.3733142569811,inf
91,98,inf,inf,inf,1441.1540514462706,inf
91,99,inf,inf,inf,601.0008319461796,inf
91,100,inf,inf,inf,976.8541344540647,inf
91,101,inf,inf,inf,949.2402224937584,inf
91,102,inf,inf,inf,1024.7248411158969,inf
91,103,inf,inf,inf,1392.6481967819439,inf
91,104,inf,inf,inf,816.3687892123265,inf
91,105,inf,inf,inf,1368.2024703968343,inf
91,106,inf,inf,inf,841.5848145017827,inf
91,107,inf,inf,inf,430.74354319014463,inf
91,108,inf,inf,inf,823.4227346873537,inf
91,109,inf,inf,inf,1229.516978329295,inf
91,110,inf,inf,inf,1215.9066576016435,inf
91,111,inf,inf,inf,982.0310585719782,inf
91,112,inf,inf,inf,1338.149468482501,inf
91,113,inf,inf,inf,1002.2584497024707,inf
91,114,inf,inf,inf,191.7602670002313,inf
91,115,inf,inf,inf,839.4456504146054,inf
91,116,inf,inf,inf,1488.0356178532825,inf
91,117,inf,inf,inf,1389.786314510256,inf
91,118,inf,inf,inf,1095.5053628348883,inf
91,119,inf,inf,inf,913.5261353677846,inf
91,120,inf,inf,inf,1132.765200736675,inf
91,121,inf,inf,inf,965.1331514355934,inf
91,122,inf,inf,inf,342.4207937611266,inf
91,123,inf,inf,inf,993.3670016665543,inf
91,124,inf,inf,inf,708.2633690937291,inf
91,125,inf,inf,inf,1137.4941758092655,inf
91,126,inf,inf,inf,935.1245906295054,inf
91,127,inf,inf,inf,941.8704794184814,inf
91,128,inf,inf,inf,848.0619081175619,inf
91,129,inf,inf,inf,1267.1740211983515,inf
92,93,inf,inf,inf,955.8101275881105,inf
92,94,inf,inf,inf,1350.2966340771202,inf
92,95,inf,inf,inf,520.5247352431967,inf
92,96,inf,inf,inf,646.4711903867023,inf
92,97,inf,inf,inf,1345.7507198586222,inf
92,98,inf,inf,inf,274.2207140243056,inf
92,99,inf,inf,inf,1479.7520062496958,inf
92,100,inf,inf,inf,856.4484806455085,inf
92,101,inf,inf,inf,499.4607091653957,inf
92,102,inf,inf,inf,397.0201506221063,inf
92,103,inf,inf,inf,337.6758800980609,inf
92,104,inf,inf,inf,854.9725141780875,inf
92,105,inf,inf,inf,1021.0239958002946,inf
92,106,inf,inf,inf,1439.0653216584715,inf
92,107,inf,inf,inf,1142.5900402156497,inf
92,108,inf,inf,inf,1026.5987531650328,inf
92,109,inf,inf,inf,512.831356295615,inf
92,110,inf,inf,inf,705.5388012008979,inf
92,111,inf,inf,inf,462.9006372862323,inf
92,112,inf,inf,inf,110.92339699089638,inf
92,113,inf,inf,inf,1253.3355496434306,inf
92,114,inf,inf,inf,1443.750670995515,inf
92,115,inf,inf,inf,602.100489951636,inf
92,116,inf,inf,inf,535.8973782357962,inf
92,117,inf,inf,inf,231.08872754853275,inf
92,118,inf,inf,inf,306.7507131206055,inf
92,119,inf,inf,inf,704.3819986342638,inf
92,120,inf,inf,inf,596.560977604134,inf
92,121,inf,inf,inf,657.2746762199195,inf
92,122,inf,inf,inf,1474.3947910922636,inf
92,123,inf,inf,inf,1332.760293526184,inf
92,124,inf,inf,inf,737.7811328571638,inf
92,125,inf,inf,inf,456.34745534515696,inf
92,126,inf,inf,inf,740.5470950587816,inf
92,127,inf,inf,inf,705.1950084905593,inf
92,128,inf,inf,inf,747.655669409388,inf
92,129,inf,inf,inf,171.95929750961417,inf
93,94,inf,inf,inf,396.1413889004783,inf
93,95,inf,inf,inf,443.1986010808247,inf
93,96,inf,inf,inf,619.2721534188341,inf
93,97,inf,inf,inf,397.61287705505714,inf
93,98,inf,inf,inf,830.2638134954456,inf
93,99,inf,inf,inf,625.511790456423,inf
93,100,inf,inf,inf,115.26057435220423,inf
93,101,inf,inf,inf,501.7250242911948,inf
93,102,inf,inf,inf,599.4731019820656,inf
93,103,inf,inf,inf,746.9752338598649,inf
93,104,inf,inf,inf,155.16765126791086,inf
93,105,inf,inf,inf,462.1352615847442,inf
93,106,inf,inf,inf,497.91967223639597,inf
93,107,inf,inf,inf,477.73737555271936,inf
93,108,inf,inf,inf,103.16006979447037,inf
93,109,inf,inf,inf,511.8056271671893,inf
93,110,inf,inf,inf,386.51778743028115,inf
93,111,inf,inf,inf,529.7546601965857,inf
93,112,inf,inf,inf,983.9334327077213,inf
93,113,inf,inf,inf,306.2041802457961,inf
93,114,inf,inf,inf,826.6879701556084,inf
93,115,inf,inf,inf,456.42304937415247,inf
93,116,inf,inf,inf,732.2055722268167,inf
93,117,inf,inf,inf,809.6079298030621,inf
93,118,inf,inf,inf,690.3716390466805,inf
93,119,inf,inf,inf,260.5551764981844,inf
93,120,inf,inf,inf,394.65681294005304,inf
93,121,inf,inf,inf,299.7148644962408,inf
93,122,inf,inf,inf,761.0131404910168,inf
93,123,inf,inf,inf,379.7222669267632,inf
93,124,inf,inf,inf,418.11481676687805,inf
93,125,inf,inf,inf,1050.555091368368,inf
93,126,inf,inf,inf,1094.9178051342485,inf
93,127,inf,inf,inf,252.55692427648862,inf
93,128,inf,inf,inf,245.15301344262525,inf
93,129,inf,inf,inf,784.0057397749075,inf
94,95,inf,inf,inf,832.9279680740706,inf
94,96,inf,inf,inf,931.1208299678405,inf
94,97,inf,inf,inf,135.35139452550905,inf
94,98,inf,inf,inf,1206.7916141571418,inf
94,99,inf,inf,inf,468.83792508712435,inf
94,100,inf,inf,inf,495.1009997970111,inf
94,101,inf,inf,inf,893.7561188601732,inf
94,102,inf,inf,inf,993.808834736339,inf
94,103,inf,inf,inf,1119.9517846764654,inf
94,104,inf,inf,inf,525.0952294584288,inf
94,105,inf,inf,inf,604.8346881586737,inf
94,106,inf,inf,inf,206.8912757948,inf
94,107,inf,inf,inf,598.4321181220139,inf
94,108,inf,inf,inf,347.588837565305,inf
94,109,inf,inf,inf,882.592204814885,inf
94,110,inf,inf,inf,719.569315632622,inf
94,111,inf,inf,inf,923.4717104492156,inf
94,112,inf,inf,inf,1380.0742733635752,inf
94,113,inf,inf,inf,106.7379969832674,inf
94,114,inf,inf,inf,840.907248155229,inf
94,115,inf,inf,inf,835.1299300108935,inf
94,116,inf,inf,inf,1066.2818576717884,inf
94,117,inf,inf,inf,1192.7954560610967,inf
94,118,inf,inf,inf,1085.6910241869,inf
94,119,inf,inf,inf,655.5982001195549,inf
94,120,inf,inf,inf,771.7473679903288,inf
94,121,inf,inf,inf,695.750673733055,inf
94,122,inf,inf,inf,716.4167781396525,inf
94,123,inf,inf,inf,21.095023109728988,inf
94,124,inf,inf,inf,763.0491465167889,inf
94,125,inf,inf,inf,1430.0832143620175,inf
94,126,inf,inf,inf,1436.2162093501104,inf
94,127,inf,inf,inf,648.6979266191622,inf
94,128,inf,inf,inf,630.6346010171025,inf
94,129,inf,inf,inf,1178.3416312767702,inf
95,96,inf,inf,inf,353.92230785865985,inf
95,97,inf,inf,inf,839.867251415365,inf
95,98,inf,inf,inf,395.6829538911172,inf
95,99,inf,inf,inf,1022.5947388873072,inf
95,100,inf,inf,inf,337.8313188560232,inf
95,101,inf,inf,inf,214.21717951648975,inf
95,102,inf,inf,inf,246.05080776132397,inf
95,103,inf,inf,inf,320.2264823527249,inf
95,104,inf,inf,inf,373.18628056240226,inf
95,105,inf,inf,inf,560.902843636935,inf
95,106,inf,inf,inf,938.0943449355187,inf
95,107,inf,inf,inf,746.7061001491819,inf
95,108,inf,inf,inf,525.5178398494194,inf
95,109,inf,inf,inf,129.0348790056394,inf
95,110,inf,inf,inf,236.00211863455803,inf
95,111,inf,inf,inf,208.5209821576716,inf
95,112,inf,inf,inf,565.1990799709426,inf
95,113,inf,inf,inf,734.0190733216679,inf
95,114,inf,inf,inf,1095.570171189413,inf
95,115,inf,inf,inf,289.21445330411825,inf
95,116,inf,inf,inf,385.50226977282506,inf
95,117,inf,inf,inf,368.4562389212591,inf
95,118,inf,inf,inf,306.3233585608515,inf
95,119,inf,inf,inf,220.5810508633958,inf
95,120,inf,inf,inf,93.7709976485267,inf
95,121,inf,inf,inf,162.9969324864735,inf
95,122,inf,inf,inf,1082.1062794383922,inf
95,123,inf,inf,inf,814.8079528330587,inf
95,124,inf,inf,inf,398.7793876318083,inf
95,125,inf,inf,inf,724.8620558423513,inf
95,126,inf,inf,inf,875.4655904146091,inf
95,127,inf,inf,inf,207.50421682462263,inf
95,128,inf,inf,inf,283.0635970943632,inf
95,129,inf,inf,inf,349.38231208806206,inf
96,97,inf,inf,inf,986.8181190067397,inf
96,98,inf,inf,inf,388.6798168158465,inf
96,99,inf,inf,inf,1244.78150693204,inf
96,100,inf,inf,inf,507.8474180302584,inf
96,101,inf,inf,inf,564.0443244994137,inf
96,102,inf,inf,inf,566.0830327787612,inf
96,103,inf,inf,inf,310.0483833210552,inf
96,104,inf,inf,inf,632.8135586410898,inf
96,105,inf,inf,inf,418.07296013973445,inf
96,106,inf,inf,inf,1091.2900622657571,inf
96,107,inf,inf,inf,1039.3926110955379,inf
96,108,inf,inf,inf,721.8032973047435,inf
96,109,inf,inf,inf,230.7834482799839,inf
96,110,inf,inf,inf,233.3452377915607,inf
96,111,inf,inf,inf,550.8920039354356,inf
96,112,inf,inf,inf,736.4163224698377,inf
96,113,inf,inf,inf,824.4301061945761,inf
96,114,inf,inf,inf,1397.7485467708418,inf
96,115,inf,inf,inf,642.5573904329481,inf
96,116,inf,inf,inf,148.39474384222643,inf
96,117,inf,inf,inf,416.8896736547932,inf
96,118,inf,inf,inf,586.8398418648823,inf
96,119,inf,inf,inf,516.2450968290159,inf
96,120,inf,inf,inf,299.23235119217975,inf
96,121,inf,inf,inf,465.4728778350034,inf
96,122,inf,inf,inf,1359.4576124322523,inf
96,123,inf,inf,inf,910.2444726555608,inf
96,124,inf,inf,inf,742.0148246497505,inf
96,125,inf,inf,inf,997.5910985970154,inf
96,126,inf,inf,inf,1197.2238721308559,inf
96,127,inf,inf,inf,488.43116198702967,inf
96,128,inf,inf,inf,582.0601343503951,inf
96,129,inf,inf,inf,521.1381774539263,inf
97,98,inf,inf,inf,1227.6554891336575,inf
97,99,inf,inf,inf,337.24916604789405,inf
97,100,inf,inf,inf,509.7185497899797,inf
97,101,inf,inf,inf,867.7326777297257,inf
97,102,inf,inf,inf,971.2878049270463,inf
97,103,inf,inf,inf,1143.7289888780472,inf
97,104,inf,inf,inf,495.26255663031907,inf
97,105,inf,inf,inf,700.5205207558163,inf
97,106,inf,inf,inf,104.47966309287182,inf
97,107,inf,inf,inf,483.14904532659483,inf
97,108,inf,inf,inf,319.2647803939545,inf
97,109,inf,inf,inf,907.3791930609826,inf
97,110,inf,inf,inf,762.954782408499,inf
97,111,inf,inf,inf,900.3554853500922,inf
97,112,inf,inf,inf,1364.7904601073383,inf
97,113,inf,inf,inf,197.72961336127676,inf
97,114,inf,inf,inf,706.6010189633186,inf
97,115,inf,inf,inf,795.1515578806345,inf
97,116,inf,inf,inf,1113.4760886521094,inf
97,117,inf,inf,inf,1207.0994159554548,inf
97,118,inf,inf,inf,1065.4599945563418,inf
97,119,inf,inf,inf,641.5302019390825,inf
97,120,inf,inf,inf,791.3343162027033,inf
97,121,inf,inf,inf,689.2641003272984,inf
97,122,inf,inf,inf,581.0654007940931,inf
97,123,inf,inf,inf,146.6594695203825,inf
97,124,inf,inf,inf,704.7070313257843,inf
97,125,inf,inf,inf,1381.9095484148013,inf
97,126,inf,inf,inf,1362.2352953876948,inf
97,127,inf,inf,inf,641.2433235519883,inf
97,128,inf,inf,inf,604.1092616406406,inf
97,129,inf,inf,inf,1174.9182950316163,inf
98,99,inf,inf,inf,1417.6829687909776,inf
98,100,inf,inf,inf,718.3849942753537,inf
98,101,inf,inf,inf,492.3271270202364,inf
98,102,inf,inf,inf,422.0924069442614,inf
98,103,inf,inf,inf,89.27485648266257,inf
98,104,inf,inf,inf,768.5811603207562,inf
98,105,inf,inf,inf,790.600404755778,inf
98,106,inf,inf,inf,1328.0850876355776,inf
98,107,inf,inf,inf,1125.1777637333578,inf
98,108,inf,inf,inf,918.3681179135086,inf
98,109,inf,inf,inf,324.35320254315354,inf
98,110,inf,inf,inf,504.0813426422367,inf
98,111,inf,inf,inf,459.1230771808361,inf
98,112,inf,inf,inf,378.6251444370804,inf
98,113,inf,inf,inf,1103.1649921929177,inf
98,114,inf,inf,inf,1460.9247071632406,inf
98,115,inf,inf,inf,603.257822162299,inf
98,116,inf,inf,inf,264.35771220072246,inf
98,117,inf,inf,inf,61.554853586049575,inf
98,118,inf,inf,inf,375.26124233658874,inf
98,119,inf,inf,inf,614.6909792733256,inf
98,120,inf,inf,inf,436.811172018299,inf
98,121,inf,inf,inf,557.9686371114419,inf
98,122,inf,inf,inf,1463.1107271836947,inf
98,123,inf,inf,inf,1187.404311934229,inf
98,124,inf,inf,inf,739.6823642618499,inf
98,125,inf,inf,inf,697.0365844057254,inf
98,126,inf,inf,inf,952.9118532162353,inf
98,127,inf,inf,inf,603.175762112504,inf
98,128,inf,inf,inf,673.8857469927673,inf
98,129,inf,inf,inf,219.0,inf
99,100,inf,inf,inf,738.0311646536344,inf
99,101,inf,inf,inf,980.3718682214418,inf
99,102,inf,inf,inf,1083.9100516186757,inf
99,103,inf,inf,inf,1342.2313511462917,inf
99,104,inf,inf,inf,649.4366789764804,inf
99,105,inf,inf,inf,1016.3227833715035,inf
99,106,inf,inf,inf,274.0456166407337,inf
99,107,inf,inf,inf,380.4339627320358,inf
99,108,inf,inf,inf,523.1720558286729,inf
99,109,inf,inf,inf,1118.2352167589786,inf
99,110,inf,inf,inf,1011.8581916454499,inf
99,111,inf,inf,inf,1016.85839722156,inf
99,112,inf,inf,inf,1474.1811286270083,inf
99,113,inf,inf,inf,530.8898190773675,inf
99,114,inf,inf,inf,420.61145966319083,inf
99,115,inf,inf,inf,882.1479467753694,inf
99,116,inf,inf,inf,1354.0723762044627,inf
99,117,inf,inf,inf,1385.1281529158232,inf
99,118,inf,inf,inf,1177.3164400449014,inf
99,119,inf,inf,inf,803.0168117791807,inf
99,120,inf,inf,inf,1000.2464696263617,inf
99,121,inf,inf,inf,859.8069550777082,inf
99,122,inf,inf,inf,273.3386178350948,inf
99,123,inf,inf,inf,482.7131653477042,inf
99,124,inf,inf,inf,756.191113409831,inf
99,125,inf,inf,inf,1409.6258368801275,inf
99,126,inf,inf,inf,1317.2774954427787,inf
99,127,inf,inf,inf,815.4373059898596,inf
99,128,inf,inf,inf,745.7110700532747,inf
99,129,inf,inf,inf,1318.0470401317245,inf
100,101,inf,inf,inf,429.6102885173957,inf
100,102,inf,inf,inf,519.4699221321673,inf
100,103,inf,inf,inf,634.0291791392569,inf
100,104,inf,inf,inf,166.715326230074,inf
100,105,inf,inf,inf,408.71750635371615,inf
100,106,inf,inf,inf,611.3043431875811,inf
100,107,inf,inf,inf,557.4872195844493,inf
100,108,inf,inf,inf,215.03720608304042,inf
100,109,inf,inf,inf,397.81905434506274,inf
100,110,inf,inf,inf,274.5050090617656,inf
100,111,inf,inf,inf,452.76594394896796,inf
100,112,inf,inf,inf,891.9641248391104,inf
100,113,inf,inf,inf,396.8904130865345,inf
100,114,inf,inf,inf,913.892772703669,inf
100,115,inf,inf,inf,407.5450895299807,inf
100,116,inf,inf,inf,617.5062752717579,inf
100,117,inf,inf,inf,700.1785486574121,inf
100,118,inf,inf,inf,605.9042828698275,inf
100,119,inf,inf,inf,190.5203401214684,inf
100,120,inf,inf,inf,281.70374509402603,inf
100,121,inf,inf,inf,212.3252222417299,inf
100,122,inf,inf,inf,859.5533723975493,inf
100,123,inf,inf,inf,477.0010482168776,inf
100,124,inf,inf,inf,405.4442008464297,inf
100,125,inf,inf,inf,987.9013108605535,inf
100,126,inf,inf,inf,1061.6261112086495,inf
100,127,inf,inf,inf,170.985379491932,inf
100,128,inf,inf,inf,205.24375751773792,inf
100,129,inf,inf,inf,684.5626340956684,inf
101,102,inf,inf,inf,104.95713410721541,inf
101,103,inf,inf,inf,445.2998989445203,inf
101,104,inf,inf,inf,372.88738246285567,inf
101,105,inf,inf,inf,748.2947280316761,inf
101,106,inf,inf,inf,954.8214492772981,inf
101,107,inf,inf,inf,649.5852522956475,inf
101,108,inf,inf,inf,551.5596069329225,inf
101,109,inf,inf,inf,333.600059952033,inf
101,110,inf,inf,inf,438.20086718307624,inf
101,111,inf,inf,inf,36.87817782917155,inf
101,112,inf,inf,inf,500.4448021510464,inf
101,113,inf,inf,inf,807.8570418087596,inf
101,114,inf,inf,inf,972.1753956977105,inf
101,115,inf,inf,inf,111.5437134042076,inf
101,116,inf,inf,inf,571.5566463614958,inf
101,117,inf,inf,inf,443.08125665615785,inf
101,118,inf,inf,inf,199.81241202688085,inf
101,119,inf,inf,inf,242.6705585768492,inf
101,120,inf,inf,inf,296.84002425549016,inf
101,121,inf,inf,inf,220.42912693199145,inf
101,122,inf,inf,inf,985.8463369105756,inf
101,123,inf,inf,inf,878.7291960553035,inf
101,124,inf,inf,inf,250.12796724876648,inf
101,125,inf,inf,inf,559.1940629155499,inf
101,126,inf,inf,inf,670.6690689155122,inf
101,127,inf,inf,inf,258.62907802488104,inf
101,128,inf,inf,inf,264.4617174564213,inf
101,129,inf,inf,inf,342.29957639471303,inf
102,103,inf,inf,inf,390.51248379533274,inf
102,104,inf,inf,inf,476.05987018441283,inf
102,105,inf,inf,inf,804.9627320565841,inf
102,106,inf,inf,inf,1059.2091389333837,inf
102,107,inf,inf,inf,747.0455140083501,inf
102,108,inf,inf,inf,654.0412831006923,inf
102,109,inf,inf,inf,339.32432862970495,inf
102,110,inf,inf,inf,482.0165972246184,inf
102,111,inf,inf,inf,70.9365914038728,inf
102,112,inf,inf,inf,395.5363447270048,inf
102,113,inf,inf,inf,905.4971010445037,inf
102,114,inf,inf,inf,1060.0570739351726,inf
102,115,inf,inf,inf,205.54804791094466,inf
102,116,inf,inf,inf,546.077833280202,inf
102,117,inf,inf,inf,367.14710948065493,inf
102,118,inf,inf,inf,94.87360012142472,inf
102,119,inf,inf,inf,338.92329515688357,inf
102,120,inf,inf,inf,339.0722636843067,inf
102,121,inf,inf,inf,307.15631199765375,inf
102,122,inf,inf,inf,1081.2330923533557,inf
102,123,inf,inf,inf,978.2765457681177,inf
102,124,inf,inf,inf,343.0976537372414,inf
102,125,inf,inf,inf,482.8436599977264,inf
102,126,inf,inf,inf,634.9055047800421,inf
102,127,inf,inf,inf,350.3212811120672,inf
102,128,inf,inf,inf,367.2655714874456,inf
102,129,inf,inf,inf,247.07286374670934,inf
103,104,inf,inf,inf,692.8701176988368,inf
103,105,inf,inf,inf,703.9211603581754,inf
103,106,inf,inf,inf,1244.8582248593611,inf
103,107,inf,inf,inf,1060.9453331816867,inf
103,108,inf,inf,inf,837.244289320626,inf
103,109,inf,inf,inf,237.49736840647307,inf
103,110,inf,inf,inf,414.84454919885354,inf
103,111,inf,inf,inf,415.29266788615473,inf
103,112,inf,inf,inf,433.07389669662615,inf
103,113,inf,inf,inf,1015.8863125369886,inf
103,114,inf,inf,inf,1402.8175219892287,inf
103,115,inf,inf,inf,553.3985905294663,inf
103,116,inf,inf,inf,203.54115063052976,inf
103,117,inf,inf,inf,106.96261028976434,inf
103,118,inf,inf,inf,363.17626574433524,inf
103,119,inf,inf,inf,540.7929363444016,inf
103,120,inf,inf,inf,352.42304124446804,inf
103,121,inf,inf,inf,483.19457778414693,inf
103,122,inf,inf,inf,1398.1219546234156,inf
103,123,inf,inf,inf,1100.4203742206885,inf
103,124,inf,inf,inf,685.9154466842105,inf
103,125,inf,inf,inf,727.3307363228919,inf
103,126,inf,inf,inf,965.3750566489689,inf
103,127,inf,inf,inf,526.806416058119,inf
103,128,inf,inf,inf,602.4018592268785,inf
103,129,inf,inf,inf,236.86494041964082,inf
104,105,inf,inf,inf,574.8669411263793,inf
104,106,inf,inf,inf,584.9316199351853,inf
104,107,inf,inf,inf,407.6787951316575,inf
104,108,inf,inf,inf,179.13402803487674,inf
104,109,inf,inf,inf,473.1786132106987,inf
104,110,inf,inf,inf,406.15883592506026,inf
104,111,inf,inf,inf,405.123437979093,inf
104,112,inf,inf,inf,869.8011266950624,inf
104,113,inf,inf,inf,447.2359556207439,inf
104,114,inf,inf,inf,766.531147442816,inf
104,115,inf,inf,inf,310.5945910668761,inf
104,116,inf,inf,inf,720.7551595375506,inf
104,117,inf,inf,inf,737.9566382925219,inf
104,118,inf,inf,inf,570.2017186926045,inf
104,119,inf,inf,inf,154.983870128475,inf
104,120,inf,inf,inf,357.3471701301131,inf
104,121,inf,inf,inf,210.64662351910604,inf
104,122,inf,inf,inf,728.4023613360956,inf
104,123,inf,inf,inf,511.44110120325684,inf
104,124,inf,inf,inf,263.00760445279906,inf
104,125,inf,inf,inf,906.400022065313,inf
104,126,inf,inf,inf,940.231886291887,inf
104,127,inf,inf,inf,166.0903368652132,inf
104,128,2.0,121.267,121.26702730475867,108.85311203635843,1.1140428145430865
104,129,inf,inf,inf,686.0728824257668,inf
105,106,inf,inf,inf,799.2878079890872,inf
105,107,inf,inf,inf,939.0388703349824,inf
105,108,inf,inf,inf,549.2877205982307,inf
105,109,inf,inf,inf,513.2270452733371,inf
105,110,inf,inf,inf,328.2209621581169,inf
105,111,inf,inf,inf,756.1487948810076,inf
105,112,inf,inf,inf,1093.2017197205646,inf
105,113,inf,inf,inf,507.1686110160999,inf
105,114,inf,inf,inf,1281.8151192742266,inf
105,115,inf,inf,inf,770.3927569752976,inf
105,116,inf,inf,inf,566.2578917772361,inf
105,117,inf,inf,inf,805.0267076314922,inf
105,118,inf,inf,inf,865.9157002849643,inf
105,119,inf,inf,inf,559.3889523399617,inf
105,120,inf,inf,inf,467.1327434466567,inf
105,121,inf,inf,inf,545.1495207738882,inf
105,122,inf,inf,inf,1201.2202129501484,inf
105,123,inf,inf,inf,584.2088667591412,inf
105,124,inf,inf,inf,803.1046009082503,inf
105,125,inf,inf,inf,1285.760864235648,inf
105,126,inf,inf,inf,1417.5316574948158,inf
105,127,inf,inf,inf,528.9706986213887,inf
105,128,inf,inf,inf,599.6040360104324,inf
105,129,inf,inf,inf,867.5943752699184,inf
106,107,inf,inf,inf,506.4632267006164,inf
106,108,inf,inf,inf,413.726963104896,inf
106,109,inf,inf,inf,1009.1189226250789,inf
106,110,inf,inf,inf,867.0732379678201,inf
106,111,inf,inf,inf,988.4391736470182,inf
106,112,inf,inf,inf,1454.1433904536375,inf
106,113,inf,inf,inf,292.5149568825499,inf
106,114,inf,inf,inf,676.4236837958883,inf
106,115,inf,inf,inf,876.4256956525179,inf
106,116,inf,inf,inf,1217.5980453335164,inf
106,117,inf,inf,inf,1306.1106384988984,inf
106,118,inf,inf,inf,1153.8583101923737,inf
106,119,inf,inf,inf,734.9319696407281,inf
106,120,inf,inf,inf,892.4673663501652,inf
106,121,inf,inf,inf,784.6483288709662,inf
106,122,inf,inf,inf,538.8552681379296,inf
106,123,inf,inf,inf,224.50167037240502,inf
106,124,inf,inf,inf,776.8500498809278,inf
106,125,inf,inf,inf,1455.277980318537,inf
106,126,inf,inf,inf,1418.2020307417417,inf
106,127,inf,inf,inf,736.7177207044772,inf
106,128,inf,inf,inf,693.4320442552391,inf
106,129,inf,inf,inf,1269.0362484972602,inf
107,108,inf,inf,inf,392.68944472700053,inf
107,109,inf,inf,inf,863.400254806541,inf
107,110,inf,inf,inf,813.8138607814443,inf
107,111,inf,inf,inf,686.3300955079851,inf
107,112,inf,inf,inf,1123.2417371162808,inf
107,113,inf,inf,inf,591.0820586010034,inf
107,114,inf,inf,inf,358.85373064801763,inf
107,115,inf,inf,inf,541.5764027355697,inf
107,116,inf,inf,inf,1118.8610280101814,inf
107,117,inf,inf,inf,1083.2885118932998,inf
107,118,inf,inf,inf,835.8803742163109,inf
107,119,inf,inf,inf,533.376039956802,inf
107,120,inf,inf,inf,754.0086206403744,inf
107,121,inf,inf,inf,590.3846203958907,inf
107,122,inf,inf,inf,338.00591710797016,inf
107,123,inf,inf,inf,599.0609317924179,inf
107,124,inf,inf,inf,404.82712359722143,inf
107,125,inf,inf,inf,1032.0392434398993,inf
107,126,inf,inf,inf,939.80104277448,inf
107,127,inf,inf,inf,556.5932087260857,inf
107,128,inf,inf,inf,467.05138903551074,inf
107,129,inf,inf,inf,991.6582072468316,inf
108,109,inf,inf,inf,605.0198343856175,inf
108,110,inf,inf,inf,488.72282533149604,inf
108,111,inf,inf,inf,583.1517812713943,inf
108,112,inf,inf,inf,1046.2126934806327,inf
108,113,inf,inf,inf,277.9946042641835,inf
108,114,inf,inf,inf,732.9617998231558,inf
108,115,inf,inf,inf,487.77863831865375,inf
108,116,inf,inf,inf,832.2649818417209,inf
108,117,inf,inf,inf,893.9535782130971,inf
108,118,inf,inf,inf,747.6850941405746,inf
108,119,inf,inf,inf,322.28093334853054,inf
108,120,inf,inf,inf,486.805916151396,inf
108,121,inf,inf,inf,370.95147930693037,inf
108,122,inf,inf,inf,661.0,inf
108,123,inf,inf,inf,335.0179099690045,inf
108,124,inf,inf,inf,420.0880860010196,inf
108,125,inf,inf,inf,1082.4952655785614,inf
108,126,inf,inf,inf,1098.8198214448082,inf
108,127,inf,inf,inf,323.0,inf
108,128,inf,inf,inf,287.0992859621911,inf
108,129,inf,inf,inf,855.9842288266765,inf
109,110,inf,inf,inf,192.7615106809448,inf
109,111,inf,inf,inf,320.18900668199086,inf
109,112,inf,inf,inf,580.155151662036,inf
109,113,inf,inf,inf,778.8157676883538,inf
109,114,inf,inf,inf,1216.1924189864037,inf
109,115,inf,inf,inf,417.1390655404981,inf
109,116,inf,inf,inf,258.69286808878206,inf
109,117,inf,inf,inf,316.1803282938393,inf
109,118,inf,inf,inf,373.2077169620157,inf
109,119,inf,inf,inf,330.311973746033,inf
109,120,inf,inf,inf,118.37651794169315,inf
109,121,inf,inf,inf,273.0164830188829,inf
109,122,inf,inf,inf,1195.627032146731,inf
109,123,inf,inf,inf,863.1349836497186,inf
109,124,inf,inf,inf,527.3755777432247,inf
109,125,inf,inf,inf,794.1064160425856,inf
109,126,inf,inf,inf,973.8223657320672,inf
109,127,inf,inf,inf,309.6578757273905,inf
109,128,inf,inf,inf,396.36473102434326,inf
109,129,inf,inf,inf,354.53913747286066,inf
110,111,inf,inf,inf,439.84088031923545,inf
110,112,inf,inf,inf,770.3200633502934,inf
110,113,inf,inf,inf,613.365307137598,inf
110,114,inf,inf,inf,1172.66576653367,inf
110,115,inf,inf,inf,484.50593391619054,inf
110,116,inf,inf,inf,350.52674648306083,inf
110,117,inf,inf,inf,504.4293805876101,inf
110,118,inf,inf,inf,538.3911217692952,inf
110,119,inf,inf,inf,310.42068230064825,inf
110,120,inf,inf,inf,143.42245291445826,inf
110,121,inf,inf,inf,271.0073799733136,inf
110,122,inf,inf,inf,1128.7413344074894,inf
110,123,inf,inf,inf,699.2202800262589,inf
110,124,inf,inf,inf,555.3665456254995,inf
110,125,inf,inf,inf,959.517587123863,inf
110,126,inf,inf,inf,1107.5942397827826,inf
110,127,inf,inf,inf,279.3796699833401,inf
110,128,inf,inf,inf,371.6019375622253,inf
110,129,inf,inf,inf,545.1541066524218,inf
111,112,inf,inf,inf,465.95815262746504,inf
111,113,inf,inf,inf,835.9240396112556,inf
111,114,inf,inf,inf,1007.6135171780895,inf
111,115,inf,inf,inf,147.03060905811415,inf
111,116,inf,inf,inf,549.8045107126713,inf
111,117,inf,inf,inf,408.6967090643134,inf
111,118,inf,inf,inf,165.42369842317032,inf
111,119,inf,inf,inf,269.4011878221772,inf
111,120,inf,inf,inf,296.7456823611761,inf
111,121,inf,inf,inf,241.10785968109792,inf
111,122,inf,inf,inf,1022.4231022429021,inf
111,123,inf,inf,inf,908.0864496291089,inf
111,124,inf,inf,inf,286.0,inf
111,125,inf,inf,inf,540.5201198845423,inf
111,126,inf,inf,inf,667.973801881481,inf
111,127,inf,inf,inf,282.46238687655386,inf
111,128,inf,inf,inf,296.33089612796033,inf
111,129,inf,inf,inf,305.45867150892934,inf
112,113,inf,inf,inf,1287.028360215889,inf
112,114,inf,inf,inf,1406.8688638249125,inf
112,115,inf,inf,inf,592.1596068628795,inf
112,116,inf,inf,inf,635.2275182956104,inf
112,117,inf,inf,inf,329.4389169481954,inf
112,118,inf,inf,inf,300.66592756745814,inf
112,119,inf,inf,inf,725.767180299578,inf
112,120,inf,inf,inf,649.4897997659393,inf
112,121,inf,inf,inf,684.5158873247574,inf
112,122,inf,inf,inf,1448.4308751196932,inf
112,123,inf,inf,inf,1363.5138429807012,inf
112,124,inf,inf,inf,720.9056803771211,inf
112,125,inf,inf,inf,348.98280759945754,inf
112,126,inf,inf,inf,639.2260945862582,inf
112,127,inf,inf,inf,731.3795184444257,inf
112,128,inf,inf,inf,761.0026281163555,inf
112,129,inf,inf,inf,225.62358032794356,inf
113,114,inf,inf,inf,870.1367708584668,inf
113,115,inf,inf,inf,757.3143336818603,inf
113,116,inf,inf,inf,959.6103375850012,inf
113,117,inf,inf,inf,1090.651181634165,inf
113,118,inf,inf,inf,995.8202649072773,inf
113,119,inf,inf,inf,566.6039180944657,inf
113,120,inf,inf,inf,669.543874589261,inf
113,121,inf,inf,inf,602.8797558385918,inf
113,122,inf,inf,inf,757.792847683323,inf
113,123,inf,inf,inf,86.02325267042627,inf
113,124,inf,inf,inf,697.9462730038753,inf
113,125,inf,inf,inf,1353.1212066921426,inf
113,126,inf,inf,inf,1376.7817546728313,inf
113,127,inf,inf,inf,556.8213357981176,inf
113,128,inf,inf,inf,548.3402228543881,inf
113,129,inf,inf,inf,1081.4527266598388,inf
114,115,inf,inf,inf,860.6956488794399,inf
114,116,inf,inf,inf,1473.4456216637248,inf
114,117,inf,inf,inf,1414.5338454770178,inf
114,118,inf,inf,inf,1140.7015385279358,inf
114,119,inf,inf,inf,888.0056306127794,inf
114,120,inf,inf,inf,1109.6436364887602,inf
114,121,inf,inf,inf,943.9459730302365,inf
114,122,inf,inf,inf,152.47294842036735,inf
114,123,inf,inf,inf,849.0995230242448,inf
114,124,inf,inf,inf,722.252725851554,inf
114,125,inf,inf,inf,1245.8302452581572,inf
114,126,inf,inf,inf,1074.7474121857656,inf
114,127,inf,inf,inf,912.7124410240062,inf
114,128,inf,inf,inf,821.2947095896819,inf
114,129,inf,inf,inf,1307.0095638517723,inf
115,116,inf,inf,inf,666.8050689669358,inf
115,117,inf,inf,inf,554.5637925432925,inf
115,118,inf,inf,inf,296.3055855025349,inf
115,119,inf,inf,inf,219.44703233354514,inf
115,120,inf,inf,inf,353.9095929753812,inf
115,121,inf,inf,inf,225.33752461585266,inf
115,122,inf,inf,inf,876.4958642229865,inf
115,123,inf,inf,inf,821.842442320911,inf
115,124,inf,inf,inf,139.0323703315167,inf
115,125,inf,inf,inf,595.8691131448248,inf
115,126,inf,inf,inf,655.7812135156054,inf
115,127,inf,inf,inf,246.01829200285087,inf
115,128,inf,inf,inf,211.51359294381058,inf
115,129,inf,inf,inf,450.6717208789564,inf
116,117,inf,inf,inf,306.0,inf
116,118,inf,inf,inf,542.4039085404897,inf
116,119,inf,inf,inf,585.7132404171857,inf
116,120,inf,inf,inf,365.0986168146902,inf
116,121,inf,inf,inf,529.5016524997822,inf
116,122,inf,inf,inf,1448.1305189795567,inf
116,123,inf,inf,inf,1045.6328227441984,inf
116,124,inf,inf,inf,783.9623715459818,inf
116,125,inf,inf,inf,927.8755304457598,inf
116,126,inf,inf,inf,1154.706889214748,inf
116,127,inf,inf,inf,562.4677768548169,inf
116,128,inf,inf,inf,652.3258388259659,inf
116,129,inf,inf,inf,438.0410939626555,inf
117,118,inf,inf,inf,315.5724956329369,inf
117,119,inf,inf,inf,583.09518948453,inf
117,120,inf,inf,inf,421.1424937001727,inf
117,121,inf,inf,inf,527.7650992629202,inf
117,122,inf,inf,inf,1421.2564863528328,inf
117,123,inf,inf,inf,1173.8517793997673,inf
117,124,inf,inf,inf,692.3474561230076,inf
117,125,inf,inf,inf,638.8059173176154,inf
117,126,inf,inf,inf,891.8520056601319,inf
117,127,inf,inf,inf,574.3117620247734,inf
117,128,inf,inf,inf,639.5349873150021,inf
117,129,inf,inf,inf,157.49285698088025,inf
118,119,inf,inf,inf,430.10928843725287,inf
118,120,inf,inf,inf,399.58603579204316,inf
118,121,inf,inf,inf,394.2004566207401,inf
118,122,inf,inf,inf,1167.8904058172582,inf
118,123,inf,inf,inf,1069.8270888325833,inf
118,124,inf,inf,inf,431.0556808580534,inf
118,125,inf,inf,inf,422.34227825307755,inf
118,126,inf,inf,inf,613.7768324073498,inf
118,127,inf,inf,inf,439.1856099646253,inf
118,128,inf,inf,inf,461.351276144328,inf
118,129,inf,inf,inf,172.9566419655516,inf
119,120,inf,inf,inf,221.79495034828903,inf
119,121,inf,inf,inf,58.034472514187634,inf
119,122,inf,inf,inf,865.4998555748002,inf
119,123,inf,inf,inf,639.7311935492907,inf
119,124,inf,inf,inf,249.56161563830284,inf
119,125,inf,inf,inf,798.4791794405162,inf
119,126,inf,inf,inf,875.2096891602606,inf
119,127,inf,inf,inf,31.906112267087632,inf
119,128,inf,inf,inf,66.73080248281148,inf
119,129,inf,inf,inf,534.104858618605,inf
120,121,inf,inf,inf,167.70509831248424,inf
120,122,inf,inf,inf,1083.2492787904362,inf
120,123,inf,inf,inf,752.7370058659266,inf
120,124,inf,inf,inf,443.5515753551102,inf
120,125,inf,inf,inf,818.6330069084681,inf
120,126,inf,inf,inf,964.6994350573655,inf
120,127,inf,inf,inf,197.43606560099397,inf
120,128,inf,inf,inf,288.5168972521367,inf
120,129,inf,inf,inf,428.4168530765334,inf
121,122,inf,inf,inf,923.2301988128421,inf
121,123,inf,inf,inf,679.0346088381652,inf
121,124,inf,inf,inf,284.6278271708513,inf
121,125,inf,inf,inf,779.5415319275811,inf
121,126,inf,inf,inf,876.082187925311,inf
121,127,inf,inf,inf,48.02082881417188,inf
121,128,inf,inf,inf,123.35720489699821,inf
121,129,inf,inf,inf,485.9176885028986,inf
122,123,inf,inf,inf,726.7805721123812,inf
122,124,inf,inf,inf,738.1388758221585,inf
122,125,inf,inf,inf,1320.4381848462274,inf
122,126,inf,inf,inf,1175.7627311664544,inf
122,127,inf,inf,inf,886.4423275092407,inf
122,128,inf,inf,inf,800.1481112894037,inf
122,129,inf,inf,inf,1327.166153878255,inf
123,124,inf,inf,inf,752.3808875828785,inf
123,125,inf,inf,inf,1417.230044840992,inf
123,126,inf,inf,inf,1427.1425997425765,inf
123,127,inf,inf,inf,632.1787721839448,inf
123,128,inf,inf,inf,616.2020772441456,inf
123,129,inf,inf,inf,1160.8014472768373,inf
124,125,inf,inf,inf,678.4762339242252,inf
124,126,inf,inf,inf,679.856602527327,inf
124,127,inf,inf,inf,281.4480413859723,inf
124,128,inf,inf,inf,203.66639388961548,inf
124,129,inf,inf,inf,589.2987357868673,inf
125,126,inf,inf,inf,300.1283058959951,inf
125,127,inf,inf,inf,817.1101516931484,inf
125,128,inf,inf,inf,805.6016385286217,inf
125,129,inf,inf,inf,490.49872578835516,inf
126,127,inf,inf,inf,901.4665828526313,inf
126,128,inf,inf,inf,858.9441192534006,inf
126,129,inf,inf,inf,735.0455768181997,inf
127,128,inf,inf,inf,93.81364506296512,inf
127,129,inf,inf,inf,533.9007398384085,inf
128,129,inf,inf,inf,579.7766811454217,inf
