u,v,unweighted_hops,weighted_cost,path_length_sum,euclidean,tortuosity
0,1,inf,inf,inf,1263.8817191493831,inf
0,2,inf,inf,inf,1075.7978434631666,inf
0,3,inf,inf,inf,618.0550137325964,inf
0,4,inf,inf,inf,1138.9964881420838,inf
0,5,inf,inf,inf,832.2553694630033,inf
0,6,inf,inf,inf,736.4563802425776,inf
0,7,inf,inf,inf,511.71281008002916,inf
0,8,inf,inf,inf,673.4812543790658,inf
0,9,inf,inf,inf,700.6653980324703,inf
0,10,inf,inf,inf,648.0894999920921,inf
0,11,inf,inf,inf,734.2131843000369,inf
0,12,inf,inf,inf,825.4513916639792,inf
0,13,inf,inf,inf,1344.3500288243386,inf
0,14,inf,inf,inf,778.2814400973468,inf
0,15,inf,inf,inf,128.6001555209013,inf
0,16,inf,inf,inf,743.9704295198835,inf
0,17,inf,inf,inf,429.6382199013491,inf
0,18,inf,inf,inf,891.2833443972797,inf
0,19,inf,inf,inf,910.7579261252685,inf
0,20,inf,inf,inf,822.8274424203413,inf
0,21,inf,inf,inf,787.1270545471042,inf
0,22,inf,inf,inf,810.7441026612528,inf
0,23,inf,inf,inf,948.3844157302459,inf
0,24,inf,inf,inf,748.535236311558,inf
0,25,inf,inf,inf,187.7471704180918,inf
0,26,inf,inf,inf,169.66437457521835,inf
0,27,inf,inf,inf,1012.1126419524657,inf
0,28,inf,inf,inf,935.0133688883811,inf
0,29,inf,inf,inf,539.9574057275258,inf
0,30,inf,inf,inf,592.8912210515517,inf
0,31,inf,inf,inf,1311.274189481361,inf
0,32,inf,inf,inf,991.7282894018906,inf
0,33,inf,inf,inf,770.1097324407737,inf
0,34,inf,inf,inf,193.25889371514057,inf
0,35,inf,inf,inf,790.4005313763396,inf
0,36,inf,inf,inf,935.104806960161,inf
0,37,inf,inf,inf,661.5323121359984,inf
0,38,inf,inf,inf,917.2000872219758,inf
0,39,inf,inf,inf,1063.4754346011007,inf
0,40,inf,inf,inf,871.4355971613737,inf
0,41,inf,inf,inf,1144.0996460099093,inf
0,42,inf,inf,inf,787.9416222030665,inf
0,43,inf,inf,inf,1238.6981068848052,inf
0,44,inf,inf,inf,1125.9813497567354,inf
0,45,inf,inf,inf,1066.5317623024641,inf
0,46,inf,inf,inf,251.24092023394596,inf
0,47,inf,inf,inf,554.4303382752427,inf
0,48,inf,inf,inf,723.1943030749067,inf
0,49,inf,inf,inf,840.9215183356887,inf
0,50,inf,inf,inf,1194.419105674386,inf
0,51,inf,inf,inf,383.500977834477,inf
0,52,inf,inf,inf,754.269182719273,inf
0,53,inf,inf,inf,705.8222155755655,inf
0,54,inf,inf,inf,551.4798273735857,inf
0,55,inf,inf,inf,729.2413866477958,inf
0,56,inf,inf,inf,601.0632246278257,inf
0,57,inf,inf,inf,328.0243893371345,inf
0,58,inf,inf,inf,905.3491039372602,inf
0,59,inf,inf,inf,310.31919051196303,inf
0,60,inf,inf,inf,453.3982796614914,inf
0,61,inf,inf,inf,883.7199782736611,inf
0,62,inf,inf,inf,946.7470623139002,inf
0,63,inf,inf,inf,560.0544616374375,inf
0,64,inf,inf,inf,63.25345840347388,inf
0,65,inf,inf,inf,321.29737004837125,inf
0,66,inf,inf,inf,583.2632338832956,inf
0,67,inf,inf,inf,891.668660433908,inf
0,68,inf,inf,inf,1341.525251346392,inf
0,69,inf,inf,inf,1084.0599614412479,inf
0,70,inf,inf,inf,505.0633623615952,inf
0,71,inf,inf,inf,879.4799599763487,inf
0,72,inf,inf,inf,560.9001693706288,inf
0,73,inf,inf,inf,608.7133972568699,inf
0,74,inf,inf,inf,921.6344177601007,inf
0,75,inf,inf,inf,974.9076879376837,inf
0,76,inf,inf,inf,1275.274480259054,inf
0,77,inf,inf,inf,692.8780556490442,inf
0,78,inf,inf,inf,903.5623940824452,inf
0,79,inf,inf,inf,359.57335830119564,inf
0,80,inf,inf,inf,849.5893125504816,inf
0,81,inf,inf,inf,777.4123744834526,inf
0,82,inf,inf,inf,712.6324438306187,inf
0,83,inf,inf,inf,139.26952286842948,inf
0,84,inf,inf,inf,1164.873383677385,inf
0,85,inf,inf,inf,182.45547402037573,inf
0,86,inf,inf,inf,1141.9829245658623,inf
0,87,inf,inf,inf,1016.4133017626245,inf
0,88,inf,inf,inf,263.6152499382386,inf
0,89,inf,inf,inf,701.6615993482899,inf
0,90,inf,inf,inf,1165.6144302469836,inf
0,91,inf,inf,inf,1135.8771940663305,inf
0,92,inf,inf,inf,452.2001769128358,inf
0,93,inf,inf,inf,781.8522878395893,inf
0,94,inf,inf,inf,823.4233419086443,inf
0,95,inf,inf,inf,554.3013620766235,inf
0,96,inf,inf,inf,122.58874336577564,inf
0,97,3.0,193.7229,193.72287142747456,168.0773631397161,1.1525815720135992
0,98,inf,inf,inf,806.8983826975984,inf
0,99,inf,inf,inf,779.9602553976708,inf
0,100,inf,inf,inf,778.9736837660179,inf
0,101,inf,inf,inf,1365.7909796158415,inf
0,102,inf,inf,inf,150.65855435387664,inf
0,103,inf,inf,inf,649.0092449264494,inf
0,104,inf,inf,inf,1143.5423035463095,inf
0,105,inf,inf,inf,1233.64216853997,inf
0,106,inf,inf,inf,858.4287972802404,inf
0,107,inf,inf,inf,790.7932726066908,inf
0,108,inf,inf,inf,240.75921581530375,inf
0,109,inf,inf,inf,439.2322847879013,inf
0,110,inf,inf,inf,1318.872624630597,inf
0,111,inf,inf,inf,584.6477572008637,inf
0,112,inf,inf,inf,723.7306128664173,inf
0,113,inf,inf,inf,436.3267124529508,inf
0,114,inf,inf,inf,971.6645511697955,inf
0,115,inf,inf,inf,1346.1638087543433,inf
0,116,inf,inf,inf,1103.0888450165744,inf
0,117,inf,inf,inf,856.5523918593655,inf
0,118,inf,inf,inf,550.668684419225,inf
0,119,inf,inf,inf,1359.8308718366413,inf
0,120,inf,inf,inf,383.0939832469312,inf
0,121,inf,inf,inf,792.7294620486865,inf
0,122,inf,inf,inf,564.4484033107012,inf
0,123,inf,inf,inf,607.7713385805553,inf
0,124,inf,inf,inf,1311.6725963440724,inf
0,125,inf,inf,inf,350.5837988270422,inf
0,126,inf,inf,inf,510.42433327575594,inf
0,127,inf,inf,inf,655.9519799497521,inf
0,128,inf,inf,inf,1212.4768039018313,inf
0,129,inf,inf,inf,375.9587743356976,inf
0,130,inf,inf,inf,522.0469327560502,inf
0,131,inf,inf,inf,601.0632246278257,inf
0,132,inf,inf,inf,1020.4258914786512,inf
0,133,inf,inf,inf,374.1684112802683,inf
0,134,inf,inf,inf,607.1128395940906,inf
0,135,inf,inf,inf,141.4213562373095,inf
0,136,inf,inf,inf,829.5360148902517,inf
0,137,inf,inf,inf,896.065287799946,inf
0,138,inf,inf,inf,1358.8690150268346,inf
1,2,inf,inf,inf,268.96096371034963,inf
1,3,inf,inf,inf,1465.4531722303514,inf
1,4,inf,inf,inf,342.70687183072357,inf
1,5,inf,inf,inf,1253.567708582189,inf
1,6,inf,inf,inf,1354.6235639468257,inf
1,7,inf,inf,inf,774.5895687394712,inf
1,8,inf,inf,inf,1445.3767674900548,inf
1,9,inf,inf,inf,586.9625200981745,inf
1,10,inf,inf,inf,731.8203331419536,inf
1,11,inf,inf,inf,607.289058027559,inf
1,12,inf,inf,inf,441.2493626057719,inf
1,13,inf,inf,inf,288.7801932266131,inf
1,14,inf,inf,inf,518.5682211628476,inf
1,15,inf,inf,inf,1224.2977579004219,inf
1,16,inf,inf,inf,520.335468712253,inf
1,17,inf,inf,inf,834.5597641870833,inf
1,18,inf,inf,inf,574.5963800790952,inf
1,19,inf,inf,inf,425.28225921145594,inf
1,20,inf,inf,inf,1375.6511185616796,inf
1,21,inf,inf,inf,489.8693703427476,inf
1,22,inf,inf,inf,499.484734501466,inf
1,23,inf,inf,inf,342.53758917818055,inf
1,24,inf,inf,inf,1438.716789364745,inf
1,25,inf,inf,inf,1118.042932986028,inf
1,26,inf,inf,inf,1168.2041773594203,inf
1,27,inf,inf,inf,387.83114882639325,inf
1,28,inf,inf,inf,928.0716567162258,inf
1,29,inf,inf,inf,805.727621470184,inf
1,30,inf,inf,inf,769.4757955907385,inf
1,31,inf,inf,inf,131.50285168010618,inf
1,32,inf,inf,inf,1337.173137630277,inf
1,33,inf,inf,inf,1168.5546628207,inf
1,34,inf,inf,inf,1078.6065084172262,inf
1,35,inf,inf,inf,495.86490095589545,inf
1,36,inf,inf,inf,427.375712927162,inf
1,37,inf,inf,inf,633.5818810540592,inf
1,38,inf,inf,inf,348.63304490538474,inf
1,39,inf,inf,inf,234.5655558687166,inf
1,40,inf,inf,inf,416.7601228524629,inf
1,41,inf,inf,inf,286.6653100743095,inf
1,42,inf,inf,inf,1209.0380473748542,inf
1,43,inf,inf,inf,1067.88950739297,inf
1,44,inf,inf,inf,728.393437642048,inf
1,45,inf,inf,inf,434.72865099967817,inf
1,46,inf,inf,inf,1218.4469623254022,inf
1,47,inf,inf,inf,711.5911747625879,inf
1,48,inf,inf,inf,1095.001826482495,inf
1,49,inf,inf,inf,1404.479262929859,inf
1,50,inf,inf,inf,1130.7077429645558,inf
1,51,inf,inf,inf,919.42264492452,inf
1,52,inf,inf,inf,511.18783240605404,inf
1,53,inf,inf,inf,656.4525877776704,inf
1,54,inf,inf,inf,759.995394722889,inf
1,55,inf,inf,inf,1331.8475888779467,inf
1,56,inf,inf,inf,812.1576201698781,inf
1,57,inf,inf,inf,1209.7458410757195,inf
1,58,inf,inf,inf,631.6518028154436,inf
1,59,inf,inf,inf,975.8201678588119,inf
1,60,inf,inf,inf,845.2366532516204,inf
1,61,inf,inf,inf,626.2587324740471,inf
1,62,inf,inf,inf,567.405498739658,inf
1,63,inf,inf,inf,1013.3587716105288,inf
1,64,inf,inf,inf,1201.0870076726333,inf
1,65,inf,inf,inf,954.6041064231811,inf
1,66,inf,inf,inf,1052.2266866032244,inf
1,67,inf,inf,inf,467.8162032251555,inf
1,68,inf,inf,inf,591.6696713538729,inf
1,69,inf,inf,inf,1262.586630691138,inf
1,70,inf,inf,inf,842.7051678968155,inf
1,71,inf,inf,inf,1321.2796827318582,inf
1,72,inf,inf,inf,826.2929262676765,inf
1,73,inf,inf,inf,666.0548025500605,inf
1,74,inf,inf,inf,897.6708750984405,inf
1,75,inf,inf,inf,343.9098719141397,inf
1,76,inf,inf,inf,996.1375407040937,inf
1,77,inf,inf,inf,655.6134531871658,inf
1,78,inf,inf,inf,395.03417573673295,inf
1,79,inf,inf,inf,1352.2085637948016,inf
1,80,inf,inf,inf,421.6313555702422,inf
1,81,inf,inf,inf,554.4628030806034,inf
1,82,inf,inf,inf,559.6588246422994,inf
1,83,inf,inf,inf,1365.8114804027678,inf
1,84,inf,inf,inf,101.13851887386922,inf
1,85,inf,inf,inf,1155.7910710850815,inf
1,86,inf,inf,inf,525.0390461670446,inf
1,87,inf,inf,inf,1318.099009938176,inf
1,88,inf,inf,inf,1436.112808939465,inf
1,89,inf,inf,inf,914.0196934421052,inf
1,90,inf,inf,inf,867.1758760482213,inf
1,91,inf,inf,inf,295.01525384291574,inf
1,92,inf,inf,inf,1024.2363008603045,inf
1,93,inf,inf,inf,489.50791617705227,inf
1,94,inf,inf,inf,1372.6926094359217,inf
1,95,inf,inf,inf,1472.0587624140553,inf
1,96,inf,inf,inf,1386.4461763804609,inf
1,97,inf,inf,inf,1246.4898715994445,inf
1,98,inf,inf,inf,963.282928323761,inf
1,99,inf,inf,inf,510.08332652616673,inf
1,100,inf,inf,inf,801.3170408770801,inf
1,101,inf,inf,inf,517.0880002475401,inf
1,102,inf,inf,inf,1404.4974190079524,inf
1,103,inf,inf,inf,615.028454626288,inf
1,104,inf,inf,inf,1196.8842884757073,inf
1,105,inf,inf,inf,90.21086409075129,inf
1,106,inf,inf,inf,1366.7366242257503,inf
1,107,inf,inf,inf,510.88648445618526,inf
1,108,inf,inf,inf,1029.959222493784,inf
1,109,inf,inf,inf,1463.115169766208,inf
1,110,inf,inf,inf,881.8548633420354,inf
1,111,inf,inf,inf,1127.6072011121603,inf
1,112,inf,inf,inf,580.1560134998172,inf
1,113,inf,inf,inf,1137.6932802825197,inf
1,114,inf,inf,inf,503.079516577648,inf
1,115,inf,inf,inf,753.9230729988305,inf
1,116,inf,inf,inf,631.0277331464918,inf
1,117,inf,inf,inf,507.886798410827,inf
1,118,inf,inf,inf,1204.584990774831,inf
1,119,inf,inf,inf,645.7778255716125,inf
1,120,inf,inf,inf,893.7225520260748,inf
1,121,inf,inf,inf,889.5959757103221,inf
1,122,inf,inf,inf,915.4610860107599,inf
1,123,inf,inf,inf,1081.7324068363673,inf
1,124,inf,inf,inf,451.47978913789706,inf
1,125,inf,inf,inf,1068.868560675259,inf
1,126,inf,inf,inf,1232.001623375554,inf
1,127,inf,inf,inf,708.2386603398603,inf
1,128,inf,inf,inf,78.84795495128583,inf
1,129,inf,inf,inf,1179.46767653887,inf
1,130,inf,inf,inf,1070.5746120658755,inf
1,131,inf,inf,inf,669.5505955489847,inf
1,132,inf,inf,inf,356.66510903086663,inf
1,133,inf,inf,inf,931.624924527033,inf
1,134,inf,inf,inf,657.0426165782551,inf
1,135,inf,inf,inf,1337.692416065816,inf
1,136,inf,inf,inf,940.6875145339179,inf
1,137,inf,inf,inf,514.5658364096863,inf
1,138,inf,inf,inf,373.8930328315841,inf
2,3,inf,inf,inf,1209.6615229063045,inf
2,4,inf,inf,inf,129.07362240210043,inf
2,5,inf,inf,inf,984.9284237953538,inf
2,6,inf,inf,inf,1089.4792333954788,inf
2,7,inf,inf,inf,566.1740015225001,inf
2,8,inf,inf,inf,1185.2805575052685,inf
2,9,inf,inf,inf,476.95387617672213,inf
2,10,inf,inf,inf,656.4030773846205,inf
2,11,inf,inf,inf,364.90546721034474,inf
2,12,inf,inf,inf,273.26360899322106,inf
2,13,inf,inf,inf,274.71075697904513,inf
2,14,inf,inf,inf,435.13331290536695,inf
2,15,inf,inf,inf,1017.2379269374496,inf
2,16,inf,inf,inf,355.72601816566635,inf
2,17,inf,inf,inf,659.7469211750821,inf
2,18,inf,inf,inf,306.0669861321211,inf
2,19,inf,inf,inf,414.40197875975446,inf
2,20,inf,inf,inf,1108.0018050526812,inf
2,21,inf,inf,inf,385.1752847730498,inf
2,22,inf,inf,inf,268.06156009394556,inf
2,23,inf,inf,inf,315.7340653144668,inf
2,24,inf,inf,inf,1174.5509780337336,inf
2,25,inf,inf,inf,954.2536350467835,inf
2,26,inf,inf,inf,1007.0397211629738,inf
2,27,inf,inf,inf,446.38660374164454,inf
2,28,inf,inf,inf,661.4839378246459,inf
2,29,inf,inf,inf,572.8254533450831,inf
2,30,inf,inf,inf,529.7442779303992,inf
2,31,inf,inf,inf,249.6177077052027,inf
2,32,inf,inf,inf,1068.8854007797095,inf
2,33,inf,inf,inf,900.6419932470393,inf
2,34,inf,inf,inf,903.8163530275384,inf
2,35,inf,inf,inf,404.7937746556881,inf
2,36,inf,inf,inf,165.41463055002117,inf
2,37,inf,inf,inf,416.4252634026903,inf
2,38,inf,inf,inf,205.0,inf
2,39,inf,inf,inf,65.21502894272147,inf
2,40,inf,inf,inf,353.3511001822408,inf
2,41,inf,inf,inf,426.81260524965757,inf
2,42,inf,inf,inf,940.9256081115021,inf
2,43,inf,inf,inf,825.6875922526631,inf
2,44,inf,inf,inf,487.0821285984531,inf
2,45,inf,inf,inf,530.3743960637618,inf
2,46,inf,inf,inf,1076.1603040439654,inf
2,47,inf,inf,inf,550.9065256465927,inf
2,48,inf,inf,inf,828.198647668541,inf
2,49,inf,inf,inf,1136.7013679942502,inf
2,50,inf,inf,inf,879.6817606384709,inf
2,51,inf,inf,inf,774.7063959978644,inf
2,52,inf,inf,inf,371.13474641967974,inf
2,53,inf,inf,inf,589.6185207403173,inf
2,54,inf,inf,inf,641.0280805081786,inf
2,55,inf,inf,inf,1066.6630208271026,inf
2,56,inf,inf,inf,733.5529974037322,inf
2,57,inf,inf,inf,1083.1015649513208,inf
2,58,inf,inf,inf,658.4375444945405,inf
2,59,inf,inf,inf,816.635169460635,inf
2,60,inf,inf,inf,706.4764681148268,inf
2,61,inf,inf,inf,357.35136770411276,inf
2,62,inf,inf,inf,608.9474525769855,inf
2,63,inf,inf,inf,757.6305168088202,inf
2,64,inf,inf,inf,1015.2053979367919,inf
2,65,inf,inf,inf,755.7016607100979,inf
2,66,inf,inf,inf,793.6731065117426,inf
2,67,inf,inf,inf,209.78083801910984,inf
2,68,inf,inf,inf,436.5191862908204,inf
2,69,inf,inf,inf,998.5274157478101,inf
2,70,inf,inf,inf,730.0986234749384,inf
2,71,inf,inf,inf,1052.4181678401415,inf
2,72,inf,inf,inf,733.9455020640156,inf
2,73,inf,inf,inf,526.6925099144661,inf
2,74,inf,inf,inf,630.600507453015,inf
2,75,inf,inf,inf,354.36986327846785,inf
2,76,inf,inf,inf,764.6764021466859,inf
2,77,inf,inf,inf,413.4694668291723,inf
2,78,inf,inf,inf,355.4940224532615,inf
2,79,inf,inf,inf,1116.1361924066434,inf
2,80,inf,inf,inf,241.82845159327303,inf
2,81,inf,inf,inf,494.2640994448211,inf
2,82,inf,inf,inf,431.5112976504787,inf
2,83,inf,inf,inf,1162.1742554367654,inf
2,84,inf,inf,inf,188.0239346466295,inf
2,85,inf,inf,inf,996.3377941240611,inf
2,86,inf,inf,inf,298.41246622753545,inf
2,87,inf,inf,inf,1050.5355776935876,inf
2,88,inf,inf,inf,1218.1625507295814,inf
2,89,inf,inf,inf,878.6011609370887,inf
2,90,inf,inf,inf,626.0559080465578,inf
2,91,inf,inf,inf,87.23531395025755,inf
2,92,inf,inf,inf,780.6663820096264,inf
2,93,inf,inf,inf,302.80356668969404,inf
2,94,inf,inf,inf,1105.0,inf
2,95,inf,inf,inf,1221.6059102673005,inf
2,96,inf,inf,inf,1196.4886125659534,inf
2,97,inf,inf,inf,1088.0170035436026,inf
2,98,inf,inf,inf,694.4364621763463,inf
2,99,inf,inf,inf,295.8462438497403,inf
2,100,inf,inf,inf,533.7761703186084,inf
2,101,inf,inf,inf,396.23225512317896,inf
2,102,inf,inf,inf,1206.5923089428343,inf
2,103,inf,inf,inf,452.54833995939043,inf
2,104,inf,inf,inf,938.479621515566,inf
2,105,inf,inf,inf,311.01446911679204,inf
2,106,inf,inf,inf,1098.3155284343384,inf
2,107,inf,inf,inf,435.0459745819975,inf
2,108,inf,inf,inf,835.4280340041265,inf
2,109,inf,inf,inf,1223.55956128012,inf
2,110,inf,inf,inf,670.2417474314772,inf
2,111,inf,inf,inf,868.4065868013669,inf
2,112,inf,inf,inf,355.607930170293,inf
2,113,inf,inf,inf,1035.0816392922832,inf
2,114,inf,inf,inf,552.1095905705678,inf
2,115,inf,inf,inf,567.5385449465084,inf
2,116,inf,inf,inf,388.49453020602493,inf
2,117,inf,inf,inf,487.5910171444917,inf
2,118,inf,inf,inf,948.0638164174393,inf
2,119,inf,inf,inf,485.5069515465252,inf
2,120,inf,inf,inf,693.5416353759881,inf
2,121,inf,inf,inf,621.0354257206267,inf
2,122,inf,inf,inf,837.6401375292376,inf
2,123,inf,inf,inf,821.0511555317366,inf
2,124,inf,inf,inf,322.49341078539885,inf
2,125,inf,inf,inf,942.9082670122264,inf
2,126,inf,inf,inf,978.8973388461121,inf
2,127,inf,inf,inf,464.3468531173653,inf
2,128,inf,inf,inf,279.0,inf
2,129,inf,inf,inf,1063.2723075487295,inf
2,130,inf,inf,inf,988.1750857009096,inf
2,131,inf,inf,inf,476.8920213213888,inf
2,132,inf,inf,inf,414.9819273173231,inf
2,133,inf,inf,inf,787.0101651185962,inf
2,134,inf,inf,inf,482.78048842098,inf
2,135,inf,inf,inf,1168.5910319696964,inf
2,136,inf,inf,inf,671.7268790215261,inf
2,137,inf,inf,inf,248.29418035870273,inf
2,138,inf,inf,inf,313.63673254260254,inf
3,4,inf,inf,inf,1206.845889084435,inf
3,5,inf,inf,inf,388.8508711575686,inf
3,6,inf,inf,inf,218.08255317654368,inf
3,7,inf,inf,inf,752.6021525347904,inf
3,8,inf,inf,inf,78.16009211867653,inf
3,9,inf,inf,inf,1056.1003740175458,inf
3,10,inf,inf,inf,1104.3495823334204,inf
3,11,inf,inf,inf,859.7540345936156,inf
3,12,inf,inf,inf,1060.0084905320334,inf
3,13,inf,inf,inf,1419.3551352638985,inf
3,14,inf,inf,inf,1124.3887228178696,inf
3,15,inf,inf,inf,506.7247773693329,inf
3,16,inf,inf,inf,1007.2953886522066,inf
3,17,inf,inf,inf,800.1106173523758,inf
3,18,inf,inf,inf,918.24288725805,inf
3,19,inf,inf,inf,1255.158954077132,inf
3,20,inf,inf,inf,291.8098696069069,inf
3,21,inf,inf,inf,1102.1093412180119,inf
3,22,inf,inf,inf,969.0954545347945,inf
3,23,inf,inf,inf,1244.3524420356155,inf
3,24,inf,inf,inf,167.37084572887835,inf
3,25,inf,inf,inf,757.5466982305447,inf
3,26,inf,inf,inf,767.9908853625803,inf
3,27,inf,inf,inf,1363.1214179228496,inf
3,28,inf,inf,inf,707.0516247064284,inf
3,29,inf,inf,inf,679.1538853603063,inf
3,30,inf,inf,inf,703.9147675677788,inf
3,31,inf,inf,inf,1456.6180007126097,inf
3,32,inf,inf,inf,501.0558851066416,inf
3,33,inf,inf,inf,401.56817602992396,inf
3,34,inf,inf,inf,711.7197482155459,inf
3,35,inf,inf,inf,1119.6039478315536,inf
3,36,inf,inf,inf,1044.2992866032228,inf
3,37,inf,inf,inf,855.5308293685272,inf
3,38,inf,inf,inf,1143.0905475945465,inf
3,39,inf,inf,inf,1231.4495523568962,inf
3,40,inf,inf,inf,1182.8440302930899,inf
3,41,inf,inf,inf,1463.6734608511558,inf
3,42,inf,inf,inf,383.275357934736,inf
3,43,inf,inf,inf,920.0309777393368,inf
3,44,inf,inf,inf,990.5806378079475,inf
3,45,inf,inf,inf,1443.8317076446272,inf
3,46,inf,inf,inf,866.6314095392573,inf
3,47,inf,inf,inf,898.8064307736121,inf
3,48,inf,inf,inf,431.1496260000697,inf
3,49,inf,inf,inf,293.027302482209,inf
3,50,inf,inf,inf,838.3513583217957,inf
3,51,inf,inf,inf,867.5004322765493,inf
3,52,inf,inf,inf,1043.6714042264452,inf
3,53,inf,inf,inf,1131.3306324854816,inf
3,54,inf,inf,inf,983.8627953124359,inf
3,55,inf,inf,inf,230.471256342304,inf
3,56,inf,inf,inf,1093.0292768265633,inf
3,57,inf,inf,inf,942.3078053375128,inf
3,58,inf,inf,inf,1353.7167355100548,inf
3,59,inf,inf,inf,801.1054861876805,inf
3,60,inf,inf,inf,905.0933653496749,inf
3,61,inf,inf,inf,877.7590785631328,inf
3,62,inf,inf,inf,1371.630416693943,inf
3,63,inf,inf,inf,452.39916003458717,inf
3,64,inf,inf,inf,635.1857995893799,inf
3,65,inf,inf,inf,658.6835355464717,inf
3,66,inf,inf,inf,416.6773331968035,inf
3,67,inf,inf,inf,1000.7861909518936,inf
3,68,inf,inf,inf,1272.2051721322312,inf
3,69,inf,inf,inf,645.3417699173051,inf
3,70,inf,inf,inf,987.0992857863894,inf
3,71,inf,inf,inf,388.8045781623462,inf
3,72,inf,inf,inf,1051.093240393068,inf
3,73,inf,inf,inf,966.8526257915422,inf
3,74,inf,inf,inf,716.8165734691128,inf
3,75,inf,inf,inf,1288.745514056208,inf
3,76,inf,inf,inf,997.3610178867028,inf
3,77,inf,inf,inf,812.4284583887987,inf
3,78,inf,inf,inf,1218.620941884719,inf
3,79,inf,inf,inf,258.48984506165806,inf
3,80,inf,inf,inf,1066.6067691515932,inf
3,81,inf,inf,inf,1157.6571167664456,inf
3,82,inf,inf,inf,1035.9734552583864,inf
3,83,inf,inf,inf,516.8558793319469,inf
3,84,inf,inf,inf,1367.3075732987074,inf
3,85,inf,inf,inf,776.676251729123,inf
3,86,inf,inf,inf,1114.1781724661455,inf
3,87,inf,inf,inf,539.3477542365408,inf
3,88,inf,inf,inf,412.2438598693739,inf
3,89,inf,inf,inf,1244.991967845576,inf
3,90,inf,inf,inf,951.8555562689121,inf
3,91,inf,inf,inf,1229.580822882335,inf
3,92,inf,inf,inf,455.99232449680557,inf
3,93,inf,inf,inf,1007.2819863374903,inf
3,94,inf,inf,inf,294.4588256446052,inf
3,95,inf,inf,inf,79.25906888173743,inf
3,96,inf,inf,inf,614.4688763476959,inf
3,97,inf,inf,inf,785.8765806410063,inf
3,98,inf,inf,inf,588.952459881101,inf
3,99,inf,inf,inf,968.2819837216842,inf
3,100,inf,inf,inf,698.7131027825369,inf
3,101,inf,inf,inf,1334.2072552643385,inf
3,102,inf,inf,inf,562.2117038980957,inf
3,103,inf,inf,inf,949.6025484380294,inf
3,104,inf,inf,inf,746.9169967272134,inf
3,105,inf,inf,inf,1473.348906403368,inf
3,106,inf,inf,inf,336.3628992620916,inf
3,107,inf,inf,inf,1138.9477599960412,inf
3,108,inf,inf,inf,638.8059173176154,inf
3,109,inf,inf,inf,210.41150158677164,inf
3,110,inf,inf,inf,1103.3498991707029,inf
3,111,inf,inf,inf,343.4778013205511,inf
3,112,inf,inf,inf,896.688351658479,inf
3,113,inf,inf,inf,1038.22203790904,inf
3,114,inf,inf,inf,1371.2198948381692,inf
3,115,inf,inf,inf,1197.1938021891026,inf
3,116,inf,inf,inf,1024.3012252262515,inf
3,117,inf,inf,inf,1236.2985076428752,inf
3,118,inf,inf,inf,261.6027522790997,inf
3,119,inf,inf,inf,1265.3299964831308,inf
3,120,inf,inf,inf,690.3774330031364,inf
3,121,inf,inf,inf,636.9207172011286,inf
3,122,inf,inf,inf,1100.815152511992,inf
3,123,inf,inf,inf,393.2759845197772,inf
3,124,inf,inf,inf,1308.7952475463837,inf
3,125,inf,inf,inf,928.4271646176667,inf
3,126,inf,inf,inf,235.23817717368922,inf
3,127,inf,inf,inf,759.8506432187842,inf
3,128,inf,inf,inf,1444.0124653201578,inf
3,129,inf,inf,inf,985.720548634348,inf
3,130,inf,inf,inf,1108.632039948332,inf
3,131,inf,inf,inf,861.7569262849008,inf
3,132,inf,inf,inf,1356.9734706323482,inf
3,133,inf,inf,inf,865.2964809820967,inf
3,134,inf,inf,inf,902.876514258733,inf
3,135,inf,inf,inf,738.436185462224,inf
3,136,inf,inf,inf,620.6335472724626,inf
3,137,inf,inf,inf,964.5397866340196,inf
3,138,inf,inf,inf,1395.0028673805657,inf
4,5,inf,inf,inf,946.3191850533307,inf
4,6,inf,inf,inf,1066.977506791966,inf
4,7,inf,inf,inf,627.8925067238819,inf
4,8,inf,inf,inf,1174.6020602740316,inf
4,9,inf,inf,inf,588.1776942387394,inf
4,10,inf,inf,inf,771.4175263759568,inf
4,11,inf,inf,inf,406.67431686793304,inf
4,12,inf,inf,inf,377.9219496139381,inf
4,13,inf,inf,inf,215.8008341040414,inf
4,14,inf,inf,inf,554.0730998704051,inf
4,15,inf,inf,inf,1068.466658347372,inf
4,16,inf,inf,inf,454.64821565689664,inf
4,17,inf,inf,inf,739.1305703324684,inf
4,18,inf,inf,inf,289.22828354087363,inf
4,19,inf,inf,inf,542.5836341063007,inf
4,20,inf,inf,inf,1075.4161985017709,inf
4,21,inf,inf,inf,501.5376356765263,inf
4,22,inf,inf,inf,333.08407347094817,inf
4,23,inf,inf,inf,444.40072007142385,inf
4,24,inf,inf,inf,1154.2313459614584,inf
4,25,inf,inf,inf,1032.7845854775333,inf
4,26,inf,inf,inf,1086.0722812041563,inf
4,27,inf,inf,inf,574.8886848773421,inf
4,28,inf,inf,inf,600.5605714663593,inf
4,29,inf,inf,inf,612.7846277445282,inf
4,30,inf,inf,inf,564.0221626851201,inf
4,31,inf,inf,inf,271.07379069175977,inf
4,32,inf,inf,inf,1013.1969206427742,inf
4,33,inf,inf,inf,868.5297922351311,inf
4,34,inf,inf,inf,977.4456506629921,inf
4,35,inf,inf,inf,523.2991496266739,inf
4,36,inf,inf,inf,204.47493733951845,inf
4,37,inf,inf,inf,479.5518741491894,inf
4,38,inf,inf,inf,324.7229588433808,inf
4,39,inf,inf,inf,193.04144632694815,inf
4,40,inf,inf,inf,478.2352977353303,inf
4,41,inf,inf,inf,546.9232121605372,inf
4,42,inf,inf,inf,907.0926082820871,inf
4,43,inf,inf,inf,725.6031973468695,inf
4,44,inf,inf,inf,385.77843381920667,inf
4,45,inf,inf,inf,657.5173001526272,inf
4,46,inf,inf,inf,1162.9690451598442,inf
4,47,inf,inf,inf,641.0631794136987,inf
4,48,inf,inf,inf,802.6512318560285,inf
4,49,inf,inf,inf,1103.1998912255203,inf
4,50,inf,inf,inf,788.2055569456485,inf
4,51,inf,inf,inf,865.3611962643114,inf
4,52,inf,inf,inf,478.3272938062389,inf
4,53,inf,inf,inf,707.7584333655093,inf
4,54,inf,inf,inf,744.4602071299714,inf
4,55,inf,inf,inf,1044.246139566721,inf
4,56,inf,inf,inf,846.4561418053507,inf
4,57,inf,inf,inf,1176.1874850549975,inf
4,58,inf,inf,inf,786.7909506342838,inf
4,59,inf,inf,inf,899.9227744645648,inf
4,60,inf,inf,inf,801.1223377237711,inf
4,61,inf,inf,inf,329.84845004941286,inf
4,62,inf,inf,inf,737.9220826076422,inf
4,63,inf,inf,inf,761.3724449965339,inf
4,64,inf,inf,inf,1080.6155653145108,inf
4,65,inf,inf,inf,817.8905794786978,inf
4,66,inf,inf,inf,791.3235747783583,inf
4,67,inf,inf,inf,247.329739416836,inf
4,68,inf,inf,inf,307.6052665348888,inf
4,69,inf,inf,inf,927.5262799511397,inf
4,70,inf,inf,inf,833.5466393669883,inf
4,71,inf,inf,inf,1010.2138387490047,inf
4,72,inf,inf,inf,843.3172593988576,inf
4,73,inf,inf,inf,626.5979572261626,inf
4,74,inf,inf,inf,572.1197427112614,inf
4,75,inf,inf,inf,483.43975839808627,inf
4,76,inf,inf,inf,656.5988120610637,inf
4,77,inf,inf,inf,451.62927274480336,inf
4,78,inf,inf,inf,482.7297380522563,inf
4,79,inf,inf,inf,1140.3946685248927,inf
4,80,inf,inf,inf,344.9884056022753,inf
4,81,inf,inf,inf,615.7020383269817,inf
4,82,inf,inf,inf,539.3199421493701,inf
4,83,inf,inf,inf,1213.9411023604068,inf
4,84,inf,inf,inf,288.11282512238154,inf
4,85,inf,inf,inf,1076.364715140737,inf
4,86,inf,inf,inf,184.09236811991963,inf
4,87,inf,inf,inf,990.8001816713601,inf
4,88,inf,inf,inf,1258.2670622725527,inf
4,89,inf,inf,inf,998.5990186255943,inf
4,90,inf,inf,inf,524.7951981487636,inf
4,91,inf,inf,inf,50.695167422546305,inf
4,92,inf,inf,inf,801.8802903177008,inf
4,93,inf,inf,inf,395.790348543266,inf
4,94,inf,inf,inf,1072.2056705688512,inf
4,95,inf,inf,inf,1227.0260795924428,inf
4,96,inf,inf,inf,1257.0302303445212,inf
4,97,inf,inf,inf,1167.2758885542012,inf
4,98,inf,inf,inf,656.592720032746,inf
4,99,inf,inf,inf,372.21096168705185,inf
4,100,inf,inf,inf,511.2426038584813,inf
4,101,inf,inf,inf,272.71230261944544,inf
4,102,inf,inf,inf,1261.8339827409943,inf
4,103,inf,inf,inf,546.3661775769067,inf
4,104,inf,inf,inf,856.7029823690356,inf
4,105,inf,inf,inf,406.2634613154375,inf
4,106,inf,inf,inf,1060.8246792001023,inf
4,107,inf,inf,inf,555.4178607138953,inf
4,108,inf,inf,inf,898.6434220534861,inf
4,109,inf,inf,inf,1242.7912133580603,inf
4,110,inf,inf,inf,551.7571929753159,inf
4,111,inf,inf,inf,863.3944637302234,inf
4,112,inf,inf,inf,417.2684986911904,inf
4,113,inf,inf,inf,1137.144669776014,inf
4,114,inf,inf,inf,681.1791247535409,inf
4,115,inf,inf,inf,441.2799564902082,inf
4,116,inf,inf,inf,288.3400769924292,inf
4,117,inf,inf,inf,614.1538895097873,inf
4,118,inf,inf,inf,946.9556483806409,inf
4,119,inf,inf,inf,356.4393356519451,inf
4,120,inf,inf,inf,756.5844301860831,inf
4,121,inf,inf,inf,588.5108325256214,inf
4,122,inf,inf,inf,949.181226110167,inf
4,123,inf,inf,inf,813.6860573956027,inf
4,124,inf,inf,inf,200.68383093812017,inf
4,125,inf,inf,inf,1038.0481684392107,inf
4,126,inf,inf,inf,983.107318658548,inf
4,127,inf,inf,inf,496.9124671408436,inf
4,128,inf,inf,inf,375.99601061713406,inf
4,129,inf,inf,inf,1160.4412953699984,inf
4,130,inf,inf,inf,1096.71600699543,inf
4,131,inf,inf,inf,553.5720368660252,inf
4,132,inf,inf,inf,543.2071428101807,inf
4,133,inf,inf,inf,877.446864488101,inf
4,134,inf,inf,inf,569.4251487245712,inf
4,135,inf,inf,inf,1241.4930527393217,inf
4,136,inf,inf,inf,630.1753724162822,inf
4,137,inf,inf,inf,253.87004549572208,inf
4,138,inf,inf,inf,220.22715545545242,inf
5,6,inf,inf,inf,172.93062192682936,inf
5,7,inf,inf,inf,698.7882368786699,inf
5,8,inf,inf,inf,318.5623957720057,inf
5,9,inf,inf,inf,991.5124810107031,inf
5,10,inf,inf,inf,1100.7365715737803,inf
5,11,inf,inf,inf,695.7988214994331,inf
5,12,inf,inf,inf,917.7717581185423,inf
5,13,inf,inf,inf,1143.6476730182246,inf
5,14,inf,inf,inf,1041.9812858204316,inf
5,15,inf,inf,inf,703.6682456953703,inf
5,16,inf,inf,inf,893.3224501824635,inf
5,17,inf,inf,inf,808.7187397358862,inf
5,18,inf,inf,inf,678.973489909584,inf
5,19,inf,inf,inf,1153.1404944758467,inf
5,20,inf,inf,inf,135.79396157414365,inf
5,21,inf,inf,inf,1003.1490417679718,inf
5,22,inf,inf,inf,798.1635170815564,inf
5,23,inf,inf,inf,1112.3326840473583,inf
5,24,inf,inf,inf,251.92459189209774,inf
5,25,inf,inf,inf,903.0991086254044,inf
5,26,inf,inf,inf,934.3452252781088,inf
5,27,inf,inf,inf,1253.2298272862804,inf
5,28,inf,inf,inf,366.072397211262,inf
5,29,inf,inf,inf,593.3169473392784,inf
5,30,inf,inf,inf,587.4291446634223,inf
5,31,inf,inf,inf,1214.361148917405,inf
5,32,inf,inf,inf,161.31955864060626,inf
5,33,inf,inf,inf,94.53041838477179,inf
5,34,inf,inf,inf,838.6894538504702,inf
5,35,inf,inf,inf,1026.9342724829082,inf
5,36,inf,inf,inf,829.2466460589394,inf
5,37,inf,inf,inf,736.0339666075201,inf
5,38,inf,inf,inf,981.6460665637081,inf
5,39,inf,inf,inf,1023.5355391973451,inf
5,40,inf,inf,inf,1069.0168380339012,inf
5,41,inf,inf,inf,1323.5274836587264,inf
5,42,inf,inf,inf,55.362442142665635,inf
5,43,inf,inf,inf,532.634959423431,inf
5,44,inf,inf,inf,654.0833280248014,inf
5,45,inf,inf,inf,1344.000372023758,inf
5,46,inf,inf,inf,1045.8800122384976,inf
5,47,inf,inf,inf,861.7389395866941,inf
5,48,inf,inf,inf,176.81911661356077,inf
5,49,inf,inf,inf,160.4306703844374,inf
5,50,inf,inf,inf,449.5019466031265,inf
5,51,inf,inf,inf,928.2941344207665,inf
5,52,inf,inf,inf,938.8956278522123,inf
5,53,inf,inf,inf,1101.6832575654403,inf
5,54,inf,inf,inf,984.417086401897,inf
5,55,inf,inf,inf,158.39823231336896,inf
5,56,inf,inf,inf,1117.7441567729172,inf
5,57,inf,inf,inf,1112.1299384514384,inf
5,58,inf,inf,inf,1313.8767065444154,inf
5,59,inf,inf,inf,883.5094792926673,inf
5,60,inf,inf,inf,935.5709486725206,inf
5,61,inf,inf,inf,627.8088881180323,inf
5,62,inf,inf,inf,1312.4850475338758,inf
5,63,inf,inf,inf,350.9643856575764,inf
5,64,inf,inf,inf,820.0792644616738,inf
5,65,inf,inf,inf,707.1470851244457,inf
5,66,inf,inf,inf,303.48805577814755,inf
5,67,inf,inf,inf,793.5767133680272,inf
5,68,inf,inf,inf,941.2188905881565,inf
5,69,inf,inf,inf,267.7778930382417,inf
5,70,inf,inf,inf,1021.5674231297708,inf
5,71,inf,inf,inf,72.02777242147643,inf
5,72,inf,inf,inf,1080.7478891952553,inf
5,73,inf,inf,inf,922.0721229925564,inf
5,74,inf,inf,inf,386.700142229092,inf
5,75,inf,inf,inf,1162.7080458997434,inf
5,76,inf,inf,inf,614.2198303539215,inf
5,77,inf,inf,inf,659.1942050716162,inf
5,78,inf,inf,inf,1102.181473261096,inf
5,79,inf,inf,inf,534.658769683992,inf
5,80,inf,inf,inf,912.3513577564293,inf
5,81,inf,inf,inf,1092.8755647373584,inf
5,82,inf,inf,inf,954.3594710589925,inf
5,83,inf,inf,inf,783.4162367477458,inf
5,84,inf,inf,inf,1164.6222563561114,inf
5,85,inf,inf,inf,937.6102601827691,inf
5,86,inf,inf,inf,814.9024481494703,inf
5,87,inf,inf,inf,184.25254408012933,inf
5,88,inf,inf,inf,720.569219436967,inf
5,89,inf,inf,inf,1295.7345407142623,inf
5,90,inf,inf,inf,587.7159177698014,inf
5,91,inf,inf,inf,980.3886984252725,inf
5,92,inf,inf,inf,442.1266786793125,inf
5,93,inf,inf,inf,869.6263565463044,inf
5,94,inf,inf,inf,132.24598292575845,inf
5,95,inf,inf,inf,455.0703242357163,inf
5,96,inf,inf,inf,879.41173519575,inf
5,97,inf,inf,inf,981.7683026050495,inf
5,98,inf,inf,inf,291.00171820798585,inf
5,99,inf,inf,inf,815.9932597760842,inf
5,100,inf,inf,inf,454.067175646952,inf
5,101,inf,inf,inf,1015.0645299684154,inf
5,102,inf,inf,inf,839.9196390131618,inf
5,103,inf,inf,inf,872.020641957517,inf
5,104,inf,inf,inf,360.1388621073821,inf
5,105,inf,inf,inf,1282.969212413143,inf
5,106,inf,inf,inf,114.5294721894762,inf
5,107,inf,inf,inf,1055.5913034882392,inf
5,108,inf,inf,inf,732.4315667692102,inf
5,109,inf,inf,inf,558.9007067449459,inf
5,110,inf,inf,inf,730.8542946442882,inf
5,111,inf,inf,inf,261.4000765110829,inf
5,112,inf,inf,inf,752.2931609419296,inf
5,113,inf,inf,inf,1175.8001530872498,inf
5,114,inf,inf,inf,1293.861275407839,inf
5,115,inf,inf,inf,840.7092244052042,inf
5,116,inf,inf,inf,710.2816342831906,inf
5,117,inf,inf,inf,1160.403809025117,inf
5,118,inf,inf,inf,281.9024654024863,inf
5,119,inf,inf,inf,924.8226857079145,inf
5,120,inf,inf,inf,705.013475048527,inf
5,121,inf,inf,inf,363.9793950212017,inf
5,122,inf,inf,inf,1160.7346811394927,inf
5,123,inf,inf,inf,264.3274484422683,inf
5,124,inf,inf,inf,1004.0727065307572,inf
5,125,inf,inf,inf,1049.4836825792004,inf
5,126,inf,inf,inf,326.2207841324645,inf
5,127,inf,inf,inf,615.1373830291897,inf
5,128,inf,inf,inf,1251.2989251174158,inf
5,129,inf,inf,inf,1141.5778554264268,inf
5,130,inf,inf,inf,1218.7083326210582,inf
5,131,inf,inf,inf,782.4129344534125,inf
5,132,inf,inf,inf,1238.1348876435072,inf
5,133,inf,inf,inf,931.3737166143352,inf
5,134,inf,inf,inf,834.0053956659992,inf
5,135,inf,inf,inf,972.2556248230195,inf
5,136,inf,inf,inf,316.1913977324494,inf
5,137,inf,inf,inf,740.3039916142557,inf
5,138,inf,inf,inf,1102.261312030863,inf
6,7,inf,inf,inf,717.0564831308619,inf
6,8,inf,inf,inf,145.71547618561317,inf
6,9,inf,inf,inf,1022.2817615510902,inf
6,10,inf,inf,inf,1105.6816901803159,inf
6,11,inf,inf,inf,766.6478983209959,inf
6,12,inf,inf,inf,983.0940951912996,inf
6,13,inf,inf,inf,1272.6181674013617,inf
6,14,inf,inf,inf,1081.7439623127093,inf
6,15,inf,inf,inf,610.8698715765904,inf
6,16,inf,inf,inf,945.0354490705627,inf
6,17,inf,inf,inf,801.7911199308708,inf
6,18,inf,inf,inf,786.0089058019636,inf
6,19,inf,inf,inf,1203.3852251045798,inf
6,20,inf,inf,inf,87.80091115700337,inf
6,21,inf,inf,inf,1049.8804693868726,inf
6,22,inf,inf,inf,874.7445341355383,inf
6,23,inf,inf,inf,1175.7555017944844,inf
6,24,inf,inf,inf,88.41379982785493,inf
6,25,inf,inf,inf,838.1557134566345,inf
6,26,inf,inf,inf,861.1724565962384,inf
6,27,inf,inf,inf,1308.1666560496028,inf
6,28,inf,inf,inf,518.2065225371059,inf
6,29,inf,inf,inf,622.4869476543263,inf
6,30,inf,inf,inf,631.3414290223635,inf
6,31,inf,inf,inf,1328.8009632747862,inf
6,32,inf,inf,inf,288.46663585239804,inf
6,33,inf,inf,inf,207.81963333621778,inf
6,34,inf,inf,inf,780.0801240898271,inf
6,35,inf,inf,inf,1071.1587183979786,inf
6,36,inf,inf,inf,927.2825890741183,inf
6,37,inf,inf,inf,786.6492229704419,inf
6,38,inf,inf,inf,1056.882207249228,inf
6,39,inf,inf,inf,1120.75153357022,inf
6,40,inf,inf,inf,1123.5550720814713,inf
6,41,inf,inf,inf,1392.7885697405763,inf
6,42,inf,inf,inf,178.71765441612084,inf
6,43,inf,inf,inf,705.5643131564974,inf
6,44,inf,inf,inf,807.2731879605565,inf
6,45,inf,inf,inf,1395.2727331959154,inf
6,46,inf,inf,inf,969.2729233812322,inf
6,47,inf,inf,inf,877.1550604083636,inf
6,48,inf,inf,inf,264.3671689147501,inf
6,49,inf,inf,inf,104.63746938836012,inf
6,50,inf,inf,inf,621.6148325128672,inf
6,51,inf,inf,inf,901.0887858585302,inf
6,52,inf,inf,inf,987.2031199302401,inf
6,53,inf,inf,inf,1118.3849963228226,inf
6,54,inf,inf,inf,985.4308702288557,inf
6,55,inf,inf,inf,22.825424421026653,inf
6,56,inf,inf,inf,1110.245468353733,inf
6,57,inf,inf,inf,1040.622890388252,inf
6,58,inf,inf,inf,1337.8613530556895,inf
6,59,inf,inf,inf,845.6252124907346,inf
6,60,inf,inf,inf,922.0770032920244,inf
6,61,inf,inf,inf,739.0433004905734,inf
6,62,inf,inf,inf,1345.1341940490547,inf
6,63,inf,inf,inf,368.962057669891,inf
6,64,inf,inf,inf,736.2017386559203,inf
6,65,inf,inf,inf,678.5631879198871,inf
6,66,inf,inf,inf,321.02959365142647,inf
6,67,inf,inf,inf,887.3111066587637,inf
6,68,inf,inf,inf,1093.5638984531265,inf
6,69,inf,inf,inf,427.8527784179974,inf
6,70,inf,inf,inf,1008.0600180544807,inf
6,71,inf,inf,inf,172.80335644888382,inf
6,72,inf,inf,inf,1070.4433660871555,inf
6,73,inf,inf,inf,942.416044006043,inf
6,74,inf,inf,inf,533.5484982642159,inf
6,75,inf,inf,inf,1223.9955065276997,inf
6,76,inf,inf,inf,786.4636037350997,inf
6,77,inf,inf,inf,723.7789717862768,inf
6,78,inf,inf,inf,1158.3578894279608,inf
6,79,inf,inf,inf,402.7170222376998,inf
6,80,inf,inf,inf,983.1836044198459,inf
6,81,inf,inf,inf,1125.373715705143,inf
6,82,inf,inf,inf,992.2645816514868,inf
6,83,inf,inf,inf,665.0022556352723,inf
6,84,inf,inf,inf,1260.813229626022,inf
6,85,inf,inf,inf,866.8344709343302,inf
6,86,inf,inf,inf,952.2378904454496,inf
6,87,inf,inf,inf,324.7768464653846,inf
6,88,inf,inf,inf,584.2302628245134,inf
6,89,inf,inf,inf,1279.018764522241,inf
6,90,inf,inf,inf,752.8459337739695,inf
6,91,inf,inf,inf,1096.1537300944608,inf
6,92,inf,inf,inf,424.976469936866,inf
6,93,inf,inf,inf,931.9340105393729,inf
6,94,inf,inf,inf,89.05054744357274,inf
6,95,inf,inf,inf,288.8909828983937,inf
6,96,inf,inf,inf,763.698893543784,inf
6,97,inf,inf,inf,896.9158265968998,inf
6,98,inf,inf,inf,417.06234545928504,inf
6,99,inf,inf,inf,884.1097216974825,inf
6,100,inf,inf,inf,557.7239460521665,inf
6,101,inf,inf,inf,1162.5768791783191,inf
6,102,inf,inf,inf,718.2381220737312,inf
6,103,inf,inf,inf,906.3801630662489,inf
6,104,inf,inf,inf,528.9092549766925,inf
6,105,inf,inf,inf,1374.5548370290653,inf
6,106,inf,inf,inf,128.82546332150332,inf
6,107,inf,inf,inf,1095.9972627703046,inf
6,108,inf,inf,inf,684.7751455769989,inf
6,109,inf,inf,inf,403.86755254662387,inf
6,110,inf,inf,inf,899.7205121591927,inf
6,111,inf,inf,inf,250.2418829852429,inf
6,112,inf,inf,inf,815.2116289651418,inf
6,113,inf,inf,inf,1119.2376869995041,inf
6,114,inf,inf,inf,1334.5216371419385,inf
6,115,inf,inf,inf,1003.5163177547239,inf
6,116,inf,inf,inf,853.5273867896683,inf
6,117,inf,inf,inf,1198.8736380453113,inf
6,118,inf,inf,inf,213.21350801485352,inf
6,119,inf,inf,inf,1081.2011838691262,inf
6,120,inf,inf,inf,691.7116451238912,inf
6,121,inf,inf,inf,479.22019990814243,inf
6,122,inf,inf,inf,1138.192426613356,inf
6,123,inf,inf,inf,283.98943642325855,inf
6,124,inf,inf,inf,1145.1729127079457,inf
6,125,inf,inf,inf,998.1928671354049,inf
6,126,inf,inf,inf,234.5655558687166,inf
6,127,inf,inf,inf,674.0630534304636,inf
6,128,inf,inf,inf,1343.6919289777697,inf
6,129,inf,inf,inf,1076.5616563857361,inf
6,130,inf,inf,inf,1174.78721477551,inf
6,131,inf,inf,inf,815.3557505776237,inf
6,132,inf,inf,inf,1296.9676171747697,inf
6,133,inf,inf,inf,901.892454786046,inf
6,134,inf,inf,inf,863.4222605423142,inf
6,135,inf,inf,inf,871.1555544218265,inf
6,136,inf,inf,inf,447.0727010229992,inf
6,137,inf,inf,inf,841.2258911850015,inf
6,138,inf,inf,inf,1238.5753913266644,inf
7,8,inf,inf,inf,756.9550845327615,inf
7,9,inf,inf,inf,306.7800515027012,inf
7,10,inf,inf,inf,403.00124069287926,inf
7,11,inf,inf,inf,227.71253808255707,inf
7,12,inf,inf,inf,335.19546536312214,inf
7,13,inf,inf,inf,832.7622709993531,inf
7,14,inf,inf,inf,372.07526120396665,inf
7,15,inf,inf,inf,452.67648492052246,inf
7,16,inf,inf,inf,265.51459470243816,inf
7,17,inf,inf,inf,147.35331689514152,inf
7,18,inf,inf,inf,399.4496213541828,inf
7,19,inf,inf,inf,502.80214796677234,inf
7,20,inf,inf,inf,774.0419885251704,inf
7,21,inf,inf,inf,350.59520818174343,inf
7,22,inf,inf,inf,299.38603841862766,inf
7,23,inf,inf,inf,500.35687264191745,inf
7,24,inf,inf,inf,782.7291996597546,inf
7,25,inf,inf,inf,415.04337122763445,inf
7,26,inf,inf,inf,468.0,inf
7,27,inf,inf,inf,611.007364931062,inf
7,28,inf,inf,inf,584.2088667591412,inf
7,29,inf,inf,inf,109.17875251164945,inf
7,30,inf,inf,inf,140.2640367307315,inf
7,31,inf,inf,inf,807.1889493792639,inf
7,32,inf,inf,inf,844.2777978840851,inf
7,33,inf,inf,inf,605.4857554063514,inf
7,34,inf,inf,inf,353.9562119810867,inf
7,35,inf,inf,inf,367.14710948065493,inf
7,36,inf,inf,inf,423.64725893129537,inf
7,37,inf,inf,inf,150.08331019803634,inf
7,38,inf,inf,inf,427.15102715550154,inf
7,39,inf,inf,inf,559.4515171129666,inf
7,40,inf,inf,inf,433.5181657093506,inf
7,41,inf,inf,inf,717.8091668403239,inf
7,42,inf,inf,inf,643.4671708797582,inf
7,43,inf,inf,inf,887.5409849691449,inf
7,44,inf,inf,inf,677.3625321790392,inf
7,45,inf,inf,inf,691.3089034577813,inf
7,46,inf,inf,inf,558.6591089385369,inf
7,47,inf,inf,inf,163.0245380303223,inf
7,48,inf,inf,inf,524.9761899362675,inf
7,49,inf,inf,inf,802.4194663640707,inf
7,50,inf,inf,inf,878.9362889311147,inf
7,51,inf,inf,inf,296.73051747334654,inf
7,52,inf,inf,inf,295.1948509036023,inf
7,53,inf,inf,inf,404.1002350902558,inf
7,54,inf,inf,inf,290.7232360854564,inf
7,55,inf,inf,inf,697.2868850050171,inf
7,56,inf,inf,inf,428.939389657793,inf
7,57,inf,inf,inf,589.6185207403173,inf
7,58,inf,inf,inf,621.225401927513,inf
7,59,inf,inf,inf,299.2924990707251,inf
7,60,inf,inf,inf,267.46962444359923,inf
7,61,inf,inf,inf,406.63620104461927,inf
7,62,inf,inf,inf,628.6238939143182,inf
7,63,inf,inf,inf,353.1416146533852,inf
7,64,inf,inf,inf,452.76594394896796,inf
7,65,inf,inf,inf,190.43634106966033,inf
7,66,inf,inf,inf,402.5046583581363,inf
7,67,inf,inf,inf,380.78471607983425,inf
7,68,inf,inf,inf,850.1905668730982,inf
7,69,inf,inf,inf,862.3409998370714,inf
7,70,inf,inf,inf,345.5792239125495,inf
7,71,inf,inf,inf,769.1196265861378,inf
7,72,inf,inf,inf,396.62702883187376,inf
7,73,inf,inf,inf,225.80079716422614,inf
7,74,inf,inf,inf,558.0680962033217,inf
7,75,inf,inf,inf,541.1330705103875,inf
7,76,inf,inf,inf,890.7171268141194,inf
7,77,inf,inf,inf,193.74725804511402,inf
7,78,inf,inf,inf,469.34528867348826,inf
7,79,inf,inf,inf,589.6515920439798,inf
7,80,inf,inf,inf,352.95892112255785,inf
7,81,inf,inf,inf,409.76578676116924,inf
7,82,inf,inf,inf,283.3813684771813,inf
7,83,inf,inf,inf,596.8199058342475,inf
7,84,inf,inf,inf,673.5725647619564,inf
7,85,inf,inf,inf,460.15649511878024,inf
7,86,inf,inf,inf,648.0933574725173,inf
7,87,inf,inf,inf,848.5387439592844,inf
7,88,inf,inf,inf,661.5323121359984,inf
7,89,inf,inf,inf,613.0391504626764,inf
7,90,inf,inf,inf,755.5349098486449,inf
7,91,inf,inf,inf,624.1962832314848,inf
7,92,inf,inf,inf,300.0283319954967,inf
7,93,inf,inf,inf,285.21746089606785,inf
7,94,inf,inf,inf,772.3651985945509,inf
7,95,inf,inf,inf,738.3359668877035,inf
7,96,inf,inf,inf,631.1846005726059,inf
7,97,inf,inf,inf,548.1788029466298,inf
7,98,inf,inf,inf,498.59101476059516,inf
7,99,inf,inf,inf,271.6615541441225,inf
7,100,inf,inf,inf,376.8527563916708,inf
7,101,inf,inf,inf,864.1741722592732,inf
7,102,inf,inf,inf,640.4404734243457,inf
7,103,inf,inf,inf,197.0406049523803,inf
7,104,inf,inf,inf,871.1859732571456,inf
7,105,inf,inf,inf,759.6505775683976,inf
7,106,inf,inf,inf,786.6752824386947,inf
7,107,inf,inf,inf,386.62126170194006,inf
7,108,inf,inf,inf,271.0073799733136,inf
7,109,inf,inf,inf,703.8472845724419,inf
7,110,inf,inf,inf,891.5542608276851,inf
7,111,inf,inf,inf,467.42806933259794,inf
7,112,inf,inf,inf,212.08488866489287,inf
7,113,inf,inf,inf,590.7698367384713,inf
7,114,inf,inf,inf,621.6960672225617,inf
7,115,inf,inf,inf,883.6679240529215,inf
7,116,inf,inf,inf,630.5243849368555,inf
7,117,inf,inf,inf,485.9794234327211,inf
7,118,inf,inf,inf,515.7305498028985,inf
7,119,inf,inf,inf,875.5672447048256,inf
7,120,inf,inf,inf,128.73616430514,inf
7,121,inf,inf,inf,442.05203313637185,inf
7,122,inf,inf,inf,492.0040650238573,inf
7,123,inf,inf,inf,442.36636400160444,inf
7,124,inf,inf,inf,805.9609171665832,inf
7,125,inf,inf,inf,468.1591609698565,inf
7,126,inf,inf,inf,522.6557184227491,inf
7,127,inf,inf,inf,174.9771413642365,inf
7,128,inf,inf,inf,734.1730041345841,inf
7,129,inf,inf,inf,589.9364372540485,inf
7,130,inf,inf,inf,592.608639829019,inf
7,131,inf,inf,inf,112.0044641967453,inf
7,132,inf,inf,inf,606.3175735536618,inf
7,133,inf,inf,inf,305.9150208799823,inf
7,134,inf,inf,inf,150.37286989347513,inf
7,135,inf,inf,inf,615.3454314448105,inf
7,136,inf,inf,inf,503.5076960682925,inf
7,137,inf,inf,inf,391.3936637197899,inf
7,138,inf,inf,inf,848.0336078245956,inf
8,9,inf,inf,inf,1063.197535738303,inf
8,10,inf,inf,inf,1124.0040035515888,inf
8,11,inf,inf,inf,844.0912272971447,inf
8,12,inf,inf,inf,1051.4984545875473,inf
8,13,inf,inf,inf,1384.7411310421887,inf
8,14,inf,inf,inf,1128.6491926192125,inf
8,15,inf,inf,inf,556.3425203954844,inf
8,16,inf,inf,inf,1003.8988992921549,inf
8,17,inf,inf,inf,818.0220045940084,inf
8,18,inf,inf,inf,888.0005630628846,inf
8,19,inf,inf,inf,1256.6355875909292,inf
8,20,inf,inf,inf,214.46211786700232,inf
8,21,inf,inf,inf,1102.8191148143924,inf
8,22,inf,inf,inf,953.6356746682666,inf
8,23,inf,inf,inf,1239.6491439112924,inf
8,24,inf,inf,inf,89.55445270895244,inf
8,25,inf,inf,inf,801.8491129882229,inf
8,26,inf,inf,inf,816.4441193370187,inf
8,27,inf,inf,inf,1363.784807071849,inf
8,28,inf,inf,inf,652.2399865080337,inf
8,29,inf,inf,inf,675.1273953854932,inf
8,30,inf,inf,inf,694.4242219277781,inf
8,31,inf,inf,inf,1429.8059308871257,inf
8,32,inf,inf,inf,423.8419516753857,inf
8,33,inf,inf,inf,342.3010371003862,inf
8,34,inf,inf,inf,751.6129322995979,inf
8,35,inf,inf,inf,1121.757549562293,inf
8,36,inf,inf,inf,1020.5665093466472,inf
8,37,inf,inf,inf,848.7638069569177,inf
8,38,inf,inf,inf,1131.4791204436783,inf
8,39,inf,inf,inf,1210.8298807016615,inf
8,40,inf,inf,inf,1181.3267964454205,inf
8,41,inf,inf,inf,1458.7587189113901,inf
8,42,inf,inf,inf,319.23189063751136,inf
8,43,inf,inf,inf,851.169783298256,inf
8,44,inf,inf,inf,939.1576012576377,inf
8,45,inf,inf,inf,1447.0359359739482,inf
8,46,inf,inf,inf,918.6343124442935,inf
8,47,inf,inf,inf,909.2964313137933,inf
8,48,inf,inf,inf,382.70223411942607,inf
8,49,inf,inf,inf,214.89532335534898,inf
8,50,inf,inf,inf,767.2509367866552,inf
8,51,inf,inf,inf,896.8946426420441,inf
8,52,inf,inf,inf,1042.56846297977,inf
8,53,inf,inf,inf,1146.1396075522389,inf
8,54,inf,inf,inf,1003.0,inf
8,55,inf,inf,inf,161.3071604114337,inf
8,56,inf,inf,inf,1118.0849699374373,inf
8,57,inf,inf,inf,993.2940148817972,inf
8,58,inf,inf,inf,1368.301867279293,inf
8,59,inf,inf,inf,833.7247747308461,inf
8,60,inf,inf,inf,929.0710414171782,inf
8,61,inf,inf,inf,844.7544021785267,inf
8,62,inf,inf,inf,1382.5241408380543,inf
8,63,inf,inf,inf,434.4951092935339,inf
8,64,inf,inf,inf,685.1685923916829,inf
8,65,inf,inf,inf,681.4873439763941,inf
8,66,inf,inf,inf,393.30013984233466,inf
8,67,inf,inf,inf,978.2279897856123,inf
8,68,inf,inf,inf,1223.431649092012,inf
8,69,inf,inf,inf,570.0008771923075,inf
8,70,inf,inf,inf,1012.9175682156964,inf
8,71,inf,inf,inf,313.01437666663173,inf
8,72,inf,inf,inf,1076.6847263707236,inf
8,73,inf,inf,inf,976.7932227447117,inf
8,74,inf,inf,inf,664.5517286110992,inf
8,75,inf,inf,inf,1285.6033602943016,inf
8,76,inf,inf,inf,931.2228519532798,inf
8,77,inf,inf,inf,798.0682928170997,inf
8,78,inf,inf,inf,1216.882081386689,inf
8,79,inf,inf,inf,317.00157728314224,inf
8,80,inf,inf,inf,1055.712555575617,inf
8,81,inf,inf,inf,1165.7585513304202,inf
8,82,inf,inf,inf,1039.4344616184321,inf
8,83,inf,inf,inf,580.7245474405228,inf
8,84,inf,inf,inf,1348.6886223291126,inf
8,85,inf,inf,inf,824.2117446384758,inf
8,86,inf,inf,inf,1072.511072203919,inf
8,87,inf,inf,inf,462.5635091530675,inf
8,88,inf,inf,inf,482.34634859196353,inf
8,89,inf,inf,inf,1276.2954203474994,inf
8,90,inf,inf,inf,892.6746327750105,inf
8,91,inf,inf,inf,1200.0,inf
8,92,inf,inf,inf,456.9748351933616,inf
8,93,inf,inf,inf,999.0895855727854,inf
8,94,inf,inf,inf,217.22108553268947,inf
8,95,inf,inf,inf,156.3873396410336,inf
8,96,inf,inf,inf,679.3121521068205,inf
8,97,inf,inf,inf,840.0934471831096,inf
8,98,inf,inf,inf,540.6736538800462,inf
8,99,inf,inf,inf,956.6153877081426,inf
8,100,inf,inf,inf,663.6211268487465,inf
8,101,inf,inf,inf,1288.7148637305306,inf
8,102,inf,inf,inf,628.7328526488814,inf
8,103,inf,inf,inf,952.7528535774637,inf
8,104,inf,inf,inf,673.5888953954036,inf
8,105,inf,inf,inf,1457.9437574886076,inf
8,106,inf,inf,inf,258.98455552406983,inf
8,107,inf,inf,inf,1143.1609685429257,inf
8,108,inf,inf,inf,670.3804889762231,inf
8,109,inf,inf,inf,284.7174037532655,inf
8,110,inf,inf,inf,1041.7917258262326,inf
8,111,inf,inf,inf,317.80497164141406,inf
8,112,inf,inf,inf,885.5873757004443,inf
8,113,inf,inf,inf,1084.1291435986766,inf
8,114,inf,inf,inf,1378.4864888710372,inf
8,115,inf,inf,inf,1141.0670444807351,inf
8,116,inf,inf,inf,978.587757945091,inf
8,117,inf,inf,inf,1242.8696633195293,inf
8,118,inf,inf,inf,245.73359558676546,inf
8,119,inf,inf,inf,1213.9740524409901,inf
8,120,inf,inf,inf,707.0855676649044,inf
8,121,inf,inf,inf,594.7478457295999,inf
8,122,inf,inf,inf,1132.7104660944915,inf
8,123,inf,inf,inf,364.2320688791694,inf
8,124,inf,inf,inf,1266.8022734428605,inf
8,125,inf,inf,inf,970.2216241663551,inf
8,126,inf,inf,inf,234.7977853387889,inf
8,127,inf,inf,inf,746.096508502754,inf
8,128,inf,inf,inf,1427.9555315205023,inf
8,129,inf,inf,inf,1034.5366112419608,inf
8,130,inf,inf,inf,1150.0295648373567,inf
8,131,inf,inf,inf,863.1708984899803,inf
8,132,inf,inf,inf,1355.7772678430629,inf
8,133,inf,inf,inf,895.694702451678,inf
8,134,inf,inf,inf,907.0727644461606,inf
8,135,inf,inf,inf,799.0400490588692,inf
8,136,inf,inf,inf,571.9344368019817,inf
8,137,inf,inf,inf,938.0085287458745,inf
8,138,inf,inf,inf,1356.2573502104974,inf
9,10,inf,inf,inf,185.40765895722862,inf
9,11,inf,inf,inf,346.41737831696605,inf
9,12,inf,inf,inf,211.24866863485792,inf
9,13,inf,inf,inf,745.0429517819762,inf
9,14,inf,inf,inf,77.83315488916018,inf
9,15,inf,inf,inf,688.6000290444374,inf
9,16,inf,inf,inf,148.8086019019062,inf
9,17,inf,inf,inf,282.39157211220027,inf
9,18,inf,inf,inf,498.1425498790482,inf
9,19,inf,inf,inf,213.21350801485352,inf
9,20,inf,inf,inf,1075.9837359365615,inf
9,21,inf,inf,inf,98.2700361249552,inf
9,22,inf,inf,inf,307.8473647767673,inf
9,23,inf,inf,inf,251.58895047279003,inf
9,24,inf,inf,inf,1089.3213483632826,inf
9,25,inf,inf,inf,538.61396194306,inf
9,26,inf,inf,inf,586.5372963418439,inf
9,27,inf,inf,inf,319.69985924300937,inf
9,28,inf,inf,inf,808.7039013137008,inf
9,29,inf,inf,inf,401.44987233775527,inf
9,30,inf,inf,inf,404.46013400581273,inf
9,31,inf,inf,inf,663.315912669069,inf
9,32,inf,inf,inf,1127.9703010274695,inf
9,33,inf,inf,inf,897.0646576473738,inf
9,34,inf,inf,inf,508.4850046953204,inf
9,35,inf,inf,inf,92.17917335276988,inf
9,36,inf,inf,inf,415.9146547069483,inf
9,37,inf,inf,inf,267.4714938082187,inf
9,38,inf,inf,inf,274.11676344215067,inf
9,39,inf,inf,inf,436.0,inf
9,40,inf,inf,inf,173.90802166662698,inf
9,41,inf,inf,inf,444.9629198034371,inf
9,42,inf,inf,inf,936.7859947714846,inf
9,43,inf,inf,inf,1082.9095068379445,inf
9,44,inf,inf,inf,801.4499360534006,inf
9,45,inf,inf,inf,390.88873097084803,inf
9,46,inf,inf,inf,631.5520564450725,inf
9,47,inf,inf,inf,161.48374531202822,inf
9,48,inf,inf,inf,814.9564405537268,inf
9,49,inf,inf,inf,1104.7610601392503,inf
9,50,inf,inf,inf,1097.144019716646,inf
9,51,inf,inf,inf,334.8029271078734,inf
9,52,inf,inf,inf,111.61541112229978,inf
9,53,inf,inf,inf,135.07405376311175,inf
9,54,inf,inf,inf,173.4877517290486,inf
9,55,inf,inf,inf,1002.0843277888343,inf
9,56,inf,inf,inf,258.3118270617898,inf
9,57,inf,inf,inf,624.3236340232525,inf
9,58,inf,inf,inf,323.12381527829234,inf
9,59,inf,inf,inf,397.10200200955927,inf
9,60,inf,inf,inf,259.9423012901132,inf
9,61,inf,inf,inf,535.6724745588483,inf
9,62,inf,inf,inf,323.03869737231173,inf
9,63,inf,inf,inf,655.1496012362368,inf
9,64,inf,inf,inf,637.5303914324398,inf
9,65,inf,inf,inf,426.4317061382749,inf
9,66,inf,inf,inf,704.28403361144,inf
9,67,inf,inf,inf,396.7581127084864,inf
9,68,inf,inf,inf,878.5317296489637,inf
9,69,inf,inf,inf,1123.7481924345864,inf
9,70,inf,inf,inf,259.26241532470533,inf
9,71,inf,inf,inf,1063.0733747018594,inf
9,72,inf,inf,inf,257.0311265197272,inf
9,73,inf,inf,inf,95.4148835350125,inf
9,74,inf,inf,inf,777.829030057377,inf
9,75,inf,inf,inf,274.3155117743071,inf
9,76,inf,inf,inf,1060.6153874048782,inf
9,77,inf,inf,inf,359.5608432518758,inf
9,78,inf,inf,inf,203.8062805705457,inf
9,79,inf,inf,inf,873.7121951764208,inf
9,80,inf,inf,inf,244.1679749680535,inf
9,81,inf,inf,inf,103.12128781197411,inf
9,82,inf,inf,inf,53.600373133029585,inf
9,83,inf,inf,inf,818.6672095546517,inf
9,84,inf,inf,inf,495.73581674113484,inf
9,85,inf,inf,inf,573.4962946698087,inf
9,86,inf,inf,inf,691.4340170977995,inf
9,87,inf,inf,inf,1127.0226262147535,inf
9,88,inf,inf,inf,910.1236179772504,inf
9,89,inf,inf,inf,420.73388263842025,inf
9,90,inf,inf,inf,914.4337045406845,inf
9,91,inf,inf,inf,560.2758249291147,inf
9,92,inf,inf,inf,606.568215454783,inf
9,93,inf,inf,inf,209.45882650296693,inf
9,94,inf,inf,inf,1074.118243025413,inf
9,95,inf,inf,inf,1036.7458705005774,inf
9,96,inf,inf,inf,822.0024330864234,inf
9,97,inf,inf,inf,662.8136993152751,inf
9,98,inf,inf,inf,756.2863214418201,inf
9,99,inf,inf,inf,261.3235542388018,inf
9,100,inf,inf,inf,601.1355920256261,inf
9,101,inf,inf,inf,859.619101695629,inf
9,102,inf,inf,inf,848.5387439592844,inf
9,103,inf,inf,inf,119.85407794480753,inf
9,104,inf,inf,inf,1111.7989926241164,inf
9,105,inf,inf,inf,542.3034206051074,inf
9,106,inf,inf,inf,1085.7366163117094,inf
9,107,inf,inf,inf,91.0494371207203,inf
9,108,inf,inf,inf,486.8069432536886,inf
9,109,inf,inf,inf,988.5752373997641,inf
9,110,inf,inf,inf,1020.1534198344874,inf
9,111,inf,inf,inf,772.1094482001888,inf
9,112,inf,inf,inf,282.25166075685013,inf
9,113,inf,inf,inf,562.4242171172931,inf
9,114,inf,inf,inf,315.37913691301776,inf
9,115,inf,inf,inf,966.3979511567685,inf
9,116,inf,inf,inf,723.8929478866334,inf
9,117,inf,inf,inf,180.20543831971332,inf
9,118,inf,inf,inf,822.508358620142,inf
9,119,inf,inf,inf,918.6860181803139,inf
9,120,inf,inf,inf,376.80897016923575,inf
9,121,inf,inf,inf,687.0924246416926,inf
9,122,inf,inf,inf,361.2672141227321,inf
9,123,inf,inf,inf,743.5657334762004,inf
9,124,inf,inf,inf,788.7261882301107,inf
9,125,inf,inf,inf,482.99585919550077,inf
9,126,inf,inf,inf,828.5728694568752,inf
9,127,inf,inf,inf,388.73770077006935,inf
9,128,inf,inf,inf,525.1209384513247,inf
9,129,inf,inf,inf,597.3014314397715,inf
9,130,inf,inf,inf,511.2582517671475,inf
9,131,inf,inf,inf,209.267771049438,inf
9,132,inf,inf,inf,323.02476685232665,inf
9,133,inf,inf,inf,346.77081768799405,inf
9,134,inf,inf,inf,159.02829936838285,inf
9,135,inf,inf,inf,757.915562579368,inf
9,136,inf,inf,inf,752.2619224711564,inf
9,137,inf,inf,inf,448.8128786030989,inf
9,138,inf,inf,inf,790.5826964967042,inf
10,11,inf,inf,inf,512.6568052801016,inf
10,12,inf,inf,inf,396.1843005471065,inf
10,13,inf,inf,inf,918.6669690372023,inf
10,14,inf,inf,inf,223.64704335179573,inf
10,15,inf,inf,inf,670.5773631729601,inf
10,16,inf,inf,inf,332.1806737304264,inf
10,17,inf,inf,inf,306.13232433050905,inf
10,18,inf,inf,inf,675.8653712093852,inf
10,19,inf,inf,inf,311.8012187275733,inf
10,20,inf,inf,inf,1169.1265970800596,inf
10,21,inf,inf,inf,271.22868579853423,inf
10,22,inf,inf,inf,489.6304729078859,inf
10,23,inf,inf,inf,389.8987047939503,inf
10,24,inf,inf,inf,1163.1100549819007,inf
10,25,inf,inf,inf,465.20210661603846,inf
10,26,inf,inf,inf,503.19181233402435,inf
10,27,inf,inf,inf,391.72439290909625,inf
10,28,inf,inf,inf,962.0654863365592,inf
10,29,inf,inf,inf,511.22010915064754,inf
10,30,inf,inf,inf,530.4224731287316,inf
10,31,inf,inf,inf,823.4002671848,inf
10,32,inf,inf,inf,1247.2790385475096,inf
10,33,inf,inf,inf,1007.9370019996289,inf
10,34,inf,inf,inf,459.0,inf
10,35,inf,inf,inf,252.7864711569826,inf
10,36,inf,inf,inf,601.1763468400932,inf
10,37,inf,inf,inf,421.9300889957956,inf
10,38,inf,inf,inf,451.5085824211983,inf
10,39,inf,inf,inf,610.5014332497509,inf
10,40,inf,inf,inf,320.30610359467084,inf
10,41,inf,inf,inf,531.8796856432853,inf
10,42,inf,inf,inf,1045.3745740164145,inf
10,43,inf,inf,inf,1248.5932083749294,inf
10,44,inf,inf,inf,980.2377262684803,inf
10,45,inf,inf,inf,427.4880115278088,inf
10,46,inf,inf,inf,517.8204321963358,inf
10,47,inf,inf,inf,242.0764342103543,inf
10,48,inf,inf,inf,927.8200256515269,inf
10,49,inf,inf,inf,1196.7476759952367,inf
10,50,inf,inf,inf,1255.2294610946637,inf
10,51,inf,inf,inf,266.1296676434253,inf
10,52,inf,inf,inf,297.0151511286924,inf
10,53,inf,inf,inf,75.69015788066504,inf
10,54,inf,inf,inf,121.03718436910205,inf
10,55,inf,inf,inf,1087.3936729630166,inf
10,56,inf,inf,inf,80.50465825031493,inf
10,57,inf,inf,inf,492.11787205912367,inf
10,58,inf,inf,inf,260.16341018675166,inf
10,59,inf,inf,inf,341.22426642898654,inf
10,60,inf,inf,inf,205.64532574313475,inf
10,61,inf,inf,inf,709.3976317975695,inf
10,62,inf,inf,inf,298.7072145094591,inf
10,63,inf,inf,inf,751.8623544239996,inf
10,64,inf,inf,inf,588.4496579997307,inf
10,65,inf,inf,inf,445.9820624195552,inf
10,66,inf,inf,inf,800.864532864329,inf
10,67,inf,inf,inf,580.741767053137,inf
10,68,inf,inf,inf,1063.8505534143412,inf
10,69,inf,inf,inf,1260.7370859937453,inf
10,70,inf,inf,inf,143.60013927569847,inf
10,71,inf,inf,inf,1170.4635833719904,inf
10,72,inf,inf,inf,99.98499887483122,inf
10,73,inf,inf,inf,194.0103090044444,inf
10,74,inf,inf,inf,932.636049056651,inf
10,75,inf,inf,inf,391.61843674679056,inf
10,76,inf,inf,inf,1232.862117189104,inf
10,77,inf,inf,inf,515.4764786098392,inf
10,78,inf,inf,inf,337.2906758272455,inf
10,79,inf,inf,inf,891.0583594804551,inf
10,80,inf,inf,inf,428.9731926356238,inf
10,81,inf,inf,inf,177.38658348364456,inf
10,82,inf,inf,inf,237.91805311913595,inf
10,83,inf,inf,inf,780.5331511217189,inf
10,84,inf,inf,inf,649.8692176122823,inf
10,85,inf,inf,inf,488.89467168297097,inf
10,86,inf,inf,inf,876.5414993027997,inf
10,87,inf,inf,inf,1251.215409112276,inf
10,88,inf,inf,inf,888.9415053871655,inf
10,89,inf,inf,inf,237.49736840647307,inf
10,90,inf,inf,inf,1088.0482526064734,inf
10,91,inf,inf,inf,741.3669806512831,inf
10,92,inf,inf,inf,680.7121271139512,inf
10,93,inf,inf,inf,393.70674365573166,inf
10,94,inf,inf,inf,1167.7200006850958,inf
10,95,inf,inf,inf,1072.3105893350116,inf
10,96,inf,inf,inf,761.6823484891848,inf
10,97,inf,inf,inf,568.6563109647162,inf
10,98,inf,inf,inf,893.5440671841541,inf
10,99,inf,inf,inf,442.40479201744637,inf
10,100,inf,inf,inf,751.2363143512166,inf
10,101,inf,inf,inf,1043.5655226194472,inf
10,102,inf,inf,inf,798.5799897317738,inf
10,103,inf,inf,inf,273.67316273248275,inf
10,104,inf,inf,inf,1260.3574889689037,inf
10,105,inf,inf,inf,672.6551865554892,inf
10,106,inf,inf,inf,1184.8780527969957,inf
10,107,inf,inf,inf,227.01982292302142,inf
10,108,inf,inf,inf,480.23431780746364,inf
10,109,inf,inf,inf,1002.8943114805269,inf
10,110,inf,inf,inf,1199.805400887994,inf
10,111,inf,inf,inf,860.4446524907921,inf
10,112,inf,inf,inf,451.7012286899384,inf
10,113,inf,inf,inf,407.28000196425063,inf
10,114,inf,inf,inf,328.1463088318989,inf
10,115,inf,inf,inf,1150.548130240539,inf
10,116,inf,inf,inf,905.8349739328903,inf
10,117,inf,inf,inf,235.73289969794203,inf
10,118,inf,inf,inf,895.9464269698273,inf
10,119,inf,inf,inf,1104.0905759945604,inf
10,120,inf,inf,inf,417.2349458039199,inf
10,121,inf,inf,inf,830.0602387778853,inf
10,122,inf,inf,inf,185.13238506539042,inf
10,123,inf,inf,inf,840.8864370412928,inf
10,124,inf,inf,inf,972.1013321665597,inf
10,125,inf,inf,inf,357.79463383343244,inf
10,126,inf,inf,inf,891.574450060117,inf
10,127,inf,inf,inf,533.1050553127404,inf
10,128,inf,inf,inf,661.6947936926813,inf
10,129,inf,inf,inf,454.71419595169885,inf
10,130,inf,inf,inf,339.99558820667073,inf
10,131,inf,inf,inf,341.7206461424302,inf
10,132,inf,inf,inf,409.6498504820916,inf
10,133,inf,inf,inf,274.4922585429323,inf
10,134,inf,inf,inf,290.20337696174386,inf
10,135,inf,inf,inf,671.7886572427374,inf
10,136,inf,inf,inf,894.2315136473328,inf
10,137,inf,inf,inf,630.4323912998126,inf
10,138,inf,inf,inf,969.1320859408174,inf
11,12,inf,inf,inf,222.11033294288674,inf
11,13,inf,inf,inf,617.6099092469291,inf
11,14,inf,inf,inf,371.775469873955,inf
11,15,inf,inf,inf,661.9252223627681,inf
11,16,inf,inf,inf,212.31344752511558,inf
11,17,inf,inf,inf,359.23529893372114,inf
11,18,inf,inf,inf,178.7316424139833,inf
11,19,inf,inf,inf,464.00969817451016,inf
11,20,inf,inf,inf,801.77802414384,inf
11,21,inf,inf,inf,323.2150986572255,inf
11,22,inf,inf,inf,109.5673308974897,inf
11,23,inf,inf,inf,416.58132459341,inf
11,24,inf,inf,inf,846.3108176078101,inf
11,25,inf,inf,inf,642.1121397388465,inf
11,26,inf,inf,inf,695.2330544500887,inf
11,27,inf,inf,inf,559.6043245008029,inf
11,28,inf,inf,inf,464.87525208382516,inf
11,29,inf,inf,inf,208.85641000457707,inf
11,30,inf,inf,inf,164.93938280471406,inf
11,31,inf,inf,inf,614.0399009836412,inf
11,32,inf,inf,inf,814.213731154173,inf
11,33,inf,inf,inf,602.9925372672534,inf
11,34,inf,inf,inf,581.6665711556751,inf
11,35,inf,inf,inf,349.7570585420686,inf
11,36,inf,inf,inf,206.51876428063383,inf
11,37,inf,inf,inf,97.98979538707079,inf
11,38,inf,inf,inf,290.2430016382824,inf
11,39,inf,inf,inf,375.41044204976504,inf
11,40,inf,inf,inf,377.5725095925285,inf
11,41,inf,inf,inf,629.0,inf
11,42,inf,inf,inf,644.3888577559361,inf
11,43,inf,inf,inf,737.5120338001273,inf
11,44,inf,inf,inf,476.42523023030594,inf
11,45,inf,inf,inf,651.8443065640752,inf
11,46,inf,inf,inf,782.8646115389301,inf
11,47,inf,inf,inf,298.41246622753545,inf
11,48,inf,inf,inf,522.3150390329575,inf
11,49,inf,inf,inf,831.2027430176106,inf
11,50,inf,inf,inf,750.9061192985446,inf
11,51,inf,inf,inf,502.7862368840261,inf
11,52,inf,inf,inf,260.4169733331528,inf
11,53,inf,inf,inf,479.4183976444792,inf
11,54,inf,inf,inf,433.4985582444306,inf
11,55,inf,inf,inf,744.3614713296222,inf
11,56,inf,inf,inf,566.6039180944657,inf
11,57,inf,inf,inf,808.359449749924,inf
11,58,inf,inf,inf,658.1489193184169,inf
11,59,inf,inf,inf,520.0240379059414,inf
11,60,inf,inf,inf,453.67940222143653,inf
11,61,inf,inf,inf,200.33971149025845,inf
11,62,inf,inf,inf,641.639306776011,inf
11,63,inf,inf,inf,409.66327636242914,inf
11,64,inf,inf,inf,677.1484327678829,inf
11,65,inf,inf,inf,414.3971524998694,inf
11,66,inf,inf,inf,451.8462127759842,inf
11,67,inf,inf,inf,161.05899540230592,inf
11,68,inf,inf,inf,624.0392615853589,inf
11,69,inf,inf,inf,790.1423922306662,inf
11,70,inf,inf,inf,512.8508555125944,inf
11,71,inf,inf,inf,767.5024429928546,inf
11,72,inf,inf,inf,546.4430436925701,inf
11,73,inf,inf,inf,321.50427679892533,inf
11,74,inf,inf,inf,433.3832022586939,inf
11,75,inf,inf,inf,467.18090714411693,inf
11,76,inf,inf,inf,720.3901720595583,inf
11,77,inf,inf,inf,48.79549159502341,inf
11,78,inf,inf,inf,409.10145440953886,inf
11,79,inf,inf,inf,751.5344303490027,inf
11,80,inf,inf,inf,217.52471123989568,inf
11,81,inf,inf,inf,433.3832022586939,inf
11,82,inf,inf,inf,296.3545174280291,inf
11,83,inf,inf,inf,807.421203585836,inf
11,84,inf,inf,inf,508.10727213847275,inf
11,85,inf,inf,inf,687.0262003737557,inf
11,86,inf,inf,inf,421.99763032510026,inf
11,87,inf,inf,inf,807.2180622359735,inf
11,88,inf,inf,inf,855.8527910803352,inf
11,89,inf,inf,inf,747.9090853840459,inf
11,90,inf,inf,inf,576.3002689570776,inf
11,91,inf,inf,inf,409.49969474958095,inf
11,92,inf,inf,inf,418.0574123251494,inf
11,93,inf,inf,inf,175.82377541163197,inf
11,94,inf,inf,inf,799.2627853215737,inf
11,95,inf,inf,inf,864.7710679711712,inf
11,96,inf,inf,inf,851.0987016791884,inf
11,97,inf,inf,inf,775.6603638191139,inf
11,98,inf,inf,inf,429.35533069941033,inf
11,99,inf,inf,inf,120.20399327809372,inf
11,100,inf,inf,inf,263.40273347101015,inf
11,101,inf,inf,inf,636.468380989975,inf
11,102,inf,inf,inf,855.1660657439583,inf
11,103,inf,inf,inf,239.00627606822377,inf
11,104,inf,inf,inf,769.2307846153844,inf
11,105,inf,inf,inf,614.0960836872354,inf
11,106,inf,inf,inf,801.7736588339629,inf
11,107,inf,inf,inf,383.31840550644057,inf
11,108,inf,inf,inf,495.04747247107525,inf
11,109,inf,inf,inf,859.8709205456363,inf
11,110,inf,inf,inf,695.945400157225,inf
11,111,inf,inf,inf,527.3272228891658,inf
11,112,inf,inf,inf,64.8459713474939,inf
11,113,inf,inf,inf,794.3764850497527,inf
11,114,inf,inf,inf,612.2948636073962,inf
11,115,inf,inf,inf,669.1487129181374,inf
11,116,inf,inf,inf,415.58152028212226,inf
11,117,inf,inf,inf,486.0504089083765,inf
11,118,inf,inf,inf,600.3007579538777,inf
11,119,inf,inf,inf,651.5681084890512,inf
11,120,inf,inf,inf,354.45168923282057,inf
11,121,inf,inf,inf,355.18586683594265,inf
11,122,inf,inf,inf,653.2357920383727,inf
11,123,inf,inf,inf,484.9340161300298,inf
11,124,inf,inf,inf,578.8488576476592,inf
11,125,inf,inf,inf,679.1170738539857,inf
11,126,inf,inf,inf,625.3990725928525,inf
11,127,inf,inf,inf,101.04454463255303,inf
11,128,inf,inf,inf,584.4390472923589,inf
11,129,inf,inf,inf,802.8997446755105,inf
11,130,inf,inf,inf,778.7387238348945,inf
11,131,inf,inf,inf,188.36666371733614,inf
11,132,inf,inf,inf,543.0082872295781,inf
11,133,inf,inf,inf,513.6973817336428,inf
11,134,inf,inf,inf,229.92390045404153,inf
11,135,inf,inf,inf,842.4470309758353,inf
11,136,inf,inf,inf,419.54856691448725,inf
11,137,inf,inf,inf,163.68872899500442,inf
11,138,inf,inf,inf,625.5141884881589,inf
12,13,inf,inf,inf,546.9780617172868,inf
12,14,inf,inf,inf,191.80198122021577,inf
12,15,inf,inf,inf,783.0657699069727,inf
12,16,inf,inf,inf,84.20213774008353,inf
12,17,inf,inf,inf,398.6640189432701,inf
12,18,inf,inf,inf,319.3305497443049,inf
12,19,inf,inf,inf,248.58398983039916,inf
12,20,inf,inf,inf,1021.8243488975979,inf
12,21,inf,inf,inf,135.72398461583714,inf
12,22,inf,inf,inf,130.91982279242512,inf
12,23,inf,inf,inf,194.57903278616635,inf
12,24,inf,inf,inf,1060.300429123746,inf
12,25,inf,inf,inf,689.8963690294362,inf
12,26,inf,inf,inf,741.8921754540885,inf
12,27,inf,inf,inf,338.61187220769443,inf
12,28,inf,inf,inf,670.8800190794178,inf
12,29,inf,inf,inf,382.12563379077307,inf
12,30,inf,inf,inf,357.1134273588715,inf
12,31,inf,inf,inf,488.23150246578723,inf
12,32,inf,inf,inf,1035.3574262060422,inf
12,33,inf,inf,inf,824.7260151104729,inf
12,34,inf,inf,inf,644.4571358903554,inf
12,35,inf,inf,inf,162.1141573089778,inf
12,36,inf,inf,inf,209.15305400591214,inf
12,37,inf,inf,inf,204.88289338058462,inf
12,38,inf,inf,inf,92.61749294814668,inf
12,39,inf,inf,inf,243.82370680473218,inf
12,40,inf,inf,inf,161.27616066858735,inf
12,41,inf,inf,inf,409.69500851242987,inf
12,42,inf,inf,inf,866.0819822626493,inf
12,43,inf,inf,inf,916.3978393689064,inf
12,44,inf,inf,inf,611.8823416311342,inf
12,45,inf,inf,inf,431.6480047446067,inf
12,46,inf,inf,inf,805.7096251131669,inf
12,47,inf,inf,inf,281.88827574058485,inf
12,48,inf,inf,inf,743.6907959629459,inf
12,49,inf,inf,inf,1051.247354336742,inf
12,50,inf,inf,inf,943.8861160118842,inf
12,51,inf,inf,inf,503.4332130481659,inf
12,52,inf,inf,inf,100.43903623591775,inf
12,53,inf,inf,inf,337.764711004569,inf
12,54,inf,inf,inf,368.4399544023422,inf
12,55,inf,inf,inf,961.1269427084021,inf
12,56,inf,inf,inf,469.3623333843482,inf
12,57,inf,inf,inf,810.3542435256325,inf
12,58,inf,inf,inf,467.89849326536626,inf
12,59,inf,inf,inf,549.6653527374633,inf
12,60,inf,inf,inf,433.8939962709786,inf
12,61,inf,inf,inf,366.2690268095297,inf
12,62,inf,inf,inf,439.2948895673611,inf
12,63,inf,inf,inf,618.9256821299307,inf
12,64,inf,inf,inf,763.1415333999323,inf
12,65,inf,inf,inf,513.4140629160834,inf
12,66,inf,inf,inf,664.1400454723386,inf
12,67,inf,inf,inf,198.84918908559823,inf
12,68,inf,inf,inf,667.8472879334017,inf
12,69,inf,inf,inf,1004.5197857683044,inf
12,70,inf,inf,inf,457.62976301809744,inf
12,71,inf,inf,inf,989.5296862651469,inf
12,72,inf,inf,inf,465.39553070479735,inf
12,73,inf,inf,inf,253.4442739538615,inf
12,74,inf,inf,inf,638.4888409361592,inf
12,75,inf,inf,inf,245.073458375239,inf
12,76,inf,inf,inf,882.0459171721163,inf
12,77,inf,inf,inf,260.2498799231231,inf
12,78,inf,inf,inf,189.64440408301004,inf
12,79,inf,inf,inf,921.0347441872103,inf
12,80,inf,inf,inf,32.984845004941285,inf
12,81,inf,inf,inf,258.14724480420085,inf
12,82,inf,inf,inf,161.4094173212951,inf
12,83,inf,inf,inf,924.6804853569691,inf
12,84,inf,inf,inf,340.84600628436294,inf
12,85,inf,inf,inf,730.4929842236679,inf
12,86,inf,inf,inf,484.14563924505194,inf
12,87,inf,inf,inf,1027.2185745984152,inf
12,88,inf,inf,inf,995.8960789158676,inf
12,89,inf,inf,inf,628.8091920447729,inf
12,90,inf,inf,inf,734.8503248961655,inf
12,91,inf,inf,inf,352.88666735936624,inf
12,92,inf,inf,inf,606.1229248263095,inf
12,93,inf,inf,inf,52.773099207835045,inf
12,94,inf,inf,inf,1019.3958995405072,inf
12,95,inf,inf,inf,1056.3711468986646,inf
12,96,inf,inf,inf,947.7816204168553,inf
12,97,inf,inf,inf,822.2165164967194,inf
12,98,inf,inf,inf,649.2495668077107,inf
12,99,inf,inf,inf,102.0,inf
12,100,inf,inf,inf,480.63499664506327,inf
12,101,inf,inf,inf,648.6023435048628,inf
12,102,inf,inf,inf,964.0746859035352,inf
12,103,inf,inf,inf,182.56231812726304,inf
12,104,inf,inf,inf,974.3125781801239,inf
12,105,inf,inf,inf,424.8588000736245,inf
12,106,inf,inf,inf,1023.0395886768019,inf
12,107,inf,inf,inf,198.07069445023916,inf
12,108,inf,inf,inf,589.3700026299268,inf
12,109,inf,inf,inf,1034.0817182408748,inf
12,110,inf,inf,inf,826.6589381359158,inf
12,111,inf,inf,inf,738.6778729595195,inf
12,112,inf,inf,inf,167.90473489452285,inf
12,113,inf,inf,inf,762.4099946878976,inf
12,114,inf,inf,inf,401.340254646852,inf
12,115,inf,inf,inf,761.9324117006705,inf
12,116,inf,inf,inf,527.0910737244561,inf
12,117,inf,inf,inf,287.3395204283602,inf
12,118,inf,inf,inf,805.8399344783057,inf
12,119,inf,inf,inf,708.9217164116219,inf
12,120,inf,inf,inf,452.47430866293394,inf
12,121,inf,inf,inf,574.0400682879201,inf
12,122,inf,inf,inf,571.4542851357403,inf
12,123,inf,inf,inf,699.4769474400139,inf
12,124,inf,inf,inf,578.1219594514638,inf
12,125,inf,inf,inf,669.8753615412347,inf
12,126,inf,inf,inf,824.8787789730077,inf
12,127,inf,inf,inf,309.03236076501764,inf
12,128,inf,inf,inf,399.0112780360976,inf
12,129,inf,inf,inf,790.0132910274358,inf
12,130,inf,inf,inf,718.9360194064559,inf
12,131,inf,inf,inf,228.32652057962954,inf
12,132,inf,inf,inf,321.024921150991,inf
12,133,inf,inf,inf,515.7867776513857,inf
12,134,inf,inf,inf,219.18029108475972,inf
12,135,inf,inf,inf,907.5031680385474,inf
12,136,inf,inf,inf,637.2974187928271,inf
12,137,inf,inf,inf,259.2006944435142,inf
12,138,inf,inf,inf,585.3417805009309,inf
13,14,inf,inf,inf,695.0460416404081,inf
13,15,inf,inf,inf,1278.989053901557,inf
13,16,inf,inf,inf,630.0991985394046,inf
13,17,inf,inf,inf,933.2802365849177,inf
13,18,inf,inf,inf,503.9454335540704,inf
13,19,inf,inf,inf,644.6402097294273,inf
13,20,inf,inf,inf,1275.5743804263238,inf
13,21,inf,inf,inf,649.647596778438,inf
13,22,inf,inf,inf,533.6337695461186,inf
13,23,inf,inf,inf,546.4521937004188,inf
13,24,inf,inf,inf,1360.5087283806745,inf
13,25,inf,inf,inf,1227.9780128324774,inf
13,26,inf,inf,inf,1280.9078811530514,inf
13,27,inf,inf,inf,641.3493587741395,inf
13,28,inf,inf,inf,786.2168911947898,inf
13,29,inf,inf,inf,825.5452743490208,inf
13,30,inf,inf,inf,777.8361009878623,inf
13,31,inf,inf,inf,159.84054554461454,inf
13,32,inf,inf,inf,1196.3954195833417,inf
13,33,inf,inf,inf,1070.4961466535037,inf
13,34,inf,inf,inf,1176.2185171132105,inf
13,35,inf,inf,inf,666.0330322138685,inf
13,36,inf,inf,inf,411.5337167231866,inf
13,37,inf,inf,inf,682.8206206610928,inf
13,38,inf,inf,inf,471.0,inf
13,39,inf,inf,inf,309.1035425225664,inf
13,40,inf,inf,inf,602.6947817925753,inf
13,41,inf,inf,inf,566.007950474196,inf
13,42,inf,inf,inf,1107.7404930758828,inf
13,43,inf,inf,inf,853.0474781628511,inf
13,44,inf,inf,inf,530.7212074149666,inf
13,45,inf,inf,inf,705.4367441521599,inf
13,46,inf,inf,inf,1350.8697198471805,inf
13,47,inf,inf,inf,825.6149223457628,inf
13,48,inf,inf,inf,1008.5301185388565,inf
13,49,inf,inf,inf,1302.6250419825346,inf
13,50,inf,inf,inf,930.0075268512616,inf
13,51,inf,inf,inf,1049.3617107556383,inf
13,52,inf,inf,inf,642.9533420085784,inf
13,53,inf,inf,inf,848.1556460933335,inf
13,54,inf,inf,inf,912.8335006998811,inf
13,55,inf,inf,inf,1250.0399993600204,inf
13,56,inf,inf,inf,997.6742955494043,inf
13,57,inf,inf,inf,1357.3138914783124,inf
13,58,inf,inf,inf,878.5317296489637,inf
13,59,inf,inf,inf,1091.032996751244,inf
13,60,inf,inf,inf,980.7655173383697,inf
13,61,inf,inf,inf,541.6511792657707,inf
13,62,inf,inf,inf,819.7932666227505,inf
13,63,inf,inf,inf,976.201823395142,inf
13,64,inf,inf,inf,1284.686732242534,inf
13,65,inf,inf,inf,1023.1778926462397,inf
13,66,inf,inf,inf,1005.0079601674805,inf
13,67,inf,inf,inf,456.607052069939,inf
13,68,inf,inf,inf,323.12381527829234,inf
13,69,inf,inf,inf,1095.7394763355019,inf
13,70,inf,inf,inf,1001.5438083279233,inf
13,71,inf,inf,inf,1204.5023868801588,inf
13,72,inf,inf,inf,1001.4799049406832,inf
13,73,inf,inf,inf,800.2455873042975,inf
13,74,inf,inf,inf,760.6608968522045,inf
13,75,inf,inf,inf,569.9017459176625,inf
13,76,inf,inf,inf,768.3150395508343,inf
13,77,inf,inf,inf,663.9435216944285,inf
13,78,inf,inf,inf,595.1487209093203,inf
13,79,inf,inf,inf,1356.1452724542455,inf
13,80,inf,inf,inf,516.1094845088588,inf
13,81,inf,inf,inf,748.2786913977973,inf
13,82,inf,inf,inf,702.4101366011171,inf
13,83,inf,inf,inf,1424.459546635144,inf
13,84,inf,inf,inf,303.7647115778921,inf
13,85,inf,inf,inf,1270.381438781282,inf
13,86,inf,inf,inf,334.3112322372672,inf
13,87,inf,inf,inf,1170.3849793978047,inf
13,88,inf,inf,inf,1472.1691478902824,inf
13,89,inf,inf,inf,1130.416737314164,inf
13,90,inf,inf,inf,659.2419889539804,inf
13,91,inf,inf,inf,208.7773934122179,inf
13,92,inf,inf,inf,1017.6335293218281,inf
13,93,inf,inf,inf,577.4426378437948,inf
13,94,inf,inf,inf,1272.2582285055184,inf
13,95,inf,inf,inf,1441.352489851112,inf
13,96,inf,inf,inf,1463.8732868660456,inf
13,97,inf,inf,inf,1361.982745852531,inf
13,98,inf,inf,inf,857.7388880073003,inf
13,99,inf,inf,inf,566.7600903380547,inf
13,100,inf,inf,inf,721.3743826890445,inf
13,101,inf,inf,inf,237.94537188186703,inf
13,102,inf,inf,inf,1471.0625411586009,inf
13,103,inf,inf,inf,727.2152363640355,inf
13,104,inf,inf,inf,1012.1116539196652,inf
13,105,inf,inf,inf,377.59766948433355,inf
13,106,inf,inf,inf,1257.9749600051664,inf
13,107,inf,inf,inf,692.5207578116341,inf
13,108,inf,inf,inf,1103.591409897703,inf
13,109,inf,inf,inf,1458.5540785312007,inf
13,110,inf,inf,inf,636.7369943705172,inf
13,111,inf,inf,inf,1076.2248835629105,inf
13,112,inf,inf,inf,620.6778552518206,inf
13,113,inf,inf,inf,1306.3919779300545,inf
13,114,inf,inf,inf,757.0290615293444,inf
13,115,inf,inf,inf,494.3622153846307,inf
13,116,inf,inf,inf,446.28466251933867,inf
13,117,inf,inf,inf,725.4605433791696,inf
13,118,inf,inf,inf,1160.4572374715062,inf
13,119,inf,inf,inf,376.19276973381614,inf
13,120,inf,inf,inf,961.2627112293496,inf
13,121,inf,inf,inf,793.4790482426112,inf
13,122,inf,inf,inf,1102.5538535599974,inf
13,123,inf,inf,inf,1026.0998976707872,inf
13,124,inf,inf,inf,185.0837648201484,inf
13,125,inf,inf,inf,1216.8327740490886,inf
13,126,inf,inf,inf,1197.5683696557787,inf
13,127,inf,inf,inf,710.7460868692841,inf
13,128,inf,inf,inf,358.04608641905304,inf
13,129,inf,inf,inf,1336.5245976038002,inf
13,130,inf,inf,inf,1255.2497759410276,inf
13,131,inf,inf,inf,749.1888947388369,inf
13,132,inf,inf,inf,608.276253029822,inf
13,133,inf,inf,inf,1061.6727367696694,inf
13,134,inf,inf,inf,757.2086898603317,inf
13,135,inf,inf,inf,1441.0513523119153,inf
13,136,inf,inf,inf,829.5571107524786,inf
13,137,inf,inf,inf,469.29734710522285,inf
13,138,inf,inf,inf,87.23531395025755,inf
14,15,inf,inf,inf,766.041774317824,inf
14,16,inf,inf,inf,159.7310239120754,inf
14,17,inf,inf,inf,359.60672963669634,inf
14,18,inf,inf,inf,504.1428369024001,inf
14,19,inf,inf,inf,136.2130683891968,inf
14,20,inf,inf,inf,1132.0216429026434,inf
14,21,inf,inf,inf,56.08029957123981,inf
14,22,inf,inf,inf,310.8311438707518,inf
14,23,inf,inf,inf,178.1937148162078,inf
14,24,inf,inf,inf,1151.3005689219476,inf
14,25,inf,inf,inf,614.6031239751389,inf
14,26,inf,inf,inf,661.7854637267277,inf
14,27,inf,inf,inf,243.82370680473218,inf
14,28,inf,inf,inf,836.452030901952,inf
14,29,inf,inf,inf,459.26027478979717,inf
14,30,inf,inf,inf,455.3965305094012,inf
14,31,inf,inf,inf,602.5163898185675,inf
14,32,inf,inf,inf,1173.3443654784387,inf
14,33,inf,inf,inf,947.4687329933373,inf
14,34,inf,inf,inf,585.8882145938762,inf
14,35,1.0,33.9706,33.97056274847714,30.870698080866262,1.1004144661546278
14,36,inf,inf,inf,400.6007988010009,inf
14,37,inf,inf,inf,307.4296667532267,inf
14,38,inf,inf,inf,230.36058690670154,inf
14,39,inf,inf,inf,387.2182846922392,inf
14,40,inf,inf,inf,101.83319694480774,inf
14,41,inf,inf,inf,367.16481312892716,inf
14,42,inf,inf,inf,987.8512033702242,inf
14,43,inf,inf,inf,1098.3064235449049,inf
14,44,inf,inf,inf,802.0099750003113,inf
14,45,inf,inf,inf,319.53090617340916,inf
14,46,inf,inf,inf,702.6378868236469,inf
14,47,inf,inf,inf,236.83960817397076,inf
14,48,inf,inf,inf,865.1705034269256,inf
14,49,inf,inf,inf,1161.062013847667,inf
14,50,inf,inf,inf,1119.2376869995041,inf
14,51,inf,inf,inf,409.48382141422877,inf
14,52,inf,inf,inf,111.80339887498948,inf
14,53,inf,inf,inf,154.49595463959565,inf
14,54,inf,inf,inf,243.34337878808208,inf
14,55,inf,inf,inf,1061.0546640018129,inf
14,56,inf,inf,inf,303.10559216220344,inf
14,57,inf,inf,inf,691.2843119874774,inf
14,58,inf,inf,inf,286.6862396418775,inf
14,59,inf,inf,inf,473.6243236997019,inf
14,60,inf,inf,inf,334.5504446268156,inf
14,61,inf,inf,inf,547.0109688114125,inf
14,62,inf,inf,inf,272.2498852157701,inf
14,63,inf,inf,inf,713.0673180002011,inf
14,64,inf,inf,inf,715.1789985730845,inf
14,65,inf,inf,inf,502.54751019182254,inf
14,66,inf,inf,inf,761.7151698633814,inf
14,67,inf,inf,inf,389.76018267647606,inf
14,68,inf,inf,inf,853.2854153212745,inf
14,69,inf,inf,inf,1160.0586192085295,inf
14,70,inf,inf,inf,324.1681662347492,inf
14,71,inf,inf,inf,1113.8891327237195,inf
14,72,inf,inf,inf,310.8649224341659,inf
14,73,inf,inf,inf,172.60938560808333,inf
14,74,inf,inf,inf,804.7707748172768,inf
14,75,inf,inf,inf,197.0913493789111,inf
14,76,inf,inf,inf,1069.0130962715098,inf
14,77,inf,inf,inf,393.8146772277539,inf
14,78,inf,inf,inf,128.1288414058287,inf
14,79,inf,inf,inf,947.753659977106,inf
14,80,inf,inf,inf,222.03603311174518,inf
14,81,inf,inf,inf,66.48308055437865,inf
14,82,inf,inf,inf,89.56003573022959,inf
14,83,inf,inf,inf,896.4875905443421,inf
14,84,inf,inf,inf,431.1148338899973,inf
14,85,inf,inf,inf,648.5491500264263,inf
14,86,inf,inf,inf,674.5168641331364,inf
14,87,inf,inf,inf,1170.0880308763099,inf
14,88,inf,inf,inf,987.4234147517467,inf
14,89,inf,inf,inf,444.52783939816413,inf
14,90,inf,inf,inf,921.9267866810249,inf
14,91,inf,inf,inf,521.1612034677946,inf
14,92,inf,inf,inf,671.7060368941163,inf
14,93,inf,inf,inf,209.6115454835444,inf
14,94,inf,inf,inf,1130.0070796238401,inf
14,95,inf,inf,inf,1107.5251690142306,inf
14,96,inf,inf,inf,899.4676203177077,inf
14,97,inf,inf,inf,737.1105751513812,inf
14,98,inf,inf,inf,795.0880454389942,inf
14,99,inf,inf,inf,268.47718711279737,inf
14,100,inf,inf,inf,633.7586291325745,inf
14,101,inf,inf,inf,826.7823171790747,inf
14,102,inf,inf,inf,926.3109629060858,inf
14,103,inf,inf,inf,176.08236708995025,inf
14,104,inf,inf,inf,1140.9228720645406,inf
14,105,inf,inf,inf,469.23022068063773,inf
14,106,inf,inf,inf,1139.6008073005214,inf
14,107,inf,inf,inf,14.560219778561036,inf
14,108,inf,inf,inf,564.2277908788258,inf
14,109,inf,inf,inf,1062.6819844149047,inf
14,110,inf,inf,inf,1017.9002898123175,inf
14,111,inf,inf,inf,831.6231117519523,inf
14,112,inf,inf,inf,307.14817271147814,inf
14,113,inf,inf,inf,621.6148325128672,inf
14,114,inf,inf,inf,253.04940229133123,inf
14,115,inf,inf,inf,953.117516364063,inf
14,116,inf,inf,inf,718.618814114966,inf
14,117,inf,inf,inf,118.4229707446997,inf
14,118,inf,inf,inf,885.9717828463839,inf
14,119,inf,inf,inf,896.3314119230677,inf
14,120,inf,inf,inf,451.3103145287065,inf
14,121,inf,inf,inf,723.2551417031199,inf
14,122,inf,inf,inf,408.1225306204008,inf
14,123,inf,inf,inf,800.3599190364295,inf
14,124,inf,inf,inf,754.2844291114593,inf
14,125,inf,inf,inf,550.6514323962119,inf
14,126,inf,inf,inf,894.62673780745,inf
14,127,inf,inf,inf,430.1313752796929,inf
14,128,inf,inf,inf,453.6540532167656,inf
14,129,inf,inf,inf,661.1542936410532,inf
14,130,inf,inf,inf,562.072059437222,inf
14,131,inf,inf,inf,266.6927070618917,inf
14,132,inf,inf,inf,245.63590942694026,inf
14,133,inf,inf,inf,421.24577149213025,inf
14,134,inf,inf,inf,221.71152428324515,inf
14,135,inf,inf,inf,833.4374601612288,inf
14,136,inf,inf,inf,788.2994354938991,inf
14,137,inf,inf,inf,447.947541571555,inf
14,138,inf,inf,inf,746.627751962114,inf
15,16,inf,inf,inf,706.0155805646218,inf
15,17,inf,inf,inf,406.52798181675024,inf
15,18,inf,inf,inf,806.3671620298039,inf
15,19,inf,inf,inf,901.8037480516479,inf
15,20,inf,inf,inf,696.6039046689302,inf
15,21,inf,inf,inf,765.6794368402484,inf
15,22,inf,inf,inf,749.252961288776,inf
15,23,inf,inf,inf,926.3050253561189,inf
15,24,inf,inf,inf,627.5420304648925,inf
15,25,inf,inf,inf,254.41894583540747,inf
15,26,inf,inf,inf,261.2661478263114,inf
15,27,inf,inf,inf,1007.4174904179498,inf
15,28,inf,inf,inf,817.415439051649,inf
15,29,inf,inf,inf,457.3007762949895,inf
15,30,inf,inf,inf,508.56071417285074,inf
15,31,inf,inf,inf,1259.8230034413564,inf
15,32,inf,inf,inf,863.2456197398282,inf
15,33,inf,inf,inf,641.9540481997134,inf
15,34,inf,inf,inf,221.65062598603234,inf
15,35,inf,inf,inf,773.3440372822434,inf
15,36,inf,inf,inf,867.458932745522,inf
15,37,inf,inf,inf,601.1231155096267,inf
15,38,inf,inf,inf,875.6814489299177,inf
15,39,inf,inf,inf,1012.1274623287326,inf
15,40,inf,inf,inf,851.639595133998,inf
15,41,inf,inf,inf,1132.7285641317605,inf
15,42,inf,inf,inf,659.4012435535741,inf
15,43,inf,inf,inf,1117.703449041829,inf
15,44,inf,inf,inf,1022.4402183012951,inf
15,45,inf,inf,inf,1070.8688061569446,inf
15,46,inf,inf,inf,362.49137920783716,inf
15,47,inf,inf,inf,531.376514347407,inf
15,48,inf,inf,inf,596.7545559105519,inf
15,49,inf,inf,inf,715.4893430373369,inf
15,50,inf,inf,inf,1070.4601814173193,inf
15,51,inf,inf,inf,407.0884424790269,inf
15,52,inf,inf,inf,724.0994406847723,inf
15,53,inf,inf,inf,718.2485642171517,inf
15,54,inf,inf,inf,560.8315255047634,inf
15,55,inf,inf,inf,602.8275043492956,inf
15,56,inf,inf,inf,637.200910231616,inf
15,57,inf,inf,inf,436.95537529592195,inf
15,58,inf,inf,inf,930.7185396240907,inf
15,59,inf,inf,inf,332.41540277189324,inf
15,60,inf,inf,inf,465.8755198548213,inf
15,61,inf,inf,inf,792.9016332433677,inf
15,62,inf,inf,inf,964.5413417785678,inf
15,63,inf,inf,inf,439.48265039703216,inf
15,64,1.0,142.5391,142.5391052434009,128.86038956948718,1.106151438154217
15,65,inf,inf,inf,270.4847500322338,inf
15,66,inf,inf,inf,459.2363226052573,inf
15,67,inf,inf,inf,822.5575967675455,inf
15,68,inf,inf,inf,1250.9532365360426,inf
15,69,inf,inf,inf,955.9602502196417,inf
15,70,inf,inf,inf,533.6187777805425,inf
15,71,inf,inf,inf,751.3221679146703,inf
15,72,inf,inf,inf,595.0840276801251,inf
15,73,inf,inf,inf,593.4323887352291,inf
15,74,inf,inf,inf,805.9106650243561,inf
15,75,inf,inf,inf,958.5202136627063,inf
15,76,inf,inf,inf,1158.0677873078068,inf
15,77,inf,inf,inf,617.0656367032602,inf
15,78,inf,inf,inf,885.7273846957652,inf
15,79,inf,inf,inf,252.07340200822458,inf
15,80,inf,inf,inf,803.6168241145776,inf
15,81,inf,inf,inf,776.1700844531435,inf
15,82,inf,inf,inf,690.8668467946627,inf
15,83,inf,inf,inf,145.49914089093448,inf
15,84,inf,inf,inf,1123.6974681826066,inf
15,85,inf,inf,inf,270.1184925176357,inf
15,86,inf,inf,inf,1054.518373476726,inf
15,87,inf,inf,inf,887.8164224658159,inf
15,88,inf,inf,inf,221.89411889457548,inf
15,89,inf,inf,inf,763.5738340199983,inf
15,90,inf,inf,inf,1053.448147750994,inf
15,91,inf,inf,inf,1070.3630225302068,inf
15,92,inf,inf,inf,334.75513438930255,inf
15,93,inf,inf,inf,735.4053304130995,inf
15,94,inf,inf,inf,697.0853606266595,inf
15,95,inf,inf,inf,449.7199128346442,inf
15,96,inf,inf,inf,205.19746587129188,inf
15,97,inf,inf,inf,286.4402206394905,inf
15,98,inf,inf,inf,687.1280812192149,inf
15,99,inf,inf,inf,724.1905826507274,inf
15,100,inf,inf,inf,673.0601756158211,inf
15,101,inf,inf,inf,1281.5931491702038,inf
15,102,inf,inf,inf,195.48913013259843,inf
15,103,inf,inf,inf,617.3143445603706,inf
15,104,inf,inf,inf,1017.0983236639415,inf
15,105,inf,inf,inf,1202.7389575464827,inf
15,106,inf,inf,inf,731.4164340510814,inf
15,107,inf,inf,inf,779.6050282033846,inf
15,108,inf,inf,inf,201.8142710513803,inf
15,109,inf,inf,inf,349.02292188336287,inf
15,110,inf,inf,inf,1208.50693005874,inf
15,111,inf,inf,inf,456.99124718094987,inf
15,112,inf,inf,inf,661.6403857081277,inf
15,113,inf,inf,inf,532.0009398487939,inf
15,114,inf,inf,inf,981.4081719651615,inf
15,115,inf,inf,inf,1244.260824746966,inf
15,116,inf,inf,inf,1006.9145941935691,inf
15,117,inf,inf,inf,857.3284084876693,inf
15,118,inf,inf,inf,422.15873791738574,inf
15,119,inf,inf,inf,1265.72113832392,inf
15,120,inf,inf,inf,330.62516540638586,inf
15,121,inf,inf,inf,678.3465191183633,inf
15,122,inf,inf,inf,620.7157159279923,inf
15,123,inf,inf,inf,481.9004046480974,inf
15,124,inf,inf,inf,1231.488936206899,inf
15,125,inf,inf,inf,427.29966065982313,inf
15,126,inf,inf,inf,382.5976999408125,inf
15,127,inf,inf,inf,574.5963800790952,inf
15,128,inf,inf,inf,1179.193792385289,inf
15,129,inf,inf,inf,479.10437276234495,inf
15,130,inf,inf,inf,606.6440471973659,inf
15,131,inf,inf,inf,554.7476903962738,inf
15,132,inf,inf,inf,1011.6071371832052,inf
15,133,inf,inf,inf,400.8241509689754,inf
15,134,inf,inf,inf,571.59426169268,inf
15,135,inf,inf,inf,269.3584971743049,inf
15,136,inf,inf,inf,711.148367079613,inf
15,137,inf,inf,inf,818.9877898967725,inf
15,138,inf,inf,inf,1286.3735849278,inf
16,17,inf,inf,inf,315.74831749353785,inf
16,18,inf,inf,inf,350.7506236630236,inf
16,19,inf,inf,inf,260.06922155457,inf
16,20,inf,inf,inf,989.7701753437512,inf
16,21,inf,inf,inf,111.61093136427094,inf
16,22,inf,inf,inf,159.15401345866212,inf
16,23,inf,inf,inf,237.28674636397204,inf
16,24,inf,inf,inf,1018.8370821677036,inf
16,25,inf,inf,inf,605.9249128398667,inf
16,26,inf,inf,inf,657.8221644183176,inf
16,27,inf,inf,inf,363.18590281011734,inf
16,28,inf,inf,inf,676.7584502612435,inf
16,29,inf,inf,inf,328.89207956410263,inf
16,30,inf,inf,inf,313.69411852950003,inf
16,31,inf,inf,inf,571.9475500428339,inf
16,32,inf,inf,inf,1019.8416543758153,inf
16,33,inf,inf,inf,799.1226439039255,inf
16,34,inf,inf,inf,561.3243269269558,inf
16,35,inf,inf,inf,137.64083696345355,inf
16,36,inf,inf,inf,270.60118255469615,inf
16,37,inf,inf,inf,158.71042813879623,inf
16,38,inf,inf,inf,173.5396208362805,inf
16,39,inf,inf,inf,328.0243893371345,inf
16,40,inf,inf,inf,178.53851125177448,inf
16,41,inf,inf,inf,456.46467552265204,inf
16,42,inf,inf,inf,840.0380943742969,inf
16,43,inf,inf,inf,940.8108205160057,inf
16,44,inf,inf,inf,653.153886920992,inf
16,45,inf,inf,inf,451.69237319219815,inf
16,46,inf,inf,inf,721.7160106302201,inf
16,47,inf,inf,inf,197.69926656414282,inf
16,48,inf,inf,inf,717.0341693392303,inf
16,49,inf,inf,inf,1019.0667299053581,inf
16,50,inf,inf,inf,959.9317684085677,inf
16,51,inf,inf,inf,419.57716811094474,inf
16,52,inf,inf,inf,48.104053883222775,inf
16,53,inf,inf,inf,283.2189965380147,inf
16,54,inf,inf,inf,289.9137802864845,inf
16,55,inf,inf,inf,923.6260065632626,inf
16,56,inf,inf,inf,400.3860636935307,inf
16,57,inf,inf,inf,727.3761062888992,inf
16,58,inf,inf,inf,446.4000448028651,inf
16,59,inf,inf,inf,465.50832430795475,inf
16,60,inf,inf,inf,350.7506236630236,inf
16,61,inf,inf,inf,390.59057848340376,inf
16,62,inf,inf,inf,429.5881748838066,inf
16,63,inf,inf,inf,576.8231964822496,inf
16,64,inf,inf,inf,681.384619726627,inf
16,65,inf,inf,inf,435.600734618297,inf
16,66,inf,inf,inf,624.0640992718617,inf
16,67,inf,inf,inf,248.5658866377283,inf
16,68,inf,inf,inf,735.5501342532676,inf
16,69,inf,inf,inf,1001.8033739212501,inf
16,70,inf,inf,inf,378.92611417003184,inf
16,71,inf,inf,inf,965.3501955249193,inf
16,72,inf,inf,inf,392.0420895771269,inf
16,73,inf,inf,inf,172.18594600024707,inf
16,74,inf,inf,inf,645.0503856289057,inf
16,75,inf,inf,inf,281.7676347631147,inf
16,76,inf,inf,inf,914.8513540461095,inf
16,77,inf,inf,inf,237.39418695494632,inf
16,78,inf,inf,inf,213.58136622842358,inf
16,79,inf,inf,inf,855.08186742557,inf
16,80,inf,inf,inf,113.99122773266372,inf
16,81,inf,inf,inf,222.9484245290825,inf
16,82,inf,inf,inf,95.2102935611481,inf
16,83,inf,inf,inf,846.1914676951073,inf
16,84,inf,inf,inf,420.9251714972627,inf
16,85,inf,inf,inf,646.3698631588574,inf
16,86,inf,inf,inf,544.9853209032332,inf
16,87,inf,inf,inf,1015.0251228417945,inf
16,88,inf,inf,inf,921.3669193106512,inf
16,89,inf,inf,inf,568.9086042590673,inf
16,90,inf,inf,inf,768.1959385469308,inf
16,91,inf,inf,inf,433.0046189130088,inf
16,92,inf,inf,inf,551.3374647164837,inf
16,93,inf,inf,inf,61.84658438426491,inf
16,94,inf,inf,inf,987.5555680568056,inf
16,95,inf,inf,inf,998.7802561124244,inf
16,96,inf,inf,inf,866.4640788861359,inf
16,97,inf,inf,inf,738.079941469757,inf
16,98,inf,inf,inf,638.4363711443765,inf
16,99,inf,inf,inf,113.14592347937243,inf
16,100,inf,inf,inf,475.09577981708065,inf
16,101,inf,inf,inf,722.2970303137068,inf
16,102,inf,inf,inf,884.2002035738286,inf
16,103,inf,inf,inf,98.37174391053561,inf
16,104,inf,inf,inf,981.2568471098685,inf
16,105,inf,inf,inf,497.15691687836346,inf
16,106,inf,inf,inf,994.4526132501237,inf
16,107,inf,inf,inf,171.0263137648707,inf
16,108,inf,inf,inf,509.8127107085503,inf
16,109,inf,inf,inf,969.1155761827379,inf
16,110,inf,inf,inf,871.5555059776743,inf
16,111,inf,inf,inf,696.8105911939055,inf
16,112,inf,inf,inf,148.00675660252813,inf
16,113,inf,inf,inf,682.6895341222099,inf
16,114,inf,inf,inf,402.8001986096829,inf
16,115,inf,inf,inf,818.3819401721912,inf
16,116,inf,inf,inf,575.0869499475709,inf
16,117,inf,inf,inf,274.04014304477363,inf
16,118,inf,inf,inf,758.5090638878352,inf
16,119,inf,inf,inf,773.9870799955255,inf
16,120,inf,inf,inf,375.76721517450136,inf
16,121,inf,inf,inf,565.6005657705798,inf
16,122,inf,inf,inf,499.6498774141749,inf
16,123,inf,inf,inf,661.2911612897907,inf
16,124,inf,inf,inf,653.3306972735936,inf
16,125,inf,inf,inf,587.296347681475,inf
16,126,inf,inf,inf,773.3078300392413,inf
16,127,inf,inf,inf,278.21754078418564,inf
16,128,inf,inf,inf,473.19340654747083,inf
16,129,inf,inf,inf,708.2040666361638,inf
16,130,inf,inf,inf,643.5347698454218,inf
16,131,inf,inf,inf,154.30165261590687,inf
16,132,inf,inf,inf,352.51241112902676,inf
16,133,inf,inf,inf,431.9189738828337,inf
16,134,inf,inf,inf,136.8575902169843,inf
16,135,inf,inf,inf,823.8470731877367,inf
16,136,inf,inf,inf,630.4363568196238,inf
16,137,inf,inf,inf,300.04166377354994,inf
16,138,inf,inf,inf,666.0067567224825,inf
17,18,inf,inf,inf,536.7727638395972,inf
17,19,inf,inf,inf,495.5653337351191,inf
17,20,inf,inf,inf,868.0426256814811,inf
17,21,inf,inf,inf,360.63555010564335,inf
17,22,inf,inf,inf,406.2819218227658,inf
17,23,inf,inf,inf,521.9674319342156,inf
17,24,inf,inf,inf,857.3750637848059,inf
17,25,inf,inf,inf,294.7168132292421,inf
17,26,inf,inf,inf,347.74847231871485,inf
17,27,inf,inf,inf,601.8778945932472,inf
17,28,inf,inf,inf,728.0309059373784,inf
17,29,inf,inf,inf,246.9028148887736,inf
17,30,inf,inf,inf,286.08565151017274,inf
17,31,inf,inf,inf,886.7271282643833,inf
17,32,inf,inf,inf,961.2044527570604,inf
17,33,inf,inf,inf,718.366201877566,inf
17,34,inf,inf,inf,245.81700510745793,inf
17,35,inf,inf,inf,367.06947571270484,inf
17,36,inf,inf,inf,536.1529632483625,inf
17,37,inf,inf,inf,266.36816626616627,inf
17,38,inf,inf,inf,489.2862148068347,inf
17,39,inf,inf,inf,640.4943403340891,inf
17,40,inf,inf,inf,446.22976144582736,inf
17,41,inf,inf,inf,726.2100247173678,inf
17,42,inf,inf,inf,753.615949937367,inf
17,43,inf,inf,inf,1033.418598632713,inf
17,44,inf,inf,inf,822.448174659048,inf
17,45,inf,inf,inf,669.0747342412506,inf
17,46,inf,inf,inf,426.0011737073033,inf
17,47,inf,inf,inf,125.93649193144932,inf
17,48,inf,inf,inf,641.3056993353482,inf
17,49,inf,inf,inf,895.0910568204779,inf
17,50,inf,inf,inf,1021.8855121783457,inf
17,51,inf,inf,inf,149.41218156495808,inf
17,52,inf,inf,inf,324.6798423062325,inf
17,53,inf,inf,inf,332.2228167961978,inf
17,54,inf,inf,inf,185.09727172489605,inf
17,55,inf,inf,inf,784.094382073995,inf
17,56,inf,inf,inf,310.0483833210552,inf
17,57,inf,inf,inf,449.13806340589747,inf
17,58,inf,inf,inf,554.193107138658,inf
17,59,inf,inf,inf,162.00308639035245,inf
17,60,inf,inf,inf,128.47178678604885,inf
17,61,inf,inf,inf,549.1320424087453,inf
17,62,inf,inf,inf,576.507588848577,inf
17,63,inf,inf,inf,457.77068495044546,inf
17,64,inf,inf,inf,366.6606060105176,inf
17,65,inf,inf,inf,147.12239802287073,inf
17,66,inf,inf,inf,505.5145893047994,inf
17,67,inf,inf,inf,497.44346412431634,inf
17,68,inf,inf,inf,982.2245160858082,inf
17,69,inf,inf,inf,992.766337060237,inf
17,70,inf,inf,inf,213.32135383031863,inf
17,71,inf,inf,inf,876.5215342477331,inf
17,72,inf,inf,inf,272.12129648375554,inf
17,73,inf,inf,inf,187.04277585621958,inf
17,74,inf,inf,inf,702.8235909529503,inf
17,75,inf,inf,inf,552.4201299735555,inf
17,76,inf,inf,inf,1037.974951528215,inf
17,77,inf,inf,inf,333.3781636520305,inf
17,78,inf,inf,inf,479.82705217609396,inf
17,79,inf,inf,inf,598.3594237579952,inf
17,80,inf,inf,inf,424.8729221779143,inf
17,81,inf,inf,inf,373.8729730804301,inf
17,82,inf,inf,inf,285.68514137070554,inf
17,83,inf,inf,inf,539.5451788312077,inf
17,84,inf,inf,inf,736.0251354403598,inf
17,85,inf,inf,inf,337.5574025258519,inf
17,86,inf,inf,inf,780.5331511217189,inf
17,87,inf,inf,inf,969.4127088087921,inf
17,88,inf,inf,inf,627.8168522746104,inf
17,89,inf,inf,inf,487.2966242444123,inf
17,90,inf,inf,inf,902.8244569128597,inf
17,91,inf,inf,inf,727.9835162969008,inf
17,92,inf,inf,inf,377.36189526765946,inf
17,93,inf,inf,inf,358.6697645467206,inf
17,94,inf,inf,inf,866.8223578104108,inf
17,95,inf,inf,inf,771.7182128212344,inf
17,96,inf,inf,inf,552.2218756985276,inf
17,97,inf,inf,inf,428.9160757071248,inf
17,98,inf,inf,inf,635.1818637209346,inf
17,99,inf,inf,inf,367.78934187928826,inf
17,100,inf,inf,inf,522.820236792724,inf
17,101,inf,inf,inf,989.0005055610437,inf
17,102,inf,inf,inf,573.2268311933767,inf
17,103,inf,inf,inf,219.5313189501671,inf
17,104,inf,inf,inf,1009.1114903716041,inf
17,105,inf,inf,inf,804.4526089211222,inf
17,106,inf,inf,inf,886.2849428936497,inf
17,107,inf,inf,inf,373.27335827781764,inf
17,108,inf,inf,inf,204.74862636901864,inf
17,109,inf,inf,inf,712.5503490982234,inf
17,110,inf,inf,inf,1037.8487365700264,inf
17,111,inf,inf,inf,559.9142791535147,inf
17,112,inf,inf,inf,326.01380338875225,inf
17,113,inf,inf,inf,443.6935879635855,inf
17,114,inf,inf,inf,584.5724933658785,inf
17,115,inf,inf,inf,1025.304832720494,inf
17,116,inf,inf,inf,771.5296494626762,inf
17,117,inf,inf,inf,455.2636598719472,inf
17,118,inf,inf,inf,590.7799928907546,inf
17,119,inf,inf,inf,1010.7427961652756,inf
17,120,inf,inf,inf,111.11255554616679,inf
17,121,inf,inf,inf,583.4869321587246,inf
17,122,inf,inf,inf,356.42250209547655,inf
17,123,inf,inf,inf,545.1797868593442,inf
17,124,inf,inf,inf,926.8635282499793,inf
17,125,inf,inf,inf,322.56782232578627,inf
17,126,inf,inf,inf,585.4519621625672,inf
17,127,inf,inf,inf,321.27869521647403,inf
17,128,inf,inf,inf,782.9361404354764,inf
17,129,inf,inf,inf,445.4862511907635,inf
17,130,inf,inf,inf,446.6587063967297,inf
17,131,inf,inf,inf,185.55861607589122,inf
17,132,inf,inf,inf,605.2338391068365,inf
17,133,inf,inf,inf,158.8238017426859,inf
17,134,inf,inf,inf,179.51323071016242,inf
17,135,inf,inf,inf,509.62437147373555,inf
17,136,inf,inf,inf,642.9315671204829,inf
17,137,inf,inf,inf,519.5421060895835,inf
17,138,inf,inf,inf,958.34127532941,inf
18,19,inf,inf,inf,564.1294177757441,inf
18,20,inf,inf,inf,802.1577151657896,inf
18,21,inf,inf,inf,449.40071205996105,inf
18,22,inf,inf,inf,193.34942461771124,inf
18,23,inf,inf,inf,491.1466176204413,inf
18,24,inf,inf,inf,872.0716713665225,inf
18,25,inf,inf,inf,813.9834150644595,inf
18,26,inf,inf,inf,866.6671794870277,inf
18,27,inf,inf,inf,641.9735197031105,inf
18,28,inf,inf,inf,370.7775613491194,inf
18,29,inf,inf,inf,351.51102400920513,inf
18,30,inf,inf,inf,298.8812473207377,inf
18,31,inf,inf,inf,543.037751910491,inf
18,32,inf,inf,inf,768.0631484454908,inf
18,33,inf,inf,inf,594.6974020457799,inf
18,34,inf,inf,inf,751.0426086448092,inf
18,35,inf,inf,inf,476.8070888734772,inf
18,36,inf,inf,inf,155.2063143045411,inf
18,37,inf,inf,inf,276.1322147088239,inf
18,38,inf,inf,inf,343.2812258192982,inf
18,39,inf,inf,inf,346.35530889535966,inf
18,40,inf,inf,inf,478.0732161499952,inf
18,41,inf,inf,inf,676.7348077349059,inf
18,42,inf,inf,inf,634.89369188865,inf
18,43,inf,inf,inf,597.1038435649197,inf
18,44,inf,inf,inf,304.4010512465422,inf
18,45,inf,inf,inf,735.6656849411967,inf
18,46,inf,inf,inf,957.8830826358716,inf
18,47,inf,inf,inf,474.97894690186007,inf
18,48,inf,inf,inf,523.2590180780452,inf
18,49,inf,inf,inf,830.783365264375,inf
18,50,inf,inf,inf,627.7109207270494,inf
18,51,inf,inf,inf,681.3904901009406,inf
18,52,inf,inf,inf,395.2973564293088,inf
18,53,inf,inf,inf,633.192703685063,inf
18,54,inf,inf,inf,606.8673660693909,inf
18,55,inf,inf,inf,763.1860847788041,inf
18,56,inf,inf,inf,735.8267459123784,inf
18,57,inf,inf,inf,985.7596055834302,inf
18,58,inf,inf,inf,786.5653183302707,inf
18,59,inf,inf,inf,696.4251575007899,inf
18,60,inf,inf,inf,632.0537951788598,inf
18,61,inf,inf,inf,54.00925846556311,inf
18,62,inf,inf,inf,758.3824892493233,inf
18,63,inf,inf,inf,472.28910637447484,inf
18,64,inf,inf,inf,837.4061141405645,inf
18,65,inf,inf,inf,577.8321555607649,inf
18,66,inf,inf,inf,502.24496015390736,inf
18,67,inf,inf,inf,131.24404748406687,inf
18,68,inf,inf,inf,452.2830971858223,inf
18,69,inf,inf,inf,711.0161742182803,inf
18,70,inf,inf,inf,688.7996806038749,inf
18,71,inf,inf,inf,746.8313062532931,inf
18,72,inf,inf,inf,718.8080411347664,inf
18,73,inf,inf,inf,490.8869523627614,inf
18,74,inf,inf,inf,338.47895060106765,inf
18,75,inf,inf,inf,542.5172808307584,inf
18,76,inf,inf,inf,564.9185782039744,inf
18,77,inf,inf,inf,205.70367036103173,inf
18,78,inf,inf,inf,501.99701194329833,inf
18,79,inf,inf,inf,855.8580489777496,inf
18,80,inf,inf,inf,296.95117443781896,inf
18,81,inf,inf,inf,570.0561375864661,inf
18,82,inf,inf,inf,444.8966172044917,inf
18,83,inf,inf,inf,950.4535759309867,inf
18,84,inf,inf,inf,487.05235858170323,inf
18,85,inf,inf,inf,859.2322154109446,inf
18,86,inf,inf,inf,251.05577069647293,inf
18,87,inf,inf,inf,752.3576277276652,inf
18,88,inf,inf,inf,983.1607193129718,inf
18,89,inf,inf,inf,913.2037012627577,inf
18,90,inf,inf,inf,417.9246343540902,inf
18,91,inf,inf,inf,312.00160255998685,inf
18,92,inf,inf,inf,518.1245024123064,inf
18,93,inf,inf,inf,294.7422602885443,inf
18,94,inf,inf,inf,799.1320291416181,inf
18,95,inf,inf,inf,937.8038174373146,inf
18,96,inf,inf,inf,1003.7419987227794,inf
18,97,inf,inf,inf,946.2113928715929,inf
18,98,inf,inf,inf,388.8817300928394,inf
18,99,inf,inf,inf,237.65521244020718,inf
18,100,inf,inf,inf,228.5475880424031,inf
18,101,inf,inf,inf,475.42927970414274,inf
18,102,inf,inf,inf,1001.7923936624793,inf
18,103,inf,inf,inf,405.2221612893352,inf
18,104,inf,inf,inf,666.6520831738246,inf
18,105,inf,inf,inf,607.4150146316767,inf
18,106,inf,inf,inf,792.258796101375,inf
18,107,inf,inf,inf,512.8001560062165,inf
18,108,inf,inf,inf,657.0608799799301,inf
18,109,inf,inf,inf,955.9272984908423,inf
18,110,inf,inf,inf,524.1612347360305,inf
18,111,inf,inf,inf,574.7808277943864,inf
18,112,inf,inf,inf,228.25424421026653,inf
18,113,inf,inf,inf,973.0760504708766,inf
18,114,inf,inf,inf,717.948466117172,inf
18,115,inf,inf,inf,490.47018257994034,inf
18,116,inf,inf,inf,237.14341652257605,inf
18,117,inf,inf,inf,606.5311203887234,inf
18,118,inf,inf,inf,657.9072883013229,inf
18,119,inf,inf,inf,476.14493591762584,inf
18,120,inf,inf,inf,521.0153548601039,inf
18,121,inf,inf,inf,315.0142853903613,inf
18,122,inf,inf,inf,826.5809095303375,inf
18,123,inf,inf,inf,525.4636048291071,inf
18,124,inf,inf,inf,426.1560746956448,inf
18,125,inf,inf,inf,857.6158813828018,inf
18,126,inf,inf,inf,693.8969664150435,inf
18,127,inf,inf,inf,235.55254190944322,inf
18,128,inf,inf,inf,575.418108856508,inf
18,129,inf,inf,inf,981.3078008453821,inf
18,130,inf,inf,inf,955.8477912303821,inf
18,131,inf,inf,inf,366.23080154459973,inf
18,132,inf,inf,inf,618.2628890690432,inf
18,133,inf,inf,inf,692.2253968181174,inf
18,134,inf,inf,inf,404.2820797413608,inf
18,135,inf,inf,inf,1007.2308573509848,inf
18,136,inf,inf,inf,367.27101709772853,inf
18,137,inf,inf,inf,67.47592163134935,inf
18,138,inf,inf,inf,491.6879091456287,inf
19,20,inf,inf,inf,1249.563523795409,inf
19,21,inf,inf,inf,153.95129099815955,inf
19,22,inf,inf,inf,379.4864951483781,inf
19,23,inf,inf,inf,99.74467404327912,inf
19,24,inf,inf,inf,1275.5724205234292,inf
19,25,inf,inf,inf,742.5072390219506,inf
19,26,inf,inf,inf,787.8185070179552,inf
19,27,inf,inf,inf,108.46197490364999,inf
19,28,inf,inf,inf,919.4182943579054,inf
19,29,inf,inf,inf,582.9047949708425,inf
19,30,inf,inf,inf,572.5521810280701,inf
19,31,inf,inf,inf,528.3710817219277,inf
19,32,inf,inf,inf,1277.4290586956288,inf
19,33,inf,inf,inf,1059.0302167549328,inf
19,34,inf,inf,inf,717.7415969553388,inf
19,35,inf,inf,inf,135.67977004697494,inf
19,36,inf,inf,inf,433.2955111699174,inf
19,37,inf,inf,inf,418.5271795236242,inf
19,38,inf,inf,inf,233.03218661807213,inf
19,39,inf,inf,inf,354.5193929815406,inf
19,40,inf,inf,inf,87.36131867136622,inf
19,41,inf,inf,inf,233.3838040653207,inf
19,42,inf,inf,inf,1100.0018181803155,inf
19,43,inf,inf,inf,1160.2314424286217,inf
19,44,inf,inf,inf,844.7117851669882,inf
19,45,inf,inf,inf,191.94269978303421,inf
19,46,inf,inf,inf,819.9963414552531,inf
19,47,inf,inf,inf,373.026808688062,inf
19,48,inf,inf,inf,977.0005117705927,inf
19,49,inf,inf,inf,1278.8279790495671,inf
19,50,inf,inf,inf,1191.0940349107623,inf
19,51,inf,inf,inf,535.8329963710709,inf
19,52,inf,inf,inf,216.22673285234646,inf
19,53,inf,inf,inf,236.24775131204953,inf
19,54,inf,inf,inf,365.80049207183964,inf
19,55,inf,inf,inf,1182.200067670443,inf
19,56,inf,inf,inf,390.9283821878376,inf
19,57,inf,inf,inf,801.1242100947892,inf
19,58,inf,inf,inf,244.2396364229197,inf
19,59,inf,inf,inf,603.3324125223176,inf
19,60,inf,inf,inf,461.57339611377085,inf
19,61,inf,inf,inf,613.0815606426277,inf
19,62,inf,inf,inf,199.90497742677644,inf
19,63,inf,inf,inf,834.5495791143867,inf
19,64,inf,inf,inf,847.870862808718,inf
19,65,inf,inf,inf,638.7550391190664,inf
19,66,inf,inf,inf,882.3899364793323,inf
19,67,inf,inf,inf,436.7940017903176,inf
19,68,inf,inf,inf,850.0035294044372,inf
19,69,inf,inf,inf,1252.0263575500317,inf
19,70,inf,inf,inf,437.3705522780426,inf
19,71,inf,inf,inf,1225.1632544277518,inf
19,72,inf,inf,inf,410.03048667141815,inf
19,73,inf,inf,inf,308.52552568628744,inf
19,74,inf,inf,inf,887.0456583513613,inf
19,75,inf,inf,inf,81.39410298049853,inf
19,76,inf,inf,inf,1120.318258353402,inf
19,77,inf,inf,inf,495.16865813579113,inf
19,78,inf,inf,inf,63.60031446463138,inf
19,79,inf,inf,inf,1083.1514206240972,inf
19,80,inf,inf,inf,267.34621747838514,inf
19,81,inf,inf,inf,139.29106216839614,inf
19,82,inf,inf,inf,220.238507078122,inf
19,83,inf,inf,inf,1031.0712875451436,inf
19,84,inf,inf,inf,352.94475488382034,inf
19,85,inf,inf,inf,774.2002324980276,inf
19,86,inf,inf,inf,690.8436870957134,inf
19,87,inf,inf,inf,1271.1506598354108,inf
19,88,inf,inf,inf,1123.3347675559587,inf
19,89,inf,inf,inf,491.54959058064526,inf
19,90,inf,inf,inf,973.6431584518016,inf
19,91,inf,inf,inf,500.97205510886533,inf
19,92,inf,inf,inf,800.4954715674537,inf
19,93,inf,inf,inf,288.54289109246827,inf
19,94,inf,inf,inf,1247.3788518329145,inf
19,95,inf,inf,inf,1240.5200522361579,inf
19,96,inf,inf,inf,1031.1799067088148,inf
19,97,inf,inf,inf,860.7729084956147,inf
19,98,inf,inf,inf,893.3627482719436,inf
19,99,inf,inf,inf,347.1973502203034,inf
19,100,inf,inf,inf,726.4654155567215,inf
19,101,inf,inf,inf,809.452283955021,inf
19,102,inf,inf,inf,1059.6235180478018,inf
19,103,inf,inf,inf,305.81203377238114,inf
19,104,inf,inf,inf,1222.8871575088194,inf
19,105,inf,inf,inf,361.3820692840197,inf
19,106,inf,inf,inf,1254.5166399852974,inf
19,107,inf,inf,inf,122.31925441237777,inf
19,108,inf,inf,inf,700.0178569150933,inf
19,109,inf,inf,inf,1198.0855562104068,inf
19,110,inf,inf,inf,1052.5117576540415,inf
19,111,inf,inf,inf,954.1787044364384,inf
19,112,inf,inf,inf,402.8920450939681,inf
19,113,inf,inf,inf,718.9666195311156,inf
19,114,inf,inf,inf,153.8440769090575,inf
19,115,inf,inf,inf,969.7963703788544,inf
19,116,inf,inf,inf,753.6637181130587,inf
19,117,inf,inf,inf,83.05419917138447,inf
19,118,inf,inf,inf,1012.44456638376,inf
19,119,inf,inf,inf,897.6257572061978,inf
19,120,inf,inf,inf,587.1533019578447,inf
19,121,inf,inf,inf,819.0360187439866,inf
19,122,inf,inf,inf,492.3271270202364,inf
19,123,inf,inf,inf,920.1271651244734,inf
19,124,inf,inf,inf,735.4026108194068,inf
19,125,inf,inf,inf,663.2231901856268,inf
19,126,inf,inf,inf,1023.629327442312,inf
19,127,inf,inf,inf,538.0232336990662,inf
19,128,inf,inf,inf,352.1647341799005,inf
19,129,inf,inf,inf,765.8492018667905,inf
19,130,inf,inf,inf,646.9938175902456,inf
19,131,inf,inf,inf,393.71182354610585,inf
19,132,inf,inf,inf,109.98636279102969,inf
19,133,inf,inf,inf,547.1105921109552,inf
19,134,inf,inf,inf,353.1147122395214,inf
19,135,inf,inf,inf,959.6040850267365,inf
19,136,inf,inf,inf,883.06851376323,inf
19,137,inf,inf,inf,500.4967532362223,inf
19,138,inf,inf,inf,708.2718404680508,inf
20,21,inf,inf,inf,1097.1399181508255,inf
20,22,inf,inf,inf,907.6370419942103,inf
20,23,inf,inf,inf,1215.9424328478713,inf
20,24,inf,inf,inf,131.4610208388783,inf
20,25,inf,inf,inf,919.8978204126804,inf
20,26,inf,inf,inf,944.515219570336,inf
20,27,inf,inf,inf,1352.5135858837057,inf
20,28,inf,inf,inf,501.6024322110091,inf
20,29,inf,inf,inf,674.5405843980035,inf
20,30,inf,inf,inf,677.4990774901469,inf
20,31,inf,inf,inf,1341.6575569048907,inf
20,32,inf,inf,inf,209.3800372528384,inf
20,33,inf,inf,inf,207.57649192526594,inf
20,34,inf,inf,inf,860.3255197888761,inf
20,35,inf,inf,inf,1119.5472299103776,inf
20,36,inf,inf,inf,949.1101095236527,inf
20,37,inf,inf,inf,831.096865593897,inf
20,38,inf,inf,inf,1091.0879891191178,inf
20,39,inf,inf,inf,1143.5580440012654,inf
20,40,inf,inf,inf,1167.640783802964,inf
20,41,inf,inf,inf,1430.6589390906556,inf
20,42,inf,inf,inf,168.32409215557945,inf
20,43,inf,inf,inf,653.4370665947869,inf
20,44,inf,inf,inf,789.8639123292062,inf
20,45,inf,inf,inf,1441.403829605014,inf
20,46,inf,inf,inf,1053.4006835008224,inf
20,47,inf,inf,inf,936.0908075608904,inf
20,48,inf,inf,inf,281.88827574058485,inf
20,49,inf,inf,inf,29.427877939124322,inf
20,50,inf,inf,inf,564.3013379392255,inf
20,51,inf,inf,inf,973.9045127731979,inf
20,52,inf,inf,inf,1033.572929212061,inf
20,53,inf,inf,inf,1177.7138871559594,inf
20,54,inf,inf,inf,1049.8347489009877,inf
20,55,inf,inf,inf,93.86160024205851,inf
20,56,inf,inf,inf,1177.801341483359,inf
20,57,inf,inf,inf,1124.0057829032733,inf
20,58,inf,inf,inf,1394.999641577015,inf
20,59,inf,inf,inf,921.1389688858028,inf
20,60,inf,inf,inf,990.9233068204622,inf
20,61,inf,inf,inf,752.4945182524588,inf
20,62,inf,inf,inf,1398.929948210417,inf
20,63,inf,inf,inf,421.2172835960082,inf
20,64,inf,inf,inf,821.0054811022884,inf
20,65,inf,inf,inf,750.7256489557287,inf
20,66,inf,inf,inf,371.9099353338117,inf
20,67,inf,inf,inf,911.3703967103605,inf
20,68,inf,inf,inf,1077.007428015239,inf
20,69,inf,inf,inf,357.94552658190884,inf
20,70,inf,inf,inf,1077.2000742666146,inf
20,71,inf,inf,inf,102.39140588936164,inf
20,72,inf,inf,inf,1138.7747801914127,inf
20,73,inf,inf,inf,999.8144827916827,inf
20,74,inf,inf,inf,521.510306705438,inf
20,75,inf,inf,inf,1265.284948144093,inf
20,76,inf,inf,inf,740.0878326252905,inf
20,77,inf,inf,inf,761.5805932401377,inf
20,78,inf,inf,inf,1201.806972853794,inf
20,79,inf,inf,inf,490.40799340956914,inf
20,80,inf,inf,inf,1019.3002501716558,inf
20,81,inf,inf,inf,1178.7132815065756,inf
20,82,inf,inf,inf,1043.0043144685453,inf
20,83,inf,inf,inf,752.7874866122577,inf
20,84,inf,inf,inf,1284.4691510503474,inf
20,85,inf,inf,inf,949.7604961252074,inf
20,86,inf,inf,inf,948.600021083702,inf
20,87,inf,inf,inf,248.34049206683954,inf
20,88,inf,inf,inf,671.3002308952381,inf
20,89,inf,inf,inf,1349.7762777586513,inf
20,90,inf,inf,inf,721.6716704984337,inf
20,91,inf,inf,inf,1107.8239932408035,inf
20,92,inf,inf,inf,490.9786146055651,inf
20,93,inf,inf,inf,971.8693327809043,inf
20,94,inf,inf,inf,3.605551275463989,inf
20,95,inf,inf,inf,367.21247255505904,inf
20,96,inf,inf,inf,851.4605099474667,inf
20,97,inf,inf,inf,982.1736099081465,inf
20,98,inf,inf,inf,418.86752082251496,inf
20,99,inf,inf,inf,921.1346264254753,inf
20,100,inf,inf,inf,574.3561612797412,inf
20,101,inf,inf,inf,1150.591152408187,inf
20,102,inf,inf,inf,806.0303964491662,inf
20,103,inf,inf,inf,958.2087455246899,inf
20,104,inf,inf,inf,465.6393454166003,inf
20,105,inf,inf,inf,1400.946108884992,inf
20,106,inf,inf,inf,44.553338819890925,inf
20,107,inf,inf,inf,1146.0527911051915,inf
20,108,inf,inf,inf,762.0708628467565,inf
20,109,inf,inf,inf,487.4935897014442,inf
20,110,inf,inf,inf,862.0556826562887,inf
20,111,inf,inf,inf,308.6907837950463,inf
20,112,inf,inf,inf,854.3283911939249,inf
20,113,inf,inf,inf,1199.864158978007,inf
20,114,inf,inf,inf,1385.0519845839722,inf
20,115,inf,inf,inf,975.2210005942243,inf
20,116,inf,inf,inf,845.0443775329198,inf
20,117,inf,inf,inf,1250.003599994816,inf
20,118,inf,inf,inf,288.9169430822637,inf
20,119,inf,inf,inf,1060.4928099709116,inf
20,120,inf,inf,inf,759.3602570585322,inf
20,121,inf,inf,inf,488.38202260116003,inf
20,122,inf,inf,inf,1210.3573852379304,inf
20,123,inf,inf,inf,332.4349560440358,inf
20,124,inf,inf,inf,1138.7054052739013,inf
20,125,inf,inf,inf,1077.4265636227835,inf
20,126,inf,inf,inf,316.8911485037094,inf
20,127,inf,inf,inf,714.0770266574888,inf
20,128,inf,inf,inf,1369.5930052391477,inf
20,129,inf,inf,inf,1158.8166377818366,inf
20,130,inf,inf,inf,1252.65877237179,inf
20,131,inf,inf,inf,867.3050213160304,inf
20,132,inf,inf,inf,1339.537980051331,inf
20,133,inf,inf,inf,975.3466050589401,inf
20,134,inf,inf,inf,917.0087240588281,inf
20,135,inf,inf,inf,958.2050928689536,inf
20,136,inf,inf,inf,446.1535610078664,inf
20,137,inf,inf,inf,861.1213619461545,inf
20,138,inf,inf,inf,1236.0016181219182,inf
21,22,inf,inf,inf,256.33766793040775,inf
21,23,inf,inf,inf,161.44348856488452,inf
21,24,inf,inf,inf,1121.6996032806644,inf
21,25,inf,inf,inf,631.1386535461127,inf
21,26,inf,inf,inf,680.2095265431086,inf
21,27,inf,inf,inf,261.1225765804252,inf
21,28,inf,inf,inf,786.6060004856307,inf
21,29,inf,inf,inf,428.967364726036,inf
21,30,inf,inf,inf,419.68678797407955,inf
21,31,inf,inf,inf,565.0991063521512,inf
21,32,inf,inf,inf,1131.0897400294991,inf
21,33,inf,inf,inf,908.7948063231876,inf
21,34,inf,inf,inf,596.8483894591658,inf
21,35,inf,inf,inf,27.459060435491963,inf
21,36,inf,inf,inf,344.60702256338305,inf
21,37,inf,inf,inf,267.15164233071823,inf
21,38,inf,inf,inf,180.34688796871433,inf
21,39,inf,inf,inf,340.64791207344865,inf
21,40,inf,inf,inf,86.05230967266364,inf
21,41,inf,inf,inf,370.3687351815755,inf
21,42,inf,inf,inf,949.5393620066521,inf
21,43,inf,inf,inf,1044.6243343901194,inf
21,44,inf,inf,inf,746.2794382803268,inf
21,45,inf,inf,inf,345.4924022319449,inf
21,46,inf,inf,inf,728.7008988604309,inf
21,47,inf,inf,inf,234.76371099469355,inf
21,48,inf,inf,inf,826.5815144315774,inf
21,49,inf,inf,inf,1126.3436420560113,inf
21,50,inf,inf,inf,1067.2169413947663,inf
21,51,inf,inf,inf,429.89533609938127,inf
21,52,inf,inf,inf,64.38167441127949,inf
21,53,inf,inf,inf,206.34437234875102,inf
21,54,inf,inf,inf,271.64867016055865,inf
21,55,inf,inf,inf,1028.790552056151,inf
21,56,inf,inf,inf,348.78646762740095,inf
21,57,inf,inf,inf,722.5240480426932,inf
21,58,inf,inf,inf,338.61482542853906,inf
21,59,inf,inf,inf,488.9427369334777,inf
21,60,inf,inf,inf,355.4729244260384,inf
21,61,inf,inf,inf,493.1733974982836,inf
21,62,inf,inf,inf,318.44151739369664,inf
21,63,inf,inf,inf,680.9552114493288,inf
21,64,inf,inf,inf,723.8742984800607,inf
21,65,inf,inf,inf,497.73989191142795,inf
21,66,inf,inf,inf,728.972564641496,inf
21,67,inf,inf,inf,333.80233672040106,inf
21,68,inf,inf,inf,798.859812482766,inf
21,69,inf,inf,inf,1113.1706967037894,inf
21,70,inf,inf,inf,357.41852218372793,inf
21,71,inf,inf,inf,1075.1632434193423,inf
21,72,inf,inf,inf,352.00568177232594,inf
21,73,inf,inf,inf,179.17868176767013,inf
21,74,inf,inf,inf,754.7006028883242,inf
21,75,inf,inf,inf,193.91235133430774,inf
21,76,inf,inf,inf,1014.0700173064974,inf
21,77,inf,inf,inf,348.919761549844,inf
21,78,inf,inf,inf,120.9297316626478,inf
21,79,inf,inf,inf,935.5426232940966,inf
21,80,inf,inf,inf,166.14752480852673,inf
21,81,inf,inf,inf,122.494897852931,inf
21,82,inf,inf,inf,74.95331880577403,inf
21,83,inf,inf,inf,900.1805374479055,inf
21,84,inf,inf,inf,397.68957743446083,inf
21,85,inf,inf,inf,667.4705986034141,inf
21,86,inf,inf,inf,618.8133805922429,inf
21,87,inf,inf,inf,1126.5367282072964,inf
21,88,inf,inf,inf,985.6287333473999,inf
21,89,inf,inf,inf,497.69468552517213,inf
21,90,inf,inf,inf,866.9267558450367,inf
21,91,inf,inf,inf,470.28714632658205,inf
21,92,inf,inf,inf,646.968314525526,inf
21,93,inf,inf,inf,155.72411502397438,inf
21,94,inf,inf,inf,1095.009132382009,inf
21,95,inf,inf,inf,1088.921025602867,inf
21,96,inf,inf,inf,909.2661876480396,inf
21,97,inf,inf,inf,757.5810187696098,inf
21,98,inf,inf,inf,750.0466652149051,inf
21,99,inf,inf,inf,215.3346233191495,inf
21,100,inf,inf,inf,586.400034106411,inf
21,101,inf,inf,inf,774.162773581887,inf
21,102,inf,inf,inf,933.0192924050392,inf
21,103,inf,inf,inf,154.7384890710776,inf
21,104,inf,inf,inf,1091.1498522201248,inf
21,105,inf,inf,inf,448.69811677786214,inf
21,106,inf,inf,inf,1103.0163190089256,inf
21,107,inf,inf,inf,63.41135544995076,inf
21,108,inf,inf,inf,564.5706333134942,inf
21,109,inf,inf,inf,1050.3646985690257,inf
21,110,inf,inf,inf,961.9313904847892,inf
21,111,inf,inf,inf,800.4561199716072,inf
21,112,inf,inf,inf,259.3472575524947,inf
21,113,inf,inf,inf,659.8257345693634,inf
21,114,inf,inf,inf,291.4875640571995,inf
21,115,inf,inf,inf,897.2246095599473,inf
21,116,inf,inf,inf,662.582825011334,inf
21,117,inf,inf,inf,162.8649747490233,inf
21,118,inf,inf,inf,858.5132497521514,inf
21,119,inf,inf,inf,841.4184452458836,inf
21,120,inf,inf,inf,442.7188724235731,inf
21,121,inf,inf,inf,677.1595085354705,inf
21,122,inf,inf,inf,453.3398283848442,inf
21,123,inf,inf,inf,766.932200393229,inf
21,124,inf,inf,inf,702.0897378540724,inf
21,125,inf,inf,inf,581.1609071505068,inf
21,126,inf,inf,inf,870.0574693662483,inf
21,127,inf,inf,inf,388.5794642026261,inf
21,128,inf,inf,inf,430.01046498893487,inf
21,129,inf,inf,inf,695.5084471090197,inf
21,130,inf,inf,inf,605.6021796526165,inf
21,131,inf,inf,inf,240.35390573069537,inf
21,132,inf,inf,inf,255.78506602223672,inf
21,133,inf,inf,inf,442.0373287404583,inf
21,134,inf,inf,inf,202.60552805883654,inf
21,135,inf,inf,inf,850.8965859609498,inf
21,136,inf,inf,inf,741.9521547916685,inf
21,137,inf,inf,inf,392.3901120058965,inf
21,138,inf,inf,inf,698.0945494701989,inf
22,23,inf,inf,inf,319.14416804948826,inf
22,24,inf,inf,inf,955.0879540649646,inf
22,25,inf,inf,inf,699.7006502783887,inf
22,26,inf,inf,inf,752.9887117347776,inf
22,27,inf,inf,inf,467.0610238502031,inf
22,28,inf,inf,inf,540.1073967277249,inf
22,29,inf,inf,inf,308.41530441921975,inf
22,30,inf,inf,inf,270.04073766748604,inf
22,31,inf,inf,inf,513.8112493902795,inf
22,32,inf,inf,inf,910.0664810880577,inf
22,33,inf,inf,inf,706.4594822068708,inf
22,34,inf,inf,inf,644.8294348120285,inf
22,35,inf,inf,inf,283.7833680820636,inf
22,36,inf,inf,inf,130.09611831257686,inf
22,37,inf,inf,inf,149.30840565755165,inf
22,38,inf,inf,inf,183.63550854886427,inf
22,39,inf,inf,inf,270.12959852633696,inf
22,40,inf,inf,inf,292.1951402744406,inf
22,41,inf,inf,inf,525.480732282355,inf
22,42,inf,inf,inf,747.8943775694534,inf
22,43,inf,inf,inf,788.5334488783592,inf
22,44,inf,inf,inf,494.1457274934187,inf
22,45,inf,inf,inf,560.6317864695151,inf
22,46,inf,inf,inf,831.1654468275254,inf
22,47,inf,inf,inf,314.9492022533158,inf
22,48,inf,inf,inf,626.8269298618239,inf
22,49,inf,inf,inf,937.0320165287843,inf
22,50,inf,inf,inf,813.6983470549759,inf
22,51,inf,inf,inf,536.6796064692602,inf
22,52,inf,inf,inf,202.27703774773843,inf
22,53,inf,inf,inf,442.36749428501184,inf
22,54,inf,inf,inf,433.8939962709786,inf
22,55,inf,inf,inf,852.3526265578115,inf
22,56,inf,inf,inf,554.585430749853,inf
22,57,inf,inf,inf,847.56710648774,inf
22,58,inf,inf,inf,594.340811319566,inf
22,59,inf,inf,inf,567.556164621617,inf
22,60,inf,inf,inf,476.59206875482096,inf
22,61,inf,inf,inf,237.1855813492886,inf
22,62,inf,inf,inf,568.9006943219529,inf
22,63,inf,inf,inf,519.227310529791,inf
22,64,inf,inf,inf,751.0825520540335,inf
22,65,inf,inf,inf,489.67948701165744,inf
22,66,inf,inf,inf,561.2076264627914,inf
22,67,inf,inf,inf,95.56673061269805,inf
22,68,inf,inf,inf,589.4336264584842,inf
22,69,inf,inf,inf,874.7571091451615,inf
22,70,inf,inf,inf,520.4853504182419,inf
22,71,inf,inf,inf,869.4279728649177,inf
22,72,inf,inf,inf,542.1669484577606,inf
22,73,inf,inf,inf,314.4932431706602,inf
22,74,inf,inf,inf,507.68494167150556,inf
22,75,inf,inf,inf,370.75193863282766,inf
22,76,inf,inf,inf,758.267103334966,inf
22,77,inf,inf,inf,156.77372228788855,inf
22,78,inf,inf,inf,319.90779921721196,inf
22,79,inf,inf,inf,854.9064276281937,inf
22,80,inf,inf,inf,116.43023662262307,inf
22,81,inf,inf,inf,376.70678252455184,inf
22,82,inf,inf,inf,254.26167623139747,inf
22,83,inf,inf,inf,894.2941350584829,inf
22,84,inf,inf,inf,399.6648596011413,inf
22,85,inf,inf,inf,743.3115093956235,inf
22,86,inf,inf,inf,393.0814165029937,inf
22,87,inf,inf,inf,900.4454453213698,inf
22,88,inf,inf,inf,950.8064997674343,inf
22,89,inf,inf,inf,726.9449772850762,inf
22,90,inf,inf,inf,611.2487218800543,inf
22,91,inf,inf,inf,325.4243383645421,inf
22,92,inf,inf,inf,524.7561338374236,inf
22,93,inf,inf,inf,101.41498903022176,inf
22,94,inf,inf,inf,905.0370158175853,inf
22,95,inf,inf,inf,973.0960898081956,inf
22,96,inf,inf,inf,930.5535986712425,inf
22,97,inf,inf,inf,834.1918244624554,inf
22,98,inf,inf,inf,523.1376491899622,inf
22,99,2.0,65.4559,65.45584412271569,47.41307836451879,1.3805440688638995
22,100,inf,inf,inf,353.40911137094355,inf
22,101,inf,inf,inf,586.5057544474735,inf
22,102,inf,inf,inf,939.244377145799,inf
22,103,inf,inf,inf,228.63289352147035,inf
22,104,inf,inf,inf,843.4008536870235,inf
22,105,inf,inf,inf,504.54434889313745,inf
22,106,inf,inf,inf,906.0121411990018,inf
22,107,inf,inf,inf,319.6810910892291,inf
22,108,inf,inf,inf,569.9938596160489,inf
22,109,inf,inf,inf,964.6890690787369,inf
22,110,inf,inf,inf,712.4022739997396,inf
22,111,inf,inf,inf,636.7299270491375,inf
22,112,inf,inf,inf,87.65842800324451,inf
22,113,inf,inf,inf,817.6900390734866,inf
22,114,inf,inf,inf,532.1898157612563,inf
22,115,inf,inf,inf,661.9705431512795,inf
22,116,inf,inf,inf,416.3472108709268,inf
22,117,inf,inf,inf,415.32637768386445,inf
22,118,inf,inf,inf,709.846462271948,inf
22,119,inf,inf,inf,624.4181291410428,inf
22,120,inf,inf,inf,427.68797037092355,inf
22,121,inf,inf,inf,447.3231494121448,inf
22,122,inf,inf,inf,650.492121397331,inf
22,123,inf,inf,inf,593.8956137234893,inf
22,124,inf,inf,inf,522.0086206184722,inf
22,125,inf,inf,inf,711.7056976025975,inf
22,126,inf,inf,inf,734.53726930633,inf
22,127,inf,inf,inf,209.45882650296693,inf
22,128,inf,inf,inf,474.9589455942482,inf
22,129,inf,inf,inf,835.2346975551243,inf
22,130,inf,inf,inf,788.4624277668531,inf
22,131,inf,inf,inf,220.81893034792103,inf
22,132,inf,inf,inf,447.37121051761926,inf
22,133,inf,inf,inf,548.5252956792422,inf
22,134,inf,inf,inf,241.8677324489565,inf
22,135,inf,inf,inf,909.2733362416386,inf
22,136,inf,inf,inf,509.57236973760655,inf
22,137,inf,inf,inf,141.01418368376991,inf
22,138,inf,inf,inf,552.869785754295,inf
23,24,inf,inf,inf,1251.7292039414915,inf
23,25,inf,inf,inf,789.9873416707384,inf
23,26,inf,inf,inf,838.1199198205469,inf
23,27,inf,inf,inf,150.8409758653132,inf
23,28,inf,inf,inf,855.6710816663141,inf
23,29,inf,inf,inf,565.4281563558716,inf
23,30,inf,inf,inf,546.3195035874154,inf
23,31,inf,inf,inf,436.05618903989887,inf
23,32,inf,inf,inf,1228.5878071997947,inf
23,33,inf,inf,inf,1019.3036838940591,inf
23,34,inf,inf,inf,757.6305168088202,inf
23,35,inf,inf,inf,159.53056133543816,inf
23,36,inf,inf,inf,350.16853085335924,inf
23,37,inf,inf,inf,391.0831113714833,inf
23,38,inf,inf,inf,148.77163708180402,inf
23,39,inf,inf,inf,255.03137061938085,inf
23,40,inf,inf,inf,77.69813382572325,inf
23,41,inf,inf,inf,219.33763926877666,inf
23,42,inf,inf,inf,1060.6568719430427,inf
23,43,inf,inf,inf,1082.179282743853,inf
23,44,inf,inf,inf,759.5715897793966,inf
23,45,inf,inf,inf,244.53425117966603,inf
23,46,inf,inf,inf,880.8251812930872,inf
23,47,inf,inf,inf,396.042926966257,inf
23,48,inf,inf,inf,938.2307818442113,inf
23,49,inf,inf,inf,1245.3569769347262,inf
23,50,inf,inf,inf,1118.3881258310998,inf
23,51,inf,inf,inf,586.3122035230036,inf
23,52,inf,inf,inf,205.7984450864486,inf
23,53,inf,inf,inf,314.95078980691574,inf
23,54,inf,inf,inf,421.50326214633264,inf
23,55,inf,inf,inf,1153.9506055286768,inf
23,56,inf,inf,inf,470.3743190268788,inf
23,57,inf,inf,inf,868.7744241171007,inf
23,58,inf,inf,inf,342.8410710518797,inf
23,59,inf,inf,inf,648.1674166448048,inf
23,60,inf,inf,inf,511.39906139921686,inf
23,61,inf,inf,inf,542.5753403906226,inf
23,62,inf,inf,inf,294.0697196244455,inf
23,63,inf,inf,inf,809.6048418827545,inf
23,64,inf,inf,inf,885.1316286293243,inf
23,65,inf,inf,inf,657.4077882106357,inf
23,66,inf,inf,inf,855.748210632076,inf
23,67,inf,inf,inf,360.5551275463989,inf
23,68,inf,inf,inf,752.0006648933231,inf
23,69,inf,inf,inf,1192.7501833996926,inf
23,70,inf,inf,inf,501.68117365514127,inf
23,71,inf,inf,inf,1184.0709438205129,inf
23,72,inf,inf,inf,483.7561369119776,inf
23,73,inf,inf,inf,339.8602654032978,inf
23,74,inf,inf,inf,823.1190679361036,inf
23,75,inf,inf,inf,51.78802950489621,inf
23,76,inf,inf,inf,1037.3398671602283,inf
23,77,inf,inf,inf,454.46341987007054,inf
23,78,inf,inf,inf,52.61178575186362,inf
23,79,inf,inf,inf,1089.4732672259563,inf
23,80,inf,inf,inf,202.71408436514716,inf
23,81,inf,inf,inf,212.59586073110643,inf
23,82,inf,inf,inf,236.32604596192948,inf
23,83,inf,inf,inf,1061.4918746745072,inf
23,84,inf,inf,inf,261.0689564080724,inf
23,85,inf,inf,inf,825.084844122106,inf
23,86,inf,inf,inf,597.6838629242051,inf
23,87,inf,inf,inf,1219.4970274666518,inf
23,88,inf,inf,inf,1145.6247204036756,inf
23,89,inf,inf,inf,585.7678721131776,inf
23,90,inf,inf,inf,891.588470091443,inf
23,91,inf,inf,inf,401.90794966011805,inf
23,92,inf,inf,inf,788.4820860362016,inf
23,93,inf,inf,inf,244.13520843991347,inf
23,94,inf,inf,inf,1213.5456316101179,inf
23,95,inf,inf,inf,1235.982605055589,inf
23,96,inf,inf,inf,1070.4190768105732,inf
23,97,inf,inf,inf,914.2827790131454,inf
23,98,inf,inf,inf,841.903794978975,inf
23,99,inf,inf,inf,296.37982387470305,inf
23,100,inf,inf,inf,672.4410754854287,inf
23,101,inf,inf,inf,710.0309852393767,inf
23,102,inf,inf,inf,1094.457399810518,inf
23,103,inf,inf,inf,310.8311438707518,inf
23,104,inf,inf,inf,1156.4359039739297,inf
23,105,inf,inf,inf,291.1391419922783,inf
23,106,inf,inf,inf,1217.537268423435,inf
23,107,inf,inf,inf,169.24833824885843,inf
23,108,inf,inf,inf,725.5590947676144,inf
23,109,inf,inf,inf,1203.9377060296765,inf
23,110,inf,inf,inf,963.2029900285817,inf
23,111,inf,inf,inf,929.6461692493548,inf
23,112,inf,inf,inf,361.61443555256477,inf
23,113,inf,inf,inf,795.1666492000278,inf
23,114,inf,inf,inf,240.26027553467927,inf
23,115,inf,inf,inf,875.4267530753216,inf
23,116,inf,inf,inf,666.195166599098,inf
23,117,inf,inf,inf,179.0111728356641,inf
23,118,inf,inf,inf,993.9884305161705,inf
23,119,inf,inf,inf,800.2355903107534,inf
23,120,inf,inf,inf,600.9725451299752,inf
23,121,inf,inf,inf,766.2643147113142,inf
23,122,inf,inf,inf,574.3561612797412,inf
23,123,inf,inf,inf,891.8256556076417,inf
23,124,inf,inf,inf,635.9575457528592,inf
23,125,inf,inf,inf,728.4641377583388,inf
23,126,inf,inf,inf,1010.0653444208449,inf
23,127,inf,inf,inf,502.24496015390736,inf
23,128,inf,inf,inf,275.6320010448714,inf
23,129,inf,inf,inf,837.3601375752252,inf
23,130,inf,inf,inf,729.5107949852421,inf
23,131,inf,inf,inf,388.35293226651453,inf
23,132,inf,inf,inf,128.41339493993607,inf
23,133,inf,inf,inf,598.2282173217843,inf
23,134,inf,inf,inf,358.2080401107714,inf
23,135,inf,inf,inf,1009.4359811300566,inf
23,136,inf,inf,inf,828.7128573878892,inf
23,137,inf,inf,inf,425.0670535339101,inf
23,138,inf,inf,inf,608.8480927127882,inf
24,25,inf,inf,inf,866.6821793483468,inf
24,26,inf,inf,inf,884.8824780726535,inf
24,27,inf,inf,inf,1381.366352565459,inf
24,28,inf,inf,inf,605.6442850386685,inf
24,29,inf,inf,inf,692.8499115970211,inf
24,30,inf,inf,inf,705.6861908809042,inf
24,31,inf,inf,inf,1415.0734963244843,inf
24,32,inf,inf,inf,339.24917096435183,inf
24,33,inf,inf,inf,295.90876972472444,inf
24,34,inf,inf,inf,812.7890255164621,inf
24,35,inf,inf,inf,1142.1278387290977,inf
24,36,inf,inf,inf,1011.6165281370209,inf
24,37,inf,inf,inf,861.2200647918046,inf
24,38,inf,inf,inf,1136.2064073045883,inf
24,39,inf,inf,inf,1204.506953072501,inf
24,40,inf,inf,inf,1197.289021080541,inf
24,41,inf,inf,inf,1469.7077940869742,inf
24,42,inf,inf,inf,265.2036952985384,inf
24,43,inf,inf,inf,781.3129974600448,inf
24,44,inf,inf,inf,894.9083751982657,inf
24,45,inf,inf,inf,1467.1404159111696,inf
24,46,inf,inf,inf,989.7540098428498,inf
24,47,inf,inf,inf,940.1361603512546,inf
24,48,inf,inf,inf,352.00142045167945,inf
24,49,inf,inf,inf,127.27922061357856,inf
24,50,inf,inf,inf,693.9351554720369,inf
24,51,inf,inf,inf,947.1219562442843,inf
24,52,inf,inf,inf,1059.8080014795132,inf
24,53,inf,inf,inf,1180.061015371663,inf
24,54,inf,inf,inf,1042.230780585567,inf
24,55,inf,inf,inf,110.63453348751464,inf
24,56,inf,inf,inf,1162.766528586027,inf
24,57,inf,inf,inf,1063.2708968085226,inf
24,58,inf,inf,inf,1401.0603127631587,inf
24,59,inf,inf,inf,887.5071830695231,inf
24,60,inf,inf,inf,973.7068347300434,inf
24,61,inf,inf,inf,825.7420904858853,inf
24,62,inf,inf,inf,1411.2692868478362,inf
24,63,inf,inf,inf,442.2239251781839,inf
24,64,inf,inf,inf,755.6639464735631,inf
24,65,inf,inf,inf,727.176044709945,inf
24,66,inf,inf,inf,396.16789370164764,inf
24,67,inf,inf,inf,971.0128732411326,inf
24,68,inf,inf,inf,1181.4283727759378,inf
24,69,inf,inf,inf,489.4006538614349,inf
24,70,inf,inf,inf,1058.8984842750508,inf
24,71,inf,inf,inf,233.3452377915607,inf
24,72,inf,inf,inf,1122.106055593677,inf
24,73,inf,inf,inf,1006.5411069598698,inf
24,74,inf,inf,inf,621.5343916469949,inf
24,75,inf,inf,inf,1299.2382383535362,inf
24,76,inf,inf,inf,865.4270622068622,inf
24,77,inf,inf,inf,802.3222544588926,inf
24,78,inf,inf,inf,1232.4163257600899,inf
24,79,inf,inf,inf,397.5550276376844,inf
24,80,inf,inf,inf,1061.7405521124265,inf
24,81,inf,inf,inf,1192.401358603721,inf
24,82,inf,inf,inf,1061.7438485811915,inf
24,83,inf,inf,inf,662.6439466259387,inf
24,84,inf,inf,inf,1344.1298300387505,inf
24,85,inf,inf,inf,891.8032294177904,inf
24,86,inf,inf,inf,1040.6248123122955,inf
24,87,inf,inf,inf,379.0052770081177,inf
24,88,inf,inf,inf,568.6844467716696,inf
24,89,inf,inf,inf,1326.6687604673596,inf
24,90,inf,inf,inf,837.6061126806561,inf
24,91,inf,inf,inf,1182.8186674211731,inf
24,92,inf,inf,inf,485.00927826176684,inf
24,93,inf,inf,inf,1008.6228234578077,inf
24,94,inf,inf,inf,134.6291201783626,inf
24,95,inf,inf,inf,245.93698379869588,inf
24,96,inf,inf,inf,761.5937237136346,inf
24,97,inf,inf,inf,913.4029778799717,inf
24,98,inf,inf,inf,505.4463374088292,inf
24,99,inf,inf,inf,962.4744152443742,inf
24,100,inf,inf,inf,644.1746657545607,inf
24,101,inf,inf,inf,1250.837319558383,inf
24,102,inf,inf,inf,712.351738960466,inf
24,103,inf,inf,inf,975.3368648831029,inf
24,104,inf,inf,inf,596.6121017880881,inf
24,105,inf,inf,inf,1456.770400577936,inf
24,106,inf,inf,inf,175.04570831642803,inf
24,107,inf,inf,inf,1165.68134582312,inf
24,108,inf,inf,inf,724.6033397659716,inf
24,109,inf,inf,inf,373.5933618253943,inf
24,110,inf,inf,inf,982.5365133164263,inf
24,111,inf,inf,inf,322.14903383372115,inf
24,112,inf,inf,inf,892.7200008961377,inf
24,113,inf,inf,inf,1149.2136441932805,inf
24,114,inf,inf,inf,1403.3050274263255,inf
24,115,inf,inf,inf,1089.2685619258457,inf
24,116,inf,inf,inf,941.8927752138244,inf
24,117,inf,inf,inf,1267.4797828762398,inf
24,118,inf,inf,inf,268.00186566514793,inf
24,119,inf,inf,inf,1168.512302031947,inf
24,120,inf,inf,inf,746.3846193484965,inf
24,121,inf,inf,inf,567.031745143074,inf
24,122,inf,inf,inf,1184.191285223802,inf
24,123,inf,inf,inf,361.4484748895754,inf
24,124,inf,inf,inf,1233.5866406539915,inf
24,125,inf,inf,inf,1031.9118179379477,inf
24,126,inf,inf,inf,274.17147918775214,inf
24,127,inf,inf,inf,751.7020686415597,inf
24,128,inf,inf,inf,1426.1223650164104,inf
24,129,inf,inf,inf,1102.4382068850844,inf
24,130,inf,inf,inf,1210.67419234078,inf
24,131,inf,inf,inf,884.6174314357592,inf
24,132,inf,inf,inf,1371.3088638231725,inf
24,133,inf,inf,inf,946.9112946839318,inf
24,134,inf,inf,inf,931.1675466853428,inf
24,135,inf,inf,inf,877.7385715576136,inf
24,136,inf,inf,inf,535.4857607817411,inf
24,137,inf,inf,inf,926.2613022252414,inf
24,138,inf,inf,inf,1326.8918569348446,inf
25,26,1.0,55.4853,55.48528137423857,53.33854141237835,1.040247444062316
25,27,inf,inf,inf,839.9386882386118,inf
25,28,inf,inf,inf,932.0241413182385,inf
25,29,inf,inf,inf,478.0094141332365,inf
25,30,inf,inf,inf,529.340155287694,inf
25,31,inf,inf,inf,1177.8119544307572,inf
25,32,inf,inf,inf,1064.332654765417,inf
25,33,inf,inf,inf,827.3258124826035,inf
25,34,inf,inf,inf,69.77105417004964,inf
25,35,inf,inf,inf,630.4680800801893,inf
25,36,inf,inf,inf,829.0150782705946,inf
25,37,inf,inf,inf,555.533977358721,inf
25,38,inf,inf,inf,778.4375376354868,inf
25,39,inf,inf,inf,933.1971924518418,inf
25,40,inf,inf,inf,712.3012003359253,inf
25,41,inf,inf,inf,975.321998111393,inf
25,42,inf,inf,inf,852.8874486120662,inf
25,43,inf,inf,inf,1242.3622660077856,inf
25,44,inf,inf,inf,1080.0615723189119,inf
25,45,inf,inf,inf,888.7592474905676,inf
25,46,inf,inf,inf,153.87332452377834,inf
25,47,inf,inf,inf,408.71750635371615,inf
25,48,inf,inf,inf,765.9379870459488,inf
25,49,inf,inf,inf,941.8842816397351,inf
25,50,inf,inf,inf,1212.1551055867396,inf
25,51,inf,inf,inf,206.86710710018642,inf
25,52,inf,inf,inf,607.5664572703138,inf
25,53,inf,inf,inf,526.9250421075088,inf
25,54,inf,inf,inf,377.4453602841079,inf
25,55,inf,inf,inf,826.7006713436248,inf
25,56,inf,inf,inf,414.36698710201324,inf
25,57,inf,inf,inf,210.27838690650069,inf
25,58,inf,inf,inf,719.9805552929885,inf
25,59,inf,inf,inf,142.29898102235308,inf
25,60,inf,inf,inf,280.95729212818094,inf
25,61,inf,inf,inf,817.4227792274937,inf
25,62,inf,inf,inf,763.6314556119332,inf
25,63,inf,inf,inf,583.2495177880561,inf
25,64,inf,inf,inf,136.33048081775402,inf
25,65,inf,inf,inf,246.44877763949248,inf
25,66,inf,inf,inf,618.909524890351,inf
25,67,inf,inf,inf,788.9233169326408,inf
25,68,inf,inf,inf,1265.2276475006386,inf
25,69,inf,inf,inf,1134.3284356834224,inf
25,70,inf,inf,inf,321.6022387981775,inf
25,71,inf,inf,inf,959.8708246425662,inf
25,72,inf,inf,inf,374.89731927555846,inf
25,73,inf,inf,inf,452.5229275959396,inf
25,74,inf,inf,inf,912.9320894787301,inf
25,75,inf,inf,inf,811.459179503196,inf
25,76,inf,inf,inf,1264.424770399568,inf
25,77,inf,inf,inf,608.434877369797,inf
25,78,inf,inf,inf,742.2560205212216,inf
25,79,inf,inf,inf,506.06718921502903,inf
25,80,inf,inf,inf,717.5214282514495,inf
25,81,inf,inf,inf,605.6508895395102,inf
25,82,inf,inf,inf,558.9007067449459,inf
25,83,inf,inf,inf,326.0751447136074,inf
25,84,inf,inf,inf,1021.7538842598055,inf
25,85,inf,inf,inf,45.39823785126467,inf
25,86,inf,inf,inf,1063.1359273394912,inf
25,87,inf,inf,inf,1083.0904856012723,inf
25,88,inf,inf,inf,446.3630809105968,inf
25,89,inf,inf,inf,516.8713573027625,inf
25,90,inf,inf,inf,1140.9513574206396,inf
25,91,inf,inf,inf,1022.5859377089048,inf
25,92,inf,inf,inf,474.51027386137804,inf
25,93,inf,inf,inf,652.3756586507501,inf
25,94,inf,inf,inf,919.828788416627,inf
25,95,inf,inf,inf,703.4692601670665,inf
25,96,inf,inf,inf,296.56196654325043,inf
25,97,inf,inf,inf,134.4953530795767,inf
25,98,inf,inf,inf,815.3391932196072,inf
25,99,inf,inf,inf,662.2877018335763,inf
25,100,inf,inf,inf,748.540580062297,inf
25,101,inf,inf,inf,1277.810627597063,inf
25,102,inf,inf,inf,335.90028282214945,inf
25,103,inf,inf,inf,507.74009099144416,inf
25,104,inf,inf,inf,1176.9316037901267,inf
25,105,inf,inf,inf,1079.7564540209983,inf
25,106,inf,inf,inf,950.017368262286,inf
25,107,inf,inf,inf,626.039136156838,inf
25,108,inf,inf,inf,182.8332573685652,inf
25,109,inf,inf,inf,602.2640616872303,inf
25,110,inf,inf,inf,1286.831768336483,inf
25,111,inf,inf,inf,642.614970258241,inf
25,112,inf,inf,inf,616.9837923316949,inf
25,113,inf,inf,inf,282.57742301889584,inf
25,114,inf,inf,inf,791.7809040384847,inf
25,115,inf,inf,inf,1292.9423807734047,inf
25,116,inf,inf,inf,1041.648693178271,inf
25,117,inf,inf,inf,682.463918460163,inf
25,118,inf,inf,inf,632.7756316420537,inf
25,119,inf,inf,inf,1290.0670525209146,inf
25,120,inf,inf,inf,295.296461204668,inf
25,121,inf,inf,inf,784.112874527641,inf
25,122,inf,inf,inf,377.63077205121937,inf
25,123,inf,inf,inf,651.6632565980684,inf
25,124,inf,inf,inf,1217.7101461349496,inf
25,125,inf,inf,inf,172.9392957080605,inf
25,126,inf,inf,inf,603.675409471017,inf
25,127,inf,inf,inf,582.8636204121852,inf
25,128,inf,inf,inf,1060.9943449425166,inf
25,129,inf,inf,inf,239.240464804765,inf
25,130,inf,inf,inf,352.32087647484076,inf
25,131,inf,inf,inf,479.7103292613158,inf
25,132,inf,inf,inf,850.9112762209701,inf
25,133,inf,inf,inf,195.97193676646665,inf
25,134,inf,inf,inf,472.2298169323915,inf
25,135,inf,inf,inf,219.8021837926093,inf
25,136,inf,inf,inf,832.3250566935973,inf
25,137,inf,inf,inf,805.4526677589441,inf
25,138,inf,inf,inf,1252.4184604196794,inf
26,27,inf,inf,inf,883.4534509525672,inf
26,28,inf,inf,inf,977.4026805774578,inf
26,29,inf,inf,inf,528.7872918291437,inf
26,30,inf,inf,inf,580.4980620122689,inf
26,31,inf,inf,inf,1229.527551541648,inf
26,32,inf,inf,inf,1095.6555115546128,inf
26,33,inf,inf,inf,861.3646150150353,inf
26,34,inf,inf,inf,117.90250209389112,inf
26,35,inf,inf,inf,678.6199230791858,inf
26,36,inf,inf,inf,882.3361037609194,inf
26,37,inf,inf,inf,608.8653381495781,inf
26,38,inf,inf,inf,829.9602400115322,inf
26,39,inf,inf,inf,985.3902780117124,inf
26,40,inf,inf,inf,760.4275113381946,inf
26,41,inf,inf,inf,1019.9735290682793,inf
26,42,inf,inf,inf,885.3078560591225,inf
26,43,inf,inf,inf,1287.3511564448918,inf
26,44,inf,inf,inf,1130.8209407328818,inf
26,45,inf,inf,inf,929.268529543533,inf
26,46,inf,inf,inf,112.16059914247963,inf
26,47,inf,inf,inf,460.3314023613857,inf
26,48,inf,inf,inf,802.7353237524807,inf
26,49,inf,inf,inf,965.486923785092,inf
26,50,inf,inf,inf,1254.8629407230098,inf
26,51,inf,inf,inf,252.41434190631878,inf
26,52,inf,inf,inf,658.3767918145353,inf
26,53,inf,inf,inf,567.8177524523163,inf
26,54,inf,inf,inf,422.0426518730068,inf
26,55,inf,inf,inf,850.8542765949995,inf
26,56,inf,inf,inf,447.10289643436664,inf
26,57,inf,inf,inf,179.49373248110922,inf
26,58,inf,inf,inf,753.9502636115992,inf
26,59,inf,inf,inf,192.76929216034384,inf
26,60,inf,inf,inf,327.27358585745964,inf
26,61,inf,inf,inf,869.4647778949991,inf
26,62,inf,inf,inf,800.2499609497023,inf
26,63,inf,inf,inf,622.6756780218736,inf
26,64,inf,inf,inf,133.4053971921676,inf
26,65,inf,inf,inf,296.2195131992489,inf
26,66,inf,inf,inf,656.2331902609011,inf
26,67,inf,inf,inf,842.2618357731757,inf
26,68,inf,inf,inf,1318.1229077745368,inf
26,69,inf,inf,inf,1170.7911854809977,inf
26,70,inf,inf,inf,360.16801634792614,inf
26,71,inf,inf,inf,988.9959555023469,inf
26,72,inf,inf,inf,409.40078163090993,inf
26,73,inf,inf,inf,502.22106686199453,inf
26,74,inf,inf,inf,959.0828952702681,inf
26,75,inf,inf,inf,858.189373040706,inf
26,76,inf,inf,inf,1311.4941860336248,inf
26,77,inf,inf,inf,661.2185720319719,inf
26,78,inf,inf,inf,789.7474279793508,inf
26,79,inf,inf,inf,512.3602248418587,inf
26,80,inf,inf,inf,769.7921797472354,inf
26,81,inf,inf,inf,650.0,inf
26,82,inf,inf,inf,608.6583606589168,inf
26,83,inf,inf,inf,308.3018001893599,inf
26,84,inf,inf,inf,1072.4196939631424,inf
26,85,inf,inf,inf,14.422205101855956,inf
26,86,inf,inf,inf,1116.054210152894,inf
26,87,inf,inf,inf,1115.8467636732205,inf
26,88,inf,inf,inf,433.2585832963959,inf
26,89,inf,inf,inf,533.8773267333986,inf
26,90,inf,inf,inf,1189.5818593102367,inf
26,91,inf,inf,inf,1075.7048851799457,inf
26,92,inf,inf,inf,513.0077972116993,inf
26,93,inf,inf,inf,704.9347487533864,inf
26,94,inf,inf,inf,944.6290277140545,inf
26,95,inf,inf,inf,709.8985843062374,inf
26,96,inf,inf,inf,264.3066400982011,inf
26,97,inf,inf,inf,81.21576201698781,inf
26,98,inf,inf,inf,858.5947821877326,inf
26,99,inf,inf,inf,715.4355316868181,inf
26,100,inf,inf,inf,797.0508139384841,inf
26,101,inf,inf,inf,1331.0586012644221,inf
26,102,inf,inf,inf,309.30244098616487,inf
26,103,inf,inf,inf,559.5292664374224,inf
26,104,inf,inf,inf,1216.807708719829,inf
26,105,inf,inf,inf,1128.4737480331564,inf
26,106,inf,inf,inf,976.2223107468913,inf
26,107,inf,inf,inf,672.8595693010541,inf
26,108,inf,inf,inf,227.85302280198084,inf
26,109,inf,inf,inf,602.0705938675297,inf
26,110,inf,inf,inf,1336.4479039603452,inf
26,111,inf,inf,inf,675.4502202235187,inf
26,112,inf,inf,inf,670.3223105342682,inf
26,113,inf,inf,inf,271.7075633838705,inf
26,114,inf,inf,inf,831.0872397047135,inf
26,115,inf,inf,inf,1344.4928411858502,inf
26,116,inf,inf,inf,1093.6036759265214,inf
26,117,inf,inf,inf,725.4901791202966,inf
26,118,inf,inf,inf,659.8439209388838,inf
26,119,inf,inf,inf,1342.6727076990878,inf
26,120,inf,inf,inf,347.0864445638867,inf
26,121,inf,inf,inf,829.8686643077928,inf
26,122,inf,inf,inf,399.6248240537617,inf
26,123,inf,inf,inf,687.5638152200856,inf
26,124,inf,inf,inf,1271.0330444170206,inf
26,125,inf,inf,inf,181.4083790788066,inf
26,126,inf,inf,inf,627.6248879705138,inf
26,127,inf,inf,inf,634.93700474929,inf
26,128,inf,inf,inf,1110.2188973351156,inf
26,129,inf,inf,inf,218.10318658836692,inf
26,130,inf,inf,inf,353.09063992125306,inf
26,131,inf,inf,inf,532.9024300939151,inf
26,132,inf,inf,inf,895.5026521457097,inf
26,133,inf,inf,inf,240.86510747719356,inf
26,134,inf,inf,inf,524.7208781819149,inf
26,135,inf,inf,inf,171.81967291320282,inf
26,136,inf,inf,inf,876.5386471799176,inf
26,137,inf,inf,inf,858.6343808630073,inf
26,138,inf,inf,inf,1305.6680282522047,inf
27,28,inf,inf,inf,1005.5854016442363,inf
27,29,inf,inf,inf,689.2967430649879,inf
27,30,inf,inf,inf,676.8426700496948,inf
27,31,inf,inf,inf,506.7109629759356,inf
27,32,inf,inf,inf,1373.6946531161866,inf
27,33,inf,inf,inf,1159.4985985330038,inf
27,34,inf,inf,inf,818.8559091806079,inf
27,35,inf,inf,inf,244.03483357914297,inf
27,36,inf,inf,inf,499.9609984788813,inf
27,37,inf,inf,inf,521.8170177370607,inf
27,38,inf,inf,inf,299.3927186823354,inf
27,39,inf,inf,inf,381.8481373530582,inf
27,40,inf,inf,inf,184.87833837418594,inf
27,41,inf,inf,inf,140.42791745233566,inf
27,42,inf,inf,inf,1200.6664815842908,inf
27,43,inf,inf,inf,1232.34613644057,inf
27,44,inf,inf,inf,907.3753357899916,inf
27,45,inf,inf,inf,93.86160024205851,inf
27,46,inf,inf,inf,908.3226299063566,inf
27,47,inf,inf,inf,480.5132672465975,inf
27,48,inf,inf,inf,1077.780125999733,inf
27,49,inf,inf,inf,1381.84839978921,inf
27,50,inf,inf,inf,1269.2095965600008,inf
27,51,inf,inf,inf,633.1484817955421,inf
27,52,inf,inf,inf,321.6364407215078,inf
27,53,inf,inf,inf,319.23189063751136,inf
27,54,inf,inf,inf,462.58620818178315,inf
27,55,inf,inf,inf,1286.7933011948733,inf
27,56,inf,inf,inf,466.44721030358835,inf
27,57,inf,inf,inf,883.6764113633451,inf
27,58,inf,inf,inf,243.82165613415063,inf
27,59,inf,inf,inf,702.9153576356118,inf
27,60,inf,inf,inf,560.0303563200838,inf
27,61,inf,inf,inf,693.2827705922022,inf
27,62,inf,inf,inf,180.36074961032958,inf
27,63,inf,inf,inf,939.7047408627882,inf
27,64,inf,inf,inf,949.5583183775497,inf
27,65,inf,inf,inf,746.0321708880924,inf
27,66,inf,inf,inf,987.1575355534698,inf
27,67,inf,inf,inf,511.38341779920864,inf
27,68,inf,inf,inf,880.469193101042,inf
27,69,inf,inf,inf,1341.7399151847574,inf
27,70,inf,inf,inf,527.0151800470268,inf
27,71,inf,inf,inf,1325.182628923274,inf
27,72,inf,inf,inf,491.7082468293571,inf
27,73,inf,inf,inf,415.0951698104906,inf
27,74,inf,inf,inf,973.0498445609043,inf
27,75,inf,inf,inf,99.92497185388645,inf
27,76,inf,inf,inf,1185.8874314200316,inf
27,77,inf,inf,inf,594.0538696111659,inf
27,78,inf,inf,inf,151.0529708413575,inf
27,79,inf,inf,inf,1191.4012758092883,inf
27,80,inf,inf,inf,351.0697936308392,inf
27,81,inf,inf,inf,234.7977853387889,inf
27,82,inf,inf,inf,328.6959080974389,inf
27,83,inf,inf,inf,1134.7775112329289,inf
27,84,inf,inf,inf,338.0088756231114,inf
27,85,inf,inf,inf,869.5665586946177,inf
27,86,inf,inf,inf,738.6155969108695,inf
27,87,inf,inf,inf,1365.824293238336,inf
27,88,inf,inf,inf,1229.1806213897125,inf
27,89,inf,inf,inf,535.4857607817411,inf
27,90,inf,inf,inf,1040.667574204174,inf
27,91,inf,inf,inf,528.4590807243263,inf
27,92,inf,inf,inf,908.0908544853868,inf
27,93,inf,inf,inf,384.1054542700481,inf
27,94,inf,inf,inf,1350.254050169819,inf
27,95,inf,inf,inf,1348.9114129549057,inf
27,96,inf,inf,inf,1131.544077798121,inf
27,97,inf,inf,inf,954.0869981296255,inf
27,98,inf,inf,inf,987.8385495616174,inf
27,99,inf,inf,inf,440.23857168585306,inf
27,100,inf,inf,inf,819.1825193447429,inf
27,101,inf,inf,inf,829.8246802789129,inf
27,102,inf,inf,inf,1161.7237193067895,inf
27,103,inf,inf,inf,414.1074739726391,inf
27,104,inf,inf,inf,1306.9296078978393,inf
27,105,inf,inf,inf,309.3169895107606,inf
27,106,inf,inf,inf,1356.244815658294,inf
27,107,inf,inf,inf,229.61271741782946,inf
27,108,inf,inf,inf,805.8120128168853,inf
27,109,inf,inf,inf,1306.335714891084,inf
27,110,inf,inf,inf,1107.5202029759998,inf
27,111,inf,inf,inf,1059.5739709902277,inf
27,112,inf,inf,inf,501.0089819554137,inf
27,113,inf,inf,inf,792.9596458836982,inf
27,114,inf,inf,inf,116.37869220780924,inf
27,115,inf,inf,inf,1013.1796484335836,inf
27,116,inf,inf,inf,812.7318130847347,inf
27,117,inf,inf,inf,158.22136391777187,inf
27,118,inf,inf,inf,1119.203288058072,inf
27,119,inf,inf,inf,930.763127761301,inf
27,120,inf,inf,inf,695.1266071731106,inf
27,121,inf,inf,inf,912.6488919622924,inf
27,122,inf,inf,inf,561.7419336314497,inf
27,123,inf,inf,inf,1024.473523327958,inf
27,124,inf,inf,inf,756.111764225369,inf
27,125,inf,inf,inf,749.1041316132224,inf
27,126,inf,inf,inf,1131.175052765928,inf
27,127,inf,inf,inf,639.0719834259675,inf
27,128,inf,inf,inf,309.438200615244,inf
27,129,inf,inf,inf,844.7869553917129,inf
27,130,inf,inf,inf,713.0953652913473,inf
27,131,inf,inf,inf,501.42297514174595,inf
27,132,inf,inf,inf,33.12099032335839,inf
27,133,inf,inf,inf,643.9704962185767,inf
27,134,inf,inf,inf,461.50406282068633,inf
27,135,inf,inf,inf,1054.773909423247,inf
27,136,inf,inf,inf,975.8001844640121,inf
27,137,inf,inf,inf,575.8966921245511,inf
27,138,inf,inf,inf,713.7037200407464,inf
28,29,inf,inf,inf,481.4187366524074,inf
28,30,inf,inf,inf,444.08332551448046,inf
28,31,inf,inf,inf,871.6249193317043,inf
28,32,inf,inf,inf,412.70449476592813,inf
28,33,inf,inf,inf,310.9807067970616,inf
28,34,inf,inf,inf,862.269679392706,inf
28,35,inf,inf,inf,813.5557755925527,inf
28,36,inf,inf,inf,525.2437529376242,inf
28,37,inf,inf,inf,543.1620384378864,inf
28,38,inf,inf,inf,710.3703259568209,inf
28,39,inf,inf,inf,710.5561202325964,inf
28,40,inf,inf,inf,832.0636994846008,inf
28,41,inf,inf,inf,1047.3175258726458,inf
28,42,inf,inf,inf,340.70808619696714,inf
28,43,inf,inf,inf,310.53663229963706,inf
28,44,inf,inf,inf,289.38555596297476,inf
28,45,inf,inf,inf,1099.4180278674714,inf
28,46,inf,inf,inf,1085.887655330882,inf
28,47,inf,inf,inf,725.7637356605799,inf
28,48,inf,inf,inf,279.03404810166086,inf
28,49,inf,inf,inf,526.4304322510241,inf
28,50,inf,inf,inf,295.05423230314796,inf
28,51,inf,inf,inf,874.2614025564665,inf
28,52,inf,inf,inf,724.8116996848216,inf
28,53,inf,inf,inf,938.6186659128402,inf
28,54,inf,inf,inf,864.511422712274,inf
28,55,inf,inf,inf,497.4464795332258,inf
28,56,inf,inf,inf,1003.691685728242,inf
28,57,inf,inf,inf,1135.627579798941,inf
28,58,inf,inf,inf,1122.9857523584171,inf
28,59,inf,inf,inf,857.5709883152531,inf
28,60,inf,inf,inf,851.657208036191,inf
28,61,inf,inf,inf,316.98738145232215,inf
28,62,inf,inf,inf,1104.653791918536,inf
28,63,inf,inf,inf,378.8680509095482,inf
28,64,inf,inf,inf,899.0889833603791,inf
28,65,inf,inf,inf,690.0159418448243,inf
28,66,inf,inf,inf,369.0338737839658,inf
28,67,inf,inf,inf,500.81234010355615,inf
28,68,inf,inf,inf,576.3505877501991,inf
28,69,inf,inf,inf,340.28811322172277,inf
28,70,inf,inf,inf,928.5736373600104,inf
28,71,inf,inf,inf,421.17098665506387,inf
28,72,inf,inf,inf,975.6274903875967,inf
28,73,inf,inf,inf,768.1939859176197,inf
28,74,1.0,34.4853,34.48528137423857,32.55764119219941,1.059206997541978
28,75,inf,inf,inf,907.4387031640209,inf
28,76,inf,inf,inf,340.6537831875642,inf
28,77,inf,inf,inf,449.67766233158613,inf
28,78,inf,inf,inf,859.956394243336,inf
28,79,inf,inf,inf,752.1655402901678,inf
28,80,inf,inf,inf,654.8526551828281,inf
28,81,inf,inf,inf,898.2204629154248,inf
28,82,inf,inf,inf,760.2927067912726,inf
28,83,inf,inf,inf,940.2265684397564,inf
28,84,inf,inf,inf,848.5752765665519,inf
28,85,inf,inf,inf,975.1820342889833,inf
28,86,inf,inf,inf,453.3486517019765,inf
28,87,inf,inf,inf,390.72496720839325,inf
28,88,inf,inf,inf,923.4246043938833,inf
28,89,inf,inf,inf,1188.8687900689463,inf
28,90,inf,inf,inf,251.23096942853203,inf
28,91,inf,inf,inf,640.3569317185534,inf
28,92,inf,inf,inf,483.2235507505817,inf
28,93,inf,inf,inf,633.524269464083,inf
28,94,inf,inf,inf,498.0923609131142,inf
28,95,inf,inf,inf,753.9230729988305,inf
28,96,inf,inf,inf,1020.7536431480419,inf
28,97,inf,inf,inf,1045.4664030948102,inf
28,98,inf,inf,inf,134.03357788255897,inf
28,99,inf,inf,inf,573.6793529490145,inf
28,100,inf,inf,inf,211.0213259365034,inf
28,101,inf,inf,inf,649.0030816567822,inf
28,102,inf,inf,inf,998.3025593476158,inf
28,103,inf,inf,inf,694.4299820716269,inf
28,104,inf,inf,inf,304.54720487963766,inf
28,105,inf,inf,inf,970.9958805267919,inf
28,106,inf,inf,inf,478.0481147332348,inf
28,107,inf,inf,inf,847.7169338877218,inf
28,108,inf,inf,inf,749.7766334049095,inf
28,109,inf,inf,inf,820.5394566990669,inf
28,110,inf,inf,inf,408.36870595088453,inf
28,111,inf,inf,inf,406.90662319505196,inf
28,112,inf,inf,inf,529.6942514318991,inf
28,113,inf,inf,inf,1161.921253786159,inf
28,114,inf,inf,inf,1071.411218907101,inf
28,115,inf,inf,inf,490.1805789706483,inf
28,116,inf,inf,inf,345.6370929168338,inf
28,117,inf,inf,inf,949.3007953225364,inf
28,118,inf,inf,inf,487.34587307168204,inf
28,119,inf,inf,inf,563.0008880987667,inf
28,120,inf,inf,inf,656.4914317795777,inf
28,121,inf,inf,inf,148.22280526288793,inf
28,122,inf,inf,inf,1075.0404643547145,inf
28,123,inf,inf,inf,361.6019911449604,inf
28,124,inf,inf,inf,639.2691139105658,inf
28,125,inf,inf,inf,1034.2867107335373,inf
28,126,inf,inf,inf,537.9526001424289,inf
28,127,inf,inf,inf,429.2004193846972,inf
28,128,inf,inf,inf,938.8556864609171,inf
28,129,inf,inf,inf,1148.6274417756176,inf
28,130,inf,inf,inf,1174.5011707103574,inf
28,131,inf,inf,inf,620.4490309445249,inf
28,132,inf,inf,inf,983.9151386171472,inf
28,133,inf,inf,inf,881.800430936615,inf
28,134,inf,inf,inf,671.934520619383,inf
28,135,inf,inf,inf,1072.6835507268675,inf
28,136,inf,inf,inf,106.6770828247567,inf
28,137,inf,inf,inf,438.17005831069747,inf
28,138,inf,inf,inf,739.5843427223159,inf
29,30,inf,inf,inf,53.08483775994799,inf
29,31,inf,inf,inf,821.1077882957876,inf
29,32,inf,inf,inf,736.4977936151608,inf
29,33,inf,inf,inf,499.42066437022805,inf
29,34,inf,inf,inf,411.0048661512416,inf
29,35,inf,inf,inf,449.29834186206386,inf
29,36,inf,inf,inf,415.21681083501426,inf
29,37,inf,inf,inf,177.2596964907703,inf
29,38,inf,inf,inf,468.48052254069216,inf
29,39,inf,inf,inf,578.5239839453503,inf
29,40,inf,inf,inf,506.2430246433031,inf
29,41,inf,inf,inf,784.7611101475404,inf
29,42,inf,inf,inf,538.1542529795709,inf
29,43,inf,inf,inf,788.279772669577,inf
29,44,inf,inf,inf,602.0797289396148,inf
29,45,inf,inf,inf,774.3203471432221,inf
29,46,inf,inf,inf,628.8561043672869,inf
29,47,inf,inf,inf,269.75729832573575,inf
29,48,inf,inf,inf,418.186561237924,inf
29,49,inf,inf,inf,703.344154735077,inf
29,50,inf,inf,inf,774.9948386924909,inf
29,51,inf,inf,inf,393.0203557069277,inf
29,52,inf,inf,inf,367.72272162595556,inf
29,53,inf,inf,inf,508.4102674022231,inf
29,54,inf,inf,inf,399.8899848708392,inf
29,55,inf,inf,inf,601.8513105410672,inf
29,56,inf,inf,inf,538.0678395890243,inf
29,57,inf,inf,inf,668.7136906030861,inf
29,58,inf,inf,inf,721.7596552869937,inf
29,59,inf,inf,inf,381.9214578941592,inf
29,60,inf,inf,inf,372.54261501202785,inf
29,61,inf,inf,inf,345.09274115808347,inf
29,62,inf,inf,inf,724.3976808356028,inf
29,63,inf,inf,inf,254.04920783186867,inf
29,64,inf,inf,inf,487.1190819501942,inf
29,65,inf,inf,inf,233.07080469247967,inf
29,66,inf,inf,inf,303.00165016052307,inf
29,67,inf,inf,inf,369.57949077295945,inf
29,68,inf,inf,inf,801.8029683157827,inf
29,69,inf,inf,inf,753.2330316708103,inf
29,70,inf,inf,inf,453.01765969992823,inf
29,71,inf,inf,inf,664.2537165872691,inf
29,72,inf,inf,inf,505.37214011063173,inf
29,73,inf,inf,inf,328.7582698579611,inf
29,74,inf,inf,inf,456.80630468503824,inf
29,75,inf,inf,inf,610.6594795792496,inf
29,76,inf,inf,inf,797.6471651049729,inf
29,77,inf,inf,inf,161.62301816263673,inf
29,78,inf,inf,inf,541.7647090758127,inf
29,79,inf,inf,inf,546.7586304760081,inf
29,80,inf,inf,inf,391.637587573001,inf
29,81,inf,inf,inf,504.194406950335,inf
29,82,inf,inf,inf,369.7796641244621,inf
29,83,inf,inf,inf,602.4167992345499,inf
29,84,inf,inf,inf,705.0248222580535,inf
29,85,inf,inf,inf,523.2666624198412,inf
29,86,inf,inf,inf,602.0307301126745,inf
29,87,inf,inf,inf,739.995945934841,inf
29,88,inf,inf,inf,647.0741843096508,inf
29,89,inf,inf,inf,721.9646805765501,inf
29,90,inf,inf,inf,667.4616093828918,inf
29,91,inf,inf,inf,617.9619729400831,inf
29,92,inf,inf,inf,224.0557966221807,inf
29,93,inf,inf,inf,329.3706119252293,inf
29,94,inf,inf,inf,672.6693095422148,inf
29,95,inf,inf,inf,674.2729417676495,inf
29,96,inf,inf,inf,652.4185772952821,inf
29,97,inf,inf,inf,605.5774104109234,inf
29,98,inf,inf,inf,390.40619872128053,inf
29,99,inf,inf,inf,296.44561052577586,inf
29,100,inf,inf,inf,279.21676167450977,inf
29,101,inf,inf,inf,826.6686155891005,inf
29,102,inf,inf,inf,652.1502894272148,inf
29,103,inf,inf,inf,284.0862545073239,inf
29,104,inf,inf,inf,763.7571603592336,inf
29,105,inf,inf,inf,802.5241429390146,inf
29,106,inf,inf,inf,684.6911712589845,inf
29,107,inf,inf,inf,473.5271903491921,inf
29,108,inf,inf,inf,309.16176995223714,inf
29,109,inf,inf,inf,657.4077882106357,inf
29,110,inf,inf,inf,809.9956790008204,inf
29,111,inf,inf,inf,372.37749663479934,inf
29,112,inf,inf,inf,225.61028345356956,inf
29,113,inf,inf,inf,683.1698178344825,inf
29,114,inf,inf,inf,712.068816899041,inf
29,115,inf,inf,inf,816.4294213218924,inf
29,116,inf,inf,inf,567.5077091987386,inf
29,117,inf,inf,inf,576.499783174287,inf
29,118,inf,inf,inf,430.01627876163013,inf
29,119,inf,inf,inf,821.5120206059069,inf
29,120,inf,inf,inf,184.36105879496353,inf
29,121,inf,inf,inf,336.60956611480907,inf
29,122,inf,inf,inf,599.0826320300064,inf
29,123,inf,inf,inf,342.1461675950792,inf
29,124,inf,inf,inf,774.723821758438,inf
29,125,inf,inf,inf,557.0466766797914,inf
29,126,inf,inf,inf,444.6403040661069,inf
29,127,inf,inf,inf,117.34138229968147,inf
29,128,inf,inf,inf,774.696069436266,inf
29,129,inf,inf,inf,675.3258472767054,inf
29,130,inf,inf,inf,693.0981171522543,inf
29,131,inf,inf,inf,193.04144632694815,inf
29,132,inf,inf,inf,680.685683704307,inf
29,133,inf,inf,inf,400.8391198473522,inf
29,134,inf,inf,inf,242.52834885843757,inf
29,135,inf,inf,inf,659.0189678605617,inf
29,136,inf,inf,inf,396.6257681996973,inf
29,137,inf,inf,inf,361.7803200838874,inf
29,138,inf,inf,inf,829.5450560397549,inf
30,31,inf,inf,inf,778.9736837660179,inf
30,32,inf,inf,inf,724.240981994253,inf
30,33,inf,inf,inf,492.9147999401114,inf
30,34,inf,inf,inf,462.8747130703945,inf
30,35,inf,inf,inf,442.0916194636582,inf
30,36,inf,inf,inf,369.3196447523473,inf
30,37,inf,inf,inf,155.54099138169335,inf
30,38,inf,inf,inf,439.2083787907512,inf
30,39,inf,inf,inf,539.351462406472,inf
30,40,inf,inf,inf,492.2194632478484,inf
30,41,inf,inf,inf,764.9235255893232,inf
30,42,inf,inf,inf,532.9502791067849,inf
30,43,inf,inf,inf,747.5165550006234,inf
30,44,inf,inf,inf,550.9065256465927,inf
30,45,inf,inf,inf,764.4932962426813,inf
30,46,inf,inf,inf,679.342329021238,inf
30,47,inf,inf,inf,288.76461001999536,inf
30,48,inf,inf,inf,410.69940345707835,inf
30,49,inf,inf,inf,706.68026716472,inf
30,50,inf,inf,inf,738.9539904486611,inf
30,51,inf,inf,inf,434.6504342572316,inf
30,52,inf,inf,inf,356.3509506090871,inf
30,53,inf,inf,inf,520.2163011671203,inf
30,54,inf,inf,inf,424.6433797906191,inf
30,55,inf,inf,inf,609.9516374270996,inf
30,56,inf,inf,inf,563.961878144259,inf
30,57,inf,inf,inf,717.3395290934412,inf
30,58,inf,inf,inf,727.3960406821033,inf
30,59,inf,inf,inf,428.8519558075957,inf
30,60,inf,inf,inf,407.70822900697016,inf
30,61,inf,inf,inf,292.04280508172087,inf
30,62,inf,inf,inf,725.0999931043993,inf
30,63,inf,inf,inf,263.46346995361614,inf
30,64,inf,inf,inf,540.2008885590619,inf
30,65,inf,inf,inf,285.3769437077915,inf
30,66,inf,inf,inf,310.3868553917836,inf
30,67,inf,inf,inf,323.51970573676033,inf
30,68,inf,inf,inf,748.7656509215684,inf
30,69,inf,inf,inf,730.3163698014718,inf
30,70,inf,inf,inf,484.8020214479308,inf
30,71,inf,inf,inf,659.1668984407515,inf
30,72,inf,inf,inf,533.689984916337,inf
30,73,inf,inf,inf,341.32096331752024,inf
30,74,inf,inf,inf,417.80617515781165,inf
30,75,inf,inf,inf,593.5562315400285,inf
30,76,inf,inf,inf,752.7848298152667,inf
30,77,inf,inf,inf,116.27553482998907,inf
30,78,inf,inf,inf,527.0910737244561,inf
30,79,inf,inf,inf,586.6012274109218,inf
30,80,inf,inf,inf,362.6927073984256,inf
30,81,inf,inf,inf,505.460186364861,inf
30,82,inf,inf,inf,367.14710948065493,inf
30,83,inf,inf,inf,653.3513602955151,inf
30,84,inf,inf,inf,669.4131758488176,inf
30,85,inf,inf,inf,574.6738205277843,inf
30,86,inf,inf,inf,549.156626109528,inf
30,87,inf,inf,inf,724.8337740475398,inf
30,88,inf,inf,inf,694.3752587758294,inf
30,89,inf,inf,inf,748.9839784668294,inf
30,90,inf,inf,inf,620.136275345992,inf
30,91,inf,inf,inf,571.161098115059,inf
30,92,inf,inf,inf,254.80384612481814,inf
30,93,inf,inf,inf,304.6653902234384,inf
30,94,inf,inf,inf,675.3917381786662,inf
30,95,inf,inf,inf,704.2513755755114,inf
30,96,inf,inf,inf,704.865944701544,inf
30,97,inf,inf,inf,657.7613549000883,inf
30,98,inf,inf,inf,363.4350010662154,inf
30,99,inf,inf,inf,264.5789107241921,inf
30,100,inf,inf,inf,236.81216184985095,inf
30,101,inf,inf,inf,774.2254193708703,inf
30,102,inf,inf,inf,703.7229568516292,inf
30,103,inf,inf,inf,284.74023249270556,inf
30,104,inf,inf,inf,733.6709071511559,inf
30,105,inf,inf,inf,770.9481175799057,inf
30,106,inf,inf,inf,684.2368011149357,inf
30,107,inf,inf,inf,469.239810757783,inf
30,108,inf,inf,inf,362.067673232505,inf
30,109,inf,inf,inf,695.244561287609,inf
30,110,inf,inf,inf,760.5425694857587,inf
30,111,inf,inf,inf,383.5374818710682,inf
30,112,inf,inf,inf,192.89893727027115,inf
30,113,inf,inf,inf,727.2227994225703,inf
30,114,inf,inf,inf,708.1384045509748,inf
30,115,inf,inf,inf,764.1812612201375,inf
30,116,inf,inf,inf,514.7086554547145,inf
30,117,inf,inf,inf,573.7333875590648,inf
30,118,inf,inf,inf,448.736002567211,inf
30,119,inf,inf,inf,768.439978137525,inf
30,120,inf,inf,inf,234.53997527074142,inf
30,121,inf,inf,inf,303.29523570277195,inf
30,122,inf,inf,inf,631.3113336540063,inf
30,123,inf,inf,inf,347.66938317890464,inf
30,124,inf,inf,inf,722.96957059063,inf
30,125,inf,inf,inf,602.3993691895768,inf
30,126,inf,inf,inf,468.6800614491724,inf
30,127,inf,inf,inf,67.11929677819934,inf
30,128,inf,inf,inf,742.2802705178145,inf
30,129,inf,inf,inf,722.114256887371,inf
30,130,inf,inf,inf,732.4459024392177,inf
30,131,inf,inf,inf,196.21671692289624,inf
30,132,inf,inf,inf,665.8385690240541,inf
30,133,inf,inf,inf,443.1907038736259,inf
30,134,inf,inf,inf,248.76092940813675,inf
30,135,inf,inf,inf,712.0449424018121,inf
30,136,inf,inf,inf,365.95354896489255,inf
30,137,inf,inf,inf,311.61033358988595,inf
30,138,inf,inf,inf,779.5928424504679,inf
31,32,inf,inf,inf,1284.2293408889238,inf
31,33,inf,inf,inf,1134.1979545035338,inf
31,34,inf,inf,inf,1132.5427144262594,inf
31,35,inf,inf,inf,576.3028717610212,inf
31,36,inf,inf,inf,414.09781453178425,inf
31,37,inf,inf,inf,659.2670172244324,inf
31,38,inf,inf,inf,399.72990881343867,inf
31,39,inf,inf,inf,248.07257002740147,inf
31,40,inf,inf,inf,503.15007701480084,inf
31,41,inf,inf,inf,416.06249530569323,inf
31,42,inf,inf,inf,1173.4888154558612,inf
31,43,inf,inf,inf,979.0510711908751,inf
31,44,inf,inf,inf,644.43618768657,inf
31,45,inf,inf,inf,561.3644092744036,inf
31,46,inf,inf,inf,1288.8545301933807,inf
31,47,inf,inf,inf,769.197633901717,inf
31,48,inf,inf,inf,1065.3421985446741,inf
31,49,inf,inf,inf,1369.8164110566058,inf
31,50,inf,inf,inf,1048.8341146244243,inf
31,51,inf,inf,inf,986.7527552533106,inf
31,52,inf,inf,inf,573.2591037218685,inf
31,53,inf,inf,inf,749.5231817629125,inf
31,54,inf,inf,inf,836.2547458759203,inf
31,55,inf,inf,inf,1305.986600237537,inf
31,56,inf,inf,inf,903.7992033632249,inf
31,57,inf,inf,inf,1286.831768336483,inf
31,58,inf,inf,inf,749.2829905983452,inf
31,59,inf,inf,inf,1036.9349063465845,inf
31,60,inf,inf,inf,914.432064179729,inf
31,61,inf,inf,inf,590.0584716788668,inf
31,62,inf,inf,inf,687.0589494359273,inf
31,63,inf,inf,inf,1005.3720704296494,inf
31,64,inf,inf,inf,1249.5187073429513,inf
31,65,inf,inf,inf,994.2635465509132,inf
31,66,inf,inf,inf,1040.0480758118829,inf
31,67,inf,inf,inf,459.0697114818184,inf
31,68,inf,inf,inf,474.60509900337144,inf
31,69,inf,inf,inf,1197.1808551760257,inf
31,70,inf,inf,inf,922.5144985310529,inf
31,71,inf,inf,inf,1279.3205227776189,inf
31,72,inf,inf,inf,913.3810814769485,inf
31,73,inf,inf,inf,732.4069906820934,inf
31,74,inf,inf,inf,843.0670198744582,inf
31,75,inf,inf,inf,448.7638577247504,inf
31,76,inf,inf,inf,900.8024200677971,inf
31,77,inf,inf,inf,662.7216610312356,inf
31,78,inf,inf,inf,488.00102458908833,inf
31,79,inf,inf,inf,1365.5259060157007,inf
31,80,inf,inf,inf,462.15365410218277,inf
31,81,inf,inf,inf,647.2789197865168,inf
31,82,inf,inf,inf,628.1695630958253,inf
31,83,inf,inf,inf,1403.933046836636,inf
31,84,inf,inf,inf,175.4821928287882,inf
31,85,inf,inf,inf,1217.8875153313627,inf
31,86,inf,inf,inf,439.5600072800072,inf
31,87,inf,inf,inf,1261.849436343338,inf
31,88,inf,inf,inf,1464.4032914467243,inf
31,89,inf,inf,inf,1019.8906804162885,inf
31,90,inf,inf,inf,780.1852344155201,inf
31,91,inf,inf,inf,233.97649454592656,inf
31,92,inf,inf,inf,1030.2839414452696,inf
31,93,inf,inf,inf,529.5101509886283,inf
31,94,inf,inf,inf,1338.5193312014585,inf
31,95,inf,inf,inf,1470.268682928396,inf
31,96,inf,inf,inf,1433.1071139311255,inf
31,97,inf,inf,inf,1309.4922680184102,inf
31,98,inf,inf,inf,923.6693131202313,inf
31,99,inf,inf,inf,535.6510057864168,inf
31,100,inf,inf,inf,771.0771686413754,inf
31,101,inf,inf,inf,394.44264475332784,inf
31,102,inf,inf,inf,1446.3699388469051,inf
31,103,inf,inf,inf,670.0723841496529,inf
31,104,inf,inf,inf,1122.7969540393312,inf
31,105,inf,inf,inf,221.6325788326256,inf
31,106,inf,inf,inf,1328.7061375639084,inf
31,107,inf,inf,inf,597.18171438851,inf
31,108,inf,inf,inf,1072.629013219389,inf
31,109,inf,inf,inf,1473.1615661562719,inf
31,110,inf,inf,inf,777.7049569084667,inf
31,111,inf,inf,inf,1114.208687813912,inf
31,112,inf,inf,inf,600.3082541494828,inf
31,113,inf,inf,inf,1223.7699947294018,inf
31,114,inf,inf,inf,623.0409296346429,inf
31,115,inf,inf,inf,642.1627519562311,inf
31,116,inf,inf,inf,550.9673311549425,inf
31,117,inf,inf,inf,611.3018894130788,inf
31,118,inf,inf,inf,1195.0916282863,inf
31,119,inf,inf,inf,528.5640926131854,inf
31,120,inf,inf,inf,932.2494301419551,inf
31,121,inf,inf,inf,853.3627599092897,inf
31,122,inf,inf,inf,1008.5008676248127,inf
31,123,inf,inf,inf,1065.9990619132832,inf
31,124,inf,inf,inf,333.7139493638227,inf
31,125,inf,inf,inf,1145.3929456741037,inf
31,126,inf,inf,inf,1227.1189836360613,inf
31,127,inf,inf,inf,713.8522256041512,inf
31,128,inf,inf,inf,206.15528128088303,inf
31,129,inf,inf,inf,1260.6066000144533,inf
31,130,inf,inf,inf,1163.3559214616996,inf
31,131,inf,inf,inf,710.3104954877127,inf
31,132,inf,inf,inf,474.32162084391643,inf
31,133,inf,inf,inf,999.1086027054316,inf
31,134,inf,inf,inf,707.2213232079474,inf
31,135,inf,inf,inf,1395.72490126099,inf
31,136,inf,inf,inf,898.2883724060999,inf
31,137,inf,inf,inf,492.2001625355278,inf
31,138,inf,inf,inf,246.5866987491418,inf
32,33,inf,inf,inf,243.6062396573618,inf
32,34,inf,inf,inf,999.7119585160517,inf
32,35,inf,inf,inf,1156.0181659472312,inf
32,36,inf,inf,inf,922.7058036015596,inf
32,37,inf,inf,inf,865.9157002849643,inf
32,38,inf,inf,inf,1091.183302658174,inf
32,39,inf,inf,inf,1113.9681323987684,inf
32,40,inf,inf,inf,1191.5473133703085,inf
32,41,inf,inf,inf,1433.558160661785,inf
32,42,inf,inf,inf,212.40762698170704,inf
32,43,inf,inf,inf,474.3711626985772,inf
32,44,inf,inf,inf,678.3133494189835,inf
32,45,inf,inf,inf,1466.0576387031992,inf
32,46,inf,inf,inf,1207.160718380117,inf
32,47,inf,inf,inf,1006.249472049551,inf
32,48,inf,inf,inf,320.2577087284551,inf
32,49,inf,inf,inf,213.05867736377226,inf
32,50,inf,inf,inf,378.38076061026146,inf
32,51,inf,inf,inf,1084.9783407976402,inf
32,52,inf,inf,inf,1066.7412994723697,inf
32,53,inf,inf,inf,1243.5634282174753,inf
32,54,inf,inf,inf,1133.112968772311,inf
32,55,inf,inf,inf,284.0739340383063,inf
32,56,inf,inf,inf,1268.428949527722,inf
32,57,inf,inf,inf,1273.4382592022278,inf
32,58,inf,inf,inf,1451.0933808683712,inf
32,59,inf,inf,inf,1042.2825912390554,inf
32,60,inf,inf,inf,1088.974288034387,inf
32,61,inf,inf,inf,714.5180193669016,inf
32,62,inf,inf,inf,1445.394409841134,inf
32,63,inf,inf,inf,504.7137802755142,inf
32,64,inf,inf,inf,980.8496316969283,inf
32,65,inf,inf,inf,865.2150021815387,inf
32,66,inf,inf,inf,459.10891953870816,inf
32,67,inf,inf,inf,891.77799928009,inf
32,68,inf,inf,inf,958.7205015018715,inf
32,69,inf,inf,inf,157.16551784663199,inf
32,70,inf,inf,inf,1174.5058535401174,inf
32,71,inf,inf,inf,117.38824472663352,inf
32,72,inf,inf,inf,1232.4706893066464,inf
32,73,inf,inf,inf,1063.9534764264836,inf
32,74,inf,inf,inf,441.27655727446023,inf
32,75,inf,inf,inf,1279.8632739476511,inf
32,76,inf,inf,inf,569.4646608877499,inf
32,77,inf,inf,inf,782.6653179999737,inf
32,78,inf,inf,inf,1223.315167894194,inf
32,79,inf,inf,inf,682.4573246731256,inf
32,80,inf,inf,inf,1026.21488977699,inf
32,81,inf,inf,inf,1227.5198572731929,inf
32,82,inf,inf,inf,1087.6626315176964,inf
32,83,inf,inf,inf,937.6145263379829,inf
32,84,inf,inf,inf,1253.987639492511,inf
32,85,inf,inf,inf,1098.929024095733,inf
32,86,inf,inf,inf,862.2122708474984,inf
32,87,inf,inf,inf,41.48493702538308,inf
32,88,inf,inf,inf,867.1724165354892,inf
32,89,inf,inf,inf,1448.455729389062,inf
32,90,inf,inf,inf,582.7881261659335,inf
32,91,inf,inf,inf,1052.3697068996237,inf
32,92,inf,inf,inf,600.7495318350236,inf
32,93,inf,inf,inf,989.9989898984746,inf
32,94,inf,inf,inf,206.6422028531442,inf
32,95,inf,inf,inf,575.6083738098326,inf
32,96,inf,inf,inf,1034.713970138608,inf
32,97,inf,inf,inf,1142.6394882026439,inf
32,98,inf,inf,inf,387.00129198750744,inf
32,99,inf,inf,inf,933.5057578826174,inf
32,100,inf,inf,inf,557.0323150410576,inf
32,101,inf,inf,inf,1040.6248123122955,inf
32,102,inf,inf,inf,993.203403135531,inf
32,103,inf,inf,inf,1008.121024480692,inf
32,104,inf,inf,inf,272.3306813416366,inf
32,105,inf,inf,inf,1375.2010762066761,inf
32,106,inf,inf,inf,164.87874332369228,inf
32,107,inf,inf,inf,1186.4691314990037,inf
32,108,inf,inf,inf,892.8605714219887,inf
32,109,inf,inf,inf,692.2210629560473,inf
32,110,inf,inf,inf,705.2517281084819,inf
32,111,inf,inf,inf,422.15873791738574,inf
32,112,inf,inf,inf,874.540450751136,inf
32,113,inf,inf,inf,1336.3031093281195,inf
32,114,inf,inf,inf,1422.5670458716525,inf
32,115,inf,inf,inf,834.6208720131555,inf
32,116,inf,inf,inf,751.3321502504734,inf
32,117,inf,inf,inf,1291.354715018302,inf
32,118,inf,inf,inf,441.09069362207134,inf
32,119,inf,inf,inf,933.7692434429397,inf
32,120,inf,inf,inf,860.0209299778697,inf
32,121,inf,inf,inf,463.03887525779083,inf
32,122,inf,inf,inf,1315.4607557810305,inf
32,123,inf,inf,inf,421.1424937001727,inf
32,124,inf,inf,inf,1041.0427464806621,inf
32,125,inf,inf,inf,1209.621428381624,inf
32,126,inf,inf,inf,482.895433815645,inf
32,127,inf,inf,inf,743.2482761500358,inf
32,128,inf,inf,inf,1343.1399778131838,inf
32,129,inf,inf,inf,1302.6895255585653,inf
32,130,inf,inf,inf,1377.5986353071057,inf
32,131,inf,inf,inf,920.4574949447693,inf
32,132,inf,inf,inf,1356.1983630723053,inf
32,133,inf,inf,inf,1088.5021818995128,inf
32,134,inf,inf,inf,972.9342218259156,inf
32,135,inf,inf,inf,1131.143227005316,inf
32,136,inf,inf,inf,403.0446625375406,inf
32,137,inf,inf,inf,833.3894647762233,inf
32,138,inf,inf,inf,1145.0851496722853,inf
33,34,inf,inf,inf,761.2726187115887,inf
33,35,inf,inf,inf,932.5073726250104,inf
33,36,inf,inf,inf,742.5159930937515,inf
33,37,inf,inf,inf,641.6556709014578,inf
33,38,inf,inf,inf,890.0792099583048,inf
33,39,inf,inf,inf,937.0021344692871,inf
33,40,inf,inf,inf,975.1312732140221,inf
33,41,inf,inf,inf,1231.43858961785,inf
33,42,3.0,54.313700000000004,54.31370849898476,41.43669871020132,1.310763409962803
33,43,inf,inf,inf,528.8515859860875,inf
33,44,inf,inf,inf,599.6507316763651,inf
33,45,inf,inf,inf,1250.0483990630123,inf
33,46,inf,inf,inf,973.4253951895852,inf
33,47,inf,inf,inf,768.3033255166868,inf
33,48,inf,inf,inf,82.29823813423954,inf
33,49,inf,inf,inf,236.08896628178115,inf
33,50,inf,inf,inf,457.58059399410723,inf
33,51,inf,inf,inf,841.400023769907,inf
33,52,inf,inf,inf,844.5691209131435,inf
33,53,inf,inf,inf,1007.8303428653059,inf
33,54,inf,inf,inf,892.300958197401,inf
33,55,inf,inf,inf,186.63868837944614,inf
33,56,inf,inf,inf,1026.528129181076,inf
33,57,inf,inf,inf,1037.345169169838,inf
33,58,inf,inf,inf,1219.5244974989228,inf
33,59,inf,inf,inf,799.4904627323581,inf
33,60,inf,inf,inf,845.8516418379762,inf
33,61,inf,inf,inf,544.9183425064713,inf
33,62,inf,inf,inf,1217.9577168358514,inf
33,63,inf,inf,inf,261.19724347703215,inf
33,64,inf,inf,inf,752.6021525347904,inf
33,65,inf,inf,inf,622.0972592770362,inf
33,66,inf,inf,inf,215.60380330597138,inf
33,67,inf,inf,inf,705.5352578007708,inf
33,68,inf,inf,inf,885.7680283234431,inf
33,69,inf,inf,inf,314.0143308831621,inf
33,70,inf,inf,inf,931.5664227525593,inf
33,71,inf,inf,inf,166.43316977093238,inf
33,72,inf,inf,inf,990.050503762308,inf
33,73,inf,inf,inf,828.1575936982043,inf
33,74,inf,inf,inf,325.73148450832934,inf
33,75,inf,inf,inf,1069.4942730094444,inf
33,76,inf,inf,inf,599.3680004805061,inf
33,77,inf,inf,inf,565.5979137160957,inf
33,78,inf,inf,inf,1008.4463297568195,inf
33,79,inf,inf,inf,500.16397311281827,inf
33,80,inf,inf,inf,819.998170729667,inf
33,81,inf,inf,inf,998.369170197077,inf
33,82,inf,inf,inf,859.8290527773529,inf
33,83,inf,inf,inf,734.2540432302706,inf
33,84,inf,inf,inf,1078.022727033155,inf
33,85,inf,inf,inf,863.6926536679584,inf
33,86,inf,inf,inf,746.5935976151952,inf
33,87,inf,inf,inf,256.9065978132909,inf
33,88,inf,inf,inf,684.6342089028271,inf
33,89,inf,inf,inf,1205.6566675467773,inf
33,90,inf,inf,inf,550.8556979826931,inf
33,91,inf,inf,inf,900.4276761628332,inf
33,92,inf,inf,inf,358.40200892294115,inf
33,93,inf,inf,inf,776.1919865600263,inf
33,94,inf,inf,inf,204.50183373260984,inf
33,95,inf,inf,inf,456.5402501423067,inf
33,96,inf,inf,inf,827.3626774274992,inf
33,97,inf,inf,inf,913.1533277604589,inf
33,98,inf,inf,inf,212.7580785775243,inf
33,99,inf,inf,inf,723.1106416033441,inf
33,100,inf,inf,inf,367.2887147735416,inf
33,101,inf,inf,inf,954.9722509057527,inf
33,102,inf,inf,inf,792.0031565593663,inf
33,103,inf,inf,inf,777.53713737673,inf
33,104,inf,inf,inf,384.33839256571804,inf
33,105,inf,inf,inf,1195.2715172712851,inf
33,106,inf,inf,inf,199.90247622278218,inf
33,107,inf,inf,inf,961.0894859481087,inf
33,108,inf,inf,inf,652.5273940609696,inf
33,109,inf,inf,inf,543.1555946503727,inf
33,110,inf,inf,inf,701.78344238091,inf
33,111,inf,inf,inf,186.63868837944614,inf
33,112,inf,inf,inf,658.729838401146,inf
33,113,inf,inf,inf,1095.6431900942935,inf
33,114,inf,inf,inf,1199.4102717585838,inf
33,115,inf,inf,inf,798.7990986474634,inf
33,116,inf,inf,inf,646.3342788371974,inf
33,117,inf,inf,inf,1065.8916455250037,inf
33,118,inf,inf,inf,230.5666931714119,inf
33,119,inf,inf,inf,873.876993632399,inf
33,120,inf,inf,inf,616.4705994611584,inf
33,121,inf,inf,inf,280.85049403552773,inf
33,122,inf,inf,inf,1072.024719864239,inf
33,123,inf,inf,inf,178.21616088334974,inf
33,124,inf,inf,inf,938.7150792439631,inf
33,125,inf,inf,inf,968.2974749528164,inf
33,126,inf,inf,inf,280.8629559055448,inf
33,127,inf,inf,inf,521.0086371644908,inf
33,128,inf,inf,inf,1163.7736034126226,inf
33,129,inf,inf,inf,1064.3345338755105,inf
33,130,inf,inf,inf,1134.75724276164,inf
33,131,inf,inf,inf,688.0130812709887,inf
33,132,inf,inf,inf,1144.7349038096113,inf
33,133,inf,inf,inf,844.9881655976018,inf
33,134,inf,inf,inf,739.6925036797385,inf
33,135,inf,inf,inf,911.2831612621842,inf
33,136,inf,inf,inf,241.4560001325293,inf
33,137,inf,inf,inf,654.1819318813383,inf
33,138,inf,inf,inf,1033.5898606313822,inf
34,35,inf,inf,inf,598.9273745622252,inf
34,36,inf,inf,inf,773.1041327014104,inf
34,37,inf,inf,inf,498.30312060030286,inf
34,38,inf,inf,inf,734.7986118658636,inf
34,39,inf,inf,inf,886.1405080459871,inf
34,40,inf,inf,inf,680.3359464264695,inf
34,41,inf,inf,inf,951.1177634762164,inf
34,42,inf,inf,inf,787.7848691108505,inf
34,43,inf,inf,inf,1172.595411896192,inf
34,44,inf,inf,inf,1012.9782820969066,inf
34,45,inf,inf,inf,873.8403744391763,inf
34,46,inf,inf,inf,223.61797781037194,inf
34,47,inf,inf,inf,367.03405836516043,inf
34,48,inf,inf,inf,698.4590181249005,inf
34,49,inf,inf,inf,883.0956913041757,inf
34,50,inf,inf,inf,1142.5462791502146,inf
34,51,inf,inf,inf,192.89893727027115,inf
34,52,inf,inf,inf,567.5077091987386,inf
34,53,inf,inf,inf,513.9513595662531,inf
34,54,inf,inf,inf,358.63212349146863,inf
34,55,inf,inf,inf,767.7043701842526,inf
34,56,inf,inf,inf,418.7027585292459,inf
34,57,inf,inf,inf,278.30379084734005,inf
34,58,inf,inf,inf,718.2701441658285,inf
34,59,inf,inf,inf,118.1905241548577,inf
34,60,inf,inf,inf,260.6012279326404,inf
34,61,inf,inf,inf,752.5583033891793,inf
34,62,inf,inf,inf,756.8863851331981,inf
34,63,inf,inf,inf,514.7581956608365,inf
34,64,inf,inf,inf,131.03434664239754,inf
34,65,inf,inf,inf,178.31713322056297,inf
34,66,inf,inf,inf,551.3302095840568,inf
34,67,inf,inf,inf,731.9043653374395,inf
34,68,inf,inf,inf,1203.0265998721725,inf
34,69,inf,inf,inf,1066.7919197294289,inf
34,70,inf,inf,inf,317.80497164141406,inf
34,71,inf,inf,inf,896.832202811652,inf
34,72,inf,inf,inf,377.11536696347974,inf
34,73,inf,inf,inf,417.80019147913276,inf
34,74,inf,inf,inf,843.2538170681471,inf
34,75,inf,inf,inf,782.7962697918277,inf
34,76,inf,inf,inf,1194.9502081676876,inf
34,77,inf,inf,inf,546.0741707863502,inf
34,78,inf,inf,inf,711.9016786045669,inf
34,79,inf,inf,inf,466.84044383493597,inf
34,80,inf,inf,inf,670.6153890271233,inf
34,81,inf,inf,inf,584.1549451986176,inf
34,82,inf,inf,inf,522.9168193890879,inf
34,83,inf,inf,inf,321.6224494652076,inf
34,84,inf,inf,inf,980.7777526024945,inf
34,85,inf,inf,inf,113.54734695271397,inf
34,86,inf,inf,inf,1001.1123813039173,inf
34,87,inf,inf,inf,1017.5701450022991,inf
34,88,inf,inf,inf,432.134238402837,inf
34,89,inf,inf,inf,542.4463107073362,inf
34,90,inf,inf,inf,1072.0867502212682,inf
34,91,inf,inf,inf,969.4338554022136,inf
34,92,inf,inf,inf,406.5907032877166,inf
34,93,inf,inf,inf,604.0943634896787,inf
34,94,inf,inf,inf,860.1098767018084,inf
34,95,inf,inf,inf,662.2605227552069,inf
34,96,inf,inf,inf,313.6000637755037,inf
34,97,inf,inf,inf,195.36888186197925,inf
34,98,inf,inf,inf,745.6822379539424,inf
34,99,inf,inf,inf,609.4792859482593,inf
34,100,inf,inf,inf,679.5859033264301,inf
34,101,inf,inf,inf,1218.1116533388883,inf
34,102,inf,inf,inf,343.2855953866984,inf
34,103,inf,inf,inf,464.2628565801921,inf
34,104,inf,inf,inf,1108.0162453682708,inf
34,105,inf,inf,inf,1044.8397006239761,inf
34,106,inf,inf,inf,889.1439703445106,inf
34,107,inf,inf,inf,598.2081577511293,inf
34,108,inf,inf,inf,113.20777358467925,inf
34,109,inf,inf,inf,569.4646608877499,inf
34,110,inf,inf,inf,1218.617249180398,inf
34,111,inf,inf,inf,577.5898198548863,inf
34,112,inf,inf,inf,560.3614904684297,inf
34,113,inf,inf,inf,339.5673718130174,inf
34,114,inf,inf,inf,779.7544485285096,inf
34,115,inf,inf,inf,1227.0093724173423,inf
34,116,inf,inf,inf,976.5346896040099,inf
34,117,inf,inf,inf,663.3829964658426,inf
34,118,inf,inf,inf,571.9868879616035,inf
34,119,inf,inf,inf,1226.6853712342054,inf
34,120,inf,inf,inf,230.31283073246266,inf
34,121,inf,inf,inf,714.3815507136225,inf
34,122,inf,inf,inf,399.2054608844924,inf
34,123,inf,inf,inf,584.7811556471361,inf
34,124,inf,inf,inf,1159.3627560000364,inf
34,125,inf,inf,inf,219.1255347968374,inf
34,126,inf,inf,inf,545.6189146281496,inf
34,127,inf,inf,inf,518.1833652289506,inf
34,128,inf,inf,inf,1024.621393491274,inf
34,129,inf,inf,inf,303.1171390733292,inf
34,130,inf,inf,inf,398.4595337044905,inf
34,131,inf,inf,inf,427.09483724343943,inf
34,132,inf,inf,inf,827.3197688922947,inf
34,133,inf,inf,inf,184.70787747142785,inf
34,134,inf,inf,inf,425.3292842022519,inf
34,135,inf,inf,inf,264.841462010766,inf
34,136,inf,inf,inf,762.5726194927274,inf
34,137,inf,inf,inf,745.3388491149512,inf
34,138,inf,inf,inf,1197.5391434103522,inf
35,36,inf,inf,inf,370.4699717925867,inf
35,37,inf,inf,inf,290.99140880788906,inf
35,38,inf,inf,inf,199.88246546408217,inf
35,39,inf,inf,inf,357.7163680906984,inf
35,40,inf,inf,inf,81.83520025025906,inf
35,41,inf,inf,inf,359.8180095548304,inf
35,42,inf,inf,inf,973.135653442006,inf
35,43,inf,inf,inf,1072.0830191734221,inf
35,44,inf,inf,inf,773.3104163271047,inf
35,45,inf,inf,inf,325.35672730097343,inf
35,46,inf,inf,inf,723.1548935048424,inf
35,47,inf,inf,inf,242.0743687382041,inf
35,48,inf,inf,inf,850.2452587342078,inf
35,49,inf,inf,inf,1148.6966527330007,inf
35,50,inf,inf,inf,1094.5510495175636,inf
35,51,inf,inf,inf,426.9800932127867,inf
35,52,inf,inf,inf,89.73850901368932,inf
35,53,inf,inf,inf,184.88915598271305,inf
35,54,inf,inf,inf,264.1685068285014,inf
35,55,inf,inf,inf,1050.2152160390744,inf
35,56,inf,inf,inf,331.6654941352808,inf
35,57,inf,inf,inf,714.1631466268755,inf
35,58,inf,inf,inf,311.20732639190874,inf
35,59,inf,inf,inf,488.71361757168177,inf
35,60,inf,inf,inf,352.120717936335,inf
35,61,inf,inf,inf,520.63230787188,inf
35,62,inf,inf,inf,291.95376346264146,inf
35,63,inf,inf,inf,702.2036741572917,inf
35,64,inf,inf,inf,727.1781074812415,inf
35,65,inf,inf,inf,507.1932570529699,inf
35,66,inf,inf,inf,750.483177692878,inf
35,67,inf,inf,inf,360.62445840513925,inf
35,68,inf,inf,inf,822.4262884903425,inf
35,69,inf,inf,inf,1139.4441627390086,inf
35,70,inf,inf,inf,347.55431230240833,inf
35,71,inf,inf,inf,1098.9240192115194,inf
35,72,inf,inf,inf,337.6536687198882,inf
35,73,inf,inf,inf,181.8378398463862,inf
35,74,inf,inf,inf,781.693674018154,inf
35,75,inf,inf,inf,185.39687160251654,inf
35,76,inf,inf,inf,1041.4240250733608,inf
35,77,inf,inf,inf,374.4288984573707,inf
35,78,inf,inf,inf,113.21660655575224,inf
35,79,inf,inf,inf,948.6843521424815,inf
35,80,inf,inf,inf,191.81501505356664,inf
35,81,inf,inf,inf,96.21330469326995,inf
35,82,inf,inf,inf,84.970583144992,inf
35,83,inf,inf,inf,906.0049668738026,inf
35,84,inf,inf,inf,406.3213014352066,inf
35,85,inf,inf,inf,665.6162558111092,inf
35,86,inf,inf,inf,644.0155277631122,inf
35,87,inf,inf,inf,1151.8650094520624,inf
35,88,inf,inf,inf,994.0754498527765,inf
35,89,inf,inf,inf,475.30411317387103,inf
35,90,inf,inf,inf,894.2706525431772,inf
35,91,inf,inf,inf,490.6526266107214,inf
35,92,inf,inf,inf,665.2773857572494,inf
35,93,inf,inf,inf,183.17205026968497,inf
35,94,inf,inf,inf,1117.4582766260223,inf
35,95,inf,inf,inf,1104.876916221893,inf
35,96,inf,inf,inf,912.1386955940418,inf
35,97,inf,inf,inf,754.9920529383074,inf
35,98,inf,inf,inf,775.7654284640429,inf
35,99,inf,inf,inf,242.7364826308563,inf
35,100,inf,inf,inf,612.7291408118273,inf
35,101,inf,inf,inf,796.0113064523644,inf
35,102,inf,inf,inf,937.4097289872769,inf
35,103,inf,inf,inf,170.13524032369074,inf
35,104,inf,inf,inf,1118.1028575225089,inf
35,105,inf,inf,inf,450.12442724206824,inf
35,106,inf,inf,inf,1126.035967453971,inf
35,107,inf,inf,inf,36.124783736376884,inf
35,108,inf,inf,inf,571.7219603968349,inf
35,109,inf,inf,inf,1063.5957878818438,inf
35,110,inf,inf,inf,988.680939433951,inf
35,111,inf,inf,inf,821.3963720397114,inf
35,112,inf,inf,inf,285.63088068344433,inf
35,113,inf,inf,inf,647.47200711691,inf
35,114,inf,inf,inf,266.9925092582187,inf
35,115,inf,inf,inf,922.7794969547167,inf
35,116,inf,inf,inf,689.1922808621698,inf
35,117,inf,inf,inf,136.40014662748717,inf
35,118,inf,inf,inf,878.0279038846089,inf
35,119,inf,inf,inf,865.5270070887448,inf
35,120,inf,inf,inf,453.8039224158381,inf
35,121,inf,inf,inf,703.1649877518078,inf
35,122,inf,inf,inf,436.6062299143245,inf
35,123,inf,inf,inf,788.7160452279388,inf
35,124,inf,inf,inf,723.5689324452785,inf
35,125,inf,inf,inf,573.1055749161754,inf
35,126,inf,inf,inf,888.4154433596931,inf
35,127,inf,inf,inf,413.03752856126766,inf
35,128,inf,inf,inf,433.09698682858556,inf
35,129,inf,inf,inf,685.3918587202506,inf
35,130,inf,inf,inf,590.013559166228,inf
35,131,inf,inf,inf,258.58847615468096,inf
35,132,inf,inf,inf,241.66091947189145,inf
35,133,inf,inf,inf,438.94988324408973,inf
35,134,inf,inf,inf,217.46953809671828,inf
35,135,inf,inf,inf,849.9064654419332,inf
35,136,inf,inf,inf,768.0397125149194,inf
35,137,inf,inf,inf,419.5616760382197,inf
35,138,inf,inf,inf,716.7049602172431,inf
36,37,inf,inf,inf,275.0781707078917,inf
36,38,inf,inf,inf,201.93315725754402,inf
36,39,inf,inf,inf,194.48650338776724,inf
36,40,inf,inf,inf,351.728588545202,inf
36,41,inf,inf,inf,523.9895037116679,inf
36,42,inf,inf,inf,783.3013468646661,inf
36,43,inf,inf,inf,732.4274708119569,inf
36,44,inf,inf,inf,411.41827864109297,inf
36,45,inf,inf,inf,592.6153896077961,inf
36,46,inf,inf,inf,961.2497074121792,inf
36,47,inf,inf,inf,443.6304768610921,inf
36,48,inf,inf,inf,667.9498484167805,inf
36,49,inf,inf,inf,978.0715720232339,inf
36,50,inf,inf,inf,772.120456923659,inf
36,51,inf,inf,inf,666.3632642935834,inf
36,52,inf,inf,inf,304.59973736035954,inf
36,53,inf,inf,inf,546.0622675116822,inf
36,54,inf,inf,inf,557.107709514058,inf
36,55,inf,inf,inf,904.4998618020901,inf
36,56,inf,inf,inf,670.917282531908,inf
36,57,inf,inf,inf,977.3458957810177,inf
36,58,inf,inf,inf,668.6000299132509,inf
36,59,inf,inf,inf,697.5851202541522,inf
36,60,inf,inf,inf,605.0826389841309,inf
36,61,inf,inf,inf,209.19369015340783,inf
36,62,inf,inf,inf,632.402561664641,inf
36,63,inf,inf,inf,592.2178653164729,inf
36,64,inf,inf,inf,876.4131445842195,inf
36,65,inf,inf,inf,613.8574753149138,inf
36,66,inf,inf,inf,628.4974144735999,inf
36,67,1.0,48.7696,48.769552621700456,45.803929962395145,1.0647460307825132
36,68,inf,inf,inf,465.249395485905,inf
36,69,inf,inf,inf,865.520074868284,inf
36,70,inf,inf,inf,645.0503856289057,inf
36,71,inf,inf,inf,898.159228644899,inf
36,72,inf,inf,inf,662.1857745376293,inf
36,73,inf,inf,inf,437.5397124833356,inf
36,74,inf,inf,inf,493.1014094484014,inf
36,75,inf,inf,inf,400.064994719608,inf
36,76,inf,inf,inf,687.7237817612533,inf
36,77,inf,inf,inf,253.7971631047124,inf
36,78,inf,inf,inf,369.73774489494576,inf
36,79,inf,inf,inf,954.007337497988,inf
36,80,inf,inf,inf,178.6644900364927,inf
36,81,inf,inf,inf,466.68297590548553,inf
36,82,inf,inf,inf,363.3235472688221,inf
36,83,inf,inf,inf,1012.9348448937868,inf
36,84,inf,inf,inf,335.52496181357355,inf
36,85,inf,inf,inf,872.8327445736669,inf
36,86,inf,inf,inf,275.6592098951167,inf
36,87,inf,inf,inf,907.4453151567867,inf
36,88,inf,inf,inf,1062.2890378799925,inf
36,89,inf,inf,inf,836.1782106704288,inf
36,90,inf,inf,inf,541.5902510200863,inf
36,91,inf,inf,inf,203.06649157357302,inf
36,92,inf,inf,inf,617.1823069401779,inf
36,93,inf,inf,inf,208.806130178211,inf
36,94,inf,inf,inf,946.2013527785722,inf
36,95,inf,inf,inf,1056.3526873161254,inf
36,96,inf,inf,inf,1053.6816407245597,inf
36,97,inf,inf,inf,963.5045407261971,inf
36,98,inf,inf,inf,541.0249532138051,inf
36,99,inf,inf,inf,172.8380745090618,inf
36,100,inf,inf,inf,375.41044204976504,inf
36,101,inf,inf,inf,457.42103143602833,inf
36,102,inf,inf,inf,1059.7853556263174,inf
36,103,inf,inf,inf,353.40911137094355,inf
36,104,inf,inf,inf,817.5634531949187,inf
36,105,inf,inf,inf,454.0704791108975,inf
36,106,inf,inf,inf,941.5375722720788,inf
36,107,inf,inf,inf,406.0554149374196,inf
36,108,inf,inf,inf,694.5631720729224,inf
36,109,inf,inf,inf,1060.273549608779,inf
36,110,inf,inf,inf,621.4837085555823,inf
36,111,inf,inf,inf,703.3775657497188,inf
36,112,inf,inf,inf,212.81212371479216,inf
36,113,inf,inf,inf,945.0354490705627,inf
36,114,inf,inf,inf,585.8848009634659,inf
36,115,inf,inf,inf,552.7838637297583,inf
36,116,inf,inf,inf,321.6364407215078,inf
36,117,inf,inf,inf,487.6279319317137,inf
36,118,inf,inf,inf,782.7113133205627,inf
36,119,inf,inf,inf,503.4212947422864,inf
36,120,inf,inf,inf,552.3784934263824,inf
36,121,inf,inf,inf,465.9109356947956,inf
36,122,inf,inf,inf,770.0551928271116,inf
36,123,inf,inf,inf,656.3665134663712,inf
36,124,inf,inf,inf,392.08162415497105,inf
36,125,inf,inf,inf,840.9340045449464,inf
36,126,inf,inf,inf,813.5170557523671,inf
36,127,inf,inf,inf,302.80026420067736,inf
36,128,inf,inf,inf,422.25703072891514,inf
36,129,inf,inf,inf,964.2416709518418,inf
36,130,inf,inf,inf,912.0021929798195,inf
36,131,inf,inf,inf,350.821892133316,inf
36,132,inf,inf,inf,473.8945030278364,inf
36,133,inf,inf,inf,678.26617194137,inf
36,134,inf,inf,inf,370.84363281577316,inf
36,135,inf,inf,inf,1037.0405006555916,inf
36,136,inf,inf,inf,520.8349066642903,inf
36,137,inf,inf,inf,89.44271909999159,inf
36,138,inf,inf,inf,424.6998940428406,inf
37,38,inf,inf,inf,291.89895511974686,inf
37,39,inf,inf,inf,412.4039282063157,inf
37,40,inf,inf,inf,337.01780368401904,inf
37,41,inf,inf,inf,610.0172128718992,inf
37,42,inf,inf,inf,682.3877197019301,inf
37,43,inf,inf,inf,826.7829219329582,inf
37,44,inf,inf,inf,574.1437102328998,inf
37,45,inf,inf,inf,610.3122151817051,inf
37,46,inf,inf,inf,692.1220990547838,inf
37,47,inf,inf,inf,200.6888138387389,inf
37,48,inf,inf,inf,559.4327484157501,inf
37,49,inf,inf,inf,860.3836353627374,inf
37,50,inf,inf,inf,834.4255509031348,inf
37,51,inf,inf,inf,406.7677470006687,inf
37,52,inf,inf,inf,203.0098519776811,inf
37,53,inf,inf,inf,395.47945585074325,inf
37,54,inf,inf,inf,337.0237380363585,inf
37,55,inf,inf,inf,765.1535793551515,inf
37,56,inf,inf,inf,471.9597440460362,inf
37,57,inf,inf,inf,714.4403404063911,inf
37,58,inf,inf,inf,588.2601465338273,inf
37,59,inf,inf,inf,428.2627698037736,inf
37,60,inf,inf,inf,355.92836357896516,inf
37,61,inf,inf,inf,297.80866340655706,inf
37,62,inf,inf,inf,579.5351585538189,inf
37,63,inf,inf,inf,419.0011933157231,inf
37,64,inf,inf,inf,602.1029812249728,inf
37,65,inf,inf,inf,340.3894827987492,inf
37,66,inf,inf,inf,465.8207809877099,inf
37,67,inf,inf,inf,233.63646975590092,inf
37,68,inf,inf,inf,716.1515202804502,inf
37,69,inf,inf,inf,856.5121131659494,inf
37,70,inf,inf,inf,415.1457575358322,inf
37,71,inf,inf,inf,808.0408405520108,inf
37,72,inf,inf,inf,450.2021768050439,inf
37,73,inf,inf,inf,228.4841351166422,inf
37,74,inf,inf,inf,512.8791280604037,inf
37,75,inf,inf,inf,438.0410939626555,inf
37,76,inf,inf,inf,814.1400370943564,inf
37,77,inf,inf,inf,93.81364506296512,inf
37,78,inf,inf,inf,371.7122543043207,inf
37,79,inf,inf,inf,719.701326940558,inf
37,80,inf,inf,inf,215.20455385516357,inf
37,81,inf,inf,inf,363.04407445928655,inf
37,82,inf,inf,inf,222.80035906613796,inf
37,83,inf,inf,inf,745.8532027148506,inf
37,84,inf,inf,inf,532.4894365149415,inf
37,85,inf,inf,inf,599.8441464247193,inf
37,86,inf,inf,inf,514.78150704935,inf
37,87,inf,inf,inf,862.9513311884975,inf
37,88,inf,inf,inf,805.8548256354862,inf
37,89,inf,inf,inf,654.8358572955516,inf
37,90,inf,inf,inf,671.3002308952381,inf
37,91,inf,inf,inf,474.3838108536167,inf
37,92,inf,inf,inf,401.24057621332366,inf
37,93,inf,inf,inf,152.11837495845134,inf
37,94,inf,inf,inf,828.893841212492,inf
37,95,inf,inf,inf,851.5309741870815,inf
37,96,inf,inf,inf,781.2457999887104,inf
37,97,inf,inf,inf,689.8731767506257,inf
37,98,inf,inf,inf,489.54672912807825,inf
37,99,inf,inf,inf,124.32618388738553,inf
37,100,inf,inf,inf,334.12722127955993,inf
37,101,inf,inf,inf,723.1555849193173,inf
37,102,inf,inf,inf,790.230978891615,inf
37,103,inf,inf,inf,151.2679741386127,inf
37,104,inf,inf,inf,845.1189265422944,inf
37,105,inf,inf,inf,626.418390534633,inf
37,106,inf,inf,inf,836.1345585490412,inf
37,107,inf,inf,inf,320.6134744517142,inf
37,108,inf,inf,inf,420.77309799938496,inf
37,109,inf,inf,inf,831.8124788676832,inf
37,110,inf,inf,inf,793.4595137749626,inf
37,111,inf,inf,inf,539.0732788777422,inf
37,112,inf,inf,inf,62.36184731067546,inf
37,113,inf,inf,inf,697.1312645406172,inf
37,114,inf,inf,inf,557.9829746506608,inf
37,115,inf,inf,inf,766.56767476851,inf
37,116,inf,inf,inf,513.2270452733371,inf
37,117,inf,inf,inf,425.54083235337123,inf
37,118,inf,inf,inf,603.0464327064708,inf
37,119,inf,inf,inf,745.7217979917176,inf
37,120,inf,inf,inf,278.44209451877066,inf
37,121,inf,inf,inf,419.6724913548659,inf
37,122,inf,inf,inf,556.3892522326433,inf
37,123,inf,inf,inf,502.7772866787043,inf
37,124,inf,inf,inf,662.2054061996172,inf
37,125,inf,inf,inf,583.2683773358539,inf
37,126,inf,inf,inf,620.556202128381,inf
37,127,inf,inf,inf,122.78436382536663,inf
37,128,inf,inf,inf,599.1201882761087,inf
37,129,inf,inf,inf,707.1986990938261,inf
37,130,inf,inf,inf,680.7584006092029,inf
37,131,inf,inf,inf,90.37698822156003,inf
37,132,inf,inf,inf,510.360656790862,inf
37,133,inf,inf,inf,417.9246343540902,inf
37,134,inf,inf,inf,134.06341782902598,inf
37,135,inf,inf,inf,761.9875327064085,inf
37,136,inf,inf,inf,484.85564862131906,inf
37,137,inf,inf,inf,253.33771926027913,inf
37,138,inf,inf,inf,699.7728202781243,inf
38,39,inf,inf,inf,162.19741058352318,inf
38,40,inf,inf,inf,156.81836627130127,inf
38,41,inf,inf,inf,342.58429619584143,inf
38,42,inf,inf,inf,931.5127481682684,inf
38,43,inf,inf,inf,933.458622543067,inf
38,44,inf,inf,inf,612.694050893266,inf
38,45,inf,inf,inf,392.7874743420416,inf
38,46,inf,inf,inf,889.9134789405091,inf
38,47,inf,inf,inf,369.7201644487355,inf
38,48,inf,inf,inf,810.4430886866763,inf
38,49,inf,inf,inf,1120.493194981567,inf
38,50,inf,inf,inf,969.9200998020403,inf
38,51,inf,inf,inf,587.5414878968122,inf
38,52,inf,inf,inf,174.54512310574592,inf
38,53,inf,inf,inf,384.76616275343133,inf
38,54,inf,inf,inf,442.72113118756823,inf
38,55,inf,inf,inf,1034.6037888969863,inf
38,56,inf,inf,inf,529.0604880351584,inf
38,57,inf,inf,inf,890.721056223552,inf
38,58,inf,inf,inf,473.3339201874296,inf
38,59,inf,inf,inf,637.2895731141379,inf
38,60,inf,inf,inf,515.978681730166,inf
38,61,inf,inf,inf,395.37956446938426,inf
38,62,inf,inf,inf,432.89952644926746,inf
38,63,inf,inf,inf,697.2868850050171,inf
38,64,inf,inf,inf,854.7262719724953,inf
38,65,inf,inf,inf,606.0033003210461,inf
38,66,inf,inf,inf,740.8994533673243,inf
38,67,inf,inf,inf,212.25691979297164,inf
38,68,inf,inf,inf,627.7531361928827,inf
38,69,inf,inf,inf,1048.9623444147078,inf
38,70,inf,inf,inf,531.0263646938822,inf
38,71,inf,inf,inf,1052.810049344135,inf
38,72,inf,inf,inf,530.9058296911045,inf
38,73,inf,inf,inf,333.8562564937192,inf
38,74,inf,inf,inf,677.8215104288149,inf
38,75,inf,inf,inf,199.58206332233365,inf
38,76,inf,inf,inf,889.6207056942864,inf
38,77,inf,inf,inf,334.0538878684096,inf
38,78,inf,inf,inf,169.53170794869024,inf
38,79,inf,inf,inf,1010.9129537205466,inf
38,80,inf,inf,inf,76.8505042273634,inf
38,81,inf,inf,inf,291.00171820798585,inf
38,82,inf,inf,inf,232.24340679554285,inf
38,83,inf,inf,inf,1017.2531641631792,inf
38,84,inf,inf,inf,248.31028975860022,inf
38,85,inf,inf,inf,818.2383515822269,inf
38,86,inf,inf,inf,459.5051686325193,inf
38,87,inf,inf,inf,1080.1851693112621,inf
38,88,inf,inf,inf,1088.2577819616085,inf
38,89,inf,inf,inf,674.5405843980035,inf
38,90,inf,inf,inf,743.5193339786128,inf
38,91,inf,inf,inf,290.80061898145954,inf
38,92,inf,inf,inf,691.6538151416502,inf
38,93,inf,inf,inf,142.21462653327893,inf
38,94,inf,inf,inf,1088.508153391604,inf
38,95,inf,inf,inf,1142.1847486286972,inf
38,96,inf,inf,inf,1039.624932367438,inf
38,97,inf,inf,inf,909.8054737140242,inf
38,98,inf,inf,inf,704.2563453743246,inf
38,99,inf,inf,inf,174.95713760804387,inf
38,100,inf,inf,inf,534.1834890746811,inf
38,101,inf,inf,inf,597.197622232373,inf
38,102,inf,inf,inf,1056.4326765109076,inf
38,103,inf,inf,inf,270.8966592632696,inf
38,104,inf,inf,inf,1009.5489091668616,inf
38,105,inf,inf,inf,334.61171527607934,inf
38,106,inf,inf,inf,1089.6476494720666,inf
38,107,inf,inf,inf,230.9328906847182,inf
38,108,inf,inf,inf,681.75142097395,inf
38,109,inf,inf,inf,1123.4558291272515,inf
38,110,inf,inf,inf,819.4809332742282,inf
38,111,inf,inf,inf,816.1280536778527,inf
38,112,inf,inf,inf,246.41834347304587,inf
38,113,inf,inf,inf,835.6129486789922,inf
38,114,inf,inf,inf,384.42164351139235,inf
38,115,inf,inf,inf,739.1244820732161,inf
38,116,inf,inf,inf,520.8003456220051,inf
38,117,inf,inf,inf,294.7032405658275,inf
38,118,inf,inf,inf,886.3972021616494,inf
38,119,inf,inf,inf,672.94279103056,inf
38,120,inf,inf,inf,545.0917353987309,inf
38,121,inf,inf,inf,628.1560315717744,inf
38,122,inf,inf,inf,633.4556022327058,inf
38,123,inf,inf,inf,774.7580267412529,inf
38,124,inf,inf,inf,524.3443525012927,inf
38,125,inf,inf,inf,749.5071714133228,inf
38,126,inf,inf,inf,907.8683825313007,inf
38,127,inf,inf,inf,385.5035667798678,inf
38,128,inf,inf,inf,307.8246253956951,inf
38,129,inf,inf,inf,867.4404878722229,inf
38,130,inf,inf,inf,785.0,inf
38,131,inf,inf,inf,320.93768865622496,inf
38,132,inf,inf,inf,275.0,inf
38,133,inf,inf,inf,599.9083263299485,inf
38,134,inf,inf,inf,310.2289477144259,inf
38,135,inf,inf,inf,996.8951800465283,inf
38,136,inf,inf,inf,689.0587783346207,inf
38,137,inf,inf,inf,276.739950133695,inf
38,138,inf,inf,inf,517.7576653223011,inf
39,40,inf,inf,inf,299.23235119217975,inf
39,41,inf,inf,inf,362.93250061133955,inf
39,42,inf,inf,inf,977.777070706815,inf
39,43,inf,inf,inf,886.2984824538514,inf
39,44,inf,inf,inf,548.9717661228126,inf
39,45,inf,inf,inf,465.2418725781247,inf
39,46,inf,inf,inf,1049.1987418978351,inf
39,47,inf,inf,inf,525.6814624846495,inf
39,48,inf,inf,inf,862.2679397959778,inf
39,49,inf,inf,inf,1172.5361401679695,inf
39,50,inf,inf,inf,937.7318380006088,inf
39,51,inf,inf,inf,746.7831010407239,inf
39,52,inf,inf,inf,335.76479863142293,inf
39,53,inf,inf,inf,541.2254613375095,inf
39,54,inf,inf,inf,604.8289014258495,inf
39,55,inf,inf,inf,1098.0004553733118,inf
39,56,inf,inf,inf,689.0725651192333,inf
39,57,inf,inf,inf,1051.9334579715583,inf
39,58,inf,inf,inf,597.7365640480763,inf
39,59,inf,inf,inf,793.3738084913064,inf
39,60,inf,inf,inf,676.2795280059865,inf
39,61,inf,inf,inf,399.5409866334116,inf
39,62,inf,inf,inf,546.6351616937937,inf
39,63,inf,inf,inf,779.171996416709,inf
39,64,inf,inf,inf,1001.8807314246542,inf
39,65,inf,inf,inf,746.1930045236286,inf
39,66,inf,inf,inf,817.7236697075608,inf
39,67,inf,inf,inf,233.49732332512937,inf
39,68,inf,inf,inf,499.48973963435924,inf
39,69,inf,inf,inf,1049.5189374184727,inf
39,70,inf,inf,inf,693.2135313162893,inf
39,71,inf,inf,inf,1092.203735573176,inf
39,72,inf,inf,inf,692.3821199308948,inf
39,73,inf,inf,inf,494.5139027368189,inf
39,74,inf,inf,inf,679.0714248147981,inf
39,75,inf,inf,inf,291.27478435319455,inf
39,76,inf,inf,inf,827.3723466493185,inf
39,77,inf,inf,inf,424.09904503547284,inf
39,78,inf,inf,inf,297.6995129320839,inf
39,79,inf,inf,inf,1125.0088888537725,inf
39,80,inf,inf,inf,215.72667892497674,inf
39,81,inf,inf,inf,443.13654780439856,inf
39,82,inf,inf,inf,394.30064671516834,inf
39,83,inf,inf,inf,1156.038061657141,inf
39,84,inf,inf,inf,141.088624630053,inf
39,85,inf,inf,inf,974.1098500682559,inf
39,86,inf,inf,inf,363.17626574433524,inf
39,87,inf,inf,inf,1097.2274148962922,inf
39,88,inf,inf,inf,1218.2237068781744,inf
39,89,inf,inf,inf,827.3578427742134,inf
39,90,inf,inf,inf,687.4336331603218,inf
39,91,inf,inf,inf,147.61097520171052,inf
39,92,inf,inf,inf,793.4261150226907,inf
39,93,inf,inf,inf,282.17902119044925,inf
39,94,inf,inf,inf,1140.65682832305,inf
39,95,inf,inf,inf,1239.4071163261892,inf
39,96,inf,inf,inf,1185.191967573186,inf
39,97,inf,inf,inf,1065.8564631318798,inf
39,98,inf,inf,inf,734.6461733378865,inf
39,99,inf,inf,inf,288.294987816299,inf
39,100,inf,inf,inf,569.8596318392803,inf
39,101,inf,inf,inf,455.0,inf
39,102,inf,inf,inf,1198.3029666991565,inf
39,103,inf,inf,inf,426.36721262310965,inf
39,104,inf,inf,inf,993.3302572659306,inf
39,105,inf,inf,inf,261.2374398894615,inf
39,106,inf,inf,inf,1135.9753518452767,inf
39,107,inf,inf,inf,385.5930497298933,inf
39,108,inf,inf,inf,824.5950521316508,inf
39,109,inf,inf,inf,1234.514074443868,inf
39,110,inf,inf,inf,734.9727886119322,inf
39,111,inf,inf,inf,893.0761445699912,inf
39,112,inf,inf,inf,354.79853438254224,inf
39,113,inf,inf,inf,997.8020845839119,inf
39,114,inf,inf,inf,488.8598981303335,inf
39,115,inf,inf,inf,632.6618370029917,inf
39,116,inf,inf,inf,450.6939094329987,inf
39,117,inf,inf,inf,430.20227800419656,inf
39,118,inf,inf,inf,970.3648798261404,inf
39,119,inf,inf,inf,549.1812087098392,inf
39,120,inf,inf,inf,684.1878397048577,inf
39,121,inf,inf,inf,659.9030231784061,inf
39,122,inf,inf,inf,793.8324760300501,inf
39,123,inf,inf,inf,847.1705849473293,inf
39,124,inf,inf,inf,380.92650209718937,inf
39,125,inf,inf,inf,910.8968108408328,inf
39,126,inf,inf,inf,998.4813468462994,inf
39,127,inf,inf,inf,476.42523023030594,inf
39,128,inf,inf,inf,229.17242417009948,inf
39,129,inf,inf,inf,1029.369224331095,inf
39,130,inf,inf,inf,946.218262347541,inf
39,131,inf,inf,inf,462.4208040302685,inf
39,132,inf,inf,inf,350.2242138973261,inf
39,133,inf,inf,inf,759.1482068739938,inf
39,134,inf,inf,inf,461.26998601686626,inf
39,135,inf,inf,inf,1150.048694621232,inf
39,136,inf,inf,inf,713.5951233017221,inf
39,137,inf,inf,inf,283.24018076537095,inf
39,138,inf,inf,inf,360.17356926904006,inf
40,41,inf,inf,inf,285.04736448527285,inf
40,42,inf,inf,inf,1016.2381610626517,inf
40,43,inf,inf,inf,1074.78788605008,inf
40,44,inf,inf,inf,762.6021243086069,inf
40,45,inf,inf,inf,275.04545078950133,inf
40,46,inf,inf,inf,803.8718803391496,inf
40,47,inf,inf,inf,320.4949297570868,inf
40,48,inf,inf,inf,893.2961435044931,inf
40,49,inf,inf,inf,1196.973266201046,inf
40,50,inf,inf,inf,1104.4315279817033,inf
40,51,inf,inf,inf,508.67376578707103,inf
40,52,inf,inf,inf,139.17614738165446,inf
40,53,inf,inf,inf,247.07286374670934,inf
40,54,inf,inf,inf,344.5489805528381,inf
40,55,inf,inf,inf,1102.1202293760875,inf
40,56,inf,inf,inf,400.6607043372235,inf
40,57,inf,inf,inf,793.1153762221484,inf
40,58,inf,inf,inf,317.5106297433206,inf
40,59,inf,inf,inf,570.5173091151573,inf
40,60,inf,inf,inf,433.7764401163346,inf
40,61,inf,inf,inf,526.4570257865308,inf
40,62,inf,inf,inf,281.51376520518494,inf
40,63,inf,inf,inf,755.3442923594512,inf
40,64,inf,inf,inf,808.1911902514157,inf
40,65,inf,inf,inf,583.7876326199452,inf
40,66,inf,inf,inf,802.5982805862469,inf
40,67,inf,inf,inf,352.13207749365864,inf
40,68,inf,inf,inf,783.460273402551,inf
40,69,inf,inf,inf,1164.8081387078303,inf
40,70,inf,inf,inf,426.0011737073033,inf
40,71,inf,inf,inf,1141.0070113719723,inf
40,72,inf,inf,inf,411.1702810272163,inf
40,73,inf,inf,inf,262.73180241455356,inf
40,74,inf,inf,inf,799.6961923130558,inf
40,75,inf,inf,inf,108.2266141020775,inf
40,76,inf,inf,inf,1036.7376717376485,inf
40,77,inf,inf,inf,410.1219330881976,inf
40,78,inf,inf,inf,35.84689665786984,inf
40,79,inf,inf,inf,1020.4356912613357,inf
40,80,inf,inf,inf,181.13530854032848,inf
40,81,inf,inf,inf,145.7737973711325,inf
40,82,inf,inf,inf,160.77624202599088,inf
40,83,inf,inf,inf,985.7078674739286,inf
40,84,inf,inf,inf,330.3604092502611,inf
40,85,inf,inf,inf,747.4021675109058,inf
40,86,inf,inf,inf,615.9878245549988,inf
40,87,inf,inf,inf,1184.7835245309584,inf
40,88,inf,inf,inf,1071.67205804761,inf
40,89,inf,inf,inf,528.5120623032175,inf
40,90,inf,inf,inf,889.7982917493155,inf
40,91,inf,inf,inf,440.5598710731607,inf
40,92,inf,inf,inf,727.0110040432676,inf
40,93,inf,inf,inf,201.8142710513803,inf
40,94,inf,inf,inf,1165.3849149529954,inf
40,95,inf,inf,inf,1171.5161117116572,inf
40,96,inf,inf,inf,993.3398210078966,inf
40,97,inf,inf,inf,836.666002655779,inf
40,98,inf,inf,inf,806.8612024381889,inf
40,99,inf,inf,inf,260.049995193232,inf
40,100,inf,inf,inf,639.5310782127792,inf
40,101,inf,inf,inf,749.2963365718532,inf
40,102,inf,inf,inf,1017.9557947180222,inf
40,103,inf,inf,inf,239.58505796480713,inf
40,104,inf,inf,inf,1135.5866325384427,inf
40,105,inf,inf,inf,368.5498609415014,inf
40,106,inf,inf,inf,1171.537451385998,inf
40,107,inf,inf,inf,94.54099639838793,inf
40,108,inf,inf,inf,650.4160207128973,inf
40,109,inf,inf,inf,1135.1761977772437,inf
40,110,inf,inf,inf,972.8951639308318,inf
40,111,inf,inf,inf,875.3108019440866,inf
40,112,inf,inf,inf,317.35469115801646,inf
40,113,inf,inf,inf,722.4299273978065,inf
40,114,inf,inf,inf,240.30813552603666,inf
40,115,inf,inf,inf,895.7058669005132,inf
40,116,inf,inf,inf,673.2495822501489,inf
40,117,inf,inf,inf,137.90576492663388,inf
40,118,inf,inf,inf,936.2328770129791,inf
40,119,inf,inf,inf,829.2767933567176,inf
40,120,inf,inf,inf,528.5801736728308,inf
40,121,inf,inf,inf,732.3086780859558,inf
40,122,inf,inf,inf,505.43644506505467,inf
40,123,inf,inf,inf,839.7630618216069,inf
40,124,inf,inf,inf,675.7403347440494,inf
40,125,inf,inf,inf,652.4423346166311,inf
40,126,inf,inf,inf,949.7204851955127,inf
40,127,inf,inf,inf,454.3974031615938,inf
40,128,inf,inf,inf,352.1647341799005,inf
40,129,inf,inf,inf,762.8191135518302,inf
40,130,inf,inf,inf,660.2128444676005,inf
40,131,inf,inf,inf,322.09470656935673,inf
40,132,inf,inf,inf,174.4505660638566,inf
40,133,inf,inf,inf,520.6092584655021,inf
40,134,inf,inf,inf,287.43347056318964,inf
40,135,inf,inf,inf,931.7381606438581,inf
40,136,inf,inf,inf,796.1871639256689,inf
40,137,inf,inf,inf,415.2697918221358,inf
40,138,inf,inf,inf,659.1092473937837,inf
41,42,inf,inf,inf,1272.8707711311467,inf
41,43,inf,inf,inf,1246.5572590138008,inf
41,44,inf,inf,inf,911.1805529092464,inf
41,45,inf,inf,inf,151.79591562357663,inf
41,46,inf,inf,inf,1047.6879306358358,inf
41,47,inf,inf,inf,601.8047856240427,inf
41,48,inf,inf,inf,1151.1776578790955,inf
41,49,inf,inf,inf,1460.0866412648259,inf
41,50,inf,inf,inf,1293.3278779953673,inf
41,51,inf,inf,inf,768.4952830043917,inf
41,52,inf,inf,inf,422.62276322980995,inf
41,53,inf,inf,inf,458.78208334676714,inf
41,54,inf,inf,inf,598.0652138354144,inf
41,55,inf,inf,inf,1370.819098203698,inf
41,56,inf,inf,inf,606.8747811534106,inf
41,57,inf,inf,inf,1023.9472642670618,inf
41,58,inf,inf,inf,366.4928375834922,inf
41,59,inf,inf,inf,836.6086301252217,inf
41,60,inf,inf,inf,694.5343763990376,inf
41,61,inf,inf,inf,730.3622388924554,inf
41,62,inf,inf,inf,299.202272718641,inf
41,63,inf,inf,inf,1027.872073752371,inf
41,64,inf,inf,inf,1081.177598732049,inf
41,65,inf,inf,inf,866.9786617904733,inf
41,66,inf,inf,inf,1073.5548425674397,inf
41,67,inf,inf,inf,546.6159529322209,inf
41,68,inf,inf,inf,839.7487719550413,inf
41,69,inf,inf,inf,1387.2887226529306,inf
41,70,inf,inf,inf,665.6763477847173,inf
41,71,inf,inf,inf,1394.8738294197078,inf
41,72,inf,inf,inf,631.8393783233204,inf
41,73,inf,inf,inf,539.5479589434103,inf
41,74,inf,inf,inf,1014.9098482131307,inf
41,75,inf,inf,inf,176.87566254292872,inf
41,76,inf,inf,inf,1190.0172267660666,inf
41,77,inf,inf,inf,669.546114916665,inf
41,78,inf,inf,inf,249.5375723212839,inf
41,79,inf,inf,inf,1305.4750093356824,inf
41,80,inf,inf,inf,411.54586621663447,inf
41,81,inf,inf,inf,369.97567487606534,inf
41,82,inf,inf,inf,443.79837764462366,inf
41,83,inf,inf,inf,1263.6201961032436,inf
41,84,inf,inf,inf,270.3516228913746,inf
41,85,inf,inf,inf,1006.2295960664246,inf
41,86,inf,inf,inf,724.9420666508463,inf
41,87,inf,inf,inf,1422.0,inf
41,88,inf,inf,inf,1353.7448060842191,inf
41,89,inf,inf,inf,669.3974902851071,inf
41,90,inf,inf,inf,1048.9733075726951,inf
41,91,inf,inf,inf,496.84705896281605,inf
41,92,inf,inf,inf,1007.7703111324524,inf
41,93,inf,inf,inf,461.09109728989563,inf
41,94,inf,inf,inf,1428.1715583220387,inf
41,95,inf,inf,inf,1454.769397533506,inf
41,96,inf,inf,inf,1264.563165682126,inf
41,97,inf,inf,inf,1091.8030958007034,inf
41,98,inf,inf,inf,1046.726802943347,inf
41,99,inf,inf,inf,509.5586325438909,inf
41,100,inf,inf,inf,876.6595690460465,inf
41,101,inf,inf,inf,777.4194492035815,inf
41,102,inf,inf,inf,1292.8147585791246,inf
41,103,inf,inf,inf,524.6189093046495,inf
41,104,inf,inf,inf,1341.5382961361931,inf
41,105,inf,inf,inf,198.15398053029367,inf
41,106,inf,inf,inf,1430.6194462539645,inf
41,107,inf,inf,inf,354.0310720826634,inf
41,108,inf,inf,inf,930.9570344543297,inf
41,109,inf,inf,inf,1420.198929727804,inf
41,110,inf,inf,inf,1096.6006565746711,inf
41,111,inf,inf,inf,1147.8174942036735,inf
41,112,inf,inf,inf,577.5898198548863,inf
41,113,inf,inf,inf,933.2207670213945,inf
41,114,inf,inf,inf,237.2172000509238,inf
41,115,inf,inf,inf,987.1864059031607,inf
41,116,inf,inf,inf,813.2312094355455,inf
41,117,inf,inf,inf,297.122870206923,inf
41,118,inf,inf,inf,1213.055645879446,inf
41,119,inf,inf,inf,892.4976190444431,inf
41,120,inf,inf,inf,812.9138945792475,inf
41,121,inf,inf,inf,970.5956933759803,inf
41,122,inf,inf,inf,701.7763176397448,inf
41,123,inf,inf,inf,1109.1230770297766,inf
41,124,inf,inf,inf,706.0573631086925,inf
41,125,inf,inf,inf,888.8875069433702,inf
41,126,inf,inf,inf,1229.4002602895446,inf
41,127,inf,inf,inf,718.7273474691219,inf
41,128,inf,inf,inf,209.91426821443082,inf
41,129,inf,inf,inf,985.2131749017569,inf
41,130,inf,inf,inf,852.4112857066124,inf
41,131,inf,inf,inf,605.974421902443,inf
41,132,inf,inf,inf,124.47088012864695,inf
41,133,inf,inf,inf,779.616572425189,inf
41,134,inf,inf,inf,572.4770737767583,inf
41,135,inf,inf,inf,1191.6190666483983,inf
41,136,inf,inf,inf,1031.0586792224776,inf
41,137,inf,inf,inf,609.2659517813219,inf
41,138,inf,inf,inf,646.2391198310421,inf
42,43,inf,inf,inf,538.6993595689529,inf
42,44,inf,inf,inf,630.0872955392769,inf
42,45,inf,inf,inf,1291.1119238857646,inf
42,46,inf,inf,inf,997.1208552627911,inf
42,47,inf,inf,inf,806.4322662195506,inf
42,48,inf,inf,inf,123.00406497347964,inf
42,49,inf,inf,inf,196.32880583347927,inf
42,50,inf,inf,inf,462.0097401570664,inf
42,51,inf,inf,inf,874.0692192269443,inf
42,52,inf,inf,inf,885.353036929337,inf
42,53,inf,inf,inf,1046.4745577413719,inf
42,54,inf,inf,inf,929.0780376265494,inf
42,55,inf,inf,inf,159.2388143638353,inf
42,56,inf,inf,inf,1062.512588160724,inf
42,57,inf,inf,inf,1062.4142318323866,inf
42,58,inf,inf,inf,1258.9872914370503,inf
42,59,inf,inf,inf,830.1867259839801,inf
42,60,inf,inf,inf,880.6100158412917,inf
42,61,inf,inf,inf,584.7401132126989,inf
42,62,inf,inf,inf,1258.050078494493,inf
42,63,inf,inf,inf,295.8462438497403,inf
42,64,inf,inf,inf,773.3440372822434,inf
42,65,inf,inf,inf,653.424823526012,inf
42,66,inf,inf,inf,248.67649667791284,inf
42,67,inf,inf,inf,746.5607811826175,inf
42,68,inf,inf,inf,916.9220250381163,inf
42,69,inf,inf,inf,300.4430062424486,inf
42,70,inf,inf,inf,966.55315425485,inf
42,71,inf,inf,inf,126.28935030318273,inf
42,72,inf,inf,inf,1025.6007995316697,inf
42,73,inf,inf,inf,866.8933037000575,inf
42,74,inf,inf,inf,357.8072106595953,inf
42,75,inf,inf,inf,1110.8127655010092,inf
42,76,inf,inf,inf,614.1082966383046,inf
42,77,inf,inf,inf,606.8442963396789,inf
42,78,inf,inf,inf,1049.6175493959693,inf
42,79,inf,inf,inf,503.3458055849875,inf
42,80,inf,inf,inf,861.4232409216737,inf
42,81,inf,inf,inf,1038.311128708539,inf
42,82,inf,inf,inf,900.0227774895477,inf
42,83,inf,inf,inf,745.2516353554684,inf
42,84,inf,inf,inf,1118.825276797052,inf
42,85,inf,inf,inf,888.1812878010885,inf
42,86,inf,inf,inf,782.1208346540834,inf
42,87,inf,inf,inf,230.5558500667463,inf
42,88,inf,inf,inf,689.0029027515051,inf
42,89,inf,inf,inf,1240.7195492938765,inf
42,90,inf,inf,inf,574.4118731363411,inf
42,91,inf,inf,inf,939.6110897600134,inf
42,92,inf,inf,inf,388.6244974265004,inf
42,93,inf,inf,inf,817.4698771208637,inf
42,94,inf,inf,inf,165.12419568312816,inf
42,95,inf,inf,inf,443.21777942677346,inf
42,96,inf,inf,inf,839.9476174143242,inf
42,97,inf,inf,inf,934.6453872993757,inf
42,98,inf,inf,inf,250.56935167733502,inf
42,99,inf,inf,inf,764.4932962426813,inf
42,100,inf,inf,inf,407.9460748677452,inf
42,101,inf,inf,inf,987.8304510390434,inf
42,102,inf,inf,inf,802.4475060712695,inf
42,103,inf,inf,inf,817.3891362135907,inf
42,104,inf,inf,inf,381.24139334547607,inf
42,105,inf,inf,inf,1236.2835435287489,inf
42,106,inf,inf,inf,158.61904047118682,inf
42,107,inf,inf,inf,1001.519845035534,inf
42,108,inf,inf,inf,680.5093680472004,inf
42,109,inf,inf,inf,537.7294858941622,inf
42,110,inf,inf,inf,722.5794074010136,inf
42,111,inf,inf,inf,210.27838690650069,inf
42,112,inf,inf,inf,699.978571100573,inf
42,113,inf,inf,inf,1123.9506216911846,inf
42,114,inf,inf,inf,1239.9774191492359,inf
42,115,inf,inf,inf,824.7987633356394,inf
42,116,inf,inf,inf,680.2742094185256,inf
42,117,inf,inf,inf,1106.2703105480143,inf
42,118,inf,inf,inf,240.61587645041215,inf
42,119,inf,inf,inf,903.3714629099151,inf
42,120,inf,inf,inf,650.29301088048,inf
42,121,inf,inf,inf,320.4496840379157,inf
42,122,inf,inf,inf,1106.03526164404,inf
42,123,inf,inf,inf,209.82373554962746,inf
42,124,inf,inf,inf,973.3781382381669,inf
42,125,inf,inf,inf,997.2146208314437,inf
42,126,inf,inf,inf,288.2308102892541,inf
42,127,inf,inf,inf,562.0080070603976,inf
42,128,inf,inf,inf,1204.7539167813484,inf
42,129,inf,inf,inf,1090.864336203178,inf
42,130,inf,inf,inf,1165.4805875689221,inf
42,131,inf,inf,inf,727.6159701380942,inf
42,132,inf,inf,inf,1186.0088532553204,inf
42,133,inf,inf,inf,877.30154451021,inf
42,134,inf,inf,inf,779.0930624771344,inf
42,135,inf,inf,inf,928.6054059717723,inf
42,136,inf,inf,inf,278.18339274658365,inf
42,137,inf,inf,inf,694.8215598266939,inf
42,138,inf,inf,inf,1069.398429024468,inf
43,44,inf,inf,inf,340.1543767173958,inf
43,45,inf,inf,inf,1325.024150723299,inf
43,46,inf,inf,inf,1396.2009167738001,inf
43,47,inf,inf,inf,1019.7460468175398,inf
43,48,inf,inf,inf,537.5211623740967,inf
43,49,inf,inf,inf,668.3187862090965,inf
43,50,inf,inf,inf,99.03534722511958,inf
43,51,inf,inf,inf,1181.1223475999427,inf
43,52,inf,inf,inf,987.4598726024263,inf
43,53,inf,inf,inf,1216.7505907128216,inf
43,54,inf,inf,inf,1159.0258840940526,inf
43,55,inf,inf,inf,690.3984356876832,inf
43,56,inf,inf,inf,1296.8531142731624,inf
43,57,inf,inf,inf,1446.1524815869175,inf
43,58,inf,inf,inf,1382.873819261902,inf
43,59,inf,inf,inf,1167.0908276565283,inf
43,60,inf,inf,inf,1154.3989778235252,inf
43,61,inf,inf,inf,551.4526271584895,inf
43,62,inf,inf,inf,1355.4663404157257,inf
43,63,inf,inf,inf,678.7547421565465,inf
43,64,inf,inf,inf,1205.6409083968576,inf
43,65,inf,inf,inf,1000.5223635681514,inf
43,66,inf,inf,inf,659.9795451375747,inf
43,67,inf,inf,inf,723.5965726839784,inf
43,68,inf,inf,inf,556.0404661533188,inf
43,69,inf,inf,inf,322.4050247747389,inf
43,70,inf,inf,inf,1228.242647036814,inf
43,71,inf,inf,inf,551.9710137316995,inf
43,72,inf,inf,inf,1271.661904752989,inf
43,73,inf,inf,inf,1055.2369402176935,inf
43,74,inf,inf,inf,332.0256014225409,inf
43,75,inf,inf,inf,1132.428364180269,inf
43,76,inf,inf,inf,101.40019723846694,inf
43,77,inf,inf,inf,733.640920341825,inf
43,78,inf,inf,inf,1097.491685617709,inf
43,79,inf,inf,inf,1021.7631819555841,inf
43,80,inf,inf,inf,893.6984950194333,inf
43,81,inf,inf,inf,1163.2923106425144,inf
43,82,inf,inf,inf,1031.4000193911186,inf
43,83,inf,inf,inf,1232.993511742864,inf
43,84,inf,inf,inf,1009.1030670848246,inf
43,85,inf,inf,inf,1285.3485908499686,inf
43,86,inf,inf,inf,543.037751910491,inf
43,87,inf,inf,inf,434.493958531071,inf
43,88,inf,inf,inf,1202.0049916701678,inf
43,89,inf,inf,inf,1480.979405663698,inf
43,90,inf,inf,inf,200.8233054204616,inf
43,91,inf,inf,inf,774.7063959978644,inf
43,92,inf,inf,inf,786.8112861417279,inf
43,93,inf,inf,inf,888.9600665946699,inf
43,94,inf,inf,inf,649.9423051317709,inf
43,95,inf,inf,inf,981.9129289300554,inf
43,96,inf,inf,inf,1318.1900469962593,inf
43,97,inf,inf,inf,1354.434568371614,inf
43,98,inf,inf,inf,432.05786649475556,inf
43,99,inf,inf,inf,829.8319106903518,inf
43,100,inf,inf,inf,510.71420579419953,inf
43,101,inf,inf,inf,647.6357000660171,inf
43,102,inf,inf,inf,1291.4429913859922,inf
43,103,inf,inf,inf,975.7540673755861,inf
43,104,inf,inf,inf,207.17142660125697,inf
43,105,inf,inf,inf,1130.2433366315415,inf
43,106,inf,inf,inf,614.6616955691968,inf
43,107,inf,inf,inf,1107.7946560622145,inf
43,108,inf,inf,inf,1059.9339602069556,inf
43,109,inf,inf,inf,1071.8628643627878,inf
43,110,inf,inf,inf,250.39169315294788,inf
43,111,inf,inf,inf,680.3308018897866,inf
43,112,inf,inf,inf,800.8701517724331,inf
43,113,inf,inf,inf,1470.788224048588,inf
43,114,inf,inf,inf,1314.041475753334,inf
43,115,inf,inf,inf,399.0839510679426,inf
43,116,inf,inf,inf,438.63424398922615,inf
43,117,inf,inf,inf,1203.4055841652057,inf
43,118,inf,inf,inf,749.0160211904682,inf
43,119,inf,inf,inf,516.6323644527122,inf
43,120,inf,inf,inf,966.084882399057,inf
43,121,inf,inf,inf,458.7428473556836,inf
43,122,inf,inf,inf,1374.0687755712959,inf
43,123,inf,inf,inf,643.1834885940403,inf
43,124,inf,inf,inf,672.9294168038725,inf
43,125,inf,inf,inf,1343.6085739529947,inf
43,126,inf,inf,inf,800.9993757800314,inf
43,127,inf,inf,inf,723.2164268045908,inf
43,128,inf,inf,inf,1099.1965247397754,inf
43,129,inf,inf,inf,1458.767973325436,inf
43,130,inf,inf,inf,1479.9547290373446,inf
43,131,inf,inf,inf,910.7809835520283,inf
43,132,inf,inf,inf,1206.231321098901,inf
43,133,inf,inf,inf,1189.0975569733546,inf
43,134,inf,inf,inf,959.9401022980549,inf
43,135,inf,inf,inf,1377.8987626092128,inf
43,136,inf,inf,inf,411.389110210759,inf
43,137,inf,inf,inf,659.7347952018296,inf
43,138,inf,inf,inf,781.8951336336606,inf
44,45,inf,inf,inf,998.3746791660934,inf
44,46,inf,inf,inf,1230.1869776582746,inf
44,47,inf,inf,inf,774.7961022101234,inf
44,48,inf,inf,inf,559.4461546922993,inf
44,49,inf,inf,inf,813.9490156023287,inf
44,50,inf,inf,inf,404.4465354036303,inf
44,51,inf,inf,inf,970.8166665236027,inf
44,52,inf,inf,inf,696.074708634066,inf
44,53,inf,inf,inf,936.3017675941876,inf
44,54,inf,inf,inf,909.3140271655332,inf
44,55,inf,inf,inf,786.2855715323791,inf
44,56,inf,inf,inf,1039.8446999432174,inf
44,57,inf,inf,inf,1266.1508598899263,inf
44,58,inf,inf,inf,1078.2657371909766,inf
44,59,inf,inf,inf,976.0758167273688,inf
44,60,inf,inf,inf,927.7111619464325,inf
44,61,inf,inf,inf,276.4217791708895,inf
44,62,inf,inf,inf,1043.7106878824227,inf
44,63,inf,inf,inf,609.902451216586,inf
44,64,inf,inf,inf,1079.5114635797065,inf
44,65,inf,inf,inf,834.7706271785082,inf
44,66,inf,inf,inf,616.7738645565325,inf
44,67,inf,inf,inf,413.0726328383424,inf
44,68,inf,inf,inf,287.17242207426534,inf
44,69,inf,inf,inf,566.7627369543626,inf
44,70,inf,inf,inf,989.2547700162987,inf
44,71,inf,inf,inf,705.2609446155374,inf
44,72,inf,inf,inf,1021.8419642978067,inf
44,73,inf,inf,inf,794.6080794957977,inf
44,74,inf,inf,inf,274.612454196819,inf
44,75,inf,inf,inf,808.0872477647448,inf
44,76,inf,inf,inf,279.3223943761044,inf
44,77,inf,inf,inf,491.1232024655321,inf
44,78,inf,inf,inf,781.1459530715115,inf
44,79,inf,inf,inf,1005.616726193434,inf
44,80,inf,inf,inf,584.8760552458957,inf
44,81,inf,inf,inf,868.4422836320213,inf
44,82,inf,inf,inf,747.9819516539152,inf
44,83,inf,inf,inf,1158.4239293108546,inf
44,84,inf,inf,inf,669.1487129181374,inf
44,85,inf,inf,inf,1125.3390600170244,inf
44,86,inf,inf,inf,205.08778608196053,inf
44,87,inf,inf,inf,648.6246988821811,inf
44,88,inf,inf,inf,1163.2304156958758,inf
44,89,inf,inf,inf,1217.6013304854755,inf
44,90,inf,inf,inf,139.44532978913278,inf
44,91,inf,inf,inf,434.62282498736766,inf
44,92,inf,inf,inf,695.6155547427041,inf
44,93,inf,inf,inf,594.8991511172293,inf
44,94,inf,inf,inf,786.3230888127348,inf
44,95,inf,inf,inf,1032.1937802564012,inf
44,96,inf,inf,inf,1227.1796934434662,inf
44,97,inf,inf,inf,1207.0227835463588,inf
44,98,inf,inf,inf,402.2399781225133,inf
44,99,inf,inf,inf,540.1666409544373,inf
44,100,inf,inf,inf,349.6312343026578,inf
44,101,inf,inf,inf,363.40198128243605,inf
44,102,inf,inf,inf,1214.380500502211,inf
44,103,inf,inf,inf,709.2989496679098,inf
44,104,inf,inf,inf,481.58592172114004,inf
44,105,inf,inf,inf,790.1044234783146,inf
44,106,inf,inf,inf,764.2525760506143,inf
44,107,inf,inf,inf,809.4244869041213,inf
44,108,inf,inf,inf,908.3507031978343,inf
44,109,inf,inf,inf,1086.2619389447464,inf
44,110,inf,inf,inf,219.93862780330335,inf
44,111,inf,inf,inf,670.7346718338034,inf
44,112,inf,inf,inf,531.4132102234569,inf
44,113,inf,inf,inf,1265.0142291689845,inf
44,114,inf,inf,inf,997.07672723818,inf
44,115,inf,inf,inf,222.52415599210798,inf
44,116,inf,inf,inf,98.71676655968832,inf
44,117,inf,inf,inf,897.0908538158217,inf
44,118,inf,inf,inf,755.8002381582054,inf
44,119,inf,inf,inf,274.8854306797652,inf
44,120,inf,inf,inf,785.4355479604931,inf
44,121,inf,inf,inf,367.458841232593,inf
44,122,inf,inf,inf,1129.1766912224145,inf
44,123,inf,inf,inf,621.034620613054,inf
44,124,inf,inf,inf,364.1112467364885,inf
44,125,inf,inf,inf,1144.9283820396802,inf
44,126,inf,inf,inf,803.5079339994098,inf
44,127,inf,inf,inf,502.5027363109578,inf
44,128,inf,inf,inf,759.1007838225436,inf
44,129,inf,inf,inf,1267.2272882162852,inf
44,130,inf,inf,inf,1254.4660218595002,inf
44,131,inf,inf,inf,664.3530687819542,inf
44,132,inf,inf,inf,879.4731377364518,inf
44,133,inf,inf,inf,980.8832754206792,inf
44,134,inf,inf,inf,705.8895097676407,inf
44,135,inf,inf,inf,1254.2830621514427,inf
44,136,inf,inf,inf,370.47537030145475,inf
44,137,inf,inf,inf,354.26684857604164,inf
44,138,inf,inf,inf,470.5581791872287,inf
45,46,inf,inf,inf,943.9491511728796,inf
45,47,inf,inf,inf,552.1566806622917,inf
45,48,inf,inf,inf,1168.1386903959649,inf
45,49,inf,inf,inf,1470.681814669645,inf
45,50,inf,inf,inf,1362.7064981132216,inf
45,51,inf,inf,inf,683.7170467379032,inf
45,52,inf,inf,inf,408.16663263917104,inf
45,53,inf,inf,inf,361.83559802761255,inf
45,54,inf,inf,inf,515.2125774862255,inf
45,55,inf,inf,inf,1374.1138962982654,inf
45,56,inf,inf,inf,494.80198059425754,inf
45,57,inf,inf,inf,912.3825951869095,inf
45,58,inf,inf,inf,222.24535990656813,inf
45,59,inf,inf,inf,756.2142553536002,inf
45,60,inf,inf,inf,613.2470953865171,inf
45,61,inf,inf,inf,787.0813172728724,inf
45,62,inf,inf,inf,155.24174696260025,inf
45,63,inf,inf,inf,1026.3941737948437,inf
45,64,inf,inf,inf,1004.8646675050327,inf
45,65,inf,inf,inf,815.3146631822588,inf
45,66,inf,inf,inf,1074.2969794242185,inf
45,67,inf,inf,inf,604.9437990425226,inf
45,68,inf,inf,inf,960.3020358199809,inf
45,69,inf,inf,inf,1435.3773023146214,inf
45,70,inf,inf,inf,569.224911612273,inf
45,71,inf,inf,inf,1416.0003531073005,inf
45,72,inf,inf,inf,525.7385281677575,inf
45,73,inf,inf,inf,484.8278044832,inf
45,74,inf,inf,inf,1066.8851859502033,inf
45,75,inf,inf,inf,193.2174940319846,inf
45,76,inf,inf,inf,1277.264655425805,inf
45,77,inf,inf,inf,685.1642138932826,inf
45,78,inf,inf,inf,242.7447218787671,inf
45,79,inf,inf,inf,1264.3611034827036,inf
45,80,inf,inf,inf,444.7920862605359,inf
45,81,inf,inf,inf,295.296461204668,inf
45,82,inf,inf,inf,407.9571055883204,inf
45,83,inf,inf,inf,1193.4026981702361,inf
45,84,inf,inf,inf,402.75054314054006,inf
45,85,inf,inf,inf,915.0846955336975,inf
45,86,inf,inf,inf,825.7971905982728,inf
45,87,inf,inf,inf,1458.630179312083,inf
45,88,inf,inf,inf,1292.6875105763186,inf
45,89,inf,inf,inf,531.210880912656,inf
45,90,inf,inf,inf,1132.4932670881535,inf
45,91,inf,inf,inf,609.6498995325104,inf
45,92,inf,inf,inf,990.3660939268872,inf
45,93,inf,inf,inf,476.07667449687136,inf
45,94,inf,inf,inf,1439.2053362880504,inf
45,95,inf,inf,inf,1426.828651240225,inf
45,96,inf,inf,inf,1183.7204061770667,inf
45,97,inf,inf,inf,996.0923651951158,inf
45,98,inf,inf,inf,1080.613251815838,inf
45,99,inf,inf,inf,532.9502791067849,inf
45,100,inf,inf,inf,912.2773701018787,inf
45,101,inf,inf,inf,905.165730681404,inf
45,102,inf,inf,inf,1217.0061626795487,inf
45,103,inf,inf,inf,494.53109103472957,inf
45,104,inf,inf,inf,1400.784423100143,inf
45,105,inf,inf,inf,348.20827101032506,inf
45,106,inf,inf,inf,1446.0463339741227,inf
45,107,inf,inf,inf,304.97212987419033,inf
45,108,inf,inf,inf,870.4831991486108,inf
45,109,inf,inf,inf,1379.1609768261283,inf
45,110,inf,inf,inf,1196.0957319545957,inf
45,111,inf,inf,inf,1145.9445885382067,inf
45,112,inf,inf,inf,592.3377414955087,inf
45,113,inf,inf,inf,812.9237356603631,inf
45,114,inf,inf,inf,101.87246929372037,inf
45,115,inf,inf,inf,1097.9020903523228,inf
45,116,inf,inf,inf,903.0088593142373,inf
45,117,inf,inf,inf,213.88782106515555,inf
45,118,inf,inf,inf,1203.3794081668507,inf
45,119,inf,inf,inf,1011.5582039606026,inf
45,120,inf,inf,inf,767.4874591809302,inf
45,121,inf,inf,inf,1005.5973349208917,inf
45,122,inf,inf,inf,581.0473302580436,inf
45,123,inf,inf,inf,1112.0665447714898,inf
45,124,inf,inf,inf,832.1207845018655,inf
45,125,inf,inf,inf,783.2119764150699,inf
45,126,inf,inf,inf,1213.461577471656,inf
45,127,inf,inf,inf,729.1344183345071,inf
45,128,inf,inf,inf,356.384623686264,inf
45,129,inf,inf,inf,869.662578245149,inf
45,130,inf,inf,inf,725.9070188391898,inf
45,131,inf,inf,inf,583.8878316937253,inf
45,132,inf,inf,inf,118.9663818059539,inf
45,133,inf,inf,inf,693.7463513417566,inf
45,134,inf,inf,inf,540.9695000644676,inf
45,135,inf,inf,inf,1098.9021794500181,inf
45,136,inf,inf,inf,1068.945274558057,inf
45,137,inf,inf,inf,669.4542553453522,inf
45,138,inf,inf,inf,782.0390015849594,inf
46,47,inf,inf,inf,525.255176081112,inf
46,48,inf,inf,inf,914.8661104227219,inf
46,49,inf,inf,inf,1073.79001671649,inf
46,50,inf,inf,inf,1365.354532713024,inf
46,51,inf,inf,inf,302.4516490284025,inf
46,52,inf,inf,inf,715.6814934033156,inf
46,53,inf,inf,inf,589.0916736807608,inf
46,54,inf,inf,inf,459.34300909015695,inf
46,55,inf,inf,inf,959.6025218808046,inf
46,56,inf,inf,inf,449.8588667571197,inf
46,57,inf,inf,inf,76.90253571892151,inf
46,58,inf,inf,inf,752.016622156718,inf
46,59,inf,inf,inf,264.0075756488817,inf
46,60,inf,inf,inf,374.5183573604904,inf
46,61,inf,inf,inf,964.3655945750035,inf
46,62,inf,inf,inf,804.8975090034755,inf
46,63,inf,inf,inf,734.3602658096365,inf
46,64,inf,inf,inf,234.09613409879285,inf
46,65,inf,inf,inf,399.2417813806566,inf
46,66,inf,inf,inf,768.3033255166868,inf
46,67,inf,inf,inf,923.2621512874878,inf
46,68,inf,inf,inf,1406.8816581361775,inf
46,69,inf,inf,inf,1282.948167308407,inf
46,70,inf,inf,inf,382.65519727294964,inf
46,71,inf,inf,inf,1099.858627278979,inf
46,72,inf,inf,inf,418.4459343810141,inf
46,73,inf,inf,inf,556.4476615100472,inf
46,74,inf,inf,inf,1066.7877014664164,inf
46,75,inf,inf,inf,894.9888267458986,inf
46,76,inf,inf,inf,1418.0793348751683,inf
46,77,inf,inf,inf,752.2831913581481,inf
46,78,inf,inf,inf,830.2511668164038,inf
46,79,inf,inf,inf,608.7175042661415,inf
46,80,inf,inf,inf,835.4639429682169,inf
46,81,inf,inf,inf,680.7055163578448,inf
46,82,inf,inf,inf,661.2873807959744,inf
46,83,inf,inf,inf,379.22288960451743,inf
46,84,inf,inf,inf,1125.8419071965654,inf
46,85,1.0,132.5685,132.56854249492375,111.51681487560519,1.1887762634074632
46,86,inf,inf,inf,1204.8622327884627,inf
46,87,inf,inf,inf,1227.6750384364748,inf
46,88,inf,inf,inf,506.7790445549224,inf
46,89,inf,inf,inf,496.85510966477943,inf
46,90,inf,inf,inf,1293.79635182667,inf
46,91,inf,inf,inf,1148.933853622566,inf
46,92,inf,inf,inf,624.8591841367141,inf
46,93,inf,inf,inf,773.5224625051299,inf
46,94,inf,inf,inf,1053.6109338840406,inf
46,95,inf,inf,inf,804.8055665811463,inf
46,96,inf,inf,inf,310.55112300553674,inf
46,97,inf,inf,inf,86.20904824900923,inf
46,98,inf,inf,inf,968.7130638119835,inf
46,99,inf,inf,inf,790.7591289387685,inf
46,100,inf,inf,inf,901.6041259887845,inf
46,101,inf,inf,inf,1415.0014134268558,inf
46,102,inf,inf,inf,364.3514786576281,inf
46,103,inf,inf,inf,623.8789946776538,inf
46,104,inf,inf,inf,1328.474689258324,inf
46,105,inf,inf,inf,1171.8263523235855,inf
46,106,inf,inf,inf,1085.877525322262,inf
46,107,inf,inf,inf,712.1460524358749,inf
46,108,inf,inf,inf,336.41194984720744,inf
46,109,inf,inf,inf,690.342668534982,inf
46,110,inf,inf,inf,1438.6594454560816,inf
46,111,inf,inf,inf,787.3988823969717,inf
46,112,inf,inf,inf,752.0106382226252,inf
46,113,inf,inf,inf,194.74342094150447,inf
46,114,inf,inf,inf,843.1334413958446,inf
46,115,inf,inf,inf,1441.018042912718,inf
46,116,inf,inf,inf,1188.6096920351945,inf
46,117,inf,inf,inf,750.5757789857064,inf
46,118,inf,inf,inf,770.2116592210222,inf
46,119,inf,inf,inf,1433.7538142930955,inf
46,120,inf,inf,inf,444.8156921692399,inf
46,121,inf,inf,inf,937.9861406225574,inf
46,122,inf,inf,inf,379.2413479566805,inf
46,123,inf,inf,inf,799.7224518543918,inf
46,124,inf,inf,inf,1352.621528735958,inf
46,125,inf,inf,inf,160.86329600005092,inf
46,126,inf,inf,inf,736.6525639675735,inf
46,127,inf,inf,inf,730.2143520912199,inf
46,128,inf,inf,inf,1156.0285463603398,inf
46,129,inf,inf,inf,128.00390619039717,inf
46,130,inf,inf,inf,291.62475889402805,inf
46,131,inf,inf,inf,610.5120801425636,inf
46,132,inf,inf,inf,924.0005411253827,inf
46,133,inf,inf,inf,290.08274681545606,inf
46,134,inf,inf,inf,594.6225693664848,inf
46,135,inf,inf,inf,180.93645293306707,inf
46,136,inf,inf,inf,986.0,inf
46,137,inf,inf,inf,944.8052709421132,inf
46,138,inf,inf,inf,1380.9536559928433,inf
47,48,inf,inf,inf,687.52963572489,inf
47,49,inf,inf,inf,964.2945608059811,inf
47,50,inf,inf,inf,1020.3538601877292,inf
47,51,inf,inf,inf,224.57070156189118,inf
47,52,inf,inf,inf,200.48191938426766,inf
47,53,inf,inf,inf,241.6278129686233,inf
47,54,inf,inf,inf,139.30183056945089,inf
47,55,inf,inf,inf,857.8298199526524,inf
47,56,inf,inf,inf,277.9964028544254,inf
47,57,inf,inf,inf,535.1345625167562,inf
47,58,inf,inf,inf,461.00976128494284,inf
47,59,inf,inf,inf,267.8451044913832,inf
47,60,inf,inf,inf,161.64467204334326,inf
47,61,inf,inf,inf,498.49573719340873,inf
47,62,inf,inf,inf,473.3465960583217,inf
47,63,inf,inf,inf,515.7227937564909,inf
47,64,inf,inf,inf,491.2718188538805,inf
47,65,inf,inf,inf,265.75364531836624,inf
47,66,inf,inf,inf,565.0530948503866,inf
47,67,inf,inf,inf,410.18288603987367,inf
47,68,inf,inf,inf,903.5070558661952,inf
47,69,inf,inf,inf,1018.917562906833,inf
47,70,inf,inf,inf,214.46211786700232,inf
47,71,inf,inf,inf,932.1341105227294,inf
47,72,inf,inf,inf,252.05158202241066,inf
47,73,inf,inf,inf,68.15423684555495,inf
47,74,inf,inf,inf,697.3270394872122,inf
47,75,inf,inf,inf,427.1440038207256,inf
47,76,inf,inf,inf,1012.009881374683,inf
47,77,inf,inf,inf,288.8200131569833,inf
47,78,inf,inf,inf,354.36986327846785,inf
47,79,inf,inf,inf,712.2653999739142,inf
47,80,inf,inf,inf,310.6976021793538,inf
47,81,inf,inf,inf,259.763353843455,inf
47,82,inf,inf,inf,159.81239000778382,inf
47,83,inf,inf,inf,665.450974903486,inf
47,84,inf,inf,inf,614.0659573694018,inf
47,85,inf,inf,inf,448.7594010157336,inf
47,86,inf,inf,inf,704.8091940376487,inf
47,87,inf,inf,inf,1009.5211736263881,inf
47,88,inf,inf,inf,752.0013297860582,inf
47,89,inf,inf,inf,463.11337704713304,inf
47,90,inf,inf,inf,870.4941125590684,inf
47,91,inf,inf,inf,624.515812449933,inf
47,92,inf,inf,inf,455.18567640030153,inf
47,93,inf,inf,inf,248.33847869389874,inf
47,94,inf,inf,inf,934.4800693433756,inf
47,95,inf,inf,inf,877.0478892284046,inf
47,96,inf,inf,inf,676.9172770730556,inf
47,97,inf,inf,inf,540.4377855035675,inf
47,98,inf,inf,inf,652.1748231877707,inf
47,99,inf,inf,inf,270.8154353060401,inf
47,100,inf,inf,inf,514.8368673667417,inf
47,101,inf,inf,inf,901.018312799468,inf
47,102,inf,inf,inf,698.9685257577769,inf
47,103,inf,inf,inf,99.32774033471213,inf
47,104,inf,inf,inf,1020.9573938220929,inf
47,105,inf,inf,inf,679.2142519117219,inf
47,106,inf,inf,inf,949.4087633890895,inf
47,107,inf,inf,inf,250.92827660508888,inf
47,108,inf,inf,inf,329.94848082693153,inf
47,109,inf,inf,inf,827.1130515231881,inf
47,110,inf,inf,inf,994.1478763242418,inf
47,111,inf,inf,inf,628.4998011137315,inf
47,112,inf,inf,inf,248.28411145298847,inf
47,113,inf,inf,inf,503.2891812864648,inf
47,114,inf,inf,inf,473.35504645033626,inf
47,115,inf,inf,inf,964.3661130504328,inf
47,116,inf,inf,inf,711.9452226119647,inf
47,117,inf,inf,inf,339.9779404608481,inf
47,118,inf,inf,inf,672.2149953697849,inf
47,119,inf,inf,inf,936.6733688965434,inf
47,120,inf,inf,inf,215.3555200128383,inf
47,121,inf,inf,inf,590.2042019504775,inf
47,122,inf,inf,inf,356.6020190632689,inf
47,123,inf,inf,inf,604.9900825633425,inf
47,124,inf,inf,inf,835.2676217835814,inf
47,125,inf,inf,inf,397.4543999001647,inf
47,126,inf,inf,inf,674.5383606586063,inf
47,127,inf,inf,inf,297.3213749463701,inf
47,128,inf,inf,inf,658.2043755551919,inf
47,129,inf,inf,inf,520.6169417143473,inf
47,130,inf,inf,inf,480.8700448146048,inf
47,131,inf,inf,inf,110.9414259868693,inf
47,132,inf,inf,inf,482.0373429517676,inf
47,133,inf,inf,inf,236.76359517459605,inf
47,134,inf,inf,inf,73.16419889536138,inf
47,135,inf,inf,inf,627.4081606099812,inf
47,136,inf,inf,inf,653.8386651154855,inf
47,137,inf,inf,inf,444.24317664990645,inf
47,138,inf,inf,inf,857.1732613655188,inf
48,49,inf,inf,inf,311.12216250212714,inf
48,50,inf,inf,inf,478.29802424848043,inf
48,51,inf,inf,inf,768.0162758692031,inf
48,52,inf,inf,inf,762.3778590698972,inf
48,53,inf,inf,inf,926.4863733482539,inf
48,54,inf,inf,inf,813.0190649671138,inf
48,55,inf,inf,inf,241.6795398870165,inf
48,56,inf,inf,inf,948.1713980077652,inf
48,57,inf,inf,inf,976.201823395142,inf
48,58,inf,inf,inf,1137.5416475892212,inf
48,59,inf,inf,inf,729.3668487119496,inf
48,60,inf,inf,inf,769.3243789195816,inf
48,61,inf,inf,inf,475.3030612146318,inf
48,62,inf,inf,inf,1135.6971427277608,inf
48,63,inf,inf,inf,187.8004259846074,inf
48,64,inf,inf,inf,700.3406314073173,inf
48,65,inf,inf,inf,551.4943336064297,inf
48,66,inf,inf,inf,147.13938969562162,inf
48,67,inf,inf,inf,629.6959583799153,inf
48,68,inf,inf,inf,841.6792738329725,inf
48,69,inf,inf,inf,368.39109652650404,inf
48,70,inf,inf,inf,854.625649041731,inf
48,71,inf,inf,inf,248.7267577081324,inf
48,72,inf,inf,inf,912.2899758300537,inf
48,73,inf,inf,inf,746.7703797018197,inf
48,74,inf,inf,inf,286.2167011199731,inf
48,75,inf,inf,inf,988.2433910732719,inf
48,76,inf,inf,inf,596.7051198037436,inf
48,77,inf,inf,inf,484.1260166526893,inf
48,78,inf,inf,inf,926.7389060571484,inf
48,79,inf,inf,inf,485.06597489413747,inf
48,80,inf,inf,inf,739.6350451405071,inf
48,81,inf,inf,inf,916.1593747814842,inf
48,82,inf,inf,inf,777.5506414375851,inf
48,83,inf,inf,inf,700.6810972189845,inf
48,84,inf,inf,inf,1003.0453628824571,inf
48,85,inf,inf,inf,804.0795980498448,inf
48,86,inf,inf,inf,690.8436870957134,inf
48,87,inf,inf,inf,328.60006086426705,inf
48,88,inf,inf,inf,664.4885251078456,inf
48,89,inf,inf,inf,1128.4223500090734,inf
48,90,inf,inf,inf,528.8411859906525,inf
48,91,inf,inf,inf,832.2866092879303,inf
48,92,inf,inf,inf,292.056501382866,inf
48,93,inf,inf,inf,694.8014104764037,inf
48,94,inf,inf,inf,279.1200458584084,inf
48,95,inf,inf,inf,475.0789408087881,inf
48,96,inf,inf,inf,790.0594914308668,inf
48,97,inf,inf,inf,858.7549126497036,inf
48,98,inf,inf,inf,158.21820375671064,inf
48,99,inf,inf,inf,642.2771987234172,inf
48,100,inf,inf,inf,294.7168132292421,inf
48,101,inf,inf,inf,906.0226266490258,inf
48,102,inf,inf,inf,759.0546752375616,inf
48,103,inf,inf,inf,695.3740000891606,inf
48,104,inf,inf,inf,420.38672671719786,inf
48,105,inf,inf,inf,1119.1376144156714,inf
48,106,inf,inf,inf,279.46019394539894,inf
48,107,inf,inf,inf,878.7923531756521,inf
48,108,inf,inf,inf,587.6095642516381,inf
48,109,inf,inf,inf,544.3537452796664,inf
48,110,inf,inf,inf,684.4479527327114,inf
48,111,inf,inf,inf,143.83671297690307,inf
48,112,inf,inf,inf,577.2521112997335,inf
48,113,inf,inf,inf,1028.867824358406,inf
48,114,inf,inf,inf,1117.1329374787945,inf
48,115,inf,inf,inf,768.3156903252725,inf
48,116,inf,inf,inf,595.8867342037411,inf
48,117,inf,inf,inf,983.5934119340166,inf
48,118,inf,inf,inf,213.39634486091836,inf
48,119,inf,inf,inf,834.1810355072812,inf
48,120,inf,inf,inf,541.7868584600405,inf
48,121,inf,inf,inf,215.05813167606567,inf
48,122,inf,inf,inf,996.3473289972729,inf
48,123,inf,inf,inf,115.96551211459379,inf
48,124,inf,inf,inf,884.7672010195677,inf
48,125,inf,inf,inf,900.7402511268162,inf
48,126,inf,inf,inf,265.27155897306443,inf
48,127,inf,inf,inf,439.01822285640947,inf
48,128,inf,inf,inf,1087.8281114220206,inf
48,129,inf,inf,inf,1000.6123125366787,inf
48,130,inf,inf,inf,1064.0042293149027,inf
48,131,inf,inf,inf,605.9909240244444,inf
48,132,inf,inf,inf,1063.306634983531,inf
48,133,inf,inf,inf,772.1554247688739,inf
48,134,inf,inf,inf,657.7932805980919,inf
48,135,inf,inf,inf,864.5750401208677,inf
48,136,inf,inf,inf,189.73665961010275,inf
48,137,inf,inf,inf,580.5075365574507,inf
48,138,inf,inf,inf,976.0537895013779,inf
49,50,inf,inf,inf,577.444369614944,inf
49,51,inf,inf,inf,999.4598541212148,inf
49,52,inf,inf,inf,1062.8099547896604,inf
49,53,inf,inf,inf,1205.9220538658376,inf
49,54,inf,inf,inf,1077.2710893735152,inf
49,55,inf,inf,inf,115.41230437002807,inf
49,56,inf,inf,inf,1204.6750599227992,inf
49,57,inf,inf,inf,1144.9633181897138,inf
49,58,inf,inf,inf,1423.4921847344299,inf
49,59,inf,inf,inf,945.8461819978976,inf
49,60,inf,inf,inf,1017.4777638847937,inf
49,61,inf,inf,inf,780.92893402665,inf
49,62,inf,inf,inf,1427.7412230512923,inf
49,63,inf,inf,inf,449.8110714511149,inf
49,64,inf,inf,inf,840.8115127660895,inf
49,65,inf,inf,inf,776.3794175530415,inf
49,66,inf,inf,inf,400.5508706768717,inf
49,67,inf,inf,inf,940.4647787131637,inf
49,68,inf,inf,inf,1100.9709351295337,inf
49,69,inf,inf,inf,366.1543390429779,inf
49,70,inf,inf,inf,1103.711012901475,inf
49,71,inf,inf,inf,116.73045875006231,inf
49,72,inf,inf,inf,1165.4775845120316,inf
49,73,inf,inf,inf,1028.2144717907836,inf
49,74,inf,inf,inf,547.0767770615016,inf
49,75,inf,inf,inf,1294.6860623332593,inf
49,76,inf,inf,inf,756.774735307674,inf
49,77,inf,inf,inf,791.0025284409652,inf
49,78,inf,inf,inf,1231.159615971869,inf
49,79,inf,inf,inf,503.43817892567506,inf
49,80,inf,inf,inf,1048.7254168751704,inf
49,81,inf,inf,inf,1207.5367489231953,inf
49,82,inf,inf,inf,1072.0018656700183,inf
49,83,inf,inf,inf,767.205969736941,inf
49,84,inf,inf,inf,1313.4751615466507,inf
49,85,inf,inf,inf,971.0185374131639,inf
49,86,inf,inf,inf,974.8948661265994,inf
49,87,inf,inf,inf,253.50542400508908,inf
49,88,inf,inf,inf,682.139281965201,inf
49,89,inf,inf,inf,1375.954214354533,inf
49,90,inf,inf,inf,742.8001077005846,inf
49,91,inf,inf,inf,1135.9313359530145,inf
49,92,inf,inf,inf,517.8204321963358,inf
49,93,inf,inf,inf,1001.2791818469012,inf
49,94,inf,inf,inf,32.01562118716424,inf
49,95,inf,inf,inf,370.3093301552096,inf
49,96,inf,inf,inf,866.0975695613052,inf
49,97,inf,inf,inf,1001.5532936394349,inf
49,98,inf,inf,inf,446.6094490715574,inf
49,99,inf,inf,inf,950.5624650700237,inf
49,100,inf,inf,inf,603.1624988342694,inf
49,101,inf,inf,inf,1175.3714306550078,inf
49,102,inf,inf,inf,819.6249142138128,inf
49,103,inf,inf,inf,987.1139751821975,inf
49,104,inf,inf,inf,476.589970519733,inf
49,105,inf,inf,inf,1430.0839136218547,inf
49,106,inf,inf,inf,53.71219600798314,inf
49,107,inf,inf,inf,1175.1089311208557,inf
49,108,inf,inf,inf,786.0852371085466,inf
49,109,inf,inf,inf,494.0809650249643,inf
49,110,inf,inf,inf,881.2048569997785,inf
49,111,inf,inf,inf,336.3628992620916,inf
49,112,inf,inf,inf,883.7426095872033,inf
49,113,inf,inf,inf,1222.4974437601086,inf
49,114,inf,inf,inf,1414.102188669546,inf
49,115,inf,inf,inf,996.6955402729561,inf
49,116,inf,inf,inf,870.6698570640883,inf
49,117,inf,inf,inf,1279.0015637207016,inf
49,118,inf,inf,inf,312.92970456637704,inf
49,119,inf,inf,inf,1083.6166296250717,inf
49,120,inf,inf,inf,786.0852371085466,inf
49,121,inf,inf,inf,516.7059124879452,inf
49,122,inf,inf,inf,1236.1460269725417,inf
49,123,inf,inf,inf,361.19939091864484,inf
49,124,inf,inf,inf,1164.4397794647862,inf
49,125,inf,inf,inf,1100.7170390250167,inf
49,126,inf,inf,inf,338.2454729926182,inf
49,127,inf,inf,inf,743.4675514102818,inf
49,128,inf,inf,inf,1398.7097626026637,inf
49,129,inf,inf,inf,1180.5261538822424,inf
49,130,inf,inf,inf,1276.5594384908209,inf
49,131,inf,inf,inf,896.1807853329594,inf
49,132,inf,inf,inf,1368.9178207620791,inf
49,133,inf,inf,inf,1000.7182420641686,inf
49,134,inf,inf,inf,945.7637125624983,inf
49,135,inf,inf,inf,975.1743433868633,inf
49,136,inf,inf,inf,473.51135150067944,inf
49,137,inf,inf,inf,889.9887639740178,inf
49,138,inf,inf,inf,1262.2939435804958,inf
50,51,inf,inf,inf,1166.986718004965,inf
50,52,inf,inf,inf,1007.5182380483244,inf
50,53,inf,inf,inf,1228.9548405047274,inf
50,54,inf,inf,inf,1159.2812428397174,inf
50,55,inf,inf,inf,607.8963727478558,inf
50,56,inf,inf,inf,1298.3451005029442,inf
50,57,inf,inf,inf,1419.1282535415887,inf
50,58,inf,inf,inf,1405.6471819059007,inf
50,59,inf,inf,inf,1146.8238748822769,inf
50,60,inf,inf,inf,1146.2831238398305,inf
50,61,inf,inf,inf,578.013840664737,inf
50,62,inf,inf,inf,1382.580558231599,inf
50,63,inf,inf,inf,636.1414936946026,inf
50,64,inf,inf,inf,1165.474152437539,inf
50,65,inf,inf,inf,975.309694404808,inf
50,66,inf,inf,inf,611.3436022401805,inf
50,67,inf,inf,inf,757.8337548565648,inf
50,68,inf,inf,inf,643.3762507273641,inf
50,69,inf,inf,inf,224.37691503361035,inf
50,70,inf,inf,inf,1223.5898005459183,inf
50,71,inf,inf,inf,462.0822437618654,inf
50,72,inf,inf,inf,1270.5982842739872,inf
50,73,inf,inf,inf,1061.220523736702,inf
50,74,inf,inf,inf,323.0371495664237,inf
50,75,inf,inf,inf,1169.4930525659397,inf
50,76,inf,inf,inf,199.7248106770914,inf
50,77,inf,inf,inf,740.6139345164929,inf
50,78,inf,inf,inf,1129.4210906477708,inf
50,79,inf,inf,inf,956.6023207163988,inf
50,80,inf,inf,inf,923.7710755376572,inf
50,81,inf,inf,inf,1182.7971085524348,inf
50,82,inf,inf,inf,1047.214400206567,inf
50,83,inf,inf,inf,1178.8642839614745,inf
50,84,inf,inf,inf,1066.0060975435365,inf
50,85,inf,inf,inf,1253.9190563987772,inf
50,86,inf,inf,inf,609.5129202896359,inf
50,87,inf,inf,inf,337.91271062213684,inf
50,88,inf,inf,inf,1139.6139697283463,inf
50,89,inf,inf,inf,1483.4459882314557,inf
50,90,inf,inf,inf,270.7655812691118,inf
50,91,inf,inf,inf,835.8193584740665,inf
50,92,inf,inf,inf,746.0294900337385,inf
50,93,inf,inf,inf,911.8870544097005,inf
50,94,inf,inf,inf,560.8787747811465,inf
50,95,inf,inf,inf,903.2701699934522,inf
50,96,inf,inf,inf,1267.2620092151426,inf
50,97,inf,inf,inf,1318.5131777877687,inf
50,98,inf,inf,inf,396.9811078628302,inf
50,99,inf,inf,inf,851.9888496922949,inf
50,100,inf,inf,inf,505.5581074416669,inf
50,101,inf,inf,inf,733.6756776669102,inf
50,102,inf,inf,inf,1237.268362159156,inf
50,103,inf,inf,inf,985.3730258130674,inf
50,104,inf,inf,inf,108.40664186294121,inf
50,105,inf,inf,inf,1188.3846178741965,inf
50,106,inf,inf,inf,524.0696518593688,inf
50,107,inf,inf,inf,1129.6481753183157,inf
50,108,inf,inf,inf,1029.3473660528791,inf
50,109,inf,inf,inf,999.3127638532393,inf
50,110,inf,inf,inf,346.88326566728466,inf
50,111,inf,inf,inf,622.1077077162764,inf
50,112,inf,inf,inf,815.5004598404589,inf
50,113,inf,inf,inf,1451.9042668165143,inf
50,114,inf,inf,inf,1344.7114932207578,inf
50,115,inf,inf,inf,492.44289008980525,inf
50,116,inf,inf,inf,500.0159997440082,inf
50,117,inf,inf,inf,1228.4986772479651,inf
50,118,inf,inf,inf,684.4158092855541,inf
50,119,inf,inf,inf,606.884667791171,inf
50,120,inf,inf,inf,946.1712318602802,inf
50,121,inf,inf,inf,438.65818127558043,inf
50,122,inf,inf,inf,1370.0689763657888,inf
50,123,inf,inf,inf,589.7838587143599,inf
50,124,inf,inf,inf,753.6006900209155,inf
50,125,inf,inf,inf,1323.608703507196,inf
50,126,inf,inf,inf,735.9673905819469,inf
50,127,inf,inf,inf,723.2993847640132,inf
50,128,inf,inf,inf,1156.830583966382,inf
50,129,inf,inf,inf,1435.2992719290287,inf
50,130,inf,inf,inf,1467.8317342256912,inf
50,131,inf,inf,inf,914.0995569411464,inf
50,132,inf,inf,inf,1244.6726477271043,inf
50,133,inf,inf,inf,1174.1486277298968,inf
50,134,inf,inf,inf,965.0518120805742,inf
50,135,inf,inf,inf,1335.01348307798,inf
50,136,inf,inf,inf,382.4042363782075,inf
50,137,inf,inf,inf,693.3238781406566,inf
50,138,inf,inf,inf,862.5636208419643,inf
51,52,inf,inf,inf,413.4936517045939,inf
51,53,inf,inf,inf,322.41588050218616,inf
51,54,inf,inf,inf,170.59015211904818,inf
51,55,inf,inf,inf,885.4377448471462,inf
51,56,inf,inf,inf,231.03679360655957,inf
51,57,inf,inf,inf,311.02572240893517,inf
51,58,inf,inf,inf,525.7090450049343,inf
51,59,inf,inf,inf,75.23961722390672,inf
51,60,inf,inf,inf,74.94664769020693,inf
51,61,inf,inf,inf,696.4265934037844,inf
51,62,inf,inf,inf,564.0647125995386,inf
51,63,inf,inf,inf,580.7736219905308,inf
51,64,inf,inf,inf,322.893171188243,inf
51,65,inf,inf,inf,223.21514285549716,inf
51,66,inf,inf,inf,625.8857723259093,inf
51,67,inf,inf,inf,630.9056981831754,inf
51,68,inf,inf,inf,1121.615352961968,inf
51,69,inf,inf,inf,1127.4684031049385,inf
51,70,inf,inf,inf,126.53062870309307,inf
51,71,inf,inf,inf,993.278410114707,inf
51,72,inf,inf,inf,188.66372200293304,inf
51,73,inf,inf,inf,254.568261965234,inf
51,74,inf,inf,inf,849.8240994464678,inf
51,75,inf,inf,inf,605.7755359867217,inf
51,76,inf,inf,inf,1187.1192021022994,inf
51,77,inf,inf,inf,480.42585275981975,inf
51,78,inf,inf,inf,537.529534072315,inf
51,79,inf,inf,inf,638.3181025162925,inf
51,80,inf,inf,inf,533.4763349952835,inf
51,81,inf,inf,inf,398.78440290462714,inf
51,82,inf,inf,inf,360.2721193764513,inf
51,83,inf,inf,inf,514.5026724906295,inf
51,84,inf,inf,inf,825.2932812037185,inf
51,85,inf,inf,inf,239.08366736354034,inf
51,86,inf,inf,inf,920.966883226536,inf
51,87,inf,inf,inf,1096.378128202127,inf
51,88,inf,inf,inf,623.4629098831782,inf
51,89,inf,inf,inf,379.6972478172577,inf
51,90,inf,inf,inf,1052.2357150372725,inf
51,91,inf,inf,inf,849.0583018850944,inf
51,92,inf,inf,inf,487.0749428989342,inf
51,93,inf,inf,inf,472.65209192385896,inf
51,94,inf,inf,inf,973.0801611378171,inf
51,95,inf,inf,inf,827.1958655602674,inf
51,96,inf,inf,inf,500.02499937503126,inf
51,97,inf,inf,inf,328.01371922527875,inf
51,98,inf,inf,inf,776.4045337322548,inf
51,99,inf,inf,inf,494.0253029957069,inf
51,100,inf,inf,inf,670.9761545688491,inf
51,101,inf,inf,inf,1123.1215428438722,inf
51,102,inf,inf,inf,534.1582162618113,inf
51,103,inf,inf,inf,322.158346159152,inf
51,104,inf,inf,inf,1149.9782606640874,inf
51,105,inf,inf,inf,877.0974860299167,inf
51,106,inf,inf,inf,996.5385090401675,inf
51,107,inf,inf,inf,420.4628402130205,inf
51,108,inf,inf,inf,229.01964981197574,inf
51,109,inf,inf,inf,747.0609078247904,inf
51,110,inf,inf,inf,1186.8386579480803,inf
51,111,inf,inf,inf,671.1929677819934,inf
51,112,inf,inf,inf,462.8747130703945,inf
51,113,inf,inf,inf,294.462221685567,inf
51,114,inf,inf,inf,588.204896273399,inf
51,115,inf,inf,inf,1171.3317207349933,inf
51,116,inf,inf,inf,917.5020435944543,inf
51,117,inf,inf,inf,475.88338907761846,inf
51,118,inf,inf,inf,687.884437969053,inf
51,119,inf,inf,inf,1152.297270672807,inf
51,120,inf,inf,inf,227.00220263248548,inf
51,121,inf,inf,inf,728.3440121261381,inf
51,122,inf,inf,inf,237.24459951703852,inf
51,123,inf,inf,inf,664.262749219012,inf
51,124,inf,inf,inf,1058.4252453527363,inf
51,125,inf,inf,inf,176.50495743746123,inf
51,126,inf,inf,inf,673.0898899849856,inf
51,127,inf,inf,inf,470.52311314110807,inf
51,128,inf,inf,inf,859.5539540947967,inf
51,129,inf,inf,inf,300.45631962067296,inf
51,130,inf,inf,inf,301.2573650551966,inf
51,131,inf,inf,inf,319.3305497443049,inf
51,132,inf,inf,inf,644.0683193575042,inf
51,133,inf,inf,inf,12.36931687685298,inf
51,134,inf,inf,inf,296.0152023123137,inf
51,135,inf,inf,inf,424.19924563817887,inf
51,136,inf,inf,inf,786.1303963083986,inf
51,137,inf,inf,inf,659.2419889539804,inf
51,138,inf,inf,inf,1081.7439623127093,inf
52,53,inf,inf,inf,242.4231837098094,inf
52,54,inf,inf,inf,270.0296280040396,inf
52,55,inf,inf,inf,965.99016558141,inf
52,56,inf,inf,inf,369.15173032237027,inf
52,57,inf,inf,inf,716.2918399646893,inf
52,58,inf,inf,inf,398.4833748100415,inf
52,59,inf,inf,inf,465.6393454166003,inf
52,60,inf,inf,inf,341.5025622158639,inf
52,61,inf,inf,inf,436.6016491036194,inf
52,62,inf,inf,inf,381.6018867877883,inf
52,63,inf,inf,inf,618.4375473724085,inf
52,64,inf,inf,inf,691.2170426139679,inf
52,65,inf,inf,inf,454.0418482915424,inf
52,66,inf,inf,inf,666.1906633990002,inf
52,67,inf,inf,inf,287.2507615307573,inf
52,68,inf,inf,inf,766.9393717889309,inf
52,69,inf,inf,inf,1049.7790243665568,inf
52,70,inf,inf,inf,359.0055709874152,inf
52,71,inf,inf,inf,1010.9149321283171,inf
52,72,inf,inf,inf,365.0164379860173,inf
52,73,inf,inf,inf,159.3549497191725,inf
52,74,inf,inf,inf,693.0771962775864,inf
52,75,inf,inf,inf,246.05893602956183,inf
52,76,inf,inf,inf,960.0463530476015,inf
52,77,inf,inf,inf,284.76305940202286,inf
52,78,inf,inf,inf,174.9771413642365,inf
52,79,inf,inf,inf,883.7629772738842,inf
52,80,inf,inf,inf,133.41664064126334,inf
52,81,inf,inf,inf,175.84083712266613,inf
52,82,inf,inf,inf,61.0,inf
52,83,inf,inf,inf,861.7946391107339,inf
52,84,inf,inf,inf,414.19802027532677,inf
52,85,inf,inf,inf,646.309523370962,inf
52,86,inf,inf,inf,580.235297099375,inf
52,87,inf,inf,inf,1062.3116303608842,inf
52,88,inf,inf,inf,942.0217619566971,inf
52,89,inf,inf,inf,531.6060571513459,inf
52,90,inf,inf,inf,813.1721834888352,inf
52,91,inf,inf,inf,452.4477870428808,inf
52,92,inf,inf,inf,587.8681825035269,inf
52,93,inf,inf,inf,101.17806086301516,inf
52,94,inf,inf,inf,1031.4145626274626,inf
52,95,inf,inf,inf,1032.6238424518388,inf
52,96,inf,inf,inf,876.8363587351976,inf
52,97,inf,inf,inf,737.5852493102069,inf
52,98,inf,inf,inf,686.0502897018556,inf
52,99,inf,inf,inf,158.05062480104277,inf
52,100,inf,inf,inf,523.1156659860227,inf
52,101,inf,inf,inf,748.9786378796127,inf
52,102,inf,inf,inf,897.414062738043,inf
52,103,inf,inf,inf,106.7941945987702,inf
52,104,inf,inf,inf,1029.3225927764338,inf
52,105,inf,inf,inf,480.0802016330188,inf
52,106,inf,inf,inf,1039.0813250174406,inf
52,107,inf,inf,inf,122.93087488503447,inf
52,108,inf,inf,inf,524.9314240927094,inf
52,109,inf,inf,inf,998.2950465668955,inf
52,110,inf,inf,inf,913.630669362626,inf
52,111,inf,inf,inf,738.1713893128073,inf
52,112,inf,inf,inf,196.06121493043952,inf
52,113,inf,inf,inf,664.0067770738489,inf
52,114,inf,inf,inf,355.85671273702286,inf
52,115,inf,inf,inf,856.0566570034953,inf
52,116,inf,inf,inf,615.8027281524498,inf
52,117,inf,inf,inf,226.10616975217638,inf
52,118,inf,inf,inf,797.7129809649583,inf
52,119,inf,inf,inf,807.0997460041726,inf
52,120,inf,inf,inf,396.3344547222712,inf
52,121,inf,inf,inf,613.4313327504555,inf
52,122,inf,inf,inf,471.0244155030607,inf
52,123,inf,inf,inf,703.9005611590319,inf
52,124,inf,inf,inf,678.5609773631254,inf
52,125,inf,inf,inf,575.1669322900962,inf
52,126,inf,inf,inf,810.6522065596318,inf
52,127,inf,inf,inf,324.211350819184,inf
52,128,inf,inf,inf,458.2597516692907,inf
52,129,inf,inf,inf,693.7759004174186,inf
52,130,inf,inf,inf,618.7285349812145,inf
52,131,inf,inf,inf,183.3712082089225,inf
52,132,inf,inf,inf,313.4278226322609,inf
52,133,inf,inf,inf,425.84973875769845,inf
52,134,inf,inf,inf,153.15351775261317,inf
52,135,inf,inf,inf,826.9328872405547,inf
52,136,inf,inf,inf,678.3185092565292,inf
52,137,inf,inf,inf,341.9897659287482,inf
52,138,inf,inf,inf,684.290143141051,inf
53,54,inf,inf,inf,157.41982086128797,inf
53,55,inf,inf,inf,1099.2142648273812,inf
53,56,inf,inf,inf,155.72411502397438,inf
53,57,inf,inf,inf,566.1740015225001,inf
53,58,inf,inf,inf,222.40953216982405,inf
53,59,inf,inf,inf,395.8547713492917,inf
53,60,inf,inf,inf,253.99409441953566,inf
53,61,inf,inf,inf,670.5892930848211,inf
53,62,inf,inf,inf,246.78938388836744,inf
53,63,inf,inf,inf,757.1802955703483,inf
53,64,inf,inf,inf,644.7356047249136,inf
53,65,inf,inf,inf,478.0387013621387,inf
53,66,inf,inf,inf,806.531462498519,inf
53,67,inf,inf,inf,529.6357238706619,inf
53,68,inf,inf,inf,1004.6317733378733,inf
53,69,inf,inf,inf,1247.5772521170784,inf
53,70,inf,inf,inf,208.58091954922435,inf
53,71,inf,inf,inf,1172.458101596812,inf
53,72,inf,inf,inf,174.13213373757299,inf
53,73,inf,inf,inf,179.7247896090019,inf
53,74,inf,inf,inf,908.2075753923218,inf
53,75,inf,inf,inf,315.9303720758737,inf
53,76,inf,inf,inf,1195.5333537798099,inf
53,77,inf,inf,inf,488.9836398081228,inf
53,78,inf,inf,inf,262.39283526803854,inf
53,79,inf,inf,inf,928.4406281502335,inf
53,80,inf,inf,inf,369.84996958226185,inf
53,81,inf,inf,inf,102.39628899525607,inf
53,82,inf,inf,inf,188.35073665903195,inf
53,83,inf,inf,inf,834.9952095670968,inf
53,84,inf,inf,inf,575.4624227523461,inf
53,85,inf,inf,inf,553.7011829497928,inf
53,86,inf,inf,inf,821.6106133686444,inf
53,87,inf,inf,inf,1244.991967845576,inf
53,88,inf,inf,inf,938.8982905512183,inf
53,89,inf,inf,inf,291.5098626118849,inf
53,90,inf,inf,inf,1049.4417563638299,inf
53,91,inf,inf,inf,675.5412644687221,inf
53,92,inf,inf,inf,695.1618516575834,inf
53,93,inf,inf,inf,342.80023337214925,inf
53,94,inf,inf,inf,1176.097359915411,inf
53,95,inf,inf,inf,1103.94066869556,inf
53,96,inf,inf,inf,822.1538785409942,inf
53,97,inf,inf,inf,636.258595226815,inf
53,98,inf,inf,inf,879.5112278987688,inf
53,99,inf,inf,inf,396.13760235554514,inf
53,100,inf,inf,inf,729.3455970937234,inf
53,101,inf,inf,inf,980.4335775563789,inf
53,102,inf,inf,inf,856.4560700934987,inf
53,103,inf,inf,inf,244.23349483639626,inf
53,104,inf,inf,inf,1240.3330197975058,inf
53,105,inf,inf,inf,596.9690109210025,inf
53,106,inf,inf,inf,1190.7749577481045,inf
53,107,inf,inf,inf,155.7080601638849,inf
53,108,inf,inf,inf,521.9904213680554,inf
53,109,inf,inf,inf,1041.8157226688413,inf
53,110,inf,inf,inf,1154.768375043238,inf
53,111,inf,inf,inf,870.0643654351096,inf
53,112,inf,inf,inf,415.90022842023063,inf
53,113,inf,inf,inf,482.96169620374656,inf
53,114,inf,inf,inf,265.8589851782332,inf
53,115,inf,inf,inf,1098.2941318244398,inf
53,116,inf,inf,inf,857.8169968005997,inf
53,117,inf,inf,inf,161.74362429474616,inf
53,118,inf,inf,inf,912.0663353068131,inf
53,119,inf,inf,inf,1046.482202428689,inf
53,120,inf,inf,inf,440.9648512069868,inf
53,121,inf,inf,inf,812.618606727658,inf
53,122,inf,inf,inf,259.40894356209077,inf
53,123,inf,inf,inf,846.4307414077067,inf
53,124,inf,inf,inf,908.2070248572184,inf
53,125,inf,inf,inf,430.11858829862257,inf
53,126,inf,inf,inf,911.9221457997388,inf
53,127,inf,inf,inf,513.4043240955417,inf
53,128,inf,inf,inf,586.0588707629977,inf
53,129,inf,inf,inf,529.7942997050836,inf
53,130,inf,inf,inf,414.56000771902734,inf
53,131,inf,inf,inf,324.96769070170654,inf
53,132,inf,inf,inf,335.67841753678476,inf
53,133,inf,inf,inf,332.18217893198306,inf
53,134,inf,inf,inf,272.04595200076034,inf
53,135,inf,inf,inf,738.1388758221585,inf
53,136,inf,inf,inf,877.542591558951,inf
53,137,inf,inf,inf,583.1569257069661,inf
53,138,inf,inf,inf,900.9605984725414,inf
54,55,inf,inf,inf,967.3370663837916,inf
54,56,inf,inf,inf,139.40229553346674,inf
54,57,inf,inf,inf,450.87692333939646,inf
54,58,inf,inf,inf,374.2579324476637,inf
54,59,inf,inf,inf,241.23018053303363,inf
54,60,inf,inf,inf,98.08159868191383,inf
54,61,inf,inf,inf,633.7799302597077,inf
54,62,inf,inf,inf,403.9108812597155,inf
54,63,inf,inf,inf,634.3697659882602,inf
54,64,inf,inf,inf,489.6621284110095,inf
54,65,inf,inf,inf,326.11960995929087,inf
54,66,inf,inf,inf,683.0944297825887,inf
54,67,inf,inf,inf,529.0604880351584,inf
54,68,inf,inf,inf,1021.9745593702419,inf
54,69,inf,inf,inf,1152.7809852699688,inf
54,70,inf,inf,inf,89.20201791439474,inf
54,71,inf,inf,inf,1053.567748177591,inf
54,72,inf,inf,inf,113.22985472038724,inf
54,73,inf,inf,inf,119.64113005150027,inf
54,74,inf,inf,inf,836.301381082203,inf
54,75,inf,inf,inf,437.49857142623904,inf
54,76,inf,inf,inf,1150.4525196634584,inf
54,77,inf,inf,inf,427.2633848108213,inf
54,78,inf,inf,inf,371.1940193483726,inf
54,79,inf,inf,inf,773.9386280578067,inf
54,80,inf,inf,inf,400.84410934925813,inf
54,81,inf,inf,inf,228.21919288263203,inf
54,82,inf,inf,inf,210.535032714273,inf
54,83,inf,inf,inf,678.6825472929152,inf
54,84,inf,inf,inf,669.2234305521587,inf
54,85,inf,inf,inf,408.40176297366787,inf
54,86,inf,inf,inf,826.9733973955873,inf
54,87,inf,inf,inf,1138.5086736604162,inf
54,88,inf,inf,inf,781.5299098563023,inf
54,89,inf,inf,inf,324.6120761770886,inf
54,90,inf,inf,inf,1008.2286447031745,inf
54,91,inf,inf,inf,721.2828848655706,inf
54,92,inf,inf,inf,560.4828275692307,inf
54,93,inf,inf,inf,350.08713201144656,inf
54,94,inf,inf,inf,1048.4903433031704,inf
54,95,inf,inf,inf,952.9428104561155,inf
54,96,inf,inf,inf,669.6461752298746,inf
54,97,inf,inf,inf,495.35845606994536,inf
54,98,inf,inf,inf,787.5969781557062,inf
54,99,inf,inf,inf,387.0710529088942,inf
54,100,inf,inf,inf,653.7231830063854,inf
54,101,inf,inf,inf,1011.8700509452782,inf
54,102,inf,inf,inf,701.8518362161632,inf
54,103,inf,inf,inf,205.30221625691235,inf
54,104,inf,inf,inf,1158.1783109694293,inf
54,105,inf,inf,inf,712.5735049803634,inf
54,106,inf,inf,inf,1066.4304946877692,inf
54,107,inf,inf,inf,253.17977802344325,inf
54,108,inf,inf,inf,365.32861919099633,inf
54,109,inf,inf,inf,886.6639724269843,inf
54,110,inf,inf,inf,1129.1133689758526,inf
54,111,inf,inf,inf,741.1754178330525,inf
54,112,inf,inf,inf,378.61325914447315,inf
54,113,inf,inf,inf,394.06217783491985,inf
54,114,inf,inf,inf,421.98815149243234,inf
54,115,inf,inf,inf,1093.0292768265633,inf
54,116,inf,inf,inf,842.5514821065832,inf
54,117,inf,inf,inf,305.5879578779242,inf
54,118,inf,inf,inf,775.243187651462,inf
54,119,inf,inf,inf,1058.1464926937101,inf
54,120,inf,inf,inf,296.2043213729334,inf
54,121,inf,inf,inf,727.4957044546724,inf
54,122,inf,inf,inf,219.8635940759634,inf
54,123,inf,inf,inf,723.0712274734765,inf
54,124,inf,inf,inf,943.2120652324163,inf
54,125,inf,inf,inf,309.517366233302,inf
54,126,inf,inf,inf,770.5459103778308,inf
54,127,inf,inf,inf,436.5375127065256,inf
54,128,inf,inf,inf,696.7137145198162,inf
54,129,inf,inf,inf,424.976469936866,inf
54,130,inf,inf,inf,354.9492921531187,inf
54,131,inf,inf,inf,249.04015740438328,inf
54,132,inf,inf,inf,473.60848809961163,inf
54,133,inf,inf,inf,181.57092278225608,inf
54,134,inf,inf,inf,203.57799488156869,inf
54,135,inf,inf,inf,593.8097338373631,inf
54,136,inf,inf,inf,790.5694150420949,inf
54,137,inf,inf,inf,570.2639739629359,inf
54,138,inf,inf,inf,953.7573066561534,inf
55,56,inf,inf,inf,1093.0041171011205,inf
55,57,inf,inf,inf,1030.3479994642587,inf
55,58,inf,inf,inf,1318.3209017534389,inf
55,59,inf,inf,inf,830.9879662185248,inf
55,60,inf,inf,inf,905.1502637683977,inf
55,61,inf,inf,inf,716.2471640432512,inf
55,62,inf,inf,inf,1325.024150723299,inf
55,63,inf,inf,inf,348.0488471464889,inf
55,64,inf,inf,inf,727.145102438296,inf
55,65,inf,inf,inf,662.5896165802782,inf
55,66,inf,inf,inf,299.8216136305053,inf
55,67,inf,inf,inf,864.5704135580861,inf
55,68,inf,inf,inf,1072.3530202316772,inf
55,69,inf,inf,inf,418.6466290321708,inf
55,70,inf,inf,inf,991.2466897800971,inf
55,71,inf,inf,inf,166.97904060090895,inf
55,72,inf,inf,inf,1053.4106511707578,inf
55,73,inf,inf,inf,922.8244686829668,inf
55,74,inf,inf,inf,512.2899569579712,inf
55,75,inf,inf,inf,1202.299463528118,inf
55,76,inf,inf,inf,769.9168786304142,inf
55,77,inf,inf,inf,701.6615993482899,inf
55,78,inf,inf,inf,1136.863228361266,inf
55,79,inf,inf,inf,401.3103537164223,inf
55,80,inf,inf,inf,961.018730306543,inf
55,81,inf,inf,inf,1105.1465966106034,inf
55,82,inf,inf,inf,971.6151501494818,inf
55,83,inf,inf,inf,661.629050148193,inf
55,84,inf,inf,inf,1238.09086903991,inf
55,85,inf,inf,inf,856.2014949765038,inf
55,86,inf,inf,inf,930.0430097581509,inf
55,87,inf,inf,inf,318.8181299738144,inf
55,88,inf,inf,inf,584.5220269587794,inf
55,89,inf,inf,inf,1262.7628439259686,inf
55,90,inf,inf,inf,733.648417159064,inf
55,91,inf,inf,inf,1073.3592129385204,inf
55,92,inf,inf,inf,406.89310635595683,inf
55,93,inf,inf,inf,910.0549433962765,inf
55,94,inf,inf,inf,94.26027795418386,inf
55,95,inf,inf,inf,298.28342226815084,inf
55,96,inf,inf,inf,760.0164471904538,inf
55,97,inf,inf,inf,888.3203251080097,inf
55,98,inf,inf,inf,394.87213120198794,inf
55,99,inf,inf,inf,861.986658829474,inf
55,100,inf,inf,inf,534.9102728495686,inf
55,101,inf,inf,inf,1140.930322149429,inf
55,102,inf,inf,inf,715.6290938747529,inf
55,103,inf,inf,inf,885.8589052439446,inf
55,104,inf,inf,inf,517.117008035899,inf
55,105,inf,inf,inf,1351.9245541079576,inf
55,106,inf,inf,inf,130.41855696180662,inf
55,107,inf,inf,inf,1075.280893534336,inf
55,108,inf,inf,inf,670.8576600144028,inf
55,109,inf,inf,inf,408.9254210733297,inf
55,110,inf,inf,inf,881.4227135716438,inf
55,111,inf,inf,inf,230.0,inf
55,112,inf,inf,inf,793.2294749944684,inf
55,113,inf,inf,inf,1107.1350414470676,inf
55,114,inf,inf,inf,1313.9197083535964,inf
55,115,inf,inf,inf,983.7164225527599,inf
55,116,inf,inf,inf,831.703072015488,inf
55,117,inf,inf,inf,1178.3314474289482,inf
55,118,inf,inf,inf,197.9520143873257,inf
55,119,inf,inf,inf,1060.428686899784,inf
55,120,inf,inf,inf,674.3367111465903,inf
55,121,inf,inf,inf,456.6015768698133,inf
55,122,inf,inf,inf,1122.3747146118358,inf
55,123,inf,inf,inf,262.3833073958784,inf
55,124,inf,inf,inf,1123.1135294350256,inf
55,125,inf,inf,inf,985.309088560539,inf
55,126,inf,inf,inf,223.27113561766106,inf
55,127,inf,inf,inf,652.0981521212892,inf
55,128,inf,inf,inf,1321.0423914469966,inf
55,129,inf,inf,inf,1065.4736036148431,inf
55,130,inf,inf,inf,1161.2562163450407,inf
55,131,inf,inf,inf,794.8157019083103,inf
55,132,inf,inf,inf,1275.4073858967572,inf
55,133,inf,inf,inf,886.4722217870112,inf
55,134,inf,inf,inf,843.1518249995074,inf
55,135,inf,inf,inf,865.0693613809242,inf
55,136,inf,inf,inf,425.01882311257697,inf
55,137,inf,inf,inf,818.4130986244049,inf
55,138,inf,inf,inf,1216.2606628515123,inf
56,57,inf,inf,inf,418.3837950972767,inf
56,58,inf,inf,inf,306.8941185490527,inf
56,59,inf,inf,inf,304.8688242506931,inf
56,60,inf,inf,inf,189.16923639957952,inf
56,61,inf,inf,inf,766.0026109616076,inf
56,62,inf,inf,inf,355.7934794231058,inf
56,63,inf,inf,inf,766.874174816182,inf
56,64,inf,inf,inf,544.1415257081562,inf
56,65,inf,inf,inf,436.65661566040654,inf
56,66,inf,inf,inf,815.0220855903232,inf
56,67,inf,inf,inf,647.7437765042595,inf
56,68,inf,inf,inf,1135.3558913398037,inf
56,69,inf,inf,inf,1291.2803723436673,inf
56,70,inf,inf,inf,106.16967551989597,inf
56,71,inf,inf,inf,1186.0607067093995,inf
56,72,inf,inf,inf,42.42640687119285,inf
56,73,inf,inf,inf,245.41597340026587,inf
56,74,inf,inf,inf,975.321998111393,inf
56,75,inf,inf,inf,471.2472811592657,inf
56,76,inf,inf,inf,1286.0832010410525,inf
56,77,inf,inf,inf,563.7987229499549,inf
56,78,inf,inf,inf,417.77027180018445,inf
56,79,inf,inf,inf,868.7393164810719,inf
56,80,inf,inf,inf,502.32758236035573,inf
56,81,inf,inf,inf,257.8158257361251,inf
56,82,inf,inf,inf,308.6389476394708,inf
56,83,inf,inf,inf,737.0488450570966,inf
56,84,inf,inf,inf,730.3622388924554,inf
56,85,inf,inf,inf,432.681175925184,inf
56,86,inf,inf,inf,945.1909859917201,inf
56,87,inf,inf,inf,1274.8901913498275,inf
56,88,inf,inf,inf,850.7996238833207,inf
56,89,inf,inf,inf,185.23498589629335,inf
56,90,inf,inf,inf,1142.783444052284,inf
56,91,inf,inf,inf,817.8227191757392,inf
56,92,inf,inf,inf,686.8624316411548,inf
56,93,inf,inf,inf,462.23154370942706,inf
56,94,inf,inf,inf,1176.6244090617872,inf
56,95,inf,inf,inf,1055.7637046233403,inf
56,96,inf,inf,inf,709.840122844574,inf
56,97,inf,inf,inf,506.96844083236584,inf
56,98,inf,inf,inf,926.6898078645303,inf
56,99,inf,inf,inf,507.17354031928755,inf
56,100,inf,inf,inf,792.810822327748,inf
56,101,inf,inf,inf,1117.899816620434,inf
56,102,inf,inf,inf,750.2352964237286,inf
56,103,inf,inf,inf,330.6055050963308,inf
56,104,inf,inf,inf,1297.556164487688,inf
56,105,inf,inf,inf,752.1821587886807,inf
56,106,inf,inf,inf,1196.3314758042604,inf
56,107,inf,inf,inf,307.05862632402955,inf
56,108,inf,inf,inf,457.75102402943895,inf
56,109,inf,inf,inf,978.0112473790882,inf
56,110,inf,inf,inf,1259.7729954241756,inf
56,111,inf,inf,inf,869.9068915694369,inf
56,112,inf,inf,inf,508.5872589831562,inf
56,113,inf,inf,inf,328.24685832464564,inf
56,114,inf,inf,inf,393.55939831237674,inf
56,115,inf,inf,inf,1216.552506059644,inf
56,116,inf,inf,inf,969.018059687228,inf
56,117,inf,inf,inf,312.96804948748365,inf
56,118,inf,inf,inf,898.1007738555846,inf
56,119,inf,inf,inf,1174.3376856764837,inf
56,120,inf,inf,inf,418.68842830916645,inf
56,121,inf,inf,inf,866.891573381585,inf
56,122,inf,inf,inf,105.01904589168576,inf
56,123,inf,inf,inf,854.8128450134567,inf
56,124,inf,inf,inf,1047.0310406095896,inf
56,125,inf,inf,inf,288.99826989101507,inf
56,126,inf,inf,inf,889.0826733212159,inf
56,127,inf,inf,inf,575.2582028967514,inf
56,128,inf,inf,inf,741.6852432130493,inf
56,129,inf,inf,inf,378.3437590340298,inf
56,130,inf,inf,inf,259.5573154430443,inf
56,131,inf,inf,inf,386.08030252785494,inf
56,132,inf,inf,inf,486.09669819903115,inf
56,133,inf,inf,inf,236.48467180770933,inf
56,134,inf,inf,inf,337.91271062213684,inf
56,135,inf,inf,inf,611.5071544961678,inf
56,136,inf,inf,inf,929.9102107192931,inf
56,137,inf,inf,inf,694.275161589409,inf
56,138,inf,inf,inf,1046.8027512382646,inf
57,58,inf,inf,inf,711.8658581502557,inf
57,59,inf,inf,inf,290.32740139366797,inf
57,60,inf,inf,inf,376.62979170532964,inf
57,61,inf,inf,inf,996.1169610040781,inf
57,62,inf,inf,inf,768.2200205670248,inf
57,63,inf,inf,inf,793.0529616614517,inf
57,64,inf,inf,inf,308.13146544940844,inf
57,65,inf,inf,inf,445.6545747549328,inf
57,66,inf,inf,inf,829.1513733933026,inf
57,67,inf,inf,inf,941.4929633300505,inf
57,68,inf,inf,inf,1430.547447657714,inf
57,69,inf,inf,inf,1344.5928751856452,inf
57,70,inf,inf,inf,367.14166203251847,inf
57,71,inf,inf,inf,1167.7007322083857,inf
57,72,inf,inf,inf,392.2562937672256,inf
57,73,inf,inf,inf,557.4836320467176,inf
57,74,inf,inf,inf,1115.1367629129622,inf
57,75,inf,inf,inf,878.6153879827054,inf
57,76,inf,inf,inf,1463.84869436701,inf
57,77,inf,inf,inf,781.4038648483894,inf
57,78,inf,inf,inf,817.1077040390697,inf
57,79,inf,inf,inf,684.7167297503399,inf
57,80,inf,inf,inf,841.3049387707171,inf
57,81,inf,inf,inf,662.57226021016,inf
57,82,inf,inf,inf,659.1547617972581,inf
57,83,inf,inf,inf,455.7060456039617,inf
57,84,inf,inf,inf,1120.004464276817,inf
57,85,inf,inf,inf,174.7741399635541,inf
57,86,inf,inf,inf,1229.1968922837382,inf
57,87,inf,inf,inf,1292.7892326284282,inf
57,88,inf,inf,inf,583.2160834544945,inf
57,89,inf,inf,inf,440.18291652448306,inf
57,90,inf,inf,inf,1336.0842039332701,inf
57,91,inf,inf,inf,1158.996548743783,inf
57,92,inf,inf,inf,684.6407817242557,inf
57,93,inf,inf,inf,782.3535006632233,inf
57,94,inf,inf,inf,1124.114762824508,inf
57,95,inf,inf,inf,881.1413053534603,inf
57,96,inf,inf,inf,384.2551235832777,inf
57,97,inf,inf,inf,162.63455967290594,inf
57,98,inf,inf,inf,1022.1531196449972,inf
57,99,inf,inf,inf,805.0503089869601,inf
57,100,inf,inf,inf,945.4903489724261,inf
57,101,inf,inf,inf,1433.8594770757697,inf
57,102,inf,inf,inf,439.00113895068654,inf
57,103,inf,inf,inf,631.3327173527442,inf
57,104,inf,inf,inf,1386.200923387371,inf
57,105,inf,inf,inf,1158.281917324103,inf
57,106,inf,inf,inf,1155.6002769123932,inf
57,107,inf,inf,inf,699.5441372779848,inf
57,108,inf,inf,inf,391.0051150560565,inf
57,109,inf,inf,inf,767.1955422185403,inf
57,110,inf,inf,inf,1477.8501277193166,inf
57,111,inf,inf,inf,852.2188686012531,inf
57,112,inf,inf,inf,772.2706779361754,inf
57,113,inf,inf,inf,125.59060474414477,inf
57,114,inf,inf,inf,810.7206670611031,inf
57,115,inf,inf,inf,1473.0665293869113,inf
57,116,inf,inf,inf,1219.5855853526639,inf
57,117,inf,inf,inf,727.6661322337326,inf
57,118,inf,inf,inf,839.001787840765,inf
57,119,inf,inf,inf,1459.771214951165,inf
57,120,inf,inf,inf,484.69474930104207,inf
57,121,inf,inf,inf,987.4107554609682,inf
57,122,inf,inf,inf,335.5979737721907,inf
57,123,inf,inf,inf,861.9245906690445,inf
57,124,inf,inf,inf,1369.4221409046957,inf
57,125,inf,inf,inf,141.4390328021229,inf
57,126,inf,inf,inf,807.1164723879696,inf
57,127,inf,inf,inf,763.8645167829175,inf
57,128,inf,inf,inf,1144.3513446490113,inf
57,129,inf,inf,inf,55.362442142665635,inf
57,130,inf,inf,inf,226.85017081765665,inf
57,131,inf,inf,inf,628.9904609769532,inf
57,132,inf,inf,inf,901.6634627176594,inf
57,133,inf,inf,inf,299.0819285747636,inf
57,134,inf,inf,inf,607.0008237226701,inf
57,135,inf,inf,inf,250.59928172283335,inf
57,136,inf,inf,inf,1037.9258162315841,inf
57,137,inf,inf,inf,967.7380844009396,inf
57,138,inf,inf,inf,1391.9155865209643,inf
58,59,inf,inf,inf,600.9301124090887,inf
58,60,inf,inf,inf,465.2880828046212,inf
58,61,inf,inf,inf,831.4806071099915,inf
58,62,inf,inf,inf,67.47592163134935,inf
58,63,inf,inf,inf,973.8049085930919,inf
58,64,inf,inf,inf,846.7738777265156,inf
58,65,inf,inf,inf,699.1602105383287,inf
58,66,inf,inf,inf,1023.1446623034301,inf
58,67,inf,inf,inf,665.6876144258657,inf
58,68,inf,inf,inf,1094.2417465989863,inf
58,69,inf,inf,inf,1444.3410262123,inf
58,70,inf,inf,inf,400.7393167634042,inf
58,71,inf,inf,inf,1385.260986240499,inf
58,72,inf,inf,inf,345.1376536977674,inf
58,73,inf,inf,inf,395.50600501130197,inf
58,74,inf,inf,inf,1091.370239652887,inf
58,75,inf,inf,inf,309.94515643900615,inf
58,76,inf,inf,inf,1349.9281462359395,inf
58,77,inf,inf,inf,677.932887533862,inf
58,78,inf,inf,inf,305.50286414369344,inf
58,79,inf,inf,inf,1148.1898797672795,inf
58,80,inf,inf,inf,493.52710158612365,inf
58,81,inf,inf,inf,225.55043781824057,inf
58,82,inf,inf,inf,365.55984462191685,inf
58,83,inf,inf,inf,1039.3752931448776,inf
58,84,inf,inf,inf,577.7551384453452,inf
58,85,inf,inf,inf,739.5302563113967,inf
58,86,inf,inf,inf,932.8075900205787,inf
58,87,inf,inf,inf,1449.953447528575,inf
58,88,inf,inf,inf,1148.9769362350141,inf
58,89,inf,inf,inf,309.96774025695,inf
58,90,inf,inf,inf,1202.7377103924198,inf
58,91,inf,inf,inf,744.7482796220479,inf
58,92,inf,inf,inf,916.0545835265494,inf
58,93,inf,inf,inf,494.2974812802509,inf
58,94,inf,inf,inf,1393.2641529875086,inf
58,95,inf,inf,inf,1325.7213130971381,inf
58,96,inf,inf,inf,1016.1520555507428,inf
58,97,inf,inf,inf,813.0418193426461,inf
58,98,inf,inf,inf,1077.8023937624187,inf
58,99,inf,inf,inf,553.943137876082,inf
58,100,inf,inf,inf,919.0609337796923,inf
58,101,inf,inf,inf,1052.6708887396858,inf
58,102,inf,inf,inf,1055.3222256732774,inf
58,103,inf,inf,inf,442.97629733429306,inf
58,104,inf,inf,inf,1427.379416973637,inf
58,105,inf,inf,inf,551.9510847892229,inf
58,106,inf,inf,inf,1406.361617792522,inf
58,107,inf,inf,inf,276.0018115882575,inf
58,108,inf,inf,inf,738.8910609826052,inf
58,109,inf,inf,inf,1260.870334332599,inf
58,110,inf,inf,inf,1290.0620140132798,inf
58,111,inf,inf,inf,1088.600018372221,inf
58,112,inf,inf,inf,593.3843611016388,inf
58,113,inf,inf,inf,604.2731170588346,inf
58,114,inf,inf,inf,130.09611831257686,inf
58,115,inf,inf,inf,1212.3134908100296,inf
58,116,inf,inf,inf,990.2343157051264,inf
58,117,inf,inf,inf,181.1767093199344,inf
58,118,inf,inf,inf,1133.086492726835,inf
58,119,inf,inf,inf,1141.802522330372,inf
58,120,inf,inf,inf,663.3400334669994,inf
58,121,inf,inf,inf,1007.2859574122931,inf
58,122,inf,inf,inf,376.2884531845217,inf
58,123,inf,inf,inf,1062.8099547896604,inf
58,124,inf,inf,inf,978.5795828648787,inf
58,125,inf,inf,inf,592.1148537234985,inf
58,126,inf,inf,inf,1133.92239593369,inf
58,127,inf,inf,inf,710.6124119377595,inf
58,128,inf,inf,inf,553.2061098722609,inf
58,129,inf,inf,inf,665.3239812301973,inf
58,130,inf,inf,inf,512.1113160241629,inf
58,131,inf,inf,inf,531.5580871362978,inf
58,132,inf,inf,inf,275.3942628305826,inf
58,133,inf,inf,inf,533.5625549080445,inf
58,134,inf,inf,inf,479.8968639197385,inf
58,135,inf,inf,inf,917.8589216214003,inf
58,136,inf,inf,inf,1072.459323237949,inf
58,137,inf,inf,inf,727.0557062564051,inf
58,138,inf,inf,inf,946.6593896433923,inf
59,60,inf,inf,inf,143.17821063276352,inf
59,61,inf,inf,inf,705.8420503200415,inf
59,62,inf,inf,inf,638.7800873540126,inf
59,63,inf,inf,inf,541.6133307074338,inf
59,64,inf,inf,inf,248.8875247978492,inf
59,65,inf,inf,inf,177.88198334851114,inf
59,66,inf,inf,inf,584.2756198918452,inf
59,67,inf,inf,inf,659.3034202853797,inf
59,68,inf,inf,inf,1143.7062559940816,inf
59,69,inf,inf,inf,1093.7092849564733,inf
59,70,inf,inf,inf,201.4671189052943,inf
59,71,inf,inf,inf,946.3852281180217,inf
59,72,inf,inf,inf,262.68802789621,inf
59,73,inf,inf,inf,310.2289477144259,inf
59,74,inf,inf,inf,835.0760444414628,inf
59,75,inf,inf,inf,670.6869612568892,inf
59,76,inf,inf,inf,1179.466404778025,inf
59,77,inf,inf,inf,491.4977110831748,inf
59,78,inf,inf,inf,600.8935013794041,inf
59,79,inf,inf,inf,567.0811229445043,inf
59,80,inf,inf,inf,578.013840664737,inf
59,81,inf,inf,inf,468.12391521903686,inf
59,82,inf,inf,inf,416.60172827293934,inf
59,83,inf,inf,inf,439.7385586914115,inf
59,84,inf,inf,inf,879.7476911023979,inf
59,85,inf,inf,inf,180.95303258028034,inf
59,86,inf,inf,inf,941.8434052431434,inf
59,87,inf,inf,inf,1056.0009469692723,inf
59,88,inf,inf,inf,548.2307908171521,inf
59,89,inf,inf,inf,443.8975106936285,inf
59,90,inf,inf,inf,1048.853183243489,inf
59,91,inf,inf,inf,887.2750419120331,inf
59,92,inf,inf,inf,441.56652952867705,inf
59,93,inf,inf,inf,513.9659521797139,inf
59,94,inf,inf,inf,920.5150732063,inf
59,95,inf,inf,inf,758.0949808566206,inf
59,96,inf,inf,inf,428.6560392669162,inf
59,97,inf,inf,inf,272.5949375905576,inf
59,98,inf,inf,inf,751.9607702533424,inf
59,99,inf,inf,inf,527.893928739477,inf
59,100,inf,inf,inf,660.7647085006886,inf
59,101,inf,inf,inf,1151.0,inf
59,102,inf,inf,inf,460.8210064656341,inf
59,103,inf,inf,inf,367.14710948065493,inf
59,104,inf,inf,inf,1123.178080270444,inf
59,105,inf,inf,inf,937.6145263379829,inf
59,106,inf,inf,inf,945.9228298333855,inf
59,107,inf,inf,inf,485.3905643911921,inf
59,108,inf,inf,inf,163.36768346279504,inf
59,109,inf,inf,inf,674.5050036878896,inf
59,110,inf,inf,inf,1188.6837258076682,inf
59,111,inf,inf,inf,623.5230549065527,inf
59,112,inf,inf,inf,488.0040983434463,inf
59,113,inf,inf,inf,305.16389039334257,inf
59,114,inf,inf,inf,661.6963049617249,inf
59,115,inf,inf,inf,1182.8376896260957,inf
59,116,inf,inf,inf,929.4713551261276,inf
59,117,inf,inf,inf,546.6186970823446,inf
59,118,inf,inf,inf,633.0387033981414,inf
59,119,inf,inf,inf,1171.5161117116572,inf
59,120,inf,inf,inf,201.07958623390888,inf
59,121,inf,inf,inf,709.8690019996648,inf
59,122,inf,inf,inf,299.7131962393381,inf
59,123,inf,inf,inf,621.3276108463232,inf
59,124,inf,inf,inf,1088.6987645809102,inf
59,125,inf,inf,inf,176.81911661356077,inf
59,126,inf,inf,inf,614.5087468864865,inf
59,127,inf,inf,inf,473.64649265037315,inf
59,128,inf,inf,inf,918.7262922111242,inf
59,129,inf,inf,inf,293.429719012918,inf
59,130,inf,inf,inf,335.316268618151,inf
59,131,inf,inf,inf,346.7636082405419,inf
59,132,inf,inf,inf,712.4387692988079,inf
59,133,inf,inf,inf,68.41052550594829,inf
59,134,inf,inf,inf,333.8562564937192,inf
59,135,inf,inf,inf,362.0966721747108,inf
59,136,inf,inf,inf,764.45536167915,inf
59,137,inf,inf,inf,681.2349080897133,inf
59,138,inf,inf,inf,1118.569175330699,inf
60,61,inf,inf,inf,651.5742474960164,inf
60,62,inf,inf,inf,499.091174035366,inf
60,63,inf,inf,inf,584.8700710414237,inf
60,64,inf,inf,inf,391.61843674679056,inf
60,65,inf,inf,inf,247.58432906789557,inf
60,66,inf,inf,inf,632.1091677867043,inf
60,67,inf,inf,inf,571.8120320524919,inf
60,68,inf,inf,inf,1064.9488250615614,inf
60,69,inf,inf,inf,1121.1155159036914,inf
60,70,inf,inf,inf,86.33075929238663,inf
60,71,inf,inf,inf,1002.7586948014961,inf
60,72,inf,inf,inf,148.47558721890948,inf
60,73,inf,inf,inf,182.14829123546562,inf
60,74,inf,inf,inf,825.5059054906876,inf
60,75,inf,inf,inf,530.9472666847433,inf
60,76,inf,inf,inf,1154.431894916283,inf
60,77,inf,inf,inf,436.946220947155,inf
60,78,inf,inf,inf,462.585127300911,inf
60,79,inf,inf,inf,686.2339251304908,inf
60,80,inf,inf,inf,464.69775123191636,inf
60,81,inf,inf,inf,325.31830566385287,inf
60,82,inf,inf,inf,286.81875810344064,inf
60,83,inf,inf,inf,581.083470768185,inf
60,84,inf,inf,inf,751.6648189186454,inf
60,85,inf,inf,inf,314.0,inf
60,86,inf,inf,inf,865.785770268835,inf
60,87,inf,inf,inf,1097.612864356099,inf
60,88,inf,inf,inf,685.5807756931345,inf
60,89,inf,inf,inf,360.25130117738644,inf
60,90,inf,inf,inf,1016.228812817271,inf
60,91,inf,inf,inf,782.6959818473581,inf
60,92,inf,inf,inf,500.09299135260835,inf
60,93,inf,inf,inf,406.1489874418007,inf
60,94,inf,inf,inf,989.8403911742539,inf
60,95,inf,inf,inf,869.8735540295497,inf
60,96,inf,inf,inf,571.7359530412618,inf
60,97,inf,inf,inf,402.88956303185614,inf
60,98,inf,inf,inf,762.3496573095576,inf
60,99,inf,inf,inf,432.24530072633524,inf
60,100,inf,inf,inf,643.9580731693641,inf
60,101,inf,inf,inf,1062.50317646584,inf
60,102,inf,inf,inf,603.7814174020264,inf
60,103,inf,inf,inf,255.07057846799972,inf
60,104,inf,inf,inf,1136.0955065486353,inf
60,105,inf,inf,inf,802.2449750543783,inf
60,106,inf,inf,inf,1010.6641380795106,inf
60,107,inf,inf,inf,345.5893516878088,inf
60,108,inf,inf,inf,274.85450696686786,inf
60,109,inf,inf,inf,797.5769555346994,inf
60,110,inf,inf,inf,1145.7927386748443,inf
60,111,inf,inf,inf,684.0007309937614,inf
60,112,inf,inf,inf,408.00980380378115,inf
60,113,inf,inf,inf,342.2177669262658,inf
60,114,inf,inf,inf,519.4785847366569,inf
60,115,inf,inf,inf,1122.4370806419397,inf
60,116,inf,inf,inf,869.1541865515002,inf
60,117,inf,inf,inf,403.46994931469186,inf
60,118,inf,inf,inf,709.5590179822958,inf
60,119,inf,inf,inf,1097.6165086222054,inf
60,120,inf,inf,inf,231.79516819813134,inf
60,121,inf,inf,inf,708.7242058798331,inf
60,122,inf,inf,inf,227.98245546532743,inf
60,123,inf,inf,inf,671.53853202925,inf
60,124,inf,inf,inf,996.3919911360188,inf
60,125,inf,inf,inf,237.03375287076733,inf
60,126,inf,inf,inf,699.9407117749331,inf
60,127,inf,inf,inf,434.33742643249155,inf
60,128,inf,inf,inf,784.8630453779818,inf
60,129,inf,inf,inf,359.4509702309899,inf
60,130,inf,inf,inf,328.0868787379343,inf
60,131,inf,inf,inf,265.9492432777352,inf
60,132,inf,inf,inf,570.190319104069,inf
60,133,inf,inf,inf,86.83317338436964,inf
60,134,inf,inf,inf,234.77648945326703,inf
60,135,inf,inf,inf,499.00901795458566,inf
60,136,inf,inf,inf,769.1683820854832,inf
60,137,inf,inf,inf,604.6461775286436,inf
60,138,inf,inf,inf,1015.7110809674176,inf
61,62,inf,inf,inf,805.4917752528576,inf
61,63,inf,inf,inf,437.2001829825784,inf
61,64,inf,inf,inf,832.0108172373722,inf
61,65,inf,inf,inf,576.4590184913408,inf
61,66,inf,inf,inf,463.7423853822292,inf
61,67,inf,inf,inf,184.14125013152267,inf
61,68,inf,inf,inf,458.3764828173452,inf
61,69,inf,inf,inf,657.1582762166204,inf
61,70,inf,inf,inf,712.9544164951922,inf
61,71,inf,inf,inf,695.0712193725187,inf
61,72,inf,inf,inf,746.6297609926891,inf
61,73,inf,inf,inf,520.6006146750117,inf
61,74,inf,inf,inf,284.63485380395707,inf
61,75,inf,inf,inf,594.1195165957772,inf
61,76,inf,inf,inf,524.9476164342495,inf
61,77,inf,inf,inf,216.00231480241132,inf
61,78,inf,inf,inf,551.5396631249652,inf
61,79,inf,inf,inf,827.3451516749221,inf
61,80,inf,inf,inf,345.77593901253454,inf
61,81,inf,inf,inf,612.2883307723577,inf
61,82,inf,inf,inf,483.0755634473762,inf
61,83,inf,inf,inf,935.5153659881809,inf
61,84,inf,inf,inf,539.9564797277648,inf
61,85,inf,inf,inf,862.8145803125954,inf
61,86,inf,inf,inf,262.54523419784255,inf
61,87,inf,inf,inf,698.5162847063767,inf
61,88,inf,inf,inf,961.6340260202943,inf
61,89,inf,inf,inf,945.9386872308373,inf
61,90,inf,inf,inf,379.03298009540015,inf
61,91,inf,inf,inf,357.1134273588715,inf
61,92,inf,inf,inf,492.11787205912367,inf
61,93,inf,inf,inf,337.53518335130633,inf
61,94,inf,inf,inf,749.4164396382027,inf
61,95,inf,inf,inf,900.4671010092484,inf
61,96,inf,inf,inf,993.2396488260022,inf
61,97,inf,inf,inf,947.8929264426441,inf
61,98,inf,inf,inf,337.10829120625317,inf
61,99,inf,inf,inf,278.6485241303101,inf
61,100,inf,inf,inf,181.70580618131055,inf
61,101,inf,inf,inf,491.4671911735309,inf
61,102,inf,inf,inf,988.2838661032567,inf
61,103,inf,inf,inf,436.3714014460618,inf
61,104,inf,inf,inf,614.1693577507755,inf
61,105,inf,inf,inf,660.7344398470539,inf
61,106,inf,inf,inf,741.4829735064724,inf
61,107,inf,inf,inf,556.3676841801652,inf
61,108,inf,inf,inf,654.0030580968257,inf
61,109,inf,inf,inf,924.4338808157131,inf
61,110,inf,inf,inf,495.66520959211977,inf
61,111,inf,inf,inf,534.5745972266172,inf
61,112,inf,inf,inf,257.87012234844116,inf
61,113,inf,inf,inf,990.0676744546304,inf
61,114,inf,inf,inf,766.7105059929726,inf
61,115,inf,inf,inf,477.03249365216203,inf
61,116,inf,inf,inf,224.2944493294473,inf
61,117,inf,inf,inf,652.4300728813779,inf
61,118,inf,inf,inf,618.9709201569974,inf
61,119,inf,inf,inf,476.4630101067658,inf
61,120,inf,inf,inf,522.398315464359,inf
61,121,inf,inf,inf,264.31988196123274,inf
61,122,inf,inf,inf,853.5578480688933,inf
61,123,inf,inf,inf,484.48426187029025,inf
61,124,inf,inf,inf,448.5554592243862,inf
61,125,inf,inf,inf,871.5824688461787,inf
61,126,inf,inf,inf,657.0996880230579,inf
61,127,inf,inf,inf,234.5591609807641,inf
61,128,inf,inf,inf,628.6978606612241,inf
61,129,inf,inf,inf,994.6094710990842,inf
61,130,inf,inf,inf,978.0644150565953,inf
61,131,inf,inf,inf,387.9510278372774,inf
61,132,inf,inf,inf,670.1417760444427,inf
61,133,inf,inf,inf,706.7849743733946,inf
61,134,inf,inf,inf,430.20576472195256,inf
61,135,inf,inf,inf,1004.0841598192852,inf
61,136,inf,inf,inf,314.60610292872576,inf
61,137,inf,inf,inf,121.2023102090055,inf
61,138,inf,inf,inf,522.4442553995593,inf
62,63,inf,inf,inf,978.1845429161104,inf
62,64,inf,inf,inf,886.8444057443222,inf
62,65,inf,inf,inf,723.2551417031199,inf
62,66,inf,inf,inf,1027.3042392592372,inf
62,67,inf,inf,inf,633.5905617983905,inf
62,68,inf,inf,inf,1045.4664030948102,inf
62,69,inf,inf,inf,1431.3797539437255,inf
62,70,inf,inf,inf,442.1504268911204,inf
62,71,inf,inf,inf,1384.2604523715904,inf
62,72,inf,inf,inf,391.15342258505166,inf
62,73,inf,inf,inf,405.73143826920784,inf
62,74,inf,inf,inf,1072.634140795453,inf
62,75,inf,inf,inf,255.72055060162842,inf
62,76,inf,inf,inf,1318.2507348755776,inf
62,77,inf,inf,inf,665.7702306351644,inf
62,78,inf,inf,inf,263.3723599772763,inf
62,79,inf,inf,inf,1174.312139083983,inf
62,80,inf,inf,inf,462.01731569282117,inf
62,81,inf,inf,inf,220.22715545545242,inf
62,82,inf,inf,inf,358.23037280498704,inf
62,83,inf,inf,inf,1078.5035929471908,inf
62,84,inf,inf,inf,517.3664078774345,inf
62,85,inf,inf,inf,785.87530817554,inf
62,86,inf,inf,inf,890.348808052215,inf
62,87,inf,inf,inf,1442.3321392799926,inf
62,88,inf,inf,inf,1184.6691521264493,inf
62,89,inf,inf,inf,376.06515392947534,inf
62,90,inf,inf,inf,1171.3073892023392,inf
62,91,inf,inf,inf,694.2139439682842,inf
62,92,inf,inf,inf,927.2027825670068,inf
62,93,inf,inf,inf,471.53896975753764,inf
62,94,inf,inf,inf,1397.0440222126144,inf
62,95,inf,inf,inf,1347.2119358141094,inf
62,96,inf,inf,inf,1060.1858327670673,inf
62,97,inf,inf,inf,862.5195649954846,inf
62,98,inf,inf,inf,1067.1574391813047,inf
62,99,inf,inf,inf,531.5411555091478,inf
62,100,inf,inf,inf,904.6822646653354,inf
62,101,inf,inf,inf,1000.4024190294624,inf
62,102,inf,inf,inf,1097.2711606526439,inf
62,103,inf,inf,inf,441.09069362207134,inf
62,104,inf,inf,inf,1409.1405181883033,inf
62,105,inf,inf,inf,486.3630331347151,inf
62,106,inf,inf,inf,1408.2080812152726,inf
62,107,inf,inf,inf,259.5149321330085,inf
62,108,inf,inf,inf,768.7789018957271,inf
62,109,inf,inf,inf,1288.0003881986993,inf
62,110,inf,inf,inf,1252.343802635682,inf
62,111,inf,inf,inf,1095.029223354336,inf
62,112,inf,inf,inf,577.5846258341716,inf
62,113,inf,inf,inf,664.0067770738489,inf
62,114,inf,inf,inf,64.32728814430156,inf
62,115,inf,inf,inf,1168.9093206917294,inf
62,116,inf,inf,inf,953.3021556673414,inf
62,117,inf,inf,inf,155.58920271021378,inf
62,118,inf,inf,inf,1143.871496279193,inf
62,119,inf,inf,inf,1094.0978018440583,inf
62,120,inf,inf,inf,682.9033606594713,inf
62,121,inf,inf,inf,994.9401992079725,inf
62,122,inf,inf,inf,433.6311796907598,inf
62,123,inf,inf,inf,1066.5420760570114,inf
62,124,inf,inf,inf,926.3503656824453,inf
62,125,inf,inf,inf,644.2212352911071,inf
62,126,inf,inf,inf,1147.7321116009607,inf
62,127,inf,inf,inf,702.2940979390329,inf
62,128,inf,inf,inf,488.72282533149604,inf
62,129,inf,inf,inf,723.2378585223536,inf
62,130,inf,inf,inf,574.1437102328998,inf
62,131,inf,inf,inf,531.7377173005503,inf
62,132,inf,inf,inf,212.82152146810716,inf
62,133,inf,inf,inf,572.8385461890637,inf
62,134,inf,inf,inf,482.06638546988523,inf
62,135,inf,inf,inf,966.78125757588,inf
62,136,inf,inf,inf,1059.879238404074,inf
62,137,inf,inf,inf,696.4689512103178,inf
62,138,inf,inf,inf,890.0252805398283,inf
63,64,inf,inf,inf,529.3410998590606,inf
63,65,inf,inf,inf,363.73204423036475,inf
63,66,1.0,53.9706,53.97056274847713,49.36598018878993,1.0932744076401992
63,67,inf,inf,inf,548.4706008529537,inf
63,68,inf,inf,inf,868.9263490077856,inf
63,69,inf,inf,inf,553.6758979764245,inf
63,70,inf,inf,inf,670.7428717474379,inf
63,71,inf,inf,inf,419.3184947030121,inf
63,72,inf,inf,inf,729.7835295483175,inf
63,73,inf,inf,inf,578.7754314066899,inf
63,74,inf,inf,inf,369.655244788979,inf
63,75,inf,inf,inf,857.0145856401745,inf
63,76,inf,inf,inf,719.2509993041372,inf
63,77,inf,inf,inf,363.6000550054964,inf
63,78,inf,inf,inf,790.3644728857694,inf
63,79,inf,inf,inf,398.180863427664,inf
63,80,inf,inf,inf,621.840011578541,inf
63,81,inf,inf,inf,758.0534281961925,inf
63,82,inf,inf,inf,623.6745946405064,inf
63,83,inf,inf,inf,561.8051263561058,inf
63,84,inf,inf,inf,915.6795290930119,inf
63,85,inf,inf,inf,622.971106874147,inf
63,86,inf,inf,inf,690.0159418448243,inf
63,87,inf,inf,inf,515.6442572161548,inf
63,88,inf,inf,inf,554.1010738123506,inf
63,89,inf,inf,inf,944.902111332174,inf
63,90,inf,inf,inf,621.0072463345335,inf
63,91,inf,inf,inf,780.8623438225204,inf
63,92,inf,inf,inf,110.14535850411491,inf
63,93,inf,inf,inf,566.9373863135153,inf
63,94,inf,inf,inf,419.4627516240268,inf
63,95,inf,inf,inf,466.0268232623526,inf
63,96,inf,inf,inf,642.0225852725121,inf
63,97,inf,inf,inf,683.3161786464594,inf
63,98,inf,inf,inf,247.64894508154077,inf
63,99,inf,inf,inf,522.602143126107,inf
63,100,inf,inf,inf,270.7120241141867,inf
63,101,inf,inf,inf,917.8082588427716,inf
63,102,inf,inf,inf,619.7200981088156,inf
63,103,inf,inf,inf,538.1338123552542,inf
63,104,inf,inf,inf,594.1346648698425,inf
63,105,inf,inf,inf,1023.6884291619203,inf
63,106,inf,inf,inf,433.7107330929222,inf
63,107,inf,inf,inf,727.2723011362388,inf
63,108,inf,inf,inf,402.6313450291718,inf
63,109,inf,inf,inf,488.8292135296335,inf
63,110,inf,inf,inf,778.0925394835758,inf
63,111,inf,inf,inf,120.07497657713701,inf
63,112,inf,inf,inf,451.9701317565133,inf
63,113,inf,inf,inf,841.9323013164419,inf
63,114,inf,inf,inf,966.0025879882517,inf
63,115,inf,inf,inf,831.5383334519221,inf
63,116,inf,inf,inf,616.5095295289441,inf
63,117,inf,inf,inf,830.5064719795987,inf
63,118,inf,inf,inf,191.23022773609824,inf
63,119,inf,inf,inf,873.135155631704,inf
63,120,inf,inf,inf,355.30831681794336,inf
63,121,inf,inf,inf,246.73264883269908,inf
63,122,inf,inf,inf,810.8298218491967,inf
63,123,inf,inf,inf,89.26925562588724,inf
63,124,inf,inf,inf,882.2527982386907,inf
63,125,inf,inf,inf,713.5712998712883,inf
63,126,inf,inf,inf,222.14409737825582,inf
63,127,inf,inf,inf,311.7851824574093,inf
63,128,inf,inf,inf,993.8616603934372,inf
63,129,inf,inf,inf,815.4164580139403,inf
63,130,inf,inf,inf,876.2065966425955,inf
63,131,inf,inf,inf,447.09059484627943,inf
63,132,inf,inf,inf,929.1985794220737,inf
63,133,inf,inf,inf,584.6888061182632,inf
63,134,inf,inf,inf,496.1219608120568,inf
63,135,inf,inf,inf,699.7978279474722,inf
63,136,inf,inf,inf,272.2590678012396,inf
63,137,inf,inf,inf,514.1381137398782,inf
63,138,inf,inf,inf,959.6270108745376,inf
64,65,inf,inf,inf,262.90872941003687,inf
64,66,inf,inf,inf,556.8383966645978,inf
64,67,inf,inf,inf,833.3894647762233,inf
64,68,inf,inf,inf,1288.7889664332172,inf
64,69,inf,inf,inf,1065.4224514247858,inf
64,70,inf,inf,inf,446.0605340085581,inf
64,71,inf,inf,inf,871.1658854661379,inf
64,72,inf,inf,inf,503.3587190066345,inf
64,73,inf,inf,inf,545.4731890753202,inf
64,74,inf,inf,inf,884.0526002450307,inf
64,75,inf,inf,inf,911.7411913476324,inf
64,76,inf,inf,inf,1238.1696168134638,inf
64,77,inf,inf,inf,636.9246423243491,inf
64,78,inf,inf,inf,840.3487371323884,inf
64,79,inf,inf,inf,379.0118731649445,inf
64,80,inf,inf,inf,787.6045962283359,inf
64,81,inf,inf,inf,714.9496485767372,inf
64,82,inf,inf,inf,649.3874036351491,inf
64,83,inf,inf,inf,192.91708063310517,inf
64,84,inf,inf,inf,1102.2236615133972,inf
64,85,inf,inf,inf,143.37712509323097,inf
64,86,inf,inf,inf,1088.4153618908547,inf
64,87,inf,inf,inf,1003.4126768184664,inf
64,88,inf,inf,inf,310.31919051196303,inf
64,89,inf,inf,inf,653.1722590557563,inf
64,90,inf,inf,inf,1124.5354596454486,inf
64,91,inf,inf,inf,1076.4460042194407,inf
64,92,inf,inf,inf,419.65938569273055,inf
64,93,inf,inf,inf,720.0138887549323,inf
64,94,inf,inf,inf,821.3263663124422,inf
64,95,inf,inf,inf,576.507588848577,inf
64,96,inf,inf,inf,185.64751546950473,inf
64,97,inf,inf,inf,161.92899678562824,inf
64,98,inf,inf,inf,773.6717650270042,inf
64,99,inf,inf,inf,719.3837640647723,inf
64,100,inf,inf,inf,734.9782309701424,inf
64,101,inf,inf,inf,1310.8142507617165,inf
64,102,inf,inf,inf,212.2851855405836,inf
64,103,inf,inf,inf,586.1211478866805,inf
64,104,inf,inf,inf,1119.4150258058894,inf
64,105,inf,inf,inf,1170.4699910719626,inf
64,106,inf,inf,inf,854.4899063183836,inf
64,107,inf,inf,inf,727.7369030082232,inf
64,108,inf,inf,inf,182.14829123546562,inf
64,109,inf,inf,inf,469.5955706775778,inf
64,110,inf,inf,inf,1276.229603167079,inf
64,111,inf,inf,inf,566.0035335578746,inf
64,112,inf,inf,inf,664.4162851706752,inf
64,113,inf,inf,inf,405.05802053533023,inf
64,114,inf,inf,inf,910.5827804214179,inf
64,115,inf,inf,inf,1298.4336717753433,inf
64,116,inf,inf,inf,1053.0384608360703,inf
64,117,inf,inf,inf,794.3431248522265,inf
64,118,inf,inf,inf,540.9408470433713,inf
64,119,inf,inf,inf,1308.4697168830467,inf
64,120,inf,inf,inf,324.04012097269685,inf
64,121,inf,inf,inf,754.54158268448,inf
64,122,inf,inf,inf,513.3663409301392,inf
64,123,inf,inf,inf,584.377446518943,inf
64,124,inf,inf,inf,1255.5429104574641,inf
64,125,inf,inf,inf,307.001628660175,inf
64,126,inf,inf,inf,504.9059318328514,inf
64,127,inf,inf,inf,601.8538028458406,inf
64,128,inf,inf,inf,1149.3828778957864,inf
64,129,inf,inf,inf,350.5452895133523,inf
64,130,inf,inf,inf,483.82641515320347,inf
64,131,inf,inf,inf,539.6072645915731,inf
64,132,inf,inf,inf,957.5990810354822,inf
64,133,inf,inf,inf,314.0143308831621,inf
64,134,inf,inf,inf,544.5410911951457,inf
64,135,inf,inf,inf,175.2512482123879,inf
64,136,inf,inf,inf,794.7760690911623,inf
64,137,inf,inf,inf,839.7737790619567,inf
64,138,inf,inf,inf,1300.6959675496807,inf
65,66,inf,inf,inf,406.6693988979254,inf
65,67,inf,inf,inf,570.6005608129035,inf
65,68,inf,inf,inf,1030.0728129603267,inf
65,69,inf,inf,inf,916.1146216494965,inf
65,70,inf,inf,inf,331.9292093203007,inf
65,71,inf,inf,inf,771.1374715315033,inf
65,72,inf,inf,inf,395.4554336458155,inf
65,73,inf,inf,inf,331.2099032335839,inf
65,74,inf,inf,inf,669.532672839795,inf
65,75,inf,inf,inf,691.4195542505288,inf
65,76,inf,inf,inf,1019.3434161262827,inf
65,77,inf,inf,inf,375.0839905941068,inf
65,78,inf,inf,inf,618.431079425994,inf
65,79,inf,inf,inf,451.2704289004543,inf
65,80,inf,inf,inf,535.0084111488342,inf
65,81,inf,inf,inf,520.4017678678657,inf
65,82,inf,inf,inf,423.40170051618827,inf
65,83,inf,inf,inf,411.2857887163134,inf
65,84,inf,inf,inf,854.251719342724,inf
65,85,inf,inf,inf,291.35888522576414,inf
65,86,inf,inf,inf,828.76112360559,inf
65,87,inf,inf,inf,878.3848814728086,inf
65,88,inf,inf,inf,488.234574769137,inf
65,89,inf,inf,inf,600.5539109855167,inf
65,90,inf,inf,inf,894.6245022354351,inf
65,91,inf,inf,inf,814.6318186763883,inf
65,92,inf,inf,inf,265.06791582535976,inf
65,93,inf,inf,inf,466.7815334822062,inf
65,94,inf,inf,inf,749.8866581024095,inf
65,95,inf,inf,inf,626.8668120103345,inf
65,96,inf,inf,inf,440.9308335782382,inf
65,97,inf,inf,inf,372.5077180408481,inf
65,98,inf,inf,inf,578.83762835531,inf
65,99,inf,inf,inf,460.19343758902085,inf
65,100,inf,inf,inf,502.3624189765791,inf
65,101,inf,inf,inf,1049.2478258257197,inf
65,102,inf,inf,inf,452.11724143191003,inf
65,103,inf,inf,inf,347.3514070793438,inf
65,104,inf,inf,inf,947.7853132434581,inf
65,105,inf,inf,inf,932.2580114968173,inf
65,106,inf,inf,inf,773.400284458184,inf
65,107,inf,inf,inf,516.5675173682527,inf
65,108,inf,inf,inf,80.77747210701756,inf
65,109,inf,inf,inf,565.4281563558716,inf
65,110,inf,inf,inf,1040.4542277294086,inf
65,111,inf,inf,inf,448.5588032800159,inf
65,112,inf,inf,inf,402.5046583581363,inf
65,113,inf,inf,inf,480.31343932894487,inf
65,114,inf,inf,inf,731.6419889536138,inf
65,115,inf,inf,inf,1049.4708190321444,inf
65,116,inf,inf,inf,799.8931178601301,inf
65,117,inf,inf,inf,601.705908230923,inf
65,118,inf,inf,inf,465.3815638806505,inf
65,119,inf,inf,inf,1052.0019011389666,inf
65,120,inf,inf,inf,62.16912416947821,inf
65,121,inf,inf,inf,541.7933185265392,inf
65,122,inf,inf,inf,459.80213135652167,inf
65,123,inf,inf,inf,444.08332551448046,inf
65,124,inf,inf,inf,993.0825746130078,inf
65,125,inf,inf,inf,351.51813608973293,inf
65,126,inf,inf,inf,453.08387744434253,inf
65,127,inf,inf,inf,343.02332282222443,inf
65,128,inf,inf,inf,908.7419875850351,inf
65,129,inf,inf,inf,460.00108695523755,inf
65,130,inf,inf,inf,512.7699289154932,inf
65,131,inf,inf,inf,285.4277491765648,inf
65,132,inf,inf,inf,747.768012153502,inf
65,133,inf,inf,inf,225.10886255321003,inf
65,134,inf,inf,inf,301.24076749337894,inf
65,135,inf,inf,inf,429.5113502574757,inf
65,136,inf,inf,inf,593.2571112089597,inf
65,137,inf,inf,inf,577.37769267612,inf
65,138,inf,inf,inf,1037.896430285797,inf
66,67,inf,inf,inf,585.5809081587274,inf
66,68,inf,inf,inf,883.3855330488495,inf
66,69,inf,inf,inf,515.4745386534624,inf
66,70,inf,inf,inf,718.1538832311637,inf
66,71,inf,inf,inf,371.0485143481914,inf
66,72,inf,inf,inf,777.6278030008958,inf
66,73,inf,inf,inf,628.1401117585152,inf
66,74,inf,inf,inf,364.00274724238005,inf
66,75,inf,inf,inf,903.5623940824452,inf
66,76,inf,inf,inf,706.6774370248423,inf
66,77,inf,inf,inf,406.8464083656141,inf
66,78,inf,inf,inf,837.4729846389076,inf
66,79,inf,inf,inf,389.27239819951274,inf
66,80,inf,inf,inf,665.9804801944273,inf
66,81,inf,inf,inf,807.1393931657653,inf
66,82,inf,inf,inf,672.3934859886732,inf
66,83,inf,inf,inf,573.7525599071432,inf
66,84,inf,inf,inf,955.3899727336476,inf
66,85,inf,inf,inf,657.3355307603568,inf
66,86,inf,inf,inf,710.330204904733,inf
66,87,inf,inf,inf,471.732975315485,inf
66,88,inf,inf,inf,554.9819816894959,inf
66,89,inf,inf,inf,992.3109391717901,inf
66,90,inf,inf,inf,616.7179257975238,inf
66,91,inf,inf,inf,813.0713375836095,inf
66,92,inf,inf,inf,144.9586147836685,inf
66,93,inf,inf,inf,612.4646928599232,inf
66,94,inf,inf,inf,370.1378121727095,inf
66,95,inf,inf,inf,436.790567663726,inf
66,96,inf,inf,inf,658.2461545652964,inf
66,97,inf,inf,inf,713.740849328382,inf
66,98,inf,inf,inf,235.1361307838504,inf
66,99,inf,inf,inf,566.6833330882425,inf
66,100,inf,inf,inf,289.5582842883277,inf
66,101,inf,inf,inf,936.2654538110439,inf
66,102,inf,inf,inf,632.1218237017292,inf
66,103,inf,inf,inf,587.0306635943305,inf
66,104,inf,inf,inf,562.6944108483751,inf
66,105,inf,inf,inf,1065.0319244041466,inf
66,106,inf,inf,inf,384.42684609688746,inf
66,107,inf,inf,inf,775.882723096732,inf
66,108,inf,inf,inf,440.5326321624767,inf
66,109,inf,inf,inf,471.65347449160174,inf
66,110,inf,inf,inf,774.4062241485408,inf
66,111,inf,inf,inf,75.58438992278762,inf
66,112,inf,inf,inf,496.63870167356066,inf
66,113,inf,inf,inf,882.302102456976,inf
66,114,inf,inf,inf,1014.7117817390315,inf
66,115,inf,inf,inf,836.5291387632591,inf
66,116,inf,inf,inf,631.0285255041962,inf
66,117,inf,inf,inf,879.3008586371334,inf
66,118,inf,inf,inf,155.66630977832037,inf
66,119,inf,inf,inf,884.6603868151891,inf
66,120,inf,inf,inf,401.6179776852625,inf
66,121,inf,inf,inf,249.44738924270183,inf
66,122,inf,inf,inf,857.3599010917177,inf
66,123,inf,inf,inf,40.024992192379,inf
66,124,inf,inf,inf,903.9740040510014,inf
66,125,inf,inf,inf,754.4037380607283,inf
66,126,inf,inf,inf,194.2498391247725,inf
66,127,inf,inf,inf,355.75975039343615,inf
66,128,inf,inf,inf,1034.8990288912248,inf
66,129,inf,inf,inf,853.5016110119535,inf
66,130,inf,inf,inf,919.4264516534207,inf
66,131,inf,inf,inf,496.0090724976711,inf
66,132,inf,inf,inf,976.1808234133674,inf
66,133,inf,inf,inf,629.4013028267418,inf
66,134,inf,inf,inf,545.2650731524989,inf
66,135,inf,inf,inf,724.1574414448836,inf
66,136,inf,inf,inf,263.0931394012394,inf
66,137,inf,inf,inf,547.8987132673337,inf
66,138,inf,inf,inf,984.8436424123374,inf
67,68,inf,inf,inf,493.86739110817996,inf
67,69,inf,inf,inf,840.674134251792,inf
67,70,inf,inf,inf,615.9253201484738,inf
67,71,inf,inf,inf,863.1708984899803,inf
67,72,inf,inf,inf,636.5689279253269,inf
67,73,inf,inf,inf,409.5180093719933,inf
67,74,inf,inf,inf,468.3641745479686,inf
67,75,inf,inf,inf,411.7304943770864,inf
67,76,inf,inf,inf,684.8313661040943,inf
67,77,inf,inf,inf,208.07931180201456,inf
67,78,inf,inf,inf,373.9090798576574,inf
67,79,inf,inf,inf,908.3127214786766,inf
67,80,inf,inf,inf,172.20046457544765,inf
67,81,inf,inf,inf,456.24226020832396,inf
67,82,inf,inf,inf,343.35113222472415,inf
67,83,inf,inf,inf,968.0521680157532,inf
67,84,inf,inf,inf,373.62681916586234,inf
67,85,inf,inf,inf,833.045616998253,inf
67,86,inf,inf,inf,298.104008694952,inf
67,87,inf,inf,inf,878.0051252697788,inf
67,88,inf,inf,inf,1016.6493987604576,inf
67,89,inf,inf,inf,817.3640559750594,inf
67,90,inf,inf,inf,537.7824839096194,inf
67,91,inf,inf,inf,248.4552273549502,inf
67,92,inf,inf,inf,571.6852280757305,inf
67,93,inf,inf,inf,187.3018953454556,inf
67,94,inf,inf,inf,908.5224268007918,inf
67,95,inf,inf,inf,1011.8759805430703,inf
67,96,inf,inf,inf,1009.7905723465634,inf
67,97,inf,inf,inf,923.3379662940325,inf
67,98,inf,inf,inf,507.50566499301266,inf
67,99,inf,inf,inf,141.98943622678414,inf
67,100,inf,inf,inf,339.6130150627328,inf
67,101,inf,inf,inf,492.40633627117353,inf
67,102,inf,inf,inf,1015.2423356026875,inf
67,103,inf,inf,inf,323.93826572357887,inf
67,104,inf,inf,inf,797.8872100742059,inf
67,105,inf,inf,inf,489.73666393277114,inf
67,106,inf,inf,inf,905.0729252386241,inf
67,107,inf,inf,inf,396.69257618463195,inf
67,108,inf,inf,inf,651.3647211816127,inf
67,109,inf,inf,inf,1014.7640119751981,inf
67,110,inf,inf,inf,628.1401117585152,inf
67,111,inf,inf,inf,660.6981156322455,inf
67,112,inf,inf,inf,171.9447585708852,inf
67,113,inf,inf,inf,913.1538753134654,inf
67,114,inf,inf,inf,590.5294234837075,inf
67,115,inf,inf,inf,569.8175146483302,inf
67,116,inf,inf,inf,329.0835760107149,inf
67,117,inf,inf,inf,484.6080890781746,inf
67,118,inf,inf,inf,739.2787025202335,inf
67,119,inf,inf,inf,529.0907294595135,inf
67,120,inf,inf,inf,509.39964664298697,inf
67,121,inf,inf,inf,431.74182099954135,inf
67,122,inf,inf,inf,744.8254829152934,inf
67,123,inf,inf,inf,614.2255286130658,inf
67,124,inf,inf,inf,429.4205397975276,inf
67,125,inf,inf,inf,806.3870038635296,inf
67,126,inf,inf,inf,769.35817406459,inf
67,127,inf,inf,inf,257.00194551792794,inf
67,128,inf,inf,inf,458.27175343893936,inf
67,129,inf,inf,inf,930.0602131045065,inf
67,130,inf,inf,inf,883.8020140280288,inf
67,131,inf,inf,inf,313.01437666663173,inf
67,132,inf,inf,inf,487.24737043928724,inf
67,133,inf,inf,inf,642.6484264354812,inf
67,134,inf,inf,inf,337.0356064275702,inf
67,135,inf,inf,inf,995.2894051480705,inf
67,136,inf,inf,inf,488.8813762049031,inf
67,137,inf,inf,inf,64.51356446515724,inf
67,138,inf,inf,inf,467.3071794868981,inf
68,69,inf,inf,inf,835.7463730103768,inf
68,70,inf,inf,inf,1109.438146090173,inf
68,71,inf,inf,inf,991.5346690862605,inf
68,72,inf,inf,inf,1127.406315398313,inf
68,73,inf,inf,inf,902.3358576494675,inf
68,74,inf,inf,inf,560.0642820248404,inf
68,75,inf,inf,inf,790.6383496896669,inf
68,76,inf,inf,inf,462.6499756835614,inf
68,77,inf,inf,inf,657.0007610345668,inf
68,78,inf,inf,inf,789.6486560490051,inf
68,79,inf,inf,inf,1267.0047355870458,inf
68,80,inf,inf,inf,635.2605764566223,inf
68,81,inf,inf,inf,916.9623765455157,inf
68,82,inf,inf,inf,826.8960031346143,inf
68,83,inf,inf,inf,1392.8883659504088,inf
68,84,inf,inf,inf,570.4068723288667,inf
68,85,inf,inf,inf,1310.3434664239753,inf
68,86,inf,inf,inf,202.12125073826354,inf
68,87,inf,inf,inf,926.6898078645303,inf
68,88,inf,inf,inf,1413.0099079624317,inf
68,89,inf,inf,inf,1296.1161213409855,inf
68,90,inf,inf,inf,381.2466393294504,inf
68,91,inf,inf,inf,352.115038020247,inf
68,92,inf,inf,inf,941.002125396112,inf
68,93,inf,inf,inf,673.8850050268221,inf
68,94,inf,inf,inf,1073.4635531772842,inf
68,95,inf,inf,inf,1309.9389298742137,inf
68,96,inf,inf,inf,1451.6149627225534,inf
68,97,inf,inf,inf,1398.0057224489462,inf
68,98,inf,inf,inf,683.4946963949318,inf
68,99,inf,inf,inf,635.4462998554637,inf
68,100,inf,inf,inf,598.5064744846125,inf
68,101,inf,inf,inf,92.65527507918802,inf
68,102,inf,inf,inf,1446.1936246575008,inf
68,103,inf,inf,inf,817.3842425689402,inf
68,104,inf,inf,inf,737.6943811633649,inf
68,105,inf,inf,inf,673.1723404894174,inf
68,106,inf,inf,inf,1051.0042816278153,inf
68,107,inf,inf,inf,856.0584092221745,inf
68,108,inf,inf,inf,1109.0865610943088,inf
68,109,inf,inf,inf,1354.9926199061013,inf
68,110,inf,inf,inf,320.97507691408066,inf
68,111,inf,inf,inf,943.6636053170643,inf
68,112,inf,inf,inf,658.7412238504586,inf
68,113,inf,inf,inf,1406.7597520543443,inf
68,114,inf,inf,inf,988.3167508445863,inf
68,115,inf,inf,inf,172.4905794529081,inf
68,116,inf,inf,inf,252.5173261382276,inf
68,117,inf,inf,inf,920.3694910197752,inf
68,118,inf,inf,inf,1029.773761561247,inf
68,119,inf,inf,inf,54.12947441089743,inf
68,120,inf,inf,inf,973.2055281388408,inf
68,121,inf,inf,inf,638.9194002376199,inf
68,122,inf,inf,inf,1235.1858159807373,inf
68,123,inf,inf,inf,892.9412074711302,inf
68,124,inf,inf,inf,140.9432509913121,inf
68,125,inf,inf,inf,1297.8848176937736,inf
68,126,inf,inf,inf,1075.2027715738088,inf
68,127,inf,inf,inf,687.3463464658847,inf
68,128,inf,inf,inf,647.3407139984322,inf
68,129,inf,inf,inf,1421.8118722250142,inf
68,130,inf,inf,inf,1376.9230189084647,inf
68,131,inf,inf,inf,802.2848621281596,inf
68,132,inf,inf,inf,848.316568269181,inf
68,133,inf,inf,inf,1133.070165523742,inf
68,134,inf,inf,inf,830.3565499229834,inf
68,135,inf,inf,inf,1459.3621894512685,inf
68,136,inf,inf,inf,651.9447829379418,inf
68,137,inf,inf,inf,462.8185389545237,inf
68,138,inf,inf,inf,240.01041644062033,inf
69,70,inf,inf,inf,1204.3027028118802,inf
69,71,inf,inf,inf,257.0311265197272,inf
69,72,inf,inf,inf,1258.358057152256,inf
69,73,inf,inf,inf,1070.5073563502494,inf
69,74,inf,inf,inf,372.53724646000165,inf
69,75,inf,inf,inf,1244.5308352949717,inf
69,76,inf,inf,inf,420.6292904684599,inf
69,77,inf,inf,inf,766.5363657387691,inf
69,78,inf,inf,inf,1194.1612118972882,inf
69,79,inf,inf,inf,801.6389461596785,inf
69,80,inf,inf,inf,990.6947057494554,inf
69,81,inf,inf,inf,1218.8141777974197,inf
69,82,inf,inf,inf,1078.836873674607,inf
69,83,inf,inf,inf,1045.6203900077694,inf
69,84,inf,inf,inf,1186.3102460992234,inf
69,85,inf,inf,inf,1172.327599265666,inf
69,86,inf,inf,inf,763.0419385590808,inf
69,87,inf,inf,inf,115.76700738984316,inf
69,88,inf,inf,inf,987.5793638994286,inf
69,89,inf,inf,inf,1475.0894888107637,inf
69,90,inf,inf,inf,454.64821565689664,inf
69,91,inf,inf,inf,970.6600846846438,inf
69,92,inf,inf,inf,660.2491953800474,inf
69,93,inf,inf,inf,963.8698044860623,inf
69,94,inf,inf,inf,354.81262660734046,inf
69,95,inf,inf,inf,716.5165734300917,inf
69,96,inf,inf,inf,1139.9517533650273,inf
69,97,inf,inf,inf,1225.2167155242373,inf
69,98,inf,inf,inf,368.06657006579667,inf
69,99,inf,inf,inf,904.8358967238203,inf
69,100,inf,inf,inf,526.780789323225,inf
69,101,inf,inf,inf,921.8183118163796,inf
69,102,inf,inf,inf,1102.8780530956267,inf
69,103,inf,inf,inf,1005.3621238141011,inf
69,104,inf,inf,inf,116.46887996370532,inf
69,105,inf,inf,inf,1309.0931975990097,inf
69,106,inf,inf,inf,314.7348090059312,inf
69,107,inf,inf,inf,1172.2269404855017,inf
69,108,inf,inf,inf,955.621787110361,inf
69,109,inf,inf,inf,825.5573874661894,inf
69,110,inf,inf,inf,562.2784007944819,inf
69,111,inf,inf,inf,499.78495375511255,inf
69,112,inf,inf,inf,853.8407345635368,inf
69,113,inf,inf,inf,1395.484503676053,inf
69,114,inf,inf,inf,1402.1076991443988,inf
69,115,inf,inf,inf,699.4605063904609,inf
69,116,inf,inf,inf,650.28070861744,inf
69,117,inf,inf,inf,1275.8432505601932,inf
69,118,inf,inf,inf,540.8160500576882,inf
69,119,inf,inf,inf,805.7902953002102,inf
69,120,inf,inf,inf,900.5093003406462,inf
69,121,inf,inf,inf,437.0560604773717,inf
69,122,inf,inf,inf,1349.081168796007,inf
69,123,inf,inf,inf,483.23079372076444,inf
69,124,inf,inf,inf,930.3187625754949,inf
69,125,inf,inf,inf,1266.982636029397,inf
69,126,inf,inf,inf,588.646753155065,inf
69,127,inf,inf,inf,735.1686881253853,inf
69,128,inf,inf,inf,1276.9753325730298,inf
69,129,inf,inf,inf,1368.6551793640353,inf
69,130,inf,inf,inf,1426.58788723303,inf
69,131,inf,inf,inf,922.8656456928062,inf
69,132,inf,inf,inf,1321.1589609127284,inf
69,133,inf,inf,inf,1132.5722934983003,inf
69,134,inf,inf,inf,975.7561170702442,inf
69,135,inf,inf,inf,1225.2746630857916,inf
69,136,inf,inf,inf,371.8924575734227,inf
69,137,inf,inf,inf,778.3604563439743,inf
69,138,inf,inf,inf,1037.2969680858032,inf
70,71,inf,inf,inf,1088.9205664326485,inf
70,72,inf,inf,inf,64.0,inf
70,73,inf,inf,inf,207.69448716805172,inf
70,74,inf,inf,inf,901.5636416803864,inf
70,75,inf,inf,inf,513.0399594573506,inf
70,76,inf,inf,inf,1224.2001470347893,inf
70,77,inf,inf,inf,502.0129480401875,inf
70,78,inf,inf,inf,450.15997156566465,inf
70,79,inf,inf,inf,762.8499197089818,inf
70,80,inf,inf,inf,490.0459162160215,inf
70,81,inf,inf,inf,298.0889129102255,inf
70,82,inf,inf,inf,299.13542083812143,inf
70,83,inf,inf,inf,638.6399611674797,inf
70,84,inf,inf,inf,753.833536001152,inf
70,85,inf,inf,inf,345.9378556908741,inf
70,86,inf,inf,inf,913.3816288934215,inf
70,87,inf,inf,inf,1182.6702837223906,inf
70,88,inf,inf,inf,749.4664769020693,inf
70,89,inf,inf,inf,274.1678318111007,inf
70,90,inf,inf,inf,1083.7758070745074,inf
70,91,inf,inf,inf,810.4825722987509,inf
70,92,inf,inf,inf,586.4094132941592,inf
70,93,inf,inf,inf,438.78240621064106,inf
70,94,inf,inf,inf,1076.1268512587167,inf
70,95,inf,inf,inf,949.5941238234365,inf
70,96,inf,inf,inf,618.0978886875444,inf
70,97,inf,inf,inf,427.6786176558281,inf
70,98,inf,inf,inf,843.4227884044869,inf
70,99,inf,inf,inf,474.0516849458506,inf
70,100,inf,inf,inf,719.2058119898643,inf
70,101,inf,inf,inf,1100.525329104242,inf
70,102,inf,inf,inf,655.3968263578944,inf
70,103,inf,inf,inf,292.0616373302047,inf
70,104,inf,inf,inf,1216.5936051122412,inf
70,105,inf,inf,inf,791.6375433239634,inf
70,106,inf,inf,inf,1096.9945305241954,inf
70,107,inf,inf,inf,332.4349560440358,inf
70,108,inf,inf,inf,351.64755082326394,inf
70,109,inf,inf,inf,872.5193407598481,inf
70,110,inf,inf,inf,1208.5975343347345,inf
70,111,inf,inf,inf,770.3310976456812,inf
70,112,inf,inf,inf,461.06940909151626,inf
70,113,inf,inf,inf,305.00163933985664,inf
70,114,inf,inf,inf,470.9532885541835,inf
70,115,inf,inf,inf,1177.0777374498255,inf
70,116,inf,inf,inf,925.4296299557303,inf
70,117,inf,inf,inf,368.8590516715023,inf
70,118,inf,inf,inf,795.3797834996814,inf
70,119,inf,inf,inf,1144.891697934787,inf
70,120,inf,inf,inf,318.1257612957492,inf
70,121,inf,inf,inf,787.5792023663398,inf
70,122,inf,inf,inf,146.50938536489735,inf
70,123,inf,inf,inf,757.6470154366082,inf
70,124,inf,inf,inf,1032.1056147507386,inf
70,125,inf,inf,inf,226.92730113408567,inf
70,126,inf,inf,inf,784.9203781276162,inf
70,127,inf,inf,inf,505.3652144736517,inf
70,128,inf,inf,inf,777.295953932606,inf
70,129,inf,inf,inf,338.1124073440666,inf
70,130,inf,inf,inf,268.19768828235635,inf
70,131,inf,inf,inf,325.16149833582693,inf
70,132,inf,inf,inf,541.6807177664717,inf
70,133,inf,inf,inf,133.33041663476493,inf
70,134,inf,inf,inf,284.6137733842127,inf
70,135,inf,inf,inf,529.7933559417294,inf
70,136,inf,inf,inf,849.0329793359031,inf
70,137,inf,inf,inf,655.0801477681948,inf
70,138,inf,inf,inf,1042.928568982555,inf
71,72,inf,inf,inf,1148.6426772499792,inf
71,73,inf,inf,inf,992.9415894200424,inf
71,74,inf,inf,inf,444.4603469377218,inf
71,75,inf,inf,inf,1234.5079991640393,inf
71,76,inf,inf,inf,640.0453108960334,inf
71,77,inf,inf,inf,731.1340506364069,inf
71,78,inf,inf,inf,1174.1379816699568,inf
71,79,inf,inf,inf,565.2893064617444,inf
71,80,inf,inf,inf,983.8541558584789,inf
71,81,inf,inf,inf,1164.5673016189319,inf
71,82,inf,inf,inf,1026.1822450227835,inf
71,83,inf,inf,inf,821.6526029898524,inf
71,84,inf,inf,inf,1233.2497719440291,inf
71,85,inf,inf,inf,992.9355467501402,inf
71,86,inf,inf,inf,873.5731222971549,inf
71,87,inf,inf,inf,152.08221460775746,inf
71,88,inf,inf,inf,749.83731568921,inf
71,89,inf,inf,inf,1363.0099045861698,inf
71,90,inf,inf,inf,628.6063951313254,inf
71,91,inf,inf,inf,1045.4750116573805,inf
71,92,inf,inf,inf,506.24895061619634,inf
71,93,inf,inf,inf,941.5104885236276,inf
71,94,inf,inf,inf,99.04039579888602,inf
71,95,inf,inf,inf,461.45964070544676,inf
71,96,inf,inf,inf,919.1392712750337,inf
71,97,inf,inf,inf,1033.0948649567474,inf
71,98,inf,inf,inf,357.9972066930132,inf
71,99,inf,inf,inf,887.7054691731937,inf
71,100,inf,inf,inf,523.5618397095036,inf
71,101,inf,inf,inf,1068.0861388483609,inf
71,102,inf,inf,inf,876.8905290855866,inf
71,103,inf,inf,inf,943.6609560642,inf
71,104,inf,inf,inf,363.3290519625426,inf
71,105,inf,inf,inf,1352.1397856730641,inf
71,106,inf,inf,inf,63.06346010171025,inf
71,107,inf,inf,inf,1127.5180708086234,inf
71,108,inf,inf,inf,792.6790018664555,inf
71,109,inf,inf,inf,575.7030484546699,inf
71,110,inf,inf,inf,765.1248264172324,inf
71,111,inf,inf,inf,322.8652969893172,inf
71,112,inf,inf,inf,824.2190242890539,inf
71,113,inf,inf,inf,1235.3210109117388,inf
71,114,inf,inf,inf,1365.8378381052416,inf
71,115,inf,inf,inf,882.7343881372244,inf
71,116,inf,inf,inf,766.801147625641,inf
71,117,inf,inf,inf,1232.3120546355133,inf
71,118,inf,inf,inf,330.22568040659706,inf
71,119,inf,inf,inf,972.31527808628,inf
71,120,inf,inf,inf,771.5594597955494,inf
71,121,inf,inf,inf,432.30197778867495,inf
71,122,inf,inf,inf,1226.947839152097,inf
71,123,inf,inf,inf,331.34423187977785,inf
71,124,inf,inf,inf,1060.4159561228792,inf
71,125,inf,inf,inf,1109.9639633789918,inf
71,126,inf,inf,inf,369.25871689101666,inf
71,127,inf,inf,inf,687.1637359465356,inf
71,128,inf,inf,inf,1320.3882004925672,inf
71,129,inf,inf,inf,1198.941199559011,inf
71,130,inf,inf,inf,1281.1034306409456,inf
71,131,inf,inf,inf,853.9051469572015,inf
71,132,inf,inf,inf,1309.993129752977,inf
71,133,inf,inf,inf,995.9643567919486,inf
71,134,inf,inf,inf,905.3645674533547,inf
71,135,inf,inf,inf,1018.0397831126247,inf
71,136,inf,inf,inf,381.45117643022155,inf
71,137,inf,inf,inf,809.0006180467354,inf
71,138,inf,inf,inf,1160.4412953699984,inf
72,73,inf,inf,inf,228.52789764052878,inf
72,74,inf,inf,inf,947.7979742540074,inf
72,75,inf,inf,inf,488.89467168297097,inf
72,76,inf,inf,inf,1263.6621383898466,inf
72,77,inf,inf,inf,540.4451868598702,inf
72,78,inf,inf,inf,431.28181042098214,inf
72,79,inf,inf,inf,826.319550779237,inf
72,80,inf,inf,inf,498.33422519429666,inf
72,81,inf,inf,inf,272.98534759213726,inf
72,82,inf,inf,inf,304.0164469235176,inf
72,83,inf,inf,inf,696.2679082077531,inf
72,84,inf,inf,inf,741.5072487845281,inf
72,85,inf,inf,inf,395.0,inf
72,86,inf,inf,inf,934.6453872993757,inf
72,87,inf,inf,inf,1239.685847301646,inf
72,88,inf,inf,inf,809.2490345993624,inf
72,89,inf,inf,inf,216.81328372588243,inf
72,90,inf,inf,inf,1121.4463874835926,inf
72,91,inf,inf,inf,816.8537200747757,inf
72,92,inf,inf,inf,647.8055263734634,inf
72,93,inf,inf,inf,453.5570526405691,inf
72,94,inf,inf,inf,1137.6471333414418,inf
72,95,inf,inf,inf,1013.4934632250964,inf
72,96,inf,inf,inf,671.0208640571469,inf
72,97,inf,inf,inf,471.79338698205595,inf
72,98,inf,inf,inf,895.179311646555,inf
72,99,inf,inf,inf,494.92322636950473,inf
72,100,inf,inf,inf,765.1673019673541,inf
72,101,inf,inf,inf,1113.3606783069,inf
72,102,inf,inf,inf,710.4991203372457,inf
72,103,inf,inf,inf,314.83964172257595,inf
72,104,inf,inf,inf,1267.2000631313115,inf
72,105,inf,inf,inf,769.749309840548,inf
72,106,inf,inf,inf,1157.90370929538,inf
72,107,inf,inf,inf,316.6591227171578,inf
72,108,inf,inf,inf,415.3937890724896,inf
72,109,inf,inf,inf,935.5949978489624,inf
72,110,inf,inf,inf,1241.7165538076715,inf
72,111,inf,inf,inf,831.3086069565261,inf
72,112,inf,inf,inf,490.657721838758,inf
72,113,inf,inf,inf,311.4385974795032,inf
72,114,inf,inf,inf,425.39981194166035,inf
72,115,inf,inf,inf,1203.2123669577204,inf
72,116,inf,inf,inf,953.7651702594303,inf
72,117,inf,inf,inf,335.41765010207797,inf
72,118,inf,inf,inf,858.009906702714,inf
72,119,inf,inf,inf,1165.0068669325517,inf
72,120,inf,inf,inf,379.41533970043963,inf
72,121,inf,inf,inf,836.9808838916215,inf
72,122,inf,inf,inf,108.33743581975715,inf
72,123,inf,inf,inf,817.3010461268235,inf
72,124,inf,inf,inf,1043.3915851682914,inf
72,125,inf,inf,inf,258.0697580112788,inf
72,126,inf,inf,inf,848.2476053606046,inf
72,127,inf,inf,inf,548.7166846378922,inf
72,128,inf,inf,inf,757.6998086313603,inf
72,129,inf,inf,inf,355.8201793040974,inf
72,130,inf,inf,inf,254.23217734976035,inf
72,131,inf,inf,inf,362.2181663031273,inf
72,132,inf,inf,inf,509.40946202441114,inf
72,133,inf,inf,inf,194.28072472584614,inf
72,134,inf,inf,inf,316.55173352866035,inf
72,135,inf,inf,inf,575.7577615629684,inf
72,136,inf,inf,inf,899.4003557926803,inf
72,137,inf,inf,inf,680.2896441957646,inf
72,138,inf,inf,inf,1047.5819776991202,inf
73,74,inf,inf,inf,738.670427186577,inf
73,75,inf,inf,inf,366.9891006555917,inf
73,76,inf,inf,inf,1041.6530132438536,inf
73,77,inf,inf,inf,321.72659200010185,inf
73,78,inf,inf,inf,295.05423230314796,inf
73,79,inf,inf,inf,779.567187611177,inf
73,80,inf,inf,inf,285.08595195133694,inf
73,81,inf,inf,inf,191.67159413955946,inf
73,82,1.0,116.6396,116.63961030678921,106.4377752492037,1.0958478795117603
73,83,inf,inf,inf,724.5246717676355,inf
73,84,inf,inf,inf,571.0218909989353,inf
73,85,inf,inf,inf,489.74483151943525,inf
73,86,inf,inf,inf,707.5203177294628,inf
73,87,inf,inf,inf,1065.7297968997582,inf
73,88,inf,inf,inf,814.8453841067028,inf
73,89,inf,inf,inf,426.64387959983674,inf
73,90,inf,inf,inf,897.8045444304679,inf
73,91,inf,inf,inf,605.0826389841309,inf
73,92,inf,inf,inf,521.8630088442751,inf
73,93,inf,inf,inf,231.22499864850255,inf
73,94,inf,inf,inf,998.1232388838565,inf
73,95,inf,inf,inf,945.1782900596056,inf
73,96,inf,inf,inf,730.6161783043132,inf
73,97,inf,inf,inf,580.4842805795864,inf
73,98,inf,inf,inf,702.6186732502915,inf
73,99,inf,inf,inf,267.54065111679756,inf
73,100,inf,inf,inf,557.4836320467176,inf
73,101,inf,inf,inf,892.8611314196626,inf
73,102,inf,inf,inf,755.5726305260137,inf
73,103,inf,inf,inf,86.33075929238663,inf
73,104,inf,inf,inf,1067.2661336330316,inf
73,105,inf,inf,inf,627.7618975375934,inf
73,106,inf,inf,inf,1012.0118576380418,inf
73,107,inf,inf,inf,186.23103930333417,inf
73,108,inf,inf,inf,391.61843674679056,inf
73,109,inf,inf,inf,894.3427754502185,inf
73,110,inf,inf,inf,1014.5466968060169,inf
73,111,inf,inf,inf,693.0981171522543,inf
73,112,inf,inf,inf,263.2299375071156,inf
73,113,inf,inf,inf,510.56929010664163,inf
73,114,inf,inf,inf,405.2159917870962,inf
73,115,inf,inf,inf,974.75586687129,inf
73,116,inf,inf,inf,725.3061422599426,inf
73,117,inf,inf,inf,272.12129648375554,inf
73,118,inf,inf,inf,738.7827826905551,inf
73,119,inf,inf,inf,938.5776472940319,inf
73,120,inf,inf,inf,282.81619472724685,inf
73,121,inf,inf,inf,637.5578405133137,inf
73,122,inf,inf,inf,336.77588987336964,inf
73,123,inf,inf,inf,667.929637012762,inf
73,124,inf,inf,inf,824.641134069845,inf
73,125,inf,inf,inf,416.6593332687989,inf
73,126,inf,inf,inf,742.0006738541415,inf
73,127,inf,inf,inf,339.53644870617353,inf
73,128,inf,inf,inf,608.5326614077505,inf
73,129,inf,inf,inf,536.5827056475079,inf
73,130,inf,inf,inf,474.58718903906373,inf
73,131,inf,inf,inf,148.35430563350698,inf
73,132,inf,inf,inf,418.2068866004002,inf
73,133,inf,inf,inf,266.89698387205505,inf
73,134,inf,inf,inf,96.26006440887103,inf
73,135,inf,inf,inf,672.3243264972642,inf
73,136,inf,inf,inf,702.0783432067963,inf
73,137,inf,inf,inf,451.82408081021975,inf
73,138,inf,inf,inf,838.0149163350256,inf
74,75,inf,inf,inf,874.8857068211825,inf
74,76,inf,inf,inf,354.1200361459374,inf
74,77,inf,inf,inf,419.2302470003805,inf
74,78,inf,inf,inf,827.5052869921739,inf
74,79,inf,inf,inf,750.6537151043749,inf
74,80,inf,inf,inf,622.347169994369,inf
74,81,inf,inf,inf,866.7664045173879,inf
74,82,inf,inf,inf,729.1261893527073,inf
74,83,inf,inf,inf,931.4129052144382,inf
74,84,inf,inf,inf,817.4227792274937,inf
74,85,inf,inf,inf,956.4685044474805,inf
74,86,inf,inf,inf,429.12119500206467,inf
74,87,inf,inf,inf,420.52586127371524,inf
74,88,inf,inf,inf,918.9608261509301,inf
74,89,inf,inf,inf,1160.41070315643,inf
74,90,inf,inf,inf,252.7152547829276,inf
74,91,inf,inf,inf,611.1211009284493,inf
74,92,inf,inf,inf,471.1698207652948,inf
74,93,inf,inf,inf,601.382573741541,inf
74,94,inf,inf,inf,518.0463299744531,inf
74,95,inf,inf,inf,760.907353098917,inf
74,96,inf,inf,inf,1010.0623743116065,inf
74,97,inf,inf,inf,1028.3287412107084,inf
74,98,inf,inf,inf,132.69890730522238,inf
74,99,inf,inf,inf,541.5016158793989,inf
74,100,inf,inf,inf,182.6307750626931,inf
74,101,inf,inf,inf,630.032538842241,inf
74,102,inf,inf,inf,989.2401124095201,inf
74,103,inf,inf,inf,664.115200849973,inf
74,104,inf,inf,inf,336.5070578754627,inf
74,105,inf,inf,inf,939.713254136601,inf
74,106,inf,inf,inf,499.873984119998,inf
74,107,inf,inf,inf,815.9534300436515,inf
74,108,inf,inf,inf,731.2489316231512,inf
74,109,inf,inf,inf,822.7958434508527,inf
74,110,inf,inf,inf,410.41076983919413,inf
74,111,inf,inf,inf,407.23580392691406,inf
74,112,inf,inf,inf,498.2248488383533,inf
74,113,inf,inf,inf,1138.8173690280632,inf
74,114,inf,inf,inf,1039.1313680185003,inf
74,115,inf,inf,inf,482.6313292773274,inf
74,116,inf,inf,inf,323.5938812771342,inf
74,117,inf,inf,inf,917.3352713157824,inf
74,118,inf,inf,inf,489.73666393277114,inf
74,119,inf,inf,inf,549.4306143636337,inf
74,120,inf,inf,inf,634.0954186871247,inf
74,121,inf,inf,inf,129.65338406690356,inf
74,122,inf,inf,inf,1047.9408380247428,inf
74,123,inf,inf,inf,360.0999861149678,inf
74,124,inf,inf,inf,617.3726589346179,inf
74,125,inf,inf,inf,1011.5834122799761,inf
74,126,inf,inf,inf,539.4821591118654,inf
74,127,inf,inf,inf,400.2811511925087,inf
74,128,inf,inf,inf,907.5736884683249,inf
74,129,inf,inf,inf,1126.9538588602463,inf
74,130,inf,inf,inf,1149.4733576729823,inf
74,131,inf,inf,inf,591.2368391769918,inf
74,132,inf,inf,inf,951.3595534812272,inf
74,133,inf,inf,inf,857.6059701284734,inf
74,134,inf,inf,inf,642.4359890292573,inf
74,135,inf,inf,inf,1058.286350663184,inf
74,136,inf,inf,inf,101.9803902718557,inf
74,137,inf,inf,inf,405.83370978764196,inf
74,138,inf,inf,inf,716.1515202804502,inf
75,76,inf,inf,inf,1086.3664206887104,inf
75,77,inf,inf,inf,504.1953986303326,inf
75,78,inf,inf,inf,73.00684899377592,inf
75,79,inf,inf,inf,1128.6071061268399,inf
75,80,inf,inf,inf,254.33245958783948,inf
75,81,inf,inf,inf,216.17816726024856,inf
75,82,inf,inf,inf,268.02984908401527,inf
75,83,inf,inf,inf,1091.379402407797,inf
75,84,inf,inf,inf,273.72431386341987,inf
75,85,inf,inf,inf,844.8248339152916,inf
75,86,inf,inf,inf,642.2460587656416,inf
75,87,inf,inf,inf,1270.981117090258,inf
75,88,inf,inf,inf,1178.9698893525654,inf
75,89,inf,inf,inf,571.8408869606999,inf
75,90,inf,inf,inf,940.9718380483021,inf
75,91,inf,inf,inf,438.88039372931667,inf
75,92,inf,inf,inf,832.7556664472479,inf
75,93,inf,inf,inf,293.53705047233814,inf
75,94,inf,inf,inf,1262.922404583908,inf
75,95,inf,inf,inf,1278.62621590518,inf
75,96,inf,inf,inf,1096.316104050287,inf
75,97,inf,inf,inf,932.7084217481903,inf
75,98,inf,inf,inf,893.2905462390162,inf
75,99,inf,inf,inf,347.0518693221519,inf
75,100,inf,inf,inf,723.9426772887477,inf
75,101,inf,inf,inf,744.6891969137191,inf
75,102,inf,inf,inf,1122.4210439937413,inf
75,103,inf,inf,inf,347.80741797724784,inf
75,104,inf,inf,inf,1208.0769843019111,inf
75,105,inf,inf,inf,281.04092228712886,inf
75,106,inf,inf,inf,1267.4119298791534,inf
75,107,inf,inf,inf,185.42114226808118,inf
75,108,inf,inf,inf,757.0006605016933,inf
75,109,inf,inf,inf,1243.3245754830073,inf
75,110,inf,inf,inf,1009.7296667920577,inf
75,111,inf,inf,inf,977.0895557726528,inf
75,112,inf,inf,inf,411.1508239077237,inf
75,113,inf,inf,inf,798.8892288671816,inf
75,114,inf,inf,inf,197.73972792537162,inf
75,115,inf,inf,inf,918.560830865327,inf
75,116,inf,inf,inf,713.9089577810324,inf
75,117,inf,inf,inf,164.0762018087937,inf
75,118,inf,inf,inf,1040.1216275032455,inf
75,119,inf,inf,inf,839.8767766761979,inf
75,120,inf,inf,inf,636.6301909271975,inf
75,121,inf,inf,inf,817.7193895218579,inf
75,122,inf,inf,inf,573.2477649324069,inf
75,123,inf,inf,inf,940.0069148681833,inf
75,124,inf,inf,inf,670.632537236302,inf
75,125,inf,inf,inf,739.7148099098733,inf
75,126,inf,inf,inf,1055.004265394221,inf
75,127,inf,inf,inf,551.2640020897428,inf
75,128,inf,inf,inf,270.9335711941213,inf
75,129,inf,inf,inf,844.5412956155549,inf
75,130,inf,inf,inf,728.0659310804208,inf
75,131,inf,inf,inf,429.4182110716778,inf
75,132,inf,inf,inf,76.6550715869472,inf
75,133,inf,inf,inf,617.3888563944121,inf
75,134,inf,inf,inf,395.6475704462243,inf
75,135,inf,inf,inf,1029.9538824627052,inf
75,136,inf,inf,inf,880.2868850550939,inf
75,137,inf,inf,inf,476.2394355783654,inf
75,138,inf,inf,inf,636.7621219890517,inf
76,77,inf,inf,inf,723.2461545006652,inf
76,78,inf,inf,inf,1056.9247844572478,inf
76,79,inf,inf,inf,1081.2039585573114,inf
76,80,inf,inf,inf,856.9183158271271,inf
76,81,inf,inf,inf,1134.973567974162,inf
76,82,inf,inf,inf,1007.936505936758,inf
76,83,inf,inf,inf,1279.811314217842,inf
76,84,inf,inf,inf,943.6296943186983,inf
76,85,inf,inf,inf,1308.4131610466168,inf
76,86,inf,inf,inf,472.5082009870305,inf
76,87,inf,inf,inf,530.4573498406822,inf
76,88,inf,inf,inf,1257.6048664027983,inf
76,89,inf,inf,inf,1468.2431678710445,inf
76,90,inf,inf,inf,147.20054347725758,inf
76,91,inf,inf,inf,706.7503095153196,inf
76,92,inf,inf,inf,823.8021607157874,inf
76,93,inf,inf,inf,859.6580715610131,inf
76,94,inf,inf,inf,736.5358103989242,inf
76,95,inf,inf,inf,1055.7106611188503,inf
76,96,inf,inf,inf,1361.263016466693,inf
76,97,inf,inf,inf,1381.7615568541485,inf
76,98,inf,inf,inf,472.3557981013888,inf
76,99,inf,inf,inf,802.1003677844813,inf
76,100,inf,inf,inf,518.7725898695883,inf
76,101,inf,inf,inf,555.0225220655465,inf
76,102,inf,inf,inf,1338.0272792435885,inf
76,103,inf,inf,inf,959.213219258367,inf
76,104,inf,inf,inf,306.8973769845549,inf
76,105,inf,inf,inf,1062.8602918540141,inf
76,106,inf,inf,inf,703.0824987154779,inf
76,107,inf,inf,inf,1077.480858298652,inf
76,108,inf,inf,inf,1083.694606427475,inf
76,109,inf,inf,inf,1138.7712676389408,inf
76,110,inf,inf,inf,149.83324063771698,inf
76,111,inf,inf,inf,736.0108694849554,inf
76,112,inf,inf,inf,781.3917071482139,inf
76,113,inf,inf,inf,1479.983783694943,inf
76,114,inf,inf,inf,1273.4288358600963,inf
76,115,inf,inf,inf,300.6825568602209,inf
76,116,inf,inf,inf,376.7890656587582,inf
76,117,inf,inf,inf,1169.1026473325599,inf
76,118,inf,inf,inf,810.0895012281051,inf
76,119,inf,inf,inf,420.6007608171911,inf
76,120,inf,inf,inf,979.8622352147265,inf
76,121,inf,inf,inf,483.7034215301769,inf
76,122,inf,inf,inf,1368.4783520392275,inf
76,123,inf,inf,inf,694.7841391396323,inf
76,124,inf,inf,inf,585.5083261577072,inf
76,125,inf,inf,inf,1354.5929277831035,inf
76,126,inf,inf,inf,861.9756377067741,inf
76,127,inf,inf,inf,720.1138798828974,inf
76,128,inf,inf,inf,1032.4751812997733,inf
76,129,inf,inf,inf,1472.7396239661646,inf
76,130,inf,inf,inf,1482.1605850919125,inf
76,131,inf,inf,inf,901.4565990662002,inf
76,132,inf,inf,inf,1158.3177456984763,inf
76,133,inf,inf,inf,1195.8699762097885,inf
76,134,inf,inf,inf,948.2030373290311,inf
76,135,inf,inf,inf,1412.3275115921235,inf
76,136,inf,inf,inf,447.035792750424,inf
76,137,inf,inf,inf,622.873984044927,inf
76,138,inf,inf,inf,693.8659812961001,inf
77,78,inf,inf,inf,443.0180583226828,inf
77,79,inf,inf,inf,702.81505390821,inf
77,80,inf,inf,inf,259.4802497301095,inf
77,81,inf,inf,inf,452.38258145070085,inf
77,82,inf,inf,inf,312.712327867003,inf
77,83,inf,inf,inf,762.4827866909521,inf
77,84,inf,inf,inf,556.1816250111109,inf
77,85,inf,inf,inf,653.64363379444,inf
77,86,inf,inf,inf,455.03955871989854,inf
77,87,inf,inf,inf,777.632303855749,inf
77,88,inf,inf,inf,808.6167200843673,inf
77,89,inf,inf,inf,747.4389607185325,inf
77,90,inf,inf,inf,581.8255752371152,inf
77,91,inf,inf,inf,456.3693679466228,inf
77,92,inf,inf,inf,369.3304753198685,inf
77,93,inf,inf,inf,210.68697159530296,inf
77,94,inf,inf,inf,759.1587449275678,inf
77,95,inf,inf,inf,816.5353635942537,inf
77,96,inf,inf,inf,808.5072665103264,inf
77,97,inf,inf,inf,741.0060728496089,inf
77,98,inf,inf,inf,401.40378672852603,inf
77,99,inf,inf,inf,160.3309078125612,inf
77,100,inf,inf,inf,241.66091947189145,inf
77,101,inf,inf,inf,674.1698599017906,inf
77,102,inf,inf,inf,811.0450049164966,inf
77,103,inf,inf,inf,244.91018761987016,inf
77,104,inf,inf,inf,752.2612578087483,inf
77,105,inf,inf,inf,660.9757938079125,inf
77,106,inf,inf,inf,763.2168761236874,inf
77,107,inf,inf,inf,406.2733070237325,inf
77,108,inf,inf,inf,455.2592667920116,inf
77,109,inf,inf,inf,811.0764452257259,inf
77,110,inf,inf,inf,708.8476564114465,inf
77,111,inf,inf,inf,482.1089088577393,inf
77,112,inf,inf,inf,93.13431161500041,inf
77,113,inf,inf,inf,774.1866699963259,inf
77,114,inf,inf,inf,640.1781002189938,inf
77,115,inf,inf,inf,691.9747105205507,inf
77,116,inf,inf,inf,438.2750278078823,inf
77,117,inf,inf,inf,510.585937918388,inf
77,118,inf,inf,inf,553.6533211315543,inf
77,119,inf,inf,inf,681.8357573492315,inf
77,120,inf,inf,inf,316.697016089511,inf
77,121,inf,inf,inf,329.53907203850656,inf
77,122,inf,inf,inf,645.4037496017512,inf
77,123,inf,inf,inf,440.9104217411968,inf
77,124,inf,inf,inf,618.8093405888441,inf
77,125,inf,inf,inf,655.6683612925059,inf
77,126,inf,inf,inf,577.7793696559268,inf
77,127,inf,inf,inf,52.69724850502159,inf
77,128,inf,inf,inf,631.5853069855251,inf
77,129,inf,inf,inf,778.8408052997737,inf
77,130,inf,inf,inf,764.5004905165202,inf
77,131,inf,inf,inf,178.22738285684386,inf
77,132,inf,inf,inf,579.1830453319573,inf
77,133,inf,inf,inf,490.78916043449857,inf
77,134,inf,inf,inf,226.31394124092313,inf
77,135,inf,inf,inf,804.3979114841112,inf
77,136,inf,inf,inf,394.65681294005304,inf
77,137,inf,inf,inf,203.24615617521528,inf
77,138,inf,inf,inf,669.3616361877935,inf
78,79,inf,inf,inf,1056.0340903588292,inf
78,80,inf,inf,inf,205.90531804691204,inf
78,81,inf,inf,inf,160.01562423713506,inf
78,82,inf,inf,inf,195.0640920313116,inf
78,83,inf,inf,inf,1019.0490665321273,inf
78,84,inf,inf,inf,313.31294259892934,inf
78,85,inf,inf,inf,776.5597208199766,inf
78,86,inf,inf,inf,627.9888534042623,inf
78,87,inf,inf,inf,1215.969160793151,inf
78,88,inf,inf,inf,1106.0596728929231,inf
78,89,inf,inf,inf,535.6155337553234,inf
78,90,inf,inf,inf,910.3197240530384,inf
78,91,inf,inf,inf,442.54039363655835,inf
78,92,inf,inf,inf,762.7581530209952,inf
78,93,inf,inf,inf,233.36237914453991,inf
78,94,inf,inf,inf,1199.5253227839753,inf
78,95,inf,inf,inf,1207.3628286476273,inf
78,96,inf,inf,inf,1025.228267265393,inf
78,97,inf,inf,inf,865.2311829794393,inf
78,98,inf,inf,inf,837.9558460921435,inf
78,99,inf,inf,inf,290.36700914532287,inf
78,100,inf,inf,inf,669.914173607336,inf
78,101,inf,inf,inf,751.5317691222374,inf
78,102,inf,inf,inf,1050.6250520523486,inf
78,103,inf,inf,inf,275.1145216087293,inf
78,104,inf,inf,inf,1162.8172685336247,inf
78,105,inf,inf,inf,341.6694308831272,inf
78,106,inf,inf,inf,1205.2738278084362,inf
78,107,inf,inf,inf,118.10588469674151,inf
78,108,inf,inf,inf,684.2952579113785,inf
78,109,inf,inf,inf,1170.7988725652242,inf
78,110,inf,inf,inf,988.9792717746919,inf
78,111,inf,inf,inf,910.3724512527826,inf
78,112,inf,inf,inf,350.0014285685131,inf
78,113,inf,inf,inf,742.6614302628083,inf
78,114,inf,inf,inf,216.69563908856125,inf
78,115,inf,inf,inf,907.2000881834173,inf
78,116,inf,inf,inf,690.0724599634447,inf
78,117,inf,inf,inf,132.5028301584536,inf
78,118,inf,inf,inf,971.7103477888871,inf
78,119,inf,inf,inf,836.6749667582985,inf
78,120,inf,inf,inf,563.6452785218731,inf
78,121,inf,inf,inf,763.0629069742547,inf
78,122,inf,inf,inf,521.8016864671865,inf
78,123,inf,inf,inf,874.4832759978889,inf
78,124,inf,inf,inf,677.6208379322466,inf
78,125,inf,inf,inf,677.0553891669425,inf
78,126,inf,inf,inf,985.4176779416939,inf
78,127,inf,inf,inf,488.1167893035436,inf
78,128,inf,inf,inf,327.29955698106284,inf
78,129,inf,inf,inf,785.2260820935586,inf
78,130,inf,inf,inf,676.94756074603,inf
78,131,inf,inf,inf,357.9413359756037,inf
78,132,inf,inf,inf,138.97481786280562,inf
78,133,inf,inf,inf,549.3241301818081,inf
78,134,inf,inf,inf,322.9876158616612,inf
78,135,inf,inf,inf,961.3246069876709,inf
78,136,inf,inf,inf,826.6105491705268,inf
78,137,inf,inf,inf,437.8333016114695,inf
78,138,inf,inf,inf,655.2251521423761,inf
79,80,inf,inf,inf,934.5892145750453,inf
79,81,inf,inf,inf,970.4478347649605,inf
79,82,inf,inf,inf,863.7279664338766,inf
79,83,inf,inf,inf,265.1659857523208,inf
79,84,inf,inf,inf,1251.338882956971,inf
79,85,inf,inf,inf,521.7671894628868,inf
79,86,inf,inf,inf,1085.3985443144836,inf
79,87,inf,inf,inf,713.9922968772142,inf
79,88,inf,inf,inf,185.94622878671134,inf
79,89,inf,inf,inf,1008.0178569846865,inf
79,90,inf,inf,inf,1002.6814050335231,inf
79,91,inf,inf,inf,1153.1565375091102,inf
79,92,inf,inf,inf,338.514401466171,inf
79,93,inf,inf,inf,869.1662671779203,inf
79,94,inf,inf,inf,491.7570538385799,inf
79,95,inf,inf,inf,197.6689151080665,inf
79,96,inf,inf,inf,364.17715469260287,inf
79,97,inf,inf,inf,527.4590031462161,inf
79,98,inf,inf,inf,618.8650903064415,inf
79,99,inf,inf,inf,842.2475883016822,inf
79,100,inf,inf,inf,668.5424444266796,inf
79,101,inf,inf,inf,1314.1354572493658,inf
79,102,inf,inf,inf,316.26729201736936,inf
79,103,inf,inf,inf,780.9327755959536,inf
79,104,inf,inf,inf,883.5609769563163,inf
79,105,inf,inf,inf,1345.4553132675942,inf
79,106,inf,inf,inf,530.9698673182877,inf
79,107,inf,inf,inf,962.106542956652,inf
79,108,inf,inf,inf,411.655195521689,inf
79,109,inf,inf,inf,114.93476410555685,inf
79,110,inf,inf,inf,1160.265486860658,inf
79,111,inf,inf,inf,345.90461112855957,inf
79,112,inf,inf,inf,772.1094482001888,inf
79,113,inf,inf,inf,783.7461323668525,inf
79,114,inf,inf,inf,1182.584035068967,inf
79,115,inf,inf,inf,1225.7846466651472,inf
79,116,inf,inf,inf,1014.6526499250864,inf
79,117,inf,inf,inf,1051.4680213872412,inf
79,118,inf,inf,inf,272.8094573140748,inf
79,119,inf,inf,inf,1271.1526265559144,inf
79,120,inf,inf,inf,496.9104547099004,inf
79,121,inf,inf,inf,638.6274344247983,inf
79,122,inf,inf,inf,864.005208317635,inf
79,123,inf,inf,inf,390.7492802296634,inf
79,124,inf,inf,inf,1275.5994669174177,inf
79,125,inf,inf,inf,678.6486572594099,inf
79,126,inf,inf,inf,220.90722034374522,inf
79,127,inf,inf,inf,651.8297323688142,inf
79,128,inf,inf,inf,1318.6178369793122,inf
79,129,inf,inf,inf,729.2215026999684,inf
79,130,inf,inf,inf,858.3856941957968,inf
79,131,inf,inf,inf,701.4855664944218,inf
79,132,inf,inf,inf,1190.3083634084069,inf
79,133,inf,inf,inf,634.2184166357833,inf
79,134,inf,inf,inf,733.0518399131129,inf
79,135,inf,inf,inf,482.0840175737005,inf
79,136,inf,inf,inf,648.753420029521,inf
79,137,inf,inf,inf,887.0456583513613,inf
79,138,inf,inf,inf,1347.4717065675256,inf
80,81,inf,inf,inf,288.0277764383151,inf
80,82,inf,inf,inf,194.3733520830466,inf
80,83,inf,inf,inf,946.1553783602353,inf
80,84,inf,inf,inf,320.62439083762797,inf
80,85,inf,inf,inf,758.6013445809334,inf
80,86,inf,inf,inf,452.73943941300274,inf
80,87,inf,inf,inf,1016.8313527817678,inf
80,88,inf,inf,inf,1014.4875553697049,inf
80,89,inf,inf,inf,661.1089168964521,inf
80,90,inf,inf,inf,709.809129273497,inf
80,91,inf,inf,inf,320.45124434147544,inf
80,92,inf,inf,inf,614.8243651645565,inf
80,93,inf,inf,inf,68.24221567329127,inf
80,94,inf,inf,inf,1016.7870966923214,inf
80,95,inf,inf,inf,1065.360033040474,inf
80,96,inf,inf,inf,971.6799884735715,inf
80,97,inf,inf,inf,850.3599237969767,inf
80,98,inf,inf,inf,639.3786045841697,inf
80,99,inf,inf,inf,99.29753269845128,inf
80,100,inf,inf,inf,469.77654262425665,inf
80,101,inf,inf,inf,615.6208248589386,inf
80,102,inf,inf,inf,986.646846647776,inf
80,103,inf,inf,inf,211.62466774929618,inf
80,104,inf,inf,inf,957.1650850297456,inf
80,105,inf,inf,inf,411.21405617999005,inf
80,106,inf,inf,inf,1019.0829210618732,inf
80,107,inf,inf,inf,227.40272645683032,inf
80,108,inf,inf,inf,612.0890458095129,inf
80,109,inf,inf,inf,1046.9446021638394,inf
80,110,inf,inf,inf,798.3614469649697,inf
80,111,inf,inf,inf,741.0242910998262,inf
80,112,inf,inf,inf,170.1763790894612,inf
80,113,inf,inf,inf,794.6854723725608,inf
80,114,inf,inf,inf,421.0866894120497,inf
80,115,inf,inf,inf,731.0902817026089,inf
80,116,inf,inf,inf,498.5107822304348,inf
80,117,inf,inf,inf,312.4163888146715,inf
80,118,inf,inf,inf,810.4233461592775,inf
80,119,inf,inf,inf,676.6461409037962,inf
80,120,inf,inf,inf,473.5197989524831,inf
80,121,inf,inf,inf,563.6470526845678,inf
80,122,inf,inf,inf,604.4369280578413,inf
80,123,inf,inf,inf,700.3684744475582,inf
80,124,inf,inf,inf,545.1467692282511,inf
80,125,inf,inf,inf,701.0827340621076,inf
80,126,inf,inf,inf,831.3705551677904,inf
80,127,inf,inf,inf,310.24667604988133,inf
80,128,inf,inf,inf,384.03385267447453,inf
80,129,inf,inf,inf,821.6233930457433,inf
80,130,inf,inf,inf,751.8011705231643,inf
80,131,inf,inf,inf,249.64975465639858,inf
80,132,inf,inf,inf,330.9637442379452,inf
80,133,inf,inf,inf,545.8094905734051,inf
80,134,inf,inf,inf,245.55243839147678,inf
80,135,inf,inf,inf,934.3543225136812,inf
80,136,inf,inf,inf,626.0,inf
80,137,inf,inf,inf,234.47174669882938,inf
80,138,inf,inf,inf,553.1301835915303,inf
81,82,inf,inf,inf,140.24621207005913,inf
81,83,inf,inf,inf,901.09377980319,inf
81,84,inf,inf,inf,473.0835021431206,inf
81,85,inf,inf,inf,636.2546659946786,inf
81,86,inf,inf,inf,740.0412150684582,inf
81,87,inf,inf,inf,1225.5619119408043,inf
81,88,inf,inf,inf,998.058615513137,inf
81,89,inf,inf,inf,384.4801685392889,inf
81,90,inf,inf,inf,987.937751075441,inf
81,91,inf,inf,inf,580.9931152776253,inf
81,92,inf,inf,inf,709.3553411372892,inf
81,93,inf,inf,inf,275.3343422096125,inf
81,94,inf,inf,inf,1176.8228413826782,inf
81,95,inf,inf,inf,1136.802533424341,inf
81,96,inf,inf,inf,896.7463409459779,inf
81,97,inf,inf,inf,722.1357213155986,inf
81,98,inf,inf,inf,852.4816713572204,inf
81,99,inf,inf,inf,333.64052511647924,inf
81,100,inf,inf,inf,693.5776813018135,inf
81,101,inf,inf,inf,888.1919837512609,inf
81,102,inf,inf,inf,927.1806727925253,inf
81,103,inf,inf,inf,221.0,inf
81,104,inf,inf,inf,1202.429623720241,inf
81,105,inf,inf,inf,496.79875201131495,inf
81,106,inf,inf,inf,1188.0446119569754,inf
81,107,inf,inf,inf,61.05735008989499,inf
81,108,inf,inf,inf,575.3790055259229,inf
81,109,inf,inf,inf,1085.0829461382204,inf
81,110,inf,inf,inf,1084.3823126554582,inf
81,111,inf,inf,inf,875.1851232739277,inf
81,112,inf,inf,inf,368.5430775363987,inf
81,113,inf,inf,inf,583.7850631867863,inf
81,114,inf,inf,inf,213.67732682715777,inf
81,115,inf,inf,inf,1018.935228559696,inf
81,116,inf,inf,inf,785.0764294003483,inf
81,117,inf,inf,inf,81.41252974819048,inf
81,118,inf,inf,inf,925.4847378536288,inf
81,119,inf,inf,inf,960.6508210583073,inf
81,120,inf,inf,inf,474.1698008097943,inf
81,121,inf,inf,inf,781.7582746603965,inf
81,122,inf,inf,inf,361.79552236035204,inf
81,123,inf,inf,inf,846.3403570668245,inf
81,124,inf,inf,inf,815.2453618389987,inf
81,125,inf,inf,inf,524.1574191023151,inf
81,126,inf,inf,inf,931.0472598101559,inf
81,127,inf,inf,inf,485.63051798666856,inf
81,128,inf,inf,inf,484.8608047677189,inf
81,129,inf,inf,inf,628.4210372035615,inf
81,130,inf,inf,inf,516.9342317935619,inf
81,131,inf,inf,inf,311.52046481732145,inf
81,132,inf,inf,inf,245.50560075077718,inf
81,133,inf,inf,inf,409.78530964396464,inf
81,134,inf,inf,inf,262.00763347658403,inf
81,135,inf,inf,inf,821.6483432710128,inf
81,136,inf,inf,inf,846.9262069389516,inf
81,137,inf,inf,inf,514.3238279527792,inf
81,138,inf,inf,inf,803.308782474087,inf
82,83,inf,inf,inf,825.2302708941305,inf
82,84,inf,inf,inf,465.02150487907545,inf
82,85,inf,inf,inf,596.1686003137032,inf
82,86,inf,inf,inf,638.6235197673195,inf
82,87,inf,inf,inf,1085.4201951318207,inf
82,88,inf,inf,inf,911.0181117848316,inf
82,89,inf,inf,inf,474.0232061829885,inf
82,90,inf,inf,inf,861.5915505620978,inf
82,91,inf,inf,inf,513.2874438362973,inf
82,92,inf,inf,inf,582.5684509137102,inf
82,93,inf,inf,inf,156.06408939919524,inf
82,94,inf,inf,inf,1041.017290922682,inf
82,95,inf,inf,inf,1020.3749310915082,inf
82,96,inf,inf,inf,834.8778353747331,inf
82,97,inf,inf,inf,686.8369529953961,inf
82,98,inf,inf,inf,712.2808434880163,inf
82,99,inf,inf,inf,207.81963333621778,inf
82,100,inf,inf,inf,554.2463351254567,inf
82,101,inf,inf,inf,809.8308465352502,inf
82,102,inf,inf,inf,858.2196688494153,inf
82,103,inf,inf,inf,86.68333173107735,inf
82,104,inf,inf,inf,1064.0498108641343,inf
82,105,inf,inf,inf,521.9731793876003,inf
82,106,inf,inf,inf,1051.0513783826175,inf
82,107,inf,inf,inf,103.9471019317037,inf
82,108,inf,inf,inf,489.6631495221996,inf
82,109,inf,inf,inf,978.6357851621817,inf
82,110,inf,inf,inf,966.6033312584848,inf
82,111,inf,inf,inf,742.1158939141513,inf
82,112,inf,inf,inf,231.71750041807374,inf
82,113,inf,inf,inf,604.052977809066,inf
82,114,inf,inf,inf,342.32878932394806,inf
82,115,inf,inf,inf,913.0925473357014,inf
82,116,inf,inf,inf,670.2969491203133,inf
82,117,inf,inf,inf,207.0,inf
82,118,inf,inf,inf,796.5155365716353,inf
82,119,inf,inf,inf,866.4923542651718,inf
82,120,inf,inf,inf,369.218092731112,inf
82,121,inf,inf,inf,641.7982549056985,inf
82,122,inf,inf,inf,410.1280287910106,inf
82,123,inf,inf,inf,711.1378206789454,inf
82,124,inf,inf,inf,739.5160579730504,inf
82,125,inf,inf,inf,517.7895325322828,inf
82,126,inf,inf,inf,805.5966732801222,inf
82,127,inf,inf,inf,345.3983207834109,inf
82,128,inf,inf,inf,502.3196193659969,inf
82,129,inf,inf,inf,635.2086271454442,inf
82,130,inf,inf,inf,557.7669764337074,inf
82,131,inf,inf,inf,177.13271860387624,inf
82,132,inf,inf,inf,326.58842600435185,inf
82,133,inf,inf,inf,372.5493255932696,inf
82,134,inf,inf,inf,133.15029102484155,inf
82,135,inf,inf,inf,778.6944201675007,inf
82,136,inf,inf,inf,706.983026670372,inf
82,137,inf,inf,inf,395.2163964209987,inf
82,138,inf,inf,inf,744.8879110309148,inf
83,84,inf,inf,inf,1265.5251874222022,inf
83,85,inf,inf,inf,321.4000622277475,inf
83,86,inf,inf,inf,1197.6464419852798,inf
83,87,inf,inf,inf,966.4802119029649,inf
83,88,inf,inf,inf,127.56566936288148,inf
83,89,inf,inf,inf,840.9310316547962,inf
83,90,inf,inf,inf,1181.9750420376904,inf
83,91,inf,inf,inf,1215.8128967896334,inf
83,92,inf,inf,inf,464.08727627462486,inf
83,93,inf,inf,inf,877.9140049002522,inf
83,94,inf,inf,inf,753.9190938025114,inf
83,95,inf,inf,inf,445.9439426654431,inf
83,96,inf,inf,inf,99.03534722511958,inf
83,97,inf,inf,inf,293.09725348423177,inf
83,98,inf,inf,inf,807.4682656302971,inf
83,99,inf,inf,inf,868.4802818717302,inf
83,100,inf,inf,inf,808.8634000868132,inf
83,101,inf,inf,inf,1425.312948092453,inf
83,102,inf,inf,inf,58.463663928973865,inf
83,103,inf,inf,inf,755.1377357806984,inf
83,104,inf,inf,inf,1116.9874663576131,inf
83,105,inf,inf,inf,1341.623270519709,inf
83,106,inf,inf,inf,792.0101009456887,inf
83,107,inf,inf,inf,909.5988126641328,inf
83,108,inf,inf,inf,336.89315813770986,inf
83,109,inf,inf,inf,320.73197533142843,inf
83,110,inf,inf,inf,1338.4068888047461,inf
83,111,inf,inf,inf,557.0753988465116,inf
83,112,inf,inf,inf,806.6486223877159,inf
83,113,inf,inf,inf,570.1973342624464,inf
83,114,inf,inf,inf,1100.552588475444,inf
83,115,inf,inf,inf,1380.7972334850617,inf
83,116,inf,inf,inf,1147.0174366590945,inf
83,117,inf,inf,inf,981.4000203790501,inf
83,118,inf,inf,inf,504.8405688927941,inf
83,119,inf,inf,inf,1406.2858884309405,inf
83,120,inf,inf,inf,472.64045531460806,inf
83,121,inf,inf,inf,806.4192458020827,inf
83,122,inf,inf,inf,703.4273238935207,inf
83,123,inf,inf,inf,590.1813280679083,inf
83,124,inf,inf,inf,1376.025072445993,inf
83,125,inf,inf,inf,489.5804326155203,inf
83,126,inf,inf,inf,457.50737698970494,inf
83,127,inf,inf,inf,719.6283763165541,inf
83,128,inf,inf,inf,1318.8237183187146,inf
83,129,inf,inf,inf,506.7435248722967,inf
83,130,inf,inf,inf,659.0394525367961,inf
83,131,inf,inf,inf,696.6814193015341,inf
83,132,inf,inf,inf,1141.0543370059113,inf
83,133,inf,inf,inf,506.06916523337003,inf
83,134,inf,inf,inf,710.4941942056951,inf
83,135,inf,inf,inf,224.61522655421203,inf
83,136,inf,inf,inf,833.5526378099946,inf
83,137,inf,inf,inf,964.1851481950964,inf
83,138,inf,inf,inf,1431.7293738692379,inf
84,85,inf,inf,inf,1060.2282773063544,inf
84,86,inf,inf,inf,471.6407531161827,inf
84,87,inf,inf,inf,1236.6155425191776,inf
84,88,inf,inf,inf,1335.1048647952714,inf
84,89,inf,inf,inf,844.4270246741278,inf
84,90,inf,inf,inf,808.5870392233603,inf
84,91,inf,inf,inf,237.48894711122873,inf
84,92,inf,inf,inf,924.2169658689457,inf
84,93,inf,inf,inf,388.59876479474303,inf
84,94,inf,inf,inf,1281.5802745048786,inf
84,95,inf,inf,inf,1372.7053580430143,inf
84,96,inf,inf,inf,1287.3826160081546,inf
84,97,inf,inf,inf,1151.2949231191806,inf
84,98,inf,inf,inf,875.6100730347955,inf
84,99,inf,inf,inf,409.1210089936717,inf
84,100,inf,inf,inf,710.9275631173685,inf
84,101,inf,inf,inf,507.10649769057386,inf
84,102,inf,inf,inf,1304.693067353391,inf
84,103,inf,inf,inf,516.6284932134503,inf
84,104,inf,inf,inf,1126.3236657373404,inf
84,105,inf,inf,inf,123.0,inf
84,106,inf,inf,inf,1277.0505080066332,inf
84,107,inf,inf,inf,424.8482081873478,inf
84,108,inf,inf,inf,930.0349455800034,inf
84,109,inf,inf,inf,1362.432016652574,inf
84,110,inf,inf,inf,839.3503440161326,inf
84,111,inf,inf,inf,1030.8971820700647,inf
84,112,inf,inf,inf,479.4163117792301,inf
84,113,inf,inf,inf,1052.648564336645,inf
84,114,inf,inf,inf,454.07708596668914,inf
84,115,inf,inf,inf,722.1558003644366,inf
84,116,inf,inf,inf,570.5094214822399,inf
84,117,inf,inf,inf,435.83941997024544,inf
84,118,inf,inf,inf,1106.877590341407,inf
84,119,inf,inf,inf,623.552724314472,inf
84,120,inf,inf,inf,793.2042612089272,inf
84,121,inf,inf,inf,800.9556791733236,inf
84,122,inf,inf,inf,834.7742209723536,inf
84,123,inf,inf,inf,985.6916353505288,inf
84,124,inf,inf,inf,435.74419101119406,inf
84,125,inf,inf,inf,978.7200825568054,inf
84,126,inf,inf,inf,1133.3706366409888,inf
84,127,inf,inf,inf,608.8653381495781,inf
84,128,inf,inf,inf,91.0494371207203,inf
84,129,inf,inf,inf,1091.7073783757257,inf
84,130,inf,inf,inf,989.8307936208087,inf
84,131,inf,inf,inf,569.0035149276321,inf
84,132,inf,inf,inf,305.026228380446,inf
84,133,inf,inf,inf,837.5702955573341,inf
84,134,inf,inf,inf,557.7741478412207,inf
84,135,inf,inf,inf,1241.1164328941907,inf
84,136,inf,inf,inf,854.3184418002459,inf
84,137,inf,inf,inf,424.32181183625244,inf
84,138,inf,inf,inf,379.31649054582374,inf
85,86,inf,inf,inf,1108.2386927011707,inf
85,87,inf,inf,inf,1118.657230790558,inf
85,88,inf,inf,inf,445.888999640045,inf
85,89,inf,inf,inf,520.2470566951821,inf
85,90,inf,inf,inf,1185.5838224267402,inf
85,91,inf,inf,inf,1065.5163067733877,inf
85,92,inf,inf,inf,513.6000389408085,inf
85,93,inf,inf,inf,694.0180112936551,inf
85,94,inf,inf,inf,949.82314143213,inf
85,95,inf,inf,inf,719.4025298815677,inf
85,96,inf,inf,inf,278.61442891566116,inf
85,97,inf,inf,inf,91.76055797563569,inf
85,98,inf,inf,inf,857.3593179058591,inf
85,99,inf,inf,inf,705.345305506459,inf
85,100,inf,inf,inf,793.1015067442503,inf
85,101,inf,inf,inf,1322.4541579956563,inf
85,102,inf,inf,inf,323.2893440866865,inf
85,103,inf,inf,inf,548.0301086619238,inf
85,104,inf,inf,inf,1217.0509438803292,inf
85,105,inf,inf,inf,1115.5720505641937,inf
85,106,inf,inf,inf,981.024974197905,inf
85,107,inf,inf,inf,659.5422655145006,inf
85,108,inf,inf,inf,225.41739063346466,inf
85,109,inf,inf,inf,612.7846277445282,inf
85,110,inf,inf,inf,1331.8126745154516,inf
85,111,inf,inf,inf,678.1157718266107,inf
85,112,inf,inf,inf,661.1051353604811,inf
85,113,inf,inf,inf,261.9790067925291,inf
85,114,inf,inf,inf,816.8292355198852,inf
85,115,inf,inf,inf,1338.332171024817,inf
85,116,inf,inf,inf,1087.0441573367661,inf
85,117,inf,inf,inf,711.5616628233986,inf
85,118,inf,inf,inf,664.2845775719921,inf
85,119,inf,inf,inf,1335.3389082925728,inf
85,120,inf,inf,inf,340.6890077475351,inf
85,121,inf,inf,inf,827.4406323114669,inf
85,122,inf,inf,inf,385.5437718340163,inf
85,123,inf,inf,inf,689.1908298867593,inf
85,124,inf,inf,inf,1262.047938867617,inf
85,125,inf,inf,inf,168.1814496310458,inf
85,126,inf,inf,inf,632.9304859145276,inf
85,127,inf,inf,inf,628.2555212650343,inf
85,128,inf,inf,inf,1097.4743732771167,inf
85,129,inf,inf,inf,210.63950246807934,inf
85,130,inf,inf,inf,341.3751601976922,inf
85,131,inf,inf,inf,522.9541088852826,inf
85,132,inf,inf,inf,881.7601714752146,inf
85,133,inf,inf,inf,227.437903613272,inf
85,134,inf,inf,inf,513.7820549610506,inf
85,135,inf,inf,inf,185.41305239923105,inf
85,136,inf,inf,inf,874.8668470115896,inf
85,137,inf,inf,inf,850.2593721918035,inf
85,138,inf,inf,inf,1295.8028399413238,inf
86,87,inf,inf,inf,836.0771495502074,inf
86,88,inf,inf,inf,1223.7001266650257,inf
86,89,inf,inf,inf,1111.8318218147922,inf
86,90,inf,inf,inf,342.58429619584143,inf
86,91,inf,inf,inf,234.35016535091245,inf
86,92,inf,inf,inf,753.0166000826276,inf
86,93,inf,inf,inf,483.1769862069178,inf
86,94,inf,inf,inf,945.2010368170361,inf
86,95,inf,inf,inf,1144.7292256249948,inf
86,96,inf,inf,inf,1253.5409845713064,inf
86,97,inf,inf,inf,1196.0037625358877,inf
86,98,inf,inf,inf,535.1784749034662,inf
86,99,inf,inf,inf,439.9965908958841,inf
86,100,inf,inf,inf,420.8336963694804,inf
86,101,inf,inf,inf,229.3338178289456,inf
86,102,inf,inf,inf,1249.9939999855999,inf
86,103,inf,inf,inf,621.7089351135304,inf
86,104,inf,inf,inf,684.0657863100595,inf
86,105,inf,inf,inf,590.3558249056242,inf
86,106,inf,inf,inf,928.6447113939755,inf
86,107,inf,inf,inf,679.0677433069546,inf
86,108,inf,inf,inf,908.1024171314599,inf
86,109,inf,inf,inf,1178.8265351611321,inf
86,110,inf,inf,inf,371.8306065939166,inf
86,111,inf,inf,inf,776.0927779589242,inf
86,112,inf,inf,inf,458.33284848459203,inf
86,113,inf,inf,inf,1207.9536414945733,inf
86,114,inf,inf,inf,837.9289946051515,inf
86,115,inf,inf,inf,279.76061195243335,inf
86,116,2.0,124.18379999999999,124.18376618407352,112.79184367674819,1.1009995238660484
86,117,inf,inf,inf,753.833536001152,inf
86,118,inf,inf,inf,862.2093713246221,inf
86,119,inf,inf,inf,231.8641843838759,inf
86,120,inf,inf,inf,771.4726177901586,inf
86,121,inf,inf,inf,477.93828053421294,inf
86,122,inf,inf,inf,1042.8753520915143,inf
86,123,inf,inf,inf,725.0689622373861,inf
86,124,inf,inf,inf,194.6175737183053,inf
86,125,inf,inf,inf,1097.3978312353274,inf
86,126,inf,inf,inf,904.4390526729813,inf
86,127,inf,inf,inf,486.5757906020397,inf
86,128,inf,inf,inf,560.040177130177,inf
86,129,inf,inf,inf,1221.363991609381,inf
86,130,inf,inf,inf,1181.4702704681147,inf
86,131,inf,inf,inf,601.770720457551,inf
86,132,inf,inf,inf,708.4546562766033,inf
86,133,inf,inf,inf,932.3094979672791,inf
86,134,inf,inf,inf,631.8172204047623,inf
86,135,inf,inf,inf,1258.2229532161618,inf
86,136,inf,inf,inf,505.3563099437861,inf
86,137,inf,inf,inf,261.72504656604804,inf
86,138,inf,inf,inf,287.4056366879397,inf
87,88,inf,inf,inf,899.3247466849781,inf
87,89,inf,inf,inf,1456.147313976165,inf
87,90,inf,inf,inf,548.799599125218,inf
87,91,inf,inf,inf,1031.0601340368078,inf
87,92,inf,inf,inf,615.260107596779,inf
87,93,inf,inf,inf,982.987792396223,inf
87,94,inf,inf,inf,245.45875417267155,inf
87,95,inf,inf,inf,613.046490896082,inf
87,96,inf,inf,inf,1062.9487287729357,inf
87,97,inf,inf,inf,1164.8974203765754,inf
87,98,inf,inf,inf,378.0171953760834,inf
87,99,inf,inf,inf,925.6835312351625,inf
87,100,inf,inf,inf,547.057583806312,inf
87,101,inf,inf,inf,1009.7549207604784,inf
87,102,inf,inf,inf,1022.5898493531021,inf
87,103,inf,inf,inf,1007.3058125514813,inf
87,104,inf,inf,inf,231.32012450281968,inf
87,105,inf,inf,inf,1358.3832301673929,inf
87,106,inf,inf,inf,204.08821622033938,inf
87,107,inf,inf,inf,1182.983516368677,inf
87,108,inf,inf,inf,909.3211753830436,inf
87,109,inf,inf,inf,727.7039233094735,inf
87,110,inf,inf,inf,667.8540259667527,inf
87,111,inf,inf,inf,440.5734898969751,inf
87,112,inf,inf,inf,868.6322582082707,inf
87,113,inf,inf,inf,1352.52689437216,inf
87,114,inf,inf,inf,1417.7799547179386,inf
87,115,inf,inf,inf,799.3403530411811,inf
87,116,inf,inf,inf,724.4535871952047,inf
87,117,inf,inf,inf,1287.6994991068375,inf
87,118,inf,inf,inf,466.1544808322666,inf
87,119,inf,inf,inf,900.4287867455149,inf
87,120,inf,inf,inf,870.3591212827037,inf
87,121,inf,inf,inf,453.27695727888045,inf
87,122,inf,inf,inf,1324.8494254065251,inf
87,123,inf,inf,inf,435.0287346831241,inf
87,124,inf,inf,inf,1012.2534267662421,inf
87,125,inf,inf,inf,1225.202432253544,inf
87,126,inf,inf,inf,509.96568512008724,inf
87,127,inf,inf,inf,740.1709262055623,inf
87,128,inf,inf,inf,1326.2714654247825,inf
87,129,inf,inf,inf,1320.6865638750173,inf
87,130,inf,inf,inf,1391.1523999907415,inf
87,131,inf,inf,inf,920.7828191272902,inf
87,132,inf,inf,inf,1347.4958255965025,inf
87,133,inf,inf,inf,1100.331768149952,inf
87,134,inf,inf,inf,973.5101437581428,inf
87,135,inf,inf,inf,1156.49470383569,inf
87,136,inf,inf,inf,391.15470085376705,inf
87,137,inf,inf,inf,818.4283719422244,inf
87,138,inf,inf,inf,1117.171875764871,inf
88,89,inf,inf,inf,963.1220068091062,inf
88,90,inf,inf,inf,1171.6663347557615,inf
88,91,inf,inf,inf,1264.9814227884929,inf
88,92,inf,inf,inf,472.01694884823786,inf
88,93,inf,inf,inf,946.6498824803181,inf
88,94,inf,inf,inf,672.893007840028,inf
88,95,inf,inf,inf,336.50111441123045,inf
88,96,inf,inf,inf,212.32286735064596,inf
88,97,inf,inf,inf,420.63404522220975,inf
88,98,inf,inf,inf,789.3959716137396,inf
88,99,inf,inf,inf,930.1209598756498,inf
88,100,inf,inf,inf,817.594642839592,inf
88,101,inf,inf,inf,1452.9556084065334,inf
88,102,inf,inf,inf,156.08010763707205,inf
88,103,inf,inf,inf,835.4639429682169,inf
88,104,inf,inf,inf,1068.6252851210288,inf
88,105,inf,inf,inf,1418.5013218182069,inf
88,106,inf,inf,inf,713.0224400395825,inf
88,107,inf,inf,inf,1001.0719254878742,inf
88,108,inf,inf,inf,423.38162454220895,inf
88,109,inf,inf,inf,205.41178155110774,inf
88,110,inf,inf,inf,1329.3276496033625,inf
88,111,inf,inf,inf,522.1743004016954,inf
88,112,inf,inf,inf,864.0977953912393,inf
88,113,inf,inf,inf,697.5227594853088,inf
88,114,inf,inf,inf,1202.7772029765113,inf
88,115,inf,inf,inf,1385.3014112459425,inf
88,116,inf,inf,inf,1162.6452597417667,inf
88,117,inf,inf,inf,1079.200166790202,inf
88,118,inf,inf,inf,455.2636598719472,inf
88,119,inf,inf,inf,1421.6543180393749,inf
88,120,inf,inf,inf,546.0036629913759,inf
88,121,inf,inf,inf,800.3980259845722,inf
88,122,inf,inf,inf,823.6850126110102,inf
88,123,inf,inf,inf,563.0319706730693,inf
88,124,inf,inf,inf,1408.6965606545648,inf
88,125,inf,inf,inf,613.7784616618605,inf
88,126,inf,inf,inf,404.0,inf
88,127,inf,inf,inf,761.4893301944552,inf
88,128,inf,inf,inf,1394.0706581805673,inf
88,129,inf,inf,inf,634.3027668235414,inf
88,130,inf,inf,inf,785.3979882836472,inf
88,131,inf,inf,inf,768.1731575627985,inf
88,132,inf,inf,inf,1233.049066339211,inf
88,133,inf,inf,inf,616.1371600544801,inf
88,134,inf,inf,inf,788.9569063009716,inf
88,135,inf,inf,inf,347.55862814782773,inf
88,136,inf,inf,inf,817.9786060772005,inf
88,137,inf,inf,inf,1005.0402976995499,inf
88,138,inf,inf,inf,1472.2445449041406,inf
89,90,inf,inf,inf,1324.0702398286883,inf
89,91,inf,inf,inf,965.1372959325528,inf
89,92,inf,inf,inf,859.57431325046,inf
89,93,inf,inf,inf,630.0872955392769,inf
89,94,inf,inf,inf,1348.7864916286787,inf
89,95,inf,inf,inf,1201.1698464413764,inf
89,96,inf,inf,inf,794.6854723725608,inf
89,97,inf,inf,inf,572.7032390339695,inf
89,98,inf,inf,inf,1111.3460307213052,inf
89,99,inf,inf,inf,679.7859957368937,inf
89,100,inf,inf,inf,977.9493851933238,inf
89,101,inf,inf,inf,1271.3095610432574,inf
89,102,inf,inf,inf,842.6060764081873,inf
89,103,inf,inf,inf,509.5919936576712,inf
89,104,inf,inf,inf,1482.6422360097529,inf
89,105,inf,inf,inf,842.3122936298627,inf
89,106,inf,inf,inf,1370.3886310094665,inf
89,107,inf,inf,inf,443.6676684186036,inf
89,108,inf,inf,inf,606.5311203887234,inf
89,109,inf,inf,inf,1111.9109676588319,inf
89,110,inf,inf,inf,1437.237628229932,inf
89,111,inf,inf,inf,1043.786376611613,inf
89,112,inf,inf,inf,688.0704905749119,inf
89,113,inf,inf,inf,319.0767932645682,inf
89,114,inf,inf,inf,433.45703362617155,inf
89,115,inf,inf,inf,1387.109224250203,inf
89,116,inf,inf,inf,1143.23925754848,inf
89,117,inf,inf,inf,408.58903558465687,inf
89,118,inf,inf,inf,1065.8916455250037,inf
89,119,inf,inf,inf,1337.7238130496146,inf
89,120,inf,inf,inf,591.7600865215564,inf
89,121,inf,inf,inf,1052.0384973944633,inf
89,122,inf,inf,inf,144.2809758769326,inf
89,123,inf,inf,inf,1031.7775923133822,inf
89,124,inf,inf,inf,1198.770203166562,inf
89,125,inf,inf,inf,353.05523647157537,inf
89,126,inf,inf,inf,1052.5492862569429,inf
89,127,inf,inf,inf,760.2328590635898,inf
89,128,inf,inf,inf,838.1342374584158,inf
89,129,inf,inf,inf,387.33964424003904,inf
89,130,inf,inf,inf,218.16049138191818,inf
89,131,inf,inf,inf,570.3770682627414,inf
89,132,inf,inf,inf,562.8019189732743,inf
89,133,inf,inf,inf,380.60084077679073,inf
89,134,inf,inf,inf,521.1420151935555,inf
89,135,inf,inf,inf,675.9178944220962,inf
89,136,inf,inf,inf,1114.9318364814953,inf
89,137,inf,inf,inf,867.8306286367174,inf
89,138,inf,inf,inf,1187.4830525106454,inf
90,91,inf,inf,inf,573.8884909109086,inf
90,92,inf,inf,inf,719.2621218999371,inf
90,93,inf,inf,inf,712.6570002462615,inf
90,94,inf,inf,inf,718.0675455693566,inf
90,95,inf,inf,inf,1002.2360001516608,inf
90,96,inf,inf,inf,1258.358057152256,inf
90,97,inf,inf,inf,1262.3695972257888,inf
90,98,inf,inf,inf,383.8176650442238,inf
90,99,inf,inf,inf,655.3144283471867,inf
90,100,inf,inf,inf,392.531527396208,inf
90,101,inf,inf,inf,468.5915065384775,inf
90,102,inf,inf,inf,1239.5019160937186,inf
90,103,inf,inf,inf,814.5931499834749,inf
90,104,inf,inf,inf,357.8407467016578,inf
90,105,inf,inf,inf,929.526761314595,inf
90,106,inf,inf,inf,690.507784170461,inf
90,107,inf,inf,inf,930.3359608227557,inf
90,108,inf,inf,inf,962.7637301020433,inf
90,109,inf,inf,inf,1071.6809226630844,inf
90,110,inf,inf,inf,157.71493271088823,inf
90,111,inf,inf,inf,657.9513659838393,inf
90,112,inf,inf,inf,636.3497466016624,inf
90,113,inf,inf,inf,1346.2317779639582,inf
90,114,inf,inf,inf,1126.9219138875594,inf
90,115,inf,inf,inf,254.15349692656207,inf
90,116,inf,inf,inf,238.0966190436143,inf
90,117,inf,inf,inf,1021.9359079707494,inf
90,118,inf,inf,inf,738.5397755029853,inf
90,119,inf,inf,inf,351.8820825219721,inf
90,120,inf,inf,inf,851.4141178063704,inf
90,121,inf,inf,inf,375.6447790133652,inf
90,122,inf,inf,inf,1227.0798670013294,inf
90,123,inf,inf,inf,611.9321857853205,inf
90,124,inf,inf,inf,483.79334431139085,inf
90,125,inf,inf,inf,1222.3591943450992,inf
90,126,inf,inf,inf,789.1831219685328,inf
90,127,inf,inf,inf,582.4774673753484,inf
90,128,inf,inf,inf,898.5415961434395,inf
90,129,inf,inf,inf,1342.213842873035,inf
90,130,inf,inf,inf,1344.310975927817,inf
90,131,inf,inf,inf,759.6341224563309,inf
90,132,inf,inf,inf,1013.5284899794382,inf
90,133,inf,inf,inf,1061.437233189038,inf
90,134,inf,inf,inf,805.2484088776581,inf
90,135,inf,inf,inf,1299.664956825412,inf
90,136,inf,inf,inf,354.1539213392956,inf
90,137,inf,inf,inf,475.68897401558513,inf
90,138,inf,inf,inf,592.5622330186088,inf
91,92,inf,inf,inf,815.0742297484322,inf
91,93,inf,inf,inf,376.64306710730784,inf
91,94,inf,inf,inf,1104.6741601033311,inf
91,95,inf,inf,inf,1246.8748934837047,inf
91,96,inf,inf,inf,1255.2071542179801,inf
91,97,inf,inf,inf,1156.8910925406938,inf
91,98,inf,inf,inf,689.7013846586071,inf
91,99,inf,inf,inf,360.3234657915024,inf
91,100,inf,inf,inf,538.6585189152771,inf
91,101,inf,inf,inf,309.04045042680093,inf
91,102,inf,inf,inf,1262.2935474761803,inf
91,103,inf,inf,inf,527.6911975767646,inf
91,104,inf,inf,inf,902.3314246993729,inf
91,105,inf,inf,inf,356.20218977429096,inf
91,106,inf,inf,inf,1094.7296469905252,inf
91,107,inf,inf,inf,521.4757904255958,inf
91,108,inf,inf,inf,895.1256894984078,inf
91,109,inf,inf,inf,1257.5945292501872,inf
91,110,inf,inf,inf,602.4367186684424,inf
91,111,inf,inf,inf,886.2730956087971,inf
91,112,inf,inf,inf,412.146818500398,inf
91,113,inf,inf,inf,1115.1215180418678,inf
91,114,inf,inf,inf,636.4157446198201,inf
91,115,inf,inf,inf,490.66689311588976,inf
91,116,inf,inf,inf,336.62144910863896,inf
91,117,inf,inf,inf,574.7390712314589,inf
91,118,inf,inf,inf,968.6614475656601,inf
91,119,inf,inf,inf,402.35929217553803,inf
91,120,inf,inf,inf,752.7881508100403,inf
91,121,inf,inf,inf,619.6490942460903,inf
91,122,inf,inf,inf,921.4732768778484,inf
91,123,inf,inf,inf,837.2484696910469,inf
91,124,inf,inf,inf,235.26155657055403,inf
91,125,inf,inf,inf,1019.6715157343565,inf
91,126,inf,inf,inf,1003.0004985043627,inf
91,127,inf,inf,inf,504.24200539026896,inf
91,128,inf,inf,inf,325.7253444237952,inf
91,129,inf,inf,inf,1141.0985934615817,inf
91,130,inf,inf,inf,1070.9285690465074,inf
91,131,inf,inf,inf,542.9769792541854,inf
91,132,inf,inf,inf,496.4393215691118,inf
91,133,inf,inf,inf,861.2717341234414,inf
91,134,inf,inf,inf,554.3112843881134,inf
91,135,inf,inf,inf,1234.1414019471188,inf
91,136,inf,inf,inf,664.341026883031,inf
91,137,inf,inf,inf,267.46962444359923,inf
91,138,inf,inf,inf,233.05364189387817,inf
92,93,inf,inf,inf,553.3552204506614,inf
92,94,inf,inf,inf,489.84181120030985,inf
92,95,inf,inf,inf,450.538566606678,inf
92,96,inf,inf,inf,539.2374245172529,inf
92,97,inf,inf,inf,573.1710041514661,inf
92,98,inf,inf,inf,354.80980820715763,inf
92,99,inf,inf,inf,518.1167822026227,inf
92,100,inf,inf,inf,347.0518693221519,inf
92,101,inf,inf,inf,982.344135219425,inf
92,102,inf,inf,inf,521.0153548601039,inf
92,103,inf,inf,inf,495.90321636383845,inf
92,104,inf,inf,inf,703.9147675677788,inf
92,105,inf,inf,inf,1024.8716992872814,inf
92,106,inf,inf,inf,510.82775962157734,inf
92,107,inf,inf,inf,686.2251817005844,inf
92,108,inf,inf,inf,295.57401780264786,inf
92,109,inf,inf,inf,443.0914126904289,inf
92,110,inf,inf,inf,875.0085713865893,inf
92,111,inf,inf,inf,184.39631232755173,inf
92,112,inf,inf,inf,446.5344331627741,inf
92,113,inf,inf,inf,737.6733694529036,inf
92,114,inf,inf,inf,921.6946348981315,inf
92,115,inf,inf,inf,918.1394229636368,inf
92,116,inf,inf,inf,690.7966415668218,inf
92,117,inf,inf,inf,786.0031806551422,inf
92,118,inf,inf,inf,217.03686322834653,inf
92,119,inf,inf,inf,950.013157803617,inf
92,120,inf,inf,inf,268.4026825499328,inf
92,121,inf,inf,inf,343.78627081371354,inf
92,122,inf,inf,inf,721.6321777747996,inf
92,123,inf,inf,inf,180.23595645708434,inf
92,124,inf,inf,inf,940.5796085393304,inf
92,125,inf,inf,inf,610.0262289442971,inf
92,126,inf,inf,inf,223.14121089570165,inf
92,127,inf,inf,inf,317.1655719021218,inf
92,128,inf,inf,inf,996.5264672852397,inf
92,129,inf,inf,inf,708.5562786398833,inf
92,130,inf,inf,inf,776.8719328177585,inf
92,131,inf,inf,inf,406.78495547401945,inf
92,132,inf,inf,inf,901.2713242969622,inf
92,133,inf,inf,inf,489.71930735881756,inf
92,134,inf,inf,inf,450.0988780257067,inf
92,135,inf,inf,inf,591.0913634963719,inf
92,136,inf,inf,inf,377.41356626385334,inf
92,137,inf,inf,inf,548.6000364564334,inf
92,138,inf,inf,inf,1009.7920578020012,inf
93,94,inf,inf,inf,969.4869777361633,inf
93,95,inf,inf,inf,1003.6299118699084,inf
93,96,inf,inf,inf,903.8390343418456,inf
93,97,inf,inf,inf,785.7563235507557,inf
93,98,inf,inf,inf,605.0487583658031,inf
93,99,inf,inf,inf,60.00833275470999,inf
93,100,inf,inf,inf,437.9372101112213,inf
93,101,inf,inf,inf,661.7869747887155,inf
93,102,inf,inf,inf,918.49060964171,inf
93,103,inf,inf,inf,151.08275877809487,inf
93,104,inf,inf,inf,937.853933190025,inf
93,105,inf,inf,inf,476.34021455258215,inf
93,106,inf,inf,inf,973.8937313690852,inf
93,107,inf,inf,inf,218.8355546980426,inf
93,108,inf,inf,inf,543.9944852661652,inf
93,109,inf,inf,inf,982.0081466057194,inf
93,110,inf,inf,inf,812.5183074860529,inf
93,111,inf,inf,inf,686.804193347711,inf
93,112,inf,inf,inf,117.61377470347595,inf
93,113,inf,inf,inf,741.5038772656553,inf
93,114,inf,inf,inf,438.4575235983527,inf
93,115,inf,inf,inf,757.0323639052692,inf
93,116,inf,inf,inf,515.0242712727236,inf
93,117,inf,inf,inf,316.7412192942371,inf
93,118,inf,inf,inf,753.3956463903943,inf
93,119,inf,inf,inf,712.1579880897216,inf
93,120,inf,inf,inf,405.2776825831889,inf
93,121,inf,inf,inf,530.5327511096747,inf
93,122,inf,inf,inf,561.3065116315684,inf
93,123,inf,inf,inf,648.1242164894011,inf
93,124,inf,inf,inf,593.4172225340279,inf
93,125,inf,inf,inf,643.174937322654,inf
93,126,inf,inf,inf,772.172260574025,inf
93,127,inf,inf,inf,258.1317493064346,inf
93,128,inf,inf,inf,449.94777474724776,inf
93,129,inf,inf,inf,765.0320254734438,inf
93,130,inf,inf,inf,704.4118113717287,inf
93,131,inf,inf,inf,181.4717608885746,inf
93,132,inf,inf,inf,368.5430775363987,inf
93,133,inf,inf,inf,484.90514536350304,inf
93,134,inf,inf,inf,180.23595645708434,inf
93,135,inf,inf,inf,868.2885465097418,inf
93,136,inf,inf,inf,594.5258615064613,inf
93,137,inf,inf,inf,240.8318915758459,inf
93,138,inf,inf,inf,609.5982283438823,inf
94,95,inf,inf,inf,369.6701232179847,inf
94,96,inf,inf,inf,852.5549835641101,inf
94,97,inf,inf,inf,982.555850829865,inf
94,98,inf,inf,inf,415.6404696369207,inf
94,99,inf,inf,inf,918.6620706222718,inf
94,100,inf,inf,inf,571.3860341310417,inf
94,101,inf,inf,inf,1147.0854370969932,inf
94,102,inf,inf,inf,807.2669942466371,inf
94,103,inf,inf,inf,956.2766336160264,inf
94,104,inf,inf,inf,462.3299687452675,inf
94,105,inf,inf,inf,1398.1219546234156,inf
94,106,inf,inf,inf,41.97618372363071,inf
94,107,inf,inf,inf,1144.0279716860073,inf
94,108,inf,inf,inf,761.6068539607558,inf
94,109,inf,inf,inf,489.5845177290638,inf
94,110,inf,inf,inf,858.4573373208478,inf
94,111,inf,inf,inf,307.31905245200795,inf
94,112,inf,inf,inf,851.9342697649861,inf
94,113,inf,inf,inf,1199.6620357417335,inf
94,114,inf,inf,inf,1383.0292838548287,inf
94,115,inf,inf,inf,971.6197816018363,inf
94,116,inf,inf,inf,841.5895674258326,inf
94,117,inf,inf,inf,1248.0144229935806,inf
94,118,inf,inf,inf,288.5307609250702,inf
94,119,inf,inf,inf,1056.9209998859897,inf
94,120,inf,inf,inf,758.2380892569299,inf
94,121,inf,inf,inf,485.27311897528386,inf
94,122,inf,inf,inf,1209.4693051086497,inf
94,123,inf,inf,inf,330.6055050963308,inf
94,124,inf,inf,inf,1135.2607629967663,inf
94,125,inf,inf,inf,1077.098417044608,inf
94,126,inf,inf,inf,317.02523558858843,inf
94,127,inf,inf,inf,711.7394186076812,inf
94,128,inf,inf,inf,1366.7574766578011,inf
94,129,inf,inf,inf,1158.7894545602321,inf
94,130,inf,inf,inf,1252.2000638875563,inf
94,131,inf,inf,inf,865.3906632267302,inf
94,132,inf,inf,inf,1337.215390279367,inf
94,133,inf,inf,inf,974.5665703275482,inf
94,134,inf,inf,inf,915.1568171630478,inf
94,135,inf,inf,inf,958.9629815587252,inf
94,136,inf,inf,inf,442.86792613599823,inf
94,137,inf,inf,inf,858.1753899990374,inf
94,138,inf,inf,inf,1232.604153814192,inf
95,96,inf,inf,inf,542.2711498872128,inf
95,97,inf,inf,inf,722.357252334328,inf
95,98,inf,inf,inf,630.1468082915283,inf
95,99,inf,inf,inf,968.4152002111491,inf
95,100,inf,inf,inf,725.1551558114994,inf
95,101,inf,inf,inf,1368.1684837767607,inf
95,102,inf,inf,inf,488.80261865092336,inf
95,103,inf,inf,inf,934.8545341388681,inf
95,104,inf,inf,inf,815.0024539840356,inf
95,105,inf,inf,inf,1475.1111822503415,inf
95,106,inf,inf,inf,411.6430492550554,inf
95,107,inf,inf,inf,1122.062386857344,inf
95,108,inf,inf,inf,598.3686154871426,inf
95,109,inf,inf,inf,132.38202294873727,inf
95,110,inf,inf,inf,1155.995242204742,inf
95,111,inf,inf,inf,368.6366775023885,inf
95,112,inf,inf,inf,896.7586074301155,inf
95,113,inf,inf,inf,981.3770936801001,inf
95,114,inf,inf,inf,1350.3932760496107,inf
95,115,inf,inf,inf,1243.3491062449034,inf
95,116,inf,inf,inf,1059.5777460856755,inf
95,117,inf,inf,inf,1216.6396344028908,inf
95,118,inf,inf,inf,282.6057324259365,inf
95,119,inf,inf,inf,1305.94410293856,inf
95,120,inf,inf,inf,664.3350058517163,inf
95,121,inf,inf,inf,671.3046998196869,inf
95,122,inf,inf,inf,1056.9162691528595,inf
95,123,inf,inf,inf,419.6617685708337,inf
95,124,inf,inf,inf,1339.0238982184,inf
95,125,inf,inf,inf,875.8247541603286,inf
95,126,inf,inf,inf,243.95286429964293,inf
95,127,inf,inf,inf,763.867135043785,inf
95,128,inf,inf,inf,1446.5303315174556,inf
95,129,inf,inf,inf,926.3827502711824,inf
95,130,inf,inf,inf,1055.7333943756823,inf
95,131,inf,inf,inf,849.421567891939,inf
95,132,inf,inf,inf,1344.6519995894848,inf
95,133,inf,inf,inf,824.0218443706453,inf
95,134,inf,inf,inf,887.4097137174012,inf
95,135,inf,inf,inf,669.4251265078119,inf
95,136,inf,inf,inf,661.8912297349165,inf
95,137,inf,inf,inf,979.9556112396112,inf
95,138,inf,inf,inf,1421.48689758295,inf
96,97,inf,inf,inf,226.0486673263083,inf
96,98,inf,inf,inf,889.3981110841196,inf
96,99,inf,inf,inf,900.7696708926206,inf
96,100,inf,inf,inf,878.0,inf
96,101,inf,inf,inf,1479.066259502934,inf
96,102,inf,inf,inf,57.0087712549569,inf
96,103,inf,inf,inf,771.5963970885297,inf
96,104,inf,inf,inf,1208.5052751229512,inf
96,105,inf,inf,inf,1356.1065592349298,inf
96,106,inf,inf,inf,890.4291100362791,inf
96,107,inf,inf,inf,911.8080938443132,inf
96,108,inf,inf,inf,361.08863177895813,inf
96,109,inf,inf,inf,414.5419158541148,inf
96,110,inf,inf,inf,1413.6127475373162,inf
96,111,inf,inf,inf,647.2441579496875,inf
96,112,inf,inf,inf,843.2425511085171,inf
96,113,inf,inf,inf,505.2256921416408,inf
96,114,inf,inf,inf,1087.6028686979453,inf
96,115,inf,inf,inf,1448.7625754415387,inf
96,116,inf,inf,inf,1209.6714429959898,inf
96,117,inf,inf,inf,975.1974159112605,inf
96,118,inf,inf,inf,599.3329625508679,inf
96,119,inf,inf,inf,1467.877379074969,inf
96,120,inf,inf,inf,503.03578401541176,inf
96,121,inf,inf,inf,883.0175536194057,inf
96,122,inf,inf,inf,663.3626459185051,inf
96,123,inf,inf,inf,677.5027675220227,inf
96,124,inf,inf,inf,1426.600504696392,inf
96,125,inf,inf,inf,441.9604054663721,inf
96,126,inf,inf,inf,553.1952638987431,inf
96,127,inf,inf,inf,769.4004159083877,inf
96,128,inf,inf,inf,1335.0235952971018,inf
96,129,inf,inf,inf,438.0285378830927,inf
96,130,inf,inf,inf,599.9841664577491,inf
96,131,inf,inf,inf,722.7980354151497,inf
96,132,inf,inf,inf,1140.6265821906834,inf
96,133,inf,inf,inf,489.9979591794235,inf
96,134,inf,inf,inf,729.6094845874744,inf
96,135,inf,inf,inf,137.7679207943562,inf
96,136,inf,inf,inf,914.2351994973723,inf
96,137,inf,inf,inf,1011.6941237350349,inf
96,138,inf,inf,inf,1476.504317636762,inf
97,98,inf,inf,inf,923.7667454503869,inf
97,99,inf,inf,inf,796.6354247709551,inf
97,100,inf,inf,inf,870.0632160940951,inf
97,101,inf,inf,inf,1411.745373642145,inf
97,102,inf,inf,inf,278.86914494077683,inf
97,103,inf,inf,inf,639.7288488101815,inf
97,104,inf,inf,inf,1276.2480166488017,inf
97,105,inf,inf,inf,1205.1111981887811,inf
97,106,inf,inf,inf,1016.0757845751467,inf
97,107,inf,inf,inf,747.7593195674662,inf
97,108,inf,inf,inf,299.7749155616594,inf
97,109,inf,inf,inf,605.9249128398667,inf
97,110,inf,inf,inf,1410.7108137389464,inf
97,111,inf,inf,inf,726.5211628025711,inf
97,112,inf,inf,inf,751.4093425024738,inf
97,113,inf,inf,inf,279.71592732627863,inf
97,114,inf,inf,inf,896.6392808705182,inf
97,115,inf,inf,inf,1421.9342460184296,inf
97,116,inf,inf,inf,1171.8041645257965,inf
97,117,inf,inf,inf,795.8718489807263,inf
97,118,inf,inf,inf,702.8698314766398,inf
97,119,inf,inf,inf,1421.9880449567781,inf
97,120,inf,inf,inf,425.677107676699,inf
97,121,inf,inf,inf,898.7602572432762,inf
97,122,inf,inf,inf,447.29408670359146,inf
97,123,inf,inf,inf,742.8835709584645,inf
97,124,inf,inf,inf,1351.9781802973005,inf
97,125,inf,inf,inf,223.80571931923456,inf
97,126,inf,inf,inf,666.5230678678721,inf
97,127,inf,inf,inf,713.5495778150247,inf
97,128,inf,inf,inf,1187.4552623151747,inf
97,129,inf,inf,inf,214.11445537375565,inf
97,130,inf,inf,inf,373.99598928330767,inf
97,131,inf,inf,inf,614.1148101128974,inf
97,132,inf,inf,inf,967.423898815819,inf
97,133,inf,inf,inf,316.0569568922665,inf
97,134,inf,inf,inf,605.5212630453203,inf
97,135,inf,inf,inf,105.11898020814318,inf
97,136,inf,inf,inf,943.0694566149409,inf
97,137,inf,inf,inf,939.1767671743163,inf
97,138,inf,inf,inf,1386.883196235357,inf
98,99,inf,inf,inf,547.6686954719979,inf
98,100,inf,inf,inf,170.07351351694948,inf
98,101,inf,inf,inf,748.124321219408,inf
98,102,inf,inf,inf,865.6725708950238,inf
98,103,inf,inf,inf,637.54686102278,inf
98,104,inf,inf,inf,373.9545426920229,inf
98,105,inf,inf,inf,995.0798962897402,inf
98,106,inf,inf,inf,405.123437979093,inf
98,107,inf,inf,inf,807.6465811232039,inf
98,108,inf,inf,inf,632.507707462921,inf
98,109,inf,inf,inf,690.1014418185199,inf
98,110,inf,inf,inf,541.4148132439673,inf
98,111,inf,inf,inf,274.63430230034993,inf
98,112,inf,inf,inf,491.31354550836477,inf
98,113,inf,inf,inf,1057.0903461861715,inf
98,114,inf,inf,inf,1040.8136240461113,inf
98,115,inf,inf,inf,614.5844124284312,inf
98,116,inf,inf,inf,438.0981625161192,inf
98,117,inf,inf,inf,911.9830042276008,inf
98,118,inf,inf,inf,357.0952253951318,inf
98,119,inf,inf,inf,676.627667184841,inf
98,120,inf,inf,inf,552.3422851819332,inf
98,121,inf,inf,inf,76.16429609731846,inf
98,122,inf,inf,inf,989.4144733123728,inf
98,123,inf,inf,inf,228.11619846034608,inf
98,124,inf,inf,inf,728.3543093852057,inf
98,125,inf,inf,inf,928.4750939039776,inf
98,126,inf,inf,inf,406.78495547401945,inf
98,127,inf,inf,inf,367.5486362374373,inf
98,128,inf,inf,inf,963.2263493073682,inf
98,129,inf,inf,inf,1038.796418938764,inf
98,130,inf,inf,inf,1077.6344463685261,inf
98,131,inf,inf,inf,554.8333083007905,inf
98,132,inf,inf,inf,969.7360465611248,inf
98,133,inf,inf,inf,782.8211800915966,inf
98,134,inf,inf,inf,607.711280132268,inf
98,135,inf,inf,inf,945.865212384936,inf
98,136,1.0,34.2132,34.213203435596434,31.76476034853718,1.077080483535649
98,137,inf,inf,inf,451.66801967817025,inf
98,138,inf,inf,inf,821.6386066878796,inf
99,100,inf,inf,inf,379.61296079032917,inf
99,101,inf,inf,inf,630.2578837269709,inf
99,102,inf,inf,inf,911.7653206829046,inf
99,103,inf,inf,inf,182.00274723201295,inf
99,104,inf,inf,inf,877.9436200576891,inf
99,105,inf,inf,inf,506.755365043134,inf
99,106,inf,inf,inf,921.7081967737946,inf
99,107,inf,inf,inf,278.1726082848561,inf
99,108,inf,inf,inf,539.6823139588697,inf
99,109,inf,inf,inf,953.6188966248519,inf
99,110,inf,inf,inf,758.8524230705203,inf
99,111,inf,inf,inf,641.7328104437236,inf
99,112,inf,inf,inf,71.69379331573968,inf
99,113,inf,inf,inf,772.5108413478739,inf
99,114,inf,inf,inf,497.9738948981161,inf
99,115,inf,inf,inf,709.3835351909431,inf
99,116,inf,inf,inf,463.4533417723946,inf
99,117,inf,inf,inf,376.7333274346723,inf
99,118,inf,inf,inf,711.456253047227,inf
99,119,inf,inf,inf,671.0782368695918,inf
99,120,inf,inf,inf,398.02638103522736,inf
99,121,inf,inf,inf,472.696519978728,inf
99,122,inf,inf,inf,603.2346143914489,inf
99,123,inf,inf,inf,601.1322649800126,inf
99,124,inf,inf,inf,564.553806115945,inf
99,125,inf,inf,inf,668.198323853031,inf
99,126,inf,inf,inf,733.0900353981085,inf
99,127,inf,inf,inf,210.95260131128984,inf
99,128,inf,inf,inf,478.5164573972352,inf
99,129,inf,inf,inf,791.4322459945639,inf
99,130,inf,inf,inf,741.8389313051722,inf
99,131,inf,inf,inf,182.6608879864543,inf
99,132,inf,inf,inf,423.01891210677564,inf
99,133,inf,inf,inf,506.0039525537325,inf
99,134,inf,inf,inf,198.16155025635018,inf
99,135,inf,inf,inf,874.3008635475547,inf
99,136,inf,inf,inf,536.3058828690955,inf
99,137,inf,inf,inf,188.04520733057782,inf
99,138,inf,inf,inf,590.7190533578547,inf
100,101,inf,inf,inf,647.5685291920848,inf
100,102,inf,inf,inf,864.7508311646772,inf
100,103,inf,inf,inf,485.1607980865725,inf
100,104,inf,inf,inf,511.0156553374857,inf
100,105,inf,inf,inf,828.9083182113689,inf
100,106,inf,inf,inf,566.1271941887264,inf
100,107,inf,inf,inf,645.7383370994787,inf
100,108,inf,inf,inf,570.3516459167976,inf
100,109,inf,inf,inf,758.7654446533527,inf
100,110,inf,inf,inf,541.5025392368904,inf
100,111,inf,inf,inf,356.9719876965138,inf
100,112,inf,inf,inf,327.099373279742,inf
100,113,inf,inf,inf,962.3123193641449,inf
100,114,inf,inf,inf,875.6186384494108,inf
100,115,inf,inf,inf,571.9344368019817,inf
100,116,inf,inf,inf,346.3596396810691,inf
100,117,inf,inf,inf,749.1181482249646,inf
100,118,inf,inf,inf,442.5968820495689,inf
100,119,inf,inf,inf,604.400529450463,inf
100,120,inf,inf,inf,461.14748183200567,inf
100,121,inf,inf,inf,94.0,inf
100,122,inf,inf,inf,865.5090987390023,inf
100,123,inf,inf,inf,306.2058131388103,inf
100,124,inf,inf,inf,614.4306307468728,inf
100,125,inf,inf,inf,836.2421897991036,inf
100,126,inf,inf,inf,483.7654390301151,inf
100,127,inf,inf,inf,218.2131985009156,inf
100,128,inf,inf,inf,797.2578002127041,inf
100,129,inf,inf,inf,953.9774630461665,inf
100,130,inf,inf,inf,969.2579635989586,inf
100,131,inf,inf,inf,409.54242759450455,inf
100,132,inf,inf,inf,800.4829792069286,inf
100,133,inf,inf,inf,679.2304469029639,inf
100,134,inf,inf,inf,461.2352978686692,inf
100,135,inf,inf,inf,910.2175564116526,inf
100,136,inf,inf,inf,156.69716015295236,inf
100,137,inf,inf,inf,286.89545134072796,inf
100,138,inf,inf,inf,696.7962399439308,inf
101,102,inf,inf,inf,1477.0636411475302,inf
101,103,inf,inf,inf,810.0617260431454,inf
101,104,inf,inf,inf,826.1815781049587,inf
101,105,inf,inf,inf,601.931889834722,inf
101,106,inf,inf,inf,1126.4302020098714,inf
101,107,inf,inf,inf,828.0368349294613,inf
101,108,inf,inf,inf,1129.3909863284725,inf
101,109,inf,inf,inf,1406.3178872502476,inf
101,110,inf,inf,inf,413.5698248180106,inf
101,111,inf,inf,inf,999.9809998194966,inf
101,112,inf,inf,inf,663.0030165843893,inf
101,113,inf,inf,inf,1402.0706116312401,inf
101,114,inf,inf,inf,941.0531334627179,inf
101,115,inf,inf,inf,264.0075756488817,inf
101,116,inf,inf,inf,310.16124838541646,inf
101,117,inf,inf,inf,883.776555470895,inf
101,118,inf,inf,inf,1086.2619389447464,inf
101,119,inf,inf,inf,141.50971698084905,inf
101,120,inf,inf,inf,990.3534722511957,inf
101,121,inf,inf,inf,697.6023222438412,inf
101,122,inf,inf,inf,1219.956146752825,inf
101,123,inf,inf,inf,948.9704947994959,inf
101,124,inf,inf,inf,74.09453421137081,inf
101,125,inf,inf,inf,1298.1725617189727,inf
101,126,inf,inf,inf,1129.846007206292,inf
101,127,inf,inf,inf,709.953519605333,inf
101,128,inf,inf,inf,578.0700649575274,inf
101,129,inf,inf,inf,1421.594879000343,inf
101,130,inf,inf,inf,1365.8001317908854,inf
101,131,inf,inf,inf,805.3285044005335,inf
101,132,inf,inf,inf,797.0759060465948,inf
101,133,inf,inf,inf,1134.9207020757,inf
101,134,inf,inf,inf,828.135858419378,inf
101,135,inf,inf,inf,1478.3940611352577,inf
101,136,inf,inf,inf,717.0641533363664,inf
101,137,inf,inf,inf,472.78113329531243,inf
101,138,inf,inf,inf,151.92103211866353,inf
102,103,inf,inf,inf,791.2275273270009,inf
102,104,inf,inf,inf,1175.0255316375044,inf
102,105,inf,inf,inf,1377.470507851257,inf
102,106,inf,inf,inf,845.8569619031341,inf
102,107,inf,inf,inf,939.0548439787742,inf
102,108,inf,inf,inf,374.70655185091175,inf
102,109,inf,inf,inf,359.784657816311,inf
102,110,inf,inf,inf,1395.7582168842855,inf
102,111,inf,inf,inf,615.4063698077881,inf
102,112,inf,inf,inf,851.6149364589609,inf
102,113,inf,inf,inf,558.581238496246,inf
102,114,inf,inf,inf,1122.3056624645533,inf
102,115,inf,inf,inf,1436.6255601234443,inf
102,116,inf,inf,inf,1201.376294089408,inf
102,117,inf,inf,inf,1006.628034578811,inf
102,118,inf,inf,inf,562.2543908232287,inf
102,119,inf,inf,inf,1460.4362361979381,inf
102,120,inf,inf,inf,514.1254710671316,inf
102,121,inf,inf,inf,863.8807788115209,inf
102,122,inf,inf,inf,708.801805866774,inf
102,123,inf,inf,inf,648.6447409792205,inf
102,124,inf,inf,inf,1426.6916275075002,inf
102,125,inf,inf,inf,489.5600065364817,inf
102,126,inf,inf,inf,514.4171459039833,inf
102,127,inf,inf,inf,769.4913904651565,inf
102,128,inf,inf,inf,1355.4549051886602,inf
102,129,inf,inf,inf,492.22860542638114,inf
102,130,inf,inf,inf,651.8136236686066,inf
102,131,inf,inf,inf,737.0189956846431,inf
102,132,inf,inf,inf,1169.4481604585985,inf
102,133,inf,inf,inf,524.8123474157215,inf
102,134,inf,inf,inf,747.7165238243703,inf
102,135,inf,inf,inf,194.5507645834372,inf
102,136,inf,inf,inf,891.6254819149125,inf
102,137,inf,inf,inf,1013.5210900617708,inf
102,138,inf,inf,inf,1480.3597535734345,inf
103,104,inf,inf,inf,996.1726757947138,inf
103,105,inf,inf,inf,586.5372963418439,inf
103,106,inf,inf,inf,967.1199511953002,inf
103,107,inf,inf,inf,190.53870997778904,inf
103,108,inf,inf,inf,418.24872982473,inf
103,109,inf,inf,inf,895.7198222658691,inf
103,110,inf,inf,inf,929.2104175050988,inf
103,111,inf,inf,inf,656.1600414533027,inf
103,112,inf,inf,inf,178.5077029150283,inf
103,113,inf,inf,inf,592.0287155197796,inf
103,114,inf,inf,inf,428.1973843918246,inf
103,115,inf,inf,inf,888.4255736976509,inf
103,116,inf,inf,inf,639.1118837887464,inf
103,117,inf,inf,inf,292.4944443916841,inf
103,118,inf,inf,inf,709.8908366784291,inf
103,119,inf,inf,inf,853.0070339686538,inf
103,120,inf,inf,inf,290.17236257093816,inf
103,121,inf,inf,inf,569.3127435777282,inf
103,122,inf,inf,inf,423.1040061261533,inf
103,123,inf,inf,inf,626.0071884571295,inf
103,124,inf,inf,inf,742.796068917977,inf
103,125,inf,inf,inf,492.10161552264793,inf
103,126,inf,inf,inf,718.95479691007,inf
103,127,inf,inf,inf,270.23323259732507,inf
103,128,inf,inf,inf,564.2277908788258,inf
103,129,inf,inf,inf,614.1172526480591,inf
103,130,inf,inf,inf,559.8660554096846,inf
103,131,inf,inf,inf,91.0494371207203,inf
103,132,inf,inf,inf,410.3291361821629,inf
103,133,inf,inf,inf,334.46225497057213,inf
103,134,inf,inf,inf,47.885279575251516,inf
103,135,inf,inf,inf,726.0006887049075,inf
103,136,inf,inf,inf,634.3886821184627,inf
103,137,inf,inf,inf,365.4941860002701,inf
103,138,inf,inf,inf,760.6733858891081,inf
104,105,inf,inf,inf,1249.2917993807532,inf
104,106,inf,inf,inf,423.88323864007646,inf
104,107,inf,inf,inf,1152.2382566118868,inf
104,108,inf,inf,inf,995.206511232719,inf
104,109,inf,inf,inf,917.5238416520848,inf
104,110,inf,inf,inf,451.7167253932491,inf
104,111,inf,inf,inf,561.4712815451918,inf
104,112,inf,inf,inf,834.0053956659992,inf
104,113,inf,inf,inf,1427.8046084811465,inf
104,114,inf,inf,inf,1375.3243253865612,inf
104,115,inf,inf,inf,593.5419109043606,inf
104,116,inf,inf,inf,571.9090836837618,inf
104,117,inf,inf,inf,1253.824947909396,inf
104,118,inf,inf,inf,614.8406297570127,inf
104,119,inf,inf,inf,704.3131405844988,inf
104,120,inf,inf,inf,924.9345922820705,inf
104,121,inf,inf,inf,430.76791895404654,inf
104,122,inf,inf,inf,1362.8077634061233,inf
104,123,inf,inf,inf,535.8441937727795,inf
104,124,inf,inf,inf,840.5486303599572,inf
104,125,inf,inf,inf,1298.9980754412225,inf
104,126,inf,inf,inf,665.1616344919481,inf
104,127,inf,inf,inf,727.8420158248629,inf
104,128,inf,inf,inf,1217.3697055537402,inf
104,129,inf,inf,inf,1406.221888607911,inf
104,130,inf,inf,inf,1451.0995830748489,inf
104,131,inf,inf,inf,918.9396062854186,inf
104,132,inf,inf,inf,1284.2344022802067,inf
104,133,inf,inf,inf,1156.1820790861618,inf
104,134,inf,inf,inf,971.1977141653496,inf
104,135,inf,inf,inf,1284.897272158362,inf
104,136,inf,inf,inf,367.8002175094517,inf
104,137,inf,inf,inf,733.8732860651081,inf
104,138,inf,inf,inf,948.8730157402517,inf
105,106,inf,inf,inf,1394.7648547335855,inf
105,107,inf,inf,inf,459.7488444792439,inf
105,108,inf,inf,inf,1004.7337955896577,inf
105,109,inf,inf,inf,1458.067213814233,inf
105,110,inf,inf,inf,954.4768200433157,inf
105,111,inf,inf,inf,1140.6138698087095,inf
105,112,inf,inf,inf,578.3709882073962,inf
105,113,inf,inf,inf,1079.9296273368927,inf
105,114,inf,inf,inf,422.21440051234634,inf
105,115,inf,inf,inf,831.6357375678368,inf
105,116,inf,inf,inf,691.6429714816742,inf
105,117,inf,inf,inf,441.86536410992886,inf
105,118,inf,inf,inf,1214.390793772746,inf
105,119,inf,inf,inf,727.0962797319211,inf
105,120,inf,inf,inf,872.863104959764,inf
105,121,inf,inf,inf,919.9592382274336,inf
105,122,inf,inf,inf,853.6421967077307,inf
105,123,inf,inf,inf,1096.6790779439534,inf
105,124,inf,inf,inf,534.2695948676098,inf
105,125,inf,inf,inf,1018.5646763951713,inf
105,126,inf,inf,inf,1238.4869801495695,inf
105,127,inf,inf,inf,713.5068324830534,inf
105,128,inf,inf,inf,32.14031735997639,inf
105,129,inf,inf,inf,1125.1639880479645,inf
105,130,inf,inf,inf,1008.1150727967517,inf
105,131,inf,inf,inf,650.5935751296657,inf
105,132,inf,inf,inf,280.0071427660373,inf
105,133,inf,inf,inf,889.0742376202338,inf
105,134,inf,inf,inf,631.320045618702,inf
105,135,inf,inf,inf,1299.4556552649267,inf
105,136,inf,inf,inf,974.5055156334416,inf
105,137,inf,inf,inf,543.415126767741,inf
105,138,inf,inf,inf,461.6600480873345,inf
106,107,inf,inf,inf,1153.4721496421143,inf
106,108,inf,inf,inf,788.5943190259488,inf
106,109,inf,inf,inf,531.1544031635245,inf
106,110,inf,inf,inf,827.9643712141242,inf
106,111,inf,inf,inf,326.663435358168,inf
106,112,inf,inf,inf,856.2908384421733,inf
106,113,inf,inf,inf,1228.6435610053877,inf
106,114,inf,inf,inf,1392.3677675097194,inf
106,115,inf,inf,inf,944.5469813619649,inf
106,116,inf,inf,inf,823.2041059178458,inf
106,117,inf,inf,inf,1257.8783724987086,inf
106,118,inf,inf,inf,317.28851224083104,inf
106,119,inf,inf,inf,1032.7632836231157,inf
106,120,inf,inf,inf,778.869051895118,inf
106,121,inf,inf,inf,477.30074376644336,inf
106,122,inf,inf,inf,1232.1631385494375,inf
106,123,inf,inf,inf,344.4444802867365,inf
106,124,inf,inf,inf,1117.0161144764206,inf
106,125,inf,inf,inf,1105.0615367480673,inf
106,126,inf,inf,inf,349.5840385372307,inf
106,127,inf,inf,inf,717.1729219651282,inf
106,128,inf,inf,inf,1363.2021126744191,inf
106,129,inf,inf,inf,1189.2068785539377,inf
106,130,inf,inf,inf,1278.9452685709425,inf
106,131,inf,inf,inf,876.5643159517732,inf
106,132,inf,inf,inf,1342.271582057819,inf
106,133,inf,inf,inf,998.4558077351245,inf
106,134,inf,inf,inf,927.091149779783,inf
106,135,inf,inf,inf,994.9251228107571,inf
106,136,inf,inf,inf,430.6669246645254,inf
106,137,inf,inf,inf,852.8710336270074,inf
106,138,inf,inf,inf,1215.905012737426,inf
107,108,inf,inf,inf,577.8001384561966,inf
107,109,inf,inf,inf,1077.031568710964,inf
107,110,inf,inf,inf,1024.7053234954915,inf
107,111,inf,inf,inf,845.9012944782623,inf
107,112,inf,inf,inf,318.84792613407416,inf
107,113,inf,inf,inf,627.8893214572136,inf
107,114,inf,inf,inf,239.00209204105306,inf
107,115,inf,inf,inf,958.0631503194348,inf
107,116,inf,inf,inf,725.1599823487228,inf
107,117,inf,inf,inf,104.93807697875924,inf
107,118,inf,inf,inf,900.4276761628332,inf
107,119,inf,inf,inf,899.6321470467805,inf
107,120,inf,inf,inf,465.5802830876754,inf
107,121,inf,inf,inf,735.5664483919859,inf
107,122,inf,inf,inf,412.0194170181789,inf
107,123,inf,inf,inf,814.4814301136644,inf
107,124,inf,inf,inf,755.2701503435708,inf
107,125,inf,inf,inf,559.2253570788793,inf
107,126,inf,inf,inf,909.1584020400405,inf
107,127,inf,inf,inf,443.22116375462036,inf
107,128,inf,inf,inf,444.8752634166121,inf
107,129,inf,inf,inf,668.5813338704573,inf
107,130,inf,inf,inf,566.467121729055,inf
107,131,inf,inf,inf,281.06404963993526,inf
107,132,inf,inf,inf,232.0021551624036,inf
107,133,inf,inf,inf,432.134238402837,inf
107,134,inf,inf,inf,236.25410049351524,inf
107,135,inf,inf,inf,844.593393296443,inf
107,136,inf,inf,inf,800.5623023850173,inf
107,137,inf,inf,inf,455.68519835518026,inf
107,138,inf,inf,inf,745.504527149232,inf
108,109,inf,inf,inf,522.7255494042739,inf
108,110,inf,inf,inf,1110.958145026175,inf
108,111,inf,inf,inf,471.05201411309133,inf
108,112,inf,inf,inf,482.9792956224935,inf
108,113,inf,inf,inf,443.4433447465414,inf
108,114,inf,inf,inf,782.6269865012323,inf
108,115,inf,inf,inf,1124.8182075339996,inf
108,116,inf,inf,inf,876.6595690460465,inf
108,117,inf,inf,inf,656.6924698822121,inf
108,118,inf,inf,inf,473.22827472584515,inf
108,119,inf,inf,inf,1130.1597232249962,inf
108,120,inf,inf,inf,142.33762678926468,inf
108,121,inf,inf,inf,602.100489951636,inf
108,122,inf,inf,inf,462.5894508092462,inf
108,123,inf,inf,inf,475.04210339716207,inf
108,124,inf,inf,inf,1073.6042101258731,inf
108,125,inf,inf,inf,317.28851224083104,inf
108,126,inf,inf,inf,452.3052066912341,inf
108,127,inf,inf,inf,421.7416270656716,inf
108,128,inf,inf,inf,982.0310585719782,inf
108,129,inf,inf,inf,413.03752856126766,inf
108,130,inf,inf,inf,490.5935180982317,inf
108,131,inf,inf,inf,362.5713722841339,inf
108,132,inf,inf,inf,809.8012101744476,inf
108,133,inf,inf,inf,226.497240601293,inf
108,134,inf,inf,inf,373.72851108792867,inf
108,135,inf,inf,inf,350.3212811120672,inf
108,136,inf,inf,inf,649.5883311759841,inf
108,137,inf,inf,inf,657.8525670695525,inf
108,138,inf,inf,inf,1118.6652761215037,inf
109,110,inf,inf,inf,1228.1897247575394,inf
109,111,inf,inf,inf,416.17304093369626,inf
109,112,inf,inf,inf,883.0158548972946,inf
109,113,inf,inf,inf,873.3292620770244,inf
109,114,inf,inf,inf,1296.992289876852,inf
109,115,inf,inf,inf,1303.512945850558,inf
109,116,inf,inf,inf,1102.565190816398,inf
109,117,inf,inf,inf,1166.1599375728872,inf
109,118,inf,inf,inf,333.2461552666437,inf
109,119,inf,inf,inf,1356.0180677262379,inf
109,120,inf,inf,inf,611.7662952468042,inf
109,121,inf,inf,inf,719.2058119898643,inf
109,122,inf,inf,inf,968.5065823214626,inf
109,123,inf,inf,inf,465.2880828046212,inf
109,124,inf,inf,inf,1370.9631650777492,inf
109,125,inf,inf,inf,775.0987033920261,inf
109,126,inf,inf,inf,283.425475213503,inf
109,127,inf,inf,inf,759.4445338535264,inf
109,128,inf,inf,inf,1430.9315147832897,inf
109,129,inf,inf,inf,814.9024481494703,inf
109,130,inf,inf,inf,953.259670813782,inf
109,131,inf,inf,inf,815.774478639777,inf
109,132,inf,inf,inf,1305.209561717964,inf
109,133,inf,inf,inf,742.3213589814051,inf
109,134,inf,inf,inf,847.8354793236716,inf
109,135,inf,inf,inf,545.3411776126941,inf
109,136,inf,inf,inf,721.1608697093874,inf
109,137,inf,inf,inf,990.5251132606381,inf
109,138,inf,inf,inf,1446.4611989265388,inf
110,111,inf,inf,inf,815.2705072551073,inf
110,112,inf,inf,inf,751.3487871820917,inf
110,113,inf,inf,inf,1481.2893032760346,inf
110,114,inf,inf,inf,1202.8985825912341,inf
110,115,inf,inf,inf,152.80052355931247,inf
110,116,inf,inf,inf,299.93332592427936,inf
110,117,inf,inf,inf,1109.110003561414,inf
110,118,inf,inf,inf,895.2703502294712,inf
110,119,inf,inf,inf,275.2180953353177,inf
110,120,inf,inf,inf,994.3359593215966,inf
110,121,inf,inf,inf,532.0460506384762,inf
110,122,inf,inf,inf,1348.9659002361773,inf
110,123,inf,inf,inf,769.5251782755389,inf
110,124,inf,inf,inf,451.8074811244276,inf
110,125,inf,inf,inf,1359.713205054654,inf
110,126,inf,inf,inf,946.1374107390533,inf
110,127,inf,inf,inf,716.6937979360503,inf
110,128,inf,inf,inf,925.3566879857734,inf
110,129,inf,inf,inf,1481.163056520112,inf
110,130,inf,inf,inf,1473.119818616259,inf
110,131,inf,inf,inf,883.5077815163826,inf
110,132,inf,inf,inf,1078.0658606968314,inf
110,133,inf,inf,inf,1196.6173156026116,inf
110,134,inf,inf,inf,925.6224932444112,inf
110,135,inf,inf,inf,1451.4795899357318,inf
110,136,inf,inf,inf,511.8564251819059,inf
110,137,inf,inf,inf,571.7219603968349,inf
110,138,inf,inf,inf,558.0322571321482,inf
111,112,inf,inf,inf,571.4306607104662,inf
111,113,inf,inf,inf,914.4003499561885,inf
111,114,inf,inf,inf,1084.326980204772,inf
111,115,inf,inf,inf,887.3432255897376,inf
111,116,inf,inf,inf,692.2499548573478,inf
111,117,inf,inf,inf,948.6543100624168,inf
111,118,inf,inf,inf,86.28441342444185,inf
111,119,inf,inf,inf,942.1300334879469,inf
111,120,inf,inf,inf,452.20570540407823,inf
111,121,inf,inf,inf,305.0,inf
111,122,inf,inf,inf,906.0270415390481,inf
111,123,inf,inf,inf,51.03920062069938,inf
111,124,inf,inf,inf,970.4040395629029,inf
111,125,inf,inf,inf,788.1839886726956,inf
111,126,inf,inf,inf,132.85330255586422,inf
111,127,inf,inf,inf,430.7806866608576,inf
111,128,inf,inf,inf,1110.4832281488991,inf
111,129,inf,inf,inf,880.6327270775258,inf
111,130,inf,inf,inf,958.3402318592285,inf
111,131,inf,inf,inf,565.1477682871977,inf
111,132,inf,inf,inf,1049.230193999391,inf
111,133,inf,inf,inf,673.5822147295755,inf
111,134,inf,inf,inf,613.2087735836792,inf
111,135,inf,inf,inf,726.006198320648,inf
111,136,inf,inf,inf,305.35389304870506,inf
111,137,inf,inf,inf,622.0128616033594,inf
111,138,inf,inf,inf,1053.740954884074,inf
112,113,inf,inf,inf,750.1979738708976,inf
112,114,inf,inf,inf,549.5179705887697,inf
112,115,inf,inf,inf,716.226919348889,inf
112,116,inf,inf,inf,464.3888456886104,inf
112,117,inf,inf,inf,422.0189569201839,inf
112,118,inf,inf,inf,640.2515130790399,inf
112,119,inf,inf,inf,689.98115916306,inf
112,120,inf,inf,inf,340.64204085814185,inf
112,121,inf,inf,inf,417.94018710815544,inf
112,122,inf,inf,inf,598.3443824420849,inf
112,123,inf,inf,inf,531.6878783647413,inf
112,124,inf,inf,inf,601.1397508067488,inf
112,125,inf,inf,inf,639.1908948037354,inf
112,126,inf,inf,inf,661.4778907869862,inf
112,127,inf,inf,inf,141.15594213493105,inf
112,128,inf,inf,inf,550.0054545184075,inf
112,129,inf,inf,inf,763.1415333999323,inf
112,130,inf,inf,inf,728.7008988604309,inf
112,131,inf,inf,inf,143.54441821262157,inf
112,132,inf,inf,inf,486.0545236905012,inf
112,133,inf,inf,inf,474.33743263630373,inf
112,134,inf,inf,inf,176.47662734764623,inf
112,135,inf,inf,inf,824.2293370173134,inf
112,136,inf,inf,inf,482.64686883890585,inf
112,137,inf,inf,inf,196.75619431164043,inf
112,138,inf,inf,inf,637.4770584107322,inf
113,114,inf,inf,inf,711.098446067772,inf
113,115,inf,inf,inf,1463.5251962299794,inf
113,116,inf,inf,inf,1209.8900776516848,inf
113,117,inf,inf,inf,641.1247928445756,inf
113,118,inf,inf,inf,911.5420999602816,inf
113,119,inf,inf,inf,1439.8003333795975,inf
113,120,inf,inf,inf,505.8003558717609,inf
113,121,inf,inf,inf,1014.5230406452088,inf
113,122,inf,inf,inf,232.13142829009604,inf
113,123,inf,inf,inf,917.7739373070037,inf
113,124,inf,inf,inf,1334.6834830775422,inf
113,125,inf,inf,inf,128.81770064707723,inf
113,126,inf,inf,inf,884.6796030202121,inf
113,127,inf,inf,inf,764.9444424270301,inf
113,128,inf,inf,inf,1068.6351107838448,inf
113,129,inf,inf,inf,70.3846574190711,inf
113,130,inf,inf,inf,102.2154587134451,inf
113,131,inf,inf,inf,607.6841284746541,inf
113,132,inf,inf,inf,813.7444316245734,inf
113,133,inf,inf,inf,284.8876971720611,inf
113,134,inf,inf,inf,576.4173834991446,inf
113,135,inf,inf,inf,374.4288984573707,inf
113,136,inf,inf,inf,1069.5723444442642,inf
113,137,inf,inf,inf,946.8621863819465,inf
113,138,inf,inf,inf,1347.7514607671549,inf
114,115,inf,inf,inf,1115.3515140976856,inf
114,116,inf,inf,inf,904.9911601778218,inf
114,117,inf,inf,inf,135.83077707206124,inf
114,118,inf,inf,inf,1137.1543430862848,inf
114,119,inf,inf,inf,1037.616499483311,inf
114,120,inf,inf,inf,687.1717398147279,inf
114,121,inf,inf,inf,967.326211781734,inf
114,122,inf,inf,inf,479.1847242974258,inf
114,123,inf,inf,inf,1053.3992595402751,inf
114,124,inf,inf,inf,867.0945738499348,inf
114,125,inf,inf,inf,682.3085812152739,inf
114,126,inf,inf,inf,1143.9165179330178,inf
114,127,inf,inf,inf,679.9301434706363,inf
114,128,inf,inf,inf,424.39604145184956,inf
114,129,inf,inf,inf,767.8157331026762,inf
114,130,inf,inf,inf,624.6062759851201,inf
114,131,inf,inf,inf,519.1810859420824,inf
114,132,inf,inf,inf,149.12075643584967,inf
114,133,inf,inf,inf,597.8243889303949,inf
114,134,inf,inf,inf,472.21393456779737,inf
114,135,inf,inf,inf,999.9299975498285,inf
114,136,inf,inf,inf,1031.8304124225065,inf
114,137,inf,inf,inf,654.31261641512,inf
114,138,inf,inf,inf,828.256602750621,inf
115,116,inf,inf,inf,253.84247083575278,inf
115,117,inf,inf,inf,1033.5709941750495,inf
115,118,inf,inf,inf,971.2800831891901,inf
115,119,inf,inf,inf,123.40583454602137,inf
115,120,inf,inf,inf,997.6472322419384,inf
115,121,inf,inf,inf,587.1805514490411,inf
115,122,inf,inf,inf,1311.514010599963,inf
115,123,inf,inf,inf,838.513565781735,inf
115,124,inf,inf,inf,309.8935301034857,inf
115,125,inf,inf,inf,1347.2342038413365,inf
115,126,inf,inf,inf,1020.1509692197523,inf
115,127,inf,inf,inf,710.8037703895499,inf
115,128,inf,inf,inf,804.1001181445007,inf
115,129,inf,inf,inf,1470.654276164184,inf
115,130,inf,inf,inf,1444.9117620117845,inf
115,131,inf,inf,inf,856.5150319755048,inf
115,132,inf,inf,inf,982.1863366999156,inf
115,133,inf,inf,inf,1182.0004230117686,inf
115,134,inf,inf,inf,892.6505475268583,inf
115,135,inf,inf,inf,1472.691753219254,inf
115,136,inf,inf,inf,583.1063367860103,inf
115,137,inf,inf,inf,522.9321179656113,inf
115,138,inf,inf,inf,412.35421666329546,inf
116,117,inf,inf,inf,809.2274093232384,inf
116,118,inf,inf,inf,778.4812136461611,inf
116,119,inf,inf,inf,259.47061490658245,inf
116,120,inf,inf,inf,746.5172469541477,inf
116,121,inf,inf,inf,388.3258940632211,inf
116,122,inf,inf,inf,1061.859218540763,inf
116,123,inf,inf,inf,641.3836605340052,inf
116,124,inf,inf,inf,293.8196725884773,inf
116,125,inf,inf,inf,1093.3928845570563,inf
116,126,inf,inf,inf,823.310391043378,inf
116,127,inf,inf,inf,458.8093285886851,inf
116,128,inf,inf,inf,660.5641528269605,inf
116,129,inf,inf,inf,1216.8303086297612,inf
116,130,inf,inf,inf,1192.7925217740092,inf
116,131,inf,inf,inf,603.3721902772782,inf
116,132,inf,inf,inf,784.2716366157838,inf
116,133,inf,inf,inf,928.1600077572832,inf
116,134,inf,inf,inf,640.8158861950911,inf
116,135,inf,inf,inf,1226.1472179147167,inf
116,136,inf,inf,inf,407.17686574755203,inf
116,137,inf,inf,inf,275.40878707840824,inf
116,138,inf,inf,inf,394.4616584663204,inf
117,118,inf,inf,inf,1001.3440967020279,inf
117,119,inf,inf,inf,966.652988408974,inf
117,120,inf,inf,inf,554.9099025968089,inf
117,121,inf,inf,inf,839.5296302096788,inf
117,122,inf,inf,inf,412.393016429716,inf
117,123,inf,inf,inf,918.1067476061811,inf
117,124,inf,inf,inf,809.9216011442095,inf
117,125,inf,inf,inf,591.8487982584742,inf
117,126,inf,inf,inf,1008.3774095049928,inf
117,127,inf,inf,inf,548.1103903412159,inf
117,128,inf,inf,inf,434.00691238734896,inf
117,129,inf,inf,inf,690.3339771443964,inf
117,130,inf,inf,inf,566.4212213538614,inf
117,131,inf,inf,inf,383.52183770940604,inf
117,132,inf,inf,inf,174.0028735394907,inf
117,133,inf,inf,inf,486.52235303221164,inf
117,134,inf,inf,inf,336.38668225719044,inf
117,135,inf,inf,inf,896.688351658479,inf
117,136,inf,inf,inf,904.4246790087055,inf
117,137,inf,inf,inf,546.2645879058974,inf
117,138,inf,inf,inf,787.1778706239144,inf
118,119,inf,inf,inf,1027.8093208372845,inf
118,120,inf,inf,inf,480.13019067748695,inf
118,121,inf,inf,inf,390.9475668168303,inf
118,122,inf,inf,inf,924.9789186786908,inf
118,123,inf,inf,inf,137.2953021774598,inf
118,124,inf,inf,inf,1056.4454552886295,inf
118,125,inf,inf,inf,788.5943190259488,inf
118,126,1.0,54.0711,54.07106781186547,52.009614495783374,1.0396360045362232
118,127,inf,inf,inf,501.3910649383373,inf
118,128,inf,inf,inf,1184.7092470306798,inf
118,129,inf,inf,inf,871.9936926377392,inf
118,130,inf,inf,inf,963.7868021507661,inf
118,131,inf,inf,inf,619.6620046444674,inf
118,132,inf,inf,inf,1110.659713863792,inf
118,133,inf,inf,inf,688.7452359181876,inf
118,134,inf,inf,inf,664.9827065420574,inf
118,135,inf,inf,inf,690.4056778445554,inf
118,136,inf,inf,inf,388.3323319014269,inf
118,137,inf,inf,inf,703.1109443039555,inf
118,138,inf,inf,inf,1139.1545110300008,inf
119,120,inf,inf,inf,996.4220993133382,inf
119,121,inf,inf,inf,637.2566202088449,inf
119,122,inf,inf,inf,1273.0852288829683,inf
119,123,inf,inf,inf,891.8307014226411,inf
119,124,inf,inf,inf,195.0,inf
119,125,inf,inf,inf,1328.781772903286,inf
119,126,inf,inf,inf,1074.4808048541397,inf
119,127,inf,inf,inf,709.0253874157116,inf
119,128,inf,inf,inf,701.1134002427852,inf
119,129,inf,inf,inf,1452.7467088243566,inf
119,130,inf,inf,inf,1412.8697746076955,inf
119,131,inf,inf,inf,833.2976659033674,inf
119,132,inf,inf,inf,898.795304838649,inf
119,133,inf,inf,inf,1163.5609137471058,inf
119,134,inf,inf,inf,863.6770229663401,inf
119,135,inf,inf,inf,1480.3904890264596,inf
119,136,inf,inf,inf,644.8829351130328,inf
119,137,inf,inf,inf,493.24334764900783,inf
119,138,inf,inf,inf,292.0359566902678,inf
120,121,inf,inf,inf,508.8270826125512,inf
120,122,inf,inf,inf,455.7422517169107,inf
120,123,inf,inf,inf,440.70965498840616,inf
120,124,inf,inf,inf,933.2963087894434,inf
120,125,inf,inf,inf,377.8306498948967,inf
120,126,inf,inf,inf,474.3416490252569,inf
120,127,inf,inf,inf,287.9201278132531,inf
120,128,inf,inf,inf,848.9175460549747,inf
120,129,inf,inf,inf,493.22205952288874,inf
120,130,inf,inf,inf,526.7731959771681,inf
120,131,inf,inf,inf,224.2008028531566,inf
120,132,inf,inf,inf,695.2769232471333,inf
120,133,inf,inf,inf,232.13142829009604,inf
120,134,inf,inf,inf,243.1810025474852,inf
120,135,inf,inf,inf,488.082984747471,inf
120,136,inf,inf,inf,563.9476926098731,inf
120,137,inf,inf,inf,517.8899496997408,inf
120,138,inf,inf,inf,976.6923773635177,inf
121,122,inf,inf,inf,934.0417549553125,inf
121,123,inf,inf,inf,254.57808232446092,inf
121,124,inf,inf,inf,672.4291784269924,inf
121,125,inf,inf,inf,886.6549497972703,inf
121,126,inf,inf,inf,437.2241987813575,inf
121,127,inf,inf,inf,299.23402212983734,inf
121,128,inf,inf,inf,888.1666510289609,inf
121,129,inf,inf,inf,1000.5323582973216,inf
121,130,inf,inf,inf,1029.1826854353897,inf
121,131,inf,inf,inf,489.2371613031864,inf
121,132,inf,inf,inf,894.2220082283817,inf
121,133,inf,inf,inf,735.5718863578189,inf
121,134,inf,inf,inf,541.8283861150134,inf
121,135,inf,inf,inf,928.9241088485109,inf
121,136,inf,inf,inf,65.19202405202648,inf
121,137,inf,inf,inf,376.70280062670093,inf
121,138,inf,inf,inf,761.7591482876986,inf
122,123,inf,inf,inf,896.4128513135005,inf
122,124,inf,inf,inf,1149.5568711464432,inf
122,125,inf,inf,inf,223.5106261456041,inf
122,126,inf,inf,inf,910.2444726555608,inf
122,127,inf,inf,inf,650.9109002006343,inf
122,128,inf,inf,inf,844.1101823814234,inf
122,129,inf,inf,inf,289.60835623303416,inf
122,130,inf,inf,inf,155.16765126791086,inf
122,131,inf,inf,inf,467.44946250905025,inf
122,132,inf,inf,inf,583.4595101633017,inf
122,133,inf,inf,inf,237.32677893571133,inf
122,134,inf,inf,inf,423.3674526932839,inf
122,135,inf,inf,inf,552.2264028457894,inf
122,136,inf,inf,inf,995.3592316344889,inf
122,137,inf,inf,inf,788.5841743276363,inf
122,138,inf,inf,inf,1151.079927720052,inf
123,124,inf,inf,inf,919.4003480530122,inf
123,125,inf,inf,inf,790.2411024491197,inf
123,126,inf,inf,inf,182.6608879864543,inf
123,127,inf,inf,inf,390.5547336801847,inf
123,128,inf,inf,inf,1066.2954562409052,inf
123,129,inf,inf,inf,887.5432383833477,inf
123,130,inf,inf,inf,956.6216598007804,inf
123,131,inf,inf,inf,535.0336438019575,inf
123,132,inf,inf,inf,1013.0276402941827,inf
123,133,inf,inf,inf,667.5627311346852,inf
123,134,inf,inf,inf,584.5784806165892,inf
123,135,inf,inf,inf,749.0861098698867,inf
123,136,inf,inf,inf,258.1317493064346,inf
123,137,inf,inf,inf,573.9555731936053,inf
123,138,inf,inf,inf,1003.0019940159641,inf
124,125,inf,inf,inf,1232.7148899887598,inf
124,126,inf,inf,inf,1098.1957931079503,inf
124,127,inf,inf,inf,657.4435336970013,inf
124,128,inf,inf,inf,509.3181716766053,inf
124,129,inf,inf,inf,1355.7942321753696,inf
124,130,inf,inf,inf,1296.4088861157963,inf
124,131,inf,inf,inf,742.1724866902572,inf
124,132,inf,inf,inf,723.4141275922112,inf
124,133,inf,inf,inf,1070.3405999960946,inf
124,134,inf,inf,inf,762.7142321997145,inf
124,135,inf,inf,inf,1421.2040669798268,inf
124,136,inf,inf,inf,698.1038604677674,inf
124,137,inf,inf,inf,415.76916672596104,inf
124,138,inf,inf,inf,109.04127658827184,inf
125,126,inf,inf,inf,763.9921465564944,inf
125,127,inf,inf,inf,643.0629829184696,inf
125,128,inf,inf,inf,1004.0961109375935,inf
125,129,inf,inf,inf,123.96773773849388,inf
125,130,inf,inf,inf,180.20543831971332,inf
125,131,inf,inf,inf,495.66319209721433,inf
125,132,inf,inf,inf,765.674865723043,inf
125,133,inf,inf,inf,165.42369842317032,inf
125,134,inf,inf,inf,470.0904168348893,inf
125,135,inf,inf,inf,328.81149614938954,inf
125,136,inf,inf,inf,941.2231403870179,inf
125,137,inf,inf,inf,835.67577444844,inf
125,138,inf,inf,inf,1252.7042747592106,inf
126,127,inf,inf,inf,525.1304599811365,inf
126,128,inf,inf,inf,1209.2944223802572,inf
126,129,inf,inf,inf,842.2849874003454,inf
126,130,inf,inf,inf,941.2045473753301,inf
126,131,inf,inf,inf,629.922217420532,inf
126,132,inf,inf,inf,1124.079178705842,inf
126,133,inf,inf,inf,673.0475466116789,inf
126,134,inf,inf,inf,672.9375899739886,inf
126,135,inf,inf,inf,648.7873303325213,inf
126,136,inf,inf,inf,437.7682035050056,inf
126,137,inf,inf,inf,736.2404498531713,inf
126,138,inf,inf,inf,1178.81296226331,inf
127,128,inf,inf,inf,684.1878397048577,inf
127,129,inf,inf,inf,764.9065302375186,inf
127,130,inf,inf,inf,762.2309361341876,inf
127,131,inf,inf,inf,191.38442987871298,inf
127,132,inf,inf,inf,625.4918065010924,inf
127,133,inf,inf,inf,480.1010310340939,inf
127,134,inf,inf,inf,243.37830634631345,inf
127,135,inf,inf,inf,772.0369162157986,inf
127,136,inf,inf,inf,364.2320688791694,inf
127,137,inf,inf,inf,244.76927911811154,inf
127,138,inf,inf,inf,712.7313659437193,inf
128,129,inf,inf,inf,1112.3870729202133,inf
128,130,inf,inf,inf,998.98598588769,inf
128,131,inf,inf,inf,625.9049448598405,inf
128,132,inf,inf,inf,278.6198126479881,inf
128,133,inf,inf,inf,871.6203301896991,inf
128,134,inf,inf,inf,608.3305022765174,inf
128,135,inf,inf,inf,1280.7888194390205,inf
128,136,inf,inf,inf,942.555038180795,inf
128,137,inf,inf,inf,511.5593807174295,inf
128,138,inf,inf,inf,440.52809218028307,inf
129,130,inf,inf,inf,172.19175357722565,inf
129,131,inf,inf,inf,619.6208518118157,inf
129,132,inf,inf,inf,864.0289347006847,inf
129,133,inf,inf,inf,289.29051142407,inf
129,134,inf,inf,inf,593.4618774613917,inf
129,135,inf,inf,inf,305.45867150892934,inf
129,136,inf,inf,inf,1053.1405414283508,inf
129,137,inf,inf,inf,959.642641820381,inf
129,138,inf,inf,inf,1374.1455526981122,inf
130,131,inf,inf,inf,590.3897018072046,inf
130,132,inf,inf,inf,736.0027173862879,inf
130,133,inf,inf,inf,294.93219559756443,inf
130,134,inf,inf,inf,552.261713320777,inf
130,135,inf,inf,inf,472.521957161781,inf
130,136,inf,inf,inf,1087.3311363149683,inf
130,137,inf,inf,inf,923.2312819656838,inf
130,138,inf,inf,inf,1301.8118143572058,inf
131,132,inf,inf,inf,495.5522172284168,inf
131,133,inf,inf,inf,330.8065900190019,inf
131,134,inf,inf,inf,52.92447448959697,inf
131,135,inf,inf,inf,691.9342454308791,inf
131,136,inf,inf,inf,553.8239792569477,inf
131,137,inf,inf,inf,340.0764619905353,inf
131,138,inf,inf,inf,772.8505677037444,inf
132,133,inf,inf,inf,655.1679174074384,inf
132,134,inf,inf,inf,458.1058829572045,inf
132,135,inf,inf,inf,1067.1518167533616,inf
132,136,inf,inf,inf,956.8725097942777,inf
132,137,inf,inf,inf,551.7100687861333,inf
132,138,inf,inf,inf,680.5894504031046,inf
133,134,inf,inf,inf,308.05843601498725,inf
133,135,inf,inf,inf,412.68147523241214,inf
133,136,inf,inf,inf,792.9489264763525,inf
133,137,inf,inf,inf,670.5915299196673,inf
133,138,inf,inf,inf,1093.9291567555917,inf
134,135,inf,inf,inf,688.809117245119,inf
134,136,inf,inf,inf,606.5014427023236,inf
134,137,inf,inf,inf,371.5979009628553,inf
134,138,inf,inf,inf,786.4890336171255,inf
135,136,inf,inf,inf,967.7861333993167,inf
135,137,inf,inf,inf,1005.9647111106831,inf
135,138,inf,inf,inf,1461.6829341550103,inf
136,137,inf,inf,inf,431.39425123661533,inf
136,138,inf,inf,inf,792.1824284847524,inf
137,138,inf,inf,inf,467.98504249601825,inf
