u,v,unweighted_hops,weighted_cost,path_length_sum,euclidean,tortuosity
0,1,inf,inf,inf,594.4787632876383,inf
0,2,inf,inf,inf,1279.4190087692148,inf
0,3,inf,inf,inf,1251.5078905064881,inf
0,4,inf,inf,inf,1060.9731382085033,inf
0,5,inf,inf,inf,1256.1230035311032,inf
0,6,inf,inf,inf,862.4413023504846,inf
0,7,inf,inf,inf,1082.4661657529994,inf
0,8,inf,inf,inf,270.22398117117586,inf
0,9,inf,inf,inf,216.1712284278368,inf
0,10,inf,inf,inf,1234.1592279766821,inf
0,11,inf,inf,inf,93.34880824091971,inf
0,12,inf,inf,inf,883.1273973782039,inf
0,13,inf,inf,inf,185.06755523321746,inf
0,14,inf,inf,inf,370.29717795305976,inf
0,15,inf,inf,inf,74.54528824815154,inf
0,16,inf,inf,inf,1030.9781762966663,inf
0,17,inf,inf,inf,1265.229228242851,inf
0,18,inf,inf,inf,1041.9332992087354,inf
0,19,inf,inf,inf,802.1003677844813,inf
0,20,inf,inf,inf,645.8266021154594,inf
0,21,inf,inf,inf,366.17072520888394,inf
0,22,inf,inf,inf,813.6006391344589,inf
0,23,inf,inf,inf,1247.1780145592688,inf
0,24,inf,inf,inf,346.0520192109851,inf
0,25,inf,inf,inf,665.6485559212158,inf
0,26,inf,inf,inf,107.05606008068857,inf
0,27,inf,inf,inf,485.7324366356441,inf
0,28,inf,inf,inf,610.1843983583979,inf
0,29,inf,inf,inf,935.5966011054123,inf
0,30,inf,inf,inf,400.7043798113517,inf
0,31,inf,inf,inf,269.88330811667475,inf
0,32,inf,inf,inf,1053.4196694575244,inf
0,33,inf,inf,inf,362.9490322345549,inf
0,34,inf,inf,inf,607.4248924764279,inf
0,35,inf,inf,inf,189.16923639957952,inf
0,36,inf,inf,inf,944.5787420855924,inf
0,37,inf,inf,inf,316.6322788346128,inf
0,38,inf,inf,inf,687.9542135927361,inf
0,39,inf,inf,inf,1066.752079913604,inf
0,40,inf,inf,inf,1286.2585276685243,inf
0,41,inf,inf,inf,987.4259465904266,inf
0,42,inf,inf,inf,342.6149442158062,inf
0,43,inf,inf,inf,489.4047404756108,inf
0,44,inf,inf,inf,497.9738948981161,inf
0,45,inf,inf,inf,164.76953601925328,inf
0,46,inf,inf,inf,1096.4912220350877,inf
0,47,inf,inf,inf,653.583965531591,inf
0,48,inf,inf,inf,211.22736565132843,inf
0,49,inf,inf,inf,1235.2024125624107,inf
0,50,inf,inf,inf,424.09550811108573,inf
0,51,inf,inf,inf,625.5493585641344,inf
0,52,inf,inf,inf,920.8919589180915,inf
0,53,inf,inf,inf,673.6653471865686,inf
0,54,inf,inf,inf,832.0390615830485,inf
0,55,inf,inf,inf,1264.5967736792625,inf
0,56,inf,inf,inf,370.4726710568541,inf
0,57,inf,inf,inf,805.6059830959549,inf
0,58,inf,inf,inf,220.38375620721234,inf
0,59,inf,inf,inf,1213.1434375208894,inf
0,60,inf,inf,inf,1279.7909985618746,inf
0,61,inf,inf,inf,1198.1827907293612,inf
0,62,inf,inf,inf,594.4787632876383,inf
0,63,inf,inf,inf,885.6060072063649,inf
0,64,inf,inf,inf,378.4019027436305,inf
0,65,inf,inf,inf,1104.7759953945415,inf
0,66,inf,inf,inf,1064.2711120762417,inf
0,67,inf,inf,inf,996.3182222563231,inf
0,68,inf,inf,inf,983.9197121716792,inf
0,69,inf,inf,inf,1246.5492368935934,inf
0,70,inf,inf,inf,675.1148050517038,inf
0,71,inf,inf,inf,256.8462575160479,inf
0,72,inf,inf,inf,498.84767214050424,inf
0,73,inf,inf,inf,732.0689858203256,inf
0,74,inf,inf,inf,1278.0097808702405,inf
0,75,inf,inf,inf,196.88829320200833,inf
0,76,inf,inf,inf,563.6630198975271,inf
0,77,inf,inf,inf,674.6235987571143,inf
0,78,inf,inf,inf,1177.7695020673611,inf
0,79,inf,inf,inf,200.33971149025845,inf
0,80,inf,inf,inf,839.5528571805352,inf
0,81,inf,inf,inf,1005.246735881296,inf
0,82,inf,inf,inf,939.244377145799,inf
0,83,inf,inf,inf,648.951461975393,inf
0,84,inf,inf,inf,1007.8303428653059,inf
0,85,inf,inf,inf,632.5764775898642,inf
0,86,inf,inf,inf,1009.0218035305282,inf
0,87,inf,inf,inf,750.6117505075443,inf
0,88,inf,inf,inf,612.7421970127405,inf
0,89,inf,inf,inf,91.44397191723465,inf
0,90,inf,inf,inf,508.05117852436877,inf
0,91,inf,inf,inf,1273.9481936091436,inf
0,92,inf,inf,inf,480.9542597794514,inf
0,93,inf,inf,inf,448.4751944087878,inf
0,94,inf,inf,inf,1142.191752728061,inf
0,95,inf,inf,inf,492.5373082315694,inf
0,96,inf,inf,inf,114.73883387938018,inf
0,97,inf,inf,inf,735.2278558379028,inf
0,98,inf,inf,inf,609.6925454686157,inf
0,99,inf,inf,inf,1093.8272258451057,inf
0,100,inf,inf,inf,207.80038498520642,inf
0,101,inf,inf,inf,184.32851108821987,inf
0,102,inf,inf,inf,1003.199381977481,inf
0,103,inf,inf,inf,486.98767951561155,inf
0,104,inf,inf,inf,319.7561570947462,inf
0,105,inf,inf,inf,1149.7186612384787,inf
0,106,inf,inf,inf,699.2975046430524,inf
0,107,inf,inf,inf,748.7723285485382,inf
0,108,inf,inf,inf,467.06851745755677,inf
0,109,inf,inf,inf,829.180921150505,inf
0,110,inf,inf,inf,571.161098115059,inf
0,111,inf,inf,inf,1017.0752184573174,inf
0,112,inf,inf,inf,424.976469936866,inf
0,113,inf,inf,inf,1063.176372950415,inf
0,114,inf,inf,inf,495.44525429153117,inf
1,2,inf,inf,inf,952.9616991254161,inf
1,3,inf,inf,inf,852.533283807735,inf
1,4,inf,inf,inf,986.6007297787692,inf
1,5,inf,inf,inf,1023.5164874099488,inf
1,6,inf,inf,inf,272.80029325497435,inf
1,7,inf,inf,inf,1258.2344773530886,inf
1,8,inf,inf,inf,541.0249532138051,inf
1,9,inf,inf,inf,746.8500518845801,inf
1,10,inf,inf,inf,809.5789028871739,inf
1,11,inf,inf,inf,591.6223457578322,inf
1,12,inf,inf,inf,691.191001098828,inf
1,13,inf,inf,inf,457.0787678289159,inf
1,14,inf,inf,inf,456.77675072183786,inf
1,15,inf,inf,inf,557.7759406786922,inf
1,16,inf,inf,inf,1097.4119554661322,inf
1,17,inf,inf,inf,1186.7687222032775,inf
1,18,inf,inf,inf,1260.1745910785537,inf
1,19,inf,inf,inf,592.570670890823,inf
1,20,inf,inf,inf,243.28789530101986,inf
1,21,inf,inf,inf,646.0789425449494,inf
1,22,inf,inf,inf,234.79565583715555,inf
1,23,inf,inf,inf,1201.2535119615675,inf
1,24,inf,inf,inf,389.45217934940354,inf
1,25,inf,inf,inf,1010.0242571344512,inf
1,26,inf,inf,inf,520.3633346038132,inf
1,27,inf,inf,inf,312.6739515853535,inf
1,28,inf,inf,inf,955.3271690892079,inf
1,29,inf,inf,inf,1238.2414950242946,inf
1,30,inf,inf,inf,970.0231955989506,inf
1,31,inf,inf,inf,584.3372313998142,inf
1,32,inf,inf,inf,998.8873810395244,inf
1,33,inf,inf,inf,231.70023737579555,inf
1,34,inf,inf,inf,1101.0921850599068,inf
1,35,inf,inf,inf,515.6762550282881,inf
1,36,inf,inf,inf,539.0658586851888,inf
1,37,inf,inf,inf,905.4971010445037,inf
1,38,inf,inf,inf,162.1172415260018,inf
1,39,inf,inf,inf,629.7563020724763,inf
1,40,inf,inf,inf,1112.8000718907238,inf
1,41,inf,inf,inf,744.1135666012278,inf
1,42,inf,inf,inf,462.3851208678757,inf
1,43,inf,inf,inf,125.93649193144932,inf
1,44,inf,inf,inf,608.9375994303522,inf
1,45,inf,inf,inf,431.010440708807,inf
1,46,inf,inf,inf,549.0646592160163,inf
1,47,inf,inf,inf,846.6835300157904,inf
1,48,inf,inf,inf,643.4718331053815,inf
1,49,inf,inf,inf,1222.104741828621,inf
1,50,inf,inf,inf,956.4643223874061,inf
1,51,inf,inf,inf,481.0623660192096,inf
1,52,inf,inf,inf,517.0541557709405,inf
1,53,inf,inf,inf,82.09750300709517,inf
1,54,inf,inf,inf,1102.8154877403563,inf
1,55,inf,inf,inf,1188.2760622010358,inf
1,56,inf,inf,inf,861.7569262849008,inf
1,57,inf,inf,inf,231.4173718630475,inf
1,58,inf,inf,inf,458.5935019164576,inf
1,59,inf,inf,inf,755.4826271993288,inf
1,60,inf,inf,inf,947.5959054364893,inf
1,61,inf,inf,inf,1234.6128947973937,inf
1,62,inf,inf,inf,111.72287142747452,inf
1,63,inf,inf,inf,1196.8312328812278,inf
1,64,inf,inf,inf,774.8554703943181,inf
1,65,inf,inf,inf,1066.2480949572664,inf
1,66,inf,inf,inf,853.2033755207489,inf
1,67,inf,inf,inf,1174.78721477551,inf
1,68,inf,inf,inf,403.89231238041657,inf
1,69,inf,inf,inf,1025.2804494381037,inf
1,70,inf,inf,inf,229.31419493786248,inf
1,71,inf,inf,inf,415.84251826863493,inf
1,72,inf,inf,inf,932.3443569840491,inf
1,73,inf,inf,inf,1162.587631105716,inf
1,74,inf,inf,inf,1011.2220329878103,inf
1,75,inf,inf,inf,786.3141865692111,inf
1,76,inf,inf,inf,359.18379696194535,inf
1,77,inf,inf,inf,120.06664815842908,inf
1,78,inf,inf,inf,692.739489274287,inf
1,79,inf,inf,inf,787.0813172728724,inf
1,80,inf,inf,inf,1062.7455010490517,inf
1,81,inf,inf,inf,610.0442606893372,inf
1,82,inf,inf,inf,345.77593901253454,inf
1,83,inf,inf,inf,1116.233398532762,inf
1,84,inf,inf,inf,914.9453535594353,inf
1,85,inf,inf,inf,547.022851442241,inf
1,86,inf,inf,inf,1192.1954537742542,inf
1,87,inf,inf,inf,1115.1147922971877,inf
1,88,inf,inf,inf,1082.176510556388,inf
1,89,inf,inf,inf,521.1420151935555,inf
1,90,inf,inf,inf,714.6082843068641,inf
1,91,inf,inf,inf,921.4450607605426,inf
1,92,inf,inf,inf,349.9857139941572,inf
1,93,inf,inf,inf,232.64780248263682,inf
1,94,inf,inf,inf,1009.7370944953939,inf
1,95,inf,inf,inf,449.4374261229254,inf
1,96,inf,inf,inf,707.9675133789685,inf
1,97,inf,inf,inf,214.13313615599057,inf
1,98,inf,inf,inf,781.754437147625,inf
1,99,inf,inf,inf,1244.7172369658902,inf
1,100,inf,inf,inf,781.1133080417975,inf
1,101,inf,inf,inf,750.5784436019995,inf
1,102,inf,inf,inf,850.2070336100496,inf
1,103,inf,inf,inf,349.12461958446875,inf
1,104,inf,inf,inf,472.1408688092993,inf
1,105,inf,inf,inf,632.6073031510149,inf
1,106,inf,inf,inf,407.49233121618374,inf
1,107,inf,inf,inf,154.30165261590687,inf
1,108,inf,inf,inf,371.1091483647365,inf
1,109,inf,inf,inf,391.6554608326048,inf
1,110,inf,inf,inf,641.6556709014578,inf
1,111,inf,inf,inf,850.4028457149,inf
1,112,inf,inf,inf,309.58359129643804,inf
1,113,inf,inf,inf,851.2067903864489,inf
1,114,inf,inf,inf,1033.5419681851338,inf
2,3,inf,inf,inf,177.40631330367023,inf
2,4,inf,inf,inf,490.3152047407871,inf
2,5,inf,inf,inf,201.89601283829256,inf
2,6,inf,inf,inf,962.0083159723724,inf
2,7,inf,inf,inf,976.1485542682527,inf
2,8,inf,inf,inf,1031.187664782701,inf
2,9,inf,inf,inf,1272.0051100526287,inf
2,10,inf,inf,inf,244.56083087853622,inf
2,11,inf,inf,inf,1339.3897864326127,inf
2,12,inf,inf,inf,415.3901780254319,inf
2,13,inf,inf,inf,1096.9945305241954,inf
2,14,inf,inf,inf,1361.6082402805882,inf
2,15,inf,inf,inf,1206.8015578379072,inf
2,16,inf,inf,inf,741.062075672477,inf
2,17,inf,inf,inf,530.904887903662,inf
2,18,inf,inf,inf,1044.3141289861017,inf
2,19,inf,inf,inf,479.7707786016151,inf
2,20,inf,inf,inf,1184.2233741993105,inf
2,21,inf,inf,inf,1006.8852963471063,inf
2,22,inf,inf,inf,1002.8982999287615,inf
2,23,inf,inf,inf,591.5082417008236,inf
2,24,inf,inf,inf,1285.6177503441681,inf
2,25,inf,inf,inf,1128.805120470314,inf
2,26,inf,inf,inf,1172.458101596812,inf
2,27,inf,inf,inf,813.4820219279587,inf
2,28,inf,inf,inf,1111.3892207503184,inf
2,29,inf,inf,inf,1166.2975606593714,inf
2,30,inf,inf,inf,1459.982534142104,inf
2,31,inf,inf,inf,1054.442980914568,inf
2,32,inf,inf,inf,524.7856705360771,inf
2,33,inf,inf,inf,1058.5579814067814,inf
2,34,inf,inf,inf,1397.77108283152,inf
2,35,inf,inf,inf,1095.183089716053,inf
2,36,inf,inf,inf,416.1249812255929,inf
2,37,inf,inf,inf,1471.840004891836,inf
2,38,inf,inf,inf,1067.5064402616033,inf
2,39,inf,inf,inf,360.672982076562,inf
2,40,inf,inf,inf,338.02366781040644,inf
2,41,inf,inf,inf,302.64996282834727,inf
2,42,inf,inf,inf,1356.0471968187537,inf
2,43,inf,inf,inf,1051.6368194391066,inf
2,44,inf,inf,inf,840.866814662108,inf
2,45,inf,inf,inf,1155.0731578562459,inf
2,46,inf,inf,inf,617.2001296176144,inf
2,47,inf,inf,inf,891.7247333117996,inf
2,48,inf,inf,inf,1444.0055401555771,inf
2,49,inf,inf,inf,654.9412187364603,inf
2,50,inf,inf,inf,1379.2751719653334,inf
2,51,inf,inf,inf,654.4134778563167,inf
2,52,inf,inf,inf,436.85810053151124,inf
2,53,inf,inf,inf,907.5527532876532,inf
2,54,inf,inf,inf,1056.603047506489,inf
2,55,inf,inf,inf,535.1411028878272,inf
2,56,inf,inf,inf,1270.2365921354967,inf
2,57,inf,inf,inf,1015.4063226117908,inf
2,58,inf,inf,inf,1289.2866244555553,inf
2,59,inf,inf,inf,333.36166546260233,inf
2,60,2.0,15.6568,15.65685424949238,13.038404810405298,1.2008259044846827
2,61,inf,inf,inf,741.6367035145981,inf
2,62,inf,inf,inf,852.775468690323,inf
2,63,inf,inf,inf,1159.093180033426,inf
2,64,inf,inf,inf,1130.0110618927586,inf
2,65,inf,inf,inf,561.0499086534103,inf
2,66,inf,inf,inf,276.5863337187866,inf
2,67,inf,inf,inf,943.8225468805034,inf
2,68,inf,inf,inf,764.4220038695903,inf
2,69,inf,inf,inf,224.01785643113362,inf
2,70,inf,inf,inf,1157.4614464421697,inf
2,71,inf,inf,inf,1026.060914371072,inf
2,72,inf,inf,inf,1222.1104696384857,inf
2,73,inf,inf,inf,1328.6000150534396,inf
2,74,inf,inf,inf,133.09395177843356,inf
2,75,inf,inf,inf,1389.343010203024,inf
2,76,inf,inf,inf,727.0990303940722,inf
2,77,inf,inf,inf,839.8523679790395,inf
2,78,inf,inf,inf,414.54553429026345,inf
2,79,inf,inf,inf,1461.8498554913224,inf
2,80,inf,inf,inf,972.0185183421147,inf
2,81,inf,inf,inf,346.5977495599185,inf
2,82,inf,inf,inf,866.4161817510104,inf
2,83,inf,inf,inf,1362.358616517692,inf
2,84,inf,inf,inf,462.7580361268727,inf
2,85,inf,inf,inf,659.4740328473897,inf
2,86,inf,inf,inf,958.2995356359096,inf
2,87,inf,inf,inf,1201.8007322347578,inf
2,88,inf,inf,inf,1346.7924858715244,inf
2,89,inf,inf,inf,1264.5414188550726,inf
2,90,inf,inf,inf,916.4131164491264,inf
2,91,inf,inf,inf,61.39218191268331,inf
2,92,inf,inf,inf,807.0501843132186,inf
2,93,inf,inf,inf,1162.0675539743806,inf
2,94,inf,inf,inf,388.7994341559668,inf
2,95,inf,inf,inf,788.026649295568,inf
2,96,inf,inf,inf,1350.2185008360684,inf
2,97,inf,inf,inf,747.4122022017034,inf
2,98,inf,inf,inf,866.8033225593912,inf
2,99,inf,inf,inf,930.3359608227557,inf
2,100,inf,inf,inf,1348.7542400304067,inf
2,101,inf,inf,inf,1462.1518389004611,inf
2,102,inf,inf,inf,377.91533443352097,inf
2,103,inf,inf,inf,1292.5664392981894,inf
2,104,inf,inf,inf,1355.5460154491252,inf
2,105,inf,inf,inf,511.1320768646789,inf
2,106,inf,inf,inf,599.1744320312741,inf
2,107,inf,inf,inf,915.2644426612453,inf
2,108,inf,inf,inf,1309.6358272435891,inf
2,109,inf,inf,inf,562.5388875446746,inf
2,110,inf,inf,inf,780.4780586281718,inf
2,111,inf,inf,inf,354.63361374804845,inf
2,112,inf,inf,inf,875.2519637224472,inf
2,113,inf,inf,inf,276.05253123273474,inf
2,114,inf,inf,inf,1436.1632915514865,inf
3,4,inf,inf,inf,619.8064213930023,inf
3,5,inf,inf,inf,370.95147930693037,inf
3,6,inf,inf,inf,822.2292867564375,inf
3,7,inf,inf,inf,1103.5963936149847,inf
3,8,inf,inf,inf,1022.7321252410135,inf
3,9,inf,inf,inf,1274.209558903087,inf
3,10,inf,inf,inf,68.09552114493287,inf
3,11,inf,inf,inf,1301.307803711328,inf
3,12,inf,inf,inf,455.642403645666,inf
3,13,inf,inf,inf,1066.4755037036716,inf
3,14,inf,inf,inf,1285.7993622645797,inf
3,15,inf,inf,inf,1182.0274954500846,inf
3,16,inf,inf,inf,867.2000922509176,inf
3,17,inf,inf,inf,694.1620848188123,inf
3,18,inf,inf,inf,1164.34745673274,inf
3,19,inf,inf,inf,486.5603765207356,inf
3,20,inf,inf,inf,1070.9267015066905,inf
3,21,inf,inf,inf,1020.4709696997754,inf
3,22,inf,inf,inf,868.9361311396827,inf
3,23,inf,inf,inf,750.9440724847624,inf
3,24,inf,inf,inf,1211.0326172320877,inf
3,25,inf,inf,inf,1196.428017057441,inf
3,26,inf,inf,inf,1145.0157204160998,inf
3,27,inf,inf,inf,768.8536921937749,inf
3,28,inf,inf,inf,1171.2783614495745,inf
3,29,inf,inf,inf,1268.497142290829,inf
3,30,inf,inf,inf,1476.976641656868,inf
3,31,inf,inf,inf,1051.926328218854,inf
3,32,inf,inf,inf,653.6765255078386,inf
3,33,inf,inf,inf,990.072724601582,inf
3,34,inf,inf,inf,1447.283317115208,inf
3,35,inf,inf,inf,1075.7662385481337,inf
3,36,inf,inf,inf,321.05606986942325,inf
3,37,inf,inf,inf,1474.8342279727576,inf
3,38,inf,inf,inf,949.0969392006277,inf
3,39,inf,inf,inf,225.15772249691992,inf
3,40,inf,inf,inf,508.76812007043054,inf
3,41,inf,inf,inf,351.7527540759276,inf
3,42,inf,inf,inf,1283.6233871350273,inf
3,43,inf,inf,inf,962.2624382152719,inf
3,44,inf,inf,inf,859.5591893523098,inf
3,45,inf,inf,inf,1112.8184937356136,inf
3,46,inf,inf,inf,451.9347298006649,inf
3,47,inf,inf,inf,954.6203433826455,inf
3,48,inf,inf,inf,1397.6240553167365,inf
3,49,inf,inf,inf,811.1208294699378,inf
3,50,inf,inf,inf,1405.4355196877586,inf
3,51,inf,inf,inf,643.4034504103937,inf
3,52,inf,inf,inf,345.0130432317016,inf
3,53,inf,inf,inf,796.6335418497014,inf
3,54,inf,inf,inf,1148.9199275841638,inf
3,55,inf,inf,inf,698.206989366334,inf
3,56,inf,inf,inf,1293.8693906264264,inf
3,57,inf,inf,inf,882.3746369881673,inf
3,58,inf,inf,inf,1231.3476357227476,inf
3,59,inf,inf,inf,157.95252451290546,inf
3,60,inf,inf,inf,164.80594649465777,inf
3,61,inf,inf,inf,890.794027820124,inf
3,62,inf,inf,inf,762.5306551214843,inf
3,63,inf,inf,inf,1255.3095235837256,inf
3,64,inf,inf,inf,1154.880080354666,inf
3,65,inf,inf,inf,700.2642358424425,inf
3,66,inf,inf,inf,380.1486551337516,inf
3,67,inf,inf,inf,1061.2718784552806,inf
3,68,inf,inf,inf,611.4000327118081,inf
3,69,inf,inf,inf,390.9334981809566,inf
3,70,inf,inf,inf,1040.4326023342405,inf
3,71,inf,inf,inf,994.6748212355634,inf
3,72,inf,inf,inf,1264.6204964336139,inf
3,73,inf,inf,inf,1397.954577230605,inf
3,74,inf,inf,inf,307.31905245200795,inf
3,75,inf,inf,inf,1382.1826941471957,inf
3,76,inf,inf,inf,687.9215071503435,inf
3,77,inf,inf,inf,734.2022882012831,inf
3,78,inf,inf,inf,242.20033030530738,inf
3,79,inf,inf,inf,1443.1216164966831,inf
3,80,inf,inf,inf,1066.8912784346867,inf
3,81,inf,inf,inf,252.23996511258878,inf
3,82,inf,inf,inf,717.8439941937245,inf
3,83,inf,inf,inf,1419.28503127455,inf
3,84,inf,inf,inf,577.021663371489,inf
3,85,inf,inf,inf,667.3717105182088,inf
3,86,inf,inf,inf,1077.031568710964,inf
3,87,inf,inf,inf,1278.9910085688641,inf
3,88,inf,inf,inf,1399.8332043497182,inf
3,89,inf,inf,inf,1224.2850975160973,inf
3,90,inf,inf,inf,951.1445736584949,inf
3,91,inf,inf,inf,116.61903789690601,inf
3,92,inf,inf,inf,770.6030106351778,inf
3,93,inf,inf,inf,1074.5315258288144,inf
3,94,inf,inf,inf,533.8857555694851,inf
3,95,inf,inf,inf,773.760298800604,inf
3,96,inf,inf,inf,1333.8294493674969,inf
3,97,inf,inf,inf,639.5123141894924,inf
3,98,inf,inf,inf,919.0848709450069,inf
3,99,inf,inf,inf,1060.7440784656778,inf
3,100,inf,inf,inf,1346.6629125360214,inf
3,101,inf,inf,inf,1435.8359934198613,inf
3,102,inf,inf,inf,478.13910109925126,inf
3,103,inf,inf,inf,1200.1354090268314,inf
3,104,inf,inf,inf,1286.0995295854827,inf
3,105,inf,inf,inf,340.77118422777477,inf
3,106,inf,inf,inf,552.5296372141498,inf
3,107,inf,inf,inf,791.9116112294352,inf
3,108,inf,inf,inf,1220.043032027969,inf
3,109,inf,inf,inf,464.5912181692633,inf
3,110,inf,inf,inf,809.3658011060264,inf
3,111,inf,inf,inf,455.71262874754746,inf
3,112,inf,inf,inf,831.103483328039,inf
3,113,inf,inf,inf,378.7241740369896,inf
3,114,inf,inf,inf,1468.2813081967638,inf
4,5,inf,inf,inf,320.4949297570868,inf
4,6,inf,inf,inf,1121.3371482297373,inf
4,7,inf,inf,inf,486.56859742486466,inf
4,8,inf,inf,inf,790.8002276175697,inf
4,9,inf,inf,inf,976.365710172167,inf
4,10,inf,inf,inf,666.9730129473006,inf
4,11,inf,inf,inf,1142.8499464059137,inf
4,12,inf,inf,inf,309.0275068662982,inf
4,13,inf,inf,inf,906.7535497586982,inf
4,14,inf,inf,inf,1270.4644819907403,inf
4,15,inf,inf,inf,987.4234147517467,inf
4,16,inf,inf,inf,250.79872407968904,inf
4,17,inf,inf,inf,209.7546185427153,inf
4,18,inf,inf,inf,554.1705513648303,inf
4,19,inf,inf,inf,399.39579366838603,inf
4,20,inf,inf,inf,1227.4933808375506,inf
4,21,inf,inf,inf,712.0849668403343,inf
4,22,inf,inf,inf,1136.7013679942502,inf
4,23,inf,inf,inf,214.67417171145672,inf
4,24,inf,inf,inf,1198.015024947517,inf
4,25,inf,inf,inf,698.2148666420675,inf
4,26,inf,inf,inf,964.1809996053646,inf
4,27,inf,inf,inf,717.149914592479,inf
4,28,inf,inf,inf,696.8364226990435,inf
4,29,inf,inf,inf,685.2306181133473,inf
4,30,inf,inf,inf,1116.3099927887415,inf
4,31,inf,inf,inf,794.8817522122395,inf
4,32,1.0,38.2132,38.21320343559643,34.48187929913333,1.1082111593771768
4,33,inf,inf,inf,980.924054144866,inf
4,34,inf,inf,inf,988.8483200167759,inf
4,35,inf,inf,inf,875.0228568443226,inf
4,36,inf,inf,inf,607.0098845982658,inf
4,37,inf,inf,inf,1160.0275858788875,inf
4,38,inf,inf,inf,1140.9649424938525,inf
4,39,inf,inf,inf,658.2461545652964,inf
4,40,inf,inf,inf,262.15453457836657,inf
4,41,inf,inf,inf,322.69180342859653,inf
4,42,inf,inf,inf,1255.369666671933,inf
4,43,inf,inf,inf,1036.5891182141552,inf
4,44,inf,inf,inf,563.0719314616916,inf
4,45,inf,inf,inf,989.5721297611408,inf
4,46,inf,inf,inf,921.4580836912768,inf
4,47,inf,inf,inf,490.89713790161784,inf
4,48,inf,inf,inf,1261.5613342204176,inf
4,49,inf,inf,inf,241.96900627972997,inf
4,50,inf,inf,inf,1019.5807962098933,inf
4,51,inf,inf,inf,519.3380402011776,inf
4,52,inf,inf,inf,609.4932321199309,inf
4,53,inf,inf,inf,980.7879485393364,inf
4,54,inf,inf,inf,588.7962296074933,inf
4,55,inf,inf,inf,210.09759636892565,inf
4,56,inf,inf,inf,923.2908534151088,inf
4,57,inf,inf,inf,1144.4409115371575,inf
4,58,inf,inf,inf,1152.9236748371507,inf
4,59,inf,inf,inf,731.9323739253512,inf
4,60,inf,inf,inf,500.99201590444534,inf
4,61,inf,inf,inf,288.4614358974177,inf
4,62,inf,inf,inf,875.2628176724977,inf
4,63,inf,inf,inf,684.1125638372679,inf
4,64,inf,inf,inf,792.0631287971938,inf
4,65,inf,inf,inf,90.60905032059435,inf
4,66,inf,inf,inf,243.82165613415063,inf
4,67,inf,inf,inf,454.6053233300288,inf
4,68,inf,inf,inf,998.9364344141222,inf
4,69,inf,inf,inf,298.21636440678435,inf
4,70,inf,inf,inf,1215.902956654025,inf
4,71,inf,inf,inf,848.8026861408957,inf
4,72,inf,inf,inf,836.4358911476719,inf
4,73,inf,inf,inf,886.8534264465577,inf
4,74,inf,inf,inf,385.918385154167,inf
4,75,inf,inf,inf,1107.7784074443769,inf
4,76,inf,inf,inf,641.3267497929585,inf
4,77,inf,inf,inf,909.9214251791195,inf
4,78,inf,inf,inf,783.6612788698955,inf
4,79,inf,inf,inf,1204.448421477649,inf
4,80,inf,inf,inf,503.5007447859437,inf
4,81,inf,inf,inf,579.7111349629228,inf
4,82,inf,inf,inf,1069.9775698583592,inf
4,83,inf,inf,inf,940.962273420141,inf
4,84,inf,inf,inf,72.40165743959182,inf
4,85,inf,inf,inf,469.8606176303777,inf
4,86,inf,inf,inf,468.60324369342555,inf
4,87,inf,inf,inf,751.581000292051,inf
4,88,inf,inf,inf,933.2464840544538,inf
4,89,inf,inf,inf,1081.115165003248,inf
4,90,inf,inf,inf,581.2434945872512,inf
4,91,inf,inf,inf,536.6563145999495,inf
4,92,inf,inf,inf,689.8093939632889,inf
4,93,inf,inf,inf,1126.8833125040055,inf
4,94,inf,inf,inf,117.34564329364768,inf
4,95,inf,inf,inf,614.8243651645565,inf
4,96,inf,inf,inf,1095.1406302388748,inf
4,97,inf,inf,inf,844.4927471565401,inf
4,98,inf,inf,inf,495.3271646094125,inf
4,99,inf,inf,inf,441.98868763804353,inf
4,100,inf,inf,inf,1057.5845119894675,inf
4,101,inf,inf,inf,1224.37943465251,inf
4,102,inf,inf,inf,165.89454481688057,inf
4,103,inf,inf,inf,1258.334216335231,inf
4,104,inf,inf,inf,1246.1605033060548,inf
4,105,inf,inf,inf,854.1691869881516,inf
4,106,inf,inf,inf,583.2469459842889,inf
4,107,inf,inf,inf,1026.0779697469388,inf
4,108,inf,inf,inf,1265.0,inf
4,109,inf,inf,inf,690.3079023160607,inf
4,110,inf,inf,inf,489.84181120030985,inf
4,111,inf,inf,inf,181.22361876973983,inf
4,112,inf,inf,inf,762.4729503398793,inf
4,113,inf,inf,inf,245.6175889467202,inf
4,114,inf,inf,inf,1060.6083160149178,inf
5,6,inf,inf,inf,1080.571145274572,inf
5,7,inf,inf,inf,794.9968553396925,inf
5,8,inf,inf,inf,993.0045317117138,inf
5,9,inf,inf,inf,1214.8633668030327,inf
5,10,inf,inf,inf,434.0138246646067,inf
5,11,inf,inf,inf,1326.4090620920833,inf
5,12,inf,inf,inf,375.50632484686594,inf
5,13,inf,inf,inf,1081.6769388315533,inf
5,14,inf,inf,inf,1392.3551989345247,inf
5,15,inf,inf,inf,1181.7343187028123,inf
5,16,inf,inf,inf,564.9185782039744,inf
5,17,inf,inf,inf,329.2931824377784,inf
5,18,inf,inf,inf,868.8256441887521,inf
5,19,inf,inf,inf,467.3692330481329,inf
5,20,inf,inf,inf,1264.2472068389156,inf
5,21,inf,inf,inf,944.662902838891,inf
5,22,inf,inf,inf,1113.0089846897015,inf
5,23,inf,inf,inf,390.97826026519687,inf
5,24,inf,inf,inf,1316.4592663656556,inf
5,25,inf,inf,inf,1003.6757444513642,inf
5,26,inf,inf,inf,1151.3678821297735,inf
5,27,inf,inf,inf,826.3637213721329,inf
5,28,inf,inf,inf,994.8748665033206,inf
5,29,inf,inf,inf,1005.6739034100467,inf
5,30,inf,inf,inf,1382.8250070055865,inf
5,31,inf,inf,inf,1008.716015536583,inf
5,32,inf,inf,inf,353.5562190090849,inf
5,33,inf,inf,inf,1088.2247010613203,inf
5,34,inf,inf,inf,1286.7672672243416,inf
5,35,inf,inf,inf,1067.2675390922373,inf
5,36,inf,inf,inf,519.1396729204964,inf
5,37,inf,inf,inf,1409.8783635477212,inf
5,38,inf,inf,inf,1156.49470383569,inf
5,39,inf,inf,inf,506.1867244406949,inf
5,40,inf,inf,inf,137.81872151489435,inf
5,41,inf,inf,inf,285.8198733468336,inf
5,42,inf,inf,inf,1382.8673110606094,inf
5,43,inf,inf,inf,1105.991862537876,inf
5,44,inf,inf,inf,780.1467810611026,inf
5,45,inf,inf,inf,1151.4512581955,inf
5,46,inf,inf,inf,778.6051630961614,inf
5,47,inf,inf,inf,778.5403008194245,inf
5,48,inf,inf,inf,1438.5527449488948,inf
5,49,inf,inf,inf,455.642403645666,inf
5,50,inf,inf,inf,1293.5323730003822,inf
5,51,inf,inf,inf,640.7721904077923,inf
5,52,inf,inf,inf,533.9222789882438,inf
5,53,inf,inf,inf,992.0574580133955,inf
5,54,inf,inf,inf,907.4117036935329,inf
5,55,inf,inf,inf,333.5655857548857,inf
5,56,inf,inf,inf,1189.4036320778578,inf
5,57,inf,inf,inf,1124.0391452258236,inf
5,58,inf,inf,inf,1300.437618649968,inf
5,59,inf,inf,inf,518.0887954781497,inf
5,60,inf,inf,inf,214.75567512873786,inf
5,61,inf,inf,inf,545.9496313763752,inf
5,62,inf,inf,inf,915.3797026371078,inf
5,63,inf,inf,inf,1004.3151895694897,inf
5,64,inf,inf,inf,1051.2454518332054,inf
5,65,inf,inf,inf,376.76650594234087,inf
5,66,inf,inf,inf,192.15098230297966,inf
5,67,inf,inf,inf,772.0628212781652,inf
5,68,inf,inf,inf,905.2209674990963,inf
5,69,inf,inf,inf,23.706539182259394,inf
5,70,inf,inf,inf,1242.7119537527592,inf
5,71,inf,inf,inf,1014.1602437484917,inf
5,72,inf,inf,inf,1121.771812803299,inf
5,73,inf,inf,inf,1198.1068399771366,inf
5,74,inf,inf,inf,72.11102550927978,inf
5,75,inf,inf,inf,1340.1984927614267,inf
5,76,inf,inf,inf,739.3463329184774,inf
5,77,inf,inf,inf,920.7355755047157,inf
5,78,inf,inf,inf,591.9949324107429,inf
5,79,inf,inf,inf,1424.3823222716576,inf
5,80,inf,inf,inf,821.9841847626997,inf
5,81,inf,inf,inf,460.7211738134031,inf
5,82,inf,inf,inf,998.761733347849,inf
5,83,inf,inf,inf,1244.154733142144,inf
5,84,inf,inf,inf,315.42510997065534,inf
5,85,inf,inf,inf,623.698645180507,inf
5,86,inf,inf,inf,785.1241939973573,inf
5,87,inf,inf,inf,1065.3342198577873,inf
5,88,inf,inf,inf,1232.8957782391826,inf
5,89,inf,inf,inf,1255.7551512934358,inf
5,90,inf,inf,inf,833.8806869091045,inf
5,91,inf,inf,inf,261.0689564080724,inf
5,92,inf,inf,inf,811.0536357109805,inf
5,93,inf,inf,inf,1211.214679567582,inf
5,94,inf,inf,inf,206.30317496345035,inf
5,95,inf,inf,inf,768.023437142383,inf
5,96,inf,inf,inf,1312.257596663094,inf
5,97,inf,inf,inf,835.0598780925833,inf
5,98,inf,inf,inf,766.5572385673493,inf
5,99,inf,inf,inf,747.192746217467,inf
5,100,inf,inf,inf,1294.7463071968964,inf
5,101,inf,inf,inf,1433.2934102967195,inf
5,102,inf,inf,inf,264.7753764986465,inf
5,103,inf,inf,inf,1344.6969918907382,inf
5,104,inf,inf,inf,1378.8404548750375,inf
5,105,inf,inf,inf,682.8074399126008,inf
5,106,inf,inf,inf,630.5457953233849,inf
5,107,inf,inf,inf,1014.4382682056114,inf
5,108,inf,inf,inf,1357.982326836399,inf
5,109,inf,inf,inf,651.7085238049292,inf
5,110,inf,inf,inf,711.4632808515138,inf
5,111,inf,inf,inf,245.9532475898621,inf
5,112,inf,inf,inf,884.3189469868889,inf
5,113,inf,inf,inf,193.3726971420733,inf
5,114,inf,inf,inf,1343.022337863373,inf
6,7,inf,inf,inf,1460.3568057156442,inf
6,8,inf,inf,inf,808.4454217818294,inf
6,9,inf,inf,inf,1019.649449565879,inf
6,10,inf,inf,inf,764.3101464719672,inf
6,11,inf,inf,inf,850.6356446799064,inf
6,12,inf,inf,inf,812.4118413711114,inf
6,13,inf,inf,inf,729.8691663579165,inf
6,14,inf,inf,inf,661.8194617869741,inf
6,15,inf,inf,inf,829.36722867497,inf
6,16,inf,inf,inf,1274.7427191398272,inf
6,17,inf,inf,inf,1303.8404810405298,inf
6,18,inf,inf,inf,1473.9131589072674,inf
6,19,inf,inf,inf,724.9827584156743,inf
6,20,inf,inf,inf,318.8181299738144,inf
6,21,inf,inf,inf,906.0871922723552,inf
6,22,inf,inf,inf,64.28841264178172,inf
6,23,inf,inf,inf,1330.7689506447016,inf
6,24,inf,inf,inf,609.7220678309093,inf
6,25,inf,inf,inf,1260.6177057300124,inf
6,26,inf,inf,inf,792.4607245788274,inf
6,27,inf,inf,inf,547.5372133471843,inf
6,28,inf,inf,inf,1207.9776487998442,inf
6,29,inf,inf,inf,1473.285444168916,inf
6,30,inf,inf,inf,1242.6234345126443,inf
6,31,inf,inf,inf,852.052815264406,inf
6,32,inf,inf,inf,1140.4297435616102,inf
6,33,inf,inf,inf,500.348878283943,inf
6,34,inf,inf,inf,1369.9693427226757,inf
6,35,inf,inf,inf,787.8438931666602,inf
6,36,inf,inf,inf,561.4588141618226,inf
6,37,inf,inf,inf,1176.0429413928728,inf
6,38,inf,inf,inf,203.49447166937975,inf
6,39,inf,inf,inf,603.2387587017266,inf
6,40,inf,inf,inf,1192.2952654439252,inf
6,41,inf,inf,inf,830.1355311032048,inf
6,42,inf,inf,inf,675.7070371100185,inf
6,43,inf,inf,inf,374.8919844435194,inf
6,44,inf,inf,inf,845.3407596939828,inf
6,45,inf,inf,inf,700.8979954315749,inf
6,46,inf,inf,inf,409.88291010970437,inf
6,47,inf,inf,inf,1076.5690874254192,inf
6,48,inf,inf,inf,886.3791513793632,inf
6,49,inf,inf,inf,1363.2021126744191,inf
6,50,inf,inf,inf,1228.796158848163,inf
6,51,inf,inf,inf,669.3974902851071,inf
6,52,inf,inf,inf,547.0914000420771,inf
6,53,inf,inf,inf,205.23157651784484,inf
6,54,inf,inf,inf,1335.5695414316694,inf
6,55,inf,inf,inf,1306.1470055089512,inf
6,56,inf,inf,inf,1132.7334196535387,inf
6,57,inf,inf,inf,78.85429601486528,inf
6,58,inf,inf,inf,704.6417529496815,inf
6,59,inf,inf,inf,688.5709839951144,inf
6,60,inf,inf,inf,953.4998689040287,inf
6,61,inf,inf,inf,1393.2928622511492,inf
6,62,inf,inf,inf,325.84965858505973,inf
6,63,inf,inf,inf,1435.0055749020628,inf
6,64,inf,inf,inf,1040.4542277294086,inf
6,65,inf,inf,inf,1208.381148479237,inf
6,66,inf,inf,inf,940.4041684297237,inf
6,67,inf,inf,inf,1381.4430860516838,inf
6,68,inf,inf,inf,229.34035841953332,inf
6,69,inf,inf,inf,1088.2003492004585,inf
6,70,inf,inf,inf,277.46170906991836,inf
6,71,inf,inf,inf,686.8951885113187,inf
6,72,inf,inf,inf,1197.4481199617794,inf
6,73,inf,inf,inf,1423.0425151765494,inf
6,74,inf,inf,inf,1050.5132079131608,inf
6,75,inf,inf,inf,1056.4326765109076,inf
6,76,inf,inf,inf,563.7987229499549,inf
6,77,inf,inf,inf,248.0080643850115,inf
6,78,inf,inf,inf,608.148008300611,inf
6,79,inf,inf,inf,1050.2880557256663,inf
6,80,inf,inf,inf,1286.374750995992,inf
6,81,inf,inf,inf,623.1035226990776,inf
6,82,inf,inf,inf,123.0,inf
6,83,inf,inf,inf,1382.1682242042752,inf
6,84,inf,inf,inf,1049.2325766959393,inf
6,85,inf,inf,inf,740.676717603571,inf
6,86,inf,inf,inf,1399.3319834835477,inf
6,87,inf,inf,inf,1365.9886529543355,inf
6,88,inf,inf,inf,1348.7661027769047,inf
6,89,inf,inf,inf,784.4647856978668,inf
6,90,inf,inf,inf,957.9441528606978,inf
6,91,inf,inf,inf,916.6662424241442,inf
6,92,inf,inf,inf,584.0496554232354,inf
6,93,inf,inf,inf,449.1603277227409,inf
6,94,inf,inf,inf,1117.4457481238182,inf
6,95,inf,inf,inf,679.0596439194425,inf
6,96,inf,inf,inf,976.7712116969869,inf
6,97,inf,inf,inf,281.13519879232484,inf
6,98,inf,inf,inf,1012.2845449773497,inf
6,99,inf,inf,inf,1440.1961671939,inf
6,100,inf,inf,inf,1053.030863745218,inf
6,101,inf,inf,inf,1009.4136912089116,inf
6,102,inf,inf,inf,965.8861216520299,inf
6,103,inf,inf,inf,517.2581560497621,inf
6,104,inf,inf,inf,691.4774038245936,inf
6,105,inf,inf,inf,521.1564064654679,inf
6,106,inf,inf,inf,551.5015865797668,inf
6,107,inf,inf,inf,126.49505919204908,inf
6,108,inf,inf,inf,546.1446694787014,inf
6,109,inf,inf,inf,437.5591388601088,inf
6,110,inf,inf,inf,864.2788901737679,inf
6,111,inf,inf,inf,959.7233976516359,inf
6,112,inf,inf,inf,562.5104443474805,inf
6,113,inf,inf,inf,938.2030697029295,inf
6,114,inf,inf,inf,1305.8686763989708,inf
7,8,inf,inf,inf,851.0757898095798,inf
7,9,inf,inf,inf,914.4840075146202,inf
7,10,inf,inf,inf,1146.7885594127629,inf
7,11,inf,inf,inf,1175.638124594469,inf
7,12,inf,inf,inf,716.5926318348522,inf
7,13,inf,inf,inf,993.5819040220086,inf
7,14,inf,inf,inf,1395.4142754035447,inf
7,15,inf,inf,inf,1022.5008557453632,inf
7,16,inf,inf,inf,236.48467180770933,inf
7,17,inf,inf,inf,517.1479478833886,inf
7,18,inf,inf,inf,89.81091247727082,inf
7,19,inf,inf,inf,769.0006501947837,inf
7,20,inf,inf,inf,1474.216062861886,inf
7,21,inf,inf,inf,727.9835162969008,inf
7,22,inf,inf,inf,1457.9139206414075,inf
7,23,inf,inf,inf,452.411317276657,inf
7,24,inf,inf,inf,1336.0183381974964,inf
7,25,inf,inf,inf,464.24670165764235,inf
7,26,inf,inf,inf,1017.3396679575608,inf
7,27,inf,inf,inf,946.9176310535146,inf
7,28,inf,inf,inf,503.59110397226044,inf
7,29,inf,inf,inf,275.5358415887124,inf
7,30,inf,inf,inf,955.4082896856191,inf
7,31,inf,inf,inf,829.8144370881962,inf
7,32,inf,inf,inf,452.1349356110408,inf
7,33,inf,inf,inf,1163.5707971584711,inf
7,34,inf,inf,inf,731.7554236218547,inf
7,35,inf,inf,inf,935.6452319121815,inf
7,36,inf,inf,inf,1033.1940766380728,inf
7,37,inf,inf,inf,1040.9673385846454,inf
7,38,inf,inf,inf,1420.2887030459688,inf
7,39,inf,inf,inf,1111.1476049562452,inf
7,40,inf,inf,inf,696.6907491850311,inf
7,41,inf,inf,inf,778.3064948977363,inf
7,42,inf,inf,inf,1373.0003641660114,inf
7,43,inf,inf,inf,1262.7596762646485,inf
7,44,inf,inf,inf,668.3419783314527,inf
7,45,inf,inf,inf,1084.8133480004751,inf
7,46,inf,inf,inf,1352.7756650679373,inf
7,47,inf,inf,inf,442.0011312202719,inf
7,48,inf,inf,inf,1292.644576053294,inf
7,49,inf,inf,inf,389.1246586892175,inf
7,50,inf,inf,inf,848.9157790970786,inf
7,51,inf,inf,inf,791.2806076228584,inf
7,52,inf,inf,inf,1028.3175579557123,inf
7,53,inf,inf,inf,1281.1658752870371,inf
7,54,inf,inf,inf,278.3522947633089,inf
7,55,inf,inf,inf,513.0633489151218,inf
7,56,inf,inf,inf,794.4236904826039,inf
7,57,inf,inf,inf,1461.720903592748,inf
7,58,inf,inf,inf,1249.4134623894527,inf
7,59,inf,inf,inf,1204.6526470315,inf
7,60,inf,inf,inf,987.0785176468993,inf
7,61,inf,inf,inf,287.9461755259132,inf
7,62,inf,inf,inf,1158.2624918385297,inf
7,63,inf,inf,inf,305.05901068481813,inf
7,64,inf,inf,inf,714.2135534978316,inf
7,65,inf,inf,inf,418.2594888343838,inf
7,66,inf,inf,inf,723.7029777470865,inf
7,67,inf,inf,inf,87.80091115700337,inf
7,68,inf,inf,inf,1392.0219107470973,inf
7,69,inf,inf,inf,771.4726177901586,inf
7,70,inf,inf,inf,1475.540917765414,inf
7,71,inf,inf,inf,964.3178936429625,inf
7,72,inf,inf,inf,659.775719468366,inf
7,73,inf,inf,inf,572.8944056281227,inf
7,74,inf,inf,inf,864.7889916043104,inf
7,75,inf,inf,inf,1040.0769202323452,inf
7,76,inf,inf,inf,904.0049778624009,inf
7,77,inf,inf,inf,1219.249769325383,inf
7,78,inf,inf,inf,1246.3747430046872,inf
7,79,inf,inf,inf,1153.4405056178666,inf
7,80,inf,inf,inf,244.20073709962466,inf
7,81,inf,inf,inf,1024.8843837233544,inf
7,82,inf,inf,inf,1440.0434021237,inf
7,83,inf,inf,inf,665.6703388314669,inf
7,84,inf,inf,inf,527.3111036191065,inf
7,85,inf,inf,inf,720.3471385380801,inf
7,86,inf,inf,inf,73.53910524340094,inf
7,87,inf,inf,inf,444.545835657022,inf
7,88,inf,inf,inf,676.6062370389442,inf
7,89,inf,inf,inf,1139.2861800267744,inf
7,90,inf,inf,inf,595.628239760339,inf
7,91,inf,inf,inf,1023.2248042341429,inf
7,92,inf,inf,inf,910.2812752111295,inf
7,93,inf,inf,inf,1322.4632320030678,inf
7,94,inf,inf,inf,590.3329568980542,inf
7,95,inf,inf,inf,811.5417426109393,inf
7,96,inf,inf,inf,1064.8868484491675,inf
7,97,inf,inf,inf,1181.8075139378664,inf
7,98,inf,inf,inf,500.61761854733,inf
7,99,inf,inf,inf,50.80354318352215,inf
7,100,inf,inf,inf,985.586120032136,inf
7,101,inf,inf,inf,1195.3451384432865,inf
7,102,inf,inf,inf,629.3250352560273,inf
7,103,inf,inf,inf,1437.2925937330924,inf
7,104,inf,inf,inf,1356.4309787084635,inf
7,105,inf,inf,inf,1304.5773261865315,inf
7,106,inf,inf,inf,914.7196291760662,inf
7,107,inf,inf,inf,1345.1025983173179,inf
7,108,inf,inf,inf,1433.9009728708604,inf
7,109,inf,inf,inf,1073.0740887748618,inf
7,110,inf,inf,inf,620.380528385603,inf
7,111,inf,inf,inf,650.4898154467909,inf
7,112,inf,inf,inf,964.6719649704763,inf
7,113,inf,inf,inf,725.2096248671828,inf
7,114,inf,inf,inf,855.0748505247947,inf
8,9,inf,inf,inf,256.27524265913786,inf
8,10,inf,inf,inf,1014.3303209507246,inf
8,11,inf,inf,inf,353.61702447704636,inf
8,12,inf,inf,inf,624.4269372792945,inf
8,13,inf,inf,inf,142.87407042567241,inf
8,14,inf,inf,inf,544.607197895878,inf
8,15,inf,inf,inf,196.69773765857096,inf
8,16,inf,inf,inf,772.5444971003288,inf
8,17,inf,inf,inf,995.5822417058272,inf
8,18,inf,inf,inf,823.7305384650978,inf
8,19,inf,inf,inf,551.4925203481911,inf
8,20,inf,inf,inf,689.2641003272984,inf
8,21,inf,inf,inf,127.47548783981962,inf
8,22,inf,inf,inf,775.6990395765615,inf
8,23,inf,inf,inf,979.025025216414,inf
8,24,inf,inf,inf,487.93544655005337,inf
8,25,inf,inf,inf,494.6160126805439,inf
8,26,inf,inf,inf,176.7766952966369,inf
8,27,inf,inf,inf,301.1262193831683,inf
8,28,inf,inf,inf,437.01029736151526,inf
8,29,inf,inf,inf,750.8408619674345,inf
8,30,inf,inf,inf,476.45461483755196,inf
8,31,inf,inf,inf,43.657759905886145,inf
8,32,inf,inf,inf,783.6249102727656,inf
8,33,inf,inf,inf,355.72601816566635,inf
8,34,inf,inf,inf,561.6262102145874,inf
8,35,inf,inf,inf,87.92041856133307,inf
8,36,inf,inf,inf,735.0782271296029,inf
8,37,inf,inf,inf,454.5294269901565,inf
8,38,inf,inf,inf,681.5585081267785,inf
8,39,inf,inf,inf,859.7540345936156,inf
8,40,inf,inf,inf,1017.6757833416299,inf
8,41,inf,inf,inf,732.718909268759,inf
8,42,inf,inf,inf,521.93869371795,inf
8,43,inf,inf,inf,484.0,inf
8,44,inf,inf,inf,228.0021929719098,inf
8,45,inf,inf,inf,233.82472067769052,inf
8,46,inf,inf,inf,943.942794876893,inf
8,47,inf,inf,inf,409.92804246599184,inf
8,48,inf,inf,inf,473.56097812214216,inf
8,49,inf,inf,inf,969.5854784391111,inf
8,50,inf,inf,inf,434.53423340399775,inf
8,51,inf,inf,inf,380.4799600504605,inf
8,52,inf,inf,inf,712.9242596517529,inf
8,53,inf,inf,inf,603.3837916285123,inf
8,54,inf,inf,inf,628.339080433487,inf
8,55,inf,inf,inf,995.0216078055793,inf
8,56,inf,inf,inf,329.56486463213884,inf
8,57,inf,inf,inf,772.3949766796778,inf
8,58,inf,inf,inf,398.9686704491971,inf
8,59,inf,inf,inf,1006.543590710308,inf
8,60,inf,inf,inf,1032.783617220955,inf
8,61,inf,inf,inf,938.0964769148213,inf
8,62,inf,inf,inf,490.3162244919089,inf
8,63,inf,inf,inf,703.7506660742852,inf
8,64,inf,inf,inf,234.33522995913356,inf
8,65,inf,inf,inf,836.0005980859105,inf
8,66,inf,inf,inf,802.2019695812271,inf
8,67,inf,inf,inf,763.3564043092846,inf
8,68,inf,inf,inf,868.5879345236152,inf
8,69,inf,inf,inf,982.2932352408826,inf
8,70,inf,inf,inf,704.5970479642957,inf
8,71,inf,inf,inf,133.5402561027947,inf
8,72,inf,inf,inf,391.77799836131686,inf
8,73,inf,inf,inf,625.7683277379896,inf
8,74,inf,inf,inf,1019.0750708362951,inf
8,75,inf,inf,inf,359.90276464623054,inf
8,76,inf,inf,inf,354.0127116361784,inf
8,77,inf,inf,inf,575.5171587363839,inf
8,78,inf,inf,inf,984.7334664770971,inf
8,79,inf,inf,inf,432.500867051154,inf
8,80,inf,inf,inf,616.2921385187385,inf
8,81,inf,inf,inf,787.549363532217,inf
8,82,inf,inf,inf,853.0844037960136,inf
8,83,inf,inf,inf,575.2329962719455,inf
8,84,inf,inf,inf,737.7811328571638,inf
8,85,inf,inf,inf,373.48360071092816,inf
8,86,inf,inf,inf,777.9113059983124,inf
8,87,inf,inf,inf,595.7961060631397,inf
8,88,inf,inf,inf,541.1635612271026,inf
8,89,inf,inf,inf,299.0401310861136,inf
8,90,inf,inf,inf,256.7041098229633,inf
8,91,inf,inf,inf,1031.7775923133822,inf
8,92,inf,inf,inf,278.82969712711736,inf
8,93,inf,inf,inf,505.5620634501762,inf
8,94,inf,inf,inf,872.608159485115,inf
8,95,inf,inf,inf,249.0180716333656,inf
8,96,inf,inf,inf,320.31546949843056,inf
8,97,inf,inf,inf,604.6461775286436,inf
8,98,inf,inf,inf,356.78564993564413,inf
8,99,inf,inf,inf,855.4840734928968,inf
8,100,inf,inf,inf,324.4225639501667,inf
8,101,inf,inf,inf,440.7675124144247,inf
8,102,inf,inf,inf,736.2879871354686,inf
8,103,inf,inf,inf,601.6942745281859,inf
8,104,inf,inf,inf,505.4552403526943,inf
8,105,inf,inf,inf,974.6732785913441,inf
8,106,inf,inf,inf,483.96900727215996,inf
8,107,inf,inf,inf,682.7364059430257,inf
8,108,inf,inf,inf,593.6143529262075,inf
8,109,inf,inf,inf,644.4175664893066,inf
8,110,inf,inf,inf,301.0813843464919,inf
8,111,inf,inf,inf,751.1198306528726,inf
8,112,inf,inf,inf,258.3215051055564,inf
8,113,inf,inf,inf,801.2496489858826,inf
8,114,inf,inf,inf,510.0480369533834,inf
9,10,inf,inf,inf,1268.298466450228,inf
9,11,inf,inf,inf,299.7131962393381,inf
9,12,inf,inf,inf,858.6687370575454,inf
9,13,inf,inf,inf,289.8068322175997,inf
9,14,inf,inf,inf,586.3872440631702,inf
9,15,inf,inf,inf,203.79646709401024,inf
9,16,inf,inf,inf,900.1122152265239,inf
9,17,inf,inf,inf,1169.0530355805079,inf
9,18,inf,inf,inf,863.6694969720767,inf
9,19,inf,inf,inf,795.314403239373,inf
9,20,inf,inf,inf,839.9630944273683,inf
9,21,inf,inf,inf,270.25358462007495,inf
9,22,inf,inf,inf,977.9979550080869,inf
9,23,inf,inf,inf,1140.9596837750228,inf
9,24,inf,inf,inf,558.5069381842986,inf
9,25,inf,inf,inf,471.0689970694314,inf
9,26,inf,inf,inf,233.57439928211312,inf
9,27,inf,inf,inf,552.5015837081374,inf
9,28,inf,inf,inf,419.57716811094474,inf
9,29,inf,inf,inf,739.5194385545251,inf
9,30,3.0,299.27919999999995,299.27922061357845,226.63186007267382,1.320552284738822
9,31,inf,inf,inf,222.71281956816046,inf
9,32,inf,inf,inf,962.4224644094712,inf
9,33,inf,inf,inf,526.3705918837031,inf
9,34,inf,inf,inf,392.4754769409167,inf
9,35,inf,inf,inf,236.60304309116566,inf
9,36,inf,inf,inf,991.0968671123928,inf
9,37,inf,inf,inf,200.7436175822285,inf
9,38,inf,inf,inf,864.250542377614,inf
9,39,inf,inf,inf,1115.7750669377767,inf
9,40,inf,inf,inf,1222.0004091652343,inf
9,41,inf,inf,inf,970.1546268507923,inf
9,42,inf,inf,inf,558.7530760541727,inf
9,43,inf,inf,inf,660.6216769074415,inf
9,44,inf,inf,inf,435.343542504078,inf
9,45,inf,inf,inf,333.6420237320233,inf
9,46,inf,inf,inf,1194.4140823014438,inf
9,47,inf,inf,inf,515.4512586074459,inf
9,48,inf,inf,inf,399.6861268545607,inf
9,49,inf,inf,inf,1118.6979038149666,inf
9,50,inf,inf,inf,216.3631207022121,inf
9,51,inf,inf,inf,630.835953319086,inf
9,52,inf,inf,inf,969.059337708481,inf
9,53,inf,inf,inf,819.2832233116945,inf
9,54,inf,inf,inf,648.9476095957208,inf
9,55,inf,inf,inf,1167.726423440011,inf
9,56,inf,inf,inf,154.983870128475,inf
9,57,inf,inf,inf,972.0828154020624,inf
9,58,inf,inf,inf,435.15629376121865,inf
9,59,inf,inf,inf,1262.4313842740128,inf
9,60,inf,inf,inf,1274.5701236103096,inf
9,61,inf,inf,inf,1067.4399280521598,inf
9,62,inf,inf,inf,719.0417234069245,inf
9,63,inf,inf,inf,689.1908298867593,inf
9,64,inf,inf,inf,202.58825237411966,inf
9,65,inf,inf,inf,1004.4899203078147,inf
9,66,inf,inf,inf,1028.366179918418,inf
9,67,inf,inf,inf,831.6970602328711,inf
9,68,inf,inf,inf,1107.373469069943,inf
9,69,inf,inf,inf,1201.7091994322088,inf
9,70,inf,inf,inf,865.0144507463444,inf
9,71,inf,inf,inf,340.4115156689033,inf
9,72,inf,inf,inf,289.69811873741946,inf
9,73,inf,inf,inf,517.4408178719572,inf
9,74,inf,inf,inf,1248.1173823002387,inf
9,75,inf,inf,inf,132.90974381135493,inf
9,76,inf,inf,inf,610.0836008286077,inf
9,77,inf,inf,inf,804.0702705609752,inf
9,78,inf,inf,inf,1240.9580976003983,inf
9,79,inf,inf,inf,241.0684550081159,inf
9,80,inf,inf,inf,670.6422295084019,inf
9,81,inf,inf,inf,1042.5473610345,inf
9,82,inf,inf,inf,1080.0453694174148,inf
9,83,inf,inf,inf,432.781700167648,inf
9,84,inf,inf,inf,934.2141082214505,inf
9,85,inf,inf,inf,613.2544333308973,inf
9,86,inf,inf,inf,842.3211976437492,inf
9,87,inf,inf,inf,546.6004024879601,inf
9,88,inf,inf,inf,396.5816435489671,inf
9,89,inf,inf,inf,304.381339769704,inf
9,90,inf,inf,inf,395.3454185898706,inf
9,91,inf,inf,inf,1276.9377431965897,inf
9,92,inf,inf,inf,533.348853940833,inf
9,93,inf,inf,inf,642.1526298318804,inf
9,94,inf,inf,inf,1072.151108752866,inf
9,95,inf,inf,inf,502.7733087585299,inf
9,96,inf,inf,inf,153.52198539622916,inf
9,97,inf,inf,inf,845.9515352548277,inf
9,98,inf,inf,inf,488.14444583545145,inf
9,99,inf,inf,inf,932.6371212856585,inf
9,100,inf,inf,inf,81.2219182240853,inf
9,101,inf,inf,inf,281.0071173475861,inf
9,102,inf,inf,inf,951.6265023631908,inf
9,103,inf,inf,inf,697.1836200026504,inf
9,104,inf,inf,inf,535.9272338666883,inf
9,105,inf,inf,inf,1229.416528276727,inf
9,106,inf,inf,inf,740.0952641383406,inf
9,107,inf,inf,inf,898.0879689651788,inf
9,108,inf,inf,inf,679.1207550944088,inf
9,109,inf,inf,inf,899.4359343499681,inf
9,110,inf,inf,inf,503.4888280786377,inf
9,111,inf,inf,inf,969.1728432018718,inf
9,112,inf,inf,inf,502.79319804468315,inf
9,113,inf,inf,inf,1027.6896418666483,inf
9,114,inf,inf,inf,292.0273959751037,inf
10,11,inf,inf,inf,1279.8253787138306,inf
10,12,inf,inf,inf,475.7110467500203,inf
10,13,inf,inf,inf,1049.224952047939,inf
10,14,inf,inf,inf,1250.0323995801068,inf
10,15,inf,inf,inf,1166.2589763856054,inf
10,16,inf,inf,inf,911.0548830888291,inf
10,17,inf,inf,inf,753.239669693518,inf
10,18,inf,inf,inf,1204.3861507008455,inf
10,19,inf,inf,inf,493.08214325809854,inf
10,20,inf,inf,inf,1021.8928515260296,inf
10,21,inf,inf,inf,1020.5665093466472,inf
10,22,inf,inf,inf,812.9876997839513,inf
10,23,inf,inf,inf,808.2474868504078,inf
10,24,inf,inf,inf,1176.0344382712608,inf
10,25,inf,inf,inf,1216.03823953032,inf
10,26,inf,inf,inf,1128.4396306404699,inf
10,27,inf,inf,inf,748.9225594145232,inf
10,28,inf,inf,inf,1188.0606045147697,inf
10,29,inf,inf,inf,1301.145649033958,inf
10,30,inf,inf,inf,1475.8390833691863,inf
10,31,inf,inf,inf,1045.5869165210513,inf
10,32,inf,inf,inf,700.2642358424425,inf
10,33,inf,inf,inf,958.6328807212905,inf
10,34,inf,inf,inf,1458.783739969705,inf
10,35,inf,inf,inf,1062.7379733499693,inf
10,36,inf,inf,inf,291.8527025744322,inf
10,37,inf,inf,inf,1468.3340900489916,inf
10,38,inf,inf,inf,898.6434220534861,inf
10,39,inf,inf,inf,180.33579788827288,inf
10,40,inf,inf,inf,571.6589892584565,inf
10,41,inf,inf,inf,379.8697145074874,inf
10,42,inf,inf,inf,1249.1445072528638,inf
10,43,inf,inf,inf,922.8878588430991,inf
10,44,inf,inf,inf,863.1506241670685,inf
10,45,inf,inf,inf,1090.731864391978,inf
10,46,inf,inf,inf,386.17353612074453,inf
10,47,inf,inf,inf,974.0415802212963,inf
10,48,inf,inf,inf,1372.577866643638,inf
10,49,inf,inf,inf,866.8760003599131,inf
10,50,inf,inf,inf,1408.1086605798573,inf
10,51,inf,inf,inf,638.8153097727073,inf
10,52,inf,inf,inf,316.00158227451965,inf
10,53,inf,inf,inf,749.9506650440414,inf
10,54,inf,inf,inf,1178.264825919878,inf
10,55,inf,inf,inf,757.190861011938,inf
10,56,inf,inf,inf,1296.0837164319287,inf
10,57,inf,inf,inf,826.718815559438,inf
10,58,inf,inf,inf,1202.6013470805694,inf
10,59,inf,inf,inf,89.88882021697692,inf
10,60,inf,inf,inf,232.1551205552012,inf
10,61,inf,inf,inf,943.421962856494,inf
10,62,inf,inf,inf,724.3976808356028,inf
10,63,inf,inf,inf,1285.6784201346775,inf
10,64,inf,inf,inf,1158.345803290192,inf
10,65,inf,inf,inf,750.1473188647681,inf
10,66,inf,inf,inf,424.04009244409895,inf
10,67,inf,inf,inf,1100.7420224557613,inf
10,68,inf,inf,inf,549.4442646893314,inf
10,69,inf,inf,inf,453.1247068964569,inf
10,70,inf,inf,inf,990.1217096902784,inf
10,71,inf,inf,inf,977.6262066863796,inf
10,72,inf,inf,inf,1274.2323179075313,inf
10,73,inf,inf,inf,1417.3228284339457,inf
10,74,inf,inf,inf,372.58019271024057,inf
10,75,inf,inf,inf,1372.1705433363595,inf
10,76,inf,inf,inf,671.3575798335787,inf
10,77,inf,inf,inf,690.1376674258549,inf
10,78,inf,inf,inf,174.7741399635541,inf
10,79,inf,inf,inf,1428.4344577193592,inf
10,80,inf,inf,inf,1097.6565947508354,inf
10,81,inf,inf,inf,228.96287908741888,inf
10,82,inf,inf,inf,657.0943615646081,inf
10,83,inf,inf,inf,1433.7590453071255,inf
10,84,inf,inf,inf,619.513518819404,inf
10,85,inf,inf,inf,669.6446819022757,inf
10,86,inf,inf,inf,1116.9261390083052,inf
10,87,inf,inf,inf,1301.885171587725,inf
10,88,inf,inf,inf,1412.88357623691,inf
10,89,inf,inf,inf,1202.3414656411048,inf
10,90,inf,inf,inf,959.9192674386737,inf
10,91,inf,inf,inf,184.31766057543157,inf
10,92,inf,inf,inf,753.8912388401924,inf
10,93,inf,inf,inf,1035.235721949354,inf
10,94,inf,inf,inf,587.3882872512867,inf
10,95,inf,inf,inf,765.7179637438318,inf
10,96,inf,inf,inf,1320.4983907600947,inf
10,97,inf,inf,inf,595.5342139625565,inf
10,98,inf,inf,inf,934.8122806210881,inf
10,99,inf,inf,inf,1105.27145986857,inf
10,100,inf,inf,inf,1338.7516573285727,inf
10,101,inf,inf,inf,1418.2813543158495,inf
10,102,inf,inf,inf,517.9362895183152,inf
10,103,inf,inf,inf,1158.4308352249607,inf
10,104,inf,inf,inf,1252.7382009023274,inf
10,105,inf,inf,inf,273.6603734558586,inf
10,106,inf,inf,inf,535.7350091229805,inf
10,107,inf,inf,inf,740.3816583357532,inf
10,108,inf,inf,inf,1179.33031844348,inf
10,109,inf,inf,inf,428.11680649093887,inf
10,110,inf,inf,inf,817.4423527075166,inf
10,111,inf,inf,inf,496.38392399432115,inf
10,112,inf,inf,inf,810.6121143925743,inf
10,113,inf,inf,inf,422.4038352098617,inf
10,114,inf,inf,inf,1472.993211118096,inf
11,12,inf,inf,inf,951.5398047375633,inf
11,13,inf,inf,inf,244.8182999695897,inf
11,14,inf,inf,inf,297.0151511286924,inf
11,15,inf,inf,inf,158.42032697857937,inf
11,16,inf,inf,inf,1120.9148049695837,inf
11,17,inf,inf,inf,1348.6960369186231,inf
11,18,inf,inf,inf,1135.2766182741543,inf
11,19,inf,inf,inf,866.3607793523435,inf
11,20,inf,inf,inf,607.0271822579282,inf
11,21,inf,inf,inf,456.7986427300326,inf
11,22,inf,inf,inf,797.4584628681296,inf
11,23,inf,inf,inf,1332.6398613278832,inf
11,24,inf,inf,inf,287.89234098878006,inf
11,25,inf,inf,inf,757.7136662354718,inf
11,26,inf,inf,inf,178.7316424139833,inf
11,27,inf,inf,inf,532.490375499877,inf
11,28,inf,inf,inf,702.6072871811109,inf
11,29,inf,inf,inf,1027.7494830940077,inf
11,30,inf,inf,inf,457.79689819831674,inf
11,31,inf,inf,inf,358.33643409511126,inf
11,32,inf,inf,inf,1136.6375851607231,inf
11,33,inf,inf,inf,363.00137740785505,inf
11,34,inf,inf,inf,684.7459382866027,inf
11,35,inf,inf,inf,267.86750456149025,inf
11,36,inf,inf,inf,988.3445755403325,inf
11,37,inf,inf,inf,358.9233901545008,inf
11,38,inf,inf,inf,664.822532710798,inf
11,39,inf,inf,inf,1108.101980866382,inf
11,40,inf,inf,inf,1362.4555038605847,inf
11,41,inf,inf,inf,1052.6860880623435,inf
11,42,inf,inf,inf,269.0074348414928,inf
11,43,inf,inf,inf,476.11448203137024,inf
11,44,inf,inf,inf,581.2606988262668,inf
11,45,inf,inf,inf,189.19038030513073,inf
11,46,inf,inf,inf,1115.8176374300597,inf
11,47,inf,inf,inf,745.4408091860815,inf
11,48,inf,inf,inf,120.3536455617361,inf
11,49,inf,inf,inf,1322.508601106246,inf
11,50,inf,inf,inf,496.5450634131811,inf
11,51,inf,inf,inf,689.3837828089663,inf
11,52,inf,inf,inf,964.3235971394664,inf
11,53,inf,inf,inf,673.1366874565671,inf
11,54,inf,inf,inf,925.2161909521471,inf
11,55,inf,inf,inf,1348.2051030907724,inf
11,56,inf,inf,inf,454.61192241295214,inf
11,57,inf,inf,inf,788.06408368863,inf
11,58,inf,inf,inf,161.5951731952412,inf
11,59,inf,inf,inf,1253.0351152302158,inf
11,60,inf,inf,inf,1339.0463024107867,inf
11,61,inf,inf,inf,1287.7546350139844,inf
11,62,inf,inf,inf,608.9934318200812,inf
11,63,inf,inf,inf,977.6727468841503,inf
11,64,inf,inf,inf,471.1793713650885,inf
11,65,inf,inf,inf,1189.5831202568402,inf
11,66,inf,inf,inf,1134.2596704458817,inf
11,67,inf,inf,inf,1089.3906553665677,inf
11,68,inf,inf,inf,991.201291363162,inf
11,69,inf,inf,inf,1317.8713897797463,inf
11,70,inf,inf,inf,640.0765579210037,inf
11,71,inf,inf,inf,314.02547667346994,inf
11,72,inf,inf,inf,587.1975817388897,inf
11,73,inf,inf,inf,817.1101516931484,inf
11,74,inf,inf,inf,1344.9286226413653,inf
11,75,inf,inf,inf,246.5866987491418,inf
11,76,inf,inf,inf,615.3454314448105,inf
11,77,inf,inf,inf,684.0065789157294,inf
11,78,inf,inf,inf,1212.1984161019186,inf
11,79,inf,inf,inf,202.37094653136353,inf
11,80,inf,inf,inf,932.8413584313251,inf
11,81,inf,inf,inf,1051.8388659866112,inf
11,82,inf,inf,inf,936.9877267072392,inf
11,83,inf,inf,inf,730.2492725090522,inf
11,84,inf,inf,inf,1087.6212576076289,inf
11,85,inf,inf,inf,703.3100312095655,inf
11,86,inf,inf,inf,1102.1746685530384,inf
11,87,inf,inf,inf,841.046966583912,inf
11,88,inf,inf,inf,694.3378140357905,inf
11,89,inf,inf,inf,77.79460135510689,inf
11,90,inf,inf,inf,598.3861629416242,inf
11,91,inf,inf,inf,1330.513434731119,inf
11,92,inf,inf,inf,533.5400641001573,inf
11,93,inf,inf,inf,415.36971483246106,inf
11,94,inf,inf,inf,1220.4392651828275,inf
11,95,inf,inf,inf,558.7351787743456,inf
11,96,inf,inf,inf,166.14752480852673,inf
11,97,inf,inf,inf,753.5316848016413,inf
11,98,inf,inf,inf,700.1635523218843,inf
11,99,inf,inf,inf,1186.6591760063206,inf
11,100,inf,inf,inf,273.7608445340568,inf
11,101,1.0,176.0366,176.03657992645938,159.11316727411344,1.1063608558755607
11,102,inf,inf,inf,1077.7870847249933,inf
11,103,inf,inf,inf,429.8569529506298,inf
11,104,inf,inf,inf,245.05101509685693,inf
11,105,inf,inf,inf,1177.1359309782367,inf
11,106,inf,inf,inf,749.4164396382027,inf
11,107,inf,inf,inf,744.1787419699651,inf
11,108,inf,inf,inf,406.60668956621953,inf
11,109,inf,inf,inf,864.8959474988884,inf
11,110,inf,inf,inf,654.0282868500414,inf
11,111,inf,inf,inf,1090.6236747842952,inf
11,112,inf,inf,inf,470.20527432175834,inf
11,113,inf,inf,inf,1133.056927078247,inf
11,114,inf,inf,inf,563.7197885474662,inf
12,13,inf,inf,inf,706.7248403728286,inf
12,14,inf,inf,inf,1023.7392246075169,inf
12,15,inf,inf,inf,809.0222493850215,inf
12,16,inf,inf,inf,495.17067764559727,inf
12,17,inf,inf,inf,497.8081959952046,inf
12,18,inf,inf,inf,759.3661830763864,inf
12,19,1.0,109.7107,109.71067811865468,99.86490875177326,1.0985908813210286
12,20,inf,inf,inf,934.2815421488322,inf
12,21,inf,inf,inf,591.9366520160751,inf
12,22,inf,inf,inf,828.9366682684511,inf
12,23,inf,inf,inf,519.3120449209704,inf
12,24,inf,inf,inf,948.3933782982671,inf
12,25,inf,inf,inf,741.2759270339217,inf
12,26,inf,inf,inf,777.5789348998595,inf
12,27,inf,inf,inf,456.2565068029167,inf
12,28,inf,inf,inf,715.6570407674335,inf
12,29,inf,inf,inf,834.3530427822506,inf
12,30,inf,inf,inf,1044.629120788809,inf
12,31,inf,inf,inf,644.1932939731677,inf
12,32,inf,inf,inf,329.61947757982995,inf
12,33,inf,inf,inf,721.8379319487166,inf
12,34,inf,inf,inf,993.867697432611,inf
12,35,inf,inf,inf,695.0258987980233,inf
12,36,inf,inf,inf,317.2270480271189,inf
12,37,inf,inf,inf,1057.7759687192747,inf
12,38,inf,inf,inf,840.4433353891267,inf
12,39,inf,inf,inf,399.1516002723777,inf
12,40,inf,inf,inf,432.4592466348708,inf
12,41,inf,inf,inf,112.92475370794483,inf
12,42,inf,inf,inf,1012.7689766180637,inf
12,43,inf,inf,inf,755.5957914123132,inf
12,44,inf,inf,inf,425.6994244769424,inf
12,45,inf,inf,inf,775.9671384794591,inf
12,46,inf,inf,inf,637.3138944036917,inf
12,47,inf,inf,inf,499.2894951829049,inf
12,48,inf,inf,inf,1063.1260508519204,inf
12,49,inf,inf,inf,550.9891106002005,inf
12,50,inf,inf,inf,964.964766196155,inf
12,51,inf,inf,inf,265.63508804372964,inf
12,52,inf,inf,inf,314.2292157008956,inf
12,53,inf,inf,inf,677.8325751983302,inf
12,54,inf,inf,inf,706.8047821004043,inf
12,55,inf,inf,inf,499.62485926943225,inf
12,56,inf,inf,inf,855.3478824431612,inf
12,57,inf,inf,inf,837.0669029414554,inf
12,58,inf,inf,inf,926.3050253561189,inf
12,59,inf,inf,inf,511.7782723015896,inf
12,60,inf,inf,inf,419.1145428161614,inf
12,61,inf,inf,inf,587.921763502594,inf
12,62,inf,inf,inf,579.5351585538189,inf
12,63,inf,inf,inf,815.1809615048674,inf
12,64,inf,inf,inf,715.1181720527035,inf
12,65,inf,inf,inf,397.0793371607241,inf
12,66,inf,inf,inf,183.76343488300387,inf
12,67,inf,inf,inf,655.8353451896292,inf
12,68,inf,inf,inf,695.7154590779193,inf
12,69,inf,inf,inf,368.5661406043697,inf
12,70,inf,inf,inf,919.2399033984545,inf
12,71,inf,inf,inf,638.7800873540126,inf
12,72,inf,inf,inf,813.5434837794475,inf
12,73,inf,inf,inf,942.7666731487701,inf
12,74,inf,inf,inf,395.12656200260693,inf
12,75,inf,inf,inf,978.8365542826851,inf
12,76,inf,inf,inf,370.93665227367325,inf
12,77,inf,inf,inf,606.1493215371935,inf
12,78,inf,inf,inf,538.8589796969147,inf
12,79,inf,inf,inf,1056.9247844572478,inf
12,80,inf,inf,inf,628.8091920447729,inf
12,81,inf,inf,inf,310.7426588030681,inf
12,82,inf,inf,inf,762.3450662265743,inf
12,83,inf,inf,inf,964.1182500087839,inf
12,84,inf,inf,inf,237.19190542680835,inf
12,85,inf,inf,inf,251.2866888635369,inf
12,86,inf,inf,inf,673.2674060133908,inf
12,87,inf,inf,inf,826.1743157469857,inf
12,88,inf,inf,inf,945.3829911734185,inf
12,89,inf,inf,inf,880.4044525103221,inf
12,90,inf,inf,inf,503.3587190066345,inf
12,91,inf,inf,inf,428.1798687467686,inf
12,92,inf,inf,inf,438.0011415510238,inf
12,93,inf,inf,inf,854.751425854324,inf
12,94,inf,inf,inf,318.57809089766357,inf
12,95,inf,inf,inf,392.84220750830735,inf
12,96,inf,inf,inf,944.7417636581968,inf
12,97,inf,inf,inf,536.7327081518323,inf
12,98,inf,inf,inf,463.8846839463446,inf
12,99,inf,inf,inf,683.172013478304,inf
12,100,inf,inf,inf,936.4769084179278,inf
12,101,inf,inf,inf,1062.3958772510368,inf
12,102,inf,inf,inf,159.10059710761615,inf
12,103,inf,inf,inf,988.3850464267456,inf
12,104,inf,inf,inf,1007.5405699027707,inf
12,105,inf,inf,inf,589.3462479731248,inf
12,106,inf,inf,inf,283.6987839240768,inf
12,107,inf,inf,inf,719.2343150879274,inf
12,108,inf,inf,inf,998.9739736349491,inf
12,109,inf,inf,inf,382.41469637031474,inf
12,110,inf,inf,inf,365.4326203282898,inf
12,111,inf,inf,inf,160.0,inf
12,112,inf,inf,inf,511.97753856980876,inf
12,113,inf,inf,inf,182.3896926912264,inf
12,114,inf,inf,inf,1023.5311426624986,inf
13,14,inf,inf,inf,401.86813757748945,inf
13,15,inf,inf,inf,119.0,inf
13,16,inf,inf,inf,907.9306140889843,inf
13,17,inf,inf,inf,1114.6788775248233,inf
13,18,inf,inf,inf,966.567638605804,inf
13,19,inf,inf,inf,622.0200961383804,inf
13,20,inf,inf,inf,569.1976809510031,inf
13,21,inf,inf,inf,269.4308816746885,inf
13,22,inf,inf,inf,688.9441196497725,inf
13,23,inf,inf,inf,1102.8549315299815,inf
13,24,inf,inf,inf,345.44174617437307,inf
13,25,inf,inf,inf,629.3250352560273,inf
13,26,inf,inf,inf,79.7057087039567,inf
13,27,inf,inf,inf,301.40006635699336,inf
13,28,inf,inf,inf,571.4551600956981,inf
13,29,inf,inf,inf,890.1263955191981,inf
13,30,inf,inf,inf,514.2081290683764,inf
13,31,inf,inf,inf,171.618763542918,inf
13,32,inf,inf,inf,902.8493783572097,inf
13,33,inf,inf,inf,241.61539686038222,inf
13,34,inf,inf,inf,656.3573721685466,inf
13,35,inf,inf,inf,68.59300255857006,inf
13,36,inf,inf,inf,760.0532876055468,inf
13,37,inf,inf,inf,459.6977267727131,inf
13,38,inf,inf,inf,579.4178112554015,inf
13,39,inf,inf,inf,882.6607502319337,inf
13,40,inf,inf,inf,1119.8879408226521,inf
13,41,inf,inf,inf,808.2004701805116,inf
13,42,inf,inf,inf,379.52206786957726,inf
13,43,inf,inf,inf,376.0491989088662,inf
13,44,inf,inf,inf,353.4176000144871,inf
13,45,3.0,406.7472,406.747258045114,91.35097153287424,4.4525772547338365
13,46,inf,inf,inf,924.5544873072652,inf
13,47,inf,inf,inf,551.9873186949135,inf
13,48,inf,inf,inf,358.3699206127657,inf
13,49,inf,inf,inf,1097.8000728730162,inf
13,50,inf,inf,inf,500.7404517312337,inf
13,51,inf,inf,inf,445.0101122446545,inf
13,52,inf,inf,inf,736.4563802425776,inf
13,53,inf,inf,inf,529.7858057743714,inf
13,54,inf,inf,inf,769.8837574595271,inf
13,55,inf,inf,inf,1114.4509859118973,inf
13,56,inf,inf,inf,411.8446308985951,inf
13,57,inf,inf,inf,683.4244654678379,inf
13,58,inf,inf,inf,258.44341740504825,inf
13,59,inf,inf,inf,1029.3109345576777,inf
13,60,inf,inf,inf,1097.0346393801792,inf
13,61,inf,inf,inf,1071.809684598903,inf
13,62,inf,inf,inf,433.66461695646785,inf
13,63,inf,inf,inf,842.3324759262224,inf
13,64,inf,inf,inf,352.42304124446804,inf
13,65,inf,inf,inf,958.8263659286805,inf
13,66,inf,inf,inf,889.5262784201487,inf
13,67,inf,inf,inf,905.8233823433793,inf
13,68,inf,inf,inf,824.4755909061225,inf
13,69,inf,inf,inf,1073.3019146540269,inf
13,70,inf,inf,inf,589.3878179942303,inf
13,71,3.0,325.27920000000006,325.2792206135785,71.80529228406496,4.5300173603744875
13,72,inf,inf,inf,504.4373102775012,inf
13,73,inf,inf,inf,743.7506302518339,inf
13,74,inf,inf,inf,1100.2295215090348,inf
13,75,inf,inf,inf,345.2491853719571,inf
13,76,inf,inf,inf,378.6000528261981,inf
13,77,inf,inf,inf,517.7344879375914,inf
13,78,inf,inf,inf,995.9482918304544,inf
13,79,inf,inf,inf,381.064299036265,inf
13,80,inf,inf,inf,759.1528172904319,inf
13,81,inf,inf,inf,820.2859257600364,inf
13,82,inf,inf,inf,791.8648874650271,inf
13,83,inf,inf,inf,680.9522743922661,inf
13,84,inf,inf,inf,848.8156454731499,inf
13,85,inf,inf,inf,459.0043572777932,inf
13,86,inf,inf,inf,920.5025801158843,inf
13,87,inf,inf,inf,727.6482666783451,inf
13,88,inf,inf,inf,645.3038044208324,inf
13,89,inf,inf,inf,175.60182231400674,inf
13,90,inf,inf,inf,398.3992971881351,inf
13,91,inf,inf,inf,1090.156869445861,inf
13,92,inf,inf,inf,295.89356194415586,inf
13,93,inf,inf,inf,377.1949098277971,inf
13,94,inf,inf,inf,979.6815809231078,inf
13,95,inf,inf,inf,313.9187793044564,inf
13,96,inf,inf,inf,278.36127604248406,inf
13,97,inf,inf,inf,567.3535053209771,inf
13,98,inf,inf,inf,497.15691687836346,inf
13,99,inf,inf,inf,997.2121138453945,inf
13,100,inf,inf,inf,329.95908837308906,inf
13,101,inf,inf,inf,369.3846233940985,inf
13,102,inf,inf,inf,834.5543721052571,inf
13,103,inf,inf,inf,463.2763753959401,inf
13,104,inf,inf,inf,363.6289317422364,inf
13,105,inf,inf,inf,971.7000566018302,inf
13,106,inf,inf,inf,514.2304930670681,inf
13,107,inf,inf,inf,608.4159761216006,inf
13,108,inf,inf,inf,453.47657050833396,inf
13,109,inf,inf,inf,647.63338394496,inf
13,110,inf,inf,inf,423.5858826731599,inf
13,111,inf,inf,inf,846.8695295026265,inf
13,112,inf,inf,inf,241.5884931034589,inf
13,113,inf,inf,inf,888.3118821675189,inf
13,114,inf,inf,inf,577.7231170725298,inf
14,15,inf,inf,inf,399.11527156950535,inf
14,16,inf,inf,inf,1301.2194280750653,inf
14,17,inf,inf,inf,1480.2043777803117,inf
14,18,inf,inf,inf,1367.707936658993,inf
14,19,inf,inf,inf,926.7389060571484,inf
14,20,inf,inf,inf,363.52166372858716,inf
14,21,inf,inf,inf,669.9679096792622,inf
14,22,inf,inf,inf,600.0749953130859,inf
14,23,inf,inf,inf,1476.6140321695443,inf
14,24,inf,inf,inf,76.15773105863909,inf
14,25,inf,inf,inf,1016.1968313274747,inf
14,26,inf,inf,inf,389.97051170569296,inf
14,27,inf,inf,inf,567.4927312309824,inf
14,28,inf,inf,inf,958.8560893064193,inf
14,29,inf,inf,inf,1282.898670979123,inf
14,30,inf,inf,inf,754.3818661659359,inf
14,31,inf,inf,inf,569.4040744497706,inf
14,32,inf,inf,inf,1271.8635933149435,inf
14,33,inf,inf,inf,304.69000639994744,inf
14,34,inf,inf,inf,977.4236543075883,inf
14,35,inf,inf,inf,462.34294630717574,inf
14,36,inf,inf,inf,964.9937823633891,inf
14,37,inf,inf,inf,651.987729945894,inf
14,38,inf,inf,inf,458.87797942372436,inf
14,39,inf,inf,inf,1070.001869157246,inf
14,40,inf,inf,inf,1455.0068728360013,inf
14,41,inf,inf,inf,1106.910113785216,inf
14,42,inf,inf,inf,28.0178514522438,inf
14,43,inf,inf,inf,332.77770358003255,inf
14,44,inf,inf,inf,744.3614713296222,inf
14,45,inf,inf,inf,310.80057915003954,inf
14,46,inf,inf,inf,1004.6914949376251,inf
14,47,inf,inf,inf,953.6561225095763,inf
14,48,inf,inf,inf,261.16852796613915,inf
14,49,inf,inf,inf,1478.8931672030944,inf
14,50,inf,inf,inf,791.7531180866924,inf
14,51,inf,inf,inf,762.4067156052602,inf
14,52,inf,inf,inf,941.2470451480843,inf
14,53,inf,inf,inf,533.689984916337,inf
14,54,inf,inf,inf,1167.764102890648,inf
14,55,inf,inf,inf,1480.5556389410024,inf
14,56,inf,inf,inf,740.0878326252905,inf
14,57,inf,inf,inf,587.4563813595014,inf
14,58,inf,inf,inf,154.1460346554526,inf
14,59,inf,inf,inf,1203.8658563145646,inf
14,60,inf,inf,inf,1358.4288718957648,inf
14,61,inf,inf,inf,1461.826939141566,inf
14,62,inf,inf,inf,526.2138348618364,inf
14,63,inf,inf,inf,1233.9505662707886,inf
14,64,inf,inf,inf,728.8154773329118,inf
14,65,inf,inf,inf,1332.6852591666195,inf
14,66,inf,inf,inf,1205.0796654163573,inf
14,67,inf,inf,inf,1307.6429176193324,inf
14,68,inf,inf,inf,849.3680003390756,inf
14,69,inf,inf,inf,1388.699031467942,inf
14,70,inf,inf,inf,403.6087214122113,inf
14,71,inf,inf,inf,437.13842201298206,inf
14,72,inf,inf,inf,863.6347607640628,inf
14,73,inf,inf,inf,1100.1295378272505,inf
14,74,inf,inf,inf,1395.6636414265438,inf
14,75,inf,inf,inf,543.1804488381371,inf
14,76,inf,inf,inf,653.583965531591,inf
14,77,inf,inf,inf,574.0984236174143,inf
14,78,inf,inf,inf,1145.948079103063,inf
14,79,inf,inf,inf,480.9407447908734,inf
14,80,inf,inf,inf,1160.500323136534,inf
14,81,inf,inf,inf,1035.0193234911123,inf
14,82,inf,inf,inf,770.1350530913393,inf
14,83,inf,inf,inf,1019.0829210618732,inf
14,84,inf,inf,inf,1205.9958540558919,inf
14,85,inf,inf,inf,801.7986031417116,inf
14,86,inf,inf,inf,1322.3634144969378,inf
14,87,inf,inf,inf,1108.242753190834,inf
14,88,inf,inf,inf,982.8311146885817,inf
14,89,inf,inf,inf,283.6511942509673,inf
14,90,inf,inf,inf,799.9924999648434,inf
14,91,inf,inf,inf,1339.6118840918066,inf
14,92,inf,inf,inf,587.5210634521966,inf
14,93,inf,inf,inf,224.8777445635739,inf
14,94,inf,inf,inf,1326.8828132129831,inf
14,95,inf,inf,inf,655.6531095022733,inf
14,96,inf,inf,inf,463.1079787695306,inf
14,97,inf,inf,inf,663.9156572939065,inf
14,98,inf,inf,inf,897.7332565968579,inf
14,99,inf,inf,inf,1398.442705297575,inf
14,100,inf,inf,inf,570.01491208564,inf
14,101,inf,inf,inf,422.8297529739363,inf
14,102,inf,inf,inf,1171.338123685898,inf
14,103,inf,inf,inf,157.1146078504478,inf
14,104,inf,inf,inf,52.03844732503075,inf
14,105,inf,inf,inf,1089.1487501714355,inf
14,106,inf,inf,inf,766.6557245595966,inf
14,107,inf,inf,inf,584.5784806165892,inf
14,108,inf,inf,inf,128.00390619039717,inf
14,109,inf,inf,inf,822.2195570527376,inf
14,110,inf,inf,inf,809.3707432320493,inf
14,111,inf,inf,inf,1178.9257822271934,inf
14,112,inf,inf,inf,513.2065860840057,inf
14,113,inf,inf,inf,1203.4517023960705,inf
14,114,inf,inf,inf,860.2848365512436,inf
15,16,inf,inf,inf,962.6447943036933,inf
15,17,inf,inf,inf,1192.2457800302755,inf
15,18,inf,inf,inf,985.625689600266,inf
15,19,inf,inf,inf,728.7866628856486,inf
15,20,inf,inf,inf,636.4157446198201,inf
15,21,inf,inf,inf,299.23235119217975,inf
15,22,inf,inf,inf,784.1307288966553,inf
15,23,inf,inf,inf,1175.10850562831,inf
15,24,inf,inf,inf,361.4540081393482,inf
15,25,inf,inf,inf,619.3972876918335,inf
15,26,inf,inf,inf,40.0,inf
15,27,inf,inf,inf,419.78685067543506,inf
15,28,inf,inf,inf,562.6224311205517,inf
15,29,inf,inf,inf,888.020270038922,inf
15,30,inf,inf,inf,415.5923483414968,inf
15,31,inf,inf,inf,199.96999774966244,inf
15,32,inf,inf,inf,980.311175086768,inf
15,33,inf,inf,inf,330.0802932621092,inf
15,34,inf,inf,inf,593.0413139065439,inf
15,35,inf,inf,inf,114.6298390472568,inf
15,36,inf,inf,inf,877.930521168959,inf
15,37,inf,inf,inf,348.4551621084124,inf
15,38,inf,inf,inf,665.1616344919481,inf
15,39,inf,inf,inf,1000.904091309452,inf
15,40,inf,inf,inf,1211.7862847878746,inf
15,41,inf,inf,inf,913.7904573806842,inf
15,42,inf,inf,inf,372.700952507503,inf
15,43,inf,inf,inf,462.49108099508254,inf
15,44,inf,inf,inf,424.69400749245335,inf
15,45,inf,inf,inf,131.5750736271882,inf
15,46,inf,inf,inf,1041.8262811044842,inf
15,47,inf,inf,inf,588.7860392366654,inf
15,48,inf,inf,inf,278.77230852435827,inf
15,49,inf,inf,inf,1164.3032251093355,inf
15,50,inf,inf,inf,420.05951959216446,inf
15,51,inf,inf,inf,552.5477354944096,inf
15,52,inf,inf,inf,854.4430934825326,inf
15,53,inf,inf,inf,634.2696587414536,inf
15,54,inf,inf,inf,778.8016435524517,inf
15,55,inf,inf,inf,1191.668578087045,inf
15,56,inf,inf,inf,348.89683288903615,inf
15,57,inf,inf,inf,777.2618606364267,inf
15,58,inf,inf,inf,244.9693858423946,inf
15,59,inf,inf,inf,1147.693338832286,inf
15,60,inf,inf,inf,1207.3541319761987,inf
15,61,inf,inf,inf,1129.391429044864,inf
15,62,inf,inf,inf,545.8937625582472,inf
15,63,inf,inf,inf,838.513565781735,inf
15,64,inf,inf,inf,331.0060422409235,inf
15,65,inf,inf,inf,1032.3531372548834,inf
15,66,inf,inf,inf,989.934341257035,inf
15,67,inf,inf,inf,935.6970663628266,inf
15,68,inf,inf,inf,937.0128067427894,inf
15,69,inf,inf,inf,1172.0861743063092,inf
15,70,inf,inf,inf,662.1276312011152,inf
15,71,inf,inf,inf,189.2326610286924,inf
15,72,inf,inf,inf,465.3815638806505,inf
15,73,inf,inf,inf,703.5140368180297,inf
15,74,inf,inf,inf,1204.006644499938,inf
15,75,inf,inf,inf,230.72927859289987,inf
15,76,inf,inf,inf,494.9595943104851,inf
15,77,inf,inf,inf,628.485481136995,inf
15,78,inf,inf,inf,1114.9035832752534,inf
15,79,inf,inf,inf,262.5737991498771,inf
15,80,inf,inf,inf,781.1081871290302,inf
15,81,inf,inf,inf,937.3025125326401,inf
15,82,inf,inf,inf,898.8998831905586,inf
15,83,inf,inf,inf,627.803313148314,inf
15,84,inf,inf,inf,933.773527146706,inf
15,85,inf,inf,inf,558.2902470937496,inf
15,86,inf,inf,inf,948.9636452467503,inf
15,87,inf,inf,inf,709.5244886541972,inf
15,88,inf,inf,inf,591.4727381714224,inf
15,89,inf,inf,inf,119.26860441876563,inf
15,90,inf,inf,inf,440.4327417438445,inf
15,91,inf,inf,inf,1202.2499740070698,inf
15,92,inf,inf,inf,412.3687670035159,inf
15,93,inf,inf,inf,438.46208501990225,inf
15,94,inf,inf,inf,1067.9068311421179,inf
15,95,inf,inf,inf,419.2230909670888,inf
15,96,inf,inf,inf,159.76232346833217,inf
15,97,inf,inf,inf,682.8975032902083,inf
15,98,inf,inf,inf,542.2195127436858,inf
15,99,inf,inf,inf,1031.8454341615318,inf
15,100,inf,inf,inf,223.78561169118984,inf
15,101,inf,inf,inf,255.4094751570505,inf
15,102,inf,inf,inf,928.6560181251183,inf
15,103,inf,inf,inf,496.86416654856487,inf
15,104,inf,inf,inf,351.81955602268613,inf
15,105,inf,inf,inf,1090.4503656746601,inf
15,106,inf,inf,inf,630.6726567721166,inf
15,107,inf,inf,inf,711.4583613958023,inf
15,108,inf,inf,inf,480.5538471389028,inf
15,109,inf,inf,inf,766.6263757528826,inf
15,110,inf,inf,inf,497.7750495956984,inf
15,111,inf,inf,inf,942.5354104753836,inf
15,112,inf,inf,inf,360.4719129141687,inf
15,113,inf,inf,inf,988.8503425695923,inf
15,114,inf,inf,inf,495.19794022188745,inf
16,17,inf,inf,inf,324.91383473161005,inf
16,18,inf,inf,inf,304.2318195061128,inf
16,19,inf,inf,inf,560.115166729129,inf
16,20,inf,inf,inf,1326.9061760350653,inf
16,21,inf,inf,inf,664.8496070541066,inf
16,22,inf,inf,inf,1279.4037673854177,inf
16,23,inf,inf,inf,272.03860020225073,inf
16,24,inf,inf,inf,1234.8425000784514,inf
16,25,inf,inf,inf,525.6805113374472,inf
16,26,inf,inf,inf,948.538349251099,inf
16,27,inf,inf,inf,796.0226127441356,inf
16,28,inf,inf,inf,542.1558816429091,inf
16,29,inf,inf,inf,449.5297542988673,inf
16,30,inf,inf,inf,995.2607698487869,inf
16,31,inf,inf,inf,762.693254198567,inf
16,32,inf,inf,inf,216.31689716709604,inf
16,33,inf,inf,inf,1038.9109682739902,inf
16,34,inf,inf,inf,820.1762005813141,inf
16,35,inf,inf,inf,860.456274310322,inf
16,36,inf,inf,inf,812.0006157633134,inf
16,37,inf,inf,inf,1060.364088414918,inf
16,38,inf,inf,inf,1258.5455891623474,inf
16,39,inf,inf,inf,882.3899364793323,inf
16,40,inf,inf,inf,478.67421071121015,inf
16,41,inf,inf,inf,546.6278441499298,inf
16,42,inf,inf,inf,1281.8287717164098,inf
16,43,inf,inf,inf,1121.1605594204605,inf
16,44,inf,inf,inf,557.0008976653448,inf
16,45,inf,inf,inf,997.9524036746442,inf
16,46,inf,inf,inf,1132.0216429026434,inf
16,47,inf,inf,inf,384.8324310657822,inf
16,48,inf,inf,inf,1241.146647258091,inf
16,49,inf,inf,inf,229.0,inf
16,50,inf,inf,inf,891.1593572420143,inf
16,51,inf,inf,inf,617.1709649683789,inf
16,52,inf,inf,inf,809.3861871813726,inf
16,53,inf,inf,inf,1108.9621273966031,inf
16,54,inf,inf,inf,376.64970463283254,inf
16,55,inf,inf,inf,321.67219338948155,inf
16,56,inf,inf,inf,811.5528325377221,inf
16,57,inf,inf,inf,1284.838122099434,inf
16,58,inf,inf,inf,1165.8391827349087,inf
16,59,inf,inf,inf,970.6312379065491,inf
16,60,inf,inf,inf,751.7825483475923,inf
16,61,inf,inf,inf,167.83920876839238,inf
16,62,inf,inf,inf,991.0423805266856,inf
16,63,inf,inf,inf,457.08861285313156,inf
16,64,inf,inf,inf,699.634190130814,inf
16,65,inf,inf,inf,191.10729970359583,inf
16,66,inf,inf,inf,487.4966666552706,inf
16,67,inf,inf,inf,207.88939366884497,inf
16,68,inf,inf,inf,1185.1118090711948,inf
16,69,inf,inf,inf,541.7240995193033,inf
16,70,inf,inf,inf,1322.7365572932504,inf
16,71,inf,inf,inf,864.2557491853902,inf
16,72,inf,inf,inf,698.0150428178464,inf
16,73,inf,inf,inf,691.2170426139679,inf
16,74,inf,inf,inf,633.2053379433878,inf
16,75,inf,inf,inf,1032.4945520437384,inf
16,76,inf,inf,inf,738.24115301167,inf
16,77,inf,inf,inf,1042.5473610345,inf
16,78,inf,inf,inf,1015.1970252123476,inf
16,79,inf,inf,inf,1139.9877192320978,inf
16,80,inf,inf,inf,297.3566881709574,inf
16,81,inf,inf,inf,797.902876295104,inf
16,82,inf,inf,inf,1242.1465291985483,inf
16,83,inf,inf,inf,762.9796851817223,inf
16,84,inf,inf,inf,291.66076184499,inf
16,85,inf,inf,inf,550.4407325044177,inf
16,86,inf,inf,inf,220.32022149589446,inf
16,87,inf,inf,inf,552.8996292275841,inf
16,88,inf,inf,inf,762.9764085474727,inf
16,89,inf,inf,inf,1071.4336190357292,inf
16,90,inf,inf,inf,522.945503852935,inf
16,91,inf,inf,inf,787.210264160726,inf
16,92,inf,inf,inf,761.9324117006705,inf
16,93,inf,inf,inf,1195.1978915644054,inf
16,94,inf,inf,inf,358.73388465546435,inf
16,95,inf,inf,inf,668.8086422886594,inf
16,96,inf,inf,inf,1038.7670576216788,inf
16,97,inf,inf,inf,993.6458121483731,inf
16,98,inf,inf,inf,421.4747916542578,inf
16,99,inf,inf,inf,194.36563482261982,inf
16,100,inf,inf,inf,978.7364303018459,inf
16,101,inf,inf,inf,1171.6573731257786,inf
16,102,inf,inf,inf,394.62007044751283,inf
16,103,inf,inf,inf,1319.1819434786091,inf
16,104,inf,inf,inf,1268.4005676441493,inf
16,105,inf,inf,inf,1077.326784221018,inf
16,106,inf,inf,inf,723.2710418646664,inf
16,107,inf,inf,inf,1166.2521168255173,inf
16,108,inf,inf,inf,1320.254899631128,inf
16,109,inf,inf,inf,866.7116013992197,inf
16,110,inf,inf,inf,492.8539337369643,inf
16,111,inf,inf,inf,415.24209805847,inf
16,112,inf,inf,inf,826.0054479239226,inf
16,113,inf,inf,inf,489.03578601161695,inf
16,114,inf,inf,inf,917.122674455277,inf
17,18,inf,inf,inf,602.0132888898715,inf
17,19,inf,inf,inf,594.6427498927402,inf
17,20,inf,inf,inf,1429.071376803832,inf
17,21,inf,inf,inf,910.27138810357,inf
17,22,inf,inf,inf,1324.2103307254479,inf
17,23,inf,inf,inf,67.42403132415029,inf
17,24,inf,inf,inf,1407.67929586252,inf
17,25,inf,inf,inf,843.182661112051,inf
17,26,inf,inf,inf,1170.2965436161896,inf
17,27,inf,inf,inf,925.2010592298303,inf
17,28,inf,inf,inf,852.7660875058294,inf
17,29,inf,inf,inf,767.7043701842526,inf
17,30,inf,inf,inf,1293.0247484097124,inf
17,31,inf,inf,inf,997.1930605454493,inf
17,32,inf,inf,inf,212.08488866489287,inf
17,33,inf,inf,inf,1189.852511868593,inf
17,34,inf,inf,inf,1138.4269849226168,inf
17,35,inf,inf,inf,1080.8783465311903,inf
17,36,inf,inf,inf,763.9607319751454,inf
17,37,inf,inf,inf,1345.8369143399211,inf
17,38,inf,inf,inf,1337.9872944090314,inf
17,39,inf,inf,inf,789.4916085684508,inf
17,40,inf,inf,inf,199.9199839935968,inf
17,41,inf,inf,inf,477.62432936357,inf
17,42,inf,inf,inf,1465.1211553997846,inf
17,43,inf,inf,inf,1242.1529696458483,inf
17,44,inf,inf,inf,767.5942938818657,inf
17,45,inf,inf,inf,1198.3563743728323,inf
17,46,inf,inf,inf,1062.6401084092395,inf
17,47,inf,inf,inf,665.4329417755031,inf
17,48,inf,inf,inf,1467.9468655234084,inf
17,49,inf,inf,inf,135.35139452550905,inf
17,50,inf,inf,inf,1192.2835233282392,inf
17,51,inf,inf,inf,726.8376710105222,inf
17,52,inf,inf,inf,771.1737806746285,inf
17,53,inf,inf,inf,1175.6359980878435,inf
17,54,inf,inf,inf,701.5311824858536,inf
17,55,inf,inf,inf,4.47213595499958,inf
17,56,inf,inf,inf,1102.762440419513,inf
17,57,inf,inf,inf,1332.89834571133,inf
17,58,inf,inf,inf,1362.2481418596246,inf
17,59,inf,inf,inf,831.703072015488,inf
17,60,inf,inf,inf,543.6561413246428,inf
17,61,inf,inf,inf,236.35777964771967,inf
17,62,inf,inf,inf,1075.0711604354383,inf
17,63,inf,inf,inf,779.6415843193589,inf
17,64,inf,inf,inf,977.7243987954888,inf
17,65,inf,inf,inf,164.87874332369228,inf
17,66,inf,inf,inf,372.50503352303843,inf
17,67,inf,inf,inf,520.9462544255405,inf
17,68,inf,inf,inf,1162.0658329027663,inf
17,69,inf,inf,inf,306.88760157425713,inf
17,70,inf,inf,inf,1415.6217715194973,inf
17,71,inf,inf,inf,1057.745243430572,inf
17,72,inf,inf,inf,1002.7372537210333,inf
17,73,inf,inf,inf,1015.4063226117908,inf
17,74,inf,inf,inf,400.4722212588534,inf
17,75,inf,inf,inf,1301.5567601914256,inf
17,76,inf,inf,inf,847.6255069309796,inf
17,77,inf,inf,inf,1103.9510858729204,inf
17,78,inf,inf,inf,897.4653196642197,inf
17,79,inf,inf,inf,1401.75069110024,inf
17,80,inf,inf,inf,621.2567907073532,inf
17,81,inf,inf,inf,722.950897364406,inf
17,82,inf,inf,inf,1242.146931727483,inf
17,83,inf,inf,inf,1083.7845726896098,inf
17,84,inf,inf,inf,276.20463428407567,inf
17,85,inf,inf,inf,679.2657800890606,inf
17,86,inf,inf,inf,529.2730864119203,inf
17,87,inf,inf,inf,877.1117374656435,inf
17,88,inf,inf,inf,1081.4665968026936,inf
17,89,inf,inf,inf,1288.4040515304196,inf
17,90,inf,inf,inf,774.504357637838,inf
17,91,inf,inf,inf,588.9626473724799,inf
17,92,inf,inf,inf,898.6178275551849,inf
17,93,inf,inf,inf,1334.4455777587934,inf
17,94,inf,inf,inf,187.8430195668713,inf
17,95,inf,inf,inf,824.5738293203344,inf
17,96,inf,inf,inf,1294.0177742210499,inf
17,97,inf,inf,inf,1032.6843661061205,inf
17,98,inf,inf,inf,681.7037479726806,inf
17,99,inf,inf,inf,466.43863476345956,inf
17,100,inf,inf,inf,1249.9895999567357,inf
17,101,inf,inf,inf,1424.6810169297546,inf
17,102,inf,inf,inf,339.6115427955887,inf
17,103,inf,inf,inf,1466.4092198291717,inf
17,104,inf,inf,inf,1455.8643480764272,inf
17,105,inf,inf,inf,980.2061007767703,inf
17,106,inf,inf,inf,780.098711702564,inf
17,107,inf,inf,inf,1215.8128967896334,inf
17,108,inf,inf,inf,1473.592209534239,inf
17,109,inf,inf,inf,867.0974570369815,inf
17,110,inf,inf,inf,694.678342832134,inf
17,111,inf,inf,inf,344.19325966671687,inf
17,112,inf,inf,inf,971.6058871785411,inf
17,113,inf,inf,inf,374.73323845103465,inf
17,114,inf,inf,inf,1225.8437910272255,inf
18,19,inf,inf,inf,802.4088733307976,inf
18,20,inf,inf,inf,1468.3027616946035,inf
18,21,inf,inf,inf,697.7406394929279,inf
18,22,inf,inf,inf,1467.571122637673,inf
18,23,inf,inf,inf,538.3623315203247,inf
18,24,inf,inf,inf,1311.4591110667538,inf
18,25,inf,inf,inf,400.8004491015448,inf
18,26,inf,inf,inf,983.7489517148163,inf
18,27,inf,inf,inf,947.5193929413794,inf
18,28,inf,inf,inf,445.92600283006595,inf
18,29,inf,inf,inf,187.6006396577581,inf
18,30,inf,inf,inf,887.9397502083123,inf
18,31,inf,inf,inf,798.6651363368755,inf
18,32,inf,inf,inf,519.7614837596184,inf
18,33,inf,inf,inf,1150.078692959747,inf
18,34,inf,inf,inf,654.3790950206158,inf
18,35,inf,inf,inf,905.5749554840836,inf
18,36,inf,inf,inf,1072.8690507233396,inf
18,37,inf,inf,inf,978.3828493999678,inf
18,38,inf,inf,inf,1421.560410253465,inf
18,39,inf,inf,inf,1157.6307701508283,inf
18,40,inf,inf,inf,776.4148375707409,inf
18,41,inf,inf,inf,830.1355311032048,inf
18,42,inf,inf,inf,1344.291635025674,inf
18,43,inf,inf,inf,1255.7213066600407,inf
18,44,inf,inf,inf,658.3076788250308,inf
18,45,inf,inf,inf,1057.0912921786842,inf
18,46,inf,inf,inf,1390.4963142705558,inf
18,47,inf,inf,inf,422.7114855312072,inf
18,48,inf,inf,inf,1250.1775873850884,inf
18,49,inf,inf,inf,476.4241807465276,inf
18,50,inf,inf,inf,781.9769817584147,inf
18,51,inf,inf,inf,805.3874843825175,inf
18,52,inf,inf,inf,1066.1805663207335,inf
18,53,inf,inf,inf,1288.6038956948719,inf
18,54,inf,inf,inf,215.5411793602327,inf
18,55,inf,inf,inf,598.030099576936,inf
18,56,inf,inf,inf,735.6119901143537,inf
18,57,inf,inf,inf,1470.4863141151639,inf
18,58,inf,inf,inf,1218.801050212872,inf
18,59,inf,inf,inf,1258.1168467197313,inf
18,60,inf,inf,inf,1054.8146756658252,inf
18,61,inf,inf,inf,376.2352987161093,inf
18,62,inf,inf,inf,1164.1761035169893,inf
18,63,inf,inf,inf,221.19900542271884,inf
18,64,inf,inf,inf,667.2608185709693,inf
18,65,inf,inf,inf,492.97565862829373,inf
18,66,inf,inf,inf,784.4310039767679,inf
18,67,inf,inf,inf,104.04326023342406,inf
18,68,inf,inf,inf,1419.0352356442738,inf
18,69,inf,inf,inf,845.5294199494184,inf
18,70,inf,inf,inf,1472.183752117921,inf
18,71,inf,inf,inf,943.2841565509303,inf
18,72,inf,inf,inf,597.2352970145016,inf
18,73,inf,inf,inf,490.8054604423223,inf
18,74,inf,inf,inf,937.4017281827466,inf
18,75,inf,inf,inf,985.5607540887573,inf
18,76,inf,inf,inf,912.1715847361176,inf
18,77,inf,inf,inf,1229.4811913974122,inf
18,78,inf,inf,inf,1295.3115455364396,inf
18,79,inf,inf,inf,1099.6676770733966,inf
18,80,inf,inf,inf,207.5475849052453,inf
18,81,inf,inf,inf,1069.9018646586237,inf
18,82,inf,inf,inf,1460.9630385468347,inf
18,83,inf,inf,inf,587.0306635943305,inf
18,84,inf,inf,inf,587.6401960383581,inf
18,85,inf,inf,inf,733.9386895374845,inf
18,86,inf,inf,inf,87.46427842267951,inf
18,87,inf,inf,inf,367.5826437687177,inf
18,88,inf,inf,inf,600.4348424267199,inf
18,89,inf,inf,inf,1103.9352336074794,inf
18,90,inf,inf,inf,573.3524221628439,inf
18,91,inf,inf,inf,1089.02938436022,inf
18,92,inf,inf,inf,910.2889651094316,inf
18,93,inf,inf,inf,1308.6882745711448,inf
18,94,inf,inf,inf,662.8219972209733,inf
18,95,inf,inf,inf,810.8427714421582,inf
18,96,inf,inf,inf,1016.0088582291003,inf
18,97,inf,inf,inf,1198.5361905257596,inf
18,98,inf,inf,inf,485.5718278483627,inf
18,99,inf,inf,inf,139.12943613772032,inf
18,100,inf,inf,inf,931.45155536936,inf
18,101,inf,inf,inf,1144.447464936683,inf
18,102,inf,inf,inf,686.7808966475407,inf
18,103,inf,inf,inf,1418.858696276694,inf
18,104,inf,inf,inf,1326.6472779152716,inf
18,105,inf,inf,inf,1348.6734222931807,inf
18,106,inf,inf,inf,935.8984987700322,inf
18,107,inf,inf,inf,1355.5947034419985,inf
18,108,inf,inf,inf,1413.6513007103272,inf
18,109,inf,inf,inf,1101.6215321061948,inf
18,110,inf,inf,inf,618.5353668142186,inf
18,111,inf,inf,inf,708.8448349251055,inf
18,112,inf,inf,inf,959.5759480103699,inf
18,113,inf,inf,inf,785.7868667774997,inf
18,114,inf,inf,inf,782.7930761063233,inf
19,20,inf,inf,inf,835.419056521935,inf
19,21,inf,inf,inf,535.4941643006018,inf
19,22,inf,inf,inf,737.8976893851884,inf
19,23,inf,inf,inf,612.6548783777046,inf
19,24,inf,inf,inf,851.1409988950127,inf
19,25,inf,inf,inf,732.718909268759,inf
19,26,inf,inf,inf,695.5242626968522,inf
19,27,inf,inf,inf,359.55110902345996,inf
19,28,inf,inf,inf,700.2356746124836,inf
19,29,inf,inf,inf,856.9772459056308,inf
19,30,inf,inf,inf,992.0045362799507,inf
19,31,inf,inf,inf,575.7030484546699,inf
19,32,inf,inf,inf,416.293165929973,inf
19,33,inf,inf,inf,623.8501422617454,inf
19,34,inf,inf,inf,965.9896479776583,inf
19,35,inf,inf,inf,616.2288535925594,inf
19,36,inf,inf,inf,276.4706132665821,inf
19,37,inf,inf,inf,995.8699714320138,inf
19,38,inf,inf,inf,743.5388355694678,inf
19,39,inf,inf,inf,381.2833591962807,inf
19,40,inf,inf,inf,531.5336301684024,inf
19,41,inf,inf,inf,186.45374761586316,inf
19,42,inf,inf,inf,916.4387595469759,inf
19,43,inf,inf,inf,655.7316524310841,inf
19,44,inf,inf,inf,373.0965022618143,inf
19,45,inf,inf,inf,686.8900931007813,inf
19,46,inf,inf,inf,588.9006707416795,inf
19,47,inf,inf,inf,493.23523799501595,inf
19,48,inf,inf,inf,975.4527154096195,inf
19,49,inf,inf,inf,640.0624969485402,inf
19,50,inf,inf,inf,918.9232829785085,inf
19,51,inf,inf,inf,177.01129907438113,inf
19,52,inf,inf,inf,266.3625349030903,inf
19,53,inf,inf,inf,582.0309270133332,inf
19,54,inf,inf,inf,723.7029777470865,inf
19,55,inf,inf,inf,596.2717501274062,inf
19,56,inf,inf,inf,807.4682656302971,inf
19,57,inf,inf,inf,745.3710485389139,inf
19,58,inf,inf,inf,833.2346608249084,inf
19,59,inf,inf,inf,512.0644490686694,inf
19,60,inf,inf,inf,481.2920111533122,inf
19,61,inf,inf,inf,668.6890159109838,inf
19,62,inf,inf,inf,480.8513283749978,inf
19,63,inf,inf,inf,832.4908407904558,inf
19,64,inf,inf,inf,668.3300083042808,inf
19,65,inf,inf,inf,484.38104834933415,inf
19,66,inf,inf,inf,278.3522947633089,inf
19,67,inf,inf,inf,700.9315230462959,inf
19,68,inf,inf,inf,625.3934761412211,inf
19,69,inf,inf,inf,462.4499972970051,inf
19,70,inf,inf,inf,821.112050818888,inf
19,71,inf,inf,inf,552.3993120922581,inf
19,72,inf,inf,inf,781.1542741353977,inf
19,73,inf,inf,inf,932.3143246781099,inf
19,74,inf,inf,inf,479.30992061504423,inf
19,75,inf,inf,inf,910.2362330735906,inf
19,76,inf,inf,inf,273.18308878845335,inf
19,77,inf,inf,inf,510.83069602364344,inf
19,78,inf,inf,inf,523.0716968064703,inf
19,79,inf,inf,inf,982.214335061345,inf
19,80,inf,inf,inf,651.5519933205638,inf
19,81,inf,inf,inf,292.60553651631403,inf
19,82,inf,inf,inf,683.3220324268785,inf
19,83,inf,inf,inf,942.6499880655598,inf
19,84,inf,inf,inf,327.0,inf
19,85,inf,inf,inf,182.54314558481784,inf
19,86,inf,inf,inf,718.8115191063649,inf
19,87,inf,inf,inf,824.8909018773331,inf
19,88,inf,inf,inf,920.8094265373264,inf
19,89,inf,inf,inf,793.5143350942061,inf
19,90,inf,inf,inf,466.83723073465336,inf
19,91,inf,inf,inf,481.66066893612975,inf
19,92,inf,inf,inf,343.73536332475305,inf
19,93,inf,inf,inf,755.1589236710377,inf
19,94,inf,inf,inf,417.8097653238852,inf
19,95,inf,inf,inf,309.58359129643804,inf
19,96,inf,inf,inf,870.4952613311574,inf
19,97,inf,inf,inf,446.0011210748242,inf
19,98,inf,inf,inf,447.3030292765744,inf
19,99,inf,inf,inf,740.1925425184991,inf
19,100,inf,inf,inf,870.7663291606997,inf
19,101,inf,inf,inf,983.766232394668,inf
19,102,inf,inf,inf,257.9457307264456,inf
19,103,inf,inf,inf,888.8396930830665,inf
19,104,inf,inf,inf,911.8886993487747,inf
19,105,inf,inf,inf,557.8566124014307,inf
19,106,inf,inf,inf,185.4561942885705,inf
19,107,inf,inf,inf,626.8341088358227,inf
19,108,inf,inf,inf,899.7077303213528,inf
19,109,inf,inf,inf,306.62354769325856,inf
19,110,inf,inf,inf,324.3732418064104,inf
19,111,inf,inf,inf,259.8249410660955,inf
19,112,inf,inf,inf,416.9628280794344,inf
19,113,inf,inf,inf,276.739950133695,inf
19,114,inf,inf,inf,981.8620065976685,inf
20,21,inf,inf,inf,810.237619467277,inf
20,22,inf,inf,inf,254.53094114468678,inf
20,23,inf,inf,inf,1442.1459704204703,inf
20,24,inf,inf,inf,329.00455923892605,inf
20,25,inf,inf,inf,1181.4855056241697,inf
20,26,inf,inf,inf,607.4084293126002,inf
20,27,inf,inf,inf,531.37180956464,inf
20,28,inf,inf,inf,1124.4416392147705,inf
20,29,inf,inf,inf,1427.1177246464288,inf
20,30,inf,inf,inf,1045.8642359312225,inf
20,31,inf,inf,inf,728.8573248585761,inf
20,32,inf,inf,inf,1238.678731552294,inf
20,33,inf,inf,inf,333.5386034629275,inf
20,34,inf,inf,inf,1223.230558807292,inf
20,35,inf,inf,inf,637.0282568301033,inf
20,36,inf,inf,inf,768.1126219507137,inf
20,37,inf,inf,inf,959.9770830597989,inf
20,38,inf,inf,inf,126.19429464123962,inf
20,39,inf,inf,inf,845.7919365896083,inf
20,40,inf,inf,inf,1355.6920741820393,inf
20,41,inf,inf,inf,986.6194808536876,inf
20,42,inf,inf,inf,382.78061601915005,inf
20,43,inf,inf,inf,212.82152146810716,inf
20,44,inf,inf,inf,810.0432087240779,inf
20,45,inf,inf,inf,506.7316844248048,inf
20,46,inf,inf,inf,709.0253874157116,inf
20,47,inf,inf,inf,1047.408229870283,inf
20,48,inf,inf,inf,612.6083577621187,inf
20,49,inf,inf,inf,1461.0396982970724,inf
20,50,inf,inf,inf,1056.3261806847354,inf
20,51,inf,inf,inf,715.6004471770542,inf
20,52,inf,inf,inf,747.5413032067191,inf
20,53,inf,inf,inf,276.68212808202844,inf
20,54,inf,inf,inf,1296.038965463616,inf
20,55,inf,inf,inf,1430.5065536375566,inf
20,56,inf,inf,inf,977.626718129164,inf
20,57,inf,inf,inf,240.12704970494266,inf
20,58,inf,inf,inf,446.83889714303075,inf
20,59,inf,inf,inf,958.0318366317479,inf
20,60,inf,inf,inf,1178.0106111576415,inf
20,61,inf,inf,inf,1469.370613562147,inf
20,62,inf,inf,inf,354.7745763157219,inf
20,63,inf,inf,inf,1382.6098509702583,inf
20,64,inf,inf,inf,918.6294138552281,inf
20,65,inf,inf,inf,1305.6255205839077,inf
20,66,inf,inf,inf,1096.0770958285736,inf
20,67,inf,inf,inf,1388.7238746417518,inf
20,68,inf,inf,inf,535.0682199495686,inf
20,69,inf,inf,inf,1266.6889910313423,inf
20,70,inf,inf,inf,42.04759208325728,inf
20,71,inf,inf,inf,555.7283509053682,inf
20,72,inf,inf,inf,1073.0167752649536,inf
20,73,inf,inf,inf,1311.4941860336248,inf
20,74,inf,inf,inf,1249.2785918280997,inf
20,75,inf,inf,inf,841.546790143008,inf
20,76,inf,inf,inf,592.0135133592813,inf
20,77,inf,inf,inf,345.3534421429733,inf
20,78,inf,inf,inf,886.0050789922144,inf
20,79,inf,inf,inf,808.5666329994084,inf
20,80,inf,inf,inf,1265.300359598463,inf
20,81,inf,inf,inf,838.1294649396357,inf
20,82,inf,inf,inf,438.5156781689795,inf
20,83,inf,inf,inf,1250.0407993341657,inf
20,84,inf,inf,inf,1156.191160665052,inf
20,85,inf,inf,inf,778.005784040196,inf
20,86,inf,inf,inf,1405.6375777560872,inf
20,87,inf,inf,inf,1284.1689919944338,inf
20,88,inf,inf,inf,1214.2919747737774,inf
20,89,inf,inf,inf,556.6417160077027,inf
20,90,inf,inf,inf,904.1106127017866,inf
20,91,inf,inf,inf,1148.7123225594823,inf
20,92,inf,inf,inf,566.562441395474,inf
20,93,inf,inf,inf,198.17668884104407,inf
20,94,inf,inf,inf,1252.8567356246283,inf
20,95,inf,inf,inf,663.6663318264683,inf
20,96,inf,inf,inf,758.1088312373099,inf
20,97,inf,inf,inf,436.811172018299,inf
20,98,inf,inf,inf,983.3803943540871,inf
20,99,inf,inf,inf,1464.6398874808783,inf
20,100,inf,inf,inf,852.0710064308021,inf
20,101,inf,inf,inf,758.1088312373099,inf
20,102,inf,inf,inf,1093.2232159993675,inf
20,103,inf,inf,inf,208.4922060893404,inf
20,104,inf,inf,inf,402.6313450291718,inf
20,105,inf,inf,inf,810.8002220029297,inf
20,106,inf,inf,inf,650.6097140375326,inf
20,107,inf,inf,inf,284.5487655921213,inf
20,108,inf,inf,inf,238.32121181296472,inf
20,109,inf,inf,inf,622.1261929865998,inf
20,110,inf,inf,inf,853.8413201526382,inf
20,111,inf,inf,inf,1093.626078694176,inf
20,112,inf,inf,inf,509.6125979604507,inf
20,113,inf,inf,inf,1094.06581154883,inf
20,114,inf,inf,inf,1131.6121243606397,inf
21,22,inf,inf,inf,878.6518081697665,inf
21,23,inf,inf,inf,887.4345046255527,inf
21,24,inf,inf,inf,614.8666522100544,inf
21,25,inf,inf,inf,371.24789561693143,inf
21,26,inf,inf,inf,290.0,inf
21,27,inf,inf,inf,370.1580743412198,inf
21,28,inf,inf,inf,314.3055837874981,inf
21,29,inf,inf,inf,623.852546680704,inf
21,30,inf,inf,inf,456.60595703516617,inf
21,31,inf,inf,inf,101.86265262597475,inf
21,32,inf,inf,inf,700.5269445210513,inf
21,33,inf,inf,inf,477.557326401763,inf
21,34,inf,inf,inf,478.6585421780332,inf
21,35,inf,inf,inf,208.0384579831335,inf
21,36,inf,inf,inf,756.5778215094598,inf
21,37,inf,inf,inf,466.62297414508,inf
21,38,inf,inf,inf,794.0100755028238,inf
21,39,inf,inf,inf,879.884651531097,inf
21,40,inf,inf,inf,953.3278554621176,inf
21,41,inf,inf,inf,704.2989422113312,inf
21,42,inf,inf,inf,646.6297240306851,inf
21,43,inf,inf,inf,601.5197419869111,inf
21,44,inf,inf,inf,166.388100536066,inf
21,45,inf,inf,inf,359.4495792180038,inf
21,46,inf,inf,inf,997.906809276297,inf
21,47,inf,inf,inf,290.0362046365936,inf
21,48,inf,inf,inf,576.7581815631227,inf
21,49,inf,inf,inf,871.8405817579267,inf
21,50,inf,inf,inf,389.0629769073382,inf
21,51,inf,inf,inf,383.80333505585907,inf
21,52,inf,inf,inf,736.3973112389806,inf
21,53,inf,inf,inf,701.3429973985625,inf
21,54,inf,inf,inf,500.8792269599529,inf
21,55,inf,inf,inf,909.2733362416386,inf
21,56,inf,inf,inf,276.89889851713025,inf
21,57,inf,inf,inf,876.6778199544003,inf
21,58,inf,inf,inf,521.7911459578439,inf
21,59,inf,inf,inf,1024.0019531231374,inf
21,60,inf,inf,inf,1010.0554440227527,inf
21,61,inf,inf,inf,832.1808697632985,inf
21,62,inf,inf,inf,581.6012379629191,inf
21,63,inf,inf,inf,577.1178389202677,inf
21,64,inf,inf,inf,146.40013661195812,inf
21,65,inf,inf,inf,747.1659788828717,inf
21,66,inf,inf,inf,758.7476523851656,inf
21,67,inf,inf,inf,640.5255654538701,inf
21,68,inf,inf,inf,942.3507839440682,inf
21,69,inf,inf,inf,931.4558497320203,inf
21,70,inf,inf,inf,823.2964229243316,inf
21,71,inf,inf,inf,256.8910274805253,inf
21,72,inf,inf,inf,295.70255325241953,inf
21,73,inf,inf,inf,517.2001546790178,inf
21,74,inf,inf,inf,978.6950495430126,inf
21,75,inf,inf,inf,398.0452235613436,inf
21,76,inf,inf,inf,398.1519810323691,inf
21,77,inf,inf,inf,664.6878966853541,inf
21,78,inf,inf,inf,1012.7437978087054,inf
21,79,inf,inf,inf,492.37891912631676,inf
21,80,inf,inf,inf,490.6179776567508,inf
21,81,inf,inf,inf,800.5023422826445,inf
21,82,inf,inf,inf,938.9531404708118,inf
21,83,inf,inf,inf,480.2426470025335,inf
21,84,inf,inf,inf,666.5890788184277,inf
21,85,inf,inf,inf,353.29874044496677,inf
21,86,inf,inf,inf,654.5655047434137,inf
21,87,inf,inf,inf,474.3342703199928,inf
21,88,inf,inf,inf,448.8073083183918,inf
21,89,inf,inf,inf,412.82562904936026,inf
21,90,inf,inf,inf,141.90489773083945,inf
21,91,inf,inf,inf,1015.0197042422378,inf
21,92,inf,inf,inf,338.9926252885157,inf
21,93,inf,inf,inf,630.5180409790032,inf
21,94,inf,inf,inf,804.2045759631065,inf
21,95,inf,inf,inf,272.47018185482244,inf
21,96,inf,inf,inf,383.76034188018957,inf
21,97,inf,inf,inf,679.5711883239312,inf
21,98,inf,inf,inf,243.52823244954578,inf
21,99,inf,inf,inf,734.7605051988029,inf
21,100,inf,inf,inf,350.5709628591621,inf
21,101,inf,inf,inf,514.6901980803598,inf
21,102,inf,inf,inf,681.3882887164997,inf
21,103,inf,inf,inf,729.0171465747565,inf
21,104,inf,inf,inf,629.2892816503393,inf
21,105,inf,inf,inf,1014.8783178292854,inf
21,106,inf,inf,inf,511.95312285403634,inf
21,107,inf,inf,inf,779.5954078879633,inf
21,108,inf,inf,inf,721.0880667435844,inf
21,109,inf,inf,inf,687.5638152200856,inf
21,110,inf,inf,inf,233.23807579381202,inf
21,111,inf,inf,inf,698.9284655814213,inf
21,112,inf,inf,inf,343.91859501922835,inf
21,113,inf,inf,inf,758.1167456269516,inf
21,114,inf,inf,inf,457.89627646444126,inf
22,23,inf,inf,inf,1348.2481225649824,inf
22,24,inf,inf,inf,549.9181757316264,inf
22,25,inf,inf,inf,1238.8131416803747,inf
22,26,inf,inf,inf,748.1904837673358,inf
22,27,inf,inf,inf,529.4166601080854,inf
22,28,inf,inf,inf,1185.052319520113,inf
22,29,inf,inf,inf,1458.8409783112072,inf
22,30,inf,inf,inf,1198.9937447710058,inf
22,31,inf,inf,inf,819.0634896026071,inf
22,32,inf,inf,inf,1154.1858602495527,inf
22,33,inf,inf,inf,454.059467470947,inf
22,34,inf,inf,inf,1335.8641397986548,inf
22,35,inf,inf,inf,749.2909982109754,inf
22,36,inf,inf,inf,595.503988231817,inf
22,37,inf,inf,inf,1128.8055634164814,inf
22,38,inf,inf,inf,141.19844191774922,inf
22,39,inf,inf,inf,647.0935017445315,inf
22,40,inf,inf,inf,1220.6248399897488,inf
22,41,inf,inf,inf,854.774824149612,inf
22,42,inf,inf,inf,614.6844719040819,inf
22,43,inf,inf,inf,324.2298567374695,inf
22,44,inf,inf,inf,828.8715220104983,inf
22,45,inf,inf,inf,654.1719957320093,inf
22,46,inf,inf,inf,468.2574078431648,inf
22,47,inf,inf,inf,1063.4331196647959,inf
22,48,inf,inf,inf,828.7466440354374,inf
22,49,inf,inf,inf,1377.904568538765,inf
22,50,inf,inf,inf,1189.4456692089807,inf
22,51,inf,inf,inf,667.1626488346002,inf
22,52,inf,inf,inf,579.3271959782313,inf
22,53,inf,inf,inf,181.1767093199344,inf
22,54,inf,inf,inf,1321.8642139039848,inf
22,55,inf,inf,inf,1326.3366842547937,inf
22,56,inf,inf,inf,1096.067516168598,inf
22,57,1.0,16.6569,16.65685424949238,15.0,1.1104569499661587
22,58,inf,inf,inf,648.4820737691983,inf
22,59,inf,inf,inf,739.9601340612885,inf
22,60,inf,inf,inf,994.8994924111681,inf
22,61,inf,inf,inf,1403.4942108893788,inf
22,62,inf,inf,inf,306.5893018355337,inf
22,63,inf,inf,inf,1419.1856820021826,inf
22,64,inf,inf,inf,1009.3017388273935,inf
22,65,inf,inf,inf,1222.2765644484884,inf
22,66,inf,inf,inf,965.683695627093,inf
22,67,inf,inf,inf,1377.339464329691,inf
22,68,inf,inf,inf,288.8390555309306,inf
22,69,inf,inf,inf,1119.4896158517952,inf
22,70,inf,inf,inf,213.19005605327843,inf
22,71,inf,inf,inf,650.3722011279388,inf
22,72,inf,inf,inf,1166.7411880961433,inf
22,73,inf,inf,inf,1395.7367230247974,inf
22,74,inf,inf,inf,1086.2877151105042,inf
22,75,inf,inf,inf,1008.9286396965842,inf
22,76,inf,inf,inf,555.4043572029301,inf
22,77,inf,inf,inf,238.66503723838562,inf
22,78,inf,inf,inf,661.3992742663088,inf
22,79,inf,inf,inf,998.2795199742404,inf
22,80,inf,inf,inf,1276.1069704378235,inf
22,81,inf,inf,inf,660.0189391222043,inf
22,82,inf,inf,inf,185.77943912069495,inf
22,83,inf,inf,inf,1350.8293748656786,inf
22,84,inf,inf,inf,1064.3401711858855,inf
22,85,inf,inf,inf,737.6943811633649,inf
22,86,inf,inf,inf,1395.1060891559466,inf
22,87,inf,inf,inf,1344.1502892162023,inf
22,88,inf,inf,inf,1316.8617998863815,inf
22,89,inf,inf,inf,733.3048479316088,inf
22,90,inf,inf,inf,939.0005324812122,inf
22,91,inf,inf,inf,959.713498915171,inf
22,92,inf,inf,inf,566.6436269826036,inf
22,93,inf,inf,inf,390.8247689182455,inf
22,94,inf,inf,inf,1139.2084971593215,inf
22,95,inf,inf,inf,664.1182123688523,inf
22,96,inf,inf,inf,928.2591233055563,inf
22,97,inf,inf,inf,292.2498930709813,inf
22,98,inf,inf,inf,998.7096675210469,inf
22,99,inf,inf,inf,1439.8402689187437,inf
22,100,inf,inf,inf,1007.8834257988372,inf
22,101,inf,inf,inf,955.7013131726878,inf
22,102,inf,inf,inf,984.9390844108076,inf
22,103,inf,inf,inf,453.9438291242651,inf
22,104,inf,inf,inf,631.0388260638168,inf
22,105,inf,inf,inf,577.2564421468157,inf
22,106,inf,inf,inf,558.7530760541727,inf
22,107,inf,inf,inf,113.21660655575224,inf
22,108,inf,inf,inf,482.99585919550077,inf
22,109,inf,inf,inf,463.49217900629134,inf
22,110,inf,inf,inf,852.9929659733426,inf
22,111,inf,inf,inf,980.2040603874277,inf
22,112,inf,inf,inf,537.5658099247012,inf
22,113,inf,inf,inf,963.5112869084617,inf
22,114,inf,inf,inf,1266.491215919005,inf
23,24,inf,inf,inf,1405.2533579394144,inf
23,25,inf,inf,inf,796.1789999742521,inf
23,26,inf,inf,inf,1155.0584400799814,inf
23,27,inf,inf,inf,929.3465446215421,inf
23,28,inf,inf,inf,809.1971329657564,inf
23,29,inf,inf,inf,707.4941695872836,inf
23,30,inf,inf,inf,1255.5815385708727,inf
23,31,inf,inf,inf,977.7627524098062,inf
23,32,inf,inf,inf,206.01456259206532,inf
23,33,inf,inf,inf,1191.3290897145087,inf
23,34,inf,inf,inf,1091.2204176975429,inf
23,35,inf,inf,inf,1065.5045753069294,inf
23,36,inf,inf,inf,800.8208288999481,inf
23,37,inf,inf,inf,1312.9223130101796,inf
23,38,inf,inf,inf,1355.2888990912602,inf
23,39,inf,inf,inf,834.4824743516187,inf
23,40,inf,inf,inf,265.51459470243816,inf
23,41,inf,inf,inf,512.7855302170684,inf
23,42,inf,inf,inf,1460.466363871486,inf
23,43,inf,inf,inf,1250.395937293464,inf
23,44,inf,inf,inf,751.8809746229784,inf
23,45,inf,inf,inf,1188.511674322133,inf
23,46,inf,inf,inf,1105.7603718708679,inf
23,47,inf,inf,inf,630.9651337435374,inf
23,48,inf,inf,inf,1452.5212562988536,inf
23,49,inf,inf,inf,67.95586803212802,inf
23,50,inf,inf,inf,1153.3646431202926,inf
23,51,inf,inf,inf,732.4295187934467,inf
23,52,inf,inf,inf,806.3404987968793,inf
23,53,inf,inf,inf,1194.6020257809712,inf
23,54,inf,inf,inf,647.5214282168583,inf
23,55,inf,inf,inf,63.00793600809346,inf
23,56,inf,inf,inf,1067.3260982473912,inf
23,57,inf,inf,inf,1356.3509870236392,inf
23,58,inf,inf,inf,1354.087884887831,inf
23,59,inf,inf,inf,884.4433277491554,inf
23,60,inf,inf,inf,604.0993295808231,inf
23,61,inf,inf,inf,169.24833824885843,inf
23,62,inf,inf,inf,1089.8807274192898,inf
23,63,inf,inf,inf,721.5434844830907,inf
23,64,inf,inf,inf,946.1273698609506,inf
23,65,inf,inf,inf,144.25324953012324,inf
23,66,inf,inf,inf,413.0399496416781,inf
23,67,inf,inf,inf,460.63543068244326,inf
23,68,inf,inf,inf,1197.781699643136,inf
23,69,inf,inf,inf,368.0244557091281,inf
23,70,inf,inf,inf,1430.5484962069618,inf
23,71,inf,inf,inf,1048.7254168751704,inf
23,72,inf,inf,inf,962.0083159723724,inf
23,73,inf,inf,inf,962.9060182593107,inf
23,74,inf,inf,inf,462.77424301704605,inf
23,75,inf,inf,inf,1273.8178833726586,inf
23,76,inf,inf,inf,855.046782345855,inf
23,77,inf,inf,inf,1123.4847573509842,inf
23,78,inf,inf,inf,947.3805993369297,inf
23,79,inf,inf,inf,1376.4566829362993,inf
23,80,inf,inf,inf,569.3452379707763,inf
23,81,inf,inf,inf,764.0994699644805,inf
23,82,inf,inf,inf,1274.154229283096,inf
23,83,inf,inf,inf,1034.7758211322875,inf
23,84,inf,inf,inf,286.4349838968697,inf
23,85,inf,inf,inf,679.9823527121862,inf
23,86,inf,inf,inf,468.0042734847621,inf
23,87,inf,inf,inf,824.6314328231734,inf
23,88,inf,inf,inf,1034.0754324516176,inf
23,89,inf,inf,inf,1274.8901913498275,inf
23,90,inf,inf,inf,748.9225594145232,inf
23,91,inf,inf,inf,648.4481475029442,inf
23,92,inf,inf,inf,900.8884503644166,inf
23,93,inf,inf,inf,1339.2329894383577,inf
23,94,inf,inf,inf,228.08989455914087,inf
23,95,inf,inf,inf,821.8734695803241,inf
23,96,inf,inf,inf,1270.3212192197689,inf
23,97,inf,inf,inf,1056.0402454452199,inf
23,98,inf,inf,inf,652.8537355334654,inf
23,99,inf,inf,inf,401.6179776852625,inf
23,100,inf,inf,inf,1221.4417710230807,inf
23,101,inf,inf,inf,1401.9850213179882,inf
23,102,inf,inf,inf,365.39567594595314,inf
23,103,inf,inf,inf,1469.9938775382705,inf
23,104,inf,inf,inf,1450.1892979883696,inf
23,105,inf,inf,inf,1027.3782166271583,inf
23,106,inf,inf,inf,797.2578002127041,inf
23,107,inf,inf,inf,1238.368685004591,inf
23,108,inf,inf,inf,1475.8441652152844,inf
23,109,inf,inf,inf,896.2521966500277,inf
23,110,inf,inf,inf,679.8970510305219,inf
23,111,inf,inf,inf,373.8515748261601,inf
23,112,inf,inf,inf,972.6767191621274,inf
23,113,inf,inf,inf,415.2216275677364,inf
23,114,inf,inf,inf,1183.7453273403025,inf
24,25,inf,inf,inf,969.7216095354378,inf
24,26,inf,inf,inf,345.77593901253454,inf
24,27,inf,inf,inf,492.15444730287663,inf
24,28,inf,inf,inf,912.0049341971786,inf
24,29,inf,inf,inf,1233.8010374448547,inf
24,30,inf,inf,inf,742.4957912338629,inf
24,31,inf,inf,inf,516.1869816258446,inf
24,32,inf,inf,inf,1200.0970794064954,inf
24,33,inf,inf,inf,228.56946427727394,inf
24,34,inf,inf,inf,950.9621443569665,inf
24,35,inf,inf,inf,409.6498504820916,inf
24,36,inf,inf,inf,890.0881978770418,inf
24,37,inf,inf,inf,646.6962192559965,inf
24,38,inf,inf,inf,409.59125967237145,inf
24,39,inf,inf,inf,996.2007829749984,inf
24,40,inf,inf,inf,1379.9655792808746,inf
24,41,inf,inf,inf,1030.9461673627775,inf
24,42,inf,inf,inf,73.68174807915459,inf
24,43,inf,inf,inf,263.9109698364204,inf
24,44,inf,inf,inf,678.9418237227693,inf
24,45,inf,inf,inf,256.71969149249145,inf
24,46,inf,inf,inf,938.5014651027456,inf
24,47,inf,inf,inf,894.035793466906,inf
24,48,inf,inf,inf,283.9242856819402,inf
24,49,inf,inf,inf,1408.8637265541333,inf
24,50,inf,inf,inf,770.0058441336663,inf
24,51,inf,inf,inf,687.8430053435159,inf
24,52,inf,inf,inf,866.2759375626222,inf
24,53,inf,inf,inf,468.44957039152035,inf
24,54,inf,inf,inf,1115.1668036666085,inf
24,55,inf,inf,inf,1408.1026241009567,inf
24,56,inf,inf,inf,709.1248127093002,inf
24,57,inf,inf,inf,538.1867705546096,inf
24,58,inf,inf,inf,127.4244874425634,inf
24,59,inf,inf,inf,1131.1980374806174,inf
24,60,inf,inf,inf,1282.4901559076388,inf
24,61,inf,inf,inf,1394.085363239999,inf
24,62,inf,inf,inf,453.20304500300966,inf
24,63,inf,inf,inf,1185.4627788336502,inf
24,64,inf,inf,inf,684.9729921683044,inf
24,65,inf,inf,inf,1261.5427063718453,inf
24,66,inf,inf,inf,1129.4480953102714,inf
24,67,inf,inf,inf,1248.2219353945034,inf
24,68,inf,inf,inf,787.6103097344524,inf
24,69,inf,inf,inf,1312.923836328673,inf
24,70,inf,inf,inf,366.0874212534487,inf
24,71,inf,inf,inf,373.0120641480648,inf
24,72,inf,inf,inf,826.1022939079639,inf
24,73,inf,inf,inf,1064.827216030845,inf
24,74,inf,inf,inf,1319.5396924685517,inf
24,75,inf,inf,inf,532.3241493676574,inf
24,76,inf,inf,inf,577.9584760170924,inf
24,77,inf,inf,inf,504.69099456994473,inf
24,78,inf,inf,inf,1074.6911184149612,inf
24,79,inf,inf,inf,485.05669771687514,inf
24,80,inf,inf,inf,1103.9370453064794,inf
24,81,inf,inf,inf,959.9401022980549,inf
24,82,inf,inf,inf,713.2040381265379,inf
24,83,inf,inf,inf,988.5393264812483,inf
24,84,inf,inf,inf,1132.9404220875872,inf
24,85,inf,inf,inf,728.7008988604309,inf
24,86,inf,inf,inf,1263.3198328214435,inf
24,87,inf,inf,inf,1064.63984520588,inf
24,88,inf,inf,inf,952.1937827984385,inf
24,89,inf,inf,inf,255.01764644824092,inf
24,90,inf,inf,inf,740.5106346299153,inf
24,91,inf,inf,inf,1263.914554073969,inf
24,92,inf,inf,inf,512.9610121636927,inf
24,93,inf,inf,inf,162.4130536625674,inf
24,94,inf,inf,inf,1252.7545649487772,inf
24,95,inf,inf,inf,583.5451996203893,inf
24,96,inf,inf,inf,449.5786916658751,inf
24,97,inf,inf,inf,592.8709809056268,inf
24,98,inf,inf,inf,836.4789298003866,inf
24,99,inf,inf,inf,1337.3174641796913,inf
24,100,inf,inf,inf,552.4499977373517,inf
24,101,inf,inf,inf,431.65379646193315,inf
24,102,inf,inf,inf,1096.7210219559029,inf
24,103,inf,inf,inf,142.21462653327893,inf
24,104,inf,inf,inf,83.2586331859946,inf
24,105,inf,inf,inf,1020.1298936900143,inf
24,106,inf,inf,inf,690.4990948582047,inf
24,107,inf,inf,inf,524.141202349138,inf
24,108,inf,inf,inf,121.01652779682617,inf
24,109,inf,inf,inf,748.0006684488992,inf
24,110,inf,inf,inf,742.1677707904056,inf
24,111,inf,inf,inf,1104.0262678034433,inf
24,112,inf,inf,inf,438.7174489349609,inf
24,113,inf,inf,inf,1127.8084943819142,inf
24,114,inf,inf,inf,841.4333009811295,inf
25,26,inf,inf,inf,626.2946590862803,inf
25,27,inf,inf,inf,713.4479658671683,inf
25,28,inf,inf,inf,57.87054518492115,inf
25,29,inf,inf,inf,270.04629232781554,inf
25,30,inf,inf,inf,491.4671911735309,inf
25,31,inf,inf,inf,458.6469230246727,inf
25,32,inf,inf,inf,671.6107503606535,inf
25,33,inf,inf,inf,848.6530504275584,inf
25,34,inf,inf,inf,295.26428839261956,inf
25,35,inf,inf,inf,561.9759781342972,inf
25,36,inf,inf,inf,1001.4214896835398,inf
25,37,inf,inf,inf,577.8996452672384,inf
25,38,inf,inf,inf,1162.163929916946,inf
25,39,inf,inf,inf,1113.3840307818323,inf
25,40,inf,inf,inf,959.9859373970016,inf
25,41,inf,inf,inf,846.0413701468741,inf
25,42,inf,inf,inf,990.5882090959896,inf
25,43,inf,inf,inf,972.3564161355649,inf
25,44,inf,inf,inf,422.26295125194207,inf
25,45,inf,inf,inf,713.7261379548881,inf
25,46,inf,inf,inf,1288.501843227242,inf
25,47,inf,inf,inf,242.03305559365234,inf
25,48,inf,inf,inf,867.0784278253035,inf
25,49,inf,inf,inf,754.1704051472717,inf
25,50,inf,inf,inf,384.90648214858635,inf
25,51,inf,inf,inf,647.0857748397812,inf
25,52,inf,inf,inf,986.5100100860609,inf
25,53,inf,inf,inf,1058.6600020780986,inf
25,54,inf,inf,inf,186.50737250843463,inf
25,55,inf,inf,inf,840.4933075283824,inf
25,56,inf,inf,inf,335.49068541466244,inf
25,57,inf,inf,inf,1238.0924844291721,inf
25,58,inf,inf,inf,862.6754893933175,inf
25,59,inf,inf,inf,1243.7576130420268,inf
25,60,inf,inf,inf,1135.8912800087867,inf
25,61,inf,inf,inf,677.5381908055073,inf
25,62,inf,inf,inf,934.963635656489,inf
25,63,inf,inf,inf,219.9681795169474,inf
25,64,inf,inf,inf,288.5064990602465,inf
25,65,inf,inf,inf,686.6338179845208,inf
25,66,inf,inf,inf,852.9249673916223,inf
25,67,inf,inf,inf,391.348949148966,inf
25,68,inf,inf,inf,1265.8001422025516,inf
25,69,inf,inf,inf,984.0757084696279,inf
25,70,inf,inf,inf,1194.234482838274,inf
25,71,inf,inf,inf,627.1794001719126,inf
25,72,inf,inf,inf,196.49173010587495,inf
25,73,inf,inf,inf,201.52667317256046,inf
25,74,inf,inf,inf,1058.321784713893,inf
25,75,inf,inf,inf,587.5755270601389,inf
25,76,inf,inf,inf,713.5404683688234,inf
25,77,inf,inf,inf,1013.9847138887252,inf
25,78,inf,inf,inf,1254.7370242405377,inf
25,79,inf,inf,inf,701.9116753552402,inf
25,80,inf,inf,inf,236.66220653074288,inf
25,81,inf,inf,inf,1025.1990050716984,inf
25,82,inf,inf,inf,1279.0699746300043,inf
25,83,inf,inf,inf,242.90327292978165,inf
25,84,inf,inf,inf,688.4199299845989,inf
25,85,inf,inf,inf,585.8540773947042,inf
25,86,inf,inf,inf,397.5084904753608,inf
25,87,inf,inf,inf,105.38500842150178,inf
25,88,inf,inf,inf,238.28764130772709,inf
25,89,inf,inf,inf,738.3887864804016,inf
25,90,inf,inf,inf,305.65994176535463,inf
25,91,inf,inf,inf,1155.9169520341848,inf
25,92,inf,inf,inf,677.5522120102627,inf
25,93,inf,inf,inf,1000.176984338272,inf
25,94,inf,inf,inf,813.8415079117063,inf
25,95,inf,inf,inf,587.3882872512867,inf
25,96,inf,inf,inf,624.5870635868149,inf
25,97,inf,inf,inf,1012.1976091653249,inf
25,98,inf,inf,inf,286.3092733391638,inf
25,99,inf,inf,inf,492.81436667369996,inf
25,100,inf,inf,inf,534.083326832059,inf
25,101,inf,inf,inf,749.4431265946736,inf
25,102,inf,inf,inf,753.5947186651456,inf
25,103,inf,inf,inf,1092.5772283916592,inf
25,104,inf,inf,inf,970.4947192025313,inf
25,105,inf,inf,inf,1280.2956689765065,inf
25,106,inf,inf,inf,791.6924908068789,inf
25,107,inf,inf,inf,1134.775748771536,inf
25,108,inf,inf,inf,1082.0614585133324,inf
25,109,inf,inf,inf,974.9528193712761,inf
25,110,inf,inf,inf,428.78549415762654,inf
25,111,inf,inf,inf,776.4032457428292,inf
25,112,inf,inf,inf,701.482002620167,inf
25,113,inf,inf,inf,853.2901030716341,inf
25,114,inf,inf,inf,397.1120748604857,inf
26,27,inf,inf,inf,381.0472411657116,inf
26,28,inf,inf,inf,568.9006943219529,inf
26,29,inf,inf,inf,893.0688663255482,inf
26,30,inf,inf,inf,450.809272309255,inf
26,31,inf,inf,inf,188.35073665903195,inf
26,32,inf,inf,inf,958.2160507943915,inf
26,33,inf,inf,inf,294.5522025040723,inf
26,34,inf,inf,inf,617.5062752717579,inf
26,35,inf,inf,inf,89.55445270895244,inf
26,36,inf,inf,inf,839.5772745852522,inf
26,37,inf,inf,inf,387.1911672546263,inf
26,38,inf,inf,inf,631.3731068076942,inf
26,39,inf,inf,inf,962.2977709628137,inf
26,40,inf,inf,inf,1184.56489902411,inf
26,41,inf,inf,inf,881.1112302087631,inf
26,42,inf,inf,inf,364.6505176192679,inf
26,43,inf,inf,inf,428.04906260848185,inf
26,44,inf,inf,inf,403.24310285484114,inf
26,45,inf,inf,inf,100.71742649611338,inf
26,46,inf,inf,inf,1001.8273304317466,inf
26,47,inf,inf,inf,579.8456691223968,inf
26,48,inf,inf,inf,297.6743186773088,inf
26,49,inf,inf,inf,1146.292283843872,inf
26,50,inf,inf,inf,449.5887009256349,inf
26,51,inf,inf,inf,518.8111409752107,inf
26,52,inf,inf,inf,816.0153184836666,inf
26,53,inf,inf,inf,596.1560198471537,inf
26,54,inf,inf,inf,779.9102512468983,inf
26,55,inf,inf,inf,1169.8452889164448,inf
26,56,inf,inf,inf,372.0658543860213,inf
26,57,inf,inf,inf,741.6360293297515,inf
26,58,inf,inf,inf,237.0358622656074,inf
26,59,inf,inf,inf,1108.9815147242086,inf
26,60,inf,inf,inf,1172.7881309085626,inf
26,61,inf,inf,inf,1114.4886719926767,inf
26,62,inf,inf,inf,506.3595560468865,inf
26,63,inf,inf,inf,844.0290279368359,inf
26,64,inf,inf,inf,339.66601242985735,inf
26,65,inf,inf,inf,1011.719822875879,inf
26,66,inf,inf,inf,959.3424831622959,inf
26,67,inf,inf,inf,930.0715026276206,inf
26,68,inf,inf,inf,897.5215874841117,inf
26,69,inf,inf,inf,1142.2127647684558,inf
26,70,inf,inf,inf,631.6937549160986,inf
26,71,inf,inf,inf,150.8409758653132,inf
26,72,inf,inf,inf,481.26915546292804,inf
26,73,inf,inf,inf,720.7468348872577,inf
26,74,inf,inf,inf,1172.170636042381,inf
26,75,inf,inf,inf,270.1481075262235,inf
26,76,inf,inf,inf,457.4111935665764,inf
26,77,inf,inf,inf,589.2113372975778,inf
26,78,inf,inf,inf,1075.5696165288418,inf
26,79,inf,inf,inf,301.3585903869342,inf
26,80,inf,inf,inf,777.8341725586502,inf
26,81,inf,inf,inf,899.47984969092,inf
26,82,inf,inf,inf,860.402812640684,inf
26,83,inf,inf,inf,649.0554675834724,inf
26,84,inf,inf,inf,908.9229890370251,inf
26,85,inf,inf,inf,527.6741418716668,inf
26,86,inf,inf,inf,943.8410883194268,inf
26,87,inf,inf,inf,719.467163948432,inf
26,88,inf,inf,inf,612.8360302723723,inf
26,89,inf,inf,inf,123.22743201089601,inf
26,90,inf,inf,inf,428.8554535038583,inf
26,91,inf,inf,inf,1166.8954537575335,inf
26,92,inf,inf,inf,374.7212297161718,inf
26,93,inf,inf,inf,410.25967386522404,inf
26,94,inf,inf,inf,1041.971688674889,inf
26,95,inf,inf,inf,386.0828926538963,inf
26,96,inf,inf,inf,199.7298175035465,inf
26,97,inf,inf,inf,642.990668672571,inf
26,98,inf,inf,inf,530.2697426781958,inf
26,99,inf,inf,inf,1024.750213466677,inf
26,100,inf,inf,inf,260.76809620810593,inf
26,101,inf,inf,inf,291.04295215655026,inf
26,102,inf,inf,inf,900.4276761628332,inf
26,103,inf,inf,inf,476.9339576922574,inf
26,104,inf,inf,inf,345.23180618245476,inf
26,105,inf,inf,inf,1050.6274315855264,inf
26,106,inf,inf,inf,593.1239330865009,inf
26,107,inf,inf,inf,673.6980035594584,inf
26,108,inf,inf,inf,462.50189188802244,inf
26,109,inf,inf,inf,727.1891088293333,inf
26,110,inf,inf,inf,475.75203625418146,inf
26,111,inf,inf,inf,913.7291721292474,inf
26,112,inf,inf,inf,321.27869521647403,inf
26,113,inf,inf,inf,958.2071801025079,inf
26,114,inf,inf,inf,525.5749232982868,inf
27,28,inf,inf,inf,661.5474283828787,inf
27,29,inf,inf,inf,929.6391773155863,inf
27,30,inf,inf,inf,776.4148375707409,inf
27,31,inf,inf,inf,342.1768548572507,inf
27,32,inf,inf,inf,723.4175834191481,inf
27,33,inf,inf,inf,266.7208278331484,inf
27,34,inf,inf,inf,847.4697634724203,inf
27,35,inf,inf,inf,324.5196450139806,inf
27,36,inf,inf,inf,458.84746920954024,inf
27,37,inf,inf,inf,744.043009509531,inf
27,38,inf,inf,inf,474.1402746023586,inf
27,39,inf,inf,inf,581.2606988262668,inf
27,40,inf,inf,inf,887.9397502083123,inf
27,41,inf,inf,inf,542.0867089313296,inf
27,42,inf,inf,inf,556.8922696536557,inf
27,43,inf,inf,inf,325.8297101247828,inf
27,44,inf,inf,inf,299.482887658043,inf
27,45,inf,inf,inf,344.4488350974641,inf
27,46,inf,inf,inf,642.9657844706824,inf
27,47,inf,inf,inf,535.4213294219796,inf
27,48,inf,inf,inf,631.8108894281579,inf
27,49,inf,inf,inf,941.1593913891526,inf
27,50,inf,inf,inf,734.7115080084155,inf
27,51,inf,inf,inf,198.59506539690256,inf
27,52,inf,inf,inf,435.1666347504137,inf
27,53,inf,inf,inf,348.2427314388629,inf
27,54,inf,inf,inf,793.0453959263618,inf
27,55,inf,inf,inf,926.0048595984797,inf
27,56,inf,inf,inf,627.2878127303287,inf
27,57,inf,inf,inf,530.2235377649695,inf
27,58,inf,inf,inf,477.31017169132275,inf
27,59,inf,inf,inf,727.9429922734334,inf
27,60,inf,inf,inf,812.138534980332,inf
27,61,inf,inf,inf,941.8842816397351,inf
27,62,inf,inf,inf,223.00896842952304,inf
27,63,inf,inf,inf,889.7696331073566,inf
27,64,inf,inf,inf,513.4082196459266,inf
27,65,inf,inf,inf,788.2245872846139,inf
27,66,inf,inf,inf,637.8659733831238,inf
27,67,inf,inf,inf,862.8383394356094,inf
27,68,inf,inf,inf,573.0078533493237,inf
27,69,inf,inf,inf,821.9422120806304,inf
27,70,inf,inf,inf,529.5922960164734,inf
27,71,inf,inf,inf,230.58620947489467,inf
27,72,inf,inf,inf,665.8595948095965,inf
27,73,inf,inf,inf,881.5333232498928,inf
27,74,inf,inf,inf,833.6935887962675,inf
27,75,inf,inf,inf,637.1726610582095,inf
27,76,inf,inf,inf,87.47571091451616,inf
27,77,inf,inf,inf,300.54117854297436,inf
27,78,inf,inf,inf,696.3310994060225,inf
27,79,inf,inf,inf,682.3078484086197,inf
27,80,inf,inf,inf,750.5364747965284,inf
27,81,inf,inf,inf,520.2470566951821,inf
27,82,inf,inf,inf,570.0982371486514,inf
27,83,inf,inf,inf,850.2999470775004,inf
27,84,inf,inf,inf,649.0069337071832,inf
27,85,inf,inf,inf,251.14338533992887,inf
27,86,inf,inf,inf,880.1482829614564,inf
27,87,inf,inf,inf,818.766144878988,inf
27,88,inf,inf,inf,818.9584849062863,inf
27,89,inf,inf,inf,455.6599609357838,inf
27,90,inf,inf,inf,410.48751503547584,inf
27,91,inf,inf,inf,800.6397442045954,inf
27,92,1.0,40.3137,40.31370849898476,37.48332962798263,1.0755103375045196
27,93,inf,inf,inf,409.89022920777217,inf
27,94,inf,inf,inf,763.2208068442579,inf
27,95,inf,inf,inf,136.79546776117988,inf
27,96,inf,inf,inf,577.3638367615346,inf
27,97,inf,inf,inf,309.5545186231337,inf
27,98,inf,inf,inf,470.5114238783156,inf
27,99,inf,inf,inf,935.039036618258,inf
27,100,inf,inf,inf,611.8472031479755,inf
27,101,inf,inf,inf,669.5677710284449,inf
27,102,inf,inf,inf,605.707024889096,inf
27,103,inf,inf,inf,541.2402424062719,inf
27,104,inf,inf,inf,552.4816739042119,inf
27,105,inf,inf,inf,678.0007374627257,inf
27,106,inf,inf,inf,217.22108553268947,inf
27,107,inf,inf,inf,422.30320860727545,inf
27,108,inf,inf,inf,548.6574523325096,inf
27,109,inf,inf,inf,349.509656518958,inf
27,110,inf,inf,inf,328.9878417206326,inf
27,111,inf,inf,inf,612.2826144845205,inf
27,112,inf,inf,inf,62.39390995922599,inf
27,113,inf,inf,inf,636.2703827776364,inf
27,114,inf,inf,inf,809.4207805585423,inf
28,29,inf,inf,inf,325.65626049563366,inf
28,30,inf,inf,inf,458.6556442474027,inf
28,31,inf,inf,inf,400.8241509689754,inf
28,32,inf,inf,inf,672.1800354071817,inf
28,33,inf,inf,inf,791.4196105733039,inf
28,34,inf,inf,inf,292.4961538208665,inf
28,35,inf,inf,inf,504.11506622992334,inf
28,36,inf,inf,inf,964.9259038910708,inf
28,37,inf,inf,inf,537.9637534258233,inf
28,38,inf,inf,inf,1106.5224805669336,inf
28,39,inf,inf,inf,1079.200166790202,inf
28,40,inf,inf,inf,958.9546391774743,inf
28,41,inf,inf,inf,823.0218709123105,inf
28,42,inf,inf,inf,933.3434523260985,inf
28,43,inf,inf,inf,915.7346777314923,inf
28,44,inf,inf,inf,374.7599231508086,inf
28,45,inf,inf,inf,655.9268251870783,inf
28,46,inf,inf,inf,1246.4196725020029,inf
28,47,inf,inf,inf,219.66565503054863,inf
28,48,inf,inf,inf,813.1826363124093,inf
28,49,inf,inf,inf,771.1095901361881,inf
28,50,inf,inf,inf,352.63862522418043,inf
28,51,inf,inf,inf,604.6329465055638,inf
28,52,inf,inf,inf,949.1601550844831,inf
28,53,inf,inf,inf,1005.3108971855423,inf
28,54,inf,inf,inf,230.41701326073994,inf
28,55,inf,inf,inf,850.3234678638477,inf
28,56,inf,inf,inf,290.90376415577714,inf
28,57,inf,inf,inf,1184.0709438205129,inf
28,58,inf,inf,inf,805.4675660757546,inf
28,59,inf,inf,inf,1212.2639976506769,inf
28,60,inf,inf,inf,1117.930230381127,inf
28,61,inf,inf,inf,699.8206913202838,inf
28,62,inf,inf,inf,882.1519143548916,inf
28,63,inf,inf,inf,275.94383486499567,inf
28,64,inf,inf,inf,232.16588896735024,inf
28,65,inf,inf,inf,692.7806290594448,inf
28,66,inf,inf,inf,837.0818359037544,inf
28,67,inf,inf,inf,426.1748467472007,inf
28,68,inf,inf,inf,1218.4945629751492,inf
28,69,inf,inf,inf,976.0788902542663,inf
28,70,inf,inf,inf,1137.5609873760616,inf
28,71,inf,inf,inf,569.7587208634898,inf
28,72,inf,inf,inf,159.11002482559041,inf
28,73,inf,inf,inf,233.62362894193728,inf
28,74,inf,inf,inf,1046.8237674030906,inf
28,75,inf,inf,inf,539.6480334440217,inf
28,76,inf,inf,inf,665.3066961935675,inf
28,77,inf,inf,inf,961.9906444451526,inf
28,78,inf,inf,inf,1219.9418018905656,inf
28,79,inf,inf,inf,653.8019577823242,inf
28,80,inf,inf,inf,266.2667835085706,inf
28,81,inf,inf,inf,991.7782010106897,inf
28,82,inf,inf,inf,1229.0244098470948,inf
28,83,inf,inf,inf,251.03187048659777,inf
28,84,inf,inf,inf,681.091036499527,inf
28,85,inf,inf,inf,546.0622675116822,inf
28,86,inf,inf,inf,434.1658669218482,inf
28,87,inf,inf,inf,160.25292509030842,inf
28,88,inf,inf,inf,238.02520874898943,inf
28,89,inf,inf,inf,681.739686390634,inf
28,90,inf,inf,inf,257.76927667974707,inf
28,91,inf,inf,inf,1135.808522595248,inf
28,92,inf,inf,inf,626.0990336999411,inf
28,93,inf,inf,inf,942.5629952422279,inf
28,94,inf,inf,inf,810.5855907922371,inf
28,95,inf,inf,inf,538.0,inf
28,96,inf,inf,inf,572.8420375635852,inf
28,97,inf,inf,inf,962.8774584546052,inf
28,98,inf,inf,inf,253.39692184397188,inf
28,99,inf,inf,inf,528.3190324037172,inf
28,100,inf,inf,inf,485.60065897813604,inf
28,101,inf,inf,inf,699.4983917065142,inf
28,102,inf,inf,inf,739.6228768771285,inf
28,103,inf,inf,inf,1034.7067217332649,inf
28,104,inf,inf,inf,913.3767021333531,inf
28,105,inf,inf,inf,1242.0475031173326,inf
28,106,inf,inf,inf,748.7723285485382,inf
28,107,inf,inf,inf,1081.9006423882001,inf
28,108,inf,inf,inf,1024.2128684995128,inf
28,109,inf,inf,inf,932.1823855877132,inf
28,110,inf,inf,inf,387.9845357743012,inf
28,111,inf,inf,inf,762.0006561676964,inf
28,112,inf,inf,inf,647.4967181384011,inf
28,113,inf,inf,inf,837.3010211387539,inf
28,114,inf,inf,inf,375.0053332954079,inf
29,30,inf,inf,inf,729.4141484780782,inf
29,31,inf,inf,inf,718.5095684818679,inf
29,32,inf,inf,inf,652.1732898547747,inf
29,33,inf,inf,inf,1097.9257716257507,inf
29,34,inf,inf,inf,479.75201927662584,inf
29,35,inf,inf,inf,824.2960633170584,inf
29,36,inf,inf,inf,1133.3816656360734,inf
29,37,inf,inf,inf,828.2928226177021,inf
29,38,inf,inf,inf,1395.886814895821,inf
29,39,inf,inf,inf,1231.077982907663,inf
29,40,inf,inf,inf,927.8157144605818,inf
29,41,inf,inf,inf,921.3300168777744,inf
29,42,inf,inf,inf,1257.7193645642894,inf
29,43,inf,inf,inf,1215.1485505895976,inf
29,44,inf,inf,inf,630.2324967819416,inf
29,45,inf,inf,inf,977.1079776565126,inf
29,46,inf,inf,inf,1442.0742005874733,inf
29,47,inf,inf,inf,397.04533746160524,inf
29,48,inf,inf,inf,1136.8491544615758,inf
29,49,inf,inf,inf,649.7276352441844,inf
29,50,inf,inf,inf,625.9792328823696,inf
29,51,inf,inf,inf,820.4029497752919,inf
29,52,inf,inf,inf,1123.0231520320497,inf
29,53,inf,inf,inf,1277.6987125296794,inf
29,54,inf,inf,inf,138.36184445142382,inf
29,55,inf,inf,inf,764.0170155173247,inf
29,56,inf,inf,inf,597.6261373132872,inf
29,57,inf,inf,inf,1459.8534172991478,inf
29,58,inf,inf,inf,1130.013274258316,inf
29,59,inf,inf,inf,1345.2211714063974,inf
29,60,inf,inf,inf,1175.71595209047,inf
29,61,inf,inf,inf,553.3760023709015,inf
29,62,inf,inf,inf,1152.2517086123153,inf
29,63,inf,inf,inf,50.32891812864648,inf
29,64,inf,inf,inf,557.8216560873198,inf
29,65,inf,inf,inf,639.6475592074123,inf
29,66,inf,inf,inf,895.0139663714751,inf
29,67,inf,inf,inf,246.89471440271862,inf
29,68,inf,inf,inf,1447.4684797949833,inf
29,69,inf,inf,inf,983.208014613388,inf
29,70,inf,inf,inf,1436.2552001646504,inf
29,71,inf,inf,inf,880.066474761992,inf
29,72,inf,inf,inf,455.51728836565576,inf
29,73,inf,inf,inf,309.4769781421552,inf
29,74,inf,inf,inf,1070.6353254026321,inf
29,75,inf,inf,inf,851.4740160451169,inf
29,76,inf,inf,inf,911.1404941061504,inf
29,77,inf,inf,inf,1225.3921821196673,inf
29,78,inf,inf,inf,1372.152323905768,inf
29,79,inf,inf,inf,965.5179956893605,inf
29,80,inf,inf,inf,205.9368835347374,inf
29,81,inf,inf,inf,1141.70574142377,inf
29,82,inf,inf,inf,1475.9962737080334,inf
29,83,inf,inf,inf,410.86859213135284,inf
29,84,inf,inf,inf,703.56307464221,inf
29,85,inf,inf,inf,750.959386385176,inf
29,86,inf,inf,inf,240.03333101883996,inf
29,87,inf,inf,inf,202.20039564748632,inf
29,88,inf,inf,inf,428.8822682275405,inf
29,89,inf,inf,inf,1007.2164613428437,inf
29,90,inf,inf,inf,524.7751899623304,inf
29,91,inf,inf,inf,1205.2306833133648,inf
29,92,inf,inf,inf,892.2981564477201,inf
29,93,inf,inf,inf,1253.3144058854507,inf
29,94,inf,inf,inf,800.42801050438,inf
29,95,inf,inf,inf,794.9087998003293,inf
29,96,inf,inf,inf,892.9322482697105,inf
29,97,inf,inf,inf,1208.5913287790872,inf
29,98,inf,inf,inf,461.0271141700887,inf
29,99,inf,inf,inf,321.6286678764814,inf
29,100,inf,inf,inf,799.0319142562455,inf
29,101,inf,inf,inf,1015.4851057499563,inf
29,102,inf,inf,inf,793.5200060489968,inf
29,103,inf,inf,inf,1352.423750161169,inf
29,104,inf,inf,inf,1238.0989459651437,inf
29,105,inf,inf,inf,1414.4320414922734,inf
29,106,inf,inf,inf,961.153473697099,inf
29,107,inf,inf,inf,1350.0803679781438,inf
29,108,inf,inf,inf,1343.5505200773061,inf
29,109,inf,inf,inf,1138.2583186605755,inf
29,110,inf,inf,inf,610.265515984641,inf
29,111,inf,inf,inf,816.6768026581874,inf
29,112,inf,inf,inf,929.4213253417419,inf
29,113,inf,inf,inf,896.0273433327802,inf
29,114,inf,inf,inf,616.2604968680047,inf
30,31,inf,inf,inf,438.2750278078823,inf
30,32,inf,inf,inf,1097.1093837899664,inf
30,33,inf,inf,inf,745.2516353554684,inf
30,34,inf,inf,inf,273.6293112954093,inf
30,35,inf,inf,inf,463.2072970064267,inf
30,36,inf,inf,inf,1205.4181846977422,inf
30,37,inf,inf,inf,116.36150566231085,inf
30,38,inf,inf,inf,1080.6225057808115,inf
30,39,inf,inf,inf,1329.8014889448725,inf
30,40,inf,inf,inf,1372.8514122074537,inf
30,41,inf,inf,inf,1157.4981641454124,inf
30,42,inf,inf,inf,726.4303132441541,inf
30,43,inf,inf,inf,878.0802924562195,inf
30,44,inf,inf,inf,620.2983153290036,inf
30,45,inf,inf,inf,546.9232121605372,inf
30,46,inf,inf,inf,1419.2142192072345,inf
30,47,inf,inf,inf,628.2037885909317,inf
30,48,inf,inf,inf,520.0355757061242,inf
30,49,inf,inf,inf,1222.9018766851248,inf
30,50,inf,inf,inf,106.56922632730333,inf
30,51,inf,inf,inf,837.2645937814401,inf
30,52,inf,inf,inf,1184.098813444216,inf
30,53,inf,inf,inf,1043.9142685105899,inf
30,54,inf,inf,inf,677.1063431987623,inf
30,55,inf,inf,inf,1291.0557695157866,inf
30,56,inf,inf,inf,193.82982226685345,inf
30,57,inf,inf,inf,1192.426517652136,inf
30,58,inf,inf,inf,615.0943017131601,inf
30,59,inf,inf,inf,1475.5056760311022,inf
30,60,inf,inf,inf,1463.713428236552,inf
30,61,inf,inf,inf,1156.5474482268335,inf
30,62,inf,inf,inf,945.4422245700686,inf
30,63,inf,inf,inf,681.593720628352,inf
30,64,inf,inf,inf,331.87949620306466,inf
30,65,inf,inf,inf,1129.0358718836173,inf
30,66,inf,inf,inf,1203.440484610685,inf
30,67,inf,inf,inf,882.366137156226,inf
30,68,inf,inf,inf,1334.0052473659914,inf
30,69,inf,inf,inf,1367.4212957241816,inf
30,70,inf,inf,inf,1074.0353811676782,inf
30,71,inf,inf,inf,567.0008818335294,inf
30,72,inf,inf,inf,299.5880504960103,inf
30,73,inf,inf,inf,443.5188834762281,inf
30,74,inf,inf,inf,1423.0688669210638,inf
30,75,inf,inf,inf,211.23683390924037,inf
30,76,inf,inf,inf,829.4238964486133,inf
30,77,inf,inf,inf,1030.3479994642587,inf
30,78,inf,inf,inf,1458.413178766566,inf
30,79,inf,inf,inf,294.5165530152762,inf
30,80,inf,inf,inf,724.3624783214548,inf
30,81,inf,inf,inf,1253.300043884145,inf
30,82,inf,inf,inf,1305.802435286441,inf
30,83,inf,inf,inf,338.04437578519185,inf
30,84,inf,inf,inf,1084.7165528376527,inf
30,85,inf,inf,inf,809.9043153360772,inf
30,86,inf,inf,inf,888.9257561798961,inf
30,87,inf,inf,inf,527.5547364966028,inf
30,88,inf,inf,inf,309.43335308269536,inf
30,89,inf,inf,inf,491.48957262591034,inf
30,90,inf,inf,inf,549.1083681751718,inf
30,91,inf,inf,inf,1470.370021457184,inf
30,92,inf,inf,inf,755.2780944791131,inf
30,93,inf,inf,inf,847.9681597795993,inf
30,94,inf,inf,inf,1221.6554342366753,inf
30,95,inf,inf,inf,715.2796655854268,inf
30,96,inf,inf,inf,292.97952146865146,inf
30,97,inf,inf,inf,1072.442073027723,inf
30,98,inf,inf,inf,622.1647691729257,inf
30,99,inf,inf,inf,984.1107661234074,inf
30,100,inf,inf,inf,193.8788281375767,inf
30,101,inf,inf,inf,356.7702341844117,inf
30,102,inf,inf,inf,1118.1292411881552,inf
30,103,inf,inf,inf,884.5931268102867,inf
30,104,inf,inf,inf,702.3446447435903,inf
30,105,inf,inf,inf,1450.9751893123466,inf
30,106,inf,inf,inf,955.8164049648866,inf
30,107,inf,inf,inf,1122.3404118180902,inf
30,108,inf,inf,inf,862.8145803125954,inf
30,109,inf,inf,inf,1120.6877352768702,inf
30,110,inf,inf,inf,679.735978156225,inf
30,111,inf,inf,inf,1137.738985883845,inf
30,112,inf,inf,inf,728.4373686186068,inf
30,113,inf,inf,inf,1203.0444713309646,inf
30,114,inf,inf,inf,126.75172582651489,inf
31,32,inf,inf,inf,785.8562209463,inf
31,33,inf,inf,inf,395.50600501130197,inf
31,34,inf,inf,inf,517.9826251912317,inf
31,35,inf,inf,inf,107.07007051459338,inf
31,36,inf,inf,inf,769.2658838139125,inf
31,37,inf,inf,inf,422.9952718411874,inf
31,38,inf,inf,inf,723.7927880270706,inf
31,39,inf,inf,inf,893.9043573000414,inf
31,40,inf,inf,inf,1027.7791591582309,inf
31,41,inf,inf,inf,754.1094085078106,inf
31,42,inf,inf,inf,545.6903884071993,inf
31,43,inf,inf,inf,525.2142420003479,inf
31,44,inf,inf,inf,233.20591759215716,inf
31,45,inf,inf,inf,259.7306296916095,inf
31,46,inf,inf,inf,984.3464837139411,inf
31,47,inf,inf,inf,391.4958492755702,inf
31,48,inf,inf,inf,478.6585421780332,inf
31,49,inf,inf,inf,965.3196361827517,inf
31,50,inf,inf,inf,392.60412631555465,inf
31,51,inf,inf,inf,408.54497916386146,inf
31,52,inf,inf,inf,747.4790966976936,inf
31,53,inf,inf,inf,647.0131374245811,inf
31,54,inf,inf,inf,599.0993239855976,inf
31,55,inf,inf,inf,996.4386584230863,inf
31,56,inf,inf,inf,286.574597618142,inf
31,57,inf,inf,inf,815.6592425762121,inf
31,58,inf,inf,inf,420.2879964976397,inf
31,59,inf,inf,inf,1040.3403289308744,inf
31,60,inf,inf,inf,1056.4942025397015,inf
31,61,inf,inf,inf,929.426167051477,inf
31,62,inf,inf,inf,533.8951207868452,inf
31,63,inf,inf,inf,670.7346718338034,inf
31,64,inf,inf,inf,191.84629264074925,inf
31,65,inf,inf,inf,835.8115816378713,inf
31,66,inf,inf,inf,819.1275846899554,inf
31,67,inf,inf,inf,742.3779360945475,inf
31,68,inf,inf,inf,911.2831612621842,inf
31,69,inf,inf,inf,997.1449242712916,inf
31,70,inf,inf,inf,745.1315320129729,inf
31,71,inf,inf,inf,174.0258601472781,inf
31,72,inf,inf,inf,349.0444097819073,inf
31,73,inf,inf,inf,584.2191369683126,inf
31,74,inf,inf,inf,1037.4295156780531,inf
31,75,inf,inf,inf,334.9746259047094,inf
31,76,inf,inf,inf,391.15342258505166,inf
31,77,inf,inf,inf,619.0589632660204,inf
31,78,inf,inf,inf,1020.69878024812,inf
31,79,inf,inf,inf,416.0300469918008,inf
31,80,inf,inf,inf,591.8462638219489,inf
31,81,inf,inf,inf,819.9634138179581,inf
31,82,inf,inf,inf,896.5784962846254,inf
31,83,inf,inf,inf,532.0648456720289,inf
31,84,inf,inf,inf,744.7314952383846,inf
31,85,inf,inf,inf,395.03417573673295,inf
31,86,inf,inf,inf,756.3808564473323,inf
31,87,inf,inf,inf,558.3950214677777,inf
31,88,inf,inf,inf,497.8554006938159,inf
31,89,inf,inf,inf,311.4048811435042,inf
31,90,inf,inf,inf,241.0082986123092,inf
31,91,inf,inf,inf,1057.1646040234227,inf
31,92,inf,inf,inf,318.27660925679095,inf
31,93,inf,inf,inf,542.7384268687817,inf
31,94,inf,inf,inf,880.9387038835335,inf
31,95,inf,inf,inf,280.12854192316786,inf
31,96,inf,inf,inf,304.2367499169027,inf
31,97,inf,inf,inf,647.2441579496875,inf
31,98,inf,inf,inf,342.6981178821967,inf
31,99,inf,inf,inf,836.5434836277192,inf
31,100,inf,inf,inf,295.357410606201,inf
31,101,inf,inf,inf,430.24876525098824,inf
31,102,inf,inf,inf,749.1928990587137,inf
31,103,inf,inf,inf,634.5344750287411,inf
31,104,inf,inf,inf,528.0009469688478,inf
31,105,inf,inf,inf,1012.9057211804068,inf
31,106,inf,inf,inf,518.6520991955975,inf
31,107,inf,inf,inf,726.3752473756247,inf
31,108,inf,inf,inf,625.0823945689081,inf
31,109,inf,inf,inf,682.6419266350405,inf
31,110,inf,inf,inf,306.11109094575454,inf
31,111,inf,inf,inf,765.0,inf
31,112,inf,inf,inf,301.1710477452971,inf
31,113,inf,inf,inf,818.2768480166111,inf
31,114,inf,inf,inf,467.7018280913599,inf
32,33,inf,inf,inf,985.3755629200473,inf
32,34,inf,inf,inf,963.5787461333921,inf
32,35,inf,inf,inf,868.8072283308882,inf
32,36,inf,inf,inf,633.2771904940206,inf
32,37,inf,inf,inf,1143.631496593199,inf
32,38,inf,inf,inf,1154.6644534235909,inf
32,39,inf,inf,inf,688.0007267438023,inf
32,40,inf,inf,inf,288.61739379323626,inf
32,41,inf,inf,inf,351.3644831225831,inf
32,42,inf,inf,inf,1256.1305664619422,inf
32,43,inf,inf,inf,1045.1124341428533,inf
32,44,inf,inf,inf,555.623073674951,inf
32,45,inf,inf,inf,987.0126645590724,inf
32,46,inf,inf,inf,949.281833809117,inf
32,47,inf,inf,inf,469.8861564251494,inf
32,48,inf,inf,inf,1255.8630498585426,inf
32,49,inf,inf,inf,224.11604137142882,inf
32,50,inf,inf,inf,999.2196955624923,inf
32,51,inf,inf,inf,526.8747479240203,inf
32,52,inf,inf,inf,634.8740032478886,inf
32,53,inf,inf,inf,995.6967409809073,inf
32,54,inf,inf,inf,557.7544262486851,inf
32,55,inf,inf,inf,211.69789795838787,inf
32,56,inf,inf,inf,904.677290529612,inf
32,57,inf,inf,inf,1161.5894283265495,inf
32,58,inf,inf,inf,1151.5294177744656,inf
32,59,inf,inf,inf,764.3101464719672,inf
32,60,inf,inf,inf,535.4717546239017,inf
32,61,inf,inf,inf,261.0842775810141,inf
32,62,inf,inf,inf,887.9335560727503,inf
32,63,inf,inf,inf,651.887260191515,inf
32,64,inf,inf,inf,775.2580215644338,inf
32,65,inf,inf,inf,68.09552114493287,inf
32,66,inf,inf,inf,276.5863337187866,inf
32,67,inf,inf,inf,420.4057563830448,inf
32,68,inf,inf,inf,1022.9374369921163,inf
32,69,inf,inf,inf,331.0347413792093,inf
32,70,inf,inf,inf,1228.1600058624283,inf
32,71,inf,inf,inf,846.6055752237875,inf
32,72,inf,inf,inf,814.268997322138,inf
32,73,inf,inf,inf,858.2878305090898,inf
32,74,inf,inf,inf,419.65938569273055,inf
32,75,inf,inf,inf,1094.3829311534423,inf
32,76,inf,inf,inf,649.8407497225762,inf
32,77,inf,inf,inf,925.3064357281862,inf
32,78,inf,inf,inf,814.8423160342129,inf
32,79,inf,inf,inf,1192.721677509049,inf
32,80,inf,inf,inf,472.6309342393915,inf
32,81,inf,inf,inf,608.2515926818442,inf
32,82,inf,inf,inf,1091.8868989048271,inf
32,83,inf,inf,inf,914.5058775098167,inf
32,84,inf,inf,inf,93.62157870918435,inf
32,85,inf,inf,inf,473.9894513594158,inf
32,86,inf,inf,inf,434.3017384261776,inf
32,87,inf,inf,inf,722.374556584048,inf
32,88,inf,inf,inf,907.6618313006227,inf
32,89,inf,inf,inf,1076.3851541153845,inf
32,90,inf,inf,inf,567.0917033425899,inf
32,91,inf,inf,inf,571.0945630979164,inf
32,92,inf,inf,inf,694.8740893140282,inf
32,93,inf,inf,inf,1133.2876951595301,inf
32,94,inf,inf,inf,148.67750334196495,inf
32,95,inf,inf,inf,616.5598105617978,inf
32,96,inf,inf,inf,1084.1817190858735,inf
32,97,inf,inf,inf,862.2557625206108,inf
32,98,inf,inf,inf,478.1506038896113,inf
32,99,inf,inf,inf,407.7070026379238,inf
32,100,inf,inf,inf,1043.579417198327,inf
32,101,inf,inf,inf,1214.2520331463315,inf
32,102,inf,inf,inf,194.164878389476,inf
32,103,inf,inf,inf,1263.9810125156152,inf
32,104,inf,inf,inf,1246.3085492766227,inf
32,105,inf,inf,inf,884.0,inf
32,106,inf,inf,inf,598.2725131576747,inf
32,107,inf,inf,inf,1042.9424720472362,inf
32,108,inf,inf,inf,1269.860622273169,inf
32,109,inf,inf,inf,711.9620776417801,inf
32,110,inf,inf,inf,482.6447969262696,inf
32,111,inf,inf,inf,211.15160430363773,inf
32,112,inf,inf,inf,766.7242007397444,inf
32,113,inf,inf,inf,278.32534918688236,inf
32,114,inf,inf,inf,1038.5109532402632,inf
33,34,inf,inf,inf,897.7867230027408,inf
33,35,inf,inf,inf,307.35809733924367,inf
33,36,inf,inf,inf,669.2421086572482,inf
33,37,inf,inf,inf,675.7070371100185,inf
33,38,inf,inf,inf,338.3208536286228,inf
33,39,inf,inf,inf,780.3204469959761,inf
33,40,inf,inf,inf,1154.0732212472483,inf
33,41,inf,inf,inf,802.587066927944,inf
33,42,inf,inf,inf,297.578561055732,inf
33,43,inf,inf,inf,134.6291201783626,inf
33,44,inf,inf,inf,495.30798499519466,inf
33,45,inf,inf,inf,200.5617112013158,inf
33,46,inf,inf,inf,756.6855357412351,inf
33,47,inf,inf,inf,727.3678574146647,inf
33,48,inf,inf,inf,428.02920461108727,inf
33,49,inf,inf,inf,1199.43194888247,inf
33,50,inf,inf,inf,740.5086089978968,inf
33,51,inf,inf,inf,464.76230483979657,inf
33,52,inf,inf,inf,645.174395028197,inf
33,53,inf,inf,inf,311.8348922106056,inf
33,54,inf,inf,inf,969.2703441248989,inf
33,55,inf,inf,inf,1190.5145946186465,inf
33,56,inf,inf,inf,653.4600217304804,inf
33,57,inf,inf,inf,447.21918563496354,inf
33,58,inf,inf,inf,247.42069436488129,inf
33,59,inf,inf,inf,919.8222654404491,inf
33,60,inf,inf,inf,1055.729605533538,inf
33,61,inf,inf,inf,1192.5175051126084,inf
33,62,inf,inf,inf,250.69702830308938,inf
33,63,inf,inf,inf,1052.4875296173348,inf
33,64,inf,inf,inf,586.0034129593445,inf
33,65,inf,inf,inf,1048.7831043642914,inf
33,66,inf,inf,inf,901.9229457109959,inf
33,67,inf,inf,inf,1076.5732673627,inf
33,68,inf,inf,inf,628.2053804290441,inf
33,69,inf,inf,inf,1084.9760366017306,inf
33,70,inf,inf,inf,350.051424793558,inf
33,71,inf,inf,inf,222.19360926903366,inf
33,72,inf,inf,inf,741.4560000431584,inf
33,73,inf,inf,inf,979.0081715695737,inf
33,74,inf,inf,inf,1090.9743351701725,inf
33,75,inf,inf,inf,556.0872233741753,inf
33,76,inf,inf,inf,350.90739519138094,inf
33,77,inf,inf,inf,321.6037935099647,inf
33,78,inf,inf,inf,869.7476645556457,inf
33,79,inf,inf,inf,555.8021230617961,inf
33,80,inf,inf,inf,944.2759130677855,inf
33,81,inf,inf,inf,738.0006775064641,inf
33,82,inf,inf,inf,577.1724179133996,inf
33,83,inf,inf,inf,920.7486084703033,inf
33,84,inf,inf,inf,913.9201278011116,inf
33,85,inf,inf,inf,511.4264365478187,inf
33,86,inf,inf,inf,1092.8206623229632,inf
33,87,inf,inf,inf,950.9206065702856,inf
33,88,inf,inf,inf,885.3840974402013,inf
33,89,inf,inf,inf,290.410054922346,inf
33,90,inf,inf,inf,578.9991364414976,inf
33,91,inf,inf,inf,1038.4469172759866,inf
33,92,inf,inf,inf,291.247317584214,inf
33,93,inf,inf,inf,158.90248582070703,inf
33,94,inf,inf,inf,1029.8630976979416,inf
33,95,inf,inf,inf,372.6620452903676,inf
33,96,inf,inf,inf,476.8070888734772,inf
33,97,inf,inf,inf,396.30796106058733,inf
33,98,inf,inf,inf,665.0090224951839,inf
33,99,inf,inf,inf,1158.9003408404021,inf
33,100,inf,inf,inf,553.8239792569477,inf
33,101,inf,inf,inf,521.1612034677946,inf
33,102,inf,inf,inf,872.4133194764968,inf
33,103,inf,inf,inf,280.7650263120391,inf
33,104,inf,inf,inf,297.3213749463701,inf
33,105,inf,inf,inf,825.2351180118307,inf
33,106,inf,inf,inf,462.0876540224809,inf
33,107,inf,inf,inf,385.9222719667783,inf
33,108,inf,inf,inf,284.6278271708513,inf
33,109,inf,inf,inf,531.5119942202622,inf
33,110,inf,inf,inf,549.280438391902,inf
33,111,inf,inf,inf,878.7775600230128,inf
33,112,inf,inf,inf,218.65269264292172,inf
33,113,inf,inf,inf,900.2510760893318,inf
33,114,inf,inf,inf,817.2209003690496,inf
34,35,inf,inf,inf,590.7706830911635,inf
34,36,inf,inf,inf,1216.4752360816885,inf
34,37,inf,inf,inf,387.25314717894804,inf
34,38,inf,inf,inf,1234.3589429335375,inf
34,39,inf,inf,inf,1336.138091665678,inf
34,40,inf,inf,inf,1251.0027977586622,inf
34,41,inf,inf,inf,1104.0819715945008,inf
34,42,inf,inf,inf,949.6041280449448,inf
34,43,inf,inf,inf,1031.8216900220696,inf
34,44,inf,inf,inf,606.2153082857608,inf
34,45,inf,inf,inf,717.9540375260801,inf
34,46,inf,inf,inf,1474.4015735205928,inf
34,47,inf,inf,inf,508.9292681699491,inf
34,48,inf,inf,inf,768.492029887103,inf
34,49,inf,inf,inf,1048.0458005259122,inf
34,50,inf,inf,inf,192.01041638411183,inf
34,51,inf,inf,inf,843.8986906021362,inf
34,52,inf,inf,inf,1198.2908661923448,inf
34,53,inf,inf,inf,1164.9858368237788,inf
34,54,inf,inf,inf,460.04564990878896,inf
34,55,inf,inf,inf,1135.7482115328203,inf
34,56,inf,inf,inf,245.66033460858105,inf
34,57,inf,inf,inf,1331.9226704279795,inf
34,58,inf,inf,inf,827.3572384405662,inf
34,59,inf,inf,inf,1475.0925394699818,inf
34,60,inf,inf,inf,1403.7556767472038,inf
34,61,inf,inf,inf,968.273205247362,inf
34,62,inf,inf,inf,1050.947191822691,inf
34,63,inf,inf,inf,436.1387393937851,inf
34,64,inf,inf,inf,334.0793318958837,inf
34,65,inf,inf,inf,981.2120056338488,inf
34,66,inf,inf,inf,1125.532762739495,inf
34,67,inf,inf,inf,670.2603971591936,inf
34,68,inf,inf,inf,1420.401703744402,inf
34,69,inf,inf,inf,1268.1908373742494,inf
34,70,inf,inf,inf,1245.1895438044764,inf
34,71,inf,inf,inf,685.8928487745006,inf
34,72,inf,inf,inf,187.57931655702342,inf
34,73,inf,inf,inf,175.64168070250295,inf
34,74,inf,inf,inf,1337.616536979115,inf
34,75,inf,inf,inf,453.3188723183715,inf
34,76,inf,inf,inf,875.6648902405532,inf
34,77,inf,inf,inf,1135.720035924347,inf
34,78,inf,inf,inf,1473.9620076514861,inf
34,79,inf,inf,inf,555.8929753108956,inf
34,80,inf,inf,inf,526.4598750142312,inf
34,81,inf,inf,inf,1251.5821986589615,inf
34,82,inf,inf,inf,1412.538495050666,inf
34,83,inf,inf,inf,69.31810730249349,inf
34,84,inf,inf,inf,973.4685408373504,inf
34,85,inf,inf,inf,796.3830736523724,inf
34,86,inf,inf,inf,672.9710246362766,inf
34,87,inf,inf,inf,287.31341771661135,inf
34,88,inf,inf,inf,57.21887800367987,inf
34,89,inf,inf,inf,696.7302203866285,inf
34,90,inf,inf,inf,499.98499977499324,inf
34,91,inf,inf,inf,1419.2043545592721,inf
34,92,inf,inf,inf,817.3530448955335,inf
34,93,inf,inf,inf,1027.2531333610036,inf
34,94,inf,inf,inf,1102.9836807496292,inf
34,95,inf,inf,inf,748.0280743394595,inf
34,96,inf,inf,inf,521.8524695735376,inf
34,97,inf,inf,inf,1156.9636986526414,inf
34,98,inf,inf,inf,531.4132102234569,inf
34,99,inf,inf,inf,767.8990819111584,inf
34,100,inf,inf,inf,413.3206987316266,inf
34,101,inf,inf,inf,615.6005198178442,inf
34,102,inf,inf,inf,1029.5979797959978,inf
34,103,inf,inf,inf,1089.1482910972225,inf
34,104,inf,inf,inf,926.3892270530783,inf
34,105,inf,inf,inf,1484.9175061261822,inf
34,106,inf,inf,inf,981.8278871574182,inf
34,107,inf,inf,inf,1244.357263811322,inf
34,108,inf,inf,inf,1071.4896173085392,inf
34,109,inf,inf,inf,1161.782251542861,inf
34,110,inf,inf,inf,642.316121547638,inf
34,111,inf,inf,inf,1051.6563126801454,inf
34,112,inf,inf,inf,815.1625604749031,inf
34,113,inf,inf,inf,1125.639818059045,inf
34,114,inf,inf,inf,147.82760229402356,inf
35,36,inf,inf,inf,777.2888780884492,inf
35,37,inf,inf,inf,420.42002806717,inf
35,38,inf,inf,inf,643.6800447427278,inf
35,39,inf,inf,inf,901.3129312286604,inf
35,40,inf,inf,inf,1097.3978312353274,inf
35,41,inf,inf,inf,800.5629269457836,inf
35,42,inf,inf,inf,438.71858861917394,inf
35,43,inf,inf,inf,441.0827586746052,inf
35,44,inf,inf,inf,313.6957124348371,inf
35,45,inf,inf,inf,152.95751043999115,inf
35,46,inf,inf,inf,961.5997088185915,inf
35,47,inf,inf,inf,495.6944623455057,inf
35,48,inf,inf,inf,387.17696212455616,inf
35,49,inf,inf,inf,1056.9247844572478,inf
35,50,inf,inf,inf,440.9648512069868,inf
35,51,inf,inf,inf,440.8185567781828,inf
35,52,inf,inf,inf,754.2473069226035,inf
35,53,inf,inf,inf,585.410966757542,inf
35,54,inf,inf,inf,706.0084985324186,inf
35,55,inf,inf,inf,1080.408256169861,inf
35,56,inf,inf,inf,347.58739908115194,inf
35,57,inf,inf,inf,744.4004298762864,inf
35,58,inf,inf,inf,313.8184188348415,inf
35,59,inf,inf,inf,1048.436931818028,inf
35,60,inf,inf,inf,1096.038320497965,inf
35,61,inf,inf,inf,1026.0043859555378,inf
35,62,inf,inf,inf,482.59714048054616,inf
35,63,inf,inf,inf,776.16042156245,inf
35,64,inf,inf,inf,283.83269720030495,inf
35,65,inf,inf,inf,922.1718928703043,inf
35,66,inf,inf,inf,875.5489706464168,inf
35,67,inf,inf,inf,848.0666247412405,inf
35,68,inf,inf,inf,870.8484368706187,inf
35,69,inf,inf,inf,1057.5225765911573,inf
35,70,inf,inf,inf,656.4761991115901,inf
35,71,inf,inf,inf,103.81233067415451,inf
35,72,inf,inf,inf,436.16510635308737,inf
35,73,inf,inf,inf,675.3073374397763,inf
35,74,inf,inf,inf,1090.117424867615,inf
35,75,inf,inf,inf,312.8322234041755,inf
35,76,inf,inf,inf,392.5366224952775,inf
35,77,inf,inf,inf,567.755228949941,inf
35,78,inf,inf,inf,1020.2009605955093,inf
35,79,inf,inf,inf,367.9524425792007,inf
35,80,inf,inf,inf,698.6000286286853,inf
35,81,inf,inf,inf,834.1534630989672,inf
35,82,inf,inf,inf,844.289642243703,inf
35,83,inf,inf,inf,613.6521816143082,inf
35,84,inf,inf,inf,820.3346877951706,inf
35,85,inf,inf,inf,444.0405386898813,inf
35,86,inf,inf,inf,862.2992520001394,inf
35,87,inf,inf,inf,659.6370213988903,inf
35,88,inf,inf,inf,578.1660661090376,inf
35,89,inf,inf,inf,211.15160430363773,inf
35,90,inf,inf,inf,343.20984834354624,inf
35,91,inf,inf,inf,1092.1835926253425,inf
35,92,inf,inf,inf,311.26194756185663,inf
35,93,inf,inf,inf,445.7095466781029,inf
35,94,inf,inf,inf,953.9523048874089,inf
35,95,inf,inf,inf,307.1677066359678,inf
35,96,inf,inf,inf,258.0697580112788,inf
35,97,inf,inf,inf,609.9713108007621,inf
35,98,inf,inf,inf,443.9481951759687,inf
35,99,inf,inf,inf,941.2762612538362,inf
35,100,inf,inf,inf,288.3400769924292,inf
35,101,inf,inf,inf,367.72000217556837,inf
35,102,inf,inf,inf,814.0626511516175,inf
35,103,inf,inf,inf,530.7522962738833,inf
35,104,inf,inf,inf,421.25170622799857,inf
35,105,inf,inf,inf,1002.0548887161821,inf
35,106,inf,inf,inf,527.3935911631843,inf
35,107,inf,inf,inf,664.6389997585155,inf
35,108,inf,inf,inf,520.13844310914,inf
35,109,inf,inf,inf,674.026705702378,inf
35,110,inf,inf,inf,386.2641583165593,inf
35,111,inf,inf,inf,827.9063956752599,inf
35,112,inf,inf,inf,270.1851217221259,inf
35,113,inf,inf,inf,874.4809889300053,inf
35,114,inf,inf,inf,518.0318523025394,inf
36,37,inf,inf,inf,1189.3784090860233,inf
36,38,inf,inf,inf,651.8235957680574,inf
36,39,inf,inf,inf,124.67958934805648,inf
36,40,inf,inf,inf,634.0504711771769,inf
36,41,inf,inf,inf,288.0850568842473,inf
36,42,inf,inf,inf,962.6006440887104,inf
36,43,inf,inf,inf,643.8167441127949,inf
36,44,inf,inf,inf,610.5317354568884,inf
36,45,inf,inf,inf,799.1858357103184,inf
36,46,inf,inf,inf,320.0999843798809,inf
36,47,inf,inf,inf,765.4129604337778,inf
36,48,inf,inf,inf,1080.758992560321,inf
36,49,inf,inf,inf,843.9454958704383,inf
36,50,inf,inf,inf,1145.457113994234,inf
36,51,inf,inf,inf,374.1724201487865,inf
36,52,inf,inf,inf,24.186773244895647,inf
36,53,inf,inf,inf,491.4346345140928,inf
36,54,inf,inf,inf,1000.1249921884764,inf
36,55,inf,inf,inf,766.8324458445926,inf
36,56,inf,inf,inf,1033.3910198951799,inf
36,57,inf,inf,inf,607.0667179149257,inf
36,58,inf,inf,inf,911.6951244796695,inf
36,59,inf,inf,inf,271.5916051721776,inf
36,60,inf,inf,inf,409.93901985539264,inf
36,61,inf,inf,inf,894.3584292664771,inf
36,62,inf,inf,inf,443.7319010393551,inf
36,63,inf,inf,inf,1108.886378309338,inf
36,64,inf,inf,inf,899.836096186411,inf
36,65,inf,inf,inf,697.6051892008832,inf
36,66,inf,inf,inf,391.8418048141367,inf
36,67,inf,inf,inf,970.0499987114066,inf
36,68,inf,inf,inf,398.1770962775232,inf
36,69,inf,inf,inf,527.1811832757311,inf
36,70,inf,inf,inf,741.4802762042966,inf
36,71,inf,inf,inf,688.7938733757727,inf
36,72,inf,inf,inf,1029.128757736368,inf
36,73,inf,inf,inf,1198.429806037884,inf
36,74,inf,inf,inf,490.854357218106,inf
36,75,inf,inf,inf,1088.9857666654784,inf
36,76,inf,inf,inf,384.76616275343133,inf
36,77,inf,inf,inf,424.16977732978575,inf
36,78,inf,inf,inf,257.52669764511796,inf
36,79,inf,inf,inf,1140.4775315629852,inf
36,80,inf,inf,inf,927.8297257579109,inf
36,81,1.0,77.4558,77.45584412271567,71.06335201775947,1.0899548349950992
36,82,inf,inf,inf,483.15732427440236,inf
36,83,inf,inf,inf,1199.887078020261,inf
36,84,inf,inf,inf,539.8935080180164,inf
36,85,inf,inf,inf,421.2006647668068,inf
36,86,inf,inf,inf,987.7013718730981,inf
36,87,inf,inf,inf,1096.6790779439534,inf
36,88,inf,inf,inf,1175.2659273543159,inf
36,89,inf,inf,inf,910.7782386508803,inf
36,90,inf,inf,inf,718.4434563693931,inf
36,91,inf,inf,inf,382.3885458535598,inf
36,92,inf,inf,inf,466.4011149214804,inf
36,93,inf,inf,inf,755.7492970555778,inf
36,94,inf,inf,inf,576.3132828592449,inf
36,95,inf,inf,inf,490.1530373260988,inf
36,96,inf,inf,inf,1033.9293979764768,inf
36,97,inf,inf,inf,331.30801378777426,inf
36,98,inf,inf,inf,715.1531304552893,inf
36,99,inf,inf,inf,1000.3524378937656,inf
36,100,inf,inf,inf,1058.3430445748675,inf
36,101,inf,inf,inf,1128.3580991866013,inf
36,102,inf,inf,inf,441.47480109288233,inf
36,103,inf,inf,inf,883.3753449129084,inf
36,104,inf,inf,inf,965.0518120805742,inf
36,105,inf,inf,inf,281.5386296762844,inf
36,106,inf,inf,inf,251.17722826721374,inf
36,107,inf,inf,inf,501.7339932673488,inf
36,108,inf,inf,inf,902.2161603518306,inf
36,109,inf,inf,inf,147.41099009232656,inf
36,110,inf,inf,inf,578.6000345661932,inf
36,111,inf,inf,inf,428.981351576033,inf
36,112,inf,inf,inf,520.0173074042824,inf
36,113,inf,inf,inf,389.60621144945827,inf
36,114,inf,inf,inf,1214.1931477322707,inf
37,38,inf,inf,inf,1004.5143105003532,inf
37,39,inf,inf,inf,1314.0258749354975,inf
37,40,inf,inf,inf,1410.9418839909742,inf
37,41,inf,inf,inf,1169.6572147428494,inf
37,42,inf,inf,inf,624.2827884861155,inf
37,43,inf,inf,inf,804.9875775439023,inf
37,44,inf,inf,inf,632.9059961795274,inf
37,45,inf,inf,inf,475.14734556766706,inf
37,46,inf,inf,inf,1381.5516638910035,inf
37,47,inf,inf,inf,681.9648084762146,inf
37,48,inf,inf,inf,409.1760012512953,inf
37,49,inf,inf,inf,1285.0295716441703,inf
37,50,inf,inf,inf,204.45292856792244,inf
37,51,inf,inf,inf,831.4324987634294,inf
37,52,inf,inf,inf,1167.0518411793025,inf
37,53,inf,inf,inf,982.6052106517652,inf
37,54,inf,inf,inf,764.3304259284723,inf
37,55,inf,inf,inf,1344.1893467811742,inf
37,56,inf,inf,inf,249.899979991996,inf
37,57,inf,inf,inf,1121.1855332637858,inf
37,58,inf,inf,inf,519.754749858046,inf
37,59,inf,inf,inf,1460.9247071632406,inf
37,60,inf,inf,inf,1474.5741758216166,inf
37,61,inf,inf,inf,1225.0493867595706,inf
37,62,inf,inf,inf,892.8454513520243,inf
37,63,inf,inf,inf,779.3394639051714,inf
37,64,inf,inf,inf,368.4399544023422,inf
37,65,inf,inf,inf,1180.9902624492718,inf
37,66,inf,inf,inf,1225.166519294418,inf
37,67,inf,inf,inf,964.0798722097667,inf
37,68,inf,inf,inf,1283.9384720460712,inf
37,69,inf,inf,inf,1395.9903294793987,inf
37,70,inf,inf,inf,990.5089600806244,inf
37,71,inf,inf,inf,521.2772774637314,inf
37,72,inf,inf,inf,381.4826339428834,inf
37,73,inf,inf,inf,553.0108498031481,inf
37,74,inf,inf,inf,1445.186839131882,inf
37,75,inf,inf,inf,119.95415791042844,inf
37,76,inf,inf,inf,806.4564464371279,inf
37,77,inf,inf,inf,976.1992624459414,inf
37,78,inf,inf,inf,1437.218494175468,inf
37,79,inf,inf,inf,180.5103875127412,inf
37,80,inf,inf,inf,803.5079339994098,inf
37,81,inf,inf,inf,1242.0052334833376,inf
37,82,inf,inf,inf,1247.3539994724833,inf
37,83,inf,inf,inf,449.32171102674306,inf
37,84,inf,inf,inf,1122.2521998196305,inf
37,85,inf,inf,inf,813.6541034125005,inf
37,86,inf,inf,inf,972.1013321665597,inf
37,87,inf,inf,inf,626.2092302098397,inf
37,88,inf,inf,inf,418.63229689072006,inf
37,89,inf,inf,inf,403.517038054157,inf
37,90,inf,inf,inf,580.7753438292641,inf
37,91,inf,inf,inf,1477.4247865796756,inf
37,92,inf,inf,inf,727.7671330858518,inf
37,93,inf,inf,inf,763.7866194167059,inf
37,94,inf,inf,inf,1260.2007776541006,inf
37,95,inf,inf,inf,702.6186732502915,inf
37,96,inf,inf,inf,202.35859260234045,inf
37,97,inf,inf,inf,1026.754108830347,inf
37,98,inf,inf,inf,665.5080765851005,inf
37,99,inf,inf,inf,1066.2354336636913,inf
37,100,inf,inf,inf,132.20060514233663,inf
37,101,inf,inf,inf,243.14810301542556,inf
37,102,inf,inf,inf,1145.6705460122469,inf
37,103,inf,inf,inf,788.7591520863641,inf
37,104,inf,inf,inf,600.096658880884,inf
37,105,inf,inf,inf,1422.0284807274431,inf
37,106,inf,inf,inf,938.2030697029295,inf
37,107,inf,inf,inf,1059.4810050208546,inf
37,108,inf,inf,inf,765.4443154142566,inf
37,109,inf,inf,inf,1093.104295115521,inf
37,110,inf,inf,inf,698.908434632177,inf
37,111,inf,inf,inf,1163.9286919738684,inf
37,112,inf,inf,inf,690.6033593894545,inf
37,113,inf,inf,inf,1224.565228969041,inf
37,114,inf,inf,inf,242.24367896810023,inf
38,39,inf,inf,inf,723.9979281738312,inf
38,40,inf,inf,inf,1253.539787960478,inf
38,41,inf,inf,inf,883.9055379394339,inf
38,42,inf,inf,inf,473.60109797170026,inf
38,43,inf,inf,inf,203.73021376320204,inf
38,44,inf,inf,inf,768.214162847835,inf
38,45,inf,inf,inf,533.7040378337042,inf
38,46,inf,inf,inf,583.1449219533683,inf
38,47,inf,inf,inf,1006.4516878618665,inf
38,48,inf,inf,inf,690.1492592186128,inf
38,49,inf,inf,inf,1378.4723428491411,inf
38,50,inf,inf,inf,1078.8002595476144,inf
38,51,inf,inf,inf,641.5925498320565,inf
38,52,inf,inf,inf,632.2191075885005,inf
38,53,inf,inf,inf,164.78470802838473,inf
38,54,inf,inf,inf,1261.3342142350693,inf
38,55,inf,inf,inf,1339.6872769418987,inf
38,56,inf,inf,inf,990.957617660816,inf
38,57,inf,inf,inf,128.80993750483694,inf
38,58,inf,inf,inf,512.0644490686694,inf
38,59,inf,inf,inf,833.2346608249084,inf
38,60,inf,inf,inf,1060.8147811941535,inf
38,61,inf,inf,inf,1393.8382259071532,inf
38,62,inf,inf,inf,268.2237871628838,inf
38,63,inf,inf,inf,1353.6221777142985,inf
38,64,inf,inf,inf,915.6336603685996,inf
38,65,inf,inf,inf,1222.3702385120475,inf
38,66,inf,inf,inf,994.469707934837,inf
38,67,inf,inf,inf,1336.7112627639524,inf
38,68,inf,inf,inf,410.5666815512433,inf
38,69,inf,inf,inf,1160.231873377042,inf
38,70,inf,inf,inf,91.48223871331527,inf
38,71,inf,inf,inf,550.5969487746912,inf
38,72,inf,inf,inf,1072.7329583824671,inf
38,73,inf,inf,inf,1307.102138319726,inf
38,74,inf,inf,inf,1137.8752128419003,inf
38,75,inf,inf,inf,884.6174314357592,inf
38,76,inf,inf,inf,520.612139697107,inf
38,77,inf,inf,inf,236.78260071213003,inf
38,78,inf,inf,inf,760.3696469481143,inf
38,79,inf,inf,inf,866.790055319049,inf
38,80,inf,inf,inf,1223.1475789944564,inf
38,81,inf,inf,inf,720.9105353648259,inf
38,82,inf,inf,inf,317.90721916936707,inf
38,83,inf,inf,inf,1254.5489229201069,inf
38,84,inf,inf,inf,1068.887739662122,inf
38,85,inf,inf,inf,708.4066628709812,inf
38,86,inf,inf,inf,1354.0886233921324,inf
38,87,inf,inf,inf,1266.7300422742014,inf
38,88,inf,inf,inf,1219.6556891188595,inf
38,89,inf,inf,inf,604.1895397969084,inf
38,90,inf,inf,inf,871.3030471655657,inf
38,91,inf,inf,inf,1029.9713588250888,inf
38,92,inf,inf,inf,511.2885682273759,inf
38,93,inf,inf,inf,252.65985039178662,inf
38,94,inf,inf,inf,1157.8622543290717,inf
38,95,inf,inf,inf,610.7208855115404,inf
38,96,inf,inf,inf,802.5883128977147,inf
38,97,inf,inf,inf,322.3553939365681,inf
38,98,inf,inf,inf,941.5869582784162,inf
38,99,inf,inf,inf,1406.827992328842,inf
38,100,inf,inf,inf,887.6440728129716,inf
38,101,inf,inf,inf,821.8333164334481,inf
38,102,inf,inf,inf,999.3968180857892,inf
38,103,inf,inf,inf,314.0859754907882,inf
38,104,inf,inf,inf,490.2132189160141,inf
38,105,inf,inf,inf,684.6152203975603,inf
38,106,inf,inf,inf,558.2436743931811,inf
38,107,inf,inf,inf,159.05030650709227,inf
38,108,inf,inf,inf,342.79439902075416,inf
38,109,inf,inf,inf,507.9881888390713,inf
38,110,inf,inf,inf,803.0466985175893,inf
38,111,inf,inf,inf,997.9383748508723,inf
38,112,inf,inf,inf,466.5661796572915,inf
38,113,inf,inf,inf,992.3935711198455,inf
38,114,inf,inf,inf,1155.4639760719501,inf
39,40,inf,inf,inf,634.8740032478886,inf
39,41,inf,inf,inf,337.3336627139367,inf
39,42,inf,inf,inf,1069.4208713130672,inf
39,43,inf,inf,inf,742.5530284094194,inf
39,44,inf,inf,inf,731.2359400357726,inf
39,45,inf,inf,inf,918.9434150153098,inf
39,46,inf,inf,inf,274.4758641483801,inf
39,47,inf,inf,inf,874.5032875867306,inf
39,48,inf,inf,inf,1197.703218664791,inf
39,49,inf,inf,inf,884.5931268102867,inf
39,50,inf,inf,inf,1268.9164669118295,inf
39,51,inf,inf,inf,496.5561398271096,inf
39,52,inf,inf,inf,147.13938969562162,inf
39,53,inf,inf,inf,571.8994666897321,inf
39,54,inf,inf,inf,1100.65662220331,inf
39,55,inf,inf,inf,792.863796625877,inf
39,56,inf,inf,inf,1156.77914918968,inf
39,57,inf,inf,inf,660.1855799697537,inf
39,58,inf,inf,inf,1025.446731917363,inf
39,59,inf,inf,inf,147.13599151805107,inf
39,60,inf,inf,inf,351.4612354157994,inf
39,61,inf,inf,inf,946.1680611815218,inf
39,62,inf,inf,inf,544.1553087125035,inf
39,63,inf,inf,inf,1209.4734391461434,inf
39,64,inf,inf,inf,1022.3991392797628,inf
39,65,inf,inf,inf,747.8194969375966,inf
39,66,inf,inf,inf,422.4275085739564,inf
39,67,inf,inf,inf,1053.820667855779,inf
39,68,inf,inf,inf,404.76412884543015,inf
39,69,inf,inf,inf,519.3081936576776,inf
39,70,inf,inf,inf,815.3060774948265,inf
39,71,inf,inf,inf,811.6760437514464,inf
39,72,inf,inf,inf,1149.1444643733876,inf
39,73,inf,inf,inf,1312.1375690071525,inf
39,74,inf,inf,inf,462.4035034469354,inf
39,75,inf,inf,inf,1213.293451725509,inf
39,76,inf,inf,inf,508.93221552580064,inf
39,77,inf,inf,inf,510.6397947673095,inf
39,78,inf,inf,inf,141.90489773083945,inf
39,79,inf,inf,inf,1263.4745743385579,inf
39,80,inf,inf,inf,1025.1541347524283,inf
39,81,inf,inf,inf,89.47066558375433,inf
39,82,inf,inf,inf,505.74697230927643,inf
39,83,inf,inf,inf,1317.528747314456,inf
39,84,inf,inf,inf,597.3692325521963,inf
39,85,inf,inf,inf,539.7675425588316,inf
39,86,inf,inf,inf,1071.067224780966,inf
39,87,inf,inf,inf,1206.1716295784775,inf
39,88,inf,inf,inf,1293.7793474932269,inf
39,89,inf,inf,inf,1030.3756596504015,inf
39,90,inf,inf,inf,836.8058317196409,inf
39,91,inf,inf,inf,313.4453700407776,inf
39,92,inf,inf,inf,590.1737032433756,inf
39,93,inf,inf,inf,854.9023336030848,inf
39,94,inf,inf,inf,606.394261186565,inf
39,95,inf,inf,inf,614.6128862951052,inf
39,96,inf,inf,inf,1157.5080993237152,inf
39,97,inf,inf,inf,415.9326868617084,inf
39,98,inf,inf,inf,827.3481733828872,inf
39,99,inf,inf,inf,1074.8255672433552,inf
39,100,inf,inf,inf,1182.935754806659,inf
39,101,inf,inf,inf,1250.1443916604194,inf
39,102,inf,inf,inf,494.0495926523976,inf
39,103,inf,inf,inf,978.3869377705325,inf
39,104,inf,inf,inf,1073.3592129385204,inf
39,105,inf,inf,inf,196.0025510038071,inf
39,106,inf,inf,inf,375.8257574994029,inf
39,107,inf,inf,inf,567.1155085165632,inf
39,108,inf,inf,inf,999.1181111360158,inf
39,109,inf,inf,inf,248.8875247978492,inf
39,110,inf,inf,inf,695.5896778992627,inf
39,111,inf,inf,inf,477.08489810514857,inf
39,112,inf,inf,inf,641.7982549056985,inf
39,113,inf,inf,inf,420.3046514137097,inf
39,114,inf,inf,inf,1337.105081883993,inf
40,41,inf,inf,inf,369.655244788979,inf
40,42,inf,inf,inf,1443.2643555495993,inf
40,43,inf,inf,inf,1185.512547381933,inf
40,44,inf,inf,inf,794.8289124081987,inf
40,45,inf,inf,inf,1196.0041805947,inf
40,46,inf,inf,inf,908.94444274664,inf
40,47,inf,inf,inf,751.1224933391358,inf
40,48,inf,inf,inf,1478.2273167547676,inf
40,49,inf,inf,inf,332.77019097268914,inf
40,50,inf,inf,inf,1278.043817715183,inf
40,51,inf,inf,inf,693.210646196378,inf
40,52,inf,inf,inf,646.1307917132567,inf
40,53,inf,inf,inf,1088.7975018340187,inf
40,54,inf,inf,inf,842.8345033279072,inf
40,55,inf,inf,inf,204.3624231604235,inf
40,56,inf,inf,inf,1179.1984565797227,inf
40,57,inf,inf,inf,1230.873673453129,inf
40,58,inf,inf,inf,1352.1922940173856,inf
40,59,inf,inf,inf,655.061829142868,inf
40,60,inf,inf,inf,351.0128202786901,inf
40,61,inf,inf,inf,429.60563311018166,inf
40,62,inf,inf,inf,1002.3183127130822,inf
40,63,inf,inf,inf,932.4768093631069,inf
40,64,inf,inf,inf,1045.0574146906954,inf
40,65,inf,inf,inf,288.20999288713085,inf
40,66,inf,inf,inf,259.61509971494337,inf
40,67,inf,inf,inf,685.7178720144314,inf
40,68,inf,inf,inf,1027.5665428574443,inf
40,69,inf,inf,inf,118.87808881370864,inf
40,70,inf,inf,inf,1337.0508591672944,inf
40,71,inf,inf,inf,1055.9019840875383,inf
40,72,inf,inf,inf,1097.164527315753,inf
40,73,inf,inf,inf,1146.6237395065566,inf
40,74,inf,inf,inf,205.19746587129188,inf
40,75,inf,inf,inf,1351.3556156689474,inf
40,76,inf,inf,inf,803.2614767309584,inf
40,77,inf,inf,inf,1016.7575915625121,inf
40,78,inf,inf,inf,727.4640884607295,inf
40,79,inf,inf,inf,1442.753270659956,inf
40,80,inf,inf,inf,758.3824892493233,inf
40,81,inf,inf,inf,581.4206738670375,inf
40,82,inf,inf,inf,1117.0358096319026,inf
40,83,inf,inf,inf,1202.8320747303007,inf
40,84,inf,inf,inf,288.76461001999536,inf
40,85,inf,inf,inf,662.7654185305688,inf
40,86,inf,inf,inf,696.8400103323575,inf
40,87,inf,inf,inf,1010.2697659536288,inf
40,88,inf,inf,inf,1195.3786011134714,inf
40,89,inf,inf,inf,1295.453974481533,inf
40,90,inf,inf,inf,830.1668506993037,inf
40,91,inf,inf,inf,398.1017457886865,inf
40,92,inf,inf,inf,867.7845354694908,inf
40,93,inf,inf,inf,1286.5026233941383,inf
40,94,inf,inf,inf,151.19854496654392,inf
40,95,inf,inf,inf,811.1830866086891,inf
40,96,inf,inf,inf,1331.6343341923864,inf
40,97,inf,inf,inf,935.7590501833258,inf
40,98,inf,inf,inf,750.6903489455556,inf
40,99,inf,inf,inf,647.0278201128604,inf
40,100,inf,inf,inf,1303.00959321104,inf
40,101,inf,inf,inf,1457.4841337043777,inf
40,102,inf,inf,inf,286.0069929215018,inf
40,103,inf,inf,inf,1420.2323753527096,inf
40,104,inf,inf,inf,1437.151696933904,inf
40,105,inf,inf,inf,816.5414870047939,inf
40,106,inf,inf,inf,709.2037788957416,inf
40,107,inf,inf,inf,1117.941411702778,inf
40,108,inf,inf,inf,1431.2407204939357,inf
40,109,inf,inf,inf,757.1327492586753,inf
40,110,inf,inf,inf,722.6631303726516,inf
40,111,inf,inf,inf,276.34217919094436,inf
40,112,inf,inf,inf,942.0838603861123,inf
40,113,inf,inf,inf,261.627597932634,inf
40,114,inf,inf,inf,1321.107489949247,inf
41,42,inf,inf,inf,1097.8000728730162,inf
41,43,inf,inf,inf,821.7669986072694,inf
41,44,inf,inf,inf,538.2230021097204,inf
41,45,inf,inf,inf,873.2450973237696,inf
41,46,inf,inf,inf,598.9198610832672,inf
41,47,inf,inf,inf,604.8222879491132,inf
41,48,inf,inf,inf,1161.8902702062703,inf
41,49,inf,inf,inf,556.3856576152912,inf
41,50,inf,inf,inf,1077.8186303826817,inf
41,51,inf,inf,inf,363.30978516962625,inf
41,52,inf,inf,inf,293.86391408269236,inf
41,53,inf,inf,inf,719.1835648845154,inf
41,54,inf,inf,inf,798.7821980990814,inf
41,55,inf,inf,inf,480.3176032585106,inf
41,56,inf,inf,inf,968.266492242709,inf
41,57,inf,inf,inf,864.468044522179,inf
41,58,inf,inf,inf,1018.0771090639452,inf
41,59,inf,inf,inf,428.033877163946,inf
41,60,inf,inf,inf,306.2172431461037,inf
41,61,inf,inf,inf,611.1530086647697,inf
41,62,inf,inf,inf,634.3035550901477,inf
41,63,inf,inf,inf,905.9492259503288,inf
41,64,inf,inf,inf,828.035023413865,inf
41,65,inf,inf,inf,413.03752856126766,inf
41,66,inf,inf,inf,111.07204868912791,inf
41,67,inf,inf,inf,726.1129388738366,inf
41,68,inf,inf,inf,685.24156324613,inf
41,69,inf,inf,inf,284.01584462842914,inf
41,70,inf,inf,inf,967.4967700204481,inf
41,71,inf,inf,inf,738.7827826905551,inf
41,72,inf,inf,inf,924.9675669989732,inf
41,73,inf,inf,inf,1047.4850834260124,inf
41,74,inf,inf,inf,292.97952146865146,inf
41,75,inf,inf,inf,1089.0477491827437,inf
41,76,inf,inf,inf,454.7548790282519,inf
41,77,inf,inf,inf,647.1236357914923,inf
41,78,inf,inf,inf,468.5904395098133,inf
41,79,inf,inf,inf,1164.8493464821963,inf
41,80,inf,inf,inf,717.8307599984832,inf
41,81,inf,inf,inf,257.0311265197272,inf
41,82,inf,inf,inf,764.6554779768468,inf
41,83,inf,inf,inf,1072.6509217821051,inf
41,84,inf,inf,inf,260.06922155457,inf
41,85,inf,inf,inf,359.3897605664357,inf
41,86,inf,inf,inf,742.822320612406,inf
41,87,inf,inf,inf,927.3467528384407,inf
41,88,inf,inf,inf,1054.835058196304,inf
41,89,inf,inf,inf,979.963264617608,inf
41,90,inf,inf,inf,615.871739893949,inf
41,91,inf,inf,inf,315.9272068056184,inf
41,92,inf,inf,inf,528.7163700889164,inf
41,93,inf,inf,inf,926.002159824695,inf
41,94,inf,inf,inf,289.8068322175997,inf
41,95,inf,inf,inf,495.036362300791,inf
41,96,inf,inf,inf,1052.810049344135,inf
41,97,inf,inf,inf,567.1631158670317,inf
41,98,inf,inf,inf,573.0314127515175,inf
41,99,inf,inf,inf,740.1432293819893,inf
41,100,inf,inf,inf,1047.471717995288,inf
41,101,inf,inf,inf,1168.2829280615206,inf
41,102,inf,inf,inf,157.20368952413298,inf
41,103,inf,inf,inf,1059.615496300427,inf
41,104,inf,inf,inf,1094.229409219109,inf
41,105,inf,inf,inf,533.2400960167943,inf
41,106,inf,inf,inf,345.28394112671964,inf
41,107,inf,inf,inf,750.014666523262,inf
41,108,inf,inf,inf,1072.5134031796526,inf
41,109,inf,inf,inf,392.6130410467793,inf
41,110,inf,inf,inf,478.3523805731503,inf
41,111,inf,inf,inf,142.04224723651762,inf
41,112,inf,inf,inf,601.0998253202208,inf
41,113,inf,inf,inf,108.93117092916977,inf
41,114,inf,inf,inf,1136.0633785137165,inf
42,43,inf,inf,inf,337.146852276571,inf
42,44,inf,inf,inf,724.8289453381398,inf
42,45,inf,inf,inf,288.2117277280715,inf
42,46,inf,inf,inf,1011.2843319264864,inf
42,47,inf,inf,inf,931.5089908315432,inf
42,48,inf,inf,inf,236.13555429032706,inf
42,49,inf,inf,inf,1461.704484497465,inf
42,50,inf,inf,inf,763.7905472051876,inf
42,51,inf,inf,inf,750.1633155520203,inf
42,52,inf,inf,inf,938.7294604943429,inf
42,53,inf,inf,inf,540.7587262356475,inf
42,54,inf,inf,inf,1143.4203076734295,inf
42,55,inf,inf,inf,1465.4009690183775,inf
42,56,inf,inf,inf,712.604378319415,inf
42,57,inf,inf,inf,602.3968791419823,inf
42,58,inf,inf,inf,127.9531164137865,inf
42,59,inf,inf,inf,1204.7514266436874,inf
42,60,inf,inf,inf,1353.1245323324827,inf
42,61,inf,inf,inf,1443.149680386619,inf
42,62,inf,inf,inf,526.7580089566745,inf
42,63,inf,inf,inf,1208.6591744573818,inf
42,64,inf,inf,inf,702.900419689731,inf
42,65,inf,inf,inf,1316.398495897044,inf
42,66,inf,inf,inf,1194.7568790343917,inf
42,67,inf,inf,inf,1285.2645642045843,inf
42,68,inf,inf,inf,858.6995982297884,inf
42,69,inf,inf,inf,1378.7675656179326,inf
42,70,inf,inf,inf,422.14334058468813,inf
42,71,inf,inf,inf,417.5943007273926,inf
42,72,inf,inf,inf,836.7424932438893,inf
42,73,inf,inf,inf,1072.9259061090845,inf
42,74,inf,inf,inf,1387.553962914596,inf
42,75,inf,inf,inf,515.2184002925361,inf
42,76,inf,inf,inf,643.5720627870666,inf
42,77,inf,inf,inf,578.1695253124294,inf
42,78,inf,inf,inf,1148.372761780773,inf
42,79,inf,inf,inf,453.84248368789804,inf
42,80,inf,inf,inf,1137.2475544049325,inf
42,81,inf,inf,inf,1032.2606260048865,inf
42,82,inf,inf,inf,781.9443714229293,inf
42,83,inf,inf,inf,991.4943267613789,inf
42,84,inf,inf,inf,1191.55067034516,inf
42,85,inf,inf,inf,787.6357025935276,inf
42,86,inf,inf,inf,1299.849991345155,inf
42,87,inf,inf,inf,1082.1039691268118,inf
42,88,inf,inf,inf,955.2559866339493,inf
42,89,inf,inf,inf,256.51705596314645,inf
42,90,inf,inf,inf,777.9132342363125,inf
42,91,inf,inf,inf,1335.2276959380374,inf
42,92,inf,inf,inf,575.4806686588178,inf
42,93,inf,inf,inf,232.86262044390037,inf
42,94,inf,inf,inf,1313.705065834794,inf
42,95,inf,inf,inf,640.6637183421581,inf
42,96,inf,inf,inf,435.09309348689965,inf
42,97,inf,inf,inf,666.5440720612554,inf
42,98,inf,inf,inf,876.2305632651717,inf
42,99,inf,inf,inf,1376.6586359733483,inf
42,100,inf,inf,inf,542.0055350270881,inf
42,101,inf,inf,inf,396.1615831955441,inf
42,102,inf,inf,inf,1158.9391701034183,inf
42,103,inf,inf,inf,179.17589123540031,inf
42,104,1.0,25.2426,25.242640687119284,24.186773244895647,1.0436547459858652
42,105,inf,inf,inf,1093.6068763499982,inf
42,106,inf,inf,inf,759.4063470896198,inf
42,107,inf,inf,inf,594.485491833064,inf
42,108,inf,inf,inf,150.95032295427526,inf
42,109,inf,inf,inf,821.0493286033428,inf
42,110,inf,inf,inf,790.7173957868893,inf
42,111,inf,inf,inf,1167.0017137947998,inf
42,112,inf,inf,inf,501.19257775829044,inf
42,113,inf,inf,inf,1193.1626041743011,inf
42,114,inf,inf,inf,832.272191052903,inf
43,44,inf,inf,inf,597.4152659582779,inf
43,45,inf,inf,inf,331.436268383531,inf
43,46,inf,inf,inf,674.8540582970513,inf
43,47,inf,inf,inf,834.607093188166,inf
43,48,inf,inf,inf,520.311445194126,inf
43,49,inf,inf,inf,1265.0185769386947,inf
43,50,inf,inf,inf,875.0702828916086,inf
43,51,inf,inf,inf,518.3329046086116,inf
43,52,inf,inf,inf,620.7455195166534,inf
43,53,inf,inf,inf,206.63010429267078,inf
43,54,inf,inf,inf,1083.5358785014919,inf
43,55,inf,inf,inf,1243.2618388738551,inf
43,56,inf,inf,inf,787.8356427580565,inf
43,57,inf,inf,inf,316.24357700987383,inf
43,58,inf,inf,inf,335.72607882021913,inf
43,59,inf,inf,inf,873.1655055028227,inf
43,60,inf,inf,inf,1047.2105805424237,inf
43,61,inf,inf,inf,1267.6722762607062,inf
43,62,inf,inf,inf,200.08498194517247,inf
43,63,inf,inf,inf,1171.0273267520276,inf
43,64,inf,inf,inf,716.760071432554,inf
43,65,inf,inf,inf,1110.9459932868024,inf
43,66,inf,inf,inf,927.5559282329018,inf
43,67,inf,inf,inf,1176.938825937865,inf
43,68,inf,inf,inf,528.3531016280684,inf
43,69,inf,inf,inf,1105.6165700639622,inf
43,70,inf,inf,inf,221.90313201935658,inf
43,71,inf,inf,inf,351.20506830055854,inf
43,72,inf,inf,inf,873.1334376829237,inf
43,73,inf,inf,inf,1109.4331886147988,inf
43,74,inf,inf,inf,1099.9318160686144,inf
43,75,inf,inf,inf,685.0532825992442,inf
43,76,inf,inf,inf,395.3492127221199,inf
43,77,inf,inf,inf,241.3379373409825,inf
43,78,inf,inf,inf,813.5576193485007,inf
43,79,inf,inf,inf,675.3969203364788,inf
43,80,inf,inf,inf,1052.4979809956883,inf
43,81,inf,inf,inf,714.7377141301556,inf
43,82,inf,inf,inf,463.37134136672717,inf
43,83,inf,inf,inf,1053.6284924013778,inf
43,84,inf,inf,inf,966.6566091430814,inf
43,85,inf,inf,inf,576.3002689570776,inf
43,86,inf,inf,inf,1193.7512303658582,inf
43,87,inf,inf,inf,1075.8461785961783,inf
43,88,inf,inf,inf,1018.4547118060773,inf
43,89,inf,inf,inf,409.67426084634604,inf
43,90,inf,inf,inf,691.5670611010909,inf
43,91,inf,inf,inf,1024.2445996928664,inf
43,92,inf,inf,inf,359.23529893372114,inf
43,93,inf,inf,inf,112.36102527122117,inf
43,94,inf,inf,inf,1072.2000746129427,inf
43,95,inf,inf,inf,454.138745319093,inf
43,96,inf,inf,inf,604.0943634896787,inf
43,97,inf,inf,inf,331.7303121513016,inf
43,98,inf,inf,inf,770.6309103585191,inf
43,99,inf,inf,inf,1254.2109073038712,inf
43,100,inf,inf,inf,685.7011010637215,inf
43,101,inf,inf,inf,635.1094393882049,inf
43,102,inf,inf,inf,912.4253394113954,inf
43,103,inf,inf,inf,241.00622398602076,inf
43,104,inf,inf,inf,346.3596396810691,inf
43,105,inf,inf,inf,756.6161510303623,inf
43,106,inf,inf,inf,476.9171835864168,inf
43,107,inf,inf,inf,270.4089495560382,inf
43,108,inf,inf,inf,258.4917793663853,inf
43,109,inf,inf,inf,497.8051827773592,inf
43,110,inf,inf,inf,642.6460923400997,inf
43,111,inf,inf,inf,915.4916711800278,inf
43,112,inf,inf,inf,298.3186216111894,inf
43,113,inf,inf,inf,925.6873122172519,inf
43,114,inf,inf,inf,951.7378840836378,inf
44,45,inf,inf,inf,442.0916194636582,inf
44,46,inf,inf,inf,875.6146412663506,inf
44,47,inf,inf,inf,238.41560351621283,inf
44,48,inf,inf,inf,700.851624810844,inf
44,49,inf,inf,inf,744.7100106752963,inf
44,50,inf,inf,inf,545.8800234483764,inf
44,51,inf,inf,inf,237.86130412490385,inf
44,52,inf,inf,inf,592.1148537234985,inf
44,53,inf,inf,inf,647.6951443387545,inf
44,54,inf,inf,inf,494.03339968062886,inf
44,55,inf,inf,inf,767.049542076651,inf
44,56,inf,inf,inf,434.37311150668614,inf
44,57,inf,inf,inf,829.6945220983444,inf
44,58,inf,inf,inf,609.8106263423097,inf
44,59,inf,inf,inf,872.4247818580121,inf
44,60,inf,inf,inf,844.2043591453435,inf
44,61,inf,inf,inf,719.2218016717792,inf
44,62,inf,inf,inf,522.3456709880919,inf
44,63,inf,inf,inf,590.3388857258177,inf
44,64,inf,inf,inf,295.4352720986443,inf
44,65,inf,inf,inf,608.4767867388205,inf
44,66,inf,inf,inf,593.0236082990289,inf
44,67,inf,inf,inf,581.532458251472,inf
44,68,inf,inf,inf,843.8815082699704,inf
44,69,inf,inf,inf,767.5656323728936,inf
44,70,inf,inf,inf,814.7109917019654,inf
44,71,inf,inf,inf,307.2783754187723,inf
44,72,inf,inf,inf,418.7182823808867,inf
44,73,inf,inf,inf,604.7420937887489,inf
44,74,inf,inf,inf,812.800713582364,inf
44,75,inf,inf,inf,560.1580134212131,inf
44,76,inf,inf,inf,291.29023327259017,inf
44,77,inf,inf,inf,597.4052226085741,inf
44,78,inf,inf,inf,868.0581777738172,inf
44,79,inf,inf,inf,648.0570962500141,inf
44,80,inf,inf,inf,455.9265291689002,inf
44,81,inf,inf,inf,648.3463580525458,inf
44,82,inf,inf,inf,857.6910865807106,inf
44,83,inf,inf,inf,593.0059021628706,inf
44,84,inf,inf,inf,511.6248625702234,inf
44,85,inf,inf,inf,193.60010330575756,inf
44,86,inf,inf,inf,597.957356339062,inf
44,87,inf,inf,inf,526.4902658169475,inf
44,88,inf,inf,inf,566.6012707363088,inf
44,89,inf,inf,inf,523.2399067349508,inf
44,90,inf,inf,inf,117.00427342623003,inf
44,91,inf,inf,inf,850.0882307149064,inf
44,92,inf,inf,inf,262.23081436017395,inf
44,93,inf,inf,inf,654.1712314065791,inf
44,94,inf,inf,inf,647.7345135161473,inf
44,95,inf,inf,inf,166.67633305301626,inf
44,96,inf,inf,inf,536.8062965353517,inf
44,97,inf,inf,inf,590.3100880046012,inf
44,98,inf,inf,inf,173.761330565808,inf
44,99,inf,inf,inf,663.9819274648972,inf
44,100,inf,inf,inf,514.7475109216168,inf
44,101,inf,inf,inf,663.4282176694024,inf
44,102,inf,inf,inf,518.2171359575058,inf
44,103,inf,inf,inf,771.0752233083358,inf
44,104,inf,inf,inf,711.5012297951424,inf
44,105,inf,inf,inf,879.6027512462657,inf
44,106,inf,inf,inf,378.53005164715785,inf
44,107,inf,inf,inf,721.0006934809425,inf
44,108,inf,inf,inf,769.4550019331865,inf
44,109,inf,inf,inf,561.1354560175288,inf
44,110,inf,inf,inf,73.24616030891995,inf
44,111,inf,inf,inf,534.9579422721005,inf
44,112,inf,inf,inf,302.49793387724156,inf
44,113,inf,inf,inf,592.346182565567,inf
44,114,inf,inf,inf,609.8426026443217,inf
45,46,inf,inf,inf,934.4913054705218,inf
45,47,inf,inf,inf,643.3078578721078,inf
45,48,inf,inf,inf,289.1401044476535,inf
45,49,inf,inf,inf,1185.1894363349684,inf
45,50,inf,inf,inf,549.9109018741127,inf
45,51,inf,inf,inf,510.9569453486272,inf
45,52,inf,inf,inf,775.1548232450083,inf
45,53,inf,inf,inf,509.47227598761447,inf
45,54,inf,inf,inf,858.8294359184482,inf
45,55,inf,inf,inf,1198.2695856943044,inf
45,56,inf,inf,inf,472.3822604628586,inf
45,57,inf,inf,inf,646.9435833208333,inf
45,58,inf,inf,inf,167.88686666919483,inf
45,59,inf,inf,inf,1064.0075187704267,inf
45,60,inf,inf,inf,1154.292857120757,inf
45,61,inf,inf,inf,1161.2049775987011,inf
45,62,inf,inf,inf,430.46021883560854,inf
45,63,inf,inf,inf,928.840675250605,inf
45,64,inf,inf,inf,431.26442004876776,inf
45,65,inf,inf,inf,1044.3069472142756,inf
45,66,inf,inf,inf,959.642641820381,inf
45,67,inf,inf,inf,997.0682022810677,inf
45,68,inf,inf,inf,819.2588113654928,inf
45,69,inf,inf,inf,1144.2490987542878,inf
45,70,inf,inf,inf,531.3727505245258,inf
45,71,4.0,423.9776,423.9777054234135,140.9432509913121,3.0081447848080924
45,72,inf,inf,inf,577.847730808039,inf
45,73,inf,inf,inf,817.7065488303246,inf
45,74,inf,inf,inf,1166.19037896906,inf
45,75,inf,inf,inf,355.5784020437687,inf
45,76,inf,inf,inf,428.72951846123215,inf
45,77,inf,inf,inf,509.9823526358535,inf
45,78,inf,inf,inf,1024.1259688143837,inf
45,79,inf,inf,inf,363.02203789852757,inf
45,80,inf,inf,inf,849.7917391926095,inf
45,81,inf,inf,inf,862.9113511827272,inf
45,82,inf,inf,inf,774.9870966667768,inf
45,83,inf,inf,inf,748.4176641421553,inf
45,84,inf,inf,inf,929.7768549496163,inf
45,85,inf,inf,inf,533.2541607901433,inf
45,86,inf,inf,inf,1011.6936295143901,inf
45,87,inf,inf,inf,809.9438252125884,inf
45,88,inf,inf,inf,712.2808434880163,inf
45,89,inf,inf,inf,111.61093136427094,inf
45,90,inf,inf,inf,489.73972679373276,inf
45,91,inf,inf,inf,1144.3308088136052,inf
45,92,inf,inf,inf,348.0229877464993,inf
45,93,inf,inf,inf,309.5561338432821,inf
45,94,inf,inf,inf,1058.4597299850382,inf
45,95,inf,inf,inf,385.14932169224966,inf
45,96,inf,inf,inf,277.07760645710795,inf
45,97,inf,inf,inf,572.4657194976832,inf
45,98,inf,inf,inf,588.4505076894743,inf
45,99,inf,inf,inf,1088.5628139891608,inf
45,100,inf,inf,inf,354.2654372077525,inf
45,101,inf,inf,inf,336.8827689271151,inf
45,102,inf,inf,inf,910.0428561337097,inf
45,103,inf,inf,inf,381.064299036265,inf
45,104,inf,inf,inf,272.31048455760936,inf
45,105,inf,inf,inf,991.4807108562426,inf
45,106,inf,inf,inf,561.6582590864306,inf
45,107,inf,inf,inf,585.2631886595979,inf
45,108,inf,inf,inf,368.78720151328463,inf
45,109,inf,inf,inf,676.3105795416777,inf
45,110,inf,inf,inf,510.95596679166005,inf
45,111,inf,inf,inf,921.1541673357398,inf
45,112,inf,inf,inf,282.0567318820808,inf
45,113,inf,inf,inf,958.311535983993,inf
45,114,inf,inf,inf,625.6364759187239,inf
46,47,inf,inf,inf,1061.4636121883784,inf
46,48,inf,inf,inf,1183.841205567706,inf
46,49,inf,inf,inf,1153.5631755565016,inf
46,50,inf,inf,inf,1375.991279042131,inf
46,51,inf,inf,inf,641.8138359368704,inf
46,52,inf,inf,inf,324.5812687140156,inf
46,53,inf,inf,inf,471.02016941952706,inf
46,54,inf,inf,inf,1306.4432632150545,inf
46,55,inf,inf,inf,1065.9230741474735,inf
46,56,inf,inf,inf,1266.8295070766233,inf
46,57,inf,inf,inf,483.125242561388,inf
46,58,inf,inf,inf,1000.3299455679611,inf
46,59,inf,inf,inf,299.7365509910328,inf
46,60,inf,inf,inf,606.2359276717275,inf
46,61,inf,inf,inf,1209.8417251855715,inf
46,62,inf,inf,inf,507.02465423290806,inf
46,63,inf,inf,inf,1414.5179390873768,inf
46,64,inf,inf,inf,1144.2906099413733,inf
46,65,inf,inf,inf,1011.9115574001514,inf
46,66,inf,inf,inf,692.7308279555631,inf
46,67,inf,inf,inf,1288.2379438597513,inf
46,68,inf,inf,inf,180.71247881648904,inf
46,69,inf,inf,inf,792.6260152177697,inf
46,70,inf,inf,inf,671.107293955296,inf
46,71,inf,inf,inf,860.3470230087391,inf
46,72,inf,inf,inf,1287.808215535217,inf
46,73,inf,inf,inf,1478.992224455558,inf
46,74,inf,inf,inf,730.5846973486373,inf
46,75,inf,inf,inf,1269.5770949414612,inf
46,76,inf,inf,inf,599.8108035039049,inf
46,77,inf,inf,inf,437.53856972842976,inf
46,78,inf,inf,inf,213.65392577717827,inf
46,79,inf,inf,inf,1296.6545415028631,inf
46,80,inf,inf,inf,1237.9095281966288,inf
46,81,inf,inf,inf,342.47627655065395,inf
46,82,inf,inf,inf,290.2430016382824,inf
46,83,inf,inf,inf,1467.1826743797105,inf
46,84,inf,inf,inf,856.5588129253006,inf
46,85,inf,inf,inf,703.3078984342491,inf
46,86,inf,inf,inf,1305.9931087107618,inf
46,87,inf,inf,inf,1388.3230891979,inf
46,88,inf,inf,inf,1439.1615614655639,inf
46,89,inf,inf,inf,1039.8062319490107,inf
46,90,inf,inf,inf,990.830459765948,inf
46,91,inf,inf,inf,561.9653014199364,inf
46,92,inf,inf,inf,666.3167414976153,inf
46,93,inf,inf,inf,779.8185686427324,inf
46,94,inf,inf,inf,877.9846240111498,inf
46,95,inf,inf,inf,726.4447673429826,inf
46,96,inf,inf,inf,1201.4000166472447,inf
46,97,inf,inf,inf,362.3768756419206,inf
46,98,inf,inf,inf,1005.7375403155636,inf
46,99,inf,inf,inf,1320.3639649732947,inf
46,100,inf,inf,inf,1249.7591768016748,inf
46,101,inf,inf,inf,1270.5431909226857,inf
46,102,inf,inf,inf,755.6215984207969,inf
46,103,inf,inf,inf,882.5417837133832,inf
46,104,inf,inf,inf,1021.1899921170399,inf
46,105,inf,inf,inf,116.61903789690601,inf
46,106,inf,inf,inf,497.77304065206266,inf
46,107,inf,inf,inf,429.26099287030496,inf
46,108,inf,inf,inf,908.3226299063566,inf
46,109,inf,inf,inf,314.5313974788527,inf
46,110,inf,inf,inf,859.7173954271252,inf
46,111,inf,inf,inf,740.913625195272,inf
46,112,inf,inf,inf,691.9205156663589,inf
46,113,inf,inf,inf,690.5541253225557,inf
46,114,inf,inf,inf,1449.6430595149966,inf
47,48,inf,inf,inf,864.7849443647825,inf
47,49,inf,inf,inf,604.4973118219799,inf
47,50,inf,inf,inf,529.3666026488637,inf
47,51,inf,inf,inf,427.16273245684715,inf
47,52,inf,inf,inf,751.7672512154277,inf
47,53,inf,inf,inf,882.4992917844183,inf
47,54,inf,inf,inf,259.0308861892728,inf
47,55,inf,inf,inf,663.5909884861306,inf
47,56,inf,inf,inf,437.3305386089565,inf
47,57,inf,inf,inf,1064.9060991467745,inf
47,58,inf,inf,inf,808.8491824808875,inf
47,59,inf,inf,inf,1002.8105504032155,inf
47,60,inf,inf,inf,898.2878157917984,inf
47,61,inf,inf,inf,552.4436622860289,inf
47,62,inf,inf,inf,757.0290615293444,inf
47,63,inf,inf,inf,361.1121709386157,inf
47,64,inf,inf,inf,316.30365157550744,inf
47,65,inf,inf,inf,501.0488998091903,inf
47,66,inf,inf,inf,617.5864311980955,inf
47,67,inf,inf,inf,354.2005081871001,inf
47,68,inf,inf,inf,1054.442980914568,inf
47,69,inf,inf,inf,760.426853813041,inf
47,70,inf,inf,inf,1052.8437680871746,inf
47,71,inf,inf,inf,522.8173677298795,inf
47,72,inf,inf,inf,346.09969661934116,inf
47,73,inf,inf,inf,443.4828068820707,inf
47,74,inf,inf,inf,828.6887232248307,inf
47,75,inf,inf,inf,648.0347212919999,inf
47,76,inf,inf,inf,514.0972670613996,inf
47,77,inf,inf,inf,828.8262785409256,inf
47,78,inf,inf,inf,1016.228812817271,inf
47,79,inf,inf,inf,755.1556131023592,inf
47,80,inf,inf,inf,217.89217516927954,inf
47,81,inf,inf,inf,785.7894119928061,inf
47,82,inf,inf,inf,1079.5925157206307,inf
47,83,inf,inf,inf,470.669735589617,inf
47,84,inf,inf,inf,467.4120238076894,inf
47,85,inf,inf,inf,360.0347205478938,inf
47,86,inf,inf,inf,369.3196447523473,inf
47,87,inf,inf,inf,331.68961394653286,inf
47,88,inf,inf,inf,456.2159576341012,inf
47,89,inf,inf,inf,702.8186110227873,inf
47,90,inf,inf,inf,153.67498169838836,inf
47,91,inf,inf,inf,916.5260498207348,inf
47,92,inf,inf,inf,497.944776054534,inf
47,93,inf,inf,inf,885.9898419282243,inf
47,94,inf,inf,inf,600.7611838326441,inf
47,95,inf,inf,inf,399.43084507834396,inf
47,96,inf,inf,inf,654.569324059721,inf
47,97,inf,inf,inf,811.9334948134607,inf
47,98,inf,inf,inf,64.93843238021688,inf
47,99,inf,inf,inf,445.62091512854283,inf
47,100,inf,inf,inf,594.5258615064613,inf
47,101,inf,inf,inf,787.4801584801994,inf
47,102,inf,inf,inf,520.7657822860484,inf
47,103,inf,inf,inf,997.3088789337032,inf
47,104,inf,inf,inf,915.3316338901436,inf
47,105,inf,inf,inf,1046.0329822715917,inf
47,106,inf,inf,inf,570.4463164926215,inf
47,107,inf,inf,inf,953.8888824176535,inf
47,108,inf,inf,inf,993.0080563620821,inf
47,109,inf,inf,inf,751.3221679146703,inf
47,110,inf,inf,inf,213.3377603707323,inf
47,111,inf,inf,inf,542.9493530707998,inf
47,112,inf,inf,inf,540.9001756331754,inf
47,113,inf,inf,inf,617.7798960795018,inf
47,114,inf,inf,inf,569.9912280026773,inf
48,49,inf,inf,inf,1442.765400195056,inf
48,50,inf,inf,inf,576.8049930435762,inf
48,51,inf,inf,inf,799.0150186323158,inf
48,52,inf,inf,inf,1056.593109952928,inf
48,53,inf,inf,inf,725.4819088026937,inf
48,54,inf,inf,inf,1038.542247575899,inf
48,55,inf,inf,inf,1467.5067291157475,inf
48,56,inf,inf,inf,551.5985859300221,inf
48,57,inf,inf,inf,817.7689160147871,inf
48,58,inf,inf,inf,184.87833837418594,inf
48,59,inf,inf,inf,1340.624481351881,inf
48,60,inf,inf,inf,1443.1001351257646,inf
48,61,inf,inf,inf,1408.0514905357688,inf
48,62,inf,inf,inf,678.7238024410224,inf
48,63,inf,inf,inf,1086.5877783225799,inf
48,64,inf,inf,inf,583.6754235017952,inf
48,65,inf,inf,inf,1309.3085961682218,inf
48,66,inf,inf,inf,1246.4878659658104,inf
48,67,inf,inf,inf,1206.797828967222,inf
48,68,inf,inf,inf,1047.3418735064497,inf
48,69,inf,inf,inf,1430.7061193690338,inf
48,70,inf,inf,inf,650.006923040055,inf
48,71,inf,inf,inf,424.4066446228193,inf
48,72,inf,inf,inf,689.34896823017,inf
48,73,inf,inf,inf,911.9002138392117,inf
48,74,inf,inf,inf,1454.7309029507828,inf
48,75,inf,inf,inf,315.8005699804863,inf
48,76,inf,inf,inf,717.1784993988596,inf
48,77,inf,inf,inf,746.8600939935136,inf
48,78,inf,inf,inf,1294.8050046242483,inf
48,79,inf,inf,inf,230.0021739027699,inf
48,80,inf,inf,inf,1049.237818609299,inf
48,81,inf,inf,inf,1146.3620719476023,inf
48,82,inf,inf,inf,982.9084392760091,inf
48,83,inf,inf,inf,819.5395048440313,inf
48,84,inf,inf,inf,1205.4580042456892,inf
48,85,inf,inf,inf,817.0740480519498,inf
48,86,inf,inf,inf,1219.2792953216256,inf
48,87,inf,inf,inf,946.1062308218882,inf
48,88,inf,inf,inf,784.4246299039826,inf
48,89,inf,inf,inf,183.0,inf
48,90,inf,inf,inf,718.4740774725279,inf
48,91,inf,inf,inf,1432.4304520639039,inf
48,92,inf,inf,inf,637.0196229316645,inf
48,93,inf,inf,inf,437.95091049111886,inf
48,94,inf,inf,inf,1337.4262596494807,inf
48,95,inf,inf,inf,670.6489394608777,inf
48,96,inf,inf,inf,249.9959999679995,inf
48,97,inf,inf,inf,824.3257851116875,inf
48,98,inf,inf,inf,820.2267979040919,inf
48,99,inf,inf,inf,1304.698049358548,inf
48,100,inf,inf,inf,356.384623686264,inf
48,101,inf,inf,inf,168.1903683330291,inf
48,102,inf,inf,inf,1192.9207852996778,inf
48,103,inf,inf,inf,414.54553429026345,inf
48,104,inf,inf,inf,213.41274563624359,inf
48,105,inf,inf,inf,1253.0442929122657,inf
48,106,inf,inf,inf,848.7838358498587,inf
48,107,inf,inf,inf,790.3954706347956,inf
48,108,inf,inf,inf,386.89791935341293,inf
48,109,inf,inf,inf,951.0341739390861,inf
48,110,inf,inf,inf,773.424850906667,inf
48,111,inf,inf,inf,1205.1344323352478,inf
48,112,inf,inf,inf,569.5489443410461,inf
48,113,inf,inf,inf,1245.2168485850166,inf
48,114,inf,inf,inf,636.9152219879817,inf
49,50,inf,inf,inf,1119.3087152345415,inf
49,51,inf,inf,inf,746.9384178096612,inf
49,52,inf,inf,inf,847.9369080303086,inf
49,53,inf,inf,inf,1219.7868666287566,inf
49,54,inf,inf,inf,597.7909333537939,inf
49,55,inf,inf,inf,130.91982279242512,inf
49,56,inf,inf,inf,1037.345169169838,inf
49,57,inf,inf,inf,1385.4335061633235,inf
49,58,inf,inf,inf,1352.014792818481,inf
49,59,inf,inf,inf,941.0430383356545,inf
49,60,inf,inf,inf,667.3904404469696,inf
49,61,inf,inf,inf,102.6498904042279,inf
49,62,inf,inf,inf,1111.4000179953212,inf
49,63,inf,inf,inf,666.4180369707891,inf
49,64,inf,inf,inf,920.8001954821686,inf
49,65,inf,inf,inf,156.1569723067145,inf
49,66,inf,inf,inf,462.1774550970655,inf
49,67,inf,inf,inf,403.71400768365714,inf
49,68,inf,inf,inf,1238.6819607954255,inf
49,69,inf,inf,inf,432.41184072594496,inf
49,70,inf,inf,inf,1451.2701333659422,inf
49,71,inf,inf,inf,1046.759284649532,inf
49,72,inf,inf,inf,926.5171342182507,inf
49,73,inf,inf,inf,913.9201278011116,inf
49,74,inf,inf,inf,527.668456514126,inf
49,75,inf,inf,inf,1251.5630227839108,inf
49,76,inf,inf,inf,870.4831991486108,inf
49,77,inf,inf,inf,1149.4224636746926,inf
49,78,inf,inf,inf,1001.4569386648634,inf
49,79,inf,inf,inf,1356.554827495004,inf
49,80,inf,inf,inf,522.7083316726452,inf
49,81,inf,inf,inf,811.1387057710907,inf
49,82,inf,inf,inf,1311.4667361393501,inf
49,83,inf,inf,inf,989.6731783775895,inf
49,84,inf,inf,inf,313.9697437652233,inf
49,85,inf,inf,inf,690.1724422200585,inf
49,86,inf,inf,inf,409.69500851242987,inf
49,87,inf,inf,inf,776.0496118161519,inf
49,88,inf,inf,inf,990.8269273692556,inf
49,89,inf,inf,inf,1267.5397429666652,inf
49,90,inf,inf,inf,731.2735466294401,inf
49,91,inf,inf,inf,710.9352994471437,inf
49,92,inf,inf,inf,911.0005488472551,inf
49,93,inf,inf,inf,1350.2092430434625,inf
49,94,inf,inf,inf,281.06404963993526,inf
49,95,inf,inf,inf,827.5131418896017,inf
49,96,inf,inf,inf,1252.3617688192178,inf
49,97,inf,inf,inf,1085.8199666611404,inf
49,98,inf,inf,inf,632.4555320336759,inf
49,99,inf,inf,inf,338.3681427085003,inf
49,100,inf,inf,inf,1198.4598449676985,inf
49,101,inf,inf,inf,1384.7642398617895,inf
49,102,inf,inf,inf,403.5145598364451,inf
49,103,inf,inf,inf,1479.4769345954671,inf
49,104,inf,inf,inf,1450.4168366369718,inf
49,105,inf,inf,inf,1078.9198302005575,inf
49,106,inf,inf,inf,822.3879862935742,inf
49,107,inf,inf,inf,1266.864238977484,inf
49,108,inf,inf,inf,1483.987196710268,inf
49,109,inf,inf,inf,932.0225319164767,inf
49,110,inf,inf,inf,674.3367111465903,inf
49,111,inf,inf,inf,414.96626368898956,inf
49,112,inf,inf,inf,981.2288214274996,inf
49,113,inf,inf,inf,464.294087836578,inf
49,114,inf,inf,inf,1146.098163335061,inf
50,51,inf,inf,inf,772.8188662293384,inf
50,52,inf,inf,inf,1125.0657758549053,inf
50,53,inf,inf,inf,1026.171525623275,inf
50,54,inf,inf,inf,570.6505060017033,inf
50,55,inf,inf,inf,1190.2033439711047,inf
50,56,inf,inf,inf,112.2007130102122,inf
50,57,inf,inf,inf,1184.1055696178446,inf
50,58,inf,inf,inf,644.3756668279769,inf
50,59,inf,inf,inf,1413.0286621296823,inf
50,60,inf,inf,inf,1383.6162762847218,inf
50,61,inf,inf,inf,1051.4870422406545,inf
50,62,inf,inf,inf,920.0054347665562,inf
50,63,inf,inf,inf,577.6028047023318,inf
50,64,inf,inf,inf,250.68905041904003,inf
50,65,inf,inf,inf,1028.8989260369553,inf
50,66,inf,inf,inf,1117.7208953938366,inf
50,67,inf,inf,inf,775.8150552805739,inf
50,68,inf,inf,inf,1302.725220451343,inf
50,69,inf,inf,inf,1277.3629084954675,inf
50,70,inf,inf,inf,1081.2460404551778,inf
50,71,inf,inf,inf,542.9263301774929,inf
50,72,inf,inf,inf,193.82982226685345,inf
50,73,inf,inf,inf,349.68843275121355,inf
50,74,inf,inf,inf,1336.3839268713164,inf
50,75,inf,inf,inf,261.3541658363226,inf
50,76,inf,inf,inf,778.7586275605555,inf
50,77,inf,inf,inf,1005.4770012287701,inf
50,78,inf,inf,inf,1401.1566650449906,inf
50,79,inf,inf,inf,364.9177989629993,inf
50,80,inf,inf,inf,618.0129448482451,inf
50,81,inf,inf,inf,1189.4141414999235,inf
50,82,inf,inf,inf,1283.004676530838,inf
50,83,inf,inf,inf,248.26800035445567,inf
50,84,inf,inf,inf,990.9757817424198,inf
50,85,inf,inf,inf,738.7408205859481,inf
50,86,inf,inf,inf,782.356696143134,inf
50,87,inf,inf,inf,423.79830108201236,inf
50,88,inf,inf,inf,215.8008341040414,inf
50,89,inf,inf,inf,515.0,inf
50,90,inf,inf,inf,463.31522746398053,inf
50,91,inf,inf,inf,1392.675482659187,inf
50,92,inf,inf,inf,709.7168449459263,inf
50,93,inf,inf,inf,858.492283017151,inf
50,94,inf,inf,inf,1126.9982253757103,inf
50,95,inf,inf,inf,658.1018158309548,inf
50,96,inf,inf,inf,331.8342959972643,inf
50,97,inf,inf,inf,1038.9846004633562,inf
50,98,inf,inf,inf,528.4429959796988,inf
50,99,inf,inf,inf,877.5448706476495,inf
50,100,inf,inf,inf,223.1815404552984,inf
50,101,inf,inf,inf,423.96226247155533,inf
50,102,inf,inf,inf,1029.4717091790333,inf
50,103,inf,inf,inf,910.2658952196331,inf
50,104,inf,inf,inf,740.227667680694,inf
50,105,inf,inf,inf,1400.0828546911073,inf
50,106,inf,inf,inf,899.1651683645224,inf
50,107,inf,inf,inf,1105.483152291341,inf
50,108,inf,inf,inf,891.0005611670512,inf
50,109,inf,inf,inf,1070.6941673512563,inf
50,110,inf,inf,inf,599.7416110292831,inf
50,111,inf,inf,inf,1049.7490176227839,inf
50,112,inf,inf,inf,692.567686222798,inf
50,113,inf,inf,inf,1117.4457481238182,inf
50,114,2.0,104.799,104.7989898732233,77.07788269017254,1.3596506055372641
51,52,inf,inf,inf,355.0126758300329,inf
51,53,inf,inf,inf,492.8782811201971,inf
51,54,inf,inf,inf,682.1913221377123,inf
51,55,inf,inf,inf,727.6956781512448,inf
51,56,inf,inf,inf,660.6254612108135,inf
51,57,inf,inf,inf,671.4767307956397,inf
51,58,inf,inf,inf,660.8668549715593,inf
51,59,inf,inf,inf,640.2101217569119,inf
51,60,inf,inf,inf,655.2198104453191,inf
51,61,inf,inf,inf,754.1578084194315,inf
51,62,inf,inf,inf,373.8729730804301,inf
51,63,inf,inf,inf,787.3106121474548,inf
51,64,inf,inf,inf,525.8631000555182,inf
51,65,inf,inf,inf,592.6162333247378,inf
51,66,inf,inf,inf,449.3740090392412,inf
51,67,inf,inf,inf,712.057581941236,inf
51,68,inf,inf,inf,627.5109560796528,inf
51,69,inf,inf,inf,634.1963418374471,inf
51,70,inf,inf,inf,708.3530193342865,inf
51,71,inf,inf,inf,375.48102482016316,inf
51,72,inf,inf,inf,656.3360419784975,inf
51,73,inf,inf,inf,837.4705964987667,inf
51,74,inf,inf,inf,655.8330580262023,inf
51,75,inf,inf,inf,740.3816583357532,inf
51,76,inf,inf,inf,123.69316876852982,inf
51,77,inf,inf,inf,428.6315434029558,inf
51,78,inf,inf,inf,631.4467515159137,inf
51,79,inf,inf,inf,808.0445532271101,inf
51,80,inf,inf,inf,624.2315275600873,inf
51,81,inf,inf,inf,416.75052489469044,inf
51,82,inf,inf,inf,658.0,inf
51,83,inf,inf,inf,830.475767256336,inf
51,84,inf,inf,inf,450.6373264610911,inf
51,85,inf,inf,inf,71.449282711585,inf
51,86,inf,inf,inf,729.9568480396632,inf
51,87,inf,inf,inf,748.0120319887909,inf
51,88,inf,inf,inf,804.4109646194537,inf
51,89,inf,inf,inf,616.7933203269957,inf
51,90,inf,inf,inf,350.2284968417048,inf
51,91,inf,inf,inf,652.0981521212892,inf
51,92,inf,inf,inf,174.89711261195822,inf
51,93,inf,inf,inf,607.6726092230914,inf
51,94,inf,inf,inf,565.2910754646672,inf
51,95,inf,inf,inf,133.6600164596728,inf
51,96,inf,inf,inf,696.8306824473216,inf
51,97,inf,inf,inf,393.30395370501935,inf
51,98,inf,inf,inf,367.5826437687177,inf
51,99,inf,inf,inf,772.6849293211302,inf
51,100,inf,inf,inf,703.5374901169091,inf
51,101,inf,inf,inf,807.8075265804349,inf
51,102,inf,inf,inf,408.93153461184676,inf
51,103,inf,inf,inf,739.6032720317021,inf
51,104,inf,inf,inf,743.9489229779152,inf
51,105,inf,inf,inf,641.8449968645078,inf
51,106,inf,inf,inf,144.66858677681205,inf
51,107,inf,inf,inf,554.1299486582548,inf
51,108,inf,inf,inf,747.251630978481,inf
51,109,inf,inf,inf,327.8734511972569,inf
51,110,inf,inf,inf,218.6343980255623,inf
51,111,inf,inf,inf,416.88607556501574,inf
51,112,inf,inf,inf,249.20072231034965,inf
51,113,inf,inf,inf,447.97321348491363,inf
51,114,inf,inf,inf,840.5629066286473,inf
52,53,inf,inf,inf,470.9575352407051,inf
52,54,inf,inf,inf,989.0323553858084,inf
52,55,inf,inf,inf,773.9412122377255,inf
52,56,inf,inf,inf,1013.0745283541581,inf
52,57,inf,inf,inf,590.5971554283004,inf
52,58,inf,inf,inf,887.5229574495525,inf
52,59,inf,inf,inf,294.2668856667362,inf
52,60,inf,inf,inf,431.00464034624963,inf
52,61,inf,inf,inf,895.8615964533807,inf
52,62,inf,inf,inf,420.676835587604,inf
52,63,inf,inf,inf,1097.679370308106,inf
52,64,inf,inf,inf,880.1420339922415,inf
52,65,inf,inf,inf,699.9685707230004,inf
52,66,inf,inf,inf,400.0812417497226,inf
52,67,inf,inf,inf,963.7530804101225,inf
52,68,inf,inf,inf,391.44859177163994,inf
52,69,inf,inf,inf,541.1404623570482,inf
52,70,inf,inf,inf,721.4887386508537,inf
52,71,inf,inf,inf,665.2668637471733,inf
52,72,inf,inf,inf,1010.8298570976225,inf
52,73,inf,inf,inf,1182.758217050298,inf
52,74,inf,inf,inf,508.000984251015,inf
52,75,inf,inf,inf,1066.158055824745,inf
52,76,inf,inf,inf,361.809342057388,inf
52,77,inf,inf,inf,403.0,inf
52,78,inf,inf,inf,276.55198426335687,inf
52,79,inf,inf,inf,1117.007609642835,inf
52,80,inf,inf,inf,917.7891914813554,inf
52,81,inf,inf,inf,94.04786015641186,inf
52,82,inf,inf,inf,472.6711330301439,inf
52,83,inf,inf,inf,1182.627582969381,inf
52,84,inf,inf,inf,541.2947441089743,inf
52,85,inf,inf,inf,404.22394783090226,inf
52,86,inf,inf,inf,981.4871369508619,inf
52,87,inf,inf,inf,1082.5894882179487,inf
52,88,inf,inf,inf,1157.6290424829535,inf
52,89,inf,inf,inf,886.7400972099998,inf
52,90,inf,inf,inf,701.1205317204739,inf
52,91,inf,inf,inf,404.5268841498671,inf
52,92,inf,inf,inf,443.1986010808247,inf
52,93,inf,inf,inf,732.5708156895141,inf
52,94,inf,inf,inf,583.3420951722925,inf
52,95,inf,inf,inf,468.8464567425033,inf
52,96,inf,inf,inf,1010.6656222509995,inf
52,97,inf,inf,inf,310.82149217838844,inf
52,98,inf,inf,inf,700.4262987638314,inf
52,99,inf,inf,inf,996.3934965664921,inf
52,100,inf,inf,inf,1035.8769231911676,inf
52,101,inf,inf,inf,1104.6035487902436,inf
52,102,inf,inf,inf,444.6403040661069,inf
52,103,inf,inf,inf,860.5631876858317,inf
52,104,inf,inf,inf,941.089793802908,inf
52,105,inf,inf,inf,294.2668856667362,inf
52,106,inf,inf,inf,228.96506283710622,inf
52,107,inf,inf,inf,483.5969396098367,inf
52,108,inf,inf,inf,879.2002047315503,inf
52,109,inf,inf,inf,125.7179382586272,inf
52,110,inf,inf,inf,562.0756176885811,inf
52,111,inf,inf,inf,433.2435804486894,inf
52,112,inf,inf,inf,496.214671286531,inf
52,113,inf,inf,inf,397.84670414620757,inf
52,114,inf,inf,inf,1194.1942890501527,inf
53,54,inf,inf,inf,1140.7970897578587,inf
53,55,inf,inf,inf,1177.4294034038728,inf
53,56,inf,inf,inf,928.6684015298464,inf
53,57,inf,inf,inf,182.45547402037573,inf
53,58,inf,inf,inf,540.6070661765345,inf
53,59,inf,inf,inf,690.8675705227449,inf
53,60,inf,inf,inf,901.3290187273458,inf
53,61,inf,inf,inf,1239.0694088710286,inf
53,62,inf,inf,inf,125.4830665866913,inf
53,63,inf,inf,inf,1238.010096889359,inf
53,64,inf,inf,inf,835.2227247866284,inf
53,65,inf,inf,inf,1063.637626261877,inf
53,66,inf,inf,inf,829.8144370881962,inf
53,67,inf,inf,inf,1199.6353612660807,inf
53,68,inf,inf,inf,321.99534158120986,inf
53,69,inf,inf,inf,995.6003214141707,inf
53,70,inf,inf,inf,251.24689052802225,inf
53,71,inf,inf,inf,483.40976407184826,inf
53,72,inf,inf,inf,992.2348512323078,inf
53,73,inf,inf,inf,1218.4785595159235,inf
53,74,inf,inf,inf,974.4957670508375,inf
53,75,inf,inf,inf,863.9039298440539,inf
53,76,inf,inf,inf,377.22274586774324,inf
53,77,inf,inf,inf,72.13875518748573,inf
53,78,inf,inf,inf,624.1570315233179,inf
53,79,inf,inf,inf,867.6341394850712,inf
53,80,inf,inf,inf,1095.7444957653222,inf
53,81,inf,inf,inf,561.4712815451918,inf
53,82,inf,inf,inf,265.58049627184596,inf
53,83,inf,inf,inf,1176.938825937865,inf
53,84,inf,inf,inf,908.5048156173967,inf
53,85,inf,inf,inf,562.3041881401916,inf
53,86,inf,inf,inf,1217.312613916409,inf
53,87,inf,inf,inf,1164.0347932944273,inf
53,88,inf,inf,inf,1143.5392428771302,inf
53,89,inf,inf,inf,602.0074750366477,inf
53,90,inf,inf,inf,758.032321210646,inf
53,91,inf,inf,inf,872.252830319283,inf
53,92,inf,inf,inf,385.46854605791117,inf
53,93,inf,inf,inf,308.8122406900348,inf
53,94,inf,inf,inf,994.4209370281782,inf
53,95,inf,inf,inf,483.1004036429694,inf
53,96,inf,inf,inf,786.5328982312183,inf
53,97,inf,inf,inf,160.15305179733542,inf
53,98,inf,inf,inf,817.7285613209312,inf
53,99,inf,inf,inf,1264.6015182657343,inf
53,100,inf,inf,inf,856.7625108511693,inf
53,101,inf,inf,inf,831.9735572721047,inf
53,102,inf,inf,inf,836.49745964946,inf
53,103,inf,inf,inf,416.3892409753163,inf
53,104,inf,inf,inf,551.5006799633161,inf
53,105,inf,inf,inf,559.0169943749474,inf
53,106,inf,inf,inf,397.57515012887814,inf
53,107,inf,inf,inf,79.47955712005447,inf
53,108,inf,inf,inf,440.55646630142655,inf
53,109,inf,inf,inf,345.73110938994193,inf
53,110,inf,inf,inf,672.6261963379065,inf
53,111,inf,inf,inf,834.4585070571214,inf
53,112,inf,inf,inf,358.36573496917924,inf
53,113,inf,inf,inf,827.7324446945402,inf
53,114,inf,inf,inf,1103.1885604918136,inf
54,55,inf,inf,inf,698.3136830966439,inf
54,56,inf,inf,inf,520.2470566951821,inf
54,57,inf,inf,inf,1323.0948567657574,inf
54,58,inf,inf,inf,1016.5716895526847,inf
54,59,inf,inf,inf,1218.577859638029,inf
54,60,inf,inf,inf,1065.3168542738822,inf
54,61,inf,inf,inf,511.8564251819059,inf
54,62,inf,inf,inf,1015.3166993603523,inf
54,63,inf,inf,inf,108.85311203635843,inf
54,64,inf,inf,inf,454.8681127535761,inf
54,65,inf,inf,inf,557.2369334493183,inf
54,66,inf,inf,inf,781.7224571419193,inf
54,67,inf,inf,inf,210.3734774157617,inf
54,68,inf,inf,inf,1309.4216280480478,inf
54,69,inf,inf,inf,885.8498744143953,inf
54,70,inf,inf,inf,1303.8991525420975,inf
54,71,inf,inf,inf,754.3851801301507,inf
54,72,inf,inf,inf,382.85245199684954,inf
54,73,inf,inf,inf,316.1392098427527,inf
54,74,inf,inf,inf,969.0345711067279,inf
54,75,inf,inf,inf,770.0649323271382,inf
54,76,inf,inf,inf,773.0232855483721,inf
54,77,inf,inf,inf,1087.7729542510237,inf
54,78,inf,inf,inf,1242.2117371849295,inf
54,79,inf,inf,inf,884.2109476816039,inf
54,80,inf,inf,inf,85.42833253669417,inf
54,81,inf,inf,inf,1011.1874208078342,inf
54,82,inf,inf,inf,1337.6400861218237,inf
54,83,inf,inf,inf,397.0,inf
54,84,inf,inf,inf,596.7285815175942,inf
54,85,inf,inf,inf,612.9437168288782,inf
54,86,inf,inf,inf,214.15881957089695,inf
54,87,inf,inf,inf,178.61970775925036,inf
54,88,inf,inf,inf,403.6087214122113,inf
54,89,inf,inf,inf,897.851323995237,inf
54,90,inf,inf,inf,391.97066216746373,inf
54,91,inf,inf,inf,1091.9894688136878,inf
54,92,inf,inf,inf,755.6321856564872,inf
54,93,inf,inf,inf,1126.0626092717935,inf
54,94,inf,inf,inf,706.0148723645983,inf
54,95,inf,inf,inf,657.7537533150229,inf
54,96,inf,inf,inf,801.7231442337186,inf
54,97,inf,inf,inf,1070.2639861267874,inf
54,98,inf,inf,inf,323.34810962799827,inf
54,99,inf,inf,inf,309.6853241598639,inf
54,100,inf,inf,inf,716.0027932906407,inf
54,101,inf,inf,inf,929.4525270286805,inf
54,102,inf,inf,inf,679.7425983414604,inf
54,103,inf,inf,inf,1229.3258315027795,inf
54,104,inf,inf,inf,1124.7777558255675,inf
54,105,inf,inf,inf,1281.5592065917203,inf
54,106,inf,inf,inf,823.310391043378,inf
54,107,inf,inf,inf,1212.6899851157343,inf
54,108,inf,inf,inf,1221.8936123902113,inf
54,109,inf,inf,inf,1001.139350939718,inf
54,110,inf,inf,inf,472.06779174182174,inf
54,111,inf,inf,inf,703.0824987154779,inf
54,112,inf,inf,inf,794.7880220536795,inf
54,113,inf,inf,inf,782.5426505948413,inf
54,114,inf,inf,inf,577.7239825383745,inf
55,56,inf,inf,inf,1100.920069759835,inf
55,57,inf,inf,inf,1334.98838946262,inf
55,58,inf,inf,inf,1362.2877816379328,inf
55,59,inf,inf,inf,835.5321657482733,inf
55,60,inf,inf,inf,547.8850244348718,inf
55,61,inf,inf,inf,232.01077561182368,inf
55,62,inf,inf,inf,1076.588129230487,inf
55,63,inf,inf,inf,776.1217687966238,inf
55,64,inf,inf,inf,976.1357487562885,inf
55,65,inf,inf,inf,163.35544068074378,inf
55,66,inf,inf,inf,375.4943408361836,inf
55,67,inf,inf,inf,517.228189487,inf
55,68,inf,inf,inf,1164.9072924486309,inf
55,69,inf,inf,inf,311.1269837220809,inf
55,70,inf,inf,inf,1417.1750068357824,inf
55,71,inf,inf,inf,1057.6979720128047,inf
55,72,inf,inf,inf,1000.5128684829596,inf
55,73,inf,inf,inf,1012.3289979053252,inf
55,74,inf,inf,inf,404.7838929601819,inf
55,75,inf,inf,inf,1300.2653575328384,inf
55,76,inf,inf,inf,848.6300725286608,inf
55,77,inf,inf,inf,1105.7739371137304,inf
55,78,inf,inf,inf,901.1370594976105,inf
55,79,inf,inf,inf,1400.6344990753298,inf
55,80,inf,inf,inf,618.1812032082503,inf
55,81,inf,inf,inf,726.0812626696821,inf
55,82,inf,inf,inf,1244.7654397516023,inf
55,83,inf,inf,inf,1080.9703973745072,inf
55,84,inf,inf,inf,277.0649743291274,inf
55,85,inf,inf,inf,679.7896733549283,inf
55,86,inf,inf,inf,525.480732282355,inf
55,87,inf,inf,inf,874.025743327964,inf
55,88,inf,inf,inf,1078.770596558879,inf
55,89,inf,inf,inf,1288.0795782869939,inf
55,90,inf,inf,inf,773.2948984701761,inf
55,91,inf,inf,inf,593.1450075656037,inf
55,92,inf,inf,inf,899.2941676670654,inf
55,93,inf,inf,inf,1335.3370361073642,inf
55,94,inf,inf,inf,190.60167890131504,inf
55,95,inf,inf,inf,824.9084797721503,inf
55,96,inf,inf,inf,1293.0034802737384,inf
55,97,inf,inf,inf,1034.7429632522271,inf
55,98,inf,inf,inf,680.2499540610054,inf
55,99,inf,inf,inf,462.34294630717574,inf
55,100,inf,inf,inf,1248.6384584818777,inf
55,101,inf,inf,inf,1423.7443590757437,inf
55,102,inf,inf,inf,341.6021077218348,inf
55,103,inf,inf,inf,1467.2314064250397,inf
55,104,inf,inf,inf,1456.0758908793182,inf
55,105,inf,inf,inf,983.7235383988735,inf
55,106,inf,inf,inf,781.7224571419193,inf
55,107,inf,inf,inf,1217.8378381377383,inf
55,108,inf,inf,inf,1474.3276433683254,inf
55,109,inf,inf,inf,869.5021564090569,inf
55,110,inf,inf,inf,694.1772108042729,inf
55,111,inf,inf,inf,346.44624402640017,inf
55,112,inf,inf,inf,972.2149967985476,inf
55,113,inf,inf,inf,377.72079635625045,inf
55,114,inf,inf,inf,1223.5395375712221,inf
56,57,inf,inf,inf,1091.5076729001955,inf
56,58,inf,inf,inf,587.7695126493037,inf
56,59,inf,inf,inf,1300.8339632712548,inf
56,60,inf,inf,inf,1274.3362978429202,inf
56,61,inf,inf,inf,975.5941779244073,inf
56,62,inf,inf,inf,818.887660183007,inf
56,63,inf,inf,inf,547.5216890681136,inf
56,64,inf,inf,inf,140.2355161861645,inf
56,65,inf,inf,inf,938.3069860125736,inf
56,66,inf,inf,inf,1011.098907130257,inf
56,67,inf,inf,inf,715.8910531638177,inf
56,68,inf,inf,inf,1197.824695020102,inf
56,69,inf,inf,inf,1173.8419825513142,inf
56,70,inf,inf,inf,999.8849933867394,inf
56,71,inf,inf,inf,445.9820624195552,inf
56,72,inf,inf,inf,142.13022197970423,inf
56,73,inf,inf,inf,362.49827585796874,inf
56,74,inf,inf,inf,1230.4247234187064,inf
56,75,inf,inf,inf,253.86019774671254,inf
56,76,inf,inf,inf,668.4444629137113,inf
56,77,inf,inf,inf,904.2792710219559,inf
56,78,inf,inf,inf,1289.2606408325664,inf
56,79,inf,inf,inf,367.9157512257392,inf
56,80,inf,inf,inf,554.7909516205181,inf
56,81,inf,inf,inf,1077.213535005943,inf
56,82,inf,inf,inf,1181.9923857622773,inf
56,83,inf,inf,inf,279.48524111301475,inf
56,84,inf,inf,inf,890.9545442950499,inf
56,85,inf,inf,inf,626.8883473155328,inf
56,86,inf,inf,inf,724.5170805439993,inf
56,87,inf,inf,inf,399.6198193283211,inf
56,88,inf,inf,inf,243.14810301542556,inf
56,89,inf,inf,inf,456.95076321196797,inf
56,90,inf,inf,inf,356.21622646926124,inf
56,91,inf,inf,inf,1282.55448227356,inf
56,92,inf,inf,inf,601.0532422339971,inf
56,93,inf,inf,inf,781.6009211867653,inf
56,94,inf,inf,inf,1028.0,inf
56,95,inf,inf,inf,546.6708333174544,inf
56,96,inf,inf,inf,302.0149002946709,inf
56,97,inf,inf,inf,933.7547857976418,inf
56,98,inf,inf,inf,428.58488074125995,inf
56,99,inf,inf,inf,818.0073349304394,inf
56,100,inf,inf,inf,201.97277044195835,inf
56,101,inf,inf,inf,418.63229689072006,inf
56,102,inf,inf,inf,924.8010596879742,inf
56,103,inf,inf,inf,845.7381391423708,inf
56,104,inf,inf,inf,690.0159418448243,inf
56,105,inf,inf,inf,1289.0992979596258,inf
56,106,inf,inf,inf,787.5436495839452,inf
56,107,inf,inf,inf,1008.1438389436302,inf
56,108,inf,inf,inf,829.0096501247739,inf
56,109,inf,inf,inf,960.1192634251227,inf
56,110,inf,inf,inf,489.91529880174187,inf
56,111,inf,inf,inf,944.5951513743864,inf
56,112,inf,inf,inf,587.7388876023093,inf
56,113,inf,inf,inf,1010.7512057870621,inf
56,114,inf,inf,inf,182.87700784953805,inf
57,58,inf,inf,inf,638.1175440308783,inf
57,59,inf,inf,inf,754.0663100815472,inf
57,60,inf,inf,inf,1007.4919354515946,inf
57,61,inf,inf,inf,1410.078366616551,inf
57,62,inf,inf,inf,307.8830946966722,inf
57,63,inf,inf,inf,1419.8778116443682,inf
57,64,inf,inf,inf,1006.2728258280654,inf
57,65,inf,inf,inf,1229.6849189934794,inf
57,66,inf,inf,inf,975.443488880827,inf
57,67,inf,inf,inf,1380.79288816245,inf
57,68,inf,inf,inf,303.7976300105055,inf
57,69,inf,inf,inf,1130.3105767885215,inf
57,70,inf,inf,inf,198.65799757371965,inf
57,71,inf,inf,inf,646.1493635375648,inf
57,72,inf,inf,inf,1163.7611438779008,inf
57,73,inf,inf,inf,1393.5695174622613,inf
57,74,inf,inf,inf,1097.9143864618952,inf
57,75,inf,inf,inf,1001.2651996349418,inf
57,76,inf,inf,inf,558.4881377433186,inf
57,77,inf,inf,inf,242.87033577610913,inf
57,78,inf,inf,inf,675.7469940739655,inf
57,79,inf,inf,inf,989.2001819652077,inf
57,80,inf,inf,inf,1278.1682205406298,inf
57,81,inf,inf,inf,672.0119046564577,inf
57,82,inf,inf,inf,200.7211996775627,inf
57,83,inf,inf,inf,1347.621979636723,inf
57,84,inf,inf,inf,1072.0564350816612,inf
57,85,inf,inf,inf,741.7600690250183,inf
57,86,inf,inf,inf,1398.5263672880824,inf
57,87,inf,inf,inf,1343.3856482782596,inf
57,88,inf,inf,inf,1313.514369925202,inf
57,89,inf,inf,inf,724.6109300859324,inf
57,90,inf,inf,inf,939.1363053359188,inf
57,91,inf,inf,inf,972.5764751421865,inf
57,92,inf,inf,inf,567.556164621617,inf
57,93,inf,inf,inf,379.82759246795115,inf
57,94,inf,inf,inf,1148.225152136984,inf
57,95,inf,inf,inf,665.4832830357199,inf
57,96,inf,inf,inf,920.3151634087097,inf
57,97,inf,inf,inf,300.3747659175118,inf
57,98,inf,inf,inf,1000.1129936162214,inf
57,99,inf,inf,inf,1444.1208398191613,inf
57,100,inf,inf,inf,1000.9315660923078,inf
57,101,inf,inf,inf,946.0708218732888,inf
57,102,inf,inf,inf,993.483769369183,inf
57,103,inf,inf,inf,440.51106683033515,inf
57,104,inf,inf,inf,619.0032310093382,inf
57,105,inf,inf,inf,591.920602783853,inf
57,106,inf,inf,inf,565.2786923279525,inf
57,107,inf,inf,inf,118.9663818059539,inf
57,108,inf,inf,inf,469.6594510919588,inf
57,109,inf,inf,inf,473.8143096192853,inf
57,110,inf,inf,inf,855.0391803888288,inf
57,111,inf,inf,inf,989.0323553858084,inf
57,112,inf,inf,inf,536.6302265061111,inf
57,113,inf,inf,inf,973.277452733803,inf
57,114,inf,inf,inf,1261.1205334939243,inf
58,59,inf,inf,inf,1166.2461146773437,inf
58,60,inf,inf,inf,1287.4261143848216,inf
58,61,inf,inf,inf,1329.0015048900434,inf
58,62,inf,inf,inf,497.1136690939005,inf
58,63,inf,inf,inf,1080.883434973448,inf
58,64,inf,inf,inf,574.9478237196832,inf
58,65,inf,inf,inf,1209.8351127323094,inf
58,66,inf,inf,inf,1109.8468362796734,inf
58,67,inf,inf,inf,1161.7973145088604,inf
58,68,inf,inf,inf,862.4668109556449,inf
58,69,inf,inf,inf,1294.6551664439455,inf
58,70,inf,inf,inf,481.0623660192096,inf
58,71,inf,inf,inf,305.4390282855156,inf
58,72,inf,inf,inf,709.7168449459263,inf
58,73,inf,inf,inf,946.7174868988108,inf
58,74,inf,inf,inf,1310.460224501301,inf
58,75,inf,inf,inf,404.9222147524139,inf
58,76,inf,inf,inf,564.6954931642363,inf
58,77,inf,inf,inf,562.9387178015028,inf
58,78,inf,inf,inf,1117.1195101688986,inf
58,79,inf,inf,inf,361.83559802761255,inf
58,80,inf,inf,inf,1012.1264743103997,inf
58,81,inf,inf,inf,979.1598439478613,inf
58,82,inf,inf,inf,798.8072358210084,inf
58,83,inf,inf,inf,867.1476229570142,inf
58,84,inf,inf,inf,1091.5296606139477,inf
58,85,inf,inf,inf,690.6764799817639,inf
58,86,inf,inf,inf,1176.0926834225268,inf
58,87,inf,inf,inf,954.2038566260356,inf
58,88,inf,inf,inf,830.8369274412398,inf
58,89,inf,inf,inf,130.86252328302402,inf
58,90,inf,inf,inf,655.6561598887026,inf
58,91,inf,inf,inf,1273.4021360120298,inf
58,92,inf,inf,inf,489.532429977831,inf
58,93,inf,inf,inf,259.71715384240605,inf
58,94,inf,inf,inf,1217.7951387651374,inf
58,95,inf,inf,inf,542.0645717993383,inf
58,96,inf,inf,inf,322.158346159152,inf
58,97,inf,inf,inf,642.4025217883254,inf
58,98,inf,inf,inf,755.2112287300819,inf
58,99,inf,inf,inf,1254.4421070738977,inf
58,100,inf,inf,inf,425.5185072355843,inf
58,101,inf,inf,inf,311.85252925060587,inf
58,102,inf,inf,inf,1066.380795025867,inf
58,103,inf,inf,inf,269.6145396672813,inf
58,104,inf,inf,inf,108.2266141020775,inf
58,105,inf,inf,inf,1072.0167909132767,inf
58,106,inf,inf,inf,690.2188058869448,inf
58,107,inf,inf,inf,606.0404276943907,inf
58,108,inf,inf,inf,247.8911051248108,inf
58,109,inf,inf,inf,777.1190385005376,inf
58,110,inf,inf,inf,678.1460019789249,inf
58,111,inf,inf,inf,1076.1677378550241,inf
58,112,inf,inf,inf,417.0875207915001,inf
58,113,inf,inf,inf,1108.3884698065024,inf
58,114,inf,inf,inf,715.0447538441213,inf
59,60,inf,inf,inf,321.1603960640228,inf
59,61,inf,inf,inf,1013.5704218257358,inf
59,62,inf,inf,inf,677.9970501410754,inf
59,63,inf,inf,inf,1326.9005237771216,inf
59,64,inf,inf,inf,1165.3862020806664,inf
59,65,inf,inf,inf,817.7731959412707,inf
59,66,inf,inf,inf,488.19053657358006,inf
59,67,inf,inf,inf,1154.1096135116456,inf
59,68,inf,inf,inf,468.47945525924615,inf
59,69,inf,inf,inf,536.1958597378388,inf
59,70,inf,inf,inf,924.5609768966025,inf
59,71,inf,inf,inf,958.4617884923739,inf
59,72,inf,inf,inf,1288.7590930814029,inf
59,73,inf,inf,inf,1443.9847644625618,inf
59,74,inf,inf,inf,459.1644585548842,inf
59,75,inf,inf,inf,1360.4249336144937,inf
59,76,inf,inf,inf,656.0678318588712,inf
59,77,inf,inf,inf,635.4163989070474,inf
59,78,inf,inf,inf,86.31338250816034,inf
59,79,inf,inf,inf,1410.242886881547,inf
59,80,inf,inf,inf,1140.1096438500992,inf
59,81,inf,inf,inf,224.0892679268688,inf
59,82,inf,inf,inf,577.5300857964024,inf
59,83,inf,inf,inf,1454.0209764649203,inf
59,84,inf,inf,inf,679.4505132826084,inf
59,85,inf,inf,inf,679.5351352211304,inf
59,86,inf,inf,inf,1170.7655615023873,inf
59,87,inf,inf,inf,1333.48603292273,inf
59,88,inf,inf,inf,1431.3629868066312,inf
59,89,inf,inf,inf,1175.255291415444,inf
59,90,inf,inf,inf,975.1210181305703,inf
59,91,inf,inf,inf,273.72431386341987,inf
59,92,inf,inf,inf,737.2706423017263,inf
59,93,inf,inf,inf,985.0324867739134,inf
59,94,inf,inf,inf,660.1704325399616,inf
59,95,inf,inf,inf,760.6760151339071,inf
59,96,inf,inf,inf,1304.516768769187,inf
59,97,inf,inf,inf,542.0230622399752,inf
59,98,inf,inf,inf,959.1464955886562,inf
59,99,inf,inf,inf,1164.9313284481623,inf
59,100,inf,inf,inf,1329.9323291055075,inf
59,101,inf,inf,inf,1396.2786254899127,inf
59,102,inf,inf,inf,576.0225690022918,inf
59,103,inf,inf,inf,1104.3704088755728,inf
59,104,inf,inf,inf,1209.8665215634326,inf
59,105,inf,inf,inf,185.26197667087544,inf
59,106,inf,inf,inf,522.7504184598995,inf
59,107,inf,inf,inf,674.220290409596,inf
59,108,inf,inf,inf,1126.5753414663398,inf
59,109,inf,inf,inf,389.61006147172327,inf
59,110,inf,inf,inf,832.982592855337,inf
59,111,inf,inf,inf,555.7814318596835,inf
59,112,inf,inf,inf,788.1751074475773,inf
59,113,inf,inf,inf,486.3589209626981,inf
59,114,inf,inf,inf,1480.371912730041,inf
60,61,inf,inf,inf,753.7433250119035,inf
60,62,inf,inf,inf,848.0801848881979,inf
60,63,inf,inf,inf,1168.118572748503,inf
60,64,inf,inf,inf,1134.1009655229116,inf
60,65,inf,inf,inf,572.458732137086,inf
60,66,inf,inf,inf,284.48198536990003,inf
60,67,inf,inf,inf,954.1137248777003,inf
60,68,inf,inf,inf,754.658200777014,inf
60,69,inf,inf,inf,236.78260071213003,inf
60,70,inf,inf,inf,1150.9339685663988,inf
60,71,inf,inf,inf,1025.9692977862446,inf
60,72,inf,inf,inf,1227.5129327220957,inf
60,73,inf,inf,inf,1335.9116737269721,inf
60,74,inf,inf,inf,146.12323566086263,inf
60,75,inf,inf,inf,1391.3001114065937,inf
60,76,inf,inf,inf,726.0006887049075,inf
60,77,inf,inf,inf,833.9652270928327,inf
60,78,inf,inf,inf,402.7430942921306,inf
60,79,inf,inf,inf,1463.00136705336,inf
60,80,inf,inf,inf,980.8496316969283,inf
60,81,inf,inf,inf,340.0,inf
60,82,inf,inf,inf,857.1026776296992,inf
60,83,inf,inf,inf,1368.8378282324024,inf
60,84,inf,inf,inf,472.2975756871932,inf
60,85,inf,inf,inf,661.6827034160709,inf
60,86,inf,inf,inf,968.679513564729,inf
60,87,inf,inf,inf,1209.5805057952944,inf
60,88,inf,inf,inf,1352.9966740535617,inf
60,89,inf,inf,inf,1263.98931957513,inf
60,90,inf,inf,inf,921.0043430950801,inf
60,91,inf,inf,inf,48.507731342539614,inf
60,92,inf,inf,inf,806.3001922361175,inf
60,93,inf,inf,inf,1157.8657089662859,inf
60,94,inf,inf,inf,400.3860636935307,inf
60,95,inf,inf,inf,788.8751485501366,inf
60,96,inf,inf,inf,1351.4806694880988,inf
60,97,inf,inf,inf,741.2320824141384,inf
60,98,inf,inf,inf,872.5881044341597,inf
60,99,inf,inf,inf,941.4271081714187,inf
60,100,inf,inf,inf,1351.0558833741852,inf
60,101,inf,inf,inf,1462.746047678817,inf
60,102,inf,inf,inf,386.1217424595512,inf
60,103,inf,inf,inf,1288.0628866635354,inf
60,104,inf,inf,inf,1352.8506939052809,inf
60,105,inf,inf,inf,499.6018414697848,inf
60,106,inf,inf,inf,597.2101807571603,inf
60,107,inf,inf,inf,908.0666275114398,inf
60,108,inf,inf,inf,1305.3627848226715,inf
60,109,inf,inf,inf,556.7225520849681,inf
60,110,inf,inf,inf,784.4615988051933,inf
60,111,inf,inf,inf,362.80159867343474,inf
60,112,inf,inf,inf,874.0366125054487,inf
60,113,inf,inf,inf,283.86792703650053,inf
60,114,inf,inf,inf,1440.952809775532,inf
61,62,inf,inf,inf,1125.6309341875783,inf
61,63,inf,inf,inf,573.0794011304192,inf
61,64,inf,inf,inf,866.4698494465921,inf
61,65,inf,inf,inf,198.36330305779848,inf
61,66,inf,inf,inf,527.185925457044,inf
61,67,inf,inf,inf,309.97419247414774,inf
61,68,inf,inf,inf,1283.0619626502844,inf
61,69,inf,inf,inf,522.3609862920468,inf
61,70,inf,inf,inf,1462.4835041804745,inf
61,71,inf,inf,inf,1025.7504569825937,inf
61,72,inf,inf,inf,857.7208170494639,inf
61,73,inf,inf,inf,827.1741050105474,inf
61,74,inf,inf,inf,617.9943365436288,inf
61,75,inf,inf,inf,1199.650365731616,inf
61,76,inf,inf,inf,877.4793444862391,inf
61,77,inf,inf,inf,1170.2944074035388,inf
61,78,inf,inf,inf,1069.2263558292977,inf
61,79,inf,inf,inf,1307.5511462271754,inf
61,80,inf,inf,inf,442.0011312202719,inf
61,81,inf,inf,inf,868.1710660923917,inf
61,82,inf,inf,inf,1349.6614390283216,inf
61,83,inf,inf,inf,907.6078448316762,inf
61,84,inf,inf,inf,354.58144339488496,inf
61,85,inf,inf,inf,691.8041630403795,inf
61,86,inf,inf,inf,314.03343771006297,inf
61,87,inf,inf,inf,690.4201619304001,inf
61,88,inf,inf,inf,911.1778092117916,inf
61,89,inf,inf,inf,1237.1337841963577,inf
61,90,inf,inf,inf,690.2941402040148,inf
61,91,inf,inf,inf,795.4935574849113,inf
61,92,inf,inf,inf,909.4465349870766,inf
61,93,inf,inf,inf,1346.849657534203,inf
61,94,inf,inf,inf,356.9313659514949,inf
61,95,inf,inf,inf,820.1542537840062,inf
61,96,inf,inf,inf,1206.5856786817917,inf
61,97,inf,inf,inf,1113.1370086381999,inf
61,98,inf,inf,inf,589.0135821863533,inf
61,99,inf,inf,inf,237.40261161158273,inf
61,100,inf,inf,inf,1145.7595733835262,inf
61,101,inf,inf,inf,1339.4808695909023,inf
61,102,inf,inf,inf,454.22131169728266,inf
61,103,inf,inf,inf,1473.2783172231918,inf
61,104,inf,inf,inf,1430.3992449662437,inf
61,105,inf,inf,inf,1141.9268803211526,inf
61,106,inf,inf,inf,844.8035274547568,inf
61,107,inf,inf,inf,1291.1150219868096,inf
61,108,inf,inf,inf,1475.736087517006,inf
61,109,inf,inf,inf,969.9489677297461,inf
61,110,inf,inf,inf,652.476053200422,inf
61,111,inf,inf,inf,469.5402006218424,inf
61,112,inf,inf,inf,976.6191683558131,inf
61,113,inf,inf,inf,529.1597112403778,inf
61,114,inf,inf,inf,1073.292131714381,inf
62,63,inf,inf,inf,1112.6836926997717,inf
62,64,inf,inf,inf,718.7913466368387,inf
62,65,inf,inf,inf,955.4271296127193,inf
62,66,inf,inf,inf,742.8229937205767,inf
62,67,inf,inf,inf,1076.0933974335128,inf
62,68,inf,inf,inf,391.1738743832466,inf
62,69,inf,inf,inf,916.4900435902182,inf
62,70,inf,inf,inf,340.7359681630338,inf
62,71,inf,inf,inf,378.8627719900703,inf
62,72,inf,inf,inf,874.9057092052834,inf
62,73,inf,inf,inf,1097.9344242713223,inf
62,74,inf,inf,inf,905.4589996239476,inf
62,75,inf,inf,inf,776.5075659644277,inf
62,76,inf,inf,inf,254.68608128439215,inf
62,77,inf,inf,inf,85.47514258543241,inf
62,78,inf,inf,inf,622.9686990531708,inf
62,79,inf,inf,inf,793.4790482426112,inf
62,80,inf,inf,inf,970.5060535617488,inf
62,81,inf,inf,inf,514.6571674425608,inf
62,82,inf,inf,inf,363.1597444651596,inf
62,83,inf,inf,inf,1059.8910321349076,inf
62,84,inf,inf,inf,803.5104230811197,inf
62,85,inf,inf,inf,441.7148401401067,inf
62,86,inf,inf,inf,1093.7001417207553,inf
62,87,inf,inf,inf,1040.346576867536,inf
62,88,inf,inf,inf,1027.1202461250582,inf
62,89,inf,inf,inf,533.4275958365859,inf
62,90,inf,inf,inf,633.2558724559923,inf
62,91,inf,inf,inf,824.4301061945761,inf
62,92,inf,inf,inf,260.1230478062257,inf
62,93,inf,inf,inf,312.11696525501463,inf
62,94,inf,inf,inf,898.1007738555846,inf
62,95,inf,inf,inf,357.6199099602817,inf
62,96,inf,inf,inf,703.3775657497188,inf
62,97,inf,inf,inf,145.6193668438371,inf
62,98,inf,inf,inf,692.2499548573478,inf
62,99,inf,inf,inf,1142.8040076933578,inf
62,100,inf,inf,inf,763.6229436050229,inf
62,101,inf,inf,inf,764.6554779768468,inf
62,102,inf,inf,inf,738.5242040718774,inf
62,103,inf,inf,inf,440.20222625516107,inf
62,104,inf,inf,inf,532.2339711066929,inf
62,105,inf,inf,inf,574.9034701582518,inf
62,106,inf,inf,inf,295.84455377782433,inf
62,107,inf,inf,inf,199.81241202688085,inf
62,108,inf,inf,inf,458.5237180343019,inf
62,109,inf,inf,inf,297.9463038871266,inf
62,110,inf,inf,inf,547.4486277268397,inf
62,111,inf,inf,inf,738.8565489998718,inf
62,112,inf,inf,inf,237.69728648009425,inf
62,113,inf,inf,inf,740.848837483059,inf
62,114,inf,inf,inf,996.6528984556259,inf
63,64,inf,inf,inf,508.0570834069731,inf
63,65,inf,inf,inf,644.5959975054143,inf
63,66,inf,inf,inf,885.5038113977828,inf
63,67,inf,inf,inf,263.21094202179364,inf
63,68,inf,inf,inf,1414.8201299105126,inf
63,69,inf,inf,inf,982.2611669001275,inf
63,70,inf,inf,inf,1392.4489218639224,inf
63,71,inf,inf,inf,833.7385681375188,inf
63,72,inf,inf,inf,405.4442008464297,inf
63,73,inf,inf,inf,269.69056342408425,inf
63,74,inf,inf,inf,1067.6820687826503,inf
63,75,inf,inf,inf,801.3469910095126,inf
63,76,inf,inf,inf,874.3740618293751,inf
63,77,inf,inf,inf,1187.0016849187705,inf
63,78,inf,inf,inf,1351.001480384089,inf
63,79,inf,inf,inf,915.4332307710923,inf
63,80,inf,inf,inf,188.43831882077487,inf
63,81,inf,inf,inf,1120.0058035563923,inf
63,82,inf,inf,inf,1440.608899042346,inf
63,83,inf,inf,inf,367.8532316019529,inf
63,84,inf,inf,inf,697.3234543595963,inf
63,85,inf,inf,inf,718.7913466368387,inf
63,86,inf,inf,inf,259.5630944491146,inf
63,87,inf,inf,inf,154.0519392932137,inf
63,88,inf,inf,inf,383.8971216354715,inf
63,89,inf,inf,inf,957.6638241053068,inf
63,90,inf,inf,inf,482.3795186365192,inf
63,91,inf,inf,inf,1195.9974916361657,inf
63,92,inf,inf,inf,852.5637806052988,inf
63,93,inf,inf,inf,1207.2447970482208,inf
63,94,inf,inf,inf,800.5623023850173,inf
63,95,inf,inf,inf,756.0165342107274,inf
63,96,inf,inf,inf,842.6037028164545,inf
63,97,inf,inf,inf,1172.8537845784529,inf
63,98,inf,inf,inf,423.9257010373398,inf
63,99,inf,inf,inf,347.86779097812433,inf
63,100,inf,inf,inf,748.8290859735617,inf
63,101,inf,inf,inf,965.2445286040216,inf
63,102,inf,inf,inf,783.6000255232257,inf
63,103,inf,inf,inf,1305.0352485661067,inf
63,104,inf,inf,inf,1188.9129488738863,inf
63,105,inf,inf,inf,1390.3456404793737,inf
63,106,inf,inf,inf,929.400344308092,inf
63,107,inf,inf,inf,1311.168181432115,inf
63,108,inf,inf,inf,1295.8090137053377,inf
63,109,inf,inf,inf,1108.2116223898754,inf
63,110,inf,inf,inf,574.2691006836429,inf
63,111,inf,inf,inf,806.8952844080823,inf
63,112,inf,inf,inf,887.5387315492209,inf
63,113,inf,inf,inf,886.4050992633108,inf
63,114,inf,inf,inf,570.0596460020653,inf
64,65,inf,inf,inf,812.8480792866525,inf
64,66,inf,inf,inf,871.6220511207825,inf
64,67,inf,inf,inf,630.449046315402,inf
64,68,inf,inf,inf,1086.3820690714663,inf
64,69,inf,inf,inf,1036.0931425311144,inf
64,70,inf,inf,inf,936.0085469695242,inf
64,71,inf,inf,inf,365.60361048545457,inf
64,72,inf,inf,inf,157.50872991678906,inf
64,73,inf,inf,inf,393.0050890255748,inf
64,74,inf,inf,inf,1091.1961326910941,inf
64,75,inf,inf,inf,333.51011978649166,inf
64,76,inf,inf,inf,544.5071165742464,inf
64,77,inf,inf,inf,803.1046009082503,inf
64,78,inf,inf,inf,1156.6818923109327,inf
64,79,inf,inf,inf,443.64400142456566,inf
64,80,inf,inf,inf,470.02659499224086,inf
64,81,inf,inf,inf,941.4164859402027,inf
64,82,inf,inf,inf,1079.273829943078,inf
64,83,inf,inf,inf,341.73966699814054,inf
64,84,inf,inf,inf,756.3398706930635,inf
64,85,inf,inf,inf,488.71361757168177,inf
64,86,inf,inf,inf,641.5707287587238,inf
64,87,inf,inf,inf,379.80258029665885,inf
64,88,inf,inf,inf,308.4234102658227,inf
64,89,inf,inf,inf,449.89998888641907,inf
64,90,inf,inf,inf,217.3660507070964,inf
64,91,inf,inf,inf,1142.420237915978,inf
64,92,inf,inf,inf,483.61658366933614,inf
64,93,inf,inf,inf,729.2914369441067,inf
64,94,inf,inf,inf,893.9854584947118,inf
64,95,inf,inf,inf,418.7135058724521,inf
64,96,inf,inf,inf,350.7206865869192,inf
64,97,inf,inf,inf,822.8851681735429,inf
64,98,inf,inf,inf,297.1077245714086,inf
64,99,inf,inf,inf,730.9240726641858,inf
64,100,inf,inf,inf,279.3796699833401,inf
64,101,inf,inf,inf,481.88484101494623,inf
64,102,inf,inf,inf,786.4890336171255,inf
64,103,inf,inf,inf,812.2518082466792,inf
64,104,inf,inf,inf,682.4954212300622,inf
64,105,inf,inf,inf,1160.6554182874434,inf
64,106,inf,inf,inf,657.3165143216775,inf
64,107,inf,inf,inf,914.2778571090957,inf
64,108,inf,inf,inf,799.8506110518389,inf
64,109,inf,inf,inf,833.8375141476905,inf
64,110,inf,inf,inf,349.6870029040256,inf
64,111,inf,inf,inf,805.9590560320047,inf
64,112,inf,inf,inf,481.9761404883026,inf
64,113,inf,inf,inf,871.2404949266305,inf
64,114,inf,inf,inf,315.03968004046726,inf
65,66,inf,inf,inf,330.02575657060464,inf
65,67,inf,inf,inf,398.8984833262719,inf
65,68,inf,inf,inf,1089.0527994546453,inf
65,69,inf,inf,inf,353.27751131369797,inf
65,70,inf,inf,inf,1295.4728866325222,inf
65,71,inf,inf,inf,904.4777498645282,inf
65,72,inf,inf,inf,840.4433353891267,inf
65,73,inf,inf,inf,865.935909868623,inf
65,74,inf,inf,inf,446.6060904197344,inf
65,75,inf,inf,inf,1137.0861884659403,inf
65,76,inf,inf,inf,715.9064184654304,inf
65,77,inf,inf,inf,993.3121362391582,inf
65,78,inf,inf,inf,871.6633524474917,inf
65,79,inf,inf,inf,1237.9313389683614,inf
65,80,inf,inf,inf,473.8153648838332,inf
65,81,inf,inf,inf,669.9888058766355,inf
65,82,inf,inf,inf,1159.0763564148826,inf
65,83,inf,inf,inf,928.8379837194428,inf
65,84,inf,inf,inf,160.11246047700348,inf
65,85,inf,inf,inf,537.9042665753824,inf
65,86,inf,inf,inf,410.85885654321726,inf
65,87,inf,inf,inf,728.3213576437258,inf
65,88,inf,inf,inf,924.5847716678012,inf
65,89,inf,inf,inf,1131.1799149560604,inf
65,90,inf,inf,inf,610.3589108057652,inf
65,91,inf,inf,inf,611.1382822242442,inf
65,92,inf,inf,inf,758.9736490814421,inf
65,93,inf,inf,inf,1197.8981592773234,inf
65,94,inf,inf,inf,172.70784579746226,inf
65,95,inf,inf,inf,678.4106426051997,inf
65,96,inf,inf,inf,1130.729410601847,inf
65,97,inf,inf,inf,930.33004896112,inf
65,98,inf,inf,inf,516.8994099435595,inf
65,99,inf,inf,inf,370.7991370000745,inf
65,100,inf,inf,inf,1085.364915592908,inf
65,101,inf,inf,inf,1261.8339827409943,inf
65,102,inf,inf,inf,256.46247288833507,inf
65,103,inf,inf,inf,1328.0530862883456,inf
65,104,inf,inf,inf,1306.0237363846034,inf
65,105,inf,inf,inf,943.6127383625128,inf
65,106,inf,inf,inf,666.2739676739592,inf
65,107,inf,inf,inf,1111.0364530473337,inf
65,108,inf,inf,inf,1333.3960401921104,inf
65,109,inf,inf,inf,779.2079311711349,inf
65,110,inf,inf,inf,536.2098469815712,inf
65,111,inf,inf,inf,271.2489631316588,inf
65,112,inf,inf,inf,830.1933509731332,inf
65,113,inf,inf,inf,331.94276615103394,inf
65,114,inf,inf,inf,1064.1240529186434,inf
66,67,inf,inf,inf,681.6311319181365,inf
66,68,inf,inf,inf,790.0132910274358,inf
66,69,inf,inf,inf,184.83506160899236,inf
66,70,inf,inf,inf,1077.5699513256668,inf
66,71,inf,inf,inf,822.0833291096469,inf
66,72,inf,inf,inf,953.3068760897511,inf
66,73,inf,inf,inf,1052.3012876548237,inf
66,74,1.0,240.267,240.26702730475913,220.0772591614136,1.0917394564993994
66,75,inf,inf,inf,1152.0217011844873,inf
66,76,inf,inf,inf,551.5006799633161,inf
66,77,inf,inf,inf,757.7149859940741,inf
66,78,inf,inf,inf,542.0590373750815,inf
66,79,inf,inf,inf,1234.1819152782948,inf
66,80,inf,inf,inf,697.6532089799343,inf
66,81,inf,inf,inf,351.2406582387637,inf
66,82,inf,inf,inf,872.4889684116356,inf
66,83,inf,inf,inf,1088.099719694845,inf
66,84,inf,inf,inf,196.88829320200833,inf
66,85,inf,inf,inf,431.7244491570984,inf
66,86,inf,inf,inf,697.2072862499358,inf
66,87,inf,inf,inf,925.2161909521471,inf
66,88,inf,inf,inf,1073.6153873711014,inf
66,89,inf,inf,inf,1063.6564294921552,inf
66,90,inf,inf,inf,654.9297672269905,inf
66,91,inf,inf,inf,310.49798711102784,inf
66,92,inf,inf,inf,621.0072463345335,inf
66,93,inf,inf,inf,1030.0587361893495,inf
66,94,inf,inf,inf,185.64751546950473,inf
66,95,inf,inf,inf,575.9045059729955,inf
66,96,inf,inf,inf,1121.984848382544,inf
66,97,inf,inf,inf,678.2219400756658,inf
66,98,inf,inf,inf,596.6640595846209,inf
66,99,inf,inf,inf,681.4873439763941,inf
66,100,inf,inf,inf,1107.6181652537123,inf
66,101,inf,inf,inf,1242.0257646280934,inf
66,102,inf,inf,inf,101.9803902718557,inf
66,103,inf,inf,inf,1163.8161366813918,inf
66,104,inf,inf,inf,1190.0357137498017,inf
66,105,inf,inf,inf,616.9246307289084,inf
66,106,inf,inf,inf,450.6994564008259,inf
66,107,inf,inf,inf,861.0859422845085,inf
66,108,inf,inf,inf,1175.7491228999493,inf
66,109,inf,inf,inf,503.08051045533455,inf
66,110,inf,inf,inf,526.4085865561085,inf
66,111,inf,inf,inf,78.64477096412705,inf
66,112,inf,inf,inf,694.7128903367203,inf
66,113,inf,inf,inf,2.23606797749979,inf
66,114,inf,inf,inf,1171.0273267520276,inf
67,68,inf,inf,inf,1320.18332060362,inf
67,69,inf,inf,inf,749.0026702222095,inf
67,70,inf,inf,inf,1390.6724991887918,inf
67,71,inf,inf,inf,876.584280032445,inf
67,72,inf,inf,inf,584.2953020519676,inf
67,73,inf,inf,inf,520.3892773683947,inf
67,74,inf,inf,inf,839.6100285251481,inf
67,75,inf,inf,inf,958.6683472400662,inf
67,76,inf,inf,inf,822.4463508339009,inf
67,77,inf,inf,inf,1138.7804880660715,inf
67,78,inf,inf,inf,1191.340841237301,inf
67,79,inf,inf,inf,1071.5232148675082,inf
67,80,inf,inf,inf,161.533278305122,inf
67,81,inf,inf,inf,966.2240940899787,inf
67,82,inf,inf,inf,1364.736604623764,inf
67,83,inf,inf,inf,606.4750613174461,inf
67,84,inf,inf,inf,485.07731342539614,inf
67,85,inf,inf,inf,640.7721904077923,inf
67,86,inf,inf,inf,18.027756377319946,inf
67,87,inf,inf,inf,386.0,inf
67,88,inf,inf,inf,613.9389220435531,inf
67,89,inf,inf,inf,1052.1900968931423,inf
67,90,inf,inf,inf,507.8287112796991,inf
67,91,inf,inf,inf,987.4948101129444,inf
67,92,inf,inf,inf,825.9933413775199,inf
67,93,inf,inf,inf,1235.47561691844,inf
67,94,inf,inf,inf,565.7596662894944,inf
67,95,inf,inf,inf,726.9449772850762,inf
67,96,inf,inf,inf,981.1284319598531,inf
67,97,inf,inf,inf,1104.2182755234583,inf
67,98,inf,inf,inf,413.0193700058146,inf
67,99,inf,inf,inf,102.15674231297707,inf
67,100,inf,inf,inf,904.0978929297424,inf
67,101,inf,inf,inf,1112.183887673257,inf
67,102,inf,inf,inf,583.4012341433638,inf
67,103,inf,inf,inf,1349.8048007026794,inf
67,104,inf,inf,inf,1268.7482019691693,inf
67,105,inf,inf,inf,1245.1815128727217,inf
67,106,inf,inf,inf,839.1811485013233,inf
67,107,inf,inf,inf,1264.8138202913503,inf
67,108,inf,inf,inf,1346.2752318898242,inf
67,109,inf,inf,inf,1002.012474972243,inf
67,110,inf,inf,inf,535.1794091704202,inf
67,111,inf,inf,inf,605.6071333793881,inf
67,112,inf,inf,inf,879.1114832602291,inf
67,113,inf,inf,inf,682.9480214481919,inf
67,114,inf,inf,inf,786.8570391119342,inf
68,69,inf,inf,inf,916.1359069483086,inf
68,70,inf,inf,inf,495.84876726679477,inf
68,71,inf,inf,inf,767.1271081118174,inf
68,72,inf,inf,inf,1237.7919857552804,inf
68,73,inf,inf,inf,1446.0888631062753,inf
68,74,inf,inf,inf,865.9243615928588,inf
68,75,inf,inf,inf,1167.6664763535862,inf
68,76,inf,inf,inf,553.4347296655677,inf
68,77,inf,inf,inf,309.2975913258944,inf
68,78,inf,inf,inf,385.0519445477454,inf
68,79,inf,inf,inf,1181.5117434879774,inf
68,80,inf,inf,inf,1248.779003667182,inf
68,81,inf,inf,inf,446.1535610078664,inf
68,82,inf,inf,inf,110.13627921806692,inf
68,83,inf,inf,inf,1421.5034294717689,inf
68,84,inf,inf,inf,929.38259075582,inf
68,85,inf,inf,inf,696.5091528472544,inf
68,86,inf,inf,inf,1338.1976685079078,inf
68,87,inf,inf,inf,1369.2684178056543,inf
68,88,inf,inf,inf,1390.870590673338,inf
68,89,inf,inf,inf,917.9912853616858,inf
68,90,inf,inf,inf,960.8631536280284,inf
68,91,inf,inf,inf,713.9425747215248,inf
68,92,inf,inf,inf,603.3713616007972,inf
68,93,inf,inf,inf,625.8466265787489,inf
68,94,inf,inf,inf,974.3346447704711,inf
68,95,inf,inf,inf,681.7807565486137,inf
68,96,inf,inf,inf,1094.0150821629472,inf
68,97,inf,inf,inf,264.1098256407739,inf
68,98,inf,inf,inf,993.7469496808532,inf
68,99,inf,inf,inf,1364.9380938342954,inf
68,100,inf,inf,inf,1154.3591295606407,inf
68,101,inf,inf,inf,1149.2105986284673,inf
68,102,inf,inf,inf,835.1676478408392,inf
68,103,inf,inf,inf,718.1538832311637,inf
68,104,inf,inf,inf,870.8673837043158,inf
68,105,inf,inf,inf,293.8996427354072,inf
68,106,inf,inf,inf,486.6795660390931,inf
68,107,inf,inf,inf,265.0018867857359,inf
68,108,inf,inf,inf,745.236204166169,inf
68,109,inf,inf,inf,319.14416804948826,inf
68,110,inf,inf,inf,843.2182398406713,inf
68,111,inf,inf,inf,824.4586102406839,inf
68,112,inf,inf,inf,610.276166993272,inf
68,113,inf,inf,inf,787.777887478444,inf
68,114,inf,inf,inf,1378.5746261991042,inf
69,70,inf,inf,inf,1245.8350613142977,inf
69,71,inf,inf,inf,1006.3225129152185,inf
69,72,inf,inf,inf,1104.363164905458,inf
69,73,inf,inf,inf,1177.8667157195673,inf
69,74,inf,inf,inf,95.63472172804185,inf
69,75,inf,inf,inf,1327.7236158176897,inf
69,76,inf,inf,inf,735.2312561364621,inf
69,77,inf,inf,inf,924.0346313856423,inf
69,78,inf,inf,inf,608.8021024930844,inf
69,79,inf,inf,inf,1413.0509544952722,inf
69,80,inf,inf,inf,800.4323831530056,inf
69,81,inf,inf,inf,470.61874165825566,inf
69,82,inf,inf,inf,1008.3536086115822,inf
69,83,inf,inf,inf,1224.9575502849068,inf
69,84,inf,inf,inf,295.6568957423452,inf
69,85,inf,inf,inf,614.6625090242612,inf
69,86,inf,inf,inf,761.9776899621143,inf
69,87,inf,inf,inf,1044.6860772500033,inf
69,88,inf,inf,inf,1214.098019107189,inf
69,89,inf,inf,inf,1247.7904471504821,inf
69,90,inf,inf,inf,818.7850755845517,inf
69,91,inf,inf,inf,282.51194665004874,inf
69,92,inf,inf,inf,805.6661839744796,inf
69,93,inf,inf,inf,1210.0103305344132,inf
69,94,inf,inf,inf,183.3057555015663,inf
69,95,inf,inf,inf,760.0592082199912,inf
69,96,inf,inf,inf,1301.0096079583732,inf
69,97,inf,inf,inf,839.464710395857,inf
69,98,inf,inf,inf,749.7866363172926,inf
69,99,inf,inf,inf,723.6083194657176,inf
69,100,inf,inf,inf,1281.8151192742266,inf
69,101,inf,inf,inf,1422.8787720673888,inf
69,102,inf,inf,inf,250.3197954617253,inf
69,103,inf,inf,inf,1343.630901698826,inf
69,104,inf,inf,inf,1374.338022467544,inf
69,105,inf,inf,inf,698.5241584941783,inf
69,106,inf,inf,inf,629.2996106784112,inf
69,107,inf,inf,inf,1019.7416339445988,inf
69,108,inf,inf,inf,1356.446091814931,inf
69,109,inf,inf,inf,657.1468633418256,inf
69,110,inf,inf,inf,698.2220277247059,inf
69,111,inf,inf,inf,232.62201099638014,inf
69,112,inf,inf,inf,879.2462681183242,inf
69,113,inf,inf,inf,186.27130750601393,inf
69,114,inf,inf,inf,1326.0833307149292,inf
70,71,inf,inf,inf,571.2530087448117,inf
70,72,inf,inf,inf,1091.4691933352951,inf
70,73,inf,inf,inf,1329.0015048900434,inf
70,74,inf,inf,inf,1225.73936870772,inf
70,75,inf,inf,inf,871.5302633873364,inf
70,76,inf,inf,inf,585.3477598829605,inf
70,77,inf,inf,inf,322.0077638815561,inf
70,78,inf,inf,inf,851.2678779326752,inf
70,79,inf,inf,inf,842.1425057554095,inf
70,80,inf,inf,inf,1270.5986777893324,inf
70,81,inf,inf,inf,810.9408116502708,inf
70,82,inf,inf,inf,397.85424466756666,inf
70,83,inf,inf,inf,1270.1220413802762,inf
70,84,inf,inf,inf,1144.21414079708,inf
70,85,inf,inf,inf,772.6066269454334,inf
70,86,inf,inf,inf,1407.765960662496,inf
70,87,inf,inf,inf,1297.6293769794208,inf
70,88,inf,inf,inf,1234.5837355157405,inf
70,89,inf,inf,inf,587.0076660487493,inf
70,90,inf,inf,inf,912.0350870443527,inf
70,91,inf,inf,inf,1120.580206857144,inf
70,92,inf,inf,inf,565.6686309138947,inf
70,93,inf,inf,inf,226.73773395709856,inf
70,94,inf,inf,inf,1237.5532311783602,inf
70,95,inf,inf,inf,664.0188250343509,inf
70,96,inf,inf,inf,788.2823098357593,inf
70,97,inf,inf,inf,410.8576395784798,inf
70,98,inf,inf,inf,988.4255156560863,inf
70,99,inf,inf,inf,1464.541566497858,inf
70,100,inf,inf,inf,880.1573722920238,inf
70,101,inf,inf,inf,792.846138919778,inf
70,102,inf,inf,inf,1078.338073147749,inf
70,103,inf,inf,inf,249.6096953245206,inf
70,104,inf,inf,inf,441.4612100739996,inf
70,105,inf,inf,inf,774.3545699484184,inf
70,106,inf,inf,inf,635.7365806684401,inf
70,107,inf,inf,inf,250.3437636531016,inf
70,108,inf,inf,inf,279.4011453090341,inf
70,109,inf,inf,inf,596.6615456018596,inf
70,110,inf,inf,inf,855.5004383400396,inf
70,111,inf,inf,inf,1077.898882084957,inf
70,112,inf,inf,inf,512.6216928691176,inf
70,113,inf,inf,inf,1075.5259178653018,inf
70,114,inf,inf,inf,1157.0004321520369,inf
71,72,inf,inf,inf,522.3035515866228,inf
71,73,inf,inf,inf,758.2380892569299,inf
71,74,inf,inf,inf,1031.2443939241562,inf
71,75,inf,inf,inf,410.03048667141815,inf
71,76,inf,inf,inf,306.8191649815898,inf
71,77,inf,inf,inf,464.0915857888397,inf
71,78,inf,inf,inf,926.2899114208251,inf
71,79,inf,inf,inf,451.79862770929265,inf
71,80,inf,inf,inf,735.9436119703737,inf
71,81,inf,inf,inf,748.671490040859,inf
71,82,inf,inf,inf,740.908901282742,inf
71,83,inf,inf,inf,704.0255677175368,inf
71,84,inf,inf,inf,788.8345834203772,inf
71,85,inf,inf,inf,393.4323321741618,inf
71,86,inf,inf,inf,891.9893497122036,inf
71,87,inf,inf,inf,728.9691351490816,inf
71,88,inf,inf,inf,669.2690042128053,inf
71,89,inf,inf,inf,241.6278129686233,inf
71,90,inf,inf,inf,370.0945825056076,inf
71,91,inf,inf,inf,1018.6981888665554,inf
71,92,inf,inf,inf,224.1093483101497,inf
71,93,inf,inf,inf,373.6308338453881,inf
71,94,inf,inf,inf,917.6949384190805,inf
71,95,inf,inf,inf,246.27017683836587,inf
71,96,inf,inf,inf,347.1210163617294,inf
71,97,inf,inf,inf,506.7326711393296,inf
71,98,inf,inf,inf,464.00969817451016,inf
71,99,inf,inf,inf,964.5911050802822,inf
71,100,inf,inf,inf,389.76018267647606,inf
71,101,inf,inf,inf,441.1723019410897,inf
71,102,inf,inf,inf,770.0629844369874,inf
71,103,inf,inf,inf,475.8707807798247,inf
71,104,inf,inf,inf,404.675178383849,inf
71,105,inf,inf,inf,904.1664669738643,inf
71,106,inf,inf,inf,442.47598804906914,inf
71,107,inf,inf,inf,562.8090262247044,inf
71,108,inf,inf,inf,470.4221508390097,inf
71,109,inf,inf,inf,578.4021092630974,inf
71,110,inf,inf,inf,373.6000535331867,inf
71,111,inf,inf,inf,781.6137153351392,inf
71,112,inf,inf,inf,172.03778654702577,inf
71,113,inf,inf,inf,820.8154481977055,inf
71,114,inf,inf,inf,619.8903128780123,inf
72,73,inf,inf,inf,239.88330496305906,inf
72,74,inf,inf,inf,1168.9260027905957,inf
72,75,inf,inf,inf,395.98989886106943,inf
72,76,inf,inf,inf,690.0181157042183,inf
72,77,inf,inf,inf,958.8128075907205,inf
72,78,inf,inf,inf,1286.6429186064017,inf
72,79,inf,inf,inf,510.00098039121457,inf
72,80,inf,inf,inf,425.17996189848833,inf
72,81,inf,inf,inf,1065.0164317981203,inf
72,82,inf,inf,inf,1234.1219550757535,inf
72,83,inf,inf,inf,185.0,inf
72,84,inf,inf,inf,813.0418193426461,inf
72,85,inf,inf,inf,609.5276859995779,inf
72,86,inf,inf,inf,591.6282616643664,inf
72,87,inf,inf,inf,258.0096897405212,inf
72,88,inf,inf,inf,153.11433636338563,inf
72,89,inf,inf,inf,580.331801644542,inf
72,90,inf,inf,inf,314.33898899118446,inf
72,91,inf,inf,inf,1240.816263594252,inf
72,92,inf,inf,inf,634.4540960542378,inf
72,93,inf,inf,inf,881.4766020717736,inf
72,94,inf,inf,inf,946.8606022007675,inf
72,95,inf,inf,inf,561.8398348283966,inf
72,96,inf,inf,inf,441.2799564902082,inf
72,97,inf,inf,inf,975.2502243014354,inf
72,98,inf,inf,inf,356.6987524508601,inf
72,99,inf,inf,inf,686.3300955079851,inf
72,100,inf,inf,inf,343.8895171417704,inf
72,101,inf,inf,inf,560.5443782609901,inf
72,102,inf,inf,inf,860.3871221723393,inf
72,103,inf,inf,inf,958.0240080499027,inf
72,104,inf,inf,inf,815.0220855903232,inf
72,105,inf,inf,inf,1297.3704174213315,inf
72,106,inf,inf,inf,794.400402819636,inf
72,107,inf,inf,inf,1071.1680540419416,inf
72,108,inf,inf,inf,943.7372515695245,inf
72,109,inf,inf,inf,974.7409912381853,inf
72,110,inf,inf,inf,456.85884034349164,inf
72,111,inf,inf,inf,881.7238796811619,inf
72,112,inf,inf,inf,637.5264700386957,inf
72,113,inf,inf,inf,953.2539011197384,inf
72,114,inf,inf,inf,224.24317157942625,inf
73,74,inf,inf,inf,1254.75256524942,inf
73,75,inf,inf,inf,602.9925372672534,inf
73,76,inf,inf,inf,892.7939291908295,inf
73,77,inf,inf,inf,1180.068642071299,inf
73,78,inf,inf,inf,1453.1021987458419,inf
73,79,inf,inf,inf,711.9838481314025,inf
73,80,inf,inf,inf,394.14971774694953,inf
73,81,inf,inf,inf,1224.4002613524713,inf
73,82,inf,inf,inf,1451.4975025813858,inf
73,83,inf,inf,inf,106.83164325236227,inf
73,84,inf,inf,inf,882.7780015383256,inf
73,85,inf,inf,inf,779.6332471104603,inf
73,86,inf,inf,inf,520.3844732503075,inf
73,87,inf,inf,inf,138.32208789632983,inf
73,88,inf,inf,inf,134.41726079637243,inf
73,89,inf,inf,inf,816.4784136766875,inf
73,90,inf,inf,inf,488.4475406837463,inf
73,91,inf,inf,inf,1356.68308753371,inf
73,92,inf,inf,inf,847.5210911829864,inf
73,93,inf,inf,inf,1120.93041710893,inf
73,94,inf,inf,inf,1003.7315378127759,inf
73,95,inf,inf,inf,764.3088381014575,inf
73,96,inf,inf,inf,661.9365528508,inf
73,97,inf,inf,inf,1187.5205261383906,inf
73,98,inf,inf,inf,485.02577251111103,inf
73,99,inf,inf,inf,613.003262634058,inf
73,100,inf,inf,inf,556.5932087260857,inf
73,101,inf,inf,inf,768.8185741772893,inf
73,102,inf,inf,inf,952.2153117861527,inf
73,103,inf,inf,inf,1197.6485294108618,inf
73,104,inf,inf,inf,1050.7373601428665,inf
73,105,inf,inf,inf,1475.66188539245,inf
73,106,inf,inf,inf,981.2196492121425,inf
73,107,inf,inf,inf,1296.5511945156659,inf
73,108,inf,inf,inf,1183.0164834016473,inf
73,109,inf,inf,inf,1164.54969838131,inf
73,110,inf,inf,inf,621.5142798037709,inf
73,111,inf,inf,inf,975.2010049215495,inf
73,112,inf,inf,inf,860.5579585362045,inf
73,113,inf,inf,inf,1052.7340594851105,inf
73,114,inf,inf,inf,320.93768865622496,inf
74,75,inf,inf,inf,1371.0857011872015,inf
74,76,inf,inf,inf,746.223156971157,inf
74,77,inf,inf,inf,904.1692319472057,inf
74,78,inf,inf,inf,536.5389081883997,inf
74,79,inf,inf,inf,1451.5181707439972,inf
74,80,inf,inf,inf,883.6662265810547,inf
74,81,inf,inf,inf,427.42952635493026,inf
74,82,inf,inf,inf,963.1017599402464,inf
74,83,inf,inf,inf,1297.154192839078,inf
74,84,inf,inf,inf,373.20905669610966,inf
74,85,inf,inf,inf,646.3745044476925,inf
74,86,inf,inf,inf,853.0439613525202,inf
74,87,inf,inf,inf,1123.5341561341158,inf
74,88,inf,inf,inf,1284.54816959116,inf
74,89,inf,inf,inf,1272.626025193576,inf
74,90,inf,inf,inf,874.2110729108846,inf
74,91,inf,inf,inf,193.83756085960223,inf
74,92,inf,inf,inf,821.413416009259,inf
74,93,inf,inf,inf,1207.4042405093664,inf
74,94,inf,inf,inf,274.69437562498433,inf
74,95,inf,inf,inf,786.4985696109053,inf
74,96,inf,inf,inf,1339.3028037004926,inf
74,97,inf,inf,inf,815.5225318775687,inf
74,98,inf,inf,inf,812.4247657475737,inf
74,99,inf,inf,inf,817.3671145819362,inf
74,100,inf,inf,inf,1327.1563585350445,inf
74,101,inf,inf,inf,1457.5218694757207,inf
74,102,inf,inf,inf,308.5741401997257,inf
74,103,inf,inf,inf,1340.182823349113,inf
74,104,inf,inf,inf,1384.7718223591928,inf
74,105,inf,inf,inf,630.1698183823152,inf
74,106,inf,inf,inf,629.4918585653035,inf
74,107,inf,inf,inf,991.5104638883041,inf
74,108,inf,inf,inf,1354.8741638986257,inf
74,109,inf,inf,inf,630.1396670580261,inf
74,110,inf,inf,inf,746.4824177433786,inf
74,111,inf,inf,inf,287.2716484444645,inf
74,112,inf,inf,inf,893.3733821868659,inf
74,113,inf,inf,inf,220.63771209836273,inf
74,114,inf,inf,inf,1388.3446978326383,inf
75,76,inf,inf,inf,704.3756100263552,inf
75,77,inf,inf,inf,859.2147577875976,inf
75,78,inf,inf,inf,1333.030382249407,inf
75,79,inf,inf,inf,114.33722053644648,inf
75,80,inf,inf,inf,797.1963371717158,inf
75,81,inf,inf,inf,1144.2954164026,inf
75,82,inf,inf,inf,1128.9805135607967,inf
75,83,inf,inf,inf,506.69616142220775,inf
75,84,inf,inf,inf,1064.2711120762417,inf
75,85,inf,inf,inf,730.0,inf
75,86,inf,inf,inf,968.6278955305798,inf
75,87,inf,inf,inf,653.076565189718,inf
75,88,inf,inf,inf,472.36003217884553,inf
75,89,inf,inf,inf,284.9227965607526,inf
75,90,inf,inf,inf,527.3604080702305,inf
75,91,inf,inf,inf,1391.2774705284348,inf
75,92,inf,inf,inf,623.7852194465656,inf
75,93,inf,inf,inf,644.7984181122035,inf
75,94,inf,inf,inf,1202.040348740424,inf
75,95,inf,inf,inf,608.506368085002,inf
75,96,inf,inf,inf,83.5224520712844,inf
75,97,inf,inf,inf,912.4149275411927,inf
75,98,inf,inf,inf,620.9750397560275,inf
75,99,inf,inf,inf,1060.164609860186,inf
75,100,inf,inf,inf,54.589376255824725,inf
75,101,inf,inf,inf,166.23477373883,inf
75,102,inf,inf,inf,1078.2068447195093,inf
75,103,inf,inf,inf,674.5324306510399,inf
75,104,inf,inf,inf,491.1466176204413,inf
75,105,inf,inf,inf,1313.8896452898928,inf
75,106,inf,inf,inf,838.2887330747086,inf
75,107,inf,inf,inf,940.4323473807141,inf
75,108,inf,inf,inf,652.2392199185817,inf
75,109,inf,inf,inf,986.646846647776,inf
75,110,inf,inf,inf,630.2570904004175,inf
75,111,inf,inf,inf,1095.1132361541431,inf
75,112,inf,inf,inf,581.3639135687732,inf
75,113,inf,inf,inf,1151.250190010842,inf
75,114,inf,inf,inf,321.83380804384115,inf
76,77,inf,inf,inf,317.49803148996057,inf
76,78,inf,inf,inf,630.9714732061981,inf
76,79,inf,inf,inf,757.081237384734,inf
76,80,inf,inf,inf,722.5794074010136,inf
76,81,inf,inf,inf,442.4353060052961,inf
76,82,inf,inf,inf,567.3869931537029,inf
76,83,inf,inf,inf,871.7442285441298,inf
76,84,inf,inf,inf,571.7219603968349,inf
76,85,inf,inf,inf,187.8430195668713,inf
76,86,inf,inf,inf,840.1434401338857,inf
76,87,inf,inf,inf,817.7395673440292,inf
76,88,inf,inf,inf,842.3971747341037,inf
76,89,inf,inf,inf,539.230933830766,inf
76,90,inf,inf,inf,408.00980380378115,inf
76,91,inf,inf,inf,715.6116265125937,inf
76,92,inf,inf,inf,82.71033792700887,inf
76,93,inf,inf,inf,487.54281863237406,inf
76,94,inf,inf,inf,681.5350321150044,inf
76,95,inf,inf,inf,128.86038956948718,inf
76,96,inf,inf,inf,649.5667787071626,inf
76,97,inf,inf,inf,299.55300031880836,inf
76,98,inf,inf,inf,450.48973351231876,inf
76,99,inf,inf,inf,888.1317469835204,inf
76,100,inf,inf,inf,674.8518355905984,inf
76,101,inf,inf,inf,747.9846255104445,inf
76,102,inf,inf,inf,522.9005641611031,inf
76,103,inf,inf,inf,620.4361369230519,inf
76,104,inf,inf,inf,639.5623503615578,inf
76,105,inf,inf,inf,622.0393878204177,inf
76,106,inf,inf,inf,135.72398461583714,inf
76,107,inf,inf,inf,443.55833889128945,inf
76,108,inf,inf,inf,629.5816071010969,inf
76,109,inf,inf,inf,292.04280508172087,inf
76,110,inf,inf,inf,301.0066444449358,inf
76,111,inf,inf,inf,528.4183948350019,inf
76,112,inf,inf,inf,148.27339613025663,inf
76,113,inf,inf,inf,549.8690753261179,inf
76,114,inf,inf,inf,851.3013567474211,inf
77,78,inf,inf,inf,573.131747506627,inf
77,79,inf,inf,inf,872.4454137652396,inf
77,80,inf,inf,inf,1039.624932367438,inf
77,81,inf,inf,inf,494.75852696037487,inf
77,82,inf,inf,inf,277.72108310317384,inf
77,83,inf,inf,inf,1143.8116103624757,inf
77,84,inf,inf,inf,837.5852195448532,inf
77,85,inf,inf,inf,499.0490957811666,inf
77,86,inf,inf,inf,1156.5647409462213,inf
77,87,inf,inf,inf,1119.2930804753507,inf
77,88,inf,inf,inf,1111.2704441314004,inf
77,89,inf,inf,inf,609.8106263423097,inf
77,90,inf,inf,inf,710.4540801487454,inf
77,91,inf,inf,inf,806.149489859046,inf
77,92,inf,inf,inf,336.62144910863896,inf
77,93,inf,inf,inf,351.370175171428,inf
77,94,inf,inf,inf,922.4364476753941,inf
77,95,inf,inf,inf,431.05684079944723,inf
77,96,inf,inf,inf,784.8936233656125,inf
77,97,inf,inf,inf,94.72592042308166,inf
77,98,inf,inf,inf,764.4422803586939,inf
77,99,inf,inf,inf,1201.3063722464806,inf
77,100,inf,inf,inf,847.56710648774,inf
77,101,inf,inf,inf,841.2419390401313,inf
77,102,inf,inf,inf,764.6829408323426,inf
77,103,inf,inf,inf,469.0927413635815,inf
77,104,inf,inf,inf,586.4511914899654,inf
77,105,inf,inf,inf,515.4415582779487,inf
77,106,inf,inf,inf,327.0382240656281,inf
77,107,inf,inf,inf,126.11502686040232,inf
77,108,inf,inf,inf,491.1720676097125,inf
77,109,inf,inf,inf,277.3193105429191,inf
77,110,inf,inf,inf,616.9489444030195,inf
77,111,inf,inf,inf,762.4755733792394,inf
77,112,inf,inf,inf,321.2880327681067,inf
77,113,inf,inf,inf,755.6354941372196,inf
77,114,inf,inf,inf,1082.1279961261514,inf
78,79,inf,inf,inf,1376.6978608249524,inf
78,80,inf,inf,inf,1166.2744102482914,inf
78,81,inf,inf,inf,231.2444593930847,inf
78,82,inf,inf,inf,494.72517623424017,inf
78,83,inf,inf,inf,1456.8160487858445,inf
78,84,inf,inf,inf,726.5954858103647,inf
78,85,inf,inf,inf,678.2403703702693,inf
78,86,inf,inf,inf,1208.4146639295636,inf
78,87,inf,inf,inf,1347.914314784141,inf
78,88,inf,inf,inf,1432.5006108201142,inf
78,89,inf,inf,inf,1134.4800571186786,inf
78,90,inf,inf,inf,975.5495886934708,inf
78,91,inf,inf,inf,356.2653505464712,inf
78,92,inf,inf,inf,709.6943003857365,inf
78,93,inf,inf,inf,924.4311764539316,inf
78,94,inf,inf,inf,720.6004440742456,inf
78,95,inf,inf,inf,743.8615462570975,inf
78,96,inf,inf,inf,1273.4056698475943,inf
78,97,inf,inf,inf,482.0342311496145,inf
78,98,inf,inf,inf,968.5638853477865,inf
78,99,inf,inf,inf,1208.6988872337063,inf
78,100,inf,inf,inf,1305.392661232627,inf
78,101,inf,inf,inf,1359.2851062231205,inf
78,102,inf,inf,inf,622.6556030423238,inf
78,103,inf,inf,inf,1040.0076922792446,inf
78,104,inf,inf,inf,1154.800848631486,inf
78,105,2.0,173.4386,173.43860018001254,99.03534722511958,1.7512797707041423
78,106,inf,inf,inf,502.73850061438503,inf
78,107,inf,inf,inf,601.472360129707,inf
78,108,inf,inf,inf,1063.248794967575,inf
78,109,inf,inf,inf,348.5885827160723,inf
78,110,inf,inf,inf,835.0628718845066,inf
78,111,inf,inf,inf,603.9875826538158,inf
78,112,inf,inf,inf,754.4600718394579,inf
78,113,inf,inf,inf,540.0749947923899,inf
78,114,inf,inf,inf,1470.6083775091179,inf
79,80,inf,inf,inf,910.1675669897274,inf
79,81,inf,inf,inf,1199.5153187850499,inf
79,82,inf,inf,inf,1132.8283188550681,inf
79,83,inf,inf,inf,612.9420853555415,inf
79,84,inf,inf,inf,1157.767679631799,inf
79,85,inf,inf,inf,805.8815049372954,inf
79,86,inf,inf,inf,1081.7398023554463,inf
79,87,inf,inf,inf,766.6094181524253,inf
79,88,inf,inf,inf,579.6076258987626,inf
79,89,inf,inf,inf,266.1766330841233,inf
79,90,inf,inf,inf,627.6973793158611,inf
79,91,inf,inf,inf,1459.909586241559,inf
79,92,inf,inf,inf,674.6265633667266,inf
79,93,inf,inf,inf,617.7394272668695,inf
79,94,inf,inf,inf,1294.8552042603064,inf
79,95,inf,inf,inf,674.4516291032293,inf
79,96,2.0,148.0122,148.01219330881972,112.21853679316978,1.3189638498104934
79,97,inf,inf,inf,935.0978558418365,inf
79,98,inf,inf,inf,724.3210614085442,inf
79,99,inf,inf,inf,1172.7958049038205,inf
79,100,inf,inf,inf,168.21712160181556,inf
79,101,inf,inf,inf,62.64982043070834,inf
79,102,inf,inf,inf,1165.2077068059582,inf
79,103,inf,inf,inf,625.1919705178562,inf
79,104,inf,inf,inf,429.79530011390307,inf
79,105,inf,inf,inf,1349.8714753634881,inf
79,106,inf,inf,inf,892.7155201966638,inf
79,107,inf,inf,inf,940.835798638636,inf
79,108,inf,inf,inf,600.0108332355342,inf
79,109,inf,inf,inf,1028.191130092066,inf
79,110,inf,inf,inf,720.1034647882205,inf
79,111,inf,inf,inf,1181.010584203207,inf
79,112,inf,inf,inf,622.6146480769626,inf
79,113,inf,inf,inf,1233.2720705505335,inf
79,114,inf,inf,inf,416.55971960812536,inf
80,81,inf,inf,inf,935.7745454969375,inf
80,82,inf,inf,inf,1282.1127095540392,inf
80,83,inf,inf,inf,467.0171303068015,inf
80,84,inf,inf,inf,511.54374202017175,inf
80,85,inf,inf,inf,553.5648110203538,inf
80,86,inf,inf,inf,171.67993476233616,inf
80,87,inf,inf,inf,255.86129054626454,inf
80,88,inf,inf,inf,469.3080012102926,inf
80,89,inf,inf,inf,898.8019804161537,inf
80,90,inf,inf,inf,366.28540784475706,inf
80,91,inf,inf,inf,1008.0838258795743,inf
80,92,inf,inf,inf,713.0792382337323,inf
80,93,inf,inf,inf,1102.6209684202454,inf
80,94,inf,inf,inf,620.7616289688016,inf
80,95,inf,inf,inf,613.8680640007265,inf
80,96,inf,inf,inf,820.7228521248815,inf
80,97,inf,inf,inf,1016.1107223132723,inf
80,98,inf,inf,inf,282.177249260106,inf
80,99,inf,inf,inf,263.41032629720496,inf
80,100,inf,inf,inf,742.6344996025972,inf
80,101,inf,inf,inf,951.3632324196684,inf
80,102,inf,inf,inf,595.691195167429,inf
80,103,inf,inf,inf,1211.6649701959695,inf
80,104,inf,inf,inf,1119.8182888308263,inf
80,105,inf,inf,inf,1208.7100562169574,inf
80,106,inf,inf,inf,762.129910185921,inf
80,107,inf,inf,inf,1165.3862020806664,inf
80,108,inf,inf,inf,1206.2379533077212,inf
80,109,inf,inf,inf,936.6077087019944,inf
80,110,inf,inf,inf,423.1335486581039,inf
80,111,inf,inf,inf,619.0129239361647,inf
80,112,inf,inf,inf,758.3679845563103,inf
80,113,inf,inf,inf,698.5162847063767,inf
80,114,inf,inf,inf,633.726281607446,inf
81,82,inf,inf,inf,538.04181993596,inf
81,83,inf,inf,inf,1231.5701360458527,inf
81,84,inf,inf,inf,516.2799628108764,inf
81,85,inf,inf,inf,455.5963125399502,inf
81,86,inf,inf,inf,983.5629110534821,inf
81,87,inf,inf,inf,1117.3920529518723,inf
81,88,inf,inf,inf,1208.3873551142449,inf
81,89,inf,inf,inf,974.5055156334416,inf
81,90,inf,inf,inf,751.7293395897223,inf
81,91,inf,inf,inf,311.4883625434504,inf
81,92,inf,inf,inf,524.938091587951,inf
81,93,inf,inf,inf,826.600871037528,inf
81,94,inf,inf,inf,536.8621797072318,inf
81,95,inf,inf,inf,539.8407172490789,inf
81,96,inf,inf,inf,1091.7600468967528,inf
81,97,inf,inf,inf,401.47851748256716,inf
81,98,inf,inf,inf,739.4227478242741,inf
81,99,inf,inf,inf,989.4266016233847,inf
81,100,inf,inf,inf,1111.802140670722,inf
81,101,inf,inf,inf,1189.407415480499,inf
81,102,inf,inf,inf,414.16180412973864,inf
81,103,inf,inf,inf,954.4055741664547,inf
81,104,inf,inf,inf,1034.3524544370744,inf
81,105,inf,inf,inf,279.7320146139873,inf
81,106,inf,inf,inf,306.88760157425713,inf
81,107,inf,inf,inf,569.2038299238683,inf
81,108,inf,inf,inf,973.1700776328873,inf
81,109,inf,inf,inf,218.40329667841556,inf
81,110,inf,inf,inf,609.8950729428792,inf
81,111,inf,inf,inf,398.7793876318083,inf
81,112,inf,inf,inf,582.1099552490062,inf
81,113,inf,inf,inf,349.04011230802683,inf
81,114,inf,inf,inf,1256.4334443176845,inf
82,83,inf,inf,inf,1419.0088089930944,inf
82,84,inf,inf,inf,998.9684679708364,inf
82,85,inf,inf,inf,729.0438944261175,inf
82,86,inf,inf,inf,1382.7526893844756,inf
82,87,inf,inf,inf,1383.8359729389897,inf
82,88,inf,inf,inf,1386.937994288137,inf
82,89,inf,inf,inf,866.9175277960413,inf
82,90,inf,inf,inf,973.5460954674925,inf
82,91,inf,inf,inf,817.7358986861223,inf
82,92,inf,inf,inf,604.0306283625029,inf
82,93,inf,inf,inf,550.8774818414709,inf
82,94,inf,inf,inf,1054.4126327012589,inf
82,95,inf,inf,inf,691.7116451238912,inf
82,96,inf,inf,inf,1052.0099809412457,inf
82,97,inf,inf,inf,267.9178978717174,inf
82,98,inf,inf,inf,1016.8308610580227,inf
82,99,inf,inf,inf,1416.0374288838555,inf
82,100,inf,inf,inf,1120.541387008976,inf
82,101,inf,inf,inf,1096.0497251493657,inf
82,102,inf,inf,inf,909.1430030528751,inf
82,103,inf,inf,inf,631.1140942808994,inf
82,104,inf,inf,inf,796.0753733158689,inf
82,105,inf,inf,inf,404.0309394093477,inf
82,106,inf,inf,inf,525.5787286411047,inf
82,107,inf,inf,inf,193.08029417835473,inf
82,108,inf,inf,inf,659.3034202853797,inf
82,109,inf,inf,inf,379.93288881064245,inf
82,110,inf,inf,inf,866.3400025394187,inf
82,111,inf,inf,inf,900.4099066536307,inf
82,112,inf,inf,inf,597.3985269483011,inf
82,113,inf,inf,inf,870.257433177103,inf
82,114,inf,inf,inf,1359.7183531893654,inf
83,84,inf,inf,inf,929.4342365116534,inf
83,85,inf,inf,inf,778.6892833473439,inf
83,86,inf,inf,inf,608.4513127605198,inf
83,87,inf,inf,inf,221.30521909796886,inf
83,88,inf,inf,inf,36.345563690772494,inf
83,89,inf,inf,inf,736.2961360756962,inf
83,90,inf,inf,inf,481.5080477001397,inf
83,91,inf,inf,inf,1386.2647654759173,inf
83,92,inf,inf,inf,818.4332593437292,inf
83,93,inf,inf,inf,1056.0170453169778,inf
83,94,inf,inf,inf,1056.3105603940537,inf
83,95,inf,inf,inf,743.0592170210931,inf
83,96,inf,inf,inf,570.5760247329009,inf
83,97,inf,inf,inf,1159.4662565163335,inf
83,98,inf,inf,inf,500.2529360233681,inf
83,99,inf,inf,inf,702.9196255618419,inf
83,100,inf,inf,inf,463.1554814530429,inf
83,101,inf,inf,inf,671.2711821611292,inf
83,102,inf,inf,inf,990.4185983714159,inf
83,103,inf,inf,inf,1124.59103677737,inf
83,104,inf,inf,inf,968.7073861595152,inf
83,105,inf,inf,inf,1472.2856380471828,inf
83,106,inf,inf,inf,971.3047925342487,inf
83,107,inf,inf,inf,1255.9498397627192,inf
83,108,inf,inf,inf,1108.2531299301618,inf
83,109,inf,inf,inf,1153.171713145965,inf
83,110,inf,inf,inf,621.9397076887759,inf
83,111,inf,inf,inf,1012.8711665360013,inf
83,112,inf,inf,inf,822.5259874314003,inf
83,113,inf,inf,inf,1088.3244001675237,inf
83,114,inf,inf,inf,214.3361845326169,inf
84,85,inf,inf,inf,404.2486858358355,inf
84,86,inf,inf,inf,500.4967532362223,inf
84,87,inf,inf,inf,750.5997601918082,inf
84,88,inf,inf,inf,919.0239387524135,inf
84,89,inf,inf,inf,1023.9472642670618,inf
84,90,inf,inf,inf,541.4886887091918,inf
84,91,inf,inf,inf,503.39050447937535,inf
84,92,inf,inf,inf,622.6756780218736,inf
84,93,inf,inf,inf,1058.2721767106987,inf
84,94,inf,inf,inf,138.01449199268893,inf
84,95,inf,inf,inf,551.0326669082333,inf
84,96,inf,inf,inf,1047.3514214436336,inf
84,97,inf,inf,inf,772.1463591832834,inf
84,98,inf,inf,inf,462.7926101397904,inf
84,99,inf,inf,inf,486.00411520891464,inf
84,100,inf,inf,inf,1015.3329503172838,inf
84,101,inf,inf,inf,1174.9761699711191,inf
84,102,inf,inf,inf,103.9471019317037,inf
84,103,inf,inf,inf,1190.205444450663,inf
84,104,inf,inf,inf,1182.983516368677,inf
84,105,inf,inf,inf,793.3051115428414,inf
84,106,inf,inf,inf,511.00391387933615,inf
84,107,inf,inf,inf,953.6802399127288,inf
84,108,inf,inf,inf,1197.469415058272,inf
84,109,inf,inf,inf,619.1163057132319,inf
84,110,inf,inf,inf,438.62170488930434,inf
84,111,inf,inf,inf,123.69316876852982,inf
84,112,inf,inf,inf,695.9087583871898,inf
84,113,inf,inf,inf,198.29775591266787,inf
84,114,inf,inf,inf,1036.1949623502326,inf
85,86,inf,inf,inf,658.6562077442222,inf
85,87,inf,inf,inf,685.0262768682672,inf
85,88,inf,inf,inf,754.2784631686098,inf
85,89,inf,inf,inf,634.0764938081209,inf
85,90,inf,inf,inf,297.30960293942746,inf
85,91,inf,inf,inf,663.7838503609439,inf
85,92,inf,inf,inf,221.0701246211256,inf
85,93,inf,inf,inf,660.1431662904646,inf
85,94,inf,inf,inf,527.2314482274364,inf
85,95,inf,inf,inf,148.66068747318505,inf
85,96,inf,inf,inf,693.7463513417566,inf
85,97,inf,inf,inf,464.72464965826805,inf
85,98,inf,inf,inf,302.5524747874325,inf
85,99,inf,inf,inf,702.4393212228371,inf
85,100,inf,inf,inf,689.3765299167067,inf
85,101,inf,inf,inf,811.1781555244199,inf
85,102,inf,inf,inf,376.7890656587582,inf
85,103,inf,inf,inf,790.1708675976355,inf
85,104,inf,inf,inf,779.567187611177,inf
85,105,inf,inf,inf,696.1048771557344,inf
85,106,inf,inf,inf,210.64662351910604,inf
85,107,inf,inf,inf,624.7887643035845,inf
85,108,inf,inf,inf,795.8718489807263,inf
85,109,inf,inf,inf,391.4945721207383,inf
85,110,inf,inf,inf,158.15182578775372,inf
85,111,inf,inf,inf,388.1971148785112,inf
85,112,inf,inf,inf,292.80027322391624,inf
85,113,inf,inf,inf,430.6146769444813,inf
85,114,inf,inf,inf,803.3884490083237,inf
86,87,inf,inf,inf,387.4183785005559,inf
86,88,inf,inf,inf,616.950565280558,inf
86,89,inf,inf,inf,1065.7565388023665,inf
86,90,inf,inf,inf,522.820236792724,inf
86,91,inf,inf,inf,1002.4315437973808,inf
86,92,inf,inf,inf,843.2627111404844,inf
86,93,inf,inf,inf,1251.7208155175817,inf
86,94,inf,inf,inf,578.8583591864248,inf
86,95,inf,inf,inf,744.1558976451104,inf
86,96,inf,inf,inf,992.2902801096059,inf
86,97,inf,inf,inf,1122.1786845239933,inf
86,98,inf,inf,inf,428.7773314903669,inf
86,99,inf,inf,inf,95.56673061269805,inf
86,100,inf,inf,inf,914.0875231617593,inf
86,101,inf,inf,inf,1123.0325017558487,inf
86,102,inf,inf,inf,599.3613267470633,inf
86,103,inf,inf,inf,1365.6068248218446,inf
86,104,inf,inf,inf,1283.1870479396214,inf
86,105,inf,inf,inf,1262.6076191754903,inf
86,106,inf,inf,inf,857.2000933271064,inf
86,107,inf,inf,inf,1282.608669859985,inf
86,108,inf,inf,inf,1361.8839891855694,inf
86,109,inf,inf,inf,1020.0078431071008,inf
86,110,inf,inf,inf,552.268050859363,inf
86,111,inf,inf,inf,621.463595072149,inf
86,112,inf,inf,inf,896.0357135739624,inf
86,113,inf,inf,inf,698.5477793250795,inf
86,114,inf,inf,inf,791.7329095092612,inf
87,88,inf,inf,inf,232.86262044390037,inf
87,89,inf,inf,inf,827.5385187409707,inf
87,90,inf,inf,inf,410.29014124153656,inf
87,91,inf,inf,inf,1232.328689920023,inf
87,92,inf,inf,inf,782.8058507701638,inf
87,93,inf,inf,inf,1100.9977293346249,inf
87,94,inf,inf,inf,868.7462230133723,inf
87,95,inf,inf,inf,692.1278783577498,inf
87,96,inf,inf,inf,699.0028612244731,inf
87,97,inf,inf,inf,1116.7318388941903,inf
87,98,inf,inf,inf,382.9529997271206,inf
87,99,inf,inf,inf,481.6637831516918,inf
87,100,inf,inf,inf,601.592054468807,inf
87,101,inf,inf,inf,818.2499618087372,inf
87,102,inf,inf,inf,824.1753454211064,inf
87,103,inf,inf,inf,1190.2407319529946,inf
87,104,inf,inf,inf,1061.3434882261256,inf
87,105,inf,inf,inf,1376.7937390909358,inf
87,106,inf,inf,inf,892.6729524299479,inf
87,107,inf,inf,inf,1240.1588607916326,inf
87,108,inf,inf,inf,1178.728552296923,inf
87,109,inf,inf,inf,1075.5858868542298,inf
87,110,inf,inf,inf,529.377936827745,inf
87,111,inf,inf,inf,847.3606080058241,inf
87,112,inf,inf,inf,806.7595676532135,inf
87,113,inf,inf,inf,925.7699498255492,inf
87,114,inf,inf,inf,416.77331968349415,inf
88,89,inf,inf,inf,699.9892856322874,inf
88,90,inf,inf,inf,457.00437634666037,inf
88,91,inf,inf,inf,1369.3461943570005,inf
88,92,inf,inf,inf,787.5531728080333,inf
88,93,inf,inf,inf,1020.0593120010228,inf
88,94,inf,inf,inf,1047.7523562369115,inf
88,95,inf,inf,inf,713.9439753930276,inf
88,96,inf,inf,inf,535.1822119614964,inf
88,97,inf,inf,inf,1128.3638597544677,inf
88,98,inf,inf,inf,481.80701530799655,inf
88,99,inf,inf,inf,712.0568797504874,inf
88,100,inf,inf,inf,428.0747598258977,inf
88,101,inf,inf,inf,637.4150923848603,inf
88,102,inf,inf,inf,976.9390973852976,inf
88,103,inf,inf,inf,1088.272943704841,inf
88,104,inf,inf,inf,932.4939678089075,inf
88,105,inf,inf,inf,1446.2039966754344,inf
88,106,inf,inf,inf,944.2563211331974,inf
88,107,inf,inf,inf,1222.6483550064588,inf
88,108,inf,inf,inf,1071.9123098462858,inf
88,109,inf,inf,inf,1125.5309858018127,inf
88,110,inf,inf,inf,598.4947785904235,inf
88,111,inf,inf,inf,999.1621490028533,inf
88,112,inf,inf,inf,790.0101265173757,inf
88,113,inf,inf,inf,1073.7713909394308,inf
88,114,inf,inf,inf,188.904737897174,inf
89,90,inf,inf,inf,552.074270365863,inf
89,91,inf,inf,inf,1254.754956156779,inf
89,92,inf,inf,inf,457.85696456426217,inf
89,93,inf,inf,inf,360.31097679643347,inf
89,94,inf,inf,inf,1155.2056094046636,inf
89,95,inf,inf,inf,487.7632622492186,inf
89,96,inf,inf,inf,201.4671189052943,inf
89,97,inf,inf,inf,677.4319153981454,inf
89,98,inf,inf,inf,653.4959831552142,inf
89,99,inf,inf,inf,1147.3883387938017,inf
89,100,inf,inf,inf,299.1070042643602,inf
89,101,inf,inf,inf,231.4497785697796,inf
89,102,inf,inf,inf,1010.0282174276123,inf
89,103,inf,inf,inf,395.6121838366458,inf
89,104,inf,inf,inf,234.6955474652214,inf
89,105,inf,inf,inf,1099.9440894881884,inf
89,106,inf,inf,inf,672.7800532120434,inf
89,107,inf,inf,inf,674.7280933828085,inf
89,108,inf,inf,inf,376.00132978488256,inf
89,109,inf,inf,inf,787.109268145154,inf
89,110,inf,inf,inf,595.0,inf
89,111,inf,inf,inf,1022.158500429361,inf
89,112,inf,inf,inf,393.30013984233466,inf
89,113,inf,inf,inf,1062.398230420213,inf
89,114,inf,inf,inf,586.7674155915613,inf
90,91,inf,inf,inf,931.538512354696,inf
90,92,inf,inf,inf,373.90506816570434,inf
90,93,inf,inf,inf,736.8921223625613,inf
90,94,inf,inf,inf,679.4600797692239,inf
90,95,inf,inf,inf,281.8386062980017,inf
90,96,inf,inf,inf,521.5639941560383,inf
90,97,inf,inf,inf,706.5436999931427,inf
90,98,inf,inf,inf,101.78899744078434,inf
90,99,inf,inf,inf,598.880622495001,inf
90,100,inf,inf,inf,476.5259699113995,inf
90,101,inf,inf,inf,653.6520481112256,inf
90,102,inf,inf,inf,569.1230095506594,inf
90,103,inf,inf,inf,845.5063571611984,inf
90,104,inf,inf,inf,761.876630433038,inf
90,105,inf,inf,inf,991.3753073382451,inf
90,106,inf,inf,inf,493.1379117447775,inf
90,107,inf,inf,inf,832.7784819506326,inf
90,108,inf,inf,inf,840.5147232499856,inf
90,109,inf,inf,inf,676.3113188465798,inf
90,110,inf,inf,inf,142.52368224263643,inf
90,111,inf,inf,inf,588.6340119293142,inf
90,112,inf,inf,inf,405.1826748517266,inf
90,113,inf,inf,inf,654.5991139621257,inf
90,114,inf,inf,inf,520.1941945081663,inf
91,92,inf,inf,inf,796.9924717335791,inf
91,93,inf,inf,inf,1135.581789216435,inf
91,94,inf,inf,inf,440.1931394285922,inf
91,95,inf,inf,inf,785.5246654306916,inf
91,96,inf,inf,inf,1348.8858365332478,inf
91,97,inf,inf,inf,712.5503490982234,inf
91,98,inf,inf,inf,887.8226174185922,inf
91,99,inf,inf,inf,978.3220328705676,inf
91,100,inf,inf,inf,1352.3627471947016,inf
91,101,inf,inf,inf,1457.5819016439523,inf
91,102,inf,inf,inf,412.40877779213184,inf
91,103,inf,inf,inf,1264.612588898276,inf
91,104,inf,inf,inf,1335.7679439184037,inf
91,105,inf,inf,inf,453.7895988230669,inf
91,106,inf,inf,inf,584.0693451979824,inf
91,107,inf,inf,inf,875.646047213142,inf
91,108,inf,inf,inf,1282.7100217898042,inf
91,109,inf,inf,inf,529.7971309850592,inf
91,110,inf,inf,inf,792.9344235181117,inf
91,111,inf,inf,inf,389.1040991816971,inf
91,112,inf,inf,inf,862.8817995531022,inf
91,113,inf,inf,inf,309.5932815808508,inf
91,114,inf,inf,inf,1451.7058930788978,inf
92,93,inf,inf,inf,439.2095172010734,inf
92,94,inf,inf,inf,739.941213881211,inf
92,95,inf,inf,inf,99.45853407325085,inf
92,96,inf,inf,inf,567.5385449465084,inf
92,97,inf,inf,inf,341.1231449198368,inf
92,98,inf,inf,inf,433.03810455894063,inf
92,99,inf,inf,inf,898.8798584905549,inf
92,100,inf,inf,inf,595.7986236976383,inf
92,101,inf,inf,inf,665.2773857572494,inf
92,102,inf,inf,inf,583.8236034968096,inf
92,103,inf,inf,inf,569.1344305170792,inf
92,104,inf,inf,inf,569.6885113814391,inf
92,105,inf,inf,inf,696.1450998175596,inf
92,106,inf,inf,inf,218.40329667841556,inf
92,107,inf,inf,inf,459.10891953870816,inf
92,108,inf,inf,inf,575.2112655364114,inf
92,109,inf,inf,inf,366.0874212534487,inf
92,110,inf,inf,inf,291.7601754866486,inf
92,111,inf,inf,inf,591.5445883447841,inf
92,112,inf,inf,inf,74.32361670424818,inf
92,113,inf,inf,inf,619.4973769113151,inf
92,114,inf,inf,inf,783.68679968467,inf
93,94,inf,inf,inf,1168.7617379089718,inf
93,95,inf,inf,inf,526.924093205084,inf
93,96,inf,inf,inf,561.5451896330339,inf
93,97,inf,inf,inf,443.1907038736259,inf
93,98,inf,inf,inf,823.8112647930957,inf
93,99,inf,inf,inf,1317.5871887658896,inf
93,100,inf,inf,inf,654.1200195682746,inf
93,101,inf,inf,inf,570.6776673394536,inf
93,102,inf,inf,inf,1009.6123018267953,inf
93,103,inf,inf,inf,133.76471881628578,inf
93,104,inf,inf,inf,245.52392958732148,inf
93,105,inf,inf,inf,865.2381175144793,inf
93,106,inf,inf,inf,580.7452109143906,inf
93,107,inf,inf,inf,361.8756692567214,inf
93,108,inf,inf,inf,147.7057886475679,inf
93,109,inf,inf,inf,610.0073770045736,inf
93,110,inf,inf,inf,707.2884842834641,inf
93,111,inf,inf,inf,1014.0019723846694,inf
93,112,inf,inf,inf,370.23911192633335,inf
93,113,inf,inf,inf,1028.2499696085579,inf
93,114,inf,inf,inf,933.6080548067267,inf
94,95,inf,inf,inf,675.7462541516601,inf
94,96,inf,inf,inf,1184.157506415426,inf
94,97,inf,inf,inf,848.5010312309585,inf
94,98,inf,inf,inf,599.497289401712,inf
94,99,inf,inf,inf,543.323108288245,inf
94,100,inf,inf,inf,1153.2497561239716,inf
94,101,inf,inf,inf,1311.1174623198335,inf
94,102,inf,inf,inf,159.928108848945,inf
94,103,inf,inf,inf,1301.9097510964423,inf
94,104,inf,inf,inf,1306.2932289497637,inf
94,105,inf,inf,inf,799.4604430489353,inf
94,106,inf,inf,inf,602.2565898352628,inf
94,107,inf,inf,inf,1031.842042175061,inf
94,108,inf,inf,inf,1311.0061021978502,inf
94,109,inf,inf,inf,680.2212875234059,inf
94,110,inf,inf,inf,575.0347815567333,inf
94,111,inf,inf,inf,159.9624956044385,inf
94,112,inf,inf,inf,814.0792344729105,inf
94,113,inf,inf,inf,187.85632808079689,inf
94,114,inf,inf,inf,1170.6220568569515,inf
95,96,inf,inf,inf,563.3684407206354,inf
95,97,inf,inf,inf,424.9341125398148,inf
95,98,inf,inf,inf,334.63114021262277,inf
95,99,inf,inf,inf,801.0,inf
95,100,inf,inf,inf,573.2887579571048,inf
95,101,inf,inf,inf,674.3367111465903,inf
95,102,inf,inf,inf,525.1761609212665,inf
95,103,inf,inf,inf,653.3681963487356,inf
95,104,inf,inf,inf,631.9533210609784,inf
95,105,inf,inf,inf,742.7260598632581,inf
95,106,inf,inf,inf,241.23018053303363,inf
95,107,inf,inf,inf,555.2305827311749,inf
95,108,inf,inf,inf,656.8043848818307,inf
95,109,inf,inf,inf,415.12407783697637,inf
95,110,inf,inf,inf,192.33304448274092,inf
95,111,inf,inf,inf,536.0195891942756,inf
95,112,inf,inf,inf,157.20050890502867,inf
95,113,inf,inf,inf,574.6555490030528,inf
95,114,inf,inf,inf,729.0356644225302,inf
96,97,inf,inf,inf,841.8580640464282,inf
96,98,inf,inf,inf,620.008064463681,inf
96,99,inf,inf,inf,1081.3903088154618,inf
96,100,inf,inf,inf,108.6830253535482,inf
96,101,inf,inf,inf,132.9135057095403,inf
96,102,inf,inf,inf,1053.3992595402751,inf
96,103,inf,inf,inf,591.731357965758,inf
96,104,inf,inf,inf,411.17514516322603,inf
96,105,inf,inf,inf,1250.0567987095626,inf
96,106,inf,inf,inf,784.882156759854,inf
96,107,inf,inf,inf,862.2557625206108,inf
96,108,inf,inf,inf,569.8350638562005,inf
96,109,inf,inf,inf,925.4620467636693,inf
96,110,inf,inf,inf,609.1633606841435,inf
96,111,inf,inf,inf,1069.0673505443892,inf
96,112,inf,inf,inf,519.0761023202667,inf
96,113,inf,inf,inf,1121.0713625813478,inf
96,114,inf,inf,inf,397.7247792129628,inf
97,98,inf,inf,inf,749.0026702222095,inf
97,99,inf,inf,inf,1160.469732479051,inf
97,100,inf,inf,inf,895.9670752879259,inf
97,101,inf,inf,inf,908.2075753923218,inf
97,102,inf,inf,inf,693.1846795768066,inf
97,103,inf,inf,inf,563.2237566012286,inf
97,104,inf,inf,inf,673.5131773024192,inf
97,105,inf,inf,inf,429.88021587414323,inf
97,106,inf,inf,inf,270.37936311782374,inf
97,107,inf,inf,inf,183.35757415498276,inf
97,108,inf,inf,inf,584.8221952012424,inf
97,109,inf,inf,inf,185.80904176062046,inf
97,110,inf,inf,inf,598.6192445954273,inf
97,111,inf,inf,inf,689.035557863308,inf
97,112,inf,inf,inf,346.41737831696605,inf
97,113,inf,inf,inf,676.0887515703837,inf
97,114,inf,inf,inf,1114.6882972382907,inf
98,99,inf,inf,inf,500.8922039720722,inf
98,100,inf,inf,inf,568.7758785321332,inf
98,101,inf,inf,inf,752.5769063690434,inf
98,102,inf,inf,inf,504.0079364454492,inf
98,103,inf,inf,inf,936.8308278446008,inf
98,104,inf,inf,inf,860.7607100698776,inf
98,105,inf,inf,inf,994.4184229990915,inf
98,106,inf,inf,inf,511.7831572062527,inf
98,107,inf,inf,inf,889.3508868832369,inf
98,108,inf,inf,inf,933.2834510479654,inf
98,109,inf,inf,inf,693.8775108043205,inf
98,110,inf,inf,inf,150.7647173578752,inf
98,111,inf,inf,inf,525.1637839760087,inf
98,112,inf,inf,inf,476.24573488903815,inf
98,113,inf,inf,inf,596.6313769824715,inf
98,114,inf,inf,inf,576.4902427621824,inf
99,100,inf,inf,inf,1005.5809266289809,inf
99,101,inf,inf,inf,1212.803776379345,inf
99,102,inf,inf,inf,588.952459881101,inf
99,103,inf,inf,inf,1434.8634081333316,inf
99,104,inf,inf,inf,1360.753467752333,inf
99,105,inf,inf,inf,1269.1260772673454,inf
99,106,inf,inf,inf,891.7763172455299,inf
99,107,inf,inf,inf,1326.7682540670016,inf
99,108,inf,inf,inf,1432.5226001707617,inf
99,109,inf,inf,inf,1045.7939567620383,inf
99,110,inf,inf,inf,611.8177833309522,inf
99,111,inf,inf,inf,609.6064304122784,inf
99,112,inf,inf,inf,955.8980071116374,inf
99,113,inf,inf,inf,683.0592946443229,inf
99,114,inf,inf,inf,887.2992730753249,inf
100,101,inf,inf,inf,216.6702563805194,inf
100,102,inf,inf,inf,1031.876930646286,inf
100,103,inf,inf,inf,694.050430444359,inf
100,104,inf,inf,inf,518.251869268216,inf
100,105,inf,inf,inf,1289.8286707931406,inf
100,106,inf,inf,inf,807.1901882456203,inf
100,107,inf,inf,inf,934.4458250749478,inf
100,108,inf,inf,inf,673.3112207590187,inf
100,109,inf,inf,inf,960.9599367299346,inf
100,110,inf,inf,inf,583.6608604318093,inf
100,111,inf,inf,inf,1049.2192335255772,inf
100,112,inf,inf,inf,558.5158905528114,inf
100,113,inf,inf,inf,1106.906048407,inf
100,114,inf,inf,inf,290.2912330746487,inf
101,102,inf,inf,inf,1177.001274425818,inf
101,103,inf,inf,inf,570.087712549569,inf
101,104,inf,inf,inf,372.3130403303113,inf
101,105,inf,inf,inf,1328.2921365422592,inf
101,106,inf,inf,inf,883.6028519646143,inf
101,107,inf,inf,inf,903.2768124999113,inf
101,108,inf,inf,inf,544.1415257081562,inf
101,109,inf,inf,inf,1010.8461801876683,inf
101,110,inf,inf,inf,736.3545341749449,inf
101,111,inf,inf,inf,1191.8846420690218,inf
101,112,inf,inf,inf,608.4225505353988,inf
101,113,inf,inf,inf,1241.014504347149,inf
101,114,inf,inf,inf,477.87550680067295,inf
102,103,inf,inf,inf,1142.9313190214011,inf
102,104,inf,inf,inf,1152.312891535975,inf
102,105,inf,inf,inf,690.046375253142,inf
102,106,inf,inf,inf,442.7301661283089,inf
102,107,inf,inf,inf,876.240263854612,inf
102,108,inf,inf,inf,1152.472993175979,inf
102,109,inf,inf,inf,530.8577964012585,inf
102,110,inf,inf,inf,448.21646556100546,inf
102,111,inf,inf,inf,23.345235059857504,inf
102,112,inf,inf,inf,658.1322055635934,inf
102,113,inf,inf,inf,102.82509421342633,inf
102,114,inf,inf,inf,1080.252285348196,inf
103,104,inf,inf,inf,201.1889659002203,inf
103,105,inf,inf,inf,974.9666660968467,inf
103,106,inf,inf,inf,714.3346554661897,inf
103,107,inf,inf,inf,454.41060727056094,inf
103,108,inf,inf,inf,29.832867780352597,inf
103,109,inf,inf,inf,736.6206622135983,inf
103,110,inf,inf,inf,828.1895918206169,inf
103,111,inf,inf,inf,1147.5229845192644,inf
103,112,inf,inf,inf,498.25495481731036,inf
103,113,inf,inf,inf,1162.0055937903226,inf
103,114,inf,inf,inf,982.377218791234,inf
104,105,inf,inf,inf,1101.7390798188108,inf
104,106,inf,inf,inf,757.7631556099834,inf
104,107,inf,inf,inf,607.3483349775481,inf
104,108,inf,inf,inf,173.5194513592064,inf
104,109,inf,inf,inf,824.6605362208137,inf
104,110,inf,inf,inf,778.237110397596,inf
104,111,inf,inf,inf,1160.8143693114762,inf
104,112,inf,inf,inf,495.57340525899895,inf
104,113,inf,inf,inf,1188.4729698230415,inf
104,114,inf,inf,inf,808.4862398334309,inf
105,106,inf,inf,inf,503.60500394654537,inf
105,107,inf,inf,inf,527.2428283058955,inf
105,108,inf,inf,inf,999.5248871338822,inf
105,109,inf,inf,inf,330.2877533303347,inf
105,110,inf,inf,inf,854.2564017904695,inf
105,111,inf,inf,inf,673.0475466116789,inf
105,112,inf,inf,inf,732.5257674648722,inf
105,113,inf,inf,inf,614.837376872942,inf
105,114,inf,inf,inf,1471.674216666175,inf
106,107,inf,inf,inf,446.31939236380936,inf
106,108,inf,inf,inf,727.439344550458,inf
106,109,inf,inf,inf,183.412104289766,inf
106,110,inf,inf,inf,363.29602254910526,inf
106,111,inf,inf,inf,443.08577047790646,inf
106,112,inf,inf,inf,279.6140196771256,inf
106,113,inf,inf,inf,448.81733478108885,inf
106,114,inf,inf,inf,969.5798058953167,inf
107,108,inf,inf,inf,480.98336769580715,inf
107,109,inf,inf,inf,362.72992708074145,inf
107,110,inf,inf,inf,742.4991582486812,inf
107,111,inf,inf,inf,872.3221881850765,inf
107,112,inf,inf,inf,436.033255612459,inf
107,113,inf,inf,inf,858.9412086982438,inf
107,114,inf,inf,inf,1182.5134248709398,inf
108,109,inf,inf,inf,755.9100475585703,inf
108,110,inf,inf,inf,828.2415106718571,inf
108,111,inf,inf,inf,1157.623859463859,inf
108,112,inf,inf,inf,503.2136723102821,inf
108,113,inf,inf,inf,1173.9697611097145,inf
108,114,inf,inf,inf,962.4370109259099,inf
109,110,inf,inf,inf,546.3259100573576,inf
109,111,inf,inf,inf,523.4357649224975,inf
109,112,inf,inf,inf,406.3889762284405,inf
109,113,inf,inf,inf,500.88821108107544,inf
109,114,inf,inf,inf,1142.902008047934,inf
110,111,inf,inf,inf,465.691958272848,inf
110,112,inf,inf,inf,344.3835071544513,inf
110,113,inf,inf,inf,525.8488375949879,inf
110,114,inf,inf,inf,659.7855712275011,inf
111,112,inf,inf,inf,665.8595948095965,inf
111,113,inf,inf,inf,79.51100552753688,inf
111,114,inf,inf,inf,1101.1266957076284,inf
112,113,inf,inf,inf,693.1789090848048,inf
112,114,inf,inf,inf,768.3078809956331,inf
113,114,inf,inf,inf,1170.860367422179,inf
